scene,scene_id,model,image
Taj_Mahal,113197,0,"commons/Water_reflections_at_the_Taj_Mahal/0/pictures/Taj_Mahal,_Agra,_Uttar_Pradesh_s-25.jpg"
Taj_Mahal,113197,0,"commons/Water_reflections_at_the_Taj_Mahal/0/pictures/Taj_Mahal,_Agra_19.jpg"
Taj_Mahal,113197,0,commons/Water_reflections_at_the_Taj_Mahal/0/pictures/Taj_Mahal_Front.JPG
Taj_Mahal,113197,0,commons/Water_reflections_at_the_Taj_Mahal/0/pictures/Taj_Mahal_-_panoramio.jpg
Taj_Mahal,113197,0,commons/Water_reflections_at_the_Taj_Mahal/0/pictures/Taj_Mahal_-_panoramio_-_Gabriele_Giuseppini_(2).jpg
Taj_Mahal,113197,0,commons/Water_reflections_at_the_Taj_Mahal/0/pictures/Taj_Mahal_-_Building_-_from_the_water.jpg
Taj_Mahal,113197,0,commons/Water_reflections_at_the_Taj_Mahal/0/pictures/India-6085_-_Flickr_-_archer10_(Dennis).jpg
Taj_Mahal,113197,0,commons/Water_reflections_at_the_Taj_Mahal/0/pictures/El_Taj_Mahal-Agra_India0030.JPG
Taj_Mahal,113197,0,commons/Water_reflections_at_the_Taj_Mahal/0/pictures/El_Taj_Mahal-Agra_India0009.JPG
Taj_Mahal,113197,0,commons/Water_reflections_at_the_Taj_Mahal/0/pictures/El_Taj_Mahal-Agra_India0007.JPG
Taj_Mahal,113197,0,commons/Water_reflections_at_the_Taj_Mahal/0/pictures/BAHO_TAJ_TAJMAHAL_AGRA.jpg
Taj_Mahal,113197,0,commons/Water_reflections_at_the_Taj_Mahal/0/pictures/Dawn_Taj_Mahal.jpg
Taj_Mahal,113197,0,commons/Water_reflections_at_the_Taj_Mahal/0/pictures/Agra-Taj_Mahal-60-Suedseite-2018-gje.jpg
Taj_Mahal,113197,0,commons/Water_reflections_at_the_Taj_Mahal/0/pictures/Agra-Taj_Mahal-52-Suedseite-2018-gje.jpg
Taj_Mahal,113197,0,commons/Water_reflections_at_the_Taj_Mahal/0/pictures/3060098369_e4b7417fda_b_–_Kopio.jpg
Taj_Mahal,113197,0,commons/Water_reflections_at_the_Taj_Mahal/0/pictures/1_(1_of_1)-10.jpg
Taj_Mahal,113197,0,commons/Views_of_the_Taj_Mahal_Mausoleum_from_the_Mosque/0/pictures/Taj-_Golden_view_of_Elegant_Tomb.jpg
Taj_Mahal,113197,0,commons/Views_of_the_Taj_Mahal_Mausoleum_from_the_Mosque/0/pictures/Taj_Mahal_view_4.jpg
Taj_Mahal,113197,0,commons/Views_of_the_Taj_Mahal_Mausoleum_from_the_Mosque/0/pictures/Taj_Mahal_view_31.jpg
Taj_Mahal,113197,0,commons/Views_of_the_Taj_Mahal_Mausoleum_from_the_Mosque/0/pictures/Taj_Mahal_view_28.jpg
Taj_Mahal,113197,0,commons/Views_of_the_Taj_Mahal_Mausoleum_from_the_Mosque/0/pictures/Taj_Mahal_view_24.jpg
Taj_Mahal,113197,0,commons/Views_of_the_Taj_Mahal_Mausoleum_from_the_Mosque/0/pictures/Taj_Mahal_view_23.jpg
Taj_Mahal,113197,0,commons/Views_of_the_Taj_Mahal_Mausoleum_from_the_Mosque/0/pictures/Taj_Mahal_view_22.jpg
Taj_Mahal,113197,0,commons/Views_of_the_Taj_Mahal_Mausoleum_from_the_Mosque/0/pictures/Taj_Mahal_view_20.jpg
Taj_Mahal,113197,0,commons/Views_of_the_Taj_Mahal_Mausoleum_from_the_Mosque/0/pictures/Taj_Mahal_view_2.jpg
Taj_Mahal,113197,0,commons/Views_of_the_Taj_Mahal_Mausoleum_from_the_Mosque/0/pictures/Taj_Mahal_view_19.jpg
Taj_Mahal,113197,0,commons/Views_of_the_Taj_Mahal_Mausoleum_from_the_Mosque/0/pictures/Taj_Mahal_view_12.jpg
Taj_Mahal,113197,0,commons/Views_of_the_Taj_Mahal_Mausoleum_from_the_Mosque/0/pictures/Taj_Mahal_view_17.jpg
Taj_Mahal,113197,0,commons/Views_of_the_Taj_Mahal_Mausoleum_from_the_Mosque/0/pictures/Taj_Mahal_view_14.jpg
Taj_Mahal,113197,0,commons/Views_of_the_Taj_Mahal_Mausoleum_from_the_Mosque/0/pictures/Taj_Mahal_frame.jpg
Taj_Mahal,113197,0,"commons/Views_of_the_Taj_Mahal_Mausoleum_from_the_Mosque/0/pictures/Taj_Mahal_at_sunrise,_Agra.jpg"
Taj_Mahal,113197,0,commons/Views_of_the_Taj_Mahal_Mausoleum_from_the_Mosque/0/pictures/Taj_Mahal_view_10.jpg
Taj_Mahal,113197,0,"commons/Views_of_the_Taj_Mahal_Mausoleum_from_the_Mosque/0/pictures/Taj_Mahal_through_the_early_morning_mist,_Agra.jpg"
Taj_Mahal,113197,0,commons/Views_of_the_Taj_Mahal_Mausoleum_from_the_Mosque/0/pictures/Eternal_Beauty.JPG
Taj_Mahal,113197,0,commons/Views_of_the_Taj_Mahal_Mausoleum_from_the_Jawab/0/pictures/താജ്_മഹൽ2013.jpeg
Taj_Mahal,113197,0,commons/Views_of_the_Taj_Mahal_Mausoleum_from_the_Jawab/0/pictures/The_Tajmahal.JPG
Taj_Mahal,113197,0,commons/Views_of_the_Taj_Mahal_Mausoleum_from_the_Jawab/0/pictures/TajMahal5.JPG
Taj_Mahal,113197,0,commons/Views_of_the_Taj_Mahal_Mausoleum_from_the_Jawab/0/pictures/Taj_dwar_e_khas.JPG
Taj_Mahal,113197,0,commons/Views_of_the_Taj_Mahal_Mausoleum_from_the_Jawab/0/pictures/Taj_Mahal_view_6.jpg
Taj_Mahal,113197,0,commons/Views_of_the_Taj_Mahal_Mausoleum_from_the_Jawab/0/pictures/Taj_Mahal_view_32.jpg
Taj_Mahal,113197,0,commons/Views_of_the_Taj_Mahal_Mausoleum_from_the_Jawab/0/pictures/Taj_Mahal_view_31.jpg
Taj_Mahal,113197,0,commons/Views_of_the_Taj_Mahal_Mausoleum_from_the_Jawab/0/pictures/Taj_Mahal_view_30.jpg
Taj_Mahal,113197,0,commons/Views_of_the_Taj_Mahal_Mausoleum_from_the_Jawab/0/pictures/Taj_Mahal_view_29.jpg
Taj_Mahal,113197,0,commons/Views_of_the_Taj_Mahal_Mausoleum_from_the_Jawab/0/pictures/Taj_Mahal_view_28.jpg
Taj_Mahal,113197,0,commons/Views_of_the_Taj_Mahal_Mausoleum_from_the_Jawab/0/pictures/Taj_Mahal_view_24.jpg
Taj_Mahal,113197,0,commons/Views_of_the_Taj_Mahal_Mausoleum_from_the_Jawab/0/pictures/Taj_Mahal_view_23.jpg
Taj_Mahal,113197,0,commons/Views_of_the_Taj_Mahal_Mausoleum_from_the_Jawab/0/pictures/Taj_Mahal_view_22.jpg
Taj_Mahal,113197,0,commons/Views_of_the_Taj_Mahal_Mausoleum_from_the_Jawab/0/pictures/Taj_Mahal_view_21.jpg
Taj_Mahal,113197,0,commons/Views_of_the_Taj_Mahal_Mausoleum_from_the_Jawab/0/pictures/Taj_Mahal_view_20.jpg
Taj_Mahal,113197,0,commons/Views_of_the_Taj_Mahal_Mausoleum_from_the_Jawab/0/pictures/Taj_Mahal_view_2.jpg
Taj_Mahal,113197,0,commons/Views_of_the_Taj_Mahal_Mausoleum_from_the_Jawab/0/pictures/Taj_Mahal_view_19.jpg
Taj_Mahal,113197,0,commons/Views_of_the_Taj_Mahal_Mausoleum_from_the_Jawab/0/pictures/Taj_Mahal_view_17.jpg
Taj_Mahal,113197,0,commons/Views_of_the_Taj_Mahal_Mausoleum_from_the_Jawab/0/pictures/Taj_Mahal_view_15.jpg
Taj_Mahal,113197,0,commons/Views_of_the_Taj_Mahal_Mausoleum_from_the_Jawab/0/pictures/Taj_Mahal_view_14.jpg
Taj_Mahal,113197,0,commons/Views_of_the_Taj_Mahal_Mausoleum_from_the_Jawab/0/pictures/Taj_Mahal_view_12.jpg
Taj_Mahal,113197,0,commons/Views_of_the_Taj_Mahal_Mausoleum_from_the_Jawab/0/pictures/Taj_Mahal_view_13.jpg
Taj_Mahal,113197,0,commons/Views_of_the_Taj_Mahal_Mausoleum_from_the_Jawab/0/pictures/Taj_Mahal_view_11.jpg
Taj_Mahal,113197,0,commons/Views_of_the_Taj_Mahal_Mausoleum_from_the_Jawab/0/pictures/Taj_Mahal_seen_from_the_east_side.jpg
Taj_Mahal,113197,0,commons/Views_of_the_Taj_Mahal_Mausoleum_from_the_Jawab/0/pictures/Taj_Mahal_view_10.jpg
Taj_Mahal,113197,0,commons/Views_of_the_Taj_Mahal_Mausoleum_from_the_Jawab/0/pictures/TAj.JPG
Taj_Mahal,113197,0,"commons/Views_of_the_Taj_Mahal_Mausoleum_from_the_Jawab/0/pictures/TAJ_MAHAL,_the_edifice_of_love.jpg"
Taj_Mahal,113197,0,commons/Views_of_the_Taj_Mahal_Mausoleum_from_the_Jawab/0/pictures/Mahalagraintia.JPG
Taj_Mahal,113197,0,commons/Views_of_the_Taj_Mahal_Mausoleum_from_the_Jawab/0/pictures/El_Taj_Mahal-Agra_India0023.JPG
Taj_Mahal,113197,0,commons/Views_of_the_Taj_Mahal_Mausoleum_from_the_Jawab/0/pictures/Divine_Path.jpg
Taj_Mahal,113197,0,commons/Views_of_the_Taj_Mahal_Mausoleum_from_the_Jawab/0/pictures/Almost_a_dream_(427949386).jpg
Taj_Mahal,113197,0,commons/Views_of_the_Taj_Mahal_Mausoleum_from_the_Jawab/0/pictures/Amazing_Taj_Mahal.JPG
Taj_Mahal,113197,0,commons/Taj_Mahal_reflections/0/pictures/Mesmerising_beauty_-_Wah_Taj!.jpg
Taj_Mahal,113197,0,commons/Taj_Mahal_minarets/0/pictures/泰姬瑪哈陵371.jpg
Taj_Mahal,113197,0,commons/Taj_Mahal_minarets/0/pictures/泰姬瑪哈陵366.jpg
Taj_Mahal,113197,0,commons/Taj_Mahal_minarets/0/pictures/Vertical_Panorama_of_Taj_Mahal_-_Agra_-_Uttar_Pradesh_-_India_-_03_(12650645504).jpg
Taj_Mahal,113197,0,commons/Taj_Mahal_minarets/0/pictures/Tomb2.JPG
Taj_Mahal,113197,0,commons/Taj_Mahal_minarets/0/pictures/Tomb1.JPG
Taj_Mahal,113197,0,commons/Taj_Mahal_minarets/0/pictures/The_south_western_minarette_01.JPG
Taj_Mahal,113197,0,commons/Taj_Mahal_minarets/0/pictures/The_side_view_of_Taj_Mahal.JPG
Taj_Mahal,113197,0,commons/Taj_Mahal_minarets/0/pictures/The_pillar_of_Taj.JPG
Taj_Mahal,113197,0,commons/Taj_Mahal_minarets/0/pictures/The_red_building_at_Taj_Mahal.jpg
Taj_Mahal,113197,0,commons/Taj_Mahal_minarets/0/pictures/The_north-eastern_minarette.JPG
Taj_Mahal,113197,0,commons/Taj_Mahal_minarets/0/pictures/The_pillar_Taj.jpg
Taj_Mahal,113197,0,commons/Taj_Mahal_minarets/0/pictures/The_north-eastern_minarette_02.JPG
Taj_Mahal,113197,0,commons/Taj_Mahal_minarets/0/pictures/The_mighty_Minaret_of_the_Taj_!.jpg
Taj_Mahal,113197,0,commons/Taj_Mahal_minarets/0/pictures/The_grandness_of_Taj.JPG
Taj_Mahal,113197,0,commons/Taj_Mahal_minarets/0/pictures/The_Taj_with_its_minaret.JPG
Taj_Mahal,113197,0,commons/Taj_Mahal_minarets/0/pictures/The_Taj_Mahal_ag04.jpg
Taj_Mahal,113197,0,commons/Taj_Mahal_minarets/0/pictures/Tajuuuu.jpg
Taj_Mahal,113197,0,commons/Taj_Mahal_minarets/0/pictures/Tajminar_UP.JPG
Taj_Mahal,113197,0,commons/Taj_Mahal_minarets/0/pictures/Tajmahal_tower_-_single_view.jpg
Taj_Mahal,113197,0,commons/Taj_Mahal_minarets/0/pictures/Tajmahal_t003.jpg
Taj_Mahal,113197,0,commons/Taj_Mahal_minarets/0/pictures/Tajmahal_side_view_Mausoleum_in_Agra.jpg
Taj_Mahal,113197,0,commons/Taj_Mahal_minarets/0/pictures/Tajmahal_minaret_Mausoleum_in_Agra_3.jpg
Taj_Mahal,113197,0,commons/Taj_Mahal_minarets/0/pictures/Tajmahal_minaret_Mausoleum_in_Agra_1.jpg
Taj_Mahal,113197,0,commons/Taj_Mahal_minarets/0/pictures/Taji1_-_panoramio.jpg
Taj_Mahal,113197,0,commons/Taj_Mahal_minarets/0/pictures/Taj6.jpg
Taj_Mahal,113197,0,commons/Taj_Mahal_minarets/0/pictures/Taj5.jpg
Taj_Mahal,113197,0,commons/Taj_Mahal_minarets/0/pictures/Taj40.JPG
Taj_Mahal,113197,0,commons/Taj_Mahal_minarets/0/pictures/Taj32.JPG
Taj_Mahal,113197,0,commons/Taj_Mahal_minarets/0/pictures/Taj27.JPG
Taj_Mahal,113197,0,commons/Taj_Mahal_minarets/0/pictures/Taj13.JPG
Taj_Mahal,113197,0,commons/Taj_Mahal_minarets/0/pictures/Taj10.jpg
Taj_Mahal,113197,0,commons/Taj_Mahal_minarets/0/pictures/Taj_repair_works.jpg
Taj_Mahal,113197,0,commons/Taj_Mahal_minarets/0/pictures/Taj_minarets.jpg
Taj_Mahal,113197,0,commons/Taj_Mahal_minarets/0/pictures/Taj_minar.jpg
Taj_Mahal,113197,0,commons/Taj_Mahal_minarets/0/pictures/Taj_mahal_evening_view.jpg
Taj_Mahal,113197,0,commons/Taj_Mahal_minarets/0/pictures/Taj_and_the_right_minarets.jpg
Taj_Mahal,113197,0,commons/Taj_Mahal_minarets/0/pictures/Taj_and_Nature.......Taj_Mahal.jpg
Taj_Mahal,113197,0,commons/Taj_Mahal_minarets/0/pictures/Taj_Minar_Left_gate.jpg
Taj_Mahal,113197,0,commons/Taj_Mahal_minarets/0/pictures/Taj_Mahal-2.jpg
Taj_Mahal,113197,0,commons/Taj_Mahal_minarets/0/pictures/Taj_Mahal2.ae.jpg
Taj_Mahal,113197,0,"commons/Taj_Mahal_minarets/0/pictures/Taj_Mahal,_Minaret_2,_Agra,_India.jpg"
Taj_Mahal,113197,0,"commons/Taj_Mahal_minarets/0/pictures/Taj_Mahal,_Agra,_Uttar_Pradesh_vi-57.jpg"
Taj_Mahal,113197,0,"commons/Taj_Mahal_minarets/0/pictures/Taj_Mahal,_Agra,_Uttar_Pradesh_vi-56.jpg"
Taj_Mahal,113197,0,"commons/Taj_Mahal_minarets/0/pictures/Taj_Mahal,_Agra,_Uttar_Pradesh_vi-54.jpg"
Taj_Mahal,113197,0,"commons/Taj_Mahal_minarets/0/pictures/Taj_Mahal,_Agra,_Uttar_Pradesh_vi-52.jpg"
Taj_Mahal,113197,0,"commons/Taj_Mahal_minarets/0/pictures/Taj_Mahal,_Agra,_Uttar_Pradesh_vi-50.jpg"
Taj_Mahal,113197,0,"commons/Taj_Mahal_minarets/0/pictures/Taj_Mahal,_Agra,_Uttar_Pradesh_vi-49.jpg"
Taj_Mahal,113197,0,"commons/Taj_Mahal_minarets/0/pictures/Taj_Mahal,_Agra,_Uttar_Pradesh_vi-48.jpg"
Taj_Mahal,113197,0,"commons/Taj_Mahal_minarets/0/pictures/Taj_Mahal,_Agra,_Uttar_Pradesh_vi-45.jpg"
Taj_Mahal,113197,0,"commons/Taj_Mahal_minarets/0/pictures/Taj_Mahal,_Agra,_Uttar_Pradesh_vi-42.jpg"
Taj_Mahal,113197,0,"commons/Taj_Mahal_minarets/0/pictures/Taj_Mahal,_Agra,_Uttar_Pradesh_vi-40.jpg"
Taj_Mahal,113197,0,"commons/Taj_Mahal_minarets/0/pictures/Taj_Mahal,_Agra,_Uttar_Pradesh_vi-38.jpg"
Taj_Mahal,113197,0,"commons/Taj_Mahal_minarets/0/pictures/Taj_Mahal,_Agra,_Uttar_Pradesh_te-109.jpg"
Taj_Mahal,113197,0,"commons/Taj_Mahal_minarets/0/pictures/Taj_Mahal,_Agra,_Uttar_Pradesh_te-108.jpg"
Taj_Mahal,113197,0,"commons/Taj_Mahal_minarets/0/pictures/Taj_Mahal,_Agra,_Uttar_Pradesh_te-107.jpg"
Taj_Mahal,113197,0,"commons/Taj_Mahal_minarets/0/pictures/Taj_Mahal,_Agra,_Uttar_Pradesh_s-89.jpg"
Taj_Mahal,113197,0,"commons/Taj_Mahal_minarets/0/pictures/Taj_Mahal,_Agra,_Uttar_Pradesh_s-85.jpg"
Taj_Mahal,113197,0,"commons/Taj_Mahal_minarets/0/pictures/Taj_Mahal,_Agra,_Uttar_Pradesh_s-80.jpg"
Taj_Mahal,113197,0,"commons/Taj_Mahal_minarets/0/pictures/Taj_Mahal,_Agra,_Uttar_Pradesh_s-78.jpg"
Taj_Mahal,113197,0,"commons/Taj_Mahal_minarets/0/pictures/Taj_Mahal,_Agra,_Uttar_Pradesh_s-71.jpg"
Taj_Mahal,113197,0,"commons/Taj_Mahal_minarets/0/pictures/Taj_Mahal,_Agra,_Uttar_Pradesh_s-57.jpg"
Taj_Mahal,113197,0,"commons/Taj_Mahal_minarets/0/pictures/Taj_Mahal,_Agra,_Uttar_Pradesh_s-56.jpg"
Taj_Mahal,113197,0,"commons/Taj_Mahal_minarets/0/pictures/Taj_Mahal,_Agra,_Uttar_Pradesh_s-54.jpg"
Taj_Mahal,113197,0,"commons/Taj_Mahal_minarets/0/pictures/Taj_Mahal,_Agra,_Uttar_Pradesh_s-52.jpg"
Taj_Mahal,113197,0,"commons/Taj_Mahal_minarets/0/pictures/Taj_Mahal,_Agra,_Uttar_Pradesh_s-50.jpg"
Taj_Mahal,113197,0,"commons/Taj_Mahal_minarets/0/pictures/Taj_Mahal,_Agra,_Uttar_Pradesh_s-49.jpg"
Taj_Mahal,113197,0,"commons/Taj_Mahal_minarets/0/pictures/Taj_Mahal,_Agra,_Uttar_Pradesh_s-48.jpg"
Taj_Mahal,113197,0,"commons/Taj_Mahal_minarets/0/pictures/Taj_Mahal,_Agra,_Uttar_Pradesh_s-42.jpg"
Taj_Mahal,113197,0,"commons/Taj_Mahal_minarets/0/pictures/Taj_Mahal,_Agra,_Uttar_Pradesh_s-40.jpg"
Taj_Mahal,113197,0,"commons/Taj_Mahal_minarets/0/pictures/Taj_Mahal,_Agra,_Uttar_Pradesh_s-38.jpg"
Taj_Mahal,113197,0,"commons/Taj_Mahal_minarets/0/pictures/Taj_Mahal,_Agra,_Uttar_Pradesh_hs-89.jpg"
Taj_Mahal,113197,0,"commons/Taj_Mahal_minarets/0/pictures/Taj_Mahal,_Agra,_Uttar_Pradesh_hs-85.jpg"
Taj_Mahal,113197,0,"commons/Taj_Mahal_minarets/0/pictures/Taj_Mahal,_Agra,_Uttar_Pradesh_hs-80.jpg"
Taj_Mahal,113197,0,"commons/Taj_Mahal_minarets/0/pictures/Taj_Mahal,_Agra,_Uttar_Pradesh_hs-78.jpg"
Taj_Mahal,113197,0,"commons/Taj_Mahal_minarets/0/pictures/Taj_Mahal,_Agra,_Uttar_Pradesh_hs-71.jpg"
Taj_Mahal,113197,0,"commons/Taj_Mahal_minarets/0/pictures/Taj_Mahal,_Agra,_Uttar_Pradesh_hs-57.jpg"
Taj_Mahal,113197,0,"commons/Taj_Mahal_minarets/0/pictures/Taj_Mahal,_Agra,_Uttar_Pradesh_hs-56.jpg"
Taj_Mahal,113197,0,"commons/Taj_Mahal_minarets/0/pictures/Taj_Mahal,_Agra,_Uttar_Pradesh_hs-54.jpg"
Taj_Mahal,113197,0,"commons/Taj_Mahal_minarets/0/pictures/Taj_Mahal,_Agra,_Uttar_Pradesh_hs-52.jpg"
Taj_Mahal,113197,0,"commons/Taj_Mahal_minarets/0/pictures/Taj_Mahal,_Agra,_Uttar_Pradesh_hs-50.jpg"
Taj_Mahal,113197,0,"commons/Taj_Mahal_minarets/0/pictures/Taj_Mahal,_Agra,_Uttar_Pradesh_hs-49.jpg"
Taj_Mahal,113197,0,"commons/Taj_Mahal_minarets/0/pictures/Taj_Mahal,_Agra,_Uttar_Pradesh_hs-48.jpg"
Taj_Mahal,113197,0,"commons/Taj_Mahal_minarets/0/pictures/Taj_Mahal,_Agra,_Uttar_Pradesh_hs-45.jpg"
Taj_Mahal,113197,0,"commons/Taj_Mahal_minarets/0/pictures/Taj_Mahal,_Agra,_Uttar_Pradesh_hs-42.jpg"
Taj_Mahal,113197,0,"commons/Taj_Mahal_minarets/0/pictures/Taj_Mahal,_Agra,_Uttar_Pradesh_hs-40.jpg"
Taj_Mahal,113197,0,"commons/Taj_Mahal_minarets/0/pictures/Taj_Mahal,_Agra,_Uttar_Pradesh_hs-38.jpg"
Taj_Mahal,113197,0,"commons/Taj_Mahal_minarets/0/pictures/Taj_Mahal,_Agra,_Uttar_Pradesh_hs-109.jpg"
Taj_Mahal,113197,0,"commons/Taj_Mahal_minarets/0/pictures/Taj_Mahal,_Agra,_Uttar_Pradesh_hs-108.jpg"
Taj_Mahal,113197,0,"commons/Taj_Mahal_minarets/0/pictures/Taj_Mahal,_Agra,_Uttar_Pradesh_hs-107.jpg"
Taj_Mahal,113197,0,"commons/Taj_Mahal_minarets/0/pictures/Taj_Mahal,_Agra,_India_(21190631445).jpg"
Taj_Mahal,113197,0,"commons/Taj_Mahal_minarets/0/pictures/Taj_Mahal,_Agra_views_from_around_(94).JPG"
Taj_Mahal,113197,0,"commons/Taj_Mahal_minarets/0/pictures/Taj_Mahal,_Agra_views_from_around_(92).JPG"
Taj_Mahal,113197,0,"commons/Taj_Mahal_minarets/0/pictures/Taj_Mahal,_Agra_views_from_around_(91).JPG"
Taj_Mahal,113197,0,"commons/Taj_Mahal_minarets/0/pictures/Taj_Mahal,_Agra_views_from_around_(90).JPG"
Taj_Mahal,113197,0,"commons/Taj_Mahal_minarets/0/pictures/Taj_Mahal,_Agra_views_from_around_(89).JPG"
Taj_Mahal,113197,0,"commons/Taj_Mahal_minarets/0/pictures/Taj_Mahal,_Agra_views_from_around_(87).JPG"
Taj_Mahal,113197,0,"commons/Taj_Mahal_minarets/0/pictures/Taj_Mahal,_Agra_views_from_around_(86).JPG"
Taj_Mahal,113197,0,"commons/Taj_Mahal_minarets/0/pictures/Taj_Mahal,_Agra_views_from_around_(83).JPG"
Taj_Mahal,113197,0,"commons/Taj_Mahal_minarets/0/pictures/Taj_Mahal,_Agra_views_from_around_(78).JPG"
Taj_Mahal,113197,0,"commons/Taj_Mahal_minarets/0/pictures/Taj_Mahal,_Agra_views_from_around_(75).JPG"
Taj_Mahal,113197,0,"commons/Taj_Mahal_minarets/0/pictures/Taj_Mahal,_Agra_views_from_around_(70).JPG"
Taj_Mahal,113197,0,"commons/Taj_Mahal_minarets/0/pictures/Taj_Mahal,_Agra_views_from_around_(69).JPG"
Taj_Mahal,113197,0,"commons/Taj_Mahal_minarets/0/pictures/Taj_Mahal,_Agra_views_from_around_(54).JPG"
Taj_Mahal,113197,0,"commons/Taj_Mahal_minarets/0/pictures/Taj_Mahal,_Agra_views_from_around_(50).JPG"
Taj_Mahal,113197,0,"commons/Taj_Mahal_minarets/0/pictures/Taj_Mahal,_Agra_views_from_around_(49).JPG"
Taj_Mahal,113197,0,"commons/Taj_Mahal_minarets/0/pictures/Taj_Mahal,_Agra_views_from_around_(47).JPG"
Taj_Mahal,113197,0,"commons/Taj_Mahal_minarets/0/pictures/Taj_Mahal,_Agra_views_from_around_(22).JPG"
Taj_Mahal,113197,0,"commons/Taj_Mahal_minarets/0/pictures/Taj_Mahal,_Agra_views_from_around_(20).JPG"
Taj_Mahal,113197,0,"commons/Taj_Mahal_minarets/0/pictures/Taj_Mahal,_Agra_99.jpg"
Taj_Mahal,113197,0,"commons/Taj_Mahal_minarets/0/pictures/Taj_Mahal,_Agra_81.jpg"
Taj_Mahal,113197,0,"commons/Taj_Mahal_minarets/0/pictures/Taj_Mahal,_Agra_77.jpg"
Taj_Mahal,113197,0,"commons/Taj_Mahal_minarets/0/pictures/Taj_Mahal,_Agra_72.jpg"
Taj_Mahal,113197,0,"commons/Taj_Mahal_minarets/0/pictures/Taj_Mahal,_Agra_70.jpg"
Taj_Mahal,113197,0,"commons/Taj_Mahal_minarets/0/pictures/Taj_Mahal,_Agra_63.jpg"
Taj_Mahal,113197,0,"commons/Taj_Mahal_minarets/0/pictures/Taj_Mahal,_Agra_50.jpg"
Taj_Mahal,113197,0,"commons/Taj_Mahal_minarets/0/pictures/Taj_Mahal,_Agra_49.jpg"
Taj_Mahal,113197,0,"commons/Taj_Mahal_minarets/0/pictures/Taj_Mahal,_Agra_47.jpg"
Taj_Mahal,113197,0,"commons/Taj_Mahal_minarets/0/pictures/Taj_Mahal,_Agra_45.jpg"
Taj_Mahal,113197,0,"commons/Taj_Mahal_minarets/0/pictures/Taj_Mahal,_Agra_43.jpg"
Taj_Mahal,113197,0,"commons/Taj_Mahal_minarets/0/pictures/Taj_Mahal,_Agra_42.jpg"
Taj_Mahal,113197,0,"commons/Taj_Mahal_minarets/0/pictures/Taj_Mahal,_Agra_41.jpg"
Taj_Mahal,113197,0,"commons/Taj_Mahal_minarets/0/pictures/Taj_Mahal,_Agra_35.jpg"
Taj_Mahal,113197,0,"commons/Taj_Mahal_minarets/0/pictures/Taj_Mahal,_Agra_33.jpg"
Taj_Mahal,113197,0,"commons/Taj_Mahal_minarets/0/pictures/Taj_Mahal,_Agra_31.jpg"
Taj_Mahal,113197,0,"commons/Taj_Mahal_minarets/0/pictures/Taj_Mahal,_Agra_27.jpg"
Taj_Mahal,113197,0,"commons/Taj_Mahal_minarets/0/pictures/Taj_Mahal,_Agra_101.jpg"
Taj_Mahal,113197,0,"commons/Taj_Mahal_minarets/0/pictures/Taj_Mahal,_Agra_100.jpg"
Taj_Mahal,113197,0,"commons/Taj_Mahal_minarets/0/pictures/Taj_Mahal,_Agra_-_Visit_During_WCI_2016_(69).jpg"
Taj_Mahal,113197,0,"commons/Taj_Mahal_minarets/0/pictures/Taj_Mahal,_Agra_-_Visit_During_WCI_2016_(28).jpg"
Taj_Mahal,113197,0,"commons/Taj_Mahal_minarets/0/pictures/Taj_Mahal,_Agra_-_Visit_During_WCI_2016_(25).jpg"
Taj_Mahal,113197,0,"commons/Taj_Mahal_minarets/0/pictures/Taj_Mahal,_Agra_-_Visit_During_WCI_2016_(24).jpg"
Taj_Mahal,113197,0,"commons/Taj_Mahal_minarets/0/pictures/Taj_Mahal,_Agra_-_Visit_During_WCI_2016_(23).jpg"
Taj_Mahal,113197,0,commons/Taj_Mahal_minarets/0/pictures/Taj_Mahal_with_2_minars.jpg
Taj_Mahal,113197,0,commons/Taj_Mahal_minarets/0/pictures/Taj_Mahal_of_Agra_in_Uttar_Pradesh_16.jpg
Taj_Mahal,113197,0,commons/Taj_Mahal_minarets/0/pictures/Taj_Mahal_minaret-1.jpg
Taj_Mahal,113197,0,commons/Taj_Mahal_minarets/0/pictures/Taj_Mahal_minaret.JPG
Taj_Mahal,113197,0,commons/Taj_Mahal_minarets/0/pictures/Taj_Mahal_minaret_view.JPG
Taj_Mahal,113197,0,commons/Taj_Mahal_minarets/0/pictures/Taj_Mahal_in_blues.jpg
Taj_Mahal,113197,0,commons/Taj_Mahal_minarets/0/pictures/Taj_Mahal_complex1.jpg
Taj_Mahal,113197,0,commons/Taj_Mahal_minarets/0/pictures/Taj_Mahal_complex.jpg
Taj_Mahal,113197,0,commons/Taj_Mahal_minarets/0/pictures/Taj_Mahal_by_Avi.JPG
Taj_Mahal,113197,0,commons/Taj_Mahal_minarets/0/pictures/Taj_Mahal_and_the_setting_sun_behind..jpg
Taj_Mahal,113197,0,commons/Taj_Mahal_minarets/0/pictures/Taj_Mahal_Rear_Side.jpg
Taj_Mahal,113197,0,commons/Taj_Mahal_minarets/0/pictures/Taj_Mahal_Side_View.JPG
Taj_Mahal,113197,0,commons/Taj_Mahal_minarets/0/pictures/Taj_Mahal_Minaret.jpg
Taj_Mahal,113197,0,commons/Taj_Mahal_minarets/0/pictures/Taj_Mahal_Agra_DSC_0455.jpg
Taj_Mahal,113197,0,commons/Taj_Mahal_minarets/0/pictures/Taj_Mahal_Agra_DSC_0453.jpg
Taj_Mahal,113197,0,commons/Taj_Mahal_minarets/0/pictures/Taj_Mahal_Agra_DSC_0452.jpg
Taj_Mahal,113197,0,commons/Taj_Mahal_minarets/0/pictures/Taj_Mahal_9999.jpg
Taj_Mahal,113197,0,commons/Taj_Mahal_minarets/0/pictures/Taj_Mahal_9994.jpg
Taj_Mahal,113197,0,commons/Taj_Mahal_minarets/0/pictures/Taj_Mahal_9909.jpg
Taj_Mahal,113197,0,commons/Taj_Mahal_minarets/0/pictures/Taj_Mahal_9.jpg
Taj_Mahal,113197,0,commons/Taj_Mahal_minarets/0/pictures/Taj_Mahal_20180908_111717.jpg
Taj_Mahal,113197,0,commons/Taj_Mahal_minarets/0/pictures/Taj_Mahal_2018-01-02zx.jpg
Taj_Mahal,113197,0,commons/Taj_Mahal_minarets/0/pictures/Taj_Mahal_2018-01-02zp.jpg
Taj_Mahal,113197,0,commons/Taj_Mahal_minarets/0/pictures/Taj_Mahal_2018-01-02zf.jpg
Taj_Mahal,113197,0,commons/Taj_Mahal_minarets/0/pictures/Taj_Mahal_2018-01-02zb.jpg
Taj_Mahal,113197,0,commons/Taj_Mahal_minarets/0/pictures/Taj_Mahal_2011_12.JPG
Taj_Mahal,113197,0,commons/Taj_Mahal_minarets/0/pictures/Taj_Mahal_2011_08.JPG
Taj_Mahal,113197,0,commons/Taj_Mahal_minarets/0/pictures/Taj_Mahal_17.jpg
Taj_Mahal,113197,0,commons/Taj_Mahal_minarets/0/pictures/Taj_Mahal_14.jpg
Taj_Mahal,113197,0,commons/Taj_Mahal_minarets/0/pictures/Taj_Mahal_-Agra_-Uttar_Pradesh-N-UP-A-28-j.jpg
Taj_Mahal,113197,0,commons/Taj_Mahal_minarets/0/pictures/Taj_Mahal_0008.jpg
Taj_Mahal,113197,0,commons/Taj_Mahal_minarets/0/pictures/Taj_Mahal_-Agra_-Uttar_Pradesh_-DSC_0004.jpg
Taj_Mahal,113197,0,commons/Taj_Mahal_minarets/0/pictures/Taj_Mahal_-Agra_-Uttar_Pradesh_-11.jpg
Taj_Mahal,113197,0,commons/Taj_Mahal_minarets/0/pictures/Taj_Mahal_-Agra_-Uttar_Pradesh_-10.jpg
Taj_Mahal,113197,0,commons/Taj_Mahal_minarets/0/pictures/Taj_Mahal_-_under_construction.jpg
Taj_Mahal,113197,0,commons/Taj_Mahal_minarets/0/pictures/Taj_Mahal_-_panoramio_-_Gabriele_Giuseppini_(3).jpg
Taj_Mahal,113197,0,commons/Taj_Mahal_minarets/0/pictures/Taj_Mahal_-_Shruti_Nair.jpg
Taj_Mahal,113197,0,commons/Taj_Mahal_minarets/0/pictures/Taj_Mahal_-_Sahelion-ka-Gumbaz_No.3.jpg
Taj_Mahal,113197,0,commons/Taj_Mahal_minarets/0/pictures/Taj_Mahal_-_Redefined.jpg
Taj_Mahal,113197,0,commons/Taj_Mahal_minarets/0/pictures/Taj_Mahal_-_Minarets-II_IMG_0140.JPG
Taj_Mahal,113197,0,commons/Taj_Mahal_minarets/0/pictures/Taj_Mahal_(1_of_1).jpg
Taj_Mahal,113197,0,commons/Taj_Mahal_minarets/0/pictures/Taj_Mahal_(1_of_1)-4.jpg
Taj_Mahal,113197,0,commons/Taj_Mahal_minarets/0/pictures/Taj_Mahal_(1_of_1)-3.jpg
Taj_Mahal,113197,0,commons/Taj_Mahal_minarets/0/pictures/Taj_Low_Pan.jpg
Taj_Mahal,113197,0,commons/Taj_Mahal_minarets/0/pictures/Taj_Copy.jpg
Taj_Mahal,113197,0,commons/Taj_Mahal_minarets/0/pictures/Taj_Agra.jpg
Taj_Mahal,113197,0,commons/Taj_Mahal_minarets/0/pictures/Taj_1-_Ultimate_Creation_-_Different_angle.JPG
Taj_Mahal,113197,0,commons/Taj_Mahal_minarets/0/pictures/Taj_-_Ultimate_Creation_-_Different_Angle.JPG
Taj_Mahal,113197,0,commons/Taj_Mahal_minarets/0/pictures/Taj_(1_of_1)-4.jpg
Taj_Mahal,113197,0,commons/South_side_of_the_Taj_Mahal_Tomb_with_the_pool/0/pictures/Taj_mahal_p23.jpg
Taj_Mahal,113197,0,"commons/West_side_of_the_Taj_Mahal/0/pictures/Taj_Mahal_Panorama,_panoramic_view.jpg"
Taj_Mahal,113197,0,commons/South_side_of_the_Taj_Mahal_Tomb_with_the_pool/0/pictures/Taj_mahal_p20.jpg
Taj_Mahal,113197,0,commons/West_side_of_the_Taj_Mahal/0/pictures/Taj_Mahal_(4188506423).jpg
Taj_Mahal,113197,0,commons/South_side_of_the_Taj_Mahal_Tomb_with_the_pool/0/pictures/Taj_mahal_lake_view_reflection.jpg
Taj_Mahal,113197,0,commons/West_side_of_the_Taj_Mahal/0/pictures/Taj_Mahal_(As_viewed_from_the_Masjid).JPG
Taj_Mahal,113197,0,commons/South_side_of_the_Taj_Mahal_Tomb_with_the_pool/0/pictures/Taj_mahal_frontal_view_2006.JPG
Taj_Mahal,113197,0,commons/West_side_of_the_Taj_Mahal/0/pictures/Taj_Mahal_(5).jpg
Taj_Mahal,113197,0,commons/South_side_of_the_Taj_Mahal_Tomb_with_the_pool/0/pictures/Taj_mahal_by_sanjay.jpg
Taj_Mahal,113197,0,commons/West_side_of_the_Taj_Mahal/0/pictures/Sacle_of_taj_mahal.JPG
Taj_Mahal,113197,0,commons/South_side_of_the_Taj_Mahal_Tomb_with_the_pool/0/pictures/Taj_mahal_from_entrance.jpg
Taj_Mahal,113197,0,commons/West_side_of_the_Taj_Mahal/0/pictures/TAJ_AND_COW.jpg
Taj_Mahal,113197,0,commons/South_side_of_the_Taj_Mahal_Tomb_with_the_pool/0/pictures/Taj_mahal_India.jpg
Taj_Mahal,113197,0,commons/West_side_of_the_Taj_Mahal/0/pictures/Side_view_of_The_Tajmahal.JPG
Taj_Mahal,113197,0,commons/South_side_of_the_Taj_Mahal_Tomb_with_the_pool/0/pictures/Taj_mahal_Agra_up.jpg
Taj_Mahal,113197,0,commons/South_side_of_the_Taj_Mahal_Tomb_with_the_pool/0/pictures/Taj_mahal_2011.jpg
Taj_Mahal,113197,0,commons/West_side_of_the_Taj_Mahal/0/pictures/Lovely_Taj.JPG
Taj_Mahal,113197,0,commons/South_side_of_the_Taj_Mahal_Tomb_with_the_pool/0/pictures/Taj_mahal_2016.jpg
Taj_Mahal,113197,0,commons/South_side_of_the_Taj_Mahal_Tomb_with_the_pool/0/pictures/Taj_in_sand_storm1.jpg
Taj_Mahal,113197,0,"commons/West_side_of_the_Taj_Mahal/0/pictures/Photo1681,_Taj_in_sun_light.jpg"
Taj_Mahal,113197,0,commons/South_side_of_the_Taj_Mahal_Tomb_with_the_pool/0/pictures/Taj_in_Morning.jpg
Taj_Mahal,113197,0,commons/West_side_of_the_Taj_Mahal/0/pictures/Banke_bihari_(352).JPG
Taj_Mahal,113197,0,commons/South_side_of_the_Taj_Mahal_Tomb_with_the_pool/0/pictures/Taj_in_different_light.jpg
Taj_Mahal,113197,0,commons/West_side_of_the_Taj_Mahal/0/pictures/Eid_Namaz_at_Taj_Mahal.JPG
Taj_Mahal,113197,0,commons/South_side_of_the_Taj_Mahal_Tomb_with_the_pool/0/pictures/Taj_beauty_09.jpg
Taj_Mahal,113197,0,commons/West_side_of_the_Taj_Mahal/0/pictures/Banke_bihari_(353).JPG
Taj_Mahal,113197,0,commons/South_side_of_the_Taj_Mahal_Tomb_with_the_pool/0/pictures/Taj_at_dawn.jpg
Taj_Mahal,113197,0,commons/West_side_of_the_Taj_Mahal/0/pictures/Banke_bihari_(337).JPG
Taj_Mahal,113197,0,commons/South_side_of_the_Taj_Mahal_Tomb_with_the_pool/0/pictures/Taj_Mahal.k6.jpg
Taj_Mahal,113197,0,commons/West_side_of_the_Taj_Mahal/0/pictures/Agra-Taj-Mahal-Mausoleum-architecture-Apr-2008-04.JPG
Taj_Mahal,113197,0,commons/South_side_of_the_Taj_Mahal_Tomb_with_the_pool/0/pictures/Taj_Mahal.Agra.jpg
Taj_Mahal,113197,0,"commons/West_side_of_the_Taj_Mahal/0/pictures/Agra,_Taj_Mahal_(6309999127).jpg"
Taj_Mahal,113197,0,commons/South_side_of_the_Taj_Mahal_Tomb_with_the_pool/0/pictures/Taj_Mahal.JPG
Taj_Mahal,113197,0,commons/West_side_of_the_Taj_Mahal/0/pictures/A_view_from_side_(Exit_side).jpg
Taj_Mahal,113197,0,commons/South_side_of_the_Taj_Mahal_Tomb_with_the_pool/0/pictures/Taj_Mahal.k3.jpg
Taj_Mahal,113197,0,"commons/West_side_of_the_Taj_Mahal/0/pictures/Agra,_Taj_Mahal_(6261301578).jpg"
Taj_Mahal,113197,0,commons/South_side_of_the_Taj_Mahal_Tomb_with_the_pool/0/pictures/Taj_Mahal-Agra_001.jpg
Taj_Mahal,113197,0,commons/Water_reflections_at_the_Taj_Mahal/0/pictures/The_reflection_of_Taj_Mahal.jpg
Taj_Mahal,113197,0,commons/South_side_of_the_Taj_Mahal_Tomb_with_the_pool/0/pictures/Taj_Mahal-A_master_piece.jpg
Taj_Mahal,113197,0,"commons/Water_reflections_at_the_Taj_Mahal/0/pictures/The_Taj,_Inverted_reflection.jpg"
Taj_Mahal,113197,0,commons/South_side_of_the_Taj_Mahal_Tomb_with_the_pool/0/pictures/Taj_Mahal-_A_memory_of_Mumtaz.jpg
Taj_Mahal,113197,0,commons/Water_reflections_at_the_Taj_Mahal/0/pictures/Tal_Mahal.jpg
Taj_Mahal,113197,0,commons/South_side_of_the_Taj_Mahal_Tomb_with_the_pool/0/pictures/Taj_Mahal-03.jpg
Taj_Mahal,113197,0,commons/Water_reflections_at_the_Taj_Mahal/0/pictures/Tajmahal_dec_2008.JPG
Taj_Mahal,113197,0,"commons/South_side_of_the_Taj_Mahal_Tomb_with_the_pool/0/pictures/Taj_Mahal,Agra,India_01.jpg"
Taj_Mahal,113197,0,"commons/South_side_of_the_Taj_Mahal_Tomb_with_the_pool/0/pictures/Taj_Mahal,_India.jpg"
Taj_Mahal,113197,0,commons/Water_reflections_at_the_Taj_Mahal/0/pictures/Taj_mahal_p21.jpg
Taj_Mahal,113197,0,"commons/South_side_of_the_Taj_Mahal_Tomb_with_the_pool/0/pictures/Taj_Mahal,_Agra.jpg"
Taj_Mahal,113197,0,commons/Water_reflections_at_the_Taj_Mahal/0/pictures/Taj_mahal_p20.jpg
Taj_Mahal,113197,0,"commons/South_side_of_the_Taj_Mahal_Tomb_with_the_pool/0/pictures/Taj_Mahal,_Agra5.jpg"
Taj_Mahal,113197,0,commons/Water_reflections_at_the_Taj_Mahal/0/pictures/Taj_mahal_p19.jpg
Taj_Mahal,113197,0,"commons/South_side_of_the_Taj_Mahal_Tomb_with_the_pool/0/pictures/Taj_Mahal,_India-1.jpg"
Taj_Mahal,113197,0,"commons/South_side_of_the_Taj_Mahal_Tomb_with_the_pool/0/pictures/Taj_Mahal,_Agra.JPG"
Taj_Mahal,113197,0,commons/Water_reflections_at_the_Taj_Mahal/0/pictures/Taj_and_reflection.JPG
Taj_Mahal,113197,0,"commons/South_side_of_the_Taj_Mahal_Tomb_with_the_pool/0/pictures/Taj_Mahal,_Agra-incredible_india.jpg"
Taj_Mahal,113197,0,"commons/Water_reflections_at_the_Taj_Mahal/0/pictures/Taj_Mahal,_Agra,_Uttar_Pradesh_vi-25.jpg"
Taj_Mahal,113197,0,"commons/South_side_of_the_Taj_Mahal_Tomb_with_the_pool/0/pictures/Taj_Mahal,_Agra,_Uttar_Pradesh_vi-5.jpg"
Taj_Mahal,113197,0,"commons/South_side_of_the_Taj_Mahal_Tomb_with_the_pool/0/pictures/Taj_Mahal,_Agra,_Uttar_Pradesh_vi-29.jpg"
Taj_Mahal,113197,0,"commons/South_side_of_the_Taj_Mahal_Tomb_with_the_pool/0/pictures/Taj_Mahal,_Agra,_Uttar_Pradesh_vi-25.jpg"
Taj_Mahal,113197,0,"commons/South_side_of_the_Taj_Mahal_Tomb_with_the_pool/0/pictures/Taj_Mahal,_Agra,_Uttar_Pradesh_vi-28.jpg"
Taj_Mahal,113197,0,"commons/Water_reflections_at_the_Taj_Mahal/0/pictures/Taj_Mahal,_Agra,_Uttar_Pradesh_s-26.jpg"
Taj_Mahal,113197,0,"commons/South_side_of_the_Taj_Mahal_Tomb_with_the_pool/0/pictures/Taj_Mahal,_Agra,_Uttar_Pradesh_vi-24.jpg"
Taj_Mahal,113197,0,"commons/Water_reflections_at_the_Taj_Mahal/0/pictures/Taj_Mahal,_Agra,_Uttar_Pradesh_s-23.jpg"
Taj_Mahal,113197,0,"commons/South_side_of_the_Taj_Mahal_Tomb_with_the_pool/0/pictures/Taj_Mahal,_Agra,_Uttar_Pradesh_vi-21.jpg"
Taj_Mahal,113197,0,"commons/Water_reflections_at_the_Taj_Mahal/0/pictures/Taj_Mahal,_Agra,_Uttar_Pradesh_hs-25.jpg"
Taj_Mahal,113197,0,"commons/South_side_of_the_Taj_Mahal_Tomb_with_the_pool/0/pictures/Taj_Mahal,_Agra,_Uttar_Pradesh_te-135.jpg"
Taj_Mahal,113197,0,"commons/Water_reflections_at_the_Taj_Mahal/0/pictures/Taj_Mahal,_Agra,_Up_5.jpg"
Taj_Mahal,113197,0,"commons/South_side_of_the_Taj_Mahal_Tomb_with_the_pool/0/pictures/Taj_Mahal,_Agra,_Uttar_Pradesh_te-126.jpg"
Taj_Mahal,113197,0,"commons/Water_reflections_at_the_Taj_Mahal/0/pictures/Taj_Mahal,_Agra,_Up.jpg"
Taj_Mahal,113197,0,"commons/South_side_of_the_Taj_Mahal_Tomb_with_the_pool/0/pictures/Taj_Mahal,_Agra,_Uttar_Pradesh_s-29.jpg"
Taj_Mahal,113197,0,"commons/Water_reflections_at_the_Taj_Mahal/0/pictures/Taj_Mahal,_Agra,_Up_3.jpg"
Taj_Mahal,113197,0,"commons/South_side_of_the_Taj_Mahal_Tomb_with_the_pool/0/pictures/Taj_Mahal,_Agra,_Uttar_Pradesh_s-4.jpg"
Taj_Mahal,113197,0,commons/Water_reflections_at_the_Taj_Mahal/0/pictures/Taj_Mahal_under_Blue_and_clear_Sky.jpg
Taj_Mahal,113197,0,"commons/South_side_of_the_Taj_Mahal_Tomb_with_the_pool/0/pictures/Taj_Mahal,_Agra,_Uttar_Pradesh_s-5.jpg"
Taj_Mahal,113197,0,commons/Water_reflections_at_the_Taj_Mahal/0/pictures/Taj_Mahal_reflection.jpg
Taj_Mahal,113197,0,"commons/South_side_of_the_Taj_Mahal_Tomb_with_the_pool/0/pictures/Taj_Mahal,_Agra,_Uttar_Pradesh_s-28.jpg"
Taj_Mahal,113197,0,"commons/South_side_of_the_Taj_Mahal_Tomb_with_the_pool/0/pictures/Taj_Mahal,_Agra,_Uttar_Pradesh_s-24.jpg"
Taj_Mahal,113197,0,commons/Water_reflections_at_the_Taj_Mahal/0/pictures/Taj_Mahal_at_Sunrise_IMG_6028.jpg
Taj_Mahal,113197,0,"commons/South_side_of_the_Taj_Mahal_Tomb_with_the_pool/0/pictures/Taj_Mahal,_Agra,_Uttar_Pradesh_hs-4.jpg"
Taj_Mahal,113197,0,"commons/South_side_of_the_Taj_Mahal_Tomb_with_the_pool/0/pictures/Taj_Mahal,_Agra,_Uttar_Pradesh_s-20.jpg"
Taj_Mahal,113197,0,commons/Water_reflections_at_the_Taj_Mahal/0/pictures/Taj_Mahal_agra_15.JPG
Taj_Mahal,113197,0,"commons/South_side_of_the_Taj_Mahal_Tomb_with_the_pool/0/pictures/Taj_Mahal,_Agra,_Uttar_Pradesh_s-17.jpg"
Taj_Mahal,113197,0,"commons/South_side_of_the_Taj_Mahal_Tomb_with_the_pool/0/pictures/Taj_Mahal,_Agra,_Uttar_Pradesh_hs-5.jpg"
Taj_Mahal,113197,0,commons/Water_reflections_at_the_Taj_Mahal/0/pictures/Taj_Mahal_1957.jpg
Taj_Mahal,113197,0,"commons/South_side_of_the_Taj_Mahal_Tomb_with_the_pool/0/pictures/Taj_Mahal,_Agra,_Uttar_Pradesh_hs-29.jpg"
Taj_Mahal,113197,0,commons/Water_reflections_at_the_Taj_Mahal/0/pictures/Taj_Mahal_2002.JPG
Taj_Mahal,113197,0,"commons/South_side_of_the_Taj_Mahal_Tomb_with_the_pool/0/pictures/Taj_Mahal,_Agra,_Uttar_Pradesh_hs-25.jpg"
Taj_Mahal,113197,0,commons/Water_reflections_at_the_Taj_Mahal/0/pictures/Taj_Mahal_Agra_India_-_panoramio_(12).jpg
Taj_Mahal,113197,0,"commons/South_side_of_the_Taj_Mahal_Tomb_with_the_pool/0/pictures/Taj_Mahal,_Agra,_Uttar_Pradesh_hs-135.jpg"
Taj_Mahal,113197,0,"commons/South_side_of_the_Taj_Mahal_Tomb_with_the_pool/0/pictures/Taj_Mahal,_Agra,_Uttar_Pradesh_hs-24.jpg"
Taj_Mahal,113197,0,"commons/South_side_of_the_Taj_Mahal_Tomb_with_the_pool/0/pictures/Taj_Mahal,_Agra,_Uttar_Pradesh_hs-23.jpg"
Taj_Mahal,113197,0,commons/Water_reflections_at_the_Taj_Mahal/0/pictures/Taj_Mahal_-_panoramio_(4).jpg
Taj_Mahal,113197,0,"commons/South_side_of_the_Taj_Mahal_Tomb_with_the_pool/0/pictures/Taj_Mahal,_Agra,_Uttar_Pradesh_hs-128.jpg"
Taj_Mahal,113197,0,commons/Water_reflections_at_the_Taj_Mahal/0/pictures/Taj_Mahal_-_The_Symbol_of_long_Lasting_love_-_Old_Fashion_way.JPG
Taj_Mahal,113197,0,"commons/South_side_of_the_Taj_Mahal_Tomb_with_the_pool/0/pictures/Taj_Mahal,_Agra,_Up.jpg"
Taj_Mahal,113197,0,"commons/South_side_of_the_Taj_Mahal_Tomb_with_the_pool/0/pictures/Taj_Mahal,_Agra,_January_2012.jpg"
Taj_Mahal,113197,0,commons/Water_reflections_at_the_Taj_Mahal/0/pictures/Love_and_Reflection.jpg
Taj_Mahal,113197,0,"commons/South_side_of_the_Taj_Mahal_Tomb_with_the_pool/0/pictures/Taj_Mahal,_Agra,_India_edit2.jpg"
Taj_Mahal,113197,0,"commons/South_side_of_the_Taj_Mahal_Tomb_with_the_pool/0/pictures/Taj_Mahal,_Agra_views_from_around_(9).JPG"
Taj_Mahal,113197,0,commons/Water_reflections_at_the_Taj_Mahal/0/pictures/Reflection_of_the_Taj.jpg
Taj_Mahal,113197,0,"commons/South_side_of_the_Taj_Mahal_Tomb_with_the_pool/0/pictures/Taj_Mahal,_Agra,_India_(21180461582).jpg"
Taj_Mahal,113197,0,commons/Water_reflections_at_the_Taj_Mahal/0/pictures/India-6107_-_Taj_Mahal_-_Flickr_-_archer10_(Dennis).jpg
Taj_Mahal,113197,0,"commons/South_side_of_the_Taj_Mahal_Tomb_with_the_pool/0/pictures/Taj_Mahal,_Agra,_India_edit.jpg"
Taj_Mahal,113197,0,commons/Water_reflections_at_the_Taj_Mahal/0/pictures/India-6104_-_Flickr_-_archer10_(Dennis).jpg
Taj_Mahal,113197,0,"commons/South_side_of_the_Taj_Mahal_Tomb_with_the_pool/0/pictures/Taj_Mahal,_Agra,_INDIA_-_panoramio.jpg"
Taj_Mahal,113197,0,commons/Water_reflections_at_the_Taj_Mahal/0/pictures/India-6101_-_Flickr_-_archer10_(Dennis).jpg
Taj_Mahal,113197,0,"commons/South_side_of_the_Taj_Mahal_Tomb_with_the_pool/0/pictures/Taj_Mahal,_Agra_views_from_around_(6).JPG"
Taj_Mahal,113197,0,"commons/South_side_of_the_Taj_Mahal_Tomb_with_the_pool/0/pictures/Taj_Mahal,_Agra_views_from_around_(15).JPG"
Taj_Mahal,113197,0,commons/South_side_of_the_Taj_Mahal_Tomb_with_the_pool/0/pictures/Taj_Mahal_under_frame.jpg
Taj_Mahal,113197,0,commons/South_side_of_the_Taj_Mahal_Tomb_with_the_pool/0/pictures/Taj_Mahal_under_Blue_and_clear_Sky.jpg
Taj_Mahal,113197,0,"commons/Water_reflections_at_the_Taj_Mahal/0/pictures/Agra,_Taj_Mahal_(6310488314).jpg"
Taj_Mahal,113197,0,commons/South_side_of_the_Taj_Mahal_Tomb_with_the_pool/0/pictures/Taj_Mahal_the_tomb_of_LOVE.JPG
Taj_Mahal,113197,0,commons/Water_reflections_at_the_Taj_Mahal/0/pictures/Agra-Taj_Mahal-50-Suedseite-2018-gje.jpg
Taj_Mahal,113197,0,commons/South_side_of_the_Taj_Mahal_Tomb_with_the_pool/0/pictures/Taj_Mahal_islamic_architecture.JPG
Taj_Mahal,113197,0,"commons/Water_reflections_at_the_Taj_Mahal/0/pictures/Agra,_Taj_Mahal_(6310471434).jpg"
Taj_Mahal,113197,0,commons/South_side_of_the_Taj_Mahal_Tomb_with_the_pool/0/pictures/Taj_Mahal_reflection.jpg
Taj_Mahal,113197,0,commons/Water_reflections_at_the_Taj_Mahal/0/pictures/Agra_tajmahal_front_view.jpg
Taj_Mahal,113197,0,commons/South_side_of_the_Taj_Mahal_Tomb_with_the_pool/0/pictures/Taj_Mahal_of_Shah_Jahan.jpg
Taj_Mahal,113197,0,commons/South_side_of_the_Taj_Mahal_Tomb_with_the_pool/0/pictures/Taj_Mahal_on_Republic_Day.jpg
Taj_Mahal,113197,0,commons/South_side_of_the_Taj_Mahal_Tomb_with_the_pool/0/pictures/Taj_Mahal_maashish1.JPG
Taj_Mahal,113197,0,commons/Views_of_the_Taj_Mahal_Mausoleum_from_the_Mosque/0/pictures/The_First_Rays_on_taj.jpg
Taj_Mahal,113197,0,commons/South_side_of_the_Taj_Mahal_Tomb_with_the_pool/0/pictures/Taj_Mahal_in_monsoon_season.JPG
Taj_Mahal,113197,0,commons/Views_of_the_Taj_Mahal_Mausoleum_from_the_Mosque/0/pictures/TajFramed_ST_10.JPG
Taj_Mahal,113197,0,commons/South_side_of_the_Taj_Mahal_Tomb_with_the_pool/0/pictures/Taj_Mahal_in_Sunny_Day.jpg
Taj_Mahal,113197,0,commons/South_side_of_the_Taj_Mahal_Tomb_with_the_pool/0/pictures/Taj_Mahal_in_March_2004_(squared).jpg
Taj_Mahal,113197,0,commons/South_side_of_the_Taj_Mahal_Tomb_with_the_pool/0/pictures/Taj_Mahal_full_view.jpg
Taj_Mahal,113197,0,commons/Views_of_the_Taj_Mahal_Mausoleum_from_the_Mosque/0/pictures/Taj_Mahal_view_7.jpg
Taj_Mahal,113197,0,commons/South_side_of_the_Taj_Mahal_Tomb_with_the_pool/0/pictures/Taj_Mahal_front_view.JPG
Taj_Mahal,113197,0,commons/Views_of_the_Taj_Mahal_Mausoleum_from_the_Mosque/0/pictures/Taj_Mahal_view_8.jpg
Taj_Mahal,113197,0,commons/South_side_of_the_Taj_Mahal_Tomb_with_the_pool/0/pictures/Taj_Mahal_from_long_shot.jpg
Taj_Mahal,113197,0,commons/Views_of_the_Taj_Mahal_Mausoleum_from_the_Mosque/0/pictures/Taj_Mahal_view_6.jpg
Taj_Mahal,113197,0,commons/South_side_of_the_Taj_Mahal_Tomb_with_the_pool/0/pictures/Taj_Mahal_and_Grounds_-_Colour_Splashed.jpg
Taj_Mahal,113197,0,commons/Views_of_the_Taj_Mahal_Mausoleum_from_the_Mosque/0/pictures/Taj_Mahal_view_32.jpg
Taj_Mahal,113197,0,commons/South_side_of_the_Taj_Mahal_Tomb_with_the_pool/0/pictures/Taj_Mahal_LCCN2001704599.jpg
Taj_Mahal,113197,0,commons/South_side_of_the_Taj_Mahal_Tomb_with_the_pool/0/pictures/Taj_Mahal_Agra_India_-_panoramio_(10).jpg
Taj_Mahal,113197,0,commons/South_side_of_the_Taj_Mahal_Tomb_with_the_pool/0/pictures/Taj_Mahal_Agra_DSC_0407.jpg
Taj_Mahal,113197,0,"commons/Views_of_the_Taj_Mahal_Mausoleum_from_the_Jawab/0/pictures/Taj_mahal,_agra.jpg"
Taj_Mahal,113197,0,commons/South_side_of_the_Taj_Mahal_Tomb_with_the_pool/0/pictures/Taj_013.jpg
Taj_Mahal,113197,0,commons/South_side_of_the_Taj_Mahal_Tomb_with_the_pool/0/pictures/Taj_&_fountains.jpg
Taj_Mahal,113197,0,commons/South_side_of_the_Taj_Mahal_Tomb_with_the_pool/0/pictures/Morning_at_Taj.jpg
Taj_Mahal,113197,0,commons/South_side_of_the_Taj_Mahal_Tomb_with_the_pool/0/pictures/Majestic_taj_mahal.jpg
Taj_Mahal,113197,0,commons/South_side_of_the_Taj_Mahal_Tomb_with_the_pool/0/pictures/Magnificent_Taj_in_the_morning_light.jpg
Taj_Mahal,113197,0,commons/South_side_of_the_Taj_Mahal_Tomb_with_the_pool/0/pictures/Love_and_Reflection.jpg
Taj_Mahal,113197,0,commons/South_side_of_the_Taj_Mahal_Tomb_with_the_pool/0/pictures/Jai_Hind!.jpg
Taj_Mahal,113197,0,commons/South_side_of_the_Taj_Mahal_Tomb_with_the_pool/0/pictures/Intiamahalagrapradeship.jpg
Taj_Mahal,113197,0,commons/South_side_of_the_Taj_Mahal_Tomb_with_the_pool/0/pictures/Intialainenmoskeijamahal.JPG
Taj_Mahal,113197,0,commons/South_side_of_the_Taj_Mahal_Tomb_with_the_pool/0/pictures/Inger_Schulstad_ved_Taj_Mahal_(1952)_(16872315201).jpg
Taj_Mahal,113197,0,commons/South_side_of_the_Taj_Mahal_Tomb_with_the_pool/0/pictures/India1961-156_hg.jpg
Taj_Mahal,113197,0,commons/South_side_of_the_Taj_Mahal_Tomb_with_the_pool/0/pictures/India-6212_-_Flickr_-_archer10_(Dennis).jpg
Taj_Mahal,113197,0,commons/South_side_of_the_Taj_Mahal_Tomb_with_the_pool/0/pictures/India-6208_-_Flickr_-_archer10_(Dennis).jpg
Taj_Mahal,113197,0,commons/South_side_of_the_Taj_Mahal_Tomb_with_the_pool/0/pictures/India-6206_-_Flickr_-_archer10_(Dennis).jpg
Taj_Mahal,113197,0,commons/South_side_of_the_Taj_Mahal_Tomb_with_the_pool/0/pictures/India-6104_-_Flickr_-_archer10_(Dennis).jpg
Taj_Mahal,113197,0,commons/South_side_of_the_Taj_Mahal_Tomb_with_the_pool/0/pictures/India-6101_-_Flickr_-_archer10_(Dennis).jpg
Taj_Mahal,113197,0,commons/South_side_of_the_Taj_Mahal_Tomb_with_the_pool/0/pictures/India_2015-158_(16978763669).jpg
Taj_Mahal,113197,0,commons/South_side_of_the_Taj_Mahal_Tomb_with_the_pool/0/pictures/Hamara_Taj.jpg
Taj_Mahal,113197,0,commons/South_side_of_the_Taj_Mahal_Tomb_with_the_pool/0/pictures/Glory_of_India.jpg
Taj_Mahal,113197,0,commons/South_side_of_the_Taj_Mahal_Tomb_with_the_pool/0/pictures/GREAT_TAJ_MAHAL.JPG
Taj_Mahal,113197,0,commons/South_side_of_the_Taj_Mahal_Tomb_with_the_pool/0/pictures/Front_view_of_Taj_Mahal_@_Agra.JPG
Taj_Mahal,113197,0,"commons/South_side_of_the_Taj_Mahal_Tomb_with_the_pool/0/pictures/Front_View_of_Taj_Mahal,_Agra.jpg"
Taj_Mahal,113197,0,commons/South_side_of_the_Taj_Mahal_Tomb_with_the_pool/0/pictures/Floating_Tajmahal..JPG
Taj_Mahal,113197,0,commons/South_side_of_the_Taj_Mahal_Tomb_with_the_pool/0/pictures/El_Taj_Mahal-Agra_India0030.JPG
Taj_Mahal,113197,0,commons/South_side_of_the_Taj_Mahal_Tomb_with_the_pool/0/pictures/El_Taj_Mahal-Agra_India0007.JPG
Taj_Mahal,113197,0,commons/South_side_of_the_Taj_Mahal_Tomb_with_the_pool/0/pictures/El_Taj_Mahal-Agra_India0006.JPG
Taj_Mahal,113197,0,commons/South_side_of_the_Taj_Mahal_Tomb_with_the_pool/0/pictures/Blacked_out_Taj.jpg
Taj_Mahal,113197,0,commons/South_side_of_the_Taj_Mahal_Tomb_with_the_pool/0/pictures/Beautiful_creation.jpg
Taj_Mahal,113197,0,commons/South_side_of_the_Taj_Mahal_Tomb_with_the_pool/0/pictures/Agra01.jpg
Taj_Mahal,113197,0,commons/South_side_of_the_Taj_Mahal_Tomb_with_the_pool/0/pictures/Agra-Taj_Mahal-60-Suedseite-2018-gje.jpg
Taj_Mahal,113197,0,commons/South_side_of_the_Taj_Mahal_Tomb_with_the_pool/0/pictures/Agra-Taj_Mahal-54-Suedseite-2018-gje.jpg
Taj_Mahal,113197,0,"commons/South_side_of_the_Taj_Mahal_Tomb_with_the_pool/0/pictures/Agra,_Taj_Mahal_(2002)_12.jpg"
Taj_Mahal,113197,0,commons/South_side_of_the_Taj_Mahal_Tomb_with_the_pool/0/pictures/Agra_tajmahal_front_view.jpg
Taj_Mahal,113197,0,commons/South_side_of_the_Taj_Mahal_Tomb_with_the_pool/0/pictures/Agra_tajmahal_front_view_6.jpg
Taj_Mahal,113197,0,commons/South_side_of_the_Taj_Mahal_Tomb_with_the_pool/0/pictures/Agra_tajmahal_front_view_5.jpg
Taj_Mahal,113197,0,commons/South_side_of_the_Taj_Mahal_Tomb_with_the_pool/0/pictures/Agra_03-2016_06_Taj_Mahal_complex.jpg
Taj_Mahal,113197,0,commons/South_side_of_the_Taj_Mahal_Tomb_with_the_pool/0/pictures/Aasil_Atif_Khan_-_Glory_of_the_Taj_Mahal_in_Agra_India.JPG
Taj_Mahal,113197,0,commons/South_side_of_the_Taj_Mahal_Tomb_with_the_pool/0/pictures/A_Love_Poem_Written_in_Marble_(2591032495).jpg
Taj_Mahal,113197,0,commons/South_side_of_the_Taj_Mahal_Tomb_with_the_pool/0/pictures/3060098369_e4b7417fda_b_–_Kopio.jpg
Taj_Mahal,113197,0,commons/South_side_of_the_Taj_Mahal_Tomb_with_the_pool/0/pictures/1st_among_the_7_wonders_of_the_World_-_Taj_Mahal.jpg
Taj_Mahal,113197,0,commons/South_side_of_the_Taj_Mahal_Tomb_with_the_pool/0/pictures/1_Taj_Mahal.jpg
Taj_Mahal,113197,0,commons/South_side_of_the_Taj_Mahal_Tomb_with_the_pool/0/pictures/1_(1_of_1)-10.jpg
Taj_Mahal,113197,0,commons/South_side_of_the_Taj_Mahal_Tomb_with_the_pool/0/pictures/00100sPORTRAIT_00100_BURST20181217074139257_COVER_07.jpg
Taj_Mahal,113197,0,commons/South_side_of_the_Taj_Mahal_Tomb_with_the_pool/0/pictures/....the_Taj_(30891546636).jpg
Taj_Mahal,113197,0,commons/South_side_of_the_Taj_Mahal/0/pictures/印度泰姬瑪哈陵_35.jpg
Taj_Mahal,113197,0,commons/South_side_of_the_Taj_Mahal/0/pictures/താജ്‌_മഹൽ2013.JPG
Taj_Mahal,113197,0,commons/South_side_of_the_Taj_Mahal/0/pictures/Палац_Тадж-Махал_-_перлина_-_panoramio.jpg
Taj_Mahal,113197,0,"commons/South_side_of_the_Taj_Mahal/0/pictures/Wanderers_wonder_,_the_Taj.jpg"
Taj_Mahal,113197,0,commons/South_side_of_the_Taj_Mahal/0/pictures/Wah!_taj.JPG
Taj_Mahal,113197,0,commons/South_side_of_the_Taj_Mahal/0/pictures/Wah_taj.JPG
Taj_Mahal,113197,0,commons/South_side_of_the_Taj_Mahal/0/pictures/Wah_Waah_Taj!.jpg
Taj_Mahal,113197,0,commons/South_side_of_the_Taj_Mahal/0/pictures/Wah_Taj-1.jpg
Taj_Mahal,113197,0,commons/South_side_of_the_Taj_Mahal/0/pictures/WAH!_TAJ_!.JPG
Taj_Mahal,113197,0,commons/South_side_of_the_Taj_Mahal/0/pictures/Visitors_-_Taj_Mahal_Complex_-_Agra_2014-05-14_3760.JPG
Taj_Mahal,113197,0,commons/South_side_of_the_Taj_Mahal/0/pictures/View_of_the_Taj_Mahal_-_October_2014.jpg
Taj_Mahal,113197,0,commons/South_side_of_the_Taj_Mahal/0/pictures/View_from_plinth.JPG
Taj_Mahal,113197,0,commons/South_side_of_the_Taj_Mahal/0/pictures/Vaddipar_taj_full.jpg
Taj_Mahal,113197,0,commons/South_side_of_the_Taj_Mahal/0/pictures/Us-vice-president-george-h-w-bushs-visit-to-india1984_11814864174_o.jpg
Taj_Mahal,113197,0,"commons/South_side_of_the_Taj_Mahal/0/pictures/Unique_view_of_the_great_Taj_Mahal,_Agra1.jpg"
Taj_Mahal,113197,0,"commons/South_side_of_the_Taj_Mahal/0/pictures/Unique_view_of_the_great_Taj_Mahal,_Agra.jpg"
Taj_Mahal,113197,0,commons/South_side_of_the_Taj_Mahal/0/pictures/Through_the_trees_1.jpg
Taj_Mahal,113197,0,commons/South_side_of_the_Taj_Mahal/0/pictures/The_white_wonder.JPG
Taj_Mahal,113197,0,commons/South_side_of_the_Taj_Mahal/0/pictures/The_taj-side.JPG
Taj_Mahal,113197,0,commons/South_side_of_the_Taj_Mahal/0/pictures/The_taj-full.JPG
Taj_Mahal,113197,0,commons/South_side_of_the_Taj_Mahal/0/pictures/The_one_and_only_Taj_mahal.JPG
Taj_Mahal,113197,0,"commons/South_side_of_the_Taj_Mahal/0/pictures/The_great_Taj_Mahal,_Agra7.jpg"
Taj_Mahal,113197,0,"commons/South_side_of_the_Taj_Mahal/0/pictures/The_great_Taj_Mahal,_Agra10.jpg"
Taj_Mahal,113197,0,commons/South_side_of_the_Taj_Mahal/0/pictures/The_fascinating_taj.JPG
Taj_Mahal,113197,0,"commons/South_side_of_the_Taj_Mahal/0/pictures/The_Taj,_from_the_entrance.JPG"
Taj_Mahal,113197,0,commons/South_side_of_the_Taj_Mahal/0/pictures/The_Taj_immersed_in_the_cloudy_sky.jpg
Taj_Mahal,113197,0,commons/South_side_of_the_Taj_Mahal/0/pictures/The_Taj_Mahal_of_Agra(1).jpg
Taj_Mahal,113197,0,commons/South_side_of_the_Taj_Mahal/0/pictures/The_Taj_Mahal_ag48.jpg
Taj_Mahal,113197,0,commons/South_side_of_the_Taj_Mahal/0/pictures/The_Taj_Mahal_ag47.jpg
Taj_Mahal,113197,0,commons/South_side_of_the_Taj_Mahal/0/pictures/The_Taj_Mahal_ag38.jpg
Taj_Mahal,113197,0,commons/South_side_of_the_Taj_Mahal/0/pictures/The_Taj_Mahal_ag32.jpg
Taj_Mahal,113197,0,commons/South_side_of_the_Taj_Mahal/0/pictures/The_Taj_Mahal_ag31.jpg
Taj_Mahal,113197,0,commons/South_side_of_the_Taj_Mahal/0/pictures/The_Taj_Mahal_ag26.jpg
Taj_Mahal,113197,0,commons/South_side_of_the_Taj_Mahal/0/pictures/The_Taj_Mahal_ag25.jpg
Taj_Mahal,113197,0,commons/South_side_of_the_Taj_Mahal/0/pictures/The_TAJ_MAHAL.jpg
Taj_Mahal,113197,0,commons/South_side_of_the_Taj_Mahal/0/pictures/The_Symbol_of_Love-Taj_Mahal.jpg
Taj_Mahal,113197,0,commons/South_side_of_the_Taj_Mahal/0/pictures/The_Mumtaz_Mahal.JPG
Taj_Mahal,113197,0,commons/South_side_of_the_Taj_Mahal/0/pictures/The_Monuments_Of_Northern_India_13.jpg
Taj_Mahal,113197,0,commons/South_side_of_the_Taj_Mahal/0/pictures/The_Monuments_Of_Northern_India_10.jpg
Taj_Mahal,113197,0,commons/South_side_of_the_Taj_Mahal/0/pictures/The_Monuments_Of_Northern_India_09.jpg
Taj_Mahal,113197,0,commons/South_side_of_the_Taj_Mahal/0/pictures/The_Grand_Taj.JPG
Taj_Mahal,113197,0,commons/South_side_of_the_Taj_Mahal/0/pictures/The_Crown_Palace.jpg
Taj_Mahal,113197,0,commons/South_side_of_the_Taj_Mahal/0/pictures/Tajmhal.jpg
Taj_Mahal,113197,0,commons/South_side_of_the_Taj_Mahal/0/pictures/Tajmahal7.JPG
Taj_Mahal,113197,0,commons/South_side_of_the_Taj_Mahal/0/pictures/Tajmahal_the_place_with_love_and_peace_in_the_air.JPG
Taj_Mahal,113197,0,commons/South_side_of_the_Taj_Mahal/0/pictures/Tajmahal_from_garden.jpg
Taj_Mahal,113197,0,commons/South_side_of_the_Taj_Mahal/0/pictures/Tajmahal_agra.JPG
Taj_Mahal,113197,0,commons/South_side_of_the_Taj_Mahal/0/pictures/Tajmahal_India's_Glory.JPG
Taj_Mahal,113197,0,commons/South_side_of_the_Taj_Mahal/0/pictures/Tajmahal_UP.JPG
Taj_Mahal,113197,0,commons/South_side_of_the_Taj_Mahal/0/pictures/Tajmahal_6.jpg
Taj_Mahal,113197,0,commons/South_side_of_the_Taj_Mahal/0/pictures/TajTheWonder.jpg
Taj_Mahal,113197,0,commons/South_side_of_the_Taj_Mahal/0/pictures/TajMahalSymmetricView.jpg
Taj_Mahal,113197,0,commons/South_side_of_the_Taj_Mahal/0/pictures/TajMahalManjari1.jpg
Taj_Mahal,113197,0,commons/South_side_of_the_Taj_Mahal/0/pictures/TajMahal_Agra_UP.JPG
Taj_Mahal,113197,0,commons/South_side_of_the_Taj_Mahal/0/pictures/TajMahal_-_pitching_the_blue_sky.jpg
Taj_Mahal,113197,0,commons/South_side_of_the_Taj_Mahal/0/pictures/TajM.JPG
Taj_Mahal,113197,0,commons/South_side_of_the_Taj_Mahal/0/pictures/Taj17.JPG
Taj_Mahal,113197,0,commons/South_side_of_the_Taj_Mahal/0/pictures/Taj11.JPG
Taj_Mahal,113197,0,commons/South_side_of_the_Taj_Mahal/0/pictures/Taj-mahal-1024x690.jpg
Taj_Mahal,113197,0,commons/South_side_of_the_Taj_Mahal/0/pictures/Taj_mahal5.JPG
Taj_Mahal,113197,0,commons/South_side_of_the_Taj_Mahal/0/pictures/Taj_mahal_p2.jpg
Taj_Mahal,113197,0,commons/South_side_of_the_Taj_Mahal/0/pictures/Taj_Mahal.jpg
Taj_Mahal,113197,0,commons/South_side_of_the_Taj_Mahal/0/pictures/Taj_Mahal-07.jpg
Taj_Mahal,113197,0,commons/South_side_of_the_Taj_Mahal/0/pictures/Taj_Mahal-05.jpg
Taj_Mahal,113197,0,"commons/South_side_of_the_Taj_Mahal/0/pictures/Taj_Mahal,Agra,India_09.jpg"
Taj_Mahal,113197,0,"commons/South_side_of_the_Taj_Mahal/0/pictures/Taj_Mahal,Agra,_India.jpg"
Taj_Mahal,113197,0,"commons/South_side_of_the_Taj_Mahal/0/pictures/Taj_Mahal,_India,_2013-03_(11551398895).jpg"
Taj_Mahal,113197,0,"commons/South_side_of_the_Taj_Mahal/0/pictures/Taj_Mahal,_India_(149128211).jpg"
Taj_Mahal,113197,0,"commons/South_side_of_the_Taj_Mahal/0/pictures/Taj_Mahal,_Agra,_Uttar_Pradesh,India.jpg"
Taj_Mahal,113197,0,"commons/South_side_of_the_Taj_Mahal/0/pictures/Taj_Mahal,_Agra,_Uttar_Pradesh_vi-33.jpg"
Taj_Mahal,113197,0,"commons/South_side_of_the_Taj_Mahal/0/pictures/Taj_Mahal,_Agra,_Uttar_Pradesh_vi-30.jpg"
Taj_Mahal,113197,0,"commons/South_side_of_the_Taj_Mahal/0/pictures/Taj_Mahal,_Agra,_Uttar_Pradesh_te-134.jpg"
Taj_Mahal,113197,0,"commons/South_side_of_the_Taj_Mahal/0/pictures/Taj_Mahal,_Agra,_Uttar_Pradesh_s-33.jpg"
Taj_Mahal,113197,0,"commons/South_side_of_the_Taj_Mahal/0/pictures/Taj_Mahal,_Agra,_Uttar_Pradesh_s-30.jpg"
Taj_Mahal,113197,0,"commons/South_side_of_the_Taj_Mahal/0/pictures/Taj_Mahal,_Agra,_Uttar_Pradesh_s-19.jpg"
Taj_Mahal,113197,0,"commons/South_side_of_the_Taj_Mahal/0/pictures/Taj_Mahal,_Agra,_Uttar_Pradesh_s-18.jpg"
Taj_Mahal,113197,0,"commons/South_side_of_the_Taj_Mahal/0/pictures/Taj_Mahal,_Agra,_Uttar_Pradesh_hs-34.jpg"
Taj_Mahal,113197,0,"commons/South_side_of_the_Taj_Mahal/0/pictures/Taj_Mahal,_Agra,_Uttar_Pradesh_hs-19.jpg"
Taj_Mahal,113197,0,"commons/South_side_of_the_Taj_Mahal/0/pictures/Taj_Mahal,_Agra,_Uttar_Pradesh_hs-129.jpg"
Taj_Mahal,113197,0,"commons/South_side_of_the_Taj_Mahal/0/pictures/Taj_Mahal,_Agra,_Up_3.jpg"
Taj_Mahal,113197,0,"commons/South_side_of_the_Taj_Mahal/0/pictures/Taj_Mahal,_Agra,_UP,_India.jpg"
Taj_Mahal,113197,0,"commons/South_side_of_the_Taj_Mahal/0/pictures/Taj_Mahal,_Agra,_January_2012_(2).jpg"
Taj_Mahal,113197,0,"commons/South_side_of_the_Taj_Mahal/0/pictures/Taj_Mahal,_Agra_views_from_around_(7).JPG"
Taj_Mahal,113197,0,"commons/South_side_of_the_Taj_Mahal/0/pictures/Taj_Mahal,_Agra_views_from_around_(21).JPG"
Taj_Mahal,113197,0,"commons/South_side_of_the_Taj_Mahal/0/pictures/Taj_Mahal,_Agra_26.jpg"
Taj_Mahal,113197,0,"commons/South_side_of_the_Taj_Mahal/0/pictures/Taj_Mahal,_Agra_133.jpg"
Taj_Mahal,113197,0,"commons/South_side_of_the_Taj_Mahal/0/pictures/Taj_Mahal,_Agra_127.jpg"
Taj_Mahal,113197,0,"commons/South_side_of_the_Taj_Mahal/0/pictures/Taj_Mahal,_Agra_126.jpg"
Taj_Mahal,113197,0,"commons/South_side_of_the_Taj_Mahal/0/pictures/Taj_Mahal,_Agra_121.jpg"
Taj_Mahal,113197,0,"commons/South_side_of_the_Taj_Mahal/0/pictures/Taj_Mahal,_Agra_118.jpg"
Taj_Mahal,113197,0,"commons/South_side_of_the_Taj_Mahal/0/pictures/Taj_Mahal,_Agra_11.jpg"
Taj_Mahal,113197,0,"commons/South_side_of_the_Taj_Mahal/0/pictures/Taj_Mahal,_Agra_10.jpg"
Taj_Mahal,113197,0,commons/South_side_of_the_Taj_Mahal/0/pictures/Taj_Mahal_winter.jpg
Taj_Mahal,113197,0,commons/South_side_of_the_Taj_Mahal/0/pictures/Taj_Mahal_white.jpg
Taj_Mahal,113197,0,commons/South_side_of_the_Taj_Mahal/0/pictures/Taj_Mahal_through_my_camera.JPG
Taj_Mahal,113197,0,commons/South_side_of_the_Taj_Mahal/0/pictures/Taj_Mahal_from_the_front.JPG
Taj_Mahal,113197,0,commons/South_side_of_the_Taj_Mahal/0/pictures/Taj_Mahal_side_view.jpg
Taj_Mahal,113197,0,commons/South_side_of_the_Taj_Mahal/0/pictures/Taj_Mahal_only.JPG
Taj_Mahal,113197,0,commons/South_side_of_the_Taj_Mahal/0/pictures/Taj_Mahal_inside_view_04.JPG
Taj_Mahal,113197,0,commons/South_side_of_the_Taj_Mahal/0/pictures/Taj_Mahal_inside_view_03.JPG
Taj_Mahal,113197,0,commons/South_side_of_the_Taj_Mahal/0/pictures/Taj_Mahal_inside_view_01.JPG
Taj_Mahal,113197,0,commons/South_side_of_the_Taj_Mahal/0/pictures/Taj_Mahal_in_the_morning.jpg
Taj_Mahal,113197,0,commons/South_side_of_the_Taj_Mahal/0/pictures/Taj_Mahal_in_Midnight_with_City_Lights_illuminating_the_background.jpg
Taj_Mahal,113197,0,commons/South_side_of_the_Taj_Mahal/0/pictures/Taj_Mahal_and_grounds_08.jpg
Taj_Mahal,113197,0,commons/South_side_of_the_Taj_Mahal/0/pictures/Taj_Mahal_inside_view_02.JPG
Taj_Mahal,113197,0,commons/South_side_of_the_Taj_Mahal/0/pictures/Taj_Mahal_agra_03.JPG
Taj_Mahal,113197,0,commons/South_side_of_the_Taj_Mahal/0/pictures/Taj_Mahal_in_morning_light.jpg
Taj_Mahal,113197,0,commons/South_side_of_the_Taj_Mahal/0/pictures/Taj_Mahal_from_front_(8128820535).jpg
Taj_Mahal,113197,0,commons/South_side_of_the_Taj_Mahal/0/pictures/Taj_Mahal_in_BW.jpg
Taj_Mahal,113197,0,commons/South_side_of_the_Taj_Mahal/0/pictures/Taj_Mahal_in_August_2012.jpg
Taj_Mahal,113197,0,commons/South_side_of_the_Taj_Mahal/0/pictures/Taj_Mahal_and_nature.jpg
Taj_Mahal,113197,0,commons/South_side_of_the_Taj_Mahal/0/pictures/Taj_Mahal_and_grounds_wikijib-28.jpg
Taj_Mahal,113197,0,commons/South_side_of_the_Taj_Mahal/0/pictures/Taj_Mahal_and_grounds_10.jpg
Taj_Mahal,113197,0,commons/South_side_of_the_Taj_Mahal/0/pictures/Taj_Mahal_at_morning_from_south-east.jpg
Taj_Mahal,113197,0,commons/South_side_of_the_Taj_Mahal/0/pictures/Taj_Mahal_at_11.jpg
Taj_Mahal,113197,0,commons/South_side_of_the_Taj_Mahal/0/pictures/Taj_Mahal_and_grounds_03.jpg
Taj_Mahal,113197,0,commons/South_side_of_the_Taj_Mahal/0/pictures/Taj_Mahal_and_its_garden.jpg
Taj_Mahal,113197,0,commons/South_side_of_the_Taj_Mahal/0/pictures/Taj_Mahal_agra1.JPG
Taj_Mahal,113197,0,commons/South_side_of_the_Taj_Mahal/0/pictures/Taj_Mahal_agra.JPG
Taj_Mahal,113197,0,commons/South_side_of_the_Taj_Mahal/0/pictures/Taj_Mahal_agra_19.JPG
Taj_Mahal,113197,0,commons/South_side_of_the_Taj_Mahal/0/pictures/Taj_Mahal_agra_18.JPG
Taj_Mahal,113197,0,commons/South_side_of_the_Taj_Mahal/0/pictures/Taj_Mahal_Vinamra.JPG
Taj_Mahal,113197,0,commons/South_side_of_the_Taj_Mahal/0/pictures/Taj_Mahal_and_grounds_02.jpg
Taj_Mahal,113197,0,commons/South_side_of_the_Taj_Mahal/0/pictures/Taj_Mahal_agra_02.JPG
Taj_Mahal,113197,0,commons/South_side_of_the_Taj_Mahal/0/pictures/Taj_Mahal_White_brilliance.jpg
Taj_Mahal,113197,0,commons/South_side_of_the_Taj_Mahal/0/pictures/Taj_Mahal_Wall.jpg
Taj_Mahal,113197,0,commons/South_side_of_the_Taj_Mahal/0/pictures/Taj_Mahal_India_a_world_wonder.jpg
Taj_Mahal,113197,0,commons/South_side_of_the_Taj_Mahal/0/pictures/Taj_Mahal_agra_05.JPG
Taj_Mahal,113197,0,commons/South_side_of_the_Taj_Mahal/0/pictures/Taj_Mahal_Agra_DSC_0397.jpg
Taj_Mahal,113197,0,commons/South_side_of_the_Taj_Mahal/0/pictures/Taj_Mahal_20_(Friar's_Balsam_Flickr).jpg
Taj_Mahal,113197,0,commons/South_side_of_the_Taj_Mahal/0/pictures/Taj_Mahal_Closeup.jpg
Taj_Mahal,113197,0,commons/South_side_of_the_Taj_Mahal/0/pictures/Taj_Mahal_7.jpg
Taj_Mahal,113197,0,commons/South_side_of_the_Taj_Mahal/0/pictures/Taj_Mahal_Agra_India.JPG
Taj_Mahal,113197,0,commons/South_side_of_the_Taj_Mahal/0/pictures/Taj_Mahal_N-UP-A28-a.jpg
Taj_Mahal,113197,0,commons/South_side_of_the_Taj_Mahal/0/pictures/Taj_Mahal_41_(Friar's_Balsam_Flickr).jpg
Taj_Mahal,113197,0,commons/South_side_of_the_Taj_Mahal/0/pictures/Taj_Mahal_Agra_India_-_panoramio_(21).jpg
Taj_Mahal,113197,0,commons/South_side_of_the_Taj_Mahal/0/pictures/Taj_Mahal_Front_View.JPG
Taj_Mahal,113197,0,commons/South_side_of_the_Taj_Mahal/0/pictures/Taj_Mahal_17.jpg
Taj_Mahal,113197,0,commons/South_side_of_the_Taj_Mahal/0/pictures/Taj_Mahal_Front_Side.jpg
Taj_Mahal,113197,0,commons/South_side_of_the_Taj_Mahal/0/pictures/Taj_Mahal_Agra_DSC_0481.jpg
Taj_Mahal,113197,0,commons/South_side_of_the_Taj_Mahal/0/pictures/Taj_Mahal_Agra_DSC_0480.jpg
Taj_Mahal,113197,0,commons/South_side_of_the_Taj_Mahal/0/pictures/Taj_Mahal_Agra_DSC_0411.jpg
Taj_Mahal,113197,0,commons/South_side_of_the_Taj_Mahal/0/pictures/Taj_Mahal_Agra_DSC_0398.jpg
Taj_Mahal,113197,0,commons/South_side_of_the_Taj_Mahal/0/pictures/Taj_Mahal_Agra_India_-_panoramio_(5).jpg
Taj_Mahal,113197,0,commons/South_side_of_the_Taj_Mahal/0/pictures/Taj_Mahal_22_(Friar's_Balsam_Flickr).jpg
Taj_Mahal,113197,0,commons/South_side_of_the_Taj_Mahal/0/pictures/Taj_Mahal_Agra_India_-_panoramio_(14).jpg
Taj_Mahal,113197,0,commons/South_side_of_the_Taj_Mahal/0/pictures/Taj_Mahal_Agra_DSC_0482.jpg
Taj_Mahal,113197,0,commons/South_side_of_the_Taj_Mahal/0/pictures/Taj_Mahal_Agra_1.jpg
Taj_Mahal,113197,0,commons/South_side_of_the_Taj_Mahal/0/pictures/Taj_Mahal_Agra_1.JPG
Taj_Mahal,113197,0,commons/South_side_of_the_Taj_Mahal/0/pictures/Taj_Mahal_A_side_view.jpg
Taj_Mahal,113197,0,commons/South_side_of_the_Taj_Mahal/0/pictures/Taj_Mahal_Agra_DSC_0409.jpg
Taj_Mahal,113197,0,commons/South_side_of_the_Taj_Mahal/0/pictures/Taj_Mahal_2013-03-03_(11551439495).jpg
Taj_Mahal,113197,0,commons/South_side_of_the_Taj_Mahal/0/pictures/Taj_Mahal_2013_1.JPG
Taj_Mahal,113197,0,commons/South_side_of_the_Taj_Mahal/0/pictures/Taj_Mahal_Agra_DSC_0396.jpg
Taj_Mahal,113197,0,commons/South_side_of_the_Taj_Mahal/0/pictures/Taj_Mahal_Agra_DSC_0381.jpg
Taj_Mahal,113197,0,commons/South_side_of_the_Taj_Mahal/0/pictures/Taj_Mahal_21_(Friar's_Balsam_Flickr).jpg
Taj_Mahal,113197,0,commons/South_side_of_the_Taj_Mahal/0/pictures/Taj_Mahal_Agra_DSC_0358.jpg
Taj_Mahal,113197,0,commons/South_side_of_the_Taj_Mahal/0/pictures/Taj_Mahal_14_(Friar's_Balsam_Flickr).jpg
Taj_Mahal,113197,0,commons/South_side_of_the_Taj_Mahal/0/pictures/Taj_Mahal_2018-01-02zzh.jpg
Taj_Mahal,113197,0,commons/South_side_of_the_Taj_Mahal/0/pictures/Taj_Mahal_13_(Friar's_Balsam_Flickr).jpg
Taj_Mahal,113197,0,commons/South_side_of_the_Taj_Mahal/0/pictures/Taj_Mahal_2018-01-02u.jpg
Taj_Mahal,113197,0,commons/South_side_of_the_Taj_Mahal/0/pictures/Taj_Mahal_7.JPG
Taj_Mahal,113197,0,commons/South_side_of_the_Taj_Mahal/0/pictures/Taj_Mahal_6.jpg
Taj_Mahal,113197,0,commons/South_side_of_the_Taj_Mahal/0/pictures/Taj_Mahal_2011_14.JPG
Taj_Mahal,113197,0,commons/South_side_of_the_Taj_Mahal/0/pictures/Taj_Mahal_2002.JPG
Taj_Mahal,113197,0,commons/South_side_of_the_Taj_Mahal/0/pictures/Taj_Mahal_21.jpg
Taj_Mahal,113197,0,commons/South_side_of_the_Taj_Mahal/0/pictures/Taj_Mahal_19_(Friar's_Balsam_Flickr).jpg
Taj_Mahal,113197,0,commons/Taj_Mahal_minarets/0/pictures/Taj_(1_of_1)-3.jpg
Taj_Mahal,113197,0,commons/South_side_of_the_Taj_Mahal/0/pictures/Taj_Mahal_2018-01-02zzi.jpg
Taj_Mahal,113197,0,commons/Taj_Mahal_minarets/0/pictures/THE_ONLY_TAJMAHAL.JPG
Taj_Mahal,113197,0,commons/South_side_of_the_Taj_Mahal/0/pictures/Taj_Mahal_2018.jpg
Taj_Mahal,113197,0,commons/Taj_Mahal_minarets/0/pictures/TAj_MAhal_02.jpg
Taj_Mahal,113197,0,commons/South_side_of_the_Taj_Mahal/0/pictures/Taj_Mahal_........._a_tribute_to_Begum_Mumtaj_Mahal.JPG
Taj_Mahal,113197,0,commons/Taj_Mahal_minarets/0/pictures/TAJMAHAL10.jpg
Taj_Mahal,113197,0,commons/South_side_of_the_Taj_Mahal/0/pictures/Taj_Mahal_12_(Friar's_Balsam_Flickr).jpg
Taj_Mahal,113197,0,commons/South_side_of_the_Taj_Mahal/0/pictures/Taj_Mahal_09.jpg
Taj_Mahal,113197,0,commons/South_side_of_the_Taj_Mahal/0/pictures/Taj_Mahal_08a_(2291139768).jpg
Taj_Mahal,113197,0,commons/Taj_Mahal_minarets/0/pictures/TAJ_WITH_YAMUNA.JPG
Taj_Mahal,113197,0,commons/South_side_of_the_Taj_Mahal/0/pictures/Taj_Mahal_08.jpg
Taj_Mahal,113197,0,commons/Taj_Mahal_minarets/0/pictures/TAJ_PILLAR_-_panoramio.jpg
Taj_Mahal,113197,0,commons/South_side_of_the_Taj_Mahal/0/pictures/Taj_Mahal_05.jpg
Taj_Mahal,113197,0,commons/Taj_Mahal_minarets/0/pictures/TAJ_MAHAL-AGRA-UTTARPRADESH-DSC003.jpg
Taj_Mahal,113197,0,commons/South_side_of_the_Taj_Mahal/0/pictures/Taj_Mahal_03.jpg
Taj_Mahal,113197,0,commons/South_side_of_the_Taj_Mahal/0/pictures/Taj_Mahal_02.jpg
Taj_Mahal,113197,0,commons/South_side_of_the_Taj_Mahal/0/pictures/Taj_Mahal_01.jpg
Taj_Mahal,113197,0,commons/Taj_Mahal_minarets/0/pictures/T_Mahal_2010.jpg
Taj_Mahal,113197,0,commons/South_side_of_the_Taj_Mahal/0/pictures/Taj_Mahal_14_(2291141196).jpg
Taj_Mahal,113197,0,commons/South_side_of_the_Taj_Mahal/0/pictures/Taj_Mahal_-_South_Facade_-_Agra_2014-05-14_3988-3993_Compress.JPG
Taj_Mahal,113197,0,commons/South_side_of_the_Taj_Mahal/0/pictures/Taj_Mahal_-_a_beauty_on_earth.jpg
Taj_Mahal,113197,0,commons/South_side_of_the_Taj_Mahal/0/pictures/Taj_Mahal_-_Through_Foilage_IMG_0136.JPG
Taj_Mahal,113197,0,commons/South_side_of_the_Taj_Mahal/0/pictures/Taj_Mahal_-_South_Facade_-_Agra_2014-05-14_3970.JPG
Taj_Mahal,113197,0,commons/South_side_of_the_Taj_Mahal/0/pictures/Taj_Mahal_-_The_Monument.JPG
Taj_Mahal,113197,0,commons/Taj_Mahal_minarets/0/pictures/Sunset_at_taj_mahal_faraz_2.jpg
Taj_Mahal,113197,0,commons/South_side_of_the_Taj_Mahal/0/pictures/Taj_Mahal_-_South-eastern_View_-_Agra_2014-05-14_3947-3949_Compress.JPG
Taj_Mahal,113197,0,commons/South_side_of_the_Taj_Mahal/0/pictures/Taj_Mahal_-_South-eastern_View_-_Agra_2014-05-14_3946.JPG
Taj_Mahal,113197,0,commons/South_side_of_the_Taj_Mahal/0/pictures/Taj_Mahal_-_South-eastern_View_-_Agra_2014-05-14_3945.JPG
Taj_Mahal,113197,0,commons/South_side_of_the_Taj_Mahal/0/pictures/Taj_Mahal_-_panoramio_(3).jpg
Taj_Mahal,113197,0,commons/Taj_Mahal_minarets/0/pictures/Sunset_at_Taj_Mahal.jpg
Taj_Mahal,113197,0,commons/South_side_of_the_Taj_Mahal/0/pictures/Taj_Mahal_-_South_Facade_-_Agra_2014-05-14_3974.JPG
Taj_Mahal,113197,0,commons/South_side_of_the_Taj_Mahal/0/pictures/Taj_Mahal_-_South_Facade_-_Agra_2014-05-14_3973.JPG
Taj_Mahal,113197,0,commons/Taj_Mahal_minarets/0/pictures/South-eastern_Minaret_-_Taj_Mahal_-_Agra_2014-05-14_3802.JPG
Taj_Mahal,113197,0,commons/South_side_of_the_Taj_Mahal/0/pictures/Taj_Mahal_-_South_Facade_-_Agra_2014-05-14_3972.JPG
Taj_Mahal,113197,0,commons/South_side_of_the_Taj_Mahal/0/pictures/Taj_Mahal_-_The_Ultimate_Creation_of_man.jpg
Taj_Mahal,113197,0,commons/South_side_of_the_Taj_Mahal/0/pictures/Taj_Mahal_-_South_Facade_-_Agra_2014-05-14_3955.JPG
Taj_Mahal,113197,0,commons/South_side_of_the_Taj_Mahal/0/pictures/Taj_Mahal_-_South_Facade_-_Agra_2014-05-14_3786-3790_Compress.JPG
Taj_Mahal,113197,0,commons/South_side_of_the_Taj_Mahal/0/pictures/Taj_Mahal_-_South_Facade_-_Agra_2014-05-14_3766.JPG
Taj_Mahal,113197,0,commons/Taj_Mahal_minarets/0/pictures/Right_Minaret_of_Taj_Mahal.jpg
Taj_Mahal,113197,0,commons/South_side_of_the_Taj_Mahal/0/pictures/Taj_Mahal_-_South_Facade_-_Agra_2014-05-14_3762-3764_Compress.JPG
Taj_Mahal,113197,0,commons/Taj_Mahal_minarets/0/pictures/Red_building_with_Taj_pillar.jpg
Taj_Mahal,113197,0,commons/South_side_of_the_Taj_Mahal/0/pictures/Taj_Mahal_-_October_2014.jpg
Taj_Mahal,113197,0,commons/South_side_of_the_Taj_Mahal/0/pictures/Taj_Mahal_-_Main_Mausoleum.jpg
Taj_Mahal,113197,0,commons/South_side_of_the_Taj_Mahal/0/pictures/Taj_Mahal_-_Agra_-_Uttar_Pradesh_-_India_-_01_(12650196895).jpg
Taj_Mahal,113197,0,commons/South_side_of_the_Taj_Mahal/0/pictures/Taj_Mahal_(2378154720).jpg
Taj_Mahal,113197,0,commons/South_side_of_the_Taj_Mahal/0/pictures/Taj_Mahal_(2378148958).jpg
Taj_Mahal,113197,0,commons/South_side_of_the_Taj_Mahal/0/pictures/Taj_Mahal_(8347580691).jpg
Taj_Mahal,113197,0,commons/South_side_of_the_Taj_Mahal/0/pictures/Taj_Mahal_(1581749448).jpg
Taj_Mahal,113197,0,commons/South_side_of_the_Taj_Mahal/0/pictures/Taj_Mahal_(7th_Wonder_of_the_world)_in_Moonlight_2014-05-19_01-34.jpg
Taj_Mahal,113197,0,commons/South_side_of_the_Taj_Mahal/0/pictures/Taj_Mahal_(6612163151).jpg
Taj_Mahal,113197,0,commons/South_side_of_the_Taj_Mahal/0/pictures/Taj_(1_of_1)-22.jpg
Taj_Mahal,113197,0,commons/South_side_of_the_Taj_Mahal/0/pictures/Taj_Mahal_(2378155852).jpg
Taj_Mahal,113197,0,commons/South_side_of_the_Taj_Mahal/0/pictures/Taj_Mahal_-_IMG_20180825_150804_HDR.jpg
Taj_Mahal,113197,0,commons/South_side_of_the_Taj_Mahal/0/pictures/Taj_Mahal_(2378152912).jpg
Taj_Mahal,113197,0,commons/Taj_Mahal_minarets/0/pictures/One_of_the_four_minarets_of_Taj_Mahal.jpg
Taj_Mahal,113197,0,commons/South_side_of_the_Taj_Mahal/0/pictures/Taj_Mahal_(Side_View).jpg
Taj_Mahal,113197,0,commons/South_side_of_the_Taj_Mahal/0/pictures/Taj_Mahal_(2378145954).jpg
Taj_Mahal,113197,0,commons/South_side_of_the_Taj_Mahal/0/pictures/Taj_Mahal_(2378143600).jpg
Taj_Mahal,113197,0,"commons/Taj_Mahal_minarets/0/pictures/Photo1690,_The_Taj.jpg"
Taj_Mahal,113197,0,commons/South_side_of_the_Taj_Mahal/0/pictures/Taj_Mahal_(6799419220).jpg
Taj_Mahal,113197,0,commons/South_side_of_the_Taj_Mahal/0/pictures/Taj_Mahal_!.jpg
Taj_Mahal,113197,0,commons/South_side_of_the_Taj_Mahal/0/pictures/Taj_Mahal_(3).jpg
Taj_Mahal,113197,0,commons/South_side_of_the_Taj_Mahal/0/pictures/Taj_M.jpg
Taj_Mahal,113197,0,commons/Taj_Mahal_minarets/0/pictures/One_of_the_four_tower's_of_Taj_Mahal.JPG
Taj_Mahal,113197,0,commons/South_side_of_the_Taj_Mahal/0/pictures/Taj_@_night.JPG
Taj_Mahal,113197,0,commons/South_side_of_the_Taj_Mahal/0/pictures/Tah_Mahal.JPG
Taj_Mahal,113197,0,commons/South_side_of_the_Taj_Mahal/0/pictures/Taj_3-_Ultimate_Creation.JPG
Taj_Mahal,113197,0,commons/South_side_of_the_Taj_Mahal/0/pictures/Taj_2-_Ultimate_Creation.JPG
Taj_Mahal,113197,0,commons/South_side_of_the_Taj_Mahal/0/pictures/Taj_003.jpg
Taj_Mahal,113197,0,commons/South_side_of_the_Taj_Mahal/0/pictures/Taj_1-_Ultimate_Creation.JPG
Taj_Mahal,113197,0,commons/Taj_Mahal_minarets/0/pictures/One_of_the_Minaret_along_with_the_main_dome_of_Taj_Mahal._A_close_up_view..jpg
Taj_Mahal,113197,0,commons/South_side_of_the_Taj_Mahal/0/pictures/Taj_-_Mahal.JPG
Taj_Mahal,113197,0,commons/Taj_Mahal_minarets/0/pictures/Minaret_of_the_Taj_Mahal_06_(Friar's_Balsam_Flickr).jpg
Taj_Mahal,113197,0,commons/South_side_of_the_Taj_Mahal/0/pictures/Taj_MAHUL_AS_LIKE.JPG
Taj_Mahal,113197,0,commons/South_side_of_the_Taj_Mahal/0/pictures/TAJMAH_AGRA.jpg
Taj_Mahal,113197,0,commons/South_side_of_the_Taj_Mahal/0/pictures/Taj_(1_of_1)-18.jpg
Taj_Mahal,113197,0,commons/South_side_of_the_Taj_Mahal/0/pictures/Taj_8_(6639024495).jpg
Taj_Mahal,113197,0,commons/South_side_of_the_Taj_Mahal/0/pictures/THE_TAJ.JPG
Taj_Mahal,113197,0,commons/South_side_of_the_Taj_Mahal/0/pictures/Sudipta-_chakraborty_Taj_Mhal.jpg
Taj_Mahal,113197,0,commons/Taj_Mahal_minarets/0/pictures/Minaret_of_Tajmahal.jpg
Taj_Mahal,113197,0,commons/South_side_of_the_Taj_Mahal/0/pictures/THE_GREEN_BEAUTY_OF_TAJ_MAHAL.jpg
Taj_Mahal,113197,0,commons/Taj_Mahal_minarets/0/pictures/Minaret_of_Taj_Mahal.JPG
Taj_Mahal,113197,0,commons/South_side_of_the_Taj_Mahal/0/pictures/TEMPLE_OF_LOVE.JPG
Taj_Mahal,113197,0,commons/South_side_of_the_Taj_Mahal/0/pictures/TALISMANIC_TAJ.jpg
Taj_Mahal,113197,0,commons/South_side_of_the_Taj_Mahal/0/pictures/Taj_(1_of_1)-20.jpg
Taj_Mahal,113197,0,commons/South_side_of_the_Taj_Mahal/0/pictures/TAJMAHAL1.JPG
Taj_Mahal,113197,0,commons/Taj_Mahal_minarets/0/pictures/Minaret_of_the_Taj_Mahal_05_(Friar's_Balsam_Flickr).jpg
Taj_Mahal,113197,0,commons/South_side_of_the_Taj_Mahal/0/pictures/TAJ-THE_PRIDE_OF_INDIA.jpg
Taj_Mahal,113197,0,commons/South_side_of_the_Taj_Mahal/0/pictures/TAJ_MAHALagra.jpg
Taj_Mahal,113197,0,commons/South_side_of_the_Taj_Mahal/0/pictures/THE_TAJ_MAHAL_!.jpg
Taj_Mahal,113197,0,commons/South_side_of_the_Taj_Mahal/0/pictures/TAJ_MAHAL_WITH_CLEAR_VIEW.jpg
Taj_Mahal,113197,0,commons/Taj_Mahal_minarets/0/pictures/Mah_2.JPG
Taj_Mahal,113197,0,commons/South_side_of_the_Taj_Mahal/0/pictures/TAJ_MAHAL_MY_LOVE.jpg
Taj_Mahal,113197,0,commons/South_side_of_the_Taj_Mahal/0/pictures/TAJ_MAHAL_IN_THE_MONTH_OF_NOVEMBER.jpg
Taj_Mahal,113197,0,commons/Taj_Mahal_minarets/0/pictures/Magnificent_Minaret_of_Taj_Mahal.jpg
Taj_Mahal,113197,0,commons/South_side_of_the_Taj_Mahal/0/pictures/TAJ_MAHAL_-_SIDE_VIEW.jpg
Taj_Mahal,113197,0,commons/Taj_Mahal_minarets/0/pictures/MINARATE_OF_TAJ_WITH_MASJID_IMG_20170925_115023.jpg
Taj_Mahal,113197,0,commons/South_side_of_the_Taj_Mahal/0/pictures/TAJ_MAHAL_IMAG2659.jpg
Taj_Mahal,113197,0,commons/Taj_Mahal_minarets/0/pictures/Gumbaz_No.1.JPG
Taj_Mahal,113197,0,commons/South_side_of_the_Taj_Mahal/0/pictures/TAJ_MAHAL_IMG_20170925_130021.jpg
Taj_Mahal,113197,0,commons/Taj_Mahal_minarets/0/pictures/Left_Minaret_of_Taj_Mahal.jpg
Taj_Mahal,113197,0,commons/South_side_of_the_Taj_Mahal/0/pictures/TAJ_MAHAL_IMAG2699.jpg
Taj_Mahal,113197,0,commons/South_side_of_the_Taj_Mahal/0/pictures/TAJ_MAHAL_IMAG2691.jpg
Taj_Mahal,113197,0,commons/Taj_Mahal_minarets/0/pictures/Inde_Uttar_Pradesh_Agra_Taj_Mahal_Mausolee_Minaret_Jawab_-_panoramio.jpg
Taj_Mahal,113197,0,commons/South_side_of_the_Taj_Mahal/0/pictures/TAJ_MAHAL_AT_MORNING_TIME.jpg
Taj_Mahal,113197,0,commons/South_side_of_the_Taj_Mahal/0/pictures/TAJ_MAHAL_white_marble.jpg
Taj_Mahal,113197,0,commons/South_side_of_the_Taj_Mahal/0/pictures/TAJ_MAHAL_A_Tribute_To_Love.jpg
Taj_Mahal,113197,0,commons/Taj_Mahal_minarets/0/pictures/India-6150_-_Flickr_-_archer10_(Dennis).jpg
Taj_Mahal,113197,0,commons/South_side_of_the_Taj_Mahal/0/pictures/TAJ_MAHAL_2.JPG
Taj_Mahal,113197,0,commons/Taj_Mahal_minarets/0/pictures/India_DSC01541_(16102318123).jpg
Taj_Mahal,113197,0,commons/South_side_of_the_Taj_Mahal/0/pictures/TAJ_MAHAL_IN_THE_MID_NOON.jpg
Taj_Mahal,113197,0,commons/Taj_Mahal_minarets/0/pictures/India_-_Agra_-_013_(2146742883).jpg
Taj_Mahal,113197,0,commons/South_side_of_the_Taj_Mahal/0/pictures/TAJ_MAHA.jpg
Taj_Mahal,113197,0,commons/South_side_of_the_Taj_Mahal/0/pictures/Synonymous_to_India_-_Taj_Mahal.jpg
Taj_Mahal,113197,0,commons/Taj_Mahal_minarets/0/pictures/MINAR.jpg
Taj_Mahal,113197,0,commons/South_side_of_the_Taj_Mahal/0/pictures/Symbol_of_love_-_The_Great_Taj_Mahal.jpg
Taj_Mahal,113197,0,commons/Taj_Mahal_minarets/0/pictures/FOUR_PILLARS_COVERING_THE_TAJ_MAHAL.jpg
Taj_Mahal,113197,0,commons/South_side_of_the_Taj_Mahal/0/pictures/Shahjahan's_Taj_Mahal.JPG
Taj_Mahal,113197,0,commons/Taj_Mahal_minarets/0/pictures/El_Taj_Mahal-Agra_India0022.JPG
Taj_Mahal,113197,0,commons/South_side_of_the_Taj_Mahal/0/pictures/TAJ_MAHAL_FRONT_VIEW.jpg
Taj_Mahal,113197,0,commons/Taj_Mahal_minarets/0/pictures/Land_of_rich_heritage.jpg
Taj_Mahal,113197,0,commons/South_side_of_the_Taj_Mahal/0/pictures/SYMBOL_OF_LOVE..TAJ_MAHAL.JPG
Taj_Mahal,113197,0,commons/South_side_of_the_Taj_Mahal/0/pictures/South_side_of_the_Taj_Mahal_02.jpg
Taj_Mahal,113197,0,commons/Taj_Mahal_minarets/0/pictures/El_Taj_Mahal-Agra_India0017.JPG
Taj_Mahal,113197,0,commons/South_side_of_the_Taj_Mahal/0/pictures/South_side_of_the_Taj_Mahal_01.jpg
Taj_Mahal,113197,0,commons/Taj_Mahal_minarets/0/pictures/Glimpses_of_Agra_10.JPG
Taj_Mahal,113197,0,commons/South_side_of_the_Taj_Mahal/0/pictures/Slanted_side_view_of_Taj.JPG
Taj_Mahal,113197,0,commons/South_side_of_the_Taj_Mahal/0/pictures/Sidetilt.jpg
Taj_Mahal,113197,0,commons/South_side_of_the_Taj_Mahal/0/pictures/Shining_for_eternity.JPG
Taj_Mahal,113197,0,commons/Taj_Mahal_minarets/0/pictures/Inde_Uttar_Pradesh_Agra_Taj_Mahal_Minaret_Jawab_22022015_-_panoramio.jpg
Taj_Mahal,113197,0,commons/South_side_of_the_Taj_Mahal/0/pictures/ShahjahanTaj.jpg
Taj_Mahal,113197,0,commons/South_side_of_the_Taj_Mahal/0/pictures/Symbol_of_Love...JPG
Taj_Mahal,113197,0,commons/Taj_Mahal_minarets/0/pictures/El_Taj_Mahal-Agra_India0026.JPG
Taj_Mahal,113197,0,commons/South_side_of_the_Taj_Mahal/0/pictures/Shaan_of_Agra.JPG
Taj_Mahal,113197,0,commons/Taj_Mahal_minarets/0/pictures/Inde_Uttar_Pradesh_Agra_Taj_Mahal_Mausolee_Face_Sud_Jardin_22022015_-_panoramio.jpg
Taj_Mahal,113197,0,commons/South_side_of_the_Taj_Mahal/0/pictures/Straight_at_the_TAJ_MAHAL.jpg
Taj_Mahal,113197,0,"commons/South_side_of_the_Taj_Mahal/0/pictures/SEVENTH_WONDER_OF_WORLD_,TAJ_MAHAL.jpg"
Taj_Mahal,113197,0,commons/Taj_Mahal_minarets/0/pictures/El_Taj_Mahal-Agra_India0016.JPG
Taj_Mahal,113197,0,commons/South_side_of_the_Taj_Mahal/0/pictures/Panoramic_View_of_TajMahal.jpg
Taj_Mahal,113197,0,commons/South_side_of_the_Taj_Mahal/0/pictures/Reshma_photography.jpg
Taj_Mahal,113197,0,"commons/Taj_Mahal_minarets/0/pictures/Eastern_wall_and_minaret_of_the_Tomb_at_the_Taj_Mahal,_India,_2013-03_(11551663925).jpg"
Taj_Mahal,113197,0,commons/South_side_of_the_Taj_Mahal/0/pictures/Remembrance_of_love_-_panoramio.jpg
Taj_Mahal,113197,0,commons/South_side_of_the_Taj_Mahal/0/pictures/Prateek_daniel44.jpg
Taj_Mahal,113197,0,"commons/Taj_Mahal_minarets/0/pictures/Dharmapuri,_Forest_Colony,_Tajganj,_Agra,_Uttar_Pradesh,_India_-_panoramio_(12).jpg"
Taj_Mahal,113197,0,commons/South_side_of_the_Taj_Mahal/0/pictures/Prateek_daniel43.jpg
Taj_Mahal,113197,0,commons/Taj_Mahal_minarets/0/pictures/Banke_bihari_(365).JPG
Taj_Mahal,113197,0,commons/South_side_of_the_Taj_Mahal/0/pictures/Prateek_daniel42.jpg
Taj_Mahal,113197,0,commons/Taj_Mahal_minarets/0/pictures/Column_of_Taj_Mahal.JPG
Taj_Mahal,113197,0,commons/South_side_of_the_Taj_Mahal/0/pictures/Pexels-The_tajmahal.jpg
Taj_Mahal,113197,0,commons/South_side_of_the_Taj_Mahal/0/pictures/Panoramic_view_of_Taj_Mahal.JPG
Taj_Mahal,113197,0,commons/South_side_of_the_Taj_Mahal/0/pictures/Retro-taj.jpg
Taj_Mahal,113197,0,commons/Taj_Mahal_minarets/0/pictures/El_Taj_Mahal-Agra_India0022_(alternate).jpg
Taj_Mahal,113197,0,"commons/South_side_of_the_Taj_Mahal/0/pictures/Moment_trip(selfie),_The_great_Taj_Mahal,_Agra.jpg"
Taj_Mahal,113197,0,commons/South_side_of_the_Taj_Mahal/0/pictures/P1010060_Taj_with_a_different_look.JPG
Taj_Mahal,113197,0,commons/Taj_Mahal_minarets/0/pictures/Beautiful_piece_of_Work.JPG
Taj_Mahal,113197,0,commons/South_side_of_the_Taj_Mahal/0/pictures/Recent_view_of_the_Taj_Mahal_by_Masum_Ibn_Musa.jpg
Taj_Mahal,113197,0,commons/Taj_Mahal_minarets/0/pictures/An_evening_at_Tajmahal.JPG
Taj_Mahal,113197,0,commons/South_side_of_the_Taj_Mahal/0/pictures/My_taj_on_sunny_day.jpg
Taj_Mahal,113197,0,commons/South_side_of_the_Taj_Mahal/0/pictures/Monuments_of_Agra.jpg
Taj_Mahal,113197,0,commons/Taj_Mahal_minarets/0/pictures/Banke_bihari_(354).JPG
Taj_Mahal,113197,0,commons/South_side_of_the_Taj_Mahal/0/pictures/Monument_taj_2.jpg
Taj_Mahal,113197,0,"commons/South_side_of_the_Taj_Mahal/0/pictures/P1050010_Taj_Mahal,India-2015_January.JPG"
Taj_Mahal,113197,0,"commons/South_side_of_the_Taj_Mahal/0/pictures/Love_in_the_air,The_great_Taj_Mahal,_Agra1.jpg"
Taj_Mahal,113197,0,commons/Taj_Mahal_minarets/0/pictures/Banke_bihaTaj_Mahalri_(289).JPG
Taj_Mahal,113197,0,"commons/South_side_of_the_Taj_Mahal/0/pictures/Love_in_the_air,The_great_Taj_Mahal,_Agra.jpg"
Taj_Mahal,113197,0,commons/South_side_of_the_Taj_Mahal/0/pictures/Mamtaj_Mahal.jpg
Taj_Mahal,113197,0,commons/Taj_Mahal_minarets/0/pictures/Beautiful_Golden_Taj.jpg
Taj_Mahal,113197,0,commons/South_side_of_the_Taj_Mahal/0/pictures/Main_or_front_view_of_Taj.JPG
Taj_Mahal,113197,0,commons/South_side_of_the_Taj_Mahal/0/pictures/Mahal_of_India.jpg
Taj_Mahal,113197,0,commons/South_side_of_the_Taj_Mahal/0/pictures/MAIN_TAJ_MAHAL.jpg
Taj_Mahal,113197,0,commons/South_side_of_the_Taj_Mahal/0/pictures/Monument_taj1.jpg
Taj_Mahal,113197,0,commons/South_side_of_the_Taj_Mahal/0/pictures/Love_is_so_precious.JPG
Taj_Mahal,113197,0,"commons/South_side_of_the_Taj_Mahal/0/pictures/Mighty_Taj_Mahal,_India.jpg"
Taj_Mahal,113197,0,"commons/Taj_Mahal_minarets/0/pictures/Agra,_Taj_Mahal_(2002)_48.jpg"
Taj_Mahal,113197,0,commons/South_side_of_the_Taj_Mahal/0/pictures/Like_A_Pearl_(60650624).jpeg
Taj_Mahal,113197,0,"commons/Taj_Mahal_minarets/0/pictures/Agra,_India_Taj_Mahal_(415489592).jpg"
Taj_Mahal,113197,0,commons/South_side_of_the_Taj_Mahal/0/pictures/Le_Taj_vu_d'un_restaurant.jpg
Taj_Mahal,113197,0,commons/South_side_of_the_Taj_Mahal/0/pictures/India-6085_-_Flickr_-_archer10_(Dennis).jpg
Taj_Mahal,113197,0,commons/Taj_Mahal_minarets/0/pictures/Agra_tajmahal_side_view_3.jpg
Taj_Mahal,113197,0,commons/South_side_of_the_Taj_Mahal/0/pictures/India_Trip_2009_390.jpg
Taj_Mahal,113197,0,commons/South_side_of_the_Taj_Mahal/0/pictures/IMG_20170826_164309_-_Copy_-_Copy.jpg
Taj_Mahal,113197,0,commons/South_side_of_the_Taj_Mahal/0/pictures/L()VE_Taj_...jpg
Taj_Mahal,113197,0,commons/Taj_Mahal_minarets/0/pictures/Agra-Taj_Mahal-40-Nordostminarett-2018-gje.jpg
Taj_Mahal,113197,0,commons/South_side_of_the_Taj_Mahal/0/pictures/Kkm_Taj_Mahal_Agra_India_2.jpg
Taj_Mahal,113197,0,commons/Taj_Mahal_minarets/0/pictures/Aftensol_ved_Taj_Mahal_(1952)_(16253334523).jpg
Taj_Mahal,113197,0,commons/South_side_of_the_Taj_Mahal/0/pictures/India1961-136_hg.jpg
Taj_Mahal,113197,0,commons/Taj_Mahal_minarets/0/pictures/A_different_angle.jpg
Taj_Mahal,113197,0,"commons/South_side_of_the_Taj_Mahal/0/pictures/Jacqueline_Kennedy_at_the_Taj_Mahal,_15_March_1962.jpg"
Taj_Mahal,113197,0,commons/Taj_Mahal_in_2018/0/pictures/Tajpart3.jpg
Taj_Mahal,113197,0,commons/South_side_of_the_Taj_Mahal/0/pictures/Glimpses_of_Agra_3.JPG
Taj_Mahal,113197,0,commons/South_side_of_the_Taj_Mahal/0/pictures/Inde_Uttar_Pradesh_Agra_Taj_Mahal_Mausolee_22022015_-_panoramio.jpg
Taj_Mahal,113197,0,commons/Taj_Mahal_in_2018/0/pictures/Mosque_Taj_Mahal_IMG_5767.jpg
Taj_Mahal,113197,0,commons/South_side_of_the_Taj_Mahal/0/pictures/Landscape_shot.jpg
Taj_Mahal,113197,0,commons/Taj_Mahal_in_2022/0/pictures/The_taj_maha.jpg
Taj_Mahal,113197,0,commons/South_side_of_the_Taj_Mahal/0/pictures/IMG_20170826_164025_-_Copy_-_Copy.jpg
Taj_Mahal,113197,0,commons/Taj_Mahal_in_2021/0/pictures/Taj_mahal_during_morning.jpg
Taj_Mahal,113197,0,commons/South_side_of_the_Taj_Mahal/0/pictures/L1000677-Edit_(4982347641).jpg
Taj_Mahal,113197,0,commons/South_side_of_the_Taj_Mahal/0/pictures/India_-_Agra_-_005_(2147555616).jpg
Taj_Mahal,113197,0,commons/Taj_Mahal_in_2021/0/pictures/2021-12-04_Taj_Mahal.jpg
Taj_Mahal,113197,0,commons/South_side_of_the_Taj_Mahal/0/pictures/India_(64886174).jpg
Taj_Mahal,113197,0,commons/South_side_of_the_Taj_Mahal/0/pictures/Inde_Uttar_Pradesh_Mausolee_Jardin_22022015_-_panoramio.jpg
Taj_Mahal,113197,0,commons/Taj_Mahal_in_2018/0/pictures/TheGreatTaj_07.jpg
Taj_Mahal,113197,0,commons/South_side_of_the_Taj_Mahal/0/pictures/India-6117_-_Taj_Mahal_(2215341546).jpg
Taj_Mahal,113197,0,commons/South_side_of_the_Taj_Mahal/0/pictures/India-6094_-_Taj_Mahal_(2215339142).jpg
Taj_Mahal,113197,0,commons/Taj_Mahal_in_2018/0/pictures/Tajpart2.jpg
Taj_Mahal,113197,0,commons/South_side_of_the_Taj_Mahal/0/pictures/Front_of_Taj_Mahal.jpg
Taj_Mahal,113197,0,commons/Taj_Mahal_in_2018/0/pictures/Tajpart1.jpg
Taj_Mahal,113197,0,commons/South_side_of_the_Taj_Mahal/0/pictures/Front_full.jpg
Taj_Mahal,113197,0,commons/Taj_Mahal_in_2018/0/pictures/Skyscapes.jpg
Taj_Mahal,113197,0,commons/South_side_of_the_Taj_Mahal/0/pictures/India_8(5).jpg
Taj_Mahal,113197,0,commons/Taj_Mahal_in_2022/0/pictures/TAJ_MAHAL_WITH_REFLECTION.jpg
Taj_Mahal,113197,0,commons/South_side_of_the_Taj_Mahal/0/pictures/India_8(4).jpg
Taj_Mahal,113197,0,commons/Taj_Mahal_in_2018/0/pictures/Kali_masjid_near_Taj_Mahal.jpg
Taj_Mahal,113197,0,commons/South_side_of_the_Taj_Mahal/0/pictures/IMG_20170826_163929_-_Copy_-_Copy.jpg
Taj_Mahal,113197,0,"commons/Taj_Mahal_in_2018/0/pictures/Jaan_mahal,_The_great_Taj_Mahal,_Agra1.jpg"
Taj_Mahal,113197,0,commons/South_side_of_the_Taj_Mahal/0/pictures/Hamara_Taj_Mahal.jpg
Taj_Mahal,113197,0,commons/South_side_of_the_Taj_Mahal/0/pictures/Inde_Uttar_Pradesh_Agra_Taj_Mahal_Mausolee_Face_Sud_-_panoramio.jpg
Taj_Mahal,113197,0,commons/Taj_Mahal_in_2019/0/pictures/Kali_Masjid_-Taj_Mahal.jpg
Taj_Mahal,113197,0,commons/South_side_of_the_Taj_Mahal/0/pictures/Glimpses_of_Agra_4.JPG
Taj_Mahal,113197,0,"commons/South_side_of_the_Taj_Mahal/0/pictures/Fascinating_view_of_the_Taj_Mahal,_Agra,_India.jpg"
Taj_Mahal,113197,0,commons/South_side_of_the_Taj_Mahal/0/pictures/INDIAS_HEART.jpg
Taj_Mahal,113197,0,commons/Taj_Mahal_in_2016/0/pictures/Agra_03-2016_07_Taj_Mahal_complex.jpg
Taj_Mahal,113197,0,commons/South_side_of_the_Taj_Mahal/0/pictures/IMG_20170826_164637_-_Copy_-_Copy.jpg
Taj_Mahal,113197,0,commons/South_side_of_the_Taj_Mahal/0/pictures/Closeup_of_taj.JPG
Taj_Mahal,113197,0,"commons/South_side_of_the_Taj_Mahal/0/pictures/Best_view_of_the_great_Taj_Mahal,_Agra1.jpg"
Taj_Mahal,113197,0,commons/Taj_Mahal_in_2017/0/pictures/The_Beautiful_Taj_with_my_Eyes!.jpg
Taj_Mahal,113197,0,commons/South_side_of_the_Taj_Mahal/0/pictures/From_Love_from_Shahajahn_to_Mumtaj.jpg
Taj_Mahal,113197,0,commons/Taj_Mahal_in_2017/0/pictures/IMG_Taj_Mahal_002_by_Ray.jpg
Taj_Mahal,113197,0,commons/South_side_of_the_Taj_Mahal/0/pictures/First_Lady_Jacqueline_Kennedy_at_Taj_Mahal_(8).jpg
Taj_Mahal,113197,0,commons/Taj_Mahal_in_2017/0/pictures/Cloudy_sandstone_beauty.jpg
Taj_Mahal,113197,0,commons/South_side_of_the_Taj_Mahal/0/pictures/First_Lady_Jacqueline_Kennedy_at_Taj_Mahal_(4).jpg
Taj_Mahal,113197,0,"commons/Taj_Mahal_in_2018/0/pictures/Jaan_mahal,_The_great_Taj_Mahal,_Agra.jpg"
Taj_Mahal,113197,0,commons/South_side_of_the_Taj_Mahal/0/pictures/First_Lady_Jacqueline_Kennedy_at_Taj_Mahal_(3).jpg
Taj_Mahal,113197,0,commons/Taj_Mahal_in_2018/0/pictures/Full_view_of_Taj_from_entrance.jpg
Taj_Mahal,113197,0,commons/South_side_of_the_Taj_Mahal/0/pictures/Front_of_The_TAJ.jpg
Taj_Mahal,113197,0,commons/South_side_of_the_Taj_Mahal/0/pictures/Exotic_Taj_Mahal..JPG
Taj_Mahal,113197,0,commons/South_side_of_the_Taj_Mahal/0/pictures/Front_far_view_of_taj_mahal.jpg
Taj_Mahal,113197,0,commons/Taj_Mahal_in_2016/0/pictures/Agra_03-2016_08_Taj_Mahal_complex.jpg
Taj_Mahal,113197,0,commons/South_side_of_the_Taj_Mahal/0/pictures/Front_View_of_Taj_Mahal.JPG
Taj_Mahal,113197,0,commons/South_side_of_the_Taj_Mahal/0/pictures/Banke_bihaTaj_Mahalri_(275).JPG
Taj_Mahal,113197,0,commons/Taj_Mahal_in_2016/0/pictures/Agra_03-2016_06_Taj_Mahal_complex.jpg
Taj_Mahal,113197,0,commons/South_side_of_the_Taj_Mahal/0/pictures/El_Taj_Mahal-Agra_India0001.JPG
Taj_Mahal,113197,0,commons/Taj_Mahal_in_2016/0/pictures/Agra_03-2016_05_Taj_Mahal_complex.jpg
Taj_Mahal,113197,0,commons/South_side_of_the_Taj_Mahal/0/pictures/El_Taj_Mahal_-_Agra.jpg
Taj_Mahal,113197,0,"commons/South_side_of_the_Taj_Mahal/0/pictures/Best_view_of_the_great_Taj_Mahal,_Agra6.jpg"
Taj_Mahal,113197,0,commons/South_side_of_the_Taj_Mahal/0/pictures/Different_view_of_Tajmahal.JPG
Taj_Mahal,113197,0,commons/Taj_Mahal_in_2017/0/pictures/P_20170821_170413-EFFECTS.jpg
Taj_Mahal,113197,0,commons/South_side_of_the_Taj_Mahal/0/pictures/Banke_bihaTaj_Mahalri_(303).JPG
Taj_Mahal,113197,0,"commons/South_side_of_the_Taj_Mahal/0/pictures/Best_view_of_the_great_Taj_Mahal,_Agra3.jpg"
Taj_Mahal,113197,0,commons/South_side_of_the_Taj_Mahal/0/pictures/El_Taj_Mahal-Agra_India0029.JPG
Taj_Mahal,113197,0,commons/Taj_Mahal_in_2015/0/pictures/Complete_Taj_Mahal.jpg
Taj_Mahal,113197,0,commons/South_side_of_the_Taj_Mahal/0/pictures/El_Taj_Mahal-Agra_India0008.JPG
Taj_Mahal,113197,0,commons/Taj_Mahal_in_2015/0/pictures/Aasil_Atif_Khan_-_Glory_of_the_Taj_Mahal_in_Agra_India.JPG
Taj_Mahal,113197,0,commons/South_side_of_the_Taj_Mahal/0/pictures/El_Taj_Mahal-Agra_India0005.JPG
Taj_Mahal,113197,0,"commons/Taj_Mahal_in_2014/0/pictures/Visiting_Taj_Mahal,_Agra_(37167823441).jpg"
Taj_Mahal,113197,0,commons/South_side_of_the_Taj_Mahal/0/pictures/Beauty_of_Taj_Mahal_can_only_felt_by_heart.jpg
Taj_Mahal,113197,0,commons/Taj_Mahal_in_2014/0/pictures/The_Taj_Mahal_Agra.jpg
Taj_Mahal,113197,0,commons/South_side_of_the_Taj_Mahal/0/pictures/Beautiful_taj......!_01.jpg
Taj_Mahal,113197,0,commons/Taj_Mahal_in_2014/0/pictures/The_Taj_Mahal_002.jpg
Taj_Mahal,113197,0,commons/South_side_of_the_Taj_Mahal/0/pictures/Early_morning_sunny_taj.JPG
Taj_Mahal,113197,0,commons/Taj_Mahal_in_2014/0/pictures/The_Taj_Mahal_003.jpg
Taj_Mahal,113197,0,commons/South_side_of_the_Taj_Mahal/0/pictures/Banke_bTaj_Mahalihari_(254).JPG
Taj_Mahal,113197,0,"commons/South_side_of_the_Taj_Mahal/0/pictures/Dharmapuri,_Forest_Colony,_Tajganj,_Agra,_Uttar_Pradesh,_India_-_panoramio_(9).jpg"
Taj_Mahal,113197,0,commons/South_side_of_the_Taj_Mahal/0/pictures/Crownofpalaces.jpg
Taj_Mahal,113197,0,commons/Taj_Mahal_in_2012/0/pictures/What_else_but..._Wah_Taj!!!_(6871027245).jpg
Taj_Mahal,113197,0,commons/South_side_of_the_Taj_Mahal/0/pictures/Autumn_taj.jpg
Taj_Mahal,113197,0,commons/Taj_Mahal_in_2014/0/pictures/A_Tale_of_Love.jpg
Taj_Mahal,113197,0,commons/South_side_of_the_Taj_Mahal/0/pictures/Cielo_de_el_Taj_Mahal.jpg
Taj_Mahal,113197,0,commons/South_side_of_the_Taj_Mahal/0/pictures/C360_2012-01-22-14-30-38.jpg
Taj_Mahal,113197,0,commons/Taj_Mahal_in_2013/0/pictures/Holy_light_of_LOVE.jpg
Taj_Mahal,113197,0,"commons/South_side_of_the_Taj_Mahal/0/pictures/Best_view_of_the_great_Taj_Mahal,_Agra9.jpg"
Taj_Mahal,113197,0,"commons/South_side_of_the_Taj_Mahal/0/pictures/Best_view_of_the_great_Taj_Mahal,_Agra7.jpg"
Taj_Mahal,113197,0,commons/South_side_of_the_Taj_Mahal/0/pictures/Base_tomb_(Taj_Mahal).jpg
Taj_Mahal,113197,0,"commons/South_side_of_the_Taj_Mahal/0/pictures/Best_view_of_the_great_Taj_Mahal,_Agra5.jpg"
Taj_Mahal,113197,0,"commons/South_side_of_the_Taj_Mahal/0/pictures/Best_view_of_the_great_Taj_Mahal,_Agra4.jpg"
Taj_Mahal,113197,0,commons/South_side_of_the_Taj_Mahal/0/pictures/Banke_bihaTaj_Mahalri_(293).JPG
Taj_Mahal,113197,0,"commons/Taj_Mahal_in_2014/0/pictures/Taj_Mahal,_Agra,_India_(21198543251).jpg"
Taj_Mahal,113197,0,"commons/South_side_of_the_Taj_Mahal/0/pictures/Best_view_of_the_great_Taj_Mahal,_Agra2.jpg"
Taj_Mahal,113197,0,"commons/Taj_Mahal_in_2014/0/pictures/Taj_Mahal_Building_in_Agra,_India.jpg"
Taj_Mahal,113197,0,"commons/South_side_of_the_Taj_Mahal/0/pictures/Best_view_of_the_great_Taj_Mahal,_Agra.jpg"
Taj_Mahal,113197,0,commons/South_side_of_the_Taj_Mahal/0/pictures/Banke_bihaTaj_Mahalri_(274).JPG
Taj_Mahal,113197,0,"commons/Taj_Mahal_in_2012/0/pictures/Flowers_in_marble,_right_part,_Taj_Mahal,_Agra,_India.jpg"
Taj_Mahal,113197,0,commons/South_side_of_the_Taj_Mahal/0/pictures/Banke_biVrindavanhari_(220).JPG
Taj_Mahal,113197,0,"commons/Taj_Mahal_in_2012/0/pictures/Flowers_in_marble,_right_part_2,_Taj_Mahal,_Agra,_India.jpg"
Taj_Mahal,113197,0,commons/South_side_of_the_Taj_Mahal/0/pictures/Banke_bTaj_Mahalihari_(255).JPG
Taj_Mahal,113197,0,"commons/Taj_Mahal_in_2012/0/pictures/Flowers_in_marble,_left_part,_Taj_Mahal,_Agra,_India.jpg"
Taj_Mahal,113197,0,commons/South_side_of_the_Taj_Mahal/0/pictures/Banke_bihaTaj_Mahalri_(307).JPG
Taj_Mahal,113197,0,commons/South_side_of_the_Taj_Mahal/0/pictures/Banke_bTaj_Mahalihari_(247).JPG
Taj_Mahal,113197,0,"commons/Taj_Mahal_in_2012/0/pictures/Flowers_in_marble,_Taj_Mahal,_Agra,_India.jpg"
Taj_Mahal,113197,0,commons/South_side_of_the_Taj_Mahal/0/pictures/Banke_bTaj_Mahalihari_(245).JPG
Taj_Mahal,113197,0,commons/South_side_of_the_Taj_Mahal/0/pictures/Banke_bihaTaj_Mahalri_(292).JPG
Taj_Mahal,113197,0,"commons/Taj_Mahal_in_2012/0/pictures/Flowers_in_marble,_Taj_Mahal,_Agra,_India_1.jpg"
Taj_Mahal,113197,0,commons/South_side_of_the_Taj_Mahal/0/pictures/Banke_bihaTaj_Mahalri_(287).JPG
Taj_Mahal,113197,0,commons/South_side_of_the_Taj_Mahal/0/pictures/Another_view_of_taj.jpg
Taj_Mahal,113197,0,commons/Taj_Mahal_in_2012/0/pictures/The_Taj_glistenes_in_the_soft_morning_beams..._(6871034575).jpg
Taj_Mahal,113197,0,commons/South_side_of_the_Taj_Mahal/0/pictures/Another_view_from_side.jpg
Taj_Mahal,113197,0,commons/Taj_Mahal_in_2012/0/pictures/One_morning_at_Taj_(7499710360).jpg
Taj_Mahal,113197,0,commons/South_side_of_the_Taj_Mahal/0/pictures/Agra2017_0805-HDR.jpg
Taj_Mahal,113197,0,commons/South_side_of_the_Taj_Mahal/0/pictures/Aha_waah_taz.jpg
Taj_Mahal,113197,0,commons/South_side_of_the_Taj_Mahal/0/pictures/Agratajmahalindia.jpg
Taj_Mahal,113197,0,commons/South_side_of_the_Taj_Mahal/0/pictures/Agra7.JPG
Taj_Mahal,113197,0,commons/Taj_Mahal_in_2012/0/pictures/Banke_bTaj_Mahalihari_(256).JPG
Taj_Mahal,113197,0,commons/South_side_of_the_Taj_Mahal/0/pictures/Agra-Taj-Mahal-Mausoleum-Apr-2008-07.jpg
Taj_Mahal,113197,0,commons/Taj_Mahal_in_2012/0/pictures/Banke_bTaj_Mahalihari_(253).JPG
Taj_Mahal,113197,0,commons/South_side_of_the_Taj_Mahal/0/pictures/Agra-Taj_Mahal-View_from_the_Mughal_garden_reflecting_pond-20131019_(cropped).jpg
Taj_Mahal,113197,0,commons/Taj_Mahal_in_2012/0/pictures/Banke_bTaj_Mahalihari_(251).JPG
Taj_Mahal,113197,0,commons/South_side_of_the_Taj_Mahal/0/pictures/Aman145.jpg
Taj_Mahal,113197,0,commons/South_side_of_the_Taj_Mahal/0/pictures/Agra2017_0692-Pano.jpg
Taj_Mahal,113197,0,commons/South_side_of_the_Taj_Mahal/0/pictures/Agra14.JPG
Taj_Mahal,113197,0,commons/South_side_of_the_Taj_Mahal/0/pictures/Agra_tajmahal_perspective_view_5.jpg
Taj_Mahal,113197,0,commons/South_side_of_the_Taj_Mahal/0/pictures/Agra6.JPG
Taj_Mahal,113197,0,commons/South_side_of_the_Taj_Mahal/0/pictures/Agra-Taj_Mahal-58-Suedseite-2018-gje.jpg
Taj_Mahal,113197,0,commons/South_side_of_the_Taj_Mahal/0/pictures/Agra-Taj_Mahal-22-Suedseite-2018-gje.jpg
Taj_Mahal,113197,0,commons/South_side_of_the_Taj_Mahal/0/pictures/Agra-Taj_Mahal-20-Suedseite-2018-gje.jpg
Taj_Mahal,113197,0,"commons/South_side_of_the_Taj_Mahal/0/pictures/Agra,_Taj_Mahal_(2002)_17.jpg"
Taj_Mahal,113197,0,commons/South_side_of_the_Taj_Mahal/0/pictures/Agra_tajmahal_prespective_view_7.jpg
Taj_Mahal,113197,0,commons/South_side_of_the_Taj_Mahal/0/pictures/Agra13.JPG
Taj_Mahal,113197,0,commons/Taj_Mahal_in_2012/0/pictures/Banke_bTaj_Mahalihari_(224).JPG
Taj_Mahal,113197,0,commons/South_side_of_the_Taj_Mahal/0/pictures/Agra_tajmahal_perspective_view_4.jpg
Taj_Mahal,113197,0,commons/South_side_of_the_Taj_Mahal/0/pictures/A_view_from_entrance.jpg
Taj_Mahal,113197,0,commons/Taj_Mahal_in_2011/0/pictures/Taj_Mahal_2011_06.JPG
Taj_Mahal,113197,0,commons/South_side_of_the_Taj_Mahal/0/pictures/Agra_taj_mahal.jpg
Taj_Mahal,113197,0,"commons/Taj_Mahal_in_2011/0/pictures/Taj_Mahal,_Agra,_Uttar_Pradesh,_India_-_ताज_महल,_आगरा,_उत्तर_प्रदेश,_भारत_(10226505733).jpg"
Taj_Mahal,113197,0,commons/South_side_of_the_Taj_Mahal/0/pictures/Agra_Taj_Mahal.jpg
Taj_Mahal,113197,0,commons/Taj_Mahal_in_2011/0/pictures/Taj_Mahal_44_(Friar's_Balsam_Flickr).jpg
Taj_Mahal,113197,0,commons/South_side_of_the_Taj_Mahal/0/pictures/A_visit_by_me_in_Taj_Mahal.jpg
Taj_Mahal,113197,0,commons/Taj_Mahal_in_2011/0/pictures/Taj_Mahal_41_(Friar's_Balsam_Flickr).jpg
Taj_Mahal,113197,0,commons/South_side_of_the_Taj_Mahal/0/pictures/A_view_of_Taj_Mahal_from_the_south-western_side_of_the_Garden.jpg
Taj_Mahal,113197,0,commons/Taj_Mahal_in_2011/0/pictures/Taj_Mahal_40_(Friar's_Balsam_Flickr).jpg
Taj_Mahal,113197,0,commons/South_side_of_the_Taj_Mahal/0/pictures/A_view_of_Taj_Mahal.jpg
Taj_Mahal,113197,0,commons/Taj_Mahal_in_2011/0/pictures/Taj_Mahal_39_(Friar's_Balsam_Flickr).jpg
Taj_Mahal,113197,0,commons/South_side_of_the_Taj_Mahal/0/pictures/A_view_from_side.jpg
Taj_Mahal,113197,0,commons/South_side_of_the_Taj_Mahal/0/pictures/Agra_tajmahal_perspective_view_3.jpg
Taj_Mahal,113197,0,commons/South_side_of_the_Taj_Mahal/0/pictures/A_rare_view_of_Taj_Mahal.jpg
Taj_Mahal,113197,0,commons/Taj_Mahal_in_2011/0/pictures/Taj_Mahal_46_(Friar's_Balsam_Flickr).jpg
Taj_Mahal,113197,0,commons/South_side_of_the_Taj_Mahal/0/pictures/A_monument_to_behold_-_So_close_to_the_Heart_-_The_TAJ_MAHAL.jpg
Taj_Mahal,113197,0,commons/Taj_Mahal_in_2011/0/pictures/Taj_Mahal_45_(Friar's_Balsam_Flickr).jpg
Taj_Mahal,113197,0,commons/South_side_of_Taj_Mahal_Tomb_viewed_from_the_gateway/0/pictures/Visitors_stop_to_capture_their_first_glimpse_of_the_Taj_Mahal_after_entering_the_Great_Gate_2013-03_India_038_(11551351044).jpg
Taj_Mahal,113197,0,commons/South_side_of_the_Taj_Mahal/0/pictures/Agra_Taj_Mahal_34566.jpg
Taj_Mahal,113197,0,commons/Taj_Mahal_in_2011/0/pictures/Taj_Mahal_43_(Friar's_Balsam_Flickr).jpg
Taj_Mahal,113197,0,commons/South_side_of_the_Taj_Mahal/0/pictures/A_Tale_of_Love.jpg
Taj_Mahal,113197,0,commons/South_side_of_the_Taj_Mahal/0/pictures/A_Natural_Frame_for_the_Wonder.jpg
Taj_Mahal,113197,0,commons/South_side_of_Taj_Mahal_Tomb_viewed_from_the_gateway/0/pictures/Vaddipar_taj_mahal_illusion.jpg
Taj_Mahal,113197,0,commons/South_side_of_the_Taj_Mahal/0/pictures/A_Close_View_of_Taj_Mahal.jpg
Taj_Mahal,113197,0,commons/South_side_of_Taj_Mahal_Tomb_viewed_from_the_gateway/0/pictures/The_great_Taj_Tajmahal_Agra_India.jpg
Taj_Mahal,113197,0,commons/South_side_of_Taj_Mahal_Tomb_viewed_from_the_gateway/0/pictures/The_TajMahal.jpg
Taj_Mahal,113197,0,commons/South_side_of_Taj_Mahal_Tomb_viewed_from_the_gateway/0/pictures/泰姬陵_Taj_Mahal_-_panoramio_(2).jpg
Taj_Mahal,113197,0,commons/South_side_of_Taj_Mahal_Tomb_viewed_from_the_gateway/0/pictures/Way_to_Taj.JPG
Taj_Mahal,113197,0,commons/Taj_Mahal_in_2011/0/pictures/Taj_Mahal_25_(Friar's_Balsam_Flickr).jpg
Taj_Mahal,113197,0,commons/South_side_of_the_Taj_Mahal/0/pictures/A_child_with_Taj_Mahal.jpg
Taj_Mahal,113197,0,commons/South_side_of_Taj_Mahal_Tomb_viewed_from_the_gateway/0/pictures/View_of_the_Taj_Mahal_from_the_entrance.jpg
Taj_Mahal,113197,0,commons/South_side_of_Taj_Mahal_Tomb_viewed_from_the_gateway/0/pictures/View_of_Tajmahal_from_entrance_gate.jpg
Taj_Mahal,113197,0,commons/Taj_Mahal_in_2011/0/pictures/Taj_Mahal_19_(Friar's_Balsam_Flickr).jpg
Taj_Mahal,113197,0,commons/South_side_of_the_Taj_Mahal/0/pictures/A_Monument_of_Love.jpg
Taj_Mahal,113197,0,commons/Taj_Mahal_in_2011/0/pictures/Taj_Mahal_21_(Friar's_Balsam_Flickr).jpg
Taj_Mahal,113197,0,commons/South_side_of_Taj_Mahal_Tomb_viewed_from_the_gateway/0/pictures/Typical_Taj_view.jpg
Taj_Mahal,113197,0,commons/South_side_of_the_Taj_Mahal/0/pictures/-_panoramio_(611).jpg
Taj_Mahal,113197,0,commons/Taj_Mahal_in_2011/0/pictures/Taj_Mahal_2011_12.JPG
Taj_Mahal,113197,0,commons/South_side_of_Taj_Mahal_Tomb_viewed_from_the_gateway/0/pictures/The_Taj_as_seen_from_it's_main_entrance.jpg
Taj_Mahal,113197,0,commons/South_side_of_Taj_Mahal_Tomb_viewed_from_the_gateway/0/pictures/Tajmahal..the_entrance.jpg
Taj_Mahal,113197,0,commons/South_side_of_Taj_Mahal_Tomb_viewed_from_the_gateway/0/pictures/The_Taj_Mahal_at_rainy_day.JPG
Taj_Mahal,113197,0,commons/Taj_Mahal_in_2011/0/pictures/Taj_Mahal_2011_05.JPG
Taj_Mahal,113197,0,commons/South_side_of_Taj_Mahal_Tomb_viewed_from_the_gateway/0/pictures/The_Taj_Mahal_Seen_Through_The_Royal_Gate.jpg
Taj_Mahal,113197,0,"commons/South_side_of_Taj_Mahal_Tomb_viewed_from_the_gateway/0/pictures/The_Scenic_Beauty,_Taj_Mahal_Entrance.jpg"
Taj_Mahal,113197,0,commons/Taj_Mahal_in_2011/0/pictures/Taj_Mahal_22_(Friar's_Balsam_Flickr).jpg
Taj_Mahal,113197,0,commons/South_side_of_Taj_Mahal_Tomb_viewed_from_the_gateway/0/pictures/Tantalizing_Taj.jpg
Taj_Mahal,113197,0,commons/South_side_of_Taj_Mahal_Tomb_viewed_from_the_gateway/0/pictures/Thaj.jpg
Taj_Mahal,113197,0,commons/South_side_of_Taj_Mahal_Tomb_viewed_from_the_gateway/0/pictures/Tak_mahal.jpg
Taj_Mahal,113197,0,commons/Taj_Mahal_in_2011/0/pictures/Taj_Mahal_16_(Friar's_Balsam_Flickr).jpg
Taj_Mahal,113197,0,commons/South_side_of_Taj_Mahal_Tomb_viewed_from_the_gateway/0/pictures/Tajmahal21.JPG
Taj_Mahal,113197,0,commons/Taj_Mahal_in_2011/0/pictures/Taj_Mahal_14_(Friar's_Balsam_Flickr).jpg
Taj_Mahal,113197,0,commons/South_side_of_Taj_Mahal_Tomb_viewed_from_the_gateway/0/pictures/Tajmahal.1.jpg
Taj_Mahal,113197,0,commons/Taj_Mahal_in_2011/0/pictures/Taj_Mahal_13_(Friar's_Balsam_Flickr).jpg
Taj_Mahal,113197,0,commons/South_side_of_Taj_Mahal_Tomb_viewed_from_the_gateway/0/pictures/The_Taj_Mahal_in_white_with_black_background.JPG
Taj_Mahal,113197,0,commons/Taj_Mahal_in_2011/0/pictures/Minaret_of_the_Taj_Mahal_06_(Friar's_Balsam_Flickr).jpg
Taj_Mahal,113197,0,commons/South_side_of_Taj_Mahal_Tomb_viewed_from_the_gateway/0/pictures/Tajmahal...a_beautiful_monument.jpg
Taj_Mahal,113197,0,commons/Taj_Mahal_in_2011/0/pictures/Taj_Mahal_11_(Friar's_Balsam_Flickr).jpg
Taj_Mahal,113197,0,commons/South_side_of_Taj_Mahal_Tomb_viewed_from_the_gateway/0/pictures/Tajmahal-sl.jpg
Taj_Mahal,113197,0,commons/South_side_of_Taj_Mahal_Tomb_viewed_from_the_gateway/0/pictures/The_Symbol_of_Indian's_one_of_the_great_monument.jpg
Taj_Mahal,113197,0,commons/Taj_Mahal_in_2011/0/pictures/Taj_Mahal_20_(Friar's_Balsam_Flickr).jpg
Taj_Mahal,113197,0,commons/South_side_of_Taj_Mahal_Tomb_viewed_from_the_gateway/0/pictures/Tajmahal_view_from_Front_Gate.jpg
Taj_Mahal,113197,0,commons/Taj_Mahal_in_2011/0/pictures/Taj_Mahal_05_(Friar's_Balsam_Flickr).jpg
Taj_Mahal,113197,0,commons/South_side_of_Taj_Mahal_Tomb_viewed_from_the_gateway/0/pictures/Tajmahal_-Agra_-Uttar_Pradesh-IMG_0128.jpg
Taj_Mahal,113197,0,commons/South_side_of_Taj_Mahal_Tomb_viewed_from_the_gateway/0/pictures/Tajma.jpg
Taj_Mahal,113197,0,commons/South_side_of_Taj_Mahal_Tomb_viewed_from_the_gateway/0/pictures/Tajamahal_1.jpg
Taj_Mahal,113197,0,commons/South_side_of_Taj_Mahal_Tomb_viewed_from_the_gateway/0/pictures/TajMahal_The_Great.jpg
Taj_Mahal,113197,0,commons/South_side_of_Taj_Mahal_Tomb_viewed_from_the_gateway/0/pictures/TajMahal_Agra_UP_PICT0147.jpg
Taj_Mahal,113197,0,commons/South_side_of_Taj_Mahal_Tomb_viewed_from_the_gateway/0/pictures/TajMahal_-_enthralling_beauty.jpg
Taj_Mahal,113197,0,commons/Taj_Mahal_in_2011/0/pictures/Taj_Mahal_12_(Friar's_Balsam_Flickr).jpg
Taj_Mahal,113197,0,commons/South_side_of_Taj_Mahal_Tomb_viewed_from_the_gateway/0/pictures/TajFromGateway2.jpg
Taj_Mahal,113197,0,commons/Taj_Mahal_in_2010/0/pictures/Taj_Mahal_(5104673803).jpg
Taj_Mahal,113197,0,"commons/South_side_of_Taj_Mahal_Tomb_viewed_from_the_gateway/0/pictures/Taj-Agra,Uttar_Pradesh,India,.jpg"
Taj_Mahal,113197,0,commons/Taj_Mahal_in_2010/0/pictures/Agra_-_Taj_Mahal_(5105274312).jpg
Taj_Mahal,113197,0,commons/South_side_of_Taj_Mahal_Tomb_viewed_from_the_gateway/0/pictures/Taj's_view_from_the_boundary_gate.jpg
Taj_Mahal,113197,0,commons/Taj_Mahal_in_2011/0/pictures/Taj_Mahal_07_(Friar's_Balsam_Flickr).jpg
Taj_Mahal,113197,0,commons/South_side_of_Taj_Mahal_Tomb_viewed_from_the_gateway/0/pictures/Taj_very_diff_view.JPG
Taj_Mahal,113197,0,commons/South_side_of_Taj_Mahal_Tomb_viewed_from_the_gateway/0/pictures/Taj_throught_my_eyes.jpg
Taj_Mahal,113197,0,commons/Taj_Mahal_in_2011/0/pictures/Taj_Mahal_06_(Friar's_Balsam_Flickr).jpg
Taj_Mahal,113197,0,commons/South_side_of_Taj_Mahal_Tomb_viewed_from_the_gateway/0/pictures/Taj_taken_by_Dara.JPG
Taj_Mahal,113197,0,commons/South_side_of_Taj_Mahal_Tomb_viewed_from_the_gateway/0/pictures/Taj_mahal_view_through_the_entrance_arch.jpg
Taj_Mahal,113197,0,commons/Taj_Mahal_in_2011/0/pictures/Taj_Mahal_04_(Friar's_Balsam_Flickr).jpg
Taj_Mahal,113197,0,commons/South_side_of_Taj_Mahal_Tomb_viewed_from_the_gateway/0/pictures/Taj_mahal_view_from_ROYAL_ENTERANCE_SHAHI_DARWAJA.jpg
Taj_Mahal,113197,0,commons/South_side_of_Taj_Mahal_Tomb_viewed_from_the_gateway/0/pictures/Taj_mahal_AGRA.jpg
Taj_Mahal,113197,0,commons/South_side_of_Taj_Mahal_Tomb_viewed_from_the_gateway/0/pictures/Taj_mahal_-agra_-uttar_pradesh_-DSC_0001.jpg
Taj_Mahal,113197,0,commons/Taj_Mahal_in_2011/0/pictures/Minaret_of_the_Taj_Mahal_05_(Friar's_Balsam_Flickr).jpg
Taj_Mahal,113197,0,commons/South_side_of_Taj_Mahal_Tomb_viewed_from_the_gateway/0/pictures/Taj_from_entrance.JPG
Taj_Mahal,113197,0,commons/Taj_Mahal_in_2011/0/pictures/Minaret_of_the_Taj_Mahal_04_(Friar's_Balsam_Flickr).jpg
Taj_Mahal,113197,0,commons/South_side_of_Taj_Mahal_Tomb_viewed_from_the_gateway/0/pictures/Taj_Sujoy2.JPG
Taj_Mahal,113197,0,commons/Taj_Mahal_in_2010/0/pictures/Agra_-_Taj_Mahal_(5105273632).jpg
Taj_Mahal,113197,0,"commons/South_side_of_Taj_Mahal_Tomb_viewed_from_the_gateway/0/pictures/Taj_Mahal,_Agra_131.jpg"
Taj_Mahal,113197,0,commons/South_side_of_Taj_Mahal_Tomb_viewed_from_the_gateway/0/pictures/Taj_Mahal.jpg_by_shivam.jpg
Taj_Mahal,113197,0,commons/South_side_of_Taj_Mahal_Tomb_viewed_from_the_gateway/0/pictures/Taj_Mahal_with_red_foreground.JPG
Taj_Mahal,113197,0,commons/Taj_Mahal_in_2010/0/pictures/Agra_-_Taj_Mahal_(5104676801).jpg
Taj_Mahal,113197,0,commons/South_side_of_Taj_Mahal_Tomb_viewed_from_the_gateway/0/pictures/Taj_Mahal-01.jpg
Taj_Mahal,113197,0,"commons/South_side_of_Taj_Mahal_Tomb_viewed_from_the_gateway/0/pictures/Taj_Mahal,_Agra,_Uttar_Pradesh_te-138.jpg"
Taj_Mahal,113197,0,commons/Taj_Mahal_in_2010/0/pictures/Agra_-_Taj_Mahal_(5104674621).jpg
Taj_Mahal,113197,0,"commons/South_side_of_Taj_Mahal_Tomb_viewed_from_the_gateway/0/pictures/Taj_Mahal,_Agra,_Uttar_Pradesh_hs-139.jpg"
Taj_Mahal,113197,0,"commons/Taj_Mahal_in_2009/0/pictures/Taj_Mahal,_Agra,_India,_2009-12-03,_DD_0011.jpg"
Taj_Mahal,113197,0,commons/South_side_of_Taj_Mahal_Tomb_viewed_from_the_gateway/0/pictures/Taj_Mahal_vrtmrgmpksk_(15).jpg
Taj_Mahal,113197,0,commons/Taj_Mahal_in_2009/0/pictures/El_Taj_Mahal-Agra_India0023.JPG
Taj_Mahal,113197,0,"commons/South_side_of_Taj_Mahal_Tomb_viewed_from_the_gateway/0/pictures/Taj_Mahal,_Agra_views_from_around_(10).JPG"
Taj_Mahal,113197,0,commons/Taj_Mahal_in_2008/0/pictures/Taj_Mahal_(2377310773).jpg
Taj_Mahal,113197,0,commons/South_side_of_Taj_Mahal_Tomb_viewed_from_the_gateway/0/pictures/Taj_Mahal_view_from_front_side.JPG
Taj_Mahal,113197,0,commons/South_side_of_Taj_Mahal_Tomb_viewed_from_the_gateway/0/pictures/Taj_at_entrance_Gate.jpg
Taj_Mahal,113197,0,commons/Taj_Mahal_in_2008/0/pictures/Taj_Mahal_Mosque_(2377313205).jpg
Taj_Mahal,113197,0,"commons/South_side_of_Taj_Mahal_Tomb_viewed_from_the_gateway/0/pictures/Taj_Mahal,_Agra_130.jpg"
Taj_Mahal,113197,0,commons/Taj_Mahal_in_2008/0/pictures/Taj_Mahal_(2378155852).jpg
Taj_Mahal,113197,0,commons/South_side_of_Taj_Mahal_Tomb_viewed_from_the_gateway/0/pictures/Taj_Mahal(Front)-_by_Sabeel_Ashraf.jpg
Taj_Mahal,113197,0,commons/Taj_Mahal_in_2008/0/pictures/Taj_Mahal_(2378154720).jpg
Taj_Mahal,113197,0,commons/South_side_of_Taj_Mahal_Tomb_viewed_from_the_gateway/0/pictures/Taj_Mahal.i.jpg
Taj_Mahal,113197,0,commons/Taj_Mahal_in_2008/0/pictures/Taj_Mahal_(2378152912).jpg
Taj_Mahal,113197,0,commons/South_side_of_Taj_Mahal_Tomb_viewed_from_the_gateway/0/pictures/Taj_Mahal_vrtmrgmpksk_(16).jpg
Taj_Mahal,113197,0,commons/Taj_Mahal_in_2008/0/pictures/Taj_Mahal_(2378145954).jpg
Taj_Mahal,113197,0,"commons/South_side_of_Taj_Mahal_Tomb_viewed_from_the_gateway/0/pictures/Taj_Mahal,_Agra,_Uttar_Pradesh_hs-138.jpg"
Taj_Mahal,113197,0,"commons/Taj_Mahal_in_2007/0/pictures/Taj_Mahal,_Sunset,_Agra,_India.jpg"
Taj_Mahal,113197,0,"commons/South_side_of_Taj_Mahal_Tomb_viewed_from_the_gateway/0/pictures/Taj_Mahal,_Agra_views_from_around_(84).JPG"
Taj_Mahal,113197,0,commons/Taj_Mahal_in_2008/0/pictures/Taj_Mahal_Mosque_(2377316469).jpg
Taj_Mahal,113197,0,commons/South_side_of_Taj_Mahal_Tomb_viewed_from_the_gateway/0/pictures/Taj_Mahal_view_8.jpg
Taj_Mahal,113197,0,commons/Taj_Mahal_in_2008/0/pictures/Taj_Mahal_(2377310255).jpg
Taj_Mahal,113197,0,commons/South_side_of_Taj_Mahal_Tomb_viewed_from_the_gateway/0/pictures/Taj_Mahal_view_7.jpg
Taj_Mahal,113197,0,commons/Taj_Mahal_in_2008/0/pictures/Taj_Mahal_(2377307641).jpg
Taj_Mahal,113197,0,commons/South_side_of_Taj_Mahal_Tomb_viewed_from_the_gateway/0/pictures/Taj_Mahal_view_5.jpg
Taj_Mahal,113197,0,"commons/Taj_Mahal_in_2007/0/pictures/Taj_Mahal,_Minaret,_Agra,_India.jpg"
Taj_Mahal,113197,0,commons/South_side_of_Taj_Mahal_Tomb_viewed_from_the_gateway/0/pictures/Taj_Mahal_with_black_foreground.JPG
Taj_Mahal,113197,0,"commons/Taj_Mahal_in_2007/0/pictures/Taj_Mahal,_Evening,_Agra,_India.jpg"
Taj_Mahal,113197,0,commons/South_side_of_Taj_Mahal_Tomb_viewed_from_the_gateway/0/pictures/Taj_Mahal_vrtmrgmpksk_(18).jpg
Taj_Mahal,113197,0,"commons/Taj_Mahal_in_2007/0/pictures/Taj_Mahal,_Sunset,_River,_Agra,_India.jpg"
Taj_Mahal,113197,0,commons/South_side_of_Taj_Mahal_Tomb_viewed_from_the_gateway/0/pictures/Taj_Mahal_view_4.jpg
Taj_Mahal,113197,0,"commons/Taj_Mahal_in_2007/0/pictures/Taj_Mahal_after_sunset,_Agra,_India.jpg"
Taj_Mahal,113197,0,commons/South_side_of_Taj_Mahal_Tomb_viewed_from_the_gateway/0/pictures/Taj_Mahal_view_6.jpg
Taj_Mahal,113197,0,commons/South_side_of_Taj_Mahal_Tomb_viewed_from_the_gateway/0/pictures/Taj_Mahal_view_32.jpg
Taj_Mahal,113197,0,commons/South_side_of_Taj_Mahal_Tomb_viewed_from_the_gateway/0/pictures/Taj_Mahal_view_31.jpg
Taj_Mahal,113197,0,"commons/Taj_Mahal_in_2007/0/pictures/Taj_Mahal,_People,_Agra,_India.jpg"
Taj_Mahal,113197,0,commons/South_side_of_Taj_Mahal_Tomb_viewed_from_the_gateway/0/pictures/Taj_Mahal_view_21.jpg
Taj_Mahal,113197,0,commons/South_side_of_Taj_Mahal_Tomb_viewed_from_the_gateway/0/pictures/Taj_Mahal_view_2.jpg
Taj_Mahal,113197,0,"commons/Taj_Mahal_in_2007/0/pictures/Taj_Mahal_3,_Agra,_India.jpg"
Taj_Mahal,113197,0,commons/South_side_of_Taj_Mahal_Tomb_viewed_from_the_gateway/0/pictures/Taj_Mahal_view_28.jpg
Taj_Mahal,113197,0,"commons/Taj_Mahal_in_2007/0/pictures/Taj_Mahal,_Early_twilight,_Agra,_India.jpg"
Taj_Mahal,113197,0,commons/South_side_of_Taj_Mahal_Tomb_viewed_from_the_gateway/0/pictures/Taj_Mahal_view_24.jpg
Taj_Mahal,113197,0,commons/South_side_of_Taj_Mahal_Tomb_viewed_from_the_gateway/0/pictures/Taj_Mahal_view_23.jpg
Taj_Mahal,113197,0,commons/South_side_of_Taj_Mahal_Tomb_viewed_from_the_gateway/0/pictures/Taj_Mahal_view_22.jpg
Taj_Mahal,113197,0,"commons/Taj_Mahal_in_2007/0/pictures/Taj_Mahal_Mosque_2,_Agra,_India.jpg"
Taj_Mahal,113197,0,commons/South_side_of_Taj_Mahal_Tomb_viewed_from_the_gateway/0/pictures/Taj_Mahal_view_30.jpg
Taj_Mahal,113197,0,"commons/Taj_Mahal_in_2007/0/pictures/Taj_Mahal_4,_Agra,_India.jpg"
Taj_Mahal,113197,0,commons/South_side_of_Taj_Mahal_Tomb_viewed_from_the_gateway/0/pictures/Taj_Mahal_view_11.jpg
Taj_Mahal,113197,0,commons/Taj_Mahal_in_2007/0/pictures/India_-_Agra_-_013_(2146742883).jpg
Taj_Mahal,113197,0,commons/South_side_of_Taj_Mahal_Tomb_viewed_from_the_gateway/0/pictures/Taj_Mahal_view_29.jpg
Taj_Mahal,113197,0,commons/South_side_of_Taj_Mahal_Tomb_viewed_from_the_gateway/0/pictures/Taj_Mahal_through_Main_Gateway_-_Agra_2014-05-14_3759.JPG
Taj_Mahal,113197,0,commons/Taj_Mahal_in_2007/0/pictures/India_-_Agra_-_012_(2146742315).jpg
Taj_Mahal,113197,0,commons/South_side_of_Taj_Mahal_Tomb_viewed_from_the_gateway/0/pictures/Taj_Mahal_view_17.jpg
Taj_Mahal,113197,0,commons/Taj_Mahal_in_2007/0/pictures/India_-_Agra_-_004_(2146763843).jpg
Taj_Mahal,113197,0,commons/South_side_of_Taj_Mahal_Tomb_viewed_from_the_gateway/0/pictures/Taj_Mahal_view_15.jpg
Taj_Mahal,113197,0,"commons/South_side_of_Taj_Mahal_Tomb_viewed_from_the_gateway/0/pictures/Taj_Mahal_and_grounds_including_the_Masjid_on_the_west_side,_the_pavilions_on_the_east_and_west_sides_of_the_grounds.jpg"
Taj_Mahal,113197,0,commons/Taj_Mahal_in_2005/0/pictures/Taj_Mahal_-_The_Symbol_of_Love.jpg
Taj_Mahal,113197,0,commons/South_side_of_Taj_Mahal_Tomb_viewed_from_the_gateway/0/pictures/Taj_Mahal_view_13.jpg
Taj_Mahal,113197,0,"commons/Taj_Mahal_in_2002/0/pictures/Agra,_panorámicas_(2002)_17.jpg"
Taj_Mahal,113197,0,commons/South_side_of_Taj_Mahal_Tomb_viewed_from_the_gateway/0/pictures/Taj_Mahal_view_12.jpg
Taj_Mahal,113197,0,commons/South_side_of_Taj_Mahal_Tomb_viewed_from_the_gateway/0/pictures/Taj_Mahal_view_20.jpg
Taj_Mahal,113197,0,"commons/Taj_Mahal_in_2002/0/pictures/Agra,_panorámicas_(2002)_15.jpg"
Taj_Mahal,113197,0,commons/South_side_of_Taj_Mahal_Tomb_viewed_from_the_gateway/0/pictures/Taj_Mahal_View_From_The_Front_Gate.JPG
Taj_Mahal,113197,0,"commons/Taj_Mahal_in_2002/0/pictures/Agra,_panorámicas_(2002)_14.jpg"
Taj_Mahal,113197,0,commons/South_side_of_Taj_Mahal_Tomb_viewed_from_the_gateway/0/pictures/Taj_Mahal_view_19.jpg
Taj_Mahal,113197,0,"commons/Taj_Mahal_in_2002/0/pictures/Agra,_panorámicas_(2002)_13.jpg"
Taj_Mahal,113197,0,commons/South_side_of_Taj_Mahal_Tomb_viewed_from_the_gateway/0/pictures/Taj_Mahal_through_Main_Gateway_-_Agra_2014-05-14_3758.JPG
Taj_Mahal,113197,0,commons/South_side_of_Taj_Mahal_Tomb_viewed_from_the_gateway/0/pictures/Taj_Mahal_as_seen_through_the_front_entrance.jpg
Taj_Mahal,113197,0,"commons/Taj_Mahal_in_2002/0/pictures/Agra,_panorámicas_(2002)_10.jpg"
Taj_Mahal,113197,0,commons/South_side_of_Taj_Mahal_Tomb_viewed_from_the_gateway/0/pictures/Taj_Mahal_as_seen_from_the_Darwaza-i_rauza.JPG
Taj_Mahal,113197,0,commons/South_side_of_Taj_Mahal_Tomb_viewed_from_the_gateway/0/pictures/Taj_Mahal_view_14.jpg
Taj_Mahal,113197,0,commons/South_side_of_Taj_Mahal_Tomb_viewed_from_the_gateway/0/pictures/Taj_Mahal_and_ground_-_Khan-i-Alam_Bagh_together_with_the_new_tank.jpg
Taj_Mahal,113197,0,commons/South_side_of_Taj_Mahal_Tomb_viewed_from_the_gateway/0/pictures/Taj_Mahal_agra_01.JPG
Taj_Mahal,113197,0,"commons/Taj_Mahal_in_2002/0/pictures/Agra,_Taj_Mahal_(2002)_54.jpg"
Taj_Mahal,113197,0,commons/South_side_of_Taj_Mahal_Tomb_viewed_from_the_gateway/0/pictures/Taj_Mahal_view_10.jpg
Taj_Mahal,113197,0,commons/South_side_of_Taj_Mahal_Tomb_viewed_from_the_gateway/0/pictures/Taj_Mahal_Front_face.jpg
Taj_Mahal,113197,0,commons/South_side_of_Taj_Mahal_Tomb_viewed_from_the_gateway/0/pictures/Taj_Mahal_._tm.jpg
Taj_Mahal,113197,0,commons/South_side_of_Taj_Mahal_Tomb_viewed_from_the_gateway/0/pictures/Taj_Mahal_Agra_India_-_panoramio_(3).jpg
Taj_Mahal,113197,0,commons/South_side_of_Taj_Mahal_Tomb_viewed_from_the_gateway/0/pictures/Taj_Mahal_-_From_visitors_point_of_view.jpg
Taj_Mahal,113197,0,"commons/Taj_Mahal_in_2002/0/pictures/Agra,_Taj_Mahal_(2002)_47.jpg"
Taj_Mahal,113197,0,commons/South_side_of_Taj_Mahal_Tomb_viewed_from_the_gateway/0/pictures/Taj_Mahal_348.jpg
Taj_Mahal,113197,0,"commons/Taj_Mahal_in_2002/0/pictures/Agra,_Taj_Mahal_(2002)_48.jpg"
Taj_Mahal,113197,0,commons/South_side_of_Taj_Mahal_Tomb_viewed_from_the_gateway/0/pictures/Taj_Mahal_Agra_DSC_0354.jpg
Taj_Mahal,113197,0,"commons/Taj_Mahal_in_2002/0/pictures/Agra,_Taj_Mahal_(2002)_46.jpg"
Taj_Mahal,113197,0,commons/South_side_of_Taj_Mahal_Tomb_viewed_from_the_gateway/0/pictures/Taj_Mahal_2015.jpg
Taj_Mahal,113197,0,commons/South_side_of_Taj_Mahal_Tomb_viewed_from_the_gateway/0/pictures/Taj_Mahal_12_(117008469).jpeg
Taj_Mahal,113197,0,commons/South_side_of_Taj_Mahal_Tomb_viewed_from_the_gateway/0/pictures/Taj_Mahal_1_(116463111).jpeg
Taj_Mahal,113197,0,commons/South_side_of_Taj_Mahal_Tomb_viewed_from_the_gateway/0/pictures/Taj_Mahal_a_rare_views.jpg
Taj_Mahal,113197,0,commons/South_side_of_Taj_Mahal_Tomb_viewed_from_the_gateway/0/pictures/Taj_Mahal_01.JPG
Taj_Mahal,113197,0,commons/South_side_of_Taj_Mahal_Tomb_viewed_from_the_gateway/0/pictures/Taj_Mahal_-_panoramio_-_Gabriele_Giuseppini.jpg
Taj_Mahal,113197,0,commons/South_side_of_Taj_Mahal_Tomb_viewed_from_the_gateway/0/pictures/Taj_Mahal_First_View_IMG_0103.JPG
Taj_Mahal,113197,0,commons/South_side_of_Taj_Mahal_Tomb_viewed_from_the_gateway/0/pictures/Taj_Mahal_Agra_DSC_0355.jpg
Taj_Mahal,113197,0,commons/South_side_of_Taj_Mahal_Tomb_viewed_from_the_gateway/0/pictures/Taj_Mahal_-_DSC_132211.png
Taj_Mahal,113197,0,commons/South_side_of_Taj_Mahal_Tomb_viewed_from_the_gateway/0/pictures/Taj_Maha_From_Enterance.jpg
Taj_Mahal,113197,0,commons/South_side_of_Taj_Mahal_Tomb_viewed_from_the_gateway/0/pictures/Taj_Mahal_-_Anvit_1ta.jpg
Taj_Mahal,113197,0,commons/South_side_of_Taj_Mahal_Tomb_viewed_from_the_gateway/0/pictures/Taj_Mahal_11_(Friar's_Balsam_Flickr).jpg
Taj_Mahal,113197,0,commons/South_side_of_Taj_Mahal_Tomb_viewed_from_the_gateway/0/pictures/Taj_Entrance_View.jpg
Taj_Mahal,113197,0,commons/South_side_of_Taj_Mahal_Tomb_viewed_from_the_gateway/0/pictures/Taj_08.jpg
Taj_Mahal,113197,0,commons/South_side_of_Taj_Mahal_Tomb_viewed_from_the_gateway/0/pictures/THE_TAJ_MAHAL.jpg
Taj_Mahal,113197,0,commons/South_side_of_Taj_Mahal_Tomb_viewed_from_the_gateway/0/pictures/Taj_.jpg
Taj_Mahal,113197,0,commons/South_side_of_Taj_Mahal_Tomb_viewed_from_the_gateway/0/pictures/Tadsch-mahal-af.jpg
Taj_Mahal,113197,0,commons/South_side_of_Taj_Mahal_Tomb_viewed_from_the_gateway/0/pictures/TAJMAHAL_21.jpg
Taj_Mahal,113197,0,commons/South_side_of_Taj_Mahal_Tomb_viewed_from_the_gateway/0/pictures/TAJ_MAHAL..jpg
Taj_Mahal,113197,0,"commons/Taj_Mahal_in_2002/0/pictures/Agra,_Taj_Mahal_(2002)_26.jpg"
Taj_Mahal,113197,0,"commons/South_side_of_Taj_Mahal_Tomb_viewed_from_the_gateway/0/pictures/TAJ_MAHAL,AGRA.jpg"
Taj_Mahal,113197,0,"commons/South_side_of_Taj_Mahal_Tomb_viewed_from_the_gateway/0/pictures/TAJ_MAHAL,.jpg"
Taj_Mahal,113197,0,commons/South_side_of_Taj_Mahal_Tomb_viewed_from_the_gateway/0/pictures/TAJ_MAHAL_WONDERS_OF_THE_WORLD.jpg
Taj_Mahal,113197,0,commons/South_side_of_Taj_Mahal_Tomb_viewed_from_the_gateway/0/pictures/Just_for_The_Glimpse.jpg
Taj_Mahal,113197,0,"commons/Taj_Mahal_in_2002/0/pictures/Agra,_Taj_Mahal_(2002)_22.jpg"
Taj_Mahal,113197,0,commons/South_side_of_Taj_Mahal_Tomb_viewed_from_the_gateway/0/pictures/Symbol_of_love_Taj_Mahal.jpg
Taj_Mahal,113197,0,commons/South_side_of_Taj_Mahal_Tomb_viewed_from_the_gateway/0/pictures/Symbol_of_Love_-_Taj_Mahal.jpg
Taj_Mahal,113197,0,"commons/Taj_Mahal_in_2002/0/pictures/Agra,_Taj_Mahal_(2002)_21.jpg"
Taj_Mahal,113197,0,commons/South_side_of_Taj_Mahal_Tomb_viewed_from_the_gateway/0/pictures/SunRisesOverTheTajMahalIndia.jpg
Taj_Mahal,113197,0,"commons/South_side_of_Taj_Mahal_Tomb_viewed_from_the_gateway/0/pictures/Situated_in_Agra,_Uttar_pradesh,India_Tajmahal_is_one_of_the_most_visited_world_heritage_site_of_the_world.jpg"
Taj_Mahal,113197,0,"commons/Taj_Mahal_in_2002/0/pictures/Agra,_Taj_Mahal_(2002)_18.jpg"
Taj_Mahal,113197,0,commons/South_side_of_Taj_Mahal_Tomb_viewed_from_the_gateway/0/pictures/Magical.jpg
Taj_Mahal,113197,0,"commons/Taj_Mahal_in_2002/0/pictures/Agra,_Taj_Mahal_(2002)_14.jpg"
Taj_Mahal,113197,0,commons/South_side_of_Taj_Mahal_Tomb_viewed_from_the_gateway/0/pictures/Love_Enclosed.JPG
Taj_Mahal,113197,0,"commons/Taj_Mahal_in_2002/0/pictures/Agra,_Taj_Mahal_(2002)_12.jpg"
Taj_Mahal,113197,0,commons/South_side_of_Taj_Mahal_Tomb_viewed_from_the_gateway/0/pictures/Front_View_Taj.jpg
Taj_Mahal,113197,0,commons/South_side_of_Taj_Mahal_Tomb_viewed_from_the_gateway/0/pictures/Black_and_white_Taj.jpg
Taj_Mahal,113197,0,commons/South_side_of_Taj_Mahal_Tomb_viewed_from_the_gateway/0/pictures/First_view_of_Taj.jpg
Taj_Mahal,113197,0,commons/South_side_of_Taj_Mahal_Tomb_viewed_from_the_gateway/0/pictures/First_glimps_of_Taj_mahal.jpg
Taj_Mahal,113197,0,commons/South_side_of_Taj_Mahal_Tomb_viewed_from_the_gateway/0/pictures/First_Amazement.jpg
Taj_Mahal,113197,0,commons/South_side_of_Taj_Mahal_Tomb_viewed_from_the_gateway/0/pictures/File1135.jpg
Taj_Mahal,113197,0,"commons/Taj_Mahal_in_2002/0/pictures/Agra,_Taj_Mahal_(2002)_04.jpg"
Taj_Mahal,113197,0,commons/South_side_of_Taj_Mahal_Tomb_viewed_from_the_gateway/0/pictures/Entrance_view_from_east_gate.jpg
Taj_Mahal,113197,0,"commons/Taj_Mahal_in_2002/0/pictures/Agra,_Taj_Mahal_(2002)_03.jpg"
Taj_Mahal,113197,0,commons/South_side_of_Taj_Mahal_Tomb_viewed_from_the_gateway/0/pictures/El_Taj_Mahal-Agra_India0004.JPG
Taj_Mahal,113197,0,"commons/Taj_Mahal_in_2002/0/pictures/Agra,_Taj_Mahal_(2002)_02.jpg"
Taj_Mahal,113197,0,commons/South_side_of_Taj_Mahal_Tomb_viewed_from_the_gateway/0/pictures/Divergence_of_Taj.jpg
Taj_Mahal,113197,0,commons/South_side_of_Taj_Mahal_Tomb_viewed_from_the_gateway/0/pictures/Distant_view_of_the_Taj_Mahal.jpg
Taj_Mahal,113197,0,commons/South_side_of_Taj_Mahal_Tomb_viewed_from_the_gateway/0/pictures/Framing_the_Taj.jpg
Taj_Mahal,113197,0,commons/South_side_of_Taj_Mahal_Tomb_viewed_from_the_gateway/0/pictures/Fort.JPG
Taj_Mahal,113197,0,commons/South_side_of_Taj_Mahal_Tomb_viewed_from_the_gateway/0/pictures/A_View_of_Taj_Mahal.jpg
Taj_Mahal,113197,0,commons/South_side_of_Taj_Mahal_Tomb_viewed_from_the_gateway/0/pictures/BEAUTIFUL_TAJ.JPG
Taj_Mahal,113197,0,commons/South_side_of_Taj_Mahal_Tomb_viewed_from_the_gateway/0/pictures/Agra2017_0046.jpg
Taj_Mahal,113197,0,"commons/South_side_of_Taj_Mahal_Tomb_viewed_from_the_gateway/0/pictures/Agra,Uttar_Pradesh,India_(8).jpg"
Taj_Mahal,113197,0,"commons/South_side_of_Taj_Mahal_Tomb_viewed_from_the_gateway/0/pictures/Agra,_Taj_Mahal.jpg"
Taj_Mahal,113197,0,"commons/South_side_of_Taj_Mahal_Tomb_viewed_from_the_gateway/0/pictures/Agra,_Taj_Mahal_(2002)_18.jpg"
Taj_Mahal,113197,0,"commons/South_side_of_Taj_Mahal_Tomb_viewed_from_the_gateway/0/pictures/Agra,_India_Taj_Mahal_(335133834).jpg"
Taj_Mahal,113197,0,commons/Taj_Mahal_calligraphy/0/pictures/TajMahalDetail20080211-3.jpg
Taj_Mahal,113197,0,commons/South_side_of_Taj_Mahal_Tomb_viewed_from_the_gateway/0/pictures/A_view_of_Taj_mahal_from_the_Great_gate_(Darwaza-i_rauza).jpg
Taj_Mahal,113197,0,"commons/South_side_of_Taj_Mahal_Tomb_viewed_from_the_gateway/0/pictures/A_glimpse_of_the_mausoleum,_Taj_Mahal.jpg"
Taj_Mahal,113197,0,commons/South_side_of_Taj_Mahal_Tomb_viewed_from_the_gateway/0/pictures/A_glimpse_of_the_Taj.jpg
Taj_Mahal,113197,0,commons/South_side_of_Taj_Mahal_Tomb_viewed_from_the_gateway/0/pictures/Beauty_from_entry.jpg
Taj_Mahal,113197,0,"commons/South_side_of_Taj_Mahal_Tomb_viewed_from_the_gateway/0/pictures/""The_Royal_Mausoleum"".jpg"
Taj_Mahal,113197,0,commons/Taj_Mahal_calligraphy/0/pictures/TajMahalDetail20080211-2.jpg
Taj_Mahal,113197,0,commons/South_side_of_Taj_Mahal_Tomb_viewed_from_the_gateway/0/pictures/A_glimpse_of_one_the_most_beautiful_monument_of_the_world....its_the_TAJ.jpg
Taj_Mahal,113197,0,commons/Remote_views_of_the_Taj_Mahal/0/pictures/Waah_Taj_Mahal.jpg
Taj_Mahal,113197,0,commons/Taj_Mahal_calligraphy/0/pictures/Taj_Mahal_2011_02.JPG
Taj_Mahal,113197,0,commons/Remote_views_of_the_Taj_Mahal/0/pictures/Tajmahall9.jpg
Taj_Mahal,113197,0,commons/Remote_views_of_the_Taj_Mahal/0/pictures/Taj_mahal.img.jpg
Taj_Mahal,113197,0,commons/Taj_Mahal_Complex_—_Tomb/0/pictures/泰姬瑪哈陵54.jpg
Taj_Mahal,113197,0,commons/Remote_views_of_the_Taj_Mahal/0/pictures/Tajmahal_by_Tanvir.jpg
Taj_Mahal,113197,0,commons/Taj_Mahal_Complex_—_Tomb/0/pictures/泰姬瑪哈陵358.jpg
Taj_Mahal,113197,0,"commons/Remote_views_of_the_Taj_Mahal/0/pictures/Taj_Mahal,_Agra_17.jpg"
Taj_Mahal,113197,0,commons/Taj_Mahal_Complex_—_Tomb/0/pictures/ताज_की_सुंदरता.jpg
Taj_Mahal,113197,0,commons/Remote_views_of_the_Taj_Mahal/0/pictures/Taj_mahal_roaring_to_the_skies.jpg
Taj_Mahal,113197,0,commons/Taj_Mahal_Complex_—_Tomb/0/pictures/Изображение_512_تاج_محل.jpg
Taj_Mahal,113197,0,commons/Remote_views_of_the_Taj_Mahal/0/pictures/Taj_mahal_my.jpg
Taj_Mahal,113197,0,commons/Taj_Mahal_Complex_—_Tomb/0/pictures/Yellow_taj.jpg
Taj_Mahal,113197,0,commons/Remote_views_of_the_Taj_Mahal/0/pictures/Taj_mahal_under_the_cloudy_sky.jpg
Taj_Mahal,113197,0,commons/Remote_views_of_the_Taj_Mahal/0/pictures/Taj_Sunrise.jpg
Taj_Mahal,113197,0,commons/Taj_Mahal_Complex_—_Tomb/0/pictures/Wahh_taj.jpg
Taj_Mahal,113197,0,"commons/Remote_views_of_the_Taj_Mahal/0/pictures/Taj_Mahal,_Agra_21.jpg"
Taj_Mahal,113197,0,commons/Taj_Mahal_Complex_—_Tomb/0/pictures/Vertical_Panorama_of_Taj_Mahal_-_Agra_-_Uttar_Pradesh_-_India_-_01_(12650652504).jpg
Taj_Mahal,113197,0,"commons/Remote_views_of_the_Taj_Mahal/0/pictures/Taj_Mahal,_Agra_16.jpg"
Taj_Mahal,113197,0,commons/Taj_Mahal_Complex_—_Tomb/0/pictures/Tribute_To_Love_(41900928).jpeg
Taj_Mahal,113197,0,"commons/Remote_views_of_the_Taj_Mahal/0/pictures/Taj_Mahal,_Agra_15.jpg"
Taj_Mahal,113197,0,"commons/Remote_views_of_the_Taj_Mahal/0/pictures/Taj_Mahal,_Agra,_Uttar_Pradesh_hs-136.jpg"
Taj_Mahal,113197,0,commons/Taj_Mahal_Complex_—_Tomb/0/pictures/TheTajMahal6.jpg
Taj_Mahal,113197,0,"commons/Remote_views_of_the_Taj_Mahal/0/pictures/Taj_Mahal,_Agra_13.jpg"
Taj_Mahal,113197,0,commons/Taj_Mahal_Complex_—_Tomb/0/pictures/The_white_marble_beauty.jpg
Taj_Mahal,113197,0,"commons/Remote_views_of_the_Taj_Mahal/0/pictures/Taj_Mahal,_Agra_18.jpg"
Taj_Mahal,113197,0,commons/Taj_Mahal_Complex_—_Tomb/0/pictures/The_view_of_the_Taj_from_the_Masjid.JPG
Taj_Mahal,113197,0,"commons/Remote_views_of_the_Taj_Mahal/0/pictures/Taj_Mahal,_Agra,_Uttar_Pradesh_hs-137.jpg"
Taj_Mahal,113197,0,"commons/Taj_Mahal_Complex_—_Tomb/0/pictures/The_symbol_of_love_""_THE_TAJ_MAHAL_"".jpg"
Taj_Mahal,113197,0,commons/Domes_of_the_Taj_Mahal_Mausoleum/0/pictures/Poetry_in_marble_02.jpg
Taj_Mahal,113197,0,commons/Taj_Mahal_Complex_—_Jawab/0/pictures/Tajmahal_t010.jpg
Taj_Mahal,113197,0,commons/South_side_of_the_Taj_Mahal_Tomb_with_the_pool/0/pictures/Lascar_Taj_Mahal_(4498302958).jpg
Taj_Mahal,113197,0,commons/Domes_of_the_Taj_Mahal_Mausoleum/0/pictures/Dome_Chhatris_Spires_-_Taj_Mahal_-_Agra_2014-05-14_3805.JPG
Taj_Mahal,113197,0,"commons/Taj_Mahal_Complex_—_Jawab/0/pictures/Taj_Mahal,_Agra,_Uttar_Pradesh_s-47.jpg"
Taj_Mahal,113197,0,commons/West_side_of_the_Taj_Mahal/0/pictures/Taj_Mahal_Main_Gate_From_Down.JPG
Taj_Mahal,113197,0,commons/Remote_views_of_the_Taj_Mahal/0/pictures/Agra_-_Taj_Mahal_(5104674621).jpg
Taj_Mahal,113197,0,commons/Taj_Mahal_Complex_—_Tomb/0/pictures/Taj.V.1.jpg
Taj_Mahal,113197,0,commons/South_side_of_the_Taj_Mahal_Tomb_with_the_pool/0/pictures/Long_view_of_The_great_Tajmahal.jpg
Taj_Mahal,113197,0,commons/Domes_of_the_Taj_Mahal_Mausoleum/0/pictures/TaJ_Mahal_Pinnacle.jpg
Taj_Mahal,113197,0,"commons/Taj_Mahal_Complex_—_Jawab/0/pictures/Taj_Mahal,_Agra,_Uttar_Pradesh_s-76.jpg"
Taj_Mahal,113197,0,commons/South_side_of_the_Taj_Mahal_Tomb_with_the_pool/0/pictures/Lascar_Taj_Mahal_(4497661881).jpg
Taj_Mahal,113197,0,commons/Domes_of_the_Taj_Mahal_Mausoleum/0/pictures/Central_Dome_-_Taj_Mahal_-_Agra_2014-05-14_3806.JPG
Taj_Mahal,113197,0,commons/Taj_Mahal_Complex_—_Jawab/0/pictures/Taj_mahal_complex.jpg
Taj_Mahal,113197,0,commons/West_side_of_the_Taj_Mahal/0/pictures/TAJ_MAHAL.jpg
Taj_Mahal,113197,0,commons/South_side_of_the_Taj_Mahal_Tomb_with_the_pool/0/pictures/Taj_mahal_beauty.jpg
Taj_Mahal,113197,0,commons/Remote_views_of_the_Taj_Mahal/0/pictures/Agra_me_&_taj_mahal.jpg
Taj_Mahal,113197,0,commons/Taj_Mahal_Complex_—_Tomb/0/pictures/Taj-mahal-Faraz.jpg
Taj_Mahal,113197,0,commons/South_side_of_the_Taj_Mahal_Tomb_with_the_pool/0/pictures/LR4-Eport-7348.jpg
Taj_Mahal,113197,0,commons/Domes_of_the_Taj_Mahal_Mausoleum/0/pictures/Central_Dome_-_Southern_View_-_Taj_Mahal_-_Agra_2014-05-14_3953.JPG
Taj_Mahal,113197,0,commons/Taj_Mahal_Complex_—_Jawab/0/pictures/Taj43.JPG
Taj_Mahal,113197,0,"commons/Domes_of_the_Taj_Mahal_Mausoleum/0/pictures/Agra,_Taj_Mahal_(2002)_21.jpg"
Taj_Mahal,113197,0,"commons/Taj_Mahal_Complex_—_Jawab/0/pictures/Taj_Mahal,_Agra,_Uttar_Pradesh_vi-61.jpg"
Taj_Mahal,113197,0,commons/West_side_of_the_Taj_Mahal/0/pictures/Monsoon_in_india.jpg
Taj_Mahal,113197,0,commons/South_side_of_the_Taj_Mahal_Tomb_with_the_pool/0/pictures/Taj_mahal_-_the_reflection.jpg
Taj_Mahal,113197,0,commons/South_side_of_the_Taj_Mahal_Tomb_with_the_pool/0/pictures/India1961-155_hg.jpg
Taj_Mahal,113197,0,commons/Details_of_the_Southern_Gate_(Taj_Mahal)/0/pictures/The_interior_artwork_in_the_main_gate.JPG
Taj_Mahal,113197,0,commons/Taj_Mahal_Complex_—_Jawab/0/pictures/Taj_Mahal12.jpg
Taj_Mahal,113197,0,commons/South_side_of_the_Taj_Mahal_Tomb_with_the_pool/0/pictures/India-6107_-_Taj_Mahal_-_Flickr_-_archer10_(Dennis).jpg
Taj_Mahal,113197,0,"commons/Details_of_the_Southern_Gate_(Taj_Mahal)/0/pictures/Taj_Mahal,_Agra,_Uttar_Pradesh_vi-2.jpg"
Taj_Mahal,113197,0,"commons/Taj_Mahal_Complex_—_Jawab/0/pictures/Taj_Mahal,_Agra,_Uttar_Pradesh_s-67.jpg"
Taj_Mahal,113197,0,commons/West_side_of_the_Taj_Mahal/0/pictures/Banke_bihari_(340).JPG
Taj_Mahal,113197,0,commons/South_side_of_the_Taj_Mahal_Tomb_with_the_pool/0/pictures/Taj_agra.jpg
Taj_Mahal,113197,0,commons/South_side_of_the_Taj_Mahal_Tomb_with_the_pool/0/pictures/India_taj_mahal_05.JPG
Taj_Mahal,113197,0,"commons/Details_of_the_Southern_Gate_(Taj_Mahal)/0/pictures/Taj_Mahal,_Agra,_Uttar_Pradesh_s-16.jpg"
Taj_Mahal,113197,0,"commons/Taj_Mahal_Complex_—_Jawab/0/pictures/Taj_Mahal,_Agra,_Uttar_Pradesh_s-75.jpg"
Taj_Mahal,113197,0,commons/West_side_of_the_Taj_Mahal/0/pictures/Angle_changed_(taj).JPG
Taj_Mahal,113197,0,commons/South_side_of_the_Taj_Mahal_Tomb_with_the_pool/0/pictures/Taj_Mahal.png
Taj_Mahal,113197,0,commons/South_side_of_the_Taj_Mahal_Tomb_with_the_pool/0/pictures/India_Taj_Mahal_03.JPG
Taj_Mahal,113197,0,commons/Details_of_the_Southern_Gate_(Taj_Mahal)/0/pictures/Taj_gateway_building.jpg
Taj_Mahal,113197,0,"commons/Taj_Mahal_Complex_—_Jawab/0/pictures/Taj_Mahal,_Agra,_Uttar_Pradesh_hs-87.jpg"
Taj_Mahal,113197,0,commons/South_side_of_the_Taj_Mahal_Tomb_with_the_pool/0/pictures/India_Taj_Mahal_(3971120190).jpg
Taj_Mahal,113197,0,"commons/Details_of_the_Southern_Gate_(Taj_Mahal)/0/pictures/Taj_Mahal,_Agra,_Uttar_Pradesh_hs-16.jpg"
Taj_Mahal,113197,0,"commons/Taj_Mahal_Complex_—_Jawab/0/pictures/Taj_Mahal,_Agra,_Uttar_Pradesh_s-62.jpg"
Taj_Mahal,113197,0,commons/Pietre_dure_on_the_Taj_Mahal/0/pictures/Индия39.jpg
Taj_Mahal,113197,0,commons/Taj_Mahal_Complex_—_Tomb/0/pictures/Taj_mahal_in_morning_light.jpg
Taj_Mahal,113197,0,commons/South_side_of_the_Taj_Mahal_Tomb_with_the_pool/0/pictures/India_DSC01527_(16722284695).jpg
Taj_Mahal,113197,0,"commons/Details_of_the_Southern_Gate_(Taj_Mahal)/0/pictures/Taj_Mahal,_Agra,_Uttar_Pradesh_hs-2.jpg"
Taj_Mahal,113197,0,"commons/Taj_Mahal_Complex_—_Jawab/0/pictures/Taj_Mahal,_Agra,_Uttar_Pradesh_s-61.jpg"
Taj_Mahal,113197,0,commons/South_side_of_the_Taj_Mahal_Tomb_with_the_pool/0/pictures/India_440.jpg
Taj_Mahal,113197,0,"commons/Details_of_the_Southern_Gate_(Taj_Mahal)/0/pictures/Taj_Mahal,_Agra,_Uttar_Pradesh_vi-16.jpg"
Taj_Mahal,113197,0,"commons/Taj_Mahal_Complex_—_Jawab/0/pictures/Taj_Mahal,_Agra_71.jpg"
Taj_Mahal,113197,0,"commons/West_side_of_the_Taj_Mahal/0/pictures/Agra,_Taj_Mahal_(2002)_18.jpg"
Taj_Mahal,113197,0,commons/South_side_of_the_Taj_Mahal_Tomb_with_the_pool/0/pictures/Taj_Mahal.k5.jpg
Taj_Mahal,113197,0,commons/South_side_of_the_Taj_Mahal_Tomb_with_the_pool/0/pictures/India_2015-164_(16957537957).jpg
Taj_Mahal,113197,0,"commons/Details_of_the_Southern_Gate_(Taj_Mahal)/0/pictures/Taj_Mahal,_Agra,_Uttar_Pradesh_hs-10.jpg"
Taj_Mahal,113197,0,"commons/Taj_Mahal_Complex_—_Jawab/0/pictures/Taj_Mahal,_Agra,_Uttar_Pradesh_hs-97.jpg"
Taj_Mahal,113197,0,commons/South_side_of_the_Taj_Mahal_Tomb_with_the_pool/0/pictures/India_2015-157_(17163307362).jpg
Taj_Mahal,113197,0,"commons/Details_of_the_Southern_Gate_(Taj_Mahal)/0/pictures/Taj_Mahal,_Agra_132.jpg"
Taj_Mahal,113197,0,"commons/Taj_Mahal_Complex_—_Jawab/0/pictures/Taj_Mahal,_Agra,_Uttar_Pradesh_hs-62.jpg"
Taj_Mahal,113197,0,commons/South_side_of_the_Taj_Mahal_Tomb_with_the_pool/0/pictures/Grand_Taj_Mahal.JPG
Taj_Mahal,113197,0,commons/Details_of_the_Southern_Gate_(Taj_Mahal)/0/pictures/Taj_Mahal_Agra_DSC_0337.jpg
Taj_Mahal,113197,0,"commons/Taj_Mahal_Complex_—_Jawab/0/pictures/Taj_Mahal,_Agra,_Uttar_Pradesh_hs-77.jpg"
Taj_Mahal,113197,0,commons/Water_reflections_at_the_Taj_Mahal/0/pictures/Twice_the_Taj.jpg
Taj_Mahal,113197,0,commons/South_side_of_the_Taj_Mahal_Tomb_with_the_pool/0/pictures/Taj_Mahal-Center_View.jpg
Taj_Mahal,113197,0,commons/Pietre_dure_on_the_Taj_Mahal/0/pictures/TajSpandrel.jpg
Taj_Mahal,113197,0,commons/Taj_Mahal_Complex_—_Tomb/0/pictures/Taj_mahal_close_2.jpg
Taj_Mahal,113197,0,commons/South_side_of_the_Taj_Mahal_Tomb_with_the_pool/0/pictures/Front_View_of_Taj.jpg
Taj_Mahal,113197,0,commons/Details_of_the_Southern_Gate_(Taj_Mahal)/0/pictures/Taj_Mahal_Main_Entrance_to_Tomb_(22927634790).jpg
Taj_Mahal,113197,0,"commons/Taj_Mahal_Complex_—_Jawab/0/pictures/Taj_Mahal,_Agra,_Uttar_Pradesh_hs-61.jpg"
Taj_Mahal,113197,0,commons/South_side_of_the_Taj_Mahal_Tomb_with_the_pool/0/pictures/First_Lady_Jacqueline_Kennedy_at_Taj_Mahal_(7).jpg
Taj_Mahal,113197,0,"commons/Details_of_the_Southern_Gate_(Taj_Mahal)/0/pictures/Taj_Mahal_compound,_Southern_Gate.jpg"
Taj_Mahal,113197,0,"commons/Taj_Mahal_Complex_—_Jawab/0/pictures/Taj_Mahal,_Agra_67.jpg"
Taj_Mahal,113197,0,commons/South_side_of_the_Taj_Mahal_Tomb_with_the_pool/0/pictures/First_Lady_Jacqueline_Kennedy_at_Taj_Mahal_(6).jpg
Taj_Mahal,113197,0,commons/Details_of_the_Southern_Gate_(Taj_Mahal)/0/pictures/Taj_Mahal_and_grounds_Entrance_Gateway_wikijib-31.jpg
Taj_Mahal,113197,0,"commons/Taj_Mahal_Complex_—_Jawab/0/pictures/Taj_Mahal,_Agra_80.jpg"
Taj_Mahal,113197,0,commons/Water_reflections_at_the_Taj_Mahal/0/pictures/TajMahalbyAmalMongia.jpg
Taj_Mahal,113197,0,"commons/South_side_of_the_Taj_Mahal_Tomb_with_the_pool/0/pictures/Taj_Mahal,_the_symbol_of_eternal_love.jpg"
Taj_Mahal,113197,0,commons/South_side_of_the_Taj_Mahal_Tomb_with_the_pool/0/pictures/First_Lady_Jacqueline_Kennedy_at_Taj_Mahal_(5).jpg
Taj_Mahal,113197,0,commons/Details_of_the_Southern_Gate_(Taj_Mahal)/0/pictures/Taj_Mahal_Main_Entrance_to_Tomb_(23223424515).jpg
Taj_Mahal,113197,0,"commons/Taj_Mahal_Complex_—_Jawab/0/pictures/Taj_Mahal,_Agra_55.jpg"
Taj_Mahal,113197,0,commons/South_side_of_the_Taj_Mahal_Tomb_with_the_pool/0/pictures/Exportation-001.jpg
Taj_Mahal,113197,0,"commons/Details_of_the_Southern_Gate_(Taj_Mahal)/0/pictures/Taj_Mahal,_Agra_-_Visit_During_WCI_2016_(11).jpg"
Taj_Mahal,113197,0,"commons/Taj_Mahal_Complex_—_Jawab/0/pictures/Taj_Mahal,_Agra_54.jpg"
Taj_Mahal,113197,0,commons/Water_reflections_at_the_Taj_Mahal/0/pictures/Taj_mahal_p23.jpg
Taj_Mahal,113197,0,commons/South_side_of_the_Taj_Mahal_Tomb_with_the_pool/0/pictures/First_Lady_Jacqueline_Kennedy_at_Taj_Mahal_(1).jpg
Taj_Mahal,113197,0,"commons/Details_of_the_Southern_Gate_(Taj_Mahal)/0/pictures/Taj_Mahal,_Agra_03.jpg"
Taj_Mahal,113197,0,"commons/Taj_Mahal_Complex_—_Jawab/0/pictures/Taj_Mahal,_Agra_40.jpg"
Taj_Mahal,113197,0,commons/Water_reflections_at_the_Taj_Mahal/0/pictures/Taj_reflection_02.jpg
Taj_Mahal,113197,0,commons/South_side_of_the_Taj_Mahal_Tomb_with_the_pool/0/pictures/Eternal_love_01.jpg
Taj_Mahal,113197,0,commons/Details_of_the_Southern_Gate_(Taj_Mahal)/0/pictures/Taj_Mahal_Main_Entrance_to_Tomb_(22927321200).jpg
Taj_Mahal,113197,0,"commons/Taj_Mahal_Complex_—_Jawab/0/pictures/Taj_Mahal,_Agra_138.jpg"
Taj_Mahal,113197,0,commons/South_side_of_the_Taj_Mahal_Tomb_with_the_pool/0/pictures/Euerfotograf_Taj_Mahal.jpg
Taj_Mahal,113197,0,commons/Details_of_the_Southern_Gate_(Taj_Mahal)/0/pictures/Taj_Mahal_Main_Entrance_to_Tomb_(22855099579).jpg
Taj_Mahal,113197,0,"commons/Taj_Mahal_Complex_—_Jawab/0/pictures/Taj_Mahal,_Agra_-_Visit_During_WCI_2016_(72).jpg"
Taj_Mahal,113197,0,commons/South_side_of_the_Taj_Mahal_Tomb_with_the_pool/0/pictures/Es_un_monumento_de_India_cuando_yo_fui_de_viaje.jpg
Taj_Mahal,113197,0,commons/Details_of_the_Southern_Gate_(Taj_Mahal)/0/pictures/Taj_Mahal_Main_Entrance_to_Tomb_(22829104727).jpg
Taj_Mahal,113197,0,"commons/Taj_Mahal_Complex_—_Jawab/0/pictures/Taj_Mahal,_Agra_-_Visit_During_WCI_2016_(68).jpg"
Taj_Mahal,113197,0,commons/South_side_of_the_Taj_Mahal_Tomb_with_the_pool/0/pictures/El_Taj_Mahal-Agra_India0009.JPG
Taj_Mahal,113197,0,commons/Details_of_the_Southern_Gate_(Taj_Mahal)/0/pictures/Taj_Mahal_Main_Entrance_to_Tomb_(22828751467).jpg
Taj_Mahal,113197,0,"commons/Taj_Mahal_Complex_—_Jawab/0/pictures/Taj_Mahal,_Agra_-_Visit_During_WCI_2016_(50).jpg"
Taj_Mahal,113197,0,commons/South_side_of_the_Taj_Mahal_Tomb_with_the_pool/0/pictures/El_Taj_Mahal-Agra_India0028.JPG
Taj_Mahal,113197,0,commons/Details_of_the_Southern_Gate_(Taj_Mahal)/0/pictures/Taj_Mahal_Main_Entrance_to_Tomb_(22596132993).jpg
Taj_Mahal,113197,0,"commons/Taj_Mahal_Complex_—_Jawab/0/pictures/Taj_Mahal,_Agra_-_Visit_During_WCI_2016_(32).jpg"
Taj_Mahal,113197,0,commons/South_side_of_the_Taj_Mahal_Tomb_with_the_pool/0/pictures/ELEGANCE_OF_LOVE.jpg
Taj_Mahal,113197,0,commons/Details_of_the_Southern_Gate_(Taj_Mahal)/0/pictures/Taj_Mahal_Main_Entrance_to_Tomb_(22594864644).jpg
Taj_Mahal,113197,0,commons/Taj_Mahal_Complex_—_Jawab/0/pictures/Taj_Mahal(from_inside_to_outside).jpg
Taj_Mahal,113197,0,commons/Water_reflections_at_the_Taj_Mahal/0/pictures/Taj_Mahal-Agra_001.jpg
Taj_Mahal,113197,0,"commons/South_side_of_the_Taj_Mahal_Tomb_with_the_pool/0/pictures/Taj_Mahal,_Agra,_Uttar_Pradesh,_India_(15544687488).jpg"
Taj_Mahal,113197,0,commons/South_side_of_the_Taj_Mahal_Tomb_with_the_pool/0/pictures/Doctor_love.jpg
Taj_Mahal,113197,0,commons/Details_of_the_Southern_Gate_(Taj_Mahal)/0/pictures/Taj_Mahal_9758.jpg
Taj_Mahal,113197,0,commons/Taj_Mahal_Complex_—_Jawab/0/pictures/Taj_Mahal_泰姬陵_-_panoramio_(2).jpg
Taj_Mahal,113197,0,"commons/Pietre_dure_on_the_Taj_Mahal/0/pictures/Taj_Mahal,_Agra_views_from_around_(17).JPG"
Taj_Mahal,113197,0,"commons/South_side_of_the_Taj_Mahal_Tomb_with_the_pool/0/pictures/Distant_view_of_Taj_Mahal,_Agra,_India.jpg"
Taj_Mahal,113197,0,commons/Details_of_the_Southern_Gate_(Taj_Mahal)/0/pictures/Taj_Mahal_Main_Entrance_to_Tomb_(22829390497).jpg
Taj_Mahal,113197,0,commons/Taj_Mahal_Complex_—_Jawab/0/pictures/Taj_Mahal_m2.jpg
Taj_Mahal,113197,0,"commons/Water_reflections_at_the_Taj_Mahal/0/pictures/Taj_Mahal,_Agra,_Uttar_Pradesh_vi-26.jpg"
Taj_Mahal,113197,0,"commons/South_side_of_the_Taj_Mahal_Tomb_with_the_pool/0/pictures/Taj_Mahal,_Agra,_Uttar_Pradesh_vi-4.jpg"
Taj_Mahal,113197,0,"commons/South_side_of_the_Taj_Mahal_Tomb_with_the_pool/0/pictures/Dharmapuri,_Forest_Colony,_Tajganj,_Agra,_Uttar_Pradesh,_India_-_panoramio_(8).jpg"
Taj_Mahal,113197,0,commons/Details_of_the_Southern_Gate_(Taj_Mahal)/0/pictures/Taj_Mahal_Agra_DSC_0347.jpg
Taj_Mahal,113197,0,commons/Taj_Mahal_Complex_—_Jawab/0/pictures/Taj_Mahal_Mosque_-_panoramio.jpg
Taj_Mahal,113197,0,commons/South_side_of_the_Taj_Mahal_Tomb_with_the_pool/0/pictures/Dawn_Taj_Mahal.jpg
Taj_Mahal,113197,0,commons/Details_of_the_Southern_Gate_(Taj_Mahal)/0/pictures/Taj_Mahal_Agra_DSC_0343.jpg
Taj_Mahal,113197,0,commons/Taj_Mahal_Complex_—_Jawab/0/pictures/Taj_Mahal_Jawab_1.jpg
Taj_Mahal,113197,0,commons/South_side_of_the_Taj_Mahal_Tomb_with_the_pool/0/pictures/DSCN4498-01.jpg
Taj_Mahal,113197,0,commons/Details_of_the_Southern_Gate_(Taj_Mahal)/0/pictures/Taj_Mahal_Agra_DSC_0342.jpg
Taj_Mahal,113197,0,"commons/Water_reflections_at_the_Taj_Mahal/0/pictures/Taj_Mahal,_Agra,_Uttar_Pradesh_vi-23.jpg"
Taj_Mahal,113197,0,"commons/South_side_of_the_Taj_Mahal_Tomb_with_the_pool/0/pictures/Taj_Mahal,_Agra,_Uttar_Pradesh_te-136.jpg"
Taj_Mahal,113197,0,commons/South_side_of_the_Taj_Mahal_Tomb_with_the_pool/0/pictures/Daunting_Taj_Mahal.jpeg
Taj_Mahal,113197,0,commons/Details_of_the_Southern_Gate_(Taj_Mahal)/0/pictures/Taj_Mahal_9776.jpg
Taj_Mahal,113197,0,commons/Taj_Mahal_Complex_—_Jawab/0/pictures/Taj_Mahal_Side.jpg
Taj_Mahal,113197,0,commons/South_side_of_the_Taj_Mahal_Tomb_with_the_pool/0/pictures/DSC_0170817_140930_HDR-01.jpg
Taj_Mahal,113197,0,commons/Details_of_the_Southern_Gate_(Taj_Mahal)/0/pictures/Taj_Mahal_Agra_DSC_0340.jpg
Taj_Mahal,113197,0,commons/Taj_Mahal_Complex_—_Jawab/0/pictures/Taj_Mahal_Mosque_Reply.JPG
Taj_Mahal,113197,0,"commons/Water_reflections_at_the_Taj_Mahal/0/pictures/Taj_Mahal,_Agra,_Uttar_Pradesh_vi-24.jpg"
Taj_Mahal,113197,0,"commons/South_side_of_the_Taj_Mahal_Tomb_with_the_pool/0/pictures/Taj_Mahal,_Agra,_Uttar_Pradesh_vi-26.jpg"
Taj_Mahal,113197,0,commons/South_side_of_the_Taj_Mahal_Tomb_with_the_pool/0/pictures/Crystal_view_of_Tajmahal.JPG
Taj_Mahal,113197,0,commons/Details_of_the_Southern_Gate_(Taj_Mahal)/0/pictures/Taj_Mahal_Main_Entrance_to_Tomb_(22594889924).jpg
Taj_Mahal,113197,0,commons/Taj_Mahal_Complex_—_Jawab/0/pictures/Taj_Mahal_Mosque_01.jpg
Taj_Mahal,113197,0,"commons/Water_reflections_at_the_Taj_Mahal/0/pictures/Taj_Mahal,_Agra,_Uttar_Pradesh_s-24.jpg"
Taj_Mahal,113197,0,"commons/South_side_of_the_Taj_Mahal_Tomb_with_the_pool/0/pictures/Taj_Mahal,_Agra,_Uttar_Pradesh_vi-23.jpg"
Taj_Mahal,113197,0,commons/South_side_of_the_Taj_Mahal_Tomb_with_the_pool/0/pictures/Crown_of_palaces.jpg
Taj_Mahal,113197,0,commons/Details_of_the_Southern_Gate_(Taj_Mahal)/0/pictures/Taj_Mahal_9753.jpg
Taj_Mahal,113197,0,commons/Taj_Mahal_Complex_—_Jawab/0/pictures/Taj_Mahal_and_grounds_Kali_Masjid_and_enclosure_wall_1may16.jpg
Taj_Mahal,113197,0,commons/Pietre_dure_on_the_Taj_Mahal/0/pictures/Taj_Mahal_2011_05.JPG
Taj_Mahal,113197,0,commons/Taj_Mahal_Complex_—_Tomb/0/pictures/Taj_Mahal.k2.jpg
Taj_Mahal,113197,0,commons/South_side_of_the_Taj_Mahal_Tomb_with_the_pool/0/pictures/Complete_view_of_Tajmahal.jpg
Taj_Mahal,113197,0,commons/Details_of_the_Southern_Gate_(Taj_Mahal)/0/pictures/Taj_Mahal_Agra_India_-_panoramio_(2).jpg
Taj_Mahal,113197,0,commons/Taj_Mahal_Complex_—_Jawab/0/pictures/Taj_Mahal_and_grounds_01.jpg
Taj_Mahal,113197,0,"commons/Water_reflections_at_the_Taj_Mahal/0/pictures/Taj_Mahal,_Agra,_Uttar_Pradesh_s-22.jpg"
Taj_Mahal,113197,0,"commons/South_side_of_the_Taj_Mahal_Tomb_with_the_pool/0/pictures/Taj_Mahal,_Agra,_Uttar_Pradesh_te-137.jpg"
Taj_Mahal,113197,0,commons/South_side_of_the_Taj_Mahal_Tomb_with_the_pool/0/pictures/Complete_view_of_Taj_Mahal.jpg
Taj_Mahal,113197,0,commons/Details_of_the_Southern_Gate_(Taj_Mahal)/0/pictures/Taj_Mahal_9748.jpg
Taj_Mahal,113197,0,commons/Taj_Mahal_Complex_—_Jawab/0/pictures/Taj_Mahal_Jawab_3.jpg
Taj_Mahal,113197,0,"commons/Water_reflections_at_the_Taj_Mahal/0/pictures/Taj_Mahal,_Agra,_Uttar_Pradesh_hs-26.jpg"
Taj_Mahal,113197,0,"commons/South_side_of_the_Taj_Mahal_Tomb_with_the_pool/0/pictures/Taj_Mahal,_Agra,_Uttar_Pradesh_vi-22.jpg"
Taj_Mahal,113197,0,commons/Pietre_dure_on_the_Taj_Mahal/0/pictures/Taj_Mahal_2011_06.JPG
Taj_Mahal,113197,0,commons/Taj_Mahal_Complex_—_Tomb/0/pictures/Taj_Mahal.jpg_picture.jpg
Taj_Mahal,113197,0,commons/South_side_of_the_Taj_Mahal_Tomb_with_the_pool/0/pictures/Colors_Of_Taj.jpg
Taj_Mahal,113197,0,commons/Details_of_the_Southern_Gate_(Taj_Mahal)/0/pictures/Taj_Mahal_9779.jpg
Taj_Mahal,113197,0,commons/Taj_Mahal_Complex_—_Jawab/0/pictures/Taj_Mahal_Agra_DSC_0458.jpg
Taj_Mahal,113197,0,"commons/Water_reflections_at_the_Taj_Mahal/0/pictures/Taj_Mahal,_Agra,_Uttar_Pradesh_hs-24.jpg"
Taj_Mahal,113197,0,"commons/South_side_of_the_Taj_Mahal_Tomb_with_the_pool/0/pictures/Taj_Mahal,_Agra,_Uttar_Pradesh_vi-20.jpg"
Taj_Mahal,113197,0,commons/Pietre_dure_on_the_Taj_Mahal/0/pictures/Taj_Mahal_-_Moghul_Art_Work_IMG_0245.JPG
Taj_Mahal,113197,0,"commons/Taj_Mahal_Complex_—_Tomb/0/pictures/Taj_Mahal._Agra,_India_(23499869091).jpg"
Taj_Mahal,113197,0,commons/South_side_of_the_Taj_Mahal_Tomb_with_the_pool/0/pictures/CIA_image_of_Taj_Mahal.jpg
Taj_Mahal,113197,0,commons/Details_of_the_Southern_Gate_(Taj_Mahal)/0/pictures/Taj_Mahal_Agra_DSC_0341.jpg
Taj_Mahal,113197,0,commons/Taj_Mahal_Complex_—_Jawab/0/pictures/Taj_Mahal_Jawab_2017.jpg
Taj_Mahal,113197,0,commons/South_side_of_the_Taj_Mahal_Tomb_with_the_pool/0/pictures/Clear_view_of_Tajmahal.JPG
Taj_Mahal,113197,0,commons/Details_of_the_Southern_Gate_(Taj_Mahal)/0/pictures/Taj_Mahal_Agra_DSC_0339.jpg
Taj_Mahal,113197,0,commons/Taj_Mahal_Complex_—_Jawab/0/pictures/Taj_Mahal_Jawab1.JPG
Taj_Mahal,113197,0,commons/Pietre_dure_on_the_Taj_Mahal/0/pictures/Taj_Inlay_03_(2290343395).jpg
Taj_Mahal,113197,0,commons/Taj_Mahal_Complex_—_Tomb/0/pictures/Taj_Mahal-Ultimate_creation.JPG
Taj_Mahal,113197,0,"commons/South_side_of_the_Taj_Mahal_Tomb_with_the_pool/0/pictures/Built_for_his_beloved_Mumtaj_Mahal_,The_Taj_Mahal.jpg"
Taj_Mahal,113197,0,commons/Details_of_the_Southern_Gate_(Taj_Mahal)/0/pictures/Taj_Mahal_Agra_DSC_0338.jpg
Taj_Mahal,113197,0,commons/Taj_Mahal_Complex_—_Jawab/0/pictures/Taj_Mahal_Complex_-_View_through_a_peephole_IMG_0210.JPG
Taj_Mahal,113197,0,"commons/Water_reflections_at_the_Taj_Mahal/0/pictures/Taj_Mahal,_Agra,_Up_2.jpg"
Taj_Mahal,113197,0,"commons/South_side_of_the_Taj_Mahal_Tomb_with_the_pool/0/pictures/Taj_Mahal,_Agra,_Uttar_Pradesh_te-128.jpg"
Taj_Mahal,113197,0,"commons/South_side_of_the_Taj_Mahal_Tomb_with_the_pool/0/pictures/Blue_sky,_white_Taj.jpg"
Taj_Mahal,113197,0,commons/Details_of_the_Southern_Gate_(Taj_Mahal)/0/pictures/Taj_Mahal_9750.jpg
Taj_Mahal,113197,0,commons/Taj_Mahal_Complex_—_Jawab/0/pictures/Taj_Mahal_Jawab_at_Agra.jpg
Taj_Mahal,113197,0,commons/South_side_of_the_Taj_Mahal_Tomb_with_the_pool/0/pictures/Complete_Taj_Mahal.jpg
Taj_Mahal,113197,0,commons/Details_of_the_Southern_Gate_(Taj_Mahal)/0/pictures/Taj_Mahal_9744.jpg
Taj_Mahal,113197,0,commons/Taj_Mahal_Complex_—_Jawab/0/pictures/Taj_Mahal_agra_29.JPG
Taj_Mahal,113197,0,commons/Pietre_dure_on_the_Taj_Mahal/0/pictures/Taj_Mahal_-_Stonework_IMG_0244.JPG
Taj_Mahal,113197,0,commons/Taj_Mahal_Complex_—_Tomb/0/pictures/Taj_Mahal...Monument_of_love.jpg
Taj_Mahal,113197,0,"commons/South_side_of_the_Taj_Mahal_Tomb_with_the_pool/0/pictures/Best_view_of_the_great_Taj_Mahal,_Agra8.jpg"
Taj_Mahal,113197,0,commons/Details_of_the_Southern_Gate_(Taj_Mahal)/0/pictures/Taj_Mahal_9784.jpg
Taj_Mahal,113197,0,commons/Taj_Mahal_Complex_—_Jawab/0/pictures/Taj_Mahal_Agra_DSC_0471.jpg
Taj_Mahal,113197,0,commons/South_side_of_the_Taj_Mahal_Tomb_with_the_pool/0/pictures/Bismillah_065.jpg
Taj_Mahal,113197,0,commons/Details_of_the_Southern_Gate_(Taj_Mahal)/0/pictures/Taj_Mahal_-Agra_-Uttar_Pradesh_-DSC_0008.jpg
Taj_Mahal,113197,0,commons/Taj_Mahal_Complex_—_Jawab/0/pictures/Taj_Mahal_Jawab_2.jpg
Taj_Mahal,113197,0,commons/Water_reflections_at_the_Taj_Mahal/0/pictures/Taj_Mahal_of_Shah_Jahan.jpg
Taj_Mahal,113197,0,"commons/South_side_of_the_Taj_Mahal_Tomb_with_the_pool/0/pictures/Taj_Mahal,_Agra,_Uttar_Pradesh_s-25.jpg"
Taj_Mahal,113197,0,"commons/South_side_of_the_Taj_Mahal_Tomb_with_the_pool/0/pictures/Best_view_of_the_great_Taj_Mahal,_Agra10.jpg"
Taj_Mahal,113197,0,commons/Details_of_the_Southern_Gate_(Taj_Mahal)/0/pictures/Taj_Mahal_9737.jpg
Taj_Mahal,113197,0,commons/Taj_Mahal_Complex_—_Jawab/0/pictures/Taj_Mahal_Agra_DSC_0464.jpg
Taj_Mahal,113197,0,"commons/South_side_of_the_Taj_Mahal_Tomb_with_the_pool/0/pictures/Close_view_of_Taj_Mahal,_Agra,_India.jpg"
Taj_Mahal,113197,0,commons/Details_of_the_Southern_Gate_(Taj_Mahal)/0/pictures/Taj_Mahal_9765.jpg
Taj_Mahal,113197,0,commons/Taj_Mahal_Complex_—_Jawab/0/pictures/Taj_Mahal_Agra_DSC_0465.jpg
Taj_Mahal,113197,0,commons/Yamuna_River_at_the_Taj_Mahal/0/pictures/Yemuna_and_Tajmahal_-_panoramio.jpg
Taj_Mahal,113197,0,commons/Southern_gate_of_the_Taj_Mahal_compound/0/pictures/Main_Gateway_-_South-west_View_-_Taj_Mahal_Complex_-_Agra_2014-05-14_3735.JPG
Taj_Mahal,113197,0,commons/South_side_of_the_Taj_Mahal_Tomb_with_the_pool/0/pictures/Beauty_of_taj_mahal.jpg
Taj_Mahal,113197,0,commons/Details_of_the_Southern_Gate_(Taj_Mahal)/0/pictures/Taj_Mahal_9734.jpg
Taj_Mahal,113197,0,commons/Taj_Mahal_Complex_—_Jawab/0/pictures/Taj_Mahal_Agra_DSC_0463.jpg
Taj_Mahal,113197,0,commons/Pietre_dure_on_the_Taj_Mahal/0/pictures/Le_Taj_Mahal_(Agra)_(8521865729).jpg
Taj_Mahal,113197,0,commons/Taj_Mahal_Complex_—_Tomb/0/pictures/Taj_Mahal-Agra-Uttar_Pradesh-Img_002.jpg
Taj_Mahal,113197,0,commons/South_side_of_the_Taj_Mahal_Tomb_with_the_pool/0/pictures/Beauty_of_Taj_Mahal.JPG
Taj_Mahal,113197,0,commons/Details_of_the_Southern_Gate_(Taj_Mahal)/0/pictures/Taj_Mahal_9720.jpg
Taj_Mahal,113197,0,commons/Taj_Mahal_Complex_—_Jawab/0/pictures/Taj_014.jpg
Taj_Mahal,113197,0,commons/Water_reflections_at_the_Taj_Mahal/0/pictures/Taj_Mahal_agra_16.JPG
Taj_Mahal,113197,0,"commons/South_side_of_the_Taj_Mahal_Tomb_with_the_pool/0/pictures/Taj_Mahal,_Agra,_Uttar_Pradesh_s-23.jpg"
Taj_Mahal,113197,0,commons/South_side_of_the_Taj_Mahal_Tomb_with_the_pool/0/pictures/Beautiful_Taj_Mahal_Agra.jpg
Taj_Mahal,113197,0,commons/Details_of_the_Southern_Gate_(Taj_Mahal)/0/pictures/Taj_Mahal_2018-01-02g.jpg
Taj_Mahal,113197,0,commons/Taj_Mahal_Complex_—_Jawab/0/pictures/Taj_Mahal_2009.jpg
Taj_Mahal,113197,0,commons/South_side_of_the_Taj_Mahal_Tomb_with_the_pool/0/pictures/Beautiful_Taj_(under_construction).jpg
Taj_Mahal,113197,0,commons/Details_of_the_Southern_Gate_(Taj_Mahal)/0/pictures/Taj_Mahal_05_(Friar's_Balsam_Flickr).jpg
Taj_Mahal,113197,0,commons/Taj_Mahal_Complex_—_Jawab/0/pictures/Shadow_of_taj.jpg
Taj_Mahal,113197,0,commons/South_side_of_the_Taj_Mahal_Tomb_with_the_pool/0/pictures/Beatiful_Tajmahal.JPG
Taj_Mahal,113197,0,commons/Details_of_the_Southern_Gate_(Taj_Mahal)/0/pictures/Taj_Mahal_9741.jpg
Taj_Mahal,113197,0,commons/Taj_Mahal_Complex_—_Jawab/0/pictures/Taj_Mahal_-_Kali_Masjid_and_Enclosure_wall.jpg
Taj_Mahal,113197,0,commons/Water_reflections_at_the_Taj_Mahal/0/pictures/Taj_Mahal_Sunset_Nitya.jpg
Taj_Mahal,113197,0,"commons/South_side_of_the_Taj_Mahal_Tomb_with_the_pool/0/pictures/Taj_Mahal,_Agra,_Uttar_Pradesh_s-21.jpg"
Taj_Mahal,113197,0,commons/Pietre_dure_on_the_Taj_Mahal/0/pictures/India-6190_-_Flickr_-_archer10_(Dennis).jpg
Taj_Mahal,113197,0,commons/Taj_Mahal_Complex_—_Tomb/0/pictures/Taj_Mahal-_Looking_up.JPG
Taj_Mahal,113197,0,commons/South_side_of_the_Taj_Mahal_Tomb_with_the_pool/0/pictures/Banke_bihaTaj_Mahalri_(284).JPG
Taj_Mahal,113197,0,commons/Details_of_the_Southern_Gate_(Taj_Mahal)/0/pictures/Series_of_beautiful_archs_from_entry_to_taj_mahal.JPG
Taj_Mahal,113197,0,commons/Taj_Mahal_Complex_—_Jawab/0/pictures/Taj_Mahal_Agra_4.jpg
Taj_Mahal,113197,0,commons/Water_reflections_at_the_Taj_Mahal/0/pictures/Taj_Mahal_Spiegel.JPG
Taj_Mahal,113197,0,"commons/South_side_of_the_Taj_Mahal_Tomb_with_the_pool/0/pictures/Taj_Mahal,_Agra,_Uttar_Pradesh_hs-22.jpg"
Taj_Mahal,113197,0,commons/South_side_of_the_Taj_Mahal_Tomb_with_the_pool/0/pictures/Banke_bihaTaj_Mahalri_(283).JPG
Taj_Mahal,113197,0,commons/Details_of_the_Southern_Gate_(Taj_Mahal)/0/pictures/Scientific_craftsmanship_at_the_entrance_gates_of_that_Taj.jpg
Taj_Mahal,113197,0,commons/Taj_Mahal_Complex_—_Jawab/0/pictures/Taj_Mahal_(ताज_महल).jpg
Taj_Mahal,113197,0,commons/Pietre_dure_on_the_Taj_Mahal/0/pictures/India-6153_-_Flickr_-_archer10_(Dennis).jpg
Taj_Mahal,113197,0,commons/South_side_of_the_Taj_Mahal_Tomb_with_the_pool/0/pictures/Beauty_of_taj_in_daylight.jpg
Taj_Mahal,113197,0,commons/Details_of_the_Southern_Gate_(Taj_Mahal)/0/pictures/Great_Gate_(Darwaza-i_Rauza).jpg
Taj_Mahal,113197,0,commons/Taj_Mahal_Complex_—_Jawab/0/pictures/Taj_Mahal_Agra_India_-_panoramio_(20).jpg
Taj_Mahal,113197,0,commons/Yamuna_River_at_the_Taj_Mahal/0/pictures/Yamuna_from_Taj_Mahal.jpg
Taj_Mahal,113197,0,commons/Southern_gate_of_the_Taj_Mahal_compound/0/pictures/La_porte_principale_du_Taj_Mahal_(Agra)_(8529183592).jpg
Taj_Mahal,113197,0,commons/South_side_of_the_Taj_Mahal_Tomb_with_the_pool/0/pictures/Banke_bihaTaj_Mahalri_(281).JPG
Taj_Mahal,113197,0,commons/Details_of_the_Southern_Gate_(Taj_Mahal)/0/pictures/Taj_Mahal_9730.jpg
Taj_Mahal,113197,0,commons/Taj_Mahal_Complex_—_Jawab/0/pictures/THE_TAJ_MAHAL_GATEWAY.jpg
Taj_Mahal,113197,0,commons/South_side_of_the_Taj_Mahal_Tomb_with_the_pool/0/pictures/Banke_bihaTaj_Mahalri_(280).JPG
Taj_Mahal,113197,0,commons/Details_of_the_Southern_Gate_(Taj_Mahal)/0/pictures/File1133.jpg
Taj_Mahal,113197,0,commons/Taj_Mahal_Complex_—_Jawab/0/pictures/TAJMAHAL8.jpg
Taj_Mahal,113197,0,commons/Water_reflections_at_the_Taj_Mahal/0/pictures/Taj_Mahal_2017.jpg
Taj_Mahal,113197,0,"commons/South_side_of_the_Taj_Mahal_Tomb_with_the_pool/0/pictures/Taj_Mahal,_Agra,_Uttar_Pradesh_hs-28.jpg"
Taj_Mahal,113197,0,commons/South_side_of_the_Taj_Mahal_Tomb_with_the_pool/0/pictures/BAHO_TAJ_TAJMAHAL_AGRA.jpg
Taj_Mahal,113197,0,commons/Details_of_the_Southern_Gate_(Taj_Mahal)/0/pictures/Kkm_entrance_tajmahal_India.jpg
Taj_Mahal,113197,0,commons/Taj_Mahal_Complex_—_Jawab/0/pictures/Taj_Mahal_-_Kali_Masjid.jpg
Taj_Mahal,113197,0,commons/South_side_of_the_Taj_Mahal_Tomb_with_the_pool/0/pictures/An_Ode_to_Taj.jpg
Taj_Mahal,113197,0,commons/Details_of_the_Southern_Gate_(Taj_Mahal)/0/pictures/Jawab_Masjid_(near_the_Taj_Mahal).jpg
Taj_Mahal,113197,0,commons/Taj_Mahal_Complex_—_Jawab/0/pictures/TAJMAHAL_4.jpg
Taj_Mahal,113197,0,commons/South_side_of_the_Taj_Mahal_Tomb_with_the_pool/0/pictures/Akbari_Mahal_-_Taj_Mahal.jpg
Taj_Mahal,113197,0,commons/Details_of_the_Southern_Gate_(Taj_Mahal)/0/pictures/Interior_of_Buland_Darwaza.jpg
Taj_Mahal,113197,0,commons/Taj_Mahal_Complex_—_Jawab/0/pictures/TAJ_MAHAL_4.jpg
Taj_Mahal,113197,0,commons/Water_reflections_at_the_Taj_Mahal/0/pictures/Taj_Mahal_10.jpg
Taj_Mahal,113197,0,"commons/South_side_of_the_Taj_Mahal_Tomb_with_the_pool/0/pictures/Taj_Mahal,_Agra,_Uttar_Pradesh_hs-26.jpg"
Taj_Mahal,113197,0,commons/South_side_of_the_Taj_Mahal_Tomb_with_the_pool/0/pictures/AgraTazmahal-pic02.jpg
Taj_Mahal,113197,0,commons/Details_of_the_Southern_Gate_(Taj_Mahal)/0/pictures/Delhi_20180908_103121.jpg
Taj_Mahal,113197,0,commons/Taj_Mahal_Complex_—_Jawab/0/pictures/TAJ_ENTRANCE_GATE_AND_GARDEN.JPG
Taj_Mahal,113197,0,commons/Pietre_dure_on_the_Taj_Mahal/0/pictures/India_Taj_Mahal_(07).jpg
Taj_Mahal,113197,0,"commons/Taj_Mahal_Complex_—_Tomb/0/pictures/Taj_Mahal,Agra,India_05.jpg"
Taj_Mahal,113197,0,commons/South_side_of_the_Taj_Mahal_Tomb_with_the_pool/0/pictures/Agra0596b.jpg
Taj_Mahal,113197,0,commons/Details_of_the_Southern_Gate_(Taj_Mahal)/0/pictures/Incised_Ceiling_Painting_and_Spandrel_-_Main_Gateway_-_Taj_Mahal_Complex_-_Agra_2014-05-14_3755.JPG
Taj_Mahal,113197,0,commons/Taj_Mahal_Complex_—_Jawab/0/pictures/T_(22).jpg
Taj_Mahal,113197,0,commons/South_side_of_the_Taj_Mahal_Tomb_with_the_pool/0/pictures/Agra._Taj_Mahal_LCCN2017658158.jpg
Taj_Mahal,113197,0,commons/Details_of_the_Southern_Gate_(Taj_Mahal)/0/pictures/P1010239agra_fort.jpg
Taj_Mahal,113197,0,commons/Taj_Mahal_Complex_—_Jawab/0/pictures/TAJMAHAL_7.jpg
Taj_Mahal,113197,0,"commons/Pietre_dure_on_the_Taj_Mahal/0/pictures/Flowers_in_marble,_right_part,_Taj_Mahal,_Agra,_India.jpg"
Taj_Mahal,113197,0,"commons/Taj_Mahal_Complex_—_Tomb/0/pictures/Taj_Mahal,_sun_set_-_panoramio.jpg"
Taj_Mahal,113197,0,commons/South_side_of_the_Taj_Mahal_Tomb_with_the_pool/0/pictures/Agra-Taj_Mahal-Visit_opening-20131019.jpg
Taj_Mahal,113197,0,commons/Details_of_the_Southern_Gate_(Taj_Mahal)/0/pictures/Main_Entrance_to_Taj_Mahal.jpg
Taj_Mahal,113197,0,"commons/Taj_Mahal_Complex_—_Jawab/0/pictures/Mehman_Khana_(Taj_Mahal,_Agra)_(8522974734).jpg"
Taj_Mahal,113197,0,"commons/Pietre_dure_on_the_Taj_Mahal/0/pictures/Flowers_in_marble,_right_part_2,_Taj_Mahal,_Agra,_India.jpg"
Taj_Mahal,113197,0,commons/South_side_of_the_Taj_Mahal_Tomb_with_the_pool/0/pictures/Agra-Taj_Mahal-View_from_the_Mughal_garden_reflecting_pond-20131019.jpg
Taj_Mahal,113197,0,commons/Details_of_the_Southern_Gate_(Taj_Mahal)/0/pictures/Entrance_Gateway_of_Khan-i-Alam_Bagh_2015.jpg
Taj_Mahal,113197,0,commons/Taj_Mahal_Complex_—_Jawab/0/pictures/MONUMENT_AROUND_TAJ_MAHAL_IMAG2717.jpg
Taj_Mahal,113197,0,"commons/Pietre_dure_on_the_Taj_Mahal/0/pictures/Flowers_in_marble,_left_part,_Taj_Mahal,_Agra,_India.jpg"
Taj_Mahal,113197,0,"commons/Taj_Mahal_Complex_—_Tomb/0/pictures/Taj_Mahal,_wonder_of_the_world.jpg"
Taj_Mahal,113197,0,commons/South_side_of_the_Taj_Mahal_Tomb_with_the_pool/0/pictures/Agra-Taj_Mahal-56-Suedseite-2018-gje.jpg
Taj_Mahal,113197,0,commons/Details_of_the_Southern_Gate_(Taj_Mahal)/0/pictures/Delhi_20180908_102733.jpg
Taj_Mahal,113197,0,commons/Taj_Mahal_Complex_—_Jawab/0/pictures/Monument_near_taj.JPG
Taj_Mahal,113197,0,commons/South_side_of_the_Taj_Mahal_Tomb_with_the_pool/0/pictures/Agra-Taj_Mahal-52-Suedseite-2018-gje.jpg
Taj_Mahal,113197,0,commons/Details_of_the_Southern_Gate_(Taj_Mahal)/0/pictures/Delhi_20180908_102937.jpg
Taj_Mahal,113197,0,commons/Taj_Mahal_Complex_—_Jawab/0/pictures/Mehman_Khana.jpg
Taj_Mahal,113197,0,commons/Water_reflections_at_the_Taj_Mahal/0/pictures/Taj_02.jpg
Taj_Mahal,113197,0,"commons/South_side_of_the_Taj_Mahal_Tomb_with_the_pool/0/pictures/Taj_Mahal,_Agra,_Uttar_Pradesh_hs-126.jpg"
Taj_Mahal,113197,0,"commons/Pietre_dure_on_the_Taj_Mahal/0/pictures/Flowers_in_marble,_Taj_Mahal,_Agra,_India_1.jpg"
Taj_Mahal,113197,0,"commons/Taj_Mahal_Complex_—_Tomb/0/pictures/Taj_Mahal,_India_(149128215).jpg"
Taj_Mahal,113197,0,commons/South_side_of_the_Taj_Mahal_Tomb_with_the_pool/0/pictures/Agra-Taj_Mahal-50-Suedseite-2018-gje.jpg
Taj_Mahal,113197,0,commons/Details_of_the_Southern_Gate_(Taj_Mahal)/0/pictures/Delhi_20180908_102823.jpg
Taj_Mahal,113197,0,commons/Taj_Mahal_Complex_—_Jawab/0/pictures/Rising_Sun_At_Taj_Mahal.jpg
Taj_Mahal,113197,0,commons/South_side_of_the_Taj_Mahal_Tomb_with_the_pool/0/pictures/Agra-Taj_Mahal-18-Suedseite-2018-gje.jpg
Taj_Mahal,113197,0,commons/Details_of_the_Southern_Gate_(Taj_Mahal)/0/pictures/Delhi_20180908_102821.jpg
Taj_Mahal,113197,0,commons/Taj_Mahal_Complex_—_Jawab/0/pictures/Outside_of_taj_mahal.jpg
Taj_Mahal,113197,0,"commons/South_side_of_the_Taj_Mahal_Tomb_with_the_pool/0/pictures/Agra,_Taj_Mahal_LCCN95505064.jpg"
Taj_Mahal,113197,0,commons/Details_of_the_Southern_Gate_(Taj_Mahal)/0/pictures/Delhi_20180908_102814.jpg
Taj_Mahal,113197,0,commons/Taj_Mahal_Complex_—_Jawab/0/pictures/MASJID_IN_THE_PREMISE_OF_TAJ_MAHALIMG_20170925_115639.jpg
Taj_Mahal,113197,0,"commons/South_side_of_the_Taj_Mahal_Tomb_with_the_pool/0/pictures/Agra,_Taj_Mahal_(6310488314).jpg"
Taj_Mahal,113197,0,commons/Details_of_the_Southern_Gate_(Taj_Mahal)/0/pictures/Carvings_in_roof_of_Humayun's_Tomb.jpg
Taj_Mahal,113197,0,commons/Taj_Mahal_Complex_—_Jawab/0/pictures/Jawab_on_east_side.jpg
Taj_Mahal,113197,0,commons/Pietre_dure_on_the_Taj_Mahal/0/pictures/Design_in_the_wall_of_Taj.JPG
Taj_Mahal,113197,0,"commons/South_side_of_the_Taj_Mahal_Tomb_with_the_pool/0/pictures/Agra,_Taj_Mahal_(6310480070).jpg"
Taj_Mahal,113197,0,commons/Details_of_the_Southern_Gate_(Taj_Mahal)/0/pictures/Delhi_20180908_102738.jpg
Taj_Mahal,113197,0,commons/Taj_Mahal_Complex_—_Jawab/0/pictures/Jawab_masjid.jpg
Taj_Mahal,113197,0,"commons/South_side_of_the_Taj_Mahal_Tomb_with_the_pool/0/pictures/Agra,_Taj_Mahal_(6310471434).jpg"
Taj_Mahal,113197,0,commons/Details_of_the_Southern_Gate_(Taj_Mahal)/0/pictures/Delhi20180908_103000.jpg
Taj_Mahal,113197,0,commons/Taj_Mahal_Complex_—_Jawab/0/pictures/Jawab_at_Taj_Mahal.jpg
Taj_Mahal,113197,0,commons/Pietre_dure_on_the_Taj_Mahal/0/pictures/Decoration_Art_at_Taj_Mahal.JPG
Taj_Mahal,113197,0,"commons/Taj_Mahal_Complex_—_Tomb/0/pictures/Taj_Mahal,_Dome,_Agra,_India.jpg"
Taj_Mahal,113197,0,"commons/South_side_of_the_Taj_Mahal_Tomb_with_the_pool/0/pictures/Agra,_Taj_Mahal_(6261527646).jpg"
Taj_Mahal,113197,0,commons/Details_of_the_Southern_Gate_(Taj_Mahal)/0/pictures/Delhi_20180908_102729.jpg
Taj_Mahal,113197,0,commons/Taj_Mahal_Complex_—_Jawab/0/pictures/India-6141_-_Flickr_-_archer10_(Dennis).jpg
Taj_Mahal,113197,0,"commons/South_side_of_the_Taj_Mahal_Tomb_with_the_pool/0/pictures/Agra,_Taj_Mahal_(6261468780).jpg"
Taj_Mahal,113197,0,commons/Details_of_the_Southern_Gate_(Taj_Mahal)/0/pictures/Delhi_20180908_102716.jpg
Taj_Mahal,113197,0,"commons/South_side_of_the_Taj_Mahal_Tomb_with_the_pool/0/pictures/Agra,_Taj_Mahal_(6260773895).jpg"
Taj_Mahal,113197,0,commons/Details_of_the_Southern_Gate_(Taj_Mahal)/0/pictures/Delhi_20180908_102702.jpg
Taj_Mahal,113197,0,commons/Water_reflections_at_the_Taj_Mahal/0/pictures/India-6099_-_Taj_Mahal_-_Flickr_-_archer10_(Dennis).jpg
Taj_Mahal,113197,0,"commons/South_side_of_the_Taj_Mahal_Tomb_with_the_pool/0/pictures/Taj_Mahal,_Agra,_India_(21003966599).jpg"
Taj_Mahal,113197,0,commons/Pietre_dure_on_the_Taj_Mahal/0/pictures/Artwork_and_inscriptions_on_the_Taj.JPG
Taj_Mahal,113197,0,"commons/Taj_Mahal_Complex_—_Tomb/0/pictures/Taj_Mahal,_Agra,_Uttar_Pradesh001.jpg"
Taj_Mahal,113197,0,"commons/South_side_of_the_Taj_Mahal_Tomb_with_the_pool/0/pictures/Agra,_Taj_Mahal_(2002)_16.jpg"
Taj_Mahal,113197,0,commons/Details_of_the_Southern_Gate_(Taj_Mahal)/0/pictures/Delhi_20180908_102658.jpg
Taj_Mahal,113197,0,commons/Taj_Mahal_Complex_—_Jawab/0/pictures/India-6177_-_Flickr_-_archer10_(Dennis).jpg
Taj_Mahal,113197,0,"commons/South_side_of_the_Taj_Mahal_Tomb_with_the_pool/0/pictures/Agra,_Taj_Mahal_(2002)_15.jpg"
Taj_Mahal,113197,0,commons/Details_of_the_Southern_Gate_(Taj_Mahal)/0/pictures/Carvings_on_Taj_Mahal_Entrance.jpg
Taj_Mahal,113197,0,commons/Water_reflections_at_the_Taj_Mahal/0/pictures/ExpressionofLove.jpg
Taj_Mahal,113197,0,"commons/South_side_of_the_Taj_Mahal_Tomb_with_the_pool/0/pictures/Taj_Mahal,_Agra_views_from_around_(26).JPG"
Taj_Mahal,113197,0,"commons/South_side_of_the_Taj_Mahal_Tomb_with_the_pool/0/pictures/Agra,_Taj_Mahal_(2002)_14.jpg"
Taj_Mahal,113197,0,commons/Details_of_the_Southern_Gate_(Taj_Mahal)/0/pictures/Delhi_20180908_102750.jpg
Taj_Mahal,113197,0,"commons/South_side_of_the_Taj_Mahal_Tomb_with_the_pool/0/pictures/Agra,_Taj_Mahal_(2002)_13.jpg"
Taj_Mahal,113197,0,"commons/Details_of_the_Southern_Gate_(Taj_Mahal)/0/pictures/Buland_darwaja_,fatehpur_sikri.JPG"
Taj_Mahal,113197,0,commons/Taj_Mahal_Complex_—_Jawab/0/pictures/Jawab_at_Taj_Mahal_1.jpg
Taj_Mahal,113197,0,commons/South_side_of_the_Taj_Mahal_Tomb_with_the_pool/0/pictures/Agra_tajmahal_front_view_7.jpg
Taj_Mahal,113197,0,commons/Details_of_the_Southern_Gate_(Taj_Mahal)/0/pictures/Banke_bTaj_Mahalihari_(244).JPG
Taj_Mahal,113197,0,commons/South_side_of_the_Taj_Mahal_Tomb_with_the_pool/0/pictures/Agra_tajmahal_front_view_1.jpg
Taj_Mahal,113197,0,commons/Details_of_the_Southern_Gate_(Taj_Mahal)/0/pictures/Arch_of_Darwaza-i_rauza.jpg
Taj_Mahal,113197,0,commons/Taj_Mahal_Complex_—_Jawab/0/pictures/Gate_of_Taj_Mahal.JPG
Taj_Mahal,113197,0,commons/Photographic_silhouettes_of_the_Taj_Mahal/0/pictures/Wah_Taj-2.jpg
Taj_Mahal,113197,0,"commons/Taj_Mahal_Complex_—_Tomb/0/pictures/Taj_Mahal,_Agra,_Uttar_Pradesh_vi-53.jpg"
Taj_Mahal,113197,0,commons/South_side_of_the_Taj_Mahal_Tomb_with_the_pool/0/pictures/Agra_Palace.jpg
Taj_Mahal,113197,0,commons/Details_of_the_Southern_Gate_(Taj_Mahal)/0/pictures/Agra1_ashu_sachdeva_photography.jpg
Taj_Mahal,113197,0,commons/Taj_Mahal_Complex_—_Jawab/0/pictures/Assembly_Hall_with_Fountain_-_Western_View_-_Taj_Mahal_Complex_-_Agra_2014-05-14_3904-3908_Compress.JPG
Taj_Mahal,113197,0,commons/Photographic_silhouettes_of_the_Taj_Mahal/0/pictures/The_monument_say_it_all.jpg
Taj_Mahal,113197,0,"commons/Taj_Mahal_Complex_—_Tomb/0/pictures/Taj_Mahal,_Agra,_Uttar_Pradesh_te-98.jpg"
Taj_Mahal,113197,0,commons/Yamuna_River_at_the_Taj_Mahal/0/pictures/The_Grand_Partition.jpg
Taj_Mahal,113197,0,"commons/Southern_gate_of_the_Taj_Mahal_compound/0/pictures/Gateway_to_the_grounds_of_Taj_Mahal,_Agra._Utter_Pradesh,_India._-_panoramio.jpg"
Taj_Mahal,113197,0,"commons/South_side_of_the_Taj_Mahal_Tomb_with_the_pool/0/pictures/009_Taj_Mahal,_Agra,_India_(12326928143).jpg"
Taj_Mahal,113197,0,"commons/Details_of_the_Southern_Gate_(Taj_Mahal)/0/pictures/Agra,_Taj_Mahal_(2002)_04.jpg"
Taj_Mahal,113197,0,"commons/Taj_Mahal_Complex_—_Jawab/0/pictures/Guest_House,_Tajmahal.JPG"
Taj_Mahal,113197,0,commons/South_side_of_the_Taj_Mahal/0/pictures/泰姬瑪哈陵21.jpg
Taj_Mahal,113197,0,"commons/Chhatris_of_Taj_Mahal/0/pictures/Taj_Mahal,_Sunset_3,_Agra,_India.jpg"
Taj_Mahal,113197,0,commons/South_side_of_the_Taj_Mahal/0/pictures/泰姬瑪哈陵20.jpg
Taj_Mahal,113197,0,"commons/Chhatris_of_Taj_Mahal/0/pictures/Taj_Mahal,_Agra,_Uttar_Pradesh_vi-2.jpg"
Taj_Mahal,113197,0,commons/Taj_Mahal_Complex_—_Jawab/0/pictures/El_Taj_Mahal-Agra_India0021.JPG
Taj_Mahal,113197,0,commons/South_side_of_the_Taj_Mahal/0/pictures/印度泰姬瑪哈陵_36.jpg
Taj_Mahal,113197,0,"commons/Chhatris_of_Taj_Mahal/0/pictures/Taj_Mahal,_Agra_132.jpg"
Taj_Mahal,113197,0,commons/Taj_Mahal_Complex_—_Jawab/0/pictures/Assembly_Hall_with_Fountain_-_Western_View_-_Taj_Mahal_Complex_-_Agra_2014-05-14_3899.JPG
Taj_Mahal,113197,0,commons/South_side_of_the_Taj_Mahal/0/pictures/താജ്_മഹൽ1.JPG
Taj_Mahal,113197,0,commons/Chhatris_of_Taj_Mahal/0/pictures/Taj_Mahal_Mosque_2017_Contre-jour_04.jpg
Taj_Mahal,113197,0,commons/Taj_Mahal_Complex_—_Jawab/0/pictures/Banke_bihaTaj_Mahalri_(289).JPG
Taj_Mahal,113197,0,"commons/Views_of_the_Taj_Mahal_Mausoleum_from_the_Mosque/0/pictures/Taj_Mahal,_Agra_views_from_around_(81).JPG"
Taj_Mahal,113197,0,commons/South_side_of_the_Taj_Mahal_Tomb_with_the_pool/0/pictures/Taj_Mahal_inside_view_06.JPG
Taj_Mahal,113197,0,commons/South_side_of_the_Taj_Mahal/0/pictures/தாஜ்_மஹால்.jpg
Taj_Mahal,113197,0,commons/Chhatris_of_Taj_Mahal/0/pictures/Taj_Mahal_Mosque_2017_Contre-jour_03.jpg
Taj_Mahal,113197,0,commons/Taj_Mahal_Complex_—_Jawab/0/pictures/Assembly_Hall_-_South-west_View_-_Taj_Mahal_Complex_-_Agra_2014-05-14_3801.JPG
Taj_Mahal,113197,0,"commons/South_side_of_the_Taj_Mahal/0/pictures/Wonder_of_the_World_-_The_Taj_Mahal_(1630_A.D.)_Agra,_India.jpg"
Taj_Mahal,113197,0,commons/Chhatris_of_Taj_Mahal/0/pictures/Taj_Mahal_Main_Entrance_to_Tomb_(22927634790).jpg
Taj_Mahal,113197,0,commons/Photographic_silhouettes_of_the_Taj_Mahal/0/pictures/Moon_at_Taj.JPG
Taj_Mahal,113197,0,"commons/Taj_Mahal_Complex_—_Tomb/0/pictures/Taj_Mahal,_Agra,_Uttar_Pradesh_s-73.jpg"
Taj_Mahal,113197,0,commons/South_side_of_the_Taj_Mahal/0/pictures/White_beauty.JPG
Taj_Mahal,113197,0,commons/Chhatris_of_Taj_Mahal/0/pictures/Rising_Sun_At_Taj_Mahal.jpg
Taj_Mahal,113197,0,commons/South_side_of_the_Taj_Mahal/0/pictures/Wonderful_Tajmahal.JPG
Taj_Mahal,113197,0,commons/Chhatris_of_Taj_Mahal/0/pictures/Taj_Mahal_Main_Entrance_to_Tomb_(23223424515).jpg
Taj_Mahal,113197,0,commons/Taj_Mahal_Complex_—_Jawab/0/pictures/Around_Taj_Mahal.JPG
Taj_Mahal,113197,0,commons/Photographic_silhouettes_of_the_Taj_Mahal/0/pictures/Moslem_fortress_silhouette_at_sunset.jpg
Taj_Mahal,113197,0,commons/Yamuna_River_at_the_Taj_Mahal/0/pictures/Taj_at_the_bank_of_Yamuna.jpg
Taj_Mahal,113197,0,commons/Southern_gate_of_the_Taj_Mahal_compound/0/pictures/Entrance_Gateway_Of_Taj_Mahal.jpg
Taj_Mahal,113197,0,commons/South_side_of_the_Taj_Mahal/0/pictures/The_taj.JPG
Taj_Mahal,113197,0,commons/Calligraphy_of_Taj_Mahal/0/pictures/Taj_Mahal_-_Caligraphy_IMG_0177.JPG
Taj_Mahal,113197,0,commons/South_side_of_the_Taj_Mahal/0/pictures/The_reveal..at_last_the_Taj_Mahal_06.JPG
Taj_Mahal,113197,0,commons/Calligraphy_of_Taj_Mahal/0/pictures/Taj_gateway_building.jpg
Taj_Mahal,113197,0,commons/Views_of_the_Taj_Mahal_Mausoleum_from_the_Mosque/0/pictures/Taj_Mahal_view_29.jpg
Taj_Mahal,113197,0,commons/South_side_of_the_Taj_Mahal_Tomb_with_the_pool/0/pictures/Taj_Mahal_agra_13.JPG
Taj_Mahal,113197,0,commons/South_side_of_the_Taj_Mahal/0/pictures/The_incredible_Taj_Mahal.JPG
Taj_Mahal,113197,0,commons/Calligraphy_of_Taj_Mahal/0/pictures/Outside_Taj_Mahal_entrance_(2744064608).jpg
Taj_Mahal,113197,0,"commons/South_side_of_the_Taj_Mahal/0/pictures/The_great_Taj_Mahal,_Agra21.jpg"
Taj_Mahal,113197,0,commons/Calligraphy_of_Taj_Mahal/0/pictures/Taj_Mahal_(4310975859).jpg
Taj_Mahal,113197,0,commons/Taj_Mahal_Complex_—_Gardens/0/pictures/Палац_Тадж-Махал_-_перлина_-_panoramio.jpg
Taj_Mahal,113197,0,"commons/South_side_of_the_Taj_Mahal/0/pictures/The_great_Taj_Mahal,_Agra19.jpg"
Taj_Mahal,113197,0,commons/Calligraphy_of_Taj_Mahal/0/pictures/Taj_Maha0l.jpg
Taj_Mahal,113197,0,commons/Taj_Mahal_Complex_—_Gateways/0/pictures/Carving_in_roof_of_royal_gate.jpg
Taj_Mahal,113197,0,"commons/Panoramics_of_the_Taj_Mahal/0/pictures/Agra,_panorámicas_(2002)_15.jpg"
Taj_Mahal,113197,0,"commons/Taj_Mahal_Complex_—_Tomb/0/pictures/Taj_Mahal,_Agra,_Uttar_Pradesh_hs-86.jpg"
Taj_Mahal,113197,0,"commons/South_side_of_the_Taj_Mahal/0/pictures/The_great_Taj_Mahal,_Agra16.jpg"
Taj_Mahal,113197,0,commons/Calligraphy_of_Taj_Mahal/0/pictures/P1110175_(14171774963).jpg
Taj_Mahal,113197,0,"commons/Panoramics_of_the_Taj_Mahal/0/pictures/Agra,_panorámicas_(2002)_13.jpg"
Taj_Mahal,113197,0,"commons/Taj_Mahal_Complex_—_Tomb/0/pictures/Taj_Mahal,_Agra,_Uttar_Pradesh_hs-72.jpg"
Taj_Mahal,113197,0,"commons/South_side_of_the_Taj_Mahal/0/pictures/The_great_Taj_Mahal,_Agra13.jpg"
Taj_Mahal,113197,0,commons/Calligraphy_of_Taj_Mahal/0/pictures/Taj_Mahal_Wall_(5569900674).jpg
Taj_Mahal,113197,0,commons/Taj_Mahal_Complex_—_Gateways/0/pictures/Agra's_beauty-_Fatehpur_Sikri.jpg
Taj_Mahal,113197,0,commons/Views_of_the_Taj_Mahal_Mausoleum_from_the_Mosque/0/pictures/Taj_Mahal_view_21.jpg
Taj_Mahal,113197,0,commons/South_side_of_the_Taj_Mahal_Tomb_with_the_pool/0/pictures/Taj_Mahal_Pic.jpg
Taj_Mahal,113197,0,"commons/South_side_of_the_Taj_Mahal/0/pictures/The_great_Taj_Mahal,_Agra12.jpg"
Taj_Mahal,113197,0,commons/Calligraphy_of_Taj_Mahal/0/pictures/North_gate_of_the_Taj_Mahal_(2828698879).jpg
Taj_Mahal,113197,0,"commons/Panoramics_of_the_Taj_Mahal/0/pictures/Agra,_panorámicas_(2002)_11.jpg"
Taj_Mahal,113197,0,"commons/Taj_Mahal_Complex_—_Tomb/0/pictures/Taj_Mahal,_Agra,_Uttar_Pradesh_hs-66.jpg"
Taj_Mahal,113197,0,"commons/South_side_of_the_Taj_Mahal/0/pictures/The_great_Taj_Mahal,_Agra11.jpg"
Taj_Mahal,113197,0,commons/Calligraphy_of_Taj_Mahal/0/pictures/India_Taj_Mahal_(07).jpg
Taj_Mahal,113197,0,commons/Taj_Mahal_Complex_—_Gateways/0/pictures/Darwaza_beautiful.jpg
Taj_Mahal,113197,0,"commons/Panoramics_of_the_Taj_Mahal/0/pictures/Agra,_panorámicas_(2002)_10.jpg"
Taj_Mahal,113197,0,"commons/Taj_Mahal_Complex_—_Tomb/0/pictures/Taj_Mahal,_Agra,_Uttar_Pradesh_hs-6.jpg"
Taj_Mahal,113197,0,commons/South_side_of_the_Taj_Mahal/0/pictures/The_gate_-_Taj_Mahal.JPG
Taj_Mahal,113197,0,commons/Black_and_white_images_of_the_Taj_Mahal/0/pictures/Us-vice-president-george-h-w-bushs-visit-to-india1984_11814864174_o.jpg
Taj_Mahal,113197,0,commons/Taj_Mahal_Complex_—_Gardens/0/pictures/Wp1927723.jpg
Taj_Mahal,113197,0,"commons/South_side_of_the_Taj_Mahal/0/pictures/The_great_Taj_Mahal,_Agra17.jpg"
Taj_Mahal,113197,0,commons/Calligraphy_of_Taj_Mahal/0/pictures/Taj_Inlay_04_(2291137356).jpg
Taj_Mahal,113197,0,"commons/Panoramics_of_the_Taj_Mahal/0/pictures/Agra,_panorámicas_(2002)_14.jpg"
Taj_Mahal,113197,0,"commons/Taj_Mahal_Complex_—_Tomb/0/pictures/Taj_Mahal,_Agra,_Uttar_Pradesh_hs-73.jpg"
Taj_Mahal,113197,0,commons/Yamuna_River_at_the_Taj_Mahal/0/pictures/Taj_Mahal_north_end_(149128143).jpg
Taj_Mahal,113197,0,commons/Southern_gate_of_the_Taj_Mahal_compound/0/pictures/Darwaza-i_rauza.jpg
Taj_Mahal,113197,0,commons/South_side_of_the_Taj_Mahal_Tomb_with_the_pool/0/pictures/Taj_Mahal_maashish2.JPG
Taj_Mahal,113197,0,commons/Views_of_the_Taj_Mahal_Mausoleum_from_the_Mosque/0/pictures/Waah_Taj!.jpg
Taj_Mahal,113197,0,commons/Exterior_decoration_of_the_Taj_Mahal/0/pictures/Agra-Taj_Mahal-36-Ostseite-2018-gje.jpg
Taj_Mahal,113197,0,commons/Taj_Mahal_Complex_—_Mosque/0/pictures/Taj-Mahal_Mosque-Cooper.jpg
Taj_Mahal,113197,0,commons/South_side_of_the_Taj_Mahal/0/pictures/The_amazing_Taj_Mahal.jpg
Taj_Mahal,113197,0,"commons/Calligraphy_of_Taj_Mahal/0/pictures/Agra,_Taj_Mahal_(2002)_26.jpg"
Taj_Mahal,113197,0,commons/Taj_Mahal_Complex_—_Gardens/0/pictures/Wonder_of_the_world-TAJ_MAHAL.jpg
Taj_Mahal,113197,0,commons/South_side_of_the_Taj_Mahal/0/pictures/The_White_Mausoleum_4.JPG
Taj_Mahal,113197,0,commons/Calligraphy_of_Taj_Mahal/0/pictures/Agra_-_Taj_Mahal_(5104676801).jpg
Taj_Mahal,113197,0,"commons/South_side_of_the_Taj_Mahal/0/pictures/The_TajMahal,Agra..JPG"
Taj_Mahal,113197,0,commons/Black_and_white_images_of_the_Taj_Mahal/0/pictures/מסע_אופנועים-זנקה_רטנר_וזאב_קנדלמן-_הודו-_Mysore-madura-Madras-Benares_btm5943.jpeg
Taj_Mahal,113197,0,commons/Taj_Mahal_Complex_—_Gardens/0/pictures/Wide_Angle_view_of_the_grand_taj_mahal_from_the_main_entrance.jpg
Taj_Mahal,113197,0,commons/South_side_of_the_Taj_Mahal/0/pictures/The_Taj.jpg
Taj_Mahal,113197,0,commons/Calligraphy_of_Taj_Mahal/0/pictures/Arabic-Persian_Calligraphy_(16957143295).jpg
Taj_Mahal,113197,0,commons/Views_of_the_Taj_Mahal_Mausoleum_from_the_Mosque/0/pictures/Taj_Mahal_view_11.jpg
Taj_Mahal,113197,0,"commons/South_side_of_the_Taj_Mahal/0/pictures/The_Taj_Mahal,_Agra.jpg"
Taj_Mahal,113197,0,commons/Black_and_white_images_of_the_Taj_Mahal/0/pictures/WAH_TAJ_B&W.jpg
Taj_Mahal,113197,0,commons/South_side_of_the_Taj_Mahal/0/pictures/The_Taj_Mahal_under_the_clouds.jpg
Taj_Mahal,113197,0,commons/Black_and_white_images_of_the_Taj_Mahal/0/pictures/Within_the_Taj_complex.jpg
Taj_Mahal,113197,0,"commons/South_side_of_the_Taj_Mahal/0/pictures/The_Taj_Mahal_in_the_morning,_Agra,_Uttar_Pradesh,_India.jpg"
Taj_Mahal,113197,0,commons/Black_and_white_images_of_the_Taj_Mahal/0/pictures/The_Tajmahal_B&W.jpg
Taj_Mahal,113197,0,commons/South_side_of_the_Taj_Mahal/0/pictures/The_Taj_Mahal_in_Agra_(small).jpg
Taj_Mahal,113197,0,commons/Black_and_white_images_of_the_Taj_Mahal/0/pictures/The_Taj_Mahal_ag99.jpg
Taj_Mahal,113197,0,commons/Taj_Mahal_Complex_—_Gardens/0/pictures/View_of_tajmahal_from_South_west_direction.jpg
Taj_Mahal,113197,0,commons/South_side_of_the_Taj_Mahal/0/pictures/The_Taj_Mahal_from_the_entrance_gate_01.JPG
Taj_Mahal,113197,0,commons/Black_and_white_images_of_the_Taj_Mahal/0/pictures/The_Taj_Mahal_ag81.jpg
Taj_Mahal,113197,0,commons/Taj_Mahal_Complex_—_Gardens/0/pictures/TheGreatTaj_02.jpg
Taj_Mahal,113197,0,commons/North_side_of_the_Taj_Mahal/0/pictures/Tajmahal_from_ground.jpg
Taj_Mahal,113197,0,"commons/Taj_Mahal_Complex_—_Tomb/0/pictures/Taj_Mahal,_Agra,_Uttar_Pradesh_hs-119.jpg"
Taj_Mahal,113197,0,commons/South_side_of_the_Taj_Mahal/0/pictures/The_Taj_Mahal_ag46.jpg
Taj_Mahal,113197,0,commons/Black_and_white_images_of_the_Taj_Mahal/0/pictures/The_Taj_Mahal_ag98.jpg
Taj_Mahal,113197,0,commons/Taj_Mahal_Complex_—_Gardens/0/pictures/View_with.jpg
Taj_Mahal,113197,0,commons/Views_of_the_Taj_Mahal_Mausoleum_from_the_Mosque/0/pictures/Banke_bihari_(349).JPG
Taj_Mahal,113197,0,commons/South_side_of_the_Taj_Mahal_Tomb_with_the_pool/0/pictures/Taj_Mahal_Agra_INDIA_-_panoramio_-_Pastor_Sam.jpg
Taj_Mahal,113197,0,commons/South_side_of_the_Taj_Mahal/0/pictures/The_Taj_Mahal_ag36.jpg
Taj_Mahal,113197,0,commons/Black_and_white_images_of_the_Taj_Mahal/0/pictures/The_Taj_Mahal_ag96.jpg
Taj_Mahal,113197,0,commons/Views_of_the_Taj_Mahal_Mausoleum_from_the_Jawab/0/pictures/Wah_Tajmahal.jpg
Taj_Mahal,113197,0,commons/South_side_of_the_Taj_Mahal_Tomb_with_the_pool/0/pictures/Taj_Mahal_Agra_Uttar_Pradesh_IMG_20151209_092824.jpg
Taj_Mahal,113197,0,commons/South_side_of_the_Taj_Mahal/0/pictures/The_Taj_Mahal_at_Agra.jpg
Taj_Mahal,113197,0,commons/Black_and_white_images_of_the_Taj_Mahal/0/pictures/The_Taj_Mahal_ag97.jpg
Taj_Mahal,113197,0,commons/Taj_Mahal_Complex_—_Gardens/0/pictures/Vertical_Panorama_of_Taj_Mahal_-_Agra_-_Uttar_Pradesh_-_India_-_01_(12650652504).jpg
Taj_Mahal,113197,0,commons/Yamuna_River_at_the_Taj_Mahal/0/pictures/Sunset_behind_Taj_Mahal.jpg
Taj_Mahal,113197,0,commons/South_side_of_the_Taj_Mahal_Tomb_with_the_pool/0/pictures/Taj_Mahal_and_its_reflection_in_water.jpg
Taj_Mahal,113197,0,commons/East_side_of_the_Taj_Mahal/0/pictures/The_Taj_Mahal_-_Monument_of_Love.jpg
Taj_Mahal,113197,0,commons/Taj_Mahal_Complex_—_Mosque/0/pictures/Taj_Mahal_mosque.JPG
Taj_Mahal,113197,0,"commons/Remote_views_of_the_Taj_Mahal/0/pictures/Taj_Mahal,_Agra_-_Visit_During_WCI_2016_(77).jpg"
Taj_Mahal,113197,0,"commons/Taj_Mahal_Complex_—_Tomb/0/pictures/The_great_Taj_Mahal,_Agra8.jpg"
Taj_Mahal,113197,0,commons/South_side_of_the_Taj_Mahal/0/pictures/The_Taj_Mahal_ag29.jpg
Taj_Mahal,113197,0,commons/Black_and_white_images_of_the_Taj_Mahal/0/pictures/The_Taj_Mahal_ag88.jpg
Taj_Mahal,113197,0,commons/Taj_Mahal_Complex_—_Gardens/0/pictures/The_taj_of_india.jpg
Taj_Mahal,113197,0,commons/South_side_of_the_Taj_Mahal/0/pictures/The_Taj_Mahal_ag28.jpg
Taj_Mahal,113197,0,commons/Black_and_white_images_of_the_Taj_Mahal/0/pictures/The_Taj_Mahal_ag78.jpg
Taj_Mahal,113197,0,commons/Taj_Mahal_Complex_—_Gardens/0/pictures/The_taj_mahal.jpg
Taj_Mahal,113197,0,commons/South_side_of_the_Taj_Mahal/0/pictures/The_Taj_Mahal_ag27.jpg
Taj_Mahal,113197,0,commons/Black_and_white_images_of_the_Taj_Mahal/0/pictures/The_Taj_Mahal_ag82.jpg
Taj_Mahal,113197,0,commons/Taj_Mahal_Complex_—_Gardens/0/pictures/The_symbolic_view_of_the_Taj_Mahal.jpg
Taj_Mahal,113197,0,commons/South_side_of_the_Taj_Mahal/0/pictures/The_Taj_Mahal_Wonder.jpg
Taj_Mahal,113197,0,commons/Black_and_white_images_of_the_Taj_Mahal/0/pictures/The_Taj_Mahal_ag86.jpg
Taj_Mahal,113197,0,"commons/Taj_Mahal_Complex_—_Gardens/0/pictures/The_beautiful_Taj_Mahal,_Agra..JPG"
Taj_Mahal,113197,0,commons/South_side_of_the_Taj_Mahal/0/pictures/The_Taj_Mahal_Agra.jpg
Taj_Mahal,113197,0,commons/Black_and_white_images_of_the_Taj_Mahal/0/pictures/The_Taj_Mahal_ag76.jpg
Taj_Mahal,113197,0,commons/Taj_Mahal_Complex_—_Gardens/0/pictures/The_brilliant_Taj_Mahal_and_the_area_around_it.jpg
Taj_Mahal,113197,0,commons/South_side_of_the_Taj_Mahal/0/pictures/The_Taj_Mahal_-1.jpg
Taj_Mahal,113197,0,commons/Black_and_white_images_of_the_Taj_Mahal/0/pictures/The_Taj_Mahal_ag79.jpg
Taj_Mahal,113197,0,commons/South_side_of_the_Taj_Mahal/0/pictures/The_Taj_Mahal_01.jpg
Taj_Mahal,113197,0,commons/Black_and_white_images_of_the_Taj_Mahal/0/pictures/The_Taj_Mahal_ag74.jpg
Taj_Mahal,113197,0,commons/Taj_Mahal_Complex_—_Gardens/0/pictures/The_beauty_with_the_garden.JPG
Taj_Mahal,113197,0,commons/South_side_of_the_Taj_Mahal/0/pictures/The_Taj_Mahal_003.jpg
Taj_Mahal,113197,0,commons/Black_and_white_images_of_the_Taj_Mahal/0/pictures/The_Taj_Mahal_ag77.jpg
Taj_Mahal,113197,0,commons/Taj_Mahal_Complex_—_Gardens/0/pictures/The_beauty_with_landscape.JPG
Taj_Mahal,113197,0,commons/South_side_of_the_Taj_Mahal/0/pictures/The_Taj_Mahal_-_ONE_OF_THE_SEVEN_WONDERS_OF_THE_WORLD.JPG
Taj_Mahal,113197,0,commons/Black_and_white_images_of_the_Taj_Mahal/0/pictures/The_Taj_Mahal_ag75.jpg
Taj_Mahal,113197,0,commons/Taj_Mahal_Complex_—_Gardens/0/pictures/The_White_Mausoleum_2.JPG
Taj_Mahal,113197,0,commons/South_side_of_the_Taj_Mahal/0/pictures/The_Taj_Mahal_India.JPG
Taj_Mahal,113197,0,commons/Black_and_white_images_of_the_Taj_Mahal/0/pictures/The_Taj_Mahal_ag73.jpg
Taj_Mahal,113197,0,commons/Taj_Mahal_Complex_—_Gardens/0/pictures/The_front_view_of_Taj_Mahal.jpg
Taj_Mahal,113197,0,commons/South_side_of_the_Taj_Mahal_Tomb_with_the_pool/0/pictures/Taj_Mahal_On_a_Busy_Day.JPG
Taj_Mahal,113197,0,commons/East_side_of_the_Taj_Mahal/0/pictures/Tajmahal_2.JPG
Taj_Mahal,113197,0,commons/Taj_Mahal_Complex_—_Mosque/0/pictures/Taj_Mahal_Mosque_1.jpg
Taj_Mahal,113197,0,commons/Remote_views_of_the_Taj_Mahal/0/pictures/Taj_Mahal_view_6.jpg
Taj_Mahal,113197,0,commons/Taj_Mahal_Complex_—_Tomb/0/pictures/The_beautiful_sign_of_love_TAJ_MAHAL.jpg
Taj_Mahal,113197,0,"commons/South_side_of_the_Taj_Mahal/0/pictures/The_Symbol_of_Love,_The_Taj_Mahal.jpg"
Taj_Mahal,113197,0,commons/Black_and_white_images_of_the_Taj_Mahal/0/pictures/The_Taj_Mahal_ag69.jpg
Taj_Mahal,113197,0,commons/Black_and_white_images_of_the_Taj_Mahal/0/pictures/The_Taj_Mahal_ag68.jpg
Taj_Mahal,113197,0,commons/Taj_Mahal_Complex_—_Gardens/0/pictures/The_Taj_at_dawn.jpg
Taj_Mahal,113197,0,commons/South_side_of_the_Taj_Mahal/0/pictures/The_Ionic_Taj_Mahal_-_Agra_(India).jpg
Taj_Mahal,113197,0,commons/Black_and_white_images_of_the_Taj_Mahal/0/pictures/The_Taj_Mahal_ag66.jpg
Taj_Mahal,113197,0,commons/Taj_Mahal_Complex_—_Gardens/0/pictures/The_Taj_Mahal.png
Taj_Mahal,113197,0,commons/South_side_of_the_Taj_Mahal/0/pictures/The_Monuments_Of_Northern_India_11.jpg
Taj_Mahal,113197,0,commons/Black_and_white_images_of_the_Taj_Mahal/0/pictures/The_Taj_Mahal_ag61.jpg
Taj_Mahal,113197,0,commons/Taj_Mahal_Complex_—_Gardens/0/pictures/The_Taj_from_the_royal_lawn.jpg
Taj_Mahal,113197,0,commons/South_side_of_the_Taj_Mahal_Tomb_with_the_pool/0/pictures/Taj_Mahal_HD_02.jpg
Taj_Mahal,113197,0,"commons/East_side_of_the_Taj_Mahal/0/pictures/Taj_mahal,_agra.jpg"
Taj_Mahal,113197,0,"commons/Taj_Mahal_Complex_—_Mosque/0/pictures/Taj_Mahal_Mosque,_Agra,_India.jpg"
Taj_Mahal,113197,0,commons/South_side_of_the_Taj_Mahal/0/pictures/The_Crowded_Taj_mahal.JPG
Taj_Mahal,113197,0,commons/Black_and_white_images_of_the_Taj_Mahal/0/pictures/The_Taj_Mahal_ag57.jpg
Taj_Mahal,113197,0,commons/Taj_Mahal_Complex_—_Gardens/0/pictures/The_Taj_Mahal_from_a_side.jpg
Taj_Mahal,113197,0,commons/South_side_of_the_Taj_Mahal_Tomb_with_the_pool/0/pictures/Taj_Mahal_Exterior.jpg
Taj_Mahal,113197,0,commons/Views_of_the_Taj_Mahal_Mausoleum_from_the_Mosque/0/pictures/Taj_Mahal_view_13.jpg
Taj_Mahal,113197,0,commons/East_side_of_the_Taj_Mahal/0/pictures/Taj28.JPG
Taj_Mahal,113197,0,commons/South_side_of_the_Taj_Mahal/0/pictures/The_Beauty_of_Taj_Mahal.JPG
Taj_Mahal,113197,0,commons/Black_and_white_images_of_the_Taj_Mahal/0/pictures/The_Taj_Mahal_ag60.jpg
Taj_Mahal,113197,0,commons/Taj_Mahal_Complex_—_Gardens/0/pictures/The_Taj_Mahl_in_2020.jpg
Taj_Mahal,113197,0,commons/Black_and_white_images_of_the_Taj_Mahal/0/pictures/The_Taj_Mahal_ag55.jpg
Taj_Mahal,113197,0,commons/Taj_Mahal_Complex_—_Gardens/0/pictures/The_Taj_Mahal_by_Mano.JPG
Taj_Mahal,113197,0,commons/South_side_of_the_Taj_Mahal/0/pictures/Tajuu.jpg
Taj_Mahal,113197,0,commons/Black_and_white_images_of_the_Taj_Mahal/0/pictures/The_Taj_Mahal_ag54.jpg
Taj_Mahal,113197,0,commons/Taj_Mahal_Complex_—_Gardens/0/pictures/The_Taj_Mahal_and_the_adjacent_building_to_the_East.JPG
Taj_Mahal,113197,0,commons/South_side_of_the_Taj_Mahal/0/pictures/Tajus.jpg
Taj_Mahal,113197,0,commons/Black_and_white_images_of_the_Taj_Mahal/0/pictures/The_Taj_Mahal_ag100.jpg
Taj_Mahal,113197,0,commons/Taj_Mahal_Complex_—_Gardens/0/pictures/The_Taj_Mahal_DSC_2618.jpg
Taj_Mahal,113197,0,commons/Yamuna_River_at_the_Taj_Mahal/0/pictures/JAMUNA_RIVER_FROM_LEFT.jpg
Taj_Mahal,113197,0,commons/South_side_of_the_Taj_Mahal_Tomb_with_the_pool/0/pictures/泰姬瑪哈陵25.jpg
Taj_Mahal,113197,0,commons/South_side_of_the_Taj_Mahal_Tomb_with_the_pool/0/pictures/Taj_Mahal_Center.jpg
Taj_Mahal,113197,0,commons/East_side_of_the_Taj_Mahal/0/pictures/Taj_mahal...JPG
Taj_Mahal,113197,0,commons/Taj_Mahal_Complex_—_Mosque/0/pictures/Taj_Mahal_2018-01-02zf.jpg
Taj_Mahal,113197,0,commons/Remote_views_of_the_Taj_Mahal/0/pictures/Taj_Mahal_view_31.jpg
Taj_Mahal,113197,0,commons/Taj_Mahal_Complex_—_Tomb/0/pictures/The_Taj_Mausoleum.jpg
Taj_Mahal,113197,0,commons/South_side_of_the_Taj_Mahal/0/pictures/Tajmhalindiaagrapradesh.jpg
Taj_Mahal,113197,0,commons/Black_and_white_images_of_the_Taj_Mahal/0/pictures/The_Taj_Mahal_ag52.jpg
Taj_Mahal,113197,0,commons/Taj_Mahal_Complex_—_Gardens/0/pictures/The_Inimitable_Taj_(5581425422).jpg
Taj_Mahal,113197,0,commons/South_side_of_the_Taj_Mahal/0/pictures/Tajmahalviewfromgrounds.jpg
Taj_Mahal,113197,0,commons/Black_and_white_images_of_the_Taj_Mahal/0/pictures/The_Taj_Mahal_-_One_of_the_seven_wonders.jpg
Taj_Mahal,113197,0,commons/North_side_of_the_Taj_Mahal/0/pictures/Taj_Mahal_view_30.jpg
Taj_Mahal,113197,0,"commons/Taj_Mahal_Complex_—_Tomb/0/pictures/Taj_Mahal,_Agra_38.jpg"
Taj_Mahal,113197,0,commons/South_side_of_the_Taj_Mahal/0/pictures/Tajmahalmonumentti.jpg
Taj_Mahal,113197,0,commons/Black_and_white_images_of_the_Taj_Mahal/0/pictures/The_Taj_Mahal_ag53.jpg
Taj_Mahal,113197,0,commons/Taj_Mahal_Complex_—_Gardens/0/pictures/The_Taj_(133471029).jpeg
Taj_Mahal,113197,0,commons/South_side_of_the_Taj_Mahal/0/pictures/Tajmahall2.jpg
Taj_Mahal,113197,0,commons/Black_and_white_images_of_the_Taj_Mahal/0/pictures/The_Taj_Mahal_(Photo_Division_photo_number_2116).jpg
Taj_Mahal,113197,0,commons/Taj_Mahal_Complex_—_Gardens/0/pictures/The_Magnificent_Taj_Mahal.jpg
Taj_Mahal,113197,0,commons/North_side_of_the_Taj_Mahal/0/pictures/Taj_Mahal_view_29.jpg
Taj_Mahal,113197,0,"commons/Taj_Mahal_Complex_—_Tomb/0/pictures/Taj_Mahal,_Agra_30.jpg"
Taj_Mahal,113197,0,commons/South_side_of_the_Taj_Mahal/0/pictures/Tajmahall12.jpg
Taj_Mahal,113197,0,"commons/Black_and_white_images_of_the_Taj_Mahal/0/pictures/The_Dalai_Lama_visiting_the_Taj_Mahal_in_Agra,_UP,_India_in_December_of_1959.jpg"
Taj_Mahal,113197,0,commons/Taj_Mahal_Complex_—_Gardens/0/pictures/The_Taj_Mahal_1213.jpg
Taj_Mahal,113197,0,commons/South_side_of_the_Taj_Mahal/0/pictures/Tajsam.jpg
Taj_Mahal,113197,0,commons/Black_and_white_images_of_the_Taj_Mahal/0/pictures/The_Taj_Mahal_ag51.jpg
Taj_Mahal,113197,0,"commons/Taj_Mahal_Complex_—_Gardens/0/pictures/The_Taj_Mahal,_Agra,.jpg"
Taj_Mahal,113197,0,commons/Yamuna_River_at_the_Taj_Mahal/0/pictures/Chat_at_tajmahal01_6X4.jpg
Taj_Mahal,113197,0,commons/South_side_of_the_Taj_Mahal_Tomb_with_the_pool/0/pictures/印度泰姬瑪哈陵_39.jpg
Taj_Mahal,113197,0,"commons/East_side_of_the_Taj_Mahal/0/pictures/Taj_Mahal,_UP.jpg"
Taj_Mahal,113197,0,commons/Taj_Mahal_Complex_—_Mosque/0/pictures/Taj_7_agost_05.jpg
Taj_Mahal,113197,0,commons/South_side_of_the_Taj_Mahal/0/pictures/Tajmahalgrounds.jpg
Taj_Mahal,113197,0,commons/Black_and_white_images_of_the_Taj_Mahal/0/pictures/Tajmahal-_The_Royal_Reflection.jpg
Taj_Mahal,113197,0,commons/South_side_of_the_Taj_Mahal/0/pictures/Tajmahal6.JPG
Taj_Mahal,113197,0,commons/Black_and_white_images_of_the_Taj_Mahal/0/pictures/Taj_mahal_p9.jpg
Taj_Mahal,113197,0,commons/Taj_Mahal_Complex_—_Gardens/0/pictures/The_Beautiful_Leaves.jpg
Taj_Mahal,113197,0,commons/North_side_of_the_Taj_Mahal/0/pictures/Taj_Mahal_view_7.jpg
Taj_Mahal,113197,0,"commons/Taj_Mahal_Complex_—_Tomb/0/pictures/Taj_Mahal,_Agra_137.jpg"
Taj_Mahal,113197,0,commons/South_side_of_the_Taj_Mahal/0/pictures/Tajmahall8.jpg
Taj_Mahal,113197,0,commons/Black_and_white_images_of_the_Taj_Mahal/0/pictures/The_Taj_Mahal_(Photo_Division_photo_number_2117).jpg
Taj_Mahal,113197,0,commons/Taj_Mahal_Complex_—_Gardens/0/pictures/The_Reflection_of_the_Taj.JPG
Taj_Mahal,113197,0,commons/Yamuna_River_at_the_Taj_Mahal/0/pictures/Chat_at_Taj.jpg
Taj_Mahal,113197,0,commons/South_side_of_the_Taj_Mahal_Tomb_with_the_pool/0/pictures/Wonderful_Work.jpg
Taj_Mahal,113197,0,commons/South_side_of_the_Taj_Mahal_Tomb_with_the_pool/0/pictures/Taj_Mahal_Agra_DSC_0405.jpg
Taj_Mahal,113197,0,commons/East_side_of_the_Taj_Mahal/0/pictures/Taj_Mahal_Framed_View.jpg
Taj_Mahal,113197,0,commons/Taj_Mahal_Complex_—_Mosque/0/pictures/Mosque_near_Taj_Mahal.jpg
Taj_Mahal,113197,0,commons/Remote_views_of_the_Taj_Mahal/0/pictures/Taj_Mahal_view_2.jpg
Taj_Mahal,113197,0,commons/Taj_Mahal_Complex_—_Tomb/0/pictures/The_Taj_Mahal_from_Mosque.jpg
Taj_Mahal,113197,0,commons/South_side_of_the_Taj_Mahal/0/pictures/Tajmahal5.JPG
Taj_Mahal,113197,0,commons/Black_and_white_images_of_the_Taj_Mahal/0/pictures/Taj's_Gateway.jpg
Taj_Mahal,113197,0,commons/Taj_Mahal_Complex_—_Gardens/0/pictures/Tan_Mahal_in_foggy_mornings_2.jpg
Taj_Mahal,113197,0,commons/South_side_of_the_Taj_Mahal/0/pictures/Tajmahall1.jpg
Taj_Mahal,113197,0,commons/Black_and_white_images_of_the_Taj_Mahal/0/pictures/Tajmahall7.jpg
Taj_Mahal,113197,0,commons/Yamuna_River_at_the_Taj_Mahal/0/pictures/Banks_of_Yamuna_from_Taj.jpg
Taj_Mahal,113197,0,commons/South_side_of_the_Taj_Mahal_Tomb_with_the_pool/0/pictures/Winterwithcanal.jpg
Taj_Mahal,113197,0,commons/South_side_of_the_Taj_Mahal_Tomb_with_the_pool/0/pictures/Taj_Mahal_Agra_DSC_0404.jpg
Taj_Mahal,113197,0,commons/Views_of_the_Taj_Mahal_Mausoleum_from_the_Jawab/0/pictures/Taj_from_a_nearby_chamber.JPG
Taj_Mahal,113197,0,commons/East_side_of_the_Taj_Mahal/0/pictures/Taj_Mahal_east_view.jpg
Taj_Mahal,113197,0,commons/Remote_views_of_the_Taj_Mahal/0/pictures/Taj_Mahal_view_17.jpg
Taj_Mahal,113197,0,commons/Taj_Mahal_Complex_—_Tomb/0/pictures/The_Taj_Mahal_during_daytime.jpg
Taj_Mahal,113197,0,commons/South_side_of_the_Taj_Mahal/0/pictures/Tajmahal-By_Shajahan.JPG
Taj_Mahal,113197,0,commons/Black_and_white_images_of_the_Taj_Mahal/0/pictures/Taj_mahal_p4.jpg
Taj_Mahal,113197,0,"commons/South_side_of_the_Taj_Mahal/0/pictures/Tajmahal,_Agra.jpg"
Taj_Mahal,113197,0,commons/Black_and_white_images_of_the_Taj_Mahal/0/pictures/Taj_mahal_p13.jpg
Taj_Mahal,113197,0,commons/South_side_of_the_Taj_Mahal/0/pictures/Tajmahal92.JPG
Taj_Mahal,113197,0,commons/Black_and_white_images_of_the_Taj_Mahal/0/pictures/Taj_mahal_in_its_full_glory.JPG
Taj_Mahal,113197,0,commons/Yamuna_River_at_the_Taj_Mahal/0/pictures/Banke_bihari_(373).JPG
Taj_Mahal,113197,0,commons/South_side_of_the_Taj_Mahal_Tomb_with_the_pool/0/pictures/Way_to_Taj_in_TAJ_MAHAL.JPG
Taj_Mahal,113197,0,commons/South_side_of_the_Taj_Mahal_Tomb_with_the_pool/0/pictures/Taj_Mahal_Agra_DSC_0399.jpg
Taj_Mahal,113197,0,commons/East_side_of_the_Taj_Mahal/0/pictures/Taj_Mahal_before_sunset.jpg
Taj_Mahal,113197,0,commons/Taj_Mahal_Complex_—_Mosque/0/pictures/Taj_Mahal_(1581741230).jpg
Taj_Mahal,113197,0,commons/Remote_views_of_the_Taj_Mahal/0/pictures/Taj_Mahal_view_15.jpg
Taj_Mahal,113197,0,commons/Taj_Mahal_Complex_—_Tomb/0/pictures/The_Taj_Mahal_and_its_symmetrical_beauty.jpg
Taj_Mahal,113197,0,commons/South_side_of_the_Taj_Mahal/0/pictures/Tajmahal_with_dark_and_color_view.jpg
Taj_Mahal,113197,0,commons/Black_and_white_images_of_the_Taj_Mahal/0/pictures/Taj_mahal_p6.jpg
Taj_Mahal,113197,0,commons/Taj_Mahal_Complex_—_Gardens/0/pictures/Tajmahal2018.jpg
Taj_Mahal,113197,0,commons/South_side_of_the_Taj_Mahal/0/pictures/Tajmahal_with_Reflection.JPG
Taj_Mahal,113197,0,commons/Black_and_white_images_of_the_Taj_Mahal/0/pictures/Taj_mahal_p5.jpg
Taj_Mahal,113197,0,commons/Taj_Mahal_Complex_—_Gardens/0/pictures/Tajmahal_Agra_india.jpg
Taj_Mahal,113197,0,commons/South_side_of_the_Taj_Mahal/0/pictures/Tajmahal_up_and_close.jpg
Taj_Mahal,113197,0,commons/Black_and_white_images_of_the_Taj_Mahal/0/pictures/Taj_mahal_B&W.jpg
Taj_Mahal,113197,0,commons/Taj_Mahal_Complex_—_Gardens/0/pictures/Tajmahal_view_from_entrance_gate_Mausoleum_in_Agra_3.jpg
Taj_Mahal,113197,0,commons/South_side_of_the_Taj_Mahal/0/pictures/Tajmahal16092018.jpg
Taj_Mahal,113197,0,commons/Black_and_white_images_of_the_Taj_Mahal/0/pictures/Taj_mahal_p12.jpg
Taj_Mahal,113197,0,commons/Taj_Mahal_Complex_—_Gardens/0/pictures/Tajushnish.jpg
Taj_Mahal,113197,0,commons/North_side_of_the_Taj_Mahal/0/pictures/Taj_Mahal_view_5.jpg
Taj_Mahal,113197,0,"commons/Taj_Mahal_Complex_—_Tomb/0/pictures/Taj_Mahal,_Agra_112.jpg"
Taj_Mahal,113197,0,commons/Yamuna_River_at_the_Taj_Mahal/0/pictures/Banke_bihari_(368).JPG
Taj_Mahal,113197,0,commons/South_side_of_the_Taj_Mahal_Tomb_with_the_pool/0/pictures/WONDER_04.jpg
Taj_Mahal,113197,0,commons/South_side_of_the_Taj_Mahal_Tomb_with_the_pool/0/pictures/Taj_Mahal_Agra_02.jpg
Taj_Mahal,113197,0,commons/Views_of_the_Taj_Mahal_Mausoleum_from_the_Jawab/0/pictures/Taj_Mahal_view_8.jpg
Taj_Mahal,113197,0,commons/East_side_of_the_Taj_Mahal/0/pictures/Taj_Mahal_East_Side.JPG
Taj_Mahal,113197,0,commons/Taj_Mahal_Complex_—_Mosque/0/pictures/Taj_016.jpg
Taj_Mahal,113197,0,commons/Remote_views_of_the_Taj_Mahal/0/pictures/Taj_Mahal_view_11.jpg
Taj_Mahal,113197,0,commons/Taj_Mahal_Complex_—_Tomb/0/pictures/The_Taj_Mahal_2.jpg
Taj_Mahal,113197,0,commons/South_side_of_the_Taj_Mahal/0/pictures/Tajmahal.JPG
Taj_Mahal,113197,0,commons/Black_and_white_images_of_the_Taj_Mahal/0/pictures/TajBW.jpg
Taj_Mahal,113197,0,commons/Taj_Mahal_Complex_—_Gardens/0/pictures/Tajsam.jpg
Taj_Mahal,113197,0,commons/Yamuna_River_at_the_Taj_Mahal/0/pictures/Agra11.JPG
Taj_Mahal,113197,0,commons/South_side_of_the_Taj_Mahal_Tomb_with_the_pool/0/pictures/WONDER_01.jpg
Taj_Mahal,113197,0,commons/South_side_of_the_Taj_Mahal_Tomb_with_the_pool/0/pictures/Taj_Mahal_Agara.jpg
Taj_Mahal,113197,0,commons/Views_of_the_Taj_Mahal_Mausoleum_from_the_Jawab/0/pictures/Taj_Mahal_view_7.jpg
Taj_Mahal,113197,0,commons/East_side_of_the_Taj_Mahal/0/pictures/Taj_Mahal_2013_3.JPG
Taj_Mahal,113197,0,commons/Remote_views_of_the_Taj_Mahal/0/pictures/Taj_Mahal_view_19.jpg
Taj_Mahal,113197,0,commons/Taj_Mahal_Complex_—_Tomb/0/pictures/The_Taj_Mahal_ag02.jpg
Taj_Mahal,113197,0,commons/South_side_of_the_Taj_Mahal/0/pictures/Tajmahal_agra_(3).jpg
Taj_Mahal,113197,0,"commons/Black_and_white_images_of_the_Taj_Mahal/0/pictures/Taj_Mahal,_view_from_the_gardens.jpg"
Taj_Mahal,113197,0,commons/Taj_Mahal_Complex_—_Gardens/0/pictures/Tajmahal_Early_Light_(133471021).jpeg
Taj_Mahal,113197,0,commons/South_side_of_the_Taj_Mahal/0/pictures/Tajmahal_View.jpg
Taj_Mahal,113197,0,"commons/Black_and_white_images_of_the_Taj_Mahal/0/pictures/Taj_Mahal,_Agra,_Uttar_Pradesh_bnw-92.jpg"
Taj_Mahal,113197,0,commons/South_side_of_the_Taj_Mahal/0/pictures/Tajmahal_Agra_UP_-_panoramio_(4).jpg
Taj_Mahal,113197,0,"commons/Black_and_white_images_of_the_Taj_Mahal/0/pictures/Taj_Mahal,_Agra,_Uttar_Pradesh_bnw-90.jpg"
Taj_Mahal,113197,0,commons/South_side_of_the_Taj_Mahal/0/pictures/Tajmahal_3.JPG
Taj_Mahal,113197,0,"commons/Black_and_white_images_of_the_Taj_Mahal/0/pictures/Taj_Mahal,_Agra,_Uttar_Pradesh_bnw-93.jpg"
Taj_Mahal,113197,0,"commons/Black_and_white_images_of_the_Taj_Mahal/0/pictures/Taj_Mahal,_Agra,_Uttar_Pradesh_bnw-98.jpg"
Taj_Mahal,113197,0,commons/South_side_of_the_Taj_Mahal/0/pictures/Tajmahal_01.jpg
Taj_Mahal,113197,0,"commons/Black_and_white_images_of_the_Taj_Mahal/0/pictures/Taj_Mahal,_Agra,_Uttar_Pradesh_bnw-97.jpg"
Taj_Mahal,113197,0,commons/Taj_Mahal_Complex_—_Gardens/0/pictures/Tajmahal_-Agra_-Uttar_Pradesh-IMG_0259.jpg
Taj_Mahal,113197,0,commons/South_side_of_the_Taj_Mahal/0/pictures/Tajmahal_02.jpg
Taj_Mahal,113197,0,"commons/Black_and_white_images_of_the_Taj_Mahal/0/pictures/Taj_Mahal,_Agra,_Uttar_Pradesh_bnw-9.jpg"
Taj_Mahal,113197,0,commons/Taj_Mahal_Complex_—_Gardens/0/pictures/Tajmahal_(133471023).jpeg
Taj_Mahal,113197,0,commons/South_side_of_the_Taj_Mahal/0/pictures/Tajmahal_-Agra_-Uttar_Pradesh-IMG_0217.jpg
Taj_Mahal,113197,0,"commons/Black_and_white_images_of_the_Taj_Mahal/0/pictures/Taj_Mahal,_Agra,_Uttar_Pradesh_bnw-89.jpg"
Taj_Mahal,113197,0,commons/North_side_of_the_Taj_Mahal/0/pictures/Taj_Mahal_view_28.jpg
Taj_Mahal,113197,0,"commons/Taj_Mahal_Complex_—_Tomb/0/pictures/Taj_Mahal,_Agra_-_Visit_During_WCI_2016_(14).jpg"
Taj_Mahal,113197,0,commons/South_side_of_the_Taj_Mahal/0/pictures/Tajmah.JPG
Taj_Mahal,113197,0,"commons/Black_and_white_images_of_the_Taj_Mahal/0/pictures/Taj_Mahal,_Agra,_Uttar_Pradesh_bnw-87.jpg"
Taj_Mahal,113197,0,"commons/Taj_Mahal_Complex_—_Gardens/0/pictures/TajMahal,_India.jpg"
Taj_Mahal,113197,0,"commons/Yamuna_River_at_the_Taj_Mahal/0/pictures/Agra,_panorámicas_(2002)_17.jpg"
Taj_Mahal,113197,0,commons/South_side_of_the_Taj_Mahal_Tomb_with_the_pool/0/pictures/The_pride_of_Indian_architecture_(The_Taj).JPG
Taj_Mahal,113197,0,"commons/South_side_of_the_Taj_Mahal_Tomb_with_the_pool/0/pictures/Taj_Mahal_1064,_Agra,_UP,_India.jpg"
Taj_Mahal,113197,0,commons/East_side_of_the_Taj_Mahal/0/pictures/Mountain_of_Marble_-_Taj_Mahal_(2603940638).jpg
Taj_Mahal,113197,0,commons/Taj_Mahal_Complex_—_Mosque/0/pictures/Main_Dwar_Taj_Mahal.JPG
Taj_Mahal,113197,0,commons/Remote_views_of_the_Taj_Mahal/0/pictures/Taj_Mahal_from_Main_Entrance.jpg
Taj_Mahal,113197,0,commons/Taj_Mahal_Complex_—_Tomb/0/pictures/The_Taj_Mahal_118.jpg
Taj_Mahal,113197,0,commons/South_side_of_the_Taj_Mahal/0/pictures/Tajma12.JPG
Taj_Mahal,113197,0,"commons/Black_and_white_images_of_the_Taj_Mahal/0/pictures/Taj_Mahal,_Agra,_Uttar_Pradesh_bnw-86.jpg"
Taj_Mahal,113197,0,commons/Taj_Mahal_Complex_—_Gardens/0/pictures/TajMahal01.jpg
Taj_Mahal,113197,0,commons/South_side_of_the_Taj_Mahal/0/pictures/Tajj.jpg
Taj_Mahal,113197,0,"commons/Black_and_white_images_of_the_Taj_Mahal/0/pictures/Taj_Mahal,_Agra,_Uttar_Pradesh_bnw-85.jpg"
Taj_Mahal,113197,0,commons/Taj_Mahal_Complex_—_Gardens/0/pictures/TajMahal_UsAb.jpg
Taj_Mahal,113197,0,commons/North_side_of_the_Taj_Mahal/0/pictures/Taj_Mahal_view_24.jpg
Taj_Mahal,113197,0,"commons/Taj_Mahal_Complex_—_Tomb/0/pictures/Taj_Mahal,_Agra_(37120204396).jpg"
Taj_Mahal,113197,0,commons/South_side_of_the_Taj_Mahal/0/pictures/TajMehel.jpg
Taj_Mahal,113197,0,"commons/Black_and_white_images_of_the_Taj_Mahal/0/pictures/Taj_Mahal,_Agra,_Uttar_Pradesh_bnw-83.jpg"
Taj_Mahal,113197,0,commons/North_side_of_the_Taj_Mahal/0/pictures/Taj_Mahal_view_22.jpg
Taj_Mahal,113197,0,commons/South_side_of_the_Taj_Mahal/0/pictures/TajMahalSouthFacade.jpg
Taj_Mahal,113197,0,"commons/Black_and_white_images_of_the_Taj_Mahal/0/pictures/Taj_Mahal,_Agra,_Uttar_Pradesh_bnw-78.jpg"
Taj_Mahal,113197,0,commons/Taj_Mahal_Complex_—_Gardens/0/pictures/TajAndGarden.jpg
Taj_Mahal,113197,0,commons/North_side_of_the_Taj_Mahal/0/pictures/Taj_Mahal_view_20.jpg
Taj_Mahal,113197,0,commons/Taj_Mahal_Complex_—_Tomb/0/pictures/Taj_Mahal's_East_Upper_Facade.jpg
Taj_Mahal,113197,0,commons/South_side_of_the_Taj_Mahal/0/pictures/Tajmah13.JPG
Taj_Mahal,113197,0,"commons/Black_and_white_images_of_the_Taj_Mahal/0/pictures/Taj_Mahal,_Agra,_Uttar_Pradesh_bnw-88.jpg"
Taj_Mahal,113197,0,commons/Taj_Mahal_Complex_—_Gardens/0/pictures/TajMahal89.jpg
Taj_Mahal,113197,0,"commons/Windows_of_the_Taj_Mahal/0/pictures/Taj_Mahal,_Agra,_Uttar_Pradesh_s-83.jpg"
Taj_Mahal,113197,0,commons/South_side_of_the_Taj_Mahal_Tomb_with_the_pool/0/pictures/The_Taj_Mahal-_Wonder_of_the_the_world.jpg
Taj_Mahal,113197,0,commons/South_side_of_the_Taj_Mahal_Tomb_with_the_pool/0/pictures/Taj_Mahal_-_panoramio_(7).jpg
Taj_Mahal,113197,0,commons/East_side_of_the_Taj_Mahal/0/pictures/Sambourneagra1860s.jpg
Taj_Mahal,113197,0,commons/South_side_of_the_Taj_Mahal/0/pictures/TajMahal20080211-2.jpg
Taj_Mahal,113197,0,"commons/Black_and_white_images_of_the_Taj_Mahal/0/pictures/Taj_Mahal,_Agra,_Uttar_Pradesh_bnw-76.jpg"
Taj_Mahal,113197,0,commons/Taj_Mahal_Complex_—_Gardens/0/pictures/Taj7.jpg
Taj_Mahal,113197,0,commons/North_side_of_the_Taj_Mahal/0/pictures/Taj_Mahal_view_19.jpg
Taj_Mahal,113197,0,commons/South_side_of_the_Taj_Mahal/0/pictures/TajMahal.jpg
Taj_Mahal,113197,0,"commons/Black_and_white_images_of_the_Taj_Mahal/0/pictures/Taj_Mahal,_Agra,_Uttar_Pradesh_bnw-79.jpg"
Taj_Mahal,113197,0,commons/Taj_Mahal_Complex_—_Gardens/0/pictures/Taj45.JPG
Taj_Mahal,113197,0,commons/South_side_of_the_Taj_Mahal/0/pictures/TajMahal.JPG
Taj_Mahal,113197,0,"commons/Black_and_white_images_of_the_Taj_Mahal/0/pictures/Taj_Mahal,_Agra,_Uttar_Pradesh_bnw-81.jpg"
Taj_Mahal,113197,0,commons/Taj_Mahal_Complex_—_Gardens/0/pictures/Taj44.JPG
Taj_Mahal,113197,0,commons/South_side_of_the_Taj_Mahal/0/pictures/TajMahal-ATrueWonder.jpg
Taj_Mahal,113197,0,"commons/Black_and_white_images_of_the_Taj_Mahal/0/pictures/Taj_Mahal,_Agra,_Uttar_Pradesh_bnw-8.jpg"
Taj_Mahal,113197,0,commons/North_side_of_the_Taj_Mahal/0/pictures/Taj_Mahal_view_15.jpg
Taj_Mahal,113197,0,commons/Taj_Mahal_Complex_—_Tomb/0/pictures/Taj_Mahal_within_green_trees.jpg
Taj_Mahal,113197,0,commons/South_side_of_the_Taj_Mahal/0/pictures/TajMahal_ForwardView.JPG
Taj_Mahal,113197,0,"commons/Black_and_white_images_of_the_Taj_Mahal/0/pictures/Taj_Mahal,_Agra,_Uttar_Pradesh_bnw-75.jpg"
Taj_Mahal,113197,0,commons/Taj_Mahal_Complex_—_Gardens/0/pictures/Taj_with_reflection.jpg
Taj_Mahal,113197,0,commons/North_side_of_the_Taj_Mahal/0/pictures/Taj_Mahal_view_14.jpg
Taj_Mahal,113197,0,commons/Taj_Mahal_Complex_—_Tomb/0/pictures/Taj_Mahal_泰姬陵_-_panoramio_(1).jpg
Taj_Mahal,113197,0,commons/South_side_of_the_Taj_Mahal/0/pictures/TajMahal_1Agra.JPG
Taj_Mahal,113197,0,"commons/Black_and_white_images_of_the_Taj_Mahal/0/pictures/Taj_Mahal,_Agra,_Uttar_Pradesh_bnw-77.jpg"
Taj_Mahal,113197,0,commons/Taj_Mahal_Complex_—_Gardens/0/pictures/Taj-mahal-agra.jpg
Taj_Mahal,113197,0,commons/North_side_of_the_Taj_Mahal/0/pictures/Taj_Mahal_view_12.jpg
Taj_Mahal,113197,0,commons/Taj_Mahal_Complex_—_Tomb/0/pictures/Taj_Mahal_with_white_sky.jpg
Taj_Mahal,113197,0,commons/South_side_of_the_Taj_Mahal/0/pictures/TajMahal_-_beauty_on_every_view.jpg
Taj_Mahal,113197,0,"commons/Black_and_white_images_of_the_Taj_Mahal/0/pictures/Taj_Mahal,_Agra,_Uttar_Pradesh_bnw-71.jpg"
Taj_Mahal,113197,0,commons/Yamuna_River_at_the_Taj_Mahal/0/pictures/Mah_10.JPG
Taj_Mahal,113197,0,"commons/Southern_gate_of_the_Taj_Mahal_compound/0/pictures/AGRA_FORT,_NEW_DELHI.jpg"
Taj_Mahal,113197,0,commons/North_side_of_the_Taj_Mahal/0/pictures/Taj_Mahal_view_10.jpg
Taj_Mahal,113197,0,commons/Taj_Mahal_Complex_—_Tomb/0/pictures/Taj_Mahal_vrtmrgmpksk_(42).jpg
Taj_Mahal,113197,0,commons/South_side_of_the_Taj_Mahal/0/pictures/TajMahal_MedRange.JPG
Taj_Mahal,113197,0,"commons/Black_and_white_images_of_the_Taj_Mahal/0/pictures/Taj_Mahal,_Agra,_Uttar_Pradesh_bnw-73.jpg"
Taj_Mahal,113197,0,commons/Taj_Mahal_Complex_—_Gardens/0/pictures/Taj25.JPG
Taj_Mahal,113197,0,"commons/Windows_of_the_Taj_Mahal/0/pictures/Taj_Mahal,_Agra,_Uttar_Pradesh_s-68.jpg"
Taj_Mahal,113197,0,commons/South_side_of_the_Taj_Mahal_Tomb_with_the_pool/0/pictures/The_Majestic_Taj_Mahal.jpg
Taj_Mahal,113197,0,commons/South_side_of_the_Taj_Mahal_Tomb_with_the_pool/0/pictures/Taj_Mahal_-_7th_wonder_on_earth.jpg
Taj_Mahal,113197,0,commons/East_side_of_the_Taj_Mahal/0/pictures/IMG_Taj_Mahal_002_by_Ray.jpg
Taj_Mahal,113197,0,commons/South_side_of_the_Taj_Mahal/0/pictures/TajAngle.JPG
Taj_Mahal,113197,0,"commons/Black_and_white_images_of_the_Taj_Mahal/0/pictures/Taj_Mahal,_Agra,_Uttar_Pradesh_bnw-66.jpg"
Taj_Mahal,113197,0,commons/Taj_Mahal_Complex_—_Gardens/0/pictures/Taj02.jpg
Taj_Mahal,113197,0,commons/North_side_of_the_Taj_Mahal/0/pictures/Taj_Mahal_from_my_eyes.jpg
Taj_Mahal,113197,0,commons/Taj_Mahal_Complex_—_Tomb/0/pictures/Taj_Mahal_vrtmrgmpksk_(40).jpg
Taj_Mahal,113197,0,commons/South_side_of_the_Taj_Mahal/0/pictures/Taj24.JPG
Taj_Mahal,113197,0,"commons/Black_and_white_images_of_the_Taj_Mahal/0/pictures/Taj_Mahal,_Agra,_Uttar_Pradesh_bnw-72.jpg"
Taj_Mahal,113197,0,commons/Taj_Mahal_Complex_—_Gardens/0/pictures/Taj_tilt_garden.JPG
Taj_Mahal,113197,0,commons/South_side_of_the_Taj_Mahal/0/pictures/Taj20.JPG
Taj_Mahal,113197,0,"commons/Black_and_white_images_of_the_Taj_Mahal/0/pictures/Taj_Mahal,_Agra,_Uttar_Pradesh_bnw-67.jpg"
Taj_Mahal,113197,0,commons/Taj_Mahal_Complex_—_Gardens/0/pictures/Taj_through_foliage.jpg
Taj_Mahal,113197,0,commons/South_side_of_the_Taj_Mahal/0/pictures/Taj18.JPG
Taj_Mahal,113197,0,"commons/Black_and_white_images_of_the_Taj_Mahal/0/pictures/Taj_Mahal,_Agra,_Uttar_Pradesh_bnw-7.jpg"
Taj_Mahal,113197,0,commons/Taj_Mahal_Complex_—_Gardens/0/pictures/Taj_mahal.Agra.jpg
Taj_Mahal,113197,0,"commons/Windows_of_the_Taj_Mahal/0/pictures/Taj_Mahal,_Agra,_Uttar_Pradesh_hs-68.jpg"
Taj_Mahal,113197,0,commons/South_side_of_the_Taj_Mahal_Tomb_with_the_pool/0/pictures/The_Great_Taj_Mahal.jpg
Taj_Mahal,113197,0,commons/South_side_of_the_Taj_Mahal_Tomb_with_the_pool/0/pictures/Taj_Mahal_(Viewed_From_South).JPG
Taj_Mahal,113197,0,"commons/East_side_of_the_Taj_Mahal/0/pictures/Eastern_wall_and_minaret_of_the_Tomb_at_the_Taj_Mahal,_India,_2013-03_(11551663925).jpg"
Taj_Mahal,113197,0,commons/Taj_Mahal_Complex_—_Mosque/0/pictures/Gate_Of_Taj_Mahal...jpg
Taj_Mahal,113197,0,commons/South_side_of_the_Taj_Mahal/0/pictures/Taj-mahal-free-download-HD-images_(1).jpg
Taj_Mahal,113197,0,"commons/Black_and_white_images_of_the_Taj_Mahal/0/pictures/Taj_Mahal,_Agra,_Uttar_Pradesh_bnw-58.jpg"
Taj_Mahal,113197,0,commons/Taj_Mahal_Complex_—_Gardens/0/pictures/Taj_mahal_blossom.jpg
Taj_Mahal,113197,0,commons/South_side_of_the_Taj_Mahal/0/pictures/Taj23.JPG
Taj_Mahal,113197,0,"commons/Black_and_white_images_of_the_Taj_Mahal/0/pictures/Taj_Mahal,_Agra,_Uttar_Pradesh_bnw-68.jpg"
Taj_Mahal,113197,0,commons/South_side_of_the_Taj_Mahal_Tomb_with_the_pool/0/pictures/Taj_Mahal_(4310808807).jpg
Taj_Mahal,113197,0,"commons/East_side_of_the_Taj_Mahal/0/pictures/Dharmapuri,_Forest_Colony,_Tajganj,_Agra,_Uttar_Pradesh,_India_-_panoramio_(11).jpg"
Taj_Mahal,113197,0,commons/South_side_of_the_Taj_Mahal/0/pictures/Taj-classic.jpg
Taj_Mahal,113197,0,"commons/Black_and_white_images_of_the_Taj_Mahal/0/pictures/Taj_Mahal,_Agra,_Uttar_Pradesh_bnw-6.jpg"
Taj_Mahal,113197,0,commons/Taj_Mahal_Complex_—_Gardens/0/pictures/Taj_mahal-_agra.jpg
Taj_Mahal,113197,0,commons/South_side_of_the_Taj_Mahal/0/pictures/Taj-Mahal_(2).jpg
Taj_Mahal,113197,0,"commons/Black_and_white_images_of_the_Taj_Mahal/0/pictures/Taj_Mahal,_Agra,_Uttar_Pradesh_bnw-62.jpg"
Taj_Mahal,113197,0,commons/Taj_Mahal_Complex_—_Gardens/0/pictures/Taj_mahal_with_all_its_splendor.jpg
Taj_Mahal,113197,0,commons/North_side_of_the_Taj_Mahal/0/pictures/Agra-Taj_Mahal-North_Face-20131019.jpg
Taj_Mahal,113197,0,commons/Taj_Mahal_Complex_—_Tomb/0/pictures/Taj_Mahal_on_a_typical_sunny_days.jpg
Taj_Mahal,113197,0,"commons/Windows_of_the_Taj_Mahal/0/pictures/Taj_Mahal,_Agra_75.jpg"
Taj_Mahal,113197,0,commons/South_side_of_the_Taj_Mahal_Tomb_with_the_pool/0/pictures/Tajpart2.jpg
Taj_Mahal,113197,0,commons/South_side_of_the_Taj_Mahal_Tomb_with_the_pool/0/pictures/Taj_Mahal_(2377307641).jpg
Taj_Mahal,113197,0,commons/East_side_of_the_Taj_Mahal/0/pictures/Beautiful_and_wow.JPG
Taj_Mahal,113197,0,commons/Taj_Mahal_Complex_—_Mosque/0/pictures/Banke_bihari_(364).JPG
Taj_Mahal,113197,0,commons/South_side_of_the_Taj_Mahal/0/pictures/Taj'mahal.jpg
Taj_Mahal,113197,0,"commons/Black_and_white_images_of_the_Taj_Mahal/0/pictures/Taj_Mahal,_Agra,_Uttar_Pradesh_bnw-61.jpg"
Taj_Mahal,113197,0,commons/Taj_Mahal_Complex_—_Gardens/0/pictures/Taj_mahal_seen_here_with_its_neighboring_Masjid.jpg
Taj_Mahal,113197,0,commons/North_side_of_the_Taj_Mahal/0/pictures/TAJ_MAHAL_.0.p.jpg
Taj_Mahal,113197,0,commons/Taj_Mahal_Complex_—_Tomb/0/pictures/Taj_Mahal_photo2.jpg
Taj_Mahal,113197,0,commons/South_side_of_the_Taj_Mahal/0/pictures/Taj_താജ്‌_മഹൽ2013.JPG
Taj_Mahal,113197,0,"commons/Black_and_white_images_of_the_Taj_Mahal/0/pictures/Taj_Mahal,_Agra,_Uttar_Pradesh_bnw-37.jpg"
Taj_Mahal,113197,0,commons/Taj_Mahal_Complex_—_Gardens/0/pictures/Taj_mahal_on_sunset.jpg
Taj_Mahal,113197,0,commons/North_side_of_the_Taj_Mahal/0/pictures/Taj_Mahal_view_21.jpg
Taj_Mahal,113197,0,commons/Taj_Mahal_Complex_—_Tomb/0/pictures/Taj_Mahal_sunrise_(4188505607).jpg
Taj_Mahal,113197,0,commons/South_side_of_the_Taj_Mahal/0/pictures/Taj.JPG
Taj_Mahal,113197,0,"commons/Black_and_white_images_of_the_Taj_Mahal/0/pictures/Taj_Mahal,_Agra,_Uttar_Pradesh_bnw-63.jpg"
Taj_Mahal,113197,0,commons/Taj_Mahal_Complex_—_Gardens/0/pictures/Taj_full_of_beauty.jpg
Taj_Mahal,113197,0,commons/South_side_of_the_Taj_Mahal_Tomb_with_the_pool/0/pictures/Taj_Mahal_(2).jpg
Taj_Mahal,113197,0,commons/East_side_of_the_Taj_Mahal/0/pictures/Dome_Chhatris_Spires_-_Taj_Mahal_-_Agra_2014-05-14_3805.JPG
Taj_Mahal,113197,0,commons/Taj_Mahal_Complex_—_Mosque/0/pictures/Banke_bihaTaj_Mahalri_(309).JPG
Taj_Mahal,113197,0,commons/South_side_of_the_Taj_Mahal/0/pictures/Taj_without_its_pillars.jpg
Taj_Mahal,113197,0,"commons/Black_and_white_images_of_the_Taj_Mahal/0/pictures/Taj_Mahal,_Agra,_Uttar_Pradesh_bnw-50.jpg"
Taj_Mahal,113197,0,commons/Taj_Mahal_Complex_—_Gardens/0/pictures/Taj_evening.JPG
Taj_Mahal,113197,0,commons/South_side_of_the_Taj_Mahal/0/pictures/Taj-tak.jpg
Taj_Mahal,113197,0,"commons/Black_and_white_images_of_the_Taj_Mahal/0/pictures/Taj_Mahal,_Agra,_Uttar_Pradesh_bnw-59.jpg"
Taj_Mahal,113197,0,commons/Western_gate_of_the_Taj_Mahal_compound/0/pictures/Western_gate_of_the_Taj_Mahal.01.jpg
Taj_Mahal,113197,0,commons/South_side_of_the_Taj_Mahal_Tomb_with_the_pool/0/pictures/Tal.mahal.jpg
Taj_Mahal,113197,0,commons/South_side_of_the_Taj_Mahal_Tomb_with_the_pool/0/pictures/Taj_Mahal_(108013691).jpeg
Taj_Mahal,113197,0,commons/East_side_of_the_Taj_Mahal/0/pictures/Banke_bihaTaj_Mahalri_(311).JPG
Taj_Mahal,113197,0,commons/Taj_Mahal_Complex_—_Mosque/0/pictures/Banke_bihaTaj_Mahalri_(308).JPG
Taj_Mahal,113197,0,commons/South_side_of_the_Taj_Mahal/0/pictures/Taj_with_greenries.jpg
Taj_Mahal,113197,0,"commons/Black_and_white_images_of_the_Taj_Mahal/0/pictures/Taj_Mahal,_Agra,_Uttar_Pradesh_bnw-54.jpg"
Taj_Mahal,113197,0,commons/South_side_of_the_Taj_Mahal/0/pictures/Taj_the_beuty.jpg
Taj_Mahal,113197,0,"commons/Black_and_white_images_of_the_Taj_Mahal/0/pictures/Taj_Mahal,_Agra,_Uttar_Pradesh_bnw-53.jpg"
Taj_Mahal,113197,0,commons/Taj_Mahal_Complex_—_Gardens/0/pictures/Taj_different_look.JPG
Taj_Mahal,113197,0,commons/South_side_of_the_Taj_Mahal/0/pictures/Taj_shah_love.jpg
Taj_Mahal,113197,0,"commons/Black_and_white_images_of_the_Taj_Mahal/0/pictures/Taj_Mahal,_Agra,_Uttar_Pradesh_bnw-56.jpg"
Taj_Mahal,113197,0,commons/South_side_of_the_Taj_Mahal/0/pictures/Taj_ni12-18.jpg
Taj_Mahal,113197,0,"commons/Black_and_white_images_of_the_Taj_Mahal/0/pictures/Taj_Mahal,_Agra,_Uttar_Pradesh_bnw-55.jpg"
Taj_Mahal,113197,0,commons/North_side_of_the_Taj_Mahal/0/pictures/Taj_Mahal_view_17.jpg
Taj_Mahal,113197,0,commons/Taj_Mahal_Complex_—_Tomb/0/pictures/Taj_Mahal_on_New_Year_08.jpg
Taj_Mahal,113197,0,commons/South_side_of_the_Taj_Mahal/0/pictures/Taj_ni12-04.jpg
Taj_Mahal,113197,0,"commons/Black_and_white_images_of_the_Taj_Mahal/0/pictures/Taj_Mahal,_Agra,_Uttar_Pradesh_bnw-5.jpg"
Taj_Mahal,113197,0,commons/South_side_of_the_Taj_Mahal/0/pictures/Taj_mahal6.JPG
Taj_Mahal,113197,0,"commons/Black_and_white_images_of_the_Taj_Mahal/0/pictures/Taj_Mahal,_Agra,_Uttar_Pradesh_bnw-45.jpg"
Taj_Mahal,113197,0,commons/Taj_Mahal_Complex_—_Gardens/0/pictures/Taj_beauty_03.jpg
Taj_Mahal,113197,0,commons/South_side_of_the_Taj_Mahal/0/pictures/Taj_mahal4.JPG
Taj_Mahal,113197,0,"commons/Black_and_white_images_of_the_Taj_Mahal/0/pictures/Taj_Mahal,_Agra,_Uttar_Pradesh_bnw-4.jpg"
Taj_Mahal,113197,0,commons/Taj_Mahal_Complex_—_Gardens/0/pictures/Taj_Mahal.Agra.jpg
Taj_Mahal,113197,0,"commons/South_side_of_the_Taj_Mahal/0/pictures/Taj_mahal3,agra.JPG"
Taj_Mahal,113197,0,"commons/Black_and_white_images_of_the_Taj_Mahal/0/pictures/Taj_Mahal,_Agra,_Uttar_Pradesh_bnw-39.jpg"
Taj_Mahal,113197,0,commons/Taj_Mahal_Complex_—_Gardens/0/pictures/Taj_Portrait.jpg
Taj_Mahal,113197,0,commons/West_side_of_the_Taj_Mahal/0/pictures/Wah_Taj.jpg
Taj_Mahal,113197,0,commons/South_side_of_the_Taj_Mahal_Tomb_with_the_pool/0/pictures/TajMahalAgra.jpg
Taj_Mahal,113197,0,commons/South_side_of_the_Taj_Mahal_Tomb_with_the_pool/0/pictures/Taj_012.jpg
Taj_Mahal,113197,0,commons/East_side_of_the_Taj_Mahal/0/pictures/3-D_Taj.JPG
Taj_Mahal,113197,0,"commons/South_side_of_the_Taj_Mahal/0/pictures/Taj_mahal2,agra.JPG"
Taj_Mahal,113197,0,"commons/Black_and_white_images_of_the_Taj_Mahal/0/pictures/Taj_Mahal,_Agra,_Uttar_Pradesh_bnw-49.jpg"
Taj_Mahal,113197,0,commons/West_side_of_the_Taj_Mahal/0/pictures/The_great_Taj_Mahal.JPG
Taj_Mahal,113197,0,commons/South_side_of_the_Taj_Mahal_Tomb_with_the_pool/0/pictures/Tajmahal_agra_(2).jpg
Taj_Mahal,113197,0,commons/South_side_of_the_Taj_Mahal_Tomb_with_the_pool/0/pictures/Taj_011.jpg
Taj_Mahal,113197,0,commons/East_side_of_the_Taj_Mahal/0/pictures/2013-08-18-2570ujjwal.jpg
Taj_Mahal,113197,0,commons/Taj_Mahal_Complex_—_Mosque/0/pictures/Agra_Taj_Mahal_site.jpg
Taj_Mahal,113197,0,commons/South_side_of_the_Taj_Mahal/0/pictures/Taj_mahal.img3.jpg
Taj_Mahal,113197,0,"commons/Black_and_white_images_of_the_Taj_Mahal/0/pictures/Taj_Mahal,_Agra,_Uttar_Pradesh_bnw-48.jpg"
Taj_Mahal,113197,0,commons/Taj_Mahal_Complex_—_Gardens/0/pictures/Taj_Mahal1.JPG
Taj_Mahal,113197,0,commons/West_side_of_the_Taj_Mahal/0/pictures/The_elegant_taj_mahal.JPG
Taj_Mahal,113197,0,commons/South_side_of_the_Taj_Mahal_Tomb_with_the_pool/0/pictures/TajMahal20080211-3.jpg
Taj_Mahal,113197,0,commons/South_side_of_the_Taj_Mahal_Tomb_with_the_pool/0/pictures/Taj_010.jpg
Taj_Mahal,113197,0,commons/East_side_of_the_Taj_Mahal/0/pictures/Agra_03-2016_07_Taj_Mahal_complex.jpg
Taj_Mahal,113197,0,commons/South_side_of_the_Taj_Mahal/0/pictures/Taj_mahal.img2.jpg
Taj_Mahal,113197,0,"commons/Black_and_white_images_of_the_Taj_Mahal/0/pictures/Taj_Mahal,_Agra,_Uttar_Pradesh_bnw-47.jpg"
Taj_Mahal,113197,0,commons/Taj_Mahal_Complex_—_Gardens/0/pictures/Taj_Mahal-photo_taken_by_kush.jpg
Taj_Mahal,113197,0,commons/West_side_of_the_Taj_Mahal/0/pictures/The_Taj_mahal.jpg
Taj_Mahal,113197,0,commons/South_side_of_the_Taj_Mahal_Tomb_with_the_pool/0/pictures/TajMahal1890.jpg
Taj_Mahal,113197,0,commons/South_side_of_the_Taj_Mahal_Tomb_with_the_pool/0/pictures/Taj_009.jpg
Taj_Mahal,113197,0,commons/Domes_of_the_Taj_Mahal_Mausoleum/0/pictures/The_main_Dome_of_Taj_Mahal..jpg
Taj_Mahal,113197,0,commons/Taj_Mahal_Complex_—_Mosque/0/pictures/Agra_03-2016_08_Taj_Mahal_complex.jpg
Taj_Mahal,113197,0,commons/South_side_of_the_Taj_Mahal/0/pictures/Taj_mahal.img.jpg
Taj_Mahal,113197,0,"commons/Black_and_white_images_of_the_Taj_Mahal/0/pictures/Taj_Mahal,_Agra,_Uttar_Pradesh_bnw-46.jpg"
Taj_Mahal,113197,0,commons/Taj_Mahal_Complex_—_Gardens/0/pictures/Taj_Mahal.jpeg
Taj_Mahal,113197,0,commons/South_side_of_the_Taj_Mahal_Tomb_with_the_pool/0/pictures/Taj_007.jpg
Taj_Mahal,113197,0,commons/East_side_of_the_Taj_Mahal/0/pictures/A_view_from_gateway.jpg
Taj_Mahal,113197,0,commons/Taj_Mahal_Complex_—_Mosque/0/pictures/Agra_-_Taj_Mahal_(5105273632).jpg
Taj_Mahal,113197,0,commons/South_side_of_the_Taj_Mahal/0/pictures/Taj_mahal-Up-Agra-DSC2345678.jpg
Taj_Mahal,113197,0,"commons/Black_and_white_images_of_the_Taj_Mahal/0/pictures/Taj_Mahal,_Agra,_Uttar_Pradesh_bnw-38.jpg"
Taj_Mahal,113197,0,commons/Taj_Mahal_Complex_—_Gardens/0/pictures/Taj_Sujoy3.JPG
Taj_Mahal,113197,0,commons/West_side_of_the_Taj_Mahal/0/pictures/The_Taj_Mahal_at_dusk.JPG
Taj_Mahal,113197,0,commons/South_side_of_the_Taj_Mahal_Tomb_with_the_pool/0/pictures/TajMahal1.JPG
Taj_Mahal,113197,0,commons/South_side_of_the_Taj_Mahal_Tomb_with_the_pool/0/pictures/Taj_006.jpg
Taj_Mahal,113197,0,commons/East_side_of_the_Taj_Mahal/0/pictures/A_rare_angle_-_from_the_south_eastern_corner.JPG
Taj_Mahal,113197,0,commons/Taj_Mahal_Complex_—_Mosque/0/pictures/Agra_-_Mosque_near_Taj_Mahal_LCCN2014714082.jpg
Taj_Mahal,113197,0,"commons/Black_and_white_images_of_the_Taj_Mahal/0/pictures/Taj_Mahal,_Agra,_Uttar_Pradesh_bnw-43.jpg"
Taj_Mahal,113197,0,commons/Taj_Mahal_Complex_—_Gardens/0/pictures/Taj_Mahal.._One_of_the_7_wonders_of_world.jpg
Taj_Mahal,113197,0,commons/West_side_of_the_Taj_Mahal/0/pictures/The_Taj_!.JPG
Taj_Mahal,113197,0,commons/South_side_of_the_Taj_Mahal_Tomb_with_the_pool/0/pictures/TajMahal89.jpg
Taj_Mahal,113197,0,commons/South_side_of_the_Taj_Mahal_Tomb_with_the_pool/0/pictures/Taj_005.jpg
Taj_Mahal,113197,0,"commons/Domes_of_the_Taj_Mahal_Mausoleum/0/pictures/Taj_Mahal,_Agra,_Uttar_Pradesh_vi-43.jpg"
Taj_Mahal,113197,0,commons/South_side_of_the_Taj_Mahal/0/pictures/Taj_mahal_side_view.JPG
Taj_Mahal,113197,0,"commons/Black_and_white_images_of_the_Taj_Mahal/0/pictures/Taj_Mahal,_Agra,_Uttar_Pradesh_bnw-44.jpg"
Taj_Mahal,113197,0,commons/North_side_of_the_Taj_Mahal/0/pictures/Enter_The_Taj.JPG
Taj_Mahal,113197,0,commons/Taj_Mahal_Complex_—_Tomb/0/pictures/Taj_Mahal_lovely.jpg
Taj_Mahal,113197,0,commons/South_side_of_the_Taj_Mahal_Tomb_with_the_pool/0/pictures/Taj_004.jpg
Taj_Mahal,113197,0,"commons/Domes_of_the_Taj_Mahal_Mausoleum/0/pictures/Taj_Mahal,_Agra,_Uttar_Pradesh_vi-36.jpg"
Taj_Mahal,113197,0,commons/South_side_of_the_Taj_Mahal/0/pictures/Taj_mahal_p3.jpg
Taj_Mahal,113197,0,"commons/Black_and_white_images_of_the_Taj_Mahal/0/pictures/Taj_Mahal,_Agra,_Uttar_Pradesh_bnw-42.jpg"
Taj_Mahal,113197,0,commons/Taj_Mahal_Complex_—_Gardens/0/pictures/Taj_Mahal;.jpg
Taj_Mahal,113197,0,commons/West_side_of_the_Taj_Mahal/0/pictures/TajFromMasjid.jpg
Taj_Mahal,113197,0,commons/South_side_of_the_Taj_Mahal_Tomb_with_the_pool/0/pictures/TajMahal_by_Ramit_Tyagi.jpg
Taj_Mahal,113197,0,commons/South_side_of_the_Taj_Mahal_Tomb_with_the_pool/0/pictures/Taj_(1).jpg
Taj_Mahal,113197,0,commons/Domes_of_the_Taj_Mahal_Mausoleum/0/pictures/Taj_taken_by_Dara.JPG
Taj_Mahal,113197,0,commons/Taj_Mahal_Complex_—_Mosque/0/pictures/A_Scene_beside_Taj.JPG
Taj_Mahal,113197,0,commons/West_side_of_the_Taj_Mahal/0/pictures/The_Grand_Partition.jpg
Taj_Mahal,113197,0,commons/South_side_of_the_Taj_Mahal_Tomb_with_the_pool/0/pictures/TajMahal_UsAb.jpg
Taj_Mahal,113197,0,commons/South_side_of_the_Taj_Mahal/0/pictures/Taj_mahal_in_its_full_glory.JPG
Taj_Mahal,113197,0,"commons/Black_and_white_images_of_the_Taj_Mahal/0/pictures/Taj_Mahal,_Agra,_Uttar_Pradesh_bnw-40.jpg"
Taj_Mahal,113197,0,commons/Taj_Mahal_Complex_—_Gardens/0/pictures/Taj_Mahal-Agra-Uttar_Pradesh_-_002.jpg
Taj_Mahal,113197,0,commons/West_side_of_the_Taj_Mahal/0/pictures/Tajmahalmouseleum.jpg
Taj_Mahal,113197,0,commons/South_side_of_the_Taj_Mahal_Tomb_with_the_pool/0/pictures/TajMahal_Agra1.JPG
Taj_Mahal,113197,0,commons/South_side_of_the_Taj_Mahal_Tomb_with_the_pool/0/pictures/Taj_&_fountain1.jpg
Taj_Mahal,113197,0,commons/Domes_of_the_Taj_Mahal_Mausoleum/0/pictures/Taj_Mahal5.ae.jpg
Taj_Mahal,113197,0,"commons/Taj_Mahal_Complex_—_Mosque/0/pictures/20191204_Mosque,_Taj_Mahal,_Agra_0650_6557.jpg"
Taj_Mahal,113197,0,commons/South_side_of_the_Taj_Mahal/0/pictures/Taj_mahal_front_view.jpg
Taj_Mahal,113197,0,"commons/Black_and_white_images_of_the_Taj_Mahal/0/pictures/Taj_Mahal,_Agra,_Uttar_Pradesh_bnw-29.jpg"
Taj_Mahal,113197,0,commons/Taj_Mahal_Complex_—_Gardens/0/pictures/Taj_Mahal-Agra_004.jpg
Taj_Mahal,113197,0,"commons/West_side_of_the_Taj_Mahal/0/pictures/Taj_Mahal,_Agra_views_from_around_(93).JPG"
Taj_Mahal,113197,0,commons/South_side_of_the_Taj_Mahal_Tomb_with_the_pool/0/pictures/TajMahal_Agra.JPG
Taj_Mahal,113197,0,commons/South_side_of_the_Taj_Mahal_Tomb_with_the_pool/0/pictures/TaJ.jpg
Taj_Mahal,113197,0,commons/Domes_of_the_Taj_Mahal_Mausoleum/0/pictures/Taj_Mahal.k.jpg
Taj_Mahal,113197,0,commons/Remote_views_of_the_Taj_Mahal/0/pictures/Le_Taj_vu_d'un_restaurant.jpg
Taj_Mahal,113197,0,commons/Taj_Mahal_Complex_—_Tomb/0/pictures/Tajmahal_at_morning.jpg
Taj_Mahal,113197,0,commons/South_side_of_the_Taj_Mahal/0/pictures/Taj_mahal_by_jaskirat_singh.jpg
Taj_Mahal,113197,0,"commons/Black_and_white_images_of_the_Taj_Mahal/0/pictures/Taj_Mahal,_Agra,_Uttar_Pradesh_bnw-28.jpg"
Taj_Mahal,113197,0,commons/Taj_Mahal_Complex_—_Gardens/0/pictures/Taj_Mahal-Agra_003.jpg
Taj_Mahal,113197,0,commons/North_side_of_the_Taj_Mahal/0/pictures/Banke_bihari_(373).JPG
Taj_Mahal,113197,0,commons/West_side_of_the_Taj_Mahal/0/pictures/The_Majesic_Taj_Mahal.JPG
Taj_Mahal,113197,0,commons/South_side_of_the_Taj_Mahal_Tomb_with_the_pool/0/pictures/Taj01.jpg
Taj_Mahal,113197,0,commons/South_side_of_the_Taj_Mahal_Tomb_with_the_pool/0/pictures/TAJ_MAHAL.CMS.JPG
Taj_Mahal,113197,0,commons/Domes_of_the_Taj_Mahal_Mausoleum/0/pictures/Tajmahal_dome.jpg
Taj_Mahal,113197,0,commons/Taj_Mahal_Complex_—_Jawab/0/pictures/泰姬瑪哈陵380.jpg
Taj_Mahal,113197,0,commons/South_side_of_the_Taj_Mahal/0/pictures/Taj_mahal_at_noon.jpg
Taj_Mahal,113197,0,"commons/Black_and_white_images_of_the_Taj_Mahal/0/pictures/Taj_Mahal,_Agra,_Uttar_Pradesh_bnw-34.jpg"
Taj_Mahal,113197,0,commons/West_side_of_the_Taj_Mahal/0/pictures/TajAtDusk.jpg
Taj_Mahal,113197,0,commons/South_side_of_the_Taj_Mahal_Tomb_with_the_pool/0/pictures/TAJ_MAHALIMG_20170925_110939.jpg
Taj_Mahal,113197,0,commons/Domes_of_the_Taj_Mahal_Mausoleum/0/pictures/Tajmahal_agra_(4).jpg
Taj_Mahal,113197,0,commons/Taj_Mahal_Complex_—_Jawab/0/pictures/泰姬瑪哈陵360.jpg
Taj_Mahal,113197,0,commons/South_side_of_the_Taj_Mahal/0/pictures/Taj_mahal_at_agra.jpg
Taj_Mahal,113197,0,"commons/Black_and_white_images_of_the_Taj_Mahal/0/pictures/Taj_Mahal,_Agra,_Uttar_Pradesh_bnw-3.jpg"
Taj_Mahal,113197,0,commons/Taj_Mahal_Complex_—_Gardens/0/pictures/Taj_Mahal-_Magnificent_background.jpg
Taj_Mahal,113197,0,commons/West_side_of_the_Taj_Mahal/0/pictures/Taj-Mahal_2.jpg
Taj_Mahal,113197,0,commons/South_side_of_the_Taj_Mahal_Tomb_with_the_pool/0/pictures/Taj_reflection_02.jpg
Taj_Mahal,113197,0,"commons/South_side_of_the_Taj_Mahal_Tomb_with_the_pool/0/pictures/TAJ_MAHAL,AGRA,INDIA.jpg"
Taj_Mahal,113197,0,commons/Domes_of_the_Taj_Mahal_Mausoleum/0/pictures/Taj-looming.jpg
Taj_Mahal,113197,0,commons/Taj_Mahal_Complex_—_Jawab/0/pictures/泰姬瑪哈陵355.jpg
Taj_Mahal,113197,0,commons/South_side_of_the_Taj_Mahal/0/pictures/Taj_mahal_at_a_glance....JPG
Taj_Mahal,113197,0,"commons/Black_and_white_images_of_the_Taj_Mahal/0/pictures/Taj_Mahal,_Agra,_Uttar_Pradesh_bnw-36.jpg"
Taj_Mahal,113197,0,commons/South_side_of_the_Taj_Mahal_Tomb_with_the_pool/0/pictures/TAJ_MAHAL_BEST_REFLECTION_EVER.JPG
Taj_Mahal,113197,0,"commons/Domes_of_the_Taj_Mahal_Mausoleum/0/pictures/Taj_Mahal,_Agra,_Uttar_Pradesh_te-130.jpg"
Taj_Mahal,113197,0,commons/Taj_Mahal_Complex_—_Jawab/0/pictures/Tajmahaltomb.jpg
Taj_Mahal,113197,0,commons/Remote_views_of_the_Taj_Mahal/0/pictures/India_DSC01595_(16721145132).jpg
Taj_Mahal,113197,0,commons/Taj_Mahal_Complex_—_Tomb/0/pictures/Tajmahal_View_-_panoramio_(1).jpg
Taj_Mahal,113197,0,commons/South_side_of_the_Taj_Mahal/0/pictures/Taj_mahal_as_seen_from_Darwaza_i_Rauza.JPG
Taj_Mahal,113197,0,"commons/Black_and_white_images_of_the_Taj_Mahal/0/pictures/Taj_Mahal,_Agra,_Uttar_Pradesh_bnw-35.jpg"
Taj_Mahal,113197,0,"commons/Taj_Mahal_Complex_—_Gardens/0/pictures/Taj_Mahal,_an_early_morning_view,_Agra.jpg"
Taj_Mahal,113197,0,"commons/West_side_of_the_Taj_Mahal/0/pictures/Taj_Mahal,_Agra_views_from_around_(60).JPG"
Taj_Mahal,113197,0,commons/South_side_of_the_Taj_Mahal_Tomb_with_the_pool/0/pictures/TAJ_MAHAL_INDIA.jpg
Taj_Mahal,113197,0,"commons/Domes_of_the_Taj_Mahal_Mausoleum/0/pictures/Taj_Mahal,_Agra,_Uttar_Pradesh_te-125.jpg"
Taj_Mahal,113197,0,commons/Taj_Mahal_Complex_—_Jawab/0/pictures/Yamuna_from_Taj_Mahal.jpg
Taj_Mahal,113197,0,commons/South_side_of_the_Taj_Mahal/0/pictures/Taj_mahal_and_people.jpg
Taj_Mahal,113197,0,"commons/Black_and_white_images_of_the_Taj_Mahal/0/pictures/Taj_Mahal,_Agra,_Uttar_Pradesh_bnw-23.jpg"
Taj_Mahal,113197,0,"commons/Taj_Mahal_Complex_—_Gardens/0/pictures/Taj_Mahal,_a_long_view.jpg"
Taj_Mahal,113197,0,commons/West_side_of_the_Taj_Mahal/0/pictures/Taj_beauty_04.jpg
Taj_Mahal,113197,0,commons/South_side_of_the_Taj_Mahal_Tomb_with_the_pool/0/pictures/Taj-Mahal_in_Agra.jpg
Taj_Mahal,113197,0,commons/South_side_of_the_Taj_Mahal_Tomb_with_the_pool/0/pictures/TAJ_MAHAL_--_A_BEAUTIFUL_VIEW.jpg
Taj_Mahal,113197,0,"commons/Domes_of_the_Taj_Mahal_Mausoleum/0/pictures/Taj_Mahal,_Agra,_Uttar_Pradesh_s-43.jpg"
Taj_Mahal,113197,0,commons/Taj_Mahal_Complex_—_Jawab/0/pictures/White_gem_03.jpg
Taj_Mahal,113197,0,commons/Remote_views_of_the_Taj_Mahal/0/pictures/India_-_Agra_-_005_(2147555616).jpg
Taj_Mahal,113197,0,commons/Taj_Mahal_Complex_—_Tomb/0/pictures/Tajmahal_009.jpg
Taj_Mahal,113197,0,commons/South_side_of_the_Taj_Mahal/0/pictures/Taj_mahal_agra.jpg
Taj_Mahal,113197,0,"commons/Black_and_white_images_of_the_Taj_Mahal/0/pictures/Taj_Mahal,_Agra,_Uttar_Pradesh_bnw-33.jpg"
Taj_Mahal,113197,0,"commons/Taj_Mahal_Complex_—_Gardens/0/pictures/Taj_Mahal,_a_different_view.jpg"
Taj_Mahal,113197,0,commons/West_side_of_the_Taj_Mahal/0/pictures/Taj_mahal_.jpg
Taj_Mahal,113197,0,commons/South_side_of_the_Taj_Mahal_Tomb_with_the_pool/0/pictures/Taj-mahal1.jpg
Taj_Mahal,113197,0,"commons/South_side_of_the_Taj_Mahal_Tomb_with_the_pool/0/pictures/Symmetry_of_the_Taj_Mahal,_Agra.jpg"
Taj_Mahal,113197,0,"commons/Domes_of_the_Taj_Mahal_Mausoleum/0/pictures/Taj_Mahal,_Agra,_Uttar_Pradesh_s-36.jpg"
Taj_Mahal,113197,0,"commons/Taj_Mahal_Complex_—_Mosque/0/pictures/20191204_Mosque,_Taj_Mahal,_Agra_0637_6549.jpg"
Taj_Mahal,113197,0,commons/South_side_of_the_Taj_Mahal/0/pictures/Taj_mahal_agra_up.jpg
Taj_Mahal,113197,0,"commons/Black_and_white_images_of_the_Taj_Mahal/0/pictures/Taj_Mahal,_Agra,_Uttar_Pradesh_bnw-32.jpg"
Taj_Mahal,113197,0,commons/West_side_of_the_Taj_Mahal/0/pictures/Taj_Mahal2.JPG
Taj_Mahal,113197,0,commons/South_side_of_the_Taj_Mahal_Tomb_with_the_pool/0/pictures/Taj_under_water.jpg
Taj_Mahal,113197,0,commons/South_side_of_the_Taj_Mahal_Tomb_with_the_pool/0/pictures/SymbolofLove.jpg
Taj_Mahal,113197,0,"commons/Domes_of_the_Taj_Mahal_Mausoleum/0/pictures/Taj_Mahal,_Agra,_Uttar_Pradesh_hs-46.jpg"
Taj_Mahal,113197,0,commons/Taj_Mahal_Complex_—_Jawab/0/pictures/The_Red_Building.jpg
Taj_Mahal,113197,0,commons/South_side_of_the_Taj_Mahal/0/pictures/Taj_mahal_2.JPG
Taj_Mahal,113197,0,"commons/Black_and_white_images_of_the_Taj_Mahal/0/pictures/Taj_Mahal,_Agra,_Uttar_Pradesh_bnw-31.jpg"
Taj_Mahal,113197,0,commons/West_side_of_the_Taj_Mahal/0/pictures/Taj_beauty_05.jpg
Taj_Mahal,113197,0,commons/South_side_of_the_Taj_Mahal_Tomb_with_the_pool/0/pictures/Standing_Tall_with_its_granduer.jpg
Taj_Mahal,113197,0,"commons/Domes_of_the_Taj_Mahal_Mausoleum/0/pictures/Taj_Mahal,_Agra,_Uttar_Pradesh_hs-43.jpg"
Taj_Mahal,113197,0,"commons/Taj_Mahal_Complex_—_Jawab/0/pictures/The_Mosque_at_The_Taj_Mahal,_Agra,_India._-_panoramio.jpg"
Taj_Mahal,113197,0,commons/Remote_views_of_the_Taj_Mahal/0/pictures/If_only_i_could_describe.jpg
Taj_Mahal,113197,0,commons/Taj_Mahal_Complex_—_Tomb/0/pictures/Tajmahal_002.jpg
Taj_Mahal,113197,0,commons/South_side_of_the_Taj_Mahal/0/pictures/Taj_mahal_02.jpg
Taj_Mahal,113197,0,"commons/Black_and_white_images_of_the_Taj_Mahal/0/pictures/Taj_Mahal,_Agra,_Uttar_Pradesh_bnw-30.jpg"
Taj_Mahal,113197,0,"commons/West_side_of_the_Taj_Mahal/0/pictures/Taj_Mahal,_Agra_views_from_around_(80).JPG"
Taj_Mahal,113197,0,commons/South_side_of_the_Taj_Mahal_Tomb_with_the_pool/0/pictures/Taj_reflection_03.jpg
Taj_Mahal,113197,0,commons/South_side_of_the_Taj_Mahal_Tomb_with_the_pool/0/pictures/Symbol_of_'The_Love'.jpg
Taj_Mahal,113197,0,"commons/Domes_of_the_Taj_Mahal_Mausoleum/0/pictures/Taj_Mahal,_Agra,_Uttar_Pradesh_hs-36.jpg"
Taj_Mahal,113197,0,commons/Taj_Mahal_Complex_—_Jawab/0/pictures/The_Taj_Mahal_ag16.jpg
Taj_Mahal,113197,0,commons/South_side_of_the_Taj_Mahal/0/pictures/Taj_Mahal!.jpg
Taj_Mahal,113197,0,commons/Black_and_white_images_of_the_Taj_Mahal/0/pictures/Taj_Mahal_tm02.jpg
Taj_Mahal,113197,0,commons/Taj_Mahal_Complex_—_Gardens/0/pictures/Taj_Mahal_334.jpg
Taj_Mahal,113197,0,"commons/South_side_of_the_Taj_Mahal/0/pictures/Taj_Mahal,_Agra_-_UP,_India.jpg"
Taj_Mahal,113197,0,commons/Black_and_white_images_of_the_Taj_Mahal/0/pictures/Taj_Mahal_tm03.jpg
Taj_Mahal,113197,0,commons/South_side_of_the_Taj_Mahal/0/pictures/Taj_mahal_01.jpg
Taj_Mahal,113197,0,"commons/Black_and_white_images_of_the_Taj_Mahal/0/pictures/Taj_Mahal,_Agra,_Uttar_Pradesh_bnw-26.jpg"
Taj_Mahal,113197,0,commons/North_side_of_the_Taj_Mahal/0/pictures/Northern_Portal_with_Minarets_-_Taj_Mahal_-_Agra_2014-05-14_3886-3897_Compress.JPG
Taj_Mahal,113197,0,commons/Taj_Mahal_Complex_—_Tomb/0/pictures/Taj_Mahal_in_December_2016.jpg
Taj_Mahal,113197,0,"commons/West_side_of_the_Taj_Mahal/0/pictures/Taj_Mahal,_Agra_views_from_around_(63).JPG"
Taj_Mahal,113197,0,commons/South_side_of_the_Taj_Mahal_Tomb_with_the_pool/0/pictures/Taj-Mahal_CC0.jpg
Taj_Mahal,113197,0,commons/South_side_of_the_Taj_Mahal_Tomb_with_the_pool/0/pictures/Southern_View_of_Taj_Mahal_at_Sunset.JPG
Taj_Mahal,113197,0,"commons/Domes_of_the_Taj_Mahal_Mausoleum/0/pictures/Taj_Mahal,_Agra,_Uttar_Pradesh_hs-130.jpg"
Taj_Mahal,113197,0,commons/Taj_Mahal_Complex_—_Jawab/0/pictures/泰姬瑪哈陵352.jpg
Taj_Mahal,113197,0,commons/South_side_of_the_Taj_Mahal/0/pictures/Taj_Mahal_in_all_its_magnificience.JPG
Taj_Mahal,113197,0,commons/Black_and_white_images_of_the_Taj_Mahal/0/pictures/Taj_(1_of_1)-2.jpg
Taj_Mahal,113197,0,commons/Taj_Mahal_Complex_—_Gardens/0/pictures/Taj_Mahal_2018-01-02zc.jpg
Taj_Mahal,113197,0,commons/South_side_of_the_Taj_Mahal/0/pictures/Taj_Mahal_landscape_(3538656435).jpg
Taj_Mahal,113197,0,commons/Black_and_white_images_of_the_Taj_Mahal/0/pictures/Taj_Mahal_Black_And_White_(6619697153).jpg
Taj_Mahal,113197,0,commons/Taj_Mahal_Complex_—_Gardens/0/pictures/Taj_Mahal_2018-01-02t.jpg
Taj_Mahal,113197,0,"commons/West_side_of_the_Taj_Mahal/0/pictures/Taj_Mahal_amidst_clear_and_blue_sky,_Agra.jpg"
Taj_Mahal,113197,0,commons/South_side_of_the_Taj_Mahal_Tomb_with_the_pool/0/pictures/Taj_mahal_p22.jpg
Taj_Mahal,113197,0,commons/South_side_of_the_Taj_Mahal_Tomb_with_the_pool/0/pictures/Mumtaj_Taj.jpg
Taj_Mahal,113197,0,commons/Domes_of_the_Taj_Mahal_Mausoleum/0/pictures/Taj_Mahal_18.jpg
Taj_Mahal,113197,0,"commons/Taj_Mahal_Complex_—_Jawab/0/pictures/The_Jawab_""Taj_Mahal_guest_house"".jpg"
Taj_Mahal,113197,0,commons/West_side_of_the_Taj_Mahal/0/pictures/Taj_Mahal_(4).jpg
Taj_Mahal,113197,0,commons/South_side_of_the_Taj_Mahal/0/pictures/Taj_Mahal_in_Agra.jpg
Taj_Mahal,113197,0,commons/Black_and_white_images_of_the_Taj_Mahal/0/pictures/Taj_(1_of_1)-25.jpg
Taj_Mahal,113197,0,commons/Taj_Mahal_Complex_—_Gardens/0/pictures/Taj_KM_10.jpg
Taj_Mahal,113197,0,commons/South_side_of_the_Taj_Mahal/0/pictures/Taj_Mahal_in_Fog.jpg
Taj_Mahal,113197,0,commons/Black_and_white_images_of_the_Taj_Mahal/0/pictures/LR4-Eport-7348.jpg
Taj_Mahal,113197,0,"commons/Taj_Mahal_Complex_—_Gardens/0/pictures/Taj_Mahal_,symbol_of_love_and_brotherhood.jpg"
Taj_Mahal,113197,0,commons/South_side_of_the_Taj_Mahal/0/pictures/Taj_Mahal_at_its_best.jpg
Taj_Mahal,113197,0,commons/Black_and_white_images_of_the_Taj_Mahal/0/pictures/Symbol_of_eternal_love.jpg
Taj_Mahal,113197,0,commons/Taj_Mahal_Complex_—_Gardens/0/pictures/Taj_Mahal_2018-01-02s.jpg
Taj_Mahal,113197,0,commons/Domes_of_the_Taj_Mahal_Mausoleum/0/pictures/Agra10.JPG
Taj_Mahal,113197,0,commons/South_side_of_the_Taj_Mahal/0/pictures/Taj_Mahal_during_rainy_season.jpg
Taj_Mahal,113197,0,commons/Black_and_white_images_of_the_Taj_Mahal/0/pictures/Monochrome_taj.png
Taj_Mahal,113197,0,commons/South_side_of_the_Taj_Mahal/0/pictures/Taj_Mahal_front_01.jpg
Taj_Mahal,113197,0,"commons/Black_and_white_images_of_the_Taj_Mahal/0/pictures/Bundesarchiv_B_145_Bild-F014487-0006,_Indien,_Staatsbesuch_Bundespräsident_Lübke.jpg"
Taj_Mahal,113197,0,commons/Taj_Mahal_Complex_—_Gardens/0/pictures/Taj_Mahal_(22828343767).jpg
Taj_Mahal,113197,0,commons/South_side_of_the_Taj_Mahal/0/pictures/Taj_Mahal_and_grounds.jpg
Taj_Mahal,113197,0,commons/Black_and_white_images_of_the_Taj_Mahal/0/pictures/Taj_(1_of_1)-19.jpg
Taj_Mahal,113197,0,commons/Taj_Mahal_Complex_—_Gardens/0/pictures/Taj_Mahal_-_The_Treasure.jpg
Taj_Mahal,113197,0,commons/South_side_of_the_Taj_Mahal/0/pictures/Taj_Mahal_and_grounds_wikijib-27.jpg
Taj_Mahal,113197,0,commons/Black_and_white_images_of_the_Taj_Mahal/0/pictures/Chat_at_Taj.jpg
Taj_Mahal,113197,0,commons/Taj_Mahal_Complex_—_Gardens/0/pictures/Taj_Mahal_(22594312593).jpg
Taj_Mahal,113197,0,commons/Historical_images_of_the_exterior_of_the_Taj_Mahal/0/pictures/The_Taj_Mahal_and_its_reflection_in_the_long_pool_Wellcome_V0037717.jpg
Taj_Mahal,113197,0,commons/Taj_Mahal_Complex_—_Tomb/0/pictures/Taj_Mahal_9877.jpg
Taj_Mahal,113197,0,"commons/South_side_of_the_Taj_Mahal/0/pictures/Taj_Mahal_and_grounds_including_the_Masjid_on_the_west_side,_the_pavilions_on_the_east_and_west_sides_of_the_grounds;_great_south_entrance_gateway_and_great_courtyard_surrounded_by_cloisters..jpg"
Taj_Mahal,113197,0,commons/Black_and_white_images_of_the_Taj_Mahal/0/pictures/Aasil_Atif_Khan_-_Glory_of_the_Taj_Mahal_in_Agra_India.JPG
Taj_Mahal,113197,0,commons/Taj_Mahal_Complex_—_Gardens/0/pictures/Taj_Mahal_(22593938713).jpg
Taj_Mahal,113197,0,commons/South_side_of_the_Taj_Mahal/0/pictures/Taj_Mahal_and_grounds_11.jpg
Taj_Mahal,113197,0,commons/Black_and_white_images_of_the_Taj_Mahal/0/pictures/AKS06815.jpg
Taj_Mahal,113197,0,commons/Taj_Mahal_Complex_—_Gardens/0/pictures/Taj_Mahal_(22593917734).jpg
Taj_Mahal,113197,0,commons/South_side_of_the_Taj_Mahal/0/pictures/Taj_Mahal_and_grounds_05.jpg
Taj_Mahal,113197,0,commons/Black_and_white_images_of_the_Taj_Mahal/0/pictures/Chat_at_tajmahal01_6X4.jpg
Taj_Mahal,113197,0,commons/Taj_Mahal_Complex_—_Gardens/0/pictures/Taj_Mahal_00011.jpg
Taj_Mahal,113197,0,commons/South_side_of_the_Taj_Mahal/0/pictures/Taj_Mahal_front_02.jpg
Taj_Mahal,113197,0,commons/Black_and_white_images_of_the_Taj_Mahal/0/pictures/Black_and_white_Taj.jpg
Taj_Mahal,113197,0,commons/Taj_Mahal_Complex_—_Gardens/0/pictures/Taj_Mahal_(23196345086).jpg
Taj_Mahal,113197,0,commons/Water_reflections_at_the_Taj_Mahal/0/pictures/TajMahal-Palace-Delhi.jpg
Taj_Mahal,113197,0,commons/Historical_images_of_the_exterior_of_the_Taj_Mahal/0/pictures/The_Taj_Mahal_set_among_trees_and_gardens_Wellcome_V0037713.jpg
Taj_Mahal,113197,0,commons/Taj_Mahal_Complex_—_Tomb/0/pictures/Taj_Mahal_9927.jpg
Taj_Mahal,113197,0,commons/South_side_of_the_Taj_Mahal/0/pictures/Taj_Mahal_-_South_Facade_-_Agra_2014-05-14_3966-3968_Compress.JPG
Taj_Mahal,113197,0,commons/Animals_at_the_Taj_Mahal/0/pictures/TAJ_AND_COW.jpg
Taj_Mahal,113197,0,commons/Taj_Mahal_Complex_—_Gardens/0/pictures/Cemetery_look_of_Taj_from_entrance.jpg
Taj_Mahal,113197,0,commons/South_side_of_the_Taj_Mahal/0/pictures/Taj_Mahal_by_Rohan_Gupta.jpg
Taj_Mahal,113197,0,commons/Black_and_white_images_of_the_Taj_Mahal/0/pictures/A_Tale_of_Love.jpg
Taj_Mahal,113197,0,commons/South_side_of_the_Taj_Mahal/0/pictures/Taj_Mahal_and_grounds_07.jpg
Taj_Mahal,113197,0,commons/Architectural_elements_in_the_Taj_Mahal/0/pictures/Window_inside_Taj.jpg
Taj_Mahal,113197,0,"commons/Taj_Mahal_Complex_—_Gardens/0/pictures/TAJ_MAHAL_,_AGRA.jpg"
Taj_Mahal,113197,0,commons/South_side_of_the_Taj_Mahal/0/pictures/Taj_Mahal_agra_20.JPG
Taj_Mahal,113197,0,commons/Architectural_elements_in_the_Taj_Mahal/0/pictures/Walls_of_Taj_Mahal.jpg
Taj_Mahal,113197,0,commons/Taj_Mahal_Complex_—_Gardens/0/pictures/Taj_Behind_the_Tree.JPG
Taj_Mahal,113197,0,commons/South_side_of_the_Taj_Mahal_Tomb_with_the_pool/0/pictures/Marblic_pleasure.jpg
Taj_Mahal,113197,0,commons/Domes_of_the_Taj_Mahal_Mausoleum/0/pictures/Poetry_in_marble_01.jpg
Taj_Mahal,113197,0,commons/Taj_Mahal_Complex_—_Jawab/0/pictures/TajMahal_Tomb.jpg
Taj_Mahal,113197,0,commons/West_side_of_the_Taj_Mahal/0/pictures/Taj_Mahal_Agra_India_(2).JPG
Taj_Mahal,113197,0,commons/South_side_of_the_Taj_Mahal_Tomb_with_the_pool/0/pictures/Taj_mahal_p19.jpg
Taj_Mahal,113197,0,commons/South_side_of_the_Taj_Mahal_Tomb_with_the_pool/0/pictures/Itimad-ud-Daula’s_Tomb_2012-09-07_01-07-06.jpg
Taj_Mahal,113197,0,commons/Domes_of_the_Taj_Mahal_Mausoleum/0/pictures/Central_Dome_-_Southern_View_-_Taj_Mahal_-_Agra_2014-05-14_3794.JPG
Taj_Mahal,113197,0,commons/Taj_Mahal_Complex_—_Jawab/0/pictures/Taj_maha_-_Assembly_halll_p14.jpg
Taj_Mahal,113197,0,commons/West_side_of_the_Taj_Mahal/0/pictures/Sideview.jpg
Taj_Mahal,113197,0,commons/South_side_of_the_Taj_Mahal_Tomb_with_the_pool/0/pictures/Taj_mahal_agra_2k17.jpg
Taj_Mahal,113197,0,commons/West_side_of_the_Taj_Mahal/0/pictures/Taj_Mahal_après_l'orage.jpg
Taj_Mahal,113197,0,"commons/South_side_of_the_Taj_Mahal_Tomb_with_the_pool/0/pictures/Photo1648,_Taj.jpg"
Taj_Mahal,113197,0,commons/Domes_of_the_Taj_Mahal_Mausoleum/0/pictures/Taj_Mahal_Tomb_Zoom.JPG
Taj_Mahal,113197,0,commons/Taj_Mahal_Complex_—_Jawab/0/pictures/Tajmahal_t011.jpg
Taj_Mahal,113197,0,commons/South_side_of_the_Taj_Mahal/0/pictures/Taj_Mahal7.ae.jpg
Taj_Mahal,113197,0,"commons/Black_and_white_images_of_the_Taj_Mahal/0/pictures/Taj_Mahal,_Agra,_Uttar_Pradesh_bnw-22.jpg"
Taj_Mahal,113197,0,"commons/Water_reflections_at_the_Taj_Mahal/0/pictures/Dharmapuri,_Forest_Colony,_Tajganj,_Agra,_Uttar_Pradesh,_India_-_panoramio_(8).jpg"
Taj_Mahal,113197,0,commons/South_side_of_the_Taj_Mahal_Tomb_with_the_pool/0/pictures/Taj_Mahal_with_water.JPG
Taj_Mahal,113197,0,commons/South_side_of_the_Taj_Mahal/0/pictures/Taj_Mahal_Agra_DSC_0373.jpg
Taj_Mahal,113197,0,commons/Architectural_elements_in_the_Taj_Mahal/0/pictures/Inset_(5580839655).jpg
Taj_Mahal,113197,0,commons/Taj_Mahal_Complex_—_Gardens/0/pictures/India-6117_-_Taj_Mahal_-_Flickr_-_archer10_(Dennis).jpg
Taj_Mahal,113197,0,commons/Water_reflections_at_the_Taj_Mahal/0/pictures/Lascar_Taj_Mahal_(4498302958).jpg
Taj_Mahal,113197,0,"commons/South_side_of_the_Taj_Mahal_Tomb_with_the_pool/0/pictures/Taj_Mahal,_Agra,_India.jpg"
Taj_Mahal,113197,0,"commons/Historical_images_of_the_exterior_of_the_Taj_Mahal/0/pictures/Gezicht_op_de_achterzijde_van_de_Taj_Mahal_in_Agra_Agra-Taj-Mahal_back_view_(titel_op_object),_RP-F-F02434.jpg"
Taj_Mahal,113197,0,commons/South_side_of_the_Taj_Mahal/0/pictures/Taj_Mahal_with_Taj_Mosque_-_Agra_2014-05-14_3797-3799_Compress.JPG
Taj_Mahal,113197,0,commons/Black_and_white_images_of_the_Taj_Mahal/0/pictures/Taj_Mahal_through_the_entrance.jpg
Taj_Mahal,113197,0,commons/Interior_decoration_of_the_Taj_Mahal/0/pictures/Taj_Mahal_Agra_India_(6).JPG
Taj_Mahal,113197,0,commons/Taj_Mahal_Complex_—_Tomb/0/pictures/Taj_Mahal_DSC_2642.jpg
Taj_Mahal,113197,0,"commons/Domes_of_the_Taj_Mahal_Mausoleum/0/pictures/Agra,_Taj_Mahal_(2002)_22.jpg"
Taj_Mahal,113197,0,"commons/Taj_Mahal_Complex_—_Jawab/0/pictures/Taj_Mahal,_Agra,_Uttar_Pradesh_s-8.jpg"
Taj_Mahal,113197,0,commons/South_side_of_the_Taj_Mahal/0/pictures/Taj_Mahal_2018-01-02zzd.jpg
Taj_Mahal,113197,0,commons/Taj_Mahal_minarets/0/pictures/TAJMAHALMMM.jpg
Taj_Mahal,113197,0,commons/Architectural_elements_in_the_Taj_Mahal/0/pictures/As_seen_through_one_of_the_carving_windows_of_the_Taj_Mahal.jpg
Taj_Mahal,113197,0,"commons/South_side_of_the_Taj_Mahal/0/pictures/Taj_Mahal,_Agra_views_from_around_(25).JPG"
Taj_Mahal,113197,0,commons/Black_and_white_images_of_the_Taj_Mahal/0/pictures/Taj_Mahal_tm24.jpg
Taj_Mahal,113197,0,commons/Taj_Mahal_Complex_—_Gardens/0/pictures/Taj_Mahal_Front_Entrance.jpg
Taj_Mahal,113197,0,commons/South_side_of_the_Taj_Mahal_Tomb_with_the_pool/0/pictures/India_2015-159_(16957535807).jpg
Taj_Mahal,113197,0,"commons/Details_of_the_Southern_Gate_(Taj_Mahal)/0/pictures/Taj_Mahal,_Agra_08.jpg"
Taj_Mahal,113197,0,"commons/Taj_Mahal_Complex_—_Jawab/0/pictures/Taj_Mahal,_Agra,_Uttar_Pradesh_hs-75.jpg"
Taj_Mahal,113197,0,commons/Panoramics_of_the_Taj_Mahal/0/pictures/Panoramic_view_of_Taj_Mahal.JPG
Taj_Mahal,113197,0,"commons/Taj_Mahal_Complex_—_Tomb/0/pictures/Taj_Mahal,_Agra,_Uttar_Pradesh_hs-98.jpg"
Taj_Mahal,113197,0,commons/West_side_of_the_Taj_Mahal/0/pictures/Love_Surrounded_by_Dark_and_Dusty_Beasts..JPG
Taj_Mahal,113197,0,commons/Details_of_the_Southern_Gate_(Taj_Mahal)/0/pictures/The_entrance_to_Taj.jpg
Taj_Mahal,113197,0,"commons/Taj_Mahal_Complex_—_Jawab/0/pictures/Taj_Mahal,_Agra,_Uttar_Pradesh_s-88.jpg"
Taj_Mahal,113197,0,"commons/South_side_of_the_Taj_Mahal/0/pictures/Taj_Mahal,_July_2011.jpg"
Taj_Mahal,113197,0,"commons/Black_and_white_images_of_the_Taj_Mahal/0/pictures/Taj_Mahal,_Agra,_Uttar_Pradesh_bnw-119.jpg"
Taj_Mahal,113197,0,commons/Taj_Mahal_Complex_—_Gardens/0/pictures/Taj_Mahal_in_Midnight_with_City_Lights_illuminating_the_background.jpg
Taj_Mahal,113197,0,commons/Views_of_the_Taj_Mahal_Mausoleum_from_the_Mosque/0/pictures/Banke_bihari_(350).JPG
Taj_Mahal,113197,0,commons/South_side_of_the_Taj_Mahal_Tomb_with_the_pool/0/pictures/Taj_Mahal_August_2014.jpg
Taj_Mahal,113197,0,commons/South_side_of_the_Taj_Mahal/0/pictures/Taj_Mahal_agra_07.JPG
Taj_Mahal,113197,0,commons/Architectural_elements_in_the_Taj_Mahal/0/pictures/Taj_mahal_wall_carving_beauty.jpg
Taj_Mahal,113197,0,commons/Taj_Mahal_Complex_—_Gardens/0/pictures/THE_VIEW_OF_TAJ.JPG
Taj_Mahal,113197,0,commons/South_side_of_the_Taj_Mahal/0/pictures/Taj_Mahal_m7.jpg
Taj_Mahal,113197,0,commons/Black_and_white_images_of_the_Taj_Mahal/0/pictures/Taj_Mahal_Black_and_White.jpg
Taj_Mahal,113197,0,commons/Taj_Mahal_Complex_—_Gardens/0/pictures/Taj_KM_23.jpg
Taj_Mahal,113197,0,commons/South_side_of_the_Taj_Mahal_Tomb_with_the_pool/0/pictures/Getting_closer_to_taj.jpg
Taj_Mahal,113197,0,"commons/Details_of_the_Southern_Gate_(Taj_Mahal)/0/pictures/Taj_Mahal,_Agra_09.jpg"
Taj_Mahal,113197,0,"commons/Taj_Mahal_Complex_—_Jawab/0/pictures/Taj_Mahal,_Agra_68.jpg"
Taj_Mahal,113197,0,commons/South_side_of_the_Taj_Mahal/0/pictures/Taj_Mahal_-_South_Facade_-_Agra_2014-05-14_3767.JPG
Taj_Mahal,113197,0,commons/Taj_Mahal_minarets/0/pictures/SA15.jpg
Taj_Mahal,113197,0,commons/Animals_at_the_Taj_Mahal/0/pictures/India_Taj_Mahal_(03).jpg
Taj_Mahal,113197,0,commons/South_side_of_the_Taj_Mahal/0/pictures/Taj_Mahal_with_grounds.JPG
Taj_Mahal,113197,0,commons/Black_and_white_images_of_the_Taj_Mahal/0/pictures/Taj_Mahal_tm01.jpg
Taj_Mahal,113197,0,commons/Taj_Mahal_Complex_—_Gardens/0/pictures/Taj_Mahal_2012.jpg
Taj_Mahal,113197,0,commons/Pietre_dure_on_the_Taj_Mahal/0/pictures/Taj_Inlay_01_(2291136446).jpg
Taj_Mahal,113197,0,"commons/Taj_Mahal_Complex_—_Tomb/0/pictures/Taj_Mahal._Agra,_India_(22954071464).jpg"
Taj_Mahal,113197,0,commons/South_side_of_the_Taj_Mahal/0/pictures/Taj_Mahal_inside_view_05.JPG
Taj_Mahal,113197,0,commons/Black_and_white_images_of_the_Taj_Mahal/0/pictures/Taj_Mahal_06.jpg
Taj_Mahal,113197,0,commons/Taj_Mahal_Complex_—_Gardens/0/pictures/Taj_Mahal_33_(Friar's_Balsam_Flickr).jpg
Taj_Mahal,113197,0,commons/South_side_of_the_Taj_Mahal/0/pictures/Taj_from_the_side.jpg
Taj_Mahal,113197,0,"commons/Black_and_white_images_of_the_Taj_Mahal/0/pictures/Taj_Mahal,_Agra,_Uttar_Pradesh_bnw-24.jpg"
Taj_Mahal,113197,0,"commons/West_side_of_the_Taj_Mahal/0/pictures/Taj_Mahal,_Agra_views_from_around_(88).JPG"
Taj_Mahal,113197,0,commons/South_side_of_the_Taj_Mahal_Tomb_with_the_pool/0/pictures/Taj_reflection_04.jpg
Taj_Mahal,113197,0,commons/South_side_of_the_Taj_Mahal_Tomb_with_the_pool/0/pictures/Sagar_art_2018_tajmahal2.jpg
Taj_Mahal,113197,0,"commons/Domes_of_the_Taj_Mahal_Mausoleum/0/pictures/Taj_Mahal,_Agra_36.jpg"
Taj_Mahal,113197,0,commons/Taj_Mahal_Complex_—_Jawab/0/pictures/The_Taj_Mahal_ag07.jpg
Taj_Mahal,113197,0,commons/South_side_of_the_Taj_Mahal/0/pictures/Taj_Mahal_06.jpg
Taj_Mahal,113197,0,commons/Taj_Mahal_minarets/0/pictures/TAJ_MAHAL3.jpg
Taj_Mahal,113197,0,"commons/Architectural_elements_in_the_Taj_Mahal/0/pictures/Agra,_Taj_Mahal_(2002)_26.jpg"
Taj_Mahal,113197,0,commons/South_side_of_the_Taj_Mahal/0/pictures/Taj_Mahal_in_Cool_Weather.jpg
Taj_Mahal,113197,0,commons/Black_and_white_images_of_the_Taj_Mahal/0/pictures/Taj_(1_of_1)-21.jpg
Taj_Mahal,113197,0,commons/Taj_Mahal_Complex_—_Gardens/0/pictures/Taj_Mahal_(4a).jpg
Taj_Mahal,113197,0,commons/South_side_of_the_Taj_Mahal_Tomb_with_the_pool/0/pictures/India-6099_-_Taj_Mahal_-_Flickr_-_archer10_(Dennis).jpg
Taj_Mahal,113197,0,"commons/Details_of_the_Southern_Gate_(Taj_Mahal)/0/pictures/Taj_Mahal,_Agra,_Uttar_Pradesh_vi-14.jpg"
Taj_Mahal,113197,0,"commons/Taj_Mahal_Complex_—_Jawab/0/pictures/Taj_Mahal,_Agra,_Uttar_Pradesh_s-77.jpg"
Taj_Mahal,113197,0,commons/West_side_of_the_Taj_Mahal/0/pictures/Banke_bihari_(336).JPG
Taj_Mahal,113197,0,commons/South_side_of_the_Taj_Mahal_Tomb_with_the_pool/0/pictures/Taj_at_agra.jpg
Taj_Mahal,113197,0,commons/South_side_of_the_Taj_Mahal/0/pictures/Taj_Mahal_-_The_place_of_History.jpg
Taj_Mahal,113197,0,commons/Taj_Mahal_minarets/0/pictures/Sunset_at_the_Taj_(5850313720).jpg
Taj_Mahal,113197,0,commons/Animals_at_the_Taj_Mahal/0/pictures/The_Tajmahal_on_a_cloudy_day.jpg
Taj_Mahal,113197,0,commons/South_side_of_the_Taj_Mahal_Tomb_with_the_pool/0/pictures/Monument_of_❤️.jpg
Taj_Mahal,113197,0,commons/Domes_of_the_Taj_Mahal_Mausoleum/0/pictures/TAj_mahal_given_mud_pack_treatment.JPG
Taj_Mahal,113197,0,commons/Taj_Mahal_Complex_—_Jawab/0/pictures/Tajmahalgroundbuilding.jpg
Taj_Mahal,113197,0,commons/West_side_of_the_Taj_Mahal/0/pictures/Taj_Mahal_Tomb_at_sunrise.JPG
Taj_Mahal,113197,0,commons/South_side_of_the_Taj_Mahal_Tomb_with_the_pool/0/pictures/Taj_mahal_p21.jpg
Taj_Mahal,113197,0,commons/Remote_views_of_the_Taj_Mahal/0/pictures/Chat_at_tajmahal01_6X4.jpg
Taj_Mahal,113197,0,commons/Taj_Mahal_Complex_—_Tomb/0/pictures/TajMahal_Agra2.JPG
Taj_Mahal,113197,0,"commons/South_side_of_the_Taj_Mahal/0/pictures/Taj_Mahal,_Agra,_Uttar_Pradesh_hs-33.jpg"
Taj_Mahal,113197,0,"commons/Black_and_white_images_of_the_Taj_Mahal/0/pictures/Taj_Mahal,_Agra,_Uttar_Pradesh_bnw-10.jpg"
Taj_Mahal,113197,0,commons/Taj_Mahal_Complex_—_Gardens/0/pictures/Taj_Mahal_Reflection.JPG
Taj_Mahal,113197,0,commons/West_side_of_the_Taj_Mahal/0/pictures/Taj_Mahal_at_6am.jpg
Taj_Mahal,113197,0,"commons/South_side_of_the_Taj_Mahal_Tomb_with_the_pool/0/pictures/Taj_mahal,_Agra,_India._5_am.jpg"
Taj_Mahal,113197,0,commons/South_side_of_the_Taj_Mahal_Tomb_with_the_pool/0/pictures/MyTaj.jpg
Taj_Mahal,113197,0,commons/Domes_of_the_Taj_Mahal_Mausoleum/0/pictures/Taj_Mahal_Agra_DSC_0410.jpg
Taj_Mahal,113197,0,commons/Taj_Mahal_Complex_—_Jawab/0/pictures/Tajmahal_t002.jpg
Taj_Mahal,113197,0,commons/South_side_of_the_Taj_Mahal/0/pictures/Taj_Mahal123.JPG
Taj_Mahal,113197,0,"commons/Black_and_white_images_of_the_Taj_Mahal/0/pictures/Taj_Mahal,_Agra,_Uttar_Pradesh_bnw-2.jpg"
Taj_Mahal,113197,0,commons/Taj_Mahal_Complex_—_Gardens/0/pictures/Taj_Mahal_with_Garden_-_Agra_2014-05-14_3975-3985_Compress.JPG
Taj_Mahal,113197,0,commons/South_side_of_the_Taj_Mahal/0/pictures/Taj_Mahal_Agra_INDIA_-_panoramio.jpg
Taj_Mahal,113197,0,commons/Architectural_elements_in_the_Taj_Mahal/0/pictures/Taj_Mahal_06_(Friar's_Balsam_Flickr).jpg
Taj_Mahal,113197,0,commons/Taj_Mahal_Complex_—_Gardens/0/pictures/TAJMAHAL_MY_VIEW.jpg
Taj_Mahal,113197,0,commons/South_side_of_the_Taj_Mahal/0/pictures/Taj_Mahal_by_Shahjahan.jpg
Taj_Mahal,113197,0,commons/Black_and_white_images_of_the_Taj_Mahal/0/pictures/Taj_(1_of_1)-23.jpg
Taj_Mahal,113197,0,commons/Taj_Mahal_Complex_—_Gardens/0/pictures/Taj_Mahal_2018-01-02x.jpg
Taj_Mahal,113197,0,commons/Water_reflections_at_the_Taj_Mahal/0/pictures/Taj_Mahal_agra_17.JPG
Taj_Mahal,113197,0,"commons/South_side_of_the_Taj_Mahal_Tomb_with_the_pool/0/pictures/Taj_Mahal,_Agra,_Uttar_Pradesh_s-22.jpg"
Taj_Mahal,113197,0,commons/South_side_of_the_Taj_Mahal/0/pictures/Taj_Mahal_view.jpg
Taj_Mahal,113197,0,commons/Black_and_white_images_of_the_Taj_Mahal/0/pictures/Taj_Mahal_Complex_mosque_(1_of_1).jpg
Taj_Mahal,113197,0,commons/Taj_Mahal_Complex_—_Gardens/0/pictures/Taj_Mahal_16.jpg
Taj_Mahal,113197,0,commons/South_side_of_the_Taj_Mahal_Tomb_with_the_pool/0/pictures/India-6115_-_Flickr_-_archer10_(Dennis).jpg
Taj_Mahal,113197,0,commons/Details_of_the_Southern_Gate_(Taj_Mahal)/0/pictures/Taj_Sujoy1.JPG
Taj_Mahal,113197,0,"commons/Taj_Mahal_Complex_—_Jawab/0/pictures/Taj_Mahal,_Agra,_Uttar_Pradesh_hs-88.jpg"
Taj_Mahal,113197,0,"commons/South_side_of_the_Taj_Mahal/0/pictures/Taj_Mahal,_Agra_23.jpg"
Taj_Mahal,113197,0,commons/Black_and_white_images_of_the_Taj_Mahal/0/pictures/Taj_Mahal_tm19.jpg
Taj_Mahal,113197,0,commons/South_side_of_the_Taj_Mahal/0/pictures/Taj_Mahal_Agra_DSC_0393.jpg
Taj_Mahal,113197,0,commons/Architectural_elements_in_the_Taj_Mahal/0/pictures/Front_of_Tajmahal_-_panoramio.jpg
Taj_Mahal,113197,0,commons/Taj_Mahal_Complex_—_Gardens/0/pictures/N-UP-A28-c.jpg
Taj_Mahal,113197,0,commons/Water_reflections_at_the_Taj_Mahal/0/pictures/El_Taj_Mahal-Agra_India0028.JPG
Taj_Mahal,113197,0,"commons/South_side_of_the_Taj_Mahal_Tomb_with_the_pool/0/pictures/Taj_Mahal,_Agra_views_from_around_(8).JPG"
Taj_Mahal,113197,0,"commons/Historical_images_of_the_exterior_of_the_Taj_Mahal/0/pictures/Gezicht_op_de_Taj_Mahal_in_Agra_Agra-Taj-Mahal_front_view_(titel_op_object),_RP-F-F02432.jpg"
Taj_Mahal,113197,0,commons/Taj_Mahal_Complex_—_Tomb/0/pictures/Taj_Mahal_00011.jpg
Taj_Mahal,113197,0,"commons/South_side_of_the_Taj_Mahal/0/pictures/Taj_Mahal,_Agra_-_Visit_During_WCI_2016_(21).jpg"
Taj_Mahal,113197,0,commons/Black_and_white_images_of_the_Taj_Mahal/0/pictures/Taj_Mahal_tm05.jpg
Taj_Mahal,113197,0,commons/Taj_Mahal_Complex_—_Gardens/0/pictures/Taj_Mahal_341.jpg
Taj_Mahal,113197,0,commons/South_side_of_the_Taj_Mahal/0/pictures/Taj_Mahal_with_Garden_-_Agra_2014-05-14_3956-3959_Compress.JPG
Taj_Mahal,113197,0,commons/Black_and_white_images_of_the_Taj_Mahal/0/pictures/Taj_Mahal_in_Taj_Mahotsav.jpg
Taj_Mahal,113197,0,commons/Taj_Mahal_Complex_—_Gardens/0/pictures/Taj_Mahal_3.jpg
Taj_Mahal,113197,0,commons/South_side_of_the_Taj_Mahal/0/pictures/Taj_Mahal_garden_view.JPG
Taj_Mahal,113197,0,commons/Black_and_white_images_of_the_Taj_Mahal/0/pictures/Taj_Area.jpg
Taj_Mahal,113197,0,commons/Taj_Mahal_Complex_—_Gardens/0/pictures/Taj_Mahal_2001.jpg
Taj_Mahal,113197,0,"commons/Black_and_white_images_of_the_Taj_Mahal/0/pictures/Taj_Mahal,_Agra,_Uttar_Pradesh_bnw-19.jpg"
Taj_Mahal,113197,0,"commons/Taj_Mahal_Complex_—_Gardens/0/pictures/Taj_Mahal,_Agra,_Uttar_Pradesh,_Different_view.jpg"
Taj_Mahal,113197,0,commons/West_side_of_the_Taj_Mahal/0/pictures/Taj_Mahal_with_different_backdrop.JPG
Taj_Mahal,113197,0,commons/South_side_of_the_Taj_Mahal_Tomb_with_the_pool/0/pictures/Taj_mahal.jpeg
Taj_Mahal,113197,0,"commons/South_side_of_the_Taj_Mahal_Tomb_with_the_pool/0/pictures/Reflection_of_the_great_Taj_Mahal,_Agra.jpg"
Taj_Mahal,113197,0,"commons/Domes_of_the_Taj_Mahal_Mausoleum/0/pictures/Taj_Mahal,_Agra_122.jpg"
Taj_Mahal,113197,0,commons/South_side_of_the_Taj_Mahal_Tomb_with_the_pool/0/pictures/India-6207_-_Flickr_-_archer10_(Dennis).jpg
Taj_Mahal,113197,0,commons/Details_of_the_Southern_Gate_(Taj_Mahal)/0/pictures/The_Masjid-i_Jahān-Numā.jpg
Taj_Mahal,113197,0,"commons/Taj_Mahal_Complex_—_Jawab/0/pictures/Taj_Mahal,_Agra,_Uttar_Pradesh_s-79.jpg"
Taj_Mahal,113197,0,commons/Views_of_the_Taj_Mahal_Mausoleum_from_the_Mosque/0/pictures/Taj_Mahal_view_5.jpg
Taj_Mahal,113197,0,commons/South_side_of_the_Taj_Mahal_Tomb_with_the_pool/0/pictures/Taj_Mahal_from_front.jpg
Taj_Mahal,113197,0,commons/South_side_of_the_Taj_Mahal_Tomb_with_the_pool/0/pictures/India-6124_-_Flickr_-_archer10_(Dennis).jpg
Taj_Mahal,113197,0,commons/Details_of_the_Southern_Gate_(Taj_Mahal)/0/pictures/Taj_Mahal_gate-3.jpg
Taj_Mahal,113197,0,"commons/Taj_Mahal_Complex_—_Jawab/0/pictures/Taj_Mahal,_Agra,_Uttar_Pradesh_s-97.jpg"
Taj_Mahal,113197,0,"commons/Black_and_white_images_of_the_Taj_Mahal/0/pictures/Taj_Mahal,_Agra,_Uttar_Pradesh_bnw-139.jpg"
Taj_Mahal,113197,0,"commons/Taj_Mahal_Complex_—_Gardens/0/pictures/Taj_Mahal,_Agra,_India_5.jpg"
Taj_Mahal,113197,0,commons/Night_views_of_the_Taj_Mahal/0/pictures/Taj_@_night.JPG
Taj_Mahal,113197,0,commons/Taj_Mahal_Complex_—_Tomb/0/pictures/Taj_Mahal_entrance_close_up_view.jpg
Taj_Mahal,113197,0,commons/South_side_of_the_Taj_Mahal/0/pictures/Taj_Mahal_By_KBS.JPG
Taj_Mahal,113197,0,commons/Architectural_elements_in_the_Taj_Mahal/0/pictures/Taj_Mahal_20_(Friar's_Balsam_Flickr).jpg
Taj_Mahal,113197,0,commons/Water_reflections_at_the_Taj_Mahal/0/pictures/Agra01.jpg
Taj_Mahal,113197,0,commons/South_side_of_the_Taj_Mahal_Tomb_with_the_pool/0/pictures/Taj_Mahal_with_Watercourse_-_South_Facade_-_Agra_2014-05-14_3969.JPG
Taj_Mahal,113197,0,commons/South_side_of_the_Taj_Mahal/0/pictures/Taj_Mahal_WONDER_OF_THE_WORLD.jpg
Taj_Mahal,113197,0,commons/Architectural_elements_in_the_Taj_Mahal/0/pictures/Tajmahal_main_building_Mausoleum_in_Agra_1.jpg
Taj_Mahal,113197,0,"commons/Taj_Mahal_Complex_—_Gardens/0/pictures/TAJ_MAHAL,AGRA.jpg"
Taj_Mahal,113197,0,commons/Historical_images_of_the_exterior_of_the_Taj_Mahal/0/pictures/Taj_1880.jpg
Taj_Mahal,113197,0,"commons/South_side_of_the_Taj_Mahal/0/pictures/Taj_Mahal,_Agra_views_from_around_(19).JPG"
Taj_Mahal,113197,0,commons/Black_and_white_images_of_the_Taj_Mahal/0/pictures/Taj_Mahal_tm29.jpg
Taj_Mahal,113197,0,commons/Views_of_the_Taj_Mahal_Mausoleum_from_the_Mosque/0/pictures/Taj_Mahal_view_30.jpg
Taj_Mahal,113197,0,commons/South_side_of_the_Taj_Mahal_Tomb_with_the_pool/0/pictures/Taj_Mahal_agra_10.JPG
Taj_Mahal,113197,0,commons/Panoramics_of_the_Taj_Mahal/0/pictures/Panoramic_View_of_TajMahal.jpg
Taj_Mahal,113197,0,"commons/Taj_Mahal_Complex_—_Tomb/0/pictures/Taj_Mahal,_Agra,_Uttar_Pradesh_hs-95.jpg"
Taj_Mahal,113197,0,commons/South_side_of_the_Taj_Mahal/0/pictures/Taj_Mahal_Agra_India_-_panoramio_(4).jpg
Taj_Mahal,113197,0,commons/Architectural_elements_in_the_Taj_Mahal/0/pictures/Inside_of_taj_mahal.jpg
Taj_Mahal,113197,0,commons/Taj_Mahal_Complex_—_Gardens/0/pictures/Monumental_white.jpg
Taj_Mahal,113197,0,commons/South_side_of_the_Taj_Mahal/0/pictures/Taj_Mahal-_the_tomb_of_love.jpg
Taj_Mahal,113197,0,"commons/Black_and_white_images_of_the_Taj_Mahal/0/pictures/Taj_Mahal,_Agra,_Uttar_Pradesh_bnw-135.jpg"
Taj_Mahal,113197,0,"commons/Taj_Mahal_Complex_—_Gardens/0/pictures/Taj_Mahal,_19_May_2012.jpg"
Taj_Mahal,113197,0,"commons/Windows_of_the_Taj_Mahal/0/pictures/Taj_Mahal,_Agra,_Uttar_Pradesh_hs-83.jpg"
Taj_Mahal,113197,0,commons/South_side_of_the_Taj_Mahal_Tomb_with_the_pool/0/pictures/That's_what_Picture_Perfect_means_(427948489).jpg
Taj_Mahal,113197,0,"commons/Night_views_of_the_Taj_Mahal/0/pictures/Agra,_Taj_Mahal_(2002)_46.jpg"
Taj_Mahal,113197,0,commons/Taj_Mahal_Complex_—_Tomb/0/pictures/Taj_Mahal_crop.png
Taj_Mahal,113197,0,commons/South_side_of_the_Taj_Mahal/0/pictures/Taj_Mahal_B&W.jpg
Taj_Mahal,113197,0,commons/Architectural_elements_in_the_Taj_Mahal/0/pictures/Southern_Portal_-_Taj_Mahal_-_Agra_2014-05-14_3793.JPG
Taj_Mahal,113197,0,"commons/South_side_of_the_Taj_Mahal/0/pictures/Taj_Mahal,_Agra,_India,_2009-12-03,_DD_0011.jpg"
Taj_Mahal,113197,0,commons/Black_and_white_images_of_the_Taj_Mahal/0/pictures/Taj_Mahal_tm31.jpg
Taj_Mahal,113197,0,commons/Taj_Mahal_Complex_—_Gardens/0/pictures/Taj_Mahal_an_overall_view.JPG
Taj_Mahal,113197,0,commons/Water_reflections_at_the_Taj_Mahal/0/pictures/Agra-Taj_Mahal-54-Suedseite-2018-gje.jpg
Taj_Mahal,113197,0,commons/South_side_of_the_Taj_Mahal_Tomb_with_the_pool/0/pictures/Taj_Mahal_with_Watercourse_-_South_Facade_-_Agra_2014-05-14_3792.JPG
Taj_Mahal,113197,0,commons/South_side_of_the_Taj_Mahal/0/pictures/Taj_Mahal_IMG_0471.jpg
Taj_Mahal,113197,0,commons/Architectural_elements_in_the_Taj_Mahal/0/pictures/Taj_mahal_near.jpg
Taj_Mahal,113197,0,commons/South_side_of_the_Taj_Mahal/0/pictures/Taj_Mahal_Front_Look.jpg
Taj_Mahal,113197,0,commons/Architectural_elements_in_the_Taj_Mahal/0/pictures/Taj_Mahal_-_Agra_-_Uttar_Pradesh_-_001.jpg
Taj_Mahal,113197,0,commons/South_side_of_the_Taj_Mahal/0/pictures/Taj_Mahal_agra_14.JPG
Taj_Mahal,113197,0,commons/Architectural_elements_in_the_Taj_Mahal/0/pictures/Taj_mahal_wall_arabic_writing.jpg
Taj_Mahal,113197,0,"commons/Taj_Mahal_Complex_—_Gardens/0/pictures/TAJ_MAHAL,.jpg"
Taj_Mahal,113197,0,commons/South_side_of_the_Taj_Mahal/0/pictures/Taj_Mahal_agra_11.JPG
Taj_Mahal,113197,0,commons/Architectural_elements_in_the_Taj_Mahal/0/pictures/Tajmahal_main_building_Mausoleum_in_Agra_3.jpg
Taj_Mahal,113197,0,commons/Taj_Mahal_Complex_—_Gardens/0/pictures/Taaj_Mahal.jpg
Taj_Mahal,113197,0,commons/Water_reflections_at_the_Taj_Mahal/0/pictures/Agra0596b.jpg
Taj_Mahal,113197,0,commons/South_side_of_the_Taj_Mahal_Tomb_with_the_pool/0/pictures/Taj_Mahal_تاج_محل.jpg
Taj_Mahal,113197,0,commons/Photographic_silhouettes_of_the_Taj_Mahal/0/pictures/Sunrise_on_Taj.jpg
Taj_Mahal,113197,0,"commons/Taj_Mahal_Complex_—_Tomb/0/pictures/Taj_Mahal,_Agra,_Uttar_Pradesh_s-92.jpg"
Taj_Mahal,113197,0,commons/South_side_of_the_Taj_Mahal/0/pictures/Taj_Mahal_a_side_view.jpg
Taj_Mahal,113197,0,commons/Architectural_elements_in_the_Taj_Mahal/0/pictures/Tajmahal_main_building_Mausoleum_in_Agra.jpg
Taj_Mahal,113197,0,commons/South_side_of_the_Taj_Mahal/0/pictures/Taj_Mahal_Vignette.JPG
Taj_Mahal,113197,0,commons/Architectural_elements_in_the_Taj_Mahal/0/pictures/Taj_003.jpg
Taj_Mahal,113197,0,commons/Taj_Mahal_Complex_—_Gardens/0/pictures/TAJ_MAHAL_full_view.JPG
Taj_Mahal,113197,0,commons/South_side_of_the_Taj_Mahal/0/pictures/Taj_Mahal_agra_04.JPG
Taj_Mahal,113197,0,commons/Architectural_elements_in_the_Taj_Mahal/0/pictures/Tajmahal_main_building_Mausoleum_in_Agra_5.jpg
Taj_Mahal,113197,0,commons/Taj_Mahal_Complex_—_Gardens/0/pictures/Taj_Mahal_&_it's_beauty.jpg
Taj_Mahal,113197,0,commons/Water_reflections_at_the_Taj_Mahal/0/pictures/Blacked_out_Taj.jpg
Taj_Mahal,113197,0,"commons/South_side_of_the_Taj_Mahal_Tomb_with_the_pool/0/pictures/Taj_Mahal,_Agra_119.jpg"
Taj_Mahal,113197,0,"commons/Water_reflections_at_the_Taj_Mahal/0/pictures/Agra,_Taj_Mahal_(6310480070).jpg"
Taj_Mahal,113197,0,commons/South_side_of_the_Taj_Mahal_Tomb_with_the_pool/0/pictures/Taj_Mahal_the_great_wonder.jpg
Taj_Mahal,113197,0,commons/Yamuna_River_at_the_Taj_Mahal/0/pictures/泰姬瑪哈陵368.jpg
Taj_Mahal,113197,0,commons/Southern_gate_of_the_Taj_Mahal_compound/0/pictures/Monuments_(130).jpg
Taj_Mahal,113197,0,commons/Photographic_silhouettes_of_the_Taj_Mahal/0/pictures/Taj_Mahal_mosque_1.jpg
Taj_Mahal,113197,0,"commons/Taj_Mahal_Complex_—_Tomb/0/pictures/Taj_Mahal,_Agra,_Uttar_Pradesh_s-94.jpg"
Taj_Mahal,113197,0,commons/South_side_of_the_Taj_Mahal/0/pictures/Taj_Mahal_New_Click.jpg
Taj_Mahal,113197,0,commons/Architectural_elements_in_the_Taj_Mahal/0/pictures/Tajmahal_main_building_Mausoleum_in_Agra_6.jpg
Taj_Mahal,113197,0,commons/Taj_Mahal_Complex_—_Gardens/0/pictures/Taj_Maha.jpg
Taj_Mahal,113197,0,commons/South_side_of_the_Taj_Mahal/0/pictures/Taj_Mahal(only).JPG
Taj_Mahal,113197,0,commons/Black_and_white_images_of_the_Taj_Mahal/0/pictures/Taj_Mahal_tm04.jpg
Taj_Mahal,113197,0,"commons/South_side_of_the_Taj_Mahal/0/pictures/Taj_Mahal,_Agra_1.jpg"
Taj_Mahal,113197,0,commons/Black_and_white_images_of_the_Taj_Mahal/0/pictures/Taj_Mahal_tm07.jpg
Taj_Mahal,113197,0,commons/Taj_Mahal_Complex_—_Gardens/0/pictures/Taj_Mahal_342.jpg
Taj_Mahal,113197,0,"commons/South_side_of_the_Taj_Mahal/0/pictures/Taj_Mahal,_Agra_12.jpg"
Taj_Mahal,113197,0,commons/Black_and_white_images_of_the_Taj_Mahal/0/pictures/Taj_Mahal_tm10.jpg
Taj_Mahal,113197,0,commons/Taj_Mahal_Complex_—_Gardens/0/pictures/Taj_Mahal_During_Winter.jpg
Taj_Mahal,113197,0,"commons/South_side_of_the_Taj_Mahal/0/pictures/Taj_Mahal,_Agra_120.jpg"
Taj_Mahal,113197,0,commons/Black_and_white_images_of_the_Taj_Mahal/0/pictures/Taj_Mahal_tm11.jpg
Taj_Mahal,113197,0,commons/Taj_Mahal_Complex_—_Gardens/0/pictures/Taj_Mahal_39_(Friar's_Balsam_Flickr).jpg
Taj_Mahal,113197,0,"commons/South_side_of_the_Taj_Mahal/0/pictures/Taj_Mahal,_Agra_during_sunset.jpg"
Taj_Mahal,113197,0,commons/Black_and_white_images_of_the_Taj_Mahal/0/pictures/Taj_Mahal_tm26.jpg
Taj_Mahal,113197,0,commons/Taj_Mahal_Complex_—_Gardens/0/pictures/Taj_Mahal_DSC_2632.jpg
Taj_Mahal,113197,0,"commons/South_side_of_the_Taj_Mahal/0/pictures/Taj_Mahal,_Agra_views_from_around_(14).JPG"
Taj_Mahal,113197,0,commons/Black_and_white_images_of_the_Taj_Mahal/0/pictures/Taj_Mahal_tm27.jpg
Taj_Mahal,113197,0,commons/South_side_of_the_Taj_Mahal/0/pictures/Taj_Mahal_with_Garden_-_Agra_2014-05-14_3975-3985_Compress.JPG
Taj_Mahal,113197,0,commons/Black_and_white_images_of_the_Taj_Mahal/0/pictures/Taj_Mahal_tm28.jpg
Taj_Mahal,113197,0,commons/Taj_Mahal_Complex_—_Gardens/0/pictures/Taj_Mahal_During_Evening.jpg
Taj_Mahal,113197,0,"commons/South_side_of_the_Taj_Mahal/0/pictures/Taj_Mahal,_Agra_22.jpg"
Taj_Mahal,113197,0,commons/Black_and_white_images_of_the_Taj_Mahal/0/pictures/Taj_Mahal_tm18.jpg
Taj_Mahal,113197,0,"commons/South_side_of_the_Taj_Mahal/0/pictures/Taj_Mahal,_Agra_views_from_around_(23).JPG"
Taj_Mahal,113197,0,commons/Black_and_white_images_of_the_Taj_Mahal/0/pictures/Taj_Mahal_tm32.jpg
Taj_Mahal,113197,0,"commons/Taj_Mahal_Complex_—_Gardens/0/pictures/Taj_Mahal_Eternal,_Agra,_India.jpg"
Taj_Mahal,113197,0,commons/Black_and_white_images_of_the_Taj_Mahal/0/pictures/Taj_Mahal_tm16.jpg
Taj_Mahal,113197,0,commons/Taj_Mahal_Complex_—_Gardens/0/pictures/Taj_Mahal_Center.jpg
Taj_Mahal,113197,0,"commons/South_side_of_the_Taj_Mahal/0/pictures/Taj_Mahal,_Agra_views_from_around_(72).JPG"
Taj_Mahal,113197,0,commons/Black_and_white_images_of_the_Taj_Mahal/0/pictures/Taj_Mahal_tm23.jpg
Taj_Mahal,113197,0,commons/Taj_Mahal_Complex_—_Gardens/0/pictures/Taj_Mahal_Rare_view_1may16.jpg
Taj_Mahal,113197,0,"commons/South_side_of_the_Taj_Mahal/0/pictures/Taj_Mahal,_Agra_views_from_around_(73).JPG"
Taj_Mahal,113197,0,commons/Black_and_white_images_of_the_Taj_Mahal/0/pictures/Taj_Mahal_tm36.jpg
Taj_Mahal,113197,0,commons/Taj_Mahal_Complex_—_Gardens/0/pictures/Taj_Mahal_Front.jpg
Taj_Mahal,113197,0,"commons/South_side_of_the_Taj_Mahal/0/pictures/Taj_Mahal,_Agra,_India_(20569629473).jpg"
Taj_Mahal,113197,0,commons/Black_and_white_images_of_the_Taj_Mahal/0/pictures/Taj_Mahal_tm25.jpg
Taj_Mahal,113197,0,"commons/South_side_of_the_Taj_Mahal/0/pictures/Taj_Mahal,_Agra_views_from_around_(24).JPG"
Taj_Mahal,113197,0,commons/Black_and_white_images_of_the_Taj_Mahal/0/pictures/Taj_Mahal_tm38.jpg
Taj_Mahal,113197,0,commons/Taj_Mahal_Complex_—_Gardens/0/pictures/Taj_Mahal_From_Side.jpg
Taj_Mahal,113197,0,"commons/South_side_of_the_Taj_Mahal/0/pictures/Taj_Mahal,_Agra,_Uttar_Pradesh_hs-3.jpg"
Taj_Mahal,113197,0,commons/Black_and_white_images_of_the_Taj_Mahal/0/pictures/Taj_Mahal_tm49.jpg
Taj_Mahal,113197,0,commons/Taj_Mahal_Complex_—_Gardens/0/pictures/Taj_Mahal_Of_Agra.jpg
Taj_Mahal,113197,0,commons/West_side_of_the_Taj_Mahal/0/pictures/TajMahal_01.JPG
Taj_Mahal,113197,0,commons/South_side_of_the_Taj_Mahal_Tomb_with_the_pool/0/pictures/Taj-Reflection.jpg
Taj_Mahal,113197,0,commons/Jali_at_the_Taj_Mahal/0/pictures/Decoration_Art_at_Taj_Mahal.JPG
Taj_Mahal,113197,0,commons/Taj_Mahal_Complex_—_Tomb/0/pictures/Taj_Mahal_VIew.jpg
Taj_Mahal,113197,0,commons/Pietre_dure_on_the_Taj_Mahal/0/pictures/TajMahalDetail20080211-1.jpg
Taj_Mahal,113197,0,commons/Taj_Mahal_Complex_—_Tomb/0/pictures/Taj_mahal_2022.jpg
Taj_Mahal,113197,0,"commons/South_side_of_the_Taj_Mahal/0/pictures/Taj_Mahal,_Agra,_Up_5.jpg"
Taj_Mahal,113197,0,commons/Black_and_white_images_of_the_Taj_Mahal/0/pictures/Taj_Mahal_tm48.jpg
Taj_Mahal,113197,0,commons/Taj_Mahal_Complex_—_Gardens/0/pictures/Taj_Mahal_as_seen_from_its_South-eastern_side.JPG
Taj_Mahal,113197,0,"commons/South_side_of_the_Taj_Mahal/0/pictures/Taj_Mahal,_Agra,_Uttar_Pradesh_hs-134.jpg"
Taj_Mahal,113197,0,commons/Black_and_white_images_of_the_Taj_Mahal/0/pictures/Taj_Mahal_tm46.jpg
Taj_Mahal,113197,0,"commons/South_side_of_the_Taj_Mahal/0/pictures/Taj_Mahal,_Agra,_Uttar_Pradesh_hs-17.jpg"
Taj_Mahal,113197,0,commons/Black_and_white_images_of_the_Taj_Mahal/0/pictures/Taj_Mahal_tm47.jpg
Taj_Mahal,113197,0,commons/Taj_Mahal_Complex_—_Gardens/0/pictures/Taj_Mahal_Main_monument_and_it's_lawns.JPG
Taj_Mahal,113197,0,"commons/South_side_of_the_Taj_Mahal/0/pictures/Taj_Mahal,_Agra,_Uttar_Pradesh_s-3.jpg"
Taj_Mahal,113197,0,"commons/Black_and_white_images_of_the_Taj_Mahal/0/pictures/Taj_Mahal,_Agra,_Uttar_Pradesh_bnw-107.jpg"
Taj_Mahal,113197,0,"commons/Taj_Mahal_Complex_—_Gardens/0/pictures/Taj_Mahal_in_Agra,India.jpg"
Taj_Mahal,113197,0,"commons/South_side_of_the_Taj_Mahal/0/pictures/Taj_Mahal,_Agra,_Uttar_Pradesh_hs-30.jpg"
Taj_Mahal,113197,0,commons/Black_and_white_images_of_the_Taj_Mahal/0/pictures/Taj_Mahal_tm50.jpg
Taj_Mahal,113197,0,commons/Taj_Mahal_Complex_—_Gardens/0/pictures/Taj_Mahal_Front_Views_in_2012.jpg
Taj_Mahal,113197,0,"commons/Historical_images_of_the_exterior_of_the_Taj_Mahal/0/pictures/The_Taj_Mahal,_Agra,_India_Wellcome_V0037706.jpg"
Taj_Mahal,113197,0,commons/Taj_Mahal_Complex_—_Tomb/0/pictures/Taj_Mahal_Agra_India_-_panoramio_(23).jpg
Taj_Mahal,113197,0,commons/West_side_of_the_Taj_Mahal/0/pictures/Banke_bihari_(339).JPG
Taj_Mahal,113197,0,commons/South_side_of_the_Taj_Mahal_Tomb_with_the_pool/0/pictures/Taj_and_reflection.JPG
Taj_Mahal,113197,0,"commons/South_side_of_the_Taj_Mahal/0/pictures/Taj_Mahal,_Agra,_Uttar_Pradesh_s-34.jpg"
Taj_Mahal,113197,0,"commons/Black_and_white_images_of_the_Taj_Mahal/0/pictures/Taj_Mahal,_Agra,_Uttar_Pradesh_bnw-11.jpg"
Taj_Mahal,113197,0,commons/Taj_Mahal_Complex_—_Gardens/0/pictures/Taj_Mahal_Incredible_INDIA_!.jpg
Taj_Mahal,113197,0,"commons/South_side_of_the_Taj_Mahal/0/pictures/Taj_Mahal,_Agra,_Uttar_Pradesh_te-129.jpg"
Taj_Mahal,113197,0,"commons/Black_and_white_images_of_the_Taj_Mahal/0/pictures/Taj_Mahal,_Agra,_Uttar_Pradesh_bnw-111.jpg"
Taj_Mahal,113197,0,commons/Taj_Mahal_Complex_—_Gardens/0/pictures/Taj_Mahal_between_the_two_tress.JPG
Taj_Mahal,113197,0,"commons/South_side_of_the_Taj_Mahal/0/pictures/Taj_Mahal,_Agra9.jpg"
Taj_Mahal,113197,0,"commons/Black_and_white_images_of_the_Taj_Mahal/0/pictures/Taj_Mahal,_Agra,_Uttar_Pradesh_bnw-108.jpg"
Taj_Mahal,113197,0,commons/Taj_Mahal_Complex_—_Gardens/0/pictures/Taj_Mahal_Different_point_of_view_IMG_0117.JPG
Taj_Mahal,113197,0,commons/West_side_of_the_Taj_Mahal/0/pictures/Different_angles_of_Love.JPG
Taj_Mahal,113197,0,commons/South_side_of_the_Taj_Mahal_Tomb_with_the_pool/0/pictures/Taj_beauty_01.jpg
Taj_Mahal,113197,0,commons/West_side_of_the_Taj_Mahal/0/pictures/At_the_Taj_2.jpg
Taj_Mahal,113197,0,commons/South_side_of_the_Taj_Mahal_Tomb_with_the_pool/0/pictures/Taj_at_Agra.jpg
Taj_Mahal,113197,0,"commons/South_side_of_the_Taj_Mahal/0/pictures/Taj_Mahal,_Agra,_Uttar_Pradesh_vi-17.jpg"
Taj_Mahal,113197,0,"commons/Black_and_white_images_of_the_Taj_Mahal/0/pictures/Taj_Mahal,_Agra,_Uttar_Pradesh_bnw-109.jpg"
Taj_Mahal,113197,0,commons/Taj_Mahal_Complex_—_Gardens/0/pictures/Taj_Mahal_cliche.jpg
Taj_Mahal,113197,0,"commons/South_side_of_the_Taj_Mahal/0/pictures/Taj_Mahal,_Agra,_Uttar_Pradesh_vi-19.jpg"
Taj_Mahal,113197,0,"commons/Black_and_white_images_of_the_Taj_Mahal/0/pictures/Taj_Mahal,_Agra,_Uttar_Pradesh_bnw-106.jpg"
Taj_Mahal,113197,0,commons/Taj_Mahal_Complex_—_Gardens/0/pictures/Taj_Mahal_from_my_eye.JPG
Taj_Mahal,113197,0,"commons/South_side_of_the_Taj_Mahal/0/pictures/Taj_Mahal,_India,_2013-03_(11551341305).jpg"
Taj_Mahal,113197,0,"commons/Black_and_white_images_of_the_Taj_Mahal/0/pictures/Taj_Mahal,_Agra,_Uttar_Pradesh_bnw-120.jpg"
Taj_Mahal,113197,0,commons/Taj_Mahal_Complex_—_Gardens/0/pictures/Taj_Mahal_in_March_2004.jpg
Taj_Mahal,113197,0,"commons/South_side_of_the_Taj_Mahal/0/pictures/Taj_Mahal,_Agra,_Uttar_Pradesh_vi-3.jpg"
Taj_Mahal,113197,0,"commons/Black_and_white_images_of_the_Taj_Mahal/0/pictures/Taj_Mahal,_Agra,_Uttar_Pradesh_bnw-110.jpg"
Taj_Mahal,113197,0,commons/Taj_Mahal_Complex_—_Gardens/0/pictures/Taj_Mahal_from_the_lawn.jpg
Taj_Mahal,113197,0,commons/West_side_of_the_Taj_Mahal/0/pictures/Indian_Wonder!.jpg
Taj_Mahal,113197,0,commons/South_side_of_the_Taj_Mahal_Tomb_with_the_pool/0/pictures/Taj_full_of_beauty.jpg
Taj_Mahal,113197,0,"commons/South_side_of_the_Taj_Mahal/0/pictures/Taj_Mahal,_Agra,_Uttar_Pradesh_vi-34.jpg"
Taj_Mahal,113197,0,"commons/Black_and_white_images_of_the_Taj_Mahal/0/pictures/Taj_Mahal,_Agra,_Uttar_Pradesh_bnw-117.jpg"
Taj_Mahal,113197,0,commons/Jali_at_the_Taj_Mahal/0/pictures/TajarchwaySmall.jpg
Taj_Mahal,113197,0,commons/Taj_Mahal_Complex_—_Tomb/0/pictures/Taj_Mahal_agra_43.JPG
Taj_Mahal,113197,0,commons/West_side_of_the_Taj_Mahal/0/pictures/PlankingTheTajMahal.jpg
Taj_Mahal,113197,0,commons/South_side_of_the_Taj_Mahal_Tomb_with_the_pool/0/pictures/Taj_mahal_(agra).jpg
Taj_Mahal,113197,0,"commons/South_side_of_the_Taj_Mahal/0/pictures/Taj_Mahal,_in_a_different_light.jpg"
Taj_Mahal,113197,0,"commons/Black_and_white_images_of_the_Taj_Mahal/0/pictures/Taj_Mahal,_Agra,_Uttar_Pradesh_bnw-113.jpg"
Taj_Mahal,113197,0,"commons/Taj_Mahal_Complex_—_Gardens/0/pictures/Taj_Mahal_landscape,_Agra.jpg"
Taj_Mahal,113197,0,"commons/South_side_of_the_Taj_Mahal/0/pictures/Taj_Mahal,_sunrise.jpg"
Taj_Mahal,113197,0,"commons/Black_and_white_images_of_the_Taj_Mahal/0/pictures/Taj_Mahal,_Agra,_Uttar_Pradesh_bnw-121.jpg"
Taj_Mahal,113197,0,commons/Nature_in_the_Taj_Mahal/0/pictures/Sahelion-ka-Gumbaz_No.4_near_the_mosque.jpg
Taj_Mahal,113197,0,commons/Taj_Mahal_Complex_—_Tomb/0/pictures/Taj_Mahal_at_Agra.jpg
Taj_Mahal,113197,0,"commons/South_side_of_the_Taj_Mahal/0/pictures/Taj_Mahal,_up_close.jpg"
Taj_Mahal,113197,0,"commons/Black_and_white_images_of_the_Taj_Mahal/0/pictures/Taj_Mahal,_Agra,_Uttar_Pradesh_bnw-126.jpg"
Taj_Mahal,113197,0,commons/Taj_Mahal_Complex_—_Gardens/0/pictures/Taj_Mahal_on_New_Year_07.jpg
Taj_Mahal,113197,0,commons/West_side_of_the_Taj_Mahal/0/pictures/Marble_beauty.JPG
Taj_Mahal,113197,0,commons/South_side_of_the_Taj_Mahal_Tomb_with_the_pool/0/pictures/Taj_mahal_2.jpg
Taj_Mahal,113197,0,"commons/South_side_of_the_Taj_Mahal/0/pictures/Taj_Mahal,Agra,India_06.jpg"
Taj_Mahal,113197,0,"commons/Black_and_white_images_of_the_Taj_Mahal/0/pictures/Taj_Mahal,_Agra,_Uttar_Pradesh_bnw-128.jpg"
Taj_Mahal,113197,0,commons/Taj_Mahal_Complex_—_Gardens/0/pictures/Taj_Mahal_seen_from_the_park.jpg
Taj_Mahal,113197,0,"commons/South_side_of_the_Taj_Mahal/0/pictures/Taj_Mahal,Agra,India_07.jpg"
Taj_Mahal,113197,0,"commons/Black_and_white_images_of_the_Taj_Mahal/0/pictures/Taj_Mahal,_Agra,_Uttar_Pradesh_bnw-125.jpg"
Taj_Mahal,113197,0,commons/Taj_Mahal_Complex_—_Gardens/0/pictures/Taj_Mahal_sunrise.jpg
Taj_Mahal,113197,0,commons/Night_views_of_the_Taj_Mahal/0/pictures/Wonderful_Taj_Mahal.jpg
Taj_Mahal,113197,0,commons/Taj_Mahal_Complex_—_Tomb/0/pictures/Taj_Mahal_before_dawn_(4188504865).jpg
Taj_Mahal,113197,0,commons/West_side_of_the_Taj_Mahal/0/pictures/Taj_Mahal_MohitSinha.JPG
Taj_Mahal,113197,0,commons/South_side_of_the_Taj_Mahal_Tomb_with_the_pool/0/pictures/Taj_mahal_in_independence_day.jpg
Taj_Mahal,113197,0,"commons/South_side_of_the_Taj_Mahal/0/pictures/Taj_Mahal,Agra,India_10.jpg"
Taj_Mahal,113197,0,"commons/Black_and_white_images_of_the_Taj_Mahal/0/pictures/Taj_Mahal,_Agra,_Uttar_Pradesh_bnw-127.jpg"
Taj_Mahal,113197,0,commons/Taj_Mahal_Complex_—_Gardens/0/pictures/Taj_Mahal_the_symbol_of_love.JPG
Taj_Mahal,113197,0,"commons/Windows_of_the_Taj_Mahal/0/pictures/Taj_Mahal,_Agra_60.jpg"
Taj_Mahal,113197,0,commons/South_side_of_the_Taj_Mahal_Tomb_with_the_pool/0/pictures/Tajmahalkartikay1.jpg
Taj_Mahal,113197,0,commons/Nature_in_the_Taj_Mahal/0/pictures/Taj_Mahal_336.jpg
Taj_Mahal,113197,0,commons/Taj_Mahal_Complex_—_Tomb/0/pictures/Taj_Mahal_by_Manjot_Kaur.jpg
Taj_Mahal,113197,0,commons/South_side_of_the_Taj_Mahal/0/pictures/Taj_Mahal-1.JPG
Taj_Mahal,113197,0,"commons/Black_and_white_images_of_the_Taj_Mahal/0/pictures/Taj_Mahal,_Agra,_Uttar_Pradesh_bnw-134.jpg"
Taj_Mahal,113197,0,"commons/South_side_of_the_Taj_Mahal/0/pictures/Taj_Mahal,Agra,India_11.jpg"
Taj_Mahal,113197,0,"commons/Black_and_white_images_of_the_Taj_Mahal/0/pictures/Taj_Mahal,_Agra,_Uttar_Pradesh_bnw-124.jpg"
Taj_Mahal,113197,0,commons/Nature_in_the_Taj_Mahal/0/pictures/Taj_Mahal_a_view_from_Garden.jpg
Taj_Mahal,113197,0,"commons/South_side_of_the_Taj_Mahal/0/pictures/Taj_Mahal,Agra.JPG"
Taj_Mahal,113197,0,"commons/Black_and_white_images_of_the_Taj_Mahal/0/pictures/Taj_Mahal,_Agra,_Uttar_Pradesh_bnw-129.jpg"
Taj_Mahal,113197,0,commons/Taj_Mahal_Complex_—_Gardens/0/pictures/Taj_Mahal_under_Blue_and_clear_Sky.jpg
Taj_Mahal,113197,0,"commons/South_side_of_the_Taj_Mahal/0/pictures/Taj_Mahal,India.JPG"
Taj_Mahal,113197,0,"commons/Black_and_white_images_of_the_Taj_Mahal/0/pictures/Taj_Mahal,_Agra,_Uttar_Pradesh_bnw-13.jpg"
Taj_Mahal,113197,0,commons/Taj_Mahal_Complex_—_Gardens/0/pictures/Taj_Mahal_with_Fountain.jpg
Taj_Mahal,113197,0,commons/South_side_of_the_Taj_Mahal/0/pictures/Taj_Mahal-_one_of_the_7_wonders_of_the_world..JPG
Taj_Mahal,113197,0,"commons/Black_and_white_images_of_the_Taj_Mahal/0/pictures/Taj_Mahal,_Agra,_Uttar_Pradesh_bnw-130.jpg"
Taj_Mahal,113197,0,commons/Taj_Mahal_Complex_—_Gardens/0/pictures/Taj_Mahal_wonder.JPG
Taj_Mahal,113197,0,commons/South_side_of_the_Taj_Mahal/0/pictures/Taj_Mahal1.ae.jpg
Taj_Mahal,113197,0,"commons/Black_and_white_images_of_the_Taj_Mahal/0/pictures/Taj_Mahal,_Agra,_Uttar_Pradesh_bnw-15.jpg"
Taj_Mahal,113197,0,"commons/Taj_Mahal_Complex_—_Gardens/0/pictures/Taj_Mahal,_Agra,_India_edit3.jpg"
Taj_Mahal,113197,0,commons/West_side_of_the_Taj_Mahal/0/pictures/Taj_Mahal_Sunset.jpg
Taj_Mahal,113197,0,commons/South_side_of_the_Taj_Mahal_Tomb_with_the_pool/0/pictures/Taj_mahal_view_in_the_morning.jpg
Taj_Mahal,113197,0,"commons/South_side_of_the_Taj_Mahal_Tomb_with_the_pool/0/pictures/Morning_view_of_the_Taj_Mahal,_Agra,_Uttar_Pradesh,_India.jpg"
Taj_Mahal,113197,0,commons/Domes_of_the_Taj_Mahal_Mausoleum/0/pictures/Taj_Mahal_2018-01-02zze.jpg
Taj_Mahal,113197,0,commons/Taj_Mahal_Complex_—_Jawab/0/pictures/Tajmahal_side_view_minaret_Mausoleum_in_Agra_5.jpg
Taj_Mahal,113197,0,commons/South_side_of_the_Taj_Mahal/0/pictures/Taj_Mahal-View_from_down_below.jpg
Taj_Mahal,113197,0,"commons/Black_and_white_images_of_the_Taj_Mahal/0/pictures/Taj_Mahal,_Agra,_Uttar_Pradesh_bnw-14.jpg"
Taj_Mahal,113197,0,commons/South_side_of_the_Taj_Mahal/0/pictures/Taj_Mahal._Fortepan_93696.jpg
Taj_Mahal,113197,0,"commons/Black_and_white_images_of_the_Taj_Mahal/0/pictures/Taj_Mahal,_Agra,_Uttar_Pradesh_bnw-136.jpg"
Taj_Mahal,113197,0,commons/South_side_of_the_Taj_Mahal/0/pictures/Taj_Mahal.jpeg
Taj_Mahal,113197,0,"commons/Black_and_white_images_of_the_Taj_Mahal/0/pictures/Taj_Mahal,_Agra,_Uttar_Pradesh_bnw-137.jpg"
Taj_Mahal,113197,0,"commons/Taj_Mahal_Complex_—_Gardens/0/pictures/Taj_Mahal,_Agra,_India_._Symbol_of_Love.jpg"
Taj_Mahal,113197,0,commons/South_side_of_the_Taj_Mahal/0/pictures/Taj_Mahal6789.jpg
Taj_Mahal,113197,0,"commons/Black_and_white_images_of_the_Taj_Mahal/0/pictures/Taj_Mahal,_Agra,_Uttar_Pradesh_bnw-16.jpg"
Taj_Mahal,113197,0,"commons/Taj_Mahal_Complex_—_Gardens/0/pictures/Taj_Mahal,_Iconic_view,_Agra,_India.jpg"
Taj_Mahal,113197,0,commons/West_side_of_the_Taj_Mahal/0/pictures/TAJ_MAHAL_AGRA.JPG
Taj_Mahal,113197,0,commons/South_side_of_the_Taj_Mahal_Tomb_with_the_pool/0/pictures/Taj_mahal-2.jpg
Taj_Mahal,113197,0,"commons/South_side_of_the_Taj_Mahal_Tomb_with_the_pool/0/pictures/Photo1636,_The_Taj.jpg"
Taj_Mahal,113197,0,commons/Domes_of_the_Taj_Mahal_Mausoleum/0/pictures/Taj_Mahal_Upper.JPG
Taj_Mahal,113197,0,commons/Taj_Mahal_Complex_—_Jawab/0/pictures/The_Taj_Mahal_ag11.jpg
Taj_Mahal,113197,0,commons/South_side_of_the_Taj_Mahal/0/pictures/Taj_South_Monotone.jpg
Taj_Mahal,113197,0,"commons/Black_and_white_images_of_the_Taj_Mahal/0/pictures/Taj_Mahal,_Agra,_Uttar_Pradesh_bnw-20.jpg"
Taj_Mahal,113197,0,commons/West_side_of_the_Taj_Mahal/0/pictures/Taj_Mahal_au_soleil_couchant.jpg
Taj_Mahal,113197,0,commons/South_side_of_the_Taj_Mahal_Tomb_with_the_pool/0/pictures/Taj_mahal.j.jpg
Taj_Mahal,113197,0,commons/South_side_of_the_Taj_Mahal_Tomb_with_the_pool/0/pictures/Reflection_of_the_Taj_Mahal.jpg
Taj_Mahal,113197,0,"commons/Domes_of_the_Taj_Mahal_Mausoleum/0/pictures/Taj_Mahal,_Agra_-_Visit_During_WCI_2016_(29).jpg"
Taj_Mahal,113197,0,commons/Taj_Mahal_Complex_—_Jawab/0/pictures/Tajmahal_side_view_minaret_Mausoleum_in_Agra_4.jpg
Taj_Mahal,113197,0,commons/South_side_of_the_Taj_Mahal/0/pictures/Taj_at_its_best.jpg
Taj_Mahal,113197,0,"commons/Black_and_white_images_of_the_Taj_Mahal/0/pictures/Taj_Mahal,_Agra,_Uttar_Pradesh_bnw-21.jpg"
Taj_Mahal,113197,0,commons/West_side_of_the_Taj_Mahal/0/pictures/Taj_Mahal_closer_view.JPG
Taj_Mahal,113197,0,commons/South_side_of_the_Taj_Mahal_Tomb_with_the_pool/0/pictures/Taj_mahal-front_view.JPG
Taj_Mahal,113197,0,commons/South_side_of_the_Taj_Mahal_Tomb_with_the_pool/0/pictures/Project_tajmahal.jpg
Taj_Mahal,113197,0,"commons/Domes_of_the_Taj_Mahal_Mausoleum/0/pictures/Taj_Mahal,_Agra_117.jpg"
Taj_Mahal,113197,0,commons/Taj_Mahal_Complex_—_Jawab/0/pictures/The_Taj_Mahal_ag18.jpg
Taj_Mahal,113197,0,commons/West_side_of_the_Taj_Mahal/0/pictures/Taj_Mahal_with_ground.JPG
Taj_Mahal,113197,0,commons/South_side_of_the_Taj_Mahal_Tomb_with_the_pool/0/pictures/Taj_ni12-21.jpg
Taj_Mahal,113197,0,commons/South_side_of_the_Taj_Mahal_Tomb_with_the_pool/0/pictures/Renovation_of_Taj_mahal.jpg
Taj_Mahal,113197,0,"commons/Domes_of_the_Taj_Mahal_Mausoleum/0/pictures/Taj_Mahal,_Agra_29.jpg"
Taj_Mahal,113197,0,commons/Taj_Mahal_Complex_—_Jawab/0/pictures/The_Taj_Mahal_ag19.jpg
Taj_Mahal,113197,0,commons/West_side_of_the_Taj_Mahal/0/pictures/Taj_Mahal_agra_33.JPG
Taj_Mahal,113197,0,"commons/South_side_of_the_Taj_Mahal_Tomb_with_the_pool/0/pictures/Taj_mahal,_Agra,_UP,_India.jpg"
Taj_Mahal,113197,0,commons/South_side_of_the_Taj_Mahal_Tomb_with_the_pool/0/pictures/My_first_veiw_tajmahal.jpg
Taj_Mahal,113197,0,commons/Domes_of_the_Taj_Mahal_Mausoleum/0/pictures/Taj_Mahal_Dome_View.JPG
Taj_Mahal,113197,0,commons/Taj_Mahal_Complex_—_Jawab/0/pictures/The_TAJ.JPG
Taj_Mahal,113197,0,commons/Remote_views_of_the_Taj_Mahal/0/pictures/Agra_1_Taj_viewed_from_the_terrace_DSCN2687_(41814705524).jpg
Taj_Mahal,113197,0,commons/Taj_Mahal_Complex_—_Tomb/0/pictures/TajMahal_N-UP-A28.jpg
Taj_Mahal,113197,0,commons/South_side_of_the_Taj_Mahal/0/pictures/Taj_Mahal2012.jpg
Taj_Mahal,113197,0,"commons/Black_and_white_images_of_the_Taj_Mahal/0/pictures/Taj_Mahal,_Agra,_Uttar_Pradesh_bnw-17.jpg"
Taj_Mahal,113197,0,"commons/Taj_Mahal_Complex_—_Gardens/0/pictures/Taj_Mahal,_Agra,_UP.JPG"
Taj_Mahal,113197,0,commons/West_side_of_the_Taj_Mahal/0/pictures/Taj_Mahal_Sunset_Edit1.jpg
Taj_Mahal,113197,0,"commons/South_side_of_the_Taj_Mahal_Tomb_with_the_pool/0/pictures/Taj_mahal,_Agra.jpg"
Taj_Mahal,113197,0,commons/South_side_of_the_Taj_Mahal_Tomb_with_the_pool/0/pictures/N-UP-A28-a.jpg
Taj_Mahal,113197,0,commons/Domes_of_the_Taj_Mahal_Mausoleum/0/pictures/Taj_Mahal_Dome.JPG
Taj_Mahal,113197,0,commons/Taj_Mahal_Complex_—_Jawab/0/pictures/TajMahal2.JPG
Taj_Mahal,113197,0,commons/South_side_of_the_Taj_Mahal/0/pictures/Taj_Mahal213.jpg
Taj_Mahal,113197,0,"commons/Black_and_white_images_of_the_Taj_Mahal/0/pictures/Taj_Mahal,_Agra,_Uttar_Pradesh_bnw-18.jpg"
Taj_Mahal,113197,0,"commons/Taj_Mahal_Complex_—_Gardens/0/pictures/Taj_Mahal,_Agra,_Uttar_Prades.JPG"
Taj_Mahal,113197,0,commons/South_side_of_the_Taj_Mahal/0/pictures/Taj_in_nokia8.jpg
Taj_Mahal,113197,0,"commons/Black_and_white_images_of_the_Taj_Mahal/0/pictures/Taj_Mahal,_Agra,_Uttar_Pradesh_bnw-25.jpg"
Taj_Mahal,113197,0,"commons/West_side_of_the_Taj_Mahal/0/pictures/Taj_Mahal,_Agra_views_from_around_(62).JPG"
Taj_Mahal,113197,0,commons/South_side_of_the_Taj_Mahal_Tomb_with_the_pool/0/pictures/Taj_reflection_01.jpg
Taj_Mahal,113197,0,"commons/Domes_of_the_Taj_Mahal_Mausoleum/0/pictures/Taj_Mahal,_Agra,_Uttar_Pradesh_hs-125.jpg"
Taj_Mahal,113197,0,commons/Taj_Mahal_Complex_—_Jawab/0/pictures/The_Taj_Mahal_ag10.jpg
Taj_Mahal,113197,0,commons/South_side_of_the_Taj_Mahal_Tomb_with_the_pool/0/pictures/Taj_1_agost_05.jpg
Taj_Mahal,113197,0,"commons/Domes_of_the_Taj_Mahal_Mausoleum/0/pictures/Taj_Mahal,_Agra,_Uttar_Pradesh_vi-46.jpg"
Taj_Mahal,113197,0,commons/South_side_of_the_Taj_Mahal_Tomb_with_the_pool/0/pictures/Taj_02.jpg
Taj_Mahal,113197,0,commons/East_side_of_the_Taj_Mahal/0/pictures/All_White.jpg
Taj_Mahal,113197,0,"commons/Taj_Mahal_Complex_—_Mosque/0/pictures/Agra,_panorámicas_(2002)_17.jpg"
Taj_Mahal,113197,0,commons/South_side_of_the_Taj_Mahal_Tomb_with_the_pool/0/pictures/Taj_13_(6639039941).jpg
Taj_Mahal,113197,0,commons/East_side_of_the_Taj_Mahal/0/pictures/A_view_from_side_(drinking_water_side).jpg
Taj_Mahal,113197,0,commons/Taj_Mahal_Complex_—_Mosque/0/pictures/Agra-Taj_Mahal-24-Moschee-2018-gje.jpg
Taj_Mahal,113197,0,commons/South_side_of_the_Taj_Mahal_Tomb_with_the_pool/0/pictures/Taj_3_agost_05.jpg
Taj_Mahal,113197,0,commons/Domes_of_the_Taj_Mahal_Mausoleum/0/pictures/Waah_Taj.JPG
Taj_Mahal,113197,0,commons/Taj_Mahal_Complex_—_Mosque/0/pictures/Agra-Taj_Mahal-28-Moschee-2018-gje.jpg
Taj_Mahal,113197,0,commons/Remote_views_of_the_Taj_Mahal/0/pictures/T_(16).jpg
Taj_Mahal,113197,0,commons/Taj_Mahal_Complex_—_Tomb/0/pictures/Tajmahal_view_from_entrance_gate_Mausoleum_in_Agra_6.jpg
Taj_Mahal,113197,0,commons/South_side_of_the_Taj_Mahal_Tomb_with_the_pool/0/pictures/Taj_2_(6639046565).jpg
Taj_Mahal,113197,0,commons/East_side_of_the_Taj_Mahal/0/pictures/Amazing_Taj_Mahal.JPG
Taj_Mahal,113197,0,commons/Taj_Mahal_Complex_—_Mosque/0/pictures/Agra-Taj_Mahal-26-Moschee-2018-gje.jpg
Taj_Mahal,113197,0,commons/South_side_of_the_Taj_Mahal_Tomb_with_the_pool/0/pictures/Taj_7dec.jpg
Taj_Mahal,113197,0,commons/East_side_of_the_Taj_Mahal/0/pictures/Agra-Taj_Mahal-44-Ostseite-2018-gje.jpg
Taj_Mahal,113197,0,commons/Taj_Mahal_Complex_—_Mosque/0/pictures/Agra-Taj_Mahal-30-Moschee-2018-gje.jpg
Taj_Mahal,113197,0,commons/South_side_of_the_Taj_Mahal_Tomb_with_the_pool/0/pictures/Taj_Fountain.jpg
Taj_Mahal,113197,0,commons/East_side_of_the_Taj_Mahal/0/pictures/Agra-Taj_Mahal-46-Suedostseite-Moschee-2018-gje.jpg
Taj_Mahal,113197,0,commons/Taj_Mahal_Complex_—_Mosque/0/pictures/Agra2017_0288-HDR.jpg
Taj_Mahal,113197,0,commons/South_side_of_the_Taj_Mahal_Tomb_with_the_pool/0/pictures/Taj_Front_View.JPG
Taj_Mahal,113197,0,commons/East_side_of_the_Taj_Mahal/0/pictures/Agra-Taj_Mahal-48-Suedostseite-Moschee-2018-gje.jpg
Taj_Mahal,113197,0,commons/South_side_of_the_Taj_Mahal_Tomb_with_the_pool/0/pictures/Taj_Latesht.jpg
Taj_Mahal,113197,0,commons/East_side_of_the_Taj_Mahal/0/pictures/Banke_bihaTaj_Mahalri_(312).JPG
Taj_Mahal,113197,0,commons/South_side_of_the_Taj_Mahal_Tomb_with_the_pool/0/pictures/Taj_Mahal_&_Fountains.JPG
Taj_Mahal,113197,0,commons/East_side_of_the_Taj_Mahal/0/pictures/Agra9.JPG
Taj_Mahal,113197,0,commons/Remote_views_of_the_Taj_Mahal/0/pictures/TAJ_MAHAL_IMG_20170925_130331.jpg
Taj_Mahal,113197,0,commons/Taj_Mahal_Complex_—_Tomb/0/pictures/Tajmahalframe.jpg
Taj_Mahal,113197,0,commons/South_side_of_the_Taj_Mahal_Tomb_with_the_pool/0/pictures/Taj_Mahal_(105136313).jpeg
Taj_Mahal,113197,0,commons/Domes_of_the_Taj_Mahal_Mausoleum/0/pictures/The_Mahal_in_the_First_Light.jpg
Taj_Mahal,113197,0,commons/South_side_of_the_Taj_Mahal_Tomb_with_the_pool/0/pictures/Taj_Mahal_&_it's_reflection.jpg
Taj_Mahal,113197,0,commons/East_side_of_the_Taj_Mahal/0/pictures/Agra-Taj_Mahal-36-Ostseite-2018-gje.jpg
Taj_Mahal,113197,0,commons/South_side_of_the_Taj_Mahal_Tomb_with_the_pool/0/pictures/Taj_Mahal_(1580846323).jpg
Taj_Mahal,113197,0,commons/East_side_of_the_Taj_Mahal/0/pictures/Beauty_of_Taj.jpg
Taj_Mahal,113197,0,commons/Remote_views_of_the_Taj_Mahal/0/pictures/T_(24).jpg
Taj_Mahal,113197,0,commons/Taj_Mahal_Complex_—_Tomb/0/pictures/Tajmahalkartikay3.jpg
Taj_Mahal,113197,0,commons/South_side_of_the_Taj_Mahal_Tomb_with_the_pool/0/pictures/Taj_Mahal_(1580850347).jpg
Taj_Mahal,113197,0,commons/East_side_of_the_Taj_Mahal/0/pictures/Close_up_of_the_Taj_Mahal.JPG
Taj_Mahal,113197,0,commons/Remote_views_of_the_Taj_Mahal/0/pictures/TAJ_MAHAL_DSC_A2705.jpg
Taj_Mahal,113197,0,commons/Taj_Mahal_Complex_—_Tomb/0/pictures/TajmahalAgra.jpg
Taj_Mahal,113197,0,commons/South_side_of_the_Taj_Mahal_Tomb_with_the_pool/0/pictures/Taj_Mahal_(2424564538).jpg
Taj_Mahal,113197,0,commons/East_side_of_the_Taj_Mahal/0/pictures/Banke_bihari_(369).JPG
Taj_Mahal,113197,0,commons/Remote_views_of_the_Taj_Mahal/0/pictures/TAJ_MAHAL_IMAG2663.jpg
Taj_Mahal,113197,0,commons/Taj_Mahal_Complex_—_Tomb/0/pictures/Tajmahalwithpeace.jpg
Taj_Mahal,113197,0,commons/South_side_of_the_Taj_Mahal_Tomb_with_the_pool/0/pictures/Taj_Mahal_(Edited).jpeg
Taj_Mahal,113197,0,commons/East_side_of_the_Taj_Mahal/0/pictures/Beautiful_piece_of_Work.JPG
Taj_Mahal,113197,0,commons/Taj_Mahal_Complex_—_Mosque/0/pictures/Beautiful_Red_stone_Building.jpg
Taj_Mahal,113197,0,commons/South_side_of_the_Taj_Mahal_Tomb_with_the_pool/0/pictures/Taj_Mahal_(3539473106).jpg
Taj_Mahal,113197,0,commons/East_side_of_the_Taj_Mahal/0/pictures/Another_view_from_side_gateway.jpg
Taj_Mahal,113197,0,commons/Taj_Mahal_Complex_—_Mosque/0/pictures/Beautiful_Taj_Mahal_with_sunset.jpg
Taj_Mahal,113197,0,commons/Remote_views_of_the_Taj_Mahal/0/pictures/TAJ_MAHAL_VIEW_03.jpg
Taj_Mahal,113197,0,commons/Taj_Mahal_Complex_—_Tomb/0/pictures/The_Beautiful_Taj_Mahal.jpg
Taj_Mahal,113197,0,"commons/South_side_of_the_Taj_Mahal_Tomb_with_the_pool/0/pictures/Taj_Mahal_(Front_view),_Agra,_India.jpg"
Taj_Mahal,113197,0,commons/East_side_of_the_Taj_Mahal/0/pictures/Front_View_Of_Taj_Mahal_Without_Four_Pillars.jpg
Taj_Mahal,113197,0,commons/South_side_of_the_Taj_Mahal_Tomb_with_the_pool/0/pictures/Taj_Mahal_(India)_1.JPG
Taj_Mahal,113197,0,commons/East_side_of_the_Taj_Mahal/0/pictures/Glimpses_of_Agra_8.JPG
Taj_Mahal,113197,0,commons/South_side_of_the_Taj_Mahal_Tomb_with_the_pool/0/pictures/Taj_Mahal_(cropped).jpg
Taj_Mahal,113197,0,commons/East_side_of_the_Taj_Mahal/0/pictures/India-6148_-_Taj_Mahal_-_Built_out_of_love_(side_view)_-_Flickr_-_archer10_(Dennis).jpg
Taj_Mahal,113197,0,commons/Taj_Mahal_Complex_—_Mosque/0/pictures/Darbar_at_taj_mahal.jpg
Taj_Mahal,113197,0,"commons/South_side_of_the_Taj_Mahal_Tomb_with_the_pool/0/pictures/Taj_Mahal_,_Agra_,_India.jpg"
Taj_Mahal,113197,0,commons/East_side_of_the_Taj_Mahal/0/pictures/El_Taj_Mahal-Agra_India0025.JPG
Taj_Mahal,113197,0,"commons/South_side_of_the_Taj_Mahal_Tomb_with_the_pool/0/pictures/Taj_Mahal_,_Agra.jpg"
Taj_Mahal,113197,0,commons/East_side_of_the_Taj_Mahal/0/pictures/Magnificent_Taj.jpg
Taj_Mahal,113197,0,"commons/South_side_of_the_Taj_Mahal_Tomb_with_the_pool/0/pictures/Taj_Mahal_(south_view,_2006).jpg"
Taj_Mahal,113197,0,commons/East_side_of_the_Taj_Mahal/0/pictures/FADING_SHIMMERS_-_ON-GOING_SCIENTIFIC_WORK.jpg
Taj_Mahal,113197,0,commons/Taj_Mahal_Complex_—_Mosque/0/pictures/India-6132_-_Flickr_-_archer10_(Dennis).jpg
Taj_Mahal,113197,0,"commons/South_side_of_the_Taj_Mahal_Tomb_with_the_pool/0/pictures/Taj_Mahal_,Agra_,India_Very_Beautiful_place_-_panoramio.jpg"
Taj_Mahal,113197,0,commons/East_side_of_the_Taj_Mahal/0/pictures/Mah_13.JPG
Taj_Mahal,113197,0,commons/Taj_Mahal_Complex_—_Mosque/0/pictures/During_day-time.jpg
Taj_Mahal,113197,0,commons/South_side_of_the_Taj_Mahal_Tomb_with_the_pool/0/pictures/Taj_Mahal_-_Ancient_Site.jpg
Taj_Mahal,113197,0,commons/East_side_of_the_Taj_Mahal/0/pictures/Agra11.JPG
Taj_Mahal,113197,0,commons/Taj_Mahal_Complex_—_Mosque/0/pictures/Dwar_e_khas.JPG
Taj_Mahal,113197,0,commons/South_side_of_the_Taj_Mahal_Tomb_with_the_pool/0/pictures/Taj_Mahal_-_BnW.jpg
Taj_Mahal,113197,0,commons/East_side_of_the_Taj_Mahal/0/pictures/El_Taj_Mahal-Agra_India0023.JPG
Taj_Mahal,113197,0,commons/South_side_of_the_Taj_Mahal_Tomb_with_the_pool/0/pictures/Taj_Mahal_-_Building_-_from_the_water.jpg
Taj_Mahal,113197,0,commons/East_side_of_the_Taj_Mahal/0/pictures/Indien_(4016817845).jpg
Taj_Mahal,113197,0,commons/South_side_of_the_Taj_Mahal_Tomb_with_the_pool/0/pictures/Taj_Mahal_-_South_Facade_-_Agra_2014-05-14_3761.JPG
Taj_Mahal,113197,0,commons/East_side_of_the_Taj_Mahal/0/pictures/Jannat-e-Shaan.jpg
Taj_Mahal,113197,0,commons/Taj_Mahal_Complex_—_Mosque/0/pictures/Kau_Ban_Mosque_DSC0007.jpg
Taj_Mahal,113197,0,commons/South_side_of_the_Taj_Mahal_Tomb_with_the_pool/0/pictures/Taj_Mahal_-_Close_up_View.jpg
Taj_Mahal,113197,0,commons/East_side_of_the_Taj_Mahal/0/pictures/Another_view_from_side.jpg
Taj_Mahal,113197,0,commons/Taj_Mahal_Complex_—_Mosque/0/pictures/Front_view_of_Kali_Masjid.jpg
Taj_Mahal,113197,0,commons/South_side_of_the_Taj_Mahal_Tomb_with_the_pool/0/pictures/Taj_Mahal_-_South_Facade_-_Agra_2014-05-14_3791.JPG
Taj_Mahal,113197,0,commons/East_side_of_the_Taj_Mahal/0/pictures/Glimpses_of_Agra_11.JPG
Taj_Mahal,113197,0,commons/South_side_of_the_Taj_Mahal_Tomb_with_the_pool/0/pictures/Taj_Mahal_-_Symbol_of_Love.jpg
Taj_Mahal,113197,0,commons/East_side_of_the_Taj_Mahal/0/pictures/Mah_15.JPG
Taj_Mahal,113197,0,commons/Taj_Mahal_Complex_—_Mosque/0/pictures/Gateway_of_Taj_Mahal.jpg
Taj_Mahal,113197,0,commons/South_side_of_the_Taj_Mahal_Tomb_with_the_pool/0/pictures/Taj_Mahal_-_The_Symbol_of_long_Lasting_love_-_Old_Fashion_way.JPG
Taj_Mahal,113197,0,commons/East_side_of_the_Taj_Mahal/0/pictures/Side_View_Of_Taj_Mahal....jpg
Taj_Mahal,113197,0,commons/Taj_Mahal_Complex_—_Mosque/0/pictures/Img-lefttajmahal.jpg
Taj_Mahal,113197,0,commons/South_side_of_the_Taj_Mahal_Tomb_with_the_pool/0/pictures/Taj_Mahal_-_The_Symbol_of_Love.jpg
Taj_Mahal,113197,0,"commons/East_side_of_the_Taj_Mahal/0/pictures/Side_view_of_The_Taj_Mahal,_Agra,_UP,_India.JPG"
Taj_Mahal,113197,0,commons/Taj_Mahal_Complex_—_Mosque/0/pictures/In_front_of_taj_mahal.JPG
Taj_Mahal,113197,0,commons/South_side_of_the_Taj_Mahal_Tomb_with_the_pool/0/pictures/Taj_Mahal_-_The_Symbol_of_long_Lasting_love.JPG
Taj_Mahal,113197,0,commons/East_side_of_the_Taj_Mahal/0/pictures/Mahal.jpg
Taj_Mahal,113197,0,commons/Taj_Mahal_Complex_—_Mosque/0/pictures/Masjid_on_Taj_West_in_Dusk.JPG
Taj_Mahal,113197,0,commons/South_side_of_the_Taj_Mahal_Tomb_with_the_pool/0/pictures/Taj_Mahal_-_panoramio_(2).jpg
Taj_Mahal,113197,0,commons/East_side_of_the_Taj_Mahal/0/pictures/TAJ_close_up.JPG
Taj_Mahal,113197,0,commons/Taj_Mahal_Complex_—_Mosque/0/pictures/India-6162_-_Flickr_-_archer10_(Dennis).jpg
Taj_Mahal,113197,0,commons/South_side_of_the_Taj_Mahal_Tomb_with_the_pool/0/pictures/Taj_Mahal_-_at_its_best.jpg
Taj_Mahal,113197,0,commons/East_side_of_the_Taj_Mahal/0/pictures/TAj_MAhal_01.jpg
Taj_Mahal,113197,0,commons/Taj_Mahal_Complex_—_Mosque/0/pictures/Mosque_at_Taj.jpg
Taj_Mahal,113197,0,commons/South_side_of_the_Taj_Mahal_Tomb_with_the_pool/0/pictures/Taj_Mahal_-_panoramio_(5).jpg
Taj_Mahal,113197,0,commons/East_side_of_the_Taj_Mahal/0/pictures/Mah_14.JPG
Taj_Mahal,113197,0,commons/Taj_Mahal_Complex_—_Mosque/0/pictures/Kali_Masjid_-Taj_Mahal.jpg
Taj_Mahal,113197,0,commons/South_side_of_the_Taj_Mahal_Tomb_with_the_pool/0/pictures/Taj_Mahal_-_panoramio_-_Gabriele_Giuseppini_(1).jpg
Taj_Mahal,113197,0,commons/East_side_of_the_Taj_Mahal/0/pictures/THE_TAJMAHAL.JPG
Taj_Mahal,113197,0,commons/Taj_Mahal_Complex_—_Mosque/0/pictures/Kali_Masjid_at_Taj_Mahal.jpg
Taj_Mahal,113197,0,commons/South_side_of_the_Taj_Mahal_Tomb_with_the_pool/0/pictures/Taj_Mahal_-Agra_-Uttar_Pradesh_-08.jpg
Taj_Mahal,113197,0,commons/East_side_of_the_Taj_Mahal/0/pictures/Taj_-_A_poem_crafted_with_marbles.JPG
Taj_Mahal,113197,0,commons/Taj_Mahal_Complex_—_Mosque/0/pictures/Far_view_of_Taj_Mahal_Masjid.JPG
Taj_Mahal,113197,0,commons/South_side_of_the_Taj_Mahal_Tomb_with_the_pool/0/pictures/Taj_Mahal_-Agra_-Uttar_Pradesh_-DSC_0002.jpg
Taj_Mahal,113197,0,"commons/East_side_of_the_Taj_Mahal/0/pictures/TAJ_MAHAL,_the_edifice_of_love.jpg"
Taj_Mahal,113197,0,commons/Taj_Mahal_Complex_—_Mosque/0/pictures/Kila_e_Shahjahan.jpg
Taj_Mahal,113197,0,commons/South_side_of_the_Taj_Mahal_Tomb_with_the_pool/0/pictures/Taj_Mahal_-Agra_-Uttar_Pradesh_-DSC_0009.jpg
Taj_Mahal,113197,0,commons/East_side_of_the_Taj_Mahal/0/pictures/Mahalagraintia.JPG
Taj_Mahal,113197,0,commons/Taj_Mahal_Complex_—_Mosque/0/pictures/Mah_10.JPG
Taj_Mahal,113197,0,commons/Remote_views_of_the_Taj_Mahal/0/pictures/Taj_Mahal_View.jpg
Taj_Mahal,113197,0,commons/Taj_Mahal_Complex_—_Tomb/0/pictures/The_Taj_Mahal_115.jpg
Taj_Mahal,113197,0,commons/South_side_of_the_Taj_Mahal_Tomb_with_the_pool/0/pictures/Taj_Mahal_09a_(2290346761).jpg
Taj_Mahal,113197,0,commons/East_side_of_the_Taj_Mahal/0/pictures/TAj.JPG
Taj_Mahal,113197,0,commons/South_side_of_the_Taj_Mahal_Tomb_with_the_pool/0/pictures/Taj_Mahal_12.jpg
Taj_Mahal,113197,0,commons/East_side_of_the_Taj_Mahal/0/pictures/THE_TAJ_MAHAL_front_view.JPG
Taj_Mahal,113197,0,commons/Taj_Mahal_Complex_—_Mosque/0/pictures/Masjid_on_Taj_West_Bright_Evening.JPG
Taj_Mahal,113197,0,commons/South_side_of_the_Taj_Mahal_Tomb_with_the_pool/0/pictures/Taj_Mahal_16_(Friar's_Balsam_Flickr).jpg
Taj_Mahal,113197,0,commons/East_side_of_the_Taj_Mahal/0/pictures/Side_View_of_Taj_Mahal.jpg
Taj_Mahal,113197,0,"commons/Taj_Mahal_Complex_—_Mosque/0/pictures/Detail_of_the_Taj_Mahal_mosque,_Agra,_India,_c._1943_(3688254511).jpg"
Taj_Mahal,113197,0,commons/South_side_of_the_Taj_Mahal_Tomb_with_the_pool/0/pictures/Taj_Mahal_19.jpg
Taj_Mahal,113197,0,commons/East_side_of_the_Taj_Mahal/0/pictures/Mah_9.JPG
Taj_Mahal,113197,0,commons/East_side_of_the_Taj_Mahal/0/pictures/Taj_001.jpg
Taj_Mahal,113197,0,commons/Taj_Mahal_Complex_—_Mosque/0/pictures/Its_one_of_mosque_in_the_complex_of_taj_mahal.jpg
Taj_Mahal,113197,0,commons/East_side_of_the_Taj_Mahal/0/pictures/Taj_002.jpg
Taj_Mahal,113197,0,commons/Taj_Mahal_Complex_—_Mosque/0/pictures/JAMUNA_RIVER_FROM_LEFT.jpg
Taj_Mahal,113197,0,"commons/South_side_of_the_Taj_Mahal_Tomb_with_the_pool/0/pictures/Taj_Mahal_2,_India.jpg"
Taj_Mahal,113197,0,commons/East_side_of_the_Taj_Mahal/0/pictures/Taj_10_(6639037289).jpg
Taj_Mahal,113197,0,"commons/Taj_Mahal_Complex_—_Mosque/0/pictures/Reflection_of_Jaan_mahal,_The_great_Taj_Mahal,_Agra.jpg"
Taj_Mahal,113197,0,commons/Remote_views_of_the_Taj_Mahal/0/pictures/Taj_Mahal_view_12.jpg
Taj_Mahal,113197,0,commons/Taj_Mahal_Complex_—_Tomb/0/pictures/The_Taj_Mahal_121.jpg
Taj_Mahal,113197,0,commons/South_side_of_the_Taj_Mahal_Tomb_with_the_pool/0/pictures/Taj_Mahal_20.jpg
Taj_Mahal,113197,0,commons/East_side_of_the_Taj_Mahal/0/pictures/Taj_3_(6639048217).jpg
Taj_Mahal,113197,0,commons/Taj_Mahal_Complex_—_Mosque/0/pictures/Mosque_beside_the_Taj_MahaL.JPG
Taj_Mahal,113197,0,commons/Remote_views_of_the_Taj_Mahal/0/pictures/Taj_Mahal_m6.jpg
Taj_Mahal,113197,0,commons/Taj_Mahal_Complex_—_Tomb/0/pictures/The_Taj_Mahal_1214.jpg
Taj_Mahal,113197,0,commons/South_side_of_the_Taj_Mahal_Tomb_with_the_pool/0/pictures/Taj_Mahal_20092010.jpg
Taj_Mahal,113197,0,commons/East_side_of_the_Taj_Mahal/0/pictures/Taj_Mahal_(2377312369).jpg
Taj_Mahal,113197,0,commons/Taj_Mahal_Complex_—_Mosque/0/pictures/Mosque_in_Taj_Mahal_Complex.jpg
Taj_Mahal,113197,0,commons/South_side_of_the_Taj_Mahal_Tomb_with_the_pool/0/pictures/Taj_Mahal_2012.jpg
Taj_Mahal,113197,0,commons/East_side_of_the_Taj_Mahal/0/pictures/Taj_Mahal_-_Left_Side_View.jpg
Taj_Mahal,113197,0,commons/Taj_Mahal_Complex_—_Mosque/0/pictures/Mosque_inside_Taj_Mahal.jpg
Taj_Mahal,113197,0,commons/South_side_of_the_Taj_Mahal_Tomb_with_the_pool/0/pictures/Taj_Mahal_2013.JPG
Taj_Mahal,113197,0,commons/East_side_of_the_Taj_Mahal/0/pictures/Taj_Mahal_04.jpg
Taj_Mahal,113197,0,commons/Taj_Mahal_Complex_—_Mosque/0/pictures/Mosque_near_TAJ.jpg
Taj_Mahal,113197,0,commons/South_side_of_the_Taj_Mahal_Tomb_with_the_pool/0/pictures/Taj_Mahal_2020.jpg
Taj_Mahal,113197,0,commons/East_side_of_the_Taj_Mahal/0/pictures/Taj_Mahal_1-Agra.JPG
Taj_Mahal,113197,0,commons/Taj_Mahal_Complex_—_Mosque/0/pictures/Sunset_over_the_Mosque_(5850313906).jpg
Taj_Mahal,113197,0,commons/South_side_of_the_Taj_Mahal_Tomb_with_the_pool/0/pictures/Taj_Mahal_991995.jpg
Taj_Mahal,113197,0,commons/Views_of_the_Taj_Mahal_Mausoleum_from_the_Jawab/0/pictures/Taj_Mahal_view_5.jpg
Taj_Mahal,113197,0,commons/East_side_of_the_Taj_Mahal/0/pictures/Taj_Mahal_2013_2.JPG
Taj_Mahal,113197,0,commons/Remote_views_of_the_Taj_Mahal/0/pictures/Taj_Mahal_straight_view.jpg
Taj_Mahal,113197,0,commons/Taj_Mahal_Complex_—_Tomb/0/pictures/The_Taj_Mahal_125.jpg
Taj_Mahal,113197,0,commons/South_side_of_the_Taj_Mahal_Tomb_with_the_pool/0/pictures/Taj_Mahal_Agra_DSC_0356.jpg
Taj_Mahal,113197,0,"commons/East_side_of_the_Taj_Mahal/0/pictures/Taj_Mahal_in_a_winter_morning,_UP.jpg"
Taj_Mahal,113197,0,commons/Taj_Mahal_Complex_—_Mosque/0/pictures/Mosquee.jpg
Taj_Mahal,113197,0,commons/South_side_of_the_Taj_Mahal_Tomb_with_the_pool/0/pictures/Taj_Mahal_Agra_DSC_0357.jpg
Taj_Mahal,113197,0,"commons/Views_of_the_Taj_Mahal_Mausoleum_from_the_Jawab/0/pictures/Taj_Mahal,_Agra,_India..JPG"
Taj_Mahal,113197,0,commons/East_side_of_the_Taj_Mahal/0/pictures/Taj_Mahal_Rear_Side.jpg
Taj_Mahal,113197,0,commons/Taj_Mahal_Complex_—_Mosque/0/pictures/Monument_of_India!.jpg
Taj_Mahal,113197,0,commons/Remote_views_of_the_Taj_Mahal/0/pictures/Taj_Mahal_view_13.jpg
Taj_Mahal,113197,0,commons/Taj_Mahal_Complex_—_Tomb/0/pictures/The_Taj_Mahal_ag03.jpg
Taj_Mahal,113197,0,commons/South_side_of_the_Taj_Mahal_Tomb_with_the_pool/0/pictures/Taj_Mahal_Agra_DSC_0371.jpg
Taj_Mahal,113197,0,"commons/Views_of_the_Taj_Mahal_Mausoleum_from_the_Jawab/0/pictures/Taj_Mahal,_UP.jpg"
Taj_Mahal,113197,0,commons/East_side_of_the_Taj_Mahal/0/pictures/Taj_Mahal_In_Sun_Light.jpg
Taj_Mahal,113197,0,commons/Taj_Mahal_Complex_—_Mosque/0/pictures/Prayer_Hall_beside_Taj_Mahal.jpg
Taj_Mahal,113197,0,commons/Remote_views_of_the_Taj_Mahal/0/pictures/Taj_Mahal_view_23.jpg
Taj_Mahal,113197,0,commons/Taj_Mahal_Complex_—_Tomb/0/pictures/The_Taj_Mahal_ag05.jpg
Taj_Mahal,113197,0,commons/South_side_of_the_Taj_Mahal_Tomb_with_the_pool/0/pictures/Taj_Mahal_Agra_DSC_0403.jpg
Taj_Mahal,113197,0,commons/Views_of_the_Taj_Mahal_Mausoleum_from_the_Jawab/0/pictures/Taj_Mahal-_from_the_west_Pavilion.JPG
Taj_Mahal,113197,0,commons/East_side_of_the_Taj_Mahal/0/pictures/Taj_Mahal_by_Tanweer.JPG
Taj_Mahal,113197,0,commons/Taj_Mahal_Complex_—_Mosque/0/pictures/Mosque_at_the_Taj_Mahal_(6612383449).jpg
Taj_Mahal,113197,0,commons/South_side_of_the_Taj_Mahal_Tomb_with_the_pool/0/pictures/Taj_Mahal_Agra_DSC_0400.jpg
Taj_Mahal,113197,0,commons/Views_of_the_Taj_Mahal_Mausoleum_from_the_Jawab/0/pictures/Taj_mahal_minaram.jpg
Taj_Mahal,113197,0,commons/East_side_of_the_Taj_Mahal/0/pictures/Taj_Mahal_form_the_right_side.JPG
Taj_Mahal,113197,0,commons/South_side_of_the_Taj_Mahal_Tomb_with_the_pool/0/pictures/Taj_Mahal_Agra_DSC_0402.jpg
Taj_Mahal,113197,0,commons/Views_of_the_Taj_Mahal_Mausoleum_from_the_Jawab/0/pictures/Taj30.JPG
Taj_Mahal,113197,0,commons/East_side_of_the_Taj_Mahal/0/pictures/Taj_Mahal_including_d_west_pole_with_a_flying_pigeon_(rare_pic).png
Taj_Mahal,113197,0,commons/Remote_views_of_the_Taj_Mahal/0/pictures/Taj_Mahal_view_10.jpg
Taj_Mahal,113197,0,commons/Taj_Mahal_Complex_—_Tomb/0/pictures/The_Taj_Mahal_ag23.jpg
Taj_Mahal,113197,0,commons/South_side_of_the_Taj_Mahal_Tomb_with_the_pool/0/pictures/Taj_Mahal_Agra_India_-_panoramio_(11).jpg
Taj_Mahal,113197,0,commons/Views_of_the_Taj_Mahal_Mausoleum_from_the_Jawab/0/pictures/Waah_Taj.JPG
Taj_Mahal,113197,0,commons/East_side_of_the_Taj_Mahal/0/pictures/Taj_dwar_e_khas.JPG
Taj_Mahal,113197,0,commons/Taj_Mahal_Complex_—_Mosque/0/pictures/THE_FACES_OF_AGRA.jpg
Taj_Mahal,113197,0,commons/Remote_views_of_the_Taj_Mahal/0/pictures/Taj_Mahal_view_14.jpg
Taj_Mahal,113197,0,commons/Taj_Mahal_Complex_—_Tomb/0/pictures/The_Taj_Mahal_main_building.jpg
Taj_Mahal,113197,0,commons/South_side_of_the_Taj_Mahal_Tomb_with_the_pool/0/pictures/Taj_Mahal_Agra_DSC_0408.jpg
Taj_Mahal,113197,0,commons/East_side_of_the_Taj_Mahal/0/pictures/Taj_from_a_nearby_chamber.JPG
Taj_Mahal,113197,0,commons/Taj_Mahal_Complex_—_Mosque/0/pictures/Taj_11.jpg
Taj_Mahal,113197,0,commons/Remote_views_of_the_Taj_Mahal/0/pictures/Taj_Mahal_view_24.jpg
Taj_Mahal,113197,0,commons/Taj_Mahal_Complex_—_Tomb/0/pictures/The_Taj_Mahal_main_building_(cropped-vertical).jpg
Taj_Mahal,113197,0,commons/South_side_of_the_Taj_Mahal_Tomb_with_the_pool/0/pictures/Taj_Mahal_Agra_India.jpg
Taj_Mahal,113197,0,commons/Views_of_the_Taj_Mahal_Mausoleum_from_the_Mosque/0/pictures/At_the_Taj_(26).jpg
Taj_Mahal,113197,0,commons/East_side_of_the_Taj_Mahal/0/pictures/Taj_Mahal-_right_side_view_02.jpg
Taj_Mahal,113197,0,"commons/Taj_Mahal_Complex_—_Mosque/0/pictures/Taj_Maha_Mosque_at_sunset,_Agra,_India.jpg"
Taj_Mahal,113197,0,commons/East_side_of_the_Taj_Mahal/0/pictures/Taj_Mahal-06.jpg
Taj_Mahal,113197,0,commons/South_side_of_the_Taj_Mahal_Tomb_with_the_pool/0/pictures/Taj_Mahal_At_Dawn.jpg
Taj_Mahal,113197,0,commons/Views_of_the_Taj_Mahal_Mausoleum_from_the_Mosque/0/pictures/Defining_Love.jpg
Taj_Mahal,113197,0,commons/East_side_of_the_Taj_Mahal/0/pictures/Taj_Mahal-Agra.JPG
Taj_Mahal,113197,0,commons/Taj_Mahal_Complex_—_Mosque/0/pictures/Taj_Mahal_(2378152912).jpg
Taj_Mahal,113197,0,commons/Remote_views_of_the_Taj_Mahal/0/pictures/Taj_Mahal_view_28.jpg
Taj_Mahal,113197,0,"commons/Taj_Mahal_Complex_—_Tomb/0/pictures/The_Taj_Mahal,_Agra,_India.JPG"
Taj_Mahal,113197,0,commons/East_side_of_the_Taj_Mahal/0/pictures/Taj_mahal_the_other_view.jpg
Taj_Mahal,113197,0,commons/Taj_Mahal_Complex_—_Mosque/0/pictures/Taj_Mahal_-_Mosque_(6970500698).jpg
Taj_Mahal,113197,0,commons/Remote_views_of_the_Taj_Mahal/0/pictures/Taj_Mahal_view_29.jpg
Taj_Mahal,113197,0,"commons/Taj_Mahal_Complex_—_Tomb/0/pictures/The_Taj_Mahal,_Agra_Photography.jpg"
Taj_Mahal,113197,0,commons/East_side_of_the_Taj_Mahal/0/pictures/Taj_Mahal's_love_on_sunset.JPG
Taj_Mahal,113197,0,commons/South_side_of_the_Taj_Mahal_Tomb_with_the_pool/0/pictures/Taj_Mahal_Classic_example_of_Symmetry_IMG_0109.JPG
Taj_Mahal,113197,0,"commons/East_side_of_the_Taj_Mahal/0/pictures/Taj_Mahal,_Agra,_India..JPG"
Taj_Mahal,113197,0,commons/Taj_Mahal_Complex_—_Mosque/0/pictures/Taj_Mahal_Complex.jpg
Taj_Mahal,113197,0,commons/South_side_of_the_Taj_Mahal_Tomb_with_the_pool/0/pictures/Taj_Mahal_By_Harsha.jpg
Taj_Mahal,113197,0,commons/East_side_of_the_Taj_Mahal/0/pictures/Taj_mahal_afternoon_picture.jpg
Taj_Mahal,113197,0,commons/Taj_Mahal_Complex_—_Mosque/0/pictures/Taj_Mahal_Dome_View_Front_n_birds.JPG
Taj_Mahal,113197,0,commons/South_side_of_the_Taj_Mahal_Tomb_with_the_pool/0/pictures/Taj_Mahal_Front_Gate.JPG
Taj_Mahal,113197,0,commons/East_side_of_the_Taj_Mahal/0/pictures/Taj_mahal_looks_like_jannat.JPG
Taj_Mahal,113197,0,commons/Taj_Mahal_Complex_—_Mosque/0/pictures/Taj_Mahal_Mosque_(2377313205).jpg
Taj_Mahal,113197,0,commons/South_side_of_the_Taj_Mahal_Tomb_with_the_pool/0/pictures/Taj_Mahal_Front.JPG
Taj_Mahal,113197,0,commons/East_side_of_the_Taj_Mahal/0/pictures/Taj15.JPG
Taj_Mahal,113197,0,commons/Taj_Mahal_Complex_—_Mosque/0/pictures/Taj_Mahal_Mosque_(2377316469).jpg
Taj_Mahal,113197,0,commons/East_side_of_the_Taj_Mahal/0/pictures/Taj_mahal_minaram.jpg
Taj_Mahal,113197,0,commons/Taj_Mahal_Complex_—_Mosque/0/pictures/Taj_Mahal_Mosque_in_Agra.jpg
Taj_Mahal,113197,0,commons/East_side_of_the_Taj_Mahal/0/pictures/TajMahal_02.JPG
Taj_Mahal,113197,0,commons/Taj_Mahal_Complex_—_Mosque/0/pictures/Taj_Mahal_Mosque_2017_Contre-jour_03.jpg
Taj_Mahal,113197,0,commons/South_side_of_the_Taj_Mahal_Tomb_with_the_pool/0/pictures/Taj_Mahal_India.jpg
Taj_Mahal,113197,0,commons/East_side_of_the_Taj_Mahal/0/pictures/TajMahal5.JPG
Taj_Mahal,113197,0,commons/Taj_Mahal_Complex_—_Mosque/0/pictures/Taj_Mahal_Mosque_2017_Contre-jour_04.jpg
Taj_Mahal,113197,0,commons/Remote_views_of_the_Taj_Mahal/0/pictures/Taj_Mahal_view_30.jpg
Taj_Mahal,113197,0,commons/Taj_Mahal_Complex_—_Tomb/0/pictures/The_Tajmahal_in_Agra.02.jpg
Taj_Mahal,113197,0,commons/South_side_of_the_Taj_Mahal_Tomb_with_the_pool/0/pictures/Taj_Mahal_June_2006.JPG
Taj_Mahal,113197,0,commons/East_side_of_the_Taj_Mahal/0/pictures/Taj-sunset.jpg
Taj_Mahal,113197,0,commons/Taj_Mahal_Complex_—_Mosque/0/pictures/Taj_Mahal_Mosque-II_IMG_0147.JPG
Taj_Mahal,113197,0,commons/Remote_views_of_the_Taj_Mahal/0/pictures/Taj_Mahal_view_4.jpg
Taj_Mahal,113197,0,commons/South_side_of_the_Taj_Mahal_Tomb_with_the_pool/0/pictures/Taj_Mahal_Closeup_view.jpg
Taj_Mahal,113197,0,commons/East_side_of_the_Taj_Mahal/0/pictures/Taj..._Pride_of_India.JPG
Taj_Mahal,113197,0,commons/Taj_Mahal_Complex_—_Mosque/0/pictures/Taj_Mahal_Mosque_2017_Contre-jour_06.jpg
Taj_Mahal,113197,0,commons/Remote_views_of_the_Taj_Mahal/0/pictures/Taj_Mahal_view_8.jpg
Taj_Mahal,113197,0,commons/Taj_Mahal_Complex_—_Tomb/0/pictures/The_Tajmahal_in_Agra.04.jpg
Taj_Mahal,113197,0,commons/South_side_of_the_Taj_Mahal_Tomb_with_the_pool/0/pictures/Taj_Mahal_HD.jpg
Taj_Mahal,113197,0,commons/Views_of_the_Taj_Mahal_Mausoleum_from_the_Mosque/0/pictures/Taj_Mahal_view_15.jpg
Taj_Mahal,113197,0,commons/East_side_of_the_Taj_Mahal/0/pictures/Taj_Mahal_sunset.jpg
Taj_Mahal,113197,0,commons/Taj_Mahal_Complex_—_Mosque/0/pictures/Taj_Mahal_Mosque-IV_IMG_0151.JPG
Taj_Mahal,113197,0,commons/South_side_of_the_Taj_Mahal_Tomb_with_the_pool/0/pictures/Taj_Mahal_March_2012.jpg
Taj_Mahal,113197,0,commons/East_side_of_the_Taj_Mahal/0/pictures/The_Symbol_of_Love.JPG
Taj_Mahal,113197,0,commons/Taj_Mahal_Complex_—_Mosque/0/pictures/Taj_Mahal_Mosque_IMG_0143.JPG
Taj_Mahal,113197,0,commons/South_side_of_the_Taj_Mahal_Tomb_with_the_pool/0/pictures/Taj_Mahal_Monument.jpg
Taj_Mahal,113197,0,commons/East_side_of_the_Taj_Mahal/0/pictures/Taj_from_our_perspective.JPG
Taj_Mahal,113197,0,"commons/South_side_of_the_Taj_Mahal_Tomb_with_the_pool/0/pictures/Taj_Mahal_Sonnenaufgang,_sunrise.jpg"
Taj_Mahal,113197,0,commons/East_side_of_the_Taj_Mahal/0/pictures/Taj-mahal-3.jpg
Taj_Mahal,113197,0,commons/Taj_Mahal_Complex_—_Mosque/0/pictures/Taj_Mahal_agra_27.JPG
Taj_Mahal,113197,0,commons/East_side_of_the_Taj_Mahal/0/pictures/TajMahalIndiaAgra.jpg
Taj_Mahal,113197,0,commons/Remote_views_of_the_Taj_Mahal/0/pictures/Taj_Mahal_view_5.jpg
Taj_Mahal,113197,0,commons/Taj_Mahal_Complex_—_Tomb/0/pictures/The_beautiful_Taj_Mahal.jpg
Taj_Mahal,113197,0,commons/South_side_of_the_Taj_Mahal_Tomb_with_the_pool/0/pictures/Taj_Mahal_The_Symbol_Of_True_Love.jpg
Taj_Mahal,113197,0,commons/East_side_of_the_Taj_Mahal/0/pictures/Tajmahalindiaagrassa.jpg
Taj_Mahal,113197,0,commons/Taj_Mahal_Complex_—_Mosque/0/pictures/Taj_Mahal_Mosque_২.jpg
Taj_Mahal,113197,0,commons/Remote_views_of_the_Taj_Mahal/0/pictures/Taj_Mahal_view_7.jpg
Taj_Mahal,113197,0,commons/Taj_Mahal_Complex_—_Tomb/0/pictures/The_beauty_of_the_Taj.JPG
Taj_Mahal,113197,0,commons/South_side_of_the_Taj_Mahal_Tomb_with_the_pool/0/pictures/Taj_Mahal_Sunset_Nitya.jpg
Taj_Mahal,113197,0,commons/East_side_of_the_Taj_Mahal/0/pictures/The_Epic_Taj_Mahal.JPG
Taj_Mahal,113197,0,"commons/Taj_Mahal_Complex_—_Mosque/0/pictures/Taj_Mahal_Mosque_2,_Agra,_India.jpg"
Taj_Mahal,113197,0,"commons/Remote_views_of_the_Taj_Mahal/0/pictures/Taj_Mahal,_Agra_-_Visit_During_WCI_2016_(17).jpg"
Taj_Mahal,113197,0,commons/Taj_Mahal_Complex_—_Tomb/0/pictures/The_great_TAJ_MAHAL.jpg
Taj_Mahal,113197,0,commons/South_side_of_the_Taj_Mahal_Tomb_with_the_pool/0/pictures/Taj_Mahal_Spiegel.JPG
Taj_Mahal,113197,0,commons/East_side_of_the_Taj_Mahal/0/pictures/Taj30.JPG
Taj_Mahal,113197,0,"commons/Taj_Mahal_Complex_—_Mosque/0/pictures/Taj_Mahal_Mosque,_Agra.jpg"
Taj_Mahal,113197,0,commons/South_side_of_the_Taj_Mahal_Tomb_with_the_pool/0/pictures/Taj_Mahal_agra_09.JPG
Taj_Mahal,113197,0,commons/East_side_of_the_Taj_Mahal/0/pictures/The_TAJ_Mahal.jpg
Taj_Mahal,113197,0,commons/South_side_of_the_Taj_Mahal_Tomb_with_the_pool/0/pictures/Taj_Mahal_agra_08.JPG
Taj_Mahal,113197,0,commons/East_side_of_the_Taj_Mahal/0/pictures/The_TAJ.JPG
Taj_Mahal,113197,0,commons/Taj_Mahal_Complex_—_Mosque/0/pictures/Taj_Mahal_Mosque_2017_Contre-jour_05.jpg
Taj_Mahal,113197,0,commons/South_side_of_the_Taj_Mahal_Tomb_with_the_pool/0/pictures/Taj_Mahal_agra_06.JPG
Taj_Mahal,113197,0,commons/East_side_of_the_Taj_Mahal/0/pictures/The_Tajmahal.JPG
Taj_Mahal,113197,0,"commons/Taj_Mahal_Complex_—_Mosque/0/pictures/Taj_Mahal_mosque,_India,_2013-03_(11551545825).jpg"
Taj_Mahal,113197,0,commons/East_side_of_the_Taj_Mahal/0/pictures/The_beautiful_giant.JPG
Taj_Mahal,113197,0,"commons/Taj_Mahal_Complex_—_Mosque/0/pictures/Taj_Mahal_mosque,_India,_2013-03_(11551740433).jpg"
Taj_Mahal,113197,0,commons/South_side_of_the_Taj_Mahal_Tomb_with_the_pool/0/pictures/Taj_Mahal_agra_12.JPG
Taj_Mahal,113197,0,commons/East_side_of_the_Taj_Mahal/0/pictures/The_Taj_Mahal_ag01.jpg
Taj_Mahal,113197,0,commons/Taj_Mahal_Complex_—_Mosque/0/pictures/Taj_Mahal_Mosque-V_IMG_0152.JPG
Taj_Mahal,113197,0,commons/East_side_of_the_Taj_Mahal/0/pictures/The_Taj_Mahal_against_the_setting_sun.JPG
Taj_Mahal,113197,0,commons/Taj_Mahal_Complex_—_Mosque/0/pictures/Taj_Mahal_Mosque.jpg
Taj_Mahal,113197,0,"commons/Remote_views_of_the_Taj_Mahal/0/pictures/Taj_Mahal,_Agra_128.jpg"
Taj_Mahal,113197,0,"commons/Taj_Mahal_Complex_—_Tomb/0/pictures/The_great_Taj_Mahal,_Agra4.jpg"
Taj_Mahal,113197,0,commons/South_side_of_the_Taj_Mahal_Tomb_with_the_pool/0/pictures/Taj_Mahal_agra_17.JPG
Taj_Mahal,113197,0,commons/East_side_of_the_Taj_Mahal/0/pictures/The_Taj_Mahal..jpg
Taj_Mahal,113197,0,commons/Taj_Mahal_Complex_—_Mosque/0/pictures/Taj_Mahal_agra_25.JPG
Taj_Mahal,113197,0,"commons/Remote_views_of_the_Taj_Mahal/0/pictures/Taj_Mahal,_Agra_-_Visit_During_WCI_2016_(16).jpg"
Taj_Mahal,113197,0,"commons/Taj_Mahal_Complex_—_Tomb/0/pictures/The_great_Taj_Mahal,_Agra3.jpg"
Taj_Mahal,113197,0,commons/South_side_of_the_Taj_Mahal_Tomb_with_the_pool/0/pictures/Taj_Mahal_agra_15.JPG
Taj_Mahal,113197,0,commons/East_side_of_the_Taj_Mahal/0/pictures/The_Taj_from_behind.JPG
Taj_Mahal,113197,0,commons/Taj_Mahal_Complex_—_Mosque/0/pictures/Taj_Mahal_Mosque_by_KBS.JPG
Taj_Mahal,113197,0,"commons/Remote_views_of_the_Taj_Mahal/0/pictures/Taj_Mahal,_Agra_134.jpg"
Taj_Mahal,113197,0,commons/Taj_Mahal_Complex_—_Tomb/0/pictures/The_iconic_Taj_Mahal.jpg
Taj_Mahal,113197,0,commons/South_side_of_the_Taj_Mahal_Tomb_with_the_pool/0/pictures/Taj_Mahal_agra_16.JPG
Taj_Mahal,113197,0,commons/East_side_of_the_Taj_Mahal/0/pictures/Where_the_heavens_bow_down_to_Love.JPG
Taj_Mahal,113197,0,commons/Taj_Mahal_Complex_—_Mosque/0/pictures/Taj_Mahal_agra_28.JPG
Taj_Mahal,113197,0,commons/East_side_of_the_Taj_Mahal/0/pictures/താജ്_മഹൽ2013.jpeg
Taj_Mahal,113197,0,commons/Taj_Mahal_Complex_—_Mosque/0/pictures/Taj_Mahal_and_grounds_Kali_Masjid_and_enclosure_wall1.jpg
Taj_Mahal,113197,0,"commons/Remote_views_of_the_Taj_Mahal/0/pictures/Taj_Mahal,_Agra_-_Visit_During_WCI_2016_(78).jpg"
Taj_Mahal,113197,0,commons/Taj_Mahal_Complex_—_Tomb/0/pictures/The_main_Mausoleum.JPG
Taj_Mahal,113197,0,commons/South_side_of_the_Taj_Mahal_Tomb_with_the_pool/0/pictures/Taj_Mahal_and_grounds_-_Khan-i-Alam_Bagh.jpg
Taj_Mahal,113197,0,"commons/East_side_of_the_Taj_Mahal/0/pictures/The_taj_,_pride_of_india.jpg"
Taj_Mahal,113197,0,commons/Taj_Mahal_Complex_—_Mosque/0/pictures/Taj_Mahal_and_grounds_Kali_Masjid_and_enclosure_wall.jpg
Taj_Mahal,113197,0,"commons/Remote_views_of_the_Taj_Mahal/0/pictures/Taj_Mahal,_Agra_-_Visit_During_WCI_2016_(79).jpg"
Taj_Mahal,113197,0,"commons/Taj_Mahal_Complex_—_Tomb/0/pictures/The_majestic_Taj_Mahal,_Agra.jpg"
Taj_Mahal,113197,0,commons/South_side_of_the_Taj_Mahal_Tomb_with_the_pool/0/pictures/Taj_Mahal_at_Sunrise_IMG_6028.jpg
Taj_Mahal,113197,0,commons/East_side_of_the_Taj_Mahal/0/pictures/Under_an_Arch.jpg
Taj_Mahal,113197,0,commons/Taj_Mahal_Complex_—_Mosque/0/pictures/Taj_Mahal_mosque_sideview.JPG
Taj_Mahal,113197,0,"commons/Remote_views_of_the_Taj_Mahal/0/pictures/Taj_Mahal,_Agra_-_Visit_During_WCI_2016_(81).jpg"
Taj_Mahal,113197,0,commons/Taj_Mahal_Complex_—_Tomb/0/pictures/The_ivory_white_monument.jpg
Taj_Mahal,113197,0,commons/South_side_of_the_Taj_Mahal_Tomb_with_the_pool/0/pictures/Taj_Mahal_during_dusk.jpg
Taj_Mahal,113197,0,commons/East_side_of_the_Taj_Mahal/0/pictures/Waah_Taj.JPG
Taj_Mahal,113197,0,"commons/Taj_Mahal_Complex_—_Mosque/0/pictures/Taj_Mahal_mosque,_2012.jpg"
Taj_Mahal,113197,0,commons/South_side_of_the_Taj_Mahal_Tomb_with_the_pool/0/pictures/Taj_Mahal_during_the_sunset_01.jpg
Taj_Mahal,113197,0,commons/East_side_of_the_Taj_Mahal/0/pictures/Wah_Tajmahal.jpg
Taj_Mahal,113197,0,commons/Taj_Mahal_Complex_—_Mosque/0/pictures/Taj_Mahal_Mosque-III_IMG_0150.JPG
Taj_Mahal,113197,0,"commons/Remote_views_of_the_Taj_Mahal/0/pictures/Taj_Mahal,_Agra_129.jpg"
Taj_Mahal,113197,0,commons/Taj_Mahal_Complex_—_Tomb/0/pictures/The_monument_of_immortal_love.jpg
Taj_Mahal,113197,0,commons/South_side_of_the_Taj_Mahal_Tomb_with_the_pool/0/pictures/Taj_Mahal_by_Gafoor.jpg
Taj_Mahal,113197,0,commons/East_side_of_the_Taj_Mahal/0/pictures/The_Taj_MAHAL.jpg
Taj_Mahal,113197,0,commons/Taj_Mahal_Complex_—_Mosque/0/pictures/Taj_Mahal_Mosque_2017_Contre-jour.jpg
Taj_Mahal,113197,0,commons/South_side_of_the_Taj_Mahal_Tomb_with_the_pool/0/pictures/Taj_Mahal_by_anurag.jpg
Taj_Mahal,113197,0,commons/East_side_of_the_Taj_Mahal/0/pictures/Wonderful_Taj_Mahal.jpg
Taj_Mahal,113197,0,"commons/Taj_Mahal_Complex_—_Mosque/0/pictures/Taj_Mahal,_Agra,_Uttar_Pradesh_hs-110.jpg"
Taj_Mahal,113197,0,"commons/Remote_views_of_the_Taj_Mahal/0/pictures/Taj_Mahal,_Agra_-_Visit_During_WCI_2016_(18).jpg"
Taj_Mahal,113197,0,commons/Taj_Mahal_Complex_—_Tomb/0/pictures/The_octahedron.JPG
Taj_Mahal,113197,0,commons/South_side_of_the_Taj_Mahal_Tomb_with_the_pool/0/pictures/Taj_Mahal_for_love.jpg
Taj_Mahal,113197,0,commons/Exterior_decoration_of_the_Taj_Mahal/0/pictures/3rd_EYE_PERPECTIVE.JPG
Taj_Mahal,113197,0,commons/Taj_Mahal_Complex_—_Mosque/0/pictures/Taj_Mahal_mosque-2.jpg
Taj_Mahal,113197,0,"commons/Remote_views_of_the_Taj_Mahal/0/pictures/Taj_Mahal,_Agra_135.jpg"
Taj_Mahal,113197,0,commons/Taj_Mahal_Complex_—_Tomb/0/pictures/The_morning_bliss_at_Taj.jpg
Taj_Mahal,113197,0,commons/South_side_of_the_Taj_Mahal_Tomb_with_the_pool/0/pictures/Taj_Mahal_from_agra.jpg
Taj_Mahal,113197,0,commons/Exterior_decoration_of_the_Taj_Mahal/0/pictures/@Taj_mahal.jpg
Taj_Mahal,113197,0,commons/Taj_Mahal_Complex_—_Mosque/0/pictures/Taj_Mahal_mosque._01.jpg
Taj_Mahal,113197,0,"commons/Remote_views_of_the_Taj_Mahal/0/pictures/Taj_Mahal,_Agra_14.jpg"
Taj_Mahal,113197,0,commons/Taj_Mahal_Complex_—_Tomb/0/pictures/The_majestic_Taj_Mahal.jpg
Taj_Mahal,113197,0,commons/South_side_of_the_Taj_Mahal_Tomb_with_the_pool/0/pictures/Taj_Mahal_front_scene.jpg
Taj_Mahal,113197,0,commons/Exterior_decoration_of_the_Taj_Mahal/0/pictures/A_close_up_view_of_the_Taj_Mahal's_dome_and_the_platform_supporting_it..jpg
Taj_Mahal,113197,0,commons/Taj_Mahal_Complex_—_Mosque/0/pictures/Taj_Mahal_mosque._02.jpg
Taj_Mahal,113197,0,commons/Exterior_decoration_of_the_Taj_Mahal/0/pictures/Aahyatein_of_TAJ_Mahal_Gate.JPG
Taj_Mahal,113197,0,commons/South_side_of_the_Taj_Mahal_Tomb_with_the_pool/0/pictures/Taj_Mahal_in_March_2004.jpg
Taj_Mahal,113197,0,commons/East_side_of_the_Taj_Mahal/0/pictures/The_other_side_of_Taj.JPG
Taj_Mahal,113197,0,commons/Exterior_decoration_of_the_Taj_Mahal/0/pictures/A_rainy_day_at_The_Taj_Mahal.jpg
Taj_Mahal,113197,0,"commons/Taj_Mahal_Complex_—_Mosque/0/pictures/Taj_Mahal,_Agra,_India_(21198543251).jpg"
Taj_Mahal,113197,0,"commons/Exterior_decoration_of_the_Taj_Mahal/0/pictures/Agra,_Taj_Mahal_(2002)_26.jpg"
Taj_Mahal,113197,0,commons/South_side_of_the_Taj_Mahal_Tomb_with_the_pool/0/pictures/Taj_Mahal_with_Central_Water_Tank_-_South_Facade_-_Agra_2014-05-14_3775.JPG
Taj_Mahal,113197,0,"commons/Exterior_decoration_of_the_Taj_Mahal/0/pictures/Agra,_Taj_Mahal_(2002)_03.jpg"
Taj_Mahal,113197,0,commons/Taj_Mahal_Complex_—_Mosque/0/pictures/Taj_mahal_guest_rooms.JPG
Taj_Mahal,113197,0,commons/Exterior_decoration_of_the_Taj_Mahal/0/pictures/Art_work_on_taj_1.jpg
Taj_Mahal,113197,0,commons/Taj_Mahal_Complex_—_Mosque/0/pictures/Taj_mahal(back_side)_historical_masterpiece.JPG
Taj_Mahal,113197,0,commons/Exterior_decoration_of_the_Taj_Mahal/0/pictures/Art_work_on_taj_3.jpg
Taj_Mahal,113197,0,"commons/Taj_Mahal_Complex_—_Mosque/0/pictures/The_Taj_Mahal_Mosque,_Agra,_Uttar_Pradesh,_India.JPG"
Taj_Mahal,113197,0,commons/Exterior_decoration_of_the_Taj_Mahal/0/pictures/Art_work_on_taj_wall.jpg
Taj_Mahal,113197,0,commons/Taj_Mahal_Complex_—_Mosque/0/pictures/The_Taj_Mahal_Mosque.JPG
Taj_Mahal,113197,0,"commons/South_side_of_the_Taj_Mahal_Tomb_with_the_pool/0/pictures/Taj_Mahal,_Agra_(3998446710).jpg"
Taj_Mahal,113197,0,commons/Water_reflections_at_the_Taj_Mahal/0/pictures/Agra-Taj_Mahal-56-Suedseite-2018-gje.jpg
Taj_Mahal,113197,0,commons/Exterior_decoration_of_the_Taj_Mahal/0/pictures/Art_work_on_taj.jpg
Taj_Mahal,113197,0,"commons/Taj_Mahal_Complex_—_Mosque/0/pictures/Taj_Mahal,_Agra,_Uttar_Pradesh_te-110.jpg"
Taj_Mahal,113197,0,commons/South_side_of_the_Taj_Mahal_Tomb_with_the_pool/0/pictures/Taj_Mahal_with_Watercourse_-_South_Facade_-_Agra_2014-05-14_3971.JPG
Taj_Mahal,113197,0,commons/Exterior_decoration_of_the_Taj_Mahal/0/pictures/At_the_Taj.jpg
Taj_Mahal,113197,0,commons/Taj_Mahal_Complex_—_Mosque/0/pictures/The_Taj_complex.jpg
Taj_Mahal,113197,0,"commons/South_side_of_the_Taj_Mahal_Tomb_with_the_pool/0/pictures/Taj_Mahal,_Agra_19.jpg"
Taj_Mahal,113197,0,commons/Exterior_decoration_of_the_Taj_Mahal/0/pictures/Carving_on_taj.JPG
Taj_Mahal,113197,0,"commons/Taj_Mahal_Complex_—_Mosque/0/pictures/Taj_Mahal,_Agra,_Uttar_Pradesh_te-111.jpg"
Taj_Mahal,113197,0,commons/Exterior_decoration_of_the_Taj_Mahal/0/pictures/Carvings_in_the_taj.JPG
Taj_Mahal,113197,0,commons/Taj_Mahal_Complex_—_Mosque/0/pictures/The_masjid_on_the_western_side.JPG
Taj_Mahal,113197,0,commons/Exterior_decoration_of_the_Taj_Mahal/0/pictures/Banke_bihari_(361).JPG
Taj_Mahal,113197,0,commons/Taj_Mahal_Complex_—_Mosque/0/pictures/TajMosque.jpg
Taj_Mahal,113197,0,"commons/South_side_of_the_Taj_Mahal_Tomb_with_the_pool/0/pictures/Taj_Mahal,_Agra_views_from_around_(13).JPG"
Taj_Mahal,113197,0,commons/Exterior_decoration_of_the_Taj_Mahal/0/pictures/Banke_bihari_(363).JPG
Taj_Mahal,113197,0,"commons/South_side_of_the_Taj_Mahal_Tomb_with_the_pool/0/pictures/Taj_Mahal,_Agra_views_from_around_(16).JPG"
Taj_Mahal,113197,0,commons/Exterior_decoration_of_the_Taj_Mahal/0/pictures/Brilliance_detailed.JPG
Taj_Mahal,113197,0,commons/Taj_Mahal_Complex_—_Mosque/0/pictures/Tajmahal_side_view_Mausoleum_in_Agra_2.jpg
Taj_Mahal,113197,0,commons/Exterior_decoration_of_the_Taj_Mahal/0/pictures/Calligraphy'.jpg
Taj_Mahal,113197,0,commons/Taj_Mahal_Complex_—_Mosque/0/pictures/With_the_sun_shining_ablaze.jpg
Taj_Mahal,113197,0,"commons/South_side_of_the_Taj_Mahal_Tomb_with_the_pool/0/pictures/Taj_Mahal,_Agra_views_from_around_(85).JPG"
Taj_Mahal,113197,0,commons/Exterior_decoration_of_the_Taj_Mahal/0/pictures/Design_in_the_wall_of_Taj_Mahal.JPG
Taj_Mahal,113197,0,"commons/Taj_Mahal_Complex_—_Mosque/0/pictures/The_Mosque_at_the_Taj_Mahal,Agra.jpg"
Taj_Mahal,113197,0,commons/Exterior_decoration_of_the_Taj_Mahal/0/pictures/Banke_bihaTaj_Mahalri_(302).JPG
Taj_Mahal,113197,0,commons/Taj_Mahal_Complex_—_Mosque/0/pictures/泰姬瑪哈陵353.jpg
Taj_Mahal,113197,0,commons/Exterior_decoration_of_the_Taj_Mahal/0/pictures/Banke_bihari_(360).JPG
Taj_Mahal,113197,0,commons/Taj_Mahal_Complex_—_Mosque/0/pictures/Taj_mosque.JPG
Taj_Mahal,113197,0,"commons/South_side_of_the_Taj_Mahal_Tomb_with_the_pool/0/pictures/Taj_Mahal,_Agra,_India_edit3.jpg"
Taj_Mahal,113197,0,commons/Exterior_decoration_of_the_Taj_Mahal/0/pictures/Decoration_Art_at_Taj_Mahal.JPG
Taj_Mahal,113197,0,commons/Taj_Mahal_Complex_—_Mosque/0/pictures/The_great_Taj_Mahal.JPG
Taj_Mahal,113197,0,commons/Exterior_decoration_of_the_Taj_Mahal/0/pictures/Facade_in_perspective.jpg
Taj_Mahal,113197,0,commons/Taj_Mahal_Complex_—_Mosque/0/pictures/The_guardian_of_L()VE_...jpg
Taj_Mahal,113197,0,commons/Exterior_decoration_of_the_Taj_Mahal/0/pictures/Drawings_on_the_wall.jpg
Taj_Mahal,113197,0,commons/Taj_Mahal_Complex_—_Mosque/0/pictures/West_Side_Masjid_-_Taj_Mahal.jpg
Taj_Mahal,113197,0,"commons/South_side_of_the_Taj_Mahal_Tomb_with_the_pool/0/pictures/Taj_Mahal,_Agra,_Up_2.jpg"
Taj_Mahal,113197,0,commons/Water_reflections_at_the_Taj_Mahal/0/pictures/Taj_04.jpg
Taj_Mahal,113197,0,commons/Exterior_decoration_of_the_Taj_Mahal/0/pictures/CornerOfTaj.jpg
Taj_Mahal,113197,0,commons/Taj_Mahal_Complex_—_Mosque/0/pictures/Tajmahal_t005.jpg
Taj_Mahal,113197,0,"commons/South_side_of_the_Taj_Mahal_Tomb_with_the_pool/0/pictures/Taj_Mahal,_Agra,_Uttar_Pradesh_hs-127.jpg"
Taj_Mahal,113197,0,commons/Water_reflections_at_the_Taj_Mahal/0/pictures/Taj_13_(6639039941).jpg
Taj_Mahal,113197,0,commons/Exterior_decoration_of_the_Taj_Mahal/0/pictures/El_Taj_Mahal-Agra_India0013.JPG
Taj_Mahal,113197,0,"commons/Taj_Mahal_Complex_—_Mosque/0/pictures/The_Mosque,_Taj_Mahal.jpg"
Taj_Mahal,113197,0,"commons/South_side_of_the_Taj_Mahal_Tomb_with_the_pool/0/pictures/Taj_Mahal,_Agra,_Uttar_Pradesh_hs-20.jpg"
Taj_Mahal,113197,0,commons/Exterior_decoration_of_the_Taj_Mahal/0/pictures/El_Taj_Mahal-Agra_India0020.JPG
Taj_Mahal,113197,0,"commons/Taj_Mahal_Complex_—_Mosque/0/pictures/The_Red_Stone_Mosque_,_Agra.JPG"
Taj_Mahal,113197,0,"commons/South_side_of_the_Taj_Mahal_Tomb_with_the_pool/0/pictures/Taj_Mahal,_Agra,_Uttar_Pradesh_hs-21.jpg"
Taj_Mahal,113197,0,commons/Exterior_decoration_of_the_Taj_Mahal/0/pictures/Design_in_the_inner_side_of_Dome_of_Sirhi_Darwaja.JPG
Taj_Mahal,113197,0,commons/Taj_Mahal_Complex_—_Mosque/0/pictures/泰姬瑪哈陵364.jpg
Taj_Mahal,113197,0,commons/Exterior_decoration_of_the_Taj_Mahal/0/pictures/India_Taj_Mahal_(06).jpg
Taj_Mahal,113197,0,commons/Taj_Mahal_Complex_—_Tomb/0/pictures/2_Taj_Mahal.jpg
Taj_Mahal,113197,0,commons/Exterior_decoration_of_the_Taj_Mahal/0/pictures/India-6154_-_Flickr_-_archer10_(Dennis).jpg
Taj_Mahal,113197,0,commons/Taj_Mahal_Complex_—_Mosque/0/pictures/WONDER_02.jpg
Taj_Mahal,113197,0,commons/Exterior_decoration_of_the_Taj_Mahal/0/pictures/India-6210_-_Details_of_the_Taj_Mahal_-_Flickr_-_archer10_(Dennis).jpg
Taj_Mahal,113197,0,commons/Taj_Mahal_Complex_—_Tomb/0/pictures/Approaching_Taj_Mahal.jpg
Taj_Mahal,113197,0,commons/Exterior_decoration_of_the_Taj_Mahal/0/pictures/Inscriptions_from_the_Koran.jpg
Taj_Mahal,113197,0,commons/Taj_Mahal_Complex_—_Tomb/0/pictures/AGRA_TAJ.jpg
Taj_Mahal,113197,0,commons/Exterior_decoration_of_the_Taj_Mahal/0/pictures/Mumtaj_tomb.JPG
Taj_Mahal,113197,0,commons/Taj_Mahal_Complex_—_Tomb/0/pictures/Agra_TajMahal.jpg
Taj_Mahal,113197,0,commons/Exterior_decoration_of_the_Taj_Mahal/0/pictures/My_tajmahal.JPG
Taj_Mahal,113197,0,"commons/South_side_of_the_Taj_Mahal_Tomb_with_the_pool/0/pictures/Taj_Mahal,_Agra,_Uttar_Pradesh_s-26.jpg"
Taj_Mahal,113197,0,commons/Exterior_decoration_of_the_Taj_Mahal/0/pictures/PB170057.JPG
Taj_Mahal,113197,0,commons/Taj_Mahal_Complex_—_Tomb/0/pictures/Agra_tajmahal_prespective_view1.jpg
Taj_Mahal,113197,0,commons/Exterior_decoration_of_the_Taj_Mahal/0/pictures/Part_of_Taj_Mahal.jpg
Taj_Mahal,113197,0,commons/Taj_Mahal_Complex_—_Tomb/0/pictures/Banke_bihari_(362).JPG
Taj_Mahal,113197,0,"commons/South_side_of_the_Taj_Mahal_Tomb_with_the_pool/0/pictures/Taj_Mahal,_Agra,_Uttar_Pradesh_te-127.jpg"
Taj_Mahal,113197,0,commons/Exterior_decoration_of_the_Taj_Mahal/0/pictures/Massive_Arch.jpg
Taj_Mahal,113197,0,commons/Taj_Mahal_Complex_—_Tomb/0/pictures/Beauty_called_Taj_Mahal.jpg
Taj_Mahal,113197,0,commons/Exterior_decoration_of_the_Taj_Mahal/0/pictures/Taj_Gate.jpg
Taj_Mahal,113197,0,commons/Taj_Mahal_Complex_—_Tomb/0/pictures/Amazing_detailed_work_on_marble_at_Taj_Mahal.jpg
Taj_Mahal,113197,0,commons/Exterior_decoration_of_the_Taj_Mahal/0/pictures/TAJ'S_SIDE_PHOTO.JPG
Taj_Mahal,113197,0,commons/Taj_Mahal_Complex_—_Tomb/0/pictures/Awe_-_Inspiring.jpg
Taj_Mahal,113197,0,"commons/Exterior_decoration_of_the_Taj_Mahal/0/pictures/TAJMAHAL,AGRA.JPG"
Taj_Mahal,113197,0,commons/Taj_Mahal_Complex_—_Tomb/0/pictures/Close_look_at_Taj_Mahal2.jpg
Taj_Mahal,113197,0,commons/Exterior_decoration_of_the_Taj_Mahal/0/pictures/Taj_5_agost_05.jpg
Taj_Mahal,113197,0,commons/Taj_Mahal_Complex_—_Tomb/0/pictures/Back_View_of_Taj_Mahal.jpg
Taj_Mahal,113197,0,commons/Exterior_decoration_of_the_Taj_Mahal/0/pictures/Taj_Arch.jpg
Taj_Mahal,113197,0,commons/Taj_Mahal_Complex_—_Tomb/0/pictures/Back_view_of_Taj.jpg
Taj_Mahal,113197,0,commons/Exterior_decoration_of_the_Taj_Mahal/0/pictures/Right_view_of_Taj_Mahal.jpg
Taj_Mahal,113197,0,"commons/Taj_Mahal_Complex_—_Tomb/0/pictures/Agra,_India_Taj_Mahal_(368617474).jpg"
Taj_Mahal,113197,0,commons/Exterior_decoration_of_the_Taj_Mahal/0/pictures/Taj_Mahal_(1952)_(16685699428).jpg
Taj_Mahal,113197,0,commons/Taj_Mahal_Complex_—_Tomb/0/pictures/Beauty_behind_the_boondh.jpg
Taj_Mahal,113197,0,commons/Exterior_decoration_of_the_Taj_Mahal/0/pictures/Taj_Mahal_1_by_alexfurr.jpg
Taj_Mahal,113197,0,commons/Taj_Mahal_Complex_—_Tomb/0/pictures/Bright_tajmahal.jpg
Taj_Mahal,113197,0,commons/Exterior_decoration_of_the_Taj_Mahal/0/pictures/Taj_Mahal_2_by_alexfurr.jpg
Taj_Mahal,113197,0,"commons/Taj_Mahal_Complex_—_Tomb/0/pictures/Build_with_love_&_affection,_Taj_Mahal.jpg"
Taj_Mahal,113197,0,commons/Exterior_decoration_of_the_Taj_Mahal/0/pictures/Taj_Mahal_-_Caligraphy_IMG_0177.JPG
Taj_Mahal,113197,0,commons/Taj_Mahal_Complex_—_Tomb/0/pictures/Cloudy_Taj.jpg
Taj_Mahal,113197,0,"commons/South_side_of_the_Taj_Mahal_Tomb_with_the_pool/0/pictures/Taj_Mahal,_a_piece_of_love.jpg"
Taj_Mahal,113197,0,commons/Water_reflections_at_the_Taj_Mahal/0/pictures/Taj_reflection_01.jpg
Taj_Mahal,113197,0,commons/Exterior_decoration_of_the_Taj_Mahal/0/pictures/Taj_Mahal_Agra_DSC_0449.jpg
Taj_Mahal,113197,0,commons/Taj_Mahal_Complex_—_Tomb/0/pictures/Crown_of_palaces_(Taj_Mahal).jpg
Taj_Mahal,113197,0,commons/Exterior_decoration_of_the_Taj_Mahal/0/pictures/Taj_6_agost_05.jpg
Taj_Mahal,113197,0,commons/Taj_Mahal_Complex_—_Tomb/0/pictures/DSC_0054_Taj_Mahal.jpg
Taj_Mahal,113197,0,"commons/South_side_of_the_Taj_Mahal_Tomb_with_the_pool/0/pictures/Taj_Mahal,Agra,India_08.jpg"
Taj_Mahal,113197,0,commons/Exterior_decoration_of_the_Taj_Mahal/0/pictures/Taj_Mahal_northern_view.jpg
Taj_Mahal,113197,0,"commons/South_side_of_the_Taj_Mahal_Tomb_with_the_pool/0/pictures/Taj_Mahal,_view_towards_front_gate_-_panoramio.jpg"
Taj_Mahal,113197,0,commons/Exterior_decoration_of_the_Taj_Mahal/0/pictures/Taj_Mahal_sideways..JPG
Taj_Mahal,113197,0,commons/Taj_Mahal_Complex_—_Tomb/0/pictures/Darker_side_of_Taj.jpg
Taj_Mahal,113197,0,commons/South_side_of_the_Taj_Mahal_Tomb_with_the_pool/0/pictures/Taj_Mahal-04.jpg
Taj_Mahal,113197,0,commons/Water_reflections_at_the_Taj_Mahal/0/pictures/Tajmahal_with_ground_surface.png
Taj_Mahal,113197,0,commons/Exterior_decoration_of_the_Taj_Mahal/0/pictures/Taj_Mahal_Closeup_June_2006.JPG
Taj_Mahal,113197,0,commons/Taj_Mahal_Complex_—_Tomb/0/pictures/Detail_of_Facade_-_Taj_Mahal_-_Agra_-_Uttar_Pradesh_-_India_-_01_(12650415983).jpg
Taj_Mahal,113197,0,commons/South_side_of_the_Taj_Mahal_Tomb_with_the_pool/0/pictures/Taj_Mahal-02.jpg
Taj_Mahal,113197,0,commons/Exterior_decoration_of_the_Taj_Mahal/0/pictures/Taj_Mahal_Inlay_June_2006.JPG
Taj_Mahal,113197,0,commons/Exterior_decoration_of_the_Taj_Mahal/0/pictures/Taj_Mahal_northern_view_detail.jpg
Taj_Mahal,113197,0,"commons/Taj_Mahal_Complex_—_Tomb/0/pictures/Evening_View_of_Tal_Mahal,Agra.jpg"
Taj_Mahal,113197,0,commons/South_side_of_the_Taj_Mahal_Tomb_with_the_pool/0/pictures/Taj_Mahal._Fortepan_93695.jpg
Taj_Mahal,113197,0,"commons/Exterior_decoration_of_the_Taj_Mahal/0/pictures/Taj_Mahal,_Agra_views_from_around_(18).JPG"
Taj_Mahal,113197,0,commons/Taj_Mahal_Complex_—_Tomb/0/pictures/Detail_of_Taj_Mahal_-_Agra_-_Uttar_Pradesh_-_India_-_05_(12650237325).jpg
Taj_Mahal,113197,0,commons/South_side_of_the_Taj_Mahal_Tomb_with_the_pool/0/pictures/Taj_Mahal-Agra_(Tramonto).jpg
Taj_Mahal,113197,0,commons/Exterior_decoration_of_the_Taj_Mahal/0/pictures/Taj_Mahal_side_view_2006.JPG
Taj_Mahal,113197,0,commons/Taj_Mahal_Complex_—_Tomb/0/pictures/FRONT_VIEW_OF_TAJ_MAHAL.jpg
Taj_Mahal,113197,0,commons/South_side_of_the_Taj_Mahal_Tomb_with_the_pool/0/pictures/Taj_Mahal...a_symbol_of_love.jpg
Taj_Mahal,113197,0,commons/Exterior_decoration_of_the_Taj_Mahal/0/pictures/Taj_Mahal_sideview.jpg
Taj_Mahal,113197,0,commons/Taj_Mahal_Complex_—_Tomb/0/pictures/Black_White_(120256873).jpeg
Taj_Mahal,113197,0,"commons/Exterior_decoration_of_the_Taj_Mahal/0/pictures/Taj_Mahal,_Agra_-_N-UP-A28-h.JPG"
Taj_Mahal,113197,0,commons/Taj_Mahal_Complex_—_Tomb/0/pictures/Framing_Taj!.jpg
Taj_Mahal,113197,0,commons/South_side_of_the_Taj_Mahal_Tomb_with_the_pool/0/pictures/Taj_Mahal.k4.jpg
Taj_Mahal,113197,0,commons/Exterior_decoration_of_the_Taj_Mahal/0/pictures/Taj_Mahal_window.jpg
Taj_Mahal,113197,0,commons/Taj_Mahal_Complex_—_Tomb/0/pictures/Dive_In_blue_pool.jpg
Taj_Mahal,113197,0,"commons/Exterior_decoration_of_the_Taj_Mahal/0/pictures/Taj_Mahal,_Agra_98.jpg"
Taj_Mahal,113197,0,commons/Taj_Mahal_Complex_—_Tomb/0/pictures/From_the_western_side.JPG
Taj_Mahal,113197,0,commons/Exterior_decoration_of_the_Taj_Mahal/0/pictures/Taj_Mahal_Agra_DSC_0451.jpg
Taj_Mahal,113197,0,commons/Taj_Mahal_Complex_—_Tomb/0/pictures/Entrance_to_Taj_Mahal.jpg
Taj_Mahal,113197,0,"commons/Exterior_decoration_of_the_Taj_Mahal/0/pictures/Taj_Mahal,_Agra_views_from_around_(27).JPG"
Taj_Mahal,113197,0,commons/Taj_Mahal_Complex_—_Tomb/0/pictures/Entry_To_Taj.jpg
Taj_Mahal,113197,0,"commons/Exterior_decoration_of_the_Taj_Mahal/0/pictures/Taj_Mahal,_Agra_views_from_around_(46).JPG"
Taj_Mahal,113197,0,commons/Taj_Mahal_Complex_—_Tomb/0/pictures/Gate_of_main_building_of_Taj_Mahal.jpg
Taj_Mahal,113197,0,"commons/Exterior_decoration_of_the_Taj_Mahal/0/pictures/Taj_Mahal,_Agra_views_from_around_(32).JPG"
Taj_Mahal,113197,0,commons/South_side_of_the_Taj_Mahal_Tomb_with_the_pool/0/pictures/Taj_front_view.jpg
Taj_Mahal,113197,0,commons/West_side_of_the_Taj_Mahal/0/pictures/Golden_Taj.jpg
Taj_Mahal,113197,0,"commons/Exterior_decoration_of_the_Taj_Mahal/0/pictures/Taj_Mahal,_Agra_views_from_around_(55).JPG"
Taj_Mahal,113197,0,"commons/Exterior_decoration_of_the_Taj_Mahal/0/pictures/Taj_Mahal,_Agra_views_from_around_(61).JPG"
Taj_Mahal,113197,0,"commons/Exterior_decoration_of_the_Taj_Mahal/0/pictures/Taj_Mahal,_Agra_views_from_around_(43).JPG"
Taj_Mahal,113197,0,commons/Taj_Mahal_Complex_—_Tomb/0/pictures/Dome_of_Taj_Mahal.jpg
Taj_Mahal,113197,0,"commons/Exterior_decoration_of_the_Taj_Mahal/0/pictures/Taj_Mahal,_Agra_views_from_around_(44).JPG"
Taj_Mahal,113197,0,"commons/Exterior_decoration_of_the_Taj_Mahal/0/pictures/Taj_Mahal,_Agra_views_from_around_(45).JPG"
Taj_Mahal,113197,0,commons/Taj_Mahal_Complex_—_Tomb/0/pictures/Editedtajphoto.jpg
Taj_Mahal,113197,0,"commons/Exterior_decoration_of_the_Taj_Mahal/0/pictures/Taj_Mahal,_Agra_views_from_around_(51).JPG"
Taj_Mahal,113197,0,commons/Taj_Mahal_Complex_—_Tomb/0/pictures/Front_sight_of_Taj_Mahal.jpg
Taj_Mahal,113197,0,"commons/Exterior_decoration_of_the_Taj_Mahal/0/pictures/Taj_Mahal,_Agra_views_from_around_(56).JPG"
Taj_Mahal,113197,0,commons/Taj_Mahal_Complex_—_Tomb/0/pictures/Glorious_Taj.jpg
Taj_Mahal,113197,0,commons/Exterior_decoration_of_the_Taj_Mahal/0/pictures/Taj_ni12-10.jpg
Taj_Mahal,113197,0,commons/Taj_Mahal_Complex_—_Tomb/0/pictures/Great_Indian_historical_place.jpg
Taj_Mahal,113197,0,commons/Exterior_decoration_of_the_Taj_Mahal/0/pictures/Taj_tilt.JPG
Taj_Mahal,113197,0,commons/Taj_Mahal_Complex_—_Tomb/0/pictures/Green_taj.jpg
Taj_Mahal,113197,0,commons/Exterior_decoration_of_the_Taj_Mahal/0/pictures/Taj_Mahal._Fortepan_93697.jpg
Taj_Mahal,113197,0,commons/Taj_Mahal_Complex_—_Tomb/0/pictures/IMG_20170826_174820_-_Copy_-_Copy.jpg
Taj_Mahal,113197,0,commons/Exterior_decoration_of_the_Taj_Mahal/0/pictures/Taj_gumbad.jpg
Taj_Mahal,113197,0,commons/Taj_Mahal_Complex_—_Tomb/0/pictures/India_9(5).jpg
Taj_Mahal,113197,0,commons/Exterior_decoration_of_the_Taj_Mahal/0/pictures/Taj_from_west_end.jpg
Taj_Mahal,113197,0,commons/Taj_Mahal_Complex_—_Tomb/0/pictures/IMG-20180129-WA0033.jpg
Taj_Mahal,113197,0,"commons/Exterior_decoration_of_the_Taj_Mahal/0/pictures/Taj_Mahal,_Agra,_Uttar_Pradesh_hs-106.jpg"
Taj_Mahal,113197,0,commons/Taj_Mahal_Complex_—_Tomb/0/pictures/INDIA_LOVES_LOVE.jpg
Taj_Mahal,113197,0,"commons/Exterior_decoration_of_the_Taj_Mahal/0/pictures/Taj_Mahal,_Agra,_Uttar_Pradesh_te-106.jpg"
Taj_Mahal,113197,0,commons/Taj_Mahal_Complex_—_Tomb/0/pictures/Glimpse_of_Taj.jpg
Taj_Mahal,113197,0,commons/Exterior_decoration_of_the_Taj_Mahal/0/pictures/Taj_stacked.jpg
Taj_Mahal,113197,0,commons/Exterior_decoration_of_the_Taj_Mahal/0/pictures/Taj_Mahal1.jpg
Taj_Mahal,113197,0,commons/Taj_Mahal_Complex_—_Tomb/0/pictures/Indian_magic_mosque.jpg
Taj_Mahal,113197,0,commons/Exterior_decoration_of_the_Taj_Mahal/0/pictures/Taj_tomb_entrance.jpg
Taj_Mahal,113197,0,commons/Taj_Mahal_Complex_—_Tomb/0/pictures/Interior_beauty.JPG
Taj_Mahal,113197,0,commons/Exterior_decoration_of_the_Taj_Mahal/0/pictures/Taj36.JPG
Taj_Mahal,113197,0,commons/Taj_Mahal_Complex_—_Tomb/0/pictures/India_9(4).jpg
Taj_Mahal,113197,0,commons/Exterior_decoration_of_the_Taj_Mahal/0/pictures/Taj39.JPG
Taj_Mahal,113197,0,commons/Taj_Mahal_Complex_—_Tomb/0/pictures/IMG_Taj_Mahal_002_by_Ray.jpg
Taj_Mahal,113197,0,commons/Exterior_decoration_of_the_Taj_Mahal/0/pictures/TajChattriDetail.jpg
Taj_Mahal,113197,0,commons/Taj_Mahal_Complex_—_Tomb/0/pictures/India_DSC01524_(16534719568).jpg
Taj_Mahal,113197,0,commons/Exterior_decoration_of_the_Taj_Mahal/0/pictures/TajDomeDetails.jpg
Taj_Mahal,113197,0,commons/Taj_Mahal_Complex_—_Tomb/0/pictures/India_DSC01529_(16534861820).jpg
Taj_Mahal,113197,0,commons/Exterior_decoration_of_the_Taj_Mahal/0/pictures/TajEntryArch.jpg
Taj_Mahal,113197,0,commons/Taj_Mahal_Complex_—_Tomb/0/pictures/Lower_Pose.jpg
Taj_Mahal,113197,0,commons/Exterior_decoration_of_the_Taj_Mahal/0/pictures/TajMahal10.JPG
Taj_Mahal,113197,0,commons/Taj_Mahal_Complex_—_Tomb/0/pictures/It_all_starts_at_the_TAJ.jpg
Taj_Mahal,113197,0,commons/Exterior_decoration_of_the_Taj_Mahal/0/pictures/TajMahal3.JPG
Taj_Mahal,113197,0,commons/Exterior_decoration_of_the_Taj_Mahal/0/pictures/TajMahalDetail20080211-1.jpg
Taj_Mahal,113197,0,commons/Exterior_decoration_of_the_Taj_Mahal/0/pictures/TajSpandrel.jpg
Taj_Mahal,113197,0,commons/Taj_Mahal_Complex_—_Tomb/0/pictures/Left_Side_Of_Taj_Mahal.JPG
Taj_Mahal,113197,0,commons/Exterior_decoration_of_the_Taj_Mahal/0/pictures/TajarchwaySmall.jpg
Taj_Mahal,113197,0,commons/Taj_Mahal_Complex_—_Tomb/0/pictures/Limitless_Love.jpg
Taj_Mahal,113197,0,commons/Exterior_decoration_of_the_Taj_Mahal/0/pictures/Tajarchwaydetail3.jpg
Taj_Mahal,113197,0,commons/Exterior_decoration_of_the_Taj_Mahal/0/pictures/Tajarchwaydetail4.jpg
Taj_Mahal,113197,0,commons/Taj_Mahal_Complex_—_Tomb/0/pictures/In_the_loving_memory_of_Mumtaz.jpg
Taj_Mahal,113197,0,commons/Exterior_decoration_of_the_Taj_Mahal/0/pictures/Tajmahal_greyscale.jpg
Taj_Mahal,113197,0,commons/Taj_Mahal_Complex_—_Tomb/0/pictures/Marble_Taj_Mahal.jpg
Taj_Mahal,113197,0,commons/Exterior_decoration_of_the_Taj_Mahal/0/pictures/Tajmahal91.JPG
Taj_Mahal,113197,0,commons/Exterior_of_the_Taj_Mahal/0/pictures/20191204_Taj_Mahal_Agra_0623_6541_DxO.jpg
Taj_Mahal,113197,0,commons/Taj_Mahal_Complex_—_Tomb/0/pictures/Mighty_Taj_-_Ajith.JPG
Taj_Mahal,113197,0,commons/Exterior_decoration_of_the_Taj_Mahal/0/pictures/The_Paling_Taj_01.JPG
Taj_Mahal,113197,0,commons/Taj_Mahal_Complex_—_Tomb/0/pictures/Minarate_repair.jpg
Taj_Mahal,113197,0,commons/Exterior_decoration_of_the_Taj_Mahal/0/pictures/Top_of_Taj_view.JPG
Taj_Mahal,113197,0,commons/Taj_Mahal_Complex_—_Tomb/0/pictures/Marvelous_marble_work.JPG
Taj_Mahal,113197,0,commons/Exterior_decoration_of_the_Taj_Mahal/0/pictures/Urdu_writings_on_wall_of_Taj_mahal.JPG
Taj_Mahal,113197,0,commons/Taj_Mahal_Complex_—_Tomb/0/pictures/My_Kingdom.jpg
Taj_Mahal,113197,0,commons/Exterior_decoration_of_the_Taj_Mahal/0/pictures/Visitors_entering_the_tomb_of_Taj_Mahal.jpg
Taj_Mahal,113197,0,commons/Taj_Mahal_Complex_—_Tomb/0/pictures/Myversionoftaj.jpg
Taj_Mahal,113197,0,commons/Exterior_decoration_of_the_Taj_Mahal/0/pictures/Walls_of_the_Mighty_Taj.JPG
Taj_Mahal,113197,0,commons/Taj_Mahal_Complex_—_Tomb/0/pictures/N-UP-A28-A_Taj_Amidst_Mist.jpg
Taj_Mahal,113197,0,commons/Exterior_decoration_of_the_Taj_Mahal/0/pictures/Windows_Of_Taj_Mahal.jpg
Taj_Mahal,113197,0,commons/Taj_Mahal_Complex_—_Tomb/0/pictures/N-UP-A28-j.jpg
Taj_Mahal,113197,0,commons/Exterior_of_the_Taj_Mahal/0/pictures/1_(1_of_1)-23.jpg
Taj_Mahal,113197,0,commons/Taj_Mahal_Complex_—_Tomb/0/pictures/Near_Tomb_view.jpg
Taj_Mahal,113197,0,commons/Exterior_of_the_Taj_Mahal/0/pictures/20191204_Taj_Mahal_Agra_0622_6533_DxO.jpg
Taj_Mahal,113197,0,commons/Taj_Mahal_Complex_—_Tomb/0/pictures/One_of_the_4_identical_edge_views_of_Taj_Mahal.jpg
Taj_Mahal,113197,0,commons/Exterior_decoration_of_the_Taj_Mahal/0/pictures/Tajspandrel.jpg
Taj_Mahal,113197,0,commons/Taj_Mahal_Complex_—_Tomb/0/pictures/One_of_the_seven_wonders.jpg
Taj_Mahal,113197,0,commons/Exterior_of_the_Taj_Mahal/0/pictures/20191204_Taj_Mahal_Agra_0636_6548.jpg
Taj_Mahal,113197,0,commons/Taj_Mahal_Complex_—_Tomb/0/pictures/One_of_the_seven_wonders-Taj_Mahal.JPG
Taj_Mahal,113197,0,commons/Exterior_of_the_Taj_Mahal/0/pictures/20191204_Taj_Mahal_Agra_0641_6555.jpg
Taj_Mahal,113197,0,commons/Taj_Mahal_Complex_—_Tomb/0/pictures/Main_Southern_Portal_and_Pishtaqs_-_Taj_Mahal_-_Agra_2014-05-14_3839-3844_Compress.JPG
Taj_Mahal,113197,0,commons/Exterior_of_the_Taj_Mahal/0/pictures/20191204_Taj_Mahal_Agra_0647_6556.jpg
Taj_Mahal,113197,0,commons/Taj_Mahal_Complex_—_Tomb/0/pictures/One_of_the_wonders.jpg
Taj_Mahal,113197,0,commons/Exterior_of_the_Taj_Mahal/0/pictures/20191204_Taj_Mahal_Agra_0721_6575_DxO.jpg
Taj_Mahal,113197,0,commons/Taj_Mahal_Complex_—_Tomb/0/pictures/Panorama_of_Taj_Mahal_-_Agra_-_Uttar_Pradesh_-_India_-_01_(12650683744).jpg
Taj_Mahal,113197,0,"commons/Exterior_of_the_Taj_Mahal/0/pictures/20191204_Taj_Mahal,_Agra_0702_6568.jpg"
Taj_Mahal,113197,0,commons/Taj_Mahal_Complex_—_Tomb/0/pictures/Other_Side_of_The_Moon_Light.jpg
Taj_Mahal,113197,0,commons/Exterior_of_the_Taj_Mahal/0/pictures/A_Pillar_of_Taj_Mahal.jpg
Taj_Mahal,113197,0,commons/Taj_Mahal_Complex_—_Tomb/0/pictures/Photo_of_Taj_Mahal_1985.jpg
Taj_Mahal,113197,0,commons/Exterior_of_the_Taj_Mahal/0/pictures/A_view_from_down_to_the_earth.jpg
Taj_Mahal,113197,0,"commons/Taj_Mahal_Complex_—_Tomb/0/pictures/Photo1686,_Side_view_of_Taj.jpg"
Taj_Mahal,113197,0,commons/Exterior_of_the_Taj_Mahal/0/pictures/A_view_of_Taj_Mahal_from_the_Mosque_adjacent.jpg
Taj_Mahal,113197,0,commons/Taj_Mahal_Complex_—_Tomb/0/pictures/Picturesque_view_of_Taj_Mahal.jpg
Taj_Mahal,113197,0,"commons/Exterior_of_the_Taj_Mahal/0/pictures/A_view_of_‘Taj’_in_Agra_on_March_22,_2005.jpg"
Taj_Mahal,113197,0,"commons/Exterior_of_the_Taj_Mahal/0/pictures/Agra,_panorámicas_(2002)_13.jpg"
Taj_Mahal,113197,0,"commons/Exterior_of_the_Taj_Mahal/0/pictures/Closer_View_of_Taj_Mahal,_Agra,_India._-_panoramio.jpg"
Taj_Mahal,113197,0,commons/Taj_Mahal_Complex_—_Tomb/0/pictures/Poetry_on_the_marble.JPG
Taj_Mahal,113197,0,"commons/Exterior_of_the_Taj_Mahal/0/pictures/Agra,_panorámicas_(2002)_15.jpg"
Taj_Mahal,113197,0,commons/Taj_Mahal_Complex_—_Tomb/0/pictures/Rare_angle_again.JPG
Taj_Mahal,113197,0,commons/Exterior_of_the_Taj_Mahal/0/pictures/Agra-04-Tadsch_Mahal-Torhalle-1976-gje.jpg
Taj_Mahal,113197,0,commons/Taj_Mahal_Complex_—_Tomb/0/pictures/Red_&_White.jpg
Taj_Mahal,113197,0,"commons/Exterior_of_the_Taj_Mahal/0/pictures/Dharmapuri,_Forest_Colony,_Tajganj,_Agra,_Uttar_Pradesh,_India_-_panoramio_(3).jpg"
Taj_Mahal,113197,0,commons/Taj_Mahal_Complex_—_Tomb/0/pictures/Relaxing_Visitors_-_Taj_Mahal_-_Agra_2014-05-14_3909.JPG
Taj_Mahal,113197,0,commons/Exterior_of_the_Taj_Mahal/0/pictures/Agra-12-Tadsch_Mahal-gespiegelt-1976-gje.jpg
Taj_Mahal,113197,0,commons/Taj_Mahal_Complex_—_Tomb/0/pictures/Relaxing_Visitors_-_Taj_Mahal_-_Agra_2014-05-14_3910.JPG
Taj_Mahal,113197,0,commons/Exterior_of_the_Taj_Mahal/0/pictures/Agra-08-Tadsch_Mahal-Anlagen-1976-gje.jpg
Taj_Mahal,113197,0,commons/Taj_Mahal_Complex_—_Tomb/0/pictures/Relaxing_Visitors_-_Taj_Mahal_-_Agra_2014-05-14_3911.JPG
Taj_Mahal,113197,0,commons/Exterior_of_the_Taj_Mahal/0/pictures/Agra-14-Tadsch_Mahal-Nahaufnahme-1976-gje.jpg
Taj_Mahal,113197,0,commons/Taj_Mahal_Complex_—_Tomb/0/pictures/Right_view_of_Taj_Mahal_from_front_2.jpg
Taj_Mahal,113197,0,commons/Exterior_of_the_Taj_Mahal/0/pictures/Flowerful_taj.jpg
Taj_Mahal,113197,0,commons/Taj_Mahal_Complex_—_Tomb/0/pictures/S23_Taj_Mahal.jpg
Taj_Mahal,113197,0,commons/Exterior_of_the_Taj_Mahal/0/pictures/Agra-22-Tadsch_Mahal-Moschee_durch_Marmorgitter-1976-gje.jpg
Taj_Mahal,113197,0,commons/Taj_Mahal_Complex_—_Tomb/0/pictures/S24_Taj_Mahal.jpg
Taj_Mahal,113197,0,commons/Exterior_of_the_Taj_Mahal/0/pictures/At_the_side_of_Taj_Mahal_-_panoramio.jpg
Taj_Mahal,113197,0,commons/Taj_Mahal_Complex_—_Tomb/0/pictures/SA121.jpg
Taj_Mahal,113197,0,commons/Exterior_of_the_Taj_Mahal/0/pictures/Beautiful_Taj_from_a_corner_view.jpg
Taj_Mahal,113197,0,commons/Taj_Mahal_Complex_—_Tomb/0/pictures/SA13.jpg
Taj_Mahal,113197,0,commons/Exterior_of_the_Taj_Mahal/0/pictures/Beautiful_Taj_Mahal.jpg
Taj_Mahal,113197,0,commons/Taj_Mahal_Complex_—_Tomb/0/pictures/SIDE_VIEW_OF_TAJ_MAHAL.jpg
Taj_Mahal,113197,0,commons/Exterior_of_the_Taj_Mahal/0/pictures/Beautiful_Taj.jpg
Taj_Mahal,113197,0,"commons/Taj_Mahal_Complex_—_Tomb/0/pictures/SUN_SET_,_TAJ_MAHAL_-_panoramio.jpg"
Taj_Mahal,113197,0,commons/Exterior_of_the_Taj_Mahal/0/pictures/Beauty_In_Frame.jpg
Taj_Mahal,113197,0,commons/Taj_Mahal_Complex_—_Tomb/0/pictures/SUNSET_SCENE_AT_TAJ_MAHAL-AGRA-UTTARPRADESH-2.jpg
Taj_Mahal,113197,0,commons/Exterior_of_the_Taj_Mahal/0/pictures/India_Taj_Mahal_(05).jpg
Taj_Mahal,113197,0,commons/Taj_Mahal_Complex_—_Tomb/0/pictures/Sanjay130.jpg
Taj_Mahal,113197,0,commons/Exterior_of_the_Taj_Mahal/0/pictures/India-866692_1920.jpg
Taj_Mahal,113197,0,commons/Taj_Mahal_Complex_—_Tomb/0/pictures/Seven_wonder_(india).png
Taj_Mahal,113197,0,commons/Exterior_of_the_Taj_Mahal/0/pictures/Bullseye_taj.jpg
Taj_Mahal,113197,0,commons/Taj_Mahal_Complex_—_Tomb/0/pictures/Seven_wonders_of_the_World-_Taj_Mahal_2021.jpg
Taj_Mahal,113197,0,commons/Exterior_of_the_Taj_Mahal/0/pictures/Mausoleum_Taj_mahal.jpg
Taj_Mahal,113197,0,commons/Taj_Mahal_Complex_—_Tomb/0/pictures/Shadows_Of_History_(70325265).jpeg
Taj_Mahal,113197,0,commons/Exterior_of_the_Taj_Mahal/0/pictures/Delhi_tajmahal.jpg
Taj_Mahal,113197,0,commons/Taj_Mahal_Complex_—_Tomb/0/pictures/Shining_the_mahal.jpg
Taj_Mahal,113197,0,"commons/Exterior_of_the_Taj_Mahal/0/pictures/Dharmapuri,_Forest_Colony,_Tajganj,_Agra,_Uttar_Pradesh,_India_-_panoramio_(2).jpg"
Taj_Mahal,113197,0,commons/Taj_Mahal_Complex_—_Tomb/0/pictures/Shapes_and_Sizes_-_2.jpg
Taj_Mahal,113197,0,commons/Exterior_of_the_Taj_Mahal/0/pictures/Agra-06-Tadsch_Mahal-Anlagen-Frau_im_blauen_Sari-1976-gje.jpg
Taj_Mahal,113197,0,commons/Taj_Mahal_Complex_—_Tomb/0/pictures/Side_View_of_the_Taj.jpg
Taj_Mahal,113197,0,"commons/Exterior_of_the_Taj_Mahal/0/pictures/Dharmapuri,_Forest_Colony,_Tajganj,_Agra,_Uttar_Pradesh,_India_-_panoramio_(4).jpg"
Taj_Mahal,113197,0,commons/Taj_Mahal_Complex_—_Tomb/0/pictures/Side_of_Taj.jpg
Taj_Mahal,113197,0,commons/Exterior_of_the_Taj_Mahal/0/pictures/NIKON_788.jpg
Taj_Mahal,113197,0,commons/Taj_Mahal_Complex_—_Tomb/0/pictures/Side_view_of_Taj_Mahal_2.jpg
Taj_Mahal,113197,0,"commons/Exterior_of_the_Taj_Mahal/0/pictures/Dharmapuri,_Forest_Colony,_Tajganj,_Agra,_Uttar_Pradesh,_India_-_panoramio_(7).jpg"
Taj_Mahal,113197,0,commons/Taj_Mahal_Complex_—_Tomb/0/pictures/Side_view_of_Taj_Mahal.jpg
Taj_Mahal,113197,0,commons/Exterior_of_the_Taj_Mahal/0/pictures/Ravix902.3taj_mahal.jpg
Taj_Mahal,113197,0,commons/Taj_Mahal_Complex_—_Tomb/0/pictures/Side_view_taj_mahal.jpg
Taj_Mahal,113197,0,commons/Exterior_of_the_Taj_Mahal/0/pictures/Front_view_Taj.jpg
Taj_Mahal,113197,0,commons/Taj_Mahal_Complex_—_Tomb/0/pictures/Sign_of_love_TAJ_MAHAL.jpg
Taj_Mahal,113197,0,commons/Exterior_of_the_Taj_Mahal/0/pictures/Glorious_Taj_Mahal.jpg
Taj_Mahal,113197,0,commons/Taj_Mahal_Complex_—_Tomb/0/pictures/Silhouette_of_tajmahal_2.jpg
Taj_Mahal,113197,0,commons/Exterior_of_the_Taj_Mahal/0/pictures/Grandeur_of_Taj_Mahal.jpg
Taj_Mahal,113197,0,commons/Taj_Mahal_Complex_—_Tomb/0/pictures/Silhouette_of_tajmahal.jpg
Taj_Mahal,113197,0,commons/Exterior_of_the_Taj_Mahal/0/pictures/India_Taj_Mahal_(01).jpg
Taj_Mahal,113197,0,commons/Taj_Mahal_Complex_—_Tomb/0/pictures/Simplicity_of_taj_mahal_with_a_great_background.jpg
Taj_Mahal,113197,0,commons/Exterior_of_the_Taj_Mahal/0/pictures/India_Taj_Mahal_(02).jpg
Taj_Mahal,113197,0,commons/Taj_Mahal_Complex_—_Tomb/0/pictures/Snaping_click_from_3d_angle_of_tajmahal.jpg
Taj_Mahal,113197,0,commons/Exterior_of_the_Taj_Mahal/0/pictures/India_Taj_Mahal_(03).jpg
Taj_Mahal,113197,0,commons/Exterior_of_the_Taj_Mahal/0/pictures/Beauty_of_love.jpg
Taj_Mahal,113197,0,commons/Exterior_of_the_Taj_Mahal/0/pictures/IndiaTaj_Mahal_(Brian_Gratwicke)_-_Flickr.jpg
Taj_Mahal,113197,0,"commons/Exterior_of_the_Taj_Mahal/0/pictures/Agra,_panorámicas_(2002)_14.jpg"
Taj_Mahal,113197,0,commons/Exterior_of_the_Taj_Mahal/0/pictures/Taj_Mahal_(3a).jpg
Taj_Mahal,113197,0,commons/Taj_Mahal_Complex_—_Tomb/0/pictures/Sun_rise_at_Taj_Mahal_02.jpg
Taj_Mahal,113197,0,commons/Exterior_of_the_Taj_Mahal/0/pictures/Monument_wiecznej_milosci-Taj_Mahal_Agra_-_panoramio.jpg
Taj_Mahal,113197,0,commons/Taj_Mahal_Complex_—_Tomb/0/pictures/Sublime_(427948647).jpg
Taj_Mahal,113197,0,commons/Exterior_of_the_Taj_Mahal/0/pictures/Mugal_Architucture_(Taj_Mahal).jpg
Taj_Mahal,113197,0,commons/Exterior_of_the_Taj_Mahal/0/pictures/Taj_Mahal_(5a).jpg
Taj_Mahal,113197,0,commons/Taj_Mahal_Complex_—_Tomb/0/pictures/Sun_rise_at_Taj_Mahal_03.jpg
Taj_Mahal,113197,0,commons/Exterior_of_the_Taj_Mahal/0/pictures/Ravic902.2_taj_mahal.jpg
Taj_Mahal,113197,0,commons/Taj_Mahal_Complex_—_Tomb/0/pictures/Symbol_of_Love_Taj_Mahal.jpg
Taj_Mahal,113197,0,commons/Exterior_of_the_Taj_Mahal/0/pictures/Agra-20-Tadsch_Mahal-Moschee-1976-gje.jpg
Taj_Mahal,113197,0,commons/Taj_Mahal_Complex_—_Tomb/0/pictures/Symbol_of_true_love.jpg
Taj_Mahal,113197,0,commons/Exterior_of_the_Taj_Mahal/0/pictures/SUNNY_TAJ.jpg
Taj_Mahal,113197,0,commons/Taj_Mahal_Complex_—_Tomb/0/pictures/Symbol_of_love_taj_mahal.jpg
Taj_Mahal,113197,0,commons/Exterior_of_the_Taj_Mahal/0/pictures/Snap_-_panoramio.jpg
Taj_Mahal,113197,0,"commons/Taj_Mahal_Complex_—_Tomb/0/pictures/TAJ_MAHAL_,.jpg"
Taj_Mahal,113197,0,commons/Exterior_of_the_Taj_Mahal/0/pictures/Taj_Mahal_from_Dusheera_Ghat-.jpg
Taj_Mahal,113197,0,commons/Taj_Mahal_Complex_—_Tomb/0/pictures/TAJ_MAHAL_CLOSE_OVER.jpg
Taj_Mahal,113197,0,commons/Exterior_of_the_Taj_Mahal/0/pictures/Sunrise_@_taj_(4102678156).jpg
Taj_Mahal,113197,0,commons/Taj_Mahal_Complex_—_Tomb/0/pictures/TAJ_MAHAL_ENTRANCE.jpg
Taj_Mahal,113197,0,commons/Exterior_of_the_Taj_Mahal/0/pictures/Taj_14_(6639041483).jpg
Taj_Mahal,113197,0,commons/Taj_Mahal_Complex_—_Tomb/0/pictures/TAJ_MAHAL_FROM_SITTING_ON_GROUND.jpg
Taj_Mahal,113197,0,commons/Exterior_of_the_Taj_Mahal/0/pictures/Taj_6_(6639049161).jpg
Taj_Mahal,113197,0,commons/Taj_Mahal_Complex_—_Tomb/0/pictures/TAJ_MAHAL_IMG_20170925_121316.jpg
Taj_Mahal,113197,0,commons/Exterior_of_the_Taj_Mahal/0/pictures/Taj_Mahal_(1a).jpg
Taj_Mahal,113197,0,commons/Exterior_of_the_Taj_Mahal/0/pictures/Taj_7_(6639050935).jpg
Taj_Mahal,113197,0,commons/Taj_Mahal_Complex_—_Tomb/0/pictures/TAJ_MAHAL_VIEW_04.jpg
Taj_Mahal,113197,0,commons/Exterior_of_the_Taj_Mahal/0/pictures/Taj_Mahal_(2a).jpg
Taj_Mahal,113197,0,commons/Taj_Mahal_Complex_—_Tomb/0/pictures/TAJ_MAHAL_IMAG2656.jpg
Taj_Mahal,113197,0,commons/Exterior_of_the_Taj_Mahal/0/pictures/Taj_Mahal_(4189268224).jpg
Taj_Mahal,113197,0,commons/Taj_Mahal_Complex_—_Tomb/0/pictures/TAJ_MAHAL_VIEW_05.jpg
Taj_Mahal,113197,0,commons/Exterior_of_the_Taj_Mahal/0/pictures/Taj_Mahal_of_Agra_in_Uttar_Pradesh_06.jpg
Taj_Mahal,113197,0,commons/Taj_Mahal_Complex_—_Tomb/0/pictures/TAJ_MAHAL-_CLOSEUP.jpg
Taj_Mahal,113197,0,commons/Exterior_of_the_Taj_Mahal/0/pictures/Taj_Mahal_(6a).jpg
Taj_Mahal,113197,0,commons/Taj_Mahal_Complex_—_Tomb/0/pictures/TAJ_MAHAL_VIEW_06.jpg
Taj_Mahal,113197,0,commons/Exterior_of_the_Taj_Mahal/0/pictures/Taj_Mahal_of_Agra_in_Uttar_Pradesh_10.jpg
Taj_Mahal,113197,0,commons/Taj_Mahal_Complex_—_Tomb/0/pictures/TAJ_MAHALIMG_20170925_115353.jpg
Taj_Mahal,113197,0,commons/Exterior_of_the_Taj_Mahal/0/pictures/Taj_Mahal_20145.jpg
Taj_Mahal,113197,0,commons/Taj_Mahal_Complex_—_Tomb/0/pictures/TAJ_MAHALIMG_20170925_114121.jpg
Taj_Mahal,113197,0,commons/Exterior_of_the_Taj_Mahal/0/pictures/Taj_Mahal_Agra_IND.jpg
Taj_Mahal,113197,0,commons/Taj_Mahal_Complex_—_Tomb/0/pictures/TAJMAHAL9.jpg
Taj_Mahal,113197,0,commons/Exterior_of_the_Taj_Mahal/0/pictures/Taj_Mahal_Agra_India_-_panoramio.jpg
Taj_Mahal,113197,0,commons/Taj_Mahal_Complex_—_Tomb/0/pictures/TAJMAHAL_AGRA.jpg
Taj_Mahal,113197,0,commons/Exterior_of_the_Taj_Mahal/0/pictures/Sally_and_Dave_non-selfie_(13174967924).jpg
Taj_Mahal,113197,0,commons/Taj_Mahal_Complex_—_Tomb/0/pictures/TAJNNNNN.jpg
Taj_Mahal,113197,0,commons/Exterior_of_the_Taj_Mahal/0/pictures/Taj_Mahal_of_Agra_in_Uttar_Pradesh_15.jpg
Taj_Mahal,113197,0,commons/Taj_Mahal_Complex_—_Tomb/0/pictures/THE_BEAUTIFUL_TAJ_MAHAL.jpg
Taj_Mahal,113197,0,commons/Exterior_of_the_Taj_Mahal/0/pictures/Taj_Mahal_India.jpg.jpg
Taj_Mahal,113197,0,commons/Taj_Mahal_Complex_—_Tomb/0/pictures/THE_EVERLASTING_TAJ_MAHAL.jpg
Taj_Mahal,113197,0,commons/Exterior_of_the_Taj_Mahal/0/pictures/Taj_Mahal_black_and_white.jpg
Taj_Mahal,113197,0,commons/Taj_Mahal_Complex_—_Tomb/0/pictures/THE_STLL_TAJ.jpg
Taj_Mahal,113197,0,commons/Exterior_of_the_Taj_Mahal/0/pictures/Taj_Mahal_early_morning.jpg
Taj_Mahal,113197,0,commons/Taj_Mahal_Complex_—_Tomb/0/pictures/Taaj_mahal.jpg
Taj_Mahal,113197,0,commons/Exterior_of_the_Taj_Mahal/0/pictures/Taj_Mahal_from_Dusheera_Ghat.jpg
Taj_Mahal,113197,0,commons/Taj_Mahal_Complex_—_Tomb/0/pictures/Taj_(1_of_1)-24.jpg
Taj_Mahal,113197,0,commons/Exterior_of_the_Taj_Mahal/0/pictures/Taj_Mahal_front_view_with_trees.jpg
Taj_Mahal,113197,0,commons/Taj_Mahal_Complex_—_Tomb/0/pictures/Taj_(1_of_1).jpg
Taj_Mahal,113197,0,commons/Exterior_of_the_Taj_Mahal/0/pictures/Taj_Mahal_of_Agra_in_Uttar_Pradesh_01.jpg
Taj_Mahal,113197,0,commons/Taj_Mahal_Complex_—_Tomb/0/pictures/Taj_-_The_Ultimate_Creation_of_Man.JPG
Taj_Mahal,113197,0,commons/Exterior_of_the_Taj_Mahal/0/pictures/Taj_Mahal_of_Agra_in_Uttar_Pradesh_03.jpg
Taj_Mahal,113197,0,commons/Taj_Mahal_Complex_—_Tomb/0/pictures/Taj_(6639051823).jpg
Taj_Mahal,113197,0,commons/Exterior_of_the_Taj_Mahal/0/pictures/Taj_Mahal_of_Agra_in_Uttar_Pradesh_04.jpg
Taj_Mahal,113197,0,commons/Taj_Mahal_Complex_—_Tomb/0/pictures/Taj_-Garden_view.png
Taj_Mahal,113197,0,commons/Exterior_of_the_Taj_Mahal/0/pictures/Taj_Mahal_of_Agra_in_Uttar_Pradesh_05.jpg
Taj_Mahal,113197,0,commons/Taj_Mahal_Complex_—_Tomb/0/pictures/Taj_11_Finished_(6639037971).jpg
Taj_Mahal,113197,0,commons/Exterior_of_the_Taj_Mahal/0/pictures/Taj_mahal_agra_india.jpg
Taj_Mahal,113197,0,commons/Taj_Mahal_Complex_—_Tomb/0/pictures/Taj_15_(6639042465).jpg
Taj_Mahal,113197,0,commons/Exterior_of_the_Taj_Mahal/0/pictures/Taj_Mahal_-_Framed.jpg
Taj_Mahal,113197,0,commons/Taj_Mahal_Complex_—_Tomb/0/pictures/Taj_Center_View.jpg
Taj_Mahal,113197,0,commons/Exterior_of_the_Taj_Mahal/0/pictures/TajMahal-The_Grand.jpg
Taj_Mahal,113197,0,commons/Taj_Mahal_Complex_—_Tomb/0/pictures/Taj_Inlay_03A_(2290343753).jpg
Taj_Mahal,113197,0,commons/Exterior_of_the_Taj_Mahal/0/pictures/Taj_Mahal_of_Agra_in_Uttar_Pradesh_11.jpg
Taj_Mahal,113197,0,commons/Taj_Mahal_Complex_—_Tomb/0/pictures/Taj_KM_10.jpg
Taj_Mahal,113197,0,commons/Exterior_of_the_Taj_Mahal/0/pictures/Taj_Mahal_of_Agra_in_Uttar_Pradesh_12.jpg
Taj_Mahal,113197,0,commons/Taj_Mahal_Complex_—_Tomb/0/pictures/Taj_KM_15.jpg
Taj_Mahal,113197,0,commons/Exterior_of_the_Taj_Mahal/0/pictures/Taj_Mahal_of_Agra_in_Uttar_Pradesh_13.jpg
Taj_Mahal,113197,0,commons/Taj_Mahal_Complex_—_Tomb/0/pictures/Taj_KM_23.jpg
Taj_Mahal,113197,0,commons/Exterior_of_the_Taj_Mahal/0/pictures/Taj_Mahal_of_Agra_in_Uttar_Pradesh_14.jpg
Taj_Mahal,113197,0,commons/Taj_Mahal_Complex_—_Tomb/0/pictures/Taj_KM_18.jpg
Taj_Mahal,113197,0,"commons/Exterior_of_the_Taj_Mahal/0/pictures/The_Taj_Mahal,_India.jpg"
Taj_Mahal,113197,0,commons/Taj_Mahal_Complex_—_Tomb/0/pictures/Taj_Mahal_(15256028997).jpg
Taj_Mahal,113197,0,commons/Views_of_the_Taj_Mahal_Mausoleum_from_the_Jawab/0/pictures/Taj_Mahal_view_4.jpg
Taj_Mahal,113197,0,commons/Exterior_of_the_Taj_Mahal/0/pictures/The_beauty_of_old.jpg
Taj_Mahal,113197,0,commons/Taj_Mahal_Complex_—_Tomb/0/pictures/Taj_KM_31.jpg
Taj_Mahal,113197,0,commons/Exterior_of_the_Taj_Mahal/0/pictures/Taj_Mahal_of_Agra_in_Uttar_Pradesh_18.jpg
Taj_Mahal,113197,0,commons/Taj_Mahal_Complex_—_Tomb/0/pictures/Taj_Mahal_(22588906123).jpg
Taj_Mahal,113197,0,commons/Exterior_of_the_Taj_Mahal/0/pictures/The_symmetrical_front_view_of_Taj_Mahal.jpg
Taj_Mahal,113197,0,commons/Taj_Mahal_Complex_—_Tomb/0/pictures/Taj_Mahal_(22589627813).jpg
Taj_Mahal,113197,0,commons/Exterior_of_the_Taj_Mahal/0/pictures/Taj_Mahal_of_Agra_in_Uttar_Pradesh_20.jpg
Taj_Mahal,113197,0,commons/Taj_Mahal_Complex_—_Tomb/0/pictures/Taj_Mahal_(22591290694).jpg
Taj_Mahal,113197,0,commons/Exterior_of_the_Taj_Mahal/0/pictures/Taj_Mahal_of_Agra_in_Uttar_Pradesh_22.jpg
Taj_Mahal,113197,0,commons/Taj_Mahal_Complex_—_Tomb/0/pictures/Taj_Mahal_(22589890703).jpg
Taj_Mahal,113197,0,commons/Exterior_of_the_Taj_Mahal/0/pictures/Taj_Mahal_of_Agra_in_Uttar_Pradesh_23.jpg
Taj_Mahal,113197,0,commons/Taj_Mahal_Complex_—_Tomb/0/pictures/Taj_Mahal_(22591593353).jpg
Taj_Mahal,113197,0,commons/Exterior_of_the_Taj_Mahal/0/pictures/Taj_Mahal_of_Agra_in_Uttar_Pradesh_24.jpg
Taj_Mahal,113197,0,commons/Taj_Mahal_Complex_—_Tomb/0/pictures/Taj_Mahal_(22591356524).jpg
Taj_Mahal,113197,0,"commons/Exterior_of_the_Taj_Mahal/0/pictures/Taj_Mahal,_Agra_(37120203846).jpg"
Taj_Mahal,113197,0,commons/Taj_Mahal_Complex_—_Tomb/0/pictures/Taj_Mahal_(22592524484).jpg
Taj_Mahal,113197,0,commons/Exterior_of_the_Taj_Mahal/0/pictures/Taj_mahal_(32368664245).jpg
Taj_Mahal,113197,0,commons/Taj_Mahal_Complex_—_Tomb/0/pictures/Taj_Mahal_(22593107134).jpg
Taj_Mahal,113197,0,commons/Exterior_of_the_Taj_Mahal/0/pictures/Taj_mahal_-_Assembly_hall_p17.jpg
Taj_Mahal,113197,0,commons/Taj_Mahal_Complex_—_Tomb/0/pictures/Taj_Mahal_(22593917734).jpg
Taj_Mahal,113197,0,commons/Exterior_of_the_Taj_Mahal/0/pictures/Taj_Mahal_(4a).jpg
Taj_Mahal,113197,0,commons/Exterior_of_the_Taj_Mahal/0/pictures/Taj_Mahal_of_Agra_in_Uttar_Pradesh_08.jpg
Taj_Mahal,113197,0,commons/Taj_Mahal_Complex_—_Tomb/0/pictures/Taj_Mahal_(22593938713).jpg
Taj_Mahal,113197,0,commons/Exterior_of_the_Taj_Mahal/0/pictures/Taj_Mahal_of_Agra_in_Uttar_Pradesh_09.jpg
Taj_Mahal,113197,0,commons/Taj_Mahal_Complex_—_Tomb/0/pictures/Taj_Mahal_(22593815394).jpg
Taj_Mahal,113197,0,commons/Exterior_of_the_Taj_Mahal/0/pictures/TajMahalFramed.jpg
Taj_Mahal,113197,0,commons/Exterior_of_the_Taj_Mahal/0/pictures/Tajmahal_side_view_Mausoleum_in_Agra_9.jpg
Taj_Mahal,113197,0,commons/Taj_Mahal_Complex_—_Tomb/0/pictures/Taj_Mahal_(22824047227).jpg
Taj_Mahal,113197,0,commons/Framed_views_of_the_Taj_Mahal/0/pictures/Taj_Mahal_view_14.jpg
Taj_Mahal,113197,0,commons/Taj_Mahal_Complex_—_Tomb/0/pictures/Taj_Mahal_(22824203507).jpg
Taj_Mahal,113197,0,commons/Exterior_of_the_Taj_Mahal/0/pictures/The_Beauty_Of_The_Taj.jpg
Taj_Mahal,113197,0,commons/Taj_Mahal_Complex_—_Tomb/0/pictures/Taj_Mahal_(22826970527).jpg
Taj_Mahal,113197,0,commons/Exterior_of_the_Taj_Mahal/0/pictures/The_Taj_Mahal_12.jpg
Taj_Mahal,113197,0,commons/Taj_Mahal_Complex_—_Tomb/0/pictures/Taj_Mahal_(22826687507).jpg
Taj_Mahal,113197,0,commons/Exterior_of_the_Taj_Mahal/0/pictures/Taj_Mahal_Exterior.jpg
Taj_Mahal,113197,0,commons/Taj_Mahal_Complex_—_Tomb/0/pictures/Taj_Mahal_(22828493867).jpg
Taj_Mahal,113197,0,commons/Exterior_of_the_Taj_Mahal/0/pictures/Taj_Mahal_of_Agra_in_Uttar_Pradesh_17.jpg
Taj_Mahal,113197,0,commons/Taj_Mahal_Complex_—_Tomb/0/pictures/Taj_Mahal_(22848311259).jpg
Taj_Mahal,113197,0,commons/Exterior_of_the_Taj_Mahal/0/pictures/The_pride_of_India.jpg
Taj_Mahal,113197,0,commons/Exterior_of_the_Taj_Mahal/0/pictures/Taj_Mahal_of_Agra_in_Uttar_Pradesh_19.jpg
Taj_Mahal,113197,0,commons/Taj_Mahal_Complex_—_Tomb/0/pictures/Taj_Mahal_(22847776249).jpg
Taj_Mahal,113197,0,commons/Framed_views_of_the_Taj_Mahal/0/pictures/Taj_Mahal_view_20.jpg
Taj_Mahal,113197,0,commons/Taj_Mahal_Complex_—_Tomb/0/pictures/Taj_Mahal_(22849842899).jpg
Taj_Mahal,113197,0,commons/Framed_views_of_the_Taj_Mahal/0/pictures/Taj_Mahal_view_22.jpg
Taj_Mahal,113197,0,"commons/Framed_views_of_the_Taj_Mahal/0/pictures/Agra,_Taj_Mahal_(2002)_17.jpg"
Taj_Mahal,113197,0,commons/Taj_Mahal_Complex_—_Tomb/0/pictures/Taj_Mahal_(22852328609).jpg
Taj_Mahal,113197,0,"commons/Framed_views_of_the_Taj_Mahal/0/pictures/Remember,_the_entrance_door_to_the_sanctuary_is_within_you.jpg"
Taj_Mahal,113197,0,commons/Taj_Mahal_Complex_—_Tomb/0/pictures/Taj_Mahal_(22853132499).jpg
Taj_Mahal,113197,0,commons/Framed_views_of_the_Taj_Mahal/0/pictures/Taj_Mahal_view_29.jpg
Taj_Mahal,113197,0,commons/Taj_Mahal_Complex_—_Tomb/0/pictures/Taj_Mahal_(22920091430).jpg
Taj_Mahal,113197,0,commons/Framed_views_of_the_Taj_Mahal/0/pictures/Taj_Mahal_view_11.jpg
Taj_Mahal,113197,0,commons/Taj_Mahal_Complex_—_Tomb/0/pictures/Taj_Mahal_(22920785170).jpg
Taj_Mahal,113197,0,commons/Framed_views_of_the_Taj_Mahal/0/pictures/Taj_Mahal_view_12.jpg
Taj_Mahal,113197,0,commons/Taj_Mahal_Complex_—_Tomb/0/pictures/Taj_Mahal_(22920645060).jpg
Taj_Mahal,113197,0,commons/Framed_views_of_the_Taj_Mahal/0/pictures/Taj_Mahal_view_13.jpg
Taj_Mahal,113197,0,commons/Taj_Mahal_Complex_—_Tomb/0/pictures/Taj_Mahal_(22921679430).jpg
Taj_Mahal,113197,0,commons/Framed_views_of_the_Taj_Mahal/0/pictures/Taj_Mahal_view_32.jpg
Taj_Mahal,113197,0,commons/Taj_Mahal_Complex_—_Tomb/0/pictures/Taj_Mahal_(22920849900).jpg
Taj_Mahal,113197,0,commons/Framed_views_of_the_Taj_Mahal/0/pictures/Taj_Mahal_view_2.jpg
Taj_Mahal,113197,0,commons/Taj_Mahal_Complex_—_Tomb/0/pictures/Taj_Mahal_(22924972210).jpg
Taj_Mahal,113197,0,commons/Exterior_of_the_Taj_Mahal/0/pictures/The_taj_by_ms.jpg
Taj_Mahal,113197,0,commons/Taj_Mahal_Complex_—_Tomb/0/pictures/Taj_Mahal_(22925378220).jpg
Taj_Mahal,113197,0,commons/Exterior_of_the_Taj_Mahal/0/pictures/View_of_Taj_Mahal_through_South_Gate_Portico_-_Agra_-_Uttar_Pradesh_-_India_(12650156775).jpg
Taj_Mahal,113197,0,commons/Taj_Mahal_Complex_—_Tomb/0/pictures/Taj_Mahal_(23190014486).jpg
Taj_Mahal,113197,0,commons/Framed_views_of_the_Taj_Mahal/0/pictures/Taj_Mahal_view_23.jpg
Taj_Mahal,113197,0,commons/Taj_Mahal_Complex_—_Tomb/0/pictures/Taj_Mahal_(23189157636).jpg
Taj_Mahal,113197,0,commons/Framed_views_of_the_Taj_Mahal/0/pictures/Taj_Mahal_view_24.jpg
Taj_Mahal,113197,0,commons/Taj_Mahal_Complex_—_Tomb/0/pictures/Taj_Mahal_(23190404116).jpg
Taj_Mahal,113197,0,commons/Framed_views_of_the_Taj_Mahal/0/pictures/Taj_Mahal_view_28.jpg
Taj_Mahal,113197,0,commons/Taj_Mahal_Complex_—_Tomb/0/pictures/Taj_Mahal_(23191224016).jpg
Taj_Mahal,113197,0,commons/Framed_views_of_the_Taj_Mahal/0/pictures/Taj_Mahal_view_10.jpg
Taj_Mahal,113197,0,commons/Taj_Mahal_Complex_—_Tomb/0/pictures/Taj_Mahal_(23192353586).jpg
Taj_Mahal,113197,0,commons/Framed_views_of_the_Taj_Mahal/0/pictures/Taj_Mahal_view_7.jpg
Taj_Mahal,113197,0,commons/Taj_Mahal_Complex_—_Tomb/0/pictures/Taj_Mahal_(23193548836).jpg
Taj_Mahal,113197,0,commons/Framed_views_of_the_Taj_Mahal/0/pictures/Taj_Mahal_view_30.jpg
Taj_Mahal,113197,0,commons/Taj_Mahal_Complex_—_Tomb/0/pictures/Taj_Mahal_(23194394966).jpg
Taj_Mahal,113197,0,commons/Framed_views_of_the_Taj_Mahal/0/pictures/Taj_Mahal_view_31.jpg
Taj_Mahal,113197,0,commons/Taj_Mahal_Complex_—_Tomb/0/pictures/Taj_Mahal_(23195166926).jpg
Taj_Mahal,113197,0,commons/Framed_views_of_the_Taj_Mahal/0/pictures/Taj.V.5.jpg
Taj_Mahal,113197,0,commons/Taj_Mahal_Complex_—_Tomb/0/pictures/Taj_Mahal_(23195229696).jpg
Taj_Mahal,113197,0,commons/Framed_views_of_the_Taj_Mahal/0/pictures/Taj_Mahal_view_15.jpg
Taj_Mahal,113197,0,commons/Taj_Mahal_Complex_—_Tomb/0/pictures/Taj_Mahal_(23196189926).jpg
Taj_Mahal,113197,0,commons/Framed_views_of_the_Taj_Mahal/0/pictures/Taj_Mahal_view_19.jpg
Taj_Mahal,113197,0,commons/Framed_views_of_the_Taj_Mahal/0/pictures/Taj_Mahal_view_4.jpg
Taj_Mahal,113197,0,commons/Taj_Mahal_Complex_—_Tomb/0/pictures/Taj_Mahal_(23224327775).jpg
Taj_Mahal,113197,0,commons/Framed_views_of_the_Taj_Mahal/0/pictures/Taj_Mahal_view_5.jpg
Taj_Mahal,113197,0,commons/Taj_Mahal_Complex_—_Tomb/0/pictures/Taj_Mahal_(9275728485).jpg
Taj_Mahal,113197,0,"commons/Historical_images_of_the_Taj_Mahal/0/pictures/Deur_van_de_Taj_Mahal,_RP-F-00-5347-56.jpg"
Taj_Mahal,113197,0,commons/Taj_Mahal_Complex_—_Tomb/0/pictures/Taj_Mahal_(6799420130).jpg
Taj_Mahal,113197,0,"commons/Exterior_of_the_Taj_Mahal/0/pictures/Tajmahal,_agra.jpg"
Taj_Mahal,113197,0,commons/Taj_Mahal_Complex_—_Tomb/0/pictures/Taj_Mahal_(symbol_of_love).jpg
Taj_Mahal,113197,0,commons/Historical_images_of_the_Taj_Mahal/0/pictures/Photo_of_the_Taj.jpg
Taj_Mahal,113197,0,commons/Taj_Mahal_Complex_—_Tomb/0/pictures/Taj_Mahal_-_Agra_-_Uttar_Pradesh_-_0017.jpg
Taj_Mahal,113197,0,commons/Framed_views_of_the_Taj_Mahal/0/pictures/Taj_Mahal_view_17.jpg
Taj_Mahal,113197,0,commons/Taj_Mahal_Complex_—_Tomb/0/pictures/Taj_Mahal_-_Agra_-_Uttar_Pradesh_-_India_-_03_(12650659324).jpg
Taj_Mahal,113197,0,commons/Historical_images_of_the_Taj_Mahal/0/pictures/-The_Taj_Mahal_from_the_Gateway-_MET_DP143026.jpg
Taj_Mahal,113197,0,"commons/Taj_Mahal_Complex_—_Tomb/0/pictures/Taj_Mahal_-_Agra,_India.jpg"
Taj_Mahal,113197,0,"commons/Historical_images_of_the_Taj_Mahal/0/pictures/Agra,_Taj_Mahal_LCCN95505064.jpg"
Taj_Mahal,113197,0,commons/Taj_Mahal_Complex_—_Tomb/0/pictures/Taj_Mahal_-_Gpn00002.jpg
Taj_Mahal,113197,0,commons/Framed_views_of_the_Taj_Mahal/0/pictures/Taj_Mahal_view_6.jpg
Taj_Mahal,113197,0,commons/Taj_Mahal_Complex_—_Tomb/0/pictures/Taj_Mahal_-_panoramio_(6).jpg
Taj_Mahal,113197,0,commons/Framed_views_of_the_Taj_Mahal/0/pictures/Taj_Mahal_view_8.jpg
Taj_Mahal,113197,0,commons/Taj_Mahal_Complex_—_Tomb/0/pictures/Taj_Mahal_-_view_from_base.jpg
Taj_Mahal,113197,0,commons/Historical_images_of_the_exterior_of_the_Taj_Mahal/0/pictures/EB1911_Indian_Architecture_-_Taj_Mahal.jpg
Taj_Mahal,113197,0,commons/Taj_Mahal_Complex_—_Tomb/0/pictures/Taj_Mahal_-Agra_-Uttar_Pradesh_-03.jpg
Taj_Mahal,113197,0,"commons/Historical_images_of_the_exterior_of_the_Taj_Mahal/0/pictures/Felice_Beato_(British,_born_Italy_-_The_Taj_Mahal_with_the_Fountains_-_Google_Art_Project.jpg"
Taj_Mahal,113197,0,commons/Taj_Mahal_Complex_—_Tomb/0/pictures/Taj_Mahal_-Agra_-Uttar_Pradesh_-09.jpg
Taj_Mahal,113197,0,"commons/Historical_images_of_the_exterior_of_the_Taj_Mahal/0/pictures/Gateway_to_the_Taj_Mahal,_India_Wellcome_V0037702.jpg"
Taj_Mahal,113197,0,commons/Taj_Mahal_Complex_—_Tomb/0/pictures/Taj_Mahal_-Agra_-Uttar_Pradesh_-DSC_0001.jpg
Taj_Mahal,113197,0,"commons/Historical_images_of_the_exterior_of_the_Taj_Mahal/0/pictures/Gezicht_op_de_Taj_Mahal_in_Agra,_RP-F-AA3187-M.jpg"
Taj_Mahal,113197,0,"commons/Historical_images_of_the_exterior_of_the_Taj_Mahal/0/pictures/Gezicht_op_de_Taj_Mahal_in_India,_RP-F-F80436.jpg"
Taj_Mahal,113197,0,commons/Taj_Mahal_Complex_—_Tomb/0/pictures/Taj_Mahal_005.jpg
Taj_Mahal,113197,0,"commons/Historical_images_of_the_exterior_of_the_Taj_Mahal/0/pictures/Ingang_van_de_Taj_Mahal,_RP-F-00-5347-53.jpg"
Taj_Mahal,113197,0,commons/Taj_Mahal_Complex_—_Tomb/0/pictures/Taj_Mahal_0126.jpg
Taj_Mahal,113197,0,"commons/Historical_images_of_the_exterior_of_the_Taj_Mahal/0/pictures/Binnenpartij_van_de_Taj_Mahal_Agra-Details_of_Interior._Taj_Mahal_(titel_op_object),_RP-F-F02437.jpg"
Taj_Mahal,113197,0,commons/Taj_Mahal_Complex_—_Tomb/0/pictures/Taj_Mahal_2.png
Taj_Mahal,113197,0,"commons/Historical_images_of_the_exterior_of_the_Taj_Mahal/0/pictures/Bundesarchiv_B_145_Bild-F014487-0006,_Indien,_Staatsbesuch_Bundespräsident_Lübke.jpg"
Taj_Mahal,113197,0,commons/Taj_Mahal_Complex_—_Tomb/0/pictures/Taj_Mahal_2018-01-02y.jpg
Taj_Mahal,113197,0,"commons/Historical_images_of_the_Taj_Mahal/0/pictures/Taj_Mahal,_Agra,_India,_ca._1900.jpg"
Taj_Mahal,113197,0,commons/Taj_Mahal_Complex_—_Tomb/0/pictures/Taj_Mahal_2018-01-02za.jpg
Taj_Mahal,113197,0,commons/Historical_images_of_the_exterior_of_the_Taj_Mahal/0/pictures/Taj_Mahal_-_from_the_River_LACMA_M.90.24.42.jpg
Taj_Mahal,113197,0,commons/Taj_Mahal_Complex_—_Tomb/0/pictures/Taj_Mahal_2018-01-02zd.jpg
Taj_Mahal,113197,0,commons/Historical_images_of_the_Taj_Mahal/0/pictures/Taj_mahal_(1870s).jpg
Taj_Mahal,113197,0,commons/Taj_Mahal_Complex_—_Tomb/0/pictures/Taj_Mahal_2018-01-02zh.jpg
Taj_Mahal,113197,0,"commons/Historical_images_of_the_Taj_Mahal/0/pictures/Taj_mahal,Agra,india.jpg"
Taj_Mahal,113197,0,commons/Taj_Mahal_Complex_—_Tomb/0/pictures/Taj_Mahal_2018-01-02zi.jpg
Taj_Mahal,113197,0,"commons/Historical_images_of_the_exterior_of_the_Taj_Mahal/0/pictures/Gezicht_op_de_Taj_Mahal_in_Agra,_RP-F-AA3187-L.jpg"
Taj_Mahal,113197,0,"commons/Historical_images_of_the_exterior_of_the_Taj_Mahal/0/pictures/Aerial_view_of_the_Taj_Mahal,_India_Wellcome_V0037711.jpg"
Taj_Mahal,113197,0,commons/Historical_images_of_the_exterior_of_the_Taj_Mahal/0/pictures/Sambourneagra1860s.jpg
Taj_Mahal,113197,0,commons/Historical_images_of_the_exterior_of_the_Taj_Mahal/0/pictures/Taj_Mahal_(c._1890s).JPG
Taj_Mahal,113197,0,commons/Taj_Mahal_Complex_—_Tomb/0/pictures/Taj_Mahal_20180908_111857.jpg
Taj_Mahal,113197,0,commons/Historical_images_of_the_exterior_of_the_Taj_Mahal/0/pictures/Taj_Mahal_LCCN2001704599.jpg
Taj_Mahal,113197,0,"commons/Historical_images_of_the_exterior_of_the_Taj_Mahal/0/pictures/Toegangspoort_tot_de_Taj_Mahal_in_Agra_Agra-exterior_of_Entrancegate_to_Taj-Mahal_(titel_op_object),_RP-F-F02435.jpg"
Taj_Mahal,113197,0,commons/Taj_Mahal_Complex_—_Tomb/0/pictures/Taj_Mahal_20180908_112456.jpg
Taj_Mahal,113197,0,"commons/Historical_images_of_the_exterior_of_the_Taj_Mahal/0/pictures/The_Taj_Mahal_and_surrounding_gardens,_Agra,_India_Wellcome_V0037715.jpg"
Taj_Mahal,113197,0,commons/Taj_Mahal_Complex_—_Tomb/0/pictures/Taj_Mahal_9890.jpg
Taj_Mahal,113197,0,"commons/Historical_images_of_the_exterior_of_the_Taj_Mahal/0/pictures/The_Taj_Mahal,_Agra,_India_Wellcome_V0037710.jpg"
Taj_Mahal,113197,0,commons/Taj_Mahal_Complex_—_Tomb/0/pictures/Taj_Mahal_9938.jpg
Taj_Mahal,113197,0,"commons/Historical_images_of_the_exterior_of_the_Taj_Mahal/0/pictures/Taj_Mahal,_Agra_1859–1860.jpg"
Taj_Mahal,113197,0,commons/Taj_Mahal_Complex_—_Tomb/0/pictures/Taj_Mahal_9957.jpg
Taj_Mahal,113197,0,"commons/Historical_images_of_the_exterior_of_the_Taj_Mahal/0/pictures/Gezicht_op_de_Taj_Mahal_in_Agra,_RP-F-AA3187-K.jpg"
Taj_Mahal,113197,0,commons/West_side_of_the_Taj_Mahal/0/pictures/The_TAJ_MAHAL_in_the_evening_sun.jpg
Taj_Mahal,113197,0,commons/South_side_of_the_Taj_Mahal_Tomb_with_the_pool/0/pictures/TajMahal-Palace-Delhi.jpg
Taj_Mahal,113197,0,commons/Jali_at_the_Taj_Mahal/0/pictures/Taj_Mahal_Agra_India_(6).JPG
Taj_Mahal,113197,0,commons/Taj_Mahal_Complex_—_Tomb/0/pictures/Taj_Mahal_agra_32.JPG
Taj_Mahal,113197,0,commons/West_side_of_the_Taj_Mahal/0/pictures/The_Taj_Mahal_on_a_sunny_day.jpg
Taj_Mahal,113197,0,commons/South_side_of_the_Taj_Mahal_Tomb_with_the_pool/0/pictures/TajMahal20080211-1.jpg
Taj_Mahal,113197,0,commons/Jali_at_the_Taj_Mahal/0/pictures/Taj_Mahal_window.jpg
Taj_Mahal,113197,0,commons/Taj_Mahal_Complex_—_Tomb/0/pictures/Taj_Mahal_agra_37.JPG
Taj_Mahal,113197,0,"commons/Night_views_of_the_Taj_Mahal/0/pictures/Agra,_Taj_Mahal_(2002)_48.jpg"
Taj_Mahal,113197,0,commons/Taj_Mahal_Complex_—_Tomb/0/pictures/Taj_Mahal_daytime.jpg
Taj_Mahal,113197,0,"commons/Night_views_of_the_Taj_Mahal/0/pictures/Agra,_Taj_Mahal_(2002)_47.jpg"
Taj_Mahal,113197,0,commons/Taj_Mahal_Complex_—_Tomb/0/pictures/Taj_Mahal_complete_clear_view.jpg
Taj_Mahal,113197,0,commons/Night_views_of_the_Taj_Mahal/0/pictures/Taj_Mahal_(7th_Wonder_of_the_world)_in_Moonlight_2014-05-19_01-34.jpg
Taj_Mahal,113197,0,commons/Taj_Mahal_Complex_—_Tomb/0/pictures/Taj_Mahal_frame.jpg
Taj_Mahal,113197,0,commons/Yamuna_River_at_the_Taj_Mahal/0/pictures/Mah_2.JPG
Taj_Mahal,113197,0,commons/North_side_of_the_Taj_Mahal/0/pictures/Taj_Mahal_view_11.jpg
Taj_Mahal,113197,0,commons/Taj_Mahal_Complex_—_Tomb/0/pictures/Taj_Mahal_vrtmrgmpksk_(74).jpg
Taj_Mahal,113197,0,commons/North_side_of_the_Taj_Mahal/0/pictures/Taj_Mahal_view_13.jpg
Taj_Mahal,113197,0,commons/Taj_Mahal_Complex_—_Tomb/0/pictures/Taj_Mahal_with_Justin_K_on_the_right_(4189266870).jpg
Taj_Mahal,113197,0,commons/North_side_of_the_Taj_Mahal/0/pictures/Taj_Mahal_view_2.jpg
Taj_Mahal,113197,0,commons/Yamuna_River_at_the_Taj_Mahal/0/pictures/One_of_the_seven_wonders-Taj_Mahal.JPG
Taj_Mahal,113197,0,"commons/Southern_gate_of_the_Taj_Mahal_compound/0/pictures/Agra,_panorámicas_(2002)_11.jpg"
Taj_Mahal,113197,0,commons/North_side_of_the_Taj_Mahal/0/pictures/Taj_Mahal_view_6.jpg
Taj_Mahal,113197,0,commons/Taj_Mahal_Complex_—_Tomb/0/pictures/Taj_Mahal's_Rare_View_during_sunset.jpg
Taj_Mahal,113197,0,commons/North_side_of_the_Taj_Mahal/0/pictures/Taj_Mahal_view_23.jpg
Taj_Mahal,113197,0,"commons/Taj_Mahal_Complex_—_Tomb/0/pictures/Taj_Mahal,_Agra_(37120205146).jpg"
Taj_Mahal,113197,0,commons/North_side_of_the_Taj_Mahal/0/pictures/Taj_Mahal_view_32.jpg
Taj_Mahal,113197,0,"commons/Taj_Mahal_Complex_—_Tomb/0/pictures/Taj_Mahal,_Agra_-_Visit_During_WCI_2016_(43).jpg"
Taj_Mahal,113197,0,commons/North_side_of_the_Taj_Mahal/0/pictures/Taj_Mahal_view_4.jpg
Taj_Mahal,113197,0,"commons/Taj_Mahal_Complex_—_Tomb/0/pictures/Taj_Mahal,_Agra_-_Visit_During_WCI_2016_(56).jpg"
Taj_Mahal,113197,0,commons/North_side_of_the_Taj_Mahal/0/pictures/Taj_Mahal_view_8.jpg
Taj_Mahal,113197,0,"commons/Taj_Mahal_Complex_—_Tomb/0/pictures/Taj_Mahal,_Agra_136.jpg"
Taj_Mahal,113197,0,commons/North_side_of_the_Taj_Mahal/0/pictures/Taj_Mahal_view_31.jpg
Taj_Mahal,113197,0,"commons/Taj_Mahal_Complex_—_Tomb/0/pictures/Taj_Mahal,_Agra_39.jpg"
Taj_Mahal,113197,0,commons/North_side_of_the_Taj_Mahal/0/pictures/TajMahalAgraIndia.jpg
Taj_Mahal,113197,0,"commons/Taj_Mahal_Complex_—_Tomb/0/pictures/Taj_Mahal,_Agra_73.jpg"
Taj_Mahal,113197,0,"commons/North_side_of_the_Taj_Mahal/0/pictures/The_back_side_of_Taj_Mahal,_facing_the_Yamuna.jpg"
Taj_Mahal,113197,0,"commons/Taj_Mahal_Complex_—_Tomb/0/pictures/Taj_Mahal,_Agra_87.jpg"
Taj_Mahal,113197,0,commons/Panoramics_of_the_Taj_Mahal/0/pictures/Agra11.JPG
Taj_Mahal,113197,0,commons/Panoramics_of_the_Taj_Mahal/0/pictures/Taj_Mahal_(ताज_महल).jpg
Taj_Mahal,113197,0,"commons/Taj_Mahal_Complex_—_Tomb/0/pictures/Taj_Mahal,_Agra,_Uttar_Pradesh_s-32.jpg"
Taj_Mahal,113197,0,"commons/Photographic_silhouettes_of_the_Taj_Mahal/0/pictures/""The_Sun_is_Hiding_behind_the_Taj"".jpg"
Taj_Mahal,113197,0,"commons/Taj_Mahal_Complex_—_Tomb/0/pictures/Taj_Mahal,_Agra,_Uttar_Pradesh_s-58.jpg"
Taj_Mahal,113197,0,commons/Panoramics_of_the_Taj_Mahal/0/pictures/Taj_Mahal_with_Garden_-_Agra_2014-05-14_3975-3985_Compress.JPG
Taj_Mahal,113197,0,"commons/Taj_Mahal_Complex_—_Tomb/0/pictures/Taj_Mahal,_Agra,_Uttar_Pradesh_te-119.jpg"
Taj_Mahal,113197,0,"commons/Pietre_dure_on_the_Taj_Mahal/0/pictures/Flowers_in_marble,_Taj_Mahal,_Agra,_India.jpg"
Taj_Mahal,113197,0,"commons/Taj_Mahal_Complex_—_Tomb/0/pictures/Taj_Mahal,_India_(149128217).jpg"
Taj_Mahal,113197,0,commons/Remote_views_of_the_Taj_Mahal/0/pictures/Neighbour.jpg
Taj_Mahal,113197,0,commons/Taj_Mahal_Complex_—_Tomb/0/pictures/Tajmahal_t006.jpg
Taj_Mahal,113197,0,commons/Remote_views_of_the_Taj_Mahal/0/pictures/Taj_Mahal_view_20.jpg
Taj_Mahal,113197,0,commons/Taj_Mahal_Complex_—_Tomb/0/pictures/The_Taj_Mahal_in_bright_sun.jpg
Taj_Mahal,113197,0,commons/Remote_views_of_the_Taj_Mahal/0/pictures/Taj_Mahal_view_22.jpg
Taj_Mahal,113197,0,commons/Taj_Mahal_Complex_—_Tomb/0/pictures/The_Taj_Mahal_from_a_different_angle.JPG
Taj_Mahal,113197,0,commons/Remote_views_of_the_Taj_Mahal/0/pictures/Taj_Mahal_view_32.jpg
Taj_Mahal,113197,0,"commons/Taj_Mahal_Complex_—_Tomb/0/pictures/The_great_Taj_Mahal,_Agra6.jpg"
Taj_Mahal,113197,0,commons/South_side_of_the_Taj_Mahal_Tomb_with_the_pool/0/pictures/TajMahalbyAmalMongia.jpg
Taj_Mahal,113197,0,commons/South_side_of_the_Taj_Mahal_Tomb_with_the_pool/0/pictures/Tajmahal_B&W.jpg
Taj_Mahal,113197,0,commons/South_side_of_the_Taj_Mahal_Tomb_with_the_pool/0/pictures/TajMahal02.jpg
Taj_Mahal,113197,0,commons/South_side_of_the_Taj_Mahal_Tomb_with_the_pool/0/pictures/Tajmahal_at_early_morning.jpg
Taj_Mahal,113197,0,commons/South_side_of_the_Taj_Mahal_Tomb_with_the_pool/0/pictures/Tajmahal_dec_2008.JPG
Taj_Mahal,113197,0,commons/South_side_of_the_Taj_Mahal_Tomb_with_the_pool/0/pictures/Tajmahal2_UP.JPG
Taj_Mahal,113197,0,commons/South_side_of_the_Taj_Mahal_Tomb_with_the_pool/0/pictures/Tajmahal_front_view.jpg
Taj_Mahal,113197,0,commons/South_side_of_the_Taj_Mahal_Tomb_with_the_pool/0/pictures/Tajmahal_india.jpg
Taj_Mahal,113197,0,commons/South_side_of_the_Taj_Mahal_Tomb_with_the_pool/0/pictures/Tajmahal_front.jpg
Taj_Mahal,113197,0,commons/South_side_of_the_Taj_Mahal_Tomb_with_the_pool/0/pictures/Tajmahal_long_view.jpg
Taj_Mahal,113197,0,commons/South_side_of_the_Taj_Mahal_Tomb_with_the_pool/0/pictures/Tajmahal_delhi.jpg
Taj_Mahal,113197,0,commons/South_side_of_the_Taj_Mahal_Tomb_with_the_pool/0/pictures/Tajmahal2.JPG
Taj_Mahal,113197,0,commons/South_side_of_the_Taj_Mahal_Tomb_with_the_pool/0/pictures/Tajmahal3.JPG
Taj_Mahal,113197,0,commons/South_side_of_the_Taj_Mahal_Tomb_with_the_pool/0/pictures/Tajmahal4.JPG
Taj_Mahal,113197,0,commons/South_side_of_the_Taj_Mahal_Tomb_with_the_pool/0/pictures/The_Amazing_Taj_Mahal_in_Agra.JPG
Taj_Mahal,113197,0,commons/South_side_of_the_Taj_Mahal_Tomb_with_the_pool/0/pictures/Tal_Mahal.jpg
Taj_Mahal,113197,0,commons/South_side_of_the_Taj_Mahal_Tomb_with_the_pool/0/pictures/Tajmahalindianmonument.jpg
Taj_Mahal,113197,0,commons/South_side_of_the_Taj_Mahal_Tomb_with_the_pool/0/pictures/Tajmahall11.jpg
Taj_Mahal,113197,0,"commons/South_side_of_the_Taj_Mahal_Tomb_with_the_pool/0/pictures/The_Great_Taj_Mahal,Agra.jpg"
Taj_Mahal,113197,0,commons/South_side_of_the_Taj_Mahal_Tomb_with_the_pool/0/pictures/The_Drinking_Fountain.JPG
Taj_Mahal,113197,0,commons/South_side_of_the_Taj_Mahal_Tomb_with_the_pool/0/pictures/The_GREAT_TAJMAHAL_VIEW_FROM_ENTRANCE_01.jpg
Taj_Mahal,113197,0,commons/South_side_of_the_Taj_Mahal_Tomb_with_the_pool/0/pictures/The_Beautiful_Maq-bara.jpg
Taj_Mahal,113197,0,commons/South_side_of_the_Taj_Mahal_Tomb_with_the_pool/0/pictures/The_Beauty_of_TAJ.jpg
Taj_Mahal,113197,0,commons/South_side_of_the_Taj_Mahal_Tomb_with_the_pool/0/pictures/The_Magnificent_Taj.jpg
Taj_Mahal,113197,0,commons/South_side_of_the_Taj_Mahal_Tomb_with_the_pool/0/pictures/The_Taj_Mahal_(seen_from_south_entrance).JPG
Taj_Mahal,113197,0,"commons/South_side_of_the_Taj_Mahal_Tomb_with_the_pool/0/pictures/The_Taj_Mahal_,_Agra.jpg"
Taj_Mahal,113197,0,commons/South_side_of_the_Taj_Mahal_Tomb_with_the_pool/0/pictures/The_Taj_Mahal_-_epitome_of_love.jpg
Taj_Mahal,113197,0,commons/South_side_of_the_Taj_Mahal_Tomb_with_the_pool/0/pictures/The_Taj_Mahal_.jpg
Taj_Mahal,113197,0,commons/South_side_of_the_Taj_Mahal_Tomb_with_the_pool/0/pictures/The_Taj_Mahal_00.jpg
Taj_Mahal,113197,0,commons/South_side_of_the_Taj_Mahal_Tomb_with_the_pool/0/pictures/The_Taj_Mahal_History.jpg
Taj_Mahal,113197,0,commons/South_side_of_the_Taj_Mahal_Tomb_with_the_pool/0/pictures/The_Taj_Mahal_002.jpg
Taj_Mahal,113197,0,commons/South_side_of_the_Taj_Mahal_Tomb_with_the_pool/0/pictures/The_Taj_Mahal_of_Agra_(INDIA).JPG
Taj_Mahal,113197,0,commons/South_side_of_the_Taj_Mahal_Tomb_with_the_pool/0/pictures/The_Taj_Mahal_water_front.jpg
Taj_Mahal,113197,0,"commons/South_side_of_the_Taj_Mahal_Tomb_with_the_pool/0/pictures/The_Taj_Mahal,.jpg"
Taj_Mahal,113197,0,"commons/South_side_of_the_Taj_Mahal_Tomb_with_the_pool/0/pictures/The_Taj_Mahal,Agra.jpg"
Taj_Mahal,113197,0,commons/South_side_of_the_Taj_Mahal_Tomb_with_the_pool/0/pictures/The_Taj_Splenderful.jpg
Taj_Mahal,113197,0,commons/South_side_of_the_Taj_Mahal_Tomb_with_the_pool/0/pictures/The_Taj_under_reflection..JPG
Taj_Mahal,113197,0,"commons/South_side_of_the_Taj_Mahal_Tomb_with_the_pool/0/pictures/The_Taj,_Agra.JPG"
Taj_Mahal,113197,0,commons/South_side_of_the_Taj_Mahal_Tomb_with_the_pool/0/pictures/The_taj.jpg
Taj_Mahal,113197,0,commons/South_side_of_the_Taj_Mahal_Tomb_with_the_pool/0/pictures/The_obligatory_Taj_Mahal_photo_(4570438119).jpg
Taj_Mahal,113197,0,commons/South_side_of_the_Taj_Mahal_Tomb_with_the_pool/0/pictures/The_perfect_Taj.jpg
Taj_Mahal,113197,0,commons/South_side_of_the_Taj_Mahal_Tomb_with_the_pool/0/pictures/The_TajMahal_BnW.jpg
Taj_Mahal,113197,0,commons/South_side_of_the_Taj_Mahal_Tomb_with_the_pool/0/pictures/The_taj_in_2016.jpg
Taj_Mahal,113197,0,"commons/South_side_of_the_Taj_Mahal_Tomb_with_the_pool/0/pictures/The_Taj_mahal,_widescreen.jpg"
Taj_Mahal,113197,0,commons/South_side_of_the_Taj_Mahal_Tomb_with_the_pool/0/pictures/View_of_Taj_Mahal.jpg
Taj_Mahal,113197,0,commons/South_side_of_the_Taj_Mahal_Tomb_with_the_pool/0/pictures/TheTajMahal.jpg
Taj_Mahal,113197,0,commons/South_side_of_the_Taj_Mahal_Tomb_with_the_pool/0/pictures/Twice_the_Taj.jpg
Taj_Mahal,113197,0,commons/South_side_of_the_Taj_Mahal_Tomb_with_the_pool/0/pictures/Wah_Taj_!!_(cropped).jpg
Taj_Mahal,113197,0,commons/South_side_of_the_Taj_Mahal_Tomb_with_the_pool/0/pictures/View_of_Taj_Mahal_from_the_South_(from_the_platform_of_the_Great_Gate).jpg
Taj_Mahal,113197,0,commons/South_side_of_the_Taj_Mahal_Tomb_with_the_pool/0/pictures/The_wondrous_Taj_Mahal.jpg
Taj_Mahal,113197,0,commons/South_side_of_the_Taj_Mahal_Tomb_with_the_pool/0/pictures/View_Of_Taj_Mahal_taken_during_my_Agra_Trip_in_March_2012.JPG
Taj_Mahal,113197,0,commons/South_side_of_the_Taj_Mahal_Tomb_with_the_pool/0/pictures/Wah_Taj_!!.jpg
Taj_Mahal,113197,0,commons/South_side_of_the_Taj_Mahal_Tomb_with_the_pool/0/pictures/Wah!Taj.JPG
Taj_Mahal,113197,0,commons/South_side_of_the_Taj_Mahal_Tomb_with_the_pool/0/pictures/White_Taj_Mahal_01.jpg
Taj_Mahal,113197,0,commons/South_side_of_the_Taj_Mahal_Tomb_with_the_pool/0/pictures/தாஜ்மஹால்.jpg
Taj_Mahal,113197,0,commons/South_side_of_the_Taj_Mahal_Tomb_with_the_pool/0/pictures/印度泰姬瑪哈陵_38.jpg
Taj_Mahal,113197,0,commons/South_side_of_the_Taj_Mahal_Tomb_with_the_pool/0/pictures/Yash's_Taj_Mahal.jpg
Taj_Mahal,113197,0,commons/South_side_of_the_Taj_Mahal_Tomb_with_the_pool/0/pictures/ताजमहल_आगरा_उत्‍तर_प्रदेश.jpg
Taj_Mahal,113197,0,commons/South_side_of_the_Taj_Mahal_Tomb_with_the_pool/0/pictures/Wonder_of_India.jpg
Taj_Mahal,113197,0,commons/South_side_of_the_Taj_Mahal_Tomb_with_the_pool/0/pictures/Wonder_of_the_world_taj_mahal.JPG
Taj_Mahal,113197,0,commons/South_side_of_the_Taj_Mahal_Tomb_with_the_pool/0/pictures/印度泰姬瑪哈陵_40.jpg
Taj_Mahal,113197,0,"commons/Southern_gate_of_the_Taj_Mahal_compound/0/pictures/20191204_Great_Gate,_Taj_Mahal_0620_6532_DxO.jpg"
Taj_Mahal,113197,0,commons/South_side_of_the_Taj_Mahal_Tomb_with_the_pool/0/pictures/泰姬瑪哈陵27.jpg
Taj_Mahal,113197,0,commons/South_side_of_the_Taj_Mahal_Tomb_with_the_pool/0/pictures/泰姬瑪哈陵351.jpg
Taj_Mahal,113197,0,commons/South_side_of_the_Taj_Mahal_Tomb_with_the_pool/0/pictures/泰姬瑪哈陵51.jpg
Taj_Mahal,113197,0,commons/South_side_of_the_Taj_Mahal_Tomb_with_the_pool/0/pictures/泰姬瑪哈陵26.jpg
Taj_Mahal,113197,0,"commons/Southern_gate_of_the_Taj_Mahal_compound/0/pictures/20191204_Great_Gate,_Taj_Mahal_0724_6580_DxO.jpg"
Taj_Mahal,113197,0,commons/Southern_gate_of_the_Taj_Mahal_compound/0/pictures/A_beautiful_garden_in_the_vicinity_of_the_Taj!.jpg
Taj_Mahal,113197,0,commons/Southern_gate_of_the_Taj_Mahal_compound/0/pictures/Agra_03-2016_05_Taj_Mahal_complex.jpg
Taj_Mahal,113197,0,commons/Southern_gate_of_the_Taj_Mahal_compound/0/pictures/Agra_Fort_-A_Red_Fort.jpg
Taj_Mahal,113197,0,commons/Southern_gate_of_the_Taj_Mahal_compound/0/pictures/Agra_Taj_Mahal_Eastern_Gate.JPG
Taj_Mahal,113197,0,commons/Southern_gate_of_the_Taj_Mahal_compound/0/pictures/Agra_Taj_Mahal_Gardens_6.jpg
Taj_Mahal,113197,0,"commons/Southern_gate_of_the_Taj_Mahal_compound/0/pictures/Agra,_panorámicas_(2002)_10.jpg"
Taj_Mahal,113197,0,commons/Southern_gate_of_the_Taj_Mahal_compound/0/pictures/Agra_fort_or_red_fort.JPG
Taj_Mahal,113197,0,commons/Southern_gate_of_the_Taj_Mahal_compound/0/pictures/Agra_through_my_lens.jpg
Taj_Mahal,113197,0,"commons/Southern_gate_of_the_Taj_Mahal_compound/0/pictures/Agra,_Taj_Mahal_(2002)_02.jpg"
Taj_Mahal,113197,0,commons/Southern_gate_of_the_Taj_Mahal_compound/0/pictures/Agra_Taj_Mahal_Gardens.jpg
Taj_Mahal,113197,0,commons/Southern_gate_of_the_Taj_Mahal_compound/0/pictures/Agra-_August_2018_(44116213311).jpg
Taj_Mahal,113197,0,commons/Southern_gate_of_the_Taj_Mahal_compound/0/pictures/Agra-Taj_Mahal-12-Suedtor-2018-gje.jpg
Taj_Mahal,113197,0,commons/Southern_gate_of_the_Taj_Mahal_compound/0/pictures/Agra-Taj_Mahal-14-Suedtor-2018-gje.jpg
Taj_Mahal,113197,0,commons/Southern_gate_of_the_Taj_Mahal_compound/0/pictures/Agra-Taj_Mahal-Gateway-20131019.jpg
Taj_Mahal,113197,0,commons/Southern_gate_of_the_Taj_Mahal_compound/0/pictures/Agra2.JPG
Taj_Mahal,113197,0,commons/Southern_gate_of_the_Taj_Mahal_compound/0/pictures/Banke_bTaj_Mahalihari_(225).JPG
Taj_Mahal,113197,0,commons/Southern_gate_of_the_Taj_Mahal_compound/0/pictures/AgraTazmahal-pic01.jpg
Taj_Mahal,113197,0,commons/Southern_gate_of_the_Taj_Mahal_compound/0/pictures/Akbar_Fort_-Sunset_view.jpg
Taj_Mahal,113197,0,commons/Southern_gate_of_the_Taj_Mahal_compound/0/pictures/B6a_agra700.jpg
Taj_Mahal,113197,0,commons/Southern_gate_of_the_Taj_Mahal_compound/0/pictures/Agra3.JPG
Taj_Mahal,113197,0,"commons/Southern_gate_of_the_Taj_Mahal_compound/0/pictures/Best_view_of_the_great_Taj_Mahal,_Agra12.jpg"
Taj_Mahal,113197,0,commons/Southern_gate_of_the_Taj_Mahal_compound/0/pictures/Beauty_of_agra.jpg
Taj_Mahal,113197,0,commons/Southern_gate_of_the_Taj_Mahal_compound/0/pictures/Courtyard_in_Agra_(1581726134).jpg
Taj_Mahal,113197,0,commons/Southern_gate_of_the_Taj_Mahal_compound/0/pictures/Banke_bTaj_Mahalihari_(235).JPG
Taj_Mahal,113197,0,commons/Southern_gate_of_the_Taj_Mahal_compound/0/pictures/Brama_taj_mahal.jpg
Taj_Mahal,113197,0,commons/Southern_gate_of_the_Taj_Mahal_compound/0/pictures/Components_of_Taj..JPG
Taj_Mahal,113197,0,commons/Southern_gate_of_the_Taj_Mahal_compound/0/pictures/Corner_view_of_Entrance_Gateway_Darwaza_I_Rauza.jpg
Taj_Mahal,113197,0,commons/Southern_gate_of_the_Taj_Mahal_compound/0/pictures/Banke_bTaj_Mahalihari_(234).JPG
Taj_Mahal,113197,0,commons/Southern_gate_of_the_Taj_Mahal_compound/0/pictures/Darwaza-i_rauza_-_as_viewed_while_entering_The_Taj_Mahal_complex.JPG
Taj_Mahal,113197,0,commons/Southern_gate_of_the_Taj_Mahal_compound/0/pictures/Darwaza-i-Rauza2013_closer.JPG
Taj_Mahal,113197,0,commons/Southern_gate_of_the_Taj_Mahal_compound/0/pictures/Darwaza-I-Rauza.jpg
Taj_Mahal,113197,0,commons/Southern_gate_of_the_Taj_Mahal_compound/0/pictures/Darwa-I-Rauza_Taj_Mahal_Agra.jpg
Taj_Mahal,113197,0,"commons/Southern_gate_of_the_Taj_Mahal_compound/0/pictures/Darwaza-I-Rauza,_Taj_Mahal_Complex,_Agra,_Uttar_Pradesh.jpg"
Taj_Mahal,113197,0,commons/Southern_gate_of_the_Taj_Mahal_compound/0/pictures/Darwaza-i-Rauza2013.JPG
Taj_Mahal,113197,0,commons/Southern_gate_of_the_Taj_Mahal_compound/0/pictures/Delhi_20180908_102120.jpg
Taj_Mahal,113197,0,"commons/Southern_gate_of_the_Taj_Mahal_compound/0/pictures/Dharmapuri,_Forest_Colony,_Tajganj,_Agra,_Uttar_Pradesh,_India_-_panoramio_(10).jpg"
Taj_Mahal,113197,0,commons/Southern_gate_of_the_Taj_Mahal_compound/0/pictures/Darwaza-i-rauza_in_the_morning.jpg
Taj_Mahal,113197,0,commons/Southern_gate_of_the_Taj_Mahal_compound/0/pictures/Darwaza-i-rauza.jpg
Taj_Mahal,113197,0,commons/Southern_gate_of_the_Taj_Mahal_compound/0/pictures/Darwaza-i-Rauza2013ദർവാസ-ഇ_റൌസ.JPG
Taj_Mahal,113197,0,commons/Southern_gate_of_the_Taj_Mahal_compound/0/pictures/EastGateTaj.JPG
Taj_Mahal,113197,0,commons/Southern_gate_of_the_Taj_Mahal_compound/0/pictures/Direction_of_Sun_Rays.jpg
Taj_Mahal,113197,0,"commons/Southern_gate_of_the_Taj_Mahal_compound/0/pictures/Dharmapuri,_Forest_Colony,_Tajganj,_Agra,_Uttar_Pradesh,_India_-_panoramio.jpg"
Taj_Mahal,113197,0,commons/Southern_gate_of_the_Taj_Mahal_compound/0/pictures/El_Taj_Mahal-Agra_India0003.JPG
Taj_Mahal,113197,0,commons/Southern_gate_of_the_Taj_Mahal_compound/0/pictures/Elevation_of_Entrance_Gateway_of_Khan-i-Alam_Bagh.jpg
Taj_Mahal,113197,0,commons/Southern_gate_of_the_Taj_Mahal_compound/0/pictures/Enclosure_wall_of_Taj_Garden.JPG
Taj_Mahal,113197,0,commons/Southern_gate_of_the_Taj_Mahal_compound/0/pictures/Entrance_Gateway_Building_Of_Taj_Mahal.jpg
Taj_Mahal,113197,0,commons/Southern_gate_of_the_Taj_Mahal_compound/0/pictures/Entrance_gate_of_THE_GREAT_TAJ_MAHAL.jpg
Taj_Mahal,113197,0,commons/Southern_gate_of_the_Taj_Mahal_compound/0/pictures/Entrance_Gateway_of_Taj_Mahal.jpg
Taj_Mahal,113197,0,commons/Southern_gate_of_the_Taj_Mahal_compound/0/pictures/Entrance_fort.jpg
Taj_Mahal,113197,0,commons/Southern_gate_of_the_Taj_Mahal_compound/0/pictures/Entrance_gate_-_Taj_Mahal.jpg
Taj_Mahal,113197,0,commons/Southern_gate_of_the_Taj_Mahal_compound/0/pictures/Entrance_gatewayof_Taj_Mahal.JPG
Taj_Mahal,113197,0,commons/Southern_gate_of_the_Taj_Mahal_compound/0/pictures/Entrance_gate_to_Taj.jpg
Taj_Mahal,113197,0,commons/Southern_gate_of_the_Taj_Mahal_compound/0/pictures/Entrance_to_taj.jpg
Taj_Mahal,113197,0,commons/Southern_gate_of_the_Taj_Mahal_compound/0/pictures/Entrance_gate_of_THE_GREAT_TAJ_MAHAL_PIC_2.jpg
Taj_Mahal,113197,0,commons/Southern_gate_of_the_Taj_Mahal_compound/0/pictures/Entrance_to_Taj_'Tomb_of_love'.JPG
Taj_Mahal,113197,0,commons/Southern_gate_of_the_Taj_Mahal_compound/0/pictures/Entrance_to_Taj.jpg
Taj_Mahal,113197,0,commons/Southern_gate_of_the_Taj_Mahal_compound/0/pictures/Entrance_gate_to_the_Taj.jpg
Taj_Mahal,113197,0,commons/Southern_gate_of_the_Taj_Mahal_compound/0/pictures/Entrance_to_the_Taj_(427948417).jpg
Taj_Mahal,113197,0,commons/Southern_gate_of_the_Taj_Mahal_compound/0/pictures/Entrance_to_the_Tajmahal.jpg
Taj_Mahal,113197,0,commons/Southern_gate_of_the_Taj_Mahal_compound/0/pictures/Entry_gate_of_Taaj_Mahal_Agra.jpg
Taj_Mahal,113197,0,commons/Southern_gate_of_the_Taj_Mahal_compound/0/pictures/Fort_near_TAJ.JPG
Taj_Mahal,113197,0,commons/Southern_gate_of_the_Taj_Mahal_compound/0/pictures/Entry_into_Taj_Mahal.JPG
Taj_Mahal,113197,0,commons/Southern_gate_of_the_Taj_Mahal_compound/0/pictures/Front_Gate_(Darwaza-i-rauza)_of_Tajmahal.jpg
Taj_Mahal,113197,0,commons/Southern_gate_of_the_Taj_Mahal_compound/0/pictures/Gated_structure_around_tajmahal.jpg
Taj_Mahal,113197,0,commons/Southern_gate_of_the_Taj_Mahal_compound/0/pictures/Front_View_of_Gate_Of_Taj_Mahal.jpg
Taj_Mahal,113197,0,commons/Southern_gate_of_the_Taj_Mahal_compound/0/pictures/GATE_OF_TAJ_MAHAL_AGRA.jpg
Taj_Mahal,113197,0,commons/Southern_gate_of_the_Taj_Mahal_compound/0/pictures/Gate_Of_Taj_Mahal.jpg
Taj_Mahal,113197,0,commons/Southern_gate_of_the_Taj_Mahal_compound/0/pictures/Gate_of_taj_mahal.jpg
Taj_Mahal,113197,0,commons/Southern_gate_of_the_Taj_Mahal_compound/0/pictures/Gate_outside_Tajmahal.jpg
Taj_Mahal,113197,0,commons/Southern_gate_of_the_Taj_Mahal_compound/0/pictures/Front_View_of_Sirhi_Darwaja_or_South_Gate_of_Taj_Mahal.JPG
Taj_Mahal,113197,0,commons/Southern_gate_of_the_Taj_Mahal_compound/0/pictures/Gateway_of_Taj_Mahal_01.JPG
Taj_Mahal,113197,0,commons/Southern_gate_of_the_Taj_Mahal_compound/0/pictures/Gateway_to_the_Monument_of_Love.jpg
Taj_Mahal,113197,0,commons/Southern_gate_of_the_Taj_Mahal_compound/0/pictures/GatewayofTaj.jpg
Taj_Mahal,113197,0,commons/Southern_gate_of_the_Taj_Mahal_compound/0/pictures/Glimpse_of_agra.JPG
Taj_Mahal,113197,0,commons/Southern_gate_of_the_Taj_Mahal_compound/0/pictures/Glimpses_of_Agra_5.JPG
Taj_Mahal,113197,0,commons/Southern_gate_of_the_Taj_Mahal_compound/0/pictures/Glimpses_of_Agra_9.JPG
Taj_Mahal,113197,0,commons/Southern_gate_of_the_Taj_Mahal_compound/0/pictures/Grand_Entrance_of_Taj_Mahal.jpg
Taj_Mahal,113197,0,"commons/Southern_gate_of_the_Taj_Mahal_compound/0/pictures/Great_gate_at_the_Taj_Mahal_compound,_2017.jpg"
Taj_Mahal,113197,0,commons/Southern_gate_of_the_Taj_Mahal_compound/0/pictures/IMG_20170826_162555_-_Copy_-_Copy.jpg
Taj_Mahal,113197,0,commons/Southern_gate_of_the_Taj_Mahal_compound/0/pictures/Great_Gate_at_Taj_Mahal_area_(29).jpg
Taj_Mahal,113197,0,commons/Southern_gate_of_the_Taj_Mahal_compound/0/pictures/Great_Gate_at_Taj_Mahal_area_(BOND_0371).jpg
Taj_Mahal,113197,0,"commons/Southern_gate_of_the_Taj_Mahal_compound/0/pictures/Great_gate_(Darwaza-i_rauza),_main_entrance_to_the_TAJ_-_panoramio.jpg"
Taj_Mahal,113197,0,commons/Southern_gate_of_the_Taj_Mahal_compound/0/pictures/Great_Gate_at_Taj_Mahal_Compound.jpg
Taj_Mahal,113197,0,commons/Southern_gate_of_the_Taj_Mahal_compound/0/pictures/Inde_Uttar_Pradesh_Agra_Taj_Mahal_Portail_-_panoramio_(2).jpg
Taj_Mahal,113197,0,commons/Southern_gate_of_the_Taj_Mahal_compound/0/pictures/IMG_20170826_162932_-_Copy_-_Copy.jpg
Taj_Mahal,113197,0,commons/Southern_gate_of_the_Taj_Mahal_compound/0/pictures/IMG_20170826_163018_-_Copy_-_Copy.jpg
Taj_Mahal,113197,0,commons/Southern_gate_of_the_Taj_Mahal_compound/0/pictures/Inde_Uttar_Pradesh_Agra_Taj_Mahal_Portail_-_panoramio_(1).jpg
Taj_Mahal,113197,0,commons/Southern_gate_of_the_Taj_Mahal_compound/0/pictures/IMG_20170826_162604_-_Copy_-_Copy.jpg
Taj_Mahal,113197,0,commons/Southern_gate_of_the_Taj_Mahal_compound/0/pictures/Inde_Uttar_Pradesh_Agra_Taj_Mahal_Portail_-_panoramio.jpg
Taj_Mahal,113197,0,commons/Southern_gate_of_the_Taj_Mahal_compound/0/pictures/India_-_Agra_-_005_(2147555616).jpg
Taj_Mahal,113197,0,commons/Southern_gate_of_the_Taj_Mahal_compound/0/pictures/India-6078_-_Flickr_-_archer10_(Dennis).jpg
Taj_Mahal,113197,0,commons/Southern_gate_of_the_Taj_Mahal_compound/0/pictures/India_DSC01521_(16515005507).jpg
Taj_Mahal,113197,0,commons/Southern_gate_of_the_Taj_Mahal_compound/0/pictures/India-6062_-_Flickr_-_archer10_(Dennis).jpg
Taj_Mahal,113197,0,commons/Southern_gate_of_the_Taj_Mahal_compound/0/pictures/Jawab_Masjid_(near_Taj_Mahal).jpg
Taj_Mahal,113197,0,commons/Southern_gate_of_the_Taj_Mahal_compound/0/pictures/Great_Gate_-_Taj_Mahal.jpg
Taj_Mahal,113197,0,"commons/Southern_gate_of_the_Taj_Mahal_compound/0/pictures/Khan-ae-Alam_DArwaza_,_Tajmahal_,_Agra.jpg"
Taj_Mahal,113197,0,commons/Southern_gate_of_the_Taj_Mahal_compound/0/pictures/Inner_Entrance.JPG
Taj_Mahal,113197,0,commons/Southern_gate_of_the_Taj_Mahal_compound/0/pictures/India-6064_-_Flickr_-_archer10_(Dennis).jpg
Taj_Mahal,113197,0,commons/Southern_gate_of_the_Taj_Mahal_compound/0/pictures/Khan_-i-alam_bagh.jpg
Taj_Mahal,113197,0,commons/Southern_gate_of_the_Taj_Mahal_compound/0/pictures/Main_Entrance_Gateway_of_Taj_Mahal.jpg
Taj_Mahal,113197,0,commons/Southern_gate_of_the_Taj_Mahal_compound/0/pictures/Kurt_boeck_indien_nepal_147.jpg
Taj_Mahal,113197,0,commons/Southern_gate_of_the_Taj_Mahal_compound/0/pictures/Main_Gateway_-_South_Facade_-_Taj_Mahal_Complex_-_Agra_2014-05-14_3739.JPG
Taj_Mahal,113197,0,commons/Southern_gate_of_the_Taj_Mahal_compound/0/pictures/Main_Gateway_-_South-west_View_-_Taj_Mahal_Complex_-_Agra_2014-05-14_3733.JPG
Taj_Mahal,113197,0,commons/Southern_gate_of_the_Taj_Mahal_compound/0/pictures/Kkm_tajmahal_india_1.jpg
Taj_Mahal,113197,0,commons/Southern_gate_of_the_Taj_Mahal_compound/0/pictures/Monument_gate_at_taj_mahal.jpg
Taj_Mahal,113197,0,commons/Southern_gate_of_the_Taj_Mahal_compound/0/pictures/Mosque_of_the_Taj_Mahal.jpg
Taj_Mahal,113197,0,commons/Southern_gate_of_the_Taj_Mahal_compound/0/pictures/Mumtaz_Mahal_Gate.jpg
Taj_Mahal,113197,0,commons/Southern_gate_of_the_Taj_Mahal_compound/0/pictures/N-UP-A28-e.jpg
Taj_Mahal,113197,0,commons/Southern_gate_of_the_Taj_Mahal_compound/0/pictures/NIKON_774.jpg
Taj_Mahal,113197,0,commons/Southern_gate_of_the_Taj_Mahal_compound/0/pictures/PSX_20170817_002607(1).jpg
Taj_Mahal,113197,0,commons/Southern_gate_of_the_Taj_Mahal_compound/0/pictures/Sirhi_Darwaja_Quadrangle.jpg
Taj_Mahal,113197,0,commons/Southern_gate_of_the_Taj_Mahal_compound/0/pictures/Sirhi_Darwaja_facing_the_inner_entrance_gate_of_the_Taj2.jpg
Taj_Mahal,113197,0,commons/Southern_gate_of_the_Taj_Mahal_compound/0/pictures/Side_Monument_of_TAJ_MAHAL.jpg
Taj_Mahal,113197,0,commons/Southern_gate_of_the_Taj_Mahal_compound/0/pictures/Porche-Taj.jpg
Taj_Mahal,113197,0,commons/Southern_gate_of_the_Taj_Mahal_compound/0/pictures/Sirhi_Darwaja_Entrance_to_The_TAJ_MAHAL.jpg
Taj_Mahal,113197,0,commons/Southern_gate_of_the_Taj_Mahal_compound/0/pictures/Royal_gate_of_tajmahal.JPG
Taj_Mahal,113197,0,commons/Southern_gate_of_the_Taj_Mahal_compound/0/pictures/SAVE_20180617_231130.jpg
Taj_Mahal,113197,0,commons/Southern_gate_of_the_Taj_Mahal_compound/0/pictures/Sirhi_Darwaja_or_South_Gate_of_Taj_Mahal.JPG
Taj_Mahal,113197,0,commons/Southern_gate_of_the_Taj_Mahal_compound/0/pictures/Sirhi_Darwaja's_side_view.JPG
Taj_Mahal,113197,0,"commons/Southern_gate_of_the_Taj_Mahal_compound/0/pictures/Sirhi_Darwaja,_Taj_Mahal.JPG"
Taj_Mahal,113197,0,commons/Southern_gate_of_the_Taj_Mahal_compound/0/pictures/Sirhi_Darwaja_facing_the_inner_entrance_gate_of_the_Taj.jpg
Taj_Mahal,113197,0,commons/Southern_gate_of_the_Taj_Mahal_compound/0/pictures/Sirhi_Darwaja.jpg
Taj_Mahal,113197,0,"commons/Southern_gate_of_the_Taj_Mahal_compound/0/pictures/South_gateway_to_Taj_Mahal,_Agra.jpg"
Taj_Mahal,113197,0,"commons/Southern_gate_of_the_Taj_Mahal_compound/0/pictures/South_grand_entrance_Gate,_Taj_Mahal.JPG"
Taj_Mahal,113197,0,commons/Southern_gate_of_the_Taj_Mahal_compound/0/pictures/TAJ_MAHAL_GATE_1.jpg
Taj_Mahal,113197,0,commons/Southern_gate_of_the_Taj_Mahal_compound/0/pictures/South_gate_to_Taj_Mahal.jpg
Taj_Mahal,113197,0,commons/Southern_gate_of_the_Taj_Mahal_compound/0/pictures/TAJ_MAHAL1.CMS.JPG
Taj_Mahal,113197,0,commons/Southern_gate_of_the_Taj_Mahal_compound/0/pictures/TAJ_Mahaal.jpg
Taj_Mahal,113197,0,commons/Southern_gate_of_the_Taj_Mahal_compound/0/pictures/Southern_gate_of_the_Taj_Mahal_compound.jpg
Taj_Mahal,113197,0,commons/Southern_gate_of_the_Taj_Mahal_compound/0/pictures/TAJ_MAHAL_GATE.jpg
Taj_Mahal,113197,0,commons/Southern_gate_of_the_Taj_Mahal_compound/0/pictures/Srihi_Darwaja_-_Royal_Gate.jpg
Taj_Mahal,113197,0,commons/Southern_gate_of_the_Taj_Mahal_compound/0/pictures/Structures_of_Taj.jpg
Taj_Mahal,113197,0,commons/Southern_gate_of_the_Taj_Mahal_compound/0/pictures/TAJ_entrance_-_panoramio.jpg
Taj_Mahal,113197,0,commons/Southern_gate_of_the_Taj_Mahal_compound/0/pictures/TAJMAHAL4.jpg
Taj_Mahal,113197,0,commons/Southern_gate_of_the_Taj_Mahal_compound/0/pictures/Taj_Entry_Gate.jpg
Taj_Mahal,113197,0,commons/Southern_gate_of_the_Taj_Mahal_compound/0/pictures/Taj_025.jpg
Taj_Mahal,113197,0,commons/Southern_gate_of_the_Taj_Mahal_compound/0/pictures/Taj_Entrance.jpg
Taj_Mahal,113197,0,commons/Southern_gate_of_the_Taj_Mahal_compound/0/pictures/Taj_023.jpg
Taj_Mahal,113197,0,commons/Southern_gate_of_the_Taj_Mahal_compound/0/pictures/Taj_KM_34.jpg
Taj_Mahal,113197,0,commons/Southern_gate_of_the_Taj_Mahal_compound/0/pictures/Taj_Mahal_(5104673803).jpg
Taj_Mahal,113197,0,commons/Southern_gate_of_the_Taj_Mahal_compound/0/pictures/Taj_Mahal_-_Entrance.JPG
Taj_Mahal,113197,0,commons/Southern_gate_of_the_Taj_Mahal_compound/0/pictures/Taj_Mahal_2018-01-02c.jpg
Taj_Mahal,113197,0,commons/Southern_gate_of_the_Taj_Mahal_compound/0/pictures/Taj_Gate-1.jpg
Taj_Mahal,113197,0,commons/Southern_gate_of_the_Taj_Mahal_compound/0/pictures/Taj_Mahal_04_(Friar's_Balsam_Flickr).jpg
Taj_Mahal,113197,0,commons/Southern_gate_of_the_Taj_Mahal_compound/0/pictures/Taj_Mahal_-Agra_-Uttar_Pradesh_-DSC_0007.jpg
Taj_Mahal,113197,0,commons/Southern_gate_of_the_Taj_Mahal_compound/0/pictures/Taj_Mahal_2018-01-02d.jpg
Taj_Mahal,113197,0,commons/Southern_gate_of_the_Taj_Mahal_compound/0/pictures/Taj_Mahal_9683.jpg
Taj_Mahal,113197,0,commons/Southern_gate_of_the_Taj_Mahal_compound/0/pictures/Taj_Mahal_9691.jpg
Taj_Mahal,113197,0,commons/Southern_gate_of_the_Taj_Mahal_compound/0/pictures/Taj_Mahal_9667.jpg
Taj_Mahal,113197,0,commons/Southern_gate_of_the_Taj_Mahal_compound/0/pictures/Taj_Mahal_9716.jpg
Taj_Mahal,113197,0,commons/Southern_gate_of_the_Taj_Mahal_compound/0/pictures/Taj_Mahal_2018-01-02f.jpg
Taj_Mahal,113197,0,commons/Southern_gate_of_the_Taj_Mahal_compound/0/pictures/Taj_Mahal_9688.jpg
Taj_Mahal,113197,0,commons/Southern_gate_of_the_Taj_Mahal_compound/0/pictures/Taj_Mahal_344.jpg
Taj_Mahal,113197,0,commons/Southern_gate_of_the_Taj_Mahal_compound/0/pictures/Taj_Mahal_9694.jpg
Taj_Mahal,113197,0,commons/Southern_gate_of_the_Taj_Mahal_compound/0/pictures/Taj_Mahal_9678.jpg
Taj_Mahal,113197,0,commons/Southern_gate_of_the_Taj_Mahal_compound/0/pictures/Taj_Mahal_9724.jpg
Taj_Mahal,113197,0,commons/Southern_gate_of_the_Taj_Mahal_compound/0/pictures/Taj_Mahal_9727.jpg
Taj_Mahal,113197,0,commons/Southern_gate_of_the_Taj_Mahal_compound/0/pictures/Taj_Mahal_Agra_DSC_0331.jpg
Taj_Mahal,113197,0,commons/Southern_gate_of_the_Taj_Mahal_compound/0/pictures/Taj_Mahal_Agra_DSC_0336.jpg
Taj_Mahal,113197,0,commons/Southern_gate_of_the_Taj_Mahal_compound/0/pictures/Taj_Mahal_Agra_India_-_panoramio_(1).jpg
Taj_Mahal,113197,0,commons/Southern_gate_of_the_Taj_Mahal_compound/0/pictures/Taj_Mahal_Agra_DSC_0328.jpg
Taj_Mahal,113197,0,commons/Southern_gate_of_the_Taj_Mahal_compound/0/pictures/Taj_Mahal_Agra_DSC_0330.jpg
Taj_Mahal,113197,0,commons/Southern_gate_of_the_Taj_Mahal_compound/0/pictures/Taj_Mahal_Entrance_Gateway.jpg
Taj_Mahal,113197,0,"commons/Southern_gate_of_the_Taj_Mahal_compound/0/pictures/Taj_Mahal_Entrance_gate,_Agra.jpg"
Taj_Mahal,113197,0,commons/Southern_gate_of_the_Taj_Mahal_compound/0/pictures/Taj_Mahal_Enterance.jpg
Taj_Mahal,113197,0,commons/Southern_gate_of_the_Taj_Mahal_compound/0/pictures/Taj_Mahal_Entrance_Gate_Garden.jpg
Taj_Mahal,113197,0,commons/Southern_gate_of_the_Taj_Mahal_compound/0/pictures/Taj_Mahal_Agra_DSC_0322.jpg
Taj_Mahal,113197,0,commons/Southern_gate_of_the_Taj_Mahal_compound/0/pictures/Taj_Mahal_Agra_DSC_0327.jpg
Taj_Mahal,113197,0,commons/Southern_gate_of_the_Taj_Mahal_compound/0/pictures/Taj_Mahal_Entrance-East.jpg
Taj_Mahal,113197,0,commons/Southern_gate_of_the_Taj_Mahal_compound/0/pictures/Taj_Mahal_From_South_gate.jpg
Taj_Mahal,113197,0,commons/Southern_gate_of_the_Taj_Mahal_compound/0/pictures/Taj_Mahal_Great_Gate_IMG_0091.JPG
Taj_Mahal,113197,0,commons/Southern_gate_of_the_Taj_Mahal_compound/0/pictures/Taj_Mahal_Main_Entrance_Gate.jpg
Taj_Mahal,113197,0,commons/Southern_gate_of_the_Taj_Mahal_compound/0/pictures/Taj_Mahal_Gate.jpg
Taj_Mahal,113197,0,commons/Southern_gate_of_the_Taj_Mahal_compound/0/pictures/Taj_Mahal_Main_Entrance_to_Tomb_(22829500367).jpg
Taj_Mahal,113197,0,commons/Southern_gate_of_the_Taj_Mahal_compound/0/pictures/Taj_Mahal_Gate_4.jpg
Taj_Mahal,113197,0,commons/Southern_gate_of_the_Taj_Mahal_compound/0/pictures/Taj_Mahal_Main_Entrance_to_Tomb_(23197246496).jpg
Taj_Mahal,113197,0,commons/Southern_gate_of_the_Taj_Mahal_compound/0/pictures/Taj_Mahal_Main_Entrance_to_Tomb_(23223583615).jpg
Taj_Mahal,113197,0,commons/Southern_gate_of_the_Taj_Mahal_compound/0/pictures/Taj_Mahal_and_grounds_12.jpg
Taj_Mahal,113197,0,commons/Southern_gate_of_the_Taj_Mahal_compound/0/pictures/Taj_Mahal_and_grounds_Entrance_Gateway_of_Khan-i-Alam_Bagh.jpg
Taj_Mahal,113197,0,commons/Southern_gate_of_the_Taj_Mahal_compound/0/pictures/Taj_Mahal_and_grounds_Entrance_Gateway_of_Khan-i-Alam_Bagh2.jpg
Taj_Mahal,113197,0,commons/Southern_gate_of_the_Taj_Mahal_compound/0/pictures/Taj_Mahal_Main_Entrance_to_Tomb_(22595429154).jpg
Taj_Mahal,113197,0,commons/Southern_gate_of_the_Taj_Mahal_compound/0/pictures/Taj_Mahal_but_not_taj_mahal.jpg
Taj_Mahal,113197,0,commons/Southern_gate_of_the_Taj_Mahal_compound/0/pictures/Taj_Mahal_entrance.jpg
Taj_Mahal,113197,0,commons/Southern_gate_of_the_Taj_Mahal_compound/0/pictures/Taj_Mahal_gates.jpg
Taj_Mahal,113197,0,commons/Southern_gate_of_the_Taj_Mahal_compound/0/pictures/Taj_Mahal_gate_from_outside_-_panoramio.jpg
Taj_Mahal,113197,0,commons/Southern_gate_of_the_Taj_Mahal_compound/0/pictures/Taj_Mahal_gate-1.jpg
Taj_Mahal,113197,0,commons/Southern_gate_of_the_Taj_Mahal_compound/0/pictures/Taj_Mahal_entry_gate_-_Darwaza-i_rauza.jpg
Taj_Mahal,113197,0,"commons/Southern_gate_of_the_Taj_Mahal_compound/0/pictures/Taj_Mahal_gateway,_India,_2013-03_(11551838624).jpg"
Taj_Mahal,113197,0,"commons/Southern_gate_of_the_Taj_Mahal_compound/0/pictures/Taj_Mahal_gateway,_India,_2013-03_(11551421696).jpg"
Taj_Mahal,113197,0,commons/Southern_gate_of_the_Taj_Mahal_compound/0/pictures/Taj_Mahal_entry_gate.jpg
Taj_Mahal,113197,0,commons/Southern_gate_of_the_Taj_Mahal_compound/0/pictures/Taj_Mahal's_entry_gate.JPG
Taj_Mahal,113197,0,commons/Southern_gate_of_the_Taj_Mahal_compound/0/pictures/Taj_Mahal's_entry_gateway.JPG
Taj_Mahal,113197,0,commons/Southern_gate_of_the_Taj_Mahal_compound/0/pictures/Taj_Mahal's_gate_(6966704140).jpg
Taj_Mahal,113197,0,commons/Southern_gate_of_the_Taj_Mahal_compound/0/pictures/Taj_Mahal_泰姬陵_-_panoramio.jpg
Taj_Mahal,113197,0,commons/Southern_gate_of_the_Taj_Mahal_compound/0/pictures/Taj_Mahal_main_gate.JPG
Taj_Mahal,113197,0,"commons/Southern_gate_of_the_Taj_Mahal_compound/0/pictures/Taj_Mahal,_Agra_-_Visit_During_WCI_2016_(2).jpg"
Taj_Mahal,113197,0,commons/Southern_gate_of_the_Taj_Mahal_compound/0/pictures/Taj_Mahal's_entry.JPG
Taj_Mahal,113197,0,commons/Southern_gate_of_the_Taj_Mahal_compound/0/pictures/Taj_Mahal_gateway.jpg
Taj_Mahal,113197,0,"commons/Southern_gate_of_the_Taj_Mahal_compound/0/pictures/Taj_Mahal,_Agra_-_Visit_During_WCI_2016_(3).jpg"
Taj_Mahal,113197,0,"commons/Southern_gate_of_the_Taj_Mahal_compound/0/pictures/Taj_Mahal,_Agra_-_Visit_During_WCI_2016_(10).jpg"
Taj_Mahal,113197,0,commons/Southern_gate_of_the_Taj_Mahal_compound/0/pictures/Taj_Mahal_mosque._03.jpg
Taj_Mahal,113197,0,"commons/Southern_gate_of_the_Taj_Mahal_compound/0/pictures/Taj_Mahal,_Agra_-_Visit_During_WCI_2016_(1).jpg"
Taj_Mahal,113197,0,"commons/Southern_gate_of_the_Taj_Mahal_compound/0/pictures/Taj_Mahal,_Agra_-_Visit_During_WCI_2016_(4).jpg"
Taj_Mahal,113197,0,"commons/Southern_gate_of_the_Taj_Mahal_compound/0/pictures/Taj_Mahal,_Agra_-_Visit_During_WCI_2016_(5).jpg"
Taj_Mahal,113197,0,"commons/Southern_gate_of_the_Taj_Mahal_compound/0/pictures/Taj_Mahal,_Agra_-_Visit_During_WCI_2016_(6).jpg"
Taj_Mahal,113197,0,"commons/Southern_gate_of_the_Taj_Mahal_compound/0/pictures/Taj_Mahal,_Agra_-_Visit_During_WCI_2016_(7).jpg"
Taj_Mahal,113197,0,"commons/Southern_gate_of_the_Taj_Mahal_compound/0/pictures/Taj_Mahal,_Agra_-_Visit_During_WCI_2016_(8).jpg"
Taj_Mahal,113197,0,"commons/Southern_gate_of_the_Taj_Mahal_compound/0/pictures/Taj_Mahal,_Agra_-_Visit_During_WCI_2016_(9).jpg"
Taj_Mahal,113197,0,"commons/Southern_gate_of_the_Taj_Mahal_compound/0/pictures/Taj_Mahal,_Agra_04.jpg"
Taj_Mahal,113197,0,"commons/Southern_gate_of_the_Taj_Mahal_compound/0/pictures/Taj_Mahal,_Agra_06.jpg"
Taj_Mahal,113197,0,"commons/Southern_gate_of_the_Taj_Mahal_compound/0/pictures/Taj_Mahal,_Agra_07.jpg"
Taj_Mahal,113197,0,"commons/Southern_gate_of_the_Taj_Mahal_compound/0/pictures/Taj_Mahal,_Agra_views_from_around_(1).JPG"
Taj_Mahal,113197,0,"commons/Southern_gate_of_the_Taj_Mahal_compound/0/pictures/Taj_Mahal,_Agra_02.jpg"
Taj_Mahal,113197,0,"commons/Southern_gate_of_the_Taj_Mahal_compound/0/pictures/Taj_Mahal,_Agra,_India_(21003610539).jpg"
Taj_Mahal,113197,0,"commons/Southern_gate_of_the_Taj_Mahal_compound/0/pictures/Taj_Mahal,_Agra,_Uttar_Pradesh_hs-11.jpg"
Taj_Mahal,113197,0,"commons/Southern_gate_of_the_Taj_Mahal_compound/0/pictures/Taj_Mahal,_Agra,_India_(21002321920).jpg"
Taj_Mahal,113197,0,"commons/Southern_gate_of_the_Taj_Mahal_compound/0/pictures/Taj_Mahal,_Agra,_India_(21003990129).jpg"
Taj_Mahal,113197,0,"commons/Southern_gate_of_the_Taj_Mahal_compound/0/pictures/Taj_Mahal,_Agra,_Uttar_Pradesh_hs-15.jpg"
Taj_Mahal,113197,0,"commons/Southern_gate_of_the_Taj_Mahal_compound/0/pictures/Taj_Mahal,_Agra,_Uttar_Pradesh_hs-13.jpg"
Taj_Mahal,113197,0,"commons/Southern_gate_of_the_Taj_Mahal_compound/0/pictures/Taj_Mahal,_Agra,_Uttar_Pradesh_hs-9.jpg"
Taj_Mahal,113197,0,"commons/Southern_gate_of_the_Taj_Mahal_compound/0/pictures/Taj_Mahal,_Agra,_Uttar_Pradesh_s-15.jpg"
Taj_Mahal,113197,0,"commons/Southern_gate_of_the_Taj_Mahal_compound/0/pictures/Taj_Mahal,_Agra,_Uttar_Pradesh_s-2.jpg"
Taj_Mahal,113197,0,"commons/Southern_gate_of_the_Taj_Mahal_compound/0/pictures/Taj_Mahal,_Agra,_Uttar_Pradesh_s-9.jpg"
Taj_Mahal,113197,0,"commons/Southern_gate_of_the_Taj_Mahal_compound/0/pictures/Taj_Mahal,_Agra,_Uttar_Pradesh_s-14.jpg"
Taj_Mahal,113197,0,"commons/Southern_gate_of_the_Taj_Mahal_compound/0/pictures/Taj_Mahal,_Agra,_Uttar_Pradesh_hs-14.jpg"
Taj_Mahal,113197,0,"commons/Southern_gate_of_the_Taj_Mahal_compound/0/pictures/Taj_Mahal,_Agra,_Uttar_Pradesh_s-11.jpg"
Taj_Mahal,113197,0,"commons/Southern_gate_of_the_Taj_Mahal_compound/0/pictures/Taj_Mahal,_Agra,_Uttar_Pradesh_s-13.jpg"
Taj_Mahal,113197,0,"commons/Southern_gate_of_the_Taj_Mahal_compound/0/pictures/Taj_Mahal,_Agra,_Uttar_Pradesh_s-10.jpg"
Taj_Mahal,113197,0,"commons/Southern_gate_of_the_Taj_Mahal_compound/0/pictures/Taj_Mahal,_Agra,_Uttar_Pradesh_vi-15.jpg"
Taj_Mahal,113197,0,"commons/Southern_gate_of_the_Taj_Mahal_compound/0/pictures/Taj_Mahal,_Agra,_Uttar_Pradesh_vi-11.jpg"
Taj_Mahal,113197,0,"commons/Southern_gate_of_the_Taj_Mahal_compound/0/pictures/Taj_Mahal,_Agra,_Uttar_Pradesh_vi-10.jpg"
Taj_Mahal,113197,0,"commons/Southern_gate_of_the_Taj_Mahal_compound/0/pictures/Taj_Mahal,_Agra,_Uttar_Pradesh_vi-13.jpg"
Taj_Mahal,113197,0,"commons/Southern_gate_of_the_Taj_Mahal_compound/0/pictures/Taj_Mahal,_Agra,_Uttar_Pradesh_vi-9.jpg"
Taj_Mahal,113197,0,"commons/Southern_gate_of_the_Taj_Mahal_compound/0/pictures/Taj_Mahal,_Agra1.jpg"
Taj_Mahal,113197,0,commons/Southern_gate_of_the_Taj_Mahal_compound/0/pictures/Taj_Mahal-Agra-Uttar_Pradesh_-_004.jpg
Taj_Mahal,113197,0,commons/Southern_gate_of_the_Taj_Mahal_compound/0/pictures/Taj_mahal_Gate_way.jpg
Taj_Mahal,113197,0,commons/Southern_gate_of_the_Taj_Mahal_compound/0/pictures/Taj_South_Gate_With_Green_Grass.JPG
Taj_Mahal,113197,0,commons/Southern_gate_of_the_Taj_Mahal_compound/0/pictures/Taj_South_Gate.JPG
Taj_Mahal,113197,0,commons/Southern_gate_of_the_Taj_Mahal_compound/0/pictures/Taj_Sujoy0.JPG
Taj_Mahal,113197,0,commons/Southern_gate_of_the_Taj_Mahal_compound/0/pictures/Taj_mahal_gate.3.jpg
Taj_Mahal,113197,0,commons/Southern_gate_of_the_Taj_Mahal_compound/0/pictures/Taj_Mahal-Entrance.jpg
Taj_Mahal,113197,0,commons/Southern_gate_of_the_Taj_Mahal_compound/0/pictures/Taj_ni11-04.jpg
Taj_Mahal,113197,0,commons/Southern_gate_of_the_Taj_Mahal_compound/0/pictures/Taj_ni11-05.jpg
Taj_Mahal,113197,0,commons/Southern_gate_of_the_Taj_Mahal_compound/0/pictures/Taj_entrance.JPG
Taj_Mahal,113197,0,commons/Southern_gate_of_the_Taj_Mahal_compound/0/pictures/Taj_mahal_gateway.jpg
Taj_Mahal,113197,0,"commons/Southern_gate_of_the_Taj_Mahal_compound/0/pictures/Taj_mahal_entrance,_Agra.jpg"
Taj_Mahal,113197,0,commons/Southern_gate_of_the_Taj_Mahal_compound/0/pictures/Taj.V.3.jpg
Taj_Mahal,113197,0,commons/Southern_gate_of_the_Taj_Mahal_compound/0/pictures/Taj16.JPG
Taj_Mahal,113197,0,commons/Southern_gate_of_the_Taj_Mahal_compound/0/pictures/Taj_mahal_gate_indian_heritage.jpg
Taj_Mahal,113197,0,commons/Southern_gate_of_the_Taj_Mahal_compound/0/pictures/TajEntrance.JPG
Taj_Mahal,113197,0,commons/Southern_gate_of_the_Taj_Mahal_compound/0/pictures/TajGate.JPG
Taj_Mahal,113197,0,commons/Southern_gate_of_the_Taj_Mahal_compound/0/pictures/Tajentrance.JPG
Taj_Mahal,113197,0,commons/Southern_gate_of_the_Taj_Mahal_compound/0/pictures/Tajmahal_West_Gate_Mausoleum_in_Agra_1.jpg
Taj_Mahal,113197,0,commons/Southern_gate_of_the_Taj_Mahal_compound/0/pictures/Tajganj.jpg
Taj_Mahal,113197,0,commons/Southern_gate_of_the_Taj_Mahal_compound/0/pictures/Tajmahal_entr_bagh_agra.jpg
Taj_Mahal,113197,0,commons/Southern_gate_of_the_Taj_Mahal_compound/0/pictures/Tajmahal_Front_Gate.jpg
Taj_Mahal,113197,0,commons/Southern_gate_of_the_Taj_Mahal_compound/0/pictures/Tajmahal_Gate_-_panoramio.jpg
Taj_Mahal,113197,0,commons/Southern_gate_of_the_Taj_Mahal_compound/0/pictures/Tajganj_2.jpg
Taj_Mahal,113197,0,commons/Southern_gate_of_the_Taj_Mahal_compound/0/pictures/Tajmahal_West_Gate_Mausoleum_in_Agra.jpg
Taj_Mahal,113197,0,commons/Southern_gate_of_the_Taj_Mahal_compound/0/pictures/Tajmahal_Front_Gate_2.jpg
Taj_Mahal,113197,0,commons/Southern_gate_of_the_Taj_Mahal_compound/0/pictures/Tajmahal_entrance_gate_Mausoleum_in_Agra.jpg
Taj_Mahal,113197,0,commons/Southern_gate_of_the_Taj_Mahal_compound/0/pictures/Tajmahal_gate!!.jpg
Taj_Mahal,113197,0,commons/Southern_gate_of_the_Taj_Mahal_compound/0/pictures/Tajmahal_t021.jpg
Taj_Mahal,113197,0,commons/Southern_gate_of_the_Taj_Mahal_compound/0/pictures/Tajmahall6.jpg
Taj_Mahal,113197,0,commons/Southern_gate_of_the_Taj_Mahal_compound/0/pictures/The_Darwaza-i_rauza—gateway_to_the_Taj_Mahal.JPG
Taj_Mahal,113197,0,"commons/Southern_gate_of_the_Taj_Mahal_compound/0/pictures/The_Great_gate_(Darwaza-i_rauza),_Agra.jpg"
Taj_Mahal,113197,0,"commons/Southern_gate_of_the_Taj_Mahal_compound/0/pictures/The_Gateway_in_Agra,_India.jpg"
Taj_Mahal,113197,0,commons/Southern_gate_of_the_Taj_Mahal_compound/0/pictures/The_Great_gate_(Darwaza-i_rauza)—gateway_to_the_Taj_Mahal_-_panoramio.jpg
Taj_Mahal,113197,0,commons/Southern_gate_of_the_Taj_Mahal_compound/0/pictures/The_Great_gate_(Darwaza-i_rauza)—gateway_to_the_Taj_Mahal.jpg
Taj_Mahal,113197,0,commons/Southern_gate_of_the_Taj_Mahal_compound/0/pictures/The_Great_Gate.JPG
Taj_Mahal,113197,0,commons/Southern_gate_of_the_Taj_Mahal_compound/0/pictures/The_Gateway_to_Taj_Mahal.jpg
Taj_Mahal,113197,0,commons/Southern_gate_of_the_Taj_Mahal_compound/0/pictures/The_Great_Gate_of_Taj_Mahal_in_2015.jpg
Taj_Mahal,113197,0,commons/Southern_gate_of_the_Taj_Mahal_compound/0/pictures/The_Great_gate.jpg
Taj_Mahal,113197,0,commons/Southern_gate_of_the_Taj_Mahal_compound/0/pictures/The_Taj_Mahal_ag50.jpg
Taj_Mahal,113197,0,commons/Southern_gate_of_the_Taj_Mahal_compound/0/pictures/The_Taj_Mahal_11.jpg
Taj_Mahal,113197,0,commons/Southern_gate_of_the_Taj_Mahal_compound/0/pictures/The_Taj_Mahal_ag49.jpg
Taj_Mahal,113197,0,commons/Southern_gate_of_the_Taj_Mahal_compound/0/pictures/The_Main_Gate_of_the_Taj_Mahal.JPG
Taj_Mahal,113197,0,commons/Southern_gate_of_the_Taj_Mahal_compound/0/pictures/The_Taj_gateway.jpg
Taj_Mahal,113197,0,commons/Southern_gate_of_the_Taj_Mahal_compound/0/pictures/The_entrance_of_Taj_mahal.jpg
Taj_Mahal,113197,0,commons/Southern_gate_of_the_Taj_Mahal_compound/0/pictures/The_entry_gate_to_the_Taj.jpg
Taj_Mahal,113197,0,commons/Southern_gate_of_the_Taj_Mahal_compound/0/pictures/The_first_gate_of_Taj_Mahal.JPG
Taj_Mahal,113197,0,commons/Southern_gate_of_the_Taj_Mahal_compound/0/pictures/The_main_gateway_(darwaza)_to_the_Taj_Mahal.jpg
Taj_Mahal,113197,0,commons/Southern_gate_of_the_Taj_Mahal_compound/0/pictures/The_one_of_3_red.jpg
Taj_Mahal,113197,0,commons/Southern_gate_of_the_Taj_Mahal_compound/0/pictures/The_great_gate.jpg
Taj_Mahal,113197,0,commons/Southern_gate_of_the_Taj_Mahal_compound/0/pictures/The_guard_of_Taj_Mahal.jpg
Taj_Mahal,113197,0,commons/Southern_gate_of_the_Taj_Mahal_compound/0/pictures/The_gateway_to_TAJ_MAHAL.jpg
Taj_Mahal,113197,0,commons/Southern_gate_of_the_Taj_Mahal_compound/0/pictures/WAY_TO_TAJ.jpg
Taj_Mahal,113197,0,commons/Southern_gate_of_the_Taj_Mahal_compound/0/pictures/The_rise_and_rise_of_Taj.jpg
Taj_Mahal,113197,0,commons/Southern_gate_of_the_Taj_Mahal_compound/0/pictures/Tomb_Behind_of_Taj.jpg
Taj_Mahal,113197,0,commons/Southern_gate_of_the_Taj_Mahal_compound/0/pictures/Vaddipar_taj_western_gate.jpg
Taj_Mahal,113197,0,commons/Southern_gate_of_the_Taj_Mahal_compound/0/pictures/The_gateway.JPG
Taj_Mahal,113197,0,commons/Southern_gate_of_the_Taj_Mahal_compound/0/pictures/താജ്മഹലിന്റെ_തെക്ക്_വശത്തെ_പ്രവേശനകവാടം.JPG
Taj_Mahal,113197,0,"commons/Southern_gate_of_the_Taj_Mahal_compound/0/pictures/Visiting_Taj_Mahal,_Agra_(37167823441).jpg"
Taj_Mahal,113197,0,commons/Southern_gate_of_the_Taj_Mahal_with_the_pool/0/pictures/Taj_Mahal_2011_01.JPG
Taj_Mahal,113197,0,commons/Sunrise_at_the_Taj_Mahal/0/pictures/Agra_03-2016_06_Taj_Mahal_complex.jpg
Taj_Mahal,113197,0,commons/Sunrise_at_the_Taj_Mahal/0/pictures/Sun_rise_at_Taj_Mahal_03.jpg
Taj_Mahal,113197,0,commons/Sunrise_at_the_Taj_Mahal/0/pictures/Agra_03-2016_07_Taj_Mahal_complex.jpg
Taj_Mahal,113197,0,commons/Sunrise_at_the_Taj_Mahal/0/pictures/Rising_Sun_At_Taj_Mahal.jpg
Taj_Mahal,113197,0,commons/Sunrise_at_the_Taj_Mahal/0/pictures/Taj_Mahal_in_morning_light.jpg
Taj_Mahal,113197,0,commons/Sunrise_at_the_Taj_Mahal/0/pictures/Taj_Mahal_Tomb_at_sunrise.JPG
Taj_Mahal,113197,0,commons/Sunrise_at_the_Taj_Mahal/0/pictures/Taj_mahal_during_morning.jpg
Taj_Mahal,113197,0,commons/Sunrise_at_the_Taj_Mahal/0/pictures/Taj_Mahal_in_the_morning_-_October_2014.jpg
Taj_Mahal,113197,0,"commons/Sunrise_at_the_Taj_Mahal/0/pictures/The_Taj_Mahal_in_the_morning,_Agra,_Uttar_Pradesh,_India.jpg"
Taj_Mahal,113197,0,"commons/Sunset_at_the_Taj_Mahal/0/pictures/Agra,_panorámicas_(2002)_17.jpg"
Taj_Mahal,113197,0,commons/Sunset_at_the_Taj_Mahal/0/pictures/SUNSET_SCENE_AT_TAJ_MAHAL-AGRA-UTTARPRADESH-2.jpg
Taj_Mahal,113197,0,commons/Sunset_at_the_Taj_Mahal/0/pictures/Sahelion-ka-Gumbaz_No.4_at_the_side_of_the_mosque.jpg
Taj_Mahal,113197,0,commons/Sunset_at_the_Taj_Mahal/0/pictures/Sahelion-ka-Gumbaz_No.4_near_the_mosque.jpg
Taj_Mahal,113197,0,"commons/Sunset_at_the_Taj_Mahal/0/pictures/Sunset_@_Taj_Mahal_,Agra,India_a_Beautiful_moment_-_panoramio.jpg"
Taj_Mahal,113197,0,commons/Sunset_at_the_Taj_Mahal/0/pictures/Sunset_at_taj.jpg
Taj_Mahal,113197,0,commons/Sunset_at_the_Taj_Mahal/0/pictures/Sunset_behind_Taj_Mahal.jpg
Taj_Mahal,113197,0,commons/Sunset_at_the_Taj_Mahal/0/pictures/Taj_Mahal_Sunset_Edit1.jpg
Taj_Mahal,113197,0,commons/Sunset_at_the_Taj_Mahal/0/pictures/Taj_Mahal_Sunset.jpg
Taj_Mahal,113197,0,commons/Sunset_at_the_Taj_Mahal/0/pictures/Taj_Mahal_at_its_best.jpg
Taj_Mahal,113197,0,commons/Sunset_at_the_Taj_Mahal/0/pictures/Taj_Mahal_by_Tanweer.JPG
Taj_Mahal,113197,0,commons/Sunset_at_the_Taj_Mahal/0/pictures/Taj_Mahal_in_Midnight_with_City_Lights_illuminating_the_background.jpg
Taj_Mahal,113197,0,commons/Sunset_at_the_Taj_Mahal/0/pictures/Taj_Mahal_sunrise_(4188505783).jpg
Taj_Mahal,113197,0,commons/Sunset_at_the_Taj_Mahal/0/pictures/Taj_Mahal_during_the_sunset_02.jpg
Taj_Mahal,113197,0,"commons/Sunset_at_the_Taj_Mahal/0/pictures/Taj_Mahal,_Sunset_3,_Agra,_India.jpg"
Taj_Mahal,113197,0,commons/Sunset_at_the_Taj_Mahal/0/pictures/Taj-sunset.jpg
Taj_Mahal,113197,0,"commons/Sunset_at_the_Taj_Mahal/0/pictures/Taj_Mahal,_Sunset,_River,_Agra,_India.jpg"
Taj_Mahal,113197,0,commons/Sunset_at_the_Taj_Mahal/0/pictures/Taj_mahal_during_sunset.jpg
Taj_Mahal,113197,0,"commons/Sunset_at_the_Taj_Mahal/0/pictures/Taj_Mahal,_Sunset,_Agra,_India.jpg"
Taj_Mahal,113197,0,commons/Sunset_at_the_Taj_Mahal/0/pictures/TajFramed_ST_10.JPG
Taj_Mahal,113197,0,commons/Sunset_at_the_Taj_Mahal/0/pictures/Tajmahal_t015.jpg
Taj_Mahal,113197,0,commons/Sunset_at_the_Taj_Mahal/0/pictures/Tajmahal_t012.jpg
Taj_Mahal,113197,0,commons/Sunset_at_the_Taj_Mahal/0/pictures/Tajmahal_t013.jpg
Taj_Mahal,113197,0,commons/Sunset_at_the_Taj_Mahal/0/pictures/Tajmahal_t014.jpg
Taj_Mahal,113197,0,commons/Sunset_at_the_Taj_Mahal/0/pictures/Tajmahal_t007.jpg
Taj_Mahal,113197,0,commons/Taj_Mahal/0/pictures/'The_Perspective'.jpg
Taj_Mahal,113197,0,commons/Taj_Mahal/0/pictures/2013_Korean_American_Summer_School_(9490707271).jpg
Taj_Mahal,113197,0,"commons/Taj_Mahal/0/pictures/A_monument_in_Agra,_uttarpradesh.jpg"
Taj_Mahal,113197,0,commons/Taj_Mahal/0/pictures/A_Tale_Of_True_Love_-_The_Taj_Mahal.jpg
Taj_Mahal,113197,0,"commons/Taj_Mahal/0/pictures/Agra,_RTW_2012_(8409567467).jpg"
Taj_Mahal,113197,0,commons/Taj_Mahal/0/pictures/Agra_Taj_Mahal_Gardens_5.jpg
Taj_Mahal,113197,0,"commons/Taj_Mahal/0/pictures/Agra,_RTW_2012_(8409599059).jpg"
Taj_Mahal,113197,0,"commons/Taj_Mahal/0/pictures/Agra,_RTW_2012_(8409584131).jpg"
Taj_Mahal,113197,0,"commons/Taj_Mahal/0/pictures/Agra,_RTW_2012_(8409590243).jpg"
Taj_Mahal,113197,0,"commons/Taj_Mahal/0/pictures/Agra,_RTW_2012_(8409593229).jpg"
Taj_Mahal,113197,0,commons/Taj_Mahal/0/pictures/Agra2017_0232.jpg
Taj_Mahal,113197,0,"commons/Taj_Mahal/0/pictures/Agra,_RTW_2012_(8410666180).jpg"
Taj_Mahal,113197,0,"commons/Taj_Mahal/0/pictures/Agra,_RTW_2012_(8410668514).jpg"
Taj_Mahal,113197,0,"commons/Taj_Mahal/0/pictures/Agra,_RTW_2012_(8410675764).jpg"
Taj_Mahal,113197,0,commons/Taj_Mahal/0/pictures/Agra-Taj_Mahal-East_Gate-20131019.jpg
Taj_Mahal,113197,0,"commons/Taj_Mahal/0/pictures/Agra,_RTW_2012_(8409605549).jpg"
Taj_Mahal,113197,0,commons/Taj_Mahal/0/pictures/Another_view_of_taaj.jpg
Taj_Mahal,113197,0,commons/Taj_Mahal/0/pictures/Architecture_in_Agra_(Unsplash).jpg
Taj_Mahal,113197,0,commons/Taj_Mahal/0/pictures/Beautiful_Tajmahal.jpg
Taj_Mahal,113197,0,commons/Taj_Mahal/0/pictures/BEHIND_THE_TREE_LIES_THE_WONDER(taj_mahal).jpg
Taj_Mahal,113197,0,commons/Taj_Mahal/0/pictures/B612_20200506_104712_285.jpg
Taj_Mahal,113197,0,commons/Taj_Mahal/0/pictures/Close_Up_View_of_Taj_Mahal.jpg
Taj_Mahal,113197,0,commons/Taj_Mahal/0/pictures/Courtyard_near_Taj_Mahal.jpg
Taj_Mahal,113197,0,commons/Taj_Mahal/0/pictures/Beautifultajmahal.jpg
Taj_Mahal,113197,0,commons/Taj_Mahal/0/pictures/DELHI-3.jpg
Taj_Mahal,113197,0,commons/Taj_Mahal/0/pictures/DSC02251-08x.jpg
Taj_Mahal,113197,0,commons/Taj_Mahal/0/pictures/Darwaza_of_taj_mahal.jpg
Taj_Mahal,113197,0,commons/Taj_Mahal/0/pictures/Delhi_20180908_103008.jpg
Taj_Mahal,113197,0,commons/Taj_Mahal/0/pictures/Delhi_20180908_103013.jpg
Taj_Mahal,113197,0,commons/Taj_Mahal/0/pictures/Delhi_20180908_103044.jpg
Taj_Mahal,113197,0,commons/Taj_Mahal/0/pictures/Delhi_Tour_2013_(83).jpg
Taj_Mahal,113197,0,commons/Taj_Mahal/0/pictures/Detail_of_East_Gate_-_Taj_Mahal_-_Agra_-_Uttar_Pradesh_-_India_(12650293825).jpg
Taj_Mahal,113197,0,commons/Taj_Mahal/0/pictures/Early_morning_view_of_Taj_Mahal.jpg
Taj_Mahal,113197,0,commons/Taj_Mahal/0/pictures/Enlighten.jpg
Taj_Mahal,113197,0,commons/Taj_Mahal/0/pictures/Evening_angular_view.jpg
Taj_Mahal,113197,0,commons/Taj_Mahal/0/pictures/Entrance_of_Taj_Mahal.jpg
Taj_Mahal,113197,0,commons/Taj_Mahal/0/pictures/Entry_along_with_Mineret_of_taj_mahal.JPG
Taj_Mahal,113197,0,"commons/Taj_Mahal/0/pictures/Evening_View_of_Tal_Mahal,Agra.jpg"
Taj_Mahal,113197,0,commons/Taj_Mahal/0/pictures/FORT_VIEW_IN_FRONT_OF_TAJMAHAL.jpg
Taj_Mahal,113197,0,commons/Taj_Mahal/0/pictures/Everlasting_Taj_Mahal.jpg
Taj_Mahal,113197,0,commons/Taj_Mahal/0/pictures/Exclusive.jpg
Taj_Mahal,113197,0,commons/Taj_Mahal/0/pictures/Fountain_Facing_Assembly_Hall_-_Taj_Mahal_Complex_-_Agra_2014-05-14_3810.JPG
Taj_Mahal,113197,0,commons/Taj_Mahal/0/pictures/Fotograf_Fero_Spáčil_v_Indii.jpg
Taj_Mahal,113197,0,"commons/Taj_Mahal/0/pictures/Entrance_of_Taj_Mahal,_Agra,_India.jpg"
Taj_Mahal,113197,0,commons/Taj_Mahal/0/pictures/Front_gate_of_Taj_Mahal.jpg
Taj_Mahal,113197,0,commons/Taj_Mahal/0/pictures/Glimpse_of_sunlight_on_Taj_Mahal.jpg
Taj_Mahal,113197,0,commons/Taj_Mahal/0/pictures/Frontal_View_Of_Taj_Mahal.jpg
Taj_Mahal,113197,0,commons/Taj_Mahal/0/pictures/Front_view_of_the_Taj.jpg
Taj_Mahal,113197,0,"commons/Taj_Mahal/0/pictures/Great_gate_(Darwaza-i_rauza)_is_the_main_entrance_to_the_tomb,_Taj_Mahal.jpg"
Taj_Mahal,113197,0,commons/Taj_Mahal/0/pictures/Guest_house_next_to_the_Taj_(427948967).jpg
Taj_Mahal,113197,0,commons/Taj_Mahal/0/pictures/Half_gem.jpg
Taj_Mahal,113197,0,commons/Taj_Mahal/0/pictures/IMG_20171115_w075400.jpg
Taj_Mahal,113197,0,commons/Taj_Mahal/0/pictures/IMG_20171115w072916.jpg
Taj_Mahal,113197,0,commons/Taj_Mahal/0/pictures/IMG_Humayun_tomb.jpg
Taj_Mahal,113197,0,commons/Taj_Mahal/0/pictures/IMG-20180821-WA0012.jpg
Taj_Mahal,113197,0,commons/Taj_Mahal/0/pictures/IMG_Taj_Mahal_001_by_Ray.jpg
Taj_Mahal,113197,0,commons/Taj_Mahal/0/pictures/IN_Agra_0905_(5)_(16635618073).jpg
Taj_Mahal,113197,0,commons/Taj_Mahal/0/pictures/IN_Agra_0905_(51)_(16635606733).jpg
Taj_Mahal,113197,0,commons/Taj_Mahal/0/pictures/IN_Agra_0905_(52)_(17255268001).jpg
Taj_Mahal,113197,0,commons/Taj_Mahal/0/pictures/IN_Agra_0905_(6)_(17068270980).jpg
Taj_Mahal,113197,0,commons/Taj_Mahal/0/pictures/IN_Agra_0905_(60)_(17068146310).jpg
Taj_Mahal,113197,0,commons/Taj_Mahal/0/pictures/IN_Agra_0905_(61)_(17229834836).jpg
Taj_Mahal,113197,0,commons/Taj_Mahal/0/pictures/IN_Agra_0905_(66)_(17048392207).jpg
Taj_Mahal,113197,0,commons/Taj_Mahal/0/pictures/IN_Agra_0905_(67)_(17255821485).jpg
Taj_Mahal,113197,0,commons/Taj_Mahal/0/pictures/IN_Agra_0905_(67)_corregido_(17048392017).jpg
Taj_Mahal,113197,0,commons/Taj_Mahal/0/pictures/IN_Agra_0905_(68)_(17229832946).jpg
Taj_Mahal,113197,0,commons/Taj_Mahal/0/pictures/IN_Agra_0905_(69)_(16633347024).jpg
Taj_Mahal,113197,0,commons/Taj_Mahal/0/pictures/IN_Agra_0905_(7)_(16635617343).jpg
Taj_Mahal,113197,0,commons/Taj_Mahal/0/pictures/IN_Agra_0905_(7)_corregido_(17229848136).jpg
Taj_Mahal,113197,0,commons/Taj_Mahal/0/pictures/IN_Agra_0905_(70)_(17068044458).jpg
Taj_Mahal,113197,0,commons/Taj_Mahal/0/pictures/IN_Agra_0905_(72)_(17069593869).jpg
Taj_Mahal,113197,0,commons/Taj_Mahal/0/pictures/IN_Agra_0905_(74)_(17254048802).jpg
Taj_Mahal,113197,0,commons/Taj_Mahal/0/pictures/IN_Agra_0905_(74)rotado_(16635602333).jpg
Taj_Mahal,113197,0,commons/Taj_Mahal/0/pictures/IN_Agra_0905_(75)_(17254048652).jpg
Taj_Mahal,113197,0,commons/Taj_Mahal/0/pictures/IN_Agra_0905_(76)_(17229831546).jpg
Taj_Mahal,113197,0,commons/Taj_Mahal/0/pictures/IN_Agra_0905_(78)_(17229724066).jpg
Taj_Mahal,113197,0,commons/Taj_Mahal/0/pictures/IN_Agra_0905_(8)_(17254064682).jpg
Taj_Mahal,113197,0,commons/Taj_Mahal/0/pictures/IN_Agra_0905_(86)_(16635599963).jpg
Taj_Mahal,113197,0,commons/Taj_Mahal/0/pictures/IN_Agra_0905_(88)_(17254045602).jpg
Taj_Mahal,113197,0,commons/Taj_Mahal/0/pictures/Img-tajmahal1.jpg
Taj_Mahal,113197,0,commons/Taj_Mahal/0/pictures/IN_Agra_0905_(85)_(17255261611).jpg
Taj_Mahal,113197,0,"commons/Taj_Mahal/0/pictures/Iconic_Taj_Mahal,_India_-_as_seen_from_the_entry_gate.jpg"
Taj_Mahal,113197,0,commons/Taj_Mahal/0/pictures/Img-consttajmahal.jpg
Taj_Mahal,113197,0,commons/Taj_Mahal/0/pictures/IN_Agra_0905_(89)_(17068145940).jpg
Taj_Mahal,113197,0,commons/Taj_Mahal/0/pictures/IN_Agra_0905_(9)_(17255278531).jpg
Taj_Mahal,113197,0,commons/Taj_Mahal/0/pictures/Inde_Uttar_Pradesh_Agra_Taj_Mahal_Mausolee_Mosquee_-_panoramio.jpg
Taj_Mahal,113197,0,commons/Taj_Mahal/0/pictures/Inde_Uttar_Pradesh_Agra_Taj_Mahal_Mausolee_Jawab_Portail_-_panoramio.jpg
Taj_Mahal,113197,0,commons/Taj_Mahal/0/pictures/Inde_Uttar_Pradesh_Agra_Taj_Mahal_MausoleeJawab_-_panoramio.jpg
Taj_Mahal,113197,0,commons/Taj_Mahal/0/pictures/India_(64886146).jpg
Taj_Mahal,113197,0,commons/Taj_Mahal/0/pictures/India_2015-160_(16542512394).jpg
Taj_Mahal,113197,0,commons/Taj_Mahal/0/pictures/India_2015-161_(17138997346).jpg
Taj_Mahal,113197,0,commons/Taj_Mahal/0/pictures/India_DSC01548_(16722266025).jpg
Taj_Mahal,113197,0,commons/Taj_Mahal/0/pictures/Indian_Wonder.jpg
Taj_Mahal,113197,0,commons/Taj_Mahal/0/pictures/Kali_Masjid.jpg
Taj_Mahal,113197,0,commons/Taj_Mahal/0/pictures/Le_Taj_Mahal_(Agra).jpg
Taj_Mahal,113197,0,"commons/Taj_Mahal/0/pictures/Magie_im_Taj_Mahal,_Taj_Mahal_is_magic.jpg"
Taj_Mahal,113197,0,commons/Taj_Mahal/0/pictures/Mausoleum_Near_Taj.jpg
Taj_Mahal,113197,0,"commons/Taj_Mahal/0/pictures/Mains_of_Taj_Mahal,_Agra,_UP,_India.jpg"
Taj_Mahal,113197,0,commons/Taj_Mahal/0/pictures/Magnanimous_Taj.jpg
Taj_Mahal,113197,0,commons/Taj_Mahal/0/pictures/Mausoleum-1.jpg
Taj_Mahal,113197,0,commons/Taj_Mahal/0/pictures/Love_letter.jpg
Taj_Mahal,113197,0,commons/Taj_Mahal/0/pictures/Monument_taj_mahal.jpg
Taj_Mahal,113197,0,commons/Taj_Mahal/0/pictures/Mobilography.jpg
Taj_Mahal,113197,0,commons/Taj_Mahal/0/pictures/NIKON_800.jpg
Taj_Mahal,113197,0,commons/Taj_Mahal/0/pictures/P1010267_places_near_taj_mahal.jpg
Taj_Mahal,113197,0,commons/Taj_Mahal/0/pictures/PSMTaj.jpg
Taj_Mahal,113197,0,commons/Taj_Mahal/0/pictures/Of_Love_and_other_Stories.jpg
Taj_Mahal,113197,0,commons/Taj_Mahal/0/pictures/On_a_bright_sunny_day!_(43786151801).jpg
Taj_Mahal,113197,0,"commons/Taj_Mahal/0/pictures/People_taking_photos_of_Taj_Mahal,_Agra.jpg"
Taj_Mahal,113197,0,commons/Taj_Mahal/0/pictures/Panorama_of_Taj_Mahal_-_Agra_-_Uttar_Pradesh_-_India_-_02_(12650331683).jpg
Taj_Mahal,113197,0,commons/Taj_Mahal/0/pictures/Panoramic_shot_of_Taj.jpg
Taj_Mahal,113197,0,commons/Taj_Mahal/0/pictures/REFLECTION_OF_TAJ.jpg
Taj_Mahal,113197,0,commons/Taj_Mahal/0/pictures/Men_&_Monument.jpg
Taj_Mahal,113197,0,commons/Taj_Mahal/0/pictures/Photo_of_the_Taj.jpg
Taj_Mahal,113197,0,commons/Taj_Mahal/0/pictures/Picturesque_view_of_Taj_Mahal.jpg
Taj_Mahal,113197,0,commons/Taj_Mahal/0/pictures/Pathway_to_The_Taj.jpg
Taj_Mahal,113197,0,commons/Taj_Mahal/0/pictures/Red_stone_Building_Gate.jpg
Taj_Mahal,113197,0,commons/Taj_Mahal/0/pictures/Reflection_of_love_(taj_mahal).jpg
Taj_Mahal,113197,0,commons/Taj_Mahal/0/pictures/SUNSET_SCENE_AT_TAJ_MAHAL-AGRA-UTTARPRADESH-2.jpg
Taj_Mahal,113197,0,commons/Taj_Mahal/0/pictures/Right_view_of_Taj_Mahal_from_front.jpg
Taj_Mahal,113197,0,commons/Taj_Mahal/0/pictures/SAVE_20180617_231535.jpg
Taj_Mahal,113197,0,commons/Taj_Mahal/0/pictures/Side_View_Mahal_of_Taj_Mahal.jpg
Taj_Mahal,113197,0,commons/Taj_Mahal/0/pictures/Sahelion-ka-Gumbaz_No.4_at_the_side_of_the_mosque.jpg
Taj_Mahal,113197,0,commons/Taj_Mahal/0/pictures/Sahelion-ka-Gumbaz_No.4_near_the_mosque.jpg
Taj_Mahal,113197,0,commons/Taj_Mahal/0/pictures/Seven_wonder_(india).png
Taj_Mahal,113197,0,commons/Taj_Mahal/0/pictures/Security_at_Taj.jpg
Taj_Mahal,113197,0,commons/Taj_Mahal/0/pictures/Right_view_of_Taj_Mahal_from_front_2.jpg
Taj_Mahal,113197,0,commons/Taj_Mahal/0/pictures/Simplicity_of_taj_mahal_with_a_great_background.jpg
Taj_Mahal,113197,0,commons/Taj_Mahal/0/pictures/Surroundings_of_Taj_Mahal_HDR.jpg
Taj_Mahal,113197,0,"commons/Taj_Mahal/0/pictures/Sun_reflection_on_YamunaJi_,with_Taj_Mahal.jpg"
Taj_Mahal,113197,0,commons/Taj_Mahal/0/pictures/Sun_rise_at_Taj_Mahal_02.jpg
Taj_Mahal,113197,0,commons/Taj_Mahal/0/pictures/TAJ_MAHAL_AGRA_UP.jpg
Taj_Mahal,113197,0,commons/Taj_Mahal/0/pictures/TAJ_MAHAL_FROM_THE_DOOR_AGRA_UP.jpg
Taj_Mahal,113197,0,commons/Taj_Mahal/0/pictures/TAJ_MAHAL_MINARET_AGRA_UP.jpg
Taj_Mahal,113197,0,commons/Taj_Mahal/0/pictures/TAJ_MAHAL_MIRROR_IMAGE.jpg
Taj_Mahal,113197,0,commons/Taj_Mahal/0/pictures/TAJ_MAHAL_ONE_OF_FOUR_PILLARS.jpg
Taj_Mahal,113197,0,commons/Taj_Mahal/0/pictures/TAJ_MAHAL_WONDERS_OF_THE_WORLD.jpg
Taj_Mahal,113197,0,commons/Taj_Mahal/0/pictures/TAJMAHAL6.jpg
Taj_Mahal,113197,0,commons/Taj_Mahal/0/pictures/Tag_Mahal.jpg
Taj_Mahal,113197,0,commons/Taj_Mahal/0/pictures/Taj_-_From_a_different_angle.jpg
Taj_Mahal,113197,0,commons/Taj_Mahal/0/pictures/THE_TAJ_MAHAL_GATEWAY.jpg
Taj_Mahal,113197,0,commons/Taj_Mahal/0/pictures/Taj_Complex_(133471025).jpeg
Taj_Mahal,113197,0,commons/Taj_Mahal/0/pictures/Taj_Ganj_(5579805898).jpg
Taj_Mahal,113197,0,commons/Taj_Mahal/0/pictures/Taj_KM_18.jpg
Taj_Mahal,113197,0,commons/Taj_Mahal/0/pictures/Taj_KM_23.jpg
Taj_Mahal,113197,0,commons/Taj_Mahal/0/pictures/Taj_Mahal_(20)_03.jpg
Taj_Mahal,113197,0,commons/Taj_Mahal/0/pictures/Taj_Mahal_(104908497).jpeg
Taj_Mahal,113197,0,commons/Taj_Mahal/0/pictures/Taj_Mahal_(20)_01.jpg
Taj_Mahal,113197,0,commons/Taj_Mahal/0/pictures/Taj_Mahal_(20)_02.jpg
Taj_Mahal,113197,0,"commons/Taj_Mahal/0/pictures/Taj_Maha_Mosque_at_sunset,_Agra,_India.jpg"
Taj_Mahal,113197,0,commons/Taj_Mahal/0/pictures/Taj_Mahal_(22820390607).jpg
Taj_Mahal,113197,0,commons/Taj_Mahal/0/pictures/Taj_Mahal_(22820798277).jpg
Taj_Mahal,113197,0,commons/Taj_Mahal/0/pictures/Taj_Mahal_(22820916627).jpg
Taj_Mahal,113197,0,commons/Taj_Mahal/0/pictures/Taj_Mahal_(23195378736).jpg
Taj_Mahal,113197,0,commons/Taj_Mahal/0/pictures/Taj_Mahal_(22847401399).jpg
Taj_Mahal,113197,0,commons/Taj_Mahal/0/pictures/Taj_Mahal_(22848815929).jpg
Taj_Mahal,113197,0,commons/Taj_Mahal/0/pictures/Taj_Mahal_(22918674380).jpg
Taj_Mahal,113197,0,commons/Taj_Mahal/0/pictures/Taj_Mahal_(22925984780).jpg
Taj_Mahal,113197,0,commons/Taj_Mahal/0/pictures/Taj_Mahal_(23195229696).jpg
Taj_Mahal,113197,0,commons/Taj_Mahal/0/pictures/Taj_Mahal_(22821397797).jpg
Taj_Mahal,113197,0,commons/Taj_Mahal/0/pictures/Taj_Mahal_(23196585906).jpg
Taj_Mahal,113197,0,commons/Taj_Mahal/0/pictures/Taj_Mahal_(23222598405).jpg
Taj_Mahal,113197,0,commons/Taj_Mahal/0/pictures/Taj_Mahal_(23222741815).jpg
Taj_Mahal,113197,0,commons/Taj_Mahal/0/pictures/Taj_Mahal_-_Palace.jpg
Taj_Mahal,113197,0,commons/Taj_Mahal/0/pictures/Taj_Mahal_-_side_building_(6285135978).jpg
Taj_Mahal,113197,0,commons/Taj_Mahal/0/pictures/Taj_Mahal_-_Agra_-_Uttar_Pradesh_-_001.jpg
Taj_Mahal,113197,0,commons/Taj_Mahal/0/pictures/Taj_Mahal_-Agra_-Uttar_Pradesh_-14.jpg
Taj_Mahal,113197,0,commons/Taj_Mahal/0/pictures/Taj_Mahal_-Agra_-Uttar_Pradesh_-13.jpg
Taj_Mahal,113197,0,commons/Taj_Mahal/0/pictures/Taj_Mahal_-Agra_-Uttar_Pradesh_-DSC_0005.jpg
Taj_Mahal,113197,0,commons/Taj_Mahal/0/pictures/Taj_Mahal_-Agra_-Uttar_Pradesh_-DSC_0306-01.jpg
Taj_Mahal,113197,0,commons/Taj_Mahal/0/pictures/Taj_Mahal_-Agra_-Uttar_Pradesh_001.jpg
Taj_Mahal,113197,0,commons/Taj_Mahal/0/pictures/Taj_Mahal_-Agra_-Uttar_Pradesh-N-UP-A-28-H1.jpg
Taj_Mahal,113197,0,commons/Taj_Mahal/0/pictures/Taj_Mahal_-Beauty_lies_in_the_eyes_of_beholder.jpg
Taj_Mahal,113197,0,commons/Taj_Mahal/0/pictures/Taj_Mahal_0014.jpg
Taj_Mahal,113197,0,commons/Taj_Mahal/0/pictures/Taj_Mahal_0018.jpg
Taj_Mahal,113197,0,commons/Taj_Mahal/0/pictures/Taj_Mahal_0140.jpg
Taj_Mahal,113197,0,"commons/Taj_Mahal/0/pictures/Taj_Mahal_1,_Agra.jpg"
Taj_Mahal,113197,0,commons/Taj_Mahal/0/pictures/Taj_Mahal_2_(116463485).jpeg
Taj_Mahal,113197,0,commons/Taj_Mahal/0/pictures/Taj_Mahal_17.jpg
Taj_Mahal,113197,0,commons/Taj_Mahal/0/pictures/Taj_Mahal_2.png
Taj_Mahal,113197,0,commons/Taj_Mahal/0/pictures/Taj_Mahal_2018-01-02m.jpg
Taj_Mahal,113197,0,commons/Taj_Mahal/0/pictures/Taj_Mahal_2018-01-02zr.jpg
Taj_Mahal,113197,0,commons/Taj_Mahal/0/pictures/Taj_Mahal_2018-01-02k.jpg
Taj_Mahal,113197,0,commons/Taj_Mahal/0/pictures/Taj_Mahal_2018-01-02l.jpg
Taj_Mahal,113197,0,commons/Taj_Mahal/0/pictures/Taj_Mahal_2018-01-02zzc.jpg
Taj_Mahal,113197,0,commons/Taj_Mahal/0/pictures/Taj_Mahal_2018-01-02zg.jpg
Taj_Mahal,113197,0,commons/Taj_Mahal/0/pictures/Taj_Mahal_2018-01-02zt.jpg
Taj_Mahal,113197,0,commons/Taj_Mahal/0/pictures/Taj_Mahal_2018-01-02zz.jpg
Taj_Mahal,113197,0,commons/Taj_Mahal/0/pictures/Taj_Mahal_340.jpg
Taj_Mahal,113197,0,commons/Taj_Mahal/0/pictures/Taj_Mahal_4_(116466091).jpeg
Taj_Mahal,113197,0,commons/Taj_Mahal/0/pictures/Taj_Mahal_3_(116463789).jpeg
Taj_Mahal,113197,0,"commons/Taj_Mahal/0/pictures/Taj_Mahal_2,_Agra,_India.jpg"
Taj_Mahal,113197,0,commons/Taj_Mahal/0/pictures/Taj_Mahal_20180908_111747.jpg
Taj_Mahal,113197,0,commons/Taj_Mahal/0/pictures/Taj_Mahal_9_(117008839).jpeg
Taj_Mahal,113197,0,commons/Taj_Mahal/0/pictures/Taj_Mahal_20180908_111850.jpg
Taj_Mahal,113197,0,commons/Taj_Mahal/0/pictures/Taj_Mahal_9673.jpg
Taj_Mahal,113197,0,commons/Taj_Mahal/0/pictures/Taj_Mahal_9923.jpg
Taj_Mahal,113197,0,commons/Taj_Mahal/0/pictures/Taj_Mahal_9932.jpg
Taj_Mahal,113197,0,commons/Taj_Mahal/0/pictures/Taj_Mahal_9980.jpg
Taj_Mahal,113197,0,commons/Taj_Mahal/0/pictures/Taj_Mahal_9990.jpg
Taj_Mahal,113197,0,commons/Taj_Mahal/0/pictures/Taj_Mahal_A_Side_View.jpg
Taj_Mahal,113197,0,"commons/Taj_Mahal/0/pictures/Taj_Mahal_@_Agra_(U.P,_INDIA)_(by_Rohit_Sharma).jpg"
Taj_Mahal,113197,0,commons/Taj_Mahal/0/pictures/Taj_Mahal_Agra_India_1.jpg
Taj_Mahal,113197,0,commons/Taj_Mahal/0/pictures/Taj_Mahal_Agra_Uttar_Pradesh_02.jpg
Taj_Mahal,113197,0,commons/Taj_Mahal/0/pictures/Taj_Mahal_9930.jpg
Taj_Mahal,113197,0,commons/Taj_Mahal/0/pictures/Taj_Mahal_Agra_Uttar_Pradesh-01.jpg
Taj_Mahal,113197,0,commons/Taj_Mahal/0/pictures/Taj_Mahal_And_The_Mosque_By_It's_Side.jpg
Taj_Mahal,113197,0,commons/Taj_Mahal/0/pictures/Taj_Mahal_Calligraphy_(22825377807).jpg
Taj_Mahal,113197,0,commons/Taj_Mahal/0/pictures/Taj_Mahal_During_Early_Morning_in_2013.jpg
Taj_Mahal,113197,0,"commons/Taj_Mahal/0/pictures/Taj_Mahal_Complex,_Agra,_India.jpg"
Taj_Mahal,113197,0,commons/Taj_Mahal/0/pictures/Taj_Mahal_Framed.jpg
Taj_Mahal,113197,0,commons/Taj_Mahal/0/pictures/Taj_Mahal_Calligraphy_(22851648099).jpg
Taj_Mahal,113197,0,commons/Taj_Mahal/0/pictures/Taj_Mahal_Dome_&_Finial_(22924891250).jpg
Taj_Mahal,113197,0,commons/Taj_Mahal/0/pictures/Taj_Mahal_During_Early_Morning_in_Winter.jpg
Taj_Mahal,113197,0,"commons/Taj_Mahal/0/pictures/Taj_Mahal_I_(Agra,_India)_-_December_9,_2013_-_LML_01.jpg"
Taj_Mahal,113197,0,"commons/Taj_Mahal/0/pictures/Taj_Mahal_Eingang_Westtor,_West_Gate.jpg"
Taj_Mahal,113197,0,commons/Taj_Mahal/0/pictures/Taj_Mahal_DSC0006.jpg
Taj_Mahal,113197,0,commons/Taj_Mahal/0/pictures/Taj_Mahal_Gardens.jpg
Taj_Mahal,113197,0,commons/Taj_Mahal/0/pictures/Taj_Mahal_Main_Entrance_to_Tomb_(23196675856).jpg
Taj_Mahal,113197,0,commons/Taj_Mahal/0/pictures/Taj_Mahal_In_The_Haze_(60650622).jpeg
Taj_Mahal,113197,0,commons/Taj_Mahal/0/pictures/Taj_Mahal_Jali_screen.jpg
Taj_Mahal,113197,0,commons/Taj_Mahal/0/pictures/Taj_Mahal_Main_Entrance_to_Tomb_(22854822229).jpg
Taj_Mahal,113197,0,commons/Taj_Mahal/0/pictures/Taj_Mahal_Minaret_&_Mosque_(22821269667).jpg
Taj_Mahal,113197,0,commons/Taj_Mahal/0/pictures/Taj_Mahal_Minaret_(22591845313).jpg
Taj_Mahal,113197,0,commons/Taj_Mahal/0/pictures/Taj_Mahal_Mosque_&_Yamuna_River_(22590861473).jpg
Taj_Mahal,113197,0,commons/Taj_Mahal/0/pictures/Taj_Mahal_Mosque_(22593083753).jpg
Taj_Mahal,113197,0,commons/Taj_Mahal/0/pictures/Taj_Mahal_Minaret_(22850458759).jpg
Taj_Mahal,113197,0,commons/Taj_Mahal/0/pictures/Taj_Mahal_Mosque_(22848248499).jpg
Taj_Mahal,113197,0,commons/Taj_Mahal/0/pictures/Taj_Mahal_Mosque_(22922237730).jpg
Taj_Mahal,113197,0,commons/Taj_Mahal/0/pictures/Taj_Mahal_Morning_View.jpg
Taj_Mahal,113197,0,commons/Taj_Mahal/0/pictures/Taj_Mahal_Mosque_(22592017894).jpg
Taj_Mahal,113197,0,commons/Taj_Mahal/0/pictures/Taj_Mahal_Minaret_(22849934309).jpg
Taj_Mahal,113197,0,commons/Taj_Mahal/0/pictures/Taj_Mahal_Mosque_(22821908757).jpg
Taj_Mahal,113197,0,commons/Taj_Mahal/0/pictures/Taj_Mahal_Perspective_Photo.jpg
Taj_Mahal,113197,0,commons/Taj_Mahal/0/pictures/Taj_Mahal_Mosque_(23217673985).jpg
Taj_Mahal,113197,0,commons/Taj_Mahal/0/pictures/Taj_Mahal_Top.jpg
Taj_Mahal,113197,0,commons/Taj_Mahal/0/pictures/Taj_Mahal_Up_close_side_view_of_Arch.jpg
Taj_Mahal,113197,0,commons/Taj_Mahal/0/pictures/Taj_Mahal_Mosque_(22849668609).jpg
Taj_Mahal,113197,0,commons/Taj_Mahal/0/pictures/Taj_Mahal_Mosque_(22922185970).jpg
Taj_Mahal,113197,0,commons/Taj_Mahal/0/pictures/Taj_Mahal_Mosque_(22924415620).jpg
Taj_Mahal,113197,0,"commons/Taj_Mahal/0/pictures/Taj_Mahal_Mosque_2,_Agra,_India.jpg"
Taj_Mahal,113197,0,commons/Taj_Mahal/0/pictures/Taj_Mahal_View_From_Front.jpg
Taj_Mahal,113197,0,commons/Taj_Mahal/0/pictures/Taj_Mahal_a_monument_of_Love_(as_seen_from_outside).jpg
Taj_Mahal,113197,0,commons/Taj_Mahal/0/pictures/Taj_Mahal_View_From_Mosque.jpg
Taj_Mahal,113197,0,commons/Taj_Mahal/0/pictures/Taj_Mahal_arena.jpg
Taj_Mahal,113197,0,commons/Taj_Mahal/0/pictures/Taj_Mahal_Wonder.jpg
Taj_Mahal,113197,0,commons/Taj_Mahal/0/pictures/Taj_Mahal_View_from_Front_Entry_Gate.jpg
Taj_Mahal,113197,0,commons/Taj_Mahal/0/pictures/Taj_Mahal_by_my_eyes.jpg
Taj_Mahal,113197,0,commons/Taj_Mahal/0/pictures/Taj_Mahal_and_grounds_Entrance_Gateway_wikijib-29.jpg
Taj_Mahal,113197,0,commons/Taj_Mahal/0/pictures/Taj_Mahal_and_grounds_Entrance_Gateway_wikijib-30.jpg
Taj_Mahal,113197,0,commons/Taj_Mahal/0/pictures/Taj_Mahal_and_grounds_including_the_Masjid.jpg
Taj_Mahal,113197,0,commons/Taj_Mahal/0/pictures/Taj_Mahal_during_sunset_02.jpg
Taj_Mahal,113197,0,commons/Taj_Mahal/0/pictures/Taj_Mahal_at_dawn_hours.jpg
Taj_Mahal,113197,0,commons/Taj_Mahal/0/pictures/Taj_Mahal_Weltwunder_Indien.jpg
Taj_Mahal,113197,0,commons/Taj_Mahal/0/pictures/Taj_Mahal_and_grounds_Entrance_Gateway_of_Khan-i-Alam_Bagh3.jpg
Taj_Mahal,113197,0,commons/Taj_Mahal/0/pictures/Taj_Mahal_corner_angle.jpg
Taj_Mahal,113197,0,commons/Taj_Mahal/0/pictures/Taj_Mahal_daytime.jpg
Taj_Mahal,113197,0,commons/Taj_Mahal/0/pictures/Taj_Mahal_distinct_view.jpg
Taj_Mahal,113197,0,commons/Taj_Mahal/0/pictures/Taj_Mahal_in_winter_06.jpg
Taj_Mahal,113197,0,commons/Taj_Mahal/0/pictures/Taj_Mahal_frontal_with_garden.jpg
Taj_Mahal,113197,0,commons/Taj_Mahal/0/pictures/Taj_Mahal_in_2019.jpg
Taj_Mahal,113197,0,commons/Taj_Mahal/0/pictures/Taj_Mahal_in_winter_01.jpg
Taj_Mahal,113197,0,commons/Taj_Mahal/0/pictures/Taj_Mahal_during_sunset_01.jpg
Taj_Mahal,113197,0,commons/Taj_Mahal/0/pictures/Taj_Mahal_in_winter_05.jpg
Taj_Mahal,113197,0,commons/Taj_Mahal/0/pictures/Taj_Mahal_from_front_side.jpg
Taj_Mahal,113197,0,commons/Taj_Mahal/0/pictures/Taj_Mahal_in_winter_12.jpg
Taj_Mahal,113197,0,commons/Taj_Mahal/0/pictures/Taj_Mahal_in_winter_18.jpg
Taj_Mahal,113197,0,commons/Taj_Mahal/0/pictures/Taj_Mahal_on_New_Year_01.jpg
Taj_Mahal,113197,0,commons/Taj_Mahal/0/pictures/Taj_Mahal_on_New_Year_02.jpg
Taj_Mahal,113197,0,commons/Taj_Mahal/0/pictures/Taj_Mahal_panoramic_view.jpg
Taj_Mahal,113197,0,commons/Taj_Mahal/0/pictures/Taj_Mahal_in_winter_11.jpg
Taj_Mahal,113197,0,commons/Taj_Mahal/0/pictures/Taj_Mahal_photo2.jpg
Taj_Mahal,113197,0,commons/Taj_Mahal/0/pictures/Taj_Mahal_view_17.jpg
Taj_Mahal,113197,0,commons/Taj_Mahal/0/pictures/Taj_Mahal_sunrise_1.jpg
Taj_Mahal,113197,0,commons/Taj_Mahal/0/pictures/Taj_Mahal_view_20.jpg
Taj_Mahal,113197,0,commons/Taj_Mahal/0/pictures/Taj_Mahal_view_11.jpg
Taj_Mahal,113197,0,commons/Taj_Mahal/0/pictures/Taj_Mahal_view_12.jpg
Taj_Mahal,113197,0,commons/Taj_Mahal/0/pictures/Taj_Mahal_view_13.jpg
Taj_Mahal,113197,0,commons/Taj_Mahal/0/pictures/Taj_Mahal_view_14.jpg
Taj_Mahal,113197,0,commons/Taj_Mahal/0/pictures/Taj_Mahal_view_15.jpg
Taj_Mahal,113197,0,commons/Taj_Mahal/0/pictures/Taj_Mahal_view_28.jpg
Taj_Mahal,113197,0,commons/Taj_Mahal/0/pictures/Taj_Mahal_view_19.jpg
Taj_Mahal,113197,0,commons/Taj_Mahal/0/pictures/Taj_Mahal_view_10.jpg
Taj_Mahal,113197,0,commons/Taj_Mahal/0/pictures/Taj_Mahal_view_31.jpg
Taj_Mahal,113197,0,commons/Taj_Mahal/0/pictures/Taj_Mahal_view_22.jpg
Taj_Mahal,113197,0,commons/Taj_Mahal/0/pictures/Taj_Mahal_view_24.jpg
Taj_Mahal,113197,0,commons/Taj_Mahal/0/pictures/Taj_Mahal_view_29.jpg
Taj_Mahal,113197,0,commons/Taj_Mahal/0/pictures/Taj_Mahal_view_2.jpg
Taj_Mahal,113197,0,commons/Taj_Mahal/0/pictures/Taj_Mahal_view_21.jpg
Taj_Mahal,113197,0,commons/Taj_Mahal/0/pictures/Taj_Mahal_view_32.jpg
Taj_Mahal,113197,0,commons/Taj_Mahal/0/pictures/Taj_Mahal_view_23.jpg
Taj_Mahal,113197,0,commons/Taj_Mahal/0/pictures/Taj_Mahal_view_4.jpg
Taj_Mahal,113197,0,commons/Taj_Mahal/0/pictures/Taj_Mahal_view_30.jpg
Taj_Mahal,113197,0,commons/Taj_Mahal/0/pictures/Taj_Mahal_view_5.jpg
Taj_Mahal,113197,0,commons/Taj_Mahal/0/pictures/Taj_Mahal_view_6.jpg
Taj_Mahal,113197,0,commons/Taj_Mahal/0/pictures/Taj_Mahal_view_8.jpg
Taj_Mahal,113197,0,commons/Taj_Mahal/0/pictures/Taj_Mahal_vrtmrgmpksk_(10).jpg
Taj_Mahal,113197,0,commons/Taj_Mahal/0/pictures/Taj_Mahal_vrtmrgmpksk_(100).jpg
Taj_Mahal,113197,0,commons/Taj_Mahal/0/pictures/Taj_Mahal_vrtmrgmpksk_(101).jpg
Taj_Mahal,113197,0,commons/Taj_Mahal/0/pictures/Taj_Mahal_vrtmrgmpksk_(102).jpg
Taj_Mahal,113197,0,commons/Taj_Mahal/0/pictures/Taj_Mahal_vrtmrgmpksk_(105).jpg
Taj_Mahal,113197,0,commons/Taj_Mahal/0/pictures/Taj_Mahal_view_7.jpg
Taj_Mahal,113197,0,commons/Taj_Mahal/0/pictures/Taj_Mahal_vrtmrgmpksk_(108).jpg
Taj_Mahal,113197,0,commons/Taj_Mahal/0/pictures/Taj_Mahal_vrtmrgmpksk_(110).jpg
Taj_Mahal,113197,0,commons/Taj_Mahal/0/pictures/Taj_Mahal_vrtmrgmpksk_(112).jpg
Taj_Mahal,113197,0,commons/Taj_Mahal/0/pictures/Taj_Mahal_vrtmrgmpksk_(104).jpg
Taj_Mahal,113197,0,commons/Taj_Mahal/0/pictures/Taj_Mahal_vrtmrgmpksk_(107).jpg
Taj_Mahal,113197,0,commons/Taj_Mahal/0/pictures/Taj_Mahal_vrtmrgmpksk_(13).jpg
Taj_Mahal,113197,0,commons/Taj_Mahal/0/pictures/Taj_Mahal_vrtmrgmpksk_(130).jpg
Taj_Mahal,113197,0,commons/Taj_Mahal/0/pictures/Taj_Mahal_vrtmrgmpksk_(134).jpg
Taj_Mahal,113197,0,commons/Taj_Mahal/0/pictures/Taj_Mahal_vrtmrgmpksk_(135).jpg
Taj_Mahal,113197,0,commons/Taj_Mahal/0/pictures/Taj_Mahal_vrtmrgmpksk_(136).jpg
Taj_Mahal,113197,0,commons/Taj_Mahal/0/pictures/Taj_Mahal_vrtmrgmpksk_(138).jpg
Taj_Mahal,113197,0,commons/Taj_Mahal/0/pictures/Taj_Mahal_vrtmrgmpksk_(129).jpg
Taj_Mahal,113197,0,commons/Taj_Mahal/0/pictures/Taj_Mahal_vrtmrgmpksk_(12).jpg
Taj_Mahal,113197,0,commons/Taj_Mahal/0/pictures/Taj_Mahal_vrtmrgmpksk_(132).jpg
Taj_Mahal,113197,0,commons/Taj_Mahal/0/pictures/Taj_Mahal_vrtmrgmpksk_(133).jpg
Taj_Mahal,113197,0,commons/Taj_Mahal/0/pictures/Taj_Mahal_vrtmrgmpksk_(150).jpg
Taj_Mahal,113197,0,commons/Taj_Mahal/0/pictures/Taj_Mahal_vrtmrgmpksk_(153).jpg
Taj_Mahal,113197,0,commons/Taj_Mahal/0/pictures/Taj_Mahal_vrtmrgmpksk_(144).jpg
Taj_Mahal,113197,0,commons/Taj_Mahal/0/pictures/Taj_Mahal_vrtmrgmpksk_(158).jpg
Taj_Mahal,113197,0,commons/Taj_Mahal/0/pictures/Taj_Mahal_vrtmrgmpksk_(14).jpg
Taj_Mahal,113197,0,commons/Taj_Mahal/0/pictures/Taj_Mahal_vrtmrgmpksk_(20).jpg
Taj_Mahal,113197,0,commons/Taj_Mahal/0/pictures/Taj_Mahal_vrtmrgmpksk_(21).jpg
Taj_Mahal,113197,0,commons/Taj_Mahal/0/pictures/Taj_Mahal_vrtmrgmpksk_(22).jpg
Taj_Mahal,113197,0,commons/Taj_Mahal/0/pictures/Taj_Mahal_vrtmrgmpksk_(159).jpg
Taj_Mahal,113197,0,commons/Taj_Mahal/0/pictures/Taj_Mahal_vrtmrgmpksk_(17).jpg
Taj_Mahal,113197,0,commons/Taj_Mahal/0/pictures/Taj_Mahal_vrtmrgmpksk_(19).jpg
Taj_Mahal,113197,0,commons/Taj_Mahal/0/pictures/Taj_Mahal_vrtmrgmpksk_(152).jpg
Taj_Mahal,113197,0,commons/Taj_Mahal/0/pictures/Taj_Mahal_vrtmrgmpksk_(23).jpg
Taj_Mahal,113197,0,commons/Taj_Mahal/0/pictures/Taj_Mahal_vrtmrgmpksk_(34).jpg
Taj_Mahal,113197,0,commons/Taj_Mahal/0/pictures/Taj_Mahal_vrtmrgmpksk_(25).jpg
Taj_Mahal,113197,0,commons/Taj_Mahal/0/pictures/Taj_Mahal_vrtmrgmpksk_(26).jpg
Taj_Mahal,113197,0,commons/Taj_Mahal/0/pictures/Taj_Mahal_vrtmrgmpksk_(28).jpg
Taj_Mahal,113197,0,commons/Taj_Mahal/0/pictures/Taj_Mahal_vrtmrgmpksk_(151).jpg
Taj_Mahal,113197,0,commons/Taj_Mahal/0/pictures/Taj_Mahal_vrtmrgmpksk_(30).jpg
Taj_Mahal,113197,0,commons/Taj_Mahal/0/pictures/Taj_Mahal_vrtmrgmpksk_(41).jpg
Taj_Mahal,113197,0,commons/Taj_Mahal/0/pictures/Taj_Mahal_vrtmrgmpksk_(24).jpg
Taj_Mahal,113197,0,commons/Taj_Mahal/0/pictures/Taj_Mahal_vrtmrgmpksk_(35).jpg
Taj_Mahal,113197,0,commons/Taj_Mahal/0/pictures/Taj_Mahal_vrtmrgmpksk_(36).jpg
Taj_Mahal,113197,0,commons/Taj_Mahal/0/pictures/Taj_Mahal_vrtmrgmpksk_(27).jpg
Taj_Mahal,113197,0,commons/Taj_Mahal/0/pictures/Taj_Mahal_vrtmrgmpksk_(39).jpg
Taj_Mahal,113197,0,commons/Taj_Mahal/0/pictures/Taj_Mahal_vrtmrgmpksk_(40).jpg
Taj_Mahal,113197,0,commons/Taj_Mahal/0/pictures/Taj_Mahal_vrtmrgmpksk_(42).jpg
Taj_Mahal,113197,0,commons/Taj_Mahal/0/pictures/Taj_Mahal_vrtmrgmpksk_(43).jpg
Taj_Mahal,113197,0,commons/Taj_Mahal/0/pictures/Taj_Mahal_vrtmrgmpksk_(46).jpg
Taj_Mahal,113197,0,commons/Taj_Mahal/0/pictures/Taj_Mahal_vrtmrgmpksk_(49).jpg
Taj_Mahal,113197,0,commons/Taj_Mahal/0/pictures/Taj_Mahal_vrtmrgmpksk_(50).jpg
Taj_Mahal,113197,0,commons/Taj_Mahal/0/pictures/Taj_Mahal_vrtmrgmpksk_(61).jpg
Taj_Mahal,113197,0,commons/Taj_Mahal/0/pictures/Taj_Mahal_vrtmrgmpksk_(52).jpg
Taj_Mahal,113197,0,commons/Taj_Mahal/0/pictures/Taj_Mahal_vrtmrgmpksk_(63).jpg
Taj_Mahal,113197,0,commons/Taj_Mahal/0/pictures/Taj_Mahal_vrtmrgmpksk_(44).jpg
Taj_Mahal,113197,0,commons/Taj_Mahal/0/pictures/Taj_Mahal_vrtmrgmpksk_(65).jpg
Taj_Mahal,113197,0,commons/Taj_Mahal/0/pictures/Taj_Mahal_vrtmrgmpksk_(58).jpg
Taj_Mahal,113197,0,commons/Taj_Mahal/0/pictures/Taj_Mahal_vrtmrgmpksk_(59).jpg
Taj_Mahal,113197,0,commons/Taj_Mahal/0/pictures/Taj_Mahal_vrtmrgmpksk_(7).jpg
Taj_Mahal,113197,0,commons/Taj_Mahal/0/pictures/Taj_Mahal_vrtmrgmpksk_(70).jpg
Taj_Mahal,113197,0,commons/Taj_Mahal/0/pictures/Taj_Mahal_vrtmrgmpksk_(51).jpg
Taj_Mahal,113197,0,commons/Taj_Mahal/0/pictures/Taj_Mahal_vrtmrgmpksk_(72).jpg
Taj_Mahal,113197,0,commons/Taj_Mahal/0/pictures/Taj_Mahal_vrtmrgmpksk_(64).jpg
Taj_Mahal,113197,0,commons/Taj_Mahal/0/pictures/Taj_Mahal_vrtmrgmpksk_(76).jpg
Taj_Mahal,113197,0,commons/Taj_Mahal/0/pictures/Taj_Mahal_vrtmrgmpksk_(67).jpg
Taj_Mahal,113197,0,commons/Taj_Mahal/0/pictures/Taj_Mahal_vrtmrgmpksk_(68).jpg
Taj_Mahal,113197,0,commons/Taj_Mahal/0/pictures/Taj_Mahal_vrtmrgmpksk_(79).jpg
Taj_Mahal,113197,0,commons/Taj_Mahal/0/pictures/Taj_Mahal_vrtmrgmpksk_(80).jpg
Taj_Mahal,113197,0,commons/Taj_Mahal/0/pictures/Taj_Mahal_vrtmrgmpksk_(71).jpg
Taj_Mahal,113197,0,commons/Taj_Mahal/0/pictures/Taj_Mahal_vrtmrgmpksk_(62).jpg
Taj_Mahal,113197,0,commons/Taj_Mahal/0/pictures/Taj_Mahal_vrtmrgmpksk_(73).jpg
Taj_Mahal,113197,0,commons/Taj_Mahal/0/pictures/Taj_Mahal_vrtmrgmpksk_(84).jpg
Taj_Mahal,113197,0,commons/Taj_Mahal/0/pictures/Taj_Mahal_vrtmrgmpksk_(66).jpg
Taj_Mahal,113197,0,commons/Taj_Mahal/0/pictures/Taj_Mahal_vrtmrgmpksk_(85).jpg
Taj_Mahal,113197,0,commons/Taj_Mahal/0/pictures/Taj_Mahal_vrtmrgmpksk_(77).jpg
Taj_Mahal,113197,0,commons/Taj_Mahal/0/pictures/Taj_Mahal_vrtmrgmpksk_(78).jpg
Taj_Mahal,113197,0,commons/Taj_Mahal/0/pictures/Taj_Mahal_vrtmrgmpksk_(69).jpg
Taj_Mahal,113197,0,commons/Taj_Mahal/0/pictures/Taj_Mahal_vrtmrgmpksk_(90).jpg
Taj_Mahal,113197,0,commons/Taj_Mahal/0/pictures/Taj_Mahal_vrtmrgmpksk_(83).jpg
Taj_Mahal,113197,0,commons/Taj_Mahal/0/pictures/Taj_Mahal_vrtmrgmpksk_(74).jpg
Taj_Mahal,113197,0,commons/Taj_Mahal/0/pictures/Taj_Mahal_vrtmrgmpksk_(75).jpg
Taj_Mahal,113197,0,commons/Taj_Mahal/0/pictures/Taj_Mahal_vrtmrgmpksk_(86).jpg
Taj_Mahal,113197,0,commons/Taj_Mahal/0/pictures/Taj_Mahal_vrtmrgmpksk_(87).jpg
Taj_Mahal,113197,0,commons/Taj_Mahal/0/pictures/Taj_Mahal_vrtmrgmpksk_(8).jpg
Taj_Mahal,113197,0,commons/Taj_Mahal/0/pictures/Taj_Mahal_vrtmrgmpksk_(81).jpg
Taj_Mahal,113197,0,"commons/Taj_Mahal/0/pictures/Taj_Mahal(Agra,UP,India)_01.jpg"
Taj_Mahal,113197,0,commons/Taj_Mahal/0/pictures/Taj_Mahal_vrtmrgmpksk_(94).jpg
Taj_Mahal,113197,0,"commons/Taj_Mahal/0/pictures/Taj_Mahal(Sunset),_Agra,_India.jpg"
Taj_Mahal,113197,0,commons/Taj_Mahal/0/pictures/Taj_Mahal_vrtmrgmpksk_(96).jpg
Taj_Mahal,113197,0,commons/Taj_Mahal/0/pictures/Taj_Mahal_with_the_front_gate.jpg
Taj_Mahal,113197,0,commons/Taj_Mahal/0/pictures/Taj_Mahal's_Minar.jpg
Taj_Mahal,113197,0,commons/Taj_Mahal/0/pictures/Taj_Mahal_vrtmrgmpksk_(92).jpg
Taj_Mahal,113197,0,commons/Taj_Mahal/0/pictures/Taj_Mahal_vrtmrgmpksk_(95).jpg
Taj_Mahal,113197,0,"commons/Taj_Mahal/0/pictures/Taj_Mahal,_Agra,_India_(22926588500).jpg"
Taj_Mahal,113197,0,commons/Taj_Mahal/0/pictures/Taj_Mahal_vrtmrgmpksk_(93).jpg
Taj_Mahal,113197,0,"commons/Taj_Mahal/0/pictures/Taj_Mahal,_Agra,_Uttar_Pradesh_hs-55.jpg"
Taj_Mahal,113197,0,commons/Taj_Mahal/0/pictures/Taj_Mahal_with_tourist.jpg
Taj_Mahal,113197,0,"commons/Taj_Mahal/0/pictures/Taj_Mahal,_Agra_India.jpg"
Taj_Mahal,113197,0,"commons/Taj_Mahal/0/pictures/Taj_Mahal(Agra,UP,India)_02.jpg"
Taj_Mahal,113197,0,"commons/Taj_Mahal/0/pictures/Taj_Mahal,_Agra_-_Visit_During_WCI_2016_(63).jpg"
Taj_Mahal,113197,0,"commons/Taj_Mahal/0/pictures/Taj_Mahal,_Agra,_India_2.jpg"
Taj_Mahal,113197,0,"commons/Taj_Mahal/0/pictures/Taj_Mahal,_Agra_48.jpg"
Taj_Mahal,113197,0,"commons/Taj_Mahal/0/pictures/Taj_Mahal,_Agra,_Uttar_Pradesh_vi-55.jpg"
Taj_Mahal,113197,0,"commons/Taj_Mahal/0/pictures/Taj_Mahal,_Minaret,_Agra,_India.jpg"
Taj_Mahal,113197,0,commons/Taj_Mahal/0/pictures/Taj_Mornings.jpg
Taj_Mahal,113197,0,"commons/Taj_Mahal/0/pictures/Taj_Mahal,_front_view.jpg"
Taj_Mahal,113197,0,"commons/Taj_Mahal/0/pictures/Taj_Mahal,_Agra,_Uttar_Pradesh_s-55.jpg"
Taj_Mahal,113197,0,commons/Taj_Mahal/0/pictures/Taj_Mahal-Agra-Uttar_Pradesh-IMG_8521.jpg
Taj_Mahal,113197,0,commons/Taj_Mahal/0/pictures/Taj_Mahal._Pixabay_3578009.jpg
Taj_Mahal,113197,0,commons/Taj_Mahal/0/pictures/Taj_from_entrance.jpg
Taj_Mahal,113197,0,commons/Taj_Mahal/0/pictures/Taj_Mahal..._Adorable_beauty.jpg
Taj_Mahal,113197,0,commons/Taj_Mahal/0/pictures/Taj_Mahal.jpg_pics.jpg
Taj_Mahal,113197,0,"commons/Taj_Mahal/0/pictures/Taj_Mahal,_The_Great_Gate,_Agra,_India.jpg"
Taj_Mahal,113197,0,commons/Taj_Mahal/0/pictures/Taj_mahal_distant_view.jpg
Taj_Mahal,113197,0,commons/Taj_Mahal/0/pictures/Taj_mahal_gate.jpg
Taj_Mahal,113197,0,commons/Taj_Mahal/0/pictures/Taj_mahal_grounds.jpg
Taj_Mahal,113197,0,commons/Taj_Mahal/0/pictures/Taj_mahal_(masjid).jpg
Taj_Mahal,113197,0,commons/Taj_Mahal/0/pictures/Taj_mahal_2022.jpg
Taj_Mahal,113197,0,commons/Taj_Mahal/0/pictures/Taj_mahal_dist.jpg
Taj_Mahal,113197,0,"commons/Taj_Mahal/0/pictures/Taj_Mahal,Agra.jpg"
Taj_Mahal,113197,0,commons/Taj_Mahal/0/pictures/Taj_mahal_door.jpg
Taj_Mahal,113197,0,commons/Taj_Mahal/0/pictures/Taj_mahal_gate_(agra).jpg
Taj_Mahal,113197,0,commons/Taj_Mahal/0/pictures/Taj_under_the_fog.jpg
Taj_Mahal,113197,0,commons/Taj_Mahal/0/pictures/Taj_Mahal.._Symbol_of_love.jpg
Taj_Mahal,113197,0,commons/Taj_Mahal/0/pictures/Taj_mahal_in_foggy_mornings_3.jpg
Taj_Mahal,113197,0,commons/Taj_Mahal/0/pictures/Taj_mahal_side_view_walkway.jpg
Taj_Mahal,113197,0,commons/Taj_Mahal/0/pictures/TajMahal_Agra_UP_PICT0148.jpg
Taj_Mahal,113197,0,commons/Taj_Mahal/0/pictures/Taj_mahal_views_vrtmrgmpksk_(2).jpg
Taj_Mahal,113197,0,commons/Taj_Mahal/0/pictures/TajMahal_southeast.jpg
Taj_Mahal,113197,0,commons/Taj_Mahal/0/pictures/Taj-mahal2.jpg
Taj_Mahal,113197,0,commons/Taj_Mahal/0/pictures/Tajmahal_view_from_entrance_gate_Mausoleum_in_Agra_2.jpg
Taj_Mahal,113197,0,commons/Taj_Mahal/0/pictures/Tajmahal_From_Masjid_-_panoramio.jpg
Taj_Mahal,113197,0,commons/Taj_Mahal/0/pictures/Taj_mahal_views_vrtmrgmpksk_(4).jpg
Taj_Mahal,113197,0,commons/Taj_Mahal/0/pictures/Tajmahal_inside_Mausoleum_in_Agra.jpg
Taj_Mahal,113197,0,commons/Taj_Mahal/0/pictures/The_Mosque_beside_Taj_Mahal.jpg
Taj_Mahal,113197,0,commons/Taj_Mahal/0/pictures/Taj_mahal_views_vrtmrgmpksk_(3).jpg
Taj_Mahal,113197,0,commons/Taj_Mahal/0/pictures/Tajmahal..._-_panoramio.jpg
Taj_Mahal,113197,0,commons/Taj_Mahal/0/pictures/Tajmahal.jpg
Taj_Mahal,113197,0,commons/Taj_Mahal/0/pictures/The_Mighty_Taj_Mahal.jpg
Taj_Mahal,113197,0,commons/Taj_Mahal/0/pictures/Tajmahal_mfk.jpg
Taj_Mahal,113197,0,commons/Taj_Mahal/0/pictures/The_Taj_Mahal_104.jpg
Taj_Mahal,113197,0,commons/Taj_Mahal/0/pictures/The_Taj_Mahal_105.jpg
Taj_Mahal,113197,0,commons/Taj_Mahal/0/pictures/The_Taj_Mahal_113.jpg
Taj_Mahal,113197,0,commons/Taj_Mahal/0/pictures/The_Taj_Mahal_114.jpg
Taj_Mahal,113197,0,commons/Taj_Mahal/0/pictures/The_Glowing_Taj_Mahal.jpg
Taj_Mahal,113197,0,"commons/Taj_Mahal/0/pictures/The_Taj_Mahal_from_the_Gateway,_1864.jpg"
Taj_Mahal,113197,0,commons/Taj_Mahal/0/pictures/The_Taj_Mahal_view_from_Main_Gate.JPG
Taj_Mahal,113197,0,commons/Taj_Mahal/0/pictures/The_Taj_during_sunset.jpg
Taj_Mahal,113197,0,commons/Taj_Mahal/0/pictures/The_Taj_from_the_garden_in_front_right_side.JPG
Taj_Mahal,113197,0,commons/Taj_Mahal/0/pictures/The_Taj_mahal_mosque.jpg
Taj_Mahal,113197,0,commons/Taj_Mahal/0/pictures/The_Majestic_Taj.jpg
Taj_Mahal,113197,0,commons/Taj_Mahal/0/pictures/The_Taj_under_the_night_sky.JPG
Taj_Mahal,113197,0,"commons/Taj_Mahal/0/pictures/The_majestic_Taj_Mahal,_Agra.jpg"
Taj_Mahal,113197,0,commons/Taj_Mahal/0/pictures/The_Tajmahal_on_a_rainy_day.jpg
Taj_Mahal,113197,0,commons/Taj_Mahal/0/pictures/The_Wonder_of_Taj!.jpg
Taj_Mahal,113197,0,commons/Taj_Mahal/0/pictures/The_beauty_of_dark..._05.jpg
Taj_Mahal,113197,0,commons/Taj_Mahal/0/pictures/The_eternal_beauty._The_Taj_Mahal.jpg
Taj_Mahal,113197,0,commons/Taj_Mahal/0/pictures/The_solo_traveller.jpg
Taj_Mahal,113197,0,"commons/Taj_Mahal/0/pictures/The_great_Taj_Mahal,_Agra15.jpg"
Taj_Mahal,113197,0,"commons/Taj_Mahal/0/pictures/The_great_Taj_Mahal,_Agra18.jpg"
Taj_Mahal,113197,0,commons/Taj_Mahal/0/pictures/The_Taj_with_Red_goggles.jpg
Taj_Mahal,113197,0,"commons/Taj_Mahal/0/pictures/The_more_we_go_into_the_details_Taj_,its_beauty_increases_more.....jpg"
Taj_Mahal,113197,0,commons/Taj_Mahal/0/pictures/The_natural_Taj_Mahal.JPG
Taj_Mahal,113197,0,"commons/Taj_Mahal/0/pictures/The_great_Taj_Mahal,_Agra14.jpg"
Taj_Mahal,113197,0,commons/Taj_Mahal/0/pictures/The_sun_set_charm_......_Taj_Mahal.jpg
Taj_Mahal,113197,0,commons/Taj_Mahal/0/pictures/TheGreatTaj_07.jpg
Taj_Mahal,113197,0,commons/Taj_Mahal/0/pictures/Ujla_taj.jpg
Taj_Mahal,113197,0,commons/Taj_Mahal/0/pictures/Uttar_Pradesh-Agra-Taj_Mahal-001.jpg
Taj_Mahal,113197,0,commons/Taj_Mahal/0/pictures/View_of_Taj_mahal_on_a_great_dusky_evening.jpg
Taj_Mahal,113197,0,commons/Taj_Mahal/0/pictures/Waah_Taj_!.jpg
Taj_Mahal,113197,0,commons/Taj_Mahal/0/pictures/Wah_TajMahal.jpg
Taj_Mahal,113197,0,commons/Taj_Mahal/0/pictures/West_Side_Masjid-Taj_Mahal.JPG
Taj_Mahal,113197,0,commons/Taj_Mahal/0/pictures/White_gem_01.jpg
Taj_Mahal,113197,0,commons/Taj_Mahal/0/pictures/White_gem_02.jpg
Taj_Mahal,113197,0,commons/Taj_Mahal/0/pictures/White_gem_04.jpg
Taj_Mahal,113197,0,commons/Taj_Mahal/0/pictures/White_gem_05.jpg
Taj_Mahal,113197,0,commons/Taj_Mahal/0/pictures/Within_the_Taj_complex.jpg
Taj_Mahal,113197,0,commons/Taj_Mahal/0/pictures/Visitors_of_the_Taj_Mahal.jpg
Taj_Mahal,113197,0,commons/Taj_Mahal/0/pictures/泰姬玛哈陵.jpg
Taj_Mahal,113197,0,commons/Taj_Mahal/0/pictures/מסע_אופנועים-זנקה_רטנר_וזאב_קנדלמן-_הודו-_Mysore-madura-Madras-Benares_btm5943.jpeg
Taj_Mahal,113197,0,"commons/Taj_Mahal_Complex_—_Gardens/0/pictures/Agra,_Taj_Mahal_LCCN95505064.jpg"
Taj_Mahal,113197,0,commons/Taj_Mahal_Complex_—_Gardens/0/pictures/1996_-226-13_Taj_Mahal_(2234200462).jpg
Taj_Mahal,113197,0,commons/Taj_Mahal_Complex_—_Gardens/0/pictures/2017_Taj_Mahal.jpg
Taj_Mahal,113197,0,commons/Taj_Mahal_Complex_—_Gardens/0/pictures/A_different_view_of_taj.jpg
Taj_Mahal,113197,0,commons/Taj_Mahal_Complex_—_Gardens/0/pictures/A_rare_view_of_Taj_Mahal.jpg
Taj_Mahal,113197,0,commons/Taj_Mahal_Complex_—_Gardens/0/pictures/A_view_of_Taj_Mahal_from_the_south-western_side..jpg
Taj_Mahal,113197,0,commons/Taj_Mahal_Complex_—_Gardens/0/pictures/Agra_Taj_Mahal_34567.jpg
Taj_Mahal,113197,0,commons/Taj_Mahal_Complex_—_Gardens/0/pictures/Banke_bTaj_Mahalihari_(251).JPG
Taj_Mahal,113197,0,"commons/Taj_Mahal_Complex_—_Gardens/0/pictures/Agra,_panorámicas_(2002)_14.jpg"
Taj_Mahal,113197,0,commons/Taj_Mahal_Complex_—_Gardens/0/pictures/Agra-_August_2018_(44116216841).jpg
Taj_Mahal,113197,0,commons/Taj_Mahal_Complex_—_Gardens/0/pictures/Agra2017_0692-Pano.jpg
Taj_Mahal,113197,0,commons/Taj_Mahal_Complex_—_Gardens/0/pictures/Arch_view_of_Taj_Mahal.jpg
Taj_Mahal,113197,0,commons/Taj_Mahal_Complex_—_Gardens/0/pictures/Agra_Taj_Mahal_34568.jpg
Taj_Mahal,113197,0,commons/Taj_Mahal_Complex_—_Gardens/0/pictures/Banke_bTaj_Mahalihari_(252).JPG
Taj_Mahal,113197,0,commons/Taj_Mahal_Complex_—_Gardens/0/pictures/Banke_bTaj_Mahalihari_(253).JPG
Taj_Mahal,113197,0,commons/Taj_Mahal_Complex_—_Gardens/0/pictures/Banke_bTaj_Mahalihari_(224).JPG
Taj_Mahal,113197,0,commons/Taj_Mahal_Complex_—_Gardens/0/pictures/Banke_bihaTaj_Mahalri_(275).JPG
Taj_Mahal,113197,0,commons/Taj_Mahal_Complex_—_Gardens/0/pictures/Banke_bTaj_Mahalihari_(256).JPG
Taj_Mahal,113197,0,commons/Taj_Mahal_Complex_—_Gardens/0/pictures/Banke_bihaTaj_Mahalri_(290).JPG
Taj_Mahal,113197,0,commons/Taj_Mahal_Complex_—_Gardens/0/pictures/Banke_bihaTaj_Mahalri_(295).JPG
Taj_Mahal,113197,0,"commons/Taj_Mahal_Complex_—_Gardens/0/pictures/Best_view_of_the_great_Taj_Mahal,_Agra11.jpg"
Taj_Mahal,113197,0,commons/Taj_Mahal_Complex_—_Gardens/0/pictures/Colors_Of_Taj.jpg
Taj_Mahal,113197,0,"commons/Taj_Mahal_Complex_—_Gardens/0/pictures/Front_view_of_Taj_Mahal,_Agra.jpg"
Taj_Mahal,113197,0,commons/Taj_Mahal_Complex_—_Gardens/0/pictures/Distant_viwe_taj.jpg
Taj_Mahal,113197,0,commons/Taj_Mahal_Complex_—_Gardens/0/pictures/Glimpses_of_Agra_6.JPG
Taj_Mahal,113197,0,commons/Taj_Mahal_Complex_—_Gardens/0/pictures/Glimpses_of_Agra_7.JPG
Taj_Mahal,113197,0,commons/Taj_Mahal_Complex_—_Gardens/0/pictures/Dive_In_blue_pool.jpg
Taj_Mahal,113197,0,commons/Taj_Mahal_Complex_—_Gardens/0/pictures/Glorious_face_of_Taaj.jpg
Taj_Mahal,113197,0,commons/Taj_Mahal_Complex_—_Gardens/0/pictures/Doctor_love.jpg
Taj_Mahal,113197,0,commons/Taj_Mahal_Complex_—_Gardens/0/pictures/Great_memory_of_love.jpg
Taj_Mahal,113197,0,commons/Taj_Mahal_Complex_—_Gardens/0/pictures/HPVac201110_(9).jpg
Taj_Mahal,113197,0,commons/Taj_Mahal_Complex_—_Gardens/0/pictures/IMA_20171101_121655.jpg
Taj_Mahal,113197,0,commons/Taj_Mahal_Complex_—_Gardens/0/pictures/Magical_Taj.JPG
Taj_Mahal,113197,0,commons/Taj_Mahal_Complex_—_Gardens/0/pictures/India-6089_-_Flickr_-_archer10_(Dennis).jpg
Taj_Mahal,113197,0,commons/Taj_Mahal_Complex_—_Gardens/0/pictures/India-6093_-_Flickr_-_archer10_(Dennis).jpg
Taj_Mahal,113197,0,commons/Taj_Mahal_Complex_—_Gardens/0/pictures/India-6094_-_Flickr_-_archer10_(Dennis).jpg
Taj_Mahal,113197,0,commons/Taj_Mahal_Complex_—_Gardens/0/pictures/India-6205_-_Happy_Valentine's_Day_-_Flickr_-_archer10_(Dennis).jpg
Taj_Mahal,113197,0,commons/Taj_Mahal_Complex_—_Gardens/0/pictures/Natural_green_frame_view_of_Tajmahal.jpg
Taj_Mahal,113197,0,commons/Taj_Mahal_Complex_—_Gardens/0/pictures/Magic_Of_Taj_Mahal.jpg
Taj_Mahal,113197,0,commons/Taj_Mahal_Complex_—_Gardens/0/pictures/Full_view_of_Tak_Mahal.jpg
Taj_Mahal,113197,0,commons/Taj_Mahal_Complex_—_Gardens/0/pictures/Magnificent_Taj_Mahal.jpg
Taj_Mahal,113197,0,commons/Taj_Mahal_Complex_—_Gardens/0/pictures/Mahal-taj.jpg
Taj_Mahal,113197,0,commons/Taj_Mahal_Complex_—_Gardens/0/pictures/Mobilography_of_Taj_Mahal.jpg
Taj_Mahal,113197,0,commons/Taj_Mahal_Complex_—_Gardens/0/pictures/Monument_taj_3.jpg
Taj_Mahal,113197,0,commons/Taj_Mahal_Complex_—_Gardens/0/pictures/SAVE_20180617_223910.jpg
Taj_Mahal,113197,0,commons/Taj_Mahal_Complex_—_Gardens/0/pictures/One_Of_The_Wonders.JPG
Taj_Mahal,113197,0,commons/Taj_Mahal_Complex_—_Gardens/0/pictures/Overwhelmed_Taj.jpg
Taj_Mahal,113197,0,commons/Taj_Mahal_Complex_—_Gardens/0/pictures/Subin_Abraham.JPG
Taj_Mahal,113197,0,commons/Taj_Mahal_Complex_—_Gardens/0/pictures/TAJ_MAHAL_1.JPG
Taj_Mahal,113197,0,commons/Taj_Mahal_Complex_—_Gardens/0/pictures/Rare_pic_of_TajMahal..JPG
Taj_Mahal,113197,0,commons/Taj_Mahal_Complex_—_Gardens/0/pictures/My_first_veiw_tajmahal.jpg
Taj_Mahal,113197,0,commons/Taj_Mahal_Complex_—_Gardens/0/pictures/Reflection_of_The_Taj_in_The_Canal.jpg
Taj_Mahal,113197,0,commons/Taj_Mahal_Complex_—_Gardens/0/pictures/TAJMAHAL.JPG
Taj_Mahal,113197,0,"commons/Taj_Mahal_Complex_—_Gardens/0/pictures/TAJ_MAHAL_,.jpg"
Taj_Mahal,113197,0,commons/Taj_Mahal_Complex_—_Gardens/0/pictures/TAJ_MAHAL_MONUMENT.jpg
Taj_Mahal,113197,0,commons/Taj_Mahal_Complex_—_Gardens/0/pictures/TAJ_MAHAL_entrance.jpg
Taj_Mahal,113197,0,commons/Taj_Mahal_Complex_—_Gardens/0/pictures/TAJ-the_monument_of_love.jpg
Taj_Mahal,113197,0,commons/Taj_Mahal_Complex_—_Gardens/0/pictures/TAJMAHAL_AND_GARDEN.JPG
Taj_Mahal,113197,0,commons/Taj_Mahal_Complex_—_Gardens/0/pictures/Our_pride_Taj_Mahal.jpg
Taj_Mahal,113197,0,commons/Taj_Mahal_Complex_—_Gardens/0/pictures/Synonymous_to_India_-_Taj_Mahal.jpg
Taj_Mahal,113197,0,commons/Taj_Mahal_Complex_—_Gardens/0/pictures/Taaj_mahal_Agra.jpg
Taj_Mahal,113197,0,commons/Taj_Mahal_Complex_—_Gardens/0/pictures/Taj_4_agost_05.jpg
Taj_Mahal,113197,0,commons/Taj_Mahal_Complex_—_Gardens/0/pictures/Taj_Mahal_(23196428506).jpg
Taj_Mahal,113197,0,commons/Taj_Mahal_Complex_—_Gardens/0/pictures/Taj_Mahal_(3a).jpg
Taj_Mahal,113197,0,commons/Taj_Mahal_Complex_—_Gardens/0/pictures/Taj_KM_31.jpg
Taj_Mahal,113197,0,commons/Taj_Mahal_Complex_—_Gardens/0/pictures/Taj_KM_32.jpg
Taj_Mahal,113197,0,commons/Taj_Mahal_Complex_—_Gardens/0/pictures/THE_TAJ_MAHAL(AGRA).JPG
Taj_Mahal,113197,0,commons/Taj_Mahal_Complex_—_Gardens/0/pictures/Taj_Mahal_(1a).jpg
Taj_Mahal,113197,0,commons/Taj_Mahal_Complex_—_Gardens/0/pictures/Taj_Mahal_-Agra_-Uttar_Pradesh-N-UP-A-28-H.jpg
Taj_Mahal,113197,0,commons/Taj_Mahal_Complex_—_Gardens/0/pictures/Taj_Mahal_001.jpg
Taj_Mahal,113197,0,commons/Taj_Mahal_Complex_—_Gardens/0/pictures/Taj_Mahal_(7113248335).jpg
Taj_Mahal,113197,0,commons/Taj_Mahal_Complex_—_Gardens/0/pictures/Taj_Mahal_-_Agra.jpg
Taj_Mahal,113197,0,commons/Taj_Mahal_Complex_—_Gardens/0/pictures/Taj_Mahal_-_glimpse_through_the_garden_IMG_0120.JPG
Taj_Mahal,113197,0,commons/Taj_Mahal_Complex_—_Gardens/0/pictures/Taj_Mahal_-_glimpse_through_the_garden-II_IMG_0133.JPG
Taj_Mahal,113197,0,commons/Taj_Mahal_Complex_—_Gardens/0/pictures/Taj_Mahal_2018-01-02v.jpg
Taj_Mahal,113197,0,commons/Taj_Mahal_Complex_—_Gardens/0/pictures/Taj_Mahal_(Edited).jpeg
Taj_Mahal,113197,0,"commons/Taj_Mahal_Complex_—_Gardens/0/pictures/Taj_Mahal_-_Agra,_India.jpg"
Taj_Mahal,113197,0,commons/Taj_Mahal_Complex_—_Gardens/0/pictures/Taj_Mahal_2018-01-02zzg.jpg
Taj_Mahal,113197,0,commons/Taj_Mahal_Complex_—_Gardens/0/pictures/Taj_Mahal_22.jpg
Taj_Mahal,113197,0,commons/Taj_Mahal_Complex_—_Gardens/0/pictures/Taj_Mahal_2011_14.JPG
Taj_Mahal,113197,0,commons/Taj_Mahal_Complex_—_Gardens/0/pictures/Taj_Mahal_2018-01-02w.jpg
Taj_Mahal,113197,0,commons/Taj_Mahal_Complex_—_Gardens/0/pictures/Taj_Mahal_2018-01-02z.jpg
Taj_Mahal,113197,0,commons/Taj_Mahal_Complex_—_Gardens/0/pictures/Taj_Mahal_2018-01-02zf.jpg
Taj_Mahal,113197,0,commons/Taj_Mahal_Complex_—_Gardens/0/pictures/Taj_Mahal_2.JPG
Taj_Mahal,113197,0,commons/Taj_Mahal_Complex_—_Gardens/0/pictures/Taj_Mahal_345.jpg
Taj_Mahal,113197,0,commons/Taj_Mahal_Complex_—_Gardens/0/pictures/Taj_Mahal_346.jpg
Taj_Mahal,113197,0,commons/Taj_Mahal_Complex_—_Gardens/0/pictures/Taj_Mahal_4.jpg
Taj_Mahal,113197,0,commons/Taj_Mahal_Complex_—_Gardens/0/pictures/Taj_Mahal_40_(Friar's_Balsam_Flickr).jpg
Taj_Mahal,113197,0,commons/Taj_Mahal_Complex_—_Gardens/0/pictures/Taj_Mahal_91.JPG
Taj_Mahal,113197,0,commons/Taj_Mahal_Complex_—_Gardens/0/pictures/Taj_Mahal_Agra1.jpg
Taj_Mahal,113197,0,"commons/Taj_Mahal_Complex_—_Gardens/0/pictures/Taj_Mahal_Eternal_2,_Agra,_India.jpg"
Taj_Mahal,113197,0,commons/Taj_Mahal_Complex_—_Gardens/0/pictures/Taj_Mahal_Front_View_with_Shadow_in_Water.jpg
Taj_Mahal,113197,0,commons/Taj_Mahal_Complex_—_Gardens/0/pictures/Taj_Mahal_and_gardens.JPG
Taj_Mahal,113197,0,commons/Taj_Mahal_Complex_—_Gardens/0/pictures/Taj_Mahal_angular.JPG
Taj_Mahal,113197,0,commons/Taj_Mahal_Complex_—_Gardens/0/pictures/Taj_Mahal_behind_trees.JPG
Taj_Mahal,113197,0,commons/Taj_Mahal_Complex_—_Gardens/0/pictures/Taj_Mahal_March_2019.jpg
Taj_Mahal,113197,0,commons/Taj_Mahal_Complex_—_Gardens/0/pictures/Taj_Mahal_Under_Dark_Blue_Clouds.jpg
Taj_Mahal,113197,0,"commons/Taj_Mahal_Complex_—_Gardens/0/pictures/Taj_Mahal_I_(Agra,_India)_-_December_9,_2013_-_LML_02.jpg"
Taj_Mahal,113197,0,commons/Taj_Mahal_Complex_—_Gardens/0/pictures/Taj_Mahal_by_Abhijeet_Kale.jpg
Taj_Mahal,113197,0,commons/Taj_Mahal_Complex_—_Gardens/0/pictures/Taj_Mahal_frontal.jpg
Taj_Mahal,113197,0,commons/Taj_Mahal_Complex_—_Gardens/0/pictures/Taj_Mahal_gardens_(November_2010).jpg
Taj_Mahal,113197,0,"commons/Taj_Mahal_Complex_—_Gardens/0/pictures/Taj_Mahal_and_Persian_gardens,_Agra,_India.jpg"
Taj_Mahal,113197,0,commons/Taj_Mahal_Complex_—_Gardens/0/pictures/Taj_Mahal_in_Full_Front_View_in_2013.jpg
Taj_Mahal,113197,0,"commons/Taj_Mahal_Complex_—_Gardens/0/pictures/Taj_Mahal_in_Mausoleum,_Agra,_Uttar_pradesh,_India.jpg"
Taj_Mahal,113197,0,commons/Taj_Mahal_Complex_—_Gardens/0/pictures/Taj_Mahal_in_landscape.jpg
Taj_Mahal,113197,0,commons/Taj_Mahal_Complex_—_Gardens/0/pictures/Taj_Mahal_t.jpg
Taj_Mahal,113197,0,"commons/Taj_Mahal_Complex_—_Gardens/0/pictures/Taj_Mahal,_Agra,_India_edit2.jpg"
Taj_Mahal,113197,0,"commons/Taj_Mahal_Complex_—_Gardens/0/pictures/Taj_Mahal,_Agra,_Uttar_Pradesh.JPG"
Taj_Mahal,113197,0,commons/Taj_Mahal_Complex_—_Gardens/0/pictures/Taj_Mahal-Agra-Uttar_Pradesh_-_003.jpg
Taj_Mahal,113197,0,commons/Taj_Mahal_Complex_—_Gardens/0/pictures/Taj_agost_05.jpg
Taj_Mahal,113197,0,commons/Taj_Mahal_Complex_—_Gardens/0/pictures/Taj_Reflected.jpg
Taj_Mahal,113197,0,commons/Taj_Mahal_Complex_—_Gardens/0/pictures/Taj12.JPG
Taj_Mahal,113197,0,commons/Taj_Mahal_Complex_—_Gardens/0/pictures/Taj01.jpg
Taj_Mahal,113197,0,commons/Taj_Mahal_Complex_—_Gardens/0/pictures/Taj8.jpg
Taj_Mahal,113197,0,commons/Taj_Mahal_Complex_—_Gardens/0/pictures/TajMahal_Agra_view.jpg
Taj_Mahal,113197,0,commons/Taj_Mahal_Complex_—_Gardens/0/pictures/Tajmahal_View_-_panoramio.jpg
Taj_Mahal,113197,0,commons/Taj_Mahal_Complex_—_Gardens/0/pictures/Tajmahal_view_from_entrance_gate_Mausoleum_in_Agra_6.jpg
Taj_Mahal,113197,0,commons/Taj_Mahal_Complex_—_Gardens/0/pictures/Tajmahal_gardens_in_February_2012.jpg
Taj_Mahal,113197,0,commons/Taj_Mahal_Complex_—_Gardens/0/pictures/Tajpart2.jpg
Taj_Mahal,113197,0,commons/Taj_Mahal_Complex_—_Gardens/0/pictures/The_Beauty_of_Taj.jpg
Taj_Mahal,113197,0,commons/Taj_Mahal_Complex_—_Gardens/0/pictures/The_Taj_being_shielded_by_a_branch.jpg
Taj_Mahal,113197,0,commons/Taj_Mahal_Complex_—_Gardens/0/pictures/The_Taj_Mahal_Mausoleum.JPG
Taj_Mahal,113197,0,"commons/Taj_Mahal_Complex_—_Gardens/0/pictures/The_Taj_Mahal,_approaching.JPG"
Taj_Mahal,113197,0,commons/Taj_Mahal_Complex_—_Gardens/0/pictures/The_Taj_Mahal_conclave.jpg
Taj_Mahal,113197,0,commons/Taj_Mahal_Complex_—_Gardens/0/pictures/The_Taj_Mahal_in_India.jpg
Taj_Mahal,113197,0,commons/Taj_Mahal_Complex_—_Gardens/0/pictures/The_Taj_in_Trees.JPG
Taj_Mahal,113197,0,commons/Taj_Mahal_Complex_—_Gardens/0/pictures/The_Taj_in_the_reflection_of_its_pull.JPG
Taj_Mahal,113197,0,commons/Taj_Mahal_Complex_—_Gardens/0/pictures/The_White_Mausoleum_1.JPG
Taj_Mahal,113197,0,commons/Taj_Mahal_Complex_—_Gardens/0/pictures/TheGreatTaj_01.jpg
Taj_Mahal,113197,0,commons/Taj_Mahal_Complex_—_Gardens/0/pictures/The_splendor_of_Taj.jpg
Taj_Mahal,113197,0,commons/Taj_Mahal_Complex_—_Gardens/0/pictures/This_is_the_Majestic_Taj_Mahal_with_all_its_fountains_and_greenery.jpg
Taj_Mahal,113197,0,commons/Taj_Mahal_Complex_—_Gardens/0/pictures/The_mesmerizing_Taj_in_a_chilly_January_morning.JPG
Taj_Mahal,113197,0,commons/Taj_Mahal_Complex_—_Gardens/0/pictures/TheGreatTaj_06.jpg
Taj_Mahal,113197,0,commons/Taj_Mahal_Complex_—_Gardens/0/pictures/Thee_Taj_Mahal.jpg
Taj_Mahal,113197,0,commons/Taj_Mahal_Complex_—_Gardens/0/pictures/The_wonder.JPG
Taj_Mahal,113197,0,"commons/Taj_Mahal_Complex_—_Gardens/0/pictures/Wanderers_wonder_,_the_Taj.jpg"
Taj_Mahal,113197,0,commons/Taj_Mahal_Complex_—_Gardens/0/pictures/Wonder_with_a_Thunder.jpg
Taj_Mahal,113197,0,commons/Taj_Mahal_Complex_—_Gardens/0/pictures/Đền_Taj_Mahal.jpg
Taj_Mahal,113197,0,"commons/Taj_Mahal_Complex_—_Jawab/0/pictures/20191204_Jawab,_Taj_Mahal,_Agra_0657_6562.jpg"
Taj_Mahal,113197,0,commons/Taj_Mahal_Complex_—_Gateways/0/pictures/Tajganj_2.jpg
Taj_Mahal,113197,0,commons/Taj_Mahal_Complex_—_Gateways/0/pictures/Tajganj.jpg
Taj_Mahal,113197,0,"commons/Taj_Mahal_Complex_—_Jawab/0/pictures/A_Mosque_at_the_West_of_Taj_Mahal,_Agra.jpg"
Taj_Mahal,113197,0,"commons/Taj_Mahal_Complex_—_Jawab/0/pictures/Agra,_India_Taj_Mahal_(415489592).jpg"
Taj_Mahal,113197,0,commons/Taj_Mahal_Complex_—_Jawab/0/pictures/An_Entrance_to_Taj_mahal.jpg
Taj_Mahal,113197,0,commons/Taj_Mahal_Complex_—_Jawab/0/pictures/Assembly_Hall_with_Fountain_-_Western_View_-_Taj_Mahal_Complex_-_Agra_2014-05-14_3811.JPG
Taj_Mahal,113197,0,commons/Taj_Mahal_Complex_—_Jawab/0/pictures/Assembly_Hall_with_Fountain_-_Western_View_-_Taj_Mahal_Complex_-_Agra_2014-05-14_3812-3816_Compress.JPG
Taj_Mahal,113197,0,commons/Taj_Mahal_Complex_—_Jawab/0/pictures/DSC_0987-01.jpg
Taj_Mahal,113197,0,commons/Taj_Mahal_Complex_—_Jawab/0/pictures/Assembly_Hall_with_Fountain_-_Western_View_-_Taj_Mahal_Complex_-_Agra_2014-05-14_3900-3903_Compress.JPG
Taj_Mahal,113197,0,commons/Taj_Mahal_Complex_—_Jawab/0/pictures/India_-_honeymoon_Dec._2009_card2_429.jpg
Taj_Mahal,113197,0,commons/Taj_Mahal_Complex_—_Jawab/0/pictures/India_9(1).jpg
Taj_Mahal,113197,0,commons/Taj_Mahal_Complex_—_Jawab/0/pictures/Gate_to_paradise.jpg
Taj_Mahal,113197,0,commons/Taj_Mahal_Complex_—_Jawab/0/pictures/Hexagonal_view_from_Taj_Mahal.jpg
Taj_Mahal,113197,0,commons/Taj_Mahal_Complex_—_Jawab/0/pictures/Img-tajmahalright.jpg
Taj_Mahal,113197,0,commons/Taj_Mahal_Complex_—_Jawab/0/pictures/Jawab_(Complexe_du_Taj_Mahal_à_Agra)_-_02.jpg
Taj_Mahal,113197,0,commons/Taj_Mahal_Complex_—_Jawab/0/pictures/India-6151_-_Flickr_-_archer10_(Dennis).jpg
Taj_Mahal,113197,0,commons/Taj_Mahal_Complex_—_Jawab/0/pictures/Indiatajmahaljawab.jpg
Taj_Mahal,113197,0,commons/Taj_Mahal_Complex_—_Jawab/0/pictures/Jawab_(Complexe_du_Taj_Mahal_à_Agra)_-_01.jpg
Taj_Mahal,113197,0,"commons/Taj_Mahal_Complex_—_Jawab/0/pictures/Mihmankhana,_Taj_Mahal.jpg"
Taj_Mahal,113197,0,"commons/Taj_Mahal_Complex_—_Jawab/0/pictures/Mosque'"".jpg"
Taj_Mahal,113197,0,commons/Taj_Mahal_Complex_—_Jawab/0/pictures/Sunset_near_the_Taj.jpg
Taj_Mahal,113197,0,commons/Taj_Mahal_Complex_—_Jawab/0/pictures/Taj_Mahal_23_(Friar's_Balsam_Flickr).jpg
Taj_Mahal,113197,0,commons/Taj_Mahal_Complex_—_Jawab/0/pictures/Taj_Mahal_Agra_DSC_0472.jpg
Taj_Mahal,113197,0,commons/Taj_Mahal_Complex_—_Jawab/0/pictures/Taj_Mahal_Jawab.jpg
Taj_Mahal,113197,0,"commons/Taj_Mahal_Complex_—_Jawab/0/pictures/Taj_Mahal,_Agra_-_Visit_During_WCI_2016_(70).jpg"
Taj_Mahal,113197,0,"commons/Taj_Mahal_Complex_—_Jawab/0/pictures/Taj_Mahal,_Agra_views_from_around_(33).JPG"
Taj_Mahal,113197,0,"commons/Taj_Mahal_Complex_—_Jawab/0/pictures/Taj_Mahal,_Agra_views_from_around_(34).JPG"
Taj_Mahal,113197,0,"commons/Taj_Mahal_Complex_—_Jawab/0/pictures/Taj_Mahal,_Agra,_Uttar_Pradesh_hs-47.jpg"
Taj_Mahal,113197,0,"commons/Taj_Mahal_Complex_—_Jawab/0/pictures/Taj_Mahal,_Agra_59.jpg"
Taj_Mahal,113197,0,"commons/Taj_Mahal_Complex_—_Jawab/0/pictures/Taj_Mahal,_Agra_89.jpg"
Taj_Mahal,113197,0,"commons/Taj_Mahal_Complex_—_Jawab/0/pictures/Taj_Mahal,_Agra,_Uttar_Pradesh_hs-76.jpg"
Taj_Mahal,113197,0,"commons/Taj_Mahal_Complex_—_Jawab/0/pictures/Taj_Mahal,_Agra,_Uttar_Pradesh_hs-79.jpg"
Taj_Mahal,113197,0,"commons/Taj_Mahal_Complex_—_Jawab/0/pictures/Taj_Mahal,_Agra,_Uttar_Pradesh_hs-67.jpg"
Taj_Mahal,113197,0,"commons/Taj_Mahal_Complex_—_Jawab/0/pictures/Taj_Mahal,_Agra_69.jpg"
Taj_Mahal,113197,0,"commons/Taj_Mahal_Complex_—_Jawab/0/pictures/Taj_Mahal,_Agra_79.jpg"
Taj_Mahal,113197,0,"commons/Taj_Mahal_Complex_—_Jawab/0/pictures/Taj_Mahal,_Agra,_Uttar_Pradesh_hs-8.jpg"
Taj_Mahal,113197,0,"commons/Taj_Mahal_Complex_—_Jawab/0/pictures/Taj_Mahal,_Agra,_Uttar_Pradesh_vi-47.jpg"
Taj_Mahal,113197,0,"commons/Taj_Mahal_Complex_—_Jawab/0/pictures/Taj_Mahal,_Agra,_Uttar_Pradesh_vi-62.jpg"
Taj_Mahal,113197,0,"commons/Taj_Mahal_Complex_—_Jawab/0/pictures/Taj_Mahal,_Agra,_Uttar_Pradesh_s-87.jpg"
Taj_Mahal,113197,0,commons/Taj_Mahal_Complex_—_Jawab/0/pictures/Taj_Mosque_(2291143196).jpg
Taj_Mahal,113197,0,"commons/Taj_Mahal_Complex_—_Jawab/0/pictures/Taj_Mahal,_Agra,_Uttar_Pradesh_vi-67.jpg"
Taj_Mahal,113197,0,"commons/Taj_Mahal_Complex_—_Jawab/0/pictures/Taj_Mahal,_Agra,_Uttar_Pradesh_vi-8.jpg"
Taj_Mahal,113197,0,commons/Taj_Mahal_Complex_—_Jawab/0/pictures/Taj42.JPG
Taj_Mahal,113197,0,commons/Taj_Mahal_Complex_—_Jawab/0/pictures/Taj4_Jawab.jpg
Taj_Mahal,113197,0,commons/Taj_Mahal_Complex_—_Jawab/0/pictures/Taj_maha_-_Assembly_halll_p18.jpg
Taj_Mahal,113197,0,commons/Taj_Mahal_Complex_—_Jawab/0/pictures/Taj_mahal_-_Assembly_hall_p15.jpg
Taj_Mahal,113197,0,commons/Taj_Mahal_Complex_—_Jawab/0/pictures/TajMahalGuesthouse20080211.jpg
Taj_Mahal,113197,0,commons/Taj_Mahal_Complex_—_Mosque/0/pictures/A_Fort_Near_The_Taj_Mahal.JPG
Taj_Mahal,113197,0,commons/Taj_Mahal_Complex_—_Mosque/0/pictures/Taj_Mahal_agra_26.JPG
Taj_Mahal,113197,0,commons/Taj_Mahal_Complex_—_Mosque/0/pictures/Taj_Mahal_agra_30.JPG
Taj_Mahal,113197,0,commons/Taj_Mahal_Complex_—_Mosque/0/pictures/Taj_Mahal_mosque.jpg
Taj_Mahal,113197,0,"commons/Taj_Mahal_Complex_—_Mosque/0/pictures/Taj_Mahal,_Agra_102.jpg"
Taj_Mahal,113197,0,"commons/Taj_Mahal_Complex_—_Mosque/0/pictures/Taj_Mahal,_Agra_103.jpg"
Taj_Mahal,113197,0,"commons/Taj_Mahal_Complex_—_Mosque/0/pictures/Taj_Mahal,_Agra,_India_(21198559641).jpg"
Taj_Mahal,113197,0,"commons/Taj_Mahal_Complex_—_Mosque/0/pictures/Taj_Mahal,_Agra,_Uttar_Pradesh_hs-111.jpg"
Taj_Mahal,113197,0,commons/Taj_Mahal_Complex_—_Mosque/0/pictures/TajMahalAgra_DSC04393_B.jpg
Taj_Mahal,113197,0,commons/Taj_Mahal_Complex_—_Mosque/0/pictures/TajMahalAgra_DSC04393.JPG
Taj_Mahal,113197,0,"commons/Taj_Mahal_Complex_—_Mosque/0/pictures/Taj_Mahal,_Sunset_3,_Agra,_India.jpg"
Taj_Mahal,113197,0,commons/Taj_Mahal_Complex_—_Mosque/0/pictures/Taj_Mosque_(116462547).jpeg
Taj_Mahal,113197,0,commons/Taj_Mahal_Complex_—_Mosque/0/pictures/Taj_left_side_gate.jpg
Taj_Mahal,113197,0,commons/Taj_Mahal_Complex_—_Mosque/0/pictures/Taj_Mosque_(5580840125).jpg
Taj_Mahal,113197,0,"commons/Taj_Mahal_Complex_—_Mosque/0/pictures/Taj_Mahal,_The_Mosque_-_panoramio_-_Jola_Sik.jpg"
Taj_Mahal,113197,0,commons/Taj_Mahal_Complex_—_Mosque/0/pictures/泰姬瑪哈陵361.jpg
Taj_Mahal,113197,0,commons/Taj_Mahal_Complex_—_Mosque/0/pictures/Taj_Mahal_mosque-1.jpg
Taj_Mahal,113197,0,commons/Taj_Mahal_Complex_—_Mosque/0/pictures/Taj-Mahal-Mosquee-Cooper.jpg
Taj_Mahal,113197,0,commons/Taj_Mahal_Complex_—_Mosque/0/pictures/The_grand_guardian_of_a_beauty_.!!.jpg
Taj_Mahal,113197,0,commons/Taj_Mahal_Complex_—_Tomb/0/pictures/A_monkey_in_front_of_Taj_Mahal_01.jpg
Taj_Mahal,113197,0,commons/Taj_Mahal_Complex_—_Tomb/0/pictures/A_view_of_the_Taj_Mahal.jpg
Taj_Mahal,113197,0,commons/Taj_Mahal_Complex_—_Mosque/0/pictures/泰姬瑪哈陵365.jpg
Taj_Mahal,113197,0,commons/Taj_Mahal_Complex_—_Tomb/0/pictures/'The_Immortal_Mahal'.jpg
Taj_Mahal,113197,0,commons/Taj_Mahal_Complex_—_Tomb/0/pictures/00100sPORTRAIT_00100_BURST20181217074139257_COVER_05.jpg
Taj_Mahal,113197,0,commons/Taj_Mahal_Complex_—_Tomb/0/pictures/00100sPORTRAIT_00100_BURST20181217074139257_COVER_06.jpg
Taj_Mahal,113197,0,commons/Taj_Mahal_Complex_—_Tomb/0/pictures/A_bunch_monkies_in_front_of_Taj_Mahal.jpg
Taj_Mahal,113197,0,commons/Taj_Mahal_Complex_—_Tomb/0/pictures/A_rare_angle.JPG
Taj_Mahal,113197,0,commons/Taj_Mahal_Complex_—_Tomb/0/pictures/Agra_-_Flickr_-_cprogrammer.jpg
Taj_Mahal,113197,0,commons/Taj_Mahal_Complex_—_Tomb/0/pictures/Agra_-_Taj_Mahal_(5105274312).jpg
Taj_Mahal,113197,0,commons/Taj_Mahal_Complex_—_Tomb/0/pictures/Agra_prospective.jpg
Taj_Mahal,113197,0,commons/Taj_Mahal_Complex_—_Tomb/0/pictures/Agra_tajmahal_prespective_view.jpg
Taj_Mahal,113197,0,commons/Taj_Mahal_Complex_—_Tomb/0/pictures/Agra8.JPG
Taj_Mahal,113197,0,commons/Taj_Mahal_Complex_—_Mosque/0/pictures/Изображение_528_الهند.jpg
Taj_Mahal,113197,0,commons/Taj_Mahal_Complex_—_Tomb/0/pictures/Arch_view_of_Taj_Mahal.jpg
Taj_Mahal,113197,0,commons/Taj_Mahal_Complex_—_Tomb/0/pictures/Architecture_of_Tajmahal.JPG
Taj_Mahal,113197,0,commons/Taj_Mahal_Complex_—_Tomb/0/pictures/Close_look_at_Taj_Mahal.jpg
Taj_Mahal,113197,0,commons/Taj_Mahal_Complex_—_Tomb/0/pictures/Back_view_of_Taj_Mahal.jpg
Taj_Mahal,113197,0,commons/Taj_Mahal_Complex_—_Tomb/0/pictures/Color_of_Taj_Mahal_in_dawn(early_morning).jpg
Taj_Mahal,113197,0,commons/Taj_Mahal_Complex_—_Tomb/0/pictures/AgraTazmahal-pic03.jpg
Taj_Mahal,113197,0,commons/Taj_Mahal_Complex_—_Tomb/0/pictures/Curvy_view_of_Tajmahal.jpg
Taj_Mahal,113197,0,commons/Taj_Mahal_Complex_—_Tomb/0/pictures/BEAUTY_OF_TAJ_MOSQUE.jpg
Taj_Mahal,113197,0,commons/Taj_Mahal_Complex_—_Tomb/0/pictures/Back_Taj.jpg
Taj_Mahal,113197,0,commons/Taj_Mahal_Complex_—_Tomb/0/pictures/Close_view_of_Taj_Mahal.jpg
Taj_Mahal,113197,0,commons/Taj_Mahal_Complex_—_Tomb/0/pictures/Closer_look_at_Taj_Mahal.jpg
Taj_Mahal,113197,0,"commons/Taj_Mahal_Complex_—_Tomb/0/pictures/Closer_view_of_Taj_Mahal,_Agra.jpg"
Taj_Mahal,113197,0,commons/Taj_Mahal_Complex_—_Tomb/0/pictures/Detail_of_Taj_Mahal_-_Agra_-_Uttar_Pradesh_-_India_-_04_(12650245735).jpg
Taj_Mahal,113197,0,commons/Taj_Mahal_Complex_—_Tomb/0/pictures/Cross_viewed_Taj.jpg
Taj_Mahal,113197,0,commons/Taj_Mahal_Complex_—_Tomb/0/pictures/Detail_of_Taj_Mahal_-_Agra_-_Uttar_Pradesh_-_India_-_07_(12650222255).jpg
Taj_Mahal,113197,0,commons/Taj_Mahal_Complex_—_Tomb/0/pictures/Dark_side_of_Taj.jpg
Taj_Mahal,113197,0,commons/Taj_Mahal_Complex_—_Tomb/0/pictures/Defense.gov_photo_essay_100120-F-6655M-336.jpg
Taj_Mahal,113197,0,commons/Taj_Mahal_Complex_—_Tomb/0/pictures/Detail_of_Taj_Mahal_-_Agra_-_Uttar_Pradesh_-_India_-_01_(12650265075).jpg
Taj_Mahal,113197,0,commons/Taj_Mahal_Complex_—_Tomb/0/pictures/Detail_of_Taj_Mahal_-_Agra_-_Uttar_Pradesh_-_India_-_03_(12650380233).jpg
Taj_Mahal,113197,0,commons/Taj_Mahal_Complex_—_Tomb/0/pictures/Detail_of_Taj_Mahal_-_Agra_-_Uttar_Pradesh_-_India_-_08_(12650702474).jpg
Taj_Mahal,113197,0,commons/Taj_Mahal_Complex_—_Tomb/0/pictures/Details_of_TajMahal_3.jpg
Taj_Mahal,113197,0,commons/Taj_Mahal_Complex_—_Tomb/0/pictures/From_the_eastern_corner.JPG
Taj_Mahal,113197,0,commons/Taj_Mahal_Complex_—_Tomb/0/pictures/Early_morning_Taj_Mahal.jpg
Taj_Mahal,113197,0,commons/Taj_Mahal_Complex_—_Tomb/0/pictures/Beautifultajmahal.jpg
Taj_Mahal,113197,0,commons/Taj_Mahal_Complex_—_Tomb/0/pictures/Fhjh.jpg
Taj_Mahal,113197,0,commons/Taj_Mahal_Complex_—_Tomb/0/pictures/Heritage_Taj_Mahal.jpg
Taj_Mahal,113197,0,commons/Taj_Mahal_Complex_—_Tomb/0/pictures/Floors_of_Marble_(5580839175).jpg
Taj_Mahal,113197,0,commons/Taj_Mahal_Complex_—_Tomb/0/pictures/From_the_eastern_masjid.JPG
Taj_Mahal,113197,0,commons/Taj_Mahal_Complex_—_Tomb/0/pictures/Front_view_from_side.jpg
Taj_Mahal,113197,0,commons/Taj_Mahal_Complex_—_Tomb/0/pictures/Inde_Uttar_Pradesh_Agra_Taj_Mahal_Mausolee_Entree_-_panoramio_(1).jpg
Taj_Mahal,113197,0,"commons/Taj_Mahal_Complex_—_Tomb/0/pictures/Grand_Taj_,_undoubtedly_wonder_of_the_world.jpg"
Taj_Mahal,113197,0,commons/Taj_Mahal_Complex_—_Tomb/0/pictures/Great_memory_of_love.jpg
Taj_Mahal,113197,0,commons/Taj_Mahal_Complex_—_Tomb/0/pictures/Different_Angle_to_have_an_eye_on_the_TAJ_MAHAL.jpg
Taj_Mahal,113197,0,commons/Taj_Mahal_Complex_—_Tomb/0/pictures/IAshishTripathi™_Taj-Minaret-restoration.jpg
Taj_Mahal,113197,0,commons/Taj_Mahal_Complex_—_Tomb/0/pictures/IMG-20180821-WA0012.jpg
Taj_Mahal,113197,0,commons/Taj_Mahal_Complex_—_Tomb/0/pictures/Inde_Uttar_Pradesh_Agra_Taj_Mahal_Mausolee_Entree_-_panoramio.jpg
Taj_Mahal,113197,0,commons/Taj_Mahal_Complex_—_Tomb/0/pictures/India_8(6).jpg
Taj_Mahal,113197,0,commons/Taj_Mahal_Complex_—_Tomb/0/pictures/India_8(7).jpg
Taj_Mahal,113197,0,commons/Taj_Mahal_Complex_—_Tomb/0/pictures/India_9(3).jpg
Taj_Mahal,113197,0,commons/Taj_Mahal_Complex_—_Tomb/0/pictures/Mahan_agra.jpg
Taj_Mahal,113197,0,commons/Taj_Mahal_Complex_—_Tomb/0/pictures/India_DSCF8273_(32991129754).jpg
Taj_Mahal,113197,0,commons/Taj_Mahal_Complex_—_Tomb/0/pictures/India_Love.jpg
Taj_Mahal,113197,0,commons/Taj_Mahal_Complex_—_Tomb/0/pictures/India_Taj_Mahal_Close_Up_(3951787975).jpg
Taj_Mahal,113197,0,commons/Taj_Mahal_Complex_—_Tomb/0/pictures/India_-_Agra_-_004_(2146763843).jpg
Taj_Mahal,113197,0,commons/Taj_Mahal_Complex_—_Tomb/0/pictures/Kkm_The_Taj_Mahal_India.jpg
Taj_Mahal,113197,0,commons/Taj_Mahal_Complex_—_Tomb/0/pictures/Left_Side_Of_Taj_Mahal_BW.jpg
Taj_Mahal,113197,0,commons/Taj_Mahal_Complex_—_Tomb/0/pictures/Monument_taj_4.jpg
Taj_Mahal,113197,0,commons/Taj_Mahal_Complex_—_Tomb/0/pictures/Monument_taj_8.jpg
Taj_Mahal,113197,0,commons/Taj_Mahal_Complex_—_Tomb/0/pictures/Monument_taj_9.jpg
Taj_Mahal,113197,0,commons/Taj_Mahal_Complex_—_Tomb/0/pictures/My_view_of_tajmahal_from_green_tree.jpg
Taj_Mahal,113197,0,commons/Taj_Mahal_Complex_—_Tomb/0/pictures/N-UP-A28_Symmetry_of_Taj.jpg
Taj_Mahal,113197,0,commons/Taj_Mahal_Complex_—_Tomb/0/pictures/N-UP-A28_Walk_Thru_the_Taj.jpg
Taj_Mahal,113197,0,commons/Taj_Mahal_Complex_—_Tomb/0/pictures/NIKON_812.jpg
Taj_Mahal,113197,0,commons/Taj_Mahal_Complex_—_Tomb/0/pictures/North_West_View_of_Taj.JPG
Taj_Mahal,113197,0,commons/Taj_Mahal_Complex_—_Tomb/0/pictures/One_morning_at_Taj_(7499710360).jpg
Taj_Mahal,113197,0,commons/Taj_Mahal_Complex_—_Tomb/0/pictures/Right_view_of_Taj_Mahal_from_front.jpg
Taj_Mahal,113197,0,commons/Taj_Mahal_Complex_—_Tomb/0/pictures/Side_view_of_taj.jpg
Taj_Mahal,113197,0,commons/Taj_Mahal_Complex_—_Tomb/0/pictures/Snaping_tajmahal_from_their_enterence.jpg
Taj_Mahal,113197,0,commons/Taj_Mahal_Complex_—_Tomb/0/pictures/Sun_rise_at_Taj_Mahal.jpg
Taj_Mahal,113197,0,commons/Taj_Mahal_Complex_—_Tomb/0/pictures/T_(23).jpg
Taj_Mahal,113197,0,commons/Taj_Mahal_Complex_—_Tomb/0/pictures/TAJ_(VIEW).jpg
Taj_Mahal,113197,0,commons/Taj_Mahal_Complex_—_Tomb/0/pictures/TAJ_MAHAL_MONUMENT.jpg
Taj_Mahal,113197,0,commons/Taj_Mahal_Complex_—_Tomb/0/pictures/TAJ_MAHAL-AGRA-UTTAR_PRADESH-_DSC002.jpg
Taj_Mahal,113197,0,commons/Taj_Mahal_Complex_—_Tomb/0/pictures/THE_TAJ_WITH_ITS_PIOUS_PILLARS.jpg
Taj_Mahal,113197,0,commons/Taj_Mahal_Complex_—_Tomb/0/pictures/Taj_2_3.jpg
Taj_Mahal,113197,0,commons/Taj_Mahal_Complex_—_Tomb/0/pictures/Taj_Mahal_(22919841780).jpg
Taj_Mahal,113197,0,commons/Taj_Mahal_Complex_—_Tomb/0/pictures/Taj_Mahal_(22920516490).jpg
Taj_Mahal,113197,0,commons/Taj_Mahal_Complex_—_Tomb/0/pictures/Taj_Mahal_(22920577100).jpg
Taj_Mahal,113197,0,commons/Taj_Mahal_Complex_—_Tomb/0/pictures/Taj_Mahal_(22921026560).jpg
Taj_Mahal,113197,0,commons/Taj_Mahal_Complex_—_Tomb/0/pictures/Taj_Mahal_(22922027110).jpg
Taj_Mahal,113197,0,commons/Taj_Mahal_Complex_—_Tomb/0/pictures/Taj_Mahal_(22922443000).jpg
Taj_Mahal,113197,0,commons/Taj_Mahal_Complex_—_Tomb/0/pictures/Taj_Mahal_(23191303126).jpg
Taj_Mahal,113197,0,commons/Taj_Mahal_Complex_—_Tomb/0/pictures/Taj_Mahal_(23190931306).jpg
Taj_Mahal,113197,0,commons/Taj_Mahal_Complex_—_Tomb/0/pictures/Taj_Mahal_(23216882045).jpg
Taj_Mahal,113197,0,commons/Taj_Mahal_Complex_—_Tomb/0/pictures/Taj_Mahal_(23215811515).jpg
Taj_Mahal,113197,0,commons/Taj_Mahal_Complex_—_Tomb/0/pictures/Taj_Mahal_(23217257375).jpg
Taj_Mahal,113197,0,commons/Taj_Mahal_Complex_—_Tomb/0/pictures/Taj_Mahal_(23221445845).jpg
Taj_Mahal,113197,0,commons/Taj_Mahal_Complex_—_Tomb/0/pictures/Taj_Mahal_(23220335645).jpg
Taj_Mahal,113197,0,commons/Taj_Mahal_Complex_—_Tomb/0/pictures/Taj_Mahal_(2377310255).jpg
Taj_Mahal,113197,0,commons/Taj_Mahal_Complex_—_Tomb/0/pictures/Taj_Mahal_(2377310773).jpg
Taj_Mahal,113197,0,commons/Taj_Mahal_Complex_—_Tomb/0/pictures/Taj_Mahal_(25893501657).jpg
Taj_Mahal,113197,0,commons/Taj_Mahal_Complex_—_Tomb/0/pictures/Taj_Mahal_(6687951019).jpg
Taj_Mahal,113197,0,commons/Taj_Mahal_Complex_—_Tomb/0/pictures/Taj_Mahal_(6687953417).jpg
Taj_Mahal,113197,0,commons/Taj_Mahal_Complex_—_Tomb/0/pictures/Taj_Mahal_(Agra).png
Taj_Mahal,113197,0,commons/Taj_Mahal_Complex_—_Tomb/0/pictures/Taj_Mahal_(HDR).jpg
Taj_Mahal,113197,0,commons/Taj_Mahal_Complex_—_Tomb/0/pictures/Taj_Mahal_(new_angle_photography).jpg
Taj_Mahal,113197,0,"commons/Taj_Mahal_Complex_—_Tomb/0/pictures/Taj_Mahal_,_Agra_UttarPradesh.jpg"
Taj_Mahal,113197,0,"commons/Taj_Mahal_Complex_—_Tomb/0/pictures/Taj_Mahal_,_Right_side_view.jpg"
Taj_Mahal,113197,0,commons/Taj_Mahal_Complex_—_Tomb/0/pictures/Taj_Mahal_-_Agra_-_Uttar_Pradesh_-_002.jpg
Taj_Mahal,113197,0,commons/Taj_Mahal_Complex_—_Tomb/0/pictures/Taj_Mahal_-_Agra_-_Uttar_Pradesh_-_India_-_02_(12650317883).jpg
Taj_Mahal,113197,0,"commons/Taj_Mahal_Complex_—_Tomb/0/pictures/Taj_Mahal_-_Agra,_UP_India.jpg"
Taj_Mahal,113197,0,commons/Taj_Mahal_Complex_—_Tomb/0/pictures/Taj_Mahal_-_Catchy_white.jpg
Taj_Mahal,113197,0,commons/Taj_Mahal_Complex_—_Tomb/0/pictures/Taj_Mahal_-_Gpn00001.jpg
Taj_Mahal,113197,0,commons/Taj_Mahal_Complex_—_Tomb/0/pictures/Taj_Mahal_-_Front_View.png
Taj_Mahal,113197,0,commons/Taj_Mahal_Complex_—_Tomb/0/pictures/Taj_Mahal_-_IMG_k.jpg
Taj_Mahal,113197,0,commons/Taj_Mahal_Complex_—_Tomb/0/pictures/Taj_Mahal_-_One_In_a_Million.jpg
Taj_Mahal,113197,0,commons/Taj_Mahal_Complex_—_Tomb/0/pictures/Taj_Mahal_-_Through_the_Gate.jpg
Taj_Mahal,113197,0,commons/Taj_Mahal_Complex_—_Tomb/0/pictures/Taj_Mahal_-_panoramio_(1).jpg
Taj_Mahal,113197,0,commons/Taj_Mahal_Complex_—_Tomb/0/pictures/Taj_Mahal_-_side_view.jpg
Taj_Mahal,113197,0,commons/Taj_Mahal_Complex_—_Tomb/0/pictures/Taj_Mahal_-Agra_-Uttar_Pradesh_-01.jpg
Taj_Mahal,113197,0,commons/Taj_Mahal_Complex_—_Tomb/0/pictures/Taj_Mahal_-Agra_-Uttar_Pradesh_-02.jpg
Taj_Mahal,113197,0,commons/Taj_Mahal_Complex_—_Tomb/0/pictures/Taj_Mahal_-Agra_-Uttar_Pradesh_-04.jpg
Taj_Mahal,113197,0,commons/Taj_Mahal_Complex_—_Tomb/0/pictures/Taj_Mahal_-Agra_-Uttar_Pradesh_-05.jpg
Taj_Mahal,113197,0,commons/Taj_Mahal_Complex_—_Tomb/0/pictures/Taj_Mahal_-Agra_-Uttar_Pradesh_-DSC_0306-01.jpg
Taj_Mahal,113197,0,commons/Taj_Mahal_Complex_—_Tomb/0/pictures/Taj_Mahal_-Agra_-Uttar_Pradesh_-12.jpg
Taj_Mahal,113197,0,commons/Taj_Mahal_Complex_—_Tomb/0/pictures/Taj_Mahal_-Agra_-Uttar_Pradesh_002.jpg
Taj_Mahal,113197,0,commons/Taj_Mahal_Complex_—_Tomb/0/pictures/Taj_Mahal_-Agra_-Uttar_Pradesh-N-UP-A-28.jpg
Taj_Mahal,113197,0,commons/Taj_Mahal_Complex_—_Tomb/0/pictures/Taj_Mahal_0001.jpg
Taj_Mahal,113197,0,commons/Taj_Mahal_Complex_—_Tomb/0/pictures/Taj_Mahal_002.jpg
Taj_Mahal,113197,0,commons/Taj_Mahal_Complex_—_Tomb/0/pictures/Taj_Mahal_004.jpg
Taj_Mahal,113197,0,commons/Taj_Mahal_Complex_—_Tomb/0/pictures/Taj_Mahal_0125.jpg
Taj_Mahal,113197,0,commons/Taj_Mahal_Complex_—_Tomb/0/pictures/Taj_Mahal_15.jpg
Taj_Mahal,113197,0,commons/Taj_Mahal_Complex_—_Tomb/0/pictures/Taj_Mahal_2017_by_Aashna.jpg
Taj_Mahal,113197,0,commons/Taj_Mahal_Complex_—_Tomb/0/pictures/Taj_Mahal_2017-03.jpg
Taj_Mahal,113197,0,commons/Taj_Mahal_Complex_—_Tomb/0/pictures/Taj_Mahal_2018-01-02ze.jpg
Taj_Mahal,113197,0,commons/Taj_Mahal_Complex_—_Tomb/0/pictures/Taj_Mahal_2018-01-02zj.jpg
Taj_Mahal,113197,0,commons/Taj_Mahal_Complex_—_Tomb/0/pictures/Taj_Mahal_2018-01-02zx.jpg
Taj_Mahal,113197,0,commons/Taj_Mahal_Complex_—_Tomb/0/pictures/Taj_Mahal_2018-01-02zw.jpg
Taj_Mahal,113197,0,commons/Taj_Mahal_Complex_—_Tomb/0/pictures/Taj_Mahal_2018-01-02zzf.jpg
Taj_Mahal,113197,0,commons/Taj_Mahal_Complex_—_Tomb/0/pictures/Taj_Mahal_20180908_111855.jpg
Taj_Mahal,113197,0,commons/Taj_Mahal_Complex_—_Tomb/0/pictures/Taj_Mahal_20180908_111900.jpg
Taj_Mahal,113197,0,commons/Taj_Mahal_Complex_—_Tomb/0/pictures/Taj_Mahal_20180908_111904.jpg
Taj_Mahal,113197,0,commons/Taj_Mahal_Complex_—_Tomb/0/pictures/Taj_Mahal_20180908_111902.jpg
Taj_Mahal,113197,0,commons/Taj_Mahal_Complex_—_Tomb/0/pictures/Taj_Mahal_25_(Friar's_Balsam_Flickr).jpg
Taj_Mahal,113197,0,commons/Taj_Mahal_Complex_—_Tomb/0/pictures/Taj_Mahal_337.jpg
Taj_Mahal,113197,0,commons/Taj_Mahal_Complex_—_Tomb/0/pictures/Taj_Mahal_9800.jpg
Taj_Mahal,113197,0,commons/Taj_Mahal_Complex_—_Tomb/0/pictures/Taj_Mahal_9805.jpg
Taj_Mahal,113197,0,commons/Taj_Mahal_Complex_—_Tomb/0/pictures/Taj_Mahal_9827.jpg
Taj_Mahal,113197,0,commons/Taj_Mahal_Complex_—_Tomb/0/pictures/Taj_Mahal_9808.jpg
Taj_Mahal,113197,0,commons/Taj_Mahal_Complex_—_Tomb/0/pictures/Taj_Mahal_9856.jpg
Taj_Mahal,113197,0,commons/Taj_Mahal_Complex_—_Tomb/0/pictures/Taj_Mahal_9860.jpg
Taj_Mahal,113197,0,commons/Taj_Mahal_Complex_—_Tomb/0/pictures/Taj_Mahal_9859.jpg
Taj_Mahal,113197,0,commons/Taj_Mahal_Complex_—_Tomb/0/pictures/Taj_Mahal_9866.jpg
Taj_Mahal,113197,0,commons/Taj_Mahal_Complex_—_Tomb/0/pictures/Taj_Mahal_9868.jpg
Taj_Mahal,113197,0,commons/Taj_Mahal_Complex_—_Tomb/0/pictures/Taj_Mahal_9873.jpg
Taj_Mahal,113197,0,commons/Taj_Mahal_Complex_—_Tomb/0/pictures/Taj_Mahal_9886.jpg
Taj_Mahal,113197,0,commons/Taj_Mahal_Complex_—_Tomb/0/pictures/Taj_Mahal_9915.jpg
Taj_Mahal,113197,0,commons/Taj_Mahal_Complex_—_Tomb/0/pictures/Taj_Mahal_9935.jpg
Taj_Mahal,113197,0,commons/Taj_Mahal_Complex_—_Tomb/0/pictures/Taj_Mahal_9941.jpg
Taj_Mahal,113197,0,commons/Taj_Mahal_Complex_—_Tomb/0/pictures/Taj_Mahal_9944.jpg
Taj_Mahal,113197,0,commons/Taj_Mahal_Complex_—_Tomb/0/pictures/Taj_Mahal_9952.jpg
Taj_Mahal,113197,0,commons/Taj_Mahal_Complex_—_Tomb/0/pictures/Taj_Mahal_9949.jpg
Taj_Mahal,113197,0,commons/Taj_Mahal_Complex_—_Tomb/0/pictures/Taj_Mahal_9959.jpg
Taj_Mahal,113197,0,commons/Taj_Mahal_Complex_—_Tomb/0/pictures/Taj_Mahal_9963.jpg
Taj_Mahal,113197,0,commons/Taj_Mahal_Complex_—_Tomb/0/pictures/Taj_Mahal_9966.jpg
Taj_Mahal,113197,0,commons/Taj_Mahal_Complex_—_Tomb/0/pictures/Taj_Mahal_9971.jpg
Taj_Mahal,113197,0,commons/Taj_Mahal_Complex_—_Tomb/0/pictures/Taj_Mahal_9975.jpg
Taj_Mahal,113197,0,commons/Taj_Mahal_Complex_—_Tomb/0/pictures/Taj_Mahal_9976.jpg
Taj_Mahal,113197,0,commons/Taj_Mahal_Complex_—_Tomb/0/pictures/Taj_Mahal_A_Perspective.jpg
Taj_Mahal,113197,0,commons/Taj_Mahal_Complex_—_Tomb/0/pictures/Taj_Mahal_A_Side_View.jpg
Taj_Mahal,113197,0,commons/Taj_Mahal_Complex_—_Tomb/0/pictures/Taj_Mahal_AGRA.jpg
Taj_Mahal,113197,0,commons/Taj_Mahal_Complex_—_Tomb/0/pictures/Taj_Mahal_Agra_01.jpg
Taj_Mahal,113197,0,commons/Taj_Mahal_Complex_—_Tomb/0/pictures/Taj_Mahal_Agra_DSC_0406.jpg
Taj_Mahal,113197,0,commons/Taj_Mahal_Complex_—_Tomb/0/pictures/Taj_Mahal_Agra_DSC_0429.jpg
Taj_Mahal,113197,0,commons/Taj_Mahal_Complex_—_Tomb/0/pictures/Taj_Mahal_Agra_DSC_0457.jpg
Taj_Mahal,113197,0,commons/Taj_Mahal_Complex_—_Tomb/0/pictures/Taj_Mahal_Agra_DSC_0473.jpg
Taj_Mahal,113197,0,commons/Taj_Mahal_Complex_—_Tomb/0/pictures/Taj_Mahal_Agra_India_-_panoramio_(16).jpg
Taj_Mahal,113197,0,commons/Taj_Mahal_Complex_—_Tomb/0/pictures/Taj_Mahal_Agra_India_-_panoramio_(18).jpg
Taj_Mahal,113197,0,commons/Taj_Mahal_Complex_—_Tomb/0/pictures/Taj_Mahal_Agra_India_-_panoramio_(6).jpg
Taj_Mahal,113197,0,commons/Taj_Mahal_Complex_—_Tomb/0/pictures/Taj_Mahal_Agra_India_-_panoramio_(8).jpg
Taj_Mahal,113197,0,commons/Taj_Mahal_Complex_—_Tomb/0/pictures/Taj_Mahal_Agra_India_1.jpg
Taj_Mahal,113197,0,commons/Taj_Mahal_Complex_—_Tomb/0/pictures/Taj_Mahal_Agra_Uttar_Pradesh_02.jpg
Taj_Mahal,113197,0,"commons/Taj_Mahal_Complex_—_Tomb/0/pictures/Taj_Mahal_Agra,_India.jpg"
Taj_Mahal,113197,0,commons/Taj_Mahal_Complex_—_Tomb/0/pictures/Taj_Mahal_Agra2.jpg
Taj_Mahal,113197,0,commons/Taj_Mahal_Complex_—_Tomb/0/pictures/Taj_Mahal_And_Grounds.jpg
Taj_Mahal,113197,0,commons/Taj_Mahal_Complex_—_Tomb/0/pictures/Taj_Mahal_Closeup_(105343659).jpeg
Taj_Mahal,113197,0,commons/Taj_Mahal_Complex_—_Tomb/0/pictures/Taj_Mahal_DSC0006.jpg
Taj_Mahal,113197,0,commons/Taj_Mahal_Complex_—_Tomb/0/pictures/Taj_Mahal_During_Early_Morning_in_Winter.jpg
Taj_Mahal,113197,0,commons/Taj_Mahal_Complex_—_Tomb/0/pictures/Taj_Mahal_During_Early_Morning_in_2013.jpg
Taj_Mahal,113197,0,commons/Taj_Mahal_Complex_—_Tomb/0/pictures/Taj_Mahal_East_View.jpg
Taj_Mahal,113197,0,commons/Taj_Mahal_Complex_—_Tomb/0/pictures/Taj_Mahal_During_Evening.jpg
Taj_Mahal,113197,0,"commons/Taj_Mahal_Complex_—_Tomb/0/pictures/Taj_Mahal_Eternal_2,_Agra,_India.jpg"
Taj_Mahal,113197,0,"commons/Taj_Mahal_Complex_—_Tomb/0/pictures/Taj_Mahal_Eternal,_Agra,_India.jpg"
Taj_Mahal,113197,0,commons/Taj_Mahal_Complex_—_Tomb/0/pictures/Taj_Mahal_FV.jpg
Taj_Mahal,113197,0,commons/Taj_Mahal_Complex_—_Tomb/0/pictures/Taj_Mahal_Exterior_with_a_minaret.jpg
Taj_Mahal,113197,0,commons/Taj_Mahal_Complex_—_Tomb/0/pictures/Taj_Mahal_Front_Down.JPG
Taj_Mahal,113197,0,commons/Taj_Mahal_Complex_—_Tomb/0/pictures/Taj_Mahal_Front_Entrance.jpg
Taj_Mahal,113197,0,commons/Taj_Mahal_Complex_—_Tomb/0/pictures/Taj_Mahal_Front_Side_Clear_View.jpg
Taj_Mahal,113197,0,commons/Taj_Mahal_Complex_—_Tomb/0/pictures/Taj_Mahal_Front_Views_in_2012.jpg
Taj_Mahal,113197,0,commons/Taj_Mahal_Complex_—_Tomb/0/pictures/Taj_Mahal_Front_view.jpg
Taj_Mahal,113197,0,commons/Taj_Mahal_Complex_—_Tomb/0/pictures/Taj_Mahal_Inscription.jpg
Taj_Mahal,113197,0,commons/Taj_Mahal_Complex_—_Tomb/0/pictures/Taj_Mahal_Long_view.jpg
Taj_Mahal,113197,0,commons/Taj_Mahal_Complex_—_Tomb/0/pictures/Taj_Mahal_Main_Gate_up.JPG
Taj_Mahal,113197,0,commons/Taj_Mahal_Complex_—_Tomb/0/pictures/Taj_Mahal_Marvel.jpg
Taj_Mahal,113197,0,commons/Taj_Mahal_Complex_—_Tomb/0/pictures/Taj_Mahal_Mausoleum_2.jpg
Taj_Mahal,113197,0,"commons/Taj_Mahal_Complex_—_Tomb/0/pictures/Taj_Mahal_Mausoleum,_Agra,_India.jpg"
Taj_Mahal,113197,0,commons/Taj_Mahal_Complex_—_Tomb/0/pictures/Taj_Mahal_Mausoleum-_Epitome_of_love_symbol.jpg
Taj_Mahal,113197,0,commons/Taj_Mahal_Complex_—_Tomb/0/pictures/Taj_Mahal_Mausoleum.jpg
Taj_Mahal,113197,0,commons/Taj_Mahal_Complex_—_Tomb/0/pictures/Taj_Mahal_N-UP-A28.jpg
Taj_Mahal,113197,0,commons/Taj_Mahal_Complex_—_Tomb/0/pictures/Taj_Mahal_Morning_View.jpg
Taj_Mahal,113197,0,commons/Taj_Mahal_Complex_—_Tomb/0/pictures/Taj_Mahal_Of_Agra.jpg
Taj_Mahal,113197,0,commons/Taj_Mahal_Complex_—_Tomb/0/pictures/Taj_Mahal_Perspective_Photo.jpg
Taj_Mahal,113197,0,commons/Taj_Mahal_Complex_—_Tomb/0/pictures/Taj_Mahal_Side_up.jpg
Taj_Mahal,113197,0,commons/Taj_Mahal_Complex_—_Tomb/0/pictures/Taj_Mahal_Sky.jpg
Taj_Mahal,113197,0,commons/Taj_Mahal_Complex_—_Tomb/0/pictures/Taj_Mahal_Sunset_image.jpg
Taj_Mahal,113197,0,commons/Taj_Mahal_Complex_—_Tomb/0/pictures/Taj_Mahal_Through_Door.jpg
Taj_Mahal,113197,0,commons/Taj_Mahal_Complex_—_Tomb/0/pictures/Taj_Mahal_View_From_Front.jpg
Taj_Mahal,113197,0,commons/Taj_Mahal_Complex_—_Tomb/0/pictures/Taj_Mahal_Wonder.jpg
Taj_Mahal,113197,0,commons/Taj_Mahal_Complex_—_Tomb/0/pictures/Taj_Mahal_Workmanship.jpg
Taj_Mahal,113197,0,"commons/Taj_Mahal_Complex_—_Tomb/0/pictures/Taj_Mahal_after_sunset_2,_Agra,_India.jpg"
Taj_Mahal,113197,0,"commons/Taj_Mahal_Complex_—_Tomb/0/pictures/Taj_Mahal_after_sunset,_Agra,_India.jpg"
Taj_Mahal,113197,0,commons/Taj_Mahal_Complex_—_Tomb/0/pictures/Taj_Mahal_agra_21.JPG
Taj_Mahal,113197,0,commons/Taj_Mahal_Complex_—_Tomb/0/pictures/Taj_Mahal_agra_31.JPG
Taj_Mahal,113197,0,commons/Taj_Mahal_Complex_—_Tomb/0/pictures/Taj_Mahal_agra_34.JPG
Taj_Mahal,113197,0,commons/Taj_Mahal_Complex_—_Tomb/0/pictures/Taj_Mahal_agra_35.JPG
Taj_Mahal,113197,0,commons/Taj_Mahal_Complex_—_Tomb/0/pictures/Taj_Mahal_agra_36.JPG
Taj_Mahal,113197,0,commons/Taj_Mahal_Complex_—_Tomb/0/pictures/Taj_Mahal_agra_38.JPG
Taj_Mahal,113197,0,commons/Taj_Mahal_Complex_—_Tomb/0/pictures/Taj_Mahal_agra_39.JPG
Taj_Mahal,113197,0,commons/Taj_Mahal_Complex_—_Tomb/0/pictures/Taj_Mahal_agra_41.JPG
Taj_Mahal,113197,0,commons/Taj_Mahal_Complex_—_Tomb/0/pictures/Taj_Mahal_agra_40.JPG
Taj_Mahal,113197,0,commons/Taj_Mahal_Complex_—_Tomb/0/pictures/Taj_Mahal_agra_42.JPG
Taj_Mahal,113197,0,commons/Taj_Mahal_Complex_—_Tomb/0/pictures/Taj_Mahal_all_Pillar_visible_Spot.jpg
Taj_Mahal,113197,0,commons/Taj_Mahal_Complex_—_Tomb/0/pictures/Taj_Mahal_alternate_view.jpg
Taj_Mahal,113197,0,"commons/Taj_Mahal_Complex_—_Tomb/0/pictures/Taj_Mahal_and_grounds_including_the_Masjid_on_the_west_side,_the_pavilions_on_the_east_a_2013-09-27_17-46-32.jpg"
Taj_Mahal,113197,0,commons/Taj_Mahal_Complex_—_Tomb/0/pictures/Taj_Mahal_and_grounds_-_Sahelion-ka-Gumbaz_No.4.jpg
Taj_Mahal,113197,0,commons/Taj_Mahal_Complex_—_Tomb/0/pictures/Taj_Mahal_arch_(4189268106).jpg
Taj_Mahal,113197,0,commons/Taj_Mahal_Complex_—_Tomb/0/pictures/Taj_Mahal_as_seen_from_the_garden_towards_its_east.jpg
Taj_Mahal,113197,0,commons/Taj_Mahal_Complex_—_Tomb/0/pictures/Taj_Mahal_as_seen_from_the_adjoining_mosque.jpg
Taj_Mahal,113197,0,commons/Taj_Mahal_Complex_—_Tomb/0/pictures/Taj_Mahal_as_seen_from_the_western_corner_of_the_compound.jpg
Taj_Mahal,113197,0,commons/Taj_Mahal_Complex_—_Tomb/0/pictures/Taj_Mahal_at_a_sunny_day.jpg
Taj_Mahal,113197,0,commons/Taj_Mahal_Complex_—_Tomb/0/pictures/Taj_Mahal_at_dawn_hours.jpg
Taj_Mahal,113197,0,commons/Taj_Mahal_Complex_—_Tomb/0/pictures/Taj_Mahal_by_Aashna_2017.jpg
Taj_Mahal,113197,0,commons/Taj_Mahal_Complex_—_Tomb/0/pictures/Taj_Mahal_ceiling_2017.jpg
Taj_Mahal,113197,0,"commons/Taj_Mahal_Complex_—_Tomb/0/pictures/Taj_Mahal_close_up,_Agra.jpg"
Taj_Mahal,113197,0,commons/Taj_Mahal_Complex_—_Tomb/0/pictures/Taj_Mahal_closeup.jpg
Taj_Mahal,113197,0,commons/Taj_Mahal_Complex_—_Tomb/0/pictures/Taj_Mahal_during_rainy_season.jpg
Taj_Mahal,113197,0,commons/Taj_Mahal_Complex_—_Tomb/0/pictures/Taj_Mahal_during_sunset_03.jpg
Taj_Mahal,113197,0,commons/Taj_Mahal_Complex_—_Tomb/0/pictures/Taj_Mahal_during_sunset_04.jpg
Taj_Mahal,113197,0,commons/Taj_Mahal_Complex_—_Tomb/0/pictures/Taj_Mahal_during_sunset_05.jpg
Taj_Mahal,113197,0,commons/Taj_Mahal_Complex_—_Tomb/0/pictures/Taj_Mahal_from_a_different_angle.JPG
Taj_Mahal,113197,0,commons/Taj_Mahal_Complex_—_Tomb/0/pictures/Taj_Mahal_from_bottom_view.JPG
Taj_Mahal,113197,0,commons/Taj_Mahal_Complex_—_Tomb/0/pictures/Taj_Mahal_from_the_back.jpg
Taj_Mahal,113197,0,commons/Taj_Mahal_Complex_—_Tomb/0/pictures/Taj_Mahal_from_The_East_Pavillion.jpg
Taj_Mahal,113197,0,commons/Taj_Mahal_Complex_—_Tomb/0/pictures/Taj_Mahal_from_the_Side_walks_during_a_sunset.jpg
Taj_Mahal,113197,0,commons/Taj_Mahal_Complex_—_Tomb/0/pictures/Taj_Mahal_from_main_entrance.jpg
Taj_Mahal,113197,0,commons/Taj_Mahal_Complex_—_Tomb/0/pictures/Taj_Mahal_from_the_east.jpg
Taj_Mahal,113197,0,commons/Taj_Mahal_Complex_—_Tomb/0/pictures/Taj_Mahal_from_the_shadows.jpg
Taj_Mahal,113197,0,commons/Taj_Mahal_Complex_—_Tomb/0/pictures/Taj_Mahal_in_Agra_India.jpg
Taj_Mahal,113197,0,"commons/Taj_Mahal_Complex_—_Tomb/0/pictures/Taj_Mahal_in_Agra,India.jpg"
Taj_Mahal,113197,0,commons/Taj_Mahal_Complex_—_Tomb/0/pictures/Taj_Mahal_in_India_-_Kristian_Bertel.jpg
Taj_Mahal,113197,0,commons/Taj_Mahal_Complex_—_Tomb/0/pictures/Taj_Mahal_in_Dusk.jpg
Taj_Mahal,113197,0,commons/Taj_Mahal_Complex_—_Tomb/0/pictures/Taj_Mahal_in_Oct_2015.jpg
Taj_Mahal,113197,0,commons/Taj_Mahal_Complex_—_Tomb/0/pictures/Taj_Mahal_in_agra.jpg
Taj_Mahal,113197,0,commons/Taj_Mahal_Complex_—_Tomb/0/pictures/Taj_Mahal_in_black_and_white.jpg
Taj_Mahal,113197,0,commons/Taj_Mahal_Complex_—_Tomb/0/pictures/Taj_Mahal_in_different_way.jpg
Taj_Mahal,113197,0,commons/Taj_Mahal_Complex_—_Tomb/0/pictures/Taj_Mahal_in_winter_05.jpg
Taj_Mahal,113197,0,commons/Taj_Mahal_Complex_—_Tomb/0/pictures/Taj_Mahal_lateral_view.jpg
Taj_Mahal,113197,0,commons/Taj_Mahal_Complex_—_Tomb/0/pictures/Taj_Mahal_in_the_last_Sun-ray.jpg
Taj_Mahal,113197,0,commons/Taj_Mahal_Complex_—_Tomb/0/pictures/Taj_Mahal_left_side_view.jpg
Taj_Mahal,113197,0,commons/Taj_Mahal_Complex_—_Tomb/0/pictures/Taj_Mahal_maashish3.JPG
Taj_Mahal,113197,0,commons/Taj_Mahal_Complex_—_Tomb/0/pictures/Taj_Mahal_maashish4.JPG
Taj_Mahal,113197,0,commons/Taj_Mahal_Complex_—_Tomb/0/pictures/Taj_Mahal_morning_glow.jpg
Taj_Mahal,113197,0,commons/Taj_Mahal_Complex_—_Tomb/0/pictures/Taj_Mahal_on_New_Year_03.jpg
Taj_Mahal,113197,0,commons/Taj_Mahal_Complex_—_Tomb/0/pictures/Taj_Mahal_on_New_Year_05.jpg
Taj_Mahal,113197,0,commons/Taj_Mahal_Complex_—_Tomb/0/pictures/Taj_Mahal_on_New_Year_04.jpg
Taj_Mahal,113197,0,commons/Taj_Mahal_Complex_—_Tomb/0/pictures/Taj_Mahal_on_New_Year_06.jpg
Taj_Mahal,113197,0,commons/Taj_Mahal_Complex_—_Tomb/0/pictures/Taj_Mahal_on_New_Year_10.jpg
Taj_Mahal,113197,0,commons/Taj_Mahal_Complex_—_Tomb/0/pictures/Taj_Mahal_on_New_Year_09.jpg
Taj_Mahal,113197,0,commons/Taj_Mahal_Complex_—_Tomb/0/pictures/Taj_Mahal_photo.jpg
Taj_Mahal,113197,0,commons/Taj_Mahal_Complex_—_Tomb/0/pictures/Taj_Mahal_p_h_o_t_O_P_M.jpg
Taj_Mahal,113197,0,commons/Taj_Mahal_Complex_—_Tomb/0/pictures/Taj_Mahal_side-BW.jpg
Taj_Mahal,113197,0,commons/Taj_Mahal_Complex_—_Tomb/0/pictures/Taj_Mahal_sideview_west.jpg
Taj_Mahal,113197,0,commons/Taj_Mahal_Complex_—_Tomb/0/pictures/Taj_Mahal_sunrise_1.jpg
Taj_Mahal,113197,0,commons/Taj_Mahal_Complex_—_Tomb/0/pictures/Taj_Mahal_the_beauty_can_not_hide.jpg
Taj_Mahal,113197,0,commons/Taj_Mahal_Complex_—_Tomb/0/pictures/Taj_Mahal_sur_la_rive_de_la_Yammuna.jpg
Taj_Mahal,113197,0,commons/Taj_Mahal_Complex_—_Tomb/0/pictures/Taj_Mahal_sunset_colour.jpg
Taj_Mahal,113197,0,commons/Taj_Mahal_Complex_—_Tomb/0/pictures/Taj_Mahal_view_13.jpg
Taj_Mahal,113197,0,commons/Taj_Mahal_Complex_—_Tomb/0/pictures/Taj_Mahal_view_from_guest_house.jpg
Taj_Mahal,113197,0,commons/Taj_Mahal_Complex_—_Tomb/0/pictures/Taj_Mahal_view6.jpg
Taj_Mahal,113197,0,commons/Taj_Mahal_Complex_—_Tomb/0/pictures/Taj_Mahal_vrtmrgmpksk_(36).jpg
Taj_Mahal,113197,0,commons/Taj_Mahal_Complex_—_Tomb/0/pictures/Taj_Mahal_vrtmrgmpksk_(39).jpg
Taj_Mahal,113197,0,commons/Taj_Mahal_Complex_—_Tomb/0/pictures/Taj_Mahal_vrtmrgmpksk_(41).jpg
Taj_Mahal,113197,0,commons/Taj_Mahal_Complex_—_Tomb/0/pictures/Taj_Mahal's_East_Lower_Facade.jpg
Taj_Mahal,113197,0,commons/Taj_Mahal_Complex_—_Tomb/0/pictures/Taj_Mahal_泰姬陵_-_panoramio_(3).jpg
Taj_Mahal,113197,0,commons/Taj_Mahal_Complex_—_Tomb/0/pictures/Taj_Mahal_vrtmrgmpksk_(75).jpg
Taj_Mahal,113197,0,"commons/Taj_Mahal_Complex_—_Tomb/0/pictures/Taj_Mahal,_Agra_-_Visit_During_WCI_2016_(13).jpg"
Taj_Mahal,113197,0,"commons/Taj_Mahal_Complex_—_Tomb/0/pictures/Taj_Mahal,_Agra_-_Visit_During_WCI_2016_(12).jpg"
Taj_Mahal,113197,0,"commons/Taj_Mahal_Complex_—_Tomb/0/pictures/Taj_Mahal,_Agra_-_Visit_During_WCI_2016_(36).jpg"
Taj_Mahal,113197,0,"commons/Taj_Mahal_Complex_—_Tomb/0/pictures/Taj_Mahal,_Agra_-_Visit_During_WCI_2016_(37).jpg"
Taj_Mahal,113197,0,"commons/Taj_Mahal_Complex_—_Tomb/0/pictures/Taj_Mahal,_Agra_-_Visit_During_WCI_2016_(47).jpg"
Taj_Mahal,113197,0,"commons/Taj_Mahal_Complex_—_Tomb/0/pictures/Taj_Mahal,_Agra_-_Visit_During_WCI_2016_(51).jpg"
Taj_Mahal,113197,0,"commons/Taj_Mahal_Complex_—_Tomb/0/pictures/Taj_Mahal,_Agra_-_Visit_During_WCI_2016_(44).jpg"
Taj_Mahal,113197,0,"commons/Taj_Mahal_Complex_—_Tomb/0/pictures/Taj_Mahal,_Agra_-_Visit_During_WCI_2016_(46).jpg"
Taj_Mahal,113197,0,"commons/Taj_Mahal_Complex_—_Tomb/0/pictures/Taj_Mahal,_Agra_-_Visit_During_WCI_2016_(53).jpg"
Taj_Mahal,113197,0,"commons/Taj_Mahal_Complex_—_Tomb/0/pictures/Taj_Mahal,_Agra_-_Visit_During_WCI_2016_(54).jpg"
Taj_Mahal,113197,0,"commons/Taj_Mahal_Complex_—_Tomb/0/pictures/Taj_Mahal,_Agra_-_Visit_During_WCI_2016_(55).jpg"
Taj_Mahal,113197,0,"commons/Taj_Mahal_Complex_—_Tomb/0/pictures/Taj_Mahal,_Agra_-_Visit_During_WCI_2016_(59).jpg"
Taj_Mahal,113197,0,"commons/Taj_Mahal_Complex_—_Tomb/0/pictures/Taj_Mahal,_Agra_-_Visit_During_WCI_2016_(58).jpg"
Taj_Mahal,113197,0,"commons/Taj_Mahal_Complex_—_Tomb/0/pictures/Taj_Mahal,_Agra_109.jpg"
Taj_Mahal,113197,0,"commons/Taj_Mahal_Complex_—_Tomb/0/pictures/Taj_Mahal,_Agra_105.jpg"
Taj_Mahal,113197,0,"commons/Taj_Mahal_Complex_—_Tomb/0/pictures/Taj_Mahal,_Agra_-_Visit_During_WCI_2016_(57).jpg"
Taj_Mahal,113197,0,"commons/Taj_Mahal_Complex_—_Tomb/0/pictures/Taj_Mahal,_Agra_111.jpg"
Taj_Mahal,113197,0,"commons/Taj_Mahal_Complex_—_Tomb/0/pictures/Taj_Mahal,_Agra_113.jpg"
Taj_Mahal,113197,0,"commons/Taj_Mahal_Complex_—_Tomb/0/pictures/Taj_Mahal,_Agra_25.jpg"
Taj_Mahal,113197,0,"commons/Taj_Mahal_Complex_—_Tomb/0/pictures/Taj_Mahal,_Agra_24.jpg"
Taj_Mahal,113197,0,"commons/Taj_Mahal_Complex_—_Tomb/0/pictures/Taj_Mahal,_Agra_116.jpg"
Taj_Mahal,113197,0,"commons/Taj_Mahal_Complex_—_Tomb/0/pictures/Taj_Mahal,_Agra_28.jpg"
Taj_Mahal,113197,0,"commons/Taj_Mahal_Complex_—_Tomb/0/pictures/Taj_Mahal,_Agra_32.jpg"
Taj_Mahal,113197,0,"commons/Taj_Mahal_Complex_—_Tomb/0/pictures/Taj_Mahal,_Agra_37.jpg"
Taj_Mahal,113197,0,"commons/Taj_Mahal_Complex_—_Tomb/0/pictures/Taj_Mahal,_Agra_52.jpg"
Taj_Mahal,113197,0,"commons/Taj_Mahal_Complex_—_Tomb/0/pictures/Taj_Mahal,_Agra_51.jpg"
Taj_Mahal,113197,0,"commons/Taj_Mahal_Complex_—_Tomb/0/pictures/Taj_Mahal,_Agra_46.jpg"
Taj_Mahal,113197,0,"commons/Taj_Mahal_Complex_—_Tomb/0/pictures/Taj_Mahal,_Agra_56.jpg"
Taj_Mahal,113197,0,"commons/Taj_Mahal_Complex_—_Tomb/0/pictures/Taj_Mahal,_Agra_58.jpg"
Taj_Mahal,113197,0,"commons/Taj_Mahal_Complex_—_Tomb/0/pictures/Taj_Mahal,_Agra_64.jpg"
Taj_Mahal,113197,0,"commons/Taj_Mahal_Complex_—_Tomb/0/pictures/Taj_Mahal,_Agra_65.jpg"
Taj_Mahal,113197,0,"commons/Taj_Mahal_Complex_—_Tomb/0/pictures/Taj_Mahal,_Agra_78.jpg"
Taj_Mahal,113197,0,"commons/Taj_Mahal_Complex_—_Tomb/0/pictures/Taj_Mahal,_Agra_82.jpg"
Taj_Mahal,113197,0,"commons/Taj_Mahal_Complex_—_Tomb/0/pictures/Taj_Mahal,_Agra_83.jpg"
Taj_Mahal,113197,0,"commons/Taj_Mahal_Complex_—_Tomb/0/pictures/Taj_Mahal,_Agra_86.jpg"
Taj_Mahal,113197,0,"commons/Taj_Mahal_Complex_—_Tomb/0/pictures/Taj_Mahal,_Agra_85.jpg"
Taj_Mahal,113197,0,"commons/Taj_Mahal_Complex_—_Tomb/0/pictures/Taj_Mahal,_Agra_84.jpg"
Taj_Mahal,113197,0,"commons/Taj_Mahal_Complex_—_Tomb/0/pictures/Taj_Mahal,_Agra_90.jpg"
Taj_Mahal,113197,0,"commons/Taj_Mahal_Complex_—_Tomb/0/pictures/Taj_Mahal,_Agra_India.jpg"
Taj_Mahal,113197,0,"commons/Taj_Mahal_Complex_—_Tomb/0/pictures/Taj_Mahal,_Agra_trip.jpg"
Taj_Mahal,113197,0,"commons/Taj_Mahal_Complex_—_Tomb/0/pictures/Taj_Mahal,_Agra_views_from_around_(74).JPG"
Taj_Mahal,113197,0,"commons/Taj_Mahal_Complex_—_Tomb/0/pictures/Taj_Mahal,_Agra_views_from_around_(80).JPG"
Taj_Mahal,113197,0,"commons/Taj_Mahal_Complex_—_Tomb/0/pictures/Taj_Mahal,_Agra_views_from_around_(81).JPG"
Taj_Mahal,113197,0,"commons/Taj_Mahal_Complex_—_Tomb/0/pictures/Taj_Mahal,_Agra,_India_(21002742778).jpg"
Taj_Mahal,113197,0,"commons/Taj_Mahal_Complex_—_Tomb/0/pictures/Taj_Mahal,_Agra,_India_(21003943059).jpg"
Taj_Mahal,113197,0,"commons/Taj_Mahal_Complex_—_Tomb/0/pictures/Taj_Mahal,_Agra,_India_(21003919989).jpg"
Taj_Mahal,113197,0,"commons/Taj_Mahal_Complex_—_Tomb/0/pictures/Taj_Mahal,_Agra,_India_(21003829709).jpg"
Taj_Mahal,113197,0,"commons/Taj_Mahal_Complex_—_Tomb/0/pictures/Taj_Mahal,_Agra,_India_(21164491516).jpg"
Taj_Mahal,113197,0,"commons/Taj_Mahal_Complex_—_Tomb/0/pictures/Taj_Mahal,_Agra,_India_(21180397972).jpg"
Taj_Mahal,113197,0,"commons/Taj_Mahal_Complex_—_Tomb/0/pictures/Taj_Mahal,_Agra,_India_(21190619375).jpg"
Taj_Mahal,113197,0,"commons/Taj_Mahal_Complex_—_Tomb/0/pictures/Taj_Mahal,_Agra,_India_2.jpg"
Taj_Mahal,113197,0,"commons/Taj_Mahal_Complex_—_Tomb/0/pictures/Taj_Mahal,_Agra,_India_4.jpg"
Taj_Mahal,113197,0,"commons/Taj_Mahal_Complex_—_Tomb/0/pictures/Taj_Mahal,_Agra,_India_By_Kala_Kalwanu_Arts.jpg"
Taj_Mahal,113197,0,"commons/Taj_Mahal_Complex_—_Tomb/0/pictures/Taj_Mahal,_Agra,_India....JPG"
Taj_Mahal,113197,0,"commons/Taj_Mahal_Complex_—_Tomb/0/pictures/Taj_Mahal,_Agra,_UP,_India,_Rare_Pic.jpg"
Taj_Mahal,113197,0,"commons/Taj_Mahal_Complex_—_Tomb/0/pictures/Taj_Mahal,_Agra,_Uttar_Pradesh_hs-113.jpg"
Taj_Mahal,113197,0,"commons/Taj_Mahal_Complex_—_Tomb/0/pictures/Taj_Mahal,_Agra,_Uttar_Pradesh_hs-117.jpg"
Taj_Mahal,113197,0,"commons/Taj_Mahal_Complex_—_Tomb/0/pictures/Taj_Mahal,_Agra,_Uttar_Pradesh_hs-120.jpg"
Taj_Mahal,113197,0,"commons/Taj_Mahal_Complex_—_Tomb/0/pictures/Taj_Mahal,_Agra,_Uttar_Pradesh_hs-121.jpg"
Taj_Mahal,113197,0,"commons/Taj_Mahal_Complex_—_Tomb/0/pictures/Taj_Mahal,_Agra,_Uttar_Pradesh_hs-124.jpg"
Taj_Mahal,113197,0,"commons/Taj_Mahal_Complex_—_Tomb/0/pictures/Taj_Mahal,_Agra,_Uttar_Pradesh_hs-18.jpg"
Taj_Mahal,113197,0,"commons/Taj_Mahal_Complex_—_Tomb/0/pictures/Taj_Mahal,_Agra,_Uttar_Pradesh_hs-31.jpg"
Taj_Mahal,113197,0,"commons/Taj_Mahal_Complex_—_Tomb/0/pictures/Taj_Mahal,_Agra,_Uttar_Pradesh_hs-32.jpg"
Taj_Mahal,113197,0,"commons/Taj_Mahal_Complex_—_Tomb/0/pictures/Taj_Mahal,_Agra,_Uttar_Pradesh_hs-35.jpg"
Taj_Mahal,113197,0,"commons/Taj_Mahal_Complex_—_Tomb/0/pictures/Taj_Mahal,_Agra,_Uttar_Pradesh_hs-37.jpg"
Taj_Mahal,113197,0,"commons/Taj_Mahal_Complex_—_Tomb/0/pictures/Taj_Mahal,_Agra,_Uttar_Pradesh_hs-39.jpg"
Taj_Mahal,113197,0,"commons/Taj_Mahal_Complex_—_Tomb/0/pictures/Taj_Mahal,_Agra,_Uttar_Pradesh_hs-58.jpg"
Taj_Mahal,113197,0,"commons/Taj_Mahal_Complex_—_Tomb/0/pictures/Taj_Mahal,_Agra,_Uttar_Pradesh_hs-53.jpg"
Taj_Mahal,113197,0,"commons/Taj_Mahal_Complex_—_Tomb/0/pictures/Taj_Mahal,_Agra,_Uttar_Pradesh_hs-44.jpg"
Taj_Mahal,113197,0,"commons/Taj_Mahal_Complex_—_Tomb/0/pictures/Taj_Mahal,_Agra,_Uttar_Pradesh_hs-63.jpg"
Taj_Mahal,113197,0,"commons/Taj_Mahal_Complex_—_Tomb/0/pictures/Taj_Mahal,_Agra,_Uttar_Pradesh_hs-7.jpg"
Taj_Mahal,113197,0,"commons/Taj_Mahal_Complex_—_Tomb/0/pictures/Taj_Mahal,_Agra,_Uttar_Pradesh_hs-59.jpg"
Taj_Mahal,113197,0,"commons/Taj_Mahal_Complex_—_Tomb/0/pictures/Taj_Mahal,_Agra,_Uttar_Pradesh_hs-81.jpg"
Taj_Mahal,113197,0,"commons/Taj_Mahal_Complex_—_Tomb/0/pictures/Taj_Mahal,_Agra,_Uttar_Pradesh_hs-90.jpg"
Taj_Mahal,113197,0,"commons/Taj_Mahal_Complex_—_Tomb/0/pictures/Taj_Mahal,_Agra,_Uttar_Pradesh_hs-91.jpg"
Taj_Mahal,113197,0,"commons/Taj_Mahal_Complex_—_Tomb/0/pictures/Taj_Mahal,_Agra,_Uttar_Pradesh_hs-92.jpg"
Taj_Mahal,113197,0,"commons/Taj_Mahal_Complex_—_Tomb/0/pictures/Taj_Mahal,_Agra,_Uttar_Pradesh_hs-93.jpg"
Taj_Mahal,113197,0,"commons/Taj_Mahal_Complex_—_Tomb/0/pictures/Taj_Mahal,_Agra,_Uttar_Pradesh_hs-94.jpg"
Taj_Mahal,113197,0,"commons/Taj_Mahal_Complex_—_Tomb/0/pictures/Taj_Mahal,_Agra,_Uttar_Pradesh_s-31.jpg"
Taj_Mahal,113197,0,"commons/Taj_Mahal_Complex_—_Tomb/0/pictures/Taj_Mahal,_Agra,_Uttar_Pradesh_s-35.jpg"
Taj_Mahal,113197,0,"commons/Taj_Mahal_Complex_—_Tomb/0/pictures/Taj_Mahal,_Agra,_Uttar_Pradesh_s-37.jpg"
Taj_Mahal,113197,0,"commons/Taj_Mahal_Complex_—_Tomb/0/pictures/Taj_Mahal,_Agra,_Uttar_Pradesh_s-45.jpg"
Taj_Mahal,113197,0,"commons/Taj_Mahal_Complex_—_Tomb/0/pictures/Taj_Mahal,_Agra,_Uttar_Pradesh_s-44.jpg"
Taj_Mahal,113197,0,"commons/Taj_Mahal_Complex_—_Tomb/0/pictures/Taj_Mahal,_Agra,_Uttar_Pradesh_s-53.jpg"
Taj_Mahal,113197,0,"commons/Taj_Mahal_Complex_—_Tomb/0/pictures/Taj_Mahal,_Agra,_Uttar_Pradesh_s-39.jpg"
Taj_Mahal,113197,0,"commons/Taj_Mahal_Complex_—_Tomb/0/pictures/Taj_Mahal,_Agra,_Uttar_Pradesh_s-46.jpg"
Taj_Mahal,113197,0,"commons/Taj_Mahal_Complex_—_Tomb/0/pictures/Taj_Mahal,_Agra,_Uttar_Pradesh_s-59.jpg"
Taj_Mahal,113197,0,"commons/Taj_Mahal_Complex_—_Tomb/0/pictures/Taj_Mahal,_Agra,_Uttar_Pradesh_s-7.jpg"
Taj_Mahal,113197,0,"commons/Taj_Mahal_Complex_—_Tomb/0/pictures/Taj_Mahal,_Agra,_Uttar_Pradesh_s-6.jpg"
Taj_Mahal,113197,0,"commons/Taj_Mahal_Complex_—_Tomb/0/pictures/Taj_Mahal,_Agra,_Uttar_Pradesh_s-72.jpg"
Taj_Mahal,113197,0,"commons/Taj_Mahal_Complex_—_Tomb/0/pictures/Taj_Mahal,_Agra,_Uttar_Pradesh_s-63.jpg"
Taj_Mahal,113197,0,"commons/Taj_Mahal_Complex_—_Tomb/0/pictures/Taj_Mahal,_Agra,_Uttar_Pradesh_s-66.jpg"
Taj_Mahal,113197,0,"commons/Taj_Mahal_Complex_—_Tomb/0/pictures/Taj_Mahal,_Agra,_Uttar_Pradesh_s-81.jpg"
Taj_Mahal,113197,0,"commons/Taj_Mahal_Complex_—_Tomb/0/pictures/Taj_Mahal,_Agra,_Uttar_Pradesh_s-86.jpg"
Taj_Mahal,113197,0,"commons/Taj_Mahal_Complex_—_Tomb/0/pictures/Taj_Mahal,_Agra,_Uttar_Pradesh_s-90.jpg"
Taj_Mahal,113197,0,"commons/Taj_Mahal_Complex_—_Tomb/0/pictures/Taj_Mahal,_Agra,_Uttar_Pradesh_s-91.jpg"
Taj_Mahal,113197,0,"commons/Taj_Mahal_Complex_—_Tomb/0/pictures/Taj_Mahal,_Agra,_Uttar_Pradesh_s-95.jpg"
Taj_Mahal,113197,0,"commons/Taj_Mahal_Complex_—_Tomb/0/pictures/Taj_Mahal,_Agra,_Uttar_Pradesh_s-98.jpg"
Taj_Mahal,113197,0,"commons/Taj_Mahal_Complex_—_Tomb/0/pictures/Taj_Mahal,_Agra,_Uttar_Pradesh_s-93.jpg"
Taj_Mahal,113197,0,"commons/Taj_Mahal_Complex_—_Tomb/0/pictures/Taj_Mahal,_Agra,_Uttar_Pradesh_te-117.jpg"
Taj_Mahal,113197,0,"commons/Taj_Mahal_Complex_—_Tomb/0/pictures/Taj_Mahal,_Agra,_Uttar_Pradesh_te-113.jpg"
Taj_Mahal,113197,0,"commons/Taj_Mahal_Complex_—_Tomb/0/pictures/Taj_Mahal,_Agra,_Uttar_Pradesh_te-120.jpg"
Taj_Mahal,113197,0,"commons/Taj_Mahal_Complex_—_Tomb/0/pictures/Taj_Mahal,_Agra,_Uttar_Pradesh_te-121.jpg"
Taj_Mahal,113197,0,"commons/Taj_Mahal_Complex_—_Tomb/0/pictures/Taj_Mahal,_Agra,_Uttar_Pradesh_te-124.jpg"
Taj_Mahal,113197,0,"commons/Taj_Mahal_Complex_—_Tomb/0/pictures/Taj_Mahal,_Agra,_Uttar_Pradesh_te-94.jpg"
Taj_Mahal,113197,0,"commons/Taj_Mahal_Complex_—_Tomb/0/pictures/Taj_Mahal,_Agra,_Uttar_Pradesh_te-95.jpg"
Taj_Mahal,113197,0,"commons/Taj_Mahal_Complex_—_Tomb/0/pictures/Taj_Mahal,_Agra,_Uttar_Pradesh_vi-18.jpg"
Taj_Mahal,113197,0,"commons/Taj_Mahal_Complex_—_Tomb/0/pictures/Taj_Mahal,_Agra,_Uttar_Pradesh_vi-39.jpg"
Taj_Mahal,113197,0,"commons/Taj_Mahal_Complex_—_Tomb/0/pictures/Taj_Mahal,_Agra,_Uttar_Pradesh_vi-31.jpg"
Taj_Mahal,113197,0,"commons/Taj_Mahal_Complex_—_Tomb/0/pictures/Taj_Mahal,_Agra,_Uttar_Pradesh_vi-63.jpg"
Taj_Mahal,113197,0,"commons/Taj_Mahal_Complex_—_Tomb/0/pictures/Taj_Mahal,_Agra,_Uttar_Pradesh_vi-66.jpg"
Taj_Mahal,113197,0,"commons/Taj_Mahal_Complex_—_Tomb/0/pictures/Taj_Mahal,_Agra,_Uttar_Pradesh_vi-58.jpg"
Taj_Mahal,113197,0,"commons/Taj_Mahal_Complex_—_Tomb/0/pictures/Taj_Mahal,_Agra,_Uttar_Pradesh,_India_-_ताज_महल,_आगरा,_उत्तर_प्रदेश,_भारत_(10226505733).jpg"
Taj_Mahal,113197,0,"commons/Taj_Mahal_Complex_—_Tomb/0/pictures/Taj_Mahal,_Agra,_Uttar_Pradesh_vi-7.jpg"
Taj_Mahal,113197,0,"commons/Taj_Mahal_Complex_—_Tomb/0/pictures/Taj_Mahal,_Agra._INDIA._-_panoramio.jpg"
Taj_Mahal,113197,0,"commons/Taj_Mahal_Complex_—_Tomb/0/pictures/Taj_Mahal,_Agra,_Uttar_Pradesh_vi-6.jpg"
Taj_Mahal,113197,0,"commons/Taj_Mahal_Complex_—_Tomb/0/pictures/Taj_Mahal,_Agra.jpeg"
Taj_Mahal,113197,0,"commons/Taj_Mahal_Complex_—_Tomb/0/pictures/Taj_Mahal,_Agra;_Uttar_Pradesh.jpg"
Taj_Mahal,113197,0,"commons/Taj_Mahal_Complex_—_Tomb/0/pictures/Taj_Mahal,_Iconic_view,_Agra,_India.jpg"
Taj_Mahal,113197,0,"commons/Taj_Mahal_Complex_—_Tomb/0/pictures/Taj_Mahal,_India_(149127845).jpg"
Taj_Mahal,113197,0,"commons/Taj_Mahal_Complex_—_Tomb/0/pictures/Taj_Mahal,_India_(149128213).jpg"
Taj_Mahal,113197,0,"commons/Taj_Mahal_Complex_—_Tomb/0/pictures/Taj_Mahal,_India_(149128363).jpg"
Taj_Mahal,113197,0,"commons/Taj_Mahal_Complex_—_Tomb/0/pictures/Taj_Mahal,_One_of_the_Wonders.jpg"
Taj_Mahal,113197,0,"commons/Taj_Mahal_Complex_—_Tomb/0/pictures/Taj_Mahal,Agra,India_03.jpg"
Taj_Mahal,113197,0,"commons/Taj_Mahal_Complex_—_Tomb/0/pictures/Taj_Mahal,Agra,India_02.jpg"
Taj_Mahal,113197,0,"commons/Taj_Mahal_Complex_—_Tomb/0/pictures/Taj_Mahal,Agra,India_04.jpg"
Taj_Mahal,113197,0,"commons/Taj_Mahal_Complex_—_Tomb/0/pictures/Taj_Mahal,_side_view.jpg"
Taj_Mahal,113197,0,"commons/Taj_Mahal_Complex_—_Tomb/0/pictures/Taj_Mahal,The_new_angle.jpg"
Taj_Mahal,113197,0,commons/Taj_Mahal_Complex_—_Tomb/0/pictures/Taj_Mahal-_Vehement_Display_of_Love.jpg
Taj_Mahal,113197,0,commons/Taj_Mahal_Complex_—_Tomb/0/pictures/Taj_Mahal-Agra-Uttar_Pradesh_-_001.jpg
Taj_Mahal,113197,0,commons/Taj_Mahal_Complex_—_Tomb/0/pictures/Taj_Mahal-Agra-Uttar_Pradesh_-_005.jpg
Taj_Mahal,113197,0,commons/Taj_Mahal_Complex_—_Tomb/0/pictures/Taj_Mahal-Agra-Uttar_Pradesh-DSC0234.jpg
Taj_Mahal,113197,0,commons/Taj_Mahal_Complex_—_Tomb/0/pictures/Taj_Mahal-Agra-Uttar_Pradesh-DCS00786.jpg
Taj_Mahal,113197,0,commons/Taj_Mahal_Complex_—_Tomb/0/pictures/Taj_Mahal-Agra-Uttar_Pradesh-IMG_001.jpg
Taj_Mahal,113197,0,commons/Taj_Mahal_Complex_—_Tomb/0/pictures/Taj_Mahal-Agra-Uttar_Pradesh_-_006.jpg
Taj_Mahal,113197,0,commons/Taj_Mahal_Complex_—_Tomb/0/pictures/Taj_Mahal-from-a-different-perspective.jpg
Taj_Mahal,113197,0,commons/Taj_Mahal_Complex_—_Tomb/0/pictures/Taj_Mahal-People_relaxing_-Agra-_Uttar_Pradesh-_IMG_001.jpg
Taj_Mahal,113197,0,commons/Taj_Mahal_Complex_—_Tomb/0/pictures/Taj_Mahal._Pixabay_3578009.jpg
Taj_Mahal,113197,0,commons/Taj_Mahal_Complex_—_Tomb/0/pictures/Taj_Mahal.._Pride_of_India.jpg
Taj_Mahal,113197,0,"commons/Taj_Mahal_Complex_—_Tomb/0/pictures/Taj_Mahal._Agra,_India_(23286569780).jpg"
Taj_Mahal,113197,0,commons/Taj_Mahal_Complex_—_Tomb/0/pictures/Taj_Mahal3.JPG
Taj_Mahal,113197,0,commons/Taj_Mahal_Complex_—_Tomb/0/pictures/Taj_Mahal.k1.jpg
Taj_Mahal,113197,0,commons/Taj_Mahal_Complex_—_Tomb/0/pictures/Taj_Mahal4.ae.jpg
Taj_Mahal,113197,0,commons/Taj_Mahal_Complex_—_Tomb/0/pictures/Taj_Mahal;_Ever_wonder_of_the_World.jpg
Taj_Mahal,113197,0,commons/Taj_Mahal_Complex_—_Tomb/0/pictures/Taj_The_Brick_Fairy.jpg
Taj_Mahal,113197,0,commons/Taj_Mahal_Complex_—_Tomb/0/pictures/Taj_Mahel_2019.jpg
Taj_Mahal,113197,0,commons/Taj_Mahal_Complex_—_Tomb/0/pictures/Taj_One_of_the_Precious_Wonders_HDR.jpg
Taj_Mahal,113197,0,commons/Taj_Mahal_Complex_—_Tomb/0/pictures/Taj_The_marble_wonder.jpg
Taj_Mahal,113197,0,commons/Taj_Mahal_Complex_—_Tomb/0/pictures/Taj_and_SKY.jpg
Taj_Mahal,113197,0,commons/Taj_Mahal_Complex_—_Tomb/0/pictures/Taj_The_mausoleum_of_Love.jpg
Taj_Mahal,113197,0,commons/Taj_Mahal_Complex_—_Tomb/0/pictures/Taj_Up_Close.jpg
Taj_Mahal,113197,0,commons/Taj_Mahal_Complex_—_Tomb/0/pictures/Taj_as_seen_from_the_main_gate.JPG
Taj_Mahal,113197,0,commons/Taj_Mahal_Complex_—_Tomb/0/pictures/Taj_at_11a.m.jpg
Taj_Mahal,113197,0,commons/Taj_Mahal_Complex_—_Tomb/0/pictures/Taj_behind_woods.jpg
Taj_Mahal,113197,0,commons/Taj_Mahal_Complex_—_Tomb/0/pictures/Taj_from_its_left.jpg
Taj_Mahal,113197,0,commons/Taj_Mahal_Complex_—_Tomb/0/pictures/Taj_from_different_angel.jpg
Taj_Mahal,113197,0,commons/Taj_Mahal_Complex_—_Tomb/0/pictures/Taj_from_the_entrance.jpg
Taj_Mahal,113197,0,commons/Taj_Mahal_Complex_—_Tomb/0/pictures/Taj_in_Noon.jpg
Taj_Mahal,113197,0,commons/Taj_Mahal_Complex_—_Tomb/0/pictures/Taj_in_close-up.jpg
Taj_Mahal,113197,0,commons/Taj_Mahal_Complex_—_Tomb/0/pictures/Taj_in_moon_light.jpg
Taj_Mahal,113197,0,commons/Taj_Mahal_Complex_—_Tomb/0/pictures/Taj_mahal_-_a_bird's_eye_view.jpg
Taj_Mahal,113197,0,commons/Taj_Mahal_Complex_—_Tomb/0/pictures/Taj_mahal_artwork.jpg
Taj_Mahal,113197,0,commons/Taj_Mahal_Complex_—_Tomb/0/pictures/Taj_mahal_architecture.jpg
Taj_Mahal,113197,0,commons/Taj_Mahal_Complex_—_Tomb/0/pictures/Taj_mahal_afternoon_picture2.jpg
Taj_Mahal,113197,0,commons/Taj_Mahal_Complex_—_Tomb/0/pictures/Taj_mahal_cascade_view.jpg
Taj_Mahal,113197,0,commons/Taj_Mahal_Complex_—_Tomb/0/pictures/Taj_mahal_close.jpg
Taj_Mahal,113197,0,commons/Taj_Mahal_Complex_—_Tomb/0/pictures/Taj_mahal_dist.jpg
Taj_Mahal,113197,0,commons/Taj_Mahal_Complex_—_Tomb/0/pictures/Taj_mahal_evening_view.jpg
Taj_Mahal,113197,0,commons/Taj_Mahal_Complex_—_Tomb/0/pictures/Taj_mahal_close_view_1may16.jpg
Taj_Mahal,113197,0,commons/Taj_Mahal_Complex_—_Tomb/0/pictures/Taj_mahal_from_distance.jpg
Taj_Mahal,113197,0,commons/Taj_Mahal_Complex_—_Tomb/0/pictures/Taj_mahal_base.jpg
Taj_Mahal,113197,0,commons/Taj_Mahal_Complex_—_Tomb/0/pictures/Taj_mahal_in_evening_lights.jpg
Taj_Mahal,113197,0,commons/Taj_Mahal_Complex_—_Tomb/0/pictures/Taj_mahal_grounds_different_angle_view.jpg
Taj_Mahal,113197,0,commons/Taj_Mahal_Complex_—_Tomb/0/pictures/Taj_mahal_ne.jpg
Taj_Mahal,113197,0,commons/Taj_Mahal_Complex_—_Tomb/0/pictures/Taj_mahal_outer_1.jpg
Taj_Mahal,113197,0,commons/Taj_Mahal_Complex_—_Tomb/0/pictures/Taj_mahal_outer.jpg
Taj_Mahal,113197,0,commons/Taj_Mahal_Complex_—_Tomb/0/pictures/Taj_mahal_p11.jpg
Taj_Mahal,113197,0,commons/Taj_Mahal_Complex_—_Tomb/0/pictures/Taj_mahal_p7.jpg
Taj_Mahal,113197,0,commons/Taj_Mahal_Complex_—_Tomb/0/pictures/Taj_mahal_p1.jpg
Taj_Mahal,113197,0,commons/Taj_Mahal_Complex_—_Tomb/0/pictures/Taj_mahal_p10.jpg
Taj_Mahal,113197,0,commons/Taj_Mahal_Complex_—_Tomb/0/pictures/Taj_mahal_p8.jpg
Taj_Mahal,113197,0,commons/Taj_Mahal_Complex_—_Tomb/0/pictures/Taj_mahal_viewed_from_side.jpg
Taj_Mahal,113197,0,commons/Taj_Mahal_Complex_—_Tomb/0/pictures/Taj_mahal_the_white_monument.jpg
Taj_Mahal,113197,0,commons/Taj_Mahal_Complex_—_Tomb/0/pictures/Taj_mahal_with_all_its_splendor.jpg
Taj_Mahal,113197,0,"commons/Taj_Mahal_Complex_—_Tomb/0/pictures/Taj_mahal,agra_101.jpg"
Taj_Mahal,113197,0,commons/Taj_Mahal_Complex_—_Tomb/0/pictures/Taj_mahal.pgm.jpg
Taj_Mahal,113197,0,commons/Taj_Mahal_Complex_—_Tomb/0/pictures/Taj_mahal-agra.jpg
Taj_Mahal,113197,0,commons/Taj_Mahal_Complex_—_Tomb/0/pictures/Taj_the_Symbol_of_Love.jpg
Taj_Mahal,113197,0,commons/Taj_Mahal_Complex_—_Tomb/0/pictures/Taj_the_magic_of_marbel.jpg
Taj_Mahal,113197,0,commons/Taj_Mahal_Complex_—_Tomb/0/pictures/Taj_under_the_evening_light.jpg
Taj_Mahal,113197,0,commons/Taj_Mahal_Complex_—_Tomb/0/pictures/Taj_within_taj.jpg
Taj_Mahal,113197,0,commons/Taj_Mahal_Complex_—_Tomb/0/pictures/Taj-mahal3.jpg
Taj_Mahal,113197,0,commons/Taj_Mahal_Complex_—_Tomb/0/pictures/Taj-low.jpg
Taj_Mahal,113197,0,commons/Taj_Mahal_Complex_—_Tomb/0/pictures/Taj.V.4.jpg
Taj_Mahal,113197,0,commons/Taj_Mahal_Complex_—_Tomb/0/pictures/Taj123.jpg
Taj_Mahal,113197,0,commons/Taj_Mahal_Complex_—_Tomb/0/pictures/TajByManjari.jpg
Taj_Mahal,113197,0,commons/Taj_Mahal_Complex_—_Tomb/0/pictures/Taj121.jpg
Taj_Mahal,113197,0,commons/Taj_Mahal_Complex_—_Tomb/0/pictures/TajFromMasjid.jpg
Taj_Mahal,113197,0,commons/Taj_Mahal_Complex_—_Tomb/0/pictures/TajFramed_ST_10.JPG
Taj_Mahal,113197,0,commons/Taj_Mahal_Complex_—_Tomb/0/pictures/TajMahal_August_8.jpg
Taj_Mahal,113197,0,commons/Taj_Mahal_Complex_—_Tomb/0/pictures/TajMahal_on_a_monsoon_morning.jpg
Taj_Mahal,113197,0,commons/Taj_Mahal_Complex_—_Tomb/0/pictures/TajMahal_diff_angle.jpg
Taj_Mahal,113197,0,"commons/Taj_Mahal_Complex_—_Tomb/0/pictures/TajMahal,_India.jpg"
Taj_Mahal,113197,0,commons/Taj_Mahal_Complex_—_Tomb/0/pictures/TajMahal20181118_121928.jpg
Taj_Mahal,113197,0,commons/Taj_Mahal_Complex_—_Tomb/0/pictures/TajMahal4.JPG
Taj_Mahal,113197,0,commons/Taj_Mahal_Complex_—_Tomb/0/pictures/TajMahalsBeauty.jpg
Taj_Mahal,113197,0,commons/Taj_Mahal_Complex_—_Tomb/0/pictures/Tajmah1.JPG
Taj_Mahal,113197,0,commons/Taj_Mahal_Complex_—_Tomb/0/pictures/Tajmah45.JPG
Taj_Mahal,113197,0,commons/Taj_Mahal_Complex_—_Tomb/0/pictures/Tajmahal_(side_view_2).jpg
Taj_Mahal,113197,0,commons/Taj_Mahal_Complex_—_Tomb/0/pictures/Tajmahal_(side_view_3).jpg
Taj_Mahal,113197,0,commons/Taj_Mahal_Complex_—_Tomb/0/pictures/Tajmahal_(side_view).jpg
Taj_Mahal,113197,0,commons/Taj_Mahal_Complex_—_Tomb/0/pictures/Tajmahal_-_panoramio.jpg
Taj_Mahal,113197,0,commons/Taj_Mahal_Complex_—_Tomb/0/pictures/Tajmahal_Cloud.jpg
Taj_Mahal,113197,0,commons/Taj_Mahal_Complex_—_Tomb/0/pictures/Tajmahal_Full.jpg
Taj_Mahal,113197,0,commons/Taj_Mahal_Complex_—_Tomb/0/pictures/Tajmahal_View_-_panoramio_(2).jpg
Taj_Mahal,113197,0,commons/Taj_Mahal_Complex_—_Tomb/0/pictures/Tajmahal_View_-_panoramio.jpg
Taj_Mahal,113197,0,commons/Taj_Mahal_Complex_—_Tomb/0/pictures/Tajmahal_agra_(5).jpg
Taj_Mahal,113197,0,commons/Taj_Mahal_Complex_—_Tomb/0/pictures/Tajmahal_from_bottom.jpg
Taj_Mahal,113197,0,commons/Taj_Mahal_Complex_—_Tomb/0/pictures/Tajmahal_left_side_pic.jpg
Taj_Mahal,113197,0,commons/Taj_Mahal_Complex_—_Tomb/0/pictures/Tajmahal_restoration.jpg
Taj_Mahal,113197,0,commons/Taj_Mahal_Complex_—_Tomb/0/pictures/Tajmahal_mumtaz_love.jpg
Taj_Mahal,113197,0,commons/Taj_Mahal_Complex_—_Tomb/0/pictures/Tajmahal_mfk.jpg
Taj_Mahal,113197,0,commons/Taj_Mahal_Complex_—_Tomb/0/pictures/Tajmahal_side_view_Mausoleum_in_Agra.jpg
Taj_Mahal,113197,0,commons/Taj_Mahal_Complex_—_Tomb/0/pictures/Tajmahal_sideshot.jpg
Taj_Mahal,113197,0,commons/Taj_Mahal_Complex_—_Tomb/0/pictures/Tajmahal_side_wall.jpg
Taj_Mahal,113197,0,commons/Taj_Mahal_Complex_—_Tomb/0/pictures/Tajmahal_t016.jpg
Taj_Mahal,113197,0,commons/Taj_Mahal_Complex_—_Tomb/0/pictures/Tajmahal_swarna.jpg
Taj_Mahal,113197,0,commons/Taj_Mahal_Complex_—_Tomb/0/pictures/Tajmahal_view_from_entrance_gate_Mausoleum_in_Agra_4.jpg
Taj_Mahal,113197,0,commons/Taj_Mahal_Complex_—_Tomb/0/pictures/Tajmahal_with_1_minar.jpg
Taj_Mahal,113197,0,commons/Taj_Mahal_Complex_—_Tomb/0/pictures/Tajmahal-1.jpg
Taj_Mahal,113197,0,commons/Taj_Mahal_Complex_—_Tomb/0/pictures/Tajmahal1_AbinayaPalanichamy.jpg
Taj_Mahal,113197,0,commons/Taj_Mahal_Complex_—_Tomb/0/pictures/Tajmahal-_the_gateway.jpg
Taj_Mahal,113197,0,commons/Taj_Mahal_Complex_—_Tomb/0/pictures/Tajmahal_with_out_towers.jpg
Taj_Mahal,113197,0,commons/Taj_Mahal_Complex_—_Tomb/0/pictures/Tajmahal.jpg
Taj_Mahal,113197,0,commons/Taj_Mahal_Complex_—_Tomb/0/pictures/Tajmahalmosque.jpg
Taj_Mahal,113197,0,commons/Taj_Mahal_Complex_—_Tomb/0/pictures/Tajpart3.jpg
Taj_Mahal,113197,0,commons/Taj_Mahal_Complex_—_Tomb/0/pictures/Tajpart1.jpg
Taj_Mahal,113197,0,commons/Taj_Mahal_Complex_—_Tomb/0/pictures/Tajspecial.jpg
Taj_Mahal,113197,0,commons/Taj_Mahal_Complex_—_Tomb/0/pictures/The_Amazing_Taj.jpg
Taj_Mahal,113197,0,commons/Taj_Mahal_Complex_—_Tomb/0/pictures/The_Beautiful_Taj_with_my_Eyes!.jpg
Taj_Mahal,113197,0,commons/Taj_Mahal_Complex_—_Tomb/0/pictures/The_Crown_of_the_Mahals.jpg
Taj_Mahal,113197,0,commons/Taj_Mahal_Complex_—_Tomb/0/pictures/The_First_Rays_on_taj.jpg
Taj_Mahal,113197,0,commons/Taj_Mahal_Complex_—_Tomb/0/pictures/The_Inimitable_Taj_(5581425422).jpg
Taj_Mahal,113197,0,commons/Taj_Mahal_Complex_—_Tomb/0/pictures/The_Grand_Taj_Mahal.jpg
Taj_Mahal,113197,0,commons/Taj_Mahal_Complex_—_Tomb/0/pictures/The_Monuments_Of_Northern_India_05.jpg
Taj_Mahal,113197,0,commons/Taj_Mahal_Complex_—_Tomb/0/pictures/The_GREAT_TAJMAHAL_VIEW_FROM_ENTRANCE_02.jpg
Taj_Mahal,113197,0,commons/Taj_Mahal_Complex_—_Tomb/0/pictures/The_TaJ.jpg
Taj_Mahal,113197,0,commons/Taj_Mahal_Complex_—_Tomb/0/pictures/The_Taj_.jpg
Taj_Mahal,113197,0,commons/Taj_Mahal_Complex_—_Tomb/0/pictures/The_Taj_Mahal_(6284614535).jpg
Taj_Mahal,113197,0,"commons/Taj_Mahal_Complex_—_Tomb/0/pictures/The_Taj_Mahal_(one_of_the_seven_wonders_of_the_world),_Agra.jpg"
Taj_Mahal,113197,0,commons/Taj_Mahal_Complex_—_Tomb/0/pictures/The_Taj_Mahal_-a_closer_look.jpg
Taj_Mahal,113197,0,commons/Taj_Mahal_Complex_—_Tomb/0/pictures/The_Taj_Mahal_00op.jpg
Taj_Mahal,113197,0,commons/Taj_Mahal_Complex_—_Tomb/0/pictures/The_Taj_Mahal_1.jpg
Taj_Mahal,113197,0,commons/Taj_Mahal_Complex_—_Tomb/0/pictures/The_Taj_Mahal_1010.jpg
Taj_Mahal,113197,0,commons/Taj_Mahal_Complex_—_Tomb/0/pictures/The_Taj_Mahal_101.jpg
Taj_Mahal,113197,0,commons/Taj_Mahal_Complex_—_Tomb/0/pictures/The_Taj_Mahal_100.jpg
Taj_Mahal,113197,0,commons/Taj_Mahal_Complex_—_Tomb/0/pictures/The_Taj_Mahal_102.jpg
Taj_Mahal,113197,0,commons/Taj_Mahal_Complex_—_Tomb/0/pictures/The_Taj_Mahal_1060.jpg
Taj_Mahal,113197,0,commons/Taj_Mahal_Complex_—_Tomb/0/pictures/The_Taj_Mahal_109.jpg
Taj_Mahal,113197,0,commons/Taj_Mahal_Complex_—_Tomb/0/pictures/The_Taj_Mahal_106.jpg
Taj_Mahal,113197,0,commons/Taj_Mahal_Complex_—_Tomb/0/pictures/The_Taj_Mahal_112.jpg
Taj_Mahal,113197,0,commons/Taj_Mahal_Complex_—_Tomb/0/pictures/The_Taj_Mahal_111.jpg
Taj_Mahal,113197,0,commons/Taj_Mahal_Complex_—_Tomb/0/pictures/The_Taj_Mahal_116.jpg
Taj_Mahal,113197,0,commons/Taj_Mahal_Complex_—_Tomb/0/pictures/The_Taj_Mahal_117.jpg
Taj_Mahal,113197,0,commons/Taj_Mahal_Complex_—_Tomb/0/pictures/The_Taj_Mahal_110.jpg
Taj_Mahal,113197,0,commons/Taj_Mahal_Complex_—_Tomb/0/pictures/The_Taj_Mahal_1180.jpg
Taj_Mahal,113197,0,commons/Taj_Mahal_Complex_—_Tomb/0/pictures/The_Taj_Mahal_1205.jpg
Taj_Mahal,113197,0,commons/Taj_Mahal_Complex_—_Tomb/0/pictures/The_Taj_Mahal_120.jpg
Taj_Mahal,113197,0,commons/Taj_Mahal_Complex_—_Tomb/0/pictures/The_Taj_Mahal_119.jpg
Taj_Mahal,113197,0,commons/Taj_Mahal_Complex_—_Tomb/0/pictures/The_Taj_Mahal_1215.jpg
Taj_Mahal,113197,0,commons/Taj_Mahal_Complex_—_Tomb/0/pictures/The_Taj_Mahal_124.jpg
Taj_Mahal,113197,0,commons/Taj_Mahal_Complex_—_Tomb/0/pictures/The_Taj_Mahal_123.jpg
Taj_Mahal,113197,0,commons/Taj_Mahal_Complex_—_Tomb/0/pictures/The_Taj_Mahal_122.jpg
Taj_Mahal,113197,0,commons/Taj_Mahal_Complex_—_Tomb/0/pictures/The_Taj_Mahal_126.jpg
Taj_Mahal,113197,0,commons/Taj_Mahal_Complex_—_Tomb/0/pictures/The_Taj_Mahal_ag24.jpg
Taj_Mahal,113197,0,commons/Taj_Mahal_Complex_—_Tomb/0/pictures/The_Taj_Mahal_as_I_saw_it.jpg
Taj_Mahal,113197,0,commons/Taj_Mahal_Complex_—_Tomb/0/pictures/The_Taj_Mahal_of_Agra(2).jpg
Taj_Mahal,113197,0,"commons/Taj_Mahal_Complex_—_Tomb/0/pictures/The_Taj_Mahal,_Agra,.jpg"
Taj_Mahal,113197,0,"commons/Taj_Mahal_Complex_—_Tomb/0/pictures/The_Taj_Mahal,_Agra;_Uttar_Pradesh.jpg"
Taj_Mahal,113197,0,"commons/Taj_Mahal_Complex_—_Tomb/0/pictures/The_Taj_Mahal,_mid-afternoon.JPG"
Taj_Mahal,113197,0,commons/Taj_Mahal_Complex_—_Tomb/0/pictures/The_Taj_Mahal3.jpg
Taj_Mahal,113197,0,commons/Taj_Mahal_Complex_—_Tomb/0/pictures/The_Taj_glistenes_in_the_soft_morning_beams..._(6871034575).jpg
Taj_Mahal,113197,0,commons/Taj_Mahal_Complex_—_Tomb/0/pictures/The_Taj_from_the_garden_in_front_left_side.JPG
Taj_Mahal,113197,0,commons/Taj_Mahal_Complex_—_Tomb/0/pictures/The_Taj_of_Love.jpg
Taj_Mahal,113197,0,commons/Taj_Mahal_Complex_—_Tomb/0/pictures/The_Taj_Mahal.png
Taj_Mahal,113197,0,commons/Taj_Mahal_Complex_—_Tomb/0/pictures/The_Tajmahal_in_Agra.01.jpg
Taj_Mahal,113197,0,commons/Taj_Mahal_Complex_—_Tomb/0/pictures/The_Tajmahal_in_Agra.05.jpg
Taj_Mahal,113197,0,"commons/Taj_Mahal_Complex_—_Tomb/0/pictures/The_Tajmahal,_India.jpg"
Taj_Mahal,113197,0,commons/Taj_Mahal_Complex_—_Tomb/0/pictures/The_White_Mausoleum_3.JPG
Taj_Mahal,113197,0,commons/Taj_Mahal_Complex_—_Tomb/0/pictures/The_beautiful_taj.jpg
Taj_Mahal,113197,0,commons/Taj_Mahal_Complex_—_Tomb/0/pictures/The_beauty_of_Taj_mahal.jpg
Taj_Mahal,113197,0,commons/Taj_Mahal_Complex_—_Tomb/0/pictures/The_gate_of_the_taj.jpg
Taj_Mahal,113197,0,"commons/Taj_Mahal_Complex_—_Tomb/0/pictures/The_great_Taj_Mahal,_Agra1.jpg"
Taj_Mahal,113197,0,"commons/Taj_Mahal_Complex_—_Tomb/0/pictures/The_great_Taj_Mahal,_Agra.jpg"
Taj_Mahal,113197,0,commons/Taj_Mahal_Complex_—_Tomb/0/pictures/The_beauty_with_the_garden.JPG
Taj_Mahal,113197,0,"commons/Taj_Mahal_Complex_—_Tomb/0/pictures/The_great_Taj_Mahal,_Agra2.jpg"
Taj_Mahal,113197,0,"commons/Taj_Mahal_Complex_—_Tomb/0/pictures/The_great_Taj_Mahal,_Agra5.jpg"
Taj_Mahal,113197,0,"commons/Taj_Mahal_Complex_—_Tomb/0/pictures/The_great_Taj_Mahal,_Agra9.jpg"
Taj_Mahal,113197,0,commons/Taj_Mahal_Complex_—_Tomb/0/pictures/The_magnificent_Taj_Mahal_is_defintely_high_maintenance!.jpg
Taj_Mahal,113197,0,commons/Taj_Mahal_Complex_—_Tomb/0/pictures/The_marble_mausoleum_-_Taj_Mahal.jpg
Taj_Mahal,113197,0,commons/Taj_Mahal_Complex_—_Tomb/0/pictures/The_taj_Mahal.jpg
Taj_Mahal,113197,0,commons/Taj_Mahal_Complex_—_Tomb/0/pictures/The_taj_miq.jpg
Taj_Mahal,113197,0,commons/Taj_Mahal_Complex_—_Tomb/0/pictures/The_white_princess_(6605833209).jpg
Taj_Mahal,113197,0,commons/Taj_Mahal_Complex_—_Tomb/0/pictures/The_wall_art.JPG
Taj_Mahal,113197,0,commons/Taj_Mahal_Complex_—_Tomb/0/pictures/The_wonderful_TAJ_MAHAL.jpg
Taj_Mahal,113197,0,commons/Taj_Mahal_Complex_—_Tomb/0/pictures/U.S._Air_Force_airmen_enter_through_one_of_the_Taj_Mahal's_gates.JPG
Taj_Mahal,113197,0,commons/Taj_Mahal_Complex_—_Tomb/0/pictures/Uttar_Pradesh_Inde_Agra_Taj_Mahal_Mausolee_-_panoramio.jpg
Taj_Mahal,113197,0,commons/Taj_Mahal_Complex_—_Tomb/0/pictures/Vertical_Panorama_of_Taj_Mahal_-_Agra_-_Uttar_Pradesh_-_India_-_02_(12650160495).jpg
Taj_Mahal,113197,0,commons/Taj_Mahal_Complex_—_Tomb/0/pictures/View_of_Taj_Mahal_from_Roof_of_Hotel_Host_-_Agra_-_Uttar_Pradesh_-_India_(12612671933).jpg
Taj_Mahal,113197,0,commons/Taj_Mahal_Complex_—_Tomb/0/pictures/View_From_entrance..Tajmahal.jpg
Taj_Mahal,113197,0,commons/Taj_Mahal_Complex_—_Tomb/0/pictures/View_of_the_Taj_Mahal.jpg
Taj_Mahal,113197,0,commons/Taj_Mahal_Complex_—_Tomb/0/pictures/WAH_TAJ.jpg
Taj_Mahal,113197,0,commons/Taj_Mahal_Complex_—_Tomb/0/pictures/WHITE_MARBLE_MAUSOLEUM_TAJMAHAL-AGRA-UTTARPRADESH-1.jpg
Taj_Mahal,113197,0,commons/Taj_Mahal_Complex_—_Tomb/0/pictures/Wah_Taj!!.jpg
Taj_Mahal,113197,0,commons/Taj_Mahal_Complex_—_Tomb/0/pictures/Waah_Taj_Mahal_2.jpg
Taj_Mahal,113197,0,commons/Taj_Mahal_Complex_—_Tomb/0/pictures/Wah_TajMahal.jpg
Taj_Mahal,113197,0,commons/Taj_Mahal_Complex_—_Tomb/0/pictures/WONDER_03.jpg
Taj_Mahal,113197,0,commons/Taj_Mahal_Complex_—_Tomb/0/pictures/What_else_but..._Wah_Taj!!!_(6871027245).jpg
Taj_Mahal,113197,0,commons/Taj_Mahal_Complex_—_Tomb/0/pictures/We_looked_up_and_saw_white_(5581426350).jpg
Taj_Mahal,113197,0,commons/Taj_Mahal_Complex_—_Tomb/0/pictures/Wide_Angle_view_of_front_and_east_facade_of_Taj_Mahal.jpg
Taj_Mahal,113197,0,commons/Taj_Mahal_Complex_—_Tomb/0/pictures/Wide_view_of_Taj_Mahal.jpg
Taj_Mahal,113197,0,commons/Taj_Mahal_Complex_—_Tomb/0/pictures/Wonderful_monument.jpg
Taj_Mahal,113197,0,commons/Taj_Mahal_Complex_—_Tomb/0/pictures/Wonderment_in_White.jpg
Taj_Mahal,113197,0,commons/Taj_Mahal_Complex_—_Tomb/0/pictures/Đền_Taj_Mahal.jpg
Taj_Mahal,113197,0,commons/Taj_Mahal_Complex_—_Tomb/0/pictures/पार्श्व_दृश्य.jpg
Taj_Mahal,113197,0,commons/Taj_Mahal_Complex_—_Tomb/0/pictures/泰姬玛哈陵.jpg
Taj_Mahal,113197,0,commons/Taj_Mahal_Complex_—_Tomb/0/pictures/泰姬瑪哈陵354.jpg
Taj_Mahal,113197,0,commons/Taj_Mahal_Complex_—_Tomb/0/pictures/泰姬瑪哈陵356.jpg
Taj_Mahal,113197,0,commons/Taj_Mahal_Complex_—_Tomb/0/pictures/泰姬瑪哈陵359.jpg
Taj_Mahal,113197,0,commons/Taj_Mahal_Complex_—_Tomb/0/pictures/泰姬瑪哈陵381.jpg
Taj_Mahal,113197,0,commons/Taj_Mahal_Complex_—_Tomb/0/pictures/泰姬瑪哈陵357.jpg
Taj_Mahal,113197,0,commons/Taj_Mahal_Complex_—_Tomb/0/pictures/泰姬瑪哈陵388.jpg
Taj_Mahal,113197,0,commons/Taj_Mahal_Complex_—_Tomb/0/pictures/泰姬瑪哈陵389.jpg
Taj_Mahal,113197,0,commons/Taj_Mahal_Complex_—_Tomb/0/pictures/泰姬瑪哈陵382.jpg
Taj_Mahal,113197,0,commons/Taj_Mahal_Complex_—_Tomb/0/pictures/泰姬瑪哈陵58.jpg
Taj_Mahal,113197,0,commons/Taj_Mahal_Complex_—_Tomb/0/pictures/泰姬瑪哈陵57.jpg
Taj_Mahal,113197,0,commons/Taj_Mahal_Complex_—_Tomb/0/pictures/泰姬瑪哈陵55.jpg
Taj_Mahal,113197,0,commons/Taj_Mahal_Complex_—_Tomb/0/pictures/泰姬陵_Taj_Mahal_-_panoramio.jpg
Taj_Mahal,113197,0,commons/Taj_Mahal_Complex_—_Tomb/0/pictures/泰姬陵_Taj_Mahal_-_panoramio_(1).jpg
Taj_Mahal,113197,0,commons/Taj_Mahal_calligraphy/0/pictures/India_Taj_Mahal_(07).jpg
Taj_Mahal,113197,0,commons/Taj_Mahal_calligraphy/0/pictures/Taj_Mahal_07_(Friar's_Balsam_Flickr).jpg
Taj_Mahal,113197,0,commons/Taj_Mahal_calligraphy/0/pictures/Taj_Mahal_2011_03.JPG
Taj_Mahal,113197,0,commons/Taj_Mahal_calligraphy/0/pictures/Taj_Mahal_Calligraphy_Example.jpg
Taj_Mahal,113197,0,commons/Taj_Mahal_calligraphy/0/pictures/Taj_Mahal_Inlay_June_2006.JPG
Taj_Mahal,113197,0,commons/Taj_Mahal_calligraphy/0/pictures/TajDomeWithFinial.jpg
Taj_Mahal,113197,0,"commons/Taj_Mahal_in_2002/0/pictures/Agra,_Taj_Mahal_(2002)_13.jpg"
Taj_Mahal,113197,0,"commons/Taj_Mahal_in_2002/0/pictures/Agra,_Taj_Mahal_(2002)_15.jpg"
Taj_Mahal,113197,0,"commons/Taj_Mahal_in_2002/0/pictures/Agra,_Taj_Mahal_(2002)_16.jpg"
Taj_Mahal,113197,0,"commons/Taj_Mahal_in_2002/0/pictures/Agra,_Taj_Mahal_(2002)_17.jpg"
Taj_Mahal,113197,0,"commons/Taj_Mahal_in_2002/0/pictures/Agra,_panorámicas_(2002)_11.jpg"
Taj_Mahal,113197,0,commons/Taj_Mahal_in_2007/0/pictures/India_-_Agra_-_005_(2147555616).jpg
Taj_Mahal,113197,0,"commons/Taj_Mahal_in_2007/0/pictures/Taj_Mahal,_Contemplation,_Agra,_India.jpg"
Taj_Mahal,113197,0,"commons/Taj_Mahal_in_2007/0/pictures/Taj_Mahal,_Minaret_2,_Agra,_India.jpg"
Taj_Mahal,113197,0,"commons/Taj_Mahal_in_2007/0/pictures/Taj_Mahal,_Contemplation_2,_Agra,_India.jpg"
Taj_Mahal,113197,0,"commons/Taj_Mahal_in_2007/0/pictures/Taj_Mahal,_The_Base,_Agra,_India.jpg"
Taj_Mahal,113197,0,"commons/Taj_Mahal_in_2007/0/pictures/Taj_Mahal,_Visitors,_Agra,_India.jpg"
Taj_Mahal,113197,0,"commons/Taj_Mahal_in_2007/0/pictures/Taj_Mahal,_Pools,_Agra,_India.jpg"
Taj_Mahal,113197,0,"commons/Taj_Mahal_in_2007/0/pictures/Taj_Mahal,_Sunset_3,_Agra,_India.jpg"
Taj_Mahal,113197,0,commons/Taj_Mahal_in_2008/0/pictures/Taj_Mahal_(2378143600).jpg
Taj_Mahal,113197,0,commons/Taj_Mahal_in_2008/0/pictures/Taj_Mahal_(2377312369).jpg
Taj_Mahal,113197,0,commons/Taj_Mahal_in_2008/0/pictures/Taj_Mahal_(2378148958).jpg
Taj_Mahal,113197,0,"commons/Taj_Mahal_in_2007/0/pictures/Taj_Mahal,_Twilight,_Agra,_India.jpg"
Taj_Mahal,113197,0,commons/Taj_Mahal_in_2011/0/pictures/Taj_Mahal_23_(Friar's_Balsam_Flickr).jpg
Taj_Mahal,113197,0,commons/Taj_Mahal_in_2011/0/pictures/Taj_Mahal_42_(Friar's_Balsam_Flickr).jpg
Taj_Mahal,113197,0,commons/Taj_Mahal_in_2011/0/pictures/Taj_Mahal_33_(Friar's_Balsam_Flickr).jpg
Taj_Mahal,113197,0,commons/Taj_Mahal_in_2012/0/pictures/Banke_bTaj_Mahalihari_(252).JPG
Taj_Mahal,113197,0,commons/Taj_Mahal_in_2018/0/pictures/DSC_0999-01.jpg
Taj_Mahal,113197,0,"commons/Taj_Mahal_in_2018/0/pictures/Jaan_mahal,_The_great_Taj_Mahal,_Agra2.jpg"
Taj_Mahal,113197,0,commons/Taj_Mahal_minarets/0/pictures/Agra_tajmahal_side_view_1.jpg
Taj_Mahal,113197,0,commons/Taj_Mahal_minarets/0/pictures/Agra_Taj_Mahal_Pillar.JPG
Taj_Mahal,113197,0,commons/Taj_Mahal_minarets/0/pictures/Banke_bihaTaj_Mahalri_(306).JPG
Taj_Mahal,113197,0,commons/Taj_Mahal_minarets/0/pictures/Banke_bihari_(368).JPG
Taj_Mahal,113197,0,"commons/Taj_Mahal_minarets/0/pictures/Dharmapuri,_Forest_Colony,_Tajganj,_Agra,_Uttar_Pradesh,_India_-_panoramio_(13).jpg"
Taj_Mahal,113197,0,commons/Taj_Mahal_minarets/0/pictures/Minaret_of_the_Taj_Mahal_04_(Friar's_Balsam_Flickr).jpg
Taj_Mahal,113197,1,"commons/Taj_Mahal_Complex_—_Tomb/0/pictures/Taj_Mahal,_Agra,_Uttar_Pradesh_s-37.jpg"
Taj_Mahal,113197,1,commons/Taj_Mahal_Complex_—_Tomb/0/pictures/Taj_Mahal_2018-01-02zd.jpg
Taj_Mahal,113197,1,"commons/Taj_Mahal_Complex_—_Tomb/0/pictures/Taj_Mahal,_Agra_30.jpg"
Taj_Mahal,113197,1,commons/Architectural_elements_in_the_Taj_Mahal/0/pictures/Southern_Portal_-_Taj_Mahal_-_Agra_2014-05-14_3793.JPG
Taj_Mahal,113197,1,"commons/Black_and_white_images_of_the_Taj_Mahal/0/pictures/Taj_Mahal,_Agra,_Uttar_Pradesh_bnw-37.jpg"
Taj_Mahal,113197,1,commons/Taj_Mahal_Complex_—_Tomb/0/pictures/Taj_Mahal_9927.jpg
Taj_Mahal,113197,1,commons/Architectural_elements_in_the_Taj_Mahal/0/pictures/Taj_Mahal_20_(Friar's_Balsam_Flickr).jpg
Taj_Mahal,113197,1,commons/Pietre_dure_on_the_Taj_Mahal/0/pictures/Le_Taj_Mahal_(Agra)_(8521865729).jpg
Taj_Mahal,113197,1,"commons/Taj_Mahal_Complex_—_Tomb/0/pictures/Taj_Mahal,_Agra,_Uttar_Pradesh_hs-37.jpg"
Taj_Mahal,113197,1,commons/Pietre_dure_on_the_Taj_Mahal/0/pictures/Artwork_and_inscriptions_on_the_Taj.JPG
Taj_Mahal,113197,1,commons/South_side_of_the_Taj_Mahal/0/pictures/Taj_Mahal_(2378148958).jpg
Taj_Mahal,113197,1,commons/Taj_Mahal_in_2011/0/pictures/Taj_Mahal_20_(Friar's_Balsam_Flickr).jpg
Taj_Mahal,113197,1,commons/South_side_of_the_Taj_Mahal/0/pictures/Taj_Mahal_20_(Friar's_Balsam_Flickr).jpg
Taj_Mahal,113197,1,commons/Taj_Mahal_Complex_—_Tomb/0/pictures/Taj_Mahal_-_panoramio_(6).jpg
Taj_Mahal,113197,1,commons/Taj_Mahal/0/pictures/Le_Taj_Mahal_(Agra).jpg
Taj_Mahal,113197,1,commons/Taj_Mahal_in_2008/0/pictures/Taj_Mahal_(2378148958).jpg
Taj_Mahal,113197,1,"commons/South_side_of_the_Taj_Mahal/0/pictures/Taj_Mahal,_up_close.jpg"
Taj_Mahal,113197,1,commons/Taj_Mahal_Complex_—_Tomb/0/pictures/Taj_Mahal_2018-01-02y.jpg
Taj_Mahal,113197,1,commons/Taj_Mahal_Complex_—_Tomb/0/pictures/Taj_Mahal_2018-01-02ze.jpg
Taj_Mahal,113197,1,commons/Taj_Mahal_Complex_—_Tomb/0/pictures/Taj_Mahal_2018-01-02za.jpg
Taj_Mahal,113197,2,commons/Views_of_the_Taj_Mahal_Mausoleum_from_the_Jawab/0/pictures/Taj_Mahal_view_16.jpg
Taj_Mahal,113197,2,commons/Taj_Mahal_in_2011/0/pictures/Taj_Mahal_27_(Friar's_Balsam_Flickr).jpg
Taj_Mahal,113197,2,commons/Taj_Mahal_in_2011/0/pictures/104-Taj-Mahal-Gardens.JPG
Taj_Mahal,113197,2,commons/Taj_Mahal_Complex_—_Gardens/0/pictures/The_Great_Entrance_of_Taj_Mahal.jpg
Taj_Mahal,113197,2,commons/Taj_Mahal_Complex_—_Gardens/0/pictures/The_Darwaza-i-Rouza_02.jpg
Taj_Mahal,113197,2,commons/Taj_Mahal_Complex_—_Gardens/0/pictures/The_Darwaza-i-Rouza_01.jpg
Taj_Mahal,113197,2,commons/Taj_Mahal_Complex_—_Gardens/0/pictures/TajWalkway.jpg
Taj_Mahal,113197,2,commons/Taj_Mahal_Complex_—_Gardens/0/pictures/Taj_entrance_gate.JPG
Taj_Mahal,113197,2,"commons/Taj_Mahal_Complex_—_Gardens/0/pictures/Taj_Mahal,_Agra_views_from_around_(67).JPG"
Taj_Mahal,113197,2,"commons/Taj_Mahal_Complex_—_Gardens/0/pictures/Taj_Mahal,_Agra_views_from_around_(66).JPG"
Taj_Mahal,113197,2,"commons/Taj_Mahal_Complex_—_Gardens/0/pictures/Taj_Mahal,_Agra_views_from_around_(65).JPG"
Taj_Mahal,113197,2,commons/Taj_Mahal_Complex_—_Gardens/0/pictures/Taj_Mahal_Garden.jpg
Taj_Mahal,113197,2,commons/Taj_Mahal_Complex_—_Gardens/0/pictures/Taj_Mahal_Grand_Gate_(Main_Entrance)_(22924077480).jpg
Taj_Mahal,113197,2,commons/Taj_Mahal_Complex_—_Gardens/0/pictures/Taj_Mahal_Grand_Gate_(Main_Entrance)_(22924030560).jpg
Taj_Mahal,113197,2,commons/Taj_Mahal_Complex_—_Gardens/0/pictures/Taj_Mahal_5.jpg
Taj_Mahal,113197,2,commons/Taj_Mahal_Complex_—_Gardens/0/pictures/Taj_Mahal_339.jpg
Taj_Mahal,113197,2,commons/Taj_Mahal_Complex_—_Gardens/0/pictures/Taj_Mahal_0058.jpg
Taj_Mahal,113197,2,commons/Taj_Mahal_Complex_—_Gardens/0/pictures/Taj_Mahal_13.jpg
Taj_Mahal,113197,2,commons/Taj_Mahal_Complex_—_Gardens/0/pictures/Taj_Mahal_0064.jpg
Taj_Mahal,113197,2,commons/Taj_Mahal_Complex_—_Gardens/0/pictures/Southern_gate_of_the_Taj_Mahal_compound_(2).jpg
Taj_Mahal,113197,2,commons/Taj_Mahal_Complex_—_Gardens/0/pictures/Sirhi_Darwaja_and_garden_from_the_rampart_of_Taj.jpg
Taj_Mahal,113197,2,commons/Taj_Mahal_Complex_—_Gardens/0/pictures/Near_Taj_Mahal_Entrance_Gateway_of_Khan-i-Alam_Bagh_1may16.jpg
Taj_Mahal,113197,2,commons/Taj_Mahal_Complex_—_Gardens/0/pictures/FRONT_VIEW_FROM_TAJ.jpg
Taj_Mahal,113197,2,commons/Taj_Mahal_Complex_—_Gardens/0/pictures/Great_Gate_Taj_Mahal.jpg
Taj_Mahal,113197,2,commons/Taj_Mahal_Complex_—_Gardens/0/pictures/Dmitry_Medvedev_in_India_22_December_2010-3.jpeg
Taj_Mahal,113197,2,"commons/Taj_Mahal_Complex_—_Gardens/0/pictures/Darwaza-i_rauza,_as_seen_from_the_Taj_Mahal.JPG"
Taj_Mahal,113197,2,"commons/Taj_Mahal_Complex_—_Gardens/0/pictures/Humayuns_Tomb,_Nizamuddin,_New_Delhi.jpg"
Taj_Mahal,113197,2,commons/Taj_Mahal_Complex_—_Gardens/0/pictures/Entrance_Gateway_of_Khan-i-Alam_Bagh.jpg
Taj_Mahal,113197,2,commons/Taj_Mahal_Complex_—_Gardens/0/pictures/Dwar_axis.JPG
Taj_Mahal,113197,2,commons/Taj_Mahal_Complex_—_Gardens/0/pictures/Garden_of_Taj_Mahal.jpg
Taj_Mahal,113197,2,commons/Taj_Mahal_Complex_—_Gardens/0/pictures/Charbagh_Garden_-_Taj_Mahal_Complex_-_Agra_2014-05-14_3928-3933_Compress.JPG
Taj_Mahal,113197,2,commons/Taj_Mahal_Complex_—_Gardens/0/pictures/Charbagh_Garden_with_Main_Gateway_-_Northern_View_-_Taj_Mahal_Complex_-_Agra_2014-05-14_3927.JPG
Taj_Mahal,113197,2,commons/Taj_Mahal_Complex_—_Gardens/0/pictures/Banke_bihaTaj_Mahalri_(299).JPG
Taj_Mahal,113197,2,commons/Taj_Mahal_Complex_—_Gardens/0/pictures/Banke_bihaTaj_Mahalri_(278).JPG
Taj_Mahal,113197,2,commons/Taj_Mahal_Complex_—_Gardens/0/pictures/Banke_bihaTaj_Mahalri_(300).JPG
Taj_Mahal,113197,2,commons/Taj_Mahal_Complex_—_Gardens/0/pictures/104-Taj-Mahal-Gardens.JPG
Taj_Mahal,113197,2,"commons/Taj_Mahal_Complex_—_Gardens/0/pictures/Taj_Mahal,_Agra_139.jpg"
Taj_Mahal,113197,2,commons/Taj_Mahal/0/pictures/Taj_Mahal_vrtmrgmpksk_(55).jpg
Taj_Mahal,113197,2,commons/Taj_Mahal/0/pictures/Taj_Mahal_vrtmrgmpksk_(32).jpg
Taj_Mahal,113197,2,commons/Taj_Mahal/0/pictures/Taj_Mahal_vrtmrgmpksk_(29).jpg
Taj_Mahal,113197,2,commons/Taj_Mahal/0/pictures/Taj_Mahal_vrtmrgmpksk_(128).jpg
Taj_Mahal,113197,2,commons/Taj_Mahal/0/pictures/Taj_Mahal_vrtmrgmpksk_(123).jpg
Taj_Mahal,113197,2,commons/Taj_Mahal/0/pictures/Taj_Mahal_view_16.jpg
Taj_Mahal,113197,2,commons/Taj_Mahal/0/pictures/Taj_Mahal_(18).jpg
Taj_Mahal,113197,2,commons/Taj_Mahal/0/pictures/Reflecting_pool_infront_of_taj_mahal.jpg
Taj_Mahal,113197,2,commons/Taj_Mahal_Complex_—_Gardens/0/pictures/Agra_Taj_Mahal_34566_Gardens.jpg
Taj_Mahal,113197,2,commons/Southern_gate_of_the_Taj_Mahal_with_the_pool/0/pictures/泰姬瑪哈陵383.jpg
Taj_Mahal,113197,2,commons/Southern_gate_of_the_Taj_Mahal_with_the_pool/0/pictures/泰姬瑪哈陵385.jpg
Taj_Mahal,113197,2,commons/Southern_gate_of_the_Taj_Mahal_with_the_pool/0/pictures/泰姬瑪哈陵384.jpg
Taj_Mahal,113197,2,commons/Southern_gate_of_the_Taj_Mahal_with_the_pool/0/pictures/泰姬陵_Taj_Mahal_-_panoramio_(3).jpg
Taj_Mahal,113197,2,commons/Southern_gate_of_the_Taj_Mahal_with_the_pool/0/pictures/泰姬瑪哈陵23.jpg
Taj_Mahal,113197,2,commons/Taj_Mahal_Complex_—_Gardens/0/pictures/105-Taj-Mahal-Gardens.JPG
Taj_Mahal,113197,2,commons/Southern_gate_of_the_Taj_Mahal_with_the_pool/0/pictures/Walkways_beside_reflecting_pool-Taj_Mahal_&_Grounds_02.JPG
Taj_Mahal,113197,2,commons/Taj_Mahal_Complex_—_Gardens/0/pictures/103-Taj-Mahal-Gardens.JPG
Taj_Mahal,113197,2,commons/Southern_gate_of_the_Taj_Mahal_with_the_pool/0/pictures/Walkways_beside_reflecting_pool-Taj_Mahal_&_Grounds_01.JPG
Taj_Mahal,113197,2,commons/Southern_gate_of_the_Taj_Mahal_with_the_pool/0/pictures/View_from_tajmahal_towards_south.jpg
Taj_Mahal,113197,2,"commons/Southern_gate_of_the_Taj_Mahal_with_the_pool/0/pictures/View_from_Taj_Mahal,_Agra,_India_2011_-_panoramio.jpg"
Taj_Mahal,113197,2,commons/Taj_Mahal_in_2011/0/pictures/Taj_Mahal_17_(Friar's_Balsam_Flickr).jpg
Taj_Mahal,113197,2,commons/Taj_Mahal_Complex_—_Gardens/0/pictures/101-Taj-Mahal-Gardens.JPG
Taj_Mahal,113197,2,commons/Southern_gate_of_the_Taj_Mahal_with_the_pool/0/pictures/View_From_Taj_Mahal_June_2006.JPG
Taj_Mahal,113197,2,commons/Southern_gate_of_the_Taj_Mahal_with_the_pool/0/pictures/Through_the_Taj_Mahal.jpg
Taj_Mahal,113197,2,commons/Southern_gate_of_the_Taj_Mahal_with_the_pool/0/pictures/TheGreatTaj_08.jpg
Taj_Mahal,113197,2,commons/Southern_gate_of_the_Taj_Mahal_with_the_pool/0/pictures/The_green_beauty_in_front.JPG
Taj_Mahal,113197,2,commons/Southern_gate_of_the_Taj_Mahal_with_the_pool/0/pictures/The_Taj_Mahal_ag40.jpg
Taj_Mahal,113197,2,commons/Southern_gate_of_the_Taj_Mahal_with_the_pool/0/pictures/The_Taj_Mahal_ag22.jpg
Taj_Mahal,113197,2,commons/Southern_gate_of_the_Taj_Mahal_with_the_pool/0/pictures/The_Taj_Mahal_ag41.jpg
Taj_Mahal,113197,2,commons/Southern_gate_of_the_Taj_Mahal_with_the_pool/0/pictures/The_Taj_Mahal_ag44.jpg
Taj_Mahal,113197,2,commons/Southern_gate_of_the_Taj_Mahal_with_the_pool/0/pictures/The_Taj_Mahal_13.jpg
Taj_Mahal,113197,2,commons/Southern_gate_of_the_Taj_Mahal_with_the_pool/0/pictures/The_Royal_Gate........_Taj_Mahal.jpg
Taj_Mahal,113197,2,commons/Southern_gate_of_the_Taj_Mahal_with_the_pool/0/pictures/The_Taj_Garden's_and_the_entrance.jpg
Taj_Mahal,113197,2,commons/Southern_gate_of_the_Taj_Mahal_with_the_pool/0/pictures/The_Royal_Gate_of_Taj_Mahal.jpg
Taj_Mahal,113197,2,"commons/Southern_gate_of_the_Taj_Mahal_with_the_pool/0/pictures/The_Great_gate_(Darwaza-i_rauza)—gateway_to_the_Taj_Mahal,_Agra,_Uttar_Pradesh,_India.JPG"
Taj_Mahal,113197,2,commons/Southern_gate_of_the_Taj_Mahal_with_the_pool/0/pictures/The_Great_Entrance_of_Taj_Mahal.jpg
Taj_Mahal,113197,2,commons/Southern_gate_of_the_Taj_Mahal_with_the_pool/0/pictures/The_Entrance_Gate_-_Taj_Mahal_LACMA_M.90.24.38.jpg
Taj_Mahal,113197,2,commons/Taj_Mahal_in_2010/0/pictures/Agra_-_Taj_Mahal_(5104675999).jpg
Taj_Mahal,113197,2,commons/Southern_gate_of_the_Taj_Mahal_with_the_pool/0/pictures/The_Darwaza-i-Rouza_04.jpg
Taj_Mahal,113197,2,commons/Southern_gate_of_the_Taj_Mahal_with_the_pool/0/pictures/The_Darwaza-i-Rouza_01.jpg
Taj_Mahal,113197,2,commons/Southern_gate_of_the_Taj_Mahal_with_the_pool/0/pictures/Tajmahal_entry.jpg
Taj_Mahal,113197,2,commons/Taj_Mahal_in_2011/0/pictures/101-Taj-Mahal-Gardens.JPG
Taj_Mahal,113197,2,commons/Southern_gate_of_the_Taj_Mahal_with_the_pool/0/pictures/Taj_dwar.JPG
Taj_Mahal,113197,2,commons/Southern_gate_of_the_Taj_Mahal_with_the_pool/0/pictures/Taj_beauty.JPG
Taj_Mahal,113197,2,commons/Southern_gate_of_the_Taj_Mahal_with_the_pool/0/pictures/Taj22.JPG
Taj_Mahal,113197,2,commons/Southern_gate_of_the_Taj_Mahal_with_the_pool/0/pictures/Taj21.JPG
Taj_Mahal,113197,2,commons/Southern_gate_of_the_Taj_Mahal_with_the_pool/0/pictures/Taj_entrance_gate.JPG
Taj_Mahal,113197,2,commons/Southern_gate_of_the_Taj_Mahal_with_the_pool/0/pictures/Taj33.JPG
Taj_Mahal,113197,2,commons/Southern_gate_of_the_Taj_Mahal_with_the_pool/0/pictures/Taj26.JPG
Taj_Mahal,113197,2,"commons/Southern_gate_of_the_Taj_Mahal_with_the_pool/0/pictures/Taj_Mahal,_view_towards_front_gate_-_panoramio_(2).jpg"
Taj_Mahal,113197,2,"commons/Southern_gate_of_the_Taj_Mahal_with_the_pool/0/pictures/Taj_Mahal,_Agra,_Uttar_Pradesh_vi-65.jpg"
Taj_Mahal,113197,2,"commons/Southern_gate_of_the_Taj_Mahal_with_the_pool/0/pictures/Taj_Mahal,_Agra,_Uttar_Pradesh_vi-64.jpg"
Taj_Mahal,113197,2,"commons/Southern_gate_of_the_Taj_Mahal_with_the_pool/0/pictures/Taj_Mahal,_Agra,_Uttar_Pradesh_hs-64.jpg"
Taj_Mahal,113197,2,"commons/Southern_gate_of_the_Taj_Mahal_with_the_pool/0/pictures/Taj_Mahal,_Agra,_Uttar_Pradesh_hs-123.jpg"
Taj_Mahal,113197,2,"commons/Southern_gate_of_the_Taj_Mahal_with_the_pool/0/pictures/Taj_Mahal,_Agra,_Uttar_Pradesh_s-65.jpg"
Taj_Mahal,113197,2,"commons/Southern_gate_of_the_Taj_Mahal_with_the_pool/0/pictures/Taj_Mahal,_Agra,_Uttar_Pradesh_s-64.jpg"
Taj_Mahal,113197,2,"commons/Southern_gate_of_the_Taj_Mahal_with_the_pool/0/pictures/Taj_Mahal,_Agra,_Uttar_Pradesh_hs-65.jpg"
Taj_Mahal,113197,2,"commons/Southern_gate_of_the_Taj_Mahal_with_the_pool/0/pictures/Taj_Mahal,_Agra,_Uttar_Pradesh_te-123.jpg"
Taj_Mahal,113197,2,"commons/Southern_gate_of_the_Taj_Mahal_with_the_pool/0/pictures/Taj_Mahal,_Agra,_Uttar_Pradesh_te-122.jpg"
Taj_Mahal,113197,2,"commons/Southern_gate_of_the_Taj_Mahal_with_the_pool/0/pictures/Taj_Mahal,_Agra,_Uttar_Pradesh_hs-122.jpg"
Taj_Mahal,113197,2,"commons/Southern_gate_of_the_Taj_Mahal_with_the_pool/0/pictures/Taj_Mahal,_Agra,_Uttar_Pradesh_hs-116.jpg"
Taj_Mahal,113197,2,"commons/Southern_gate_of_the_Taj_Mahal_with_the_pool/0/pictures/Taj_Mahal,_Agra_57.jpg"
Taj_Mahal,113197,2,"commons/Southern_gate_of_the_Taj_Mahal_with_the_pool/0/pictures/Taj_Mahal,_Agra_139.jpg"
Taj_Mahal,113197,2,"commons/Southern_gate_of_the_Taj_Mahal_with_the_pool/0/pictures/Taj_Mahal,_Agra_115.jpg"
Taj_Mahal,113197,2,"commons/Southern_gate_of_the_Taj_Mahal_with_the_pool/0/pictures/Taj_Mahal,_Agra_114.jpg"
Taj_Mahal,113197,2,commons/Southern_gate_of_the_Taj_Mahal_with_the_pool/0/pictures/Taj_Mahal_southern_gate_2017.jpg
Taj_Mahal,113197,2,"commons/Southern_gate_of_the_Taj_Mahal_with_the_pool/0/pictures/Taj_Mahal,_Agra_-_Visit_During_WCI_2016_(65).jpg"
Taj_Mahal,113197,2,commons/Taj_Mahal/0/pictures/Tajmahal_Garden.jpg
Taj_Mahal,113197,2,"commons/Details_of_the_Southern_Gate_(Taj_Mahal)/0/pictures/Taj_Mahal,_Agra,_Uttar_Pradesh_s-27.jpg"
Taj_Mahal,113197,2,commons/Southern_gate_of_the_Taj_Mahal_compound/0/pictures/Taj_Mahal_Main_Entrance_to_Tomb_(22594749003).jpg
Taj_Mahal,113197,2,"commons/Details_of_the_Southern_Gate_(Taj_Mahal)/0/pictures/Taj_Mahal,_Agra_20.jpg"
Taj_Mahal,113197,2,"commons/Southern_gate_of_the_Taj_Mahal_with_the_pool/0/pictures/Taj_Mahal,_Agra_108.jpg"
Taj_Mahal,113197,2,"commons/Black_and_white_images_of_the_Taj_Mahal/0/pictures/Taj_Mahal,_Agra,_Uttar_Pradesh_bnw-64.jpg"
Taj_Mahal,113197,2,"commons/Southern_gate_of_the_Taj_Mahal_with_the_pool/0/pictures/Taj_Mahal_gateway_and_gardens,_India,_2013-03_(11551790583).jpg"
Taj_Mahal,113197,2,commons/Southern_gate_of_the_Taj_Mahal_compound/0/pictures/Taj_Mahal_Entrance_Gate.jpg
Taj_Mahal,113197,2,"commons/Details_of_the_Southern_Gate_(Taj_Mahal)/0/pictures/Taj_Mahal,_Agra_124.jpg"
Taj_Mahal,113197,2,commons/Taj_Mahal_Complex_—_Gateways/0/pictures/Gate_of_the_Taj_dli_A136_cor.jpg
Taj_Mahal,113197,2,commons/Southern_gate_of_the_Taj_Mahal_with_the_pool/0/pictures/Taj_Mahal_compound_(149128171).jpg
Taj_Mahal,113197,2,commons/Southern_gate_of_the_Taj_Mahal_compound/0/pictures/Taj_Mahal_Agra_2.jpg
Taj_Mahal,113197,2,"commons/Taj_Mahal_in_2002/0/pictures/Agra,_panorámicas_(2002)_16.jpg"
Taj_Mahal,113197,2,commons/Southern_gate_of_the_Taj_Mahal_with_the_pool/0/pictures/Taj_Mahal_Agra_DSC_0445.jpg
Taj_Mahal,113197,2,commons/Southern_gate_of_the_Taj_Mahal_compound/0/pictures/Taj_Mahal_27_(Friar's_Balsam_Flickr).jpg
Taj_Mahal,113197,2,commons/Taj_Mahal_Complex_—_Gardens/0/pictures/TheGreatTaj_08.jpg
Taj_Mahal,113197,2,commons/Southern_gate_of_the_Taj_Mahal_with_the_pool/0/pictures/Taj_021.jpg
Taj_Mahal,113197,2,commons/Southern_gate_of_the_Taj_Mahal_compound/0/pictures/Taj_Mahal_-Agra_-Uttar_Pradesh-N-UP-A-28-N.jpg
Taj_Mahal,113197,2,commons/Southern_gate_of_the_Taj_Mahal_with_the_pool/0/pictures/Sirhi_Darwaja_maashish1.JPG
Taj_Mahal,113197,2,commons/Southern_gate_of_the_Taj_Mahal_compound/0/pictures/Taj_022.jpg
Taj_Mahal,113197,2,commons/Southern_gate_of_the_Taj_Mahal_with_the_pool/0/pictures/Great_Gate_Taj_Mahal.jpg
Taj_Mahal,113197,2,commons/Taj_Mahal/0/pictures/Taj_Mahal_vrtmrgmpksk_(103).jpg
Taj_Mahal,113197,2,commons/Southern_gate_of_the_Taj_Mahal_compound/0/pictures/Southern_gate_of_the_Taj_Mahal_compound_(2).jpg
Taj_Mahal,113197,2,"commons/Southern_gate_of_the_Taj_Mahal_with_the_pool/0/pictures/Entrance_of_Taj_Mahal,_Agra,_Uttar_Pradesh,_India.JPG"
Taj_Mahal,113197,2,commons/Southern_gate_of_the_Taj_Mahal_compound/0/pictures/Sirhi_Darwaza.jpg
Taj_Mahal,113197,2,commons/Southern_gate_of_the_Taj_Mahal_compound/0/pictures/印度泰姬瑪哈陵_41.jpg
Taj_Mahal,113197,2,commons/Southern_gate_of_the_Taj_Mahal_compound/0/pictures/Puerta_de_entrada._Taj_Mahal._Agra.JPG
Taj_Mahal,113197,2,commons/Taj_Mahal_in_2018/0/pictures/TheGreatTaj_08.jpg
Taj_Mahal,113197,2,"commons/Black_and_white_images_of_the_Taj_Mahal/0/pictures/Taj_Mahal,_Agra,_Uttar_Pradesh_bnw-65.jpg"
Taj_Mahal,113197,2,commons/Southern_gate_of_the_Taj_Mahal_compound/0/pictures/Main_Gateway_with_Charbagh_Garden_-_Taj_Mahal_Complex_-_Agra_2014-05-14_3960-3965_Compress.JPG
Taj_Mahal,113197,2,commons/Southern_gate_of_the_Taj_Mahal_compound/0/pictures/India-6100_-_Flickr_-_archer10_(Dennis).jpg
Taj_Mahal,113197,2,commons/Southern_gate_of_the_Taj_Mahal_compound/0/pictures/The_Taj_Mahal_ag20.jpg
Taj_Mahal,113197,2,commons/Southern_gate_of_the_Taj_Mahal_compound/0/pictures/Main_Gateway_-_North-eastern_View_-_Taj_Mahal_Complex_-_Agra_2014-05-14_3954.JPG
Taj_Mahal,113197,2,commons/Southern_gate_of_the_Taj_Mahal_compound/0/pictures/Main_Gateway_-_North_Facade_-_Taj_Mahal_Complex_-_Agra_2014-05-14_3774.JPG
Taj_Mahal,113197,2,commons/Southern_gate_of_the_Taj_Mahal_compound/0/pictures/Taj_Mahal_gateway_and_gardens.jpg
Taj_Mahal,113197,2,commons/Southern_gate_of_the_Taj_Mahal_with_the_pool/0/pictures/The_gates_that_lead_to_the_Taj.JPG
Taj_Mahal,113197,2,commons/Southern_gate_of_the_Taj_Mahal_compound/0/pictures/Agra_tajmahal_front_gate_view.jpg
Taj_Mahal,113197,2,commons/Southern_gate_of_the_Taj_Mahal_compound/0/pictures/MONUMENT_AROUND_TAJ_MAHAL_IMAG2692.jpg
Taj_Mahal,113197,2,commons/Taj_Mahal_Complex_—_Gardens/0/pictures/Tajmahal_entry.jpg
Taj_Mahal,113197,2,commons/Southern_gate_of_the_Taj_Mahal_compound/0/pictures/The_Great_gate_(Darwaza-i_rauza)—gateway_to_the_Taj_Mahal_-_panoramio_(1).jpg
Taj_Mahal,113197,2,commons/Southern_gate_of_the_Taj_Mahal_compound/0/pictures/Taj_Mahal_gate-4.jpg
Taj_Mahal,113197,2,commons/Taj_Mahal_Complex_—_Gardens/0/pictures/Entrance_to_The_Taj_Mahal.jpg
Taj_Mahal,113197,2,"commons/Remote_views_of_the_Taj_Mahal/0/pictures/Taj_Mahal,_Agra_-_Visit_During_WCI_2016_(35).jpg"
Taj_Mahal,113197,2,commons/Southern_gate_of_the_Taj_Mahal_compound/0/pictures/Inner_side_of_Sirhi_Darwaja_as_seen_from_Taj_Mahal_Side.JPG
Taj_Mahal,113197,2,commons/Southern_gate_of_the_Taj_Mahal_compound/0/pictures/IMG_20170826_164603_-_Copy_-_Copy.jpg
Taj_Mahal,113197,2,commons/Southern_gate_of_the_Taj_Mahal_compound/0/pictures/Gateway.JPG
Taj_Mahal,113197,2,commons/Taj_Mahal_Complex_—_Gardens/0/pictures/Inde_Uttar_Pradesh_Agra_Taj_Mahal_Portail_Bassin_Jardin_-_panoramio.jpg
Taj_Mahal,113197,2,commons/Southern_gate_of_the_Taj_Mahal_compound/0/pictures/Gateway_to_taj_mahal.jpg
Taj_Mahal,113197,2,commons/Southern_gate_of_the_Taj_Mahal_compound/0/pictures/Entrance_getaway_of_khan-i-Alam_By_UtsAv.jpg
Taj_Mahal,113197,2,commons/Southern_gate_of_the_Taj_Mahal_compound/0/pictures/Taj_Complex_(133471027).jpeg
Taj_Mahal,113197,2,commons/Southern_gate_of_the_Taj_Mahal_with_the_pool/0/pictures/India-6125_-_Flickr_-_archer10_(Dennis).jpg
Taj_Mahal,113197,2,commons/Southern_gate_of_the_Taj_Mahal_compound/0/pictures/Entrance_Fort-Taj_Mahal.JPG
Taj_Mahal,113197,2,"commons/Taj_Mahal_Complex_—_Gardens/0/pictures/Taj_Mahal,_Agra,_Uttar_Pradesh_hs-65.jpg"
Taj_Mahal,113197,2,"commons/Southern_gate_of_the_Taj_Mahal_compound/0/pictures/Taj_Mahal,_Agra,_Uttar_Pradesh_hs-115.jpg"
Taj_Mahal,113197,2,commons/Southern_gate_of_the_Taj_Mahal_compound/0/pictures/Taj_12.jpg
Taj_Mahal,113197,2,commons/Views_of_the_Taj_Mahal_Mausoleum_from_the_Mosque/0/pictures/Taj_Mahal_view_16.jpg
Taj_Mahal,113197,2,commons/Taj_Mahal_Complex_—_Gardens/0/pictures/The_green_Garden.jpg
Taj_Mahal,113197,2,commons/Southern_gate_of_the_Taj_Mahal_with_the_pool/0/pictures/Gateway_as_seen_from_Taj_Mahal_083130.jpg
Taj_Mahal,113197,2,commons/Southern_gate_of_the_Taj_Mahal_compound/0/pictures/Delhi_(2074786786).jpg
Taj_Mahal,113197,2,"commons/Southern_gate_of_the_Taj_Mahal_compound/0/pictures/Taj_Mahal,_Agra,_Uttar_Pradesh_hs-112.jpg"
Taj_Mahal,113197,2,commons/Southern_gate_of_the_Taj_Mahal_compound/0/pictures/ENTRY_GATE_OF_TAJ_MAHAL.jpg
Taj_Mahal,113197,2,"commons/Southern_gate_of_the_Taj_Mahal_compound/0/pictures/Taj_Mahal,_Agra_-_Visit_During_WCI_2016_(80).jpg"
Taj_Mahal,113197,2,commons/Taj_Mahal/0/pictures/Taj_Mahal_Grand_Gate_(Main_Entrance)_(22591486814).jpg
Taj_Mahal,113197,2,commons/Southern_gate_of_the_Taj_Mahal_with_the_pool/0/pictures/泰姬瑪哈陵24.jpg
Taj_Mahal,113197,2,commons/Southern_gate_of_the_Taj_Mahal_compound/0/pictures/Banke_bihaTaj_Mahalri_(317).JPG
Taj_Mahal,113197,2,commons/Southern_gate_of_the_Taj_Mahal_compound/0/pictures/Sirhi_Darwaja_-_the_inner_entrance_from_the_garden.JPG
Taj_Mahal,113197,2,commons/Southern_gate_of_the_Taj_Mahal_compound/0/pictures/Banke_bihaTaj_Mahalri_(301).JPG
Taj_Mahal,113197,2,commons/Taj_Mahal/0/pictures/Taj_Mahal_vrtmrgmpksk_(48).jpg
Taj_Mahal,113197,2,"commons/Southern_gate_of_the_Taj_Mahal_compound/0/pictures/Taj_Mahal,_Agra_-_Visit_During_WCI_2016_(22).jpg"
Taj_Mahal,113197,2,commons/Taj_Mahal_Complex_—_Gardens/0/pictures/Agra_-_Taj_Mahal_(5104675999).jpg
Taj_Mahal,113197,2,commons/Southern_gate_of_the_Taj_Mahal_compound/0/pictures/BRP_Gateway_of_Taj.jpg
Taj_Mahal,113197,2,commons/Taj_Mahal/0/pictures/Taj_Mahal_(22854155469).jpg
Taj_Mahal,113197,2,commons/Details_of_the_Southern_Gate_(Taj_Mahal)/0/pictures/Taj-Mahal-gate.jpg
Taj_Mahal,113197,2,commons/Southern_gate_of_the_Taj_Mahal_compound/0/pictures/Taj_Mahal_South_Gate.JPG
Taj_Mahal,113197,2,commons/Southern_gate_of_the_Taj_Mahal_with_the_pool/0/pictures/The_Darwaza-i-Rouza_02.jpg
Taj_Mahal,113197,2,commons/Southern_gate_of_the_Taj_Mahal_compound/0/pictures/105-Taj-Mahal-Gardens.JPG
Taj_Mahal,113197,2,commons/Southern_gate_of_the_Taj_Mahal_compound/0/pictures/Taj_Mahal_and_grounds_09.jpg
Taj_Mahal,113197,2,commons/South_side_of_the_Taj_Mahal_Tomb_with_the_pool/0/pictures/Taj_Mahal_and_grounds_wikijib-34.jpg
Taj_Mahal,113197,2,commons/Southern_gate_of_the_Taj_Mahal_with_the_pool/0/pictures/Taj_Mahal_Fountain.jpg
Taj_Mahal,113197,2,commons/Black_and_white_images_of_the_Taj_Mahal/0/pictures/The_Taj_Mahal_ag72.jpg
Taj_Mahal,113197,2,commons/South_side_of_the_Taj_Mahal_Tomb_with_the_pool/0/pictures/Taj_Mahal_Garden_1.jpg
Taj_Mahal,113197,2,commons/Southern_gate_of_the_Taj_Mahal_with_the_pool/0/pictures/Inner_Entrance_Gate_Of_Taj_Mahal.jpg
Taj_Mahal,113197,2,commons/Taj_Mahal/0/pictures/Taj_Mahal_vrtmrgmpksk_(124).jpg
Taj_Mahal,113197,2,commons/South_side_of_the_Taj_Mahal_Tomb_with_the_pool/0/pictures/Taj_Mahal_Gateway_-_panoramio.jpg
Taj_Mahal,113197,2,"commons/Black_and_white_images_of_the_Taj_Mahal/0/pictures/Taj_Mahal,_Agra,_Uttar_Pradesh_bnw-27.jpg"
Taj_Mahal,113197,2,commons/Details_of_the_Southern_Gate_(Taj_Mahal)/0/pictures/Taj_Mahal_9839.jpg
Taj_Mahal,113197,2,commons/Southern_gate_of_the_Taj_Mahal_with_the_pool/0/pictures/Gateway_to_taj.jpg
Taj_Mahal,113197,2,commons/Black_and_white_images_of_the_Taj_Mahal/0/pictures/The_Taj_Mahal_ag45.jpg
Taj_Mahal,113197,2,commons/Southern_gate_of_the_Taj_Mahal_compound/0/pictures/Darwaza-i-Rauza_(Gateway_to_the_Taj_Mahal).JPG
Taj_Mahal,113197,2,commons/Southern_gate_of_the_Taj_Mahal_compound/0/pictures/TAJ_MAHAL_Front_Gate.jpg
Taj_Mahal,113197,2,commons/Southern_gate_of_the_Taj_Mahal_with_the_pool/0/pictures/Banke_bihaTaj_Mahalri_(285).JPG
Taj_Mahal,113197,2,commons/Taj_Mahal_Complex_—_Gardens/0/pictures/India-6169_-_Flickr_-_archer10_(Dennis).jpg
Taj_Mahal,113197,2,"commons/Black_and_white_images_of_the_Taj_Mahal/0/pictures/Taj_Mahal,_Agra,_Uttar_Pradesh_bnw-41.jpg"
Taj_Mahal,113197,2,commons/Southern_gate_of_the_Taj_Mahal_with_the_pool/0/pictures/Taj_Mahal_Agra_DSC_0443.jpg
Taj_Mahal,113197,2,commons/Southern_gate_of_the_Taj_Mahal_compound/0/pictures/Banke_bihari_(358).JPG
Taj_Mahal,113197,2,commons/Taj_Mahal/0/pictures/Taj_Mahal_vrtmrgmpksk_(116).jpg
Taj_Mahal,113197,2,commons/Southern_gate_of_the_Taj_Mahal_compound/0/pictures/Taj_Mahal_Agra_3.jpg
Taj_Mahal,113197,2,commons/Southern_gate_of_the_Taj_Mahal_with_the_pool/0/pictures/Taj_Mahal_gate-5.jpg
Taj_Mahal,113197,2,commons/Black_and_white_images_of_the_Taj_Mahal/0/pictures/Taj_Mahal_tm41.jpg
Taj_Mahal,113197,2,"commons/Details_of_the_Southern_Gate_(Taj_Mahal)/0/pictures/Taj_Mahal,_Agra,_Uttar_Pradesh_hs-132.jpg"
Taj_Mahal,113197,2,commons/Southern_gate_of_the_Taj_Mahal_with_the_pool/0/pictures/Taj_Mahal_of_Agra_in_Uttar_Pradesh_21.jpg
Taj_Mahal,113197,2,commons/Taj_Mahal_Complex_—_Gardens/0/pictures/Kkm_entrance_gate_Taj_Mahal_agra_India_5.jpg
Taj_Mahal,113197,2,commons/Southern_gate_of_the_Taj_Mahal_compound/0/pictures/Main_Entrance_to_the_Taj.jpg
Taj_Mahal,113197,2,commons/Black_and_white_images_of_the_Taj_Mahal/0/pictures/Taj_Mahal_tm45.jpg
Taj_Mahal,113197,2,"commons/Black_and_white_images_of_the_Taj_Mahal/0/pictures/Taj_Mahal,_Agra,_Uttar_Pradesh_bnw-122.jpg"
Taj_Mahal,113197,2,commons/Southern_gate_of_the_Taj_Mahal_with_the_pool/0/pictures/BEAUTY_of_the_place.jpg
Taj_Mahal,113197,2,"commons/Black_and_white_images_of_the_Taj_Mahal/0/pictures/Taj_Mahal,_Agra,_Uttar_Pradesh_bnw-116.jpg"
Taj_Mahal,113197,2,commons/Southern_gate_of_the_Taj_Mahal_compound/0/pictures/泰姬瑪哈陵362.jpg
Taj_Mahal,113197,2,commons/Black_and_white_images_of_the_Taj_Mahal/0/pictures/Taj_Mahal_tm44.jpg
Taj_Mahal,113197,2,"commons/Black_and_white_images_of_the_Taj_Mahal/0/pictures/Taj_Mahal,_Agra,_Uttar_Pradesh_bnw-100.jpg"
Taj_Mahal,113197,2,commons/Southern_gate_of_the_Taj_Mahal_compound/0/pictures/Main_Gate_-_Taj_Mahal.JPG
Taj_Mahal,113197,2,commons/Southern_gate_of_the_Taj_Mahal_compound/0/pictures/Banke_bihari_(357).JPG
Taj_Mahal,113197,2,commons/Black_and_white_images_of_the_Taj_Mahal/0/pictures/The_Taj_Mahal_ag70.jpg
Taj_Mahal,113197,2,commons/Southern_gate_of_the_Taj_Mahal_compound/0/pictures/Darwaza-i-rauza_(Entrance_of_The_Taj_Mahal).JPG
Taj_Mahal,113197,2,"commons/Taj_Mahal_Complex_—_Gardens/0/pictures/Taj_Mahal,_Agra,_Uttar_Pradesh_vi-65.jpg"
Taj_Mahal,113197,2,"commons/Southern_gate_of_the_Taj_Mahal_compound/0/pictures/Taj_Mahal,_Agra,_Uttar_Pradesh_hs-41.jpg"
Taj_Mahal,113197,2,"commons/Black_and_white_images_of_the_Taj_Mahal/0/pictures/Taj_Mahal,_Agra,_Uttar_Pradesh_bnw-115.jpg"
Taj_Mahal,113197,2,commons/Taj_Mahal_Complex_—_Gardens/0/pictures/Banke_bihaTaj_Mahalri_(294).JPG
Taj_Mahal,113197,2,commons/Southern_gate_of_the_Taj_Mahal_compound/0/pictures/ENTRANCE_GATE_TAJMAHAL.JPG
Taj_Mahal,113197,2,commons/Southern_gate_of_the_Taj_Mahal_with_the_pool/0/pictures/The_Taj_Mahal_ag43.jpg
Taj_Mahal,113197,2,"commons/Black_and_white_images_of_the_Taj_Mahal/0/pictures/Taj_Mahal_gateway,_India,_2013-03_(11551667026).jpg"
Taj_Mahal,113197,2,commons/Southern_gate_of_the_Taj_Mahal_compound/0/pictures/Taj_mahal_east_gate.jpg
Taj_Mahal,113197,2,"commons/Black_and_white_images_of_the_Taj_Mahal/0/pictures/Taj_Mahal,_Agra,_Uttar_Pradesh_bnw-112.jpg"
Taj_Mahal,113197,2,commons/Southern_gate_of_the_Taj_Mahal_compound/0/pictures/Taj_Mahal_Garden.jpg
Taj_Mahal,113197,2,commons/Black_and_white_images_of_the_Taj_Mahal/0/pictures/The_Taj_Mahal_ag93.jpg
Taj_Mahal,113197,2,"commons/Southern_gate_of_the_Taj_Mahal_compound/0/pictures/Taj_Mahal,_Agra,_Uttar_Pradesh_te-114.jpg"
Taj_Mahal,113197,2,"commons/Black_and_white_images_of_the_Taj_Mahal/0/pictures/Taj_Mahal,_Agra,_Uttar_Pradesh_bnw-132.jpg"
Taj_Mahal,113197,2,commons/Southern_gate_of_the_Taj_Mahal_with_the_pool/0/pictures/Entrance_of_the_Taj_Mahal.jpg
Taj_Mahal,113197,2,commons/Southern_gate_of_the_Taj_Mahal_with_the_pool/0/pictures/The_Taj_Mahal_ag42.jpg
Taj_Mahal,113197,2,commons/Water_reflections_at_the_Taj_Mahal/0/pictures/Taj_Mahal_gate-6.jpg
Taj_Mahal,113197,2,commons/Southern_gate_of_the_Taj_Mahal_compound/0/pictures/Dwar_axis.JPG
Taj_Mahal,113197,2,"commons/Southern_gate_of_the_Taj_Mahal_compound/0/pictures/Taj_Mahal,_Agra,_Uttar_Pradesh_hs-114.jpg"
Taj_Mahal,113197,2,commons/Water_reflections_at_the_Taj_Mahal/0/pictures/Taj_Mahal_gate-5.jpg
Taj_Mahal,113197,2,commons/Taj_Mahal_in_2011/0/pictures/103-Taj-Mahal-Gardens.JPG
Taj_Mahal,113197,2,"commons/Southern_gate_of_the_Taj_Mahal_with_the_pool/0/pictures/The_Taj_Mahal_Gateway,_Agra,_Uttar_Pradesh,_India.jpg"
Taj_Mahal,113197,2,"commons/Southern_gate_of_the_Taj_Mahal_compound/0/pictures/AGRA_FORT,_INDIA.jpg"
Taj_Mahal,113197,2,"commons/Black_and_white_images_of_the_Taj_Mahal/0/pictures/Taj_Mahal_gateway_and_gardens,_India,_2013-03_(11551790583).jpg"
Taj_Mahal,113197,2,commons/Southern_gate_of_the_Taj_Mahal_compound/0/pictures/Taj_Mahal_0064.jpg
Taj_Mahal,113197,2,commons/Southern_gate_of_the_Taj_Mahal_with_the_pool/0/pictures/Sirhi_Darwaja_maashish2.JPG
Taj_Mahal,113197,2,"commons/Black_and_white_images_of_the_Taj_Mahal/0/pictures/Taj_Mahal,_Agra,_Uttar_Pradesh_bnw-123.jpg"
Taj_Mahal,113197,2,commons/Southern_gate_of_the_Taj_Mahal_compound/0/pictures/Entrance_gate_of_Taj.jpg
Taj_Mahal,113197,2,commons/Black_and_white_images_of_the_Taj_Mahal/0/pictures/The_Taj_Mahal_ag94.jpg
Taj_Mahal,113197,2,commons/Taj_Mahal_in_2011/0/pictures/105-Taj-Mahal-Gardens.JPG
Taj_Mahal,113197,2,"commons/Southern_gate_of_the_Taj_Mahal_with_the_pool/0/pictures/The_Taj_Mahal_main_gate,_Agra.jpg"
Taj_Mahal,113197,2,commons/Southern_gate_of_the_Taj_Mahal_compound/0/pictures/Agra_-_Taj_Mahal_(5104675999).jpg
Taj_Mahal,113197,2,"commons/Black_and_white_images_of_the_Taj_Mahal/0/pictures/Taj_Mahal_gateway_and_gardens,_India,_2013-03_(11551780873).jpg"
Taj_Mahal,113197,2,commons/Southern_gate_of_the_Taj_Mahal_compound/0/pictures/Nice_view_from_Taj.jpg
Taj_Mahal,113197,2,commons/Southern_gate_of_the_Taj_Mahal_with_the_pool/0/pictures/泰姬瑪哈陵386.jpg
Taj_Mahal,113197,2,commons/Southern_gate_of_the_Taj_Mahal_compound/0/pictures/Banke_bihaTaj_Mahalri_(286).JPG
Taj_Mahal,113197,2,"commons/Southern_gate_of_the_Taj_Mahal_compound/0/pictures/Taj_Mahal,_Agra_-_Visit_During_WCI_2016_(20).jpg"
Taj_Mahal,113197,2,commons/North_side_of_the_Taj_Mahal/0/pictures/Taj_Mahal_view_16.jpg
Taj_Mahal,113197,2,"commons/Southern_gate_of_the_Taj_Mahal_compound/0/pictures/Taj_Mahal,_Agra_107.jpg"
Taj_Mahal,113197,2,commons/Southern_gate_of_the_Taj_Mahal_compound/0/pictures/Banke_bihari_(356).JPG
Taj_Mahal,113197,2,commons/Black_and_white_images_of_the_Taj_Mahal/0/pictures/Taj_Mahal_tm20.jpg
Taj_Mahal,113197,2,commons/Taj_Mahal_Complex_—_Gardens/0/pictures/El_Taj_Mahal-Agra_India0012.JPG
Taj_Mahal,113197,2,"commons/Black_and_white_images_of_the_Taj_Mahal/0/pictures/Taj_Mahal,_Agra,_Uttar_Pradesh_bnw-131.jpg"
Taj_Mahal,113197,2,commons/Southern_gate_of_the_Taj_Mahal_with_the_pool/0/pictures/Gateway_to_the_Taj_Mahal_(6612384557).jpg
Taj_Mahal,113197,2,commons/Black_and_white_images_of_the_Taj_Mahal/0/pictures/Taj_Mahal_tm40.jpg
Taj_Mahal,113197,2,commons/Southern_gate_of_the_Taj_Mahal_compound/0/pictures/The_Buland_Darwaza_in_all_its_Glory.jpg
Taj_Mahal,113197,2,"commons/Black_and_white_images_of_the_Taj_Mahal/0/pictures/Taj_Mahal,_Agra,_Uttar_Pradesh_bnw-114.jpg"
Taj_Mahal,113197,2,"commons/Southern_gate_of_the_Taj_Mahal_compound/0/pictures/Taj_Mahal,_Agra_-_Visit_During_WCI_2016_(33).jpg"
Taj_Mahal,113197,2,commons/Southern_gate_of_the_Taj_Mahal_compound/0/pictures/Taj_018.jpg
Taj_Mahal,113197,2,commons/Southern_gate_of_the_Taj_Mahal_with_the_pool/0/pictures/Inde_Uttar_Pradesh_Agra_Taj_Mahal_Portail_Bassin_-_panoramio.jpg
Taj_Mahal,113197,2,"commons/Southern_gate_of_the_Taj_Mahal_compound/0/pictures/Taj_Mahal,_Agra,_Uttar_Pradesh_vi-27.jpg"
Taj_Mahal,113197,2,commons/Southern_gate_of_the_Taj_Mahal_compound/0/pictures/Daewaza-i_Rauza.jpg
Taj_Mahal,113197,2,commons/Black_and_white_images_of_the_Taj_Mahal/0/pictures/Taj_Mahal_tm43.jpg
Taj_Mahal,113197,2,commons/Southern_gate_of_the_Taj_Mahal_with_the_pool/0/pictures/TajWalkway.jpg
Taj_Mahal,113197,2,commons/Historical_images_of_the_exterior_of_the_Taj_Mahal/0/pictures/The_Entrance_Gate_-_Taj_Mahal_LACMA_M.90.24.38.jpg
Taj_Mahal,113197,2,commons/Taj_Mahal_Complex_—_Gardens/0/pictures/Tajmahal_entry_gateway.jpg
Taj_Mahal,113197,2,commons/Taj_Mahal/0/pictures/Taj_gate-_3.jpg
Taj_Mahal,113197,2,commons/Southern_gate_of_the_Taj_Mahal_compound/0/pictures/The_Darwaza-i-Rouza_03.jpg
Taj_Mahal,113197,2,commons/Black_and_white_images_of_the_Taj_Mahal/0/pictures/The_Taj_Mahal_ag90.jpg
Taj_Mahal,113197,2,commons/Southern_gate_of_the_Taj_Mahal_compound/0/pictures/Sirhi_Darwaja.JPG
Taj_Mahal,113197,2,commons/Taj_Mahal_Complex_—_Gardens/0/pictures/Taj_Mahal_Main_Entrance_to_Tomb_(22827825127).jpg
Taj_Mahal,113197,2,"commons/Southern_gate_of_the_Taj_Mahal_compound/0/pictures/Taj_Mahal_gateway,_India,_2013-03_(11551835836).jpg"
Taj_Mahal,113197,2,commons/South_side_of_Taj_Mahal_Tomb_viewed_from_the_gateway/0/pictures/Taj_Mahal_view_16.jpg
Taj_Mahal,113197,2,commons/Southern_gate_of_the_Taj_Mahal_with_the_pool/0/pictures/Entrance_of_the_TajMahal.jpg
Taj_Mahal,113197,2,commons/Black_and_white_images_of_the_Taj_Mahal/0/pictures/The_Taj_Mahal_ag91.jpg
Taj_Mahal,113197,2,commons/Taj_Mahal_Complex_—_Gardens/0/pictures/Taj_12.jpg
Taj_Mahal,113197,2,commons/Southern_gate_of_the_Taj_Mahal_compound/0/pictures/Southerngate_of_tajmahal.jpg
Taj_Mahal,113197,2,"commons/Southern_gate_of_the_Taj_Mahal_with_the_pool/0/pictures/Agra,_Taj_Mahal_(2002)_35.jpg"
Taj_Mahal,113197,2,commons/Taj_Mahal/0/pictures/IN_Agra_0905_(58)_(17255823455).jpg
Taj_Mahal,113197,2,commons/Black_and_white_images_of_the_Taj_Mahal/0/pictures/The_Taj_Mahal_ag95.jpg
Taj_Mahal,113197,2,"commons/Southern_gate_of_the_Taj_Mahal_compound/0/pictures/Taj_Mahal,_Agra,_Uttar_Pradesh_te-115.jpg"
Taj_Mahal,113197,2,commons/Remote_views_of_the_Taj_Mahal/0/pictures/Taj_Mahal_view_16.jpg
Taj_Mahal,113197,2,commons/Taj_Mahal_Complex_—_Gardens/0/pictures/Walkways_beside_reflecting_pool.jpg
Taj_Mahal,113197,2,commons/Southern_gate_of_the_Taj_Mahal_with_the_pool/0/pictures/Taj_019.jpg
Taj_Mahal,113197,2,commons/Taj_Mahal_Complex_—_Gardens/0/pictures/Banke_bihaTaj_Mahalri_(279).JPG
Taj_Mahal,113197,2,"commons/Water_reflections_at_the_Taj_Mahal/0/pictures/The_Taj_Mahal_Gateway,_Agra,_Uttar_Pradesh,_India.jpg"
Taj_Mahal,113197,2,commons/Southern_gate_of_the_Taj_Mahal_compound/0/pictures/DSCN4585-01.jpg
Taj_Mahal,113197,2,commons/Taj_Mahal/0/pictures/Taj_Mahal_vrtmrgmpksk_(97).jpg
Taj_Mahal,113197,2,"commons/Southern_gate_of_the_Taj_Mahal_compound/0/pictures/Taj_Mahal,_Agra,_Uttar_Pradesh_te-116.jpg"
Taj_Mahal,113197,2,commons/Southern_gate_of_the_Taj_Mahal_compound/0/pictures/Taj_Mahal_Grand_Gate_(Main_Entrance)_(22847241979).jpg
Taj_Mahal,113197,2,"commons/Southern_gate_of_the_Taj_Mahal_with_the_pool/0/pictures/Taj_Mahal,_Agra_-_Visit_During_WCI_2016_(64).jpg"
Taj_Mahal,113197,2,commons/Taj_Mahal_Complex_—_Gardens/0/pictures/India-6152_-_Flickr_-_archer10_(Dennis).jpg
Taj_Mahal,113197,2,commons/Southern_gate_of_the_Taj_Mahal_compound/0/pictures/India_9(6).jpg
Taj_Mahal,113197,2,"commons/Southern_gate_of_the_Taj_Mahal_with_the_pool/0/pictures/Taj_Mahal,_view_towards_front_gate_-_panoramio_(1).jpg"
Taj_Mahal,113197,2,commons/Black_and_white_images_of_the_Taj_Mahal/0/pictures/Protection_of_mahal.jpg
Taj_Mahal,113197,2,"commons/Taj_Mahal_Complex_—_Gardens/0/pictures/Taj_Mahal,_view_towards_front_gate_-_panoramio_(2).jpg"
Taj_Mahal,113197,2,"commons/Southern_gate_of_the_Taj_Mahal_compound/0/pictures/Taj_Mahal,_Agra,_Uttar_Pradesh_te-112.jpg"
Taj_Mahal,113197,2,commons/Southern_gate_of_the_Taj_Mahal_with_the_pool/0/pictures/Gateway_as_seen_from_Taj_Mahal_083138.jpg
Taj_Mahal,113197,2,commons/Exterior_of_the_Taj_Mahal/0/pictures/Taj_Mahal_Complex_(1580848405).jpg
Taj_Mahal,113197,2,commons/Southern_gate_of_the_Taj_Mahal_with_the_pool/0/pictures/Img-gatetajmahal.jpg
Taj_Mahal,113197,2,commons/Southern_gate_of_the_Taj_Mahal_compound/0/pictures/Entrance_Gate_of_Taj_Mahal.jpg
Taj_Mahal,113197,2,"commons/Details_of_the_Southern_Gate_(Taj_Mahal)/0/pictures/Taj_Mahal,_Agra_123.jpg"
Taj_Mahal,113197,2,commons/Taj_Mahal_Complex_—_Gateways/0/pictures/Tourists_at_the_Taj_Mahal.jpg
Taj_Mahal,113197,2,commons/Southern_gate_of_the_Taj_Mahal_with_the_pool/0/pictures/Taj_Mahal_surrounding.jpg
Taj_Mahal,113197,2,commons/Taj_Mahal/0/pictures/IN_Agra_0905_(59)_(17068257690).jpg
Taj_Mahal,113197,2,commons/Black_and_white_images_of_the_Taj_Mahal/0/pictures/The_Taj_Mahal_ag92.jpg
Taj_Mahal,113197,2,commons/Southern_gate_of_the_Taj_Mahal_compound/0/pictures/Taj_Mahal_and_grounds_-_Sirhi_Darwaja.jpg
Taj_Mahal,113197,2,"commons/Southern_gate_of_the_Taj_Mahal_with_the_pool/0/pictures/Taj_Mahal,_Agra_-_Visit_During_WCI_2016_(34).jpg"
Taj_Mahal,113197,2,commons/South_side_of_the_Taj_Mahal/0/pictures/Taj_Mahal_south_gate_(4570447625).jpg
Taj_Mahal,113197,2,commons/Taj_Mahal/0/pictures/Taj_Mahal_vrtmrgmpksk_(125).jpg
Taj_Mahal,113197,2,commons/Southern_gate_of_the_Taj_Mahal_compound/0/pictures/Taj_Mahal_0068.jpg
Taj_Mahal,113197,2,commons/Southern_gate_of_the_Taj_Mahal_with_the_pool/0/pictures/Sirhi_Darwaja_maashish3.JPG
Taj_Mahal,113197,2,"commons/Details_of_the_Southern_Gate_(Taj_Mahal)/0/pictures/Taj_Mahal,_Agra,_Uttar_Pradesh_hs-27.jpg"
Taj_Mahal,113197,2,commons/Southern_gate_of_the_Taj_Mahal_with_the_pool/0/pictures/Taj_Mahal_agra_24.JPG
Taj_Mahal,113197,2,commons/Southern_gate_of_the_Taj_Mahal_compound/0/pictures/Big_gate.jpg
Taj_Mahal,113197,2,commons/Black_and_white_images_of_the_Taj_Mahal/0/pictures/Taj_Mahal_tm22.jpg
Taj_Mahal,113197,2,commons/Black_and_white_images_of_the_Taj_Mahal/0/pictures/Taj_Mahal_tm42.jpg
Taj_Mahal,113197,2,commons/Framed_views_of_the_Taj_Mahal/0/pictures/Taj_Mahal_view_16.jpg
Taj_Mahal,113197,2,commons/Details_of_the_Southern_Gate_(Taj_Mahal)/0/pictures/The_Pearl_in_the_Oyster.jpg
Taj_Mahal,113197,2,"commons/Southern_gate_of_the_Taj_Mahal_compound/0/pictures/Taj_Mahal_gateway,_India,_2013-03_(11551667026).jpg"
Taj_Mahal,113197,2,commons/Taj_Mahal/0/pictures/Taj_Mahal_vrtmrgmpksk_(33).jpg
Taj_Mahal,113197,2,commons/Southern_gate_of_the_Taj_Mahal_compound/0/pictures/Taj_Mahal_of_Agra_in_Uttar_Pradesh_02.jpg
Taj_Mahal,113197,2,"commons/Taj_Mahal_Complex_—_Gardens/0/pictures/Taj_Mahal_gateway_and_gardens,_India,_2013-03_(11551780873).jpg"
Taj_Mahal,113197,2,commons/Southern_gate_of_the_Taj_Mahal_compound/0/pictures/Taj_Mahal_of_Agra_in_Uttar_Pradesh_07.jpg
Taj_Mahal,113197,2,commons/Taj_Mahal_Complex_—_Gardens/0/pictures/Taj_Mahal_gateway_and_gardens.jpg
Taj_Mahal,113197,2,commons/Southern_gate_of_the_Taj_Mahal_compound/0/pictures/Taj_Mahal_m3.jpg
Taj_Mahal,113197,2,commons/Southern_gate_of_the_Taj_Mahal_compound/0/pictures/Taj_Mahal_gate_from_inside_-_panoramio.jpg
Taj_Mahal,113197,2,"commons/Southern_gate_of_the_Taj_Mahal_compound/0/pictures/Taj_Mahal,_Agra_-_Visit_During_WCI_2016_(60).jpg"
Taj_Mahal,113197,2,"commons/Southern_gate_of_the_Taj_Mahal_compound/0/pictures/Taj_Mahal,_Agra_-_Visit_During_WCI_2016_(61).jpg"
Taj_Mahal,113197,2,"commons/Southern_gate_of_the_Taj_Mahal_compound/0/pictures/Taj_Mahal,_Agra_-_Visit_During_WCI_2016_(62).jpg"
Taj_Mahal,113197,2,commons/Taj_Mahal/0/pictures/Taj_Mahal_vrtmrgmpksk_(56).jpg
Taj_Mahal,113197,2,"commons/Panoramics_of_the_Taj_Mahal/0/pictures/Agra,_panorámicas_(2002)_16.jpg"
Taj_Mahal,113197,2,"commons/Southern_gate_of_the_Taj_Mahal_compound/0/pictures/Taj_Mahal,_Agra_-_Visit_During_WCI_2016_(66).jpg"
Taj_Mahal,113197,2,"commons/Southern_gate_of_the_Taj_Mahal_compound/0/pictures/Taj_Mahal,_Agra_-_Visit_During_WCI_2016_(75).jpg"
Taj_Mahal,113197,2,"commons/Southern_gate_of_the_Taj_Mahal_compound/0/pictures/Taj_Mahal,_Agra_-_Visit_During_WCI_2016_(76).jpg"
Taj_Mahal,113197,2,"commons/Southern_gate_of_the_Taj_Mahal_compound/0/pictures/Taj_Mahal,_Agra_106.jpg"
Taj_Mahal,113197,2,"commons/Southern_gate_of_the_Taj_Mahal_compound/0/pictures/Taj_Mahal,_Agra_92.jpg"
Taj_Mahal,113197,2,"commons/Southern_gate_of_the_Taj_Mahal_compound/0/pictures/Taj_Mahal,_Agra_104.jpg"
Taj_Mahal,113197,2,commons/Details_of_the_Southern_Gate_(Taj_Mahal)/0/pictures/Agra2017_0129.jpg
Taj_Mahal,113197,2,"commons/Southern_gate_of_the_Taj_Mahal_compound/0/pictures/Taj_Mahal,_Agra,_Uttar_Pradesh_hs-100.jpg"
Taj_Mahal,113197,2,"commons/Taj_Mahal_Complex_—_Gardens/0/pictures/Taj_Mahal,_Agra4.jpg"
Taj_Mahal,113197,2,commons/Details_of_the_Southern_Gate_(Taj_Mahal)/0/pictures/BRP_Taj_Mahal_entrance_Dome_art.jpg
Taj_Mahal,113197,2,"commons/Southern_gate_of_the_Taj_Mahal_compound/0/pictures/Taj_Mahal,_Agra,_Uttar_Pradesh_hs-131.jpg"
Taj_Mahal,113197,2,"commons/Southern_gate_of_the_Taj_Mahal_compound/0/pictures/Taj_Mahal,_Agra_views_from_around_(40).JPG"
Taj_Mahal,113197,2,"commons/Taj_Mahal_Complex_—_Gardens/0/pictures/Taj_Mahal,_Agra,_Uttar_Pradesh_hs-116.jpg"
Taj_Mahal,113197,2,"commons/Southern_gate_of_the_Taj_Mahal_compound/0/pictures/Taj_Mahal,_Agra,_Uttar_Pradesh_s-100.jpg"
Taj_Mahal,113197,2,"commons/Taj_Mahal_Complex_—_Gardens/0/pictures/Taj_Mahal,_Agra,_Uttar_Pradesh_hs-64.jpg"
Taj_Mahal,113197,2,"commons/Southern_gate_of_the_Taj_Mahal_compound/0/pictures/Taj_Mahal,_Agra_34.jpg"
Taj_Mahal,113197,2,"commons/Southern_gate_of_the_Taj_Mahal_compound/0/pictures/Taj_Mahal,_Agra,_Uttar_Pradesh_s-41.jpg"
Taj_Mahal,113197,2,"commons/Southern_gate_of_the_Taj_Mahal_compound/0/pictures/Taj_Mahal,_Agra,_Uttar_Pradesh_te-100.jpg"
Taj_Mahal,113197,2,commons/Taj_Mahal/0/pictures/Taj_Mahal_vrtmrgmpksk_(99).jpg
Taj_Mahal,113197,2,"commons/Southern_gate_of_the_Taj_Mahal_compound/0/pictures/Taj_Mahal,_Agra,_Uttar_Pradesh_te-132.jpg"
Taj_Mahal,113197,2,"commons/Southern_gate_of_the_Taj_Mahal_compound/0/pictures/Taj_Mahal,_Agra,_Uttar_Pradesh_te-131.jpg"
Taj_Mahal,113197,2,"commons/Southern_gate_of_the_Taj_Mahal_compound/0/pictures/Taj_Mahal,_Agra,_Uttar_Pradesh_vi-41.jpg"
Taj_Mahal,113197,2,commons/Taj_Mahal/0/pictures/Taj_Mahal_vrtmrgmpksk_(98).jpg
Taj_Mahal,113197,2,commons/Southern_gate_of_the_Taj_Mahal_compound/0/pictures/Taj_main_gate.jpg
Taj_Mahal,113197,2,commons/Southern_gate_of_the_Taj_Mahal_compound/0/pictures/Taj35.JPG
Taj_Mahal,113197,2,commons/Southern_gate_of_the_Taj_Mahal_compound/0/pictures/Taj_shahjahan.jpg
Taj_Mahal,113197,2,commons/Southern_gate_of_the_Taj_Mahal_compound/0/pictures/Taj34.JPG
Taj_Mahal,113197,2,commons/Southern_gate_of_the_Taj_Mahal_compound/0/pictures/Tajmahal8.JPG
Taj_Mahal,113197,2,commons/Southern_gate_of_the_Taj_Mahal_compound/0/pictures/Tajmahalentrance.jpg
Taj_Mahal,113197,2,commons/Taj_Mahal_Complex_—_Gardens/0/pictures/Tajmahal8.JPG
Taj_Mahal,113197,2,commons/South_side_of_the_Taj_Mahal_Tomb_with_the_pool/0/pictures/Taj_mahal_garden.jpg
Taj_Mahal,113197,2,commons/Southern_gate_of_the_Taj_Mahal_compound/0/pictures/The_far-away_gates.JPG
Taj_Mahal,113197,2,commons/Taj_Mahal/0/pictures/Taj_Mahal_(16).jpg
Taj_Mahal,113197,2,commons/Southern_gate_of_the_Taj_Mahal_compound/0/pictures/The_green_Garden.jpg
Taj_Mahal,113197,2,commons/Southern_gate_of_the_Taj_Mahal_compound/0/pictures/泰姬瑪哈陵363.jpg
Taj_Mahal,113197,2,commons/Taj_Mahal_Complex_—_Gardens/0/pictures/The_Taj_Garden's_and_the_entrance.jpg
Taj_Mahal,113197,2,commons/Southern_gate_of_the_Taj_Mahal_with_the_pool/0/pictures/All_are_equal.JPG
Taj_Mahal,113197,2,commons/Southern_gate_of_the_Taj_Mahal_with_the_pool/0/pictures/Banke_bihaTaj_Mahalri_(279).JPG
Taj_Mahal,113197,2,commons/Southern_gate_of_the_Taj_Mahal_with_the_pool/0/pictures/AClickFrom_TajMahal.jpg
Taj_Mahal,113197,2,commons/Southern_gate_of_the_Taj_Mahal_with_the_pool/0/pictures/Banke_bihaTaj_Mahalri_(278).JPG
Taj_Mahal,113197,2,commons/Southern_gate_of_the_Taj_Mahal_with_the_pool/0/pictures/DSC_1037-01.jpg
Taj_Mahal,113197,2,commons/Southern_gate_of_the_Taj_Mahal_with_the_pool/0/pictures/GARDEN_TAJ_MAHAL_IMG_20170925_121301.jpg
Taj_Mahal,113197,2,commons/Southern_gate_of_the_Taj_Mahal_with_the_pool/0/pictures/El_Taj_Mahal-Agra_India0012.JPG
Taj_Mahal,113197,2,"commons/Southern_gate_of_the_Taj_Mahal_with_the_pool/0/pictures/Entrance_of_Taj_Mahal,_Agra.jpg"
Taj_Mahal,113197,2,commons/Southern_gate_of_the_Taj_Mahal_with_the_pool/0/pictures/Entry_gate_for_Taj_Mahal_1may16.jpg
Taj_Mahal,113197,2,commons/Southern_gate_of_the_Taj_Mahal_with_the_pool/0/pictures/Drinking_Fountain_Facing_The_Taj_Gate.JPG
Taj_Mahal,113197,2,commons/Southern_gate_of_the_Taj_Mahal_with_the_pool/0/pictures/Gate_to_the_Taj.jpg
Taj_Mahal,113197,2,"commons/Taj_Mahal_in_2002/0/pictures/Agra,_Taj_Mahal_(2002)_35.jpg"
Taj_Mahal,113197,2,commons/Southern_gate_of_the_Taj_Mahal_with_the_pool/0/pictures/Historic_Monument.png
Taj_Mahal,113197,2,commons/Southern_gate_of_the_Taj_Mahal_with_the_pool/0/pictures/Near_Taj_Mahal_Entrance_Gateway_of_Khan-i-Alam_Bagh_1may16.jpg
Taj_Mahal,113197,2,commons/Southern_gate_of_the_Taj_Mahal_with_the_pool/0/pictures/LRE-7.jpg
Taj_Mahal,113197,2,commons/Southern_gate_of_the_Taj_Mahal_with_the_pool/0/pictures/Outside_gate_of_Tajmahal.jpg
Taj_Mahal,113197,2,commons/Southern_gate_of_the_Taj_Mahal_with_the_pool/0/pictures/Sirhi_darwaja_at_its_best.jpg
Taj_Mahal,113197,2,commons/Taj_Mahal_Complex_—_Gardens/0/pictures/View_From_Taj_Mahal_June_2006.JPG
Taj_Mahal,113197,2,commons/Southern_gate_of_the_Taj_Mahal_with_the_pool/0/pictures/Sirhi_Darwaja_and_the_garden-as_seen_from_Taj_02.JPG
Taj_Mahal,113197,2,"commons/Southern_gate_of_the_Taj_Mahal_with_the_pool/0/pictures/Mumtaj_mahal,_Agra.jpg"
Taj_Mahal,113197,2,commons/Southern_gate_of_the_Taj_Mahal_with_the_pool/0/pictures/Sirhi_Darwaja_and_the_garden-as_seen_from_Taj_01.JPG
Taj_Mahal,113197,2,commons/Southern_gate_of_the_Taj_Mahal_with_the_pool/0/pictures/Taj_.South_enterence.jpg
Taj_Mahal,113197,2,"commons/Historical_images_of_the_exterior_of_the_Taj_Mahal/0/pictures/Entrance_gate_to_the_Taj_Mahal,_India_Wellcome_V0037704ER.jpg"
Taj_Mahal,113197,2,commons/Southern_gate_of_the_Taj_Mahal_with_the_pool/0/pictures/Taj_Mahal_17_(Friar's_Balsam_Flickr).jpg
Taj_Mahal,113197,2,commons/Southern_gate_of_the_Taj_Mahal_with_the_pool/0/pictures/Taj_020.jpg
Taj_Mahal,113197,2,commons/Taj_Mahal_Complex_—_Gardens/0/pictures/Walkways_beside_reflecting_pool-Taj_Mahal_&_Grounds_01.JPG
Taj_Mahal,113197,2,commons/Southern_gate_of_the_Taj_Mahal_with_the_pool/0/pictures/Taj_2_agost_05.jpg
Taj_Mahal,113197,2,commons/Southern_gate_of_the_Taj_Mahal_with_the_pool/0/pictures/Taj_Mahal_Agra_DSC_0446.jpg
Taj_Mahal,113197,2,commons/Southern_gate_of_the_Taj_Mahal_with_the_pool/0/pictures/Taj_Mahal_Complex_(1580848405).jpg
Taj_Mahal,113197,2,commons/Southern_gate_of_the_Taj_Mahal_with_the_pool/0/pictures/Taj_Mahal_13.jpg
Taj_Mahal,113197,2,commons/Taj_Mahal_Complex_—_Gardens/0/pictures/Walkways_beside_reflecting_pool-Taj_Mahal_&_Grounds_02.JPG
Taj_Mahal,113197,2,commons/Southern_gate_of_the_Taj_Mahal_with_the_pool/0/pictures/Taj_Mahal_Agra_DSC_0447.jpg
Taj_Mahal,113197,2,commons/Southern_gate_of_the_Taj_Mahal_with_the_pool/0/pictures/Taj_Mahal_Agra_DSC_0477.jpg
Taj_Mahal,113197,2,commons/Southern_gate_of_the_Taj_Mahal_with_the_pool/0/pictures/Taj_Mahal_Agra_DSC_0478.jpg
Taj_Mahal,113197,2,commons/Southern_gate_of_the_Taj_Mahal_with_the_pool/0/pictures/Taj_Mahal_Main_Gate.jpg
Taj_Mahal,113197,2,commons/South_side_of_the_Taj_Mahal_Tomb_with_the_pool/0/pictures/The_Great_Gate_(seen_from_the_Taj_Mahal).JPG
Taj_Mahal,113197,2,commons/Southern_gate_of_the_Taj_Mahal_with_the_pool/0/pictures/Taj_Mahal_Great_Gate.JPG
Taj_Mahal,113197,2,"commons/Historical_images_of_the_exterior_of_the_Taj_Mahal/0/pictures/Gezicht_op_de_zuid_poort_van_de_Taj_Mahal_in_Agra,_gezien_vanuit_de_Taj_Mahal_Agra-Entrancegate_to_Taj-Mahal-seen_from_terrace_of_Taj_(titel_op_object),_RP-F-F02436.jpg"
Taj_Mahal,113197,2,commons/Southern_gate_of_the_Taj_Mahal_with_the_pool/0/pictures/Taj_Mahal_agra_23.JPG
Taj_Mahal,113197,2,commons/Southern_gate_of_the_Taj_Mahal_with_the_pool/0/pictures/Taj_Mahal_Main_Entrance_to_Tomb_(23221942385).jpg
Taj_Mahal,113197,2,commons/Southern_gate_of_the_Taj_Mahal_with_the_pool/0/pictures/Taj_Mahal_Entrance.JPG
Taj_Mahal,113197,2,commons/Southern_gate_of_the_Taj_Mahal_with_the_pool/0/pictures/Taj_Mahal_agra_22.JPG
Taj_Mahal,113197,2,commons/Taj_Mahal_Complex_—_Gateways/0/pictures/Taj_Mahal_Agra_Uttar_Pradesh-03.jpg
Taj_Mahal,113197,2,commons/Southern_gate_of_the_Taj_Mahal_with_the_pool/0/pictures/Taj_Mahal_Main_Entrance_to_Tomb_(23221883775).jpg
Taj_Mahal,113197,2,"commons/Southern_gate_of_the_Taj_Mahal_with_the_pool/0/pictures/Taj_Mahal_gateway_and_gardens,_India,_2013-03_(11551780873).jpg"
Taj_Mahal,113197,2,commons/Southern_gate_of_the_Taj_Mahal_with_the_pool/0/pictures/Taj_Mahal_South_Entrance_Gateway.JPG
Taj_Mahal,113197,2,commons/Taj_Mahal/0/pictures/Taj_Mahal_5_(117006289).jpeg
Taj_Mahal,113197,2,commons/Southern_gate_of_the_Taj_Mahal_with_the_pool/0/pictures/Taj_Mahal_m1.jpg
Taj_Mahal,113197,2,commons/Southern_gate_of_the_Taj_Mahal_with_the_pool/0/pictures/Taj_Mahal_m4.jpg
Taj_Mahal,113197,2,commons/Southern_gate_of_the_Taj_Mahal_with_the_pool/0/pictures/Taj_Mahal_m5.jpg
Taj_Mahal,113197,2,commons/Southern_gate_of_the_Taj_Mahal_with_the_pool/0/pictures/Taj_Mahal_inner_entrance_Gate.jpg
Taj_Mahal,113197,2,commons/Southern_gate_of_the_Taj_Mahal_with_the_pool/0/pictures/Taj_Mahal_gate.JPG
Taj_Mahal,113197,2,commons/Southern_gate_of_the_Taj_Mahal_with_the_pool/0/pictures/Taj_Mahal_gate-6.jpg
Taj_Mahal,113197,3,commons/Yamuna_River_at_the_Taj_Mahal/0/pictures/Taj_Mahal-08.jpg
Taj_Mahal,113197,3,"commons/Taj_Mahal_in_2002/0/pictures/Agra,_Taj_Mahal_(2002)_52.jpg"
Taj_Mahal,113197,3,"commons/Taj_Mahal_in_2002/0/pictures/Agra,_Taj_Mahal_(2002)_51.jpg"
Taj_Mahal,113197,3,"commons/Taj_Mahal_Complex_—_Tomb/0/pictures/Taj_Mahal,Agra,India_12.jpg"
Taj_Mahal,113197,3,"commons/Taj_Mahal_Complex_—_Tomb/0/pictures/Taj_Mahal,Agra,India_15.jpg"
Taj_Mahal,113197,3,commons/Taj_Mahal_Complex_—_Tomb/0/pictures/Taj_Mahal_from_Mehtab_Bagh(Main_Taj).jpg
Taj_Mahal,113197,3,commons/Taj_Mahal_Complex_—_Tomb/0/pictures/Taj_Mahal_view_from_Mehtab_Bagh.jpg
Taj_Mahal,113197,3,commons/Taj_Mahal_Complex_—_Tomb/0/pictures/Taj_Mahal_-_pigeons_gathering_at_sunset.jpg
Taj_Mahal,113197,3,commons/Taj_Mahal_Complex_—_Tomb/0/pictures/Eternal_love_02.jpg
Taj_Mahal,113197,3,commons/Taj_Mahal_Complex_—_Gardens/0/pictures/Tajmahal_different_view.jpg
Taj_Mahal,113197,3,commons/Taj_Mahal_Complex_—_Gardens/0/pictures/No_Time.jpg
Taj_Mahal,113197,3,commons/Taj_Mahal/0/pictures/View_of_Taj_from_Mehtab_Bagh_09.jpg
Taj_Mahal,113197,3,commons/Taj_Mahal/0/pictures/Taj_Mahal.India.png
Taj_Mahal,113197,3,commons/Taj_Mahal/0/pictures/Taj_Mahal_in_winter_03.jpg
Taj_Mahal,113197,3,commons/Taj_Mahal/0/pictures/Taj_Mahal_in_Golden_Sunrise.jpg
Taj_Mahal,113197,3,commons/Taj_Mahal_Complex_—_Gardens/0/pictures/Flowers_in_the_background_of_Taj_-_the_beauty_of_Mehtab_Bagh.JPG
Taj_Mahal,113197,3,commons/Taj_Mahal/0/pictures/Taj_Mahal_in_winter_08.jpg
Taj_Mahal,113197,3,commons/Taj_Mahal_Complex_—_Gardens/0/pictures/Taj_Mahal._Agra._Desde_rio_Yamuna.JPG
Taj_Mahal,113197,3,commons/Taj_Mahal/0/pictures/Taj_Mahal_from_Mehtab_Bagh(With_all_gates).jpg
Taj_Mahal,113197,3,commons/Taj_Mahal_in_2016/0/pictures/Agra_03-2016_04_Taj_Mahal_from_Mehtab_Bagh.jpg
Taj_Mahal,113197,3,commons/Taj_Mahal_Complex_—_Tomb/0/pictures/India_2015-151_(17138993736).jpg
Taj_Mahal,113197,3,commons/Taj_Mahal/0/pictures/Taj_Mahal_Back_View.jpg
Taj_Mahal,113197,3,commons/Taj_Mahal/0/pictures/India_2015-152_(17138994296).jpg
Taj_Mahal,113197,3,commons/Taj_Mahal/0/pictures/File.tajmahal.jpg
Taj_Mahal,113197,3,commons/Taj_Mahal/0/pictures/Didar-e-Taj.jpg
Taj_Mahal,113197,3,commons/Taj_Mahal/0/pictures/Taj_from_far_far_away.jpg
Taj_Mahal,113197,3,commons/Taj_Mahal/0/pictures/Daily_life_around_Taj.jpg
Taj_Mahal,113197,3,commons/Taj_Mahal/0/pictures/DSC02251-06x.jpg
Taj_Mahal,113197,3,commons/Taj_Mahal/0/pictures/Back_side_of_TAJMAHAL(2).jpg
Taj_Mahal,113197,3,commons/Taj_Mahal/0/pictures/Taj_Mahal_in_winter_04.jpg
Taj_Mahal,113197,3,commons/Taj_Mahal/0/pictures/BACK_SIDE_OF_TAJMAHAL.jpg
Taj_Mahal,113197,3,commons/Taj_Mahal/0/pictures/A_tale_of_love_and_marble....._(30376201312).jpg
Taj_Mahal,113197,3,commons/Sunset_at_the_Taj_Mahal/0/pictures/Taj_Mahal_at_sunset.jpg
Taj_Mahal,113197,3,commons/Sunset_at_the_Taj_Mahal/0/pictures/Agra_03-2016_04_Taj_Mahal_from_Mehtab_Bagh.jpg
Taj_Mahal,113197,3,commons/Sunrise_at_the_Taj_Mahal/0/pictures/Taj_Mahal_Agra.jpg
Taj_Mahal,113197,3,commons/South_side_of_the_Taj_Mahal_Tomb_with_the_pool/0/pictures/Taj_on_golden_light.jpg
Taj_Mahal,113197,3,commons/Taj_Mahal_Complex_—_Tomb/0/pictures/View_of_Taj_from_Mehtab_Bagh_07.jpg
Taj_Mahal,113197,3,commons/Taj_Mahal_Complex_—_Tomb/0/pictures/Taj_Mahal_in_Golden_Sunrise.jpg
Taj_Mahal,113197,3,commons/Taj_Mahal/0/pictures/Extinction_of_heritage.jpg
Taj_Mahal,113197,3,commons/South_side_of_the_Taj_Mahal/0/pictures/Taj_Mahal01.JPG
Taj_Mahal,113197,3,commons/South_side_of_the_Taj_Mahal/0/pictures/Mumtaj_mahal.JPG
Taj_Mahal,113197,3,commons/South_side_of_the_Taj_Mahal/0/pictures/Agra2017_0997-Pano.jpg
Taj_Mahal,113197,3,commons/Taj_Mahal/0/pictures/Mahal_for_love.jpg
Taj_Mahal,113197,3,"commons/Remote_views_of_the_Taj_Mahal/0/pictures/The_Minister_of_State_for_Culture_(Independent_Charge),_Tourism_(Independent_Charge)_and_Civil_Aviation,_Dr._Mahesh_Sharma_inspecting_the_Mehtab_Bagh_area,_situated_on_the_opposite_bank_of_the_Taj_Mahal,_in_Agra.jpg"
Taj_Mahal,113197,3,commons/Remote_views_of_the_Taj_Mahal/0/pictures/Tajmahal_001.jpg
Taj_Mahal,113197,3,commons/Remote_views_of_the_Taj_Mahal/0/pictures/Taj...a_view_from_mehtab_bagh.jpg
Taj_Mahal,113197,3,commons/Remote_views_of_the_Taj_Mahal/0/pictures/Taj_Mahal232.jpg
Taj_Mahal,113197,3,commons/Remote_views_of_the_Taj_Mahal/0/pictures/Taj_Mahal-Agra_02.jpg
Taj_Mahal,113197,3,commons/Remote_views_of_the_Taj_Mahal/0/pictures/Taj_Mahal-11.jpg
Taj_Mahal,113197,3,"commons/Remote_views_of_the_Taj_Mahal/0/pictures/Taj_Mahal,_Agra,_India-23Feb2007b.jpg"
Taj_Mahal,113197,3,commons/North_side_of_the_Taj_Mahal/0/pictures/Taj_Mahal_Agra.jpg
Taj_Mahal,113197,3,commons/Animals_at_the_Taj_Mahal/0/pictures/Behind_the_Taj_(2695952264).jpg
Taj_Mahal,113197,3,commons/Sunrise_at_the_Taj_Mahal/0/pictures/Taj_Mahal_in_India.jpg
Taj_Mahal,113197,3,commons/North_side_of_the_Taj_Mahal/0/pictures/Taj_Mahal_(shiv_temple).jpg
Taj_Mahal,113197,3,commons/Yamuna_River_at_the_Taj_Mahal/0/pictures/Taj_Mahal_-_Agra_-_Uttar_Pradesh_-_0010.jpg
Taj_Mahal,113197,3,commons/North_side_of_the_Taj_Mahal/0/pictures/North_side_of_the_Taj_Mahal_01.jpg
Taj_Mahal,113197,3,commons/North_side_of_the_Taj_Mahal/0/pictures/Mehtab_Bagh_1.jpg
Taj_Mahal,113197,3,commons/Taj_Mahal/0/pictures/View_of_Taj_from_Mehtab_Bagh_06.jpg
Taj_Mahal,113197,3,commons/Taj_Mahal/0/pictures/INDIA2.jpg
Taj_Mahal,113197,3,"commons/North_side_of_the_Taj_Mahal/0/pictures/Magnificient_Taj_Mahal,_Incredible_India!.jpg"
Taj_Mahal,113197,3,commons/Taj_Mahal_Complex_—_Tomb/0/pictures/Taj-_4.jpg
Taj_Mahal,113197,3,commons/North_side_of_the_Taj_Mahal/0/pictures/India_DSC01569_(16536125309).jpg
Taj_Mahal,113197,3,commons/Taj_Mahal_Complex_—_Tomb/0/pictures/Taj-_1.jpg
Taj_Mahal,113197,3,commons/Taj_Mahal/0/pictures/View_of_Taj_from_Mehtab_Bagh_03.jpg
Taj_Mahal,113197,3,commons/North_side_of_the_Taj_Mahal/0/pictures/Taj_Mahal_from_Mehtab_Bagh.jpg
Taj_Mahal,113197,3,commons/Yamuna_River_at_the_Taj_Mahal/0/pictures/Nonchalant.jpg
Taj_Mahal,113197,3,"commons/Taj_Mahal_Complex_—_Tomb/0/pictures/Taj_Mahal,_Agra_(37167844131).jpg"
Taj_Mahal,113197,3,commons/North_side_of_the_Taj_Mahal/0/pictures/DAWN_VIEW_OF_TAJ_MAHAL.JPG
Taj_Mahal,113197,3,commons/North_side_of_the_Taj_Mahal/0/pictures/Behind_the_Taj_(2695952264).jpg
Taj_Mahal,113197,3,commons/North_side_of_the_Taj_Mahal/0/pictures/Aks_The_Reflection_Taj_Mahal.jpg
Taj_Mahal,113197,3,commons/Taj_Mahal_Complex_—_Tomb/0/pictures/India_DSC01575_(16534674678).jpg
Taj_Mahal,113197,3,commons/North_side_of_the_Taj_Mahal/0/pictures/TAJ_MAHAL_WONDER.jpg
Taj_Mahal,113197,3,commons/Taj_Mahal_in_2013/0/pictures/COMPANION_(2).jpg
Taj_Mahal,113197,3,commons/Remote_views_of_the_Taj_Mahal/0/pictures/Taj_Mahal-10.jpg
Taj_Mahal,113197,3,"commons/North_side_of_the_Taj_Mahal/0/pictures/Agra,_Taj_Mahal_(2002)_52.jpg"
Taj_Mahal,113197,3,commons/Taj_Mahal_in_2013/0/pictures/Beauty_of_Taj_(2).jpg
Taj_Mahal,113197,3,commons/Taj_Mahal/0/pictures/View_of_Taj_from_Mehtab_Bagh_04.jpg
Taj_Mahal,113197,3,commons/Remote_views_of_the_Taj_Mahal/0/pictures/Taj_Mahal-09.jpg
Taj_Mahal,113197,3,"commons/North_side_of_the_Taj_Mahal/0/pictures/Agra,_Taj_Mahal_(2002)_51.jpg"
Taj_Mahal,113197,3,"commons/Remote_views_of_the_Taj_Mahal/0/pictures/Taj_Mahal,Agra,India_14.jpg"
Taj_Mahal,113197,3,commons/Nature_in_the_Taj_Mahal/0/pictures/Taj_Mahal_-_Agra_-_Uttar_Pradesh_-_0011.jpg
Taj_Mahal,113197,3,commons/North_side_of_the_Taj_Mahal/0/pictures/View_of_Taj_Mahal_from_Mehtab_Bagh_04.JPG
Taj_Mahal,113197,3,commons/Nature_in_the_Taj_Mahal/0/pictures/Agra2017_1175.jpg
Taj_Mahal,113197,3,"commons/Historical_images_of_the_exterior_of_the_Taj_Mahal/0/pictures/Taj_Mahal,_from_the_River_LACMA_M.90.24.40.jpg"
Taj_Mahal,113197,3,commons/Taj_Mahal_in_2014/0/pictures/Atul_Gupta_003.jpg
Taj_Mahal,113197,3,commons/Remote_views_of_the_Taj_Mahal/0/pictures/Taj_Mahal-08.jpg
Taj_Mahal,113197,3,commons/North_side_of_the_Taj_Mahal/0/pictures/Afdaaccbac_(135956843).jpeg
Taj_Mahal,113197,3,commons/Taj_Mahal/0/pictures/Taj_Mahal_-_Agra_-_Uttar_Pradesh_-_004.jpg
Taj_Mahal,113197,3,commons/Yamuna_River_at_the_Taj_Mahal/0/pictures/Morning_rays_on_Taj-view_from_Mehtab_Bagh.JPG
Taj_Mahal,113197,3,commons/Yamuna_River_at_the_Taj_Mahal/0/pictures/Taj_Mahal-10_(cropped).jpg
Taj_Mahal,113197,3,commons/Yamuna_River_at_the_Taj_Mahal/0/pictures/Love_in_crimson_hue.JPG
Taj_Mahal,113197,3,commons/North_side_of_the_Taj_Mahal/0/pictures/Taj_Mahal_-_Agra_-_Uttar_Pradesh_-_0010.jpg
Taj_Mahal,113197,3,commons/North_side_of_the_Taj_Mahal/0/pictures/Agra_03-2016_04_Taj_Mahal_from_Mehtab_Bagh.jpg
Taj_Mahal,113197,3,commons/Taj_Mahal/0/pictures/DSCF4869-Taj-Mahal-panaromic-view-from-North-Mehtab-Bagh-across-Yamuna-river-by-Manish-Jhawar-on-23-Sep-2021.jpg
Taj_Mahal,113197,3,"commons/Exterior_of_the_Taj_Mahal/0/pictures/Nagla_Devjit,_Agra,_Uttar_Pradesh_282006,_India_-_panoramio.jpg"
Taj_Mahal,113197,3,commons/Yamuna_River_at_the_Taj_Mahal/0/pictures/COMPANION_(2).jpg
Taj_Mahal,113197,3,commons/Remote_views_of_the_Taj_Mahal/0/pictures/Taj_Mahal-10_(cropped).jpg
Taj_Mahal,113197,3,commons/North_side_of_the_Taj_Mahal/0/pictures/Agra_visit_1.jpg
Taj_Mahal,113197,3,"commons/Yamuna_River_at_the_Taj_Mahal/0/pictures/Agra,_Taj_Mahal_(2002)_51.jpg"
Taj_Mahal,113197,3,"commons/Black_and_white_images_of_the_Taj_Mahal/0/pictures/Taj_Mahal_from_Mehtab_Bhag,_Monsoon_Dusk.jpg"
Taj_Mahal,113197,3,commons/Taj_Mahal_in_2018/0/pictures/DSC02251-01x.jpg
Taj_Mahal,113197,3,commons/Taj_Mahal_Complex_—_Tomb/0/pictures/Tajmahal_in_frame.jpg
Taj_Mahal,113197,3,commons/Reflections_of_the_Taj_Mahal_on_Yamuna_River/0/pictures/Taj_Mahal_in_2004.jpg
Taj_Mahal,113197,3,"commons/Water_reflections_at_the_Taj_Mahal/0/pictures/Taj_Mahal_reflection_on_Yamuna_river,_Agra.jpg"
Taj_Mahal,113197,3,"commons/North_side_of_the_Taj_Mahal/0/pictures/Taj_Mahal_reflection_on_Yamuna_river,_Agra.jpg"
Taj_Mahal,113197,3,commons/Taj_Mahal/0/pictures/View_of_Taj_from_Mehtab_Bagh_07.jpg
Taj_Mahal,113197,3,commons/North_side_of_the_Taj_Mahal/0/pictures/Many_hues_of_Taj_Mahal.jpg
Taj_Mahal,113197,3,commons/North_side_of_the_Taj_Mahal/0/pictures/Taj_Mahal-10.jpg
Taj_Mahal,113197,3,commons/Animals_at_the_Taj_Mahal/0/pictures/View_of_Taj_Mahal_from_Mehtab_Bagh_04.JPG
Taj_Mahal,113197,3,"commons/Remote_views_of_the_Taj_Mahal/0/pictures/Taj_Mahal,_Agra,_India-23Feb2007.jpg"
Taj_Mahal,113197,3,commons/North_side_of_the_Taj_Mahal/0/pictures/Agra_5_-_Taj_Mahal_from_Mehtab_Bagh_(41609512585).jpg
Taj_Mahal,113197,3,commons/Taj_Mahal/0/pictures/The_Taj_During_Sunrise.jpg
Taj_Mahal,113197,3,commons/Animals_at_the_Taj_Mahal/0/pictures/View_of_Taj_Mahal_from_Mehtab_Bagh_05.JPG
Taj_Mahal,113197,3,"commons/Remote_views_of_the_Taj_Mahal/0/pictures/Taj_Mahal,Agra,India_13.jpg"
Taj_Mahal,113197,3,commons/Yamuna_River_at_the_Taj_Mahal/0/pictures/Taj_Mahal-11.jpg
Taj_Mahal,113197,3,commons/Animals_at_the_Taj_Mahal/0/pictures/Taj_Mahal-10.jpg
Taj_Mahal,113197,3,commons/Nature_in_the_Taj_Mahal/0/pictures/MEHTAB_BAGH_-_TAJ_MAHAL.jpg
Taj_Mahal,113197,3,"commons/Yamuna_River_at_the_Taj_Mahal/0/pictures/Taj_Mahal_from_Mehtab_Bhag,_Monsoon_Dusk.jpg"
Taj_Mahal,113197,3,"commons/Sunrise_at_the_Taj_Mahal/0/pictures/Taj_Mahal_reflection_on_Yamuna_river,_Agra.jpg"
Taj_Mahal,113197,3,commons/North_side_of_the_Taj_Mahal/0/pictures/Behind_Taj_Mahal_the_dry_river_bed.jpg
Taj_Mahal,113197,3,commons/Exterior_of_the_Taj_Mahal/0/pictures/Taj_mahal_in_Agra.jpg
Taj_Mahal,113197,3,commons/North_side_of_the_Taj_Mahal/0/pictures/Taj_Mahal-08.jpg
Taj_Mahal,113197,3,commons/Exterior_of_the_Taj_Mahal/0/pictures/TAJ_VIEW_FROM_MATAB_BAGH.jpg
Taj_Mahal,113197,3,commons/Yamuna_River_at_the_Taj_Mahal/0/pictures/North_side_of_the_Taj_Mahal_03.jpg
Taj_Mahal,113197,3,commons/Taj_Mahal/0/pictures/Img_yatri_201701.jpg
Taj_Mahal,113197,3,commons/South_side_of_the_Taj_Mahal/0/pictures/Agra2017_1121.jpg
Taj_Mahal,113197,3,commons/Domes_of_the_Taj_Mahal_Mausoleum/0/pictures/Taj_in_view_of_flowers_(3).jpg
Taj_Mahal,113197,3,commons/Yamuna_River_at_the_Taj_Mahal/0/pictures/Taj_Mahal-10.jpg
Taj_Mahal,113197,3,commons/Night_views_of_the_Taj_Mahal/0/pictures/Taj_Mahal01.JPG
Taj_Mahal,113197,3,commons/North_side_of_the_Taj_Mahal/0/pictures/Trip1.JPG
Taj_Mahal,113197,3,commons/North_side_of_the_Taj_Mahal/0/pictures/Taj_alongside_the_river_Yamuna.jpg
Taj_Mahal,113197,3,"commons/Remote_views_of_the_Taj_Mahal/0/pictures/Taj_Mahal,_Agra_(36473145434).jpg"
Taj_Mahal,113197,3,commons/Yamuna_River_at_the_Taj_Mahal/0/pictures/Taj_Mahal-Agra_02.jpg
Taj_Mahal,113197,3,commons/Taj_Mahal_in_2016/0/pictures/LRE-12.jpg
Taj_Mahal,113197,3,commons/North_side_of_the_Taj_Mahal/0/pictures/Other_side_of_Taj.jpg
Taj_Mahal,113197,3,commons/Taj_Mahal/0/pictures/Taj_Mahal_-_Agra_-_Uttar_Pradesh_-_003.jpg
Taj_Mahal,113197,3,commons/Yamuna_River_at_the_Taj_Mahal/0/pictures/North_side_of_the_Taj_Mahal_02.jpg
Taj_Mahal,113197,3,commons/North_side_of_the_Taj_Mahal/0/pictures/N-UP-A28-b_Taj_Mahal_View_from_Banks_of_Yamuna.jpg
Taj_Mahal,113197,3,commons/Yamuna_River_at_the_Taj_Mahal/0/pictures/Taj_alongside_the_river_Yamuna.jpg
Taj_Mahal,113197,3,commons/Yamuna_River_at_the_Taj_Mahal/0/pictures/Back_side_of_The_Taj_Mahal.jpg
Taj_Mahal,113197,3,commons/North_side_of_the_Taj_Mahal/0/pictures/Eternal_love_03.jpg
Taj_Mahal,113197,3,commons/Yamuna_River_at_the_Taj_Mahal/0/pictures/Taj_Mahal_Agra.jpg
Taj_Mahal,113197,3,commons/South_side_of_the_Taj_Mahal/0/pictures/Agravisit2.jpg
Taj_Mahal,113197,3,commons/North_side_of_the_Taj_Mahal/0/pictures/Taj_Mahal_at_sunset.jpg
Taj_Mahal,113197,3,commons/Remote_views_of_the_Taj_Mahal/0/pictures/Taj_mahal_different_view.jpg
Taj_Mahal,113197,3,"commons/North_side_of_the_Taj_Mahal/0/pictures/My_Taj,_My_World.jpg"
Taj_Mahal,113197,3,commons/Black_and_white_images_of_the_Taj_Mahal/0/pictures/Taj_Mahal_Black&White.jpg
Taj_Mahal,113197,3,commons/Taj_Mahal/0/pictures/India_2015-151_(17138993736).jpg
Taj_Mahal,113197,3,commons/Remote_views_of_the_Taj_Mahal/0/pictures/Trip1.JPG
Taj_Mahal,113197,3,commons/North_side_of_the_Taj_Mahal/0/pictures/Taj_Mahal_at_dawn.jpg
Taj_Mahal,113197,3,commons/Taj_Mahal/0/pictures/DSCF4880-Taj-Mahal-North-facing-view-from-Mehtab-Bagh-across-the-Yamuna-river-showing-buffalos-walking-in-the-marsh-by-Manish-Jhawar.jpg
Taj_Mahal,113197,3,commons/South_side_of_the_Taj_Mahal_Tomb_with_the_pool/0/pictures/Taj_Mahal_Best_View_Creation.jpg
Taj_Mahal,113197,3,commons/Remote_views_of_the_Taj_Mahal/0/pictures/Taj_Mahal_at_sunset.jpg
Taj_Mahal,113197,3,commons/Taj_Mahal/0/pictures/India_2015-153_(17138994716).jpg
Taj_Mahal,113197,3,commons/North_side_of_the_Taj_Mahal/0/pictures/Taj_Mahal_back_side_view.jpg
Taj_Mahal,113197,3,commons/Taj_Mahal_in_2016/0/pictures/Taj_Mahal*.jpg
Taj_Mahal,113197,3,commons/North_side_of_the_Taj_Mahal/0/pictures/India_Bathing_(3963311121).jpg
Taj_Mahal,113197,3,commons/Taj_Mahal_Complex_—_Tomb/0/pictures/A_view_of_Tajmahal_from_Mehtab_Bagh.jpg
Taj_Mahal,113197,3,commons/Panoramics_of_the_Taj_Mahal/0/pictures/Taj_Mahal_(shiv_temple).jpg
Taj_Mahal,113197,3,"commons/North_side_of_the_Taj_Mahal/0/pictures/Taj_Mahal_from_Mehtab_Bhag,_Monsoon_Dusk.jpg"
Taj_Mahal,113197,3,commons/Panoramics_of_the_Taj_Mahal/0/pictures/TAJ_MAHAL_AGRA(afternoon).jpg
Taj_Mahal,113197,3,commons/Remote_views_of_the_Taj_Mahal/0/pictures/Taj_Mahal_from_Mehtab_Bagh_(29813949031).jpg
Taj_Mahal,113197,3,commons/North_side_of_the_Taj_Mahal/0/pictures/Taj_Mahal_in_India.jpg
Taj_Mahal,113197,3,commons/Remote_views_of_the_Taj_Mahal/0/pictures/Taj_Mahal_from_across_the_Yamuna.jpg
Taj_Mahal,113197,3,commons/Reflections_of_the_Taj_Mahal_on_Yamuna_River/0/pictures/Taj_Mahal-10.jpg
Taj_Mahal,113197,3,commons/North_side_of_the_Taj_Mahal/0/pictures/North_side_of_the_Taj_Mahal_03.jpg
Taj_Mahal,113197,3,"commons/Remote_views_of_the_Taj_Mahal/0/pictures/Taj_Mahal_reflection_on_Yamuna_river,_Agra.jpg"
Taj_Mahal,113197,3,commons/North_side_of_the_Taj_Mahal/0/pictures/Back_end_of_the_Taj_Mahal.jpg
Taj_Mahal,113197,3,commons/Reflections_of_the_Taj_Mahal_on_Yamuna_River/0/pictures/Taj_Mahal-10_(cropped).jpg
Taj_Mahal,113197,3,commons/Taj_Mahal/0/pictures/Moments_of_fun_at_Taj_Mahal.jpg
Taj_Mahal,113197,3,commons/North_side_of_the_Taj_Mahal/0/pictures/Taj_Mahal-10_(cropped).jpg
Taj_Mahal,113197,3,commons/North_side_of_the_Taj_Mahal/0/pictures/Taj_Mahal-11.jpg
Taj_Mahal,113197,3,commons/North_side_of_the_Taj_Mahal/0/pictures/Taj_Mahal-Agra_02.jpg
Taj_Mahal,113197,3,commons/Remote_views_of_the_Taj_Mahal/0/pictures/Beauty_of_Taj_(2).jpg
Taj_Mahal,113197,3,commons/North_side_of_the_Taj_Mahal/0/pictures/Taj_in_the_rays_of_sunrise_from_Mehtab_Bagh.JPG
Taj_Mahal,113197,3,commons/North_side_of_the_Taj_Mahal/0/pictures/Tajmahal_from_back.jpg
Taj_Mahal,113197,3,commons/North_side_of_the_Taj_Mahal/0/pictures/The_Taj_During_Sunrise.jpg
Taj_Mahal,113197,3,"commons/North_side_of_the_Taj_Mahal/0/pictures/Taj_Mahal,_Agra,_India-23Feb2007.jpg"
Taj_Mahal,113197,3,commons/North_side_of_the_Taj_Mahal/0/pictures/Taj_Mahal-09.jpg
Taj_Mahal,113197,3,"commons/Historical_images_of_the_exterior_of_the_Taj_Mahal/0/pictures/The_Taj_Mahal,_Agra,_India_Wellcome_V0037724.jpg"
Taj_Mahal,113197,3,commons/North_side_of_the_Taj_Mahal/0/pictures/Taj_Mahal._Agra.JPG
Taj_Mahal,113197,3,commons/North_side_of_the_Taj_Mahal/0/pictures/Taj_Sunset_(6639047373).jpg
Taj_Mahal,113197,3,"commons/Remote_views_of_the_Taj_Mahal/0/pictures/Taj_Mahal,_2016.jpg"
Taj_Mahal,113197,3,commons/North_side_of_the_Taj_Mahal/0/pictures/Taj_view_from_mehtab_bagh_abi.jpg
Taj_Mahal,113197,3,commons/Remote_views_of_the_Taj_Mahal/0/pictures/Mehtab_Bagh_1.jpg
Taj_Mahal,113197,3,commons/North_side_of_the_Taj_Mahal/0/pictures/The_tajmahal.jpg
Taj_Mahal,113197,3,"commons/Remote_views_of_the_Taj_Mahal/0/pictures/Taj_Mahal,_Agra,_India_(20567115434).jpg"
Taj_Mahal,113197,3,commons/North_side_of_the_Taj_Mahal/0/pictures/View_of_Taj_Mahal_from_Back_side.jpg
Taj_Mahal,113197,3,"commons/North_side_of_the_Taj_Mahal/0/pictures/Taj_Mahal,_Agra,_India-23Feb2007b.jpg"
Taj_Mahal,113197,3,commons/Taj_Mahal_Complex_—_Tomb/0/pictures/From_opposite_bank.jpg
Taj_Mahal,113197,3,commons/Yamuna_River_at_the_Taj_Mahal/0/pictures/Taj_Mahal-09.jpg
Taj_Mahal,113197,3,"commons/Remote_views_of_the_Taj_Mahal/0/pictures/Taj_Mahal,_Agra,_india.jpg"
Taj_Mahal,113197,3,commons/North_side_of_the_Taj_Mahal/0/pictures/View_of_Taj_Mahal_from_Mehtab_Bagh_05.JPG
Taj_Mahal,113197,3,commons/North_side_of_the_Taj_Mahal/0/pictures/View_of_Taj_Mahal_from_Mehtab_Bagh_06.JPG
Taj_Mahal,113197,3,commons/Taj_Mahal/0/pictures/Taj_Mahal_at_Sunrise_(32683927617).jpg
Taj_Mahal,113197,3,commons/North_side_of_the_Taj_Mahal/0/pictures/View_of_Taj_Mahal_from_Mehtab_Bagh.jpg
Taj_Mahal,113197,3,commons/Panoramics_of_the_Taj_Mahal/0/pictures/Back_side_of_The_Taj_Mahal.jpg
Taj_Mahal,113197,3,commons/Reflections_of_the_Taj_Mahal_on_Yamuna_River/0/pictures/Aks_The_Reflection_Taj_Mahal.jpg
Taj_Mahal,113197,3,commons/Taj_Mahal_Complex_—_Tomb/0/pictures/Tajmahal_behind.jpg
Taj_Mahal,113197,3,commons/North_side_of_the_Taj_Mahal/0/pictures/North_side_of_the_Taj_Mahal_02.jpg
Taj_Mahal,113197,3,commons/Reflections_of_the_Taj_Mahal_on_Yamuna_River/0/pictures/Pratibimb_Taj_Mahal.jpg
Taj_Mahal,113197,3,"commons/Reflections_of_the_Taj_Mahal_on_Yamuna_River/0/pictures/Taj_Mahal_reflection_on_Yamuna_river,_Agra.jpg"
Taj_Mahal,113197,3,"commons/Reflections_of_the_Taj_Mahal_on_Yamuna_River/0/pictures/Taj_Mahal,_Agra,_India-23Feb2007.jpg"
Taj_Mahal,113197,3,commons/Taj_Mahal/0/pictures/Majestic_mahal_on_banks_of_yamuna.jpg
Taj_Mahal,113197,3,commons/Sunset_at_the_Taj_Mahal/0/pictures/Love_in_crimson_hue.JPG
Taj_Mahal,113197,3,"commons/Reflections_of_the_Taj_Mahal_on_Yamuna_River/0/pictures/Taj_Mahal,_Agra,_India-23Feb2007b.jpg"
Taj_Mahal,113197,3,commons/Remote_views_of_the_Taj_Mahal/0/pictures/COMPANION_(2).jpg
Taj_Mahal,113197,3,commons/Remote_views_of_the_Taj_Mahal/0/pictures/D3_-_Tajmahal_at_dawn.jpg
Taj_Mahal,113197,3,commons/Remote_views_of_the_Taj_Mahal/0/pictures/Back_Side_Taj_Mahal_-_panoramio.jpg
Taj_Mahal,113197,3,commons/Remote_views_of_the_Taj_Mahal/0/pictures/Big_&_Small.jpg
Taj_Mahal,113197,3,commons/Remote_views_of_the_Taj_Mahal/0/pictures/Life_around_the_Tajmahal.jpg
Taj_Mahal,113197,3,commons/Taj_Mahal_Complex_—_Tomb/0/pictures/Sunset_view_of_the_Taj.jpg
Taj_Mahal,113197,3,commons/Remote_views_of_the_Taj_Mahal/0/pictures/Love_in_crimson_hue.JPG
Taj_Mahal,113197,3,commons/East_side_of_the_Taj_Mahal/0/pictures/Taj_alongside_the_river_Yamuna.jpg
Taj_Mahal,113197,3,commons/Remote_views_of_the_Taj_Mahal/0/pictures/North_side_of_the_Taj_Mahal_03.jpg
Taj_Mahal,113197,3,commons/North_side_of_the_Taj_Mahal/0/pictures/View_of_Taj_Mahal_from_Mehtab_Bagh_01.JPG
Taj_Mahal,113197,3,commons/Remote_views_of_the_Taj_Mahal/0/pictures/No_Entry.jpg
Taj_Mahal,113197,3,commons/Taj_Mahal/0/pictures/Taj_Mahal_(226245465).jpeg
Taj_Mahal,113197,3,commons/Remote_views_of_the_Taj_Mahal/0/pictures/Taj_Mahal_Agra.jpg
Taj_Mahal,113197,3,commons/Panoramics_of_the_Taj_Mahal/0/pictures/Taj_Mahal_at_dawn.jpg
Taj_Mahal,113197,3,commons/Remote_views_of_the_Taj_Mahal/0/pictures/Taj_Mahal_in_India.jpg
Taj_Mahal,113197,3,commons/Taj_Mahal_Complex_—_Tomb/0/pictures/Taj_Mahal_in_winter_08.jpg
Taj_Mahal,113197,3,commons/Remote_views_of_the_Taj_Mahal/0/pictures/Taj_Mahal*.jpg
Taj_Mahal,113197,3,"commons/Remote_views_of_the_Taj_Mahal/0/pictures/Taj_Mahal,_Agra_(37137812862).jpg"
Taj_Mahal,113197,3,commons/Taj_Mahal/0/pictures/The_Taj_stands_up_always.jpg
Taj_Mahal,113197,3,"commons/Remote_views_of_the_Taj_Mahal/0/pictures/Taj_Mahal,_Agra_(37137814502).jpg"
Taj_Mahal,113197,4,commons/Taj_Mahal_Complex_—_Mosque/0/pictures/Taj_Mahal_mosque._05.jpg
Taj_Mahal,113197,4,"commons/Taj_Mahal_Complex_—_Mosque/0/pictures/Right_part,_Taj_Mahal_mosque.jpg"
Taj_Mahal,113197,4,commons/Taj_Mahal/0/pictures/The_reveal..at_last_the_Taj_Mahal_03.JPG
Taj_Mahal,113197,4,"commons/Taj_Mahal/0/pictures/Taj_Mahal,_Agra_views_from_around_(57).JPG"
Taj_Mahal,113197,4,commons/Taj_Mahal_in_2013/0/pictures/Chhatari_on_right_side.jpg
Taj_Mahal,113197,4,"commons/Taj_Mahal_Complex_—_Mosque/0/pictures/A_pavilion_in_the_Taj_Mahal_complex,_Agra,_Uttar_Pradesh,_India.jpg"
Taj_Mahal,113197,4,commons/Taj_Mahal/0/pictures/Taj_Mahal_Mosque_(23194271756).jpg
Taj_Mahal,113197,4,commons/Taj_Mahal/0/pictures/Taj_Mahal_Complex_IMG_0145.JPG
Taj_Mahal,113197,4,commons/Chhatris_of_Taj_Mahal/0/pictures/Taj_Mahal_mosque._05.jpg
Taj_Mahal,113197,4,"commons/Chhatris_of_Taj_Mahal/0/pictures/A_pavilion_in_the_Taj_Mahal_complex,_Agra,_Uttar_Pradesh,_India.jpg"
Taj_Mahal,113197,5,commons/Pietre_dure_on_the_Taj_Mahal/0/pictures/Tombs_inside_Taj_-_Ajith.JPG
Taj_Mahal,113197,5,commons/Architectural_elements_in_the_Taj_Mahal/0/pictures/India_DSC01546_(16514983487).jpg
Taj_Mahal,113197,5,commons/Interior_decoration_of_the_Taj_Mahal/0/pictures/India-6160_-_Flickr_-_archer10_(Dennis).jpg
Taj_Mahal,113197,5,commons/Interior_of_the_Taj_Mahal/0/pictures/TOMB_IN_TAJMAHAL.jpg
Taj_Mahal,113197,5,commons/Interior_of_the_Taj_Mahal/0/pictures/Taj_Mahal_False_Sarcophagi_of_Shah_Jahan_&_Mumtaz_Mahal_(22590804534).jpg
Taj_Mahal,113197,5,commons/Interior_of_the_Taj_Mahal/0/pictures/Tombs_inside_Taj_-_Ajith.JPG
Taj_Mahal,113197,5,commons/Interior_of_the_Taj_Mahal/0/pictures/India-6159_(2215519652).jpg
Taj_Mahal,113197,5,commons/Interior_of_the_Taj_Mahal/0/pictures/Taj_Mahal_False_Sarcophagus_of_Mumtaz_Mahal_(23219329045).jpg
Taj_Mahal,113197,5,commons/Interior_of_the_Taj_Mahal/0/pictures/Cenotaph_of_Shah_Jahan.jpg
Taj_Mahal,113197,5,commons/Interior_of_the_Taj_Mahal/0/pictures/Tomb_of_Mumtaj_Mahal_inside_Taj_Mahal.jpg
Taj_Mahal,113197,5,commons/Interior_of_the_Taj_Mahal/0/pictures/Persian_prince_tomb_taj_mahal.jpg
Taj_Mahal,113197,5,commons/Interior_of_the_Taj_Mahal/0/pictures/Taj_Mahal_Agra_India_(3).JPG
Taj_Mahal,113197,5,"commons/Interior_of_the_Taj_Mahal/0/pictures/Tomb_of_Mumtaj_Mahal_inside_Taj_Mahal,_Agra.jpg"
Taj_Mahal,113197,5,commons/Interior_of_the_Taj_Mahal/0/pictures/Tomb_of_Mumtaz_inside_Taj_Mahal.JPG
Taj_Mahal,113197,5,"commons/Interior_of_the_Taj_Mahal/0/pictures/Tomb_of_Mumtaj_Mahal,_Taj_Mahal.jpg"
Taj_Mahal,113197,6,commons/Taj_Mahal_viewed_from_Agra_Fort/0/pictures/View_from_Agra_Fort_-_panoramio.jpg
Taj_Mahal,113197,6,commons/Taj_Mahal_viewed_from_Agra_Fort/0/pictures/Taj_from_far_away.JPG
Taj_Mahal,113197,6,commons/Taj_Mahal_viewed_from_Agra_Fort/0/pictures/Taj_Mahal_long_view.jpg
Taj_Mahal,113197,6,commons/Taj_Mahal_viewed_from_Agra_Fort/0/pictures/Taj_Mahal_distant_view.jpg
Taj_Mahal,113197,6,commons/Taj_Mahal_in_2015/0/pictures/View_from_Agra_Fort_-_panoramio.jpg
Taj_Mahal,113197,6,commons/Taj_Mahal_viewed_from_Agra_Fort/0/pictures/Yamuna_river_seen_from_Agra_Fort.jpg
Taj_Mahal,113197,6,commons/Taj_Mahal_viewed_from_Agra_Fort/0/pictures/A_view_of_Galleries_beneath_the_Khas_Mahal_at_Sunrise_on_a_foggy_day._In_the_distance_one_can_see_Taj_Mahal.jpg
Taj_Mahal,113197,6,commons/Taj_Mahal_viewed_from_Agra_Fort/0/pictures/Agra_Fort_DistantTaj.JPG
Taj_Mahal,113197,6,commons/Taj_Mahal_viewed_from_Agra_Fort/0/pictures/Agra_Fort_Gallery_beneath_the_Khas_Mahal.jpg
Taj_Mahal,113197,6,commons/Taj_Mahal_viewed_from_Agra_Fort/0/pictures/Agra(Red)_Fort_97.jpg
Taj_Mahal,113197,6,commons/Taj_Mahal_viewed_from_Agra_Fort/0/pictures/Taj_Mahal_from_Agra_Fort_-_panoramio_(1).jpg
Taj_Mahal,113197,6,commons/Taj_Mahal_viewed_from_Agra_Fort/0/pictures/Tajmahal_AbinayaPalanichamy.jpg
Taj_Mahal,113197,6,commons/Taj_Mahal_viewed_from_Agra_Fort/0/pictures/Agra_Fort_20180908_143826.jpg
Taj_Mahal,113197,6,commons/Taj_Mahal_viewed_from_Agra_Fort/0/pictures/Red_Fort_@_Agra.jpg
Taj_Mahal,113197,6,commons/Taj_Mahal_viewed_from_Agra_Fort/0/pictures/Agra_Fort_20180908_143842.jpg
Taj_Mahal,113197,6,commons/Taj_Mahal_viewed_from_Agra_Fort/0/pictures/TM_from_Red_Fort.jpg
Taj_Mahal,113197,6,"commons/Taj_Mahal_viewed_from_Agra_Fort/0/pictures/Agra,_Fuerte_(2002)_10.jpg"
Taj_Mahal,113197,6,commons/Taj_Mahal_viewed_from_Agra_Fort/0/pictures/Hamara_Taj!.jpg
Taj_Mahal,113197,6,commons/Taj_Mahal_viewed_from_Agra_Fort/0/pictures/Musamman_Burj_(Agra_Fort)-3.jpg
Taj_Mahal,113197,7,commons/Taj_Mahal_viewed_from_Agra_Fort/0/pictures/Taj_Mahal_from_Agra_Fort.jpg
Taj_Mahal,113197,7,commons/Taj_Mahal_viewed_from_Agra_Fort/0/pictures/Tajmahal_from_lal_quila.JPG
Taj_Mahal,113197,7,commons/Taj_Mahal_viewed_from_Agra_Fort/0/pictures/Taj_Mahal_from_Agra_Fort_03_(Friar's_Balsam_Flickr).jpg
Taj_Mahal,113197,7,commons/Taj_Mahal_viewed_from_Agra_Fort/0/pictures/SYMBOL_OF_LOVE......JPG
Taj_Mahal,113197,7,commons/Taj_Mahal_viewed_from_Agra_Fort/0/pictures/Taj_mahal_view_from_agra_fort.jpg
Taj_Mahal,113197,7,commons/Taj_Mahal_in_2011/0/pictures/Taj_Mahal_from_Agra_Fort_03_(Friar's_Balsam_Flickr).jpg
Taj_Mahal,113197,7,commons/Taj_Mahal_viewed_from_Agra_Fort/0/pictures/Taj50.JPG
Taj_Mahal,113197,7,commons/Reflections_of_the_Taj_Mahal_on_Yamuna_River/0/pictures/SYMBOL_OF_LOVE......JPG
Taj_Mahal,113197,7,commons/Yamuna_River_at_the_Taj_Mahal/0/pictures/Tajmahal_from_lal_quila.JPG
Taj_Mahal,113197,7,commons/Yamuna_River_at_the_Taj_Mahal/0/pictures/Taj50.JPG
Taj_Mahal,113197,7,commons/Yamuna_River_at_the_Taj_Mahal/0/pictures/Taj_Mahal_from_Agra_Fort.jpg
Taj_Mahal,113197,8,commons/Taj_Mahal_Complex_—_Gardens/0/pictures/Eastern_Naubat_Khana_-_Western_Facade_-_Taj_Mahal_Complex_-_Agra_2014-05-14_3950.JPG
Taj_Mahal,113197,8,commons/Taj_Mahal_Complex_—_Gardens/0/pictures/Eastern_Naubat_Khana_-_Western_Facade_-_Taj_Mahal_Complex_-_Agra_2014-05-14_3785.JPG
Taj_Mahal,113197,8,commons/Taj_Mahal/0/pictures/DSC_1034-01.jpg
Taj_Mahal,113197,8,"commons/Taj_Mahal_Complex_—_Eastern_Naubat_Khana/0/pictures/Taj_Mahal,_Agra_-_Visit_During_WCI_2016_(74).jpg"
Taj_Mahal,113197,8,commons/Taj_Mahal/0/pictures/Taj_Mahal_-Agra_-Uttar_Pradesh_-DSC_0006.jpg
Taj_Mahal,113197,8,"commons/Taj_Mahal_Complex_—_Eastern_Naubat_Khana/0/pictures/Taj_Mahal,_Agra_-_Visit_During_WCI_2016_(73).jpg"
Taj_Mahal,113197,8,commons/Taj_Mahal/0/pictures/Taj_Mahal_9896.jpg
Taj_Mahal,113197,8,"commons/Taj_Mahal_Complex_—_Gardens/0/pictures/Taj_Mahal,_Agra_views_from_around_(71).JPG"
Taj_Mahal,113197,8,commons/Taj_Mahal/0/pictures/Taj_Mahal_apart_from_the_tomb.jpg
Taj_Mahal,113197,8,commons/Taj_Mahal/0/pictures/Taj_Mahal_vrtmrgmpksk_(114).jpg
Taj_Mahal,113197,8,commons/Taj_Mahal/0/pictures/Taj_Mahal_vrtmrgmpksk_(115).jpg
Taj_Mahal,113197,8,commons/Taj_Mahal_Complex_—_Eastern_Naubat_Khana/0/pictures/Eastern_Naubat_Khana_-_Western_Facade_-_Taj_Mahal_Complex_-_Agra_2014-05-14_3950.JPG
Taj_Mahal,113197,8,commons/Taj_Mahal_Complex_—_Eastern_Naubat_Khana/0/pictures/Taj_Mahal_Agra_DSC_0479.jpg
Taj_Mahal,113197,8,commons/Taj_Mahal_Complex_—_Eastern_Naubat_Khana/0/pictures/Eastern_Naubat_Khana_-_Western_Facade_-_Taj_Mahal_Complex_-_Agra_2014-05-14_3785.JPG
Taj_Mahal,113197,8,commons/Taj_Mahal/0/pictures/Taj_Mahal_vrtmrgmpksk_(113).jpg
Taj_Mahal,113197,8,commons/Taj_Mahal/0/pictures/印度泰姬瑪哈陵_37.jpg
Taj_Mahal,113197,8,commons/Taj_Mahal_Complex_—_Eastern_Naubat_Khana/0/pictures/Choti_Haveli.jpg
Taj_Mahal,113197,9,"commons/Outer_south_gate_of_the_Taj_Mahal_compound/0/pictures/Taj_Mahal,_Agra_-_Visit_During_WCI_2016_(84).jpg"
Taj_Mahal,113197,9,commons/Outer_south_gate_of_the_Taj_Mahal_compound/0/pictures/Taj_Mahal_Agra_DSC_0329.jpg
Taj_Mahal,113197,9,commons/Outer_south_gate_of_the_Taj_Mahal_compound/0/pictures/Taj_Mahal_Agra_DSC_0326.jpg
Taj_Mahal,113197,9,commons/Outer_south_gate_of_the_Taj_Mahal_compound/0/pictures/Taj_Mahal_2018-01-02e.jpg
Taj_Mahal,113197,9,commons/Taj_Mahal_in_2011/0/pictures/Taj_Mahal_03_(Friar's_Balsam_Flickr).jpg
Taj_Mahal,113197,9,commons/Outer_south_gate_of_the_Taj_Mahal_compound/0/pictures/Taj_Mahal_9687.jpg
Taj_Mahal,113197,9,commons/Outer_south_gate_of_the_Taj_Mahal_compound/0/pictures/Southern_(Dakshini)_Gate_of_The_Taj_Mahal_opening_in_from_Taj_Ganj.jpg
Taj_Mahal,113197,9,"commons/Outer_south_gate_of_the_Taj_Mahal_compound/0/pictures/Outer_south_gate_of_the_Taj_Mahal_compound,_Agra.jpg"
Taj_Mahal,113197,9,"commons/Outer_south_gate_of_the_Taj_Mahal_compound/0/pictures/Taj_Mahal,_Agra_-_Visit_During_WCI_2016_(83).jpg"
Taj_Mahal,113197,9,commons/Outer_south_gate_of_the_Taj_Mahal_compound/0/pictures/Taj_Mahal_South_Entrance_(22927792410).jpg
Taj_Mahal,113197,9,"commons/Outer_south_gate_of_the_Taj_Mahal_compound/0/pictures/Agra_fort,_UTTAR_PRADESH,INDIA.jpg"
Taj_Mahal,113197,9,commons/Outer_south_gate_of_the_Taj_Mahal_compound/0/pictures/Sirhi_Darwaza_-_South_Gate_-_Taj_Mahal_Complex_-_Agra_2014-05-14_3734.JPG
Taj_Mahal,113197,9,commons/Outer_south_gate_of_the_Taj_Mahal_compound/0/pictures/Sirhi_Darwaza_-_South_Gate_-_Taj_Mahal_Complex_-_Agra_2014-05-14_3736.JPG
Taj_Mahal,113197,9,commons/Outer_south_gate_of_the_Taj_Mahal_compound/0/pictures/Banke_bTaj_Mahalihari_(226).JPG
Taj_Mahal,113197,9,commons/Outer_south_gate_of_the_Taj_Mahal_compound/0/pictures/South_gate_of_Taj_Mahal.jpg
Taj_Mahal,113197,9,commons/Outer_south_gate_of_the_Taj_Mahal_compound/0/pictures/Banke_bTaj_Mahalihari_(227).JPG
Taj_Mahal,113197,9,commons/Outer_south_gate_of_the_Taj_Mahal_compound/0/pictures/South_Gate_of_The_Taj_Mahal_opening_in_from_Taj_Ganj.jpg
Taj_Mahal,113197,9,commons/Outer_south_gate_of_the_Taj_Mahal_compound/0/pictures/Banke_bTaj_Mahalihari_(232).JPG
Taj_Mahal,113197,9,commons/Outer_south_gate_of_the_Taj_Mahal_compound/0/pictures/Banke_bTaj_Mahalihari_(233).JPG
Taj_Mahal,113197,9,commons/Outer_south_gate_of_the_Taj_Mahal_compound/0/pictures/Delhi_20180908_101923.jpg
Taj_Mahal,113197,9,commons/Outer_south_gate_of_the_Taj_Mahal_compound/0/pictures/India-6063_-_Flickr_-_archer10_(Dennis).jpg
Taj_Mahal,113197,10,"commons/Yamuna_River_at_the_Taj_Mahal/0/pictures/The_Taj_Mahal_and_the_Yamuna_river,_India,_2013-03_(11551065734).jpg"
Taj_Mahal,113197,10,"commons/North_side_of_the_Taj_Mahal/0/pictures/North_side_of_the_Taj_Mahal_from_the_river_bank,_India,_2013-03_(11551143264).jpg"
Taj_Mahal,113197,10,"commons/North_side_of_the_Taj_Mahal/0/pictures/North_side_of_the_Taj_Mahal_from_the_river_bank,_India,_2013-03_(11551087135).jpg"
Taj_Mahal,113197,10,"commons/North_side_of_the_Taj_Mahal/0/pictures/The_Taj_Mahal_and_the_Yamuna_river,_India,_2013-03_(11551039824).jpg"
Taj_Mahal,113197,10,"commons/Night_views_of_the_Taj_Mahal/0/pictures/The_Taj_Mahal_and_the_Yamuna_river,_India,_2013-03_(11551211106).jpg"
Taj_Mahal,113197,10,"commons/Night_views_of_the_Taj_Mahal/0/pictures/The_Taj_Mahal_and_the_Yamuna_river,_India,_2013-03_(11551196186).jpg"
Taj_Mahal,113197,10,"commons/Yamuna_River_at_the_Taj_Mahal/0/pictures/Taj_Mahal_from_the_river_bank,_India,_2013-03_(11551159474).jpg"
Taj_Mahal,113197,10,"commons/Yamuna_River_at_the_Taj_Mahal/0/pictures/The_Taj_Mahal_and_the_Yamuna_river,_India,_2013-03_(11551194253).jpg"
Taj_Mahal,113197,10,"commons/Yamuna_River_at_the_Taj_Mahal/0/pictures/The_Taj_Mahal_and_the_Yamuna_river,_India,_2013-03_(11551012864).jpg"
Taj_Mahal,113197,10,"commons/Night_views_of_the_Taj_Mahal/0/pictures/The_Taj_Mahal_and_the_Yamuna_river,_India,_2013-03_(11551194253).jpg"
Taj_Mahal,113197,10,"commons/Yamuna_River_at_the_Taj_Mahal/0/pictures/The_Taj_Mahal_and_the_Yamuna_river,_India,_2013-03_(11551015725).jpg"
Taj_Mahal,113197,10,"commons/Night_views_of_the_Taj_Mahal/0/pictures/North_side_of_the_Taj_Mahal_from_the_river_bank,_India,_2013-03_(11551087135).jpg"
Taj_Mahal,113197,10,"commons/Yamuna_River_at_the_Taj_Mahal/0/pictures/The_Taj_Mahal_and_the_Yamuna_river,_India,_2013-03_(11551039824).jpg"
Taj_Mahal,113197,10,"commons/Night_views_of_the_Taj_Mahal/0/pictures/North_side_of_the_Taj_Mahal_from_the_river_bank,_India,_2013-03_(11551143264).jpg"
Taj_Mahal,113197,10,"commons/Yamuna_River_at_the_Taj_Mahal/0/pictures/The_Taj_Mahal_and_the_Yamuna_river,_India,_2013-03_(11551196186).jpg"
Taj_Mahal,113197,10,"commons/Yamuna_River_at_the_Taj_Mahal/0/pictures/The_Taj_Mahal_and_the_Yamuna_river,_India,_2013-03_(11551211106).jpg"
Taj_Mahal,113197,10,"commons/Night_views_of_the_Taj_Mahal/0/pictures/The_Taj_Mahal_and_the_Yamuna_river,_India,_2013-03_(11551012864).jpg"
Taj_Mahal,113197,10,"commons/Night_views_of_the_Taj_Mahal/0/pictures/The_Taj_Mahal_and_the_Yamuna_river,_India,_2013-03_(11551015725).jpg"
Taj_Mahal,113197,10,"commons/Night_views_of_the_Taj_Mahal/0/pictures/The_Taj_Mahal_and_the_Yamuna_river,_India,_2013-03_(11551065734).jpg"
Taj_Mahal,113197,11,commons/Taj_Mahal_viewed_from_Agra_Fort/0/pictures/View_of_Taj_from_Agra_Fort.JPG
Taj_Mahal,113197,11,commons/Taj_Mahal_viewed_from_Agra_Fort/0/pictures/View_of_Taj_Mahal_from_Agra_Fort_@_Agra.JPG
Taj_Mahal,113197,11,commons/Taj_Mahal_viewed_from_Agra_Fort/0/pictures/Taj_as_seen_from_Agra_Fort_23.JPG
Taj_Mahal,113197,11,commons/Taj_Mahal_viewed_from_Agra_Fort/0/pictures/Taj_as_seen_from_Agra_Fort_22.JPG
Taj_Mahal,113197,11,commons/Taj_Mahal_viewed_from_Agra_Fort/0/pictures/Taj_as_seen_from_Agra_Fort_21.JPG
Taj_Mahal,113197,11,commons/Taj_Mahal_viewed_from_Agra_Fort/0/pictures/Taj_as_seen_from_Agra_Fort_20.JPG
Taj_Mahal,113197,11,commons/Taj_Mahal_viewed_from_Agra_Fort/0/pictures/Taj_as_seen_from_Agra_Fort_18.JPG
Taj_Mahal,113197,11,commons/Taj_Mahal_viewed_from_Agra_Fort/0/pictures/Taj_as_seen_from_Agra_Fort_16.jpg
Taj_Mahal,113197,11,commons/Taj_Mahal_viewed_from_Agra_Fort/0/pictures/Taj_as_seen_from_Agra_Fort_13.jpg
Taj_Mahal,113197,11,commons/Taj_Mahal_viewed_from_Agra_Fort/0/pictures/Taj_as_seen_from_Agra_Fort_11.jpg
Taj_Mahal,113197,11,commons/Taj_Mahal_viewed_from_Agra_Fort/0/pictures/Taj_as_seen_from_Agra_Fort_09.jpg
Taj_Mahal,113197,11,commons/Taj_Mahal_viewed_from_Agra_Fort/0/pictures/Taj_as_seen_from_Agra_Fort_08.jpg
Taj_Mahal,113197,11,commons/Taj_Mahal_viewed_from_Agra_Fort/0/pictures/Taj_as_seen_from_Agra_Fort_07.jpg
Taj_Mahal,113197,11,commons/Taj_Mahal_viewed_from_Agra_Fort/0/pictures/Taj_as_seen_from_Agra_Fort_06.jpg
Taj_Mahal,113197,11,commons/Taj_Mahal_viewed_from_Agra_Fort/0/pictures/Taj_as_seen_from_Agra_Fort_04.jpg
Taj_Mahal,113197,11,commons/Taj_Mahal_viewed_from_Agra_Fort/0/pictures/Taj_as_seen_from_Agra_Fort_03.jpg
Taj_Mahal,113197,11,commons/Taj_Mahal_viewed_from_Agra_Fort/0/pictures/Taj_as_seen_from_Agra_Fort_01.JPG
Taj_Mahal,113197,11,commons/Taj_Mahal_viewed_from_Agra_Fort/0/pictures/Taj_and_jamuna_river_from_Agra_Fort.jpg
Taj_Mahal,113197,11,commons/Taj_Mahal_viewed_from_Agra_Fort/0/pictures/Taj_Mahal_viewed_from_Red_fort.JPG
Taj_Mahal,113197,11,commons/Taj_Mahal_viewed_from_Agra_Fort/0/pictures/Taj_Mahal_view_from_Agra_Fort!.jpg
Taj_Mahal,113197,11,commons/Taj_Mahal_viewed_from_Agra_Fort/0/pictures/Taj_Mahal_from_The_Agra_Fort.jpg
Taj_Mahal,113197,11,commons/Taj_Mahal_viewed_from_Agra_Fort/0/pictures/Taj_Mahal_from_Red_Fort_(8130354901).jpg
Taj_Mahal,113197,11,commons/Taj_Mahal_viewed_from_Agra_Fort/0/pictures/Taj_Mahal_from_Agra_Fort_2.JPG
Taj_Mahal,113197,11,commons/Taj_Mahal_viewed_from_Agra_Fort/0/pictures/Taj_Mahal_from_Agra_Fort_1.JPG
Taj_Mahal,113197,11,commons/Taj_Mahal_viewed_from_Agra_Fort/0/pictures/Taj_Mahal_as_seen_fro_agra_fort.JPG
Taj_Mahal,113197,11,commons/Taj_Mahal_viewed_from_Agra_Fort/0/pictures/Taj_Mahal_Agra_India_view_from_far.jpg
Taj_Mahal,113197,11,commons/Taj_Mahal_viewed_from_Agra_Fort/0/pictures/Taj_Mahal_&_Yamuna_river.JPG
Taj_Mahal,113197,11,commons/Taj_Mahal_viewed_from_Agra_Fort/0/pictures/Taj_Mahal_-_view_from_Agra_Fort.jpg
Taj_Mahal,113197,11,"commons/Remote_views_of_the_Taj_Mahal/0/pictures/Taj_Mahal_from_the_Agra_Fort,_India_(23499851311).jpg"
Taj_Mahal,113197,11,commons/Taj_Mahal_viewed_from_Agra_Fort/0/pictures/Red_Fort_-_Agra_236.jpg
Taj_Mahal,113197,11,commons/Taj_Mahal_Complex_—_Tomb/0/pictures/Taj_Mahal;_Ever_wonder_of_the_World.jpg
Taj_Mahal,113197,11,commons/Yamuna_River_at_the_Taj_Mahal/0/pictures/Picture_of_Taj_Mahal_taken_from_Agra_Fort.JPG
Taj_Mahal,113197,11,"commons/Taj_Mahal_Complex_—_Tomb/0/pictures/Taj_Mahal_after_sunset_2,_Agra,_India.jpg"
Taj_Mahal,113197,11,commons/Taj_Mahal_viewed_from_Agra_Fort/0/pictures/Taj_as_seen_from_Agra_Fort_12.jpg
Taj_Mahal,113197,11,commons/Taj_Mahal/0/pictures/TajMahal_Agra_UP_PICT0196.jpg
Taj_Mahal,113197,11,commons/Taj_Mahal/0/pictures/Taj_Mahal_Agra_India_view_from_far.jpg
Taj_Mahal,113197,11,commons/Taj_Mahal_viewed_from_Agra_Fort/0/pictures/TajOfAgra.jpg
Taj_Mahal,113197,11,commons/Taj_Mahal_viewed_from_Agra_Fort/0/pictures/Aagra_Fort_238.jpg
Taj_Mahal,113197,11,commons/Taj_Mahal_in_2017/0/pictures/WONDERS_OF_THE_WORLD_-_TAJ_MAHAL_01.jpg
Taj_Mahal,113197,11,commons/Remote_views_of_the_Taj_Mahal/0/pictures/WONDERS_OF_THE_WORLD_-_TAJ_MAHAL_02.jpg
Taj_Mahal,113197,11,commons/Taj_Mahal_viewed_from_Agra_Fort/0/pictures/TajMahal_from_AgraFort.jpg
Taj_Mahal,113197,11,commons/Taj_Mahal_viewed_from_Agra_Fort/0/pictures/Aagra_Fort_235.jpg
Taj_Mahal,113197,11,"commons/Taj_Mahal_Complex_—_Tomb/0/pictures/Taj_Mahal_Mausoleum,_Agra,_India.jpg"
Taj_Mahal,113197,11,commons/Taj_Mahal_viewed_from_Agra_Fort/0/pictures/Aagra_Fort_240.jpg
Taj_Mahal,113197,11,commons/Taj_Mahal_viewed_from_Agra_Fort/0/pictures/TAJ_MAHAL_FROM_AGRA_FORT.jpg
Taj_Mahal,113197,11,commons/Remote_views_of_the_Taj_Mahal/0/pictures/The_White_Beauty_with_Golden_Touch_-_Taj_Mahal.jpg
Taj_Mahal,113197,11,commons/Taj_Mahal_viewed_from_Agra_Fort/0/pictures/Taj50.JPG
Taj_Mahal,113197,11,commons/Taj_Mahal_viewed_from_Agra_Fort/0/pictures/Aagra_Fort_168.jpg
Taj_Mahal,113197,11,commons/Remote_views_of_the_Taj_Mahal/0/pictures/Symbol_of_love-_Taj.jpg
Taj_Mahal,113197,11,commons/Yamuna_River_at_the_Taj_Mahal/0/pictures/India-6284_-_Flickr_-_archer10_(Dennis).jpg
Taj_Mahal,113197,11,commons/Yamuna_River_at_the_Taj_Mahal/0/pictures/Taj50.JPG
Taj_Mahal,113197,11,"commons/Exterior_decoration_of_the_Taj_Mahal/0/pictures/Taj_Mahal,_Agra_views_from_around_(55).JPG"
Taj_Mahal,113197,11,commons/Taj_Mahal_viewed_from_Agra_Fort/0/pictures/Red_Fort_-_Agra_163.jpg
Taj_Mahal,113197,11,commons/Yamuna_River_at_the_Taj_Mahal/0/pictures/Close_up_View_of_Taj_Mahal_as_seen_from_Agra_Fort.JPG
Taj_Mahal,113197,11,commons/Black_and_white_images_of_the_Taj_Mahal/0/pictures/Jahan_ka_Taj!.JPG
Taj_Mahal,113197,11,commons/Remote_views_of_the_Taj_Mahal/0/pictures/The_White_Beauty_-_Taj_Mahal.jpg
Taj_Mahal,113197,11,commons/Taj_Mahal_viewed_from_Agra_Fort/0/pictures/Aagra_Fort_236.jpg
Taj_Mahal,113197,11,commons/Taj_Mahal_viewed_from_Agra_Fort/0/pictures/TAJ-MAHAL.jpg
Taj_Mahal,113197,11,"commons/West_side_of_the_Taj_Mahal/0/pictures/Taj_Mahal,_Agra_views_from_around_(62).JPG"
Taj_Mahal,113197,11,commons/Yamuna_River_at_the_Taj_Mahal/0/pictures/TajOfAgra.jpg
Taj_Mahal,113197,11,"commons/Taj_Mahal_viewed_from_Agra_Fort/0/pictures/Taj_Mahal_as_viewed_from_Agra_Fort,_India.jpg"
Taj_Mahal,113197,11,"commons/Taj_Mahal/0/pictures/TAJ_MAHAL_VIEW_FROM_RED_FORT,_AGRA.jpg"
Taj_Mahal,113197,11,commons/Taj_Mahal_viewed_from_Agra_Fort/0/pictures/Aagra_Fort_153.jpg
Taj_Mahal,113197,11,commons/Black_and_white_images_of_the_Taj_Mahal/0/pictures/Taj_Mahal_&_Yamuna_river.JPG
Taj_Mahal,113197,11,commons/Taj_Mahal_viewed_from_Agra_Fort/0/pictures/Aagra_Fort_161.jpg
Taj_Mahal,113197,11,commons/Taj_Mahal_Complex_—_Tomb/0/pictures/The_Taj_Mahal_00op.jpg
Taj_Mahal,113197,11,commons/Taj_Mahal_viewed_from_Agra_Fort/0/pictures/Red_Fort_-_Agra_247.jpg
Taj_Mahal,113197,11,commons/Taj_Mahal_viewed_from_Agra_Fort/0/pictures/Picture_of_Taj_Mahal_taken_from_Agra_Fort.JPG
Taj_Mahal,113197,11,"commons/West_side_of_the_Taj_Mahal/0/pictures/Taj_Mahal,_Agra_views_from_around_(60).JPG"
Taj_Mahal,113197,11,commons/Taj_Mahal_viewed_from_Agra_Fort/0/pictures/Red_Fort_-_Agra_158.jpg
Taj_Mahal,113197,11,commons/Remote_views_of_the_Taj_Mahal/0/pictures/Taj_Mahal-_the_riverside_view!.jpg
Taj_Mahal,113197,11,commons/Yamuna_River_at_the_Taj_Mahal/0/pictures/Taj_Mahal@AGRA.jpeg
Taj_Mahal,113197,11,commons/Remote_views_of_the_Taj_Mahal/0/pictures/WONDERS_OF_THE_WORLD_-_TAJ_MAHAL_03.jpg
Taj_Mahal,113197,11,commons/Taj_Mahal_viewed_from_Agra_Fort/0/pictures/India-6284_-_Flickr_-_archer10_(Dennis).jpg
Taj_Mahal,113197,11,commons/Taj_Mahal_viewed_from_Agra_Fort/0/pictures/Taj_Mahal_from_Agra_Fort.jpg
Taj_Mahal,113197,11,commons/Remote_views_of_the_Taj_Mahal/0/pictures/Taj_Mahal_and_river_from_Red_Fort_(8130378310).jpg
Taj_Mahal,113197,11,commons/Taj_Mahal_viewed_from_Agra_Fort/0/pictures/Taj_as_seen_from_Agra_Fort_17.jpg
Taj_Mahal,113197,11,commons/Yamuna_River_at_the_Taj_Mahal/0/pictures/Taj_Mahal_&_Yamuna_river.JPG
Taj_Mahal,113197,11,commons/Taj_Mahal_viewed_from_Agra_Fort/0/pictures/Taj_from_Agra_Fort.jpg
Taj_Mahal,113197,11,commons/Yamuna_River_at_the_Taj_Mahal/0/pictures/Taj_Mahal_as_seen_from_Agra_Fort.JPG
Taj_Mahal,113197,11,commons/Taj_Mahal_minarets/0/pictures/Taj_Mahal_-_Redefined.jpg
Taj_Mahal,113197,11,commons/Remote_views_of_the_Taj_Mahal/0/pictures/Agra_Taj_Mahal_2.jpg
Taj_Mahal,113197,11,commons/Taj_Mahal_viewed_from_Agra_Fort/0/pictures/Red_Fort_-_Agra_166.jpg
Taj_Mahal,113197,11,commons/West_side_of_the_Taj_Mahal/0/pictures/Golden_Taj.jpg
Taj_Mahal,113197,11,commons/Yamuna_River_at_the_Taj_Mahal/0/pictures/A_nice_perch_(5580834727).jpg
Taj_Mahal,113197,11,commons/Taj_Mahal_viewed_from_Agra_Fort/0/pictures/Through_the_Net.JPG
Taj_Mahal,113197,11,commons/Yamuna_River_at_the_Taj_Mahal/0/pictures/TajMahal_Agra_India.jpg
Taj_Mahal,113197,11,commons/Yamuna_River_at_the_Taj_Mahal/0/pictures/Taj_view_from_Agra_fort.JPG
Taj_Mahal,113197,11,commons/Yamuna_River_at_the_Taj_Mahal/0/pictures/The_Taj_from_the_Fort_(5580833271).jpg
Taj_Mahal,113197,11,commons/Taj_Mahal/0/pictures/India_(64886191).jpg
Taj_Mahal,113197,11,commons/Yamuna_River_at_the_Taj_Mahal/0/pictures/The_Taj_Mahal_from_Agra_Fort.JPG
Taj_Mahal,113197,11,commons/Taj_Mahal_viewed_from_Agra_Fort/0/pictures/Red_Fort_-_Agra_160.jpg
Taj_Mahal,113197,11,"commons/West_side_of_the_Taj_Mahal/0/pictures/Taj_Mahal,_Agra_views_from_around_(93).JPG"
Taj_Mahal,113197,11,commons/Yamuna_River_at_the_Taj_Mahal/0/pictures/Through_the_Net.JPG
Taj_Mahal,113197,11,commons/Taj_Mahal_in_2017/0/pictures/WONDERS_OF_THE_WORLD_-_TAJ_MAHAL_03.jpg
Taj_Mahal,113197,11,commons/Remote_views_of_the_Taj_Mahal/0/pictures/Yemuna_River_-_panoramio_(1).jpg
Taj_Mahal,113197,11,commons/Taj_Mahal_viewed_from_Agra_Fort/0/pictures/Red_Fort_-_Agra_161.jpg
Taj_Mahal,113197,11,commons/Yamuna_River_at_the_Taj_Mahal/0/pictures/Taj_Mahal_from_Agra_Fort.jpg
Taj_Mahal,113197,11,commons/Taj_Mahal_viewed_from_Agra_Fort/0/pictures/Aagra_Fort_162.jpg
Taj_Mahal,113197,11,commons/Yamuna_River_at_the_Taj_Mahal/0/pictures/View_of_Taj_Mahal_from_Red_Fort_(8130392270).jpg
Taj_Mahal,113197,11,commons/West_side_of_the_Taj_Mahal/0/pictures/Love_Surrounded_by_Dark_and_Dusty_Beasts..JPG
Taj_Mahal,113197,11,commons/Yamuna_River_at_the_Taj_Mahal/0/pictures/TajMahal_Agra_UP_PICT0196.jpg
Taj_Mahal,113197,11,commons/Taj_Mahal_viewed_from_Agra_Fort/0/pictures/Aagra_Fort_166.jpg
Taj_Mahal,113197,11,commons/Yamuna_River_at_the_Taj_Mahal/0/pictures/Taj-Mahal_from_red-Fort-Cooper.jpg
Taj_Mahal,113197,11,commons/Remote_views_of_the_Taj_Mahal/0/pictures/Taj_Mahal@AGRA.jpeg
Taj_Mahal,113197,11,commons/Taj_Mahal_viewed_from_Agra_Fort/0/pictures/Red_Fort_-_Agra_152.jpg
Taj_Mahal,113197,11,commons/Taj_Mahal_viewed_from_Agra_Fort/0/pictures/Red_Fort_-_Agra_157.jpg
Taj_Mahal,113197,11,commons/West_side_of_the_Taj_Mahal/0/pictures/The_Taj_Mahal_at_dusk.JPG
Taj_Mahal,113197,11,commons/Taj_Mahal_viewed_from_Agra_Fort/0/pictures/Red_Fort_-_Agra_237.jpg
Taj_Mahal,113197,11,commons/Yamuna_River_at_the_Taj_Mahal/0/pictures/Taj.cdutta26.jpg
Taj_Mahal,113197,11,"commons/West_side_of_the_Taj_Mahal/0/pictures/Taj_Mahal,_Agra_views_from_around_(88).JPG"
Taj_Mahal,113197,11,commons/Yamuna_River_at_the_Taj_Mahal/0/pictures/Yamuna_with_Taj_Mahal.JPG
Taj_Mahal,113197,11,commons/Taj_Mahal_viewed_from_Agra_Fort/0/pictures/Red_Fort_-_Agra_155.jpg
Taj_Mahal,113197,11,"commons/Taj_Mahal_minarets/0/pictures/Taj_Mahal,_Agra_views_from_around_(89).JPG"
Taj_Mahal,113197,11,commons/Remote_views_of_the_Taj_Mahal/0/pictures/Yamuna_with_Taj_Mahal.JPG
Taj_Mahal,113197,11,commons/Taj_Mahal_viewed_from_Agra_Fort/0/pictures/Jahan_ka_Taj!.JPG
Taj_Mahal,113197,11,commons/Taj_Mahal_viewed_from_Agra_Fort/0/pictures/Taj_from_agra_fort_view.JPG
Taj_Mahal,113197,11,commons/Taj_Mahal_viewed_from_Agra_Fort/0/pictures/Aagra_Fort_152.jpg
Taj_Mahal,113197,11,commons/Taj_Mahal_viewed_from_Agra_Fort/0/pictures/Red_Fort_-_Agra_239.jpg
Taj_Mahal,113197,11,commons/Taj_Mahal_viewed_from_Agra_Fort/0/pictures/Aagra_Fort_156.jpg
Taj_Mahal,113197,11,commons/Taj_Mahal_viewed_from_Agra_Fort/0/pictures/Red_Fort_-_Agra_240.jpg
Taj_Mahal,113197,11,commons/Taj_Mahal_viewed_from_Agra_Fort/0/pictures/Aagra_Fort_154.jpg
Taj_Mahal,113197,11,commons/Taj_Mahal_viewed_from_Agra_Fort/0/pictures/Red_Fort_-_Agra_238.jpg
Taj_Mahal,113197,11,commons/Taj_Mahal_viewed_from_Agra_Fort/0/pictures/Aagra_Fort_155.jpg
Taj_Mahal,113197,11,commons/Yamuna_River_at_the_Taj_Mahal/0/pictures/Taj_Mahal_viewed_from_Red_fort.JPG
Taj_Mahal,113197,11,commons/Taj_Mahal_viewed_from_Agra_Fort/0/pictures/Aagra_Fort_160.jpg
Taj_Mahal,113197,11,commons/Taj_Mahal_viewed_from_Agra_Fort/0/pictures/Red_Fort_-_Agra_249.jpg
Taj_Mahal,113197,11,commons/Taj_Mahal/0/pictures/The_Taj_from_the_Fort_(5580833271).jpg
Taj_Mahal,113197,11,commons/Taj_Mahal_viewed_from_Agra_Fort/0/pictures/Aagra_Fort_157.jpg
Taj_Mahal,113197,11,commons/Taj_Mahal_viewed_from_Agra_Fort/0/pictures/Aagra_Fort_164.jpg
Taj_Mahal,113197,11,commons/Taj_Mahal_viewed_from_Agra_Fort/0/pictures/Taj_view_from_Agra_fort.JPG
Taj_Mahal,113197,11,commons/Taj_Mahal_viewed_from_Agra_Fort/0/pictures/Aagra_Fort_159.jpg
Taj_Mahal,113197,11,commons/Taj_Mahal_viewed_from_Agra_Fort/0/pictures/Red_Fort_-_Agra_248.jpg
Taj_Mahal,113197,11,commons/Taj_Mahal_viewed_from_Agra_Fort/0/pictures/Taj-Mahal_from_red-Fort-Cooper.jpg
Taj_Mahal,113197,11,commons/Taj_Mahal_viewed_from_Agra_Fort/0/pictures/Aagra_Fort_158.jpg
Taj_Mahal,113197,11,commons/Taj_Mahal_viewed_from_Agra_Fort/0/pictures/Taj.cdutta26.jpg
Taj_Mahal,113197,11,commons/Taj_Mahal_viewed_from_Agra_Fort/0/pictures/Aagra_Fort_163.jpg
Taj_Mahal,113197,11,commons/Taj_Mahal_viewed_from_Agra_Fort/0/pictures/Aagra_Fort_167.jpg
Taj_Mahal,113197,11,commons/Taj_Mahal_viewed_from_Agra_Fort/0/pictures/TajMahal_Agra_India.jpg
Taj_Mahal,113197,11,commons/Taj_Mahal_viewed_from_Agra_Fort/0/pictures/Aagra_Fort_165.jpg
Taj_Mahal,113197,11,commons/Taj_Mahal_viewed_from_Agra_Fort/0/pictures/TajMahal_Agra_UP_PICT0196.jpg
Taj_Mahal,113197,11,commons/Taj_Mahal_viewed_from_Agra_Fort/0/pictures/Aagra_Fort_234.jpg
Taj_Mahal,113197,11,commons/Taj_Mahal_viewed_from_Agra_Fort/0/pictures/Aagra_Fort_239.jpg
Taj_Mahal,113197,11,"commons/Taj_Mahal_viewed_from_Agra_Fort/0/pictures/TAJ_MAHAL_VIEW_FROM_RED_FORT,_AGRA.jpg"
Taj_Mahal,113197,11,commons/Taj_Mahal_viewed_from_Agra_Fort/0/pictures/Aagra_Fort_237.jpg
Taj_Mahal,113197,11,commons/Taj_Mahal_viewed_from_Agra_Fort/0/pictures/Aagra_Fort_296.jpg
Taj_Mahal,113197,11,commons/Taj_Mahal_viewed_from_Agra_Fort/0/pictures/The_Taj_Mahal_from_Agra_Fort.JPG
Taj_Mahal,113197,11,commons/Taj_Mahal_viewed_from_Agra_Fort/0/pictures/Agra_Fort_-_views_inside_and_outside_(8).JPG
Taj_Mahal,113197,11,commons/Taj_Mahal_viewed_from_Agra_Fort/0/pictures/The_Taj_from_the_Fort_(5580833271).jpg
Taj_Mahal,113197,11,commons/Taj_Mahal_viewed_from_Agra_Fort/0/pictures/Agra_Fort_-_views_inside_and_outside_(7).JPG
Taj_Mahal,113197,11,commons/Taj_Mahal_viewed_from_Agra_Fort/0/pictures/Agra_Fort_-_views_inside_and_outside_(5).JPG
Taj_Mahal,113197,11,commons/Taj_Mahal_viewed_from_Agra_Fort/0/pictures/Agra_Fort-Khas_Mahal-Yamuna_River-20131018.jpg
Taj_Mahal,113197,11,commons/Taj_Mahal_in_2017/0/pictures/WONDERS_OF_THE_WORLD_-_TAJ_MAHAL_02.jpg
Taj_Mahal,113197,11,commons/Taj_Mahal_viewed_from_Agra_Fort/0/pictures/Agra_Fort-Diwan_I_Khas-Taj_Mahal-20131018.jpg
Taj_Mahal,113197,11,commons/Remote_views_of_the_Taj_Mahal/0/pictures/WONDERS_OF_THE_WORLD_-_TAJ_MAHAL_01.jpg
Taj_Mahal,113197,11,commons/Taj_Mahal_viewed_from_Agra_Fort/0/pictures/Close_up_View_of_Taj_Mahal_as_seen_from_Agra_Fort.JPG
Taj_Mahal,113197,11,commons/West_side_of_the_Taj_Mahal/0/pictures/Taj_Mahal_with_different_backdrop.JPG
Taj_Mahal,113197,11,commons/Taj_Mahal_viewed_from_Agra_Fort/0/pictures/India_(64886191).jpg
Taj_Mahal,113197,11,commons/Taj_Mahal_viewed_from_Agra_Fort/0/pictures/Red_Fort_-_Agra_153.jpg
Taj_Mahal,113197,11,commons/West_side_of_the_Taj_Mahal/0/pictures/TajAtDusk.jpg
Taj_Mahal,113197,11,commons/Taj_Mahal_viewed_from_Agra_Fort/0/pictures/Red_Fort_-_Agra_154.jpg
Taj_Mahal,113197,11,commons/Taj_Mahal_viewed_from_Agra_Fort/0/pictures/Red_Fort_-_Agra_162.jpg
Taj_Mahal,113197,11,commons/Taj_Mahal_viewed_from_Agra_Fort/0/pictures/Red_Fort_-_Agra_159.jpg
Taj_Mahal,113197,11,commons/Taj_Mahal_viewed_from_Agra_Fort/0/pictures/Red_Fort_-_Agra_167.jpg
Taj_Mahal,113197,11,commons/Taj_Mahal_viewed_from_Agra_Fort/0/pictures/Red_Fort_-_Agra_165.jpg
Taj_Mahal,113197,11,commons/Remote_views_of_the_Taj_Mahal/0/pictures/A_nice_perch_(5580834727).jpg
Taj_Mahal,113197,11,commons/Taj_Mahal_viewed_from_Agra_Fort/0/pictures/Red_Fort_-_Agra_235.jpg
Taj_Mahal,113197,11,commons/Taj_Mahal_viewed_from_Agra_Fort/0/pictures/Red_Fort_-_Agra_164.jpg
Taj_Mahal,113197,11,commons/Taj_Mahal_viewed_from_Agra_Fort/0/pictures/Red_Fort_-_Agra_168.jpg
Taj_Mahal,113197,11,commons/Taj_Mahal_viewed_from_Agra_Fort/0/pictures/Red_Fort_-_Agra_234.jpg
Taj_Mahal,113197,11,commons/Taj_Mahal_viewed_from_Agra_Fort/0/pictures/Red_Fort_-_Agra_246.jpg
Taj_Mahal,113197,11,commons/Taj_Mahal_viewed_from_Agra_Fort/0/pictures/Taj_From_Agra_Fort.jpg
Taj_Mahal,113197,12,"commons/Taj_Mahal_in_2002/0/pictures/Agra,_Taj_Mahal_(2002)_20.jpg"
Taj_Mahal,113197,12,"commons/Taj_Mahal_in_2002/0/pictures/Agra,_Taj_Mahal_(2002)_19.jpg"
Taj_Mahal,113197,12,commons/Taj_Mahal_Complex_—_Tomb/0/pictures/Taj_Mahal_Agra_India_-_panoramio_(23).jpg
Taj_Mahal,113197,12,commons/Taj_Mahal_Complex_—_Tomb/0/pictures/Taj_Mahal_Agra_India_-_panoramio_(22).jpg
Taj_Mahal,113197,12,"commons/South_side_of_the_Taj_Mahal/0/pictures/Taj_Mahal,_up_close.jpg"
Taj_Mahal,113197,12,"commons/South_side_of_Taj_Mahal_Tomb_viewed_from_the_gateway/0/pictures/Agra,_Taj_Mahal_(2002)_19.jpg"
Taj_Mahal,113197,12,"commons/Taj_Mahal_in_2002/0/pictures/Agra,_Taj_Mahal_(2002)_27.jpg"
Taj_Mahal,113197,12,commons/Exterior_decoration_of_the_Taj_Mahal/0/pictures/Taj_gumbad.jpg
Taj_Mahal,113197,12,"commons/Exterior_decoration_of_the_Taj_Mahal/0/pictures/Agra,_Taj_Mahal_(2002)_27.jpg"
Taj_Mahal,113197,12,commons/Taj_Mahal_Complex_—_Tomb/0/pictures/Taj_Mahal_2018-01-02za.jpg
Taj_Mahal,113197,12,"commons/West_side_of_the_Taj_Mahal/0/pictures/Agra,_Taj_Mahal_(2002)_20.jpg"
Taj_Mahal,113197,12,"commons/Architectural_elements_in_the_Taj_Mahal/0/pictures/Agra,_Taj_Mahal_(2002)_27.jpg"
