scene,scene_id,model,image
Palace_of_Versailles,177768,0,"commons/Photographs_of_Palais_de_Versailles_in_the_Rijksmuseum_Amsterdam/0/pictures/Kapel_in_het_paleis_van_Versailles_Château_de_Versailles_La_Chapelle_(titel_op_object),_RP-F-F16409.jpg"
Palace_of_Versailles,177768,0,commons/Palace_of_Versailles/0/pictures/Versailles_10.jpg
Palace_of_Versailles,177768,0,commons/Palace_of_Versailles/0/pictures/Palace_of_Versailles_(9812068756).jpg
Palace_of_Versailles,177768,0,commons/Palace_of_Versailles/0/pictures/FR_Versalles_0711_(66)_(17250893221).jpg
Palace_of_Versailles,177768,0,commons/Palace_of_Versailles/0/pictures/FR_Versalles_0711_(64)_(17063673868).jpg
Palace_of_Versailles,177768,0,commons/Palace_of_Versailles/0/pictures/FR_Versalles_0711_(20)_(17249691112).jpg
Palace_of_Versailles,177768,0,commons/Musée_national_du_Château_de_Versailles/0/pictures/Château_de_Versailles_(24458124671).jpg
Palace_of_Versailles,177768,0,commons/Palace_of_Versailles/0/pictures/Palace_of_Versailles_(9812051305).jpg
Palace_of_Versailles,177768,0,commons/Marble_in_the_Palace_of_Versailles/0/pictures/Chateau_de_Versailles_Chapelle_royale_2011_17.jpg
Palace_of_Versailles,177768,0,commons/Interior_of_the_Palace_of_Versailles/0/pictures/No_a_regular_ceiling_-_Versailles_(9129882223).jpg
Palace_of_Versailles,177768,0,commons/Chapel_of_the_Palace_of_Versailles/0/pictures/Chapel_of_the_Palace_of_Versailles.jpg
Palace_of_Versailles,177768,0,"commons/Chapel_of_the_Palace_of_Versailles,_interior/0/pictures/ヴェルサイユ宮殿_-_panoramio_-_mayatomo_(1).jpg"
Palace_of_Versailles,177768,0,"commons/Chapel_of_the_Palace_of_Versailles,_interior/0/pictures/Версаль_-_panoramio_(31).jpg"
Palace_of_Versailles,177768,0,"commons/Chapel_of_the_Palace_of_Versailles,_interior/0/pictures/^100_Verssailes_interior_-_panoramio.jpg"
Palace_of_Versailles,177768,0,"commons/Chapel_of_the_Palace_of_Versailles,_interior/0/pictures/Wersal_2013_(14).JPG"
Palace_of_Versailles,177768,0,"commons/Chapel_of_the_Palace_of_Versailles,_interior/0/pictures/Wersal_2013_(13).JPG"
Palace_of_Versailles,177768,0,"commons/Chapel_of_the_Palace_of_Versailles,_interior/0/pictures/VersaillesChapelInterior.jpg"
Palace_of_Versailles,177768,0,"commons/Chapel_of_the_Palace_of_Versailles,_interior/0/pictures/Versailles,_cappella_interno_03.JPG"
Palace_of_Versailles,177768,0,"commons/Chapel_of_the_Palace_of_Versailles,_interior/0/pictures/Versailles,_Schlosskapelle,_Innenansicht_(8).jpg"
Palace_of_Versailles,177768,0,"commons/Chapel_of_the_Palace_of_Versailles,_interior/0/pictures/Versailles,_Schlosskapelle,_Innenansicht_(14).jpg"
Palace_of_Versailles,177768,0,"commons/Chapel_of_the_Palace_of_Versailles,_interior/0/pictures/Versailles,_Schlosskapelle,_Innenansicht_(13).jpg"
Palace_of_Versailles,177768,0,"commons/Chapel_of_the_Palace_of_Versailles,_interior/0/pictures/Versailles,_Schlosskapelle,_Innenansicht_(11).jpg"
Palace_of_Versailles,177768,0,"commons/Chapel_of_the_Palace_of_Versailles,_interior/0/pictures/Versailles,_Schlosskapelle,_Innenansicht_(1).jpg"
Palace_of_Versailles,177768,0,"commons/Chapel_of_the_Palace_of_Versailles,_interior/0/pictures/Versailles,_France_-_panoramio_(20).jpg"
Palace_of_Versailles,177768,0,"commons/Chapel_of_the_Palace_of_Versailles,_interior/0/pictures/Versailles,_Chapelle_royale.jpg"
Palace_of_Versailles,177768,0,"commons/Chapel_of_the_Palace_of_Versailles,_interior/0/pictures/Versailles_chapelle_royal_topview.jpeg"
Palace_of_Versailles,177768,0,"commons/Chapel_of_the_Palace_of_Versailles,_interior/0/pictures/Versailles_Château_de_Versailles_Innen_Chapelle_Orgel_&_Altar.jpg"
Palace_of_Versailles,177768,0,"commons/Chapel_of_the_Palace_of_Versailles,_interior/0/pictures/Versailles_Château_de_Versailles_Innen_Chapelle_Altar_2.jpg"
Palace_of_Versailles,177768,0,"commons/Chapel_of_the_Palace_of_Versailles,_interior/0/pictures/Versailles_Château_de_Versailles_Innen_Chapelle_Altar_1.jpg"
Palace_of_Versailles,177768,0,"commons/Chapel_of_the_Palace_of_Versailles,_interior/0/pictures/Versailles_Château_de_Versailles_Innen_Chapelle_8.jpg"
Palace_of_Versailles,177768,0,"commons/Chapel_of_the_Palace_of_Versailles,_interior/0/pictures/Versailles_Château_de_Versailles_Innen_Chapelle_6.jpg"
Palace_of_Versailles,177768,0,"commons/Chapel_of_the_Palace_of_Versailles,_interior/0/pictures/Versailles_Château_de_Versailles_Innen_Chapelle_5.jpg"
Palace_of_Versailles,177768,0,"commons/Chapel_of_the_Palace_of_Versailles,_interior/0/pictures/Versailles_Château_de_Versailles_Innen_Chapelle_4.jpg"
Palace_of_Versailles,177768,0,"commons/Chapel_of_the_Palace_of_Versailles,_interior/0/pictures/Versailles_Château_de_Versailles_Innen_Chapelle_3.jpg"
Palace_of_Versailles,177768,0,"commons/Chapel_of_the_Palace_of_Versailles,_interior/0/pictures/Versailles_Château_de_Versailles_Innen_Chapelle_2.jpg"
Palace_of_Versailles,177768,0,"commons/Chapel_of_the_Palace_of_Versailles,_interior/0/pictures/Versailles_Chateau_Chapelle_Voute_-_panoramio.jpg"
Palace_of_Versailles,177768,0,"commons/Chapel_of_the_Palace_of_Versailles,_interior/0/pictures/Versailles_Chapelle_2_-_panoramio.jpg"
Palace_of_Versailles,177768,0,commons/Versailles_palace_Royal_chapel_(organ)/0/pictures/Chateau_de_Versailles_Chapelle_royale_2011_1.jpg
Palace_of_Versailles,177768,0,"commons/Chapel_of_the_Palace_of_Versailles,_interior/0/pictures/Versailles_Chapelle_1_-_panoramio.jpg"
Palace_of_Versailles,177768,0,"commons/Chapel_of_the_Palace_of_Versailles,_interior/0/pictures/Versailles_Chapel.jpg"
Palace_of_Versailles,177768,0,"commons/Chapel_of_the_Palace_of_Versailles,_interior/0/pictures/Versailles_Chapel_-_July_2006.jpg"
Palace_of_Versailles,177768,0,"commons/Chapel_of_the_Palace_of_Versailles,_interior/0/pictures/Versailles_Chapel_-_July_2006_edit.jpg"
Palace_of_Versailles,177768,0,"commons/Chapel_of_the_Palace_of_Versailles,_interior/0/pictures/Versailles_09.jpg"
Palace_of_Versailles,177768,0,"commons/Chapel_of_the_Palace_of_Versailles,_interior/0/pictures/VERSAILLES_-_Le_Palais_-_Intérieur_de_la_Chapelle.jpg"
Palace_of_Versailles,177768,0,"commons/Chapel_of_the_Palace_of_Versailles,_interior/0/pictures/The_Royal_Chapel_of_Versailles.JPG"
Palace_of_Versailles,177768,0,"commons/Chapel_of_the_Palace_of_Versailles,_interior/0/pictures/Schloss_Versailles_Paris_Eingangshalle.jpg"
Palace_of_Versailles,177768,0,"commons/Chapel_of_the_Palace_of_Versailles,_interior/0/pictures/Salle_du_Grand_Orgue_Clicquot,_Orgue_Royal,_Versailles..jpg"
Palace_of_Versailles,177768,0,"commons/Chapel_of_the_Palace_of_Versailles,_interior/0/pictures/Palace_of_Versailles,_September_2013_008.jpg"
Palace_of_Versailles,177768,0,"commons/Versailles_palace_Royal_chapel_(organ)/0/pictures/Versailles,_Schlosskapelle,_Innenansicht_(6).jpg"
Palace_of_Versailles,177768,0,"commons/Chapel_of_the_Palace_of_Versailles,_interior/0/pictures/Palace_of_Versailles_Royal_Chapel_(28281918971).jpg"
Palace_of_Versailles,177768,0,"commons/Chapel_of_the_Palace_of_Versailles,_interior/0/pictures/Palace_of_Versailles_Royal_Chapel_(28256993342).jpg"
Palace_of_Versailles,177768,0,"commons/Chapel_of_the_Palace_of_Versailles,_interior/0/pictures/Palace_of_Versailles_44_2012-06-30.jpg"
Palace_of_Versailles,177768,0,"commons/Chapel_of_the_Palace_of_Versailles,_interior/0/pictures/Palace_of_Versailles_42_2012-06-30.jpg"
Palace_of_Versailles,177768,0,"commons/Chapel_of_the_Palace_of_Versailles,_interior/0/pictures/Palace_of_Versailles_Chapel_(5986786001).jpg"
Palace_of_Versailles,177768,0,commons/Versailles_palace_Royal_chapel_(organ)/0/pictures/Chateau_de_Versailles_Chapel_01.jpg
Palace_of_Versailles,177768,0,"commons/Chapel_of_the_Palace_of_Versailles,_interior/0/pictures/Chateau_de_Versailles_Chapelle_royale_2011_23.jpg"
Palace_of_Versailles,177768,0,"commons/Chapel_of_the_Palace_of_Versailles,_interior/0/pictures/Capilla,_Versalles._06.JPG"
Palace_of_Versailles,177768,0,"commons/Chapel_of_the_Palace_of_Versailles,_interior/0/pictures/Capilla,_Versalles._05.JPG"
Palace_of_Versailles,177768,0,"commons/Chapel_of_the_Palace_of_Versailles,_interior/0/pictures/Capilla,_Versalles._04.JPG"
Palace_of_Versailles,177768,0,"commons/Chapel_of_the_Palace_of_Versailles,_interior/0/pictures/Capilla,_Versalles._03.JPG"
Palace_of_Versailles,177768,0,"commons/Chapel_of_the_Palace_of_Versailles,_interior/0/pictures/Capilla,_Versalles._02.JPG"
Palace_of_Versailles,177768,0,"commons/Chapel_of_the_Palace_of_Versailles,_interior/0/pictures/Capilla,_Versalles._01.JPG"
Palace_of_Versailles,177768,0,"commons/Photographs_of_Palais_de_Versailles_in_the_Rijksmuseum_Amsterdam/0/pictures/Interieur_van_de_kapel_van_het_Paleis_van_Versailles_CHATEAU_de_VERSAILLES_La_Chapelle_(titel_op_object),_RP-F-F01092-AU.jpg"
Palace_of_Versailles,177768,0,"commons/Chapel_of_the_Palace_of_Versailles,_interior/0/pictures/CHAPELLE-ROYALE-VERSAILLES-001.jpg"
Palace_of_Versailles,177768,0,"commons/Chapel_of_the_Palace_of_Versailles,_interior/0/pictures/Autel_chapelle_royale_Versailles.JPG"
Palace_of_Versailles,177768,0,"commons/Chapel_of_the_Palace_of_Versailles,_interior/0/pictures/Altar_of_the_chapel_of_Versailles,_the_very_spot_where_Marie_Antoinette_married_Louis_XVI_(24006656790).jpg"
Palace_of_Versailles,177768,0,"commons/Chapel_of_the_Palace_of_Versailles,_interior/0/pictures/Altar_of_the_chapel_of_Versailles,_the_very_spot_where_Marie_Antoinette_married_Louis_XVI_(24193824662).jpg"
Palace_of_Versailles,177768,0,"commons/Chapel_of_the_Palace_of_Versailles,_interior/0/pictures/78-Versailles-chapelle-royale-choeur-orgue.jpg"
Palace_of_Versailles,177768,0,commons/Versailles_palace_Royal_chapel_(organ)/0/pictures/Versailles_Château_de_Versailles_Innen_Chapelle_Orgel_&_Altar.jpg
Palace_of_Versailles,177768,0,"commons/Chapel_of_the_Palace_of_Versailles,_interior/0/pictures/Palace_of_Versailles_158_2012-06-30.jpg"
Palace_of_Versailles,177768,0,"commons/Chapel_of_the_Palace_of_Versailles,_interior/0/pictures/007Versailles_chapel.jpg"
Palace_of_Versailles,177768,0,"commons/Chapel_of_the_Palace_of_Versailles,_interior/0/pictures/179829957_418160cd52_b_chapelle_de_Versailles.jpg"
Palace_of_Versailles,177768,0,"commons/Chapel_of_the_Palace_of_Versailles,_ceiling/0/pictures/Versailles,_Schlosskapelle,_Innenansicht_(12).jpg"
Palace_of_Versailles,177768,0,"commons/Chapel_of_the_Palace_of_Versailles,_interior/0/pictures/Palace_of_Versailles_152_2012-06-30.jpg"
Palace_of_Versailles,177768,0,"commons/Chapel_of_the_Palace_of_Versailles,_ceiling/0/pictures/Versailles_Château_de_Versailles_Innen_Chapelle_Chorfresko.jpg"
Palace_of_Versailles,177768,0,"commons/Chapel_of_the_Palace_of_Versailles,_ceiling/0/pictures/Versailles_Chateau_Chapelle_Voute_-_panoramio.jpg"
Palace_of_Versailles,177768,0,commons/Versailles_palace_Royal_chapel_(organ)/0/pictures/007Versailles_chapel.jpg
Palace_of_Versailles,177768,0,"commons/Chapel_of_the_Palace_of_Versailles,_interior/0/pictures/Palace_of_Versailles_150_2012-06-30.jpg"
Palace_of_Versailles,177768,0,"commons/Chapel_of_the_Palace_of_Versailles,_ceiling/0/pictures/Chateau_de_Versailles_Chapelle_royale_2011_28.jpg"
Palace_of_Versailles,177768,0,"commons/Chapel_of_the_Palace_of_Versailles,_interior/0/pictures/Château_de_Versailles_-_Chapelle_-_Intérieur,_rez-de-chaussée_(2).jpg"
Palace_of_Versailles,177768,0,"commons/Chapel_of_the_Palace_of_Versailles,_interior/0/pictures/Palace_of_Versailles_151_2012-06-30.jpg"
Palace_of_Versailles,177768,0,commons/Versailles_palace_Royal_chapel_(organ)/0/pictures/78-Versailles-chapelle-royale-choeur-orgue.jpg
Palace_of_Versailles,177768,0,"commons/Photographs_of_Palais_de_Versailles_in_the_Rijksmuseum_Amsterdam/0/pictures/De_kapel_van_het_paleis_van_Versailles_271_Château_de_Versailles._La_Chapelle_(titel_op_object),_RP-F-F16645.jpg"
Palace_of_Versailles,177768,0,"commons/Chapel_of_the_Palace_of_Versailles,_ceiling/0/pictures/Chateau_de_Versailles_Chapelle_royale_2011_22.jpg"
Palace_of_Versailles,177768,0,"commons/Chapel_of_the_Palace_of_Versailles,_interior/0/pictures/Château_de_Versailles_(5430499374).jpg"
Palace_of_Versailles,177768,0,commons/Palace_of_Versailles/0/pictures/FR_Versalles_0711_(12)_(17063682958).jpg
Palace_of_Versailles,177768,0,"commons/Chapel_of_the_Palace_of_Versailles,_ceiling/0/pictures/Chateau_de_Versailles_Chapelle_royale_2011_2.jpg"
Palace_of_Versailles,177768,0,"commons/Chapel_of_the_Palace_of_Versailles,_interior/0/pictures/Château_de_Versailles_(24458124671).jpg"
Palace_of_Versailles,177768,0,"commons/Chapel_of_the_Palace_of_Versailles,_interior/0/pictures/Castillo_de_Versalles.jpg"
Palace_of_Versailles,177768,0,"commons/Chapel_of_the_Palace_of_Versailles,_ceiling/0/pictures/CHAPELLE-ROYALE-VERSAILLES-011.jpg"
Palace_of_Versailles,177768,0,"commons/Chapel_of_the_Palace_of_Versailles,_interior/0/pictures/Versailles_Château_de_Versailles_Innen_Chapelle_1.jpg"
Palace_of_Versailles,177768,0,"commons/Versailles_palace_Royal_chapel_(organ)/0/pictures/Versailles,_Schlosskapelle,_Innenansicht_(9).jpg"
Palace_of_Versailles,177768,0,"commons/Chapel_of_the_Palace_of_Versailles,_ceiling/0/pictures/Versailles_Chateau_Chapelle_Voute_-_panoramio_(1).jpg"
Palace_of_Versailles,177768,0,"commons/Chapel_of_the_Palace_of_Versailles,_interior/0/pictures/P1020900_(5015764022).jpg"
Palace_of_Versailles,177768,0,"commons/Chapel_of_the_Palace_of_Versailles,_ceiling/0/pictures/Chateau_de_Versailles_Chapelle_royale_2011_07.jpg"
Palace_of_Versailles,177768,0,"commons/Chapel_of_the_Palace_of_Versailles,_interior/0/pictures/Château_de_Versailles_(24432151442).jpg"
Palace_of_Versailles,177768,0,commons/Palace_of_Versailles/0/pictures/FR_Versalles_0711_(65)_(16631234693).jpg
Palace_of_Versailles,177768,0,"commons/Chapel_of_the_Palace_of_Versailles,_interior/0/pictures/Chapelle_Royale_-_Grands_Motets.JPG"
Palace_of_Versailles,177768,0,"commons/Chapel_of_the_Palace_of_Versailles,_ceiling/0/pictures/Chateau_de_Versailles_Chapelle_royale_2011_06.jpg"
Palace_of_Versailles,177768,0,"commons/Chapel_of_the_Palace_of_Versailles,_interior/0/pictures/Chateau_de_Versailles_Marcok_31_aug_2016_f24.jpg"
Palace_of_Versailles,177768,0,"commons/Chapel_of_the_Palace_of_Versailles,_ceiling/0/pictures/Chateau_de_Versailles_Chapel_02.jpg"
Palace_of_Versailles,177768,0,"commons/Chapel_of_the_Palace_of_Versailles,_interior/0/pictures/Chateau_de_Versailles_Marcok_31_aug_2016_f23.jpg"
Palace_of_Versailles,177768,0,commons/Palace_of_Versailles/0/pictures/FR_Versalles_0711_(63)_(17250886231).jpg
Palace_of_Versailles,177768,0,commons/Marble_in_the_Palace_of_Versailles/0/pictures/Chateau_de_Versailles_Chapelle_royale_2011_25.jpg
Palace_of_Versailles,177768,0,"commons/Chapel_of_the_Palace_of_Versailles,_interior/0/pictures/Chapel_of_the_Palace_of_Versailles,_April_2011_(2).jpg"
Palace_of_Versailles,177768,0,"commons/Chapel_of_the_Palace_of_Versailles,_ceiling/0/pictures/Chateau_de_Versailles_-_Chapelle_royale_2011-06-18_-_plafond_3.jpg"
Palace_of_Versailles,177768,0,"commons/Chapel_of_the_Palace_of_Versailles,_interior/0/pictures/Chateau_de_Versailles_Marcok_31_aug_2016_f22.jpg"
Palace_of_Versailles,177768,0,"commons/Chapel_of_the_Palace_of_Versailles,_ceiling/0/pictures/Chateau_de_Versailles_-_Chapelle_royale_2011-06-18_-_plafond_2.jpg"
Palace_of_Versailles,177768,0,"commons/Chapel_of_the_Palace_of_Versailles,_interior/0/pictures/Chateau_de_Versailles_Marcok_31_aug_2016_f21.jpg"
Palace_of_Versailles,177768,0,"commons/Chapel_of_the_Palace_of_Versailles,_interior/0/pictures/Chapel_of_the_Palace_of_Versailles_20130810.jpg"
Palace_of_Versailles,177768,0,"commons/Chapel_of_the_Palace_of_Versailles,_ceiling/0/pictures/Chateau_de_Versailles_-_Chapelle_royale_2011-06-18_-_plafond_1.jpg"
Palace_of_Versailles,177768,0,"commons/Chapel_of_the_Palace_of_Versailles,_interior/0/pictures/Chateau_de_Versailles_Marcok_31_aug_2016_f20.jpg"
Palace_of_Versailles,177768,0,"commons/Chapel_of_the_Palace_of_Versailles,_interior/0/pictures/Ceiling_of_the_Chapelle_du_château_de_Versailles_(23934420029).jpg"
Palace_of_Versailles,177768,0,"commons/Chapel_of_the_Palace_of_Versailles,_ceiling/0/pictures/ChapelleRoyale61.JPG"
Palace_of_Versailles,177768,0,"commons/Chapel_of_the_Palace_of_Versailles,_interior/0/pictures/Capilla,_Versalles._07.JPG"
Palace_of_Versailles,177768,0,"commons/Chapel_of_the_Palace_of_Versailles,_ceiling/0/pictures/CHAPELLE-ROYALE-VERSAILLES-005.jpg"
Palace_of_Versailles,177768,0,"commons/Chapel_of_the_Palace_of_Versailles,_ceiling/0/pictures/Versailles_Chapelle_ceiling_04.jpg"
Palace_of_Versailles,177768,0,"commons/Chapel_of_the_Palace_of_Versailles,_interior/0/pictures/P1020880_(5015153143).jpg"
Palace_of_Versailles,177768,0,"commons/Chapel_of_the_Palace_of_Versailles,_interior/0/pictures/Palace_of_Versailles_153_2012-06-30.jpg"
Palace_of_Versailles,177768,0,commons/Versailles_palace_Royal_chapel_(organ)/0/pictures/CHAPELLE-ROYALE-VERSAILLES-015.jpg
Palace_of_Versailles,177768,0,"commons/Chapel_of_the_Palace_of_Versailles,_interior/0/pictures/Chateau_de_Versailles_Chapelle_royale_2011_16.jpg"
Palace_of_Versailles,177768,0,"commons/Chapel_of_the_Palace_of_Versailles,_ceiling/0/pictures/Chateau_de_Versailles_Chapelle_royale_2011_50.jpg"
Palace_of_Versailles,177768,0,"commons/Chapel_of_the_Palace_of_Versailles,_interior/0/pictures/Château_de_Versailles_-_Chapelle_-_Intérieur,_rez-de-chaussée_(1).jpg"
Palace_of_Versailles,177768,0,"commons/Chapel_of_the_Palace_of_Versailles,_interior/0/pictures/Palace_of_Versailles_157_2012-06-30.jpg"
Palace_of_Versailles,177768,0,commons/Versailles_palace_Royal_chapel_(organ)/0/pictures/Chapel_of_the_Palace_of_Versailles_20130810.jpg
Palace_of_Versailles,177768,0,"commons/Chapel_of_the_Palace_of_Versailles,_interior/0/pictures/Chateau_de_Versailles_Chapelle_royale_2011_17.jpg"
Palace_of_Versailles,177768,0,"commons/Chapel_of_the_Palace_of_Versailles,_ceiling/0/pictures/Château_de_Versailles_(5429892703).jpg"
Palace_of_Versailles,177768,0,"commons/Chapel_of_the_Palace_of_Versailles,_interior/0/pictures/Château_de_Versailles_-_Chapelle_-_Intérieur,_rez-de-chaussée_(3).jpg"
Palace_of_Versailles,177768,0,"commons/Chapel_of_the_Palace_of_Versailles,_interior/0/pictures/Palace_of_Versailles_159_2012-06-30.jpg"
Palace_of_Versailles,177768,0,"commons/Versailles_palace_Royal_chapel_(organ)/0/pictures/Versailles,_Schlosskapelle,_Innenansicht_(10).jpg"
Palace_of_Versailles,177768,0,"commons/Chapel_of_the_Palace_of_Versailles,_interior/0/pictures/Chateau_de_Versailles_Chapelle_royale_2011_19.jpg"
Palace_of_Versailles,177768,0,"commons/Chapel_of_the_Palace_of_Versailles,_ceiling/0/pictures/Château_de_Versailles,_detail_plafond.jpg"
Palace_of_Versailles,177768,0,"commons/Chapel_of_the_Palace_of_Versailles,_interior/0/pictures/Château_de_Versailles_-_Chapelle_-_Intérieur,_étage_(2).jpg"
Palace_of_Versailles,177768,0,"commons/Chapel_of_the_Palace_of_Versailles,_ceiling/0/pictures/Dieu_Tout-Puissant_Chapelle_Royale_Versailles_ceiling.jpg"
Palace_of_Versailles,177768,0,"commons/Chapel_of_the_Palace_of_Versailles,_interior/0/pictures/Château_de_Versailles_-_La_Chapelle.jpg"
Palace_of_Versailles,177768,0,"commons/Chapel_of_the_Palace_of_Versailles,_interior/0/pictures/Palace_of_Versailles_Chapel_(5987344964).jpg"
Palace_of_Versailles,177768,0,"commons/Versailles_palace_Royal_chapel_(organ)/0/pictures/Versailles,_Schlosskapelle,_Innenansicht_(3).jpg"
Palace_of_Versailles,177768,0,commons/Palace_of_Versailles/0/pictures/FR_Versalles_0711_(21)_(17065236709).jpg
Palace_of_Versailles,177768,0,"commons/Chapel_of_the_Palace_of_Versailles,_ceiling/0/pictures/Palace_of_Versailles_Royal_Chapel_(28077787930).jpg"
Palace_of_Versailles,177768,0,"commons/Versailles_palace_Royal_chapel_(organ)/0/pictures/Versailles,_Schlosskapelle,_Innenansicht_(4).jpg"
Palace_of_Versailles,177768,0,"commons/Chapel_of_the_Palace_of_Versailles,_interior/0/pictures/Chateau_de_Versailles_Chapelle_royale_2011_25.jpg"
Palace_of_Versailles,177768,0,commons/Palace_of_Versailles/0/pictures/FR_Versalles_0711_(22)_(17225489086).jpg
Palace_of_Versailles,177768,0,"commons/Chapel_of_the_Palace_of_Versailles,_ceiling/0/pictures/Plafond_Chapelle_Royale_Versailles_Coypel_détail_1.jpg"
Palace_of_Versailles,177768,0,"commons/Chapel_of_the_Palace_of_Versailles,_interior/0/pictures/De_kapel_van_het_paleis_van_Versailles_271_Château_de_Versailles._La_Chapelle_(titel_op_object),_RP-F-F16645.jpg"
Palace_of_Versailles,177768,0,"commons/Chapel_of_the_Palace_of_Versailles,_ceiling/0/pictures/Plafond_chapelle_Royale_Versailles.jpg"
Palace_of_Versailles,177768,0,"commons/Chapel_of_the_Palace_of_Versailles,_ceiling/0/pictures/Plafond_chapelle_royale_Versailles.JPG"
Palace_of_Versailles,177768,0,"commons/Chapel_of_the_Palace_of_Versailles,_interior/0/pictures/Fotothek-df_ge_0000173-Zweigeschossige_Schloss_Kapelle.jpg"
Palace_of_Versailles,177768,0,commons/Versailles_palace_Royal_chapel_(organ)/0/pictures/Chateau_de_Versailles_Chapelle_royale_2011_4.jpg
Palace_of_Versailles,177768,0,"commons/Chapel_of_the_Palace_of_Versailles,_interior/0/pictures/Chateau_de_Versailles_Chapelle_royale_2011_28.jpg"
Palace_of_Versailles,177768,0,"commons/Chapel_of_the_Palace_of_Versailles,_ceiling/0/pictures/Plafond_vue_sur_le_côté_chapelle_royale.JPG"
Palace_of_Versailles,177768,0,"commons/Chapel_of_the_Palace_of_Versailles,_interior/0/pictures/Inside_the_Palace_of_Versailles.jpg"
Palace_of_Versailles,177768,0,commons/Marble_in_the_Palace_of_Versailles/0/pictures/Chateau_de_Versailles_Chapelle_royale_2011_29.jpg
Palace_of_Versailles,177768,0,commons/Versailles_and_the_court_under_Louis_XIV_(1905)/0/pictures/Versailles_and_the_court_under_Louis_XIV_(1905)_(14765868002).jpg
Palace_of_Versailles,177768,0,"commons/Chapel_of_the_Palace_of_Versailles,_ceiling/0/pictures/Versailles_(4115638683).jpg"
Palace_of_Versailles,177768,0,"commons/Chapel_of_the_Palace_of_Versailles,_interior/0/pictures/Interieur_van_de_kapel_in_het_paleis_van_Versailles_Interieur_de_la_Chapelle_(titel_op_object)_Imperial_Residences_(serietitel),_RP-F-F05318.jpg"
Palace_of_Versailles,177768,0,"commons/Chapel_of_the_Palace_of_Versailles,_ceiling/0/pictures/Versailles_Chapel_-_July_2006.jpg"
Palace_of_Versailles,177768,0,"commons/Chapel_of_the_Palace_of_Versailles,_interior/0/pictures/Interieur_van_de_kapel_van_het_Paleis_van_Versailles_CHATEAU_de_VERSAILLES_La_Chapelle_(titel_op_object),_RP-F-F01092-AU.jpg"
Palace_of_Versailles,177768,0,"commons/Chapel_of_the_Palace_of_Versailles,_ceiling/0/pictures/Versailles_Chapelle_ceiling_01.jpg"
Palace_of_Versailles,177768,0,"commons/Chapel_of_the_Palace_of_Versailles,_interior/0/pictures/Kapel_in_het_paleis_van_Versailles_Château_de_Versailles_La_Chapelle_(titel_op_object),_RP-F-F16409.jpg"
Palace_of_Versailles,177768,0,"commons/Chapel_of_the_Palace_of_Versailles,_ceiling/0/pictures/Versailles_Chapelle_ceiling_02.jpg"
Palace_of_Versailles,177768,0,"commons/Chapel_of_the_Palace_of_Versailles,_interior/0/pictures/Kapelle_Versailles.jpg"
Palace_of_Versailles,177768,0,"commons/Chapel_of_the_Palace_of_Versailles,_ceiling/0/pictures/Versailles_Chapelle_ceiling_03.jpg"
Palace_of_Versailles,177768,0,commons/Palace_of_Versailles/0/pictures/FR_Versalles_0711_(67)_(17249690452).jpg
Palace_of_Versailles,177768,0,"commons/Chapel_of_the_Palace_of_Versailles,_interior/0/pictures/Chapelle_du_château_de_Versailles_(niveau_inférieur).jpg"
Palace_of_Versailles,177768,0,commons/Palace_of_Versailles/0/pictures/FR_Versalles_0711_(68)_(16628971574).jpg
Palace_of_Versailles,177768,0,"commons/Chapel_of_the_Palace_of_Versailles,_interior/0/pictures/Chapelle_du_château_de_Versailles_(niveau_supérieur).jpg"
Palace_of_Versailles,177768,0,commons/Palace_of_Versailles/0/pictures/FR_Versalles_0711_(69)_(17251452855).jpg
Palace_of_Versailles,177768,0,"commons/Chapel_of_the_Palace_of_Versailles,_interior/0/pictures/Chapelle_du_château_de_Versailles_rez-de-chaussée.jpg"
Palace_of_Versailles,177768,0,"commons/Chapel_of_the_Palace_of_Versailles,_interior/0/pictures/Chapelle_du_château_de_Versailles.jpg"
Palace_of_Versailles,177768,0,"commons/Chapel_of_the_Palace_of_Versailles,_interior/0/pictures/Chapelle_palatiale_Versailles.jpg"
Palace_of_Versailles,177768,0,"commons/Chapel_of_the_Palace_of_Versailles,_interior/0/pictures/Chapelle_royale_Versailles.JPG"
Palace_of_Versailles,177768,0,"commons/Chapel_of_the_Palace_of_Versailles,_interior/0/pictures/VersaiilesKapelata.JPG"
Palace_of_Versailles,177768,0,commons/Versailles_palace_Royal_chapel_(organ)/0/pictures/Organ_chapel_royal_Versailles.jpg
Palace_of_Versailles,177768,0,commons/Palace_of_Versailles/0/pictures/FR_Versalles_0711_(72)_(17250892521).jpg
Palace_of_Versailles,177768,0,"commons/Chapel_of_the_Palace_of_Versailles,_interior/0/pictures/Chapelle_royale_de_Versailles.jpg"
Palace_of_Versailles,177768,0,"commons/Chapel_of_the_Palace_of_Versailles,_interior/0/pictures/Versaille,_cappella_interno_01.JPG"
Palace_of_Versailles,177768,0,commons/Versailles_palace_Royal_chapel_(organ)/0/pictures/Puhane_Versailles_Schlosskapelle.jpg
Palace_of_Versailles,177768,0,commons/Palace_of_Versailles/0/pictures/FR_Versalles_0711_(73)_(17250892481).jpg
Palace_of_Versailles,177768,0,"commons/Chapel_of_the_Palace_of_Versailles,_interior/0/pictures/Chapelle_royale_du_château_de_Versailles.jpg"
Palace_of_Versailles,177768,0,"commons/Chapel_of_the_Palace_of_Versailles,_interior/0/pictures/Versailles_08.jpg"
Palace_of_Versailles,177768,0,"commons/Versailles_palace_Royal_chapel_(organ)/0/pictures/Salle_du_Grand_Orgue_Clicquot,_Orgue_Royal,_Versailles..jpg"
Palace_of_Versailles,177768,0,"commons/Chapel_of_the_Palace_of_Versailles,_interior/0/pictures/Chapelle_versailles.jpg"
Palace_of_Versailles,177768,0,"commons/Chapel_of_the_Palace_of_Versailles,_interior/0/pictures/ChapelleRoyale63.JPG"
Palace_of_Versailles,177768,0,"commons/Chapel_of_the_Palace_of_Versailles,_interior/0/pictures/Versailles_Chapel_(33921953424).jpg"
Palace_of_Versailles,177768,0,commons/Versailles_palace_Royal_chapel_(organ)/0/pictures/Versailles_Chapel_-_July_2006.jpg
Palace_of_Versailles,177768,0,"commons/Chapel_of_the_Palace_of_Versailles,_interior/0/pictures/Chapels_of_Versailles_(6995070369).jpg"
Palace_of_Versailles,177768,0,"commons/Chapel_of_the_Palace_of_Versailles,_interior/0/pictures/Versailles_Chapel_(45608163271).jpg"
Palace_of_Versailles,177768,0,commons/Versailles_palace_Royal_chapel_(organ)/0/pictures/Versailles_Château_de_Versailles_Innen_Chapelle_Orgel.jpg
Palace_of_Versailles,177768,0,"commons/Chapel_of_the_Palace_of_Versailles,_interior/0/pictures/Chateau_de_Versailles_-_Chapelle_royale_2011-06-18_-_1.jpg"
Palace_of_Versailles,177768,0,"commons/Versailles_palace_Royal_chapel_(organ)/0/pictures/Versailles,_Schlosskapelle,_Innenansicht_(5).jpg"
Palace_of_Versailles,177768,0,"commons/Chapel_of_the_Palace_of_Versailles,_interior/0/pictures/Chateau_de_Versailles_Chapelle_royale_2011_51.jpg"
Palace_of_Versailles,177768,0,"commons/Chapel_of_the_Palace_of_Versailles,_interior/0/pictures/Chateau_de_Versailles_Chapel_01.jpg"
Palace_of_Versailles,177768,0,"commons/Chapel_of_the_Palace_of_Versailles,_interior/0/pictures/Chateau_de_Versailles_Chapel_02.jpg"
Palace_of_Versailles,177768,0,"commons/Chapel_of_the_Palace_of_Versailles,_interior/0/pictures/Chateau_de_Versailles_Chapelle_royale_2011_05.jpg"
Palace_of_Versailles,177768,0,"commons/Chapel_of_the_Palace_of_Versailles,_interior/0/pictures/Chateau_de_Versailles_Chapelle_royale_2011_1.jpg"
Palace_of_Versailles,177768,0,"commons/Chapel_of_the_Palace_of_Versailles,_interior/0/pictures/Chateau_de_Versailles_Chapelle_royale_2011_2.jpg"
Palace_of_Versailles,177768,0,"commons/Chapel_of_the_Palace_of_Versailles,_interior/0/pictures/Chateau_de_Versailles_Chapelle_royale_2011_22.jpg"
Palace_of_Versailles,177768,0,"commons/Chapel_of_the_Palace_of_Versailles,_interior/0/pictures/Versailles,_Schlosskapelle,_Innenansicht_(7).jpg"
Palace_of_Versailles,177768,0,"commons/Versailles_palace_Royal_chapel_(organ)/0/pictures/Versailles,_Schlosskapelle,_Innenansicht_(2).jpg"
Palace_of_Versailles,177768,0,"commons/Chapel_of_the_Palace_of_Versailles,_interior/0/pictures/Chateau_de_Versailles_Chapelle_royale_2011_26.jpg"
Palace_of_Versailles,177768,0,"commons/Chapel_of_the_Palace_of_Versailles,_interior/0/pictures/Chateau_de_Versailles_Chapelle_royale_2011_29.jpg"
Palace_of_Versailles,177768,0,"commons/Chapel_of_the_Palace_of_Versailles,_interior/0/pictures/Chateau_de_Versailles_Chapelle_royale_2011_3.jpg"
Palace_of_Versailles,177768,0,"commons/Versailles_palace_Royal_chapel_(organ)/0/pictures/Versailles,_Schlosskapelle,_Innenansicht_(11).jpg"
Palace_of_Versailles,177768,0,"commons/Chapel_of_the_Palace_of_Versailles,_interior/0/pictures/Château_de_Versailles_-_Chapelle_-_Intérieur,_étage_(1).jpg"
Palace_of_Versailles,177768,0,"commons/Chapel_of_the_Palace_of_Versailles,_interior/0/pictures/Château_de_Versailles,_la_chapelle_royale.jpg"
Palace_of_Versailles,177768,1,commons/Salon_de_Vénus_du_Château_de_Versailles/0/pictures/René-Antoine_Houasse_-_Nabuchodonosor_et_Semiramis_fait_élever_les_jardins_de_Babylone_(Versailles).jpg
Palace_of_Versailles,177768,1,"commons/Panoramics_of_the_Palace_of_Versailles/0/pictures/Château_de_Versailles,_salon_de_Vénus,_Louis_XIV_en_empereur_romain,_Jean_Varin_01.jpg"
Palace_of_Versailles,177768,1,commons/Palace_of_Versailles/0/pictures/Versailles_11.jpg
Palace_of_Versailles,177768,1,commons/Interior_of_the_Palace_of_Versailles/0/pictures/René_Antoine_Houasse_-_Antoine_et_Cléopâtre_-_Google_Art_Project.jpg
Palace_of_Versailles,177768,1,commons/Interior_of_the_Palace_of_Versailles/0/pictures/Intérieur_Château_Versailles_-_Versailles_(FR78)_-_2021-12-19_-_14.jpg
Palace_of_Versailles,177768,1,commons/Interior_of_the_Palace_of_Versailles/0/pictures/Intérieur_Château_Versailles_-_Versailles_(FR78)_-_2021-12-19_-_13.jpg
Palace_of_Versailles,177768,1,commons/Salon_de_Vénus_du_Château_de_Versailles/0/pictures/Palace_of_Versailles_凡爾賽宮_-_panoramio_(1).jpg
Palace_of_Versailles,177768,1,commons/Salon_de_Vénus_du_Château_de_Versailles/0/pictures/Palace_of_Versailles_Venus_Drawing-Room_(27742978754).jpg
Palace_of_Versailles,177768,1,commons/Salon_de_Vénus_du_Château_de_Versailles/0/pictures/Palace_of_Versailles_Mars_Drawing-Room_(28254981212).jpg
Palace_of_Versailles,177768,1,commons/Salon_de_Vénus_du_Château_de_Versailles/0/pictures/Palace_of_Versailles_64_2012-06-30.jpg
Palace_of_Versailles,177768,1,commons/Salon_de_Vénus_du_Château_de_Versailles/0/pictures/Palace_of_Versailles_63_2012-06-30.jpg
Palace_of_Versailles,177768,1,commons/Salon_de_Vénus_du_Château_de_Versailles/0/pictures/Palace_of_Versailles_61_2012-06-30.jpg
Palace_of_Versailles,177768,1,commons/Salon_de_Vénus_du_Château_de_Versailles/0/pictures/Salon_de_Vénus-TITUS_ET_BERENICE.jpg
Palace_of_Versailles,177768,1,"commons/Ceilings_in_the_Palace_of_Versailles/0/pictures/Chateau_de_Versailles,_France_(8132700148)_(2).jpg"
Palace_of_Versailles,177768,1,commons/Salon_de_Vénus_du_Château_de_Versailles/0/pictures/Palace_of_Versailles_60_2012-06-30.jpg
Palace_of_Versailles,177768,1,"commons/Marble_in_the_Palace_of_Versailles/0/pictures/Château_de_Versailles,_salon_de_Vénus,_colonne.jpg"
Palace_of_Versailles,177768,1,commons/Salon_de_Vénus_du_Château_de_Versailles/0/pictures/Palace_of_Versailles_(9812211313).jpg
Palace_of_Versailles,177768,1,commons/Salon_de_Vénus_du_Château_de_Versailles/0/pictures/P1020943_(5015773934).jpg
Palace_of_Versailles,177768,1,commons/Salon_de_Vénus_du_Château_de_Versailles/0/pictures/Le_Palais_et_les_jardins_08.jpg
Palace_of_Versailles,177768,1,commons/Ceilings_in_the_Palace_of_Versailles/0/pictures/Versailles_Château_de_Versailles_Innen_Venus-Salon_Decke_3.jpg
Palace_of_Versailles,177768,1,commons/Salon_de_Vénus_du_Château_de_Versailles/0/pictures/Jason_et_Médée_Houasse.jpg
Palace_of_Versailles,177768,1,commons/Ceilings_in_the_Palace_of_Versailles/0/pictures/Versailles_Château_de_Versailles_Innen_Venus-Salon_Decke_2.jpg
Palace_of_Versailles,177768,1,commons/Salon_de_Vénus_du_Château_de_Versailles/0/pictures/January_The_Sun_Palais_Versailles_-_Master_Earth_Photography_2014_Le_Roi_-_The_King_of_France_Caesario_-_panoramio.jpg
Palace_of_Versailles,177768,1,commons/Salon_de_Vénus_du_Château_de_Versailles/0/pictures/Salon_de_Vénus_du_Château_de_Versailles_perspective_painting.JPG
Palace_of_Versailles,177768,1,commons/Ceilings_in_the_Palace_of_Versailles/0/pictures/Ceiling_of_Salon_de_Vénus_du_Château_de_Versailles.jpg
Palace_of_Versailles,177768,1,commons/Ceilings_in_the_Palace_of_Versailles/0/pictures/Versailles_Château_de_Versailles_Innen_Venus-Salon_Decke_1.jpg
Palace_of_Versailles,177768,1,commons/Salon_de_Diane_du_Château_de_Versailles/0/pictures/Palace_of_Versailles_Diana_Drawing-Room_(28358749425).jpg
Palace_of_Versailles,177768,1,commons/Salon_de_Vénus_du_Château_de_Versailles/0/pictures/Palace_of_Versailles_62_2012-06-30.jpg
Palace_of_Versailles,177768,1,commons/Salon_de_Vénus_du_Château_de_Versailles/0/pictures/Wersal_2013_(17).JPG
Palace_of_Versailles,177768,1,commons/Salon_de_Vénus_du_Château_de_Versailles/0/pictures/Jacques_Rousseau_-_Perspective_de_jardins_-_Google_Art_Project.jpg
Palace_of_Versailles,177768,1,"commons/Salon_de_Vénus_du_Château_de_Versailles/0/pictures/Salon_de_Vénus,_porte..JPG"
Palace_of_Versailles,177768,1,"commons/Salon_de_Vénus_du_Château_de_Versailles/0/pictures/Ceiling_in_the_Palace_of_Versailles,_Paris,_MA05.jpg"
Palace_of_Versailles,177768,1,commons/Salon_de_Vénus_du_Château_de_Versailles/0/pictures/Ceiling_of_Salon_de_Vénus_du_Château_de_Versailles.jpg
Palace_of_Versailles,177768,1,"commons/Salon_de_Vénus_du_Château_de_Versailles/0/pictures/Chateau_de_Versailles,_France_(8132700148)_(2).jpg"
Palace_of_Versailles,177768,1,"commons/Salon_de_Vénus_du_Château_de_Versailles/0/pictures/Château_de_Versailles,_salon_de_Vénus,_colonne.jpg"
Palace_of_Versailles,177768,1,"commons/Salon_de_Vénus_du_Château_de_Versailles/0/pictures/Château_de_Versailles,_salon_de_Vénus,_porte,_colonne.jpg"
Palace_of_Versailles,177768,1,commons/Salon_de_Vénus_du_Château_de_Versailles/0/pictures/Salon_de_Vénus_du_Château_de_Versailles_doors.JPG
Palace_of_Versailles,177768,1,commons/Salon_de_Vénus_du_Château_de_Versailles/0/pictures/France-000334_-_Venus_Room_Ceiling_(14641708769).jpg
Palace_of_Versailles,177768,1,commons/Salon_de_Vénus_du_Château_de_Versailles/0/pictures/France-000335_-_Venus_Room_Ceiling_(14828010402).jpg
Palace_of_Versailles,177768,1,commons/Salon_de_Vénus_du_Château_de_Versailles/0/pictures/France-000337_-_Venus_Room_Ceiling_(14805380626).jpg
Palace_of_Versailles,177768,1,commons/Salon_de_Vénus_du_Château_de_Versailles/0/pictures/January_The_Sun_Palais_Versailles_-_Master_Earth_Photography_2014_Le_Roi_-_The_King_of_France_-_panoramio.jpg
Palace_of_Versailles,177768,1,commons/Salon_de_Vénus_du_Château_de_Versailles/0/pictures/Salon_de_Vénus-AUGUSTE_PRESIDANT_AUX_JEUX_DU_CIRQUE.jpg
Palace_of_Versailles,177768,1,commons/Salon_de_Vénus_du_Château_de_Versailles/0/pictures/Salon_de_Vénus-APOLLON_ET_DAPHNE-APOLLON-partie_gauche.jpg
Palace_of_Versailles,177768,1,commons/Google_Art_Project_works_in_Palace_of_Versailles/0/pictures/Jacques_Rousseau_-_Perspective_de_jardins_-_Google_Art_Project.jpg
Palace_of_Versailles,177768,1,commons/Ceilings_in_the_Palace_of_Versailles/0/pictures/Château_de_Versailles_Salon_de_Vénus.JPG
Palace_of_Versailles,177768,1,commons/Salon_de_Vénus_du_Château_de_Versailles/0/pictures/Salon_de_Vénus-CYRUS_FAIT_PASSER_SES_TROUPES_EN_REVUE_PAR_UNE_PRINCESSE.jpg
Palace_of_Versailles,177768,1,commons/Salon_de_Vénus_du_Château_de_Versailles/0/pictures/Salon_de_Vénus-MARRIAGE_D'ALEXANDRE_ET_ROXANNE.jpg
Palace_of_Versailles,177768,1,commons/Salon_de_Vénus_du_Château_de_Versailles/0/pictures/Salon_de_Vénus-THESEE_ET_ARIANE.jpg
Palace_of_Versailles,177768,1,commons/Salon_de_Vénus_du_Château_de_Versailles/0/pictures/Salon_de_Vénus.jpg
Palace_of_Versailles,177768,1,commons/Salon_de_Vénus_du_Château_de_Versailles/0/pictures/Versailles_(33921364034).jpg
Palace_of_Versailles,177768,1,commons/Salon_de_Vénus_du_Château_de_Versailles/0/pictures/Salon_de_Vénus-VENUS_COURONEE_PAR_LES_GRACES-centre.jpg
Palace_of_Versailles,177768,1,commons/Google_Art_Project_works_in_Palace_of_Versailles/0/pictures/René_Antoine_Houasse_-_Antoine_et_Cléopâtre_-_Google_Art_Project.jpg
Palace_of_Versailles,177768,1,commons/Salon_de_Vénus_du_Château_de_Versailles/0/pictures/Versailles_Château_de_Versailles_Innen_Venus-Salon_1.jpg
Palace_of_Versailles,177768,1,commons/Interior_of_the_Palace_of_Versailles/0/pictures/Intérieur_Château_Versailles_-_Versailles_(FR78)_-_2021-12-19_-_12.jpg
Palace_of_Versailles,177768,1,commons/Ceilings_in_the_Palace_of_Versailles/0/pictures/Salon_de_Vénus-VENUS_COURONEE_PAR_LES_GRACES-centre.jpg
Palace_of_Versailles,177768,1,commons/Salon_de_Vénus_du_Château_de_Versailles/0/pictures/Versailles_Château_de_Versailles_Innen_Venus-Salon_2.jpg
Palace_of_Versailles,177768,1,commons/Ceilings_in_the_Palace_of_Versailles/0/pictures/Painting_in_Château_de_Versailles_(3).JPG
Palace_of_Versailles,177768,1,commons/Salon_de_Vénus_du_Château_de_Versailles/0/pictures/Versailles_Château_de_Versailles_Innen_Venus-Salon_3.jpg
Palace_of_Versailles,177768,1,commons/Salon_de_Vénus_du_Château_de_Versailles/0/pictures/Versailles_Château_de_Versailles_Innen_Venus-Salon_4.jpg
Palace_of_Versailles,177768,1,commons/Ceilings_in_the_Palace_of_Versailles/0/pictures/Versailles_-Ceiling_details_with_wide_angle_-_11.jpg
Palace_of_Versailles,177768,1,commons/Salon_de_Vénus_du_Château_de_Versailles/0/pictures/Versailles_Château_de_Versailles_Innen_Venus-Salon_Decke_1.jpg
Palace_of_Versailles,177768,1,commons/Grand_appartement_du_roi_du_Château_de_Versailles/0/pictures/Fotothek-df_ge_0000172-Versailles.jpg
Palace_of_Versailles,177768,1,commons/Salon_de_Vénus_du_Château_de_Versailles/0/pictures/Versailles_Château_de_Versailles_Innen_Venus-Salon_Decke_2.jpg
Palace_of_Versailles,177768,1,commons/Salon_de_Vénus_du_Château_de_Versailles/0/pictures/Wersal_2013_(16).JPG
Palace_of_Versailles,177768,1,commons/Ceilings_in_the_Palace_of_Versailles/0/pictures/Palace_of_Versailles_Venus_Drawing-Room_(27742978754).jpg
Palace_of_Versailles,177768,1,commons/Salon_de_Vénus_du_Château_de_Versailles/0/pictures/Версаль_-_panoramio_(32).jpg
Palace_of_Versailles,177768,1,commons/Salon_de_Vénus_du_Château_de_Versailles/0/pictures/Versailles_Château_de_Versailles_Innen_Venus-Salon_Decke_3.jpg
Palace_of_Versailles,177768,1,commons/Ceilings_in_the_Palace_of_Versailles/0/pictures/Palace_of_Versailles_60_2012-06-30.jpg
Palace_of_Versailles,177768,2,"commons/Panoramics_of_the_Palace_of_Versailles/0/pictures/Château_de_Versailles,_appartements_du_Dauphin_et_de_la_Dauphine,_chambre_du_Dauphin,_lit.jpg"
Palace_of_Versailles,177768,2,"commons/Chambre_du_Dauphin_du_Château_de_Versailles/0/pictures/Château_de_Versailles,_appartements_du_Dauphin_et_de_la_Dauphine,_chambre_du_Dauphin,_vue_d'ensemble.jpg"
Palace_of_Versailles,177768,2,"commons/Upholstered_armchairs_in_the_Palace_of_Versailles/0/pictures/Chambre_du_Dauphin,_Château_de_Versailles_-_02.jpg"
Palace_of_Versailles,177768,2,"commons/Chambre_du_Dauphin_du_Château_de_Versailles/0/pictures/Château_de_Versailles,_appartements_du_Dauphin_et_de_la_Dauphine,_chambre_du_Dauphin,_lit.jpg"
Palace_of_Versailles,177768,2,"commons/Chambre_du_Dauphin_du_Château_de_Versailles/0/pictures/Chambre_du_Dauphin,_Château_de_Versailles_-_03.jpg"
Palace_of_Versailles,177768,2,"commons/Chambre_du_Dauphin_du_Château_de_Versailles/0/pictures/Chambre_du_Dauphin,_Château_de_Versailles_-_02.jpg"
Palace_of_Versailles,177768,2,"commons/Upholstered_armchairs_in_the_Palace_of_Versailles/0/pictures/Chambre_du_Dauphin,_Château_de_Versailles_-_01.jpg"
Palace_of_Versailles,177768,2,"commons/Beds_in_the_chateau_de_Versailles/0/pictures/Chambre_du_Dauphin,_Château_de_Versailles_-_01.jpg"
Palace_of_Versailles,177768,2,"commons/Beds_in_the_chateau_de_Versailles/0/pictures/Château_de_Versailles,_appartements_du_Dauphin_et_de_la_Dauphine,_chambre_du_Dauphin,_lit.jpg"
Palace_of_Versailles,177768,2,"commons/Furniture_of_the_Palace_of_Versailles/0/pictures/Chambre_du_Dauphin,_Château_de_Versailles_-_01.jpg"
Palace_of_Versailles,177768,2,commons/Chambre_du_Dauphin_du_Château_de_Versailles/0/pictures/P1030123_(5015194083).jpg
Palace_of_Versailles,177768,2,"commons/Beds_in_the_chateau_de_Versailles/0/pictures/Chambre_du_Dauphin,_Château_de_Versailles_-_02.jpg"
Palace_of_Versailles,177768,2,"commons/Chambre_du_Dauphin_du_Château_de_Versailles/0/pictures/Chambre_du_Dauphin,_Château_de_Versailles_-_01.jpg"
Palace_of_Versailles,177768,2,"commons/Busts_in_the_Palace_of_Versailles/0/pictures/Château_de_Versailles,_appartements_du_Dauphin_et_de_la_Dauphine,_chambre_du_Dauphin,_vue_d'ensemble.jpg"
Palace_of_Versailles,177768,2,"commons/Beds_in_the_chateau_de_Versailles/0/pictures/Chambre_du_Dauphin,_Château_de_Versailles_-_03.jpg"
Palace_of_Versailles,177768,2,commons/Chambre_du_Dauphin_du_Château_de_Versailles/0/pictures/Palace_of_Versailles_32_2012-06-30.jpg
Palace_of_Versailles,177768,2,"commons/Tapestries_in_the_Palace_of_Versailles/0/pictures/Chambre_du_Dauphin,_Château_de_Versailles_-_02.jpg"
Palace_of_Versailles,177768,2,"commons/Chandeliers_in_the_Palace_of_Versailles/0/pictures/Chambre_du_Dauphin,_Château_de_Versailles_-_01.jpg"
Palace_of_Versailles,177768,2,"commons/Furniture_of_the_Palace_of_Versailles/0/pictures/The_Grand_Trianon,_Chateau_de_Versailles,_France_(8132660341).jpg"
Palace_of_Versailles,177768,2,"commons/Chambre_du_Dauphin_du_Château_de_Versailles/0/pictures/The_Grand_Trianon,_Chateau_de_Versailles,_France_(8132660341).jpg"
Palace_of_Versailles,177768,2,"commons/Chandeliers_in_the_Palace_of_Versailles/0/pictures/Chambre_du_Dauphin,_Château_de_Versailles_-_02.jpg"
Palace_of_Versailles,177768,2,"commons/Furniture_of_the_Palace_of_Versailles/0/pictures/Chambre_du_Dauphin,_Château_de_Versailles_-_02.jpg"
Palace_of_Versailles,177768,2,"commons/Chandeliers_in_the_Palace_of_Versailles/0/pictures/Chambre_du_Dauphin,_Château_de_Versailles_-_03.jpg"
Palace_of_Versailles,177768,2,"commons/Versailles_wooden_flooring_style/0/pictures/Chambre_du_Dauphin,_Château_de_Versailles_-_01.jpg"
Palace_of_Versailles,177768,2,"commons/Versailles_wooden_flooring_style/0/pictures/Chambre_du_Dauphin,_Château_de_Versailles_-_02.jpg"
Palace_of_Versailles,177768,2,"commons/Chandeliers_in_the_Palace_of_Versailles/0/pictures/The_Grand_Trianon,_Chateau_de_Versailles,_France_(8132660341).jpg"
Palace_of_Versailles,177768,2,"commons/Furniture_of_the_Palace_of_Versailles/0/pictures/Château_de_Versailles,_appartements_du_Dauphin_et_de_la_Dauphine,_chambre_du_Dauphin,_vue_d'ensemble.jpg"
Palace_of_Versailles,177768,2,"commons/Furniture_of_the_Palace_of_Versailles/0/pictures/Château_de_Versailles,_appartements_du_Dauphin_et_de_la_Dauphine,_chambre_du_Dauphin,_lit.jpg"
Palace_of_Versailles,177768,2,"commons/Panoramics_of_the_Palace_of_Versailles/0/pictures/Château_de_Versailles,_appartements_du_Dauphin_et_de_la_Dauphine,_chambre_du_Dauphin,_vue_d'ensemble.jpg"
Palace_of_Versailles,177768,2,commons/Palace_of_Versailles/0/pictures/Bedroom_in_Palace_of_Versailles_2.jpg
Palace_of_Versailles,177768,2,commons/Palace_of_Versailles/0/pictures/FR_Versalles_0711_(58)_(17249699242).jpg
Palace_of_Versailles,177768,3,"commons/Panoramics_of_the_Palace_of_Versailles/0/pictures/Château_de_Versailles,_chambre_de_la_reine,_lit_01.jpg"
Palace_of_Versailles,177768,3,commons/Palace_of_Versailles/0/pictures/Palace_of_Versailles_Chambre_de_la_Reine_(9812008484).jpg
Palace_of_Versailles,177768,3,commons/Interior_of_the_Palace_of_Versailles/0/pictures/Intérieur_Château_Versailles_-_Versailles_(FR78)_-_2021-12-19_-_30.jpg
Palace_of_Versailles,177768,3,"commons/Furniture_of_the_Palace_of_Versailles/0/pictures/Château_de_Versailles,_chambre_de_la_reine,_lit_02.jpg"
Palace_of_Versailles,177768,3,"commons/Chambre_de_la_reine_du_Château_de_Versailles/0/pictures/Château_de_Versailles,_chambre_de_la_reine,_lit_02.jpg"
Palace_of_Versailles,177768,3,commons/Chandeliers_in_the_Palace_of_Versailles/0/pictures/Chambre_de_la_Reine_Versailles.jpg
Palace_of_Versailles,177768,3,commons/Chambre_de_la_reine_du_Château_de_Versailles/0/pictures/Château_de_Versailles_-_Chambre_de_la_reine.jpg
Palace_of_Versailles,177768,3,"commons/Chambre_de_la_reine_du_Château_de_Versailles/0/pictures/Chateau_de_Versailles,_France_(8132692670).jpg"
Palace_of_Versailles,177768,3,commons/Chambre_de_la_reine_du_Château_de_Versailles/0/pictures/Chambre_de_la_reine.jpg
Palace_of_Versailles,177768,3,commons/Chambre_de_la_reine_du_Château_de_Versailles/0/pictures/Chambre_de_reine_Marie-Antoinette.jpg
Palace_of_Versailles,177768,3,commons/Tapestries_in_the_Palace_of_Versailles/0/pictures/Artwork_from_the_Palace_of_Versailless_24.jpg
Palace_of_Versailles,177768,3,commons/Chambre_de_la_reine_du_Château_de_Versailles/0/pictures/Chambre_de_la_reine._Versailles._07.JPG
Palace_of_Versailles,177768,3,"commons/Beds_in_the_chateau_de_Versailles/0/pictures/Château_de_Versailles,_chambre_de_la_reine,_lit_03.jpg"
Palace_of_Versailles,177768,3,commons/Chambre_de_la_reine_du_Château_de_Versailles/0/pictures/Chambre_de_la_reine._Versailles._02.JPG
Palace_of_Versailles,177768,3,commons/Chambre_de_la_reine_du_Château_de_Versailles/0/pictures/Chambre_de_la_reine_du_Château_de_Versailles.jpg
Palace_of_Versailles,177768,3,commons/Chambre_de_la_reine_du_Château_de_Versailles/0/pictures/Chambre_de_la_reine_-_The_Palace_of_Versailles_(24007156140).jpg
Palace_of_Versailles,177768,3,"commons/Beds_in_the_chateau_de_Versailles/0/pictures/Château_de_Versailles,_chambre_de_la_reine,_lit_02.jpg"
Palace_of_Versailles,177768,3,commons/Chambre_de_la_reine_du_Château_de_Versailles/0/pictures/Chambre_de_la_reine._Versailles._04.JPG
Palace_of_Versailles,177768,3,commons/Beds_in_the_chateau_de_Versailles/0/pictures/012Versailles_Queens_bed.jpg
Palace_of_Versailles,177768,3,commons/Chambre_de_la_reine_du_Château_de_Versailles/0/pictures/Paris_Versailles_(6287998074).jpg
Palace_of_Versailles,177768,3,commons/Chambre_de_la_reine_du_Château_de_Versailles/0/pictures/Chambre_de_la_reine._Versailles._01.JPG
Palace_of_Versailles,177768,3,commons/Beds_in_the_chateau_de_Versailles/0/pictures/Versailles_Queen's_Chamber.jpg
Palace_of_Versailles,177768,3,"commons/Chambre_de_la_reine_du_Château_de_Versailles/0/pictures/Château_de_Versailles,_Chambre_de_la_Reine,_détail.jpg"
Palace_of_Versailles,177768,3,commons/Chambre_de_la_reine_du_Château_de_Versailles/0/pictures/Chambre_de_la_reine._Versailles._08.JPG
Palace_of_Versailles,177768,3,commons/Ceilings_in_the_Palace_of_Versailles/0/pictures/Chambre_de_la_Reine_Versailles.jpg
Palace_of_Versailles,177768,3,commons/Chambre_de_la_reine_du_Château_de_Versailles/0/pictures/Chambre_de_la_reine._Versailles._05.JPG
Palace_of_Versailles,177768,3,"commons/Beds_in_the_chateau_de_Versailles/0/pictures/Château_de_Versailles,_chambre_de_la_reine,_lit_01.jpg"
Palace_of_Versailles,177768,3,"commons/Chambre_de_la_reine_du_Château_de_Versailles/0/pictures/Château_de_Versailles,_chambre_de_la_reine,_lit_01.jpg"
Palace_of_Versailles,177768,3,commons/Chambre_de_la_reine_du_Château_de_Versailles/0/pictures/Chambre_de_la_reine._Versailles._06.JPG
Palace_of_Versailles,177768,3,commons/Chambre_de_la_reine_du_Château_de_Versailles/0/pictures/Chambre_de_la_reine._Versailles._03.JPG
Palace_of_Versailles,177768,3,commons/Beds_in_the_chateau_de_Versailles/0/pictures/Versailles_bedroom.jpg
Palace_of_Versailles,177768,3,commons/Tapestries_in_the_Palace_of_Versailles/0/pictures/Artwork_from_the_Palace_of_Versailless_23.jpg
Palace_of_Versailles,177768,3,commons/Chambre_de_la_reine_du_Château_de_Versailles/0/pictures/012Versailles_Queens_bed.jpg
Palace_of_Versailles,177768,3,commons/Chambre_de_la_reine_du_Château_de_Versailles/0/pictures/Versailles_Queen's_Chamber.jpg
Palace_of_Versailles,177768,3,commons/Chandeliers_in_the_Palace_of_Versailles/0/pictures/Versailles_bedroom.jpg
Palace_of_Versailles,177768,3,commons/Chambre_de_la_reine_du_Château_de_Versailles/0/pictures/Chambre_de_la_Reine_Versailles.jpg
Palace_of_Versailles,177768,3,commons/Chambre_de_la_reine_du_Château_de_Versailles/0/pictures/Wersal_2013_(29).JPG
Palace_of_Versailles,177768,3,commons/Tapestries_in_the_Palace_of_Versailles/0/pictures/Artwork_from_the_Palace_of_Versailless_22.jpg
Palace_of_Versailles,177768,3,"commons/Chambre_de_la_reine_du_Château_de_Versailles/0/pictures/Chambre_de_la_Reine,_Château_de_Versaille,_France_-_panoramio.jpg"
Palace_of_Versailles,177768,3,commons/Chambre_de_la_reine_du_Château_de_Versailles/0/pictures/Versailles_bedroom.jpg
Palace_of_Versailles,177768,3,commons/Chambre_de_la_reine_du_Château_de_Versailles/0/pictures/Chambre_de_la_Reine.jpg
Palace_of_Versailles,177768,3,commons/Chambre_de_la_reine_du_Château_de_Versailles/0/pictures/凡爾賽宮_Palace_of_Versailles_-_panoramio.jpg
Palace_of_Versailles,177768,3,"commons/Furniture_of_the_Palace_of_Versailles/0/pictures/Château_de_Versailles,_chambre_de_la_reine,_lit_01.jpg"
Palace_of_Versailles,177768,3,"commons/Chambre_de_la_reine_du_Château_de_Versailles/0/pictures/Château_de_Versailles,_chambre_de_la_reine,_lit_03.jpg"
Palace_of_Versailles,177768,3,"commons/Furniture_of_the_Palace_of_Versailles/0/pictures/Château_de_Versailles,_chambre_de_la_reine,_lit_03.jpg"
Palace_of_Versailles,177768,3,"commons/Chambre_de_la_reine_du_Château_de_Versailles/0/pictures/Château_de_Versailles,_la_chambre_de_la_Reine.jpg"
Palace_of_Versailles,177768,3,commons/Chambre_de_la_reine_du_Château_de_Versailles/0/pictures/Château_de_Versailles._La_chambre_de_la-reine.jpg
Palace_of_Versailles,177768,3,commons/Chambre_de_la_reine_du_Château_de_Versailles/0/pictures/France-000395_-_Marie-Antoinette's_Bedroom_(14828859235).jpg
Palace_of_Versailles,177768,3,commons/Chambre_de_la_reine_du_Château_de_Versailles/0/pictures/France-000403_-_Marie-Antoinette's_Bedroom_(14828775842).jpg
Palace_of_Versailles,177768,3,commons/Chambre_de_la_reine_du_Château_de_Versailles/0/pictures/Interior_of_Château_de_Versailles_(2).JPG
Palace_of_Versailles,177768,3,commons/Chambre_de_la_reine_du_Château_de_Versailles/0/pictures/La_Chambre_de_la_Reine_et_lart_contemporain_(Versailles).jpg
Palace_of_Versailles,177768,3,"commons/Chambre_de_la_reine_du_Château_de_Versailles/0/pictures/Le_Chateau_de_Versailles_,_Palace_of_Versailles_interiors_in_art_15.JPG"
Palace_of_Versailles,177768,3,"commons/Chambre_de_la_reine_du_Château_de_Versailles/0/pictures/Le_Chateau_de_Versailles_,_Palace_of_Versailles_interiors_in_art_17.JPG"
Palace_of_Versailles,177768,3,commons/Chambre_de_la_reine_du_Château_de_Versailles/0/pictures/Le_Palais_et_les_jardins_16.jpg
Palace_of_Versailles,177768,3,commons/Chambre_de_la_reine_du_Château_de_Versailles/0/pictures/Lit_blanc_-_panoramio.jpg
Palace_of_Versailles,177768,3,"commons/Chambre_de_la_reine_du_Château_de_Versailles/0/pictures/Marie-Antoinette's_bedroom,_Versailles_22_June_2014_001.jpg"
Palace_of_Versailles,177768,3,"commons/Chambre_de_la_reine_du_Château_de_Versailles/0/pictures/Marie-Antoinette's_bedroom,_Versailles_22_June_2014_002.jpg"
Palace_of_Versailles,177768,3,commons/Chambre_de_la_reine_du_Château_de_Versailles/0/pictures/P1030073_(5015188235).jpg
Palace_of_Versailles,177768,3,commons/Chambre_de_la_reine_du_Château_de_Versailles/0/pictures/P1030075_(5015797888).jpg
Palace_of_Versailles,177768,3,commons/Chambre_de_la_reine_du_Château_de_Versailles/0/pictures/Palace_of_Versailles_20.jpg
Palace_of_Versailles,177768,3,commons/Interior_of_the_Palace_of_Versailles/0/pictures/Intérieur_Château_Versailles_-_Versailles_(FR78)_-_2021-12-19_-_31.jpg
Palace_of_Versailles,177768,3,commons/Chambre_de_la_reine_du_Château_de_Versailles/0/pictures/Palace_of_Versailles_84_2012-06-30.jpg
Palace_of_Versailles,177768,3,commons/Chambre_de_la_reine_du_Château_de_Versailles/0/pictures/Paris_Versailles_(6288000088).jpg
Palace_of_Versailles,177768,3,commons/Chambre_de_la_reine_du_Château_de_Versailles/0/pictures/Paris_Versailles_(6288009154).jpg
Palace_of_Versailles,177768,3,commons/Chambre_de_la_reine_du_Château_de_Versailles/0/pictures/Soffitto_della_camera_di_maria_antoinietta.JPG
Palace_of_Versailles,177768,3,commons/Chambre_de_la_reine_du_Château_de_Versailles/0/pictures/Versailles_(4115670779).jpg
Palace_of_Versailles,177768,4,commons/Cour_de_Marbre_du_Château_de_Versailles/0/pictures/Vue_aérienne_du_domaine_de_Versailles_le_20_août_2014_par_ToucanWings_-_Creative_Commons_By_Sa_3.0_-_15.jpg
Palace_of_Versailles,177768,4,commons/Cour_de_Marbre_du_Château_de_Versailles/0/pictures/Vue_aérienne_du_domaine_de_Versailles_le_20_août_2014_par_ToucanWings_-_Creative_Commons_By_Sa_3.0_-_14.jpg
Palace_of_Versailles,177768,4,commons/Cour_de_Marbre_du_Château_de_Versailles/0/pictures/Vue_aérienne_du_domaine_de_Versailles_le_20_août_2014_par_ToucanWings_-_Creative_Commons_By_Sa_3.0_-_17.jpg
Palace_of_Versailles,177768,4,commons/Cour_de_Marbre_du_Château_de_Versailles/0/pictures/Vue_aérienne_du_domaine_de_Versailles_le_20_août_2014_par_ToucanWings_-_Creative_Commons_By_Sa_3.0_-_11.jpg
Palace_of_Versailles,177768,4,commons/Cour_de_Marbre_du_Château_de_Versailles/0/pictures/Vue_aérienne_du_domaine_de_Versailles_le_20_août_2014_par_ToucanWings_-_Creative_Commons_By_Sa_3.0_-_10.jpg
Palace_of_Versailles,177768,4,commons/Cour_de_Marbre_du_Château_de_Versailles/0/pictures/Vue_aérienne_du_domaine_de_Versailles_le_20_août_2014_par_ToucanWings_-_Creative_Commons_By_Sa_3.0_-_13.jpg
Palace_of_Versailles,177768,4,commons/Cour_de_Marbre_du_Château_de_Versailles/0/pictures/Vue_aérienne_du_domaine_de_Versailles_le_20_août_2014_par_ToucanWings_-_Creative_Commons_By_Sa_3.0_-_08.jpg
Palace_of_Versailles,177768,4,commons/Cour_de_Marbre_du_Château_de_Versailles/0/pictures/Vue_aérienne_du_domaine_de_Versailles_le_20_août_2014_par_ToucanWings_-_Creative_Commons_By_Sa_3.0_-_16.jpg
Palace_of_Versailles,177768,4,commons/Aerial_views_of_the_Palace_of_Versailles/0/pictures/Vue_aérienne_du_domaine_de_Versailles_le_20_août_2014_par_ToucanWings_-_Creative_Commons_By_Sa_3.0_-_09.jpg
Palace_of_Versailles,177768,4,commons/Aerial_views_of_the_Palace_of_Versailles/0/pictures/Vue_aérienne_du_domaine_de_Versailles_le_20_août_2014_par_ToucanWings_-_Creative_Commons_By_Sa_3.0_-_17.jpg
Palace_of_Versailles,177768,4,commons/Cour_de_Marbre_du_Château_de_Versailles/0/pictures/Vue_aérienne_du_domaine_de_Versailles_le_20_août_2014_par_ToucanWings_-_Creative_Commons_By_Sa_3.0_-_12.jpg
Palace_of_Versailles,177768,4,commons/Aerial_views_of_the_Palace_of_Versailles/0/pictures/Vue_aérienne_du_domaine_de_Versailles_le_20_août_2014_par_ToucanWings_-_Creative_Commons_By_Sa_3.0_-_08.jpg
Palace_of_Versailles,177768,4,commons/Cour_de_Marbre_du_Château_de_Versailles/0/pictures/Vue_aérienne_du_domaine_de_Versailles_le_20_août_2014_par_ToucanWings_-_Creative_Commons_By_Sa_3.0_-_18.jpg
Palace_of_Versailles,177768,4,commons/Aerial_views_of_the_Palace_of_Versailles/0/pictures/Vue_aérienne_du_domaine_de_Versailles_le_20_août_2014_par_ToucanWings_-_Creative_Commons_By_Sa_3.0_-_10.jpg
Palace_of_Versailles,177768,4,commons/Cour_de_Marbre_du_Château_de_Versailles/0/pictures/Vue_aérienne_du_domaine_de_Versailles_le_20_août_2014_par_ToucanWings_-_Creative_Commons_By_Sa_3.0_-_19.jpg
Palace_of_Versailles,177768,4,commons/Aerial_views_of_the_Palace_of_Versailles/0/pictures/Vue_aérienne_du_domaine_de_Versailles_le_20_août_2014_par_ToucanWings_-_Creative_Commons_By_Sa_3.0_-_11.jpg
Palace_of_Versailles,177768,4,commons/Aerial_views_of_the_Palace_of_Versailles/0/pictures/Vue_aérienne_du_domaine_de_Versailles_le_20_août_2014_par_ToucanWings_-_Creative_Commons_By_Sa_3.0_-_12.jpg
Palace_of_Versailles,177768,4,commons/Aerial_views_of_the_Palace_of_Versailles/0/pictures/Vue_aérienne_du_domaine_de_Versailles_le_20_août_2014_par_ToucanWings_-_Creative_Commons_By_Sa_3.0_-_13.jpg
Palace_of_Versailles,177768,4,commons/Aerial_views_of_the_Palace_of_Versailles/0/pictures/Vue_aérienne_du_domaine_de_Versailles_le_20_août_2014_par_ToucanWings_-_Creative_Commons_By_Sa_3.0_-_14.jpg
Palace_of_Versailles,177768,4,commons/Aerial_views_of_the_Palace_of_Versailles/0/pictures/Vue_aérienne_du_domaine_de_Versailles_le_20_août_2014_par_ToucanWings_-_Creative_Commons_By_Sa_3.0_-_15.jpg
Palace_of_Versailles,177768,4,commons/Aerial_views_of_the_Palace_of_Versailles/0/pictures/Vue_aérienne_du_domaine_de_Versailles_le_20_août_2014_par_ToucanWings_-_Creative_Commons_By_Sa_3.0_-_16.jpg
Palace_of_Versailles,177768,4,commons/Aerial_views_of_the_Palace_of_Versailles/0/pictures/Vue_aérienne_du_domaine_de_Versailles_le_20_août_2014_par_ToucanWings_-_Creative_Commons_By_Sa_3.0_-_18.jpg
Palace_of_Versailles,177768,4,commons/Aerial_views_of_the_Palace_of_Versailles/0/pictures/Vue_aérienne_du_domaine_de_Versailles_le_20_août_2014_par_ToucanWings_-_Creative_Commons_By_Sa_3.0_-_19.jpg
Palace_of_Versailles,177768,4,commons/Cour_de_Marbre_du_Château_de_Versailles/0/pictures/Vue_aérienne_du_domaine_de_Versailles_le_20_août_2014_par_ToucanWings_-_Creative_Commons_By_Sa_3.0_-_09.jpg
Palace_of_Versailles,177768,5,"commons/Panoramics_of_the_Palace_of_Versailles/0/pictures/Château_de_Versailles,_salon_de_Diane,_buste_de_Louis_XIV,_Bernin_(1665)_00.jpg"
Palace_of_Versailles,177768,5,commons/Marble_in_the_Palace_of_Versailles/0/pictures/Château_de_Versailles_-_Salon_de_Diane_1.jpg
Palace_of_Versailles,177768,5,commons/Ceilings_in_the_Palace_of_Versailles/0/pictures/Versailles_-Ceiling_details_with_wide_angle_-_12.jpg
Palace_of_Versailles,177768,5,commons/Ceilings_in_the_Palace_of_Versailles/0/pictures/Palace_of_Versailles_Diana_Drawing-Room_(28279232461).jpg
Palace_of_Versailles,177768,5,"commons/Ceilings_in_the_Palace_of_Versailles/0/pictures/Château_de_Versailles,_salon_de_Diane,_Jason_et_les_Argonautes_débarquant_en_Colchide,_Charles_de_La_Fosse.jpg"
Palace_of_Versailles,177768,5,"commons/Ceilings_in_the_Palace_of_Versailles/0/pictures/Château_de_Versailles,_salon_de_Diane,_Cyrus_chassant_le_sanglier,_Claude_Audran_II.jpg"
Palace_of_Versailles,177768,5,"commons/Marble_busts_in_the_Palace_of_Versailles/0/pictures/Château_de_Versailles,_salon_de_Diane,_buste_antique_d'impératrice_romaine_en_marbre_polychrome_01.jpg"
Palace_of_Versailles,177768,5,commons/Ceilings_in_the_Palace_of_Versailles/0/pictures/Ceiling_of_Salon_de_Diane_du_Château_de_Versailles.jpg
Palace_of_Versailles,177768,5,"commons/Marble_in_the_Palace_of_Versailles/0/pictures/Château_de_Versailles,_salon_de_Diane,_buste_de_Louis_XIV,_Bernin_(1665)_00.jpg"
Palace_of_Versailles,177768,5,"commons/Busts_in_the_Palace_of_Versailles/0/pictures/Château_de_Versailles,_salon_de_Diane,_buste_antique_d'impératrice_romaine_en_marbre_polychrome_01.jpg"
Palace_of_Versailles,177768,5,commons/Ceilings_in_the_Palace_of_Versailles/0/pictures/Versailles_Château_de_Versailles_Innen_Diana-Salon_Decke_4.jpg
Palace_of_Versailles,177768,5,"commons/Bust_of_Louis_XIV_by_Gianlorenzo_Bernini_(Versailles)/0/pictures/Louis_XIV_bust,_Bernini,_Versailles,_Salon_de_Diane.jpg"
Palace_of_Versailles,177768,5,commons/Ceilings_in_the_Palace_of_Versailles/0/pictures/Versailles_Château_de_Versailles_Innen_Diana-Salon_Decke_2.jpg
Palace_of_Versailles,177768,5,"commons/Bust_of_Louis_XIV_by_Gianlorenzo_Bernini_(Versailles)/0/pictures/Château_de_Versailles,_salon_de_Diane,_buste_de_Louis_XIV,_Bernin_(1665)_03.jpg"
Palace_of_Versailles,177768,5,commons/Ceilings_in_the_Palace_of_Versailles/0/pictures/Versailles_Château_de_Versailles_Innen_Diana-Salon_Decke_1.jpg
Palace_of_Versailles,177768,5,"commons/Bust_of_Louis_XIV_by_Gianlorenzo_Bernini_(Versailles)/0/pictures/Château_de_Versailles,_salon_de_Diane,_buste_de_Louis_XIV,_Bernin_(1665)_03_black_bg.jpg"
Palace_of_Versailles,177768,5,commons/Bust_of_Louis_XIV_by_Gianlorenzo_Bernini_(Versailles)/0/pictures/Palace_of_Versailles_65_2012-06-30.jpg
Palace_of_Versailles,177768,5,commons/Salon_de_Diane_du_Château_de_Versailles/0/pictures/Palace_of_Versailles_65_2012-06-30.jpg
Palace_of_Versailles,177768,5,commons/Bust_of_Louis_XIV_by_Gianlorenzo_Bernini_(Versailles)/0/pictures/Palace_of_Versailles_29.jpg
Palace_of_Versailles,177768,5,commons/Salon_de_Diane_du_Château_de_Versailles/0/pictures/Palace_of_Versailles_29.jpg
Palace_of_Versailles,177768,5,commons/Bust_of_Louis_XIV_by_Gianlorenzo_Bernini_(Versailles)/0/pictures/Louis_XIV.JPG
Palace_of_Versailles,177768,5,commons/Salon_de_Diane_du_Château_de_Versailles/0/pictures/France-000347_-_Diana_Room_Ceiling_(14805452936).jpg
Palace_of_Versailles,177768,5,commons/Bust_of_Louis_XIV_by_Gianlorenzo_Bernini_(Versailles)/0/pictures/LouisXIV-Bernini.jpg
Palace_of_Versailles,177768,5,commons/Salon_de_Diane_du_Château_de_Versailles/0/pictures/P1020962_(5015776562).jpg
Palace_of_Versailles,177768,5,"commons/Salon_de_Diane_du_Château_de_Versailles/0/pictures/Château_de_Versailles,_salon_de_Diane,_buste_antique_d'impératrice_romaine_en_marbre_polychrome_01.jpg"
Palace_of_Versailles,177768,5,"commons/Salon_de_Diane_du_Château_de_Versailles/0/pictures/Château_de_Versailles,_salon_de_Diane,_Jason_et_les_Argonautes_débarquant_en_Colchide,_Charles_de_La_Fosse.jpg"
Palace_of_Versailles,177768,5,commons/Ceilings_in_the_Palace_of_Versailles/0/pictures/Versailles_Château_de_Versailles_Innen_Diana-Salon_Decke_3.jpg
Palace_of_Versailles,177768,5,commons/Bust_of_Louis_XIV_by_Gianlorenzo_Bernini_(Versailles)/0/pictures/Lois_XIV(Bernini).JPG
Palace_of_Versailles,177768,5,commons/Salon_de_Diane_du_Château_de_Versailles/0/pictures/France-000344B_-_Diana_Room_Ceiling_(14641803078).jpg
Palace_of_Versailles,177768,5,"commons/Salon_de_Diane_du_Château_de_Versailles/0/pictures/Château_de_Versailles,_salon_de_Diane,_Cyrus_chassant_le_sanglier,_Claude_Audran_II.jpg"
Palace_of_Versailles,177768,5,"commons/Bust_of_Louis_XIV_by_Gianlorenzo_Bernini_(Versailles)/0/pictures/Château_de_Versailles,_salon_de_Diane,_buste_de_Louis_XIV,_Bernin_(1665)_02.jpg"
Palace_of_Versailles,177768,5,commons/Salon_de_Diane_du_Château_de_Versailles/0/pictures/Château_de_Versailles.-Bustes_dans_la_galerie_des_glaces.jpg
Palace_of_Versailles,177768,5,commons/Salon_de_Diane_du_Château_de_Versailles/0/pictures/Versailles_Château_de_Versailles_Innen_Diana-Salon_Wand.jpg
Palace_of_Versailles,177768,5,"commons/Salon_de_Diane_du_Château_de_Versailles/0/pictures/Ceiling_in_the_Palace_of_Versailles,_Paris,_MA03.jpg"
Palace_of_Versailles,177768,5,"commons/Salon_de_Diane_du_Château_de_Versailles/0/pictures/Château_de_Versailles,_salon_de_Diane,_buste_de_Louis_XIV,_Bernin_(1665)_00.jpg"
Palace_of_Versailles,177768,5,commons/Salon_de_Diane_du_Château_de_Versailles/0/pictures/Château_de_Versailles_-_Salon_de_Diane_1.jpg
Palace_of_Versailles,177768,5,commons/Salon_de_Diane_du_Château_de_Versailles/0/pictures/Salon_de_Diane-JASON_ET_LES_ARGONAUTS_ABORDENT_A_COLCHOS.jpg
Palace_of_Versailles,177768,5,commons/Salon_de_Diane_du_Château_de_Versailles/0/pictures/The_Palace_of_Versailles_(24007042350).jpg
Palace_of_Versailles,177768,5,commons/Salon_de_Diane_du_Château_de_Versailles/0/pictures/Ceiling_of_Salon_de_Diane_du_Château_de_Versailles.jpg
Palace_of_Versailles,177768,5,"commons/Bust_of_Louis_XIV_by_Gianlorenzo_Bernini_(Versailles)/0/pictures/Versailles,_berrnini,_ritratto_del_giovane_luigi_XIV.JPG"
Palace_of_Versailles,177768,5,commons/Salon_de_Diane_du_Château_de_Versailles/0/pictures/Palace_of_Versailles_Diana_Drawing-Room_(27742638823).jpg
Palace_of_Versailles,177768,5,commons/Salon_de_Diane_du_Château_de_Versailles/0/pictures/Palace_of_Versailles_Diana_Drawing-Room_(28279232461).jpg
Palace_of_Versailles,177768,5,commons/Bust_of_Louis_XIV_by_Gianlorenzo_Bernini_(Versailles)/0/pictures/Salon_de_Vénus_du_Château_de_Versailles_bust_of_Louis_XIV.JPG
Palace_of_Versailles,177768,5,commons/Salon_de_Diane_du_Château_de_Versailles/0/pictures/Palace_of_Versailles_Diana_Drawing-Room_(27742027234).jpg
Palace_of_Versailles,177768,5,commons/Salon_de_Vénus_du_Château_de_Versailles/0/pictures/Salon_de_Vénus_du_Château_de_Versailles_doors.JPG
Palace_of_Versailles,177768,5,commons/Palace_of_Versailles/0/pictures/Versailles_12.jpg
Palace_of_Versailles,177768,5,commons/Busts_in_the_Hall_of_Mirrors_(Palace_of_Versailles)/0/pictures/Château_de_Versailles.-Bustes_dans_la_galerie_des_glaces.jpg
Palace_of_Versailles,177768,5,commons/Salon_de_Diane_du_Château_de_Versailles/0/pictures/Palace_of_Versailles_Diana_Drawing-Room_(28279652451).jpg
Palace_of_Versailles,177768,5,commons/Salon_de_Diane_du_Château_de_Versailles/0/pictures/Versailles_-Ceiling_details_with_wide_angle_-_12.jpg
Palace_of_Versailles,177768,5,commons/Salon_de_Diane_du_Château_de_Versailles/0/pictures/Salon_de_Diane-DIANE_SUR_SON_CHAR-centre.jpg
Palace_of_Versailles,177768,5,commons/Salon_de_Diane_du_Château_de_Versailles/0/pictures/Versailles_Château_de_Versailles_Innen_Diana-Salon_Decke_1.jpg
Palace_of_Versailles,177768,5,commons/Salon_de_Diane_du_Château_de_Versailles/0/pictures/Versailles_Château_de_Versailles_Innen_Diana-Salon_Decke_2.jpg
Palace_of_Versailles,177768,5,commons/Salon_de_Diane_du_Château_de_Versailles/0/pictures/Versailles_Château_de_Versailles_Innen_Diana-Salon_Decke_3.jpg
Palace_of_Versailles,177768,5,commons/Salon_de_Diane_du_Château_de_Versailles/0/pictures/Versailles_Château_de_Versailles_Innen_Diana-Salon_Decke_4.jpg
Palace_of_Versailles,177768,5,commons/Salon_de_Diane_du_Château_de_Versailles/0/pictures/Версаль_-_panoramio_(33).jpg
Palace_of_Versailles,177768,5,commons/Interior_of_the_Palace_of_Versailles/0/pictures/Intérieur_Château_Versailles_-_Versailles_(FR78)_-_2021-12-19_-_15.jpg
Palace_of_Versailles,177768,5,"commons/Bust_of_Louis_XIV_by_Gianlorenzo_Bernini_(Versailles)/0/pictures/Château_de_Versailles,_salon_de_Diane,_buste_de_Louis_XIV,_Bernin_(1665)_00.jpg"
Palace_of_Versailles,177768,6,commons/Google_Art_Project_works_in_Palace_of_Versailles/0/pictures/Claude_II_Audran_-_Mars_sur_son_char_tiré_par_des_loups_-_Google_Art_Project.jpg
Palace_of_Versailles,177768,6,commons/Ceilings_in_the_Palace_of_Versailles/0/pictures/Versailles_Château_de_Versailles_Innen_Mars-Salon_Decke_2.jpg
Palace_of_Versailles,177768,6,commons/Ceilings_in_the_Palace_of_Versailles/0/pictures/Painting_in_Château_de_Versailles_(4).JPG
Palace_of_Versailles,177768,6,commons/Salon_de_Mars_du_Château_de_Versailles/0/pictures/Palace_of_Versailles_Mars_Drawing-Room_(27741603134).jpg
Palace_of_Versailles,177768,6,commons/Salon_de_Mars_du_Château_de_Versailles/0/pictures/Palace_of_Versailles_27.jpg
Palace_of_Versailles,177768,6,commons/Salon_de_Mars_du_Château_de_Versailles/0/pictures/P1020963_(5015169579).jpg
Palace_of_Versailles,177768,6,commons/Salon_de_Mars_du_Château_de_Versailles/0/pictures/France-000355_-_Salon_de_Mars_(14825422471).jpg
Palace_of_Versailles,177768,6,commons/Ceilings_in_the_Palace_of_Versailles/0/pictures/Versailles_Château_de_Versailles_Innen_Mars-Salon_Decke_4.jpg
Palace_of_Versailles,177768,6,commons/Salon_de_Mars_du_Château_de_Versailles/0/pictures/Versailles_Château_de_Versailles_Innen_Mars-Salon_Decke_2.jpg
Palace_of_Versailles,177768,6,commons/Salon_de_Mars_du_Château_de_Versailles/0/pictures/Palace_of_Versailles_Mars_Drawing-Room_(27741523294).jpg
Palace_of_Versailles,177768,6,commons/Salon_de_Mars_du_Château_de_Versailles/0/pictures/France-000348B_-_Salon_de_Mars_Ceiling_(14828472275).jpg
Palace_of_Versailles,177768,6,commons/Salon_de_Mars_du_Château_de_Versailles/0/pictures/P1020965_(5015170937).jpg
Palace_of_Versailles,177768,6,commons/Salon_de_Mars_du_Château_de_Versailles/0/pictures/Claude_II_Audran_-_Mars_sur_son_char_tiré_par_des_loups_-_Google_Art_Project.jpg
Palace_of_Versailles,177768,6,commons/Salon_de_Mars_du_Château_de_Versailles/0/pictures/Salon_de_Mars-MARS_DAN_SON_CHAR_TRAINE_PAR_DES_LOUPS.jpg
Palace_of_Versailles,177768,6,commons/Ceilings_in_the_Palace_of_Versailles/0/pictures/Palace_of_Versailles_Mars_Drawing-Room_(28279047751).jpg
Palace_of_Versailles,177768,6,"commons/Salon_de_Mars_du_Château_de_Versailles/0/pictures/Le_Chateau_de_Versailles_,_Palace_of_Versailles_interiors_in_art_6.JPG"
Palace_of_Versailles,177768,6,"commons/Salon_de_Mars_du_Château_de_Versailles/0/pictures/Chateau_de_Versailles,_France_(8132698654).jpg"
Palace_of_Versailles,177768,6,commons/Salon_de_Mars_du_Château_de_Versailles/0/pictures/France-000356_-_Salon_de_Mars_Corner_Details_(14828515125).jpg
Palace_of_Versailles,177768,6,commons/Salon_de_Mars_du_Château_de_Versailles/0/pictures/Versailles_Château_de_Versailles_Innen_Mars-Salon_Decke_3.jpg
Palace_of_Versailles,177768,6,commons/Ceilings_in_the_Palace_of_Versailles/0/pictures/Ceiling_of_Salon_de_Mars_du_Château_de_Versailles.jpg
Palace_of_Versailles,177768,6,commons/Salon_de_Mars_du_Château_de_Versailles/0/pictures/Ceiling_of_Salon_de_Mars_du_Château_de_Versailles.jpg
Palace_of_Versailles,177768,6,commons/Salon_de_Mars_du_Château_de_Versailles/0/pictures/Palace_of_Versailles_Salon_de_Mars_(9812045066).jpg
Palace_of_Versailles,177768,6,commons/Salon_de_Mars_du_Château_de_Versailles/0/pictures/Palace_of_Versailles_Mars_Drawing-Room_(27741731783).jpg
Palace_of_Versailles,177768,6,commons/Salon_de_Mars_du_Château_de_Versailles/0/pictures/Palace_of_Versailles_Mars_Drawing-Room_(28279047751).jpg
Palace_of_Versailles,177768,6,commons/Ceilings_in_the_Palace_of_Versailles/0/pictures/Versailles_-Ceiling_details_with_wide_angle_-_13.jpg
Palace_of_Versailles,177768,6,commons/Antichambre_de_la_reine_du_Château_de_Versailles/0/pictures/Chateau_Versailles.jpg
Palace_of_Versailles,177768,6,commons/Salon_de_Mars_du_Château_de_Versailles/0/pictures/Salon_de_Mars_(24006873720).jpg
Palace_of_Versailles,177768,6,commons/Interior_of_the_Palace_of_Versailles/0/pictures/Intérieur_Château_Versailles_-_Versailles_(FR78)_-_2021-12-19_-_16.jpg
Palace_of_Versailles,177768,6,commons/Salon_de_Mars_du_Château_de_Versailles/0/pictures/Versailles_Château_de_Versailles_Innen_Mars-Salon_2.jpg
Palace_of_Versailles,177768,6,commons/Salon_de_Mars_du_Château_de_Versailles/0/pictures/Salon_de_Mars_-_Grand_appartement_du_roi_(24276158816).jpg
Palace_of_Versailles,177768,6,commons/Salon_de_Mars_du_Château_de_Versailles/0/pictures/Salon_de_Mars-DÉMETRIOS_IER_POLIORCRÈTE_PRENANT_UNE_VILLE_D'ASSAUT.jpg
Palace_of_Versailles,177768,6,commons/Salon_de_Mars_du_Château_de_Versailles/0/pictures/Salon_de_Mars-LE_TRIOMPHE_DE_CONSTANTIN.jpg
Palace_of_Versailles,177768,6,commons/Salon_de_Mars_du_Château_de_Versailles/0/pictures/Versailles_(4115649375).jpg
Palace_of_Versailles,177768,6,commons/Ceilings_in_the_Palace_of_Versailles/0/pictures/Versailles_Château_de_Versailles_Innen_Mars-Salon_Decke_1.jpg
Palace_of_Versailles,177768,6,commons/Salon_de_Mars_du_Château_de_Versailles/0/pictures/Versailles_Château_de_Versailles_Innen_Mars-Salon_1.jpg
Palace_of_Versailles,177768,6,commons/Ceilings_in_the_Palace_of_Versailles/0/pictures/Versailles_Château_de_Versailles_Innen_Mars-Salon_Decke_3.jpg
Palace_of_Versailles,177768,6,commons/Salon_de_Mars_du_Château_de_Versailles/0/pictures/Versailles_Château_de_Versailles_Innen_Mars-Salon_Decke_1.jpg
Palace_of_Versailles,177768,6,commons/Salon_de_Mars_du_Château_de_Versailles/0/pictures/Versailles_Château_de_Versailles_Innen_Mars-Salon_Decke_4.jpg
Palace_of_Versailles,177768,6,commons/Ceilings_in_the_Palace_of_Versailles/0/pictures/Candelabrum_of_Salon_de_Mars_du_Château_de_Versailles.jpg
Palace_of_Versailles,177768,6,commons/Salon_de_Mars_du_Château_de_Versailles/0/pictures/Wersal_2013_(18).JPG
Palace_of_Versailles,177768,7,"commons/Palace_of_Versailles/0/pictures/Серия_""Версаль""_2016-3.jpg"
Palace_of_Versailles,177768,7,commons/Palace_of_Versailles/0/pictures/Versailles_04.jpg
Palace_of_Versailles,177768,7,commons/Palace_of_Versailles/0/pictures/Versailles_01.jpg
Palace_of_Versailles,177768,7,commons/Palace_of_Versailles/0/pictures/Versailles_(162247093).jpeg
Palace_of_Versailles,177768,7,commons/Palace_of_Versailles/0/pictures/Pavillon_Dufour_at_the_Château_de_Versailles.jpg
Palace_of_Versailles,177768,7,commons/Palace_of_Versailles/0/pictures/Panorama_of_the_Château_de_Versailles_(23934532969).jpg
Palace_of_Versailles,177768,7,commons/Palace_of_Versailles/0/pictures/Palace_of_Versailles_with_Statue_of_Louis_XIV_(27734550784).jpg
Palace_of_Versailles,177768,7,commons/Palace_of_Versailles/0/pictures/Palace_of_Versailles_(28069295290).jpg
Palace_of_Versailles,177768,7,commons/Palace_of_Versailles/0/pictures/Palace_of_Versailles_2019-09-12.jpg
Palace_of_Versailles,177768,7,commons/Palace_of_Versailles/0/pictures/Palace_of_Versailles_(28318540836).jpg
Palace_of_Versailles,177768,7,commons/Palace_of_Versailles/0/pictures/Palace_of_Versailles_(10582372453).jpg
Palace_of_Versailles,177768,7,commons/Palace_of_Versailles/0/pictures/FR_Versalles_0711_(11)_(17250902641).jpg
Palace_of_Versailles,177768,7,commons/Palace_of_Versailles/0/pictures/Cour_royale_du_château_de_Versailles.jpg
Palace_of_Versailles,177768,7,"commons/Marble_busts_in_the_Palace_of_Versailles/0/pictures/Château_de_Versailles,_cour_de_Marbre,_bustes_d'empereurs_romains,_Vdse_84_et_85.jpg"
Palace_of_Versailles,177768,7,"commons/Marble_busts_in_the_Palace_of_Versailles/0/pictures/Château_de_Versailles,_cour_de_Marbre,_bustes_d'empereurs_romains,_Vdse_85_et_86.jpg"
Palace_of_Versailles,177768,7,commons/Historical_images_of_the_Palace_of_Versailles/0/pictures/Das_Schloss_Versailles._Helmuth_Linder_Russlandalbum._helmuth0032-1_-_copia_01_(cropped).png
Palace_of_Versailles,177768,7,commons/Historical_images_of_the_Palace_of_Versailles/0/pictures/Das_Schloss_Versailles._Helmuth_Linder_Russlandalbum._helmuth0032-1_-_copia_01.png
Palace_of_Versailles,177768,7,commons/Grille_royale_of_Versailles/0/pictures/Zoom_sur_Versailles.jpg
Palace_of_Versailles,177768,7,commons/Grille_royale_of_Versailles/0/pictures/Versailles_-_panoramio_-_Patrick_Nouhailler's…_(26).jpg
Palace_of_Versailles,177768,7,commons/Grille_royale_of_Versailles/0/pictures/Versailles_-_panoramio_-_Patrick_Nouhailler's…_(209).jpg
Palace_of_Versailles,177768,7,commons/Grille_royale_of_Versailles/0/pictures/Versailles_-_panoramio_-_Patrick_Nouhailler's…_(208).jpg
Palace_of_Versailles,177768,7,commons/Grille_royale_of_Versailles/0/pictures/Versailles_-_panoramio_-_Patrick_Nouhailler's…_(117).jpg
Palace_of_Versailles,177768,7,commons/Grille_royale_of_Versailles/0/pictures/VERSAILES_-_panoramio.jpg
Palace_of_Versailles,177768,7,commons/Grille_royale_of_Versailles/0/pictures/Portail_doré.jpg
Palace_of_Versailles,177768,7,"commons/Grille_royale_of_Versailles/0/pictures/Palace_of_Versailles,_September_2013_007.jpg"
Palace_of_Versailles,177768,7,commons/Grille_royale_of_Versailles/0/pictures/Panoramique_-_Cour_d'honneur.jpg
Palace_of_Versailles,177768,7,"commons/Grille_royale_of_Versailles/0/pictures/Palace_of_Versailles,_July_2011_006.jpg"
Palace_of_Versailles,177768,7,commons/Grille_royale_of_Versailles/0/pictures/Grille_royale_de_Versailles_02.jpg
Palace_of_Versailles,177768,7,commons/Palace_of_Versailles/0/pictures/FR_Versalles_0711_(9)_(16631244013).jpg
Palace_of_Versailles,177768,7,commons/Grille_royale_of_Versailles/0/pictures/Grille_du_château_de_Versailles.jpg
Palace_of_Versailles,177768,7,commons/Grille_royale_of_Versailles/0/pictures/Grille_d'honneur_du_Château_de_Versailles.jpg
Palace_of_Versailles,177768,7,commons/Grille_royale_of_Versailles/0/pictures/Grille_d'Honneur_of_Versailles.jpg
Palace_of_Versailles,177768,7,commons/Palace_of_Versailles/0/pictures/Versailles_45.jpg
Palace_of_Versailles,177768,7,commons/Palace_of_Versailles/0/pictures/FR_Versalles_0711_(8)_(17063901120).jpg
Palace_of_Versailles,177768,7,commons/Grille_royale_of_Versailles/0/pictures/Grille_armoriée_Versailles_armes_royales_de_France_2.jpg
Palace_of_Versailles,177768,7,commons/Grille_royale_of_Versailles/0/pictures/Grille_Royale_Château_Versailles_-_Versailles_(FR78)_-_2021-12-19_-_2.jpg
Palace_of_Versailles,177768,7,commons/Grille_royale_of_Versailles/0/pictures/Grille_Royale_Château_Versailles_-_Versailles_(FR78)_-_2021-12-19_-_3.jpg
Palace_of_Versailles,177768,7,commons/Grille_royale_of_Versailles/0/pictures/Grille_Royale_Château_Versailles_-_Versailles_(FR78)_-_2021-12-19_-_1.jpg
Palace_of_Versailles,177768,7,commons/Grille_royale_of_Versailles/0/pictures/France-000307_-_Palace_of_Versailles_(14825041641).jpg
Palace_of_Versailles,177768,7,commons/Grille_royale_of_Versailles/0/pictures/Détail_grille_Versailles.jpg
Palace_of_Versailles,177768,7,"commons/Grille_royale_of_Versailles/0/pictures/Entrance_of_the_Palace,_Versailles_August_2013.jpg"
Palace_of_Versailles,177768,7,commons/Grille_royale_of_Versailles/0/pictures/DSC_0839_-_Grille_royale_du_château_de_Versailles.JPG
Palace_of_Versailles,177768,7,commons/Grille_royale_of_Versailles/0/pictures/Château_de_Versailles_au_lever_du_soleil_en_2013_12.jpg
Palace_of_Versailles,177768,7,commons/Grille_royale_of_Versailles/0/pictures/Château_de_Versailles_au_lever_du_soleil_en_2013_11.jpg
Palace_of_Versailles,177768,7,commons/Grille_royale_of_Versailles/0/pictures/Château_de_Versailles_au_lever_du_soleil_en_2013_06.jpg
Palace_of_Versailles,177768,7,commons/Grille_royale_of_Versailles/0/pictures/Château_de_Versailles_-2009-12-29_009.JPG
Palace_of_Versailles,177768,7,commons/Grille_royale_of_Versailles/0/pictures/Château_de_Versailles_-2009-12-29_008.JPG
Palace_of_Versailles,177768,7,commons/Grille_royale_of_Versailles/0/pictures/Château_de_Versailles_-2009-12-29_007.JPG
Palace_of_Versailles,177768,7,commons/Grille_royale_of_Versailles/0/pictures/Château_de_Versailles_-2009-12-29_004.JPG
Palace_of_Versailles,177768,7,commons/Grille_royale_of_Versailles/0/pictures/Château_de_Versailles_-_grille_royale_02.jpg
Palace_of_Versailles,177768,7,commons/Grille_royale_of_Versailles/0/pictures/Chateau_de_versailles_-_panoramio_(1).jpg
Palace_of_Versailles,177768,7,commons/Grille_d'Honneur_of_Versailles/0/pictures/ヴェルサイユ宮殿_-_panoramio_-_mayatomo.jpg
Palace_of_Versailles,177768,7,commons/Grille_d'Honneur_of_Versailles/0/pictures/Very-versailles-tour-sight-seekers-delight.jpg
Palace_of_Versailles,177768,7,commons/Grille_d'Honneur_of_Versailles/0/pictures/Versailles_Grille_d'Honneur_(Main_Gate)_(9812033206).jpg
Palace_of_Versailles,177768,7,commons/Palace_of_Versailles/0/pictures/The_Palace_of_Versailles_(24302589765).jpg
Palace_of_Versailles,177768,7,commons/Grille_d'Honneur_of_Versailles/0/pictures/Versailles_1_-_panoramio.jpg
Palace_of_Versailles,177768,7,commons/Grille_d'Honneur_of_Versailles/0/pictures/Versailles_-_panoramio_(3).jpg
Palace_of_Versailles,177768,7,commons/Grille_d'Honneur_of_Versailles/0/pictures/Palace_of_Versailles_113_2012-06-30.jpg
Palace_of_Versailles,177768,7,commons/Grille_d'Honneur_of_Versailles/0/pictures/Palace_of_Versailles_112_2012-06-30.jpg
Palace_of_Versailles,177768,7,commons/Grille_d'Honneur_of_Versailles/0/pictures/Palace_of_Versailles_111_2012-06-30.jpg
Palace_of_Versailles,177768,7,commons/Grille_d'Honneur_of_Versailles/0/pictures/Palace_of_Versailles_110_2012-06-30.jpg
Palace_of_Versailles,177768,7,commons/Grille_d'Honneur_of_Versailles/0/pictures/Palace_of_Versailles_109_2012-06-30.jpg
Palace_of_Versailles,177768,7,commons/Palace_of_Versailles/0/pictures/Chateau_de_Versailles_Chapelle_Royal_2021.JPG
Palace_of_Versailles,177768,7,commons/Grille_d'Honneur_of_Versailles/0/pictures/Louvre_itemIMG_1101.jpg
Palace_of_Versailles,177768,7,commons/Grille_d'Honneur_of_Versailles/0/pictures/Entrance_to_Versailles_and_its_Royal_Fence_restored_in_2009_(24275874256).jpg
Palace_of_Versailles,177768,7,commons/Grille_d'Honneur_of_Versailles/0/pictures/Detail_of_the_fence_of_the_Palace_of_Versailles.jpg
Palace_of_Versailles,177768,7,"commons/Grille_d'Honneur_of_Versailles/0/pictures/Château_de_Versailles,_Grille_d'Honneur_01.jpg"
Palace_of_Versailles,177768,7,commons/Exterior_of_the_Palace_of_Versailles/0/pictures/Versailles_Château_de_Versailles_Stadtseite_06.jpg
Palace_of_Versailles,177768,7,commons/Exterior_of_the_Palace_of_Versailles/0/pictures/Palace_of_Versailles_(5987344686).jpg
Palace_of_Versailles,177768,7,commons/Exterior_of_the_Palace_of_Versailles/0/pictures/Palace_of_Versailles_(5987344644).jpg
Palace_of_Versailles,177768,7,commons/Exterior_of_the_Palace_of_Versailles/0/pictures/Palace_of_Versailles_(5986785917).jpg
Palace_of_Versailles,177768,7,commons/Exterior_of_the_Palace_of_Versailles/0/pictures/Palace_of_Versailles_(5986785815).jpg
Palace_of_Versailles,177768,7,commons/Exterior_of_the_Palace_of_Versailles/0/pictures/Fotothek-df_ge_0000175-Im_Schloss_Innenhof.jpg
Palace_of_Versailles,177768,7,commons/Exterior_of_the_Palace_of_Versailles/0/pictures/Fotothek-df_ge_0000174-Im_Schloss_Innenhof.jpg
Palace_of_Versailles,177768,7,commons/Exterior_of_the_Palace_of_Versailles/0/pictures/Façade_of_the_Château_de_Versailles_(23675190033).jpg
Palace_of_Versailles,177768,7,commons/Exterior_of_the_Palace_of_Versailles/0/pictures/Château_de_Versailles_-_panoramio_(9).jpg
Palace_of_Versailles,177768,7,commons/Palace_of_Versailles/0/pictures/Frontal_façade_of_Versailles_(24220085471).jpg
Palace_of_Versailles,177768,7,commons/Grille_royale_of_Versailles/0/pictures/Versailles_3_-_panoramio.jpg
Palace_of_Versailles,177768,7,commons/Exterior_of_the_Palace_of_Versailles/0/pictures/Château_Versailles_-_Versailles_(FR78)_-_2021-12-19_-_3.jpg
Palace_of_Versailles,177768,7,commons/Entrance_courts_of_the_Palace_of_Versailles/0/pictures/Peter_Stehlik_2013.04.22_Panorama_1A.jpg
Palace_of_Versailles,177768,7,commons/Cour_royale_du_Château_de_Versailles/0/pictures/Wersal_2013_(10).JPG
Palace_of_Versailles,177768,7,commons/Cour_royale_du_Château_de_Versailles/0/pictures/Версаль_-_panoramio_(21).jpg
Palace_of_Versailles,177768,7,commons/Cour_royale_du_Château_de_Versailles/0/pictures/Vue_aérienne_du_domaine_de_Versailles_le_20_août_2014_par_ToucanWings_-_Creative_Commons_By_Sa_3.0_-_28.jpg
Palace_of_Versailles,177768,7,commons/Cour_royale_du_Château_de_Versailles/0/pictures/Vista_frontal_a_la_entrada_del_Palacio_de_Versalles.jpg
Palace_of_Versailles,177768,7,commons/Cour_royale_du_Château_de_Versailles/0/pictures/Vue_aérienne_du_domaine_de_Versailles_le_20_août_2014_par_ToucanWings_-_Creative_Commons_By_Sa_3.0_-_20.jpg
Palace_of_Versailles,177768,7,commons/Cour_royale_du_Château_de_Versailles/0/pictures/Vue_aérienne_du_domaine_de_Versailles_le_20_août_2014_par_ToucanWings_-_Creative_Commons_By_Sa_3.0_-_02.jpg
Palace_of_Versailles,177768,7,commons/Cour_royale_du_Château_de_Versailles/0/pictures/Vue_aérienne_du_domaine_de_Versailles_le_20_août_2014_par_ToucanWings_-_Creative_Commons_By_Sa_3.0_-_21.jpg
Palace_of_Versailles,177768,7,commons/Cour_royale_du_Château_de_Versailles/0/pictures/Versailles-Vue_de_la_cour_royale.png
Palace_of_Versailles,177768,7,commons/Palace_of_Versailles/0/pictures/Palace_of_Versailles_(9812041386).jpg
Palace_of_Versailles,177768,7,commons/Cour_royale_du_Château_de_Versailles/0/pictures/Vue_aérienne_du_domaine_de_Versailles_le_20_août_2014_par_ToucanWings_-_Creative_Commons_By_Sa_3.0_-_01.jpg
Palace_of_Versailles,177768,7,commons/Palace_of_Versailles/0/pictures/Palace_of_Versailles_(9812034876).jpg
Palace_of_Versailles,177768,7,commons/Cour_royale_du_Château_de_Versailles/0/pictures/Versailles_Chateau_Cour_Royale_-_panoramio.jpg
Palace_of_Versailles,177768,7,commons/Exterior_of_the_Palace_of_Versailles/0/pictures/凡爾賽宮_Palace_of_Versailles_-_panoramio_(1).jpg
Palace_of_Versailles,177768,7,commons/Cour_royale_du_Château_de_Versailles/0/pictures/Versailles_cour.JPG
Palace_of_Versailles,177768,7,"commons/Cour_royale_du_Château_de_Versailles/0/pictures/Versailles,_France_-_panoramio_(9).jpg"
Palace_of_Versailles,177768,7,commons/Exterior_of_the_Palace_of_Versailles/0/pictures/Versailles_Château_de_Versailles_Stadtseite_10.jpg
Palace_of_Versailles,177768,7,commons/Cour_royale_du_Château_de_Versailles/0/pictures/Versailles_-_panoramio.jpg
Palace_of_Versailles,177768,7,commons/Exterior_of_the_Palace_of_Versailles/0/pictures/Versailles_Château_de_Versailles_Stadtseite_09.jpg
Palace_of_Versailles,177768,7,commons/Cour_royale_du_Château_de_Versailles/0/pictures/Versailles_-_panoramio_-_Patrick_Nouhailler's…_(212).jpg
Palace_of_Versailles,177768,7,commons/Exterior_of_the_Palace_of_Versailles/0/pictures/Versailles_Château_de_Versailles_Stadtseite_08.jpg
Palace_of_Versailles,177768,7,commons/Cour_royale_du_Château_de_Versailles/0/pictures/Versailles_-_panoramio_-_Patrick_Nouhailler's…_(211).jpg
Palace_of_Versailles,177768,7,commons/Exterior_of_the_Palace_of_Versailles/0/pictures/Versailles_Château_de_Versailles_Stadtseite_07.jpg
Palace_of_Versailles,177768,7,commons/Cour_royale_du_Château_de_Versailles/0/pictures/Versailles_-_panoramio_-_Patrick_Nouhailler's…_(210).jpg
Palace_of_Versailles,177768,7,commons/Exterior_of_the_Palace_of_Versailles/0/pictures/Versailles_Château_de_Versailles_Stadtseite_03.jpg
Palace_of_Versailles,177768,7,commons/Cour_royale_du_Château_de_Versailles/0/pictures/Schloss_Versailles_Front_1.JPG
Palace_of_Versailles,177768,7,commons/Palace_of_Versailles/0/pictures/Palace_of_Versailles_(27745827433).jpg
Palace_of_Versailles,177768,7,commons/Exterior_of_the_Palace_of_Versailles/0/pictures/Versailles_Château_de_Versailles_Stadtseite_04.jpg
Palace_of_Versailles,177768,7,commons/Cour_royale_du_Château_de_Versailles/0/pictures/Versailles_-_Château_de_Versailles.jpg
Palace_of_Versailles,177768,7,commons/Exterior_of_the_Palace_of_Versailles/0/pictures/Versailles_Château_de_Versailles_Stadtseite_02.jpg
Palace_of_Versailles,177768,7,commons/Cour_royale_du_Château_de_Versailles/0/pictures/Versailles_-_panoramio_-_Patrick_Nouhailler's…_(177).jpg
Palace_of_Versailles,177768,7,commons/Cour_royale_du_Château_de_Versailles/0/pictures/Versailles_-_panoramio_-_Patrick_Nouhailler's…_(121).jpg
Palace_of_Versailles,177768,7,commons/Exterior_of_the_Palace_of_Versailles/0/pictures/Versailles_Château_de_Versailles_Stadtseite_01.jpg
Palace_of_Versailles,177768,7,commons/Cour_royale_du_Château_de_Versailles/0/pictures/Versailles_-_panoramio_(5).jpg
Palace_of_Versailles,177768,7,commons/Exterior_of_the_Palace_of_Versailles/0/pictures/Versailles_(4116387192).jpg
Palace_of_Versailles,177768,7,commons/Cour_royale_du_Château_de_Versailles/0/pictures/Palais_de_Versailles1.jpg
Palace_of_Versailles,177768,7,commons/Exterior_of_the_Palace_of_Versailles/0/pictures/Versailles_(4116377364).jpg
Palace_of_Versailles,177768,7,commons/Cour_royale_du_Château_de_Versailles/0/pictures/Palace_of_Versailles_Royal_Court_Sep_2017.jpg
Palace_of_Versailles,177768,7,commons/Palace_of_Versailles/0/pictures/Palace_of_Versailles_(28317665516).jpg
Palace_of_Versailles,177768,7,commons/Cour_royale_du_Château_de_Versailles/0/pictures/Palace_of_Versailles_18_2012-06-30.jpg
Palace_of_Versailles,177768,7,commons/Palace_of_Versailles/0/pictures/Palace_of_Versailles_(28282739161).jpg
Palace_of_Versailles,177768,7,commons/Cour_royale_du_Château_de_Versailles/0/pictures/Palace_of_Versailles_129_2012-06-30.jpg
Palace_of_Versailles,177768,7,commons/Cour_royale_du_Château_de_Versailles/0/pictures/Palace_of_Versailles_139_2012-06-30.jpg
Palace_of_Versailles,177768,7,commons/Cour_royale_du_Château_de_Versailles/0/pictures/Palace_of_Versailles_130_2012-06-30.jpg
Palace_of_Versailles,177768,7,commons/Cour_d'honneur_of_Versailles/0/pictures/Versailles_Cour_Royale_Sud.jpg
Palace_of_Versailles,177768,7,commons/Palace_of_Versailles/0/pictures/FR_Versalles_0711_(6)_(17251462635).jpg
Palace_of_Versailles,177768,7,"commons/Grille_royale_of_Versailles/0/pictures/Château_de_Versailles,_Paris,_MA02.jpg"
Palace_of_Versailles,177768,7,"commons/Cour_d'honneur_of_Versailles/0/pictures/Versailles,_Ile-de-France,_France_-_panoramio.jpg"
Palace_of_Versailles,177768,7,commons/Grille_royale_of_Versailles/0/pictures/Château_de_Versailles_au_lever_du_soleil_en_2013_15.jpg
Palace_of_Versailles,177768,7,commons/Cour_de_Marbre_du_Château_de_Versailles/0/pictures/2017_Cour_de_Marbre_du_Château_de_Versailles_P22.jpg
Palace_of_Versailles,177768,7,"commons/Palace_of_Versailles/0/pictures/Versalles,_Francia_-_panoramio_(1).jpg"
Palace_of_Versailles,177768,7,commons/Cour_de_Marbre_du_Château_de_Versailles/0/pictures/017Versailles_Court-2.jpg
Palace_of_Versailles,177768,7,commons/Grille_royale_of_Versailles/0/pictures/Château_de_Versailles_04_2016_5731.jpg
Palace_of_Versailles,177768,7,commons/Cour_d'honneur_of_Versailles/0/pictures/Versailles_-_panoramio_-_Patrick_Nouhailler's…_(264).jpg
Palace_of_Versailles,177768,7,commons/Cour_d'honneur_of_Versailles/0/pictures/Versailles_Castle_entrance_-_Entrée_du_Château_de_Versailles.jpg
Palace_of_Versailles,177768,7,commons/Cour_d'honneur_of_Versailles/0/pictures/Panoramique_-_Cour_d'honneur.jpg
Palace_of_Versailles,177768,7,commons/Grille_royale_of_Versailles/0/pictures/Château_de_Versailles_(23912274324).jpg
Palace_of_Versailles,177768,7,commons/Cour_d'honneur_of_Versailles/0/pictures/PalaisDeVersaille.jpg
Palace_of_Versailles,177768,7,commons/Historical_images_of_the_Palace_of_Versailles/0/pictures/Das_Schloss_Versailles._Helmuth_Linder_Russlandalbum._helmuth0032-1_-_copia_02.png
Palace_of_Versailles,177768,7,commons/Grille_royale_of_Versailles/0/pictures/Château_de_Versailles_(23912270584).jpg
Palace_of_Versailles,177768,7,commons/Cour_d'honneur_of_Versailles/0/pictures/Palace_of_Versailles2.jpg
Palace_of_Versailles,177768,7,commons/Grille_royale_of_Versailles/0/pictures/A_fence_for_the_Sun_King_(France_through_my_eyes)_(29793322861).jpg
Palace_of_Versailles,177768,7,commons/Cour_d'honneur_of_Versailles/0/pictures/Palace_of_Versailles_Front_1.JPG
Palace_of_Versailles,177768,7,commons/Cour_d'honneur_of_Versailles/0/pictures/Palace_of_Versailles_122_2012-06-30.jpg
Palace_of_Versailles,177768,7,commons/Grille_royale_of_Versailles/0/pictures/2023-06-03_Palace_and_park_of_Versailles_03.jpg
Palace_of_Versailles,177768,7,commons/Cour_d'honneur_of_Versailles/0/pictures/Palace_of_Versailles_Cortyard.JPG
Palace_of_Versailles,177768,7,commons/Palace_of_Versailles/0/pictures/Versailles_03.jpg
Palace_of_Versailles,177768,7,commons/Cour_d'honneur_of_Versailles/0/pictures/Palace_of_Versailles_119_2012-06-30.jpg
Palace_of_Versailles,177768,7,commons/Cour_d'honneur_of_Versailles/0/pictures/Palace_of_Versailles_117_2012-06-30.jpg
Palace_of_Versailles,177768,7,commons/Cour_d'honneur_of_Versailles/0/pictures/Palace_of_Versailles_116_2012-06-30.jpg
Palace_of_Versailles,177768,7,commons/Palace_of_Versailles/0/pictures/FR_Versalles_0711_(10)_(17065238619).jpg
Palace_of_Versailles,177768,7,commons/Cour_d'honneur_of_Versailles/0/pictures/Cour_Honneur_Château_Versailles_-_Versailles_(FR78)_-_2021-12-19_-_1.jpg
Palace_of_Versailles,177768,7,commons/Exterior_of_the_Palace_of_Versailles/0/pictures/Paris-Versailles-1.jpg
Palace_of_Versailles,177768,7,commons/Cour_royale_du_Château_de_Versailles/0/pictures/Palace_of_Versailles_124_2012-06-30.jpg
Palace_of_Versailles,177768,7,commons/Cour_d'honneur_of_Versailles/0/pictures/Château_de_Versailles_le_20_août_2014_-_21.jpg
Palace_of_Versailles,177768,7,commons/Cour_d'honneur_of_Versailles/0/pictures/Château_de_Versailles_le_20_août_2014_-_20.jpg
Palace_of_Versailles,177768,7,commons/Cour_d'honneur_of_Versailles/0/pictures/Château_de_Versailles_le_20_août_2014_-_09.jpg
Palace_of_Versailles,177768,7,commons/Grille_royale_of_Versailles/0/pictures/Château_de_Versailles_-2009-12-29_005.JPG
Palace_of_Versailles,177768,7,"commons/Brick_walls_in_Château_de_Versailles/0/pictures/Château_de_Versailles,_cour_de_marbre,_buste_de_Trajan,_Vdse_85_02.jpg"
Palace_of_Versailles,177768,7,commons/Cour_royale_du_Château_de_Versailles/0/pictures/Cour_royale_1.jpg
Palace_of_Versailles,177768,7,commons/Cour_d'honneur_of_Versailles/0/pictures/Château_de_Versailles_le_20_août_2014_-_10.jpg
Palace_of_Versailles,177768,7,commons/Cour_d'honneur_of_Versailles/0/pictures/Château_de_Versailles_le_20_août_2014_-_05.jpg
Palace_of_Versailles,177768,7,commons/Palace_of_Versailles/0/pictures/Versailles_(23892891700).jpg
Palace_of_Versailles,177768,7,commons/Cour_d'honneur_of_Versailles/0/pictures/Château_de_Versailles_le_20_août_2014_-_03.jpg
Palace_of_Versailles,177768,7,commons/Cour_royale_du_Château_de_Versailles/0/pictures/Château_de_Versailles_04_2016_5743.jpg
Palace_of_Versailles,177768,7,commons/Palace_of_Versailles/0/pictures/The_Palace_Of_Versailles_(50030250707).jpg
Palace_of_Versailles,177768,7,commons/Palace_of_Versailles/0/pictures/Château_de_Versailles_-_Golden_Fence_-_20190801_PvE.jpg
Palace_of_Versailles,177768,7,commons/Cour_d'honneur_of_Versailles/0/pictures/Château_de_Versailles_cour_d'honneur_4.JPG
Palace_of_Versailles,177768,7,commons/Palace_of_Versailles/0/pictures/Palace_of_Versailles_(28248071482).jpg
Palace_of_Versailles,177768,7,commons/Cour_royale_du_Château_de_Versailles/0/pictures/Château_de_Versailles_-2009-12-29_040.JPG
Palace_of_Versailles,177768,7,commons/Cour_d'honneur_of_Versailles/0/pictures/Château_de_Versailles_cour_d'honneur_2.JPG
Palace_of_Versailles,177768,7,commons/Cour_royale_du_Château_de_Versailles/0/pictures/Château_de_Versailles_04_2016_5747.jpg
Palace_of_Versailles,177768,7,commons/Cour_d'honneur_of_Versailles/0/pictures/Château_de_Versailles_cour_d'honneur_3.JPG
Palace_of_Versailles,177768,7,commons/Cour_royale_du_Château_de_Versailles/0/pictures/Château_de_Versailles_-_panoramio_(6).jpg
Palace_of_Versailles,177768,7,commons/Cour_d'honneur_of_Versailles/0/pictures/Chateau_de_Versailles.jpg
Palace_of_Versailles,177768,7,commons/Cour_royale_du_Château_de_Versailles/0/pictures/Chateau-de-versailles-cour.jpg
Palace_of_Versailles,177768,7,commons/Palace_of_Versailles/0/pictures/The_Palace_Of_Versailles_(50030225662).jpg
Palace_of_Versailles,177768,7,commons/Cour_d'honneur_of_Versailles/0/pictures/Château_de_Versailles_-_Cour_d'honneur_-_vue_panoramique_02.jpg
Palace_of_Versailles,177768,7,commons/Cour_d'honneur_of_Versailles/0/pictures/Chateau_de_Versailles_4.jpg
Palace_of_Versailles,177768,7,commons/Cour_royale_du_Château_de_Versailles/0/pictures/Chateau_de_Versailles_Marcok_31_aug_2016_f05.jpg
Palace_of_Versailles,177768,7,commons/Cour_d'honneur_of_Versailles/0/pictures/Château_de_Versailles_-_Cour_d'honneur_-_vue_panoramique.jpg
Palace_of_Versailles,177768,7,commons/Cour_d'honneur_of_Versailles/0/pictures/Chateau_de_Versailles_-_panoramio_(8).jpg
Palace_of_Versailles,177768,7,commons/Palace_of_Versailles/0/pictures/Front_of_the_Palace_of_Versailles.jpg
Palace_of_Versailles,177768,7,commons/Cour_royale_du_Château_de_Versailles/0/pictures/Chateau_de_Versailles_Marcok_31_aug_2016_f02.jpg
Palace_of_Versailles,177768,7,commons/Cour_d'honneur_of_Versailles/0/pictures/2023-06-03_Palace_and_park_of_Versailles_01.jpg
Palace_of_Versailles,177768,7,commons/Cour_d'honneur_of_Versailles/0/pictures/004Château_de_Versailles.jpg
Palace_of_Versailles,177768,7,commons/Cour_d'honneur_of_Versailles/0/pictures/Palace_of_Versailles_115_2012-06-30.jpg
Palace_of_Versailles,177768,7,"commons/Brick_walls_in_Château_de_Versailles/0/pictures/Château_de_Versailles,_cour_de_Marbre,_bustes_d'empereurs_romains,_Vdse_85_et_86.jpg"
Palace_of_Versailles,177768,7,commons/Cour_de_Marbre_du_Château_de_Versailles/0/pictures/Версаль_-_panoramio_(27).jpg
Palace_of_Versailles,177768,7,commons/Cour_d'honneur_of_Versailles/0/pictures/004Château_de_Versailles-3.jpg
Palace_of_Versailles,177768,7,commons/Cour_d'honneur_of_Versailles/0/pictures/004Château_de_Versailles-2.jpg
Palace_of_Versailles,177768,7,commons/Cour_de_Marbre_du_Château_de_Versailles/0/pictures/Vue_aérienne_du_domaine_de_Versailles_le_20_août_2014_par_ToucanWings_-_Creative_Commons_By_Sa_3.0_-_31.jpg
Palace_of_Versailles,177768,7,commons/Clocks_in_the_Palace_of_Versailles/0/pictures/Fachada_do_Château_de_Versailles.jpg
Palace_of_Versailles,177768,7,commons/Grille_d'Honneur_of_Versailles/0/pictures/The_Royal_Fence_restored_in_2009_-_The_Palace_of_Versailles_(24303159335).jpg
Palace_of_Versailles,177768,7,commons/Chapel_of_the_Palace_of_Versailles/0/pictures/Версаль_-_panoramio_(4).jpg
Palace_of_Versailles,177768,7,commons/Exterior_of_the_Palace_of_Versailles/0/pictures/Fotothek-df_ge_0000160-Schloss_Innenhof.jpg
Palace_of_Versailles,177768,7,commons/Cour_de_Marbre_du_Château_de_Versailles/0/pictures/Versailles_la_cour_de_marbre_3.jpg
Palace_of_Versailles,177768,7,commons/Chapel_of_the_Palace_of_Versailles/0/pictures/Zoom_sur_Versailles_(28811253743).jpg
Palace_of_Versailles,177768,7,commons/Grille_d'Honneur_of_Versailles/0/pictures/Palace_of_Versailles_38.jpg
Palace_of_Versailles,177768,7,commons/Chapel_of_the_Palace_of_Versailles/0/pictures/Wersal_2013_(8).JPG
Palace_of_Versailles,177768,7,commons/Grille_royale_of_Versailles/0/pictures/Versailles_-_panoramio_-_Patrick_Nouhailler's…_(175).jpg
Palace_of_Versailles,177768,7,commons/Exterior_of_the_Palace_of_Versailles/0/pictures/Chateau_de_versailles_-_panoramio_(3).jpg
Palace_of_Versailles,177768,7,commons/Cour_de_Marbre_du_Château_de_Versailles/0/pictures/P1030126_(5015195155).jpg
Palace_of_Versailles,177768,7,"commons/Palace_of_Versailles/0/pictures/Versalles,_Francia_-_panoramio_(2).jpg"
Palace_of_Versailles,177768,7,"commons/Brick_walls_in_Château_de_Versailles/0/pictures/Château_de_Versailles,_cour_royale,_redent_sud.jpg"
Palace_of_Versailles,177768,7,commons/Cour_royale_du_Château_de_Versailles/0/pictures/Vue_aérienne_du_domaine_de_Versailles_le_20_août_2014_par_ToucanWings_-_Creative_Commons_By_Sa_3.0_-_29.jpg
Palace_of_Versailles,177768,7,"commons/Busts_in_the_Cour_de_Marbre_du_Château_de_Versailles/0/pictures/Château_de_Versailles,_cour_de_marbre,_buste_de_Trajan,_Vdse_85_02.jpg"
Palace_of_Versailles,177768,7,commons/Exterior_of_the_Palace_of_Versailles/0/pictures/Palace_of_Versailles_7_2012-06-30.jpg
Palace_of_Versailles,177768,7,commons/Cour_royale_du_Château_de_Versailles/0/pictures/January_Palais_Versailles_Paris_-_Master_Earth_Photography_2014_-_panoramio_(3).jpg
Palace_of_Versailles,177768,7,commons/Grille_royale_of_Versailles/0/pictures/Chateau_de_Versailles_2.jpg
Palace_of_Versailles,177768,7,commons/Cour_d'honneur_of_Versailles/0/pictures/Palace_of_Versailles_Front_4.JPG
Palace_of_Versailles,177768,7,commons/Panoramics_of_the_Palace_of_Versailles/0/pictures/Versailles_banner.jpg
Palace_of_Versailles,177768,7,commons/Grille_royale_of_Versailles/0/pictures/Versailles_Gates.jpg
Palace_of_Versailles,177768,7,commons/Cour_de_Marbre_du_Château_de_Versailles/0/pictures/Palais_de_Versailles.jpg
Palace_of_Versailles,177768,7,commons/Grille_d'Honneur_of_Versailles/0/pictures/Grille_d'honneur_(1).jpg
Palace_of_Versailles,177768,7,commons/Chapel_of_the_Palace_of_Versailles/0/pictures/Versailles_-_panoramio_-_Patrick_Nouhailler's…_(40).jpg
Palace_of_Versailles,177768,7,commons/Grille_royale_of_Versailles/0/pictures/Versailles001.jpg
Palace_of_Versailles,177768,7,commons/Exterior_of_the_Palace_of_Versailles/0/pictures/Château_de_Versailles_panorama_04_2016_5730.jpg
Palace_of_Versailles,177768,7,commons/Cour_de_Marbre_du_Château_de_Versailles/0/pictures/Versailles_Château_de_Versailles_Stadtseite_14.jpg
Palace_of_Versailles,177768,7,commons/Grille_royale_of_Versailles/0/pictures/Château_de_Versailles_-_grille_royale_01.jpg
Palace_of_Versailles,177768,7,commons/Cour_d'honneur_of_Versailles/0/pictures/Panorama_VersaillesPalace.jpg
Palace_of_Versailles,177768,7,commons/Cour_de_Marbre_du_Château_de_Versailles/0/pictures/Versailles_-_panoramio_(6).jpg
Palace_of_Versailles,177768,7,commons/Cour_d'honneur_of_Versailles/0/pictures/Château_de_Versailles.jpg
Palace_of_Versailles,177768,7,commons/Palace_of_Versailles/0/pictures/Palace_of_Versailles_(9812015754).jpg
Palace_of_Versailles,177768,7,commons/Aerial_views_of_the_Palace_of_Versailles/0/pictures/Vue_aérienne_du_domaine_de_Versailles_le_20_août_2014_par_ToucanWings_-_Creative_Commons_By_Sa_3.0_-_29.jpg
Palace_of_Versailles,177768,7,commons/Cour_royale_du_Château_de_Versailles/0/pictures/P1020866_(5015753900).jpg
Palace_of_Versailles,177768,7,commons/Chapel_of_the_Palace_of_Versailles/0/pictures/Ailes_des_ministres._04.JPG
Palace_of_Versailles,177768,7,commons/Cour_d'honneur_of_Versailles/0/pictures/3stylesV.jpg
Palace_of_Versailles,177768,7,commons/Cour_royale_du_Château_de_Versailles/0/pictures/20190505_Paris1.jpg
Palace_of_Versailles,177768,7,commons/Putin's_visit_to_Versailles_(2017)/0/pictures/Vladimir_Putin_and_Emmanuel_Macron_(2017-05-29)_07.jpg
Palace_of_Versailles,177768,7,"commons/Cour_de_Marbre_du_Château_de_Versailles/0/pictures/Palace_of_Versailles,_Detail_view_from_Cour_de_Marbre_20140315.jpg"
Palace_of_Versailles,177768,7,"commons/Brick_walls_in_Château_de_Versailles/0/pictures/Château_de_Versailles,_cour_de_Marbre,_bustes_d'empereurs_romains,_Vdse_84_et_85.jpg"
Palace_of_Versailles,177768,7,commons/Cour_d'honneur_of_Versailles/0/pictures/Palace_of_Versailles_114_2012-06-30.jpg
Palace_of_Versailles,177768,7,commons/Panoramics_of_the_Palace_of_Versailles/0/pictures/Peter_Stehlik_2013.04.22_Panorama_1A.jpg
Palace_of_Versailles,177768,7,commons/Grille_royale_of_Versailles/0/pictures/Versailles_-_panoramio_-_Patrick_Nouhailler's…_(259).jpg
Palace_of_Versailles,177768,7,commons/Cour_de_Marbre_du_Château_de_Versailles/0/pictures/Palace_of_Versailles_141_2012-06-30.jpg
Palace_of_Versailles,177768,7,commons/Cour_d'honneur_of_Versailles/0/pictures/Château_de_Versailles_le_20_août_2014_-_08.jpg
Palace_of_Versailles,177768,7,commons/Palace_of_Versailles/0/pictures/Palace_of_Versailles_(27735079664).jpg
Palace_of_Versailles,177768,7,commons/Aerial_views_of_the_Palace_of_Versailles/0/pictures/Vue_aérienne_du_domaine_de_Versailles_le_20_août_2014_par_ToucanWings_-_Creative_Commons_By_Sa_3.0_-_04.jpg
Palace_of_Versailles,177768,7,commons/Cour_royale_du_Château_de_Versailles/0/pictures/Cour_royale_de_Versailles.jpg
Palace_of_Versailles,177768,7,"commons/Busts_in_the_Cour_de_Marbre_du_Château_de_Versailles/0/pictures/Château_de_Versailles,_cour_de_marbre,_buste_de_Trajan,_Vdse_85_03.jpg"
Palace_of_Versailles,177768,7,commons/Palace_of_Versailles/0/pictures/Palace_of_Versailles_(28360891825).jpg
Palace_of_Versailles,177768,7,commons/Cour_royale_du_Château_de_Versailles/0/pictures/L'entrée_du_chateau.jpg
Palace_of_Versailles,177768,7,"commons/Grille_royale_of_Versailles/0/pictures/Versailles,_France_-_panoramio_-_Mietek_Ł_(4).jpg"
Palace_of_Versailles,177768,7,commons/Exterior_of_the_Palace_of_Versailles/0/pictures/Château_de_versailles.jpg
Palace_of_Versailles,177768,7,"commons/Brick_walls_in_Flemish_bond_in_Palace_of_Versailles/0/pictures/Château_de_Versailles,_cour_royale,_buste_de_Romaine,_Vdse_157_01.jpg"
Palace_of_Versailles,177768,7,commons/Chapel_of_the_Palace_of_Versailles/0/pictures/Aile_Gabriel_&_Chapelle_Royale_Château_Versailles_-_Versailles_(FR78)_-_2021-12-19_-_1.jpg
Palace_of_Versailles,177768,7,commons/Cour_de_Marbre_du_Château_de_Versailles/0/pictures/Cour_de_marbre.jpg
Palace_of_Versailles,177768,7,"commons/Grille_royale_of_Versailles/0/pictures/Chateau_de_Versailles,_France_(8132676907)_(2).jpg"
Palace_of_Versailles,177768,7,commons/Cour_d'honneur_of_Versailles/0/pictures/Palace_of_Versailles_Front_6a.JPG
Palace_of_Versailles,177768,7,commons/Exterior_of_the_Palace_of_Versailles/0/pictures/Palace_of_Versailles_98_2012-06-30.jpg
Palace_of_Versailles,177768,7,commons/Aerial_views_of_the_Palace_of_Versailles/0/pictures/Vue_aérienne_du_domaine_de_Versailles_le_20_août_2014_par_ToucanWings_-_Creative_Commons_By_Sa_3.0_-_28.jpg
Palace_of_Versailles,177768,7,commons/Chapel_of_the_Palace_of_Versailles/0/pictures/Royal_chappel_-_panoramio.jpg
Palace_of_Versailles,177768,7,commons/Cour_d'honneur_of_Versailles/0/pictures/Château_de_Versailles_le_20_août_2014_-_22.jpg
Palace_of_Versailles,177768,7,commons/Chapel_of_the_Palace_of_Versailles/0/pictures/2023-06-03_Palace_and_park_of_Versailles_04.jpg
Palace_of_Versailles,177768,7,commons/Chapel_of_the_Palace_of_Versailles/0/pictures/Versailles_-_panoramio_-_Patrick_Nouhailler's…_(94).jpg
Palace_of_Versailles,177768,7,"commons/Grille_royale_of_Versailles/0/pictures/Versalles,_Francia_-_panoramio_(25).jpg"
Palace_of_Versailles,177768,7,commons/Cour_de_Marbre_du_Château_de_Versailles/0/pictures/Versailles_Château_de_Versailles_Stadtseite_20.jpg
Palace_of_Versailles,177768,7,commons/Grille_royale_of_Versailles/0/pictures/Château_de_Versailles_-2009-12-29_002.JPG
Palace_of_Versailles,177768,7,commons/Cour_d'honneur_of_Versailles/0/pictures/Schloss_Versailles_Haupteingang_Abendsonne.JPG
Palace_of_Versailles,177768,7,commons/Grille_d'Honneur_of_Versailles/0/pictures/Grille_Honneur_Château_Versailles_-_Versailles_(FR78)_-_2021-12-19_-_2.jpg
Palace_of_Versailles,177768,7,commons/Chapel_of_the_Palace_of_Versailles/0/pictures/Versailles_-_panoramio_-_Patrick_Nouhailler's…_(37).jpg
Palace_of_Versailles,177768,7,"commons/Grille_royale_of_Versailles/0/pictures/Versailles,_France_-_panoramio_-_Mietek_Ł_(3).jpg"
Palace_of_Versailles,177768,7,commons/Exterior_of_the_Palace_of_Versailles/0/pictures/Château_de_Versailles_panorama_(2)_04_2016_5730.jpg
Palace_of_Versailles,177768,7,commons/Cour_de_Marbre_du_Château_de_Versailles/0/pictures/Versailles_Château_de_Versailles_Stadtseite_13.jpg
Palace_of_Versailles,177768,7,commons/Palace_of_Versailles/0/pictures/Versaille_1984.jpg
Palace_of_Versailles,177768,7,commons/Cour_d'honneur_of_Versailles/0/pictures/Château_de_Versailles_cour_d'honneur_5.JPG
Palace_of_Versailles,177768,7,commons/Cour_royale_du_Château_de_Versailles/0/pictures/Château_de_Versailles_-2009-12-29_042.JPG
Palace_of_Versailles,177768,7,commons/Grille_royale_of_Versailles/0/pictures/Château_de_Versailles_-2009-12-29_003.JPG
Palace_of_Versailles,177768,7,"commons/Cour_d'honneur_of_Versailles/0/pictures/Versailles_-_Château_July_19,_1973.jpg"
Palace_of_Versailles,177768,7,"commons/Brick_walls_in_Château_de_Versailles/0/pictures/Château_de_Versailles,_cour_de_marbre,_buste_de_Trajan,_Vdse_85_01.jpg"
Palace_of_Versailles,177768,7,commons/Exterior_of_the_Palace_of_Versailles/0/pictures/Palace_of_Versailles_4_2012-06-30.jpg
Palace_of_Versailles,177768,7,commons/Cour_royale_du_Château_de_Versailles/0/pictures/Cour_royale_du_Château_de_Versailles_vide.jpg
Palace_of_Versailles,177768,7,commons/Cour_d'honneur_of_Versailles/0/pictures/Château_de_Versailles_depuis_la_cour_d'honneur_-_13_juillet_2011_-_DSC_0069.jpg
Palace_of_Versailles,177768,7,"commons/Chapel_of_the_Palace_of_Versailles/0/pictures/Palace_of_Versailles,_July_2011_003.jpg"
Palace_of_Versailles,177768,7,commons/Grille_royale_of_Versailles/0/pictures/Versailles_Château_de_Versailles_Gitter_1.jpg
Palace_of_Versailles,177768,7,commons/Exterior_of_the_Palace_of_Versailles/0/pictures/Château_Versailles_-_Versailles_(FR78)_-_2021-12-19_-_5.jpg
Palace_of_Versailles,177768,7,commons/Cour_de_Marbre_du_Château_de_Versailles/0/pictures/Palace_of_Versailles_Marble_Court_Sep_2017.jpg
Palace_of_Versailles,177768,7,commons/Palace_of_Versailles/0/pictures/1987_-76-12_Versailles.jpg
Palace_of_Versailles,177768,7,commons/Grille_d'Honneur_of_Versailles/0/pictures/Gilded_detail_of_the_fence_of_the_Palace_of_Versailles.jpg
Palace_of_Versailles,177768,7,commons/Chapel_of_the_Palace_of_Versailles/0/pictures/Versailles_-_panoramio_-_Patrick_Nouhailler's…_(213).jpg
Palace_of_Versailles,177768,7,commons/Cour_de_Marbre_du_Château_de_Versailles/0/pictures/Versailles_Château_de_Versailles_Stadtseite_12.jpg
Palace_of_Versailles,177768,7,commons/Chapel_of_the_Palace_of_Versailles/0/pictures/Chapel_and_Gabriel_Wing_Palace_of_Versailles.JPG
Palace_of_Versailles,177768,7,"commons/Grille_royale_of_Versailles/0/pictures/Palace_of_Versailles,_September_2013_006.jpg"
Palace_of_Versailles,177768,7,commons/Cour_de_Marbre_du_Château_de_Versailles/0/pictures/France_78_-_Versailles_-_la_cour_de_marbre_06.JPG
Palace_of_Versailles,177768,7,"commons/Chapel_of_the_Palace_of_Versailles/0/pictures/Chapel_of_the_Palace_of_Versailles,_17_July_2005.jpg"
Palace_of_Versailles,177768,7,commons/Grille_royale_of_Versailles/0/pictures/Versailles_-_panoramio_-_Patrick_Nouhailler's…_(207).jpg
Palace_of_Versailles,177768,7,commons/Exterior_of_the_Palace_of_Versailles/0/pictures/Chateau_de_Versailles_凡爾賽宮_-_panoramio.jpg
Palace_of_Versailles,177768,7,commons/Cour_de_Marbre_du_Château_de_Versailles/0/pictures/P1020874_(5015152187).jpg
Palace_of_Versailles,177768,7,commons/Cour_d'honneur_of_Versailles/0/pictures/Château_de_Versailles_le_20_août_2014_-_06.jpg
Palace_of_Versailles,177768,7,commons/Palace_of_Versailles/0/pictures/Palace_of_Versailles_(28282373141).jpg
Palace_of_Versailles,177768,7,commons/Cour_royale_du_Château_de_Versailles/0/pictures/Cour_royale.jpg
Palace_of_Versailles,177768,7,commons/Cour_royale_du_Château_de_Versailles/0/pictures/Vue_aérienne_du_domaine_de_Versailles_le_20_août_2014_par_ToucanWings_-_Creative_Commons_By_Sa_3.0_-_30.jpg
Palace_of_Versailles,177768,7,"commons/Busts_in_the_Cour_de_Marbre_du_Château_de_Versailles/0/pictures/Château_de_Versailles,_cour_de_marbre,_buste_de_Trajan,_Vdse_85_01.jpg"
Palace_of_Versailles,177768,7,commons/Palace_of_Versailles/0/pictures/Palace_of_Versailles_(27745686713).jpg
Palace_of_Versailles,177768,7,"commons/Cour_royale_du_Château_de_Versailles/0/pictures/Le_Chateau_de_Versailles_,_Palace_of_Versailles,_France_7.JPG"
Palace_of_Versailles,177768,7,commons/Grille_royale_of_Versailles/0/pictures/Chateau_de_Versailles_3.jpg
Palace_of_Versailles,177768,7,commons/Cour_d'honneur_of_Versailles/0/pictures/Palace_of_Versailles_Front_6.JPG
Palace_of_Versailles,177768,7,commons/Exterior_of_the_Palace_of_Versailles/0/pictures/Palace_of_Versailles_97_2012-06-30.jpg
Palace_of_Versailles,177768,7,commons/Aerial_views_of_the_Palace_of_Versailles/0/pictures/Vue_aérienne_du_domaine_de_Versailles_le_20_août_2014_par_ToucanWings_-_Creative_Commons_By_Sa_3.0_-_22.jpg
Palace_of_Versailles,177768,7,commons/Cour_d'honneur_of_Versailles/0/pictures/Verssails_Palace_near_Paris.JPG
Palace_of_Versailles,177768,7,commons/Grille_d'Honneur_of_Versailles/0/pictures/Grille_Honneur_Château_Versailles_-_Versailles_(FR78)_-_2021-12-19_-_1.jpg
Palace_of_Versailles,177768,7,commons/Chapel_of_the_Palace_of_Versailles/0/pictures/Versailles_-_panoramio_-_Patrick_Nouhailler's…_(93).jpg
Palace_of_Versailles,177768,7,commons/Cour_royale_du_Château_de_Versailles/0/pictures/Palace_of_Versailles_14_2012-06-30.jpg
Palace_of_Versailles,177768,7,commons/Aerial_views_of_the_Palace_of_Versailles/0/pictures/Vue_aérienne_du_domaine_de_Versailles_le_20_août_2014_par_ToucanWings_-_Creative_Commons_By_Sa_3.0_-_20.jpg
Palace_of_Versailles,177768,7,commons/Cour_d'honneur_of_Versailles/0/pictures/Château_de_Versailles_cour_d'honneur_6.JPG
Palace_of_Versailles,177768,7,commons/Grille_royale_of_Versailles/0/pictures/Château_de_Versailles_-2009-12-29_006.JPG
Palace_of_Versailles,177768,7,commons/Cour_d'honneur_of_Versailles/0/pictures/Versailles_-_panoramio_-_Patrick_Nouhailler's…_(118).jpg
Palace_of_Versailles,177768,7,"commons/Brick_walls_in_Château_de_Versailles/0/pictures/Château_de_Versailles,_cour_de_marbre,_buste_de_Trajan,_Vdse_85_03.jpg"
Palace_of_Versailles,177768,7,commons/Exterior_of_the_Palace_of_Versailles/0/pictures/Palace_of_Versailles_40_2012-06-30.jpg
Palace_of_Versailles,177768,7,commons/Cour_royale_du_Château_de_Versailles/0/pictures/Courtyard_of_the_Palace_of_Versailles.jpg
Palace_of_Versailles,177768,7,"commons/Busts_in_the_Cour_royale_du_Château_de_Versailles/0/pictures/Château_de_Versailles,_cour_royale,_buste_de_Romaine,_Vdse_157_01.jpg"
Palace_of_Versailles,177768,7,commons/Grille_royale_of_Versailles/0/pictures/Château_de_Versailles_au_lever_du_soleil_en_2013_10.jpg
Palace_of_Versailles,177768,7,commons/Cour_d'honneur_of_Versailles/0/pictures/Zoom_sur_Versailles_(28811253743).jpg
Palace_of_Versailles,177768,7,commons/Cour_d'honneur_of_Versailles/0/pictures/Palace_of_Versailles_Front_2.JPG
Palace_of_Versailles,177768,7,commons/Cour_royale_du_Château_de_Versailles/0/pictures/P1020861_(5015752278).jpg
Palace_of_Versailles,177768,7,commons/Aerial_views_of_the_Palace_of_Versailles/0/pictures/Vue_aérienne_du_domaine_de_Versailles_le_20_août_2014_par_ToucanWings_-_Creative_Commons_By_Sa_3.0_-_25.jpg
Palace_of_Versailles,177768,7,"commons/Cour_royale_du_Château_de_Versailles/0/pictures/Chateau_de_Versailles,_France_(8132703598)_(2).jpg"
Palace_of_Versailles,177768,7,"commons/Busts_in_the_Cour_de_Marbre_du_Château_de_Versailles/0/pictures/Château_de_Versailles,_cour_de_Marbre,_bustes_d'empereurs_romains,_Vdse_85_et_86.jpg"
Palace_of_Versailles,177768,7,commons/Cour_de_Marbre_du_Château_de_Versailles/0/pictures/Palace_of_Versailles_Marble_Courtyard_(28352610285).jpg
Palace_of_Versailles,177768,7,commons/Palace_of_Versailles/0/pictures/FR_Versalles_0711_(5)_(17249707902).jpg
Palace_of_Versailles,177768,7,commons/Cour_d'honneur_of_Versailles/0/pictures/Versailles_Château_de_Versailles_Cour_d'Honneur_3.jpg
Palace_of_Versailles,177768,7,commons/Cour_royale_du_Château_de_Versailles/0/pictures/Chateau_de_Versailles_-_panoramio.jpg
Palace_of_Versailles,177768,7,"commons/Busts_in_the_Cour_de_Marbre_du_Château_de_Versailles/0/pictures/Château_de_Versailles,_cour_de_Marbre,_bustes_d'empereurs_romains,_Vdse_84_et_85.jpg"
Palace_of_Versailles,177768,7,commons/Grille_royale_of_Versailles/0/pictures/Versailles_Château_de_Versailles_Gitter_3.jpg
Palace_of_Versailles,177768,7,"commons/Cour_de_Marbre_du_Château_de_Versailles/0/pictures/Palace_of_versailles,_part.JPG"
Palace_of_Versailles,177768,7,"commons/Cour_de_Marbre_du_Château_de_Versailles/0/pictures/The_Palace_of_Versailles,_roof.JPG"
Palace_of_Versailles,177768,7,commons/Chapel_of_the_Palace_of_Versailles/0/pictures/2023-06-03_Palace_and_park_of_Versailles_05.jpg
Palace_of_Versailles,177768,7,commons/Grille_royale_of_Versailles/0/pictures/Palace_of_Versailles_Gate.jpg
Palace_of_Versailles,177768,7,commons/Cour_de_Marbre_du_Château_de_Versailles/0/pictures/Entrée_by_night.jpg
Palace_of_Versailles,177768,7,commons/Grille_d'Honneur_of_Versailles/0/pictures/P1020833_(5015133247).jpg
Palace_of_Versailles,177768,7,commons/Chapel_of_the_Palace_of_Versailles/0/pictures/Versailles_Château_de_Versailles_Chapelle_1.jpg
Palace_of_Versailles,177768,7,commons/Exterior_of_the_Palace_of_Versailles/0/pictures/Cour_d'entrée_du_château_de_Versailles_-_Mansardes.JPG
Palace_of_Versailles,177768,7,commons/Cour_de_Marbre_du_Château_de_Versailles/0/pictures/Versailles_Château_de_Versailles_Stadtseite_17.jpg
Palace_of_Versailles,177768,7,commons/Grille_royale_of_Versailles/0/pictures/Chateau_de_versailles.jpg
Palace_of_Versailles,177768,7,"commons/Cour_d'honneur_of_Versailles/0/pictures/Palace_of_Versailles,_June_2017.jpg"
Palace_of_Versailles,177768,7,"commons/Palace_of_Versailles/0/pictures/Gate,_château_de_Versailles,_France_(10226393323).jpg"
Palace_of_Versailles,177768,7,commons/Cour_de_Marbre_du_Château_de_Versailles/0/pictures/Versailles_(4115691273).jpg
Palace_of_Versailles,177768,7,commons/Palace_of_Versailles/0/pictures/The_Palace_Of_Versailles_(50029424798).jpg
Palace_of_Versailles,177768,7,commons/Grille_d'Honneur_of_Versailles/0/pictures/P1020834_(5015742706).jpg
Palace_of_Versailles,177768,7,commons/Chapel_of_the_Palace_of_Versailles/0/pictures/Versailles_Château_de_Versailles_Chapelle_2.jpg
Palace_of_Versailles,177768,7,commons/Chapel_of_the_Palace_of_Versailles/0/pictures/Ailes_des_ministres._01.JPG
Palace_of_Versailles,177768,7,commons/Cour_de_Marbre_du_Château_de_Versailles/0/pictures/Cour_de_Marbre._Versalles._10.JPG
Palace_of_Versailles,177768,7,commons/Exterior_of_the_Palace_of_Versailles/0/pictures/Versailles_Château_de_Versailles_Stadtseite_05.jpg
Palace_of_Versailles,177768,7,commons/Cour_royale_du_Château_de_Versailles/0/pictures/Versailles_(10559510064).jpg
Palace_of_Versailles,177768,7,commons/Versailles_and_the_court_under_Louis_XIV_(1905)/0/pictures/Versailles_and_the_court_under_Louis_XIV_(1905)_(14743171466).jpg
Palace_of_Versailles,177768,7,commons/Cour_d'honneur_of_Versailles/0/pictures/Château_de_Versailles-2.jpg
Palace_of_Versailles,177768,7,commons/Palace_of_Versailles/0/pictures/Palace_of_Versailles_(9812010855).jpg
Palace_of_Versailles,177768,7,commons/Cour_royale_du_Château_de_Versailles/0/pictures/Palace_of_Versailles_(9812089263).jpg
Palace_of_Versailles,177768,7,commons/Chapel_of_the_Palace_of_Versailles/0/pictures/Ailes_des_ministres._02.JPG
Palace_of_Versailles,177768,7,"commons/Grille_royale_of_Versailles/0/pictures/Palace_of_Versailles,_July_2011_001.jpg"
Palace_of_Versailles,177768,7,commons/Cour_de_Marbre_du_Château_de_Versailles/0/pictures/Entrée_du_château_de_Versailles.jpg
Palace_of_Versailles,177768,7,commons/Cour_d'honneur_of_Versailles/0/pictures/Cour_vide_Versailles.jpg
Palace_of_Versailles,177768,7,commons/Cour_royale_du_Château_de_Versailles/0/pictures/Palace_of_Versailles_126_2012-06-30.jpg
Palace_of_Versailles,177768,7,commons/Cour_royale_du_Château_de_Versailles/0/pictures/Château_de_Versailles_-2009-12-29_039.JPG
Palace_of_Versailles,177768,7,commons/Aerial_views_of_the_Palace_of_Versailles/0/pictures/Vue_aérienne_du_domaine_de_Versailles_le_20_août_2014_par_ToucanWings_-_Creative_Commons_By_Sa_3.0_-_01.jpg
Palace_of_Versailles,177768,7,commons/Chapel_of_the_Palace_of_Versailles/0/pictures/Château_de_Versailles_au_lever_du_soleil_en_2013_34.jpg
Palace_of_Versailles,177768,7,commons/Palace_of_Versailles/0/pictures/Panorama_of_the_Château_de_Versailles_(23673783164).jpg
Palace_of_Versailles,177768,7,commons/Chapel_of_the_Palace_of_Versailles/0/pictures/Chapel_of_the_Palace_of_Versailles_17_July_2005.jpg
Palace_of_Versailles,177768,7,commons/Cour_de_Marbre_du_Château_de_Versailles/0/pictures/Ferestre-51_Ou_sont_les_neiges_d'antan.jpg
Palace_of_Versailles,177768,7,commons/Chapel_of_the_Palace_of_Versailles/0/pictures/Chapelle_-_Extérieur.jpg
Palace_of_Versailles,177768,7,commons/Cour_royale_du_Château_de_Versailles/0/pictures/Cour_royale_du_Château_de_Versailles_20130810.jpg
Palace_of_Versailles,177768,7,commons/Aerial_views_of_the_Palace_of_Versailles/0/pictures/Vue_aérienne_du_domaine_de_Versailles_le_20_août_2014_par_ToucanWings_-_Creative_Commons_By_Sa_3.0_-_05.jpg
Palace_of_Versailles,177768,7,commons/Grille_royale_of_Versailles/0/pictures/Versailles_-_panoramio_-_Patrick_Nouhailler's…_(232).jpg
Palace_of_Versailles,177768,7,commons/Cour_de_Marbre_du_Château_de_Versailles/0/pictures/Palace_of_Versailles_(courtyard).JPG
Palace_of_Versailles,177768,7,commons/Chapel_of_the_Palace_of_Versailles/0/pictures/Chapelle_Royale_Château_Versailles_-_Versailles_(FR78)_-_2021-12-19_-_1.jpg
Palace_of_Versailles,177768,7,commons/Cour_d'honneur_of_Versailles/0/pictures/Palace_of_Versailles_118_2012-06-30.jpg
Palace_of_Versailles,177768,7,commons/Chapel_of_the_Palace_of_Versailles/0/pictures/Château_de_Versailles_(24432123452).jpg
Palace_of_Versailles,177768,7,commons/Grille_royale_of_Versailles/0/pictures/Versailes_-_panoramio.jpg
Palace_of_Versailles,177768,7,commons/Cour_de_Marbre_du_Château_de_Versailles/0/pictures/January_The_Sun_Palais_Versailles_-_Master_Earth_Photography_2014_Le_Roi_-_The_King_of_France_-_panoramio_(2).jpg
Palace_of_Versailles,177768,7,commons/Chapel_of_the_Palace_of_Versailles/0/pictures/Château_de_Versailles_au_lever_du_soleil_en_2013_33.jpg
Palace_of_Versailles,177768,7,commons/Panoramics_of_the_Palace_of_Versailles/0/pictures/Panoramique_-_Cour_d'honneur.jpg
Palace_of_Versailles,177768,7,commons/Grille_royale_of_Versailles/0/pictures/Versailles_(10559434435).jpg
Palace_of_Versailles,177768,7,"commons/Cour_de_Marbre_du_Château_de_Versailles/0/pictures/Inner_cour_d'honneur_of_Versailles,_April_2011.jpg"
Palace_of_Versailles,177768,7,commons/Cour_d'honneur_of_Versailles/0/pictures/Palace_of_Versailles1.jpg
Palace_of_Versailles,177768,7,commons/Aerial_views_of_the_Palace_of_Versailles/0/pictures/Vue_aérienne_du_domaine_de_Versailles_le_20_août_2014_par_ToucanWings_-_Creative_Commons_By_Sa_3.0_-_31.jpg
Palace_of_Versailles,177768,7,commons/Exterior_of_the_Palace_of_Versailles/0/pictures/Château_de_Versailles_-_panoramio_(3).jpg
Palace_of_Versailles,177768,7,commons/Cour_de_Marbre_du_Château_de_Versailles/0/pictures/Versailles_(4115680713).jpg
Palace_of_Versailles,177768,7,commons/Palace_of_Versailles/0/pictures/The_Palace_Of_Versailles_(50029963211).jpg
Palace_of_Versailles,177768,7,commons/Chapel_of_the_Palace_of_Versailles/0/pictures/La_Chapelle_Royale_-_panoramio.jpg
Palace_of_Versailles,177768,7,commons/Grille_royale_of_Versailles/0/pictures/Versailles_-_panoramio_-_Patrick_Nouhailler's…_(92).jpg
Palace_of_Versailles,177768,7,commons/Exterior_of_the_Palace_of_Versailles/0/pictures/Château_Versailles_-_Versailles_(FR78)_-_2021-12-19_-_13.jpg
Palace_of_Versailles,177768,7,commons/Cour_de_Marbre_du_Château_de_Versailles/0/pictures/Palace_of_Versailles_140_2012-06-30.jpg
Palace_of_Versailles,177768,7,commons/Grille_d'Honneur_of_Versailles/0/pictures/Château_de_Versailles_cour_d'honneur_gate.JPG
Palace_of_Versailles,177768,7,"commons/Chapel_of_the_Palace_of_Versailles/0/pictures/Palace_of_Versailles,_July_2011_004.jpg"
Palace_of_Versailles,177768,7,commons/Grille_royale_of_Versailles/0/pictures/Versailles_Château_de_Versailles_Gitter_2.jpg
Palace_of_Versailles,177768,7,commons/Exterior_of_the_Palace_of_Versailles/0/pictures/Château_Versailles_-_Versailles_(FR78)_-_2021-12-19_-_6.jpg
Palace_of_Versailles,177768,7,commons/Cour_de_Marbre_du_Château_de_Versailles/0/pictures/Palace_of_Versailles_roof_detail.JPG
Palace_of_Versailles,177768,7,commons/Grille_royale_of_Versailles/0/pictures/Château_de_Versailles_-2009-12-29_013.JPG
Palace_of_Versailles,177768,7,commons/Cour_d'honneur_of_Versailles/0/pictures/Versailles_-_panoramio_-_Patrick_Nouhailler's…_(119).jpg
Palace_of_Versailles,177768,7,commons/Grille_d'Honneur_of_Versailles/0/pictures/Fotothek-df_ge_0000184-Touristen_vor_dem_Schlosseingang.jpg
Palace_of_Versailles,177768,7,"commons/Chapel_of_the_Palace_of_Versailles/0/pictures/The_chapel,_Versailles_August_2013.jpg"
Palace_of_Versailles,177768,7,commons/Palace_of_Versailles/0/pictures/Gates_of_the_Château_de_Versailles.jpg
Palace_of_Versailles,177768,7,commons/Grille_royale_of_Versailles/0/pictures/Versailles_gates_against_sky.JPG
Palace_of_Versailles,177768,7,commons/Cour_de_Marbre_du_Château_de_Versailles/0/pictures/Versailles_(4115689413).jpg
Palace_of_Versailles,177768,7,commons/Cour_d'honneur_of_Versailles/0/pictures/Versailles_Château_de_Versailles_Cour_d'Honneur_1.jpg
Palace_of_Versailles,177768,7,commons/Grille_d'Honneur_of_Versailles/0/pictures/Fotothek-df_ge_0000186-Touristen_vor_dem_Schlosseingang.jpg
Palace_of_Versailles,177768,7,commons/Chapel_of_the_Palace_of_Versailles/0/pictures/Versailles_(4115616849).jpg
Palace_of_Versailles,177768,7,commons/Cour_de_Marbre_du_Château_de_Versailles/0/pictures/Trompes_de_Chasse_-_cour_de_marbre_-_Versailles_-_28_février_2011.jpg
Palace_of_Versailles,177768,7,commons/Cour_d'honneur_of_Versailles/0/pictures/Versailles_Chateau_Cour_Ministre_-_panoramio.jpg
Palace_of_Versailles,177768,7,commons/Grille_royale_of_Versailles/0/pictures/Château_de_Versailles_04_2016_5742.jpg
Palace_of_Versailles,177768,7,commons/Cour_d'honneur_of_Versailles/0/pictures/Versailles_Château_de_Versailles_Cour_d'Honneur_2.jpg
Palace_of_Versailles,177768,7,commons/Palace_of_Versailles/0/pictures/190712_Château_de_Versailles.jpg
Palace_of_Versailles,177768,7,"commons/Grille_d'Honneur_of_Versailles/0/pictures/Le_Chateau_de_Versailles_,_Palace_of_Versailles,_France_1.JPG"
Palace_of_Versailles,177768,7,commons/Chapel_of_the_Palace_of_Versailles/0/pictures/Versailles_-_panoramio_-_Patrick_Nouhailler's…_(262).jpg
Palace_of_Versailles,177768,7,commons/Cour_de_Marbre_du_Château_de_Versailles/0/pictures/Versailles_Château_de_Versailles_Stadtseite_15.jpg
Palace_of_Versailles,177768,7,commons/Grille_royale_of_Versailles/0/pictures/CoA_Louis_XIV_Golden_Gate_Versailles.jpg
Palace_of_Versailles,177768,7,commons/Cour_de_Marbre_du_Château_de_Versailles/0/pictures/2017_Cour_de_Marbre_du_Château_de_Versailles_P23.jpg
Palace_of_Versailles,177768,7,commons/Grille_royale_of_Versailles/0/pictures/DSC_0840_-_Grille_royale_du_château_de_Versailles.JPG
Palace_of_Versailles,177768,7,commons/Cour_de_Marbre_du_Château_de_Versailles/0/pictures/2023-06-03_Palace_and_park_of_Versailles_06.jpg
Palace_of_Versailles,177768,7,commons/Grille_royale_of_Versailles/0/pictures/Détail_de_grille_du_château_de_Versailles.jpg
Palace_of_Versailles,177768,7,commons/Cour_de_Marbre_du_Château_de_Versailles/0/pictures/017Versailles_Court.jpg
Palace_of_Versailles,177768,7,commons/Cour_de_Marbre_du_Château_de_Versailles/0/pictures/2017_Cour_de_Marbre_du_Château_de_Versailles_P24.jpg
Palace_of_Versailles,177768,7,commons/Palace_of_Versailles/0/pictures/FR_Versalles_0711_(7)_(17249691372).jpg
Palace_of_Versailles,177768,7,"commons/Grille_royale_of_Versailles/0/pictures/Entrance_to_Versaille,_Paris,_France_-_panoramio.jpg"
Palace_of_Versailles,177768,7,commons/Cour_de_Marbre_du_Château_de_Versailles/0/pictures/At_Palace_of_Versailles.jpg
Palace_of_Versailles,177768,7,commons/Grille_royale_of_Versailles/0/pictures/France_78_-_Versailles_-_la_grille_royale_02.JPG
Palace_of_Versailles,177768,7,commons/Cour_de_Marbre_du_Château_de_Versailles/0/pictures/Cabinet_de_la_Pendule._Versailles._10.JPG
Palace_of_Versailles,177768,7,commons/Cour_de_Marbre_du_Château_de_Versailles/0/pictures/Castle-1782024_960_720.jpg
Palace_of_Versailles,177768,7,commons/Grille_royale_of_Versailles/0/pictures/Gate_of_the_Palace_of_Versailles_IMG_5003_(38311710726).jpg
Palace_of_Versailles,177768,7,commons/Cour_de_Marbre_du_Château_de_Versailles/0/pictures/Chateau_de_Versailles_Marcok_31_aug_2016_f03.jpg
Palace_of_Versailles,177768,7,commons/Grille_royale_of_Versailles/0/pictures/Grille_d'honneur_du_Château_de_Versailles_1.jpg
Palace_of_Versailles,177768,7,commons/Cour_de_Marbre_du_Château_de_Versailles/0/pictures/Château_de_Versailles_-_panoramio_(10).jpg
Palace_of_Versailles,177768,7,commons/Cour_de_Marbre_du_Château_de_Versailles/0/pictures/Château_de_Versailles_(19387602929).jpg
Palace_of_Versailles,177768,7,commons/Cour_de_Marbre_du_Château_de_Versailles/0/pictures/Chateau_de_versailles_-_panoramio_(2).jpg
Palace_of_Versailles,177768,7,commons/Grille_royale_of_Versailles/0/pictures/Grille_de_la_cour_royale_(2).jpg
Palace_of_Versailles,177768,7,commons/Cour_de_Marbre_du_Château_de_Versailles/0/pictures/Château_de_Versailles_-_panoramio_(11).jpg
Palace_of_Versailles,177768,7,commons/Grille_royale_of_Versailles/0/pictures/Grille_dorée_Versailles.jpg
Palace_of_Versailles,177768,7,commons/Cour_de_Marbre_du_Château_de_Versailles/0/pictures/Château_de_Versailles_-2009-12-29_041.JPG
Palace_of_Versailles,177768,7,commons/Grille_royale_of_Versailles/0/pictures/Grille_de_la_cour_royale_(1).jpg
Palace_of_Versailles,177768,7,commons/Cour_de_Marbre_du_Château_de_Versailles/0/pictures/Château_de_Versailles_Cour_de_Marbre_20170617_facade.jpg
Palace_of_Versailles,177768,7,commons/Cour_de_Marbre_du_Château_de_Versailles/0/pictures/Château_de_Versailles_Cour_de_Marbre_20140718_facade_(02).jpg
Palace_of_Versailles,177768,7,commons/Grille_royale_of_Versailles/0/pictures/Grille_royale_Versailles._02.JPG
Palace_of_Versailles,177768,7,commons/Cour_de_Marbre_du_Château_de_Versailles/0/pictures/Château_de_Versailles_Cour_de_Marbre_20140718_facade_(01).jpg
Palace_of_Versailles,177768,7,"commons/Grille_royale_of_Versailles/0/pictures/Grille_royale_of_Versailles,_13_August_2008.jpg"
Palace_of_Versailles,177768,7,"commons/Cour_de_Marbre_du_Château_de_Versailles/0/pictures/Château_de_Versailles,_cour_de_Marbre.jpg"
Palace_of_Versailles,177768,7,commons/Grille_royale_of_Versailles/0/pictures/Grille_royale_of_Versailles_20130810.jpg
Palace_of_Versailles,177768,7,commons/Cour_de_Marbre_du_Château_de_Versailles/0/pictures/Château_de_Versailles_et_drapeau_français_-_DSC_0117.jpg
Palace_of_Versailles,177768,7,commons/Grille_royale_of_Versailles/0/pictures/Haut_du_portail_de_versailles.JPG
Palace_of_Versailles,177768,7,commons/Cour_de_Marbre_du_Château_de_Versailles/0/pictures/Château_de_Versailles_cour_intérieure.jpg
Palace_of_Versailles,177768,7,"commons/Grille_royale_of_Versailles/0/pictures/Le_Chateau_de_Versailles_,_Palace_of_Versailles,_France_2.JPG"
Palace_of_Versailles,177768,7,commons/Cour_de_Marbre_du_Château_de_Versailles/0/pictures/Cour_de_Marbre_(24276414946).jpg
Palace_of_Versailles,177768,7,commons/Cour_de_Marbre_du_Château_de_Versailles/0/pictures/Cour_de_Marbre_(23934546329).jpg
Palace_of_Versailles,177768,7,commons/Cour_de_Marbre_du_Château_de_Versailles/0/pictures/Cour_de_Marbre_du_Château_de_Versailles_2011.jpg
Palace_of_Versailles,177768,7,commons/Grille_royale_of_Versailles/0/pictures/Louvre_itemIMG_1106.jpg
Palace_of_Versailles,177768,7,"commons/Cour_de_Marbre_du_Château_de_Versailles/0/pictures/Cour_de_Marbre_du_Château_de_Versailles_October_5,_2011.jpg"
Palace_of_Versailles,177768,7,commons/Panoramics_of_the_Palace_of_Versailles/0/pictures/Château_de_Versailles_-_Cour_d'honneur_-_vue_panoramique.jpg
Palace_of_Versailles,177768,7,commons/Grille_royale_of_Versailles/0/pictures/P1020851_(5015139099).jpg
Palace_of_Versailles,177768,7,commons/Cour_de_Marbre_du_Château_de_Versailles/0/pictures/Cour_de_Marbre._Versalles._01.JPG
Palace_of_Versailles,177768,7,commons/Panoramics_of_the_Palace_of_Versailles/0/pictures/Château_de_Versailles_-_Cour_d'honneur_-_vue_panoramique_02.jpg
Palace_of_Versailles,177768,7,commons/Cour_de_Marbre_du_Château_de_Versailles/0/pictures/Cour_de_Marbre._Versalles._02.JPG
Palace_of_Versailles,177768,7,commons/Panoramics_of_the_Palace_of_Versailles/0/pictures/Château_de_Versailles_panorama_(2)_04_2016_5730.jpg
Palace_of_Versailles,177768,7,commons/Grille_royale_of_Versailles/0/pictures/P1020857_(5015750702).jpg
Palace_of_Versailles,177768,7,commons/Cour_de_Marbre_du_Château_de_Versailles/0/pictures/Cour_de_Marbre._Versalles._03.JPG
Palace_of_Versailles,177768,7,commons/Panoramics_of_the_Palace_of_Versailles/0/pictures/Château_de_Versailles_panorama_04_2016_5730.jpg
Palace_of_Versailles,177768,7,commons/Cour_de_Marbre_du_Château_de_Versailles/0/pictures/Cour_de_Marbre._Versalles._04.JPG
Palace_of_Versailles,177768,7,commons/Cour_de_Marbre_du_Château_de_Versailles/0/pictures/Cour_de_Marbre._Versalles._08.JPG
Palace_of_Versailles,177768,7,commons/Cour_de_Marbre_du_Château_de_Versailles/0/pictures/Cour_de_Marbre._Versalles._07.JPG
Palace_of_Versailles,177768,7,commons/Cour_de_Marbre_du_Château_de_Versailles/0/pictures/Cour_de_Marbre._Versalles._06.JPG
Palace_of_Versailles,177768,7,commons/Cour_de_Marbre_du_Château_de_Versailles/0/pictures/Cour_de_Marbre._Versalles._05.JPG
Palace_of_Versailles,177768,7,commons/Cour_de_Marbre_du_Château_de_Versailles/0/pictures/Cour_de_marbre_vue_de_l'appartement_de_la_Du_Barry_-_DSC_0314.JPG
Palace_of_Versailles,177768,7,commons/Cour_de_Marbre_du_Château_de_Versailles/0/pictures/Cour_de_Marbre._Versalles._09.JPG
Palace_of_Versailles,177768,7,commons/Cour_de_Marbre_du_Château_de_Versailles/0/pictures/Cour_de_marbre_de_Versailles.jpg
Palace_of_Versailles,177768,7,commons/Grille_royale_of_Versailles/0/pictures/Palace_of_Versailles_Gold_Gates_(5987344726).jpg
Palace_of_Versailles,177768,7,commons/Cour_de_Marbre_du_Château_de_Versailles/0/pictures/Courversailles.jpg
Palace_of_Versailles,177768,7,commons/Palace_of_Versailles/0/pictures/Front_of_the_Château_de_Versailles.jpg
Palace_of_Versailles,177768,7,"commons/Grille_royale_of_Versailles/0/pictures/Palace_of_Versailles,_July_2011_002.jpg"
Palace_of_Versailles,177768,7,commons/Cour_de_Marbre_du_Château_de_Versailles/0/pictures/Fachada_do_Château_de_Versailles.jpg
Palace_of_Versailles,177768,7,commons/Grille_royale_of_Versailles/0/pictures/Portail_Versailles.JPG
Palace_of_Versailles,177768,7,commons/Cour_de_Marbre_du_Château_de_Versailles/0/pictures/France_78_-_Versailles_-_la_cour_de_marbre_08.JPG
Palace_of_Versailles,177768,7,commons/Grille_royale_of_Versailles/0/pictures/The_golden_gate_-_panoramio_(1).jpg
Palace_of_Versailles,177768,7,commons/Cour_de_Marbre_du_Château_de_Versailles/0/pictures/Horloge_versailles.jpg
Palace_of_Versailles,177768,7,"commons/Cour_de_Marbre_du_Château_de_Versailles/0/pictures/Le_Chateau_de_Versailles_,_Palace_of_Versailles,_France_8.JPG"
Palace_of_Versailles,177768,7,"commons/Cour_de_Marbre_du_Château_de_Versailles/0/pictures/Nuit_des_Musées_2012,_Versailles_1.JPG"
Palace_of_Versailles,177768,7,commons/Cour_de_Marbre_du_Château_de_Versailles/0/pictures/P1020868_(5015755266).jpg
Palace_of_Versailles,177768,7,commons/Palace_of_Versailles/0/pictures/Façade_of_The_Palace_of_Versailles_(24194247422).jpg
Palace_of_Versailles,177768,7,commons/Grille_royale_of_Versailles/0/pictures/Versailles_(4116381570).jpg
Palace_of_Versailles,177768,7,"commons/Cour_de_Marbre_du_Château_de_Versailles/0/pictures/Le_Chateau_de_Versailles_,_Palace_of_Versailles,_France_6.JPG"
Palace_of_Versailles,177768,7,commons/Grille_royale_of_Versailles/0/pictures/Versailles_-_panoramio_-_Patrick_Nouhailler's…_(258).jpg
Palace_of_Versailles,177768,7,commons/Exterior_of_the_Palace_of_Versailles/0/pictures/Château_Versailles_-_Versailles_(FR78)_-_2021-12-19_-_1.jpg
Palace_of_Versailles,177768,7,commons/Cour_de_Marbre_du_Château_de_Versailles/0/pictures/Palace_of_Versailles_13_2012-06-30.jpg
Palace_of_Versailles,177768,7,commons/Grille_royale_of_Versailles/0/pictures/Versailles_-_panoramio_-_Patrick_Nouhailler's…_(33).jpg
Palace_of_Versailles,177768,7,commons/Cour_de_Marbre_du_Château_de_Versailles/0/pictures/Palace_of_Versailles_17_2012-06-30.jpg
Palace_of_Versailles,177768,7,commons/Grille_royale_of_Versailles/0/pictures/Versailles_2_-_panoramio.jpg
Palace_of_Versailles,177768,7,commons/Exterior_of_the_Palace_of_Versailles/0/pictures/Château_Versailles_-_Versailles_(FR78)_-_2021-12-19_-_14.jpg
Palace_of_Versailles,177768,7,commons/Cour_de_Marbre_du_Château_de_Versailles/0/pictures/Palace_of_Versailles_Marble_Courtyard_(27745185953).jpg
Palace_of_Versailles,177768,7,commons/Palace_of_Versailles/0/pictures/La_chapelle_du_palais_-_panoramio.jpg
Palace_of_Versailles,177768,7,commons/Grille_royale_of_Versailles/0/pictures/Versailles_2009_-_panoramio.jpg
Palace_of_Versailles,177768,7,commons/Exterior_of_the_Palace_of_Versailles/0/pictures/Château_Versailles_-_Versailles_(FR78)_-_2021-12-19_-_2.jpg
Palace_of_Versailles,177768,7,commons/Cour_de_Marbre_du_Château_de_Versailles/0/pictures/Palace_of_Versailles_39_2012-06-30.jpg
Palace_of_Versailles,177768,7,commons/Exterior_of_the_Palace_of_Versailles/0/pictures/Château_Versailles_-_Versailles_(FR78)_-_2021-12-19_-_4.jpg
Palace_of_Versailles,177768,7,commons/Cour_de_Marbre_du_Château_de_Versailles/0/pictures/Palace_of_Versailles_Marble_Courtyard_(27736925543).jpg
Palace_of_Versailles,177768,7,commons/Cour_de_Marbre_du_Château_de_Versailles/0/pictures/Versailles_Château_de_Versailles_Stadtseite_16.jpg
Palace_of_Versailles,177768,7,commons/Exterior_of_the_Palace_of_Versailles/0/pictures/Exterior_of_Château_de_Versailles_(1).JPG
Palace_of_Versailles,177768,7,commons/Cour_de_Marbre_du_Château_de_Versailles/0/pictures/Versailles_Palace.jpg
Palace_of_Versailles,177768,7,commons/Exterior_of_the_Palace_of_Versailles/0/pictures/Exterior_of_Château_de_Versailles_(2).JPG
Palace_of_Versailles,177768,7,commons/Cour_de_Marbre_du_Château_de_Versailles/0/pictures/Versailles_chateau_2010.jpg
Palace_of_Versailles,177768,7,commons/Exterior_of_the_Palace_of_Versailles/0/pictures/Exterior_of_Château_de_Versailles_(4).JPG
Palace_of_Versailles,177768,7,commons/Cour_de_Marbre_du_Château_de_Versailles/0/pictures/Versailles_la_cour_de_marbre_1.jpg
Palace_of_Versailles,177768,7,commons/Cour_de_Marbre_du_Château_de_Versailles/0/pictures/Versailles_la_cour_de_marbre_2.jpg
Palace_of_Versailles,177768,7,commons/Cour_de_Marbre_du_Château_de_Versailles/0/pictures/Vue_aérienne_du_domaine_de_Versailles_le_20_août_2014_par_ToucanWings_-_Creative_Commons_By_Sa_3.0_-_03.jpg
Palace_of_Versailles,177768,7,commons/Cour_de_Marbre_du_Château_de_Versailles/0/pictures/Vue_aérienne_du_domaine_de_Versailles_le_20_août_2014_par_ToucanWings_-_Creative_Commons_By_Sa_3.0_-_05.jpg
Palace_of_Versailles,177768,7,commons/Cour_de_Marbre_du_Château_de_Versailles/0/pictures/Vue_aérienne_du_domaine_de_Versailles_le_20_août_2014_par_ToucanWings_-_Creative_Commons_By_Sa_3.0_-_30.jpg
Palace_of_Versailles,177768,7,commons/Cour_royale_du_Château_de_Versailles/0/pictures/Château_de_Versailles_-_Cour_Royale.jpg
Palace_of_Versailles,177768,7,commons/Aerial_views_of_the_Palace_of_Versailles/0/pictures/Vue_aérienne_du_domaine_de_Versailles_le_20_août_2014_par_ToucanWings_-_Creative_Commons_By_Sa_3.0_-_02.jpg
Palace_of_Versailles,177768,7,"commons/Cour_royale_du_Château_de_Versailles/0/pictures/Château_de_Versailles,_cour_Royale.jpg"
Palace_of_Versailles,177768,7,commons/Aerial_views_of_the_Palace_of_Versailles/0/pictures/Vue_aérienne_du_domaine_de_Versailles_le_20_août_2014_par_ToucanWings_-_Creative_Commons_By_Sa_3.0_-_03.jpg
Palace_of_Versailles,177768,7,commons/Cour_royale_du_Château_de_Versailles/0/pictures/Cour_d'honneur_2.jpg
Palace_of_Versailles,177768,7,commons/Cour_royale_du_Château_de_Versailles/0/pictures/Cour_Royale_Versailles._02.JPG
Palace_of_Versailles,177768,7,commons/Palace_of_Versailles/0/pictures/Palace_of_Versailles_(28272465371).jpg
Palace_of_Versailles,177768,7,"commons/Cour_royale_du_Château_de_Versailles/0/pictures/Château_de_Versailles,_cour_royale,_redent_sud.jpg"
Palace_of_Versailles,177768,7,commons/Palace_of_Versailles/0/pictures/Palace_of_Versailles_(28327412206).jpg
Palace_of_Versailles,177768,7,commons/Cour_royale_du_Château_de_Versailles/0/pictures/France-000311_-_Palace_of_Versailles_-_second_lineup..._(14641496829).jpg
Palace_of_Versailles,177768,7,commons/Exterior_of_the_Palace_of_Versailles/0/pictures/Palace_of_Versailles_6_2012-06-30.jpg
Palace_of_Versailles,177768,7,commons/Cour_royale_du_Château_de_Versailles/0/pictures/France-000422_-_Palace_of_Versailles_(14642637019).jpg
Palace_of_Versailles,177768,7,commons/Exterior_of_the_Palace_of_Versailles/0/pictures/Palace_of_Versailles_9_2012-06-30.jpg
Palace_of_Versailles,177768,7,"commons/Cour_royale_du_Château_de_Versailles/0/pictures/Le_Chateau_de_Versailles_,_Palace_of_Versailles,_France_4.JPG"
Palace_of_Versailles,177768,7,commons/Exterior_of_the_Palace_of_Versailles/0/pictures/Palace_of_Versailles_96_2012-06-30.jpg
Palace_of_Versailles,177768,7,commons/Aerial_views_of_the_Palace_of_Versailles/0/pictures/Vue_aérienne_du_domaine_de_Versailles_le_20_août_2014_par_ToucanWings_-_Creative_Commons_By_Sa_3.0_-_21.jpg
Palace_of_Versailles,177768,7,commons/Cour_royale_du_Château_de_Versailles/0/pictures/January_Palais_Versailles_Paris_-_Master_Earth_Photography_2014_Guard_de_Republicaine_Golden_Eye_-_panoramio.jpg
Palace_of_Versailles,177768,7,commons/Exterior_of_the_Palace_of_Versailles/0/pictures/Palace_of_Versailles_99_2012-06-30.jpg
Palace_of_Versailles,177768,7,commons/Aerial_views_of_the_Palace_of_Versailles/0/pictures/Vue_aérienne_du_domaine_de_Versailles_le_20_août_2014_par_ToucanWings_-_Creative_Commons_By_Sa_3.0_-_24.jpg
Palace_of_Versailles,177768,7,"commons/Cour_royale_du_Château_de_Versailles/0/pictures/Le_Chateau_de_Versailles_,_Palace_of_Versailles,_France_5.JPG"
Palace_of_Versailles,177768,7,commons/Exterior_of_the_Palace_of_Versailles/0/pictures/Palace_of_Versailles_Front_3.JPG
Palace_of_Versailles,177768,7,commons/Aerial_views_of_the_Palace_of_Versailles/0/pictures/Vue_aérienne_du_domaine_de_Versailles_le_20_août_2014_par_ToucanWings_-_Creative_Commons_By_Sa_3.0_-_30.jpg
Palace_of_Versailles,177768,7,commons/Cour_royale_du_Château_de_Versailles/0/pictures/Palace_of_Versailles_(9812091996).jpg
Palace_of_Versailles,177768,7,commons/Exterior_of_the_Palace_of_Versailles/0/pictures/Palácio_de_Versailles_-_Paris.jpg
Palace_of_Versailles,177768,7,commons/Cour_royale_du_Château_de_Versailles/0/pictures/P1020872_(5015759432).jpg
Palace_of_Versailles,177768,7,commons/Palace_of_Versailles/0/pictures/Palace_of_Versailles_(28257756652).jpg
Palace_of_Versailles,177768,7,commons/Aerial_views_of_the_Palace_of_Versailles/0/pictures/Vue_aérienne_du_domaine_de_Versailles_le_20_août_2014_par_ToucanWings_-_Creative_Commons_By_Sa_3.0_-_26.jpg
Palace_of_Versailles,177768,7,commons/Cour_royale_du_Château_de_Versailles/0/pictures/Palace_of_Versailles_125_2012-06-30.jpg
Palace_of_Versailles,177768,7,commons/Aerial_views_of_the_Palace_of_Versailles/0/pictures/Vue_aérienne_du_domaine_de_Versailles_le_20_août_2014_par_ToucanWings_-_Creative_Commons_By_Sa_3.0_-_23.jpg
Palace_of_Versailles,177768,7,commons/Cour_royale_du_Château_de_Versailles/0/pictures/Palace_of_Versailles_127_2012-06-30.jpg
Palace_of_Versailles,177768,7,commons/Cour_royale_du_Château_de_Versailles/0/pictures/Palace_of_Versailles_128_2012-06-30.jpg
Palace_of_Versailles,177768,8,commons/Palace_of_Versailles/0/pictures/FR_Versalles_0711_(39)_(17250897641).jpg
Palace_of_Versailles,177768,8,commons/Marble_sculptures_in_the_domain_of_Versailles/0/pictures/Palace_of_Versailles_Hall_of_Mirrors_(28275112961).jpg
Palace_of_Versailles,177768,8,commons/Palace_of_Versailles/0/pictures/Versailles_15.jpg
Palace_of_Versailles,177768,8,"commons/Marble_sculptures_in_the_domain_of_Versailles/0/pictures/Château_de_Versailles,_galerie_des_glaces,_antique,_Pudicité.jpg"
Palace_of_Versailles,177768,8,"commons/Hall_of_Mirrors_(Palace_of_Versailles)/0/pictures/Château_de_Versailles,_galerie_des_glaces,_table.jpg"
Palace_of_Versailles,177768,8,"commons/Furniture_of_the_Palace_of_Versailles/0/pictures/Château_de_Versailles,_galerie_des_glaces,_table.jpg"
Palace_of_Versailles,177768,8,"commons/Hall_of_Mirrors_(Palace_of_Versailles)/0/pictures/Hall_of_Mirrors,_Versailles;_Venus_Statue_(4304251618).jpg"
Palace_of_Versailles,177768,8,commons/Sculptures_in_the_Hall_of_Mirrors_(Palace_of_Versailles)/0/pictures/Palace_of_Versailles_Hall_of_Mirrors_(28275112961).jpg
Palace_of_Versailles,177768,8,"commons/Sculptures_in_the_Hall_of_Mirrors_(Palace_of_Versailles)/0/pictures/Château_de_Versailles,_galerie_des_glaces,_antique,_Pudicité.jpg"
Palace_of_Versailles,177768,8,"commons/Marble_sculptures_in_the_domain_of_Versailles/0/pictures/Château_de_Versailles,_galerie_des_glaces,_antique,_Pudicité_02.jpg"
Palace_of_Versailles,177768,8,"commons/Sculptures_in_the_Hall_of_Mirrors_(Palace_of_Versailles)/0/pictures/Château_de_Versailles,_galerie_des_glaces,_antique,_Pudicité_02.jpg"
Palace_of_Versailles,177768,9,commons/Palace_of_Versailles/0/pictures/Versailles_20.jpg
Palace_of_Versailles,177768,9,commons/Palace_of_Versailles/0/pictures/FR_Versalles_0711_(35)_(17249703332).jpg
Palace_of_Versailles,177768,9,commons/Palace_of_Versailles/0/pictures/FR_Versalles_0711_(29)_(17225487836).jpg
Palace_of_Versailles,177768,9,"commons/Interior_of_the_Palace_of_Versailles/0/pictures/Le_Chateau_de_Versailles_,_Palace_of_Versailles_interiors_in_art_12.JPG"
Palace_of_Versailles,177768,9,"commons/Marble_in_the_Palace_of_Versailles/0/pictures/Château_de_Versailles,_galerie_des_glaces_01.jpg"
Palace_of_Versailles,177768,9,commons/Hall_of_Mirrors_(Palace_of_Versailles)/0/pictures/ヴェルサイユ宮殿の鏡の間_-_panoramio.jpg
Palace_of_Versailles,177768,9,commons/Hall_of_Mirrors_(Palace_of_Versailles)/0/pictures/ヴェルサイユ宮殿の鏡の間_-_panoramio_-_mayatomo.jpg
Palace_of_Versailles,177768,9,commons/Hall_of_Mirrors_(Palace_of_Versailles)/0/pictures/Wersal_2013_(25).JPG
Palace_of_Versailles,177768,9,commons/Hall_of_Mirrors_(Palace_of_Versailles)/0/pictures/Wersal_2013_(21).JPG
Palace_of_Versailles,177768,9,commons/Hall_of_Mirrors_(Palace_of_Versailles)/0/pictures/Welcome_to_Versailles_(42828410342).jpg
Palace_of_Versailles,177768,9,commons/Hall_of_Mirrors_(Palace_of_Versailles)/0/pictures/Versailleshallofmirrors.jpg
Palace_of_Versailles,177768,9,"commons/Hall_of_Mirrors_(Palace_of_Versailles)/0/pictures/Versailles,_Galerie_des_glaces.jpg"
Palace_of_Versailles,177768,9,commons/Hall_of_Mirrors_(Palace_of_Versailles)/0/pictures/Versailles_Palace._Hall_of_Mirrors_2006.jpg
Palace_of_Versailles,177768,9,commons/Hall_of_Mirrors_(Palace_of_Versailles)/0/pictures/Versailles_Palace._Hall_of_Mirrors_1858.jpg
Palace_of_Versailles,177768,9,commons/Hall_of_Mirrors_(Palace_of_Versailles)/0/pictures/Versailles_Hall_of_Mirrors_(34763707585).jpg
Palace_of_Versailles,177768,9,commons/Hall_of_Mirrors_(Palace_of_Versailles)/0/pictures/Versailles_Galerie_des_glaces.jpg
Palace_of_Versailles,177768,9,commons/Musée_national_du_Château_de_Versailles/0/pictures/Château_de_Versailles_(24458134041).jpg
Palace_of_Versailles,177768,9,commons/Hall_of_Mirrors_(Palace_of_Versailles)/0/pictures/Versailles_Château_de_Versailles_Innen_Grande_Galerie_Decke_1.jpg
Palace_of_Versailles,177768,9,commons/Hall_of_Mirrors_(Palace_of_Versailles)/0/pictures/Versailles_Galerie_des_glaces_arcades_et_miroirs.jpg
Palace_of_Versailles,177768,9,commons/Hall_of_Mirrors_(Palace_of_Versailles)/0/pictures/Versailles_Château_de_Versailles_Innen_Grande_Galerie_20.jpg
Palace_of_Versailles,177768,9,commons/Hall_of_Mirrors_(Palace_of_Versailles)/0/pictures/Versailles_Château_de_Versailles_Innen_Grande_Galerie_19.jpg
Palace_of_Versailles,177768,9,commons/Hall_of_Mirrors_(Palace_of_Versailles)/0/pictures/Versailles_Château_de_Versailles_Innen_Grande_Galerie_18.jpg
Palace_of_Versailles,177768,9,commons/Hall_of_Mirrors_(Palace_of_Versailles)/0/pictures/Versailles_Château_de_Versailles_Innen_Grande_Galerie_17.jpg
Palace_of_Versailles,177768,9,"commons/Historical_photographs_of_the_Palace_of_Versailles/0/pictures/Hall_of_Mirrors,_Palace_of_Versailles,_1981.jpg"
Palace_of_Versailles,177768,9,commons/Hall_of_Mirrors_(Palace_of_Versailles)/0/pictures/Versailles_Château_de_Versailles_Innen_Grande_Galerie_16.jpg
Palace_of_Versailles,177768,9,commons/Hall_of_Mirrors_(Palace_of_Versailles)/0/pictures/Versailles_Château_de_Versailles_Innen_Grande_Galerie_15.jpg
Palace_of_Versailles,177768,9,commons/Hall_of_Mirrors_(Palace_of_Versailles)/0/pictures/Versailles_Château_de_Versailles_Innen_Grande_Galerie_14.jpg
Palace_of_Versailles,177768,9,commons/Hall_of_Mirrors_(Palace_of_Versailles)/0/pictures/Versailles_Château_de_Versailles_Innen_Grande_Galerie_13.jpg
Palace_of_Versailles,177768,9,commons/Hall_of_Mirrors_(Palace_of_Versailles)/0/pictures/Versailles_Château_de_Versailles_Innen_Grande_Galerie_10.jpg
Palace_of_Versailles,177768,9,commons/Hall_of_Mirrors_(Palace_of_Versailles)/0/pictures/Versailles_Château_de_Versailles_Innen_Grande_Galerie_09.jpg
Palace_of_Versailles,177768,9,commons/Hall_of_Mirrors_(Palace_of_Versailles)/0/pictures/Versailles_Château_de_Versailles_Innen_Grande_Galerie_08.jpg
Palace_of_Versailles,177768,9,commons/Hall_of_Mirrors_(Palace_of_Versailles)/0/pictures/Versailles_Château_de_Versailles_Innen_Grande_Galerie_07.jpg
Palace_of_Versailles,177768,9,commons/Hall_of_Mirrors_(Palace_of_Versailles)/0/pictures/Versailles_Château_de_Versailles_Innen_Grande_Galerie_02.jpg
Palace_of_Versailles,177768,9,commons/Hall_of_Mirrors_(Palace_of_Versailles)/0/pictures/Versailles_Château_de_Versailles_Innen_Grande_Galerie_01.jpg
Palace_of_Versailles,177768,9,commons/Hall_of_Mirrors_(Palace_of_Versailles)/0/pictures/Versailles_Château_de_Versailles_Innen_Grande_Galerie_04.jpg
Palace_of_Versailles,177768,9,commons/Hall_of_Mirrors_(Palace_of_Versailles)/0/pictures/Versailles_Château_de_Versailles_Innen_Grande_Galerie_03.jpg
Palace_of_Versailles,177768,9,commons/Hall_of_Mirrors_(Palace_of_Versailles)/0/pictures/Versailles_Château_de_Versailles_Innen_Grande_Galerie_05.jpg
Palace_of_Versailles,177768,9,"commons/Hall_of_Mirrors_(Palace_of_Versailles)/0/pictures/Versailles_-_Hall_of_Mirrors_May_9,_1960.jpg"
Palace_of_Versailles,177768,9,commons/Hall_of_Mirrors_(Palace_of_Versailles)/0/pictures/Versailles_-_Hall_of_Mirrors_(3012159018).jpg
Palace_of_Versailles,177768,9,commons/Hall_of_Mirrors_(Palace_of_Versailles)/0/pictures/Versailles_(35221013325).jpg
Palace_of_Versailles,177768,9,"commons/Hall_of_Mirrors_(Palace_of_Versailles)/0/pictures/The_Hall_of_Mirrors_at_Chateau_de_Versailles,_France_(8132693760).jpg"
Palace_of_Versailles,177768,9,"commons/Hall_of_Mirrors_(Palace_of_Versailles)/0/pictures/The_Hall_of_Mirrors_at_Chateau_de_Versailles,_France_(8132668345).jpg"
Palace_of_Versailles,177768,9,"commons/Hall_of_Mirrors_(Palace_of_Versailles)/0/pictures/The_Hall_of_Mirrors_at_Chateau_de_Versailles,_France_(8132666851).jpg"
Palace_of_Versailles,177768,9,commons/Palace_of_Versailles/0/pictures/Palace_of_Versailles_Apollo_Drawing-Room_(28322427826).jpg
Palace_of_Versailles,177768,9,"commons/Hall_of_Mirrors_(Palace_of_Versailles)/0/pictures/Spiegelzaal_in_het_Paleis_van_Versailles_Versailles_-_Galerie_des_Glaces_(titel_op_object),_RP-F-F01092-AW.jpg"
Palace_of_Versailles,177768,9,commons/Reliefs_in_the_Palace_of_Versailles/0/pictures/Palace_of_Versailles_Salon_de_Guerre_(War_Room)_(27740481443).jpg
Palace_of_Versailles,177768,9,commons/Palace_of_Versailles/0/pictures/Palace_of_Versailles_Apollo_Drawing-Room_(28277580831).jpg
Palace_of_Versailles,177768,9,commons/Hall_of_Mirrors_(Palace_of_Versailles)/0/pictures/Sedia_gestatoria_pope_Pius_VII.jpg
Palace_of_Versailles,177768,9,commons/Palace_of_Versailles/0/pictures/Versailles_16.jpg
Palace_of_Versailles,177768,9,commons/Hall_of_Mirrors_(Palace_of_Versailles)/0/pictures/Sedia_gestatoria_pope_Pius_VII_Restored.jpg
Palace_of_Versailles,177768,9,commons/Palace_of_Versailles/0/pictures/Versailles_13.jpg
Palace_of_Versailles,177768,9,"commons/Hall_of_Mirrors_(Palace_of_Versailles)/0/pictures/Sala_de_los_Espejos,_Castillo_de_Versalles.jpg"
Palace_of_Versailles,177768,9,commons/Hall_of_Mirrors_(Palace_of_Versailles)/0/pictures/Puhane_Versailles_Tourismus.jpg
Palace_of_Versailles,177768,9,commons/Hall_of_Mirrors_(Palace_of_Versailles)/0/pictures/Palace_of_Versailles_Hall_of_Mirrors_(9812162766).jpg
Palace_of_Versailles,177768,9,commons/Hall_of_Mirrors_(Palace_of_Versailles)/0/pictures/Palace_of_Versailles_Hall_of_Mirrors_(9812081913).jpg
Palace_of_Versailles,177768,9,commons/Hall_of_Mirrors_(Palace_of_Versailles)/0/pictures/Palace_of_Versailles_Hall_of_Mirrors_(9812076836).jpg
Palace_of_Versailles,177768,9,commons/Palace_of_Versailles/0/pictures/FR_Versalles_0711_(45)_(16628982004).jpg
Palace_of_Versailles,177768,9,commons/Hall_of_Mirrors_(Palace_of_Versailles)/0/pictures/Palace_of_Versailles_Hall_of_Mirrors_(9812042006).jpg
Palace_of_Versailles,177768,9,"commons/Photographs_of_Palais_de_Versailles_in_the_Rijksmuseum_Amsterdam/0/pictures/La_Salle_des_Glaces_in_het_paleis_van_Versailles_Château_de_Versailles_La_Salle_des_Glaces_(titel_op_object),_RP-F-F16408.jpg"
Palace_of_Versailles,177768,9,commons/Hall_of_Mirrors_(Palace_of_Versailles)/0/pictures/Palace_of_Versailles_Hall_of_Mirrors_(9812074706).jpg
Palace_of_Versailles,177768,9,commons/Palace_of_Versailles/0/pictures/FR_Versalles_0711_(43)_(17063884210).jpg
Palace_of_Versailles,177768,9,commons/Hall_of_Mirrors_(Palace_of_Versailles)/0/pictures/Palace_of_Versailles_Hall_of_Mirrors_(28320478316).jpg
Palace_of_Versailles,177768,9,commons/Palace_of_Versailles/0/pictures/Palace_of_Versailles_(9812122203).jpg
Palace_of_Versailles,177768,9,commons/Hall_of_Mirrors_(Palace_of_Versailles)/0/pictures/Palace_of_Versailles_Hall_of_Mirrors_(28320254636).jpg
Palace_of_Versailles,177768,9,commons/Palace_of_Versailles/0/pictures/FR_Versalles_0711_(41)_(17250897321).jpg
Palace_of_Versailles,177768,9,commons/Hall_of_Mirrors_(Palace_of_Versailles)/0/pictures/Palace_of_Versailles_Hall_of_Mirrors_(28277112601).jpg
Palace_of_Versailles,177768,9,commons/Palace_of_Versailles/0/pictures/FR_Versalles_0711_(40)_(17249702452).jpg
Palace_of_Versailles,177768,9,commons/Hall_of_Mirrors_(Palace_of_Versailles)/0/pictures/Palace_of_Versailles_Hall_of_Mirrors_(27738999444).jpg
Palace_of_Versailles,177768,9,commons/Hall_of_Mirrors_(Palace_of_Versailles)/0/pictures/Palace_of_Versailles_Hall_of_Mirrors_(28251238412).jpg
Palace_of_Versailles,177768,9,commons/Palace_of_Versailles/0/pictures/FR_Versalles_0711_(38)_(17225486326).jpg
Palace_of_Versailles,177768,9,commons/Hall_of_Mirrors_(Palace_of_Versailles)/0/pictures/Palace_of_Versailles_Hall_of_Mirrors_(27740136243).jpg
Palace_of_Versailles,177768,9,commons/Palace_of_Versailles/0/pictures/FR_Versalles_0711_(36)_(17065234039).jpg
Palace_of_Versailles,177768,9,commons/Hall_of_Mirrors_(Palace_of_Versailles)/0/pictures/Palace_of_Versailles_Hall_of_Mirrors_(27739948843).jpg
Palace_of_Versailles,177768,9,commons/Palace_of_Versailles/0/pictures/FR_Versalles_0711_(37)_(16628983214).jpg
Palace_of_Versailles,177768,9,commons/Hall_of_Mirrors_(Palace_of_Versailles)/0/pictures/Palace_of_Versailles_Hall_of_Mirrors_(28276345021).jpg
Palace_of_Versailles,177768,9,commons/Palace_of_Versailles/0/pictures/FR_Versalles_0711_(34)_(17251458395).jpg
Palace_of_Versailles,177768,9,commons/Hall_of_Mirrors_(Palace_of_Versailles)/0/pictures/Palace_of_Versailles_80_2012-06-30.jpg
Palace_of_Versailles,177768,9,commons/Palace_of_Versailles/0/pictures/FR_Versalles_0711_(33)_(17251458545).jpg
Palace_of_Versailles,177768,9,commons/Hall_of_Mirrors_(Palace_of_Versailles)/0/pictures/Palace_of_Versailles_81_2012-06-30.jpg
Palace_of_Versailles,177768,9,commons/Palace_of_Versailles/0/pictures/FR_Versalles_0711_(32)_(17249703932).jpg
Palace_of_Versailles,177768,9,commons/Hall_of_Mirrors_(Palace_of_Versailles)/0/pictures/Palace_of_Versailles_79_2012-06-30.jpg
Palace_of_Versailles,177768,9,commons/Hall_of_Mirrors_(Palace_of_Versailles)/0/pictures/Palace_of_Versailles_78_2012-06-30.jpg
Palace_of_Versailles,177768,9,commons/Hall_of_Mirrors_(Palace_of_Versailles)/0/pictures/Palace_of_Versailles_72_2012-06-30.jpg
Palace_of_Versailles,177768,9,commons/Palace_of_Versailles/0/pictures/FR_Versalles_0711_(27)_(17251459435).jpg
Palace_of_Versailles,177768,9,commons/Hall_of_Mirrors_(Palace_of_Versailles)/0/pictures/Palace_of_Versailles_73_2012-06-30.jpg
Palace_of_Versailles,177768,9,commons/Palace_of_Versailles/0/pictures/FR_Versalles_0711_(26)_(17044028077).jpg
Palace_of_Versailles,177768,9,commons/Hall_of_Mirrors_(Palace_of_Versailles)/0/pictures/Palace_of_Versailles_71_2012-06-30.jpg
Palace_of_Versailles,177768,9,commons/Palace_of_Versailles/0/pictures/FR_Versalles_0711_(25)_(17063680498).jpg
Palace_of_Versailles,177768,9,commons/Hall_of_Mirrors_(Palace_of_Versailles)/0/pictures/Palace_of_Versailles_70_2012-06-30.jpg
Palace_of_Versailles,177768,9,commons/Palace_of_Versailles/0/pictures/Versailles_15.jpg
Palace_of_Versailles,177768,9,commons/Palace_of_Versailles/0/pictures/FR_Versalles_0711_(24)_(17251459835).jpg
Palace_of_Versailles,177768,9,commons/Hall_of_Mirrors_(Palace_of_Versailles)/0/pictures/Palace_of_Versailles_69_2012-06-30.jpg
Palace_of_Versailles,177768,9,commons/Palace_of_Versailles/0/pictures/FR_Versalles_0711_(23)_(17225489066).jpg
Palace_of_Versailles,177768,9,commons/Hall_of_Mirrors_(Palace_of_Versailles)/0/pictures/Palace_of_Versailles_24.jpg
Palace_of_Versailles,177768,9,commons/Hall_of_Mirrors_(Palace_of_Versailles)/0/pictures/Painting_in_Château_de_Versailles_(5).JPG
Palace_of_Versailles,177768,9,commons/Hall_of_Mirrors_(Palace_of_Versailles)/0/pictures/PM_109913_Souvenir_de_Voyage_1901.jpg
Palace_of_Versailles,177768,9,commons/Hall_of_Mirrors_(Palace_of_Versailles)/0/pictures/P1030013_(5015788296).jpg
Palace_of_Versailles,177768,9,commons/Hall_of_Mirrors_(Palace_of_Versailles)/0/pictures/P1030032_(5015185469).jpg
Palace_of_Versailles,177768,9,commons/Hall_of_Mirrors_(Palace_of_Versailles)/0/pictures/P1030058_(5015795490).jpg
Palace_of_Versailles,177768,9,"commons/Photographs_of_Palais_de_Versailles_in_the_Rijksmuseum_Amsterdam/0/pictures/Gang_in_het_paleis_van_Versailles_584_'Versailles._Le_Palais,_Galerie_des_Glaces_(titel_op_object),_RP-F-F16642.jpg"
Palace_of_Versailles,177768,9,commons/Hall_of_Mirrors_(Palace_of_Versailles)/0/pictures/P1030017_(5015181901).jpg
Palace_of_Versailles,177768,9,commons/Hall_of_Mirrors_(Palace_of_Versailles)/0/pictures/Lustres_et_mirroirs_Galerie_des_glaces_Chateau_de_Versailles.jpg
Palace_of_Versailles,177768,9,commons/Hall_of_Mirrors_(Palace_of_Versailles)/0/pictures/Le_Palais_et_les_jardins_12.jpg
Palace_of_Versailles,177768,9,commons/Hall_of_Mirrors_(Palace_of_Versailles)/0/pictures/Le_Palais_et_les_jardins_14.jpg
Palace_of_Versailles,177768,9,commons/Hall_of_Mirrors_(Palace_of_Versailles)/0/pictures/Le_Palais_et_les_jardins_13.jpg
Palace_of_Versailles,177768,9,commons/Hall_of_Mirrors_(Palace_of_Versailles)/0/pictures/January_The_Sun_Palais_Versailles_-_Master_Earth_Photography_2014_Le_Roi_-_The_King_of_France_-_series_France_Gold_pictures_-_panoramio.jpg
Palace_of_Versailles,177768,9,commons/Hall_of_Mirrors_(Palace_of_Versailles)/0/pictures/Le_Palais_et_les_jardins_09.jpg
Palace_of_Versailles,177768,9,"commons/Hall_of_Mirrors_(Palace_of_Versailles)/0/pictures/La_Salle_des_Glaces_in_het_paleis_van_Versailles_Château_de_Versailles_La_Salle_des_Glaces_(titel_op_object),_RP-F-F16408.jpg"
Palace_of_Versailles,177768,9,commons/Hall_of_Mirrors_(Palace_of_Versailles)/0/pictures/Château_de_Versailles_-_Galerie_des_Glaces_(2).jpg
Palace_of_Versailles,177768,9,commons/Hall_of_Mirrors_(Palace_of_Versailles)/0/pictures/Château_de_Versailles_(5430498530).jpg
Palace_of_Versailles,177768,9,commons/Hall_of_Mirrors_(Palace_of_Versailles)/0/pictures/Chateau_de_Versailles_Sedia_gestatoria_4.jpg
Palace_of_Versailles,177768,9,commons/Hall_of_Mirrors_(Palace_of_Versailles)/0/pictures/Chateau_de_Versailles_2011_Howdah_Phra_Thinang_Prapatthong_3.jpg
Palace_of_Versailles,177768,9,commons/Hall_of_Mirrors_(Palace_of_Versailles)/0/pictures/Chateau_Versailles_Galerie_des_Glaces.jpg
Palace_of_Versailles,177768,9,commons/Hall_of_Mirrors_(Palace_of_Versailles)/0/pictures/2023-06-03_Palace_and_park_of_Versailles_16.jpg
Palace_of_Versailles,177768,9,commons/Hall_of_Mirrors_(Palace_of_Versailles)/0/pictures/2023-06-03_Palace_and_park_of_Versailles_15.jpg
Palace_of_Versailles,177768,9,"commons/Google_Art_Project_works_in_Palace_of_Versailles/0/pictures/Charles_Le_Brun_-_L'Ordre_rétabli_dans_les_finances,_1662_-_Google_Art_Project.jpg"
Palace_of_Versailles,177768,9,commons/Hall_of_Mirrors_(Palace_of_Versailles)/0/pictures/Hall_of_mirrors_at_Chateau_de_Versailles.jpg
Palace_of_Versailles,177768,9,commons/Palace_of_Versailles/0/pictures/Versailles_Galerie_des_glaces_lustre.jpg
Palace_of_Versailles,177768,9,commons/Hall_of_Mirrors_(Palace_of_Versailles)/0/pictures/2005_Versailles_palace_4.jpg
Palace_of_Versailles,177768,9,commons/Hall_of_Mirrors_(Palace_of_Versailles)/0/pictures/2005_Versailles_palace_3.jpg
Palace_of_Versailles,177768,9,"commons/Hall_of_Mirrors_(Palace_of_Versailles)/0/pictures/Hall_of_Mirrors,_Palace_of_Versailles,_1981.jpg"
Palace_of_Versailles,177768,9,commons/Hall_of_Mirrors_(Palace_of_Versailles)/0/pictures/Candiles_en_el_Palacio_de_Versalles.jpg
Palace_of_Versailles,177768,9,commons/Hall_of_Mirrors_(Palace_of_Versailles)/0/pictures/January_The_Sun_Palais_Versailles_-_Master_Earth_Photography_2014_Le_Roi_-_The_King_of_France_Spiegelsaal_-_panoramio.jpg
Palace_of_Versailles,177768,9,"commons/Chandeliers_in_the_Palace_of_Versailles/0/pictures/Versailles,_Galerie_des_glaces.jpg"
Palace_of_Versailles,177768,9,commons/Chandeliers_in_the_Palace_of_Versailles/0/pictures/Les_peintures_de_la_galerie_des_Glaces_du_château_de_Versailles.jpg
Palace_of_Versailles,177768,9,commons/Hall_of_Mirrors_(Palace_of_Versailles)/0/pictures/Galerie1.JPG
Palace_of_Versailles,177768,9,commons/Salon_de_la_Guerre_du_Château_de_Versailles/0/pictures/Versailles_Château_de_Versailles_Innen_Kriegssalon_2.jpg
Palace_of_Versailles,177768,9,commons/Hall_of_Mirrors_(Palace_of_Versailles)/0/pictures/Galerie_des_Glaces_(24302153005).jpg
Palace_of_Versailles,177768,9,commons/Hall_of_Mirrors_(Palace_of_Versailles)/0/pictures/Château_de_Versailles_(23913667163).jpg
Palace_of_Versailles,177768,9,commons/Hall_of_Mirrors_(Palace_of_Versailles)/0/pictures/Château_de_Versailles_-_Galerie_des_Glaces_(3).jpg
Palace_of_Versailles,177768,9,commons/Salon_de_la_Guerre_du_Château_de_Versailles/0/pictures/Paris_IMG_20180804_151731_(46700848362).jpg
Palace_of_Versailles,177768,9,commons/Hall_of_Mirrors_(Palace_of_Versailles)/0/pictures/Fotothek-df_ge_0000169-Spiegelsaal_im_Schloss.jpg
Palace_of_Versailles,177768,9,"commons/Interior_of_the_Palace_of_Versailles/0/pictures/Le_Chateau_de_Versailles_,_Palace_of_Versailles_interiors_in_art_13.JPG"
Palace_of_Versailles,177768,9,commons/Hall_of_Mirrors_(Palace_of_Versailles)/0/pictures/Galerie_des_Glaces_(23674472794).jpg
Palace_of_Versailles,177768,9,commons/Salon_de_la_Guerre_du_Château_de_Versailles/0/pictures/Palace_of_Versailles_Salon_de_Guerre_(War_Room)_(28252485252).jpg
Palace_of_Versailles,177768,9,commons/Hall_of_Mirrors_(Palace_of_Versailles)/0/pictures/Galerie_Glaces_Château_Versailles_-_Versailles_(FR78)_-_2021-12-19_-_5.jpg
Palace_of_Versailles,177768,9,commons/Hall_of_Mirrors_(Palace_of_Versailles)/0/pictures/Chateau_de_Versailles_-_Galerie_des_Glaces.jpg
Palace_of_Versailles,177768,9,commons/Versailles_on_photochrome_prints/0/pictures/Gallery_of_Mirrors_Versailles_France_LCCN2001698740.jpg
Palace_of_Versailles,177768,9,commons/Salon_de_la_Guerre_du_Château_de_Versailles/0/pictures/Salon_de_la_Guerre_du_Château_de_Versailles_chandelier.JPG
Palace_of_Versailles,177768,9,commons/Hall_of_Mirrors_(Palace_of_Versailles)/0/pictures/Galerie_des_Glaces_(24219646271).jpg
Palace_of_Versailles,177768,9,commons/Hall_of_Mirrors_(Palace_of_Versailles)/0/pictures/Château_de_Versailles_(3501536563).jpg
Palace_of_Versailles,177768,9,commons/Hall_of_Mirrors_(Palace_of_Versailles)/0/pictures/France-000372_-_Hall_of_Mirrors_(14826322094).jpg
Palace_of_Versailles,177768,9,commons/Hall_of_Mirrors_(Palace_of_Versailles)/0/pictures/France-000371_-_Hall_of_Mirrors_Ceiling_(14828673725).jpg
Palace_of_Versailles,177768,9,commons/Hall_of_Mirrors_(Palace_of_Versailles)/0/pictures/Palace_of_Versailles_Hall_of_Mirrors_(28354739025).jpg
Palace_of_Versailles,177768,9,commons/Signing_of_the_Treaty_of_Versailles/0/pictures/Interior_of_Versailles_(4303559061).jpg
Palace_of_Versailles,177768,9,"commons/Salon_de_la_Guerre_du_Château_de_Versailles/0/pictures/Versailles,_sala_della_guerra,_catasta_di_armi_e_busto_romano.JPG"
Palace_of_Versailles,177768,9,"commons/Hall_of_Mirrors_(Palace_of_Versailles)/0/pictures/Galerie_des_Glaces_-_In_the_17th_century,_mirrors_were_among_the_most_expensive_items_to_possess_at_the_time_(24193839542).jpg"
Palace_of_Versailles,177768,9,commons/Hall_of_Mirrors_(Palace_of_Versailles)/0/pictures/Versailles_-_panoramio_(18).jpg
Palace_of_Versailles,177768,9,commons/Ceilings_in_the_Palace_of_Versailles/0/pictures/Versailles_Château_de_Versailles_Innen_Apollon-Salon_Decke_2.jpg
Palace_of_Versailles,177768,9,commons/Hall_of_Mirrors_(Palace_of_Versailles)/0/pictures/Fotothek-df_ge_0000170-Spiegelsaal_im_Schloss.jpg
Palace_of_Versailles,177768,9,commons/Hall_of_Mirrors_(Palace_of_Versailles)/0/pictures/2005_Versailles_palace_2.jpg
Palace_of_Versailles,177768,9,commons/Hall_of_Mirrors_(Palace_of_Versailles)/0/pictures/Versailles_Château_de_Versailles_Innen_Grande_Galerie_06.jpg
Palace_of_Versailles,177768,9,commons/Signing_of_the_Treaty_of_Versailles/0/pictures/Treaty_.png
Palace_of_Versailles,177768,9,"commons/Hall_of_Mirrors_(Palace_of_Versailles)/0/pictures/Hall_of_Mirrors,_Palace_of_Versailles_windows.JPG"
Palace_of_Versailles,177768,9,commons/Chandeliers_in_the_Palace_of_Versailles/0/pictures/Galerie1.JPG
Palace_of_Versailles,177768,9,commons/Salon_de_la_Guerre_du_Château_de_Versailles/0/pictures/2023-06-03_Palace_and_park_of_Versailles_13.jpg
Palace_of_Versailles,177768,9,commons/Hall_of_Mirrors_(Palace_of_Versailles)/0/pictures/France-000394_-_Hall_of_Mirrors_Ceiling_(14642184219).jpg
Palace_of_Versailles,177768,9,commons/Hall_of_Mirrors_(Palace_of_Versailles)/0/pictures/France-000381_-_Hall_of_Mirrors_(14828738175).jpg
Palace_of_Versailles,177768,9,commons/Hall_of_Mirrors_(Palace_of_Versailles)/0/pictures/Galerie_Glaces_Château_Versailles_-_Versailles_(FR78)_-_2021-12-19_-_3.jpg
Palace_of_Versailles,177768,9,commons/Hall_of_Mirrors_(Palace_of_Versailles)/0/pictures/Candiles_en_Palacio_de_Versalles.jpg
Palace_of_Versailles,177768,9,commons/Hall_of_Mirrors_(Palace_of_Versailles)/0/pictures/Inside_the_Chateau_de_Versailles_(2519379882).jpg
Palace_of_Versailles,177768,9,commons/Palace_of_Versailles/0/pictures/Versailles_14.jpg
Palace_of_Versailles,177768,9,"commons/Hall_of_Mirrors_(Palace_of_Versailles)/0/pictures/Sala_de_los_Espejos,_Palcio_de_Versalles.jpg"
Palace_of_Versailles,177768,9,commons/Ceilings_in_the_Palace_of_Versailles/0/pictures/Painting_in_the_ceilings_in_the_Palace_of_Versailles.jpeg
Palace_of_Versailles,177768,9,"commons/Salon_de_la_Guerre_du_Château_de_Versailles/0/pictures/Versailles,_sala_della_guerra.JPG"
Palace_of_Versailles,177768,9,"commons/Hall_of_Mirrors_(Palace_of_Versailles)/0/pictures/Château_de_Versailles,_galerie_des_glaces,_detail_lustre.jpg"
Palace_of_Versailles,177768,9,commons/Hall_of_Mirrors_(Palace_of_Versailles)/0/pictures/2023-06-03_Palace_and_park_of_Versailles_17.jpg
Palace_of_Versailles,177768,9,commons/Hall_of_Mirrors_(Palace_of_Versailles)/0/pictures/Hall_of_Mirrors-Versaille_1984.jpg
Palace_of_Versailles,177768,9,commons/Hall_of_Mirrors_(Palace_of_Versailles)/0/pictures/Galerie_des_glaces_-_Versailles.jpg
Palace_of_Versailles,177768,9,commons/Hall_of_Mirrors_(Palace_of_Versailles)/0/pictures/Château_de_Versailles_-_Galerie_des_Glaces_(1).jpg
Palace_of_Versailles,177768,9,commons/Palace_of_Versailles/0/pictures/Versailles_22.jpg
Palace_of_Versailles,177768,9,"commons/Signing_of_the_Treaty_of_Versailles/0/pictures/Dignitaries_gathering_in_the_Hall_of_Mirrors_at_the_Palace_of_Versailles,_France,_to_sign_the_Treaty_of_Versailles.jpg"
Palace_of_Versailles,177768,9,commons/Chandeliers_in_the_Palace_of_Versailles/0/pictures/Château_de_Versailles_-2009-12-29_071.JPG
Palace_of_Versailles,177768,9,commons/Hall_of_Mirrors_(Palace_of_Versailles)/0/pictures/Hall_of_Mirrors_(Palace_of_Versailles).jpg
Palace_of_Versailles,177768,9,commons/Hall_of_Mirrors_(Palace_of_Versailles)/0/pictures/2023-06-03_Palace_and_park_of_Versailles_19.jpg
Palace_of_Versailles,177768,9,"commons/Hall_of_Mirrors_(Palace_of_Versailles)/0/pictures/Hall_of_Mirrors,_Versailles_(4304198584).jpg"
Palace_of_Versailles,177768,9,commons/Chandeliers_in_the_Palace_of_Versailles/0/pictures/Salon_de_la_Guerre_du_Château_de_Versailles_chandelier.JPG
Palace_of_Versailles,177768,9,commons/Ceilings_in_the_Palace_of_Versailles/0/pictures/Versailles_-Ceiling_details_with_wide_angle_-_15.jpg
Palace_of_Versailles,177768,9,commons/Salon_de_la_Guerre_du_Château_de_Versailles/0/pictures/The_Palace_of_Versailles_(24194476132).jpg
Palace_of_Versailles,177768,9,commons/Hall_of_Mirrors_(Palace_of_Versailles)/0/pictures/FW_Schloss_Versailles1.jpg
Palace_of_Versailles,177768,9,commons/Hall_of_Mirrors_(Palace_of_Versailles)/0/pictures/2023-06-03_Palace_and_park_of_Versailles_18.jpg
Palace_of_Versailles,177768,9,commons/Hall_of_Mirrors_(Palace_of_Versailles)/0/pictures/Hall_of_Mirrors.JPG
Palace_of_Versailles,177768,9,commons/Salon_de_la_Guerre_du_Château_de_Versailles/0/pictures/ヴェルサイユ宮殿の鏡の間入口_-_panoramio.jpg
Palace_of_Versailles,177768,9,commons/Hall_of_Mirrors_(Palace_of_Versailles)/0/pictures/Chateau_de_Versailles_2011_Galerie_des_Glaces.jpg
Palace_of_Versailles,177768,9,commons/Palace_of_Versailles/0/pictures/FR_Versalles_0711_(28)_(17044027727).jpg
Palace_of_Versailles,177768,9,commons/Hall_of_Mirrors_(Palace_of_Versailles)/0/pictures/January_The_Sun_Palais_Versailles_-_Master_Earth_Photography_2014_Le_Roi_-_The_King_of_France_Spiegelsaal_-_series_France_saphir_pictures_-_panoramio.jpg
Palace_of_Versailles,177768,9,commons/Hall_of_Mirrors_(Palace_of_Versailles)/0/pictures/Sala_degli_specchi_Versailles_restauro_2007_Manetti.jpg
Palace_of_Versailles,177768,9,"commons/Signing_of_the_Treaty_of_Versailles/0/pictures/Treaty_of_Versailles_Signing,_Hall_of_Mirrors.jpg"
Palace_of_Versailles,177768,9,"commons/Hall_of_Mirrors_(Palace_of_Versailles)/0/pictures/The_Hall_of_Mirrors,_Versailles,_France_-_panoramio.jpg"
Palace_of_Versailles,177768,9,"commons/Photographs_of_Palais_de_Versailles_in_the_Rijksmuseum_Amsterdam/0/pictures/Spiegelzaal_in_het_Paleis_van_Versailles_Versailles_-_Galerie_des_Glaces_(titel_op_object),_RP-F-F01092-AW.jpg"
Palace_of_Versailles,177768,9,commons/Hall_of_Mirrors_(Palace_of_Versailles)/0/pictures/Galería_de_los_espejos._Versalles._01.JPG
Palace_of_Versailles,177768,9,commons/Ceilings_in_the_Palace_of_Versailles/0/pictures/Ceilings_in_the_Palace_of_Versailles_in_Galerie_des_Glaces.jpeg
Palace_of_Versailles,177768,9,commons/Hall_of_Mirrors_(Palace_of_Versailles)/0/pictures/Le_Palais_et_les_jardins_10.jpg
Palace_of_Versailles,177768,9,commons/Hall_of_Mirrors_(Palace_of_Versailles)/0/pictures/Galerie_Glaces_Château_Versailles_-_Versailles_(FR78)_-_2021-12-19_-_4.jpg
Palace_of_Versailles,177768,9,commons/Salon_de_la_Guerre_du_Château_de_Versailles/0/pictures/Salon_de_la_Guerre_du_Château_de_Versailles_ceiling_corner.JPG
Palace_of_Versailles,177768,9,commons/Hall_of_Mirrors_(Palace_of_Versailles)/0/pictures/Château_de_Versailles_-_Galerie_des_Glaces_(4).jpg
Palace_of_Versailles,177768,9,commons/Hall_of_Mirrors_(Palace_of_Versailles)/0/pictures/Galería_de_los_espejos._Versalles._03.JPG
Palace_of_Versailles,177768,9,commons/Salon_de_la_Guerre_du_Château_de_Versailles/0/pictures/Versailles_Château_de_Versailles_Innen_Kriegssalon_1.jpg
Palace_of_Versailles,177768,9,commons/Hall_of_Mirrors_(Palace_of_Versailles)/0/pictures/Galerie_des_Glaces_(23934705229).jpg
Palace_of_Versailles,177768,9,commons/Hall_of_Mirrors_(Palace_of_Versailles)/0/pictures/Galerie_des_Glaces_02.jpg
Palace_of_Versailles,177768,9,commons/Tapestries_in_the_Palace_of_Versailles/0/pictures/Artwork_from_the_Palace_of_Versailless_10.jpg
Palace_of_Versailles,177768,9,commons/Hall_of_Mirrors_(Palace_of_Versailles)/0/pictures/Hall_of_mirrors-_Versailles.jpg
Palace_of_Versailles,177768,9,commons/Hall_of_Mirrors_(Palace_of_Versailles)/0/pictures/Château_de_Versailles_-_panoramio_(4).jpg
Palace_of_Versailles,177768,9,commons/Hall_of_Mirrors_(Palace_of_Versailles)/0/pictures/Château_de_Versailles_-2009-12-29_071.JPG
Palace_of_Versailles,177768,9,"commons/Hall_of_Mirrors_(Palace_of_Versailles)/0/pictures/Château_de_Versailles,_Paris,_MA03.jpg"
Palace_of_Versailles,177768,9,"commons/Hall_of_Mirrors_(Palace_of_Versailles)/0/pictures/Château_de_Versailles,_galerie_des_glaces_01.jpg"
Palace_of_Versailles,177768,9,commons/Salon_de_la_Guerre_du_Château_de_Versailles/0/pictures/Vor_dem_Spiegelsaal_-_panoramio.jpg
Palace_of_Versailles,177768,9,"commons/Hall_of_Mirrors_(Palace_of_Versailles)/0/pictures/Château_de_Versailles,_galerie_des_glaces,_fenetres.jpg"
Palace_of_Versailles,177768,9,commons/Salon_de_la_Guerre_du_Château_de_Versailles/0/pictures/2023-06-03_Palace_and_park_of_Versailles_14.jpg
Palace_of_Versailles,177768,9,"commons/Hall_of_Mirrors_(Palace_of_Versailles)/0/pictures/Château_de_Versailles,_galerie_des_glaces,_lustres.jpg"
Palace_of_Versailles,177768,9,"commons/Hall_of_Mirrors_(Palace_of_Versailles)/0/pictures/Château_de_Versailles,_galerie_des_glaces.jpg"
Palace_of_Versailles,177768,9,commons/Salon_de_la_Guerre_du_Château_de_Versailles/0/pictures/Palace_of_Versailles_Salon_de_Guerre_(War_Room)_(27740481443).jpg
Palace_of_Versailles,177768,9,"commons/Hall_of_Mirrors_(Palace_of_Versailles)/0/pictures/Château_de_Versailles,_la_galerie_des_Glaces,_détails.jpg"
Palace_of_Versailles,177768,9,commons/Hall_of_Mirrors_(Palace_of_Versailles)/0/pictures/Château_de_Versailles.-_La-galerie_des_glaces.jpg
Palace_of_Versailles,177768,9,commons/Hall_of_Mirrors_(Palace_of_Versailles)/0/pictures/Details_Galerie_des_glaces_Chateau_de_Versailles.jpg
Palace_of_Versailles,177768,9,commons/Salon_de_la_Guerre_du_Château_de_Versailles/0/pictures/Wersal_2013_(19).JPG
Palace_of_Versailles,177768,9,commons/Hall_of_Mirrors_(Palace_of_Versailles)/0/pictures/Fotothek-df_ge_0000171-Spiegelsaal_im_Schloss.jpg
Palace_of_Versailles,177768,9,commons/Mirrors_in_the_Palace_of_Versailles/0/pictures/Château_de_Versailles_-2009-12-29_071.JPG
Palace_of_Versailles,177768,9,commons/Hall_of_Mirrors_(Palace_of_Versailles)/0/pictures/France-000368_-_Hall_of_Mirrors_(14848478673).jpg
Palace_of_Versailles,177768,9,commons/Hall_of_Mirrors_(Palace_of_Versailles)/0/pictures/France-000368C_-_Hall_of_Mirrors_(14641986468).jpg
Palace_of_Versailles,177768,9,commons/Hall_of_Mirrors_(Palace_of_Versailles)/0/pictures/France-000369_-_Hall_of_Mirrors_Ceiling_(14828645935).jpg
Palace_of_Versailles,177768,9,commons/Hall_of_Mirrors_(Palace_of_Versailles)/0/pictures/France-000370_-_Hall_of_Mirrors_(14828292302).jpg
Palace_of_Versailles,177768,9,commons/Tapestries_in_the_Palace_of_Versailles/0/pictures/Artwork_from_the_Palace_of_Versailless_09.jpg
Palace_of_Versailles,177768,9,commons/Hall_of_Mirrors_(Palace_of_Versailles)/0/pictures/France-000378_-_Hall_of_Mirrors_(14848572773).jpg
Palace_of_Versailles,177768,9,commons/Hall_of_Mirrors_(Palace_of_Versailles)/0/pictures/Francia1.jpg
Palace_of_Versailles,177768,9,commons/Hall_of_Mirrors_(Palace_of_Versailles)/0/pictures/Galeie_glaces_versailles.jpg
Palace_of_Versailles,177768,9,commons/Hall_of_Mirrors_(Palace_of_Versailles)/0/pictures/Galerie_Glaces_Château_Versailles_-_Versailles_(FR78)_-_2021-12-19_-_1.jpg
Palace_of_Versailles,177768,9,commons/Hall_of_Mirrors_(Palace_of_Versailles)/0/pictures/Galerie_Glaces_Château_Versailles_-_Versailles_(FR78)_-_2021-12-19_-_6.jpg
Palace_of_Versailles,177768,9,commons/Versailles_wooden_flooring_style/0/pictures/Chateau_de_Versailles_2011_Galerie_des_Glaces.jpg
Palace_of_Versailles,177768,9,commons/Hall_of_Mirrors_(Palace_of_Versailles)/0/pictures/Galerie_des_Glaces_(23674459974).jpg
Palace_of_Versailles,177768,9,commons/Hall_of_Mirrors_(Palace_of_Versailles)/0/pictures/Galerie_des_Glaces_(23674119404).jpg
Palace_of_Versailles,177768,9,commons/Hall_of_Mirrors_(Palace_of_Versailles)/0/pictures/Galerie_des_Glaces_01.jpg
Palace_of_Versailles,177768,9,commons/Hall_of_Mirrors_(Palace_of_Versailles)/0/pictures/Galerie_des_Glaces2.jpg
Palace_of_Versailles,177768,9,"commons/Hall_of_Mirrors_(Palace_of_Versailles)/0/pictures/Galería_de_los_espejos,_Palacio_de_Versalles,_Francia_(29290237876).jpg"
Palace_of_Versailles,177768,9,commons/Chandeliers_in_the_Palace_of_Versailles/0/pictures/Chateau_de_Versailles_2011_Galerie_des_Glaces.jpg
Palace_of_Versailles,177768,9,commons/Hall_of_Mirrors_(Palace_of_Versailles)/0/pictures/Galería_de_los_espejos._Versalles._05.JPG
Palace_of_Versailles,177768,9,commons/Hall_of_Mirrors_(Palace_of_Versailles)/0/pictures/Gallerie_des_Glaces.jpg
Palace_of_Versailles,177768,9,commons/Hall_of_Mirrors_(Palace_of_Versailles)/0/pictures/Gallery_of_Mirrors_Versailles_France_LCCN2001698740.jpg
Palace_of_Versailles,177768,9,commons/Hall_of_Mirrors_(Palace_of_Versailles)/0/pictures/Hall_of_Mirrors_(5987345188).jpg
Palace_of_Versailles,177768,9,commons/Hall_of_Mirrors_(Palace_of_Versailles)/0/pictures/Hall_of_Mirrors_(6848948532).jpg
Palace_of_Versailles,177768,9,commons/Tapestries_in_the_Palace_of_Versailles/0/pictures/Artwork_from_the_Palace_of_Versailless_11.jpg
Palace_of_Versailles,177768,9,"commons/Hall_of_Mirrors_(Palace_of_Versailles)/0/pictures/Gang_in_het_paleis_van_Versailles_584_'Versailles._Le_Palais,_Galerie_des_Glaces_(titel_op_object),_RP-F-F16642.jpg"
Palace_of_Versailles,177768,9,commons/Hall_of_Mirrors_(Palace_of_Versailles)/0/pictures/Hall_of_Mirrors_in_Versailles_凡爾賽鏡廳_-_panoramio.jpg
Palace_of_Versailles,177768,9,"commons/Hall_of_Mirrors_(Palace_of_Versailles)/0/pictures/Hall_of_Mirrors,_Palace_of_Versailles_chandeliers.JPG"
Palace_of_Versailles,177768,9,commons/Salon_d’Apollon_du_Château_de_Versailles/0/pictures/Versailles_Château_de_Versailles_Innen_Apollon-Salon_Decke_2.jpg
Palace_of_Versailles,177768,9,commons/Hall_of_Mirrors_(Palace_of_Versailles)/0/pictures/HallOfMirrors.jpg
Palace_of_Versailles,177768,9,commons/Hall_of_Mirrors_(Palace_of_Versailles)/0/pictures/La_Galerie_des_Glaces.jpg
Palace_of_Versailles,177768,10,"commons/Marble_sculptures_in_the_domain_of_Versailles/0/pictures/Château_de_Versailles,_vestibule_de_la_chapelle,_Gloire_tenant_le_portrait_de_Louis_XV,_Antoine_Vassé_02.jpg"
Palace_of_Versailles,177768,10,"commons/Marble_sculptures_in_the_domain_of_Versailles/0/pictures/Château_de_Versailles,_vestibule_de_la_chapelle,_Gloire_tenant_le_portrait_de_Louis_XV,_Antoine_Vassé_01.jpg"
Palace_of_Versailles,177768,10,commons/High_hall_of_the_chapel_of_the_Palace_of_Versailles/0/pictures/ヴェルサイユ宮殿_-_panoramio_-_mayatomo_(2).jpg
Palace_of_Versailles,177768,10,commons/High_hall_of_the_chapel_of_the_Palace_of_Versailles/0/pictures/Palace_of_Versailles_Hercules_Drawing-Room_(28281405691).jpg
Palace_of_Versailles,177768,10,commons/Palace_of_Versailles/0/pictures/FR_Versalles_0711_(14)_(17063682668).jpg
Palace_of_Versailles,177768,10,commons/High_hall_of_the_chapel_of_the_Palace_of_Versailles/0/pictures/Antesala_capilla_Versalles._03.JPG
Palace_of_Versailles,177768,10,commons/Statues_in_the_Palace_of_Versailles/0/pictures/Chateau_de_Versailles_Vestibule_Haut_02.jpg
Palace_of_Versailles,177768,10,commons/High_hall_of_the_chapel_of_the_Palace_of_Versailles/0/pictures/Chateau_de_Versailles_Vestibule_Haut_01.jpg
Palace_of_Versailles,177768,10,commons/Statues_in_the_Palace_of_Versailles/0/pictures/Chateau_de_Versailles_Vestibule_Haut_01.jpg
Palace_of_Versailles,177768,10,commons/Sculptures_in_the_Palace_of_Versailles/0/pictures/Chateau_de_Versailles_Vestibule_Haut_03.jpg
Palace_of_Versailles,177768,10,commons/High_hall_of_the_chapel_of_the_Palace_of_Versailles/0/pictures/Chateau_de_Versailles_Vestibule_Haut_02.jpg
Palace_of_Versailles,177768,10,"commons/High_hall_of_the_chapel_of_the_Palace_of_Versailles/0/pictures/Château_de_Versailles,_vestibule_de_la_chapelle,_Gloire_tenant_le_portrait_de_Louis_XV,_Antoine_Vassé_01.jpg"
Palace_of_Versailles,177768,10,"commons/Statues_in_the_Palace_of_Versailles/0/pictures/Château_de_Versailles,_vestibule_de_la_chapelle,_Gloire_tenant_le_portrait_de_Louis_XV,_Antoine_Vassé_01.jpg"
Palace_of_Versailles,177768,10,commons/High_hall_of_the_chapel_of_the_Palace_of_Versailles/0/pictures/Chateau_de_Versailles_Vestibule_Haut_03.jpg
Palace_of_Versailles,177768,10,"commons/High_hall_of_the_chapel_of_the_Palace_of_Versailles/0/pictures/Château_de_Versailles,_vestibule_de_la_chapelle,_Gloire_tenant_le_portrait_de_Louis_XV,_Antoine_Vassé_02.jpg"
Palace_of_Versailles,177768,10,"commons/Statues_in_the_Palace_of_Versailles/0/pictures/Château_de_Versailles,_vestibule_de_la_chapelle,_Gloire_tenant_le_portrait_de_Louis_XV,_Antoine_Vassé_02.jpg"
Palace_of_Versailles,177768,10,commons/Sculptures_in_the_Palace_of_Versailles/0/pictures/Chateau_de_Versailles_Vestibule_Haut_05.jpg
Palace_of_Versailles,177768,10,commons/High_hall_of_the_chapel_of_the_Palace_of_Versailles/0/pictures/Chateau_de_Versailles_Vestibule_Haut_05.jpg
Palace_of_Versailles,177768,11,"commons/Mirrors_in_the_Palace_of_Versailles/0/pictures/Chateau_de_Versailles,_France_(8132691272).jpg"
Palace_of_Versailles,177768,11,commons/Google_Art_Project_works_in_Palace_of_Versailles/0/pictures/Pierre_François_Cozette_-_Portrait_de_Louis_XV_en_costume_royal_-_Google_Art_Project.jpg
Palace_of_Versailles,177768,11,commons/Furniture_of_the_Palace_of_Versailles/0/pictures/FW_Schloss_Versailles3.jpg
Palace_of_Versailles,177768,11,"commons/Chandeliers_in_the_Palace_of_Versailles/0/pictures/Chateau_de_Versailles,_France_(8132691272).jpg"
Palace_of_Versailles,177768,11,commons/Salon_des_Nobles_du_Château_de_Versailles/0/pictures/The_Palace_of_Versailles_(23674537474).jpg
Palace_of_Versailles,177768,11,"commons/Salon_des_Nobles_du_Château_de_Versailles/0/pictures/Queen's_nobles_room,_Versailles_22_June_2014.jpg"
Palace_of_Versailles,177768,11,commons/Salon_des_Nobles_du_Château_de_Versailles/0/pictures/Pierre_François_Cozette_-_Portrait_de_Louis_XV_en_costume_royal_-_Google_Art_Project.jpg
Palace_of_Versailles,177768,11,"commons/Mirrors_in_the_Palace_of_Versailles/0/pictures/Queen's_nobles_room,_Versailles_22_June_2014.jpg"
Palace_of_Versailles,177768,11,"commons/Chandeliers_in_the_Palace_of_Versailles/0/pictures/Queen's_nobles_room,_Versailles_22_June_2014.jpg"
Palace_of_Versailles,177768,11,commons/Upholstered_armchairs_in_the_Palace_of_Versailles/0/pictures/FW_Schloss_Versailles3.jpg
Palace_of_Versailles,177768,11,commons/Salon_des_Nobles_du_Château_de_Versailles/0/pictures/Palace_of_Versailles_Salon_des_Nobles_de_la_Reine_(9812045576).jpg
Palace_of_Versailles,177768,11,commons/Salon_des_Nobles_du_Château_de_Versailles/0/pictures/FW_Schloss_Versailles3.jpg
Palace_of_Versailles,177768,11,"commons/Salon_des_Nobles_du_Château_de_Versailles/0/pictures/Chateau_de_Versailles,_France_(8132691272).jpg"
Palace_of_Versailles,177768,12,commons/Overdoors_in_the_Palace_of_Versailles/0/pictures/Chateau_de_Versailles_Petit_appartement_du_roi_040.jpg
Palace_of_Versailles,177768,12,commons/Mirrors_in_the_Palace_of_Versailles/0/pictures/Chateau_de_Versailles_Petit_appartement_du_roi_040.jpg
Palace_of_Versailles,177768,12,commons/Marble_in_the_Palace_of_Versailles/0/pictures/Chateau_de_Versailles_Petit_appartement_du_roi_036.jpg
Palace_of_Versailles,177768,12,commons/Furniture_of_the_Palace_of_Versailles/0/pictures/Chateau_de_Versailles_Petit_appartement_du_roi_041.jpg
Palace_of_Versailles,177768,12,commons/Upholstered_armchairs_in_the_Palace_of_Versailles/0/pictures/Chateau_de_Versailles_Petit_appartement_du_roi_040.jpg
Palace_of_Versailles,177768,12,commons/Furniture_of_the_Palace_of_Versailles/0/pictures/Chateau_de_Versailles_Petit_appartement_du_roi_042.jpg
Palace_of_Versailles,177768,12,commons/Chandeliers_in_the_Palace_of_Versailles/0/pictures/Chateau_de_Versailles_Petit_appartement_du_roi_040.jpg
Palace_of_Versailles,177768,12,commons/Fireplaces_in_the_Palace_of_Versailles/0/pictures/Chateau_de_Versailles_Petit_appartement_du_roi_040.jpg
Palace_of_Versailles,177768,12,commons/Fireplaces_in_the_Palace_of_Versailles/0/pictures/Chateau_de_Versailles_Petit_appartement_du_roi_036.jpg
Palace_of_Versailles,177768,12,commons/Clocks_in_the_Palace_of_Versailles/0/pictures/Chateau_de_Versailles_Petit_appartement_du_roi_032.jpg
Palace_of_Versailles,177768,12,commons/Clocks_in_the_Palace_of_Versailles/0/pictures/Chateau_de_Versailles_Petit_appartement_du_roi_031.jpg
Palace_of_Versailles,177768,12,commons/Fireplaces_in_the_Palace_of_Versailles/0/pictures/Chateau_de_Versailles_Petit_appartement_du_roi_041.jpg
Palace_of_Versailles,177768,12,commons/Clocks_in_the_Palace_of_Versailles/0/pictures/Chateau_de_Versailles_Petit_appartement_du_roi_033.jpg
Palace_of_Versailles,177768,12,commons/Fireplaces_in_the_Palace_of_Versailles/0/pictures/Chateau_de_Versailles_Petit_appartement_du_roi_042.jpg
Palace_of_Versailles,177768,12,commons/Clocks_in_the_Palace_of_Versailles/0/pictures/Chateau_de_Versailles_Petit_appartement_du_roi_034.jpg
Palace_of_Versailles,177768,12,commons/Furniture_of_the_Palace_of_Versailles/0/pictures/Chateau_de_Versailles_Petit_appartement_du_roi_040.jpg
Palace_of_Versailles,177768,12,commons/Clocks_in_the_Palace_of_Versailles/0/pictures/Chateau_de_Versailles_Petit_appartement_du_roi_040.jpg
Palace_of_Versailles,177768,12,commons/Clocks_in_the_Palace_of_Versailles/0/pictures/Chateau_de_Versailles_Petit_appartement_du_roi_041.jpg
Palace_of_Versailles,177768,13,commons/Google_Art_Project_works_in_Palace_of_Versailles/0/pictures/Paolo_Veronese_-_Le_Repas_chez_Simon_le_Pharisien_-_Google_Art_ProjectFXD.jpg
Palace_of_Versailles,177768,13,commons/Google_Art_Project_works_in_Palace_of_Versailles/0/pictures/Paolo_Veronese_-_Le_Repas_chez_Simon_le_Pharisien_-_Google_Art_Project.jpg
Palace_of_Versailles,177768,13,commons/Fireplaces_in_the_Palace_of_Versailles/0/pictures/Schloss_Versailles_Paris_Kamin.jpg
Palace_of_Versailles,177768,13,commons/Ceilings_in_the_Palace_of_Versailles/0/pictures/Versailles_Château_de_Versailles_Innen_Herkules-Salon_Decke.jpg
Palace_of_Versailles,177768,13,commons/Salon_d'Hercule_du_Château_de_Versailles/0/pictures/Palace_of_Versailles_Salon_d'Hercule_(9812043536).jpg
Palace_of_Versailles,177768,13,"commons/Salon_d'Hercule_du_Château_de_Versailles/0/pictures/Éliézer_et_Rebecca,_Veronese.jpg"
Palace_of_Versailles,177768,13,commons/Salon_d'Hercule_du_Château_de_Versailles/0/pictures/Palace_of_Versailles_31.jpg
Palace_of_Versailles,177768,13,commons/Salon_d'Hercule_du_Château_de_Versailles/0/pictures/Versailles_Château_de_Versailles_Innen_Herkules-Salon_Decke.jpg
Palace_of_Versailles,177768,13,commons/Salon_d'Hercule_du_Château_de_Versailles/0/pictures/Versailles_Château_de_Versailles_Innen_Herkules-Salon_3.jpg
Palace_of_Versailles,177768,13,commons/Ceilings_in_the_Palace_of_Versailles/0/pictures/Palace_of_Versailles_45_2012-06-30.jpg
Palace_of_Versailles,177768,13,commons/Salon_d'Hercule_du_Château_de_Versailles/0/pictures/Versailles_Château_de_Versailles_Innen_Herkules-Salon_2.jpg
Palace_of_Versailles,177768,13,commons/Salon_d'Hercule_du_Château_de_Versailles/0/pictures/Palace_of_Versailles_45_2012-06-30.jpg
Palace_of_Versailles,177768,13,"commons/Salon_d'Hercule_du_Château_de_Versailles/0/pictures/Le_Chateau_de_Versailles_,_Palace_of_Versailles_interiors_in_art_3.JPG"
Palace_of_Versailles,177768,13,commons/Salon_d'Hercule_du_Château_de_Versailles/0/pictures/Intérieur_Château_Versailles_-_Versailles_(FR78)_-_2021-12-19_-_9.jpg
Palace_of_Versailles,177768,13,commons/Salon_d'Hercule_du_Château_de_Versailles/0/pictures/Intérieur_Château_Versailles_-_Versailles_(FR78)_-_2021-12-19_-_10.jpg
Palace_of_Versailles,177768,13,commons/Salon_d'Hercule_du_Château_de_Versailles/0/pictures/Grande_salle_chateau_de_versailles.jpg
Palace_of_Versailles,177768,13,commons/Ceilings_in_the_Palace_of_Versailles/0/pictures/Ceiling_in_the_Palace_of_Versailles_(32130007331).jpg
Palace_of_Versailles,177768,13,commons/Salon_d'Hercule_du_Château_de_Versailles/0/pictures/France-000326B_-_Christ's_Supper_at_the_House_of_Simon_(14641667338).jpg
Palace_of_Versailles,177768,13,commons/Salon_d'Hercule_du_Château_de_Versailles/0/pictures/France-000325_-_Hercules_Room_Corner_(14805279786).jpg
Palace_of_Versailles,177768,13,commons/Salon_d'Hercule_du_Château_de_Versailles/0/pictures/Versailles_Château_de_Versailles_Innen_Herkules-Salon_1.jpg
Palace_of_Versailles,177768,13,commons/Salon_d'Hercule_du_Château_de_Versailles/0/pictures/Palace_of_Versailles_46_2012-06-30.jpg
Palace_of_Versailles,177768,13,commons/Salon_d'Hercule_du_Château_de_Versailles/0/pictures/France-000323B_-_Rebecca_and_Eliézer_(14825185171).jpg
Palace_of_Versailles,177768,13,commons/Salon_d'Hercule_du_Château_de_Versailles/0/pictures/Le_Repas_chez_Simon_-_Le_salon_d'Hercule_(23934444269).jpg
Palace_of_Versailles,177768,13,"commons/Salon_d'Hercule_du_Château_de_Versailles/0/pictures/Château_de_Versailles,_le_Salon_d'Hercule.jpg"
Palace_of_Versailles,177768,13,commons/Salon_d'Hercule_du_Château_de_Versailles/0/pictures/Le_salon_d'Hercule_(24302264315).jpg
Palace_of_Versailles,177768,13,commons/Salon_d'Hercule_du_Château_de_Versailles/0/pictures/Salon_d'Hercule_04.JPG
Palace_of_Versailles,177768,13,commons/Salon_d'Hercule_du_Château_de_Versailles/0/pictures/Château_de_Versailles_-_Salon.jpg
Palace_of_Versailles,177768,13,commons/Salon_d'Hercule_du_Château_de_Versailles/0/pictures/Salon_d'Hercule_03.JPG
Palace_of_Versailles,177768,13,"commons/Chapel_of_the_Palace_of_Versailles,_ceiling/0/pictures/Château_de_Versailles_-_Chapelle_-_Intérieur,_plafond.jpg"
Palace_of_Versailles,177768,13,commons/Salon_d'Hercule_du_Château_de_Versailles/0/pictures/Palace_of_Versailles_50_2012-06-30.jpg
Palace_of_Versailles,177768,13,commons/Salon_d'Hercule_du_Château_de_Versailles/0/pictures/Palace_of_Versailles_51_2012-06-30.jpg
Palace_of_Versailles,177768,13,commons/Salon_d'Hercule_du_Château_de_Versailles/0/pictures/Palace_of_Versailles_52_2012-06-30.jpg
Palace_of_Versailles,177768,13,commons/Salon_d'Hercule_du_Château_de_Versailles/0/pictures/Palace_of_Versailles_53_2012-06-30.jpg
Palace_of_Versailles,177768,13,commons/Salon_d'Hercule_du_Château_de_Versailles/0/pictures/Palace_of_Versailles_54_2012-06-30.jpg
Palace_of_Versailles,177768,13,commons/High_hall_of_the_chapel_of_the_Palace_of_Versailles/0/pictures/Palace_of_Versailles_41_2012-06-30.jpg
Palace_of_Versailles,177768,13,commons/Salon_d'Hercule_du_Château_de_Versailles/0/pictures/Palace_of_Versailles_56_2012-06-30.jpg
Palace_of_Versailles,177768,13,commons/Salon_d'Hercule_du_Château_de_Versailles/0/pictures/Palace_of_Versailles_57_2012-06-30.jpg
Palace_of_Versailles,177768,13,commons/Salon_d'Hercule_du_Château_de_Versailles/0/pictures/Palace_of_Versailles_Hercules_Drawing-Room_(27743926623).jpg
Palace_of_Versailles,177768,13,commons/Salon_d'Hercule_du_Château_de_Versailles/0/pictures/Palace_of_Versailles_Hercules_Drawing-Room_(28359731705).jpg
Palace_of_Versailles,177768,13,commons/Ceilings_in_the_Palace_of_Versailles/0/pictures/France-000325_-_Hercules_Room_Corner_(14805279786).jpg
Palace_of_Versailles,177768,13,commons/Salon_d'Hercule_du_Château_de_Versailles/0/pictures/Panorama_of_the_ceiling_of_Le_salon_d'Hercule_(24275994646).jpg
Palace_of_Versailles,177768,13,commons/Salon_d'Hercule_du_Château_de_Versailles/0/pictures/Room_Hércules_(36600672284).jpg
Palace_of_Versailles,177768,13,commons/Ceilings_in_the_Palace_of_Versailles/0/pictures/Grande_salle_chateau_de_versailles.jpg
Palace_of_Versailles,177768,13,commons/Salon_d'Hercule_du_Château_de_Versailles/0/pictures/Salon_Hercule_2.jpg
Palace_of_Versailles,177768,13,commons/Salon_d'Hercule_du_Château_de_Versailles/0/pictures/Schloss_Versailles_Paris_Kamin.jpg
Palace_of_Versailles,177768,14,commons/Tapestries_in_the_Palace_of_Versailles/0/pictures/Artwork_from_the_Palace_of_Versailless_02.jpg
Palace_of_Versailles,177768,14,commons/Interior_of_the_Palace_of_Versailles/0/pictures/Intérieur_Château_Versailles_-_Versailles_(FR78)_-_2021-12-19_-_18.jpg
Palace_of_Versailles,177768,14,commons/Tapestries_in_the_Palace_of_Versailles/0/pictures/Artwork_from_the_Palace_of_Versailless_03.jpg
Palace_of_Versailles,177768,14,commons/Ceilings_in_the_Palace_of_Versailles/0/pictures/Versailles_Château_de_Versailles_Innen_Merkur-Salon_Decke_2.jpg
Palace_of_Versailles,177768,14,commons/Ceilings_in_the_Palace_of_Versailles/0/pictures/Versailles_Château_de_Versailles_Innen_Merkur-Salon_Decke_1.jpg
Palace_of_Versailles,177768,14,commons/Interior_of_the_Palace_of_Versailles/0/pictures/Intérieur_Château_Versailles_-_Versailles_(FR78)_-_2021-12-19_-_19.jpg
Palace_of_Versailles,177768,14,"commons/Salon_de_Mercure_du_Château_de_Versailles/0/pictures/Le_Chateau_de_Versailles_,_Palace_of_Versailles_interiors_in_art_9.JPG"
Palace_of_Versailles,177768,14,commons/Tapestries_in_the_Palace_of_Versailles/0/pictures/Versaille-Spalniata-na-Kralia.jpg
Palace_of_Versailles,177768,14,commons/Salon_de_Mercure_du_Château_de_Versailles/0/pictures/France-000359_-_Automated_Clock_(14641838300).jpg
Palace_of_Versailles,177768,14,commons/Salon_de_Mercure_du_Château_de_Versailles/0/pictures/Versailles_Château_de_Versailles_Innen_Merkur-Salon_Decke_2.jpg
Palace_of_Versailles,177768,14,commons/Interior_of_the_Palace_of_Versailles/0/pictures/Intérieur_Château_Versailles_-_Versailles_(FR78)_-_2021-12-19_-_17.jpg
Palace_of_Versailles,177768,14,commons/Salon_de_Mercure_du_Château_de_Versailles/0/pictures/January_The_Sun_Palais_Versailles_-_Master_Earth_Photography_2014_Le_Roi_-_The_King_of_France_-_panoramio_(3).jpg
Palace_of_Versailles,177768,14,commons/Salon_de_Mercure_du_Château_de_Versailles/0/pictures/Versailles_Château_de_Versailles_Innen_Merkur-Salon_3.jpg
Palace_of_Versailles,177768,14,"commons/Tapestries_in_the_Palace_of_Versailles/0/pictures/Château_de_Versailles,_salon_de_Mercure.jpg"
Palace_of_Versailles,177768,14,commons/Salon_de_Mercure_du_Château_de_Versailles/0/pictures/The_king_room_(9132094846).jpg
Palace_of_Versailles,177768,14,commons/Salon_de_Mercure_du_Château_de_Versailles/0/pictures/France-000365_-_Salon_de_Mercure_(14828607875).jpg
Palace_of_Versailles,177768,14,commons/Salon_de_Mercure_du_Château_de_Versailles/0/pictures/Versaille-Spalniata-na-Kralia.jpg
Palace_of_Versailles,177768,14,commons/Salon_de_Mercure_du_Château_de_Versailles/0/pictures/France-000364_-_Salon_de_Mercure_(14641882160).jpg
Palace_of_Versailles,177768,14,commons/Salon_de_Mercure_du_Château_de_Versailles/0/pictures/Schloss_Versailles_Paris_Koenigsbett.jpg
Palace_of_Versailles,177768,14,commons/Salon_de_Mercure_du_Château_de_Versailles/0/pictures/France-000361_-_Salon_de_Mercure_(14641912749).jpg
Palace_of_Versailles,177768,14,commons/Salon_de_Mercure_du_Château_de_Versailles/0/pictures/France-000360B_-_Automated_Clock_(14641904389).jpg
Palace_of_Versailles,177768,14,commons/Salon_de_Mercure_du_Château_de_Versailles/0/pictures/Paris_IMG_20180804_151545_(46028611584).jpg
Palace_of_Versailles,177768,14,commons/Salon_de_Mercure_du_Château_de_Versailles/0/pictures/France-000362_-_Salon_de_Mercure_(14642038177).jpg
Palace_of_Versailles,177768,14,commons/Salon_de_Mercure_du_Château_de_Versailles/0/pictures/January_Palais_Versailles_Paris_-_Master_Earth_Photography_2014_Royal_Galery_-_panoramio.jpg
Palace_of_Versailles,177768,14,commons/Salon_de_Mercure_du_Château_de_Versailles/0/pictures/Château_de_Versailles_-_Chambre.jpg
Palace_of_Versailles,177768,14,commons/Salon_de_Mercure_du_Château_de_Versailles/0/pictures/Grand_appartement_du_roi_-_The_Palace_of_Versailles_(24220140791).jpg
Palace_of_Versailles,177768,14,commons/Beds_in_the_chateau_de_Versailles/0/pictures/Versaille-Spalniata-na-Kralia.jpg
Palace_of_Versailles,177768,14,commons/Palace_of_Versailles/0/pictures/Palace_of_Versailles_Automaton_Clock_Gift_to_Louis_XIV_in_1706_(27741017314).jpg
Palace_of_Versailles,177768,14,commons/Salon_de_Mercure_du_Château_de_Versailles/0/pictures/Le_roi_David_-_Domenico_Zampieri_Versailles_MV5359.jpg
Palace_of_Versailles,177768,14,commons/Salon_de_Mercure_du_Château_de_Versailles/0/pictures/Lit_rouge_-_panoramio.jpg
Palace_of_Versailles,177768,14,commons/Salon_de_Mercure_du_Château_de_Versailles/0/pictures/Palace_of_Versailles_Mercury_Drawing-Room_(27741365663).jpg
Palace_of_Versailles,177768,14,commons/Salon_de_Mercure_du_Château_de_Versailles/0/pictures/Palace_of_Versailles_Salon_de_Mercure_(9812016524).jpg
Palace_of_Versailles,177768,14,commons/Salon_de_Mercure_du_Château_de_Versailles/0/pictures/Palace_of_Versailles_Mercury_Drawing-Room_(28253588042).jpg
Palace_of_Versailles,177768,14,"commons/Salon_de_Mercure_du_Château_de_Versailles/0/pictures/Château_de_Versailles,_salon_de_Mercure.jpg"
Palace_of_Versailles,177768,14,"commons/Salon_de_Mercure_du_Château_de_Versailles/0/pictures/Salon_de_Mercure,_Château_de_Versailles_140315_1.jpg"
Palace_of_Versailles,177768,14,commons/Salon_de_Mercure_du_Château_de_Versailles/0/pictures/Versailles_Château_de_Versailles_Innen_Merkur-Salon_1.jpg
Palace_of_Versailles,177768,14,commons/Salon_de_Mercure_du_Château_de_Versailles/0/pictures/Versailles_Château_de_Versailles_Innen_Merkur-Salon_2.jpg
Palace_of_Versailles,177768,14,commons/Salon_de_Mercure_du_Château_de_Versailles/0/pictures/Versailles_Château_de_Versailles_Innen_Merkur-Salon_Decke_1.jpg
Palace_of_Versailles,177768,14,commons/Ceilings_in_the_Palace_of_Versailles/0/pictures/Versailles_-Ceiling_details_with_wide_angle_-_14.jpg
Palace_of_Versailles,177768,15,commons/Interior_of_the_Palace_of_Versailles/0/pictures/Palace_of_Versailles_85_2012-06-30.jpg
Palace_of_Versailles,177768,15,commons/Interior_of_the_Palace_of_Versailles/0/pictures/Intérieur_Château_Versailles_-_Versailles_(FR78)_-_2021-12-19_-_33.jpg
Palace_of_Versailles,177768,15,commons/Tapestries_in_the_Palace_of_Versailles/0/pictures/Artwork_from_the_Palace_of_Versailless_28.jpg
Palace_of_Versailles,177768,15,commons/Antichambre_de_la_reine_du_Château_de_Versailles/0/pictures/Antechamber_of_the_Grand_Couvert_within_the_Queen's_Grand_Apartment_(24006458490).jpg
Palace_of_Versailles,177768,15,"commons/Antichambre_de_la_reine_du_Château_de_Versailles/0/pictures/Le_Chateau_de_Versailles_,_Palace_of_Versailles_interiors_in_art_21.JPG"
Palace_of_Versailles,177768,15,commons/Tapestries_in_the_Palace_of_Versailles/0/pictures/Antichambre_de_la_reine._Versailles._03.JPG
Palace_of_Versailles,177768,15,commons/Antichambre_de_la_reine_du_Château_de_Versailles/0/pictures/21_mars_2011_-_Présentation_du_Bureau_de_la_Reine_dans_l'antichambre_du_Grand_Couvert.JPG
Palace_of_Versailles,177768,15,commons/Antichambre_de_la_reine_du_Château_de_Versailles/0/pictures/Antichambre_de_la_reine._Versailles._02.JPG
Palace_of_Versailles,177768,15,commons/Antichambre_de_la_reine_du_Château_de_Versailles/0/pictures/Antichambre_de_la_reine-ARTEMISE_COMBATTANT_CONTRE_LES_GRECS_SUR_LES_VAISSEAUX_DE_XERXES.jpg
Palace_of_Versailles,177768,15,commons/Antichambre_de_la_reine_du_Château_de_Versailles/0/pictures/Antichambre_de_la_reine-IPSICRATE_SUIVANT_SON_MARI_MITHRIDATE_A_LA_GUERRE.jpg
Palace_of_Versailles,177768,15,commons/Antichambre_de_la_reine_du_Château_de_Versailles/0/pictures/Antichambre_de_la_reine._Versailles._01.JPG
Palace_of_Versailles,177768,15,commons/Antichambre_de_la_reine_du_Château_de_Versailles/0/pictures/Antichambre_de_la_reine._Versailles._03.JPG
Palace_of_Versailles,177768,15,commons/Antichambre_de_la_reine_du_Château_de_Versailles/0/pictures/Antichambre_de_la_reine._Versailles._04.JPG
Palace_of_Versailles,177768,15,commons/Antichambre_de_la_reine_du_Château_de_Versailles/0/pictures/France-000409_-_Antechamber_of_the_Grand_Couvert_(14642661017).jpg
Palace_of_Versailles,177768,15,commons/Tapestries_in_the_Palace_of_Versailles/0/pictures/Artwork_from_the_Palace_of_Versailless_27.jpg
Palace_of_Versailles,177768,15,commons/Antichambre_de_la_reine_du_Château_de_Versailles/0/pictures/France-000408_-_Antechamber_of_the_Grand_Couvert_(14642648177).jpg
Palace_of_Versailles,177768,15,commons/Antichambre_de_la_reine_du_Château_de_Versailles/0/pictures/January_The_Sun_Palais_Versailles_-_Master_Earth_Photography_2014_Le_Roi_-_The_King_of_France_-_panoramio_(1).jpg
Palace_of_Versailles,177768,15,commons/Salon_de_Mars_du_Château_de_Versailles/0/pictures/P1020963_(5015169579).jpg
Palace_of_Versailles,177768,16,"commons/Fireplaces_in_the_Palace_of_Versailles/0/pictures/Château_de_Versailles,_salon_d'Hercule,_cheminée_(corne_d'abondance),_Antoine_Vassé.jpg"
Palace_of_Versailles,177768,16,"commons/Salon_d'Hercule_du_Château_de_Versailles/0/pictures/Château_de_Versailles,_salon_d'Hercule.jpg"
Palace_of_Versailles,177768,16,"commons/Salon_d'Hercule_du_Château_de_Versailles/0/pictures/Château_de_Versailles,_salon_d'Hercule,_cheminée_(tête_d'Hercule),_Antoine_Vassé.jpg"
Palace_of_Versailles,177768,16,"commons/Fireplaces_in_the_Palace_of_Versailles/0/pictures/Château_de_Versailles,_salon_d'Hercule,_cheminée_(tête_d'Hercule),_Antoine_Vassé.jpg"
Palace_of_Versailles,177768,16,"commons/Salon_d'Hercule_du_Château_de_Versailles/0/pictures/Château_de_Versailles,_salon_d'Hercule,_cheminée_(corne_d'abondance),_Antoine_Vassé.jpg"
Palace_of_Versailles,177768,16,commons/Interior_of_the_Palace_of_Versailles/0/pictures/Château_de_Versailles_(3501539755).jpg
Palace_of_Versailles,177768,16,commons/Salon_d'Hercule_du_Château_de_Versailles/0/pictures/Cheminée-Salon_d'Hercule-Versailles.jpg
Palace_of_Versailles,177768,16,commons/Musée_national_du_Château_de_Versailles/0/pictures/Château_de_Versailles_(24458129421).jpg
Palace_of_Versailles,177768,16,"commons/Reliefs_in_the_Palace_of_Versailles/0/pictures/Château_de_Versailles,_salon_d'Hercule.jpg"
Palace_of_Versailles,177768,16,"commons/Reliefs_in_the_Palace_of_Versailles/0/pictures/Château_de_Versailles,_salon_d'Hercule,_cheminée_(tête_d'Hercule),_Antoine_Vassé.jpg"
Palace_of_Versailles,177768,16,"commons/Reliefs_in_the_Palace_of_Versailles/0/pictures/Château_de_Versailles,_salon_d'Hercule,_cheminée_(corne_d'abondance),_Antoine_Vassé.jpg"
Palace_of_Versailles,177768,16,commons/Reliefs_in_the_Palace_of_Versailles/0/pictures/Cheminée-Salon_d'Hercule-Versailles.jpg
Palace_of_Versailles,177768,17,"commons/Chapel_of_the_Palace_of_Versailles,_interior/0/pictures/Salle_du_Grand_Orgue_Clicquot,_Orgue_Royal,_Versailles..jpg"
Palace_of_Versailles,177768,17,"commons/Chapel_of_the_Palace_of_Versailles,_interior/0/pictures/Chateau_de_Versailles_Chapelle_royale_2011_2.jpg"
Palace_of_Versailles,177768,17,"commons/Versailles_palace_Royal_chapel_(organ)/0/pictures/Versailles,_Schlosskapelle,_Innenansicht_(9).jpg"
Palace_of_Versailles,177768,17,"commons/Chapel_of_the_Palace_of_Versailles,_ceiling/0/pictures/ChapelleRoyale61.JPG"
Palace_of_Versailles,177768,17,"commons/Chapel_of_the_Palace_of_Versailles,_ceiling/0/pictures/Château_de_Versailles,_detail_plafond.jpg"
Palace_of_Versailles,177768,17,"commons/Chapel_of_the_Palace_of_Versailles,_ceiling/0/pictures/Chateau_de_Versailles_Chapel_02.jpg"
Palace_of_Versailles,177768,17,"commons/Chapel_of_the_Palace_of_Versailles,_ceiling/0/pictures/Palace_of_Versailles_Royal_Chapel_(28077787930).jpg"
Palace_of_Versailles,177768,17,"commons/Chapel_of_the_Palace_of_Versailles,_ceiling/0/pictures/Versailles_Château_de_Versailles_Innen_Chapelle_Chorfresko.jpg"
Palace_of_Versailles,177768,17,"commons/Chapel_of_the_Palace_of_Versailles,_ceiling/0/pictures/Chateau_de_Versailles_Chapelle_royale_2011_2.jpg"
Palace_of_Versailles,177768,17,commons/Palace_of_Versailles/0/pictures/FR_Versalles_0711_(22)_(17225489086).jpg
Palace_of_Versailles,177768,17,"commons/Chapel_of_the_Palace_of_Versailles,_ceiling/0/pictures/Plafond_chapelle_royale_Versailles.JPG"
Palace_of_Versailles,177768,17,commons/Palace_of_Versailles/0/pictures/FR_Versalles_0711_(68)_(16628971574).jpg
Palace_of_Versailles,177768,17,"commons/Chapel_of_the_Palace_of_Versailles,_ceiling/0/pictures/Château_de_Versailles_(5429892703).jpg"
Palace_of_Versailles,177768,17,"commons/Chapel_of_the_Palace_of_Versailles,_interior/0/pictures/Versailles_Château_de_Versailles_Innen_Chapelle_8.jpg"
Palace_of_Versailles,177768,17,"commons/Chapel_of_the_Palace_of_Versailles,_ceiling/0/pictures/Versailles_(4115638683).jpg"
Palace_of_Versailles,177768,17,"commons/Chapel_of_the_Palace_of_Versailles,_interior/0/pictures/Capilla,_Versalles._07.JPG"
Palace_of_Versailles,177768,17,commons/Palace_of_Versailles/0/pictures/FR_Versalles_0711_(12)_(17063682958).jpg
Palace_of_Versailles,177768,17,"commons/Chapel_of_the_Palace_of_Versailles,_interior/0/pictures/Chapelle_du_château_de_Versailles_(niveau_supérieur).jpg"
Palace_of_Versailles,177768,17,"commons/Versailles_palace_Royal_chapel_(organ)/0/pictures/Salle_du_Grand_Orgue_Clicquot,_Orgue_Royal,_Versailles..jpg"
Palace_of_Versailles,177768,17,"commons/Chapel_of_the_Palace_of_Versailles,_interior/0/pictures/Chateau_de_Versailles_Chapel_02.jpg"
Palace_of_Versailles,177768,18,commons/Salle_du_Sacre_du_Château_de_Versailles/0/pictures/David_-_Le_Serment_de_l'armee_fait_a_l'Empereur.png
Palace_of_Versailles,177768,18,"commons/Panoramics_of_the_Palace_of_Versailles/0/pictures/Château_de_Versailles,_salle_du_sacre,_Allégorie_du_dix-huit_brumaire_ou_La_France_sauvée,_1801,_Antoine-François_Callet.jpg"
Palace_of_Versailles,177768,18,commons/Interior_of_the_Palace_of_Versailles/0/pictures/Intérieur_Château_Versailles_-_Versailles_(FR78)_-_2021-12-19_-_43.jpg
Palace_of_Versailles,177768,18,"commons/Google_Art_Project_works_in_Palace_of_Versailles/0/pictures/Jacques_Louis_David-Serment_de_l'armée_fait_à_l'Empereur_après_la_distribution_des_aigles,_5_décembre_1804.jpg"
Palace_of_Versailles,177768,18,commons/Interior_of_the_Palace_of_Versailles/0/pictures/Intérieur_Château_Versailles_-_Versailles_(FR78)_-_2021-12-19_-_44.jpg
Palace_of_Versailles,177768,18,"commons/Google_Art_Project_works_in_Palace_of_Versailles/0/pictures/Antoine-Jean_Gros_-_Bataille_d'Aboukir,_25_juillet_1799_-_Google_Art_Project.jpg"
Palace_of_Versailles,177768,18,"commons/Ceilings_in_the_Palace_of_Versailles/0/pictures/Château_de_Versailles,_salle_du_sacre,_Allégorie_du_dix-huit_brumaire_ou_La_France_sauvée,_1801,_Antoine-François_Callet.jpg"
Palace_of_Versailles,177768,18,"commons/Salle_du_Sacre_du_Château_de_Versailles/0/pictures/Antoine-Jean_Gros_-_Bataille_d'Aboukir,_25_juillet_1799_-_Google_Art_Project.jpg"
Palace_of_Versailles,177768,18,commons/Salle_du_Sacre_du_Château_de_Versailles/0/pictures/Armées_victorieuses_1505191.jpg
Palace_of_Versailles,177768,18,commons/Salle_du_Sacre_du_Château_de_Versailles/0/pictures/Salle_du_Sacre_(24302174275).jpg
Palace_of_Versailles,177768,18,"commons/Salle_du_Sacre_du_Château_de_Versailles/0/pictures/Château_de_Versailles,_salle_du_sacre,_Allégorie_du_dix-huit_brumaire_ou_La_France_sauvée,_1801,_Antoine-François_Callet.jpg"
Palace_of_Versailles,177768,18,commons/Salle_du_Sacre_du_Château_de_Versailles/0/pictures/Salle_du_Sacre_(24007219350).jpg
Palace_of_Versailles,177768,18,commons/Salle_du_Sacre_du_Château_de_Versailles/0/pictures/France-000420_-_Coronation_Room_(14849132123).jpg
Palace_of_Versailles,177768,18,commons/Salle_du_Sacre_du_Château_de_Versailles/0/pictures/Palace_of_Versailles_164_2012-06-30.jpg
Palace_of_Versailles,177768,18,"commons/Salle_du_Sacre_du_Château_de_Versailles/0/pictures/Jacques_Louis_David_-_Serment_de_l'armée_fait_à_l'Empereur_après_la_distribution_des_aigles,_5_décembre_1804_-_Google_Art_Project.jpg"
Palace_of_Versailles,177768,18,"commons/Salle_du_Sacre_du_Château_de_Versailles/0/pictures/Versailles,_colonna_d'austerlitz_della_manifattura_di_sévres_01.JPG"
Palace_of_Versailles,177768,18,"commons/Overdoors_in_the_Palace_of_Versailles/0/pictures/Versailles,_colonna_d'austerlitz_della_manifattura_di_sévres_01.JPG"
Palace_of_Versailles,177768,18,"commons/Salle_du_Sacre_du_Château_de_Versailles/0/pictures/Jacques_Louis_David-Serment_de_l'armée_fait_à_l'Empereur_après_la_distribution_des_aigles,_5_décembre_1804.jpg"
Palace_of_Versailles,177768,18,commons/Salle_du_Sacre_du_Château_de_Versailles/0/pictures/Palace_of_Versailles_163_2012-06-30.jpg
Palace_of_Versailles,177768,18,commons/Salle_du_Sacre_du_Château_de_Versailles/0/pictures/Palace_of_Versailles_165_2012-06-30.jpg
Palace_of_Versailles,177768,18,"commons/Google_Art_Project_works_in_Palace_of_Versailles/0/pictures/Jacques_Louis_David_-_Serment_de_l'armée_fait_à_l'Empereur_après_la_distribution_des_aigles,_5_décembre_1804_-_Google_Art_Project.jpg"
Palace_of_Versailles,177768,18,commons/Salle_du_Sacre_du_Château_de_Versailles/0/pictures/Salle_du_Sacre_-_Le_Couronnement_de_L'Empereur_(24007236790).jpg
Palace_of_Versailles,177768,19,commons/Palace_of_Versailles/0/pictures/Palace_of_Versailles_Apollo_Drawing-Room_(28356535515).jpg
Palace_of_Versailles,177768,19,commons/Palace_of_Versailles/0/pictures/Palace_of_Versailles_Apollo_Drawing-Room_(28277953311).jpg
Palace_of_Versailles,177768,19,commons/Google_Art_Project_works_in_Palace_of_Versailles/0/pictures/Charles_de_La_Fosse_-_Auguste_fait_bâtir_le_port_de_Misène_-_Google_Art_Project.jpg
Palace_of_Versailles,177768,19,commons/Tapestries_in_the_Palace_of_Versailles/0/pictures/Artwork_from_the_Palace_of_Versailless_04.jpg
Palace_of_Versailles,177768,19,commons/Chandeliers_in_the_Palace_of_Versailles/0/pictures/Plafond-Salon_d'Apollon-Versailles.jpg
Palace_of_Versailles,177768,19,commons/Tapestries_in_the_Palace_of_Versailles/0/pictures/Artwork_from_the_Palace_of_Versailless_05.jpg
Palace_of_Versailles,177768,19,commons/Ceilings_in_the_Palace_of_Versailles/0/pictures/Versailles_Château_de_Versailles_Innen_Apollon-Salon_Decke_1.jpg
Palace_of_Versailles,177768,19,commons/Ceilings_in_the_Palace_of_Versailles/0/pictures/Palace_of_Versailles_66_2012-06-30.jpg
Palace_of_Versailles,177768,19,commons/Interior_of_the_Palace_of_Versailles/0/pictures/Intérieur_Château_Versailles_-_Versailles_(FR78)_-_2021-12-19_-_20.jpg
Palace_of_Versailles,177768,19,commons/Salon_d’Apollon_du_Château_de_Versailles/0/pictures/Charles_de_La_Fosse_-_Auguste_fait_bâtir_le_port_de_Misène_-_Google_Art_Project.jpg
Palace_of_Versailles,177768,19,commons/Salon_d’Apollon_du_Château_de_Versailles/0/pictures/Palace_of_Versailles_66_2012-06-30.jpg
Palace_of_Versailles,177768,19,commons/Ceilings_in_the_Palace_of_Versailles/0/pictures/Plafond-Salon_d'Apollon-Versailles.jpg
Palace_of_Versailles,177768,19,"commons/Salon_d’Apollon_du_Château_de_Versailles/0/pictures/Le_Chateau_de_Versailles_,_Palace_of_Versailles_interiors_in_art_10.JPG"
Palace_of_Versailles,177768,19,commons/Palace_of_Versailles/0/pictures/Palace_of_Versailles_Apollo_Drawing-Room_(27740856643).jpg
Palace_of_Versailles,177768,19,commons/Tapestries_in_the_Palace_of_Versailles/0/pictures/Artwork_from_the_Palace_of_Versailless_08.jpg
Palace_of_Versailles,177768,19,commons/Salon_d’Apollon_du_Château_de_Versailles/0/pictures/Salon_d'Apollon-VESPASIEN_FAISANT_ELEVER_LE_COLISEE_A_ROME.jpg
Palace_of_Versailles,177768,19,commons/Palace_of_Versailles/0/pictures/Palace_of_Versailles_Hall_of_Mirrors_(9812078196).jpg
Palace_of_Versailles,177768,19,commons/Salon_d’Apollon_du_Château_de_Versailles/0/pictures/Palace_of_Versailles_67_2012-06-30.jpg
Palace_of_Versailles,177768,19,commons/Salon_d’Apollon_du_Château_de_Versailles/0/pictures/Versailles_Château_de_Versailles_Innen_Apollon-Salon_1.jpg
Palace_of_Versailles,177768,19,commons/Tapestries_in_the_Palace_of_Versailles/0/pictures/Artwork_from_the_Palace_of_Versailless_06.jpg
Palace_of_Versailles,177768,19,commons/Salon_d’Apollon_du_Château_de_Versailles/0/pictures/Palace_of_Versailles_凡爾賽宮_-_panoramio_(2).jpg
Palace_of_Versailles,177768,19,commons/Palace_of_Versailles/0/pictures/Palace_of_Versailles_Apollo_Drawing-Room_(28074304130).jpg
Palace_of_Versailles,177768,19,commons/Salon_d’Apollon_du_Château_de_Versailles/0/pictures/Versailles_Château_de_Versailles_Innen_Apollon-Salon_2.jpg
Palace_of_Versailles,177768,19,commons/Salon_d’Apollon_du_Château_de_Versailles/0/pictures/Palace_of_Versailles_Salon_d'Apollon_(9812017865).jpg
Palace_of_Versailles,177768,19,commons/Palace_of_Versailles/0/pictures/Palace_of_Versailles_Apollo_Drawing-Room_(28073842650).jpg
Palace_of_Versailles,177768,19,commons/Salon_d’Apollon_du_Château_de_Versailles/0/pictures/Versailles_Château_de_Versailles_Innen_Apollon-Salon_3.jpg
Palace_of_Versailles,177768,19,commons/Salon_d’Apollon_du_Château_de_Versailles/0/pictures/Plafond-Salon_d'Apollon-Versailles.jpg
Palace_of_Versailles,177768,19,commons/Salon_d’Apollon_du_Château_de_Versailles/0/pictures/Versailles_Château_de_Versailles_Innen_Apollon-Salon_Decke_1.jpg
Palace_of_Versailles,177768,19,commons/Salon_d’Apollon_du_Château_de_Versailles/0/pictures/Versailles_Château_de_Versailles_Innen_Apollon-Salon_Teppich.jpg
Palace_of_Versailles,177768,20,commons/Staircase_of_the_Princes_of_the_Palace_of_Versailles/0/pictures/Versailles_Château_de_Versailles_Innen_Treppenhaus_Decke_2.jpg
Palace_of_Versailles,177768,20,commons/Interior_of_the_Palace_of_Versailles/0/pictures/Intérieur_Château_Versailles_-_Versailles_(FR78)_-_2021-12-19_-_46.jpg
Palace_of_Versailles,177768,20,commons/Ceilings_in_the_Palace_of_Versailles/0/pictures/Versailles_Château_de_Versailles_Innen_Treppenhaus_Decke_2.jpg
Palace_of_Versailles,177768,20,commons/Staircase_of_the_Princes_of_the_Palace_of_Versailles/0/pictures/Panorama_of_a_hall_in_Versailles_(24302052955).jpg
Palace_of_Versailles,177768,20,commons/Ceilings_in_the_Palace_of_Versailles/0/pictures/Versailles_Château_de_Versailles_Innen_Treppenhaus_Decke_1.jpg
Palace_of_Versailles,177768,20,commons/Staircase_of_the_Princes_of_the_Palace_of_Versailles/0/pictures/Versailles_Château_de_Versailles_Innen_Treppenhaus_Decke_1.jpg
Palace_of_Versailles,177768,20,commons/Ceilings_in_the_Palace_of_Versailles/0/pictures/Versailles_Château_de_Versailles_Innen_Treppenhaus_Decke_3.jpg
Palace_of_Versailles,177768,20,commons/Staircase_of_the_Princes_of_the_Palace_of_Versailles/0/pictures/Versailles_Château_de_Versailles_Innen_Treppenhaus_1.jpg
Palace_of_Versailles,177768,20,commons/Staircase_of_the_Princes_of_the_Palace_of_Versailles/0/pictures/Escalier_des_Princes_au_château_de_Versailles.jpg
Palace_of_Versailles,177768,20,commons/Staircase_of_the_Princes_of_the_Palace_of_Versailles/0/pictures/ヴェルサイユ宮殿_-_panoramio_-_mayatomo_(4).jpg
Palace_of_Versailles,177768,20,commons/Staircase_of_the_Princes_of_the_Palace_of_Versailles/0/pictures/Versailles_Château_de_Versailles_Innen_Treppenhaus_Decke_3.jpg
Palace_of_Versailles,177768,21,commons/Opera_of_the_Palace_of_Versailles/0/pictures/Vue_générale_Opéra_royal.jpg
Palace_of_Versailles,177768,21,commons/Opera_of_the_Palace_of_Versailles/0/pictures/Opera_de_Versalles_05.JPG
Palace_of_Versailles,177768,21,"commons/Opera_of_the_Palace_of_Versailles/0/pictures/Royal_Opera_of_Versailles,_Paris,_MA50.jpg"
Palace_of_Versailles,177768,21,commons/Opera_of_the_Palace_of_Versailles/0/pictures/Opéra_du_château_de_Versailles_-_vue_de_la_salle_-_DSC_0970.jpg
Palace_of_Versailles,177768,21,commons/Opera_of_the_Palace_of_Versailles/0/pictures/Opéra_du_château_de_Versailles_-_ceiling_20170617.jpg
Palace_of_Versailles,177768,21,commons/Opera_of_the_Palace_of_Versailles/0/pictures/Opera_royal_versailles_0007.jpg
Palace_of_Versailles,177768,21,commons/Opera_of_the_Palace_of_Versailles/0/pictures/Opera_royal_versailles_0006.jpg
Palace_of_Versailles,177768,21,commons/Opera_of_the_Palace_of_Versailles/0/pictures/Opera_royal_versailles_0005.jpg
Palace_of_Versailles,177768,21,commons/Opera_of_the_Palace_of_Versailles/0/pictures/Opera_de_Versalles._Techo._02.JPG
Palace_of_Versailles,177768,21,commons/Events_at_Palace_of_Versailles/0/pictures/First_Lady_Melania_Trump_Visits_France_(30939188097).jpg
Palace_of_Versailles,177768,21,commons/Opera_of_the_Palace_of_Versailles/0/pictures/Durameau_Opéra_Versailles_II.jpg
Palace_of_Versailles,177768,21,commons/Events_at_Palace_of_Versailles/0/pictures/First_Lady_Melania_Trump_Visits_France_(30939178497).jpg
Palace_of_Versailles,177768,21,commons/Opera_of_the_Palace_of_Versailles/0/pictures/First_Lady_Melania_Trump_Visits_France_(30939175607).jpg
Palace_of_Versailles,177768,21,commons/Opera_of_the_Palace_of_Versailles/0/pictures/Opera_de_Versalles._Techo._01.JPG
Palace_of_Versailles,177768,21,commons/Opera_of_the_Palace_of_Versailles/0/pictures/Opera_de_Versalles_01.JPG
Palace_of_Versailles,177768,21,commons/Opera_of_the_Palace_of_Versailles/0/pictures/Opera_de_Versalles_02.JPG
Palace_of_Versailles,177768,21,commons/Opera_of_the_Palace_of_Versailles/0/pictures/Plafond_Opera_Royal.jpg
Palace_of_Versailles,177768,21,commons/Opera_of_the_Palace_of_Versailles/0/pictures/Opera_de_Versalles_03.JPG
Palace_of_Versailles,177768,21,"commons/Opera_of_the_Palace_of_Versailles/0/pictures/Royal_Opera_de_Versailles,_Paris,_MA56.jpg"
Palace_of_Versailles,177768,21,commons/Opera_of_the_Palace_of_Versailles/0/pictures/Opera_de_Versalles_04.JPG
Palace_of_Versailles,177768,21,commons/Opera_of_the_Palace_of_Versailles/0/pictures/Opera_de_Versalles_06.JPG
Palace_of_Versailles,177768,21,commons/Opera_of_the_Palace_of_Versailles/0/pictures/Opera_de_Versalles_07.JPG
Palace_of_Versailles,177768,21,commons/Opera_of_the_Palace_of_Versailles/0/pictures/Opera_de_Versalles._Techo._03.jpg
Palace_of_Versailles,177768,21,commons/Opera_of_the_Palace_of_Versailles/0/pictures/Opera_de_Versalles._Techo._04.JPG
Palace_of_Versailles,177768,22,commons/Panoramics_of_the_Palace_of_Versailles/0/pictures/Versaillespanoraama.jpg
Palace_of_Versailles,177768,22,commons/Panoramics_of_the_Palace_of_Versailles/0/pictures/The_Palace_at_Versailles.JPG
Palace_of_Versailles,177768,22,commons/Panoramics_of_the_Palace_of_Versailles/0/pictures/Schloss_Versailles_Rückseite_6.jpg
Palace_of_Versailles,177768,22,commons/Panoramics_of_the_Palace_of_Versailles/0/pictures/Schloss_Versailles_Rückseite_4.jpg
Palace_of_Versailles,177768,22,commons/Panoramics_of_the_Palace_of_Versailles/0/pictures/Schloss_Versailles_Rückseite_3.jpg
Palace_of_Versailles,177768,22,commons/Panoramics_of_the_Palace_of_Versailles/0/pictures/Parterre_du_Midi_de_Versailles.jpg
Palace_of_Versailles,177768,22,commons/Panoramics_of_the_Palace_of_Versailles/0/pictures/Parterre_Sud_-_Château_de_Versailles_-_P1050308-P1050314.jpg
Palace_of_Versailles,177768,22,commons/Panoramics_of_the_Palace_of_Versailles/0/pictures/Parterre_Sud_-_Château_de_Versailles_-_P1050281-P1050293.jpg
Palace_of_Versailles,177768,22,commons/Panoramics_of_the_Palace_of_Versailles/0/pictures/Panorama_-_Château_de_Versailles_(2).jpg
Palace_of_Versailles,177768,22,commons/Panoramics_of_the_Palace_of_Versailles/0/pictures/Palace_of_Versailles_Panorama_Sep_2017.jpg
Palace_of_Versailles,177768,22,commons/Panoramics_of_the_Palace_of_Versailles/0/pictures/Château_de_Versailles_vu_du_parterre_du_Midi.jpg
Palace_of_Versailles,177768,22,"commons/Palace_of_Versailles/0/pictures/Versalles,_Francia_-_panoramio_(19).jpg"
Palace_of_Versailles,177768,22,commons/Palace_of_Versailles/0/pictures/Vue_aérienne_de_Versailles.jpg
Palace_of_Versailles,177768,22,commons/Palace_of_Versailles/0/pictures/Versailles_34.jpg
Palace_of_Versailles,177768,22,commons/Palace_of_Versailles/0/pictures/Versailles_31.jpg
Palace_of_Versailles,177768,22,commons/Palace_of_Versailles/0/pictures/Versailles_-_panoramio_-_Patrick_Nouhailler's…_(236).jpg
Palace_of_Versailles,177768,22,commons/Palace_of_Versailles/0/pictures/Versailles_32.jpg
Palace_of_Versailles,177768,22,commons/Palace_of_Versailles/0/pictures/Versailles_-_panoramio_-_Patrick_Nouhailler's…_(7).jpg
Palace_of_Versailles,177768,22,"commons/Palace_of_Versailles/0/pictures/Versailles_1964,_Palace_Fortepan_41999.jpg"
Palace_of_Versailles,177768,22,commons/Palace_of_Versailles/0/pictures/Versailles_-_panoramio_-_Patrick_Nouhailler's…_(6).jpg
Palace_of_Versailles,177768,22,commons/Palace_of_Versailles/0/pictures/Versailles_-_panoramio_-_Patrick_Nouhailler's…_(164).jpg
Palace_of_Versailles,177768,22,commons/Palace_of_Versailles/0/pictures/The_Palace_Of_Versailles_(50029426408).jpg
Palace_of_Versailles,177768,22,commons/Palace_of_Versailles/0/pictures/The_Palace_Of_Versailies_(50029426043).jpg
Palace_of_Versailles,177768,22,commons/Panoramics_of_the_Palace_of_Versailles/0/pictures/Versaillespanoraama2.2.jpg
Palace_of_Versailles,177768,22,commons/Palace_of_Versailles/0/pictures/Side_View_of_the_Gardens_at_the_Palace_of_Versailles.jpg
Palace_of_Versailles,177768,22,commons/Panoramics_of_the_Palace_of_Versailles/0/pictures/Schloss_Versailles_Rückseite_5.jpg
Palace_of_Versailles,177768,22,commons/Palace_of_Versailles/0/pictures/Pool_attendant_(46189310894).jpg
Palace_of_Versailles,177768,22,commons/Palace_of_Versailles/0/pictures/The_Palace_Of_Versailles_(50029425778).jpg
Palace_of_Versailles,177768,22,commons/Panoramics_of_the_Palace_of_Versailles/0/pictures/Panoramique_Château_de_Versailles_depuis_le_parc.jpg
Palace_of_Versailles,177768,22,commons/Palace_of_Versailles/0/pictures/Statue_at_the_Palace_of_Versailles_IMG_1237.jpg
Palace_of_Versailles,177768,22,commons/Palace_of_Versailles/0/pictures/Panorama_at_the_Château_de_Versailles_-_Main_Garden_3.jpg
Palace_of_Versailles,177768,22,commons/Palace_of_Versailles/0/pictures/Panorama_at_the_Château_de_Versailles_-_Château_at_Sunset.jpg
Palace_of_Versailles,177768,22,commons/Palace_of_Versailles/0/pictures/Palace_of_Versailles_Gardens_(27750067314).jpg
Palace_of_Versailles,177768,22,commons/Palace_of_Versailles/0/pictures/Palace_of_Versailles_(9812086856).jpg
Palace_of_Versailles,177768,22,commons/Palace_of_Versailles/0/pictures/Versailles_-_panoramio_-_Patrick_Nouhailler's…_(86).jpg
Palace_of_Versailles,177768,22,commons/Palace_of_Versailles/0/pictures/Palace_of_Versailles_(9812089143).jpg
Palace_of_Versailles,177768,22,commons/Palace_of_Versailles/0/pictures/Malutki_fragmencik_olbrzymich_ogrodów_Wersalu_i_fragment_zamku_-_panoramio.jpg
Palace_of_Versailles,177768,22,commons/Palace_of_Versailles/0/pictures/Fountain_in_the_Palace_of_Versailles_Gardens.jpg
Palace_of_Versailles,177768,22,commons/Palace_of_Versailles/0/pictures/Façade_of_the_Palace_of_Versailles.jpg
Palace_of_Versailles,177768,22,commons/Palace_of_Versailles/0/pictures/FR_Versalles_0711_(82a)_(17044018927).jpg
Palace_of_Versailles,177768,22,commons/Palace_of_Versailles/0/pictures/Palace_of_Versailles_Gardens_(27752293973).jpg
Palace_of_Versailles,177768,22,commons/Palace_of_Versailles/0/pictures/FR_Versalles_0711_(82)_(17063889300).jpg
Palace_of_Versailles,177768,22,commons/Palace_of_Versailles/0/pictures/Château_de_Versailles_(3501732919).jpg
Palace_of_Versailles,177768,22,commons/Palace_of_Versailles/0/pictures/Château_Versailles.jpg
Palace_of_Versailles,177768,22,commons/Panoramics_of_the_Palace_of_Versailles/0/pictures/Versaillespanoraama2.jpg
Palace_of_Versailles,177768,22,commons/Palace_of_Versailles/0/pictures/Palace_of_Versaille_&_Gardens_(28081623400).jpg
Palace_of_Versailles,177768,22,commons/Palace_of_Versailles/0/pictures/Back_Façade_of_the_Château_de_Versailles_3.jpg
Palace_of_Versailles,177768,22,commons/Palace_of_Versailles/0/pictures/Back_Façade_of_the_Château_de_Versailles.jpg
Palace_of_Versailles,177768,22,commons/Panoramics_of_the_Palace_of_Versailles/0/pictures/Panorama_-_Château_de_Versailles_(1).jpg
Palace_of_Versailles,177768,22,commons/Palace_of_Versailles/0/pictures/Back_Façade_of_the_Château_de_Versailles_2.jpg
Palace_of_Versailles,177768,22,commons/Palace_of_Versailles/0/pictures/Versailles_37.jpg
Palace_of_Versailles,177768,22,commons/Grandes_Eaux_de_Versailles_2013/0/pictures/Parterre_d'eau_et_château_de_Versailles.jpg
Palace_of_Versailles,177768,22,commons/Garden_facade_of_the_Palace_of_Versailles/0/pictures/Vue_partielle_château_de_Versailles.JPG
Palace_of_Versailles,177768,22,commons/Garden_facade_of_the_Palace_of_Versailles/0/pictures/Vue_du_château_de_Versailles2.JPG
Palace_of_Versailles,177768,22,"commons/Palace_of_Versailles/0/pictures/Palace_of_Versailles,_France_-_panoramio.jpg"
Palace_of_Versailles,177768,22,commons/Garden_facade_of_the_Palace_of_Versailles/0/pictures/Vue_du_château_de_Versailles.JPG
Palace_of_Versailles,177768,22,commons/Palace_of_Versailles/0/pictures/Palace_of_Versailles_seem_from_its_Gardens.jpg
Palace_of_Versailles,177768,22,commons/Garden_facade_of_the_Palace_of_Versailles/0/pictures/Vue_aérienne_du_domaine_de_Versailles_par_ToucanWings_-_Creative_Commons_By_Sa_3.0_-_007.jpg
Palace_of_Versailles,177768,22,commons/Garden_facade_of_the_Palace_of_Versailles/0/pictures/Château_de_Versailles_au_coucher_du_soleil_en_2013_13.jpg
Palace_of_Versailles,177768,22,commons/Garden_facade_of_the_Palace_of_Versailles/0/pictures/Château_de_Versailles_-2009-12-29_035.JPG
Palace_of_Versailles,177768,22,"commons/Garden_facade_of_the_Palace_of_Versailles/0/pictures/Versailles_Palace,_France.jpg"
Palace_of_Versailles,177768,22,commons/Aile_du_Midi_(Versailles)/0/pictures/Vue_aérienne_du_domaine_de_Versailles_par_ToucanWings_-_Creative_Commons_By_Sa_3.0_-_005.jpg
Palace_of_Versailles,177768,22,commons/Garden_facade_of_the_Palace_of_Versailles/0/pictures/Château_de_Versailles_-2009-12-29_034.JPG
Palace_of_Versailles,177768,22,commons/Palace_of_Versailles/0/pictures/Versailles_-_panoramio_-_Patrick_Nouhailler's…_(242).jpg
Palace_of_Versailles,177768,22,"commons/Garden_facade_of_the_Palace_of_Versailles/0/pictures/Soleil_couchant_sur_le_Château_de_Versailles,_le_8_septembre_2010.jpg"
Palace_of_Versailles,177768,22,commons/Garden_facade_of_the_Palace_of_Versailles/0/pictures/Château_de_Versailles_-_panoramio_(7).jpg
Palace_of_Versailles,177768,22,commons/Palace_of_Versailles/0/pictures/Versailles_-_panoramio_-_Patrick_Nouhailler's…_(88).jpg
Palace_of_Versailles,177768,22,commons/Palace_of_Versailles/0/pictures/Lovely_day_at_Versailles_-_panoramio.jpg
Palace_of_Versailles,177768,22,commons/Garden_facade_of_the_Palace_of_Versailles/0/pictures/Le_bassin_de_Latone_devant_le_château.JPG
Palace_of_Versailles,177768,22,commons/Garden_facade_of_the_Palace_of_Versailles/0/pictures/Château_de_Versailles_-_Nuit.jpg
Palace_of_Versailles,177768,22,commons/Garden_facade_of_the_Palace_of_Versailles/0/pictures/Château_de_Versailles_(Versailles).jpg
Palace_of_Versailles,177768,22,commons/Garden_facade_of_the_Palace_of_Versailles/0/pictures/Garden_facade_of_the_Palace_of_Versailles.jpg
Palace_of_Versailles,177768,22,commons/Garden_facade_of_the_Palace_of_Versailles/0/pictures/Chateau_de_versailles43.jpg
Palace_of_Versailles,177768,22,commons/Garden_facade_of_the_Palace_of_Versailles/0/pictures/Chateau_de_versailles18.jpg
Palace_of_Versailles,177768,22,commons/Garden_facade_of_the_Palace_of_Versailles/0/pictures/Chateau_de_Versailles_paris.jpg
Palace_of_Versailles,177768,22,"commons/Garden_facade_of_the_Palace_of_Versailles/0/pictures/Back_of_the_Palace,_Versailles_22_June_2014.jpg"
Palace_of_Versailles,177768,22,commons/Garden_facade_of_the_Palace_of_Versailles/0/pictures/Château_de_Versailles_-_panoramio_(2).jpg
Palace_of_Versailles,177768,22,commons/Exterior_of_the_Palace_of_Versailles/0/pictures/Schloss_Versailles_Rückseite_1.JPG
Palace_of_Versailles,177768,22,commons/Garden_facade_of_the_Palace_of_Versailles/0/pictures/Château_de_Versailles_au_coucher_du_soleil_en_2013_46.jpg
Palace_of_Versailles,177768,22,"commons/Palace_of_Versailles/0/pictures/Versalles,_Francia_-_panoramio_(29).jpg"
Palace_of_Versailles,177768,22,commons/Garden_facade_of_the_Palace_of_Versailles/0/pictures/Versailles_chateau.jpg
Palace_of_Versailles,177768,22,commons/Garden_facade_of_the_Palace_of_Versailles/0/pictures/Versailles_(78)_Château_Façade_sur_jardin.jpg
Palace_of_Versailles,177768,22,commons/Garden_facade_of_the_Palace_of_Versailles/0/pictures/Château_de_Versailles_-_panoramio_(12).jpg
Palace_of_Versailles,177768,22,commons/Exterior_of_the_Palace_of_Versailles/0/pictures/Château_de_Versailles_from_the_garden_(23934285679).jpg
Palace_of_Versailles,177768,22,commons/Palace_of_Versailles/0/pictures/Versailles_26.jpg
Palace_of_Versailles,177768,22,commons/Exterior_of_the_Palace_of_Versailles/0/pictures/One_of_the_façades_of_Versailles_(23673989904).jpg
Palace_of_Versailles,177768,22,commons/Garden_facade_of_the_Palace_of_Versailles/0/pictures/Versaille_Castle_-_external_wiew.JPG
Palace_of_Versailles,177768,22,commons/Garden_facade_of_the_Palace_of_Versailles/0/pictures/Bassin_et_parterre_de_Latone-Renovation_2013-3.jpg
Palace_of_Versailles,177768,22,commons/Garden_facade_of_the_Palace_of_Versailles/0/pictures/Château_de_Versailles_au_coucher_du_soleil_en_2013_18.jpg
Palace_of_Versailles,177768,22,commons/Garden_facade_of_the_Palace_of_Versailles/0/pictures/Versailles-Chateau-VueJardins1.jpg
Palace_of_Versailles,177768,22,commons/Garden_facade_of_the_Palace_of_Versailles/0/pictures/Château_de_Versailles_vu_du_parterre_du_Midi.jpg
Palace_of_Versailles,177768,22,"commons/Garden_facade_of_the_Palace_of_Versailles/0/pictures/Garden_facade_of_the_Palace_of_Versailles,_April_2011_(13).jpg"
Palace_of_Versailles,177768,22,commons/Palace_of_Versailles/0/pictures/VERSAILLES_YGD4.jpg
Palace_of_Versailles,177768,22,commons/Aerial_views_of_the_Palace_of_Versailles/0/pictures/Vue_aérienne_du_domaine_de_Versailles_par_ToucanWings_-_Creative_Commons_By_Sa_3.0_-_073_cropped.jpg
Palace_of_Versailles,177768,22,commons/Panoramics_of_the_Palace_of_Versailles/0/pictures/Schloss_Versailles_Rückseite_Abend_1.jpg
Palace_of_Versailles,177768,22,commons/Palace_of_Versailles/0/pictures/Latona_Fountain.jpg
Palace_of_Versailles,177768,22,commons/Events_at_Palace_of_Versailles/0/pictures/Versailles_Chateau_Parterre_Eau_Garonne_Concert_-_panoramio.jpg
Palace_of_Versailles,177768,22,commons/Palace_of_Versailles/0/pictures/Versailles_-_panoramio_-_Patrick_Nouhailler's…_(237).jpg
Palace_of_Versailles,177768,22,commons/Palace_of_Versailles/0/pictures/Palace_of_Versailles_(28080659690).jpg
Palace_of_Versailles,177768,22,commons/Exterior_of_the_Palace_of_Versailles/0/pictures/Château_Versailles_-_Versailles_(FR78)_-_2021-12-19_-_7.jpg
Palace_of_Versailles,177768,22,commons/Aerial_views_of_the_Palace_of_Versailles/0/pictures/Vue_aérienne_du_domaine_de_Versailles_par_ToucanWings_-_Creative_Commons_By_Sa_3.0_-_073.jpg
Palace_of_Versailles,177768,22,commons/Garden_facade_of_the_Palace_of_Versailles/0/pictures/Château_de_Versailles_au_coucher_du_soleil_en_2013_48.jpg
Palace_of_Versailles,177768,22,commons/Aerial_views_of_the_Palace_of_Versailles/0/pictures/Vue_aérienne_du_domaine_de_Versailles_par_ToucanWings_-_Creative_Commons_By_Sa_3.0_-_002.jpg
Palace_of_Versailles,177768,22,commons/Garden_facade_of_the_Palace_of_Versailles/0/pictures/Vue_aérienne_du_domaine_de_Versailles_par_ToucanWings_-_Creative_Commons_By_Sa_3.0_-_005.jpg
Palace_of_Versailles,177768,22,commons/Aile_du_Midi_(Versailles)/0/pictures/Vue_aérienne_du_domaine_de_Versailles_par_ToucanWings_-_Creative_Commons_By_Sa_3.0_-_007.jpg
Palace_of_Versailles,177768,22,commons/Garden_facade_of_the_Palace_of_Versailles/0/pictures/Château_de_Versailles_-2009-12-29_033.JPG
Palace_of_Versailles,177768,22,commons/Garden_facade_of_the_Palace_of_Versailles/0/pictures/Schloss_Versailles_Rückseite_1.JPG
Palace_of_Versailles,177768,22,commons/Exterior_of_the_Palace_of_Versailles/0/pictures/Château_Versailles_-_Versailles_(FR78)_-_2021-12-19_-_9.jpg
Palace_of_Versailles,177768,22,commons/Aerial_views_of_the_Palace_of_Versailles/0/pictures/Vue_aérienne_du_domaine_de_Versailles_par_ToucanWings_-_Creative_Commons_By_Sa_3.0_-_081.jpg
Palace_of_Versailles,177768,22,commons/Garden_facade_of_the_Palace_of_Versailles/0/pictures/Château_de_Versailles_au_coucher_du_soleil_en_2013_50.jpg
Palace_of_Versailles,177768,22,commons/Palace_of_Versailles/0/pictures/Palace_of_Versailles_IMG_4936_(26587663019).jpg
Palace_of_Versailles,177768,22,commons/Aile_du_Midi_(Versailles)/0/pictures/Vue_aérienne_du_domaine_de_Versailles_par_ToucanWings_-_Creative_Commons_By_Sa_3.0_-_090.jpg
Palace_of_Versailles,177768,22,commons/Palace_of_Versailles/0/pictures/Palace_of_Versailles_(9812060895).jpg
Palace_of_Versailles,177768,22,commons/Grandes_Eaux_de_Versailles/0/pictures/Versailles_with_fountain.JPG
Palace_of_Versailles,177768,22,commons/Garden_facade_of_the_Palace_of_Versailles/0/pictures/Une_entrée_du_château_de_Versailles.JPG
Palace_of_Versailles,177768,22,commons/Aerial_views_of_the_Palace_of_Versailles/0/pictures/Vue_aérienne_du_domaine_de_Versailles_par_ToucanWings_-_Creative_Commons_By_Sa_3.0_-_012.jpg
Palace_of_Versailles,177768,22,commons/Garden_facade_of_the_Palace_of_Versailles/0/pictures/Ariane_endormie_-_panoramio.jpg
Palace_of_Versailles,177768,22,commons/Garden_facade_of_the_Palace_of_Versailles/0/pictures/Vue_aérienne_du_domaine_de_Versailles_par_ToucanWings_-_Creative_Commons_By_Sa_3.0_-_006.jpg
Palace_of_Versailles,177768,22,commons/Aile_du_Midi_(Versailles)/0/pictures/Vue_aérienne_du_domaine_de_Versailles_par_ToucanWings_-_Creative_Commons_By_Sa_3.0_-_089.jpg
Palace_of_Versailles,177768,22,commons/Garden_facade_of_the_Palace_of_Versailles/0/pictures/Versailles_-_Corps_Central_sur_le_parterre_d’Eau_(1).JPG
Palace_of_Versailles,177768,22,commons/Palace_of_Versailles/0/pictures/Versailles_28.jpg
Palace_of_Versailles,177768,22,commons/Photographs_of_Versailles_by_Eugène_Atget/0/pictures/Eugène_Atget_-_Versailles_-_Google_Art_Project.jpg
Palace_of_Versailles,177768,22,commons/Garden_facade_of_the_Palace_of_Versailles/0/pictures/Château_de_Versailles_au_coucher_du_soleil_en_2013_27.jpg
Palace_of_Versailles,177768,22,commons/Exterior_of_the_Palace_of_Versailles/0/pictures/Palace_of_Versailles_(5987346742).jpg
Palace_of_Versailles,177768,22,commons/Garden_facade_of_the_Palace_of_Versailles/0/pictures/Chateau_de_Versailles_en_noir_et_blanc.jpg
Palace_of_Versailles,177768,22,commons/Exterior_of_the_Palace_of_Versailles/0/pictures/Château_Versailles_-_Versailles_(FR78)_-_2021-12-19_-_8.jpg
Palace_of_Versailles,177768,22,"commons/Garden_facade_of_the_Palace_of_Versailles/0/pictures/Garden_facade_of_the_Palace_of_Versailles,_April_2011_(11).jpg"
Palace_of_Versailles,177768,22,commons/Palace_of_Versailles/0/pictures/Palacio_de_Versalles.jpg
Palace_of_Versailles,177768,22,commons/Garden_facade_of_the_Palace_of_Versailles/0/pictures/Версаль_-_panoramio_(49).jpg
Palace_of_Versailles,177768,22,commons/Versailles_and_the_court_under_Louis_XIV_(1905)/0/pictures/Versailles_and_the_court_under_Louis_XIV_(1905)_(14579549529).jpg
Palace_of_Versailles,177768,22,commons/Garden_facade_of_the_Palace_of_Versailles/0/pictures/Château_de_Versailles_-2009-12-29_060.JPG
Palace_of_Versailles,177768,22,commons/Garden_facade_of_the_Palace_of_Versailles/0/pictures/Vue_aérienne_du_domaine_de_Versailles_par_ToucanWings_-_Creative_Commons_By_Sa_3.0_-_003.jpg
Palace_of_Versailles,177768,22,commons/Aile_du_Midi_(Versailles)/0/pictures/Vue_aérienne_du_domaine_de_Versailles_par_ToucanWings_-_Creative_Commons_By_Sa_3.0_-_091.jpg
Palace_of_Versailles,177768,22,commons/Palace_of_Versailles/0/pictures/Versailles_35.jpg
Palace_of_Versailles,177768,22,"commons/Aile_du_Midi_(Versailles)/0/pictures/Garden_facade_of_the_Palace_of_Versailles,_April_2011_(11).jpg"
Palace_of_Versailles,177768,22,commons/Garden_facade_of_the_Palace_of_Versailles/0/pictures/Palace_of_Versailles_(5986772371).jpg
Palace_of_Versailles,177768,22,commons/Garden_facade_of_the_Palace_of_Versailles/0/pictures/2023-06-03_Palace_and_park_of_Versailles_84.jpg
Palace_of_Versailles,177768,22,commons/Cour_d'honneur_of_Versailles/0/pictures/Vue_aérienne_du_domaine_de_Versailles_par_ToucanWings_-_Creative_Commons_By_Sa_3.0_-_073_cropped.jpg
Palace_of_Versailles,177768,22,commons/Palace_of_Versailles/0/pictures/Versailles_-_panoramio_-_Patrick_Nouhailler's…_(166).jpg
Palace_of_Versailles,177768,22,commons/Exterior_of_the_Palace_of_Versailles/0/pictures/Chateau_versalles.jpg
Palace_of_Versailles,177768,22,commons/Garden_facade_of_the_Palace_of_Versailles/0/pictures/Vue_aérienne_du_domaine_de_Versailles_par_ToucanWings_-_Creative_Commons_By_Sa_3.0_-_004.jpg
Palace_of_Versailles,177768,22,"commons/Exterior_of_the_Palace_of_Versailles/0/pictures/Palace_of_Versailles_3,_August_2013.jpg"
Palace_of_Versailles,177768,22,commons/Aile_du_Midi_(Versailles)/0/pictures/Vue_du_château_(Versailles).JPG
Palace_of_Versailles,177768,22,commons/Exterior_of_the_Palace_of_Versailles/0/pictures/Château_Versailles_-_Versailles_(FR78)_-_2021-12-19_-_12.jpg
Palace_of_Versailles,177768,22,commons/Exterior_of_the_Palace_of_Versailles/0/pictures/Château_Versailles_-_Versailles_(FR78)_-_2021-12-19_-_11.jpg
Palace_of_Versailles,177768,22,commons/Aerial_views_of_the_Palace_of_Versailles/0/pictures/Vue_aérienne_du_domaine_de_Versailles_par_ToucanWings_-_Creative_Commons_By_Sa_3.0_-_001.jpg
Palace_of_Versailles,177768,22,commons/Garden_facade_of_the_Palace_of_Versailles/0/pictures/Château_de_Versailles_au_coucher_du_soleil_en_2013_39.jpg
Palace_of_Versailles,177768,22,commons/Garden_facade_of_the_Palace_of_Versailles/0/pictures/Château_de_Versailles_au_coucher_du_soleil_en_2013_17.jpg
Palace_of_Versailles,177768,22,commons/Garden_facade_of_the_Palace_of_Versailles/0/pictures/Château_de_Versailles_au_coucher_du_soleil_en_2013_19.jpg
Palace_of_Versailles,177768,22,commons/Aile_du_Midi_(Versailles)/0/pictures/Vue_aérienne_du_domaine_de_Versailles_par_ToucanWings_-_Creative_Commons_By_Sa_3.0_-_006.jpg
Palace_of_Versailles,177768,22,commons/Garden_facade_of_the_Palace_of_Versailles/0/pictures/Versailles-FacadeJardin.jpg
Palace_of_Versailles,177768,22,commons/Garden_facade_of_the_Palace_of_Versailles/0/pictures/Château_de_Versailles_au_coucher_du_soleil_en_2013_20.jpg
Palace_of_Versailles,177768,22,"commons/Exterior_of_the_Palace_of_Versailles/0/pictures/Palace_of_Versailles_2,_August_2013.jpg"
Palace_of_Versailles,177768,22,commons/Garden_facade_of_the_Palace_of_Versailles/0/pictures/Versalles3.jpg
Palace_of_Versailles,177768,22,commons/Palace_of_Versailles/0/pictures/Château_de_Versailles_from_its_Gardens_2.jpg
Palace_of_Versailles,177768,22,commons/Garden_facade_of_the_Palace_of_Versailles/0/pictures/Château_de_Versailles_au_coucher_du_soleil_en_2013_22.jpg
Palace_of_Versailles,177768,22,commons/Aile_du_Midi_(Versailles)/0/pictures/Vue_aérienne_du_domaine_de_Versailles_par_ToucanWings_-_Creative_Commons_By_Sa_3.0_-_004.jpg
Palace_of_Versailles,177768,22,commons/Garden_facade_of_the_Palace_of_Versailles/0/pictures/Vue_aérienne_du_domaine_de_Versailles_par_ToucanWings_-_Creative_Commons_By_Sa_3.0_-_002.jpg
Palace_of_Versailles,177768,22,commons/Palace_of_Versailles/0/pictures/Château_de_Versailles_from_its_Gardens.jpg
Palace_of_Versailles,177768,22,commons/Garden_facade_of_the_Palace_of_Versailles/0/pictures/Château_de_Versailles_au_coucher_du_soleil_en_2013_23.jpg
Palace_of_Versailles,177768,22,commons/Palace_of_Versailles/0/pictures/Palace_of_Versailles_&_Gardens_(28331194236).jpg
Palace_of_Versailles,177768,22,commons/Palace_of_Versailles/0/pictures/Château_de_Versailles_seen_from_its_Gardens_2.jpg
Palace_of_Versailles,177768,22,commons/Garden_facade_of_the_Palace_of_Versailles/0/pictures/Château_de_Versailles_au_coucher_du_soleil_en_2013_24.jpg
Palace_of_Versailles,177768,22,commons/Garden_facade_of_the_Palace_of_Versailles/0/pictures/Château_de_Versailles_au_coucher_du_soleil_en_2013_25.jpg
Palace_of_Versailles,177768,22,commons/Garden_facade_of_the_Palace_of_Versailles/0/pictures/Château_de_Versailles_au_coucher_du_soleil_en_2013_26.jpg
Palace_of_Versailles,177768,22,commons/Aerial_views_of_the_Palace_of_Versailles/0/pictures/Versailles_Palace_(FRA)_–_Equestrian_Olympic_Venue.jpg
Palace_of_Versailles,177768,22,commons/Garden_facade_of_the_Palace_of_Versailles/0/pictures/Château_de_Versailles_au_coucher_du_soleil_en_2013_28.jpg
Palace_of_Versailles,177768,22,commons/Garden_facade_of_the_Palace_of_Versailles/0/pictures/Château_de_Versailles_au_coucher_du_soleil_en_2013_29.jpg
Palace_of_Versailles,177768,22,commons/Garden_facade_of_the_Palace_of_Versailles/0/pictures/Château_de_Versailles_au_coucher_du_soleil_en_2013_32.jpg
Palace_of_Versailles,177768,22,commons/Garden_facade_of_the_Palace_of_Versailles/0/pictures/Château_de_Versailles_au_coucher_du_soleil_en_2013_33.jpg
Palace_of_Versailles,177768,22,commons/Grandes_Eaux_de_Versailles/0/pictures/Fontaines_de_Versailles.jpg
Palace_of_Versailles,177768,22,commons/Garden_facade_of_the_Palace_of_Versailles/0/pictures/Château_de_Versailles_au_coucher_du_soleil_en_2013_38.jpg
Palace_of_Versailles,177768,22,commons/Garden_facade_of_the_Palace_of_Versailles/0/pictures/Château_de_Versailles_au_coucher_du_soleil_en_2013_40.jpg
Palace_of_Versailles,177768,22,commons/Garden_facade_of_the_Palace_of_Versailles/0/pictures/Château_de_Versailles_au_coucher_du_soleil_en_2013_43.jpg
Palace_of_Versailles,177768,22,commons/Palace_of_Versailles/0/pictures/Palace_of_Versailles_(5987331118).jpg
Palace_of_Versailles,177768,22,commons/Garden_facade_of_the_Palace_of_Versailles/0/pictures/Château_de_Versailles_au_coucher_du_soleil_en_2013_44.jpg
Palace_of_Versailles,177768,22,commons/Garden_facade_of_the_Palace_of_Versailles/0/pictures/Château_de_Versailles_au_coucher_du_soleil_en_2013_45.jpg
Palace_of_Versailles,177768,22,"commons/Garden_facade_of_the_Palace_of_Versailles/0/pictures/Coucher_de_soleil_sur_le_Chateau_de_Versailles,_14_août_2010.jpg"
Palace_of_Versailles,177768,22,"commons/Garden_facade_of_the_Palace_of_Versailles/0/pictures/Facade_principale_du_château_de_Versailles,_côté_jardins_-_DSC_0600.jpg"
Palace_of_Versailles,177768,22,commons/Garden_facade_of_the_Palace_of_Versailles/0/pictures/Façade_of_the_Palace_of_Versailles_from_the_Parterre_d'Eau.jpg
Palace_of_Versailles,177768,22,commons/Garden_facade_of_the_Palace_of_Versailles/0/pictures/Façade_ouest_du_château_de_Versailles_1.jpg
Palace_of_Versailles,177768,22,commons/Garden_facade_of_the_Palace_of_Versailles/0/pictures/Françoise_Foliot_-_Versailles_13.jpg
Palace_of_Versailles,177768,22,commons/Exterior_of_the_Palace_of_Versailles/0/pictures/Château_Versailles_-_Versailles_(FR78)_-_2021-12-19_-_10.jpg
Palace_of_Versailles,177768,22,commons/Garden_facade_of_the_Palace_of_Versailles/0/pictures/Garden_facade_of_the_Palace_of_Versailles_1.jpg
Palace_of_Versailles,177768,22,commons/Palace_of_Versailles/0/pictures/Versailles_-_panoramio_-_Patrick_Nouhailler's…_(235).jpg
Palace_of_Versailles,177768,22,"commons/Garden_facade_of_the_Palace_of_Versailles/0/pictures/Garden_facade_of_the_Palace_of_Versailles,_April_2011_(14).jpg"
Palace_of_Versailles,177768,22,commons/Aerial_views_of_the_Palace_of_Versailles/0/pictures/Vue_aérienne_du_domaine_de_Versailles_par_ToucanWings_001.jpg
Palace_of_Versailles,177768,22,commons/Exterior_of_the_Palace_of_Versailles/0/pictures/Château_de_Versailles_(1).jpg
Palace_of_Versailles,177768,22,"commons/Garden_facade_of_the_Palace_of_Versailles/0/pictures/Garden_facade_of_the_Palace_of_Versailles,_April_2011_(8).jpg"
Palace_of_Versailles,177768,22,"commons/Garden_facade_of_the_Palace_of_Versailles/0/pictures/Garden_facade_of_the_Palace_of_Versailles,_April_2011_(9).jpg"
Palace_of_Versailles,177768,22,commons/Palace_of_Versailles/0/pictures/Palace_of_Versailles_(9812059154).jpg
Palace_of_Versailles,177768,22,"commons/Garden_facade_of_the_Palace_of_Versailles/0/pictures/Garden_facade_of_the_Palace_of_Versailles,_April_2011.jpg"
Palace_of_Versailles,177768,22,commons/Garden_facade_of_the_Palace_of_Versailles/0/pictures/Le_bassin_de_Latone_devant_le_château2.JPG
Palace_of_Versailles,177768,22,commons/Garden_facade_of_the_Palace_of_Versailles/0/pictures/One_of_the_façades_of_Versailles_(23674250084).jpg
Palace_of_Versailles,177768,22,commons/Exterior_of_the_Palace_of_Versailles/0/pictures/Corps_central_du_château_de_Versailles.jpg
Palace_of_Versailles,177768,22,commons/Garden_facade_of_the_Palace_of_Versailles/0/pictures/Palace_of_Versailles_(5986772117).jpg
Palace_of_Versailles,177768,22,commons/Palace_of_Versailles/0/pictures/Versailles_36.jpg
Palace_of_Versailles,177768,22,commons/Garden_facade_of_the_Palace_of_Versailles/0/pictures/Palace_of_Versailles_Gardens_14.JPG
Palace_of_Versailles,177768,22,"commons/Exterior_of_the_Palace_of_Versailles/0/pictures/Exhibition_in_the_park,_Versailles_August_2013.jpg"
Palace_of_Versailles,177768,22,commons/Garden_facade_of_the_Palace_of_Versailles/0/pictures/Palace_of_Versailles_June_2010.jpg
Palace_of_Versailles,177768,22,commons/Garden_facade_of_the_Palace_of_Versailles/0/pictures/Paris_Versailles_(6288089168).jpg
Palace_of_Versailles,177768,22,commons/Exterior_of_the_Palace_of_Versailles/0/pictures/Exterior_of_Château_de_Versailles_(6).JPG
Palace_of_Versailles,177768,22,commons/Garden_facade_of_the_Palace_of_Versailles/0/pictures/Parc_du_château_de_Versailles_le_2_septembre_2015_-_04.jpg
Palace_of_Versailles,177768,22,commons/Palace_of_Versailles/0/pictures/Versailles_25.jpg
Palace_of_Versailles,177768,22,commons/Garden_facade_of_the_Palace_of_Versailles/0/pictures/Versailles_(35091118851).jpg
Palace_of_Versailles,177768,22,commons/Exterior_of_the_Palace_of_Versailles/0/pictures/Palace_of_Versailles_(5987345618).jpg
Palace_of_Versailles,177768,22,commons/Garden_facade_of_the_Palace_of_Versailles/0/pictures/Versailles_-_KMB_-_16001000101908.jpg
Palace_of_Versailles,177768,22,commons/Palace_of_Versailles/0/pictures/Versailles_38.jpg
Palace_of_Versailles,177768,22,commons/Garden_facade_of_the_Palace_of_Versailles/0/pictures/Versailles_Château_de_Versailles_Gartenseite_1.jpg
Palace_of_Versailles,177768,22,commons/Palace_of_Versailles/0/pictures/Versailles_39.jpg
Palace_of_Versailles,177768,22,commons/Garden_facade_of_the_Palace_of_Versailles/0/pictures/Versailles_Château_de_Versailles_Gartenseite_2.jpg
Palace_of_Versailles,177768,22,commons/Historical_photographs_of_the_Palace_of_Versailles/0/pictures/France_Fortepan_23056.jpg
Palace_of_Versailles,177768,22,"commons/Aile_du_Midi_(Versailles)/0/pictures/Fachada_al_jardín,_palacio_de_Versalles._02.JPG"
Palace_of_Versailles,177768,22,commons/Garden_facade_of_the_Palace_of_Versailles/0/pictures/Versailles_Château_de_Versailles_Gartenseite_3.jpg
Palace_of_Versailles,177768,22,commons/Garden_facade_of_the_Palace_of_Versailles/0/pictures/Versailles_Château_de_Versailles_Gartenseite_7.jpg
Palace_of_Versailles,177768,22,commons/Palace_of_Versailles/0/pictures/FR_Versalles_0711_(84)_(17065222059).jpg
Palace_of_Versailles,177768,22,commons/Garden_facade_of_the_Palace_of_Versailles/0/pictures/Versailles_Château_de_Versailles_Gartenseite_8.jpg
Palace_of_Versailles,177768,22,"commons/Palace_of_Versailles/0/pictures/Versalles,_Francia_-_panoramio_(3).jpg"
Palace_of_Versailles,177768,22,commons/Garden_facade_of_the_Palace_of_Versailles/0/pictures/Versailles-Chateau-FacadeJardin.jpg
Palace_of_Versailles,177768,22,commons/Aile_du_Midi_(Versailles)/0/pictures/Vue_aérienne_du_domaine_de_Versailles_par_ToucanWings_-_Creative_Commons_By_Sa_3.0_-_003.jpg
Palace_of_Versailles,177768,22,commons/Garden_facade_of_the_Palace_of_Versailles/0/pictures/Versailles_collage.jpg
Palace_of_Versailles,177768,22,commons/Garden_facade_of_the_Palace_of_Versailles/0/pictures/Vue_aérienne_du_domaine_de_Versailles_par_ToucanWings_-_Creative_Commons_By_Sa_3.0_-_001.jpg
