scene,scene_id,model,image
Old_Town_Hall_(Prague),190045,0,commons/Wölflinův_dům_(Old_Town_Hall)/0/pictures/Praha_2009-12-26-47.jpg
Old_Town_Hall_(Prague),190045,0,commons/Wölflinův_dům_(Old_Town_Hall)/0/pictures/Prag_Rathaus_Altstädter_Ring.JPG
Old_Town_Hall_(Prague),190045,0,commons/Wölflinův_dům_(Old_Town_Hall)/0/pictures/Old_Town_of_Prague.jpg
Old_Town_Hall_(Prague),190045,0,commons/Wölflinův_dům_(Old_Town_Hall)/0/pictures/Lascar_Old_Town_Hall_(Staromestská_radnice)_and_Astronomical_Clock_(Orloj)_(4501597341).jpg
Old_Town_Hall_(Prague),190045,0,commons/Wölflinův_dům_(Old_Town_Hall)/0/pictures/Lascar_Old_Town_square_and_the_Prague_Astronomical_Clock_(4501537747).jpg
Old_Town_Hall_(Prague),190045,0,commons/Views_of_the_Church_of_Saint_Nicholas_from_the_Old_Town_Hall/0/pictures/Vánoční_Praha_2011_(18).jpg
Old_Town_Hall_(Prague),190045,0,commons/Views_of_the_Church_of_Saint_Nicholas_from_the_Old_Town_Hall/0/pictures/Vánoční_Praha_2011_(16).jpg
Old_Town_Hall_(Prague),190045,0,commons/Views_of_the_Church_of_Saint_Nicholas_from_the_Old_Town_Hall/0/pictures/Prague_eglise_st_nicolas.jpg
Old_Town_Hall_(Prague),190045,0,commons/Views_of_the_Church_of_Saint_Nicholas_from_the_Old_Town_Hall/0/pictures/CZ-prag-altst-ring-turm-niklas.jpg
Old_Town_Hall_(Prague),190045,0,commons/Views_of_the_Church_of_Our_Lady_in_front_of_Týn_from_the_Old_Town_Hall/0/pictures/Týnský_chrám_z_Orloje.JPG
Old_Town_Hall_(Prague),190045,0,commons/Views_of_the_Church_of_Our_Lady_in_front_of_Týn_from_the_Old_Town_Hall/0/pictures/Týnský_chrám_2.JPG
Old_Town_Hall_(Prague),190045,0,commons/Views_of_the_Church_of_Our_Lady_in_front_of_Týn_from_the_Old_Town_Hall/0/pictures/Týn_előtt_Szűz_Mária-templom.JPG
Old_Town_Hall_(Prague),190045,0,commons/Views_of_the_Church_of_Our_Lady_in_front_of_Týn_from_the_Old_Town_Hall/0/pictures/Tyn_Church._Prague._Czech_Republic._Тынский_Храм._Прага._Чехия_-_panoramio.jpg
Old_Town_Hall_(Prague),190045,0,commons/Views_of_the_Church_of_Our_Lady_in_front_of_Týn_from_the_Old_Town_Hall/0/pictures/Praha_-_Czech_Republic_-_panoramio.jpg
Old_Town_Hall_(Prague),190045,0,commons/Views_of_the_Church_of_Our_Lady_in_front_of_Týn_from_the_Old_Town_Hall/0/pictures/Prague_-_Old_Town_Square_6.jpg
Old_Town_Hall_(Prague),190045,0,commons/Views_of_the_Church_of_Our_Lady_in_front_of_Týn_from_the_Old_Town_Hall/0/pictures/Praga44a.jpg
Old_Town_Hall_(Prague),190045,0,"commons/Views_of_the_Church_of_Our_Lady_in_front_of_Týn_from_the_Old_Town_Hall/0/pictures/Panoramic_view_of_Prague._Czech_Republic,_Western_Europe._October_24,_2012-2.jpg"
Old_Town_Hall_(Prague),190045,0,commons/Views_of_the_Church_of_Our_Lady_in_front_of_Týn_from_the_Old_Town_Hall/0/pictures/Notre_Dame_de_Tyn.jpg
Old_Town_Hall_(Prague),190045,0,commons/Views_of_the_Church_of_Our_Lady_in_front_of_Týn_from_the_Old_Town_Hall/0/pictures/Kostel_matky_bozi_pred_tynem_ze_staromestske_vez.JPG
Old_Town_Hall_(Prague),190045,0,commons/Views_of_the_Church_of_Our_Lady_in_front_of_Týn_from_the_Old_Town_Hall/0/pictures/Czech-04059_-_Church_of_Our_Lady_before_Týn_(32867013402).jpg
Old_Town_Hall_(Prague),190045,0,commons/Views_of_the_Church_of_Our_Lady_in_front_of_Týn_from_the_Old_Town_Hall/0/pictures/Chiesa_di_santa_Maria_di_Tyn.JPG
Old_Town_Hall_(Prague),190045,0,commons/Views_of_Prague_from_Old_Town_Hall_Tower/0/pictures/View_of_Prague_from_the_top_of_the_Old_Town_Hall_Tower_(10)_(25686241873).jpg
Old_Town_Hall_(Prague),190045,0,commons/Views_of_Prague_from_Old_Town_Hall_Tower/0/pictures/Tyn_Church._Prague._Czech_Republic._Тынский_Храм._Прага._Чехия_-_panoramio.jpg
Old_Town_Hall_(Prague),190045,0,commons/Views_of_Prague_from_Old_Town_Hall_Tower/0/pictures/Tyn_Church._Prague._Czech_Republic._Тынский_Храм._Прага._Чехия_-_panoramio_(3).jpg
Old_Town_Hall_(Prague),190045,0,commons/Views_of_Old_Town_in_Prague_from_Old_Town_Hall_Tower/0/pictures/View_of_Prague_from_the_top_of_the_Old_Town_Hall_Tower_(10)_(25686241873).jpg
Old_Town_Hall_(Prague),190045,0,commons/Views_of_Old_Town_in_Prague_from_Old_Town_Hall_Tower/0/pictures/View_of_Prague_from_the_top_of_the_Old_Town_Hall_Tower_(1)_(26223411721).jpg
Old_Town_Hall_(Prague),190045,0,commons/Views_of_Old_Town_in_Prague_from_Old_Town_Hall_Tower/0/pictures/View_of_Prague_from_Old_Town_Hall_06.jpg
Old_Town_Hall_(Prague),190045,0,commons/Views_of_Old_Town_in_Prague_from_Old_Town_Hall_Tower/0/pictures/View_of_Prague_from_Old_Town_Hall_05.jpg
Old_Town_Hall_(Prague),190045,0,commons/Views_of_Old_Town_in_Prague_from_Old_Town_Hall_Tower/0/pictures/View_of_Prague_from_Old_Town_Hall_04.jpg
Old_Town_Hall_(Prague),190045,0,commons/Views_of_Old_Town_in_Prague_from_Old_Town_Hall_Tower/0/pictures/View_of_Prague_from_Old_Town_Hall_03.jpg
Old_Town_Hall_(Prague),190045,0,commons/Views_of_Old_Town_in_Prague_from_Old_Town_Hall_Tower/0/pictures/View_of_Prague_from_Old_Town_Hall_02.jpg
Old_Town_Hall_(Prague),190045,0,"commons/Views_of_Old_Town_in_Prague_from_Old_Town_Hall_Tower/0/pictures/View_from_Old_Town_Hall,_Prague,_Czech_Republic.jpg"
Old_Town_Hall_(Prague),190045,0,commons/Views_of_Old_Town_in_Prague_from_Old_Town_Hall_Tower/0/pictures/View_of_Prague_from_Old_Town_Hall_01.jpg
Old_Town_Hall_(Prague),190045,0,commons/Views_of_Old_Town_in_Prague_from_Old_Town_Hall_Tower/0/pictures/The_Grand_Old_Town_of_Prague_(19702553136).jpg
Old_Town_Hall_(Prague),190045,0,commons/Views_of_Old_Town_in_Prague_from_Old_Town_Hall_Tower/0/pictures/Staroměstské_náměstí_seen_from_Old_Town_Hall_-_panoramio_(1).jpg
Old_Town_Hall_(Prague),190045,0,commons/Views_of_Old_Town_in_Prague_from_Old_Town_Hall_Tower/0/pictures/Staromak.jpg
Old_Town_Hall_(Prague),190045,0,commons/Views_of_Old_Town_in_Prague_from_Old_Town_Hall_Tower/0/pictures/Rise_Of_Xmas_Market_(53948402).jpeg
Old_Town_Hall_(Prague),190045,0,commons/Views_of_Old_Town_in_Prague_from_Old_Town_Hall_Tower/0/pictures/Rekonstrukce_Staroměstské_radnice_1AAA6130.jpg
Old_Town_Hall_(Prague),190045,0,commons/Views_of_Old_Town_in_Prague_from_Old_Town_Hall_Tower/0/pictures/Rekonstrukce_Staroměstské_radnice_1AAA6046.jpg
Old_Town_Hall_(Prague),190045,0,commons/Views_of_Old_Town_in_Prague_from_Old_Town_Hall_Tower/0/pictures/Praha_2006_-3.JPG
Old_Town_Hall_(Prague),190045,0,commons/Views_of_Old_Town_in_Prague_from_Old_Town_Hall_Tower/0/pictures/Praha_2006-5.JPG
Old_Town_Hall_(Prague),190045,0,commons/Views_of_Old_Town_in_Prague_from_Old_Town_Hall_Tower/0/pictures/Praha_-_panoramio_-_samsonet_dodo.jpg
Old_Town_Hall_(Prague),190045,0,commons/Views_of_Old_Town_in_Prague_from_Old_Town_Hall_Tower/0/pictures/Prague_cityscape_at_dusk_(8325431303).jpg
Old_Town_Hall_(Prague),190045,0,"commons/Views_of_Old_Town_in_Prague_from_Old_Town_Hall_Tower/0/pictures/Prague_Old_Town_Square,_October_2022.jpg"
Old_Town_Hall_(Prague),190045,0,commons/Views_of_Old_Town_in_Prague_from_Old_Town_Hall_Tower/0/pictures/Prague_Castle_from_Clocktower.jpg
Old_Town_Hall_(Prague),190045,0,commons/Views_of_Old_Town_in_Prague_from_Old_Town_Hall_Tower/0/pictures/Prague_2016-01-04_19-16-08_IMG_8713_(32407478330).jpg
Old_Town_Hall_(Prague),190045,0,commons/Views_of_Old_Town_in_Prague_from_Old_Town_Hall_Tower/0/pictures/Prague_2016-01-04_19-12-46_IMG_8708_(32747221896).jpg
Old_Town_Hall_(Prague),190045,0,"commons/Views_of_Old_Town_in_Prague_from_Old_Town_Hall_Tower/0/pictures/Prague_1991,_Old_Town_Square_from_the_Town_Hall_Tower.jpg"
Old_Town_Hall_(Prague),190045,0,commons/Views_of_Old_Town_in_Prague_from_Old_Town_Hall_Tower/0/pictures/Prague_07-2016_View_from_Old_Town_Hall_Tower_img6.jpg
Old_Town_Hall_(Prague),190045,0,commons/Views_of_Old_Town_in_Prague_from_Old_Town_Hall_Tower/0/pictures/Prague_07-2016_View_from_Old_Town_Hall_Tower_img3.jpg
Old_Town_Hall_(Prague),190045,0,commons/Views_of_Old_Town_in_Prague_from_Old_Town_Hall_Tower/0/pictures/Prague_07-2016_View_from_Old_Town_Hall_Tower_img4.jpg
Old_Town_Hall_(Prague),190045,0,commons/Views_of_Old_Town_in_Prague_from_Old_Town_Hall_Tower/0/pictures/Prague_-_night.jpg
Old_Town_Hall_(Prague),190045,0,commons/Views_of_Old_Town_in_Prague_from_Old_Town_Hall_Tower/0/pictures/Prague_(16245179861).jpg
Old_Town_Hall_(Prague),190045,0,commons/Views_of_Old_Town_in_Prague_from_Old_Town_Hall_Tower/0/pictures/Prague_(130666263).jpeg
Old_Town_Hall_(Prague),190045,0,commons/Views_of_Old_Town_in_Prague_from_Old_Town_Hall_Tower/0/pictures/Prag_Rathaus_Panorama.JPG
Old_Town_Hall_(Prague),190045,0,commons/Views_of_Old_Town_in_Prague_from_Old_Town_Hall_Tower/0/pictures/Prag_Rathaus_Kloster_Strahov.JPG
Old_Town_Hall_(Prague),190045,0,commons/Views_of_Old_Town_in_Prague_from_Old_Town_Hall_Tower/0/pictures/Prag_-_Blick_vom_Altstädter_Rathausturm_auf_den_Altstädter_Ring_-_Pohled_z_věže_Staré_radnice_na_Staroměstském_náměstí_-_panoramio.jpg
Old_Town_Hall_(Prague),190045,0,commons/Views_of_Old_Town_in_Prague_from_Old_Town_Hall_Tower/0/pictures/Place_de_la_Vieille_Ville_(monument_Jan_Hus).jpg
Old_Town_Hall_(Prague),190045,0,"commons/Views_of_Old_Town_in_Prague_from_Old_Town_Hall_Tower/0/pictures/Panoramic_view_of_Prague._Czech_Republic,_Western_Europe._October_24,_2012_(2).jpg"
Old_Town_Hall_(Prague),190045,0,commons/Views_of_Old_Town_in_Prague_from_Old_Town_Hall_Tower/0/pictures/Panorama_of_Prague_-_panoramio_(8).jpg
Old_Town_Hall_(Prague),190045,0,commons/Views_of_Old_Town_in_Prague_from_Old_Town_Hall_Tower/0/pictures/Panorama_of_Prague_-_panoramio_(6).jpg
Old_Town_Hall_(Prague),190045,0,commons/Views_of_Old_Town_in_Prague_from_Old_Town_Hall_Tower/0/pictures/PRAHA_-_panoramio_-_Nikolai_Karaneschev.jpg
Old_Town_Hall_(Prague),190045,0,commons/Views_of_Old_Town_in_Prague_from_Old_Town_Hall_Tower/0/pictures/PRAHA_-_panoramio_-_Nikolai_Karaneschev_(6).jpg
Old_Town_Hall_(Prague),190045,0,commons/Views_of_Old_Town_in_Prague_from_Old_Town_Hall_Tower/0/pictures/PRAHA_-_panoramio_-_Nikolai_Karaneschev_(2).jpg
Old_Town_Hall_(Prague),190045,0,commons/Views_of_Old_Town_in_Prague_from_Old_Town_Hall_Tower/0/pictures/PRAHA_-_panoramio_-_Nikolai_Karaneschev_(3).jpg
Old_Town_Hall_(Prague),190045,0,commons/Views_of_Old_Town_in_Prague_from_Old_Town_Hall_Tower/0/pictures/PRAHA_-_panoramio_(1).jpg
Old_Town_Hall_(Prague),190045,0,commons/Views_of_Old_Town_in_Prague_from_Old_Town_Hall_Tower/0/pictures/Notre_Dame_de_Tyn_(2).jpg
Old_Town_Hall_(Prague),190045,0,commons/Views_of_Old_Town_in_Prague_from_Old_Town_Hall_Tower/0/pictures/Magic_Sunset_(53948400).jpeg
Old_Town_Hall_(Prague),190045,0,commons/Views_of_Old_Town_in_Prague_from_Old_Town_Hall_Tower/0/pictures/Desde_el_Antiguo_Ayuntamiento.jpg
Old_Town_Hall_(Prague),190045,0,commons/Views_of_Old_Town_in_Prague_from_Old_Town_Hall_Tower/0/pictures/Czech-04077_-_Two_Towers_(32640493790).jpg
Old_Town_Hall_(Prague),190045,0,commons/Views_of_Old_Town_in_Prague_from_Old_Town_Hall_Tower/0/pictures/Czech-04087_-_Roof_Tops......._(32896270321).jpg
Old_Town_Hall_(Prague),190045,0,commons/Views_of_Old_Town_in_Prague_from_Old_Town_Hall_Tower/0/pictures/Czech-04086_-_Great_View_(32896254941).jpg
Old_Town_Hall_(Prague),190045,0,commons/Views_of_Old_Town_in_Prague_from_Old_Town_Hall_Tower/0/pictures/Czech-04073_-_Great_View_(33022558945).jpg
Old_Town_Hall_(Prague),190045,0,commons/Views_of_Old_Town_in_Prague_from_Old_Town_Hall_Tower/0/pictures/Czech-04063_-_St._Nicholas_Church_(32177315374).jpg
Old_Town_Hall_(Prague),190045,0,commons/Views_of_Old_Town_in_Prague_from_Old_Town_Hall_Tower/0/pictures/Czech-04059_-_Church_of_Our_Lady_before_Týn_(32867013402).jpg
Old_Town_Hall_(Prague),190045,0,commons/Views_of_Old_Town_in_Prague_from_Old_Town_Hall_Tower/0/pictures/Czech-04048_-_Old_Town_Square.._(32177218294).jpg
Old_Town_Hall_(Prague),190045,0,commons/Views_of_Old_Town_in_Prague_from_Old_Town_Hall_Tower/0/pictures/Czech-04052_-_Church_of_Our_Lady_before_Týn_(32980838976).jpg
Old_Town_Hall_(Prague),190045,0,commons/Views_of_Old_Town_in_Prague_from_Old_Town_Hall_Tower/0/pictures/Czech-04046_-_So_Many_Ants....._(32896014191).jpg
Old_Town_Hall_(Prague),190045,0,commons/Views_of_Old_Town_in_Prague_from_Old_Town_Hall_Tower/0/pictures/Czech-04045_-_Roof_Tops......._(32207221083).jpg
Old_Town_Hall_(Prague),190045,0,commons/Views_of_Old_Town_in_Prague_from_Old_Town_Hall_Tower/0/pictures/Czech-04044_-_Long_Way_Down_(32207186873).jpg
Old_Town_Hall_(Prague),190045,0,commons/Views_of_Old_Town_in_Prague_from_Old_Town_Hall_Tower/0/pictures/20190816_Kościół_Najświętszej_Marii_Panny_przed_Tynem_w_Pradze_0939_5166_DxO.jpg
Old_Town_Hall_(Prague),190045,0,commons/Views_of_Old_Town_in_Prague_from_Old_Town_Hall_Tower/0/pictures/20190204_OldTownView_3867_(46548204765).jpg
Old_Town_Hall_(Prague),190045,0,commons/Views_of_Old_Town_in_Prague_from_Old_Town_Hall_Tower/0/pictures/20190204_OldTownView_3869_(46548205865).jpg
Old_Town_Hall_(Prague),190045,0,commons/Views_of_Old_Town_in_Prague_from_Old_Town_Hall_Tower/0/pictures/20190204_OldTownView_3866_(47463547531).jpg
Old_Town_Hall_(Prague),190045,0,commons/Views_of_Old_Town_in_Prague_from_Old_Town_Hall_Tower/0/pictures/20190204_OldTownView_3865_(47463547201).jpg
Old_Town_Hall_(Prague),190045,0,commons/Views_of_Old_Town_in_Prague_from_Old_Town_Hall_Tower/0/pictures/20190204_OldTownView_3861_(32521666517).jpg
Old_Town_Hall_(Prague),190045,0,commons/Views_of_Old_Town_in_Prague_from_Old_Town_Hall_Tower/0/pictures/20190204_OldTownView_3856_(32521664577).jpg
Old_Town_Hall_(Prague),190045,0,commons/Views_of_Old_Town_in_Prague_from_Old_Town_Hall_Tower/0/pictures/20190204_OldTownView_3855_(46548201435).jpg
Old_Town_Hall_(Prague),190045,0,commons/Views_of_Old_Town_in_Prague_from_Old_Town_Hall_Tower/0/pictures/20190204_OldTownView_3854_(32521593017).jpg
Old_Town_Hall_(Prague),190045,0,commons/Views_of_Old_Town_in_Prague_from_Old_Town_Hall_Tower/0/pictures/20190204_OldTownView_3852_(47410455282).jpg
Old_Town_Hall_(Prague),190045,0,commons/Views_of_Old_Town_in_Prague_from_Old_Town_Hall_Tower/0/pictures/20190204_OldTownView_3851_(46548199065).jpg
Old_Town_Hall_(Prague),190045,0,commons/Views_of_Old_Town_in_Prague_from_Old_Town_Hall_Tower/0/pictures/20190204_OldTownView_3853_(46548200625).jpg
Old_Town_Hall_(Prague),190045,0,commons/Views_of_Old_Town_in_Prague_from_Old_Town_Hall_Tower/0/pictures/20190204_OldTownView_3849_(46548198025).jpg
Old_Town_Hall_(Prague),190045,0,commons/Views_of_Old_Town_in_Prague_from_Old_Town_Hall_Tower/0/pictures/20190204_OldTownView_3850_(47410452412).jpg
Old_Town_Hall_(Prague),190045,0,commons/Views_of_Old_Town_in_Prague_from_Old_Town_Hall_Tower/0/pictures/20190204_OldTownView_3848_(47410450062).jpg
Old_Town_Hall_(Prague),190045,0,commons/Views_of_Old_Town_in_Prague_from_Old_Town_Hall_Tower/0/pictures/20190204_OldTownView_3846_(47463537781).jpg
Old_Town_Hall_(Prague),190045,0,commons/Views_of_Old_Town_in_Prague_from_Old_Town_Hall_Tower/0/pictures/20190204_OldTownView_3847_(46548196855).jpg
Old_Town_Hall_(Prague),190045,0,commons/Views_of_Old_Town_in_Prague_from_Old_Town_Hall_Tower/0/pictures/20190204_OldTownView_3845_(32521659527).jpg
Old_Town_Hall_(Prague),190045,0,commons/Views_of_Old_Town_in_Prague_from_Old_Town_Hall_Tower/0/pictures/20190204_OldTownView_3842_(32521658487).jpg
Old_Town_Hall_(Prague),190045,0,commons/Views_of_Old_Town_in_Prague_from_Old_Town_Hall_Tower/0/pictures/20190204_OldTownView_3841_(47463535731).jpg
Old_Town_Hall_(Prague),190045,0,commons/Views_of_Old_Town_in_Prague_from_Old_Town_Hall_Tower/0/pictures/20190204_OldTownView_3840_(32521657167).jpg
Old_Town_Hall_(Prague),190045,0,commons/Views_of_Old_Town_in_Prague_from_Old_Town_Hall_Tower/0/pictures/20190204_OldTownView_3837_(46740300424).jpg
Old_Town_Hall_(Prague),190045,0,commons/Views_of_Old_Town_in_Prague_from_Old_Town_Hall_Tower/0/pictures/20190204_OldTownView_3832_(46740297514).jpg
Old_Town_Hall_(Prague),190045,0,commons/Views_of_Old_Town_in_Prague_from_Old_Town_Hall_Tower/0/pictures/20190204_OldTownView_3830_(46740296004).jpg
Old_Town_Hall_(Prague),190045,0,commons/Views_of_Old_Town_in_Prague_from_Old_Town_Hall_Tower/0/pictures/20190204_OldTownView_3831_(47463529451).jpg
Old_Town_Hall_(Prague),190045,0,commons/Views_of_Old_Town_in_Prague_from_Old_Town_Hall_Tower/0/pictures/20190204_OldTownView_3829_(40497362603).jpg
Old_Town_Hall_(Prague),190045,0,commons/Views_of_Old_Town_in_Prague_from_Old_Town_Hall_Tower/0/pictures/20190204_OldTownView_3828_(33586996358).jpg
Old_Town_Hall_(Prague),190045,0,commons/Views_of_Old_Town_in_Prague_from_Old_Town_Hall_Tower/0/pictures/20190204_OldTownView_3825_(33586995288).jpg
Old_Town_Hall_(Prague),190045,0,commons/Views_of_Old_Town_in_Prague_from_Old_Town_Hall_Tower/0/pictures/20190204_OldTownView_3822_(47410433012).jpg
Old_Town_Hall_(Prague),190045,0,commons/Views_of_Old_Town_in_Prague_from_Old_Town_Hall_Tower/0/pictures/20190204_OldTownView_3821_(33586993668).jpg
Old_Town_Hall_(Prague),190045,0,commons/Views_of_Old_Town_in_Prague_from_Old_Town_Hall_Tower/0/pictures/20190204_OldTownView_3819_(47410431672).jpg
Old_Town_Hall_(Prague),190045,0,commons/Views_of_Old_Town_in_Prague_from_Old_Town_Hall_Tower/0/pictures/20190204_OldTownView_3817_(47410430482).jpg
Old_Town_Hall_(Prague),190045,0,commons/Views_of_Old_Town_in_Prague_from_Old_Town_Hall_Tower/0/pictures/20190204_OldTownView_3818_(33586992018).jpg
Old_Town_Hall_(Prague),190045,0,commons/Views_of_Old_Town_in_Prague_from_Old_Town_Hall_Tower/0/pictures/20190204_OldTownView_3816_(46548180395).jpg
Old_Town_Hall_(Prague),190045,0,commons/Views_of_Old_Town_in_Prague_from_Old_Town_Hall_Tower/0/pictures/20190204_OldTownView_3815_(32521642307).jpg
Old_Town_Hall_(Prague),190045,0,commons/Views_of_Old_Town_in_Prague_from_Old_Town_Hall_Tower/0/pictures/20190204_OldTownView_3814_(40497354823).jpg
Old_Town_Hall_(Prague),190045,0,commons/Views_of_Old_Town_in_Prague_from_Old_Town_Hall_Tower/0/pictures/20190204_OldTownView_3813_(47463476381).jpg
Old_Town_Hall_(Prague),190045,0,commons/Views_of_Old_Town_in_Prague_from_Old_Town_Hall_Tower/0/pictures/20190204_OldTownView_3812_(32521641367).jpg
Old_Town_Hall_(Prague),190045,0,commons/Views_of_Old_Town_in_Prague_from_Old_Town_Hall_Tower/0/pictures/20190204_OldTownSq_9454_(47410457082).jpg
Old_Town_Hall_(Prague),190045,0,commons/Views_of_Old_Town_in_Prague_from_Old_Town_Hall_Tower/0/pictures/20190204_OldTownView_3811_(32521640537).jpg
Old_Town_Hall_(Prague),190045,0,commons/Views_of_Old_Town_in_Prague_from_Old_Town_Hall_Tower/0/pictures/20190204_OldTownSq_9453_(46548199215).jpg
Old_Town_Hall_(Prague),190045,0,commons/Views_of_Old_Town_in_Prague_from_Old_Town_Hall_Tower/0/pictures/20190204_OldTownSq_9452_(47410453872).jpg
Old_Town_Hall_(Prague),190045,0,commons/Views_of_Old_Town_in_Prague_from_Old_Town_Hall_Tower/0/pictures/20190204_OldTownSq_9451_(46740301814).jpg
Old_Town_Hall_(Prague),190045,0,commons/Views_of_Old_Town_in_Prague_from_Old_Town_Hall_Tower/0/pictures/20190204_OldTownSq_9450_(47463533551).jpg
Old_Town_Hall_(Prague),190045,0,commons/Views_of_Old_Town_in_Prague_from_Old_Town_Hall_Tower/0/pictures/20190204_OldTownSq_9449_(46740301314).jpg
Old_Town_Hall_(Prague),190045,0,commons/Views_of_Old_Town_in_Prague_from_Old_Town_Hall_Tower/0/pictures/20190204_OldTownSq_9446_(33586993898).jpg
Old_Town_Hall_(Prague),190045,0,commons/Views_of_Old_Town_in_Prague_from_Old_Town_Hall_Tower/0/pictures/20190204_OldTownSq_9448_(47463530871).jpg
Old_Town_Hall_(Prague),190045,0,commons/Views_of_Old_Town_in_Prague_from_Old_Town_Hall_Tower/0/pictures/20190204_OldTownSq_9447_(47463530881).jpg
Old_Town_Hall_(Prague),190045,0,commons/Views_of_Old_Town_in_Prague_from_Old_Town_Hall_Tower/0/pictures/20190204_OldTownSq_9445_(47410432462).jpg
Old_Town_Hall_(Prague),190045,0,commons/Views_of_Old_Town_in_Prague_from_Old_Town_Hall_Tower/0/pictures/20190204_OldTownHall_3803_(32521637677).jpg
Old_Town_Hall_(Prague),190045,0,commons/Views_of_Old_Town_in_Prague_from_Old_Town_Hall_Tower/0/pictures/20190204_OldTownHall_3801_(32521636837).jpg
Old_Town_Hall_(Prague),190045,0,commons/Views_of_Old_Town_in_Prague_from_Old_Town_Hall_Tower/0/pictures/20190204_OldTownHall_3800_(47410428212).jpg
Old_Town_Hall_(Prague),190045,0,commons/Views_of_Old_Town_in_Prague_from_Old_Town_Hall_Tower/0/pictures/20190204_OldTownHall_3799_(32521636297).jpg
Old_Town_Hall_(Prague),190045,0,commons/Views_of_Old_Town_in_Prague_from_Old_Town_Hall_Tower/0/pictures/150915_Blick_auf_die_Prager_Altstadt_03.jpg
Old_Town_Hall_(Prague),190045,0,commons/Views_of_Old_Town_in_Prague_from_Old_Town_Hall_Tower/0/pictures/150915_Blick_auf_die_Prager_Altstadt_01.jpg
Old_Town_Hall_(Prague),190045,0,commons/Views_of_Old_Town_in_Prague_from_Old_Town_Hall_Tower/0/pictures/150915_Blick_auf_die_Prager_Altstadt_02.jpg
Old_Town_Hall_(Prague),190045,0,commons/Views_of_Old_Town_in_Prague_from_Old_Town_Hall_Tower/0/pictures/-Old_postcard-_(3724489810).jpg
Old_Town_Hall_(Prague),190045,0,commons/Torso_of_the_Gothic_Revival_wing_of_the_Old_Town_Hall_in_Prague/0/pictures/Věž_Staroměstské_radnice.jpg
Old_Town_Hall_(Prague),190045,0,commons/Torso_of_the_Gothic_Revival_wing_of_the_Old_Town_Hall_in_Prague/0/pictures/Пражскія_вуліцы_35.JPG
Old_Town_Hall_(Prague),190045,0,commons/Torso_of_the_Gothic_Revival_wing_of_the_Old_Town_Hall_in_Prague/0/pictures/Vánoce_Praha_2014_2.jpg
Old_Town_Hall_(Prague),190045,0,commons/Torso_of_the_Gothic_Revival_wing_of_the_Old_Town_Hall_in_Prague/0/pictures/Vánoce_Praha_2014_1.jpg
Old_Town_Hall_(Prague),190045,0,commons/Torso_of_the_Gothic_Revival_wing_of_the_Old_Town_Hall_in_Prague/0/pictures/Views_of_Prague_from_Church_of_Our_Lady_in_front_of_Týn_tower27.jpg
Old_Town_Hall_(Prague),190045,0,commons/Torso_of_the_Gothic_Revival_wing_of_the_Old_Town_Hall_in_Prague/0/pictures/Views_of_Prague_from_Church_of_Our_Lady_in_front_of_Týn_tower1.jpg
Old_Town_Hall_(Prague),190045,0,commons/Torso_of_the_Gothic_Revival_wing_of_the_Old_Town_Hall_in_Prague/0/pictures/Torre_del_Ayuntamiento.JPG
Old_Town_Hall_(Prague),190045,0,commons/Torso_of_the_Gothic_Revival_wing_of_the_Old_Town_Hall_in_Prague/0/pictures/The_old_town_hall_of_Prague.jpg
Old_Town_Hall_(Prague),190045,0,commons/Torso_of_the_Gothic_Revival_wing_of_the_Old_Town_Hall_in_Prague/0/pictures/Straße_am_Altstädter_Ring_mit_Blick_auf_das_Rathaus_in_Prag_2008-08-06.jpg
Old_Town_Hall_(Prague),190045,0,commons/Torso_of_the_Gothic_Revival_wing_of_the_Old_Town_Hall_in_Prague/0/pictures/Staroměstská_radnice.jpg
Old_Town_Hall_(Prague),190045,0,commons/Torso_of_the_Gothic_Revival_wing_of_the_Old_Town_Hall_in_Prague/0/pictures/Staroměstská_radnice_v_noci.jpg
Old_Town_Hall_(Prague),190045,0,"commons/Torso_of_the_Gothic_Revival_wing_of_the_Old_Town_Hall_in_Prague/0/pictures/Staroměstská_radnice,_kaple.jpg"
Old_Town_Hall_(Prague),190045,0,commons/Torso_of_the_Gothic_Revival_wing_of_the_Old_Town_Hall_in_Prague/0/pictures/Staroměstská_radnice_Vánoce_08.jpg
Old_Town_Hall_(Prague),190045,0,commons/Torso_of_the_Gothic_Revival_wing_of_the_Old_Town_Hall_in_Prague/0/pictures/Staromestske_namesti_rano_2182.JPG
Old_Town_Hall_(Prague),190045,0,commons/Torso_of_the_Gothic_Revival_wing_of_the_Old_Town_Hall_in_Prague/0/pictures/Staroměstská_radnice_-_Praha.jpg
Old_Town_Hall_(Prague),190045,0,commons/Torso_of_the_Gothic_Revival_wing_of_the_Old_Town_Hall_in_Prague/0/pictures/Staromestska_radnice.jpg
Old_Town_Hall_(Prague),190045,0,commons/Torso_of_the_Gothic_Revival_wing_of_the_Old_Town_Hall_in_Prague/0/pictures/Staromestska_radnice_nocni_pohled_2.jpg
Old_Town_Hall_(Prague),190045,0,commons/Torso_of_the_Gothic_Revival_wing_of_the_Old_Town_Hall_in_Prague/0/pictures/Staromestska_radnice_nocni_pohled_1.jpg
Old_Town_Hall_(Prague),190045,0,"commons/Torso_of_the_Gothic_Revival_wing_of_the_Old_Town_Hall_in_Prague/0/pictures/Radnice_Staroměstská_(Staré_Město),_Praha_1,_Staroměstské_nám._3,_Staré_Město.JPG"
Old_Town_Hall_(Prague),190045,0,commons/Torso_of_the_Gothic_Revival_wing_of_the_Old_Town_Hall_in_Prague/0/pictures/Rynek_praga_wisnia6522.jpg
Old_Town_Hall_(Prague),190045,0,"commons/Torso_of_the_Gothic_Revival_wing_of_the_Old_Town_Hall_in_Prague/0/pictures/Praha,_Staroměstské_náměstí,_2021_(11).jpg"
Old_Town_Hall_(Prague),190045,0,commons/Torso_of_the_Gothic_Revival_wing_of_the_Old_Town_Hall_in_Prague/0/pictures/Prahaeleven.jpg
Old_Town_Hall_(Prague),190045,0,"commons/Torso_of_the_Gothic_Revival_wing_of_the_Old_Town_Hall_in_Prague/0/pictures/Praha,_Staroměstské_náměstí_(1).jpg"
Old_Town_Hall_(Prague),190045,0,"commons/Torso_of_the_Gothic_Revival_wing_of_the_Old_Town_Hall_in_Prague/0/pictures/Praha,_Staroměstská_radnice_-_panoramio_(3).jpg"
Old_Town_Hall_(Prague),190045,0,"commons/Torso_of_the_Gothic_Revival_wing_of_the_Old_Town_Hall_in_Prague/0/pictures/Praha,_Staroměstská_radnice_-_panoramio_(2).jpg"
Old_Town_Hall_(Prague),190045,0,"commons/Torso_of_the_Gothic_Revival_wing_of_the_Old_Town_Hall_in_Prague/0/pictures/Praha,_June_2009_(4153921528).jpg"
Old_Town_Hall_(Prague),190045,0,"commons/Torso_of_the_Gothic_Revival_wing_of_the_Old_Town_Hall_in_Prague/0/pictures/Praha,_June_2009_(4153154865).jpg"
Old_Town_Hall_(Prague),190045,0,"commons/Torso_of_the_Gothic_Revival_wing_of_the_Old_Town_Hall_in_Prague/0/pictures/Praha_1_-_Staré_Město,_věž_Staroměstské_radnice.JPG"
Old_Town_Hall_(Prague),190045,0,"commons/Torso_of_the_Gothic_Revival_wing_of_the_Old_Town_Hall_in_Prague/0/pictures/Prague,_Old_Town_Square,_ice_hokey_crowds.jpg"
Old_Town_Hall_(Prague),190045,0,commons/Torso_of_the_Gothic_Revival_wing_of_the_Old_Town_Hall_in_Prague/0/pictures/PragueMarket.jpg
Old_Town_Hall_(Prague),190045,0,commons/Torso_of_the_Gothic_Revival_wing_of_the_Old_Town_Hall_in_Prague/0/pictures/Prague_Praha_2014_Holmstad_Rådhustårnet_City_hall_Tower.JPG
Old_Town_Hall_(Prague),190045,0,commons/Torso_of_the_Gothic_Revival_wing_of_the_Old_Town_Hall_in_Prague/0/pictures/Prague_Praha_2014_Holmstad_flott_bytorget_gamlebyen_praha_staromestske_namesti_old_city_square_masse_folk_3.jpg
Old_Town_Hall_(Prague),190045,0,commons/Torso_of_the_Gothic_Revival_wing_of_the_Old_Town_Hall_in_Prague/0/pictures/Prague_Praha_2014_Holmstad_City_Hall_cut_off.JPG
Old_Town_Hall_(Prague),190045,0,commons/Torso_of_the_Gothic_Revival_wing_of_the_Old_Town_Hall_in_Prague/0/pictures/Prague_Praha_2014_Holmstad_City_Hall_cut_off_2.JPG
Old_Town_Hall_(Prague),190045,0,commons/Torso_of_the_Gothic_Revival_wing_of_the_Old_Town_Hall_in_Prague/0/pictures/Prague_Orloj_tower_2.JPG
Old_Town_Hall_(Prague),190045,0,commons/Torso_of_the_Gothic_Revival_wing_of_the_Old_Town_Hall_in_Prague/0/pictures/Prague_IMG_1188_(378142787).jpg
Old_Town_Hall_(Prague),190045,0,commons/Torso_of_the_Gothic_Revival_wing_of_the_Old_Town_Hall_in_Prague/0/pictures/Prague_2006-11_137.jpg
Old_Town_Hall_(Prague),190045,0,commons/Torso_of_the_Gothic_Revival_wing_of_the_Old_Town_Hall_in_Prague/0/pictures/Prague_2006-11_009.jpg
Old_Town_Hall_(Prague),190045,0,commons/Torso_of_the_Gothic_Revival_wing_of_the_Old_Town_Hall_in_Prague/0/pictures/Prague_2006-11_012.jpg
Old_Town_Hall_(Prague),190045,0,commons/Torso_of_the_Gothic_Revival_wing_of_the_Old_Town_Hall_in_Prague/0/pictures/Prague_-_Old_Town_Hall.jpg
Old_Town_Hall_(Prague),190045,0,commons/Torso_of_the_Gothic_Revival_wing_of_the_Old_Town_Hall_in_Prague/0/pictures/Prague_(7252292420).jpg
Old_Town_Hall_(Prague),190045,0,commons/Torso_of_the_Gothic_Revival_wing_of_the_Old_Town_Hall_in_Prague/0/pictures/Prague_(33690702854).jpg
Old_Town_Hall_(Prague),190045,0,commons/Torso_of_the_Gothic_Revival_wing_of_the_Old_Town_Hall_in_Prague/0/pictures/Prague_(34138136080).jpg
Old_Town_Hall_(Prague),190045,0,commons/Torso_of_the_Gothic_Revival_wing_of_the_Old_Town_Hall_in_Prague/0/pictures/Prag4.JPG
Old_Town_Hall_(Prague),190045,0,commons/Torso_of_the_Gothic_Revival_wing_of_the_Old_Town_Hall_in_Prague/0/pictures/Prag_Rathaus.JPG
Old_Town_Hall_(Prague),190045,0,commons/Torso_of_the_Gothic_Revival_wing_of_the_Old_Town_Hall_in_Prague/0/pictures/Prag_altstaedter_ring_02.jpg
Old_Town_Hall_(Prague),190045,0,commons/Torso_of_the_Gothic_Revival_wing_of_the_Old_Town_Hall_in_Prague/0/pictures/Prag_Altstaedter_Ring_rathaus.jpg
Old_Town_Hall_(Prague),190045,0,commons/Torso_of_the_Gothic_Revival_wing_of_the_Old_Town_Hall_in_Prague/0/pictures/PRAHA_ПРАГА_-_panoramio_-_Nikolai_Karaneschev_(2).jpg
Old_Town_Hall_(Prague),190045,0,commons/Torso_of_the_Gothic_Revival_wing_of_the_Old_Town_Hall_in_Prague/0/pictures/Old_Town_town_hall-detail.jpg
Old_Town_Hall_(Prague),190045,0,"commons/Torso_of_the_Gothic_Revival_wing_of_the_Old_Town_Hall_in_Prague/0/pictures/Old_Town_Square,_Prague_-_Staroměstské_náměstí,_Praha.jpg"
Old_Town_Hall_(Prague),190045,0,"commons/Torso_of_the_Gothic_Revival_wing_of_the_Old_Town_Hall_in_Prague/0/pictures/Old_Town_Square_-_Prague,_Czech_Republic_-_panoramio.jpg"
Old_Town_Hall_(Prague),190045,0,commons/Torso_of_the_Gothic_Revival_wing_of_the_Old_Town_Hall_in_Prague/0/pictures/Old_Town_Square_(2546160984).jpg
Old_Town_Hall_(Prague),190045,0,commons/Torso_of_the_Gothic_Revival_wing_of_the_Old_Town_Hall_in_Prague/0/pictures/Old_Town_Square_-_Prague_01.jpg
Old_Town_Hall_(Prague),190045,0,"commons/Torso_of_the_Gothic_Revival_wing_of_the_Old_Town_Hall_in_Prague/0/pictures/Old_Town_Hall,_Prague.jpg"
Old_Town_Hall_(Prague),190045,0,commons/Torso_of_the_Gothic_Revival_wing_of_the_Old_Town_Hall_in_Prague/0/pictures/Old_Town_Hall_Tower_2_(2540302651).jpg
Old_Town_Hall_(Prague),190045,0,commons/Torso_of_the_Gothic_Revival_wing_of_the_Old_Town_Hall_in_Prague/0/pictures/Old_Town_Hall_Prague.JPG
Old_Town_Hall_(Prague),190045,0,"commons/Torso_of_the_Gothic_Revival_wing_of_the_Old_Town_Hall_in_Prague/0/pictures/Old_Town_Hall_-_Prague,_Czech_Republic_-_panoramio.jpg"
Old_Town_Hall_(Prague),190045,0,commons/Torso_of_the_Gothic_Revival_wing_of_the_Old_Town_Hall_in_Prague/0/pictures/Old_Town_Hall_(Prague)_(1).jpg
Old_Town_Hall_(Prague),190045,0,commons/Torso_of_the_Gothic_Revival_wing_of_the_Old_Town_Hall_in_Prague/0/pictures/Old_Town_Hall_(8341899492).jpg
Old_Town_Hall_(Prague),190045,0,commons/Torso_of_the_Gothic_Revival_wing_of_the_Old_Town_Hall_in_Prague/0/pictures/Old_Town_Hall_(8347995467).jpg
Old_Town_Hall_(Prague),190045,0,"commons/Torso_of_the_Gothic_Revival_wing_of_the_Old_Town_Hall_in_Prague/0/pictures/In_Old_Town_Square,_Prague_1.JPG"
Old_Town_Hall_(Prague),190045,0,commons/Renovation_of_the_Old_Town_Hall_Tower_(Prague)/0/pictures/Rekonstrukce_Staroměstské_radnice_AAG7633.jpg
Old_Town_Hall_(Prague),190045,0,commons/Renovation_of_the_Old_Town_Hall_Tower_(Prague)/0/pictures/Rekonstrukce_Staroměstské_radnice_AAG7598.jpg
Old_Town_Hall_(Prague),190045,0,commons/Renovation_of_the_Old_Town_Hall_Tower_(Prague)/0/pictures/Rekonstrukce_Staroměstské_radnice_AAG7588.jpg
Old_Town_Hall_(Prague),190045,0,commons/Renovation_of_the_Old_Town_Hall_Tower_(Prague)/0/pictures/Rekonstrukce_Staroměstské_radnice_AAG7584.jpg
Old_Town_Hall_(Prague),190045,0,commons/Renovation_of_the_Old_Town_Hall_Tower_(Prague)/0/pictures/Rekonstrukce_Staroměstské_radnice_AAG7582.jpg
Old_Town_Hall_(Prague),190045,0,commons/Renovation_of_the_Old_Town_Hall_Tower_(Prague)/0/pictures/Rekonstrukce_Staroměstské_radnice_AAG7581.jpg
Old_Town_Hall_(Prague),190045,0,commons/Renovation_of_the_Old_Town_Hall_Tower_(Prague)/0/pictures/Rekonstrukce_Staroměstské_radnice_AAG7580.jpg
Old_Town_Hall_(Prague),190045,0,commons/Renovation_of_the_Old_Town_Hall_Tower_(Prague)/0/pictures/Rekonstrukce_Staroměstské_radnice_AAG7575.jpg
Old_Town_Hall_(Prague),190045,0,commons/Renovation_of_the_Old_Town_Hall_Tower_(Prague)/0/pictures/Rekonstrukce_Staroměstské_radnice_AAG7573.jpg
Old_Town_Hall_(Prague),190045,0,commons/Renovation_of_the_Old_Town_Hall_Tower_(Prague)/0/pictures/Rekonstrukce_Staroměstské_radnice_AAG7569.jpg
Old_Town_Hall_(Prague),190045,0,commons/Renovation_of_the_Old_Town_Hall_Tower_(Prague)/0/pictures/Rekonstrukce_Staroměstské_radnice_AAG7572.jpg
Old_Town_Hall_(Prague),190045,0,commons/Renovation_of_the_Old_Town_Hall_Tower_(Prague)/0/pictures/Rekonstrukce_Staroměstské_radnice_AAG7564.jpg
Old_Town_Hall_(Prague),190045,0,commons/Renovation_of_the_Old_Town_Hall_Tower_(Prague)/0/pictures/Rekonstrukce_Staroměstské_radnice_AAG7563.jpg
Old_Town_Hall_(Prague),190045,0,commons/Renovation_of_the_Old_Town_Hall_Tower_(Prague)/0/pictures/Rekonstrukce_Staroměstské_radnice_AAG7561.jpg
Old_Town_Hall_(Prague),190045,0,commons/Renovation_of_the_Old_Town_Hall_Tower_(Prague)/0/pictures/Rekonstrukce_Staroměstské_radnice_AAG7560.jpg
Old_Town_Hall_(Prague),190045,0,commons/Renovation_of_the_Old_Town_Hall_Tower_(Prague)/0/pictures/Rekonstrukce_Staroměstské_radnice_AAG7559.jpg
Old_Town_Hall_(Prague),190045,0,commons/Renovation_of_the_Old_Town_Hall_Tower_(Prague)/0/pictures/Rekonstrukce_Staroměstské_radnice_AAG7557.jpg
Old_Town_Hall_(Prague),190045,0,commons/Renovation_of_the_Old_Town_Hall_Tower_(Prague)/0/pictures/Rekonstrukce_Staroměstské_radnice_AAG7556.jpg
Old_Town_Hall_(Prague),190045,0,commons/Renovation_of_the_Old_Town_Hall_Tower_(Prague)/0/pictures/Rekonstrukce_Staroměstské_radnice_AAG7555.jpg
Old_Town_Hall_(Prague),190045,0,commons/Renovation_of_the_Old_Town_Hall_Tower_(Prague)/0/pictures/Rekonstrukce_Staroměstské_radnice_AAG7548.jpg
Old_Town_Hall_(Prague),190045,0,commons/Renovation_of_the_Old_Town_Hall_Tower_(Prague)/0/pictures/Rekonstrukce_Staroměstské_radnice_AAG7546.jpg
Old_Town_Hall_(Prague),190045,0,commons/Renovation_of_the_Old_Town_Hall_Tower_(Prague)/0/pictures/Rekonstrukce_Staroměstské_radnice_AAG7340.jpg
Old_Town_Hall_(Prague),190045,0,commons/Renovation_of_the_Old_Town_Hall_Tower_(Prague)/0/pictures/Rekonstrukce_Staroměstské_radnice_AAG7337.jpg
Old_Town_Hall_(Prague),190045,0,commons/Renovation_of_the_Old_Town_Hall_Tower_(Prague)/0/pictures/Rekonstrukce_Staroměstské_radnice_AAG7336.jpg
Old_Town_Hall_(Prague),190045,0,commons/Renovation_of_the_Old_Town_Hall_Tower_(Prague)/0/pictures/Rekonstrukce_Staroměstské_radnice_AAG7334.jpg
Old_Town_Hall_(Prague),190045,0,commons/Renovation_of_the_Old_Town_Hall_Tower_(Prague)/0/pictures/Rekonstrukce_Staroměstské_radnice_AAG7313.jpg
Old_Town_Hall_(Prague),190045,0,commons/Renovation_of_the_Old_Town_Hall_Tower_(Prague)/0/pictures/Rekonstrukce_Staroměstské_radnice_AAG7304.jpg
Old_Town_Hall_(Prague),190045,0,commons/Renovation_of_the_Old_Town_Hall_Tower_(Prague)/0/pictures/Rekonstrukce_Staroměstské_radnice_AAG7295.jpg
Old_Town_Hall_(Prague),190045,0,commons/Renovation_of_the_Old_Town_Hall_Tower_(Prague)/0/pictures/Rekonstrukce_Staroměstské_radnice_AAG7290.jpg
Old_Town_Hall_(Prague),190045,0,commons/Renovation_of_the_Old_Town_Hall_Tower_(Prague)/0/pictures/Rekonstrukce_Staroměstské_radnice_AAG7289.jpg
Old_Town_Hall_(Prague),190045,0,commons/Renovation_of_the_Old_Town_Hall_Tower_(Prague)/0/pictures/Rekonstrukce_Staroměstské_radnice_AAG7287.jpg
Old_Town_Hall_(Prague),190045,0,commons/Renovation_of_the_Old_Town_Hall_Tower_(Prague)/0/pictures/Rekonstrukce_Staroměstské_radnice_AAG7285.jpg
Old_Town_Hall_(Prague),190045,0,commons/Renovation_of_the_Old_Town_Hall_Tower_(Prague)/0/pictures/Rekonstrukce_Staroměstské_radnice_AAG7280.jpg
Old_Town_Hall_(Prague),190045,0,commons/Renovation_of_the_Old_Town_Hall_Tower_(Prague)/0/pictures/Rekonstrukce_Staroměstské_radnice_AAG7275.jpg
Old_Town_Hall_(Prague),190045,0,commons/Renovation_of_the_Old_Town_Hall_Tower_(Prague)/0/pictures/Rekonstrukce_Staroměstské_radnice_AAG7274.jpg
Old_Town_Hall_(Prague),190045,0,commons/Renovation_of_the_Old_Town_Hall_Tower_(Prague)/0/pictures/Rekonstrukce_Staroměstské_radnice_AAG7269.jpg
Old_Town_Hall_(Prague),190045,0,commons/Renovation_of_the_Old_Town_Hall_Tower_(Prague)/0/pictures/Rekonstrukce_Staroměstské_radnice_AAG7267.jpg
Old_Town_Hall_(Prague),190045,0,commons/Renovation_of_the_Old_Town_Hall_Tower_(Prague)/0/pictures/Rekonstrukce_Staroměstské_radnice_AAG7266.jpg
Old_Town_Hall_(Prague),190045,0,commons/Renovation_of_the_Old_Town_Hall_Tower_(Prague)/0/pictures/Rekonstrukce_Staroměstské_radnice_AAG7264.jpg
Old_Town_Hall_(Prague),190045,0,commons/Renovation_of_the_Old_Town_Hall_Tower_(Prague)/0/pictures/Rekonstrukce_Staroměstské_radnice_AAG7260.jpg
Old_Town_Hall_(Prague),190045,0,commons/Renovation_of_the_Old_Town_Hall_Tower_(Prague)/0/pictures/Rekonstrukce_Staroměstské_radnice_AAG7258.jpg
Old_Town_Hall_(Prague),190045,0,commons/Renovation_of_the_Old_Town_Hall_Tower_(Prague)/0/pictures/Rekonstrukce_Staroměstské_radnice_AAG7255.jpg
Old_Town_Hall_(Prague),190045,0,commons/Renovation_of_the_Old_Town_Hall_Tower_(Prague)/0/pictures/Rekonstrukce_Staroměstské_radnice_AAG7252.jpg
Old_Town_Hall_(Prague),190045,0,commons/Renovation_of_the_Old_Town_Hall_Tower_(Prague)/0/pictures/Rekonstrukce_Staroměstské_radnice_AAG7250.jpg
Old_Town_Hall_(Prague),190045,0,commons/Renovation_of_the_Old_Town_Hall_Tower_(Prague)/0/pictures/Rekonstrukce_Staroměstské_radnice_AAG7248.jpg
Old_Town_Hall_(Prague),190045,0,commons/Renovation_of_the_Old_Town_Hall_Tower_(Prague)/0/pictures/Rekonstrukce_Staroměstské_radnice_AAG7246.jpg
Old_Town_Hall_(Prague),190045,0,commons/Renovation_of_the_Old_Town_Hall_Tower_(Prague)/0/pictures/Rekonstrukce_Staroměstské_radnice_AAG7241.jpg
Old_Town_Hall_(Prague),190045,0,commons/Renovation_of_the_Old_Town_Hall_Tower_(Prague)/0/pictures/Rekonstrukce_Staroměstské_radnice_AAG7207.jpg
Old_Town_Hall_(Prague),190045,0,commons/Renovation_of_the_Old_Town_Hall_Tower_(Prague)/0/pictures/Rekonstrukce_Staroměstské_radnice_AAG7215.jpg
Old_Town_Hall_(Prague),190045,0,commons/Renovation_of_the_Old_Town_Hall_Tower_(Prague)/0/pictures/Rekonstrukce_Staroměstské_radnice_AAG7204.jpg
Old_Town_Hall_(Prague),190045,0,commons/Renovation_of_the_Old_Town_Hall_Tower_(Prague)/0/pictures/Rekonstrukce_Staroměstské_radnice_AAG7194.jpg
Old_Town_Hall_(Prague),190045,0,commons/Renovation_of_the_Old_Town_Hall_Tower_(Prague)/0/pictures/Rekonstrukce_Staroměstské_radnice_AAG7192.jpg
Old_Town_Hall_(Prague),190045,0,commons/Renovation_of_the_Old_Town_Hall_Tower_(Prague)/0/pictures/Rekonstrukce_Staroměstské_radnice_AAG7188.jpg
Old_Town_Hall_(Prague),190045,0,commons/Renovation_of_the_Old_Town_Hall_Tower_(Prague)/0/pictures/Rekonstrukce_Staroměstské_radnice_AAG7187.jpg
Old_Town_Hall_(Prague),190045,0,commons/Renovation_of_the_Old_Town_Hall_Tower_(Prague)/0/pictures/Rekonstrukce_Staroměstské_radnice_AAG7183.jpg
Old_Town_Hall_(Prague),190045,0,commons/Renovation_of_the_Old_Town_Hall_Tower_(Prague)/0/pictures/Rekonstrukce_Staroměstské_radnice_AAG7172.jpg
Old_Town_Hall_(Prague),190045,0,commons/Renovation_of_the_Old_Town_Hall_Tower_(Prague)/0/pictures/Rekonstrukce_Staroměstské_radnice_AAG7165.jpg
Old_Town_Hall_(Prague),190045,0,commons/Renovation_of_the_Old_Town_Hall_Tower_(Prague)/0/pictures/Rekonstrukce_Staroměstské_radnice_AAG7163.jpg
Old_Town_Hall_(Prague),190045,0,commons/Renovation_of_the_Old_Town_Hall_Tower_(Prague)/0/pictures/Rekonstrukce_Staroměstské_radnice_AAG7143.jpg
Old_Town_Hall_(Prague),190045,0,commons/Renovation_of_the_Old_Town_Hall_Tower_(Prague)/0/pictures/Rekonstrukce_Staroměstské_radnice_AAG7142.jpg
Old_Town_Hall_(Prague),190045,0,commons/Renovation_of_the_Old_Town_Hall_Tower_(Prague)/0/pictures/Rekonstrukce_Staroměstské_radnice_AAG7137.jpg
Old_Town_Hall_(Prague),190045,0,commons/Renovation_of_the_Old_Town_Hall_Tower_(Prague)/0/pictures/Rekonstrukce_Staroměstské_radnice_AAG7135.jpg
Old_Town_Hall_(Prague),190045,0,commons/Renovation_of_the_Old_Town_Hall_Tower_(Prague)/0/pictures/Rekonstrukce_Staroměstské_radnice_1FHA9724.jpg
Old_Town_Hall_(Prague),190045,0,commons/Renovation_of_the_Old_Town_Hall_Tower_(Prague)/0/pictures/Rekonstrukce_Staroměstské_radnice_1FHA9672.jpg
Old_Town_Hall_(Prague),190045,0,commons/Renovation_of_the_Old_Town_Hall_Tower_(Prague)/0/pictures/Rekonstrukce_Staroměstské_radnice_1FHA9706.jpg
Old_Town_Hall_(Prague),190045,0,commons/Renovation_of_the_Old_Town_Hall_Tower_(Prague)/0/pictures/Rekonstrukce_Staroměstské_radnice_1FHA9413.jpg
Old_Town_Hall_(Prague),190045,0,commons/Renovation_of_the_Old_Town_Hall_Tower_(Prague)/0/pictures/Rekonstrukce_Staroměstské_radnice_1FHA9370.jpg
Old_Town_Hall_(Prague),190045,0,commons/Renovation_of_the_Old_Town_Hall_Tower_(Prague)/0/pictures/Rekonstrukce_Staroměstské_radnice_1FGZ7296.jpg
Old_Town_Hall_(Prague),190045,0,commons/Renovation_of_the_Old_Town_Hall_Tower_(Prague)/0/pictures/Rekonstrukce_Staroměstské_radnice_1FGZ5119-201SLOZ.jpg
Old_Town_Hall_(Prague),190045,0,commons/Renovation_of_the_Old_Town_Hall_Tower_(Prague)/0/pictures/Rekonstrukce_Staroměstské_radnice_1FGZ5119.jpg
Old_Town_Hall_(Prague),190045,0,commons/Renovation_of_the_Old_Town_Hall_Tower_(Prague)/0/pictures/Rekonstrukce_Staroměstské_radnice_1FGZ4602.jpg
Old_Town_Hall_(Prague),190045,0,commons/Renovation_of_the_Old_Town_Hall_Tower_(Prague)/0/pictures/Rekonstrukce_Staroměstské_radnice_1FGZ4558.jpg
Old_Town_Hall_(Prague),190045,0,commons/Renovation_of_the_Old_Town_Hall_Tower_(Prague)/0/pictures/Rekonstrukce_Staroměstské_radnice_1FGZ4543.jpg
Old_Town_Hall_(Prague),190045,0,commons/Renovation_of_the_Old_Town_Hall_Tower_(Prague)/0/pictures/Rekonstrukce_Staroměstské_radnice_1FGZ4529.jpg
Old_Town_Hall_(Prague),190045,0,commons/Renovation_of_the_Old_Town_Hall_Tower_(Prague)/0/pictures/Rekonstrukce_Staroměstské_radnice_1FGZ2987.jpg
Old_Town_Hall_(Prague),190045,0,commons/Renovation_of_the_Old_Town_Hall_Tower_(Prague)/0/pictures/Rekonstrukce_Staroměstské_radnice_1FGZ0813.jpg
Old_Town_Hall_(Prague),190045,0,commons/Renovation_of_the_Old_Town_Hall_Tower_(Prague)/0/pictures/Rekonstrukce_Staroměstské_radnice_1FGZ0764.jpg
Old_Town_Hall_(Prague),190045,0,commons/Renovation_of_the_Old_Town_Hall_Tower_(Prague)/0/pictures/Rekonstrukce_Staroměstské_radnice_1FGZ0730.jpg
Old_Town_Hall_(Prague),190045,0,commons/Renovation_of_the_Old_Town_Hall_Tower_(Prague)/0/pictures/Rekonstrukce_Staroměstské_radnice_1FGZ0726.jpg
Old_Town_Hall_(Prague),190045,0,commons/Renovation_of_the_Old_Town_Hall_Tower_(Prague)/0/pictures/Rekonstrukce_Staroměstské_radnice_1AAR6102.jpg
Old_Town_Hall_(Prague),190045,0,commons/Renovation_of_the_Old_Town_Hall_Tower_(Prague)/0/pictures/Rekonstrukce_Staroměstské_radnice_1AAR6086.jpg
Old_Town_Hall_(Prague),190045,0,commons/Renovation_of_the_Old_Town_Hall_Tower_(Prague)/0/pictures/Rekonstrukce_Staroměstské_radnice_1AAR5974-HDR1U.jpg
Old_Town_Hall_(Prague),190045,0,commons/Renovation_of_the_Old_Town_Hall_Tower_(Prague)/0/pictures/Rekonstrukce_Staroměstské_radnice_1AAR5918.jpg
Old_Town_Hall_(Prague),190045,0,commons/Renovation_of_the_Old_Town_Hall_Tower_(Prague)/0/pictures/Rekonstrukce_Staroměstské_radnice_1AAR5894.jpg
Old_Town_Hall_(Prague),190045,0,commons/Renovation_of_the_Old_Town_Hall_Tower_(Prague)/0/pictures/Rekonstrukce_Staroměstské_radnice_1AAR5884.jpg
Old_Town_Hall_(Prague),190045,0,commons/Renovation_of_the_Old_Town_Hall_Tower_(Prague)/0/pictures/Rekonstrukce_Staroměstské_radnice_1AAR5865-HDR.jpg
Old_Town_Hall_(Prague),190045,0,commons/Renovation_of_the_Old_Town_Hall_Tower_(Prague)/0/pictures/Rekonstrukce_Staroměstské_radnice_1AAR5861-HDR.jpg
Old_Town_Hall_(Prague),190045,0,commons/Renovation_of_the_Old_Town_Hall_Tower_(Prague)/0/pictures/Rekonstrukce_Staroměstské_radnice_1AAR5845-HDR.jpg
Old_Town_Hall_(Prague),190045,0,commons/Renovation_of_the_Old_Town_Hall_Tower_(Prague)/0/pictures/Rekonstrukce_Staroměstské_radnice_1AAR5845-HDR-2.jpg
Old_Town_Hall_(Prague),190045,0,commons/Renovation_of_the_Old_Town_Hall_Tower_(Prague)/0/pictures/Rekonstrukce_Staroměstské_radnice_1AAR5766.jpg
Old_Town_Hall_(Prague),190045,0,commons/Renovation_of_the_Old_Town_Hall_Tower_(Prague)/0/pictures/Rekonstrukce_Staroměstské_radnice_1AAR5744.jpg
Old_Town_Hall_(Prague),190045,0,commons/Renovation_of_the_Old_Town_Hall_Tower_(Prague)/0/pictures/Rekonstrukce_Staroměstské_radnice_1AAR5632.jpg
Old_Town_Hall_(Prague),190045,0,commons/Renovation_of_the_Old_Town_Hall_Tower_(Prague)/0/pictures/Rekonstrukce_Staroměstské_radnice_1AAR5632-2.jpg
Old_Town_Hall_(Prague),190045,0,commons/Renovation_of_the_Old_Town_Hall_Tower_(Prague)/0/pictures/Rekonstrukce_Staroměstské_radnice_1AAR5622b.jpg
Old_Town_Hall_(Prague),190045,0,commons/Renovation_of_the_Old_Town_Hall_Tower_(Prague)/0/pictures/Rekonstrukce_Staroměstské_radnice_1AAR5622.jpg
Old_Town_Hall_(Prague),190045,0,commons/Renovation_of_the_Old_Town_Hall_Tower_(Prague)/0/pictures/Rekonstrukce_Staroměstské_radnice_1AAR4960.jpg
Old_Town_Hall_(Prague),190045,0,commons/Renovation_of_the_Old_Town_Hall_Tower_(Prague)/0/pictures/Rekonstrukce_Staroměstské_radnice_1AAR4955.jpg
Old_Town_Hall_(Prague),190045,0,commons/Renovation_of_the_Old_Town_Hall_Tower_(Prague)/0/pictures/Rekonstrukce_Staroměstské_radnice_1AAR4953.jpg
Old_Town_Hall_(Prague),190045,0,commons/Renovation_of_the_Old_Town_Hall_Tower_(Prague)/0/pictures/Rekonstrukce_Staroměstské_radnice_1AAR2183-HDR.jpg
Old_Town_Hall_(Prague),190045,0,commons/Renovation_of_the_Old_Town_Hall_Tower_(Prague)/0/pictures/Rekonstrukce_Staroměstské_radnice_1AAR2175-HDR.jpg
Old_Town_Hall_(Prague),190045,0,commons/Renovation_of_the_Old_Town_Hall_Tower_(Prague)/0/pictures/Rekonstrukce_Staroměstské_radnice_1AAR21711HDR.jpg
Old_Town_Hall_(Prague),190045,0,commons/Renovation_of_the_Old_Town_Hall_Tower_(Prague)/0/pictures/Rekonstrukce_Staroměstské_radnice_1AAR2159-HDR.jpg
Old_Town_Hall_(Prague),190045,0,commons/Renovation_of_the_Old_Town_Hall_Tower_(Prague)/0/pictures/Rekonstrukce_Staroměstské_radnice_1AAR2155-HDR.jpg
Old_Town_Hall_(Prague),190045,0,commons/Renovation_of_the_Old_Town_Hall_Tower_(Prague)/0/pictures/Rekonstrukce_Staroměstské_radnice_1AAR21511HDR.jpg
Old_Town_Hall_(Prague),190045,0,commons/Renovation_of_the_Old_Town_Hall_Tower_(Prague)/0/pictures/Rekonstrukce_Staroměstské_radnice_1AAR1872.jpg
Old_Town_Hall_(Prague),190045,0,commons/Renovation_of_the_Old_Town_Hall_Tower_(Prague)/0/pictures/Rekonstrukce_Staroměstské_radnice_1AAR1848.jpg
Old_Town_Hall_(Prague),190045,0,commons/Renovation_of_the_Old_Town_Hall_Tower_(Prague)/0/pictures/Rekonstrukce_Staroměstské_radnice_1AAR1566.jpg
Old_Town_Hall_(Prague),190045,0,commons/Renovation_of_the_Old_Town_Hall_Tower_(Prague)/0/pictures/Rekonstrukce_Staroměstské_radnice_1AAR1544.jpg
Old_Town_Hall_(Prague),190045,0,commons/Renovation_of_the_Old_Town_Hall_Tower_(Prague)/0/pictures/Rekonstrukce_Staroměstské_radnice_1AAR1538.jpg
Old_Town_Hall_(Prague),190045,0,commons/Renovation_of_the_Old_Town_Hall_Tower_(Prague)/0/pictures/Rekonstrukce_Staroměstské_radnice_1AAR1460.jpg
Old_Town_Hall_(Prague),190045,0,commons/Renovation_of_the_Old_Town_Hall_Tower_(Prague)/0/pictures/Rekonstrukce_Staroměstské_radnice_1AAR1453.jpg
Old_Town_Hall_(Prague),190045,0,commons/Renovation_of_the_Old_Town_Hall_Tower_(Prague)/0/pictures/Rekonstrukce_Staroměstské_radnice_1AAR1363.jpg
Old_Town_Hall_(Prague),190045,0,commons/Renovation_of_the_Old_Town_Hall_Tower_(Prague)/0/pictures/Rekonstrukce_Staroměstské_radnice_1AAR1359.jpg
Old_Town_Hall_(Prague),190045,0,commons/Renovation_of_the_Old_Town_Hall_Tower_(Prague)/0/pictures/Rekonstrukce_Staroměstské_radnice_1AAR1355.jpg
Old_Town_Hall_(Prague),190045,0,commons/Renovation_of_the_Old_Town_Hall_Tower_(Prague)/0/pictures/Rekonstrukce_Staroměstské_radnice_1AAR1336.jpg
Old_Town_Hall_(Prague),190045,0,commons/Renovation_of_the_Old_Town_Hall_Tower_(Prague)/0/pictures/Rekonstrukce_Staroměstské_radnice_1AAR1311.jpg
Old_Town_Hall_(Prague),190045,0,commons/Renovation_of_the_Old_Town_Hall_Tower_(Prague)/0/pictures/Rekonstrukce_Staroměstské_radnice_1AAR1121.jpg
Old_Town_Hall_(Prague),190045,0,commons/Renovation_of_the_Old_Town_Hall_Tower_(Prague)/0/pictures/Rekonstrukce_Staroměstské_radnice_1AAR1110.jpg
Old_Town_Hall_(Prague),190045,0,commons/Renovation_of_the_Old_Town_Hall_Tower_(Prague)/0/pictures/Rekonstrukce_Staroměstské_radnice_1AAR1107.jpg
Old_Town_Hall_(Prague),190045,0,commons/Renovation_of_the_Old_Town_Hall_Tower_(Prague)/0/pictures/Rekonstrukce_Staroměstské_radnice_1AAR1104.jpg
Old_Town_Hall_(Prague),190045,0,commons/Renovation_of_the_Old_Town_Hall_Tower_(Prague)/0/pictures/Rekonstrukce_Staroměstské_radnice_1AAR1103.jpg
Old_Town_Hall_(Prague),190045,0,commons/Renovation_of_the_Old_Town_Hall_Tower_(Prague)/0/pictures/Rekonstrukce_Staroměstské_radnice_1AAR1099.jpg
Old_Town_Hall_(Prague),190045,0,commons/Renovation_of_the_Old_Town_Hall_Tower_(Prague)/0/pictures/Rekonstrukce_Staroměstské_radnice_1AAR1086.jpg
Old_Town_Hall_(Prague),190045,0,commons/Renovation_of_the_Old_Town_Hall_Tower_(Prague)/0/pictures/Rekonstrukce_Staroměstské_radnice_1AAR1087.jpg
Old_Town_Hall_(Prague),190045,0,commons/Renovation_of_the_Old_Town_Hall_Tower_(Prague)/0/pictures/Rekonstrukce_Staroměstské_radnice_1AAR1052.jpg
Old_Town_Hall_(Prague),190045,0,commons/Renovation_of_the_Old_Town_Hall_Tower_(Prague)/0/pictures/Rekonstrukce_Staroměstské_radnice_1AAR1048.jpg
Old_Town_Hall_(Prague),190045,0,commons/Renovation_of_the_Old_Town_Hall_Tower_(Prague)/0/pictures/Rekonstrukce_Staroměstské_radnice_1AAR1042.jpg
Old_Town_Hall_(Prague),190045,0,commons/Renovation_of_the_Old_Town_Hall_Tower_(Prague)/0/pictures/Rekonstrukce_Staroměstské_radnice_1AAR1040.jpg
Old_Town_Hall_(Prague),190045,0,commons/Renovation_of_the_Old_Town_Hall_Tower_(Prague)/0/pictures/Rekonstrukce_Staroměstské_radnice_1AAR1037.jpg
Old_Town_Hall_(Prague),190045,0,commons/Renovation_of_the_Old_Town_Hall_Tower_(Prague)/0/pictures/Rekonstrukce_Staroměstské_radnice_1AAR1033.jpg
Old_Town_Hall_(Prague),190045,0,commons/Renovation_of_the_Old_Town_Hall_Tower_(Prague)/0/pictures/Rekonstrukce_Staroměstské_radnice_1AAR1023.jpg
Old_Town_Hall_(Prague),190045,0,commons/Renovation_of_the_Old_Town_Hall_Tower_(Prague)/0/pictures/Rekonstrukce_Staroměstské_radnice_1AAR1010.jpg
Old_Town_Hall_(Prague),190045,0,commons/Renovation_of_the_Old_Town_Hall_Tower_(Prague)/0/pictures/Rekonstrukce_Staroměstské_radnice_1AAR1004.jpg
Old_Town_Hall_(Prague),190045,0,commons/Renovation_of_the_Old_Town_Hall_Tower_(Prague)/0/pictures/Rekonstrukce_Staroměstské_radnice_1AAR0989.jpg
Old_Town_Hall_(Prague),190045,0,commons/Renovation_of_the_Old_Town_Hall_Tower_(Prague)/0/pictures/Rekonstrukce_Staroměstské_radnice_1AAR0970-Pano.jpg
Old_Town_Hall_(Prague),190045,0,commons/Renovation_of_the_Old_Town_Hall_Tower_(Prague)/0/pictures/Rekonstrukce_Staroměstské_radnice_1AAE2986.jpg
Old_Town_Hall_(Prague),190045,0,commons/Renovation_of_the_Old_Town_Hall_Tower_(Prague)/0/pictures/Rekonstrukce_Staroměstské_radnice_1AAL7652.jpg
Old_Town_Hall_(Prague),190045,0,commons/Renovation_of_the_Old_Town_Hall_Tower_(Prague)/0/pictures/Rekonstrukce_Staroměstské_radnice_1AAE2984.jpg
Old_Town_Hall_(Prague),190045,0,commons/Renovation_of_the_Old_Town_Hall_Tower_(Prague)/0/pictures/Rekonstrukce_Staroměstské_radnice_1AAL7649.jpg
Old_Town_Hall_(Prague),190045,0,commons/Renovation_of_the_Old_Town_Hall_Tower_(Prague)/0/pictures/Rekonstrukce_Staroměstské_radnice_1AAR0732.jpg
Old_Town_Hall_(Prague),190045,0,commons/Renovation_of_the_Old_Town_Hall_Tower_(Prague)/0/pictures/Rekonstrukce_Staroměstské_radnice_1AAE2957.jpg
Old_Town_Hall_(Prague),190045,0,commons/Renovation_of_the_Old_Town_Hall_Tower_(Prague)/0/pictures/Rekonstrukce_Staroměstské_radnice_1AAE2913.jpg
Old_Town_Hall_(Prague),190045,0,commons/Renovation_of_the_Old_Town_Hall_Tower_(Prague)/0/pictures/Rekonstrukce_Staroměstské_radnice_1AAE2887.jpg
Old_Town_Hall_(Prague),190045,0,commons/Renovation_of_the_Old_Town_Hall_Tower_(Prague)/0/pictures/Rekonstrukce_Staroměstské_radnice_1AAE2885.jpg
Old_Town_Hall_(Prague),190045,0,commons/Renovation_of_the_Old_Town_Hall_Tower_(Prague)/0/pictures/Rekonstrukce_Staroměstské_radnice_1AAE2863.jpg
Old_Town_Hall_(Prague),190045,0,commons/Renovation_of_the_Old_Town_Hall_Tower_(Prague)/0/pictures/Rekonstrukce_Staroměstské_radnice_1AAE2857.jpg
Old_Town_Hall_(Prague),190045,0,commons/Renovation_of_the_Old_Town_Hall_Tower_(Prague)/0/pictures/Rekonstrukce_Staroměstské_radnice_1AAE2847.jpg
Old_Town_Hall_(Prague),190045,0,commons/Renovation_of_the_Old_Town_Hall_Tower_(Prague)/0/pictures/Rekonstrukce_Staroměstské_radnice_1AAE2843.jpg
Old_Town_Hall_(Prague),190045,0,commons/Renovation_of_the_Old_Town_Hall_Tower_(Prague)/0/pictures/Rekonstrukce_Staroměstské_radnice_1AAE2841.jpg
Old_Town_Hall_(Prague),190045,0,commons/Renovation_of_the_Old_Town_Hall_Tower_(Prague)/0/pictures/Rekonstrukce_Staroměstské_radnice_1AAE2839.jpg
Old_Town_Hall_(Prague),190045,0,commons/Renovation_of_the_Old_Town_Hall_Tower_(Prague)/0/pictures/Rekonstrukce_Staroměstské_radnice_1AAE2835.jpg
Old_Town_Hall_(Prague),190045,0,commons/Renovation_of_the_Old_Town_Hall_Tower_(Prague)/0/pictures/Rekonstrukce_Staroměstské_radnice_1AAE2829.jpg
Old_Town_Hall_(Prague),190045,0,commons/Renovation_of_the_Old_Town_Hall_Tower_(Prague)/0/pictures/Rekonstrukce_Staroměstské_radnice_1AAE2827.jpg
Old_Town_Hall_(Prague),190045,0,commons/Renovation_of_the_Old_Town_Hall_Tower_(Prague)/0/pictures/Rekonstrukce_Staroměstské_radnice_1AAE2822.jpg
Old_Town_Hall_(Prague),190045,0,commons/Renovation_of_the_Old_Town_Hall_Tower_(Prague)/0/pictures/Rekonstrukce_Staroměstské_radnice_1AAQ4629.jpg
Old_Town_Hall_(Prague),190045,0,commons/Renovation_of_the_Old_Town_Hall_Tower_(Prague)/0/pictures/Rekonstrukce_Staroměstské_radnice_1AAE2811.jpg
Old_Town_Hall_(Prague),190045,0,commons/Renovation_of_the_Old_Town_Hall_Tower_(Prague)/0/pictures/Rekonstrukce_Staroměstské_radnice_1AAQ4628.jpg
Old_Town_Hall_(Prague),190045,0,commons/Renovation_of_the_Old_Town_Hall_Tower_(Prague)/0/pictures/Rekonstrukce_Staroměstské_radnice_1AAE2809.jpg
Old_Town_Hall_(Prague),190045,0,commons/Renovation_of_the_Old_Town_Hall_Tower_(Prague)/0/pictures/Rekonstrukce_Staroměstské_radnice_1AAE2805.jpg
Old_Town_Hall_(Prague),190045,0,commons/Renovation_of_the_Old_Town_Hall_Tower_(Prague)/0/pictures/Rekonstrukce_Staroměstské_radnice_1AAE2803.jpg
Old_Town_Hall_(Prague),190045,0,commons/Renovation_of_the_Old_Town_Hall_Tower_(Prague)/0/pictures/Rekonstrukce_Staroměstské_radnice_1AAE2801.jpg
Old_Town_Hall_(Prague),190045,0,commons/Renovation_of_the_Old_Town_Hall_Tower_(Prague)/0/pictures/Rekonstrukce_Staroměstské_radnice_1AAE2797.jpg
Old_Town_Hall_(Prague),190045,0,commons/Renovation_of_the_Old_Town_Hall_Tower_(Prague)/0/pictures/Rekonstrukce_Staroměstské_radnice_1AAQ2564.jpg
Old_Town_Hall_(Prague),190045,0,commons/Renovation_of_the_Old_Town_Hall_Tower_(Prague)/0/pictures/Rekonstrukce_Staroměstské_radnice_1AAD5336.jpg
Old_Town_Hall_(Prague),190045,0,commons/Renovation_of_the_Old_Town_Hall_Tower_(Prague)/0/pictures/Rekonstrukce_Staroměstské_radnice_1AAQ2482.jpg
Old_Town_Hall_(Prague),190045,0,commons/Renovation_of_the_Old_Town_Hall_Tower_(Prague)/0/pictures/Rekonstrukce_Staroměstské_radnice_1AAD5323.jpg
Old_Town_Hall_(Prague),190045,0,commons/Renovation_of_the_Old_Town_Hall_Tower_(Prague)/0/pictures/Rekonstrukce_Staroměstské_radnice_1AAQ2469.jpg
Old_Town_Hall_(Prague),190045,0,commons/Renovation_of_the_Old_Town_Hall_Tower_(Prague)/0/pictures/Rekonstrukce_Staroměstské_radnice_1AAD5317.jpg
Old_Town_Hall_(Prague),190045,0,commons/Renovation_of_the_Old_Town_Hall_Tower_(Prague)/0/pictures/Rekonstrukce_Staroměstské_radnice_1AAD5313.jpg
Old_Town_Hall_(Prague),190045,0,commons/Renovation_of_the_Old_Town_Hall_Tower_(Prague)/0/pictures/Rekonstrukce_Staroměstské_radnice_1AAQ2323.jpg
Old_Town_Hall_(Prague),190045,0,commons/Renovation_of_the_Old_Town_Hall_Tower_(Prague)/0/pictures/Rekonstrukce_Staroměstské_radnice_1AAD5310.jpg
Old_Town_Hall_(Prague),190045,0,commons/Renovation_of_the_Old_Town_Hall_Tower_(Prague)/0/pictures/Rekonstrukce_Staroměstské_radnice_1AAD5309.jpg
Old_Town_Hall_(Prague),190045,0,commons/Renovation_of_the_Old_Town_Hall_Tower_(Prague)/0/pictures/Rekonstrukce_Staroměstské_radnice_1AAD5306.jpg
Old_Town_Hall_(Prague),190045,0,commons/Renovation_of_the_Old_Town_Hall_Tower_(Prague)/0/pictures/Rekonstrukce_Staroměstské_radnice_1AAQ0915.jpg
Old_Town_Hall_(Prague),190045,0,commons/Renovation_of_the_Old_Town_Hall_Tower_(Prague)/0/pictures/Rekonstrukce_Staroměstské_radnice_1AAQ0913.jpg
Old_Town_Hall_(Prague),190045,0,commons/Renovation_of_the_Old_Town_Hall_Tower_(Prague)/0/pictures/Rekonstrukce_Staroměstské_radnice_1AAD2392.jpg
Old_Town_Hall_(Prague),190045,0,commons/Renovation_of_the_Old_Town_Hall_Tower_(Prague)/0/pictures/Rekonstrukce_Staroměstské_radnice_1AAQ0910.jpg
Old_Town_Hall_(Prague),190045,0,commons/Renovation_of_the_Old_Town_Hall_Tower_(Prague)/0/pictures/Rekonstrukce_Staroměstské_radnice_1AAD2380.jpg
Old_Town_Hall_(Prague),190045,0,commons/Renovation_of_the_Old_Town_Hall_Tower_(Prague)/0/pictures/Rekonstrukce_Staroměstské_radnice_1AAQ0908.jpg
Old_Town_Hall_(Prague),190045,0,commons/Renovation_of_the_Old_Town_Hall_Tower_(Prague)/0/pictures/Rekonstrukce_Staroměstské_radnice_1AAD2340.jpg
Old_Town_Hall_(Prague),190045,0,commons/Renovation_of_the_Old_Town_Hall_Tower_(Prague)/0/pictures/Rekonstrukce_Staroměstské_radnice_1AAQ0905.jpg
Old_Town_Hall_(Prague),190045,0,commons/Renovation_of_the_Old_Town_Hall_Tower_(Prague)/0/pictures/Rekonstrukce_Staroměstské_radnice_1AAD2330.jpg
Old_Town_Hall_(Prague),190045,0,commons/Renovation_of_the_Old_Town_Hall_Tower_(Prague)/0/pictures/Rekonstrukce_Staroměstské_radnice_1AAQ0900.jpg
Old_Town_Hall_(Prague),190045,0,commons/Renovation_of_the_Old_Town_Hall_Tower_(Prague)/0/pictures/Rekonstrukce_Staroměstské_radnice_1AAD2017.jpg
Old_Town_Hall_(Prague),190045,0,commons/Renovation_of_the_Old_Town_Hall_Tower_(Prague)/0/pictures/Rekonstrukce_Staroměstské_radnice_1AAD2015.jpg
Old_Town_Hall_(Prague),190045,0,commons/Renovation_of_the_Old_Town_Hall_Tower_(Prague)/0/pictures/Rekonstrukce_Staroměstské_radnice_1AAD2013.jpg
Old_Town_Hall_(Prague),190045,0,commons/Renovation_of_the_Old_Town_Hall_Tower_(Prague)/0/pictures/Rekonstrukce_Staroměstské_radnice_1AAC8501.jpg
Old_Town_Hall_(Prague),190045,0,commons/Renovation_of_the_Old_Town_Hall_Tower_(Prague)/0/pictures/Rekonstrukce_Staroměstské_radnice_1AAC8493.jpg
Old_Town_Hall_(Prague),190045,0,commons/Renovation_of_the_Old_Town_Hall_Tower_(Prague)/0/pictures/Rekonstrukce_Staroměstské_radnice_1AAC8492.jpg
Old_Town_Hall_(Prague),190045,0,commons/Renovation_of_the_Old_Town_Hall_Tower_(Prague)/0/pictures/Rekonstrukce_Staroměstské_radnice_1AAC8484.jpg
Old_Town_Hall_(Prague),190045,0,commons/Renovation_of_the_Old_Town_Hall_Tower_(Prague)/0/pictures/Rekonstrukce_Staroměstské_radnice_1AAC8488.jpg
Old_Town_Hall_(Prague),190045,0,commons/Renovation_of_the_Old_Town_Hall_Tower_(Prague)/0/pictures/Rekonstrukce_Staroměstské_radnice_1AAC8366.jpg
Old_Town_Hall_(Prague),190045,0,commons/Renovation_of_the_Old_Town_Hall_Tower_(Prague)/0/pictures/Rekonstrukce_Staroměstské_radnice_1AAC8419.jpg
Old_Town_Hall_(Prague),190045,0,commons/Renovation_of_the_Old_Town_Hall_Tower_(Prague)/0/pictures/Rekonstrukce_Staroměstské_radnice_1AAC8472.jpg
Old_Town_Hall_(Prague),190045,0,commons/Renovation_of_the_Old_Town_Hall_Tower_(Prague)/0/pictures/Rekonstrukce_Staroměstské_radnice_1AAC8348.jpg
Old_Town_Hall_(Prague),190045,0,commons/Renovation_of_the_Old_Town_Hall_Tower_(Prague)/0/pictures/Rekonstrukce_Staroměstské_radnice_1AAC8355.jpg
Old_Town_Hall_(Prague),190045,0,commons/Renovation_of_the_Old_Town_Hall_Tower_(Prague)/0/pictures/Rekonstrukce_Staroměstské_radnice_1AAC8250.jpg
Old_Town_Hall_(Prague),190045,0,commons/Renovation_of_the_Old_Town_Hall_Tower_(Prague)/0/pictures/Rekonstrukce_Staroměstské_radnice_1AAK8509.jpg
Old_Town_Hall_(Prague),190045,0,commons/Renovation_of_the_Old_Town_Hall_Tower_(Prague)/0/pictures/Rekonstrukce_Staroměstské_radnice_1AAC8209.jpg
Old_Town_Hall_(Prague),190045,0,commons/Renovation_of_the_Old_Town_Hall_Tower_(Prague)/0/pictures/Rekonstrukce_Staroměstské_radnice_1AAK8505.jpg
Old_Town_Hall_(Prague),190045,0,commons/Renovation_of_the_Old_Town_Hall_Tower_(Prague)/0/pictures/Rekonstrukce_Staroměstské_radnice_1AAC8192.jpg
Old_Town_Hall_(Prague),190045,0,commons/Renovation_of_the_Old_Town_Hall_Tower_(Prague)/0/pictures/Rekonstrukce_Staroměstské_radnice_1AAQ0815.jpg
Old_Town_Hall_(Prague),190045,0,commons/Renovation_of_the_Old_Town_Hall_Tower_(Prague)/0/pictures/Rekonstrukce_Staroměstské_radnice_1AAC4530.jpg
Old_Town_Hall_(Prague),190045,0,commons/Renovation_of_the_Old_Town_Hall_Tower_(Prague)/0/pictures/Rekonstrukce_Staroměstské_radnice_1AAC4525.jpg
Old_Town_Hall_(Prague),190045,0,commons/Renovation_of_the_Old_Town_Hall_Tower_(Prague)/0/pictures/Rekonstrukce_Staroměstské_radnice_1AAK8466.jpg
Old_Town_Hall_(Prague),190045,0,commons/Renovation_of_the_Old_Town_Hall_Tower_(Prague)/0/pictures/Rekonstrukce_Staroměstské_radnice_1AAC4478.jpg
Old_Town_Hall_(Prague),190045,0,commons/Renovation_of_the_Old_Town_Hall_Tower_(Prague)/0/pictures/Rekonstrukce_Staroměstské_radnice_1AAC4390.jpg
Old_Town_Hall_(Prague),190045,0,commons/Renovation_of_the_Old_Town_Hall_Tower_(Prague)/0/pictures/Rekonstrukce_Staroměstské_radnice_1AAC4228.jpg
Old_Town_Hall_(Prague),190045,0,commons/Renovation_of_the_Old_Town_Hall_Tower_(Prague)/0/pictures/Rekonstrukce_Staroměstské_radnice_1AAC4229.jpg
Old_Town_Hall_(Prague),190045,0,commons/Renovation_of_the_Old_Town_Hall_Tower_(Prague)/0/pictures/Rekonstrukce_Staroměstské_radnice_1AAC3739.jpg
Old_Town_Hall_(Prague),190045,0,commons/Renovation_of_the_Old_Town_Hall_Tower_(Prague)/0/pictures/Rekonstrukce_Staroměstské_radnice_1AAC3734.jpg
Old_Town_Hall_(Prague),190045,0,commons/Renovation_of_the_Old_Town_Hall_Tower_(Prague)/0/pictures/Rekonstrukce_Staroměstské_radnice_1AAK8409.jpg
Old_Town_Hall_(Prague),190045,0,commons/Renovation_of_the_Old_Town_Hall_Tower_(Prague)/0/pictures/Rekonstrukce_Staroměstské_radnice_1AAC3726.jpg
Old_Town_Hall_(Prague),190045,0,commons/Renovation_of_the_Old_Town_Hall_Tower_(Prague)/0/pictures/Rekonstrukce_Staroměstské_radnice_1AAK8404.jpg
Old_Town_Hall_(Prague),190045,0,commons/Renovation_of_the_Old_Town_Hall_Tower_(Prague)/0/pictures/Rekonstrukce_Staroměstské_radnice_1AAC3691.jpg
Old_Town_Hall_(Prague),190045,0,commons/Renovation_of_the_Old_Town_Hall_Tower_(Prague)/0/pictures/Rekonstrukce_Staroměstské_radnice_1AAK8396.jpg
Old_Town_Hall_(Prague),190045,0,commons/Renovation_of_the_Old_Town_Hall_Tower_(Prague)/0/pictures/Rekonstrukce_Staroměstské_radnice_1AAC3681.jpg
Old_Town_Hall_(Prague),190045,0,commons/Renovation_of_the_Old_Town_Hall_Tower_(Prague)/0/pictures/Rekonstrukce_Staroměstské_radnice_1AAK8394.jpg
Old_Town_Hall_(Prague),190045,0,commons/Renovation_of_the_Old_Town_Hall_Tower_(Prague)/0/pictures/Rekonstrukce_Staroměstské_radnice_1AAC3724.jpg
Old_Town_Hall_(Prague),190045,0,commons/Renovation_of_the_Old_Town_Hall_Tower_(Prague)/0/pictures/Rekonstrukce_Staroměstské_radnice_1AAK8392.jpg
Old_Town_Hall_(Prague),190045,0,commons/Renovation_of_the_Old_Town_Hall_Tower_(Prague)/0/pictures/Rekonstrukce_Staroměstské_radnice_1AAC3702.jpg
Old_Town_Hall_(Prague),190045,0,commons/Renovation_of_the_Old_Town_Hall_Tower_(Prague)/0/pictures/Rekonstrukce_Staroměstské_radnice_1AAK8388.jpg
Old_Town_Hall_(Prague),190045,0,commons/Renovation_of_the_Old_Town_Hall_Tower_(Prague)/0/pictures/Rekonstrukce_Staroměstské_radnice_1AAC3526.jpg
Old_Town_Hall_(Prague),190045,0,commons/Renovation_of_the_Old_Town_Hall_Tower_(Prague)/0/pictures/Rekonstrukce_Staroměstské_radnice_1AAQ0756.jpg
Old_Town_Hall_(Prague),190045,0,commons/Renovation_of_the_Old_Town_Hall_Tower_(Prague)/0/pictures/Rekonstrukce_Staroměstské_radnice_1AAC3561.jpg
Old_Town_Hall_(Prague),190045,0,commons/Renovation_of_the_Old_Town_Hall_Tower_(Prague)/0/pictures/Rekonstrukce_Staroměstské_radnice_1AAC3673.jpg
Old_Town_Hall_(Prague),190045,0,commons/Renovation_of_the_Old_Town_Hall_Tower_(Prague)/0/pictures/Rekonstrukce_Staroměstské_radnice_1AAC3403.jpg
Old_Town_Hall_(Prague),190045,0,commons/Renovation_of_the_Old_Town_Hall_Tower_(Prague)/0/pictures/Rekonstrukce_Staroměstské_radnice_1AAB6821.jpg
Old_Town_Hall_(Prague),190045,0,commons/Renovation_of_the_Old_Town_Hall_Tower_(Prague)/0/pictures/Rekonstrukce_Staroměstské_radnice_1AAB6662.jpg
Old_Town_Hall_(Prague),190045,0,commons/Renovation_of_the_Old_Town_Hall_Tower_(Prague)/0/pictures/Rekonstrukce_Staroměstské_radnice_1AAB6649.jpg
Old_Town_Hall_(Prague),190045,0,commons/Renovation_of_the_Old_Town_Hall_Tower_(Prague)/0/pictures/Rekonstrukce_Staroměstské_radnice_1AAB6170.jpg
Old_Town_Hall_(Prague),190045,0,commons/Renovation_of_the_Old_Town_Hall_Tower_(Prague)/0/pictures/Rekonstrukce_Staroměstské_radnice_1AAB6155.jpg
Old_Town_Hall_(Prague),190045,0,commons/Renovation_of_the_Old_Town_Hall_Tower_(Prague)/0/pictures/Rekonstrukce_Staroměstské_radnice_1AAB5589.jpg
Old_Town_Hall_(Prague),190045,0,commons/Renovation_of_the_Old_Town_Hall_Tower_(Prague)/0/pictures/Rekonstrukce_Staroměstské_radnice_1AAB5638.jpg
Old_Town_Hall_(Prague),190045,0,commons/Renovation_of_the_Old_Town_Hall_Tower_(Prague)/0/pictures/Rekonstrukce_Staroměstské_radnice_1AAB5585.jpg
Old_Town_Hall_(Prague),190045,0,commons/Renovation_of_the_Old_Town_Hall_Tower_(Prague)/0/pictures/Rekonstrukce_Staroměstské_radnice_1AAB5078.jpg
Old_Town_Hall_(Prague),190045,0,commons/Renovation_of_the_Old_Town_Hall_Tower_(Prague)/0/pictures/Rekonstrukce_Staroměstské_radnice_1AAB1622.jpg
Old_Town_Hall_(Prague),190045,0,commons/Renovation_of_the_Old_Town_Hall_Tower_(Prague)/0/pictures/Rekonstrukce_Staroměstské_radnice_1AAB1545.jpg
Old_Town_Hall_(Prague),190045,0,commons/Renovation_of_the_Old_Town_Hall_Tower_(Prague)/0/pictures/Rekonstrukce_Staroměstské_radnice_1AAA7923.jpg
Old_Town_Hall_(Prague),190045,0,commons/Renovation_of_the_Old_Town_Hall_Tower_(Prague)/0/pictures/Rekonstrukce_Staroměstské_radnice_1AAA5650.jpg
Old_Town_Hall_(Prague),190045,0,commons/Renovation_of_the_Old_Town_Hall_Tower_(Prague)/0/pictures/Rekonstrukce_Staroměstské_radnice_1AAA0178.jpg
Old_Town_Hall_(Prague),190045,0,commons/Renovation_of_the_Old_Town_Hall_Tower_(Prague)/0/pictures/Rekonstrukce_Staroměstské_radnice_1AAA0135.jpg
Old_Town_Hall_(Prague),190045,0,commons/Renovation_of_the_Old_Town_Hall_Tower_(Prague)/0/pictures/Rekonstrukce_Staroměstské_radnice_1AAQ0708.jpg
Old_Town_Hall_(Prague),190045,0,commons/Renovation_of_the_Old_Town_Hall_Tower_(Prague)/0/pictures/Rekonstrukce_Staroměstské_radnice_1AAA0035.jpg
Old_Town_Hall_(Prague),190045,0,commons/Plaque_to_Jan_Želivský_on_the_Old_Town_Hall_in_Prague/0/pictures/Prague_Orloj_tower_2.JPG
Old_Town_Hall_(Prague),190045,0,commons/Plaque_to_Jan_Želivský_on_the_Old_Town_Hall_in_Prague/0/pictures/Pieta_na_Staroměstském_náměstí.JPG
Old_Town_Hall_(Prague),190045,0,commons/Old_Town_Hall_Tower_(Prague)/0/pictures/Уголок_Праги._Фото_Виктора_Белоусова._-_panoramio_(4).jpg
Old_Town_Hall_(Prague),190045,0,commons/Old_Town_Hall_Tower_(Prague)/0/pictures/Vánoční_Praha_2011_(21).jpg
Old_Town_Hall_(Prague),190045,0,commons/Old_Town_Hall_Tower_(Prague)/0/pictures/Vánoce_Praha_2014_2.jpg
Old_Town_Hall_(Prague),190045,0,commons/Wölflinův_dům_(Old_Town_Hall)/0/pictures/Staroměstská_radnice_a_Týnský_chrám.jpg
Old_Town_Hall_(Prague),190045,0,commons/Old_Town_Hall_Tower_(Prague)/0/pictures/Vánoce_Praha_2014_1.jpg
Old_Town_Hall_(Prague),190045,0,commons/Old_Town_Hall_Tower_(Prague)/0/pictures/Views_of_Prague_from_Church_of_Our_Lady_in_front_of_Týn_tower9.jpg
Old_Town_Hall_(Prague),190045,0,commons/Wölflinův_dům_(Old_Town_Hall)/0/pictures/Staromestske_namesti_winter2004.JPG
Old_Town_Hall_(Prague),190045,0,commons/Old_Town_Hall_Tower_(Prague)/0/pictures/Views_of_Prague_from_Church_of_Our_Lady_in_front_of_Týn_tower27.jpg
Old_Town_Hall_(Prague),190045,0,commons/Old_Town_Hall_Tower_(Prague)/0/pictures/Views_of_Prague_from_Church_of_Our_Lady_in_front_of_Týn_tower14.jpg
Old_Town_Hall_(Prague),190045,0,commons/Old_Town_Hall_Tower_(Prague)/0/pictures/Views_of_Prague_from_Church_of_Our_Lady_in_front_of_Týn_tower1.jpg
Old_Town_Hall_(Prague),190045,0,commons/Old_Town_Hall_Tower_(Prague)/0/pictures/Tour_Horloge_astronomique_Prague_9.jpg
Old_Town_Hall_(Prague),190045,0,"commons/Wölflinův_dům_(Old_Town_Hall)/0/pictures/Praha,_Staroměstské_náměstí_(2).JPG"
Old_Town_Hall_(Prague),190045,0,commons/Old_Town_Hall_Tower_(Prague)/0/pictures/Tour_Horloge_astronomique_Prague_8.jpg
Old_Town_Hall_(Prague),190045,0,"commons/Wölflinův_dům_(Old_Town_Hall)/0/pictures/Praha,_Radnice_Staroměstská_(Staré_Město).JPG"
Old_Town_Hall_(Prague),190045,0,commons/Old_Town_Hall_Tower_(Prague)/0/pictures/Tour_Horloge_astronomique_Prague_7.jpg
Old_Town_Hall_(Prague),190045,0,commons/Old_Town_Hall_Tower_(Prague)/0/pictures/Tour_Horloge_astronomique_Prague_6.jpg
Old_Town_Hall_(Prague),190045,0,commons/Wölflinův_dům_(Old_Town_Hall)/0/pictures/Praha_Staroměstské_náměstí.jpg
Old_Town_Hall_(Prague),190045,0,commons/Old_Town_Hall_Tower_(Prague)/0/pictures/Tour_Horloge_astronomique_Prague_3.jpg
Old_Town_Hall_(Prague),190045,0,"commons/Wölflinův_dům_(Old_Town_Hall)/0/pictures/Praha_-Prague_(Praha,_CZ)_-_Karlsplatz_(Karlovo_nám)_(tone-mapping)(tone-mapping).jpg"
Old_Town_Hall_(Prague),190045,0,commons/Old_Town_Hall_Tower_(Prague)/0/pictures/Tour_Horloge_astronomique_Prague_4.jpg
Old_Town_Hall_(Prague),190045,0,commons/Wölflinův_dům_(Old_Town_Hall)/0/pictures/Prague_smt2.jpg
Old_Town_Hall_(Prague),190045,0,commons/Old_Town_Hall_Tower_(Prague)/0/pictures/Tour_Horloge_astronomique_Prague_5.jpg
Old_Town_Hall_(Prague),190045,0,commons/Wölflinův_dům_(Old_Town_Hall)/0/pictures/Prague_old_town_square_panorama.jpg
Old_Town_Hall_(Prague),190045,0,commons/Old_Town_Hall_Tower_(Prague)/0/pictures/Tour_Horloge_astronomique_Prague_2.jpg
Old_Town_Hall_(Prague),190045,0,commons/Wölflinův_dům_(Old_Town_Hall)/0/pictures/Prague_View_on_Týn_Church.JPG
Old_Town_Hall_(Prague),190045,0,commons/Old_Town_Hall_Tower_(Prague)/0/pictures/Tour_Horloge_astronomique_Prague_19.jpg
Old_Town_Hall_(Prague),190045,0,commons/Wölflinův_dům_(Old_Town_Hall)/0/pictures/Prague_Praha_2014_Holmstad_Sengotisk_dør_ved_rådhuset_på_bytorget_skåret_ut_av_Matthias_Rejsek._Door_city_hall_old_town_late_gothic_carved_by_Matthias_Rejsek.jpg
Old_Town_Hall_(Prague),190045,0,commons/Old_Town_Hall_Tower_(Prague)/0/pictures/Tour_Horloge_astronomique_Prague_18.jpg
Old_Town_Hall_(Prague),190045,0,commons/Wölflinův_dům_(Old_Town_Hall)/0/pictures/Prague_03-09-2013_06.JPG
Old_Town_Hall_(Prague),190045,0,commons/Old_Town_Hall_Tower_(Prague)/0/pictures/Tour_Horloge_astronomique_Prague_17.jpg
Old_Town_Hall_(Prague),190045,0,"commons/Wölflinův_dům_(Old_Town_Hall)/0/pictures/Prague_Old_Town_Square,_Czech_Republic_-_Oct_2010.jpg"
Old_Town_Hall_(Prague),190045,0,commons/Old_Town_Hall_Tower_(Prague)/0/pictures/Tour_Horloge_astronomique_Prague_16.jpg
Old_Town_Hall_(Prague),190045,0,commons/Wölflinův_dům_(Old_Town_Hall)/0/pictures/Prague_Astronomical_Clock.png
Old_Town_Hall_(Prague),190045,0,commons/Old_Town_Hall_Tower_(Prague)/0/pictures/Tour_Horloge_astronomique_Prague_15.jpg
Old_Town_Hall_(Prague),190045,0,commons/Wölflinův_dům_(Old_Town_Hall)/0/pictures/Prague_03-09-2013_01.JPG
Old_Town_Hall_(Prague),190045,0,commons/Old_Town_Hall_Tower_(Prague)/0/pictures/Tour_Horloge_astronomique_Prague_14.jpg
Old_Town_Hall_(Prague),190045,0,commons/Wölflinův_dům_(Old_Town_Hall)/0/pictures/Prague_03-09-2013_05.JPG
Old_Town_Hall_(Prague),190045,0,commons/Old_Town_Hall_Tower_(Prague)/0/pictures/Tour_Horloge_astronomique_Prague_13.jpg
Old_Town_Hall_(Prague),190045,0,commons/Wölflinův_dům_(Old_Town_Hall)/0/pictures/Prague_(6365084641).jpg
Old_Town_Hall_(Prague),190045,0,commons/Old_Town_Hall_Tower_(Prague)/0/pictures/Tour_Horloge_astronomique_Prague_12.jpg
Old_Town_Hall_(Prague),190045,0,"commons/Wölflinův_dům_(Old_Town_Hall)/0/pictures/Praga,_Plaza_de_la_Ciudad_Vieja_1988_04.jpg"
Old_Town_Hall_(Prague),190045,0,commons/Old_Town_Hall_Tower_(Prague)/0/pictures/Tour_Horloge_astronomique_Prague_11.jpg
Old_Town_Hall_(Prague),190045,0,commons/Old_Town_Hall_Tower_(Prague)/0/pictures/Torre_-_panoramio_(21).jpg
Old_Town_Hall_(Prague),190045,0,commons/Wölflinův_dům_(Old_Town_Hall)/0/pictures/Praga_04-09-2013_01.JPG
Old_Town_Hall_(Prague),190045,0,commons/Old_Town_Hall_Tower_(Prague)/0/pictures/Tour_Horloge_astronomique_Prague_1.jpg
Old_Town_Hall_(Prague),190045,0,commons/Old_Town_Hall_Tower_(Prague)/0/pictures/Torre_del_Ayuntamiento.JPG
Old_Town_Hall_(Prague),190045,0,commons/Wölflinův_dům_(Old_Town_Hall)/0/pictures/Prag_Rathaus_Altstädter_Ring_(2).jpg
Old_Town_Hall_(Prague),190045,0,commons/Old_Town_Hall_Tower_(Prague)/0/pictures/Tour_Horloge_astronomique_Prague_10.jpg
Old_Town_Hall_(Prague),190045,0,commons/Wölflinův_dům_(Old_Town_Hall)/0/pictures/Prag_2013_009.jpg
Old_Town_Hall_(Prague),190045,0,commons/Old_Town_Hall_Tower_(Prague)/0/pictures/The_towers_of_Prague.jpg
Old_Town_Hall_(Prague),190045,0,commons/Wölflinův_dům_(Old_Town_Hall)/0/pictures/Prag_09_(RaBoe).jpg
Old_Town_Hall_(Prague),190045,0,commons/Old_Town_Hall_Tower_(Prague)/0/pictures/The_old_town_hall_of_Prague.jpg
Old_Town_Hall_(Prague),190045,0,"commons/Wölflinův_dům_(Old_Town_Hall)/0/pictures/Old_Town,_110_00_Prague-Prague_1,_Czech_Republic_-_panoramio_(80).jpg"
Old_Town_Hall_(Prague),190045,0,commons/Old_Town_Hall_Tower_(Prague)/0/pictures/Straße_am_Altstädter_Ring_mit_Blick_auf_das_Rathaus_in_Prag_2008-08-06.jpg
Old_Town_Hall_(Prague),190045,0,"commons/Old_Town_Hall_Tower_(Prague)/0/pictures/Staroměstské_náměstí,_pohled_na_radnici.jpg"
Old_Town_Hall_(Prague),190045,0,commons/Wölflinův_dům_(Old_Town_Hall)/0/pictures/Old_Town_town_hall.jpg
Old_Town_Hall_(Prague),190045,0,commons/Old_Town_Hall_Tower_(Prague)/0/pictures/Staroměstské-náměstí2013a.jpg
Old_Town_Hall_(Prague),190045,0,commons/Old_Town_Hall_Tower_(Prague)/0/pictures/Staroměstské_Radnice_-_panoramio.jpg
Old_Town_Hall_(Prague),190045,0,commons/Old_Town_Hall_Tower_(Prague)/0/pictures/Staroměstská_radnice1.jpg
Old_Town_Hall_(Prague),190045,0,commons/Old_Town_Hall_Tower_(Prague)/0/pictures/Staroměstská_radnice.jpg
Old_Town_Hall_(Prague),190045,0,commons/Old_Town_Hall_Tower_(Prague)/0/pictures/Staroměstská_radnice-Praha2010b.jpg
Old_Town_Hall_(Prague),190045,0,"commons/Old_Town_Hall_Tower_(Prague)/0/pictures/Staroměstská_radnice,_socha_na_kapli_(07).jpg"
Old_Town_Hall_(Prague),190045,0,commons/Renovation_of_the_Old_Town_Hall_Tower_(Prague)/0/pictures/Rekonstrukce_Staroměstské_radnice_1AAP7052.jpg
Old_Town_Hall_(Prague),190045,0,"commons/Old_Town_Hall_Tower_(Prague)/0/pictures/Staroměstská_radnice,_socha_na_kapli_(06).jpg"
Old_Town_Hall_(Prague),190045,0,"commons/Old_Town_Hall_Tower_(Prague)/0/pictures/Staroměstská_radnice,_socha_na_kapli_(04).jpg"
Old_Town_Hall_(Prague),190045,0,commons/Wölflinův_dům_(Old_Town_Hall)/0/pictures/Ague_Praha_2014_Holmstad_Gotisk_døør_til_det_gamle_rådhuset_-_Gothic_door_to_old_town_hall_at_Stare_Mesto_2.JPG
Old_Town_Hall_(Prague),190045,0,commons/Wölflinův_dům_(Old_Town_Hall)/0/pictures/Ague_Praha_2014_Holmstad_Gotisk_dør_til_det_gamle_rådhuset_-_Gothic_door_to_old_town_hall_at_Stare_Mesto_detail.JPG
Old_Town_Hall_(Prague),190045,0,commons/Old_Town_Hall_Tower_(Prague)/0/pictures/Staroměstská_radnice_v_noci.jpg
Old_Town_Hall_(Prague),190045,0,commons/Wölflinův_dům_(Old_Town_Hall)/0/pictures/Ague_Praha_2014_Holmstad_Gotisk_døør_til_det_gamle_rådhuset_-_Gothic_door_to_old_town_hall_at_Stare_Mesto_1.JPG
Old_Town_Hall_(Prague),190045,0,commons/Old_Town_Hall_Tower_(Prague)/0/pictures/Staroměstská_radnice_a_Týnský_chrám.jpg
Old_Town_Hall_(Prague),190045,0,commons/Old_Town_Hall_Tower_(Prague)/0/pictures/Staroměstská_radnice_Vánoce_08.jpg
Old_Town_Hall_(Prague),190045,0,commons/Old_Town_Hall_Tower_(Prague)/0/pictures/Staroměstská_radnice_-_Praha.jpg
Old_Town_Hall_(Prague),190045,0,"commons/Wölflinův_dům_(Old_Town_Hall)/0/pictures/345_Ajuntament_de_la_Ciutat_Vella,_Staroměstské_Náměstí.jpg"
Old_Town_Hall_(Prague),190045,0,commons/Old_Town_Hall_Tower_(Prague)/0/pictures/Staromestske_namesti_rano_2182.JPG
Old_Town_Hall_(Prague),190045,0,commons/Old_Town_Hall_Tower_(Prague)/0/pictures/Staromestské_námestie_-_panoramio_(2).jpg
Old_Town_Hall_(Prague),190045,0,commons/Wölflinův_dům_(Old_Town_Hall)/0/pictures/229_Escuts_de_Praga_i_Bohèmia_a_la_façana_de_l'Ajuntament.jpg
Old_Town_Hall_(Prague),190045,0,commons/Wölflinův_dům_(Old_Town_Hall)/0/pictures/20130723_152708cz.jpg
Old_Town_Hall_(Prague),190045,0,commons/Old_Town_Hall_Tower_(Prague)/0/pictures/Staromestska_radnice_nocni_pohled_1.jpg
Old_Town_Hall_(Prague),190045,0,commons/Old_Town_Hall_Tower_(Prague)/0/pictures/Staromestska_radnice_nocni_pohled_2.jpg
Old_Town_Hall_(Prague),190045,0,"commons/Old_Town_Hall_Tower_(Prague)/0/pictures/Star,_Moon_&_Sun_(424245117).jpg"
Old_Town_Hall_(Prague),190045,0,commons/Old_Town_Hall_Tower_(Prague)/0/pictures/Rynek_praga_wisnia6522.jpg
Old_Town_Hall_(Prague),190045,0,commons/Old_Town_Hall_Tower_(Prague)/0/pictures/Relógio_de_Praga_0.jpg
Old_Town_Hall_(Prague),190045,0,commons/Old_Town_Hall_Tower_(Prague)/0/pictures/Rynek_Staromiejski_w_Pradze.JPG
Old_Town_Hall_(Prague),190045,0,commons/Old_Town_Hall_Tower_(Prague)/0/pictures/RathausturmPrag.jpg
Old_Town_Hall_(Prague),190045,0,commons/Old_Town_Hall_Tower_(Prague)/0/pictures/Reloj_Astronómico_de_Praga.jpg
Old_Town_Hall_(Prague),190045,0,commons/Old_Town_Hall_Tower_(Prague)/0/pictures/Rathausuhr_Prag_01.jpg
Old_Town_Hall_(Prague),190045,0,commons/Old_Town_Hall_Tower_(Prague)/0/pictures/Radnice_Staroměstská_(Staré_Město).JPG
Old_Town_Hall_(Prague),190045,0,"commons/Wölflinův_dům_(Old_Town_Hall)/0/pictures/017_Staroměstské_Náměstí,_torre_de_l'Ajuntament_i_església_de_Týn.jpg"
Old_Town_Hall_(Prague),190045,0,"commons/Old_Town_Hall_Tower_(Prague)/0/pictures/Radnice_Staroměstská_(Staré_Město),_Praha_1,_Staroměstské_nám._3,_Staré_Město.JPG"
Old_Town_Hall_(Prague),190045,0,commons/Views_of_the_Church_of_Saint_Nicholas_from_the_Old_Town_Hall/0/pictures/View_from_the_top_of_old_Town_Hall.jpg
Old_Town_Hall_(Prague),190045,0,commons/Old_Town_Hall_Tower_(Prague)/0/pictures/Radnice_Staroměstská_(Staré_Město)_1.JPG
Old_Town_Hall_(Prague),190045,0,commons/Old_Town_Hall_Tower_(Prague)/0/pictures/Prahaeleven.jpg
Old_Town_Hall_(Prague),190045,0,commons/Old_Town_Hall_Tower_(Prague)/0/pictures/Pražské_Staré_Město.JPG
Old_Town_Hall_(Prague),190045,0,commons/Renovation_of_the_Old_Town_Hall_Tower_(Prague)/0/pictures/Rekonstrukce_Staroměstské_radnice_1AAK1817.jpg
Old_Town_Hall_(Prague),190045,0,commons/Renovation_of_the_Old_Town_Hall_Tower_(Prague)/0/pictures/Rekonstrukce_Staroměstské_radnice_1AAP0524.jpg
Old_Town_Hall_(Prague),190045,0,"commons/Old_Town_Hall_Tower_(Prague)/0/pictures/Praha-Staré_Město,_Staroměstké_náměstí_čp._1,_radnice.JPG"
Old_Town_Hall_(Prague),190045,0,commons/Renovation_of_the_Old_Town_Hall_Tower_(Prague)/0/pictures/Rekonstrukce_Staroměstské_radnice_1AAK1816.jpg
Old_Town_Hall_(Prague),190045,0,commons/Renovation_of_the_Old_Town_Hall_Tower_(Prague)/0/pictures/Rekonstrukce_Staroměstské_radnice_1AAP0518.jpg
Old_Town_Hall_(Prague),190045,0,commons/Old_Town_Hall_Tower_(Prague)/0/pictures/Praha-Rathaus.jpg
Old_Town_Hall_(Prague),190045,0,commons/Views_of_the_Church_of_Saint_Nicholas_from_the_Old_Town_Hall/0/pictures/Sv._Mikuláš_(Staromák).JPG
Old_Town_Hall_(Prague),190045,0,commons/Renovation_of_the_Old_Town_Hall_Tower_(Prague)/0/pictures/Rekonstrukce_Staroměstské_radnice_1AAK1813.jpg
Old_Town_Hall_(Prague),190045,0,commons/Renovation_of_the_Old_Town_Hall_Tower_(Prague)/0/pictures/Rekonstrukce_Staroměstské_radnice_1AAP0514.jpg
Old_Town_Hall_(Prague),190045,0,"commons/Old_Town_Hall_Tower_(Prague)/0/pictures/Praha,_věž_Staroměstské_radnice_-_panoramio.jpg"
Old_Town_Hall_(Prague),190045,0,commons/Renovation_of_the_Old_Town_Hall_Tower_(Prague)/0/pictures/Rekonstrukce_Staroměstské_radnice_1AAK1801-Pano.jpg
Old_Town_Hall_(Prague),190045,0,"commons/Old_Town_Hall_Tower_(Prague)/0/pictures/Praha,_arkýř_Staroměstské_radnice.JPG"
Old_Town_Hall_(Prague),190045,0,commons/Views_of_the_Church_of_Saint_Nicholas_from_the_Old_Town_Hall/0/pictures/St._Nicholas_Church_watching_from_Prague_astronomical_clock.jpg
Old_Town_Hall_(Prague),190045,0,"commons/Old_Town_Hall_Tower_(Prague)/0/pictures/Praha,_Staroměstské_náměstí,_radnice_(3).JPG"
Old_Town_Hall_(Prague),190045,0,commons/Views_of_the_Church_of_Saint_Nicholas_from_the_Old_Town_Hall/0/pictures/S_Nicholas_prague.jpg
Old_Town_Hall_(Prague),190045,0,"commons/Old_Town_Hall_Tower_(Prague)/0/pictures/Praha,_Staroměstské_náměstí,_radnice_(2).JPG"
Old_Town_Hall_(Prague),190045,0,"commons/Old_Town_Hall_Tower_(Prague)/0/pictures/Praha,_Staroměstské_náměstí,_radnice_(1).JPG"
Old_Town_Hall_(Prague),190045,0,commons/Renovation_of_the_Old_Town_Hall_Tower_(Prague)/0/pictures/Rekonstrukce_Staroměstské_radnice_1AAP0493.jpg
Old_Town_Hall_(Prague),190045,0,"commons/Old_Town_Hall_Tower_(Prague)/0/pictures/Praha,_Staroměstské_náměstí,_Staroměstská_radnice_(01).jpg"
Old_Town_Hall_(Prague),190045,0,"commons/Old_Town_Hall_Tower_(Prague)/0/pictures/Praha,_Staroměstské_náměstí,_Staroměstská_radnice.jpg"
Old_Town_Hall_(Prague),190045,0,commons/Views_of_the_Church_of_Saint_Nicholas_from_the_Old_Town_Hall/0/pictures/Rekonstrukce_Staroměstské_radnice_1AAF5409.jpg
Old_Town_Hall_(Prague),190045,0,"commons/Old_Town_Hall_Tower_(Prague)/0/pictures/Praha,_Staroměstské_náměstí,_2021_(11).jpg"
Old_Town_Hall_(Prague),190045,0,commons/Views_of_the_Church_of_Saint_Nicholas_from_the_Old_Town_Hall/0/pictures/Praha_-_kostel_Svateho_Mikulase.jpg
Old_Town_Hall_(Prague),190045,0,"commons/Old_Town_Hall_Tower_(Prague)/0/pictures/Praha,_Staroměstské_náměstí_(2).JPG"
Old_Town_Hall_(Prague),190045,0,"commons/Old_Town_Hall_Tower_(Prague)/0/pictures/Praha,_Staroměstské_náměstí_(1).jpg"
Old_Town_Hall_(Prague),190045,0,commons/Renovation_of_the_Old_Town_Hall_Tower_(Prague)/0/pictures/Rekonstrukce_Staroměstské_radnice_1AAP0488.jpg
Old_Town_Hall_(Prague),190045,0,"commons/Old_Town_Hall_Tower_(Prague)/0/pictures/Praha,_Staroměstská_radnice.JPG"
Old_Town_Hall_(Prague),190045,0,commons/Views_of_the_Church_of_Saint_Nicholas_from_the_Old_Town_Hall/0/pictures/Prague_07-2016_View_from_Old_Town_Hall_Tower_img5.jpg
Old_Town_Hall_(Prague),190045,0,"commons/Old_Town_Hall_Tower_(Prague)/0/pictures/Praha,_Staroměstská_radnice,_věž_-_panoramio_(5).jpg"
Old_Town_Hall_(Prague),190045,0,"commons/Old_Town_Hall_Tower_(Prague)/0/pictures/Praha,_Staroměstská_radnice_-_panoramio_(7).jpg"
Old_Town_Hall_(Prague),190045,0,commons/Views_of_the_Church_of_Saint_Nicholas_from_the_Old_Town_Hall/0/pictures/Prague_-_night.jpg
Old_Town_Hall_(Prague),190045,0,"commons/Old_Town_Hall_Tower_(Prague)/0/pictures/Praha,_Staroměstská_radnice_-_panoramio_(4).jpg"
Old_Town_Hall_(Prague),190045,0,"commons/Old_Town_Hall_Tower_(Prague)/0/pictures/Praha,_Staroměstská_radnice_-_panoramio_(36).jpg"
Old_Town_Hall_(Prague),190045,0,commons/Views_of_the_Church_of_Saint_Nicholas_from_the_Old_Town_Hall/0/pictures/Prag_Kathedrale_St._Nikolaus_5.JPG
Old_Town_Hall_(Prague),190045,0,commons/Renovation_of_the_Old_Town_Hall_Tower_(Prague)/0/pictures/Rekonstrukce_Staroměstské_radnice_1AAP0473.jpg
Old_Town_Hall_(Prague),190045,0,"commons/Old_Town_Hall_Tower_(Prague)/0/pictures/Praha,_Staroměstská_radnice_-_panoramio_(3).jpg"
Old_Town_Hall_(Prague),190045,0,commons/Views_of_the_Church_of_Saint_Nicholas_from_the_Old_Town_Hall/0/pictures/Prag_Kathedrale_St._Nikolaus_3.JPG
Old_Town_Hall_(Prague),190045,0,"commons/Old_Town_Hall_Tower_(Prague)/0/pictures/Praha,_Radnice_Staroměstská_(Staré_Město).JPG"
Old_Town_Hall_(Prague),190045,0,commons/Views_of_the_Church_of_Saint_Nicholas_from_the_Old_Town_Hall/0/pictures/Prag_-_Panoramablick_vom_Altstädter_Rathausturm_Richtung_Norden_-_Panoramatický_pohled_z_věže_Staroměstské_radnice_severu_-_panoramio.jpg
Old_Town_Hall_(Prague),190045,0,commons/Renovation_of_the_Old_Town_Hall_Tower_(Prague)/0/pictures/Rekonstrukce_Staroměstské_radnice_1AAP0469.jpg
Old_Town_Hall_(Prague),190045,0,"commons/Old_Town_Hall_Tower_(Prague)/0/pictures/Praha,_Staroměstská_radnice_-_panoramio_(2).jpg"
Old_Town_Hall_(Prague),190045,0,commons/Views_of_the_Church_of_Saint_Nicholas_from_the_Old_Town_Hall/0/pictures/Prag_-_Blick_vom_Altstädter_Rathausturm_auf_die_Straße_Pařížská_-_Zobrazit_od_Starého_věže_radnice_na_silnici_Pařížská_-_panoramio.jpg
Old_Town_Hall_(Prague),190045,0,commons/Renovation_of_the_Old_Town_Hall_Tower_(Prague)/0/pictures/Rekonstrukce_Staroměstské_radnice_1AAP0463.jpg
Old_Town_Hall_(Prague),190045,0,"commons/Old_Town_Hall_Tower_(Prague)/0/pictures/Praha,_June_2009_(4153921528).jpg"
Old_Town_Hall_(Prague),190045,0,commons/Views_of_the_Church_of_Saint_Nicholas_from_the_Old_Town_Hall/0/pictures/PRAHA_-_panoramio_-_Nikolai_Karaneschev_(5).jpg
Old_Town_Hall_(Prague),190045,0,commons/Renovation_of_the_Old_Town_Hall_Tower_(Prague)/0/pictures/Rekonstrukce_Staroměstské_radnice_1AAP0460.jpg
Old_Town_Hall_(Prague),190045,0,"commons/Old_Town_Hall_Tower_(Prague)/0/pictures/Praha,_June_2009_(4153154865).jpg"
Old_Town_Hall_(Prague),190045,0,commons/Views_of_the_Church_of_Saint_Nicholas_from_the_Old_Town_Hall/0/pictures/PRAHA_-_panoramio_-_Nikolai_Karaneschev_(1).jpg
Old_Town_Hall_(Prague),190045,0,commons/Old_Town_Hall_Tower_(Prague)/0/pictures/Praha_Vánoce_2020_7.jpg
Old_Town_Hall_(Prague),190045,0,commons/Old_Town_Hall_Tower_(Prague)/0/pictures/Praha_Staroměstské_náměstí_920-1498.jpg
Old_Town_Hall_(Prague),190045,0,commons/Views_of_the_Church_of_Saint_Nicholas_from_the_Old_Town_Hall/0/pictures/Kostel_sv._Mikuláše_(Staré_Město)_1.jpg
Old_Town_Hall_(Prague),190045,0,commons/Old_Town_Hall_Tower_(Prague)/0/pictures/Praha_Staroměstské_náměstí.jpg
Old_Town_Hall_(Prague),190045,0,commons/Old_Town_Hall_Tower_(Prague)/0/pictures/Praha_Ratusz_2.jpg
Old_Town_Hall_(Prague),190045,0,commons/Old_Town_Hall_Tower_(Prague)/0/pictures/Praha_Rynek_Staromiejski_2.jpg
Old_Town_Hall_(Prague),190045,0,commons/Old_Town_Hall_Tower_(Prague)/0/pictures/Praha_2009-12-26-47.jpg
Old_Town_Hall_(Prague),190045,0,commons/Renovation_of_the_Old_Town_Hall_Tower_(Prague)/0/pictures/Rekonstrukce_Staroměstské_radnice_1AAP0436.jpg
Old_Town_Hall_(Prague),190045,0,"commons/Old_Town_Hall_Tower_(Prague)/0/pictures/Praha_1_-_Staré_Město,_věž_Staroměstské_radnice.JPG"
Old_Town_Hall_(Prague),190045,0,commons/Renovation_of_the_Old_Town_Hall_Tower_(Prague)/0/pictures/Rekonstrukce_Staroměstské_radnice_1AAP0435.jpg
Old_Town_Hall_(Prague),190045,0,commons/Old_Town_Hall_Tower_(Prague)/0/pictures/Praha_-_Staroměstská_radnice.jpg
Old_Town_Hall_(Prague),190045,0,commons/Views_of_the_Church_of_Saint_Nicholas_from_the_Old_Town_Hall/0/pictures/20190816_Kościół_św._Mikołaja_na_Starym_Mieście_w_Pradze_0942_5183.jpg
Old_Town_Hall_(Prague),190045,0,commons/Renovation_of_the_Old_Town_Hall_Tower_(Prague)/0/pictures/Rekonstrukce_Staroměstské_radnice_1AAP0433.jpg
Old_Town_Hall_(Prague),190045,0,commons/Views_of_the_Church_of_Saint_Nicholas_from_the_Old_Town_Hall/0/pictures/20190204_OldTownView_3850_(47410452412).jpg
Old_Town_Hall_(Prague),190045,0,commons/Views_of_the_Church_of_Saint_Nicholas_from_the_Old_Town_Hall/0/pictures/20190204_OldTownView_3843_(47463536821).jpg
Old_Town_Hall_(Prague),190045,0,commons/Renovation_of_the_Old_Town_Hall_Tower_(Prague)/0/pictures/Rekonstrukce_Staroměstské_radnice_1AAP0432.jpg
Old_Town_Hall_(Prague),190045,0,"commons/Old_Town_Hall_Tower_(Prague)/0/pictures/Prague,_Old_Town_Square,_ice_hokey_crowds.jpg"
Old_Town_Hall_(Prague),190045,0,commons/Views_of_the_Church_of_Saint_Nicholas_from_the_Old_Town_Hall/0/pictures/20190204_OldTownView_3838_(47463533321).jpg
Old_Town_Hall_(Prague),190045,0,"commons/Old_Town_Hall_Tower_(Prague)/0/pictures/Prague,_Czech_Republic,_April_2016_-_16.JPG"
Old_Town_Hall_(Prague),190045,0,commons/Views_of_the_Church_of_Saint_Nicholas_from_the_Old_Town_Hall/0/pictures/20190204_OldTownSq_9453_(46548199215).jpg
Old_Town_Hall_(Prague),190045,0,"commons/Old_Town_Hall_Tower_(Prague)/0/pictures/Prague,_Czech_Republic,_April_2016_-_18.JPG"
Old_Town_Hall_(Prague),190045,0,commons/Views_of_the_Church_of_Saint_Nicholas_from_the_Old_Town_Hall/0/pictures/20190204_OldTownSq_9450_(47463533551).jpg
Old_Town_Hall_(Prague),190045,0,commons/Old_Town_Hall_Tower_(Prague)/0/pictures/Prague_old_town_square_panorama.jpg
Old_Town_Hall_(Prague),190045,0,"commons/Views_of_the_Church_of_Our_Lady_in_front_of_Týn_from_the_Old_Town_Hall/0/pictures/Староместская_площадь,_Staroměstské_náměstí.jpg"
Old_Town_Hall_(Prague),190045,0,commons/Old_Town_Hall_Tower_(Prague)/0/pictures/Prague_church.jpg
Old_Town_Hall_(Prague),190045,0,commons/Views_of_the_Church_of_Our_Lady_in_front_of_Týn_from_the_Old_Town_Hall/0/pictures/View_of_Church_of_Our_Lady_in_front_of_Týn_from_Old_Town_Hall_02.jpg
Old_Town_Hall_(Prague),190045,0,commons/Old_Town_Hall_Tower_(Prague)/0/pictures/Prague_Praha_2014_Holmstad_flott_rådhustårnet_ved_bytorget_city_hall_tower_Stare_mesto.JPG
Old_Town_Hall_(Prague),190045,0,commons/Views_of_the_Church_of_Our_Lady_in_front_of_Týn_from_the_Old_Town_Hall/0/pictures/Tyn_church.jpg
Old_Town_Hall_(Prague),190045,0,commons/Old_Town_Hall_Tower_(Prague)/0/pictures/Prague_Orloj_tower_1.JPG
Old_Town_Hall_(Prague),190045,0,commons/Views_of_the_Church_of_Our_Lady_in_front_of_Týn_from_the_Old_Town_Hall/0/pictures/Tyn_Church._Prague._Czech_Republic._Тынский_Храм._Прага._Чехия_-_panoramio_(2).jpg
Old_Town_Hall_(Prague),190045,0,commons/Old_Town_Hall_Tower_(Prague)/0/pictures/Prague_Orloj_tower_2.JPG
Old_Town_Hall_(Prague),190045,0,commons/Views_of_the_Church_of_Our_Lady_in_front_of_Týn_from_the_Old_Town_Hall/0/pictures/Tyn_Church._Prague._Czech_Republic._Тынский_Храм._Прага._Чехия_-_panoramio_(3).jpg
Old_Town_Hall_(Prague),190045,0,commons/Renovation_of_the_Old_Town_Hall_Tower_(Prague)/0/pictures/Rekonstrukce_Staroměstské_radnice_1AAP6658.jpg
Old_Town_Hall_(Prague),190045,0,commons/Old_Town_Hall_Tower_(Prague)/0/pictures/Prague_NZ7_0316_(44311735205).jpg
Old_Town_Hall_(Prague),190045,0,commons/Views_of_the_Church_of_Our_Lady_in_front_of_Týn_from_the_Old_Town_Hall/0/pictures/Tyn_Church._Prague._Czech_Republic._Тынский_Храм._Прага._Чехия_-_panoramio_(1).jpg
Old_Town_Hall_(Prague),190045,0,"commons/Old_Town_Hall_Tower_(Prague)/0/pictures/Prague_Old_Town_Square,_Czech_Republic_-_Oct_2010.jpg"
Old_Town_Hall_(Prague),190045,0,commons/Views_of_the_Church_of_Our_Lady_in_front_of_Týn_from_the_Old_Town_Hall/0/pictures/Tyn_Church_Prague.jpg
Old_Town_Hall_(Prague),190045,0,commons/Old_Town_Hall_Tower_(Prague)/0/pictures/Prague_IMG_1188_(378142787).jpg
Old_Town_Hall_(Prague),190045,0,commons/Views_of_the_Church_of_Our_Lady_in_front_of_Týn_from_the_Old_Town_Hall/0/pictures/The_Grand_Old_Town_of_Prague_(19702553136).jpg
Old_Town_Hall_(Prague),190045,0,commons/Old_Town_Hall_Tower_(Prague)/0/pictures/Prague_IMG_1179_(378142680).jpg
Old_Town_Hall_(Prague),190045,0,commons/Views_of_the_Church_of_Our_Lady_in_front_of_Týn_from_the_Old_Town_Hall/0/pictures/The_Church_of_our_Lady_(20786545282).jpg
Old_Town_Hall_(Prague),190045,0,commons/Old_Town_Hall_Tower_(Prague)/0/pictures/Prague_IMG_0934_(378139148).jpg
Old_Town_Hall_(Prague),190045,0,commons/Views_of_the_Church_of_Our_Lady_in_front_of_Týn_from_the_Old_Town_Hall/0/pictures/Staroměstské_náměstí....jpg
Old_Town_Hall_(Prague),190045,0,commons/Old_Town_Hall_Tower_(Prague)/0/pictures/Prague_IMG_0931_(378139108).jpg
Old_Town_Hall_(Prague),190045,0,"commons/Views_of_the_Church_of_Our_Lady_in_front_of_Týn_from_the_Old_Town_Hall/0/pictures/Stadhuis_van_Praag,_Praag,_Tsjechië_Aug_17,_2019_04-21-56_PM.jpeg"
Old_Town_Hall_(Prague),190045,0,commons/Old_Town_Hall_Tower_(Prague)/0/pictures/Prague_IMG_0923_(378138992).jpg
Old_Town_Hall_(Prague),190045,0,commons/Views_of_the_Church_of_Our_Lady_in_front_of_Týn_from_the_Old_Town_Hall/0/pictures/Rekonstrukce_Staroměstské_radnice_1AAF5556.jpg
Old_Town_Hall_(Prague),190045,0,commons/Old_Town_Hall_Tower_(Prague)/0/pictures/Prague_IMG_0917_(378138906).jpg
Old_Town_Hall_(Prague),190045,0,commons/Old_Town_Hall_Tower_(Prague)/0/pictures/Prague_Clock_Tower.jpg
Old_Town_Hall_(Prague),190045,0,commons/Old_Town_Hall_Tower_(Prague)/0/pictures/Prague_2016-01-05_16-27-18_IMG_8844_(31944314314).jpg
Old_Town_Hall_(Prague),190045,0,commons/Old_Town_Hall_Tower_(Prague)/0/pictures/Prague_2006-11_53.jpg
Old_Town_Hall_(Prague),190045,0,commons/Old_Town_Hall_Tower_(Prague)/0/pictures/Prague_2006-11_51.jpg
Old_Town_Hall_(Prague),190045,0,commons/Old_Town_Hall_Tower_(Prague)/0/pictures/Prague_2006-11_142.jpg
Old_Town_Hall_(Prague),190045,0,commons/Old_Town_Hall_Tower_(Prague)/0/pictures/Prague_2006-11_137.jpg
Old_Town_Hall_(Prague),190045,0,commons/Views_of_the_Church_of_Our_Lady_in_front_of_Týn_from_the_Old_Town_Hall/0/pictures/Prague_NZ7_0422_(30283503547).jpg
Old_Town_Hall_(Prague),190045,0,commons/Old_Town_Hall_Tower_(Prague)/0/pictures/Prague_2006-11_012.jpg
Old_Town_Hall_(Prague),190045,0,commons/Renovation_of_the_Old_Town_Hall_Tower_(Prague)/0/pictures/Rekonstrukce_Staroměstské_radnice_1AAP0379.jpg
Old_Town_Hall_(Prague),190045,0,commons/Old_Town_Hall_Tower_(Prague)/0/pictures/Prague_2006-11_020.jpg
Old_Town_Hall_(Prague),190045,0,commons/Old_Town_Hall_Tower_(Prague)/0/pictures/Prague_2006-11_017.jpg
Old_Town_Hall_(Prague),190045,0,commons/Old_Town_Hall_Tower_(Prague)/0/pictures/Prague_2006-11_009.jpg
Old_Town_Hall_(Prague),190045,0,"commons/Old_Town_Hall_Tower_(Prague)/0/pictures/Prague_1,_Czech_Republic_-_panoramio_(292).jpg"
Old_Town_Hall_(Prague),190045,0,commons/Renovation_of_the_Old_Town_Hall_Tower_(Prague)/0/pictures/Rekonstrukce_Staroměstské_radnice_1AAP0370.jpg
Old_Town_Hall_(Prague),190045,0,commons/Old_Town_Hall_Tower_(Prague)/0/pictures/Prague_03-09-2013_05.JPG
Old_Town_Hall_(Prague),190045,0,commons/Old_Town_Hall_Tower_(Prague)/0/pictures/Prague_03-09-2013_03.JPG
Old_Town_Hall_(Prague),190045,0,commons/Views_of_the_Church_of_Our_Lady_in_front_of_Týn_from_the_Old_Town_Hall/0/pictures/Prague_-_Old_Town_Square_5.jpg
Old_Town_Hall_(Prague),190045,0,commons/Old_Town_Hall_Tower_(Prague)/0/pictures/Prague_03-09-2013_01.JPG
Old_Town_Hall_(Prague),190045,0,commons/Views_of_the_Church_of_Our_Lady_in_front_of_Týn_from_the_Old_Town_Hall/0/pictures/Prague_(16245179861).jpg
Old_Town_Hall_(Prague),190045,0,commons/Renovation_of_the_Old_Town_Hall_Tower_(Prague)/0/pictures/Rekonstrukce_Staroměstské_radnice_1AAP0347.jpg
Old_Town_Hall_(Prague),190045,0,commons/Views_of_the_Church_of_Our_Lady_in_front_of_Týn_from_the_Old_Town_Hall/0/pictures/Prague_(130666263).jpeg
Old_Town_Hall_(Prague),190045,0,commons/Renovation_of_the_Old_Town_Hall_Tower_(Prague)/0/pictures/Rekonstrukce_Staroměstské_radnice_1AAP0345.jpg
Old_Town_Hall_(Prague),190045,0,commons/Old_Town_Hall_Tower_(Prague)/0/pictures/Prague_-_Old_Town_Hall.jpg
Old_Town_Hall_(Prague),190045,0,commons/Views_of_the_Church_of_Our_Lady_in_front_of_Týn_from_the_Old_Town_Hall/0/pictures/Prague_(106735320).jpg
Old_Town_Hall_(Prague),190045,0,commons/Views_of_the_Church_of_Our_Lady_in_front_of_Týn_from_the_Old_Town_Hall/0/pictures/Prager_Marktplatz.jpg
Old_Town_Hall_(Prague),190045,0,commons/Old_Town_Hall_Tower_(Prague)/0/pictures/Prague_-_2006-08-25_-_IMG_1001.JPG
Old_Town_Hall_(Prague),190045,0,commons/Views_of_the_Church_of_Our_Lady_in_front_of_Týn_from_the_Old_Town_Hall/0/pictures/Praga_(33).JPG
Old_Town_Hall_(Prague),190045,0,commons/Renovation_of_the_Old_Town_Hall_Tower_(Prague)/0/pictures/Rekonstrukce_Staroměstské_radnice_1AAP0340.jpg
Old_Town_Hall_(Prague),190045,0,commons/Old_Town_Hall_Tower_(Prague)/0/pictures/Prague_(7252310914).jpg
Old_Town_Hall_(Prague),190045,0,commons/Views_of_the_Church_of_Our_Lady_in_front_of_Týn_from_the_Old_Town_Hall/0/pictures/Prag_Týn_Cathedral_7.JPG
Old_Town_Hall_(Prague),190045,0,commons/Views_of_the_Church_of_Our_Lady_in_front_of_Týn_from_the_Old_Town_Hall/0/pictures/Prag_Týn_Cathedral_5.JPG
Old_Town_Hall_(Prague),190045,0,commons/Renovation_of_the_Old_Town_Hall_Tower_(Prague)/0/pictures/Rekonstrukce_Staroměstské_radnice_1AAP0334.jpg
Old_Town_Hall_(Prague),190045,0,commons/Old_Town_Hall_Tower_(Prague)/0/pictures/Prague_(3897100216).jpg
Old_Town_Hall_(Prague),190045,0,commons/Views_of_the_Church_of_Our_Lady_in_front_of_Týn_from_the_Old_Town_Hall/0/pictures/Prag_Teynkirche_Pulverturm.jpg
Old_Town_Hall_(Prague),190045,0,commons/Renovation_of_the_Old_Town_Hall_Tower_(Prague)/0/pictures/Rekonstrukce_Staroměstské_radnice_1AAP0328.jpg
Old_Town_Hall_(Prague),190045,0,commons/Old_Town_Hall_Tower_(Prague)/0/pictures/Prague_(3896629245).jpg
Old_Town_Hall_(Prague),190045,0,commons/Views_of_the_Church_of_Our_Lady_in_front_of_Týn_from_the_Old_Town_Hall/0/pictures/Prag_-_Blick_vom_Altstädter_Rathausturm_auf_die_Kirche_der_Jungfrau_Maria_vor_dem_Tein_-_Pohled_z_věže_Staré_radnice_na_kostel_Panny_Marie_před_Týnem_-_panoramio_(1).jpg
Old_Town_Hall_(Prague),190045,0,commons/Renovation_of_the_Old_Town_Hall_Tower_(Prague)/0/pictures/Rekonstrukce_Staroměstské_radnice_1AAP0330.jpg
Old_Town_Hall_(Prague),190045,0,commons/Renovation_of_the_Old_Town_Hall_Tower_(Prague)/0/pictures/Rekonstrukce_Staroměstské_radnice_1AAP0326.jpg
Old_Town_Hall_(Prague),190045,0,commons/Views_of_the_Church_of_Our_Lady_in_front_of_Týn_from_the_Old_Town_Hall/0/pictures/PRAHA_-_panoramio_(1).jpg
Old_Town_Hall_(Prague),190045,0,commons/Renovation_of_the_Old_Town_Hall_Tower_(Prague)/0/pictures/Rekonstrukce_Staroměstské_radnice_1AAP0324.jpg
Old_Town_Hall_(Prague),190045,0,"commons/Views_of_the_Church_of_Our_Lady_in_front_of_Týn_from_the_Old_Town_Hall/0/pictures/P15_Church_of_Our_Lady_in_front_of_Týn,_Nov_1973_(51697984783).jpg"
Old_Town_Hall_(Prague),190045,0,"commons/Views_of_the_Church_of_Our_Lady_in_front_of_Týn_from_the_Old_Town_Hall/0/pictures/Our_Lady_Before_Tyn,_Prague,_Czech_Republic.JPG"
Old_Town_Hall_(Prague),190045,0,commons/Renovation_of_the_Old_Town_Hall_Tower_(Prague)/0/pictures/Rekonstrukce_Staroměstské_radnice_1AAP0318.jpg
Old_Town_Hall_(Prague),190045,0,commons/Views_of_the_Church_of_Our_Lady_in_front_of_Týn_from_the_Old_Town_Hall/0/pictures/Old_Town_Square-Prague-2.jpg
Old_Town_Hall_(Prague),190045,0,commons/Old_Town_Hall_Tower_(Prague)/0/pictures/Prague_(16061303457).jpg
Old_Town_Hall_(Prague),190045,0,commons/Views_of_the_Church_of_Our_Lady_in_front_of_Týn_from_the_Old_Town_Hall/0/pictures/Old_Town_Square_-_panorama.jpg
Old_Town_Hall_(Prague),190045,0,commons/Old_Town_Hall_Tower_(Prague)/0/pictures/Prague_(16059759540).jpg
Old_Town_Hall_(Prague),190045,0,commons/Views_of_the_Church_of_Our_Lady_in_front_of_Týn_from_the_Old_Town_Hall/0/pictures/Notre_Dame_de_Tyn_(détail).jpg
Old_Town_Hall_(Prague),190045,0,commons/Renovation_of_the_Old_Town_Hall_Tower_(Prague)/0/pictures/Rekonstrukce_Staroměstské_radnice_1AAP0311.jpg
Old_Town_Hall_(Prague),190045,0,"commons/Old_Town_Hall_Tower_(Prague)/0/pictures/Praga_1988,_panorámica_11.jpg"
Old_Town_Hall_(Prague),190045,0,commons/Old_Town_Hall_Tower_(Prague)/0/pictures/Prague_(146381665).jpeg
Old_Town_Hall_(Prague),190045,0,commons/Views_of_the_Church_of_Our_Lady_in_front_of_Týn_from_the_Old_Town_Hall/0/pictures/Notre_Dame_de_Tyn_(2).jpg
Old_Town_Hall_(Prague),190045,0,commons/Renovation_of_the_Old_Town_Hall_Tower_(Prague)/0/pictures/Rekonstrukce_Staroměstské_radnice_1AAP0305.jpg
Old_Town_Hall_(Prague),190045,0,commons/Old_Town_Hall_Tower_(Prague)/0/pictures/Praga_04-09-2013_07.JPG
Old_Town_Hall_(Prague),190045,0,commons/Old_Town_Hall_Tower_(Prague)/0/pictures/Praga_04-09-2013_06.JPG
Old_Town_Hall_(Prague),190045,0,commons/Old_Town_Hall_Tower_(Prague)/0/pictures/Praga_-_Torre_do_antigo_concello_-_Torre_del_antiguo_ayuntamiento_-_Tower_of_the_old_town_hall_-_03.jpg
Old_Town_Hall_(Prague),190045,0,commons/Views_of_the_Church_of_Our_Lady_in_front_of_Týn_from_the_Old_Town_Hall/0/pictures/Czech-04052_-_Church_of_Our_Lady_before_Týn_(32980838976).jpg
Old_Town_Hall_(Prague),190045,0,commons/Old_Town_Hall_Tower_(Prague)/0/pictures/Praga_04-09-2013_03.JPG
Old_Town_Hall_(Prague),190045,0,commons/Views_of_the_Church_of_Our_Lady_in_front_of_Týn_from_the_Old_Town_Hall/0/pictures/Church_of_Our_Lady_in_front_of_Týn.jpg
Old_Town_Hall_(Prague),190045,0,commons/Old_Town_Hall_Tower_(Prague)/0/pictures/Praga_-_Torre_do_antigo_concello_-_Torre_del_antiguo_ayuntamiento_-_Tower_of_the_old_town_hall_-_02.jpg
Old_Town_Hall_(Prague),190045,0,commons/Views_of_the_Church_of_Our_Lady_in_front_of_Týn_from_the_Old_Town_Hall/0/pictures/Church_of_Our_Lady_in_front_of_Týn-Prašná_brána-Prague.jpg
Old_Town_Hall_(Prague),190045,0,commons/Old_Town_Hall_Tower_(Prague)/0/pictures/Praga_04-09-2013_01.JPG
Old_Town_Hall_(Prague),190045,0,commons/Views_of_the_Church_of_Our_Lady_in_front_of_Týn_from_the_Old_Town_Hall/0/pictures/Church_of_Our_Lady_in_front_of_Týn-Prague.jpg
Old_Town_Hall_(Prague),190045,0,commons/Old_Town_Hall_Tower_(Prague)/0/pictures/Praga_-_Torre_do_antigo_concello_-_Torre_del_antiguo_ayuntamiento_-_Tower_of_the_old_town_hall_-_01.jpg
Old_Town_Hall_(Prague),190045,0,commons/Views_of_the_Church_of_Our_Lady_in_front_of_Týn_from_the_Old_Town_Hall/0/pictures/Church_of_Our_Lady_in_front_of_Týn_3.jpg
Old_Town_Hall_(Prague),190045,0,commons/Old_Town_Hall_Tower_(Prague)/0/pictures/Prag4.JPG
Old_Town_Hall_(Prague),190045,0,commons/Views_of_the_Church_of_Our_Lady_in_front_of_Týn_from_the_Old_Town_Hall/0/pictures/Church_of_Our_Lady_before_Tyn.jpg
Old_Town_Hall_(Prague),190045,0,commons/Old_Town_Hall_Tower_(Prague)/0/pictures/Prag_–_Altstädter_Rathaus_bei_Nacht_-_Staroměstská_radnice_v_noci_-_panoramio.jpg
Old_Town_Hall_(Prague),190045,0,commons/Old_Town_Hall_Tower_(Prague)/0/pictures/Prag_altstaedter_ring_02.jpg
Old_Town_Hall_(Prague),190045,0,commons/Views_of_the_Church_of_Our_Lady_in_front_of_Týn_from_the_Old_Town_Hall/0/pictures/CZ-prag-altst-ring-teyn-turm.jpg
Old_Town_Hall_(Prague),190045,0,commons/Renovation_of_the_Old_Town_Hall_Tower_(Prague)/0/pictures/Rekonstrukce_Staroměstské_radnice_1AAP0284.jpg
Old_Town_Hall_(Prague),190045,0,commons/Old_Town_Hall_Tower_(Prague)/0/pictures/Prag_Rathaus_Turm_2.JPG
Old_Town_Hall_(Prague),190045,0,commons/Views_of_the_Church_of_Our_Lady_in_front_of_Týn_from_the_Old_Town_Hall/0/pictures/CZ-prag-altst-ring-teyn-turm-3.jpg
Old_Town_Hall_(Prague),190045,0,commons/Views_of_the_Church_of_Our_Lady_in_front_of_Týn_from_the_Old_Town_Hall/0/pictures/20190816_Kościół_Najświętszej_Marii_Panny_przed_Tynem_w_Pradze_0939_5166_DxO.jpg
Old_Town_Hall_(Prague),190045,0,commons/Views_of_the_Church_of_Our_Lady_in_front_of_Týn_from_the_Old_Town_Hall/0/pictures/20190204_OldTownView_3836_(47410438182).jpg
Old_Town_Hall_(Prague),190045,0,commons/Views_of_the_Church_of_Our_Lady_in_front_of_Týn_from_the_Old_Town_Hall/0/pictures/20190204_OldTownView_3833_(47463530581).jpg
Old_Town_Hall_(Prague),190045,0,commons/Views_of_the_Church_of_Our_Lady_in_front_of_Týn_from_the_Old_Town_Hall/0/pictures/20190204_OldTownView_3822_(47410433012).jpg
Old_Town_Hall_(Prague),190045,0,commons/Old_Town_Hall_Tower_(Prague)/0/pictures/Prag_2013_009.jpg
Old_Town_Hall_(Prague),190045,0,commons/Views_of_the_Church_of_Our_Lady_in_front_of_Týn_from_the_Old_Town_Hall/0/pictures/20190204_OldTownView_3825_(33586995288).jpg
Old_Town_Hall_(Prague),190045,0,commons/Renovation_of_the_Old_Town_Hall_Tower_(Prague)/0/pictures/Rekonstrukce_Staroměstské_radnice_1AAP0160.jpg
Old_Town_Hall_(Prague),190045,0,commons/Old_Town_Hall_Tower_(Prague)/0/pictures/Prag_-_Rathausturm_mit_der_berühmten_Rathausuhr_-_Radnice_se_slavným_orlojem_-_panoramio.jpg
Old_Town_Hall_(Prague),190045,0,commons/Views_of_the_Church_of_Our_Lady_in_front_of_Týn_from_the_Old_Town_Hall/0/pictures/20190204_OldTownSq_9448_(47463530871).jpg
Old_Town_Hall_(Prague),190045,0,commons/Renovation_of_the_Old_Town_Hall_Tower_(Prague)/0/pictures/Rekonstrukce_Staroměstské_radnice_1AAP0154.jpg
Old_Town_Hall_(Prague),190045,0,commons/Old_Town_Hall_Tower_(Prague)/0/pictures/Prag_09_(RaBoe).jpg
Old_Town_Hall_(Prague),190045,0,commons/Views_of_the_Church_of_Our_Lady_in_front_of_Týn_from_the_Old_Town_Hall/0/pictures/20190204_OldTownSq_9449_(46740301314).jpg
Old_Town_Hall_(Prague),190045,0,commons/Old_Town_Hall_Tower_(Prague)/0/pictures/Prag_-_Rathausturm_mit_der_berühmten_Rathausuhr_-_Radnice_se_slavným_orlojem_-_panoramio_(3).jpg
Old_Town_Hall_(Prague),190045,0,commons/Views_of_the_Church_of_Our_Lady_in_front_of_Týn_from_the_Old_Town_Hall/0/pictures/20190204_OldTownView_3821_(33586993668).jpg
Old_Town_Hall_(Prague),190045,0,commons/Old_Town_Hall_Tower_(Prague)/0/pictures/Prag_-_Rathausturm_mit_der_berühmten_Rathausuhr_-_Radnice_se_slavným_orlojem_-_panoramio_(2).jpg
Old_Town_Hall_(Prague),190045,0,commons/Views_of_the_Church_of_Our_Lady_in_front_of_Týn_from_the_Old_Town_Hall/0/pictures/20190204_OldTownSq_9447_(47463530881).jpg
Old_Town_Hall_(Prague),190045,0,commons/Old_Town_Hall_Tower_(Prague)/0/pictures/Prag_-_Rathausturm_mit_der_berühmten_Rathausuhr_-_Radnice_se_slavným_orlojem_-_panoramio_(1).jpg
Old_Town_Hall_(Prague),190045,0,commons/Views_of_the_Church_of_Our_Lady_in_front_of_Týn_from_the_Old_Town_Hall/0/pictures/20190204_OldTownSq_9446_(33586993898).jpg
Old_Town_Hall_(Prague),190045,0,commons/Renovation_of_the_Old_Town_Hall_Tower_(Prague)/0/pictures/Rekonstrukce_Staroměstské_radnice_1AAP0109.jpg
Old_Town_Hall_(Prague),190045,0,commons/Old_Town_Hall_Tower_(Prague)/0/pictures/PRAHA_ПРАГА_-_panoramio_-_Nikolai_Karaneschev_(3).jpg
Old_Town_Hall_(Prague),190045,0,commons/Views_of_the_Church_of_Our_Lady_in_front_of_Týn_from_the_Old_Town_Hall/0/pictures/20190204_OldTownHall_3806_(47463517841).jpg
Old_Town_Hall_(Prague),190045,0,commons/Old_Town_Hall_Tower_(Prague)/0/pictures/PRAHA_ПРАГА_-_panoramio_-_Nikolai_Karaneschev.jpg
Old_Town_Hall_(Prague),190045,0,commons/Views_of_the_Church_of_Our_Lady_in_front_of_Týn_from_the_Old_Town_Hall/0/pictures/20190204_OldTownSq_9445_(47410432462).jpg
Old_Town_Hall_(Prague),190045,0,commons/Old_Town_Hall_Tower_(Prague)/0/pictures/PRAHA_ПРАГА_-_panoramio_-_Nikolai_Karaneschev_(2).jpg
Old_Town_Hall_(Prague),190045,0,commons/Views_of_Prague_from_Old_Town_Hall_Tower/0/pictures/Староместская_площадь_-_panoramio_(1).jpg
Old_Town_Hall_(Prague),190045,0,commons/Renovation_of_the_Old_Town_Hall_Tower_(Prague)/0/pictures/Rekonstrukce_Staroměstské_radnice_1AAK1084.jpg
Old_Town_Hall_(Prague),190045,0,"commons/Old_Town_Hall_Tower_(Prague)/0/pictures/One_of_multiple_Prague_clock_towers._Prague,_Czech_Republic,_Western_Europe._January_7,_2014.jpg"
Old_Town_Hall_(Prague),190045,0,commons/Views_of_Prague_from_Old_Town_Hall_Tower/0/pictures/Vánoční_Praha_2011_(20).jpg
Old_Town_Hall_(Prague),190045,0,commons/Renovation_of_the_Old_Town_Hall_Tower_(Prague)/0/pictures/Rekonstrukce_Staroměstské_radnice_1AAK1079.jpg
Old_Town_Hall_(Prague),190045,0,commons/Views_of_Prague_from_Old_Town_Hall_Tower/0/pictures/Vánoční_Praha_2011_(19).jpg
Old_Town_Hall_(Prague),190045,0,commons/Renovation_of_the_Old_Town_Hall_Tower_(Prague)/0/pictures/Rekonstrukce_Staroměstské_radnice_1AAK1077.jpg
Old_Town_Hall_(Prague),190045,0,"commons/Old_Town_Hall_Tower_(Prague)/0/pictures/Old_Town,_110_00_Prague-Prague_1,_Czech_Republic_-_panoramio_(140).jpg"
Old_Town_Hall_(Prague),190045,0,commons/Views_of_Prague_from_Old_Town_Hall_Tower/0/pictures/Vánoční_Praha_2011_(18).jpg
Old_Town_Hall_(Prague),190045,0,commons/Old_Town_Hall_Tower_(Prague)/0/pictures/Old_Town_town_hall.jpg
Old_Town_Hall_(Prague),190045,0,commons/Views_of_Prague_from_Old_Town_Hall_Tower/0/pictures/Vánoční_Praha_2011_(16).jpg
Old_Town_Hall_(Prague),190045,0,commons/Views_of_Prague_from_Old_Town_Hall_Tower/0/pictures/Vánoční_Praha_2011_(15).jpg
Old_Town_Hall_(Prague),190045,0,commons/Renovation_of_the_Old_Town_Hall_Tower_(Prague)/0/pictures/Rekonstrukce_Staroměstské_radnice_1AAP0016.jpg
Old_Town_Hall_(Prague),190045,0,commons/Renovation_of_the_Old_Town_Hall_Tower_(Prague)/0/pictures/Rekonstrukce_Staroměstské_radnice_1AAJ8913.jpg
Old_Town_Hall_(Prague),190045,0,commons/Views_of_Prague_from_Old_Town_Hall_Tower/0/pictures/Vánoční_Praha_2011_(12).jpg
Old_Town_Hall_(Prague),190045,0,commons/Renovation_of_the_Old_Town_Hall_Tower_(Prague)/0/pictures/Rekonstrukce_Staroměstské_radnice_1AAJ8906.jpg
Old_Town_Hall_(Prague),190045,0,commons/Renovation_of_the_Old_Town_Hall_Tower_(Prague)/0/pictures/Rekonstrukce_Staroměstské_radnice_1AAP5676.jpg
Old_Town_Hall_(Prague),190045,0,"commons/Old_Town_Hall_Tower_(Prague)/0/pictures/Old_Town_Square,_Prague_16.jpg"
Old_Town_Hall_(Prague),190045,0,commons/Views_of_Prague_from_Old_Town_Hall_Tower/0/pictures/Views_from_Old_Town_town_hall-Franz_Kafka_in_Prague-House_at_the_Minute.jpg
Old_Town_Hall_(Prague),190045,0,commons/Renovation_of_the_Old_Town_Hall_Tower_(Prague)/0/pictures/Rekonstrukce_Staroměstské_radnice_1AAJ8901.jpg
Old_Town_Hall_(Prague),190045,0,commons/Renovation_of_the_Old_Town_Hall_Tower_(Prague)/0/pictures/Rekonstrukce_Staroměstské_radnice_1AAO9848.jpg
Old_Town_Hall_(Prague),190045,0,"commons/Old_Town_Hall_Tower_(Prague)/0/pictures/Old_Town_Square,_Prague_14.JPG"
Old_Town_Hall_(Prague),190045,0,commons/Views_of_Prague_from_Old_Town_Hall_Tower/0/pictures/View_of_old_Prague._Czech_Republic._Вид_на_старую_Прагу._Чехия_-_panoramio.jpg
Old_Town_Hall_(Prague),190045,0,commons/Renovation_of_the_Old_Town_Hall_Tower_(Prague)/0/pictures/Rekonstrukce_Staroměstské_radnice_1AAJ8897.jpg
Old_Town_Hall_(Prague),190045,0,commons/Renovation_of_the_Old_Town_Hall_Tower_(Prague)/0/pictures/Rekonstrukce_Staroměstské_radnice_1AAO9851-Pano.jpg
Old_Town_Hall_(Prague),190045,0,commons/Old_Town_Hall_Tower_(Prague)/0/pictures/Old_Town_Square-Prague-3.jpg
Old_Town_Hall_(Prague),190045,0,commons/Views_of_Prague_from_Old_Town_Hall_Tower/0/pictures/View_of_old_Prague._Czech_Republic._Вид_на_старую_Прагу._Чехия_-_panoramio_(6).jpg
Old_Town_Hall_(Prague),190045,0,commons/Renovation_of_the_Old_Town_Hall_Tower_(Prague)/0/pictures/Rekonstrukce_Staroměstské_radnice_1AAJ8893.jpg
Old_Town_Hall_(Prague),190045,0,commons/Renovation_of_the_Old_Town_Hall_Tower_(Prague)/0/pictures/Rekonstrukce_Staroměstské_radnice_1AAO9846.jpg
Old_Town_Hall_(Prague),190045,0,"commons/Old_Town_Hall_Tower_(Prague)/0/pictures/Old_Town_Square,_Prague_15.jpg"
Old_Town_Hall_(Prague),190045,0,commons/Views_of_Prague_from_Old_Town_Hall_Tower/0/pictures/View_of_old_Prague._Czech_Republic._Вид_на_старую_Прагу._Чехия_-_panoramio_(4).jpg
Old_Town_Hall_(Prague),190045,0,commons/Renovation_of_the_Old_Town_Hall_Tower_(Prague)/0/pictures/Rekonstrukce_Staroměstské_radnice_1AAJ8889.jpg
Old_Town_Hall_(Prague),190045,0,commons/Renovation_of_the_Old_Town_Hall_Tower_(Prague)/0/pictures/Rekonstrukce_Staroměstské_radnice_1AAO9843.jpg
Old_Town_Hall_(Prague),190045,0,"commons/Old_Town_Hall_Tower_(Prague)/0/pictures/Old_Town_Square,_Prague_(16070968840).jpg"
Old_Town_Hall_(Prague),190045,0,commons/Views_of_Prague_from_Old_Town_Hall_Tower/0/pictures/View_of_old_Prague._Czech_Republic._Вид_на_старую_Прагу._Чехия_-_panoramio_(5).jpg
Old_Town_Hall_(Prague),190045,0,commons/Renovation_of_the_Old_Town_Hall_Tower_(Prague)/0/pictures/Rekonstrukce_Staroměstské_radnice_1AAO9838.jpg
Old_Town_Hall_(Prague),190045,0,"commons/Old_Town_Hall_Tower_(Prague)/0/pictures/Old_Town_Square,_Prague_09.jpg"
Old_Town_Hall_(Prague),190045,0,commons/Views_of_Prague_from_Old_Town_Hall_Tower/0/pictures/View_of_old_Prague._Czech_Republic._Вид_на_старую_Прагу._Чехия_-_panoramio_(3).jpg
Old_Town_Hall_(Prague),190045,0,commons/Renovation_of_the_Old_Town_Hall_Tower_(Prague)/0/pictures/Rekonstrukce_Staroměstské_radnice_1AAJ8883.jpg
Old_Town_Hall_(Prague),190045,0,commons/Renovation_of_the_Old_Town_Hall_Tower_(Prague)/0/pictures/Rekonstrukce_Staroměstské_radnice_1AAO9827-Pano.jpg
Old_Town_Hall_(Prague),190045,0,"commons/Old_Town_Hall_Tower_(Prague)/0/pictures/Old_Town_Square,_Prague_-_Staroměstské_náměstí,_Praha.jpg"
Old_Town_Hall_(Prague),190045,0,commons/Views_of_Prague_from_Old_Town_Hall_Tower/0/pictures/View_of_old_Prague._Czech_Republic._Вид_на_старую_Прагу._Чехия_-_panoramio_(2).jpg
Old_Town_Hall_(Prague),190045,0,commons/Renovation_of_the_Old_Town_Hall_Tower_(Prague)/0/pictures/Rekonstrukce_Staroměstské_radnice_1AAJ8877.jpg
Old_Town_Hall_(Prague),190045,0,commons/Renovation_of_the_Old_Town_Hall_Tower_(Prague)/0/pictures/Rekonstrukce_Staroměstské_radnice_1AAO9819.jpg
Old_Town_Hall_(Prague),190045,0,commons/Old_Town_Hall_Tower_(Prague)/0/pictures/Old_Town_Square_in_2019.17.jpg
Old_Town_Hall_(Prague),190045,0,commons/Views_of_Prague_from_Old_Town_Hall_Tower/0/pictures/View_of_Prague_from_the_top_of_the_Old_Town_Hall_Tower_(12)_(26288824685).jpg
Old_Town_Hall_(Prague),190045,0,commons/Renovation_of_the_Old_Town_Hall_Tower_(Prague)/0/pictures/Rekonstrukce_Staroměstské_radnice_1AAO9813.jpg
Old_Town_Hall_(Prague),190045,0,commons/Old_Town_Hall_Tower_(Prague)/0/pictures/Old_Town_Square_in_2019.16.jpg
Old_Town_Hall_(Prague),190045,0,commons/Views_of_Prague_from_Old_Town_Hall_Tower/0/pictures/View_of_Prague_from_Old_Town_Hall_Tower.jpg
Old_Town_Hall_(Prague),190045,0,commons/Renovation_of_the_Old_Town_Hall_Tower_(Prague)/0/pictures/Rekonstrukce_Staroměstské_radnice_1AAO9808.jpg
Old_Town_Hall_(Prague),190045,0,commons/Old_Town_Hall_Tower_(Prague)/0/pictures/Old_Town_Square_in_2019.15.jpg
Old_Town_Hall_(Prague),190045,0,commons/Old_Town_Hall_Tower_(Prague)/0/pictures/Old_Town_Square_in_2019.14.jpg
Old_Town_Hall_(Prague),190045,0,commons/Views_of_Prague_from_Old_Town_Hall_Tower/0/pictures/View_of_Prague_from_Old_Town_Hall_Tower-9.jpg
Old_Town_Hall_(Prague),190045,0,commons/Old_Town_Hall_Tower_(Prague)/0/pictures/Old_Town_Square_in_2019.13.jpg
Old_Town_Hall_(Prague),190045,0,commons/Renovation_of_the_Old_Town_Hall_Tower_(Prague)/0/pictures/Rekonstrukce_Staroměstské_radnice_1AAJ8847.jpg
Old_Town_Hall_(Prague),190045,0,commons/Old_Town_Hall_Tower_(Prague)/0/pictures/Old_Town_Square_in_2019.12.jpg
Old_Town_Hall_(Prague),190045,0,commons/Views_of_Prague_from_Old_Town_Hall_Tower/0/pictures/View_of_Prague_from_Old_Town_Hall_Tower-8.jpg
Old_Town_Hall_(Prague),190045,0,commons/Old_Town_Hall_Tower_(Prague)/0/pictures/Old_Town_Square_in_2019.10.jpg
Old_Town_Hall_(Prague),190045,0,commons/Renovation_of_the_Old_Town_Hall_Tower_(Prague)/0/pictures/Rekonstrukce_Staroměstské_radnice_1AAJ8841.jpg
Old_Town_Hall_(Prague),190045,0,commons/Old_Town_Hall_Tower_(Prague)/0/pictures/Old_Town_Square_in_2019.11.jpg
Old_Town_Hall_(Prague),190045,0,commons/Renovation_of_the_Old_Town_Hall_Tower_(Prague)/0/pictures/Rekonstrukce_Staroměstské_radnice_1AAJ8830.jpg
Old_Town_Hall_(Prague),190045,0,commons/Old_Town_Hall_Tower_(Prague)/0/pictures/Old_Town_Square_in_2019.06.jpg
Old_Town_Hall_(Prague),190045,0,commons/Views_of_Prague_from_Old_Town_Hall_Tower/0/pictures/View_of_Prague_from_Old_Town_Hall_Tower-3.jpg
Old_Town_Hall_(Prague),190045,0,commons/Renovation_of_the_Old_Town_Hall_Tower_(Prague)/0/pictures/Rekonstrukce_Staroměstské_radnice_1AAJ8764.jpg
Old_Town_Hall_(Prague),190045,0,commons/Old_Town_Hall_Tower_(Prague)/0/pictures/Old_Town_Square_in_2019.03.jpg
Old_Town_Hall_(Prague),190045,0,commons/Views_of_Prague_from_Old_Town_Hall_Tower/0/pictures/View_of_Prague_from_Old_Town_Hall_Tower-2.jpg
Old_Town_Hall_(Prague),190045,0,commons/Renovation_of_the_Old_Town_Hall_Tower_(Prague)/0/pictures/Rekonstrukce_Staroměstské_radnice_1AAJ8755.jpg
Old_Town_Hall_(Prague),190045,0,commons/Old_Town_Hall_Tower_(Prague)/0/pictures/Old_Town_Square_in_2019.05.jpg
Old_Town_Hall_(Prague),190045,0,commons/Views_of_Prague_from_Old_Town_Hall_Tower/0/pictures/Týnský_chrám_2.JPG
Old_Town_Hall_(Prague),190045,0,commons/Renovation_of_the_Old_Town_Hall_Tower_(Prague)/0/pictures/Rekonstrukce_Staroměstské_radnice_1AAJ8748.jpg
Old_Town_Hall_(Prague),190045,0,commons/Old_Town_Hall_Tower_(Prague)/0/pictures/Old_Town_Square_in_2019.04.jpg
Old_Town_Hall_(Prague),190045,0,commons/Views_of_Prague_from_Old_Town_Hall_Tower/0/pictures/Tyn_church.jpg
Old_Town_Hall_(Prague),190045,0,commons/Old_Town_Hall_Tower_(Prague)/0/pictures/Old_Town_Square_-_panorama_3.jpg
Old_Town_Hall_(Prague),190045,0,commons/Renovation_of_the_Old_Town_Hall_Tower_(Prague)/0/pictures/Rekonstrukce_Staroměstské_radnice_1AAJ8727.jpg
Old_Town_Hall_(Prague),190045,0,commons/Old_Town_Hall_Tower_(Prague)/0/pictures/Old_Town_Square_-_Prague_01.jpg
Old_Town_Hall_(Prague),190045,0,commons/Renovation_of_the_Old_Town_Hall_Tower_(Prague)/0/pictures/Rekonstrukce_Staroměstské_radnice_1AAJ8450.jpg
Old_Town_Hall_(Prague),190045,0,commons/Old_Town_Hall_Tower_(Prague)/0/pictures/Old_Town_Square_(17180528980).jpg
Old_Town_Hall_(Prague),190045,0,commons/Views_of_Prague_from_Old_Town_Hall_Tower/0/pictures/Tyn_-_detail_(02).jpg
Old_Town_Hall_(Prague),190045,0,commons/Old_Town_Hall_Tower_(Prague)/0/pictures/Old_Town_Square_-_Staroměstské_náměstí.JPG
Old_Town_Hall_(Prague),190045,0,commons/Views_of_Prague_from_Old_Town_Hall_Tower/0/pictures/Tyn_Church_Prague.jpg
Old_Town_Hall_(Prague),190045,0,commons/Renovation_of_the_Old_Town_Hall_Tower_(Prague)/0/pictures/Rekonstrukce_Staroměstské_radnice_1AAJ7748.jpg
Old_Town_Hall_(Prague),190045,0,"commons/Old_Town_Hall_Tower_(Prague)/0/pictures/Old_Town_Square_-_Prague,_Czech_Republic_-_panoramio.jpg"
Old_Town_Hall_(Prague),190045,0,commons/Renovation_of_the_Old_Town_Hall_Tower_(Prague)/0/pictures/Rekonstrukce_Staroměstské_radnice_1AAJ7746.jpg
Old_Town_Hall_(Prague),190045,0,"commons/Old_Town_Hall_Tower_(Prague)/0/pictures/Old_Town_Hall,_Prague_(2)_(25670700864).jpg"
Old_Town_Hall_(Prague),190045,0,commons/Views_of_Prague_from_Old_Town_Hall_Tower/0/pictures/The_Church_of_our_Lady_(20786545282).jpg
Old_Town_Hall_(Prague),190045,0,commons/Renovation_of_the_Old_Town_Hall_Tower_(Prague)/0/pictures/Rekonstrukce_Staroměstské_radnice_1AAJ7743.jpg
Old_Town_Hall_(Prague),190045,0,commons/Old_Town_Hall_Tower_(Prague)/0/pictures/Old_Town_Square_(8341900370).jpg
Old_Town_Hall_(Prague),190045,0,commons/Renovation_of_the_Old_Town_Hall_Tower_(Prague)/0/pictures/Rekonstrukce_Staroměstské_radnice_1AAJ7605.jpg
Old_Town_Hall_(Prague),190045,0,commons/Old_Town_Hall_Tower_(Prague)/0/pictures/Old_Town_Square_(2546160984).jpg
Old_Town_Hall_(Prague),190045,0,commons/Renovation_of_the_Old_Town_Hall_Tower_(Prague)/0/pictures/Rekonstrukce_Staroměstské_radnice_1AAJ7602.jpg
Old_Town_Hall_(Prague),190045,0,"commons/Old_Town_Hall_Tower_(Prague)/0/pictures/Old_Town_Hall,_Prague.jpg"
Old_Town_Hall_(Prague),190045,0,commons/Renovation_of_the_Old_Town_Hall_Tower_(Prague)/0/pictures/Rekonstrukce_Staroměstské_radnice_1AAJ6511-HDR.jpg
Old_Town_Hall_(Prague),190045,0,commons/Old_Town_Hall_Tower_(Prague)/0/pictures/Old_Town_Square_(16680422294).jpg
Old_Town_Hall_(Prague),190045,0,commons/Views_of_Prague_from_Old_Town_Hall_Tower/0/pictures/Roofs_of_Prague._Czech_Republic._Крыши_Праги._Чехия_-_panoramio.jpg
Old_Town_Hall_(Prague),190045,0,commons/Renovation_of_the_Old_Town_Hall_Tower_(Prague)/0/pictures/Rekonstrukce_Staroměstské_radnice_1AAJ6507-HDR.jpg
Old_Town_Hall_(Prague),190045,0,commons/Old_Town_Hall_Tower_(Prague)/0/pictures/Old_Town_Hall_in_the_Old_Town_Square_-_Prague.jpg
Old_Town_Hall_(Prague),190045,0,commons/Views_of_Prague_from_Old_Town_Hall_Tower/0/pictures/Roofs_in_Prague_2.jpg
Old_Town_Hall_(Prague),190045,0,commons/Renovation_of_the_Old_Town_Hall_Tower_(Prague)/0/pictures/Rekonstrukce_Staroměstské_radnice_1AAJ6499-HDR.jpg
Old_Town_Hall_(Prague),190045,0,commons/Old_Town_Hall_Tower_(Prague)/0/pictures/Old_Town_Hall_Tower.jpg
Old_Town_Hall_(Prague),190045,0,"commons/Views_of_Prague_from_Old_Town_Hall_Tower/0/pictures/Praha,_Staroměstské_náměstí_z_věže_radnice_-_panoramio.jpg"
Old_Town_Hall_(Prague),190045,0,commons/Renovation_of_the_Old_Town_Hall_Tower_(Prague)/0/pictures/Rekonstrukce_Staroměstské_radnice_1AAJ6487-HDR.jpg
Old_Town_Hall_(Prague),190045,0,commons/Old_Town_Hall_Tower_(Prague)/0/pictures/Old_Town_Hall_Tower_2_(2540302651).jpg
Old_Town_Hall_(Prague),190045,0,commons/Renovation_of_the_Old_Town_Hall_Tower_(Prague)/0/pictures/Rekonstrukce_Staroměstské_radnice_1AAJ6475-HDR.jpg
Old_Town_Hall_(Prague),190045,0,commons/Renovation_of_the_Old_Town_Hall_Tower_(Prague)/0/pictures/Rekonstrukce_Staroměstské_radnice_1AAO9511.jpg
Old_Town_Hall_(Prague),190045,0,commons/Old_Town_Hall_Tower_(Prague)/0/pictures/Old_Town_Hall_Tower_(Prague).jpg
Old_Town_Hall_(Prague),190045,0,commons/Renovation_of_the_Old_Town_Hall_Tower_(Prague)/0/pictures/Rekonstrukce_Staroměstské_radnice_1AAJ6463-HDR.jpg
Old_Town_Hall_(Prague),190045,0,commons/Renovation_of_the_Old_Town_Hall_Tower_(Prague)/0/pictures/Rekonstrukce_Staroměstské_radnice_1AAO9502.jpg
Old_Town_Hall_(Prague),190045,0,"commons/Old_Town_Hall_Tower_(Prague)/0/pictures/Old_Town_Hall_Tower_(Prague),_2019_(01).jpg"
Old_Town_Hall_(Prague),190045,0,commons/Views_of_Prague_from_Old_Town_Hall_Tower/0/pictures/Praha_-_zamek_Nova_radnice.jpg
Old_Town_Hall_(Prague),190045,0,commons/Renovation_of_the_Old_Town_Hall_Tower_(Prague)/0/pictures/Rekonstrukce_Staroměstské_radnice_1AAJ6457.jpg
Old_Town_Hall_(Prague),190045,0,commons/Renovation_of_the_Old_Town_Hall_Tower_(Prague)/0/pictures/Rekonstrukce_Staroměstské_radnice_1AAO9494.jpg
Old_Town_Hall_(Prague),190045,0,commons/Old_Town_Hall_Tower_(Prague)/0/pictures/Old_Town_Hall_Prague.JPG
Old_Town_Hall_(Prague),190045,0,commons/Views_of_Prague_from_Old_Town_Hall_Tower/0/pictures/Praha_-_kostel_Svateho_Mikulase.jpg
Old_Town_Hall_(Prague),190045,0,commons/Renovation_of_the_Old_Town_Hall_Tower_(Prague)/0/pictures/Rekonstrukce_Staroměstské_radnice_1AAJ6442.jpg
Old_Town_Hall_(Prague),190045,0,commons/Renovation_of_the_Old_Town_Hall_Tower_(Prague)/0/pictures/Rekonstrukce_Staroměstské_radnice_1AAO9487.jpg
Old_Town_Hall_(Prague),190045,0,commons/Old_Town_Hall_Tower_(Prague)/0/pictures/Old_Town_Hall_Tower_(2546156156).jpg
Old_Town_Hall_(Prague),190045,0,commons/Views_of_Prague_from_Old_Town_Hall_Tower/0/pictures/Praha_-_Tynsky_chram.jpg
Old_Town_Hall_(Prague),190045,0,commons/Renovation_of_the_Old_Town_Hall_Tower_(Prague)/0/pictures/Rekonstrukce_Staroměstské_radnice_1AAJ6441.jpg
Old_Town_Hall_(Prague),190045,0,commons/Renovation_of_the_Old_Town_Hall_Tower_(Prague)/0/pictures/Rekonstrukce_Staroměstské_radnice_1AAO9473.jpg
Old_Town_Hall_(Prague),190045,0,commons/Old_Town_Hall_Tower_(Prague)/0/pictures/Old_Town_Hall_Tower_(4153162235).jpg
Old_Town_Hall_(Prague),190045,0,commons/Views_of_Prague_from_Old_Town_Hall_Tower/0/pictures/Praha_-_Staromestske_namesti.jpg
Old_Town_Hall_(Prague),190045,0,commons/Renovation_of_the_Old_Town_Hall_Tower_(Prague)/0/pictures/Rekonstrukce_Staroměstské_radnice_1AAJ6440.jpg
Old_Town_Hall_(Prague),190045,0,commons/Old_Town_Hall_Tower_(Prague)/0/pictures/Old_Town_Hall_Chapel.jpg
Old_Town_Hall_(Prague),190045,0,commons/Renovation_of_the_Old_Town_Hall_Tower_(Prague)/0/pictures/Rekonstrukce_Staroměstské_radnice_1AAJ6418.jpg
Old_Town_Hall_(Prague),190045,0,"commons/Old_Town_Hall_Tower_(Prague)/0/pictures/Old_Town_Hall_-_Prague,_Czech_Republic_-_panoramio.jpg"
Old_Town_Hall_(Prague),190045,0,commons/Views_of_Prague_from_Old_Town_Hall_Tower/0/pictures/Praha_-_Dum_u_kamenneho_zvonu.jpg
Old_Town_Hall_(Prague),190045,0,commons/Renovation_of_the_Old_Town_Hall_Tower_(Prague)/0/pictures/Rekonstrukce_Staroměstské_radnice_1AAO9278.jpg
Old_Town_Hall_(Prague),190045,0,commons/Old_Town_Hall_Tower_(Prague)/0/pictures/Old_Town_Hall_(Prague).JPG
Old_Town_Hall_(Prague),190045,0,commons/Views_of_Prague_from_Old_Town_Hall_Tower/0/pictures/PraguePanorama_7055.jpg
Old_Town_Hall_(Prague),190045,0,commons/Old_Town_Hall_Tower_(Prague)/0/pictures/Old_Town_Hall_(Prague)_(1).jpg
Old_Town_Hall_(Prague),190045,0,"commons/Views_of_Prague_from_Old_Town_Hall_Tower/0/pictures/Prague,_Czech_Republic_(3).jpg"
Old_Town_Hall_(Prague),190045,0,commons/Renovation_of_the_Old_Town_Hall_Tower_(Prague)/0/pictures/Rekonstrukce_Staroměstské_radnice_1AAJ6369.jpg
Old_Town_Hall_(Prague),190045,0,commons/Renovation_of_the_Old_Town_Hall_Tower_(Prague)/0/pictures/Rekonstrukce_Staroměstské_radnice_1AAO9252.jpg
Old_Town_Hall_(Prague),190045,0,commons/Old_Town_Hall_Tower_(Prague)/0/pictures/Old_Town_Hall_(8347995467).jpg
Old_Town_Hall_(Prague),190045,0,commons/Views_of_Prague_from_Old_Town_Hall_Tower/0/pictures/Prague_tyn.jpg
Old_Town_Hall_(Prague),190045,0,commons/Renovation_of_the_Old_Town_Hall_Tower_(Prague)/0/pictures/Rekonstrukce_Staroměstské_radnice_1AAJ6361.jpg
Old_Town_Hall_(Prague),190045,0,commons/Old_Town_Hall_Tower_(Prague)/0/pictures/Old_Town_Hall_(8341899492).jpg
Old_Town_Hall_(Prague),190045,0,commons/Renovation_of_the_Old_Town_Hall_Tower_(Prague)/0/pictures/Rekonstrukce_Staroměstské_radnice_1AAJ6356.jpg
Old_Town_Hall_(Prague),190045,0,commons/Old_Town_Hall_Tower_(Prague)/0/pictures/Lascar_Old_Town_Hall_(Staromestská_radnice)_and_Astronomical_Clock_(Orloj)_(4501597341).jpg
Old_Town_Hall_(Prague),190045,0,commons/Views_of_Prague_from_Old_Town_Hall_Tower/0/pictures/Prague_NZ7_0153_(45222388331).jpg
Old_Town_Hall_(Prague),190045,0,commons/Renovation_of_the_Old_Town_Hall_Tower_(Prague)/0/pictures/Rekonstrukce_Staroměstské_radnice_1AAJ6351.jpg
Old_Town_Hall_(Prague),190045,0,commons/Renovation_of_the_Old_Town_Hall_Tower_(Prague)/0/pictures/Rekonstrukce_Staroměstské_radnice_1AAO9216.jpg
Old_Town_Hall_(Prague),190045,0,commons/Old_Town_Hall_Tower_(Prague)/0/pictures/J36_310_Altstädter_Rathaus.jpg
Old_Town_Hall_(Prague),190045,0,commons/Views_of_Prague_from_Old_Town_Hall_Tower/0/pictures/Prague_NZ7_0125_(45222380091).jpg
Old_Town_Hall_(Prague),190045,0,commons/Renovation_of_the_Old_Town_Hall_Tower_(Prague)/0/pictures/Rekonstrukce_Staroměstské_radnice_1AAJ6333.jpg
Old_Town_Hall_(Prague),190045,0,commons/Renovation_of_the_Old_Town_Hall_Tower_(Prague)/0/pictures/Rekonstrukce_Staroměstské_radnice_1AAO9194.jpg
Old_Town_Hall_(Prague),190045,0,commons/Old_Town_Hall_Tower_(Prague)/0/pictures/KAM_7722_(10173817144).jpg
Old_Town_Hall_(Prague),190045,0,commons/Views_of_Prague_from_Old_Town_Hall_Tower/0/pictures/Prague_NZ7_0116_(44500539104).jpg
Old_Town_Hall_(Prague),190045,0,commons/Renovation_of_the_Old_Town_Hall_Tower_(Prague)/0/pictures/Rekonstrukce_Staroměstské_radnice_1AAO9167.jpg
Old_Town_Hall_(Prague),190045,0,commons/Old_Town_Hall_Tower_(Prague)/0/pictures/KAM_7624_(10173854575).jpg
Old_Town_Hall_(Prague),190045,0,commons/Views_of_Prague_from_Old_Town_Hall_Tower/0/pictures/Prague_NZ7_0118_(44311909745).jpg
Old_Town_Hall_(Prague),190045,0,commons/Renovation_of_the_Old_Town_Hall_Tower_(Prague)/0/pictures/Rekonstrukce_Staroměstské_radnice_1AAJ6275.jpg
Old_Town_Hall_(Prague),190045,0,commons/Renovation_of_the_Old_Town_Hall_Tower_(Prague)/0/pictures/Rekonstrukce_Staroměstské_radnice_1AAO9163.jpg
Old_Town_Hall_(Prague),190045,0,"commons/Old_Town_Hall_Tower_(Prague)/0/pictures/In_Old_Town_Square,_Prague_1.JPG"
Old_Town_Hall_(Prague),190045,0,commons/Views_of_Prague_from_Old_Town_Hall_Tower/0/pictures/Prague_NZ7_0121_(31348979208).jpg
Old_Town_Hall_(Prague),190045,0,commons/Renovation_of_the_Old_Town_Hall_Tower_(Prague)/0/pictures/Rekonstrukce_Staroměstské_radnice_1AAJ6272.jpg
Old_Town_Hall_(Prague),190045,0,commons/Old_Town_Hall_Tower_(Prague)/0/pictures/Czech-04036_-_Old_Town_Hall_Tower_(32866769462).jpg
Old_Town_Hall_(Prague),190045,0,commons/Renovation_of_the_Old_Town_Hall_Tower_(Prague)/0/pictures/Rekonstrukce_Staroměstské_radnice_1AAJ6234.jpg
Old_Town_Hall_(Prague),190045,0,commons/Old_Town_Hall_Tower_(Prague)/0/pictures/Clock_Church_in_Prague_03_977.PNG
Old_Town_Hall_(Prague),190045,0,commons/Views_of_Prague_from_Old_Town_Hall_Tower/0/pictures/Prague_-_Old_Town_Square_8.jpg
Old_Town_Hall_(Prague),190045,0,commons/Renovation_of_the_Old_Town_Hall_Tower_(Prague)/0/pictures/Rekonstrukce_Staroměstské_radnice_1AAJ6217.jpg
Old_Town_Hall_(Prague),190045,0,commons/Old_Town_Hall_Tower_(Prague)/0/pictures/Clock_Church_in_Prague_02_977.PNG
Old_Town_Hall_(Prague),190045,0,commons/Views_of_Prague_from_Old_Town_Hall_Tower/0/pictures/Prague_-_Old_Town_Square_7.jpg
Old_Town_Hall_(Prague),190045,0,commons/Renovation_of_the_Old_Town_Hall_Tower_(Prague)/0/pictures/Rekonstrukce_Staroměstské_radnice_1AAO8757.jpg
Old_Town_Hall_(Prague),190045,0,commons/Old_Town_Hall_Tower_(Prague)/0/pictures/Church_of_the_Virgin_Mary_Before_Tyn_and_Old_Town_Hall_(8347995505).jpg
Old_Town_Hall_(Prague),190045,0,commons/Views_of_Prague_from_Old_Town_Hall_Tower/0/pictures/Prague_-_Old_Town_Square_6.jpg
Old_Town_Hall_(Prague),190045,0,commons/Renovation_of_the_Old_Town_Hall_Tower_(Prague)/0/pictures/Rekonstrukce_Staroměstské_radnice_1AAJ6158.jpg
Old_Town_Hall_(Prague),190045,0,commons/Renovation_of_the_Old_Town_Hall_Tower_(Prague)/0/pictures/Rekonstrukce_Staroměstské_radnice_1AAO8702.jpg
Old_Town_Hall_(Prague),190045,0,commons/Old_Town_Hall_Tower_(Prague)/0/pictures/Christmas_market_Prague_5321.JPG
Old_Town_Hall_(Prague),190045,0,commons/Views_of_Prague_from_Old_Town_Hall_Tower/0/pictures/Prague_-_Old_Town_Square_5.jpg
Old_Town_Hall_(Prague),190045,0,commons/Renovation_of_the_Old_Town_Hall_Tower_(Prague)/0/pictures/Rekonstrukce_Staroměstské_radnice_1AAJ6156.jpg
Old_Town_Hall_(Prague),190045,0,commons/Renovation_of_the_Old_Town_Hall_Tower_(Prague)/0/pictures/Rekonstrukce_Staroměstské_radnice_1AAO8698.jpg
Old_Town_Hall_(Prague),190045,0,commons/Old_Town_Hall_Tower_(Prague)/0/pictures/Catedral_praga.JPG
Old_Town_Hall_(Prague),190045,0,commons/Views_of_Prague_from_Old_Town_Hall_Tower/0/pictures/Prague_-_Old_Town_Square_4.jpg
Old_Town_Hall_(Prague),190045,0,commons/Renovation_of_the_Old_Town_Hall_Tower_(Prague)/0/pictures/Rekonstrukce_Staroměstské_radnice_1AAJ6152.jpg
Old_Town_Hall_(Prague),190045,0,commons/Renovation_of_the_Old_Town_Hall_Tower_(Prague)/0/pictures/Rekonstrukce_Staroměstské_radnice_1AAO8669.jpg
Old_Town_Hall_(Prague),190045,0,commons/Old_Town_Hall_Tower_(Prague)/0/pictures/Ceremonija_na_milenijumskom_satu_-_panoramio.jpg
Old_Town_Hall_(Prague),190045,0,commons/Views_of_Prague_from_Old_Town_Hall_Tower/0/pictures/Prague_-_Jan_Hus_Memorial.jpg
Old_Town_Hall_(Prague),190045,0,commons/Renovation_of_the_Old_Town_Hall_Tower_(Prague)/0/pictures/Rekonstrukce_Staroměstské_radnice_1AAJ6098.jpg
Old_Town_Hall_(Prague),190045,0,commons/Renovation_of_the_Old_Town_Hall_Tower_(Prague)/0/pictures/Rekonstrukce_Staroměstské_radnice_1AAO8661.jpg
Old_Town_Hall_(Prague),190045,0,commons/Old_Town_Hall_Tower_(Prague)/0/pictures/CZ-prag-altst-rathaus.jpg
Old_Town_Hall_(Prague),190045,0,commons/Views_of_Prague_from_Old_Town_Hall_Tower/0/pictures/Prague_(106735320).jpg
Old_Town_Hall_(Prague),190045,0,commons/Renovation_of_the_Old_Town_Hall_Tower_(Prague)/0/pictures/Rekonstrukce_Staroměstské_radnice_1AAJ6039.jpg
Old_Town_Hall_(Prague),190045,0,commons/Renovation_of_the_Old_Town_Hall_Tower_(Prague)/0/pictures/Rekonstrukce_Staroměstské_radnice_1AAO8654.jpg
Old_Town_Hall_(Prague),190045,0,"commons/Old_Town_Hall_Tower_(Prague)/0/pictures/Astronomical_Clock_tower,_Prague.JPG"
Old_Town_Hall_(Prague),190045,0,commons/Views_of_Prague_from_Old_Town_Hall_Tower/0/pictures/Prag_–_Blick_vom_Altstädter_Rathausturm_Richtung_Norden_-_Pohled_z_Věž_Staroměstské_radnice_severní_-_panoramio.jpg
Old_Town_Hall_(Prague),190045,0,commons/Renovation_of_the_Old_Town_Hall_Tower_(Prague)/0/pictures/Rekonstrukce_Staroměstské_radnice_1AAJ6003.jpg
Old_Town_Hall_(Prague),190045,0,commons/Renovation_of_the_Old_Town_Hall_Tower_(Prague)/0/pictures/Rekonstrukce_Staroměstské_radnice_1AAO8634.jpg
Old_Town_Hall_(Prague),190045,0,commons/Old_Town_Hall_Tower_(Prague)/0/pictures/Approaching_the_Old_Town_Square_Prague._-_panoramio.jpg
Old_Town_Hall_(Prague),190045,0,commons/Views_of_Prague_from_Old_Town_Hall_Tower/0/pictures/Prag_–_Blick_vom_Altstädter_Rathausturm_Richtung_Südosten_-_Pohled_z_věže_Staroměstské_radnice_jihovýchodní_-_panoramio.jpg
Old_Town_Hall_(Prague),190045,0,commons/Renovation_of_the_Old_Town_Hall_Tower_(Prague)/0/pictures/Rekonstrukce_Staroměstské_radnice_1AAJ5898.jpg
Old_Town_Hall_(Prague),190045,0,commons/Renovation_of_the_Old_Town_Hall_Tower_(Prague)/0/pictures/Rekonstrukce_Staroměstské_radnice_1AAO8629.jpg
Old_Town_Hall_(Prague),190045,0,commons/Old_Town_Hall_Tower_(Prague)/0/pictures/363_Torre_de_l'Ajuntament_de_la_Ciutat_Vella_i_església_de_Týn.jpg
Old_Town_Hall_(Prague),190045,0,commons/Views_of_Prague_from_Old_Town_Hall_Tower/0/pictures/Prag_Teynkirche.jpg
Old_Town_Hall_(Prague),190045,0,commons/Renovation_of_the_Old_Town_Hall_Tower_(Prague)/0/pictures/Rekonstrukce_Staroměstské_radnice_1AAJ5892.jpg
Old_Town_Hall_(Prague),190045,0,commons/Renovation_of_the_Old_Town_Hall_Tower_(Prague)/0/pictures/Rekonstrukce_Staroměstské_radnice_1AAO8622.jpg
Old_Town_Hall_(Prague),190045,0,commons/Old_Town_Hall_Tower_(Prague)/0/pictures/Altstaedter_Rathaus_bei_Nacht.jpg
Old_Town_Hall_(Prague),190045,0,commons/Views_of_Prague_from_Old_Town_Hall_Tower/0/pictures/Prag_Týn_Cathedral_5.JPG
Old_Town_Hall_(Prague),190045,0,commons/Renovation_of_the_Old_Town_Hall_Tower_(Prague)/0/pictures/Rekonstrukce_Staroměstské_radnice_1AAO8616.jpg
Old_Town_Hall_(Prague),190045,0,commons/Old_Town_Hall_Tower_(Prague)/0/pictures/361_Staroměstská_Radnice_(Ajuntament_de_la_Ciutat_Vella).jpg
Old_Town_Hall_(Prague),190045,0,commons/Views_of_Prague_from_Old_Town_Hall_Tower/0/pictures/Prag_Teynkirche_Pulverturm.jpg
Old_Town_Hall_(Prague),190045,0,commons/Renovation_of_the_Old_Town_Hall_Tower_(Prague)/0/pictures/Rekonstrukce_Staroměstské_radnice_1AAJ5882.jpg
Old_Town_Hall_(Prague),190045,0,commons/Renovation_of_the_Old_Town_Hall_Tower_(Prague)/0/pictures/Rekonstrukce_Staroměstské_radnice_1AAO8614.jpg
Old_Town_Hall_(Prague),190045,0,commons/Old_Town_Hall_Tower_(Prague)/0/pictures/356_Torre_de_l'Ajuntament_de_la_Ciutat_Vella.jpg
Old_Town_Hall_(Prague),190045,0,commons/Views_of_Prague_from_Old_Town_Hall_Tower/0/pictures/Prag_Rathaus_Rathausplatz_2.JPG
Old_Town_Hall_(Prague),190045,0,commons/Renovation_of_the_Old_Town_Hall_Tower_(Prague)/0/pictures/Rekonstrukce_Staroměstské_radnice_1AAJ5870.jpg
Old_Town_Hall_(Prague),190045,0,commons/Renovation_of_the_Old_Town_Hall_Tower_(Prague)/0/pictures/Rekonstrukce_Staroměstské_radnice_1AAO8612.jpg
Old_Town_Hall_(Prague),190045,0,commons/Old_Town_Hall_Tower_(Prague)/0/pictures/355_Rellotge_a_la_façana_de_l'Ajuntament_de_la_Ciutat_Vella.jpg
Old_Town_Hall_(Prague),190045,0,commons/Views_of_Prague_from_Old_Town_Hall_Tower/0/pictures/Prag_-_Panoramablick_vom_Altstädter_Rathausturm_Richtung_Norden_-_Panoramatický_pohled_z_věže_Staroměstské_radnice_severu_-_panoramio.jpg
Old_Town_Hall_(Prague),190045,0,commons/Renovation_of_the_Old_Town_Hall_Tower_(Prague)/0/pictures/Rekonstrukce_Staroměstské_radnice_1AAJ5863.jpg
Old_Town_Hall_(Prague),190045,0,commons/Renovation_of_the_Old_Town_Hall_Tower_(Prague)/0/pictures/Rekonstrukce_Staroměstské_radnice_1AAO8610.jpg
Old_Town_Hall_(Prague),190045,0,"commons/Old_Town_Hall_Tower_(Prague)/0/pictures/345_Ajuntament_de_la_Ciutat_Vella,_Staroměstské_Náměstí.jpg"
Old_Town_Hall_(Prague),190045,0,commons/Renovation_of_the_Old_Town_Hall_Tower_(Prague)/0/pictures/Rekonstrukce_Staroměstské_radnice_1AAJ5858.jpg
Old_Town_Hall_(Prague),190045,0,commons/Renovation_of_the_Old_Town_Hall_Tower_(Prague)/0/pictures/Rekonstrukce_Staroměstské_radnice_1AAO8608.jpg
Old_Town_Hall_(Prague),190045,0,commons/Old_Town_Hall_Tower_(Prague)/0/pictures/354_Capella_de_l'Ajuntament_de_la_Ciutat_Vella.jpg
Old_Town_Hall_(Prague),190045,0,commons/Renovation_of_the_Old_Town_Hall_Tower_(Prague)/0/pictures/Rekonstrukce_Staroměstské_radnice_1AAO8600.jpg
Old_Town_Hall_(Prague),190045,0,commons/Old_Town_Hall_Tower_(Prague)/0/pictures/342_L'Ajuntament_de_la_Ciutat_Vella_des_de_la_casa_de_la_Creu_d'Or.jpg
Old_Town_Hall_(Prague),190045,0,commons/Views_of_Prague_from_Old_Town_Hall_Tower/0/pictures/Prag_-_Blick_vom_Altstädter_Rathausturm_über_die_St._Salvator-Kirche_nach_Norden_-_Zobrazit_od_Starého_věže_radnice_na_Sv._Salvátora_Kostel_severu_-_panoramio.jpg
Old_Town_Hall_(Prague),190045,0,commons/Renovation_of_the_Old_Town_Hall_Tower_(Prague)/0/pictures/Rekonstrukce_Staroměstské_radnice_1AAO8591.jpg
Old_Town_Hall_(Prague),190045,0,commons/Old_Town_Hall_Tower_(Prague)/0/pictures/20190204_OldTownHall_3795_(32521634057).jpg
Old_Town_Hall_(Prague),190045,0,commons/Views_of_Prague_from_Old_Town_Hall_Tower/0/pictures/Prag_-_Blick_vom_Altstädter_Rathausturm_über_die_Kirche_St.-Ägidius_und_Nationaltheater_-_Praha_-_Pohled_z_věže_Staré_radnice_na_kostel_sv_Jiljí_a_Národního_divadla_-_panoramio.jpg
Old_Town_Hall_(Prague),190045,0,commons/Renovation_of_the_Old_Town_Hall_Tower_(Prague)/0/pictures/Rekonstrukce_Staroměstské_radnice_1AAO8580.jpg
Old_Town_Hall_(Prague),190045,0,commons/Old_Town_Hall_Tower_(Prague)/0/pictures/226_Cases_i_torre_de_l'Ajuntament_de_la_Ciutat_Vella.jpg
Old_Town_Hall_(Prague),190045,0,commons/Renovation_of_the_Old_Town_Hall_Tower_(Prague)/0/pictures/Rekonstrukce_Staroměstské_radnice_1AAO8576.jpg
Old_Town_Hall_(Prague),190045,0,commons/Old_Town_Hall_Tower_(Prague)/0/pictures/20190204_OldTownSq_3791_(32521632487).jpg
Old_Town_Hall_(Prague),190045,0,commons/Renovation_of_the_Old_Town_Hall_Tower_(Prague)/0/pictures/Rekonstrukce_Staroměstské_radnice_1AAJ5820.jpg
Old_Town_Hall_(Prague),190045,0,commons/Renovation_of_the_Old_Town_Hall_Tower_(Prague)/0/pictures/Rekonstrukce_Staroměstské_radnice_1AAO8574.jpg
Old_Town_Hall_(Prague),190045,0,commons/Old_Town_Hall_Tower_(Prague)/0/pictures/20190204_OldTownHall_3794_(47410426792).jpg
Old_Town_Hall_(Prague),190045,0,commons/Views_of_Prague_from_Old_Town_Hall_Tower/0/pictures/Prag_-_Blick_vom_Altstädter_Rathausturm_auf_die_Straße_Pařížská_-_Zobrazit_od_Starého_věže_radnice_na_silnici_Pařížská_-_panoramio.jpg
Old_Town_Hall_(Prague),190045,0,commons/Renovation_of_the_Old_Town_Hall_Tower_(Prague)/0/pictures/Rekonstrukce_Staroměstské_radnice_1AAO8558.jpg
Old_Town_Hall_(Prague),190045,0,commons/Old_Town_Hall_Tower_(Prague)/0/pictures/20190204_OldTownHall_3740_(46740257864).jpg
Old_Town_Hall_(Prague),190045,0,commons/Renovation_of_the_Old_Town_Hall_Tower_(Prague)/0/pictures/Rekonstrukce_Staroměstské_radnice_1AAO8541.jpg
Old_Town_Hall_(Prague),190045,0,commons/Old_Town_Hall_Tower_(Prague)/0/pictures/20190204_OldTownHall_3739_(46548142905).jpg
Old_Town_Hall_(Prague),190045,0,commons/Views_of_Prague_from_Old_Town_Hall_Tower/0/pictures/Prag_-_Blick_vom_Altstädter_Rathausturm_auf_die_St.-Nikolaus-Kirche_-_Zobrazit_od_Starého_věže_radnice_na_kostel_Sv._Mikuláše_-_panoramio.jpg
Old_Town_Hall_(Prague),190045,0,commons/Renovation_of_the_Old_Town_Hall_Tower_(Prague)/0/pictures/Rekonstrukce_Staroměstské_radnice_1AAO8526.jpg
Old_Town_Hall_(Prague),190045,0,commons/Old_Town_Hall_Tower_(Prague)/0/pictures/20190204_OldTownHall_3738_(46740256094).jpg
Old_Town_Hall_(Prague),190045,0,commons/Views_of_Prague_from_Old_Town_Hall_Tower/0/pictures/Prag_-_Blick_vom_Altstädter_Rathausturm_auf_die_Karls-Universität_und_Rudolfinum_-_Zobrazit_od_Starého_věže_radnice_na_Karlově_univerzitě_a_Rudolfinum_-_panoramio.jpg
Old_Town_Hall_(Prague),190045,0,commons/Old_Town_Hall_Tower_(Prague)/0/pictures/20190204_OldTownHall_3735_(33586963158).jpg
Old_Town_Hall_(Prague),190045,0,commons/Old_Town_Hall_Tower_(Prague)/0/pictures/20190204_OldTownHall_3734_(32521592007).jpg
Old_Town_Hall_(Prague),190045,0,commons/Old_Town_Hall_Tower_(Prague)/0/pictures/20190204_OldTown_9491_(40497314583).jpg
Old_Town_Hall_(Prague),190045,0,commons/Views_of_Prague_from_Old_Town_Hall_Tower/0/pictures/Prag_-_Blick_vom_Altstädter_Rathausturm_auf_das_Neue_Rathaus_-_Pohled_z_věže_Staré_radnice_v_Nové_radnici_-_panoramio.jpg
Old_Town_Hall_(Prague),190045,0,commons/Renovation_of_the_Old_Town_Hall_Tower_(Prague)/0/pictures/Rekonstrukce_Staroměstské_radnice_1AAJ5786.jpg
Old_Town_Hall_(Prague),190045,0,commons/Renovation_of_the_Old_Town_Hall_Tower_(Prague)/0/pictures/Rekonstrukce_Staroměstské_radnice_1AAO8412.jpg
Old_Town_Hall_(Prague),190045,0,commons/Old_Town_Hall_Tower_(Prague)/0/pictures/20190204_OldTown_9520_(40497316753).jpg
Old_Town_Hall_(Prague),190045,0,commons/Renovation_of_the_Old_Town_Hall_Tower_(Prague)/0/pictures/Rekonstrukce_Staroměstské_radnice_1AAJ5784.jpg
Old_Town_Hall_(Prague),190045,0,commons/Old_Town_Hall_Tower_(Prague)/0/pictures/20190204_OldTown_3789_(32521631857).jpg
Old_Town_Hall_(Prague),190045,0,commons/Views_of_Prague_from_Old_Town_Hall_Tower/0/pictures/Prag_-_Blick_vom_Altstädter_Rathausturm_Richtung_Südwesten_-_Pohled_z_věže_Staré_radnice_v_jihozápadním_směru_-_panoramio.jpg
Old_Town_Hall_(Prague),190045,0,commons/Renovation_of_the_Old_Town_Hall_Tower_(Prague)/0/pictures/Rekonstrukce_Staroměstské_radnice_1AAJ5782.jpg
Old_Town_Hall_(Prague),190045,0,commons/Interior_of_Old_Town_Hall_(Prague)/0/pictures/20190204_OldTownHall_3800_(47410428212).jpg
Old_Town_Hall_(Prague),190045,0,commons/Views_of_the_Church_of_Our_Lady_in_front_of_Týn_from_the_Old_Town_Hall/0/pictures/Prag_Týn_Cathedral_6.JPG
Old_Town_Hall_(Prague),190045,0,commons/Renovation_of_the_Old_Town_Hall_Tower_(Prague)/0/pictures/Rekonstrukce_Staroměstské_radnice_1AAP0336.jpg
Old_Town_Hall_(Prague),190045,0,commons/Renovation_of_the_Old_Town_Hall_Tower_(Prague)/0/pictures/Rekonstrukce_Staroměstské_radnice_1AAB5793.jpg
Old_Town_Hall_(Prague),190045,0,commons/Old_Town_Hall_Tower_(Prague)/0/pictures/Prague_View_on_Týn_Church.JPG
Old_Town_Hall_(Prague),190045,0,commons/Renovation_of_the_Old_Town_Hall_Tower_(Prague)/0/pictures/Rekonstrukce_Staroměstské_radnice_1AAP6809.jpg
Old_Town_Hall_(Prague),190045,0,commons/Renovation_of_the_Old_Town_Hall_Tower_(Prague)/0/pictures/Rekonstrukce_Staroměstské_radnice_1AAB5775.jpg
Old_Town_Hall_(Prague),190045,0,commons/Old_Town_Hall_Tower_(Prague)/0/pictures/Prague_Praha_2014_Holmstad_flott_bytorget_gamlebyen_praha_staromestske_namesti_old_city_square_masse_folk_3.jpg
Old_Town_Hall_(Prague),190045,0,commons/Renovation_of_the_Old_Town_Hall_Tower_(Prague)/0/pictures/Rekonstrukce_Staroměstské_radnice_1AAP6842.jpg
Old_Town_Hall_(Prague),190045,0,commons/Renovation_of_the_Old_Town_Hall_Tower_(Prague)/0/pictures/Rekonstrukce_Staroměstské_radnice_1AAB5772.jpg
Old_Town_Hall_(Prague),190045,0,commons/Old_Town_Hall_Tower_(Prague)/0/pictures/Prague_Praha_2014_Holmstad_Rådhustårnet_City_hall_Tower.JPG
Old_Town_Hall_(Prague),190045,0,commons/Renovation_of_the_Old_Town_Hall_Tower_(Prague)/0/pictures/Rekonstrukce_Staroměstské_radnice_1AAP6787.jpg
Old_Town_Hall_(Prague),190045,0,commons/Renovation_of_the_Old_Town_Hall_Tower_(Prague)/0/pictures/Rekonstrukce_Staroměstské_radnice_1AAB5767.jpg
Old_Town_Hall_(Prague),190045,0,commons/Old_Town_Hall_Tower_(Prague)/0/pictures/Prague_Praha_2014_Holmstad_City_Hall_cut_off.JPG
Old_Town_Hall_(Prague),190045,0,commons/Renovation_of_the_Old_Town_Hall_Tower_(Prague)/0/pictures/Rekonstrukce_Staroměstské_radnice_1AAP6664.jpg
Old_Town_Hall_(Prague),190045,0,commons/Renovation_of_the_Old_Town_Hall_Tower_(Prague)/0/pictures/Rekonstrukce_Staroměstské_radnice_1AAB5759.jpg
Old_Town_Hall_(Prague),190045,0,commons/Renovation_of_the_Old_Town_Hall_Tower_(Prague)/0/pictures/Rekonstrukce_Staroměstské_radnice_1AAB5715.jpg
Old_Town_Hall_(Prague),190045,0,commons/Renovation_of_the_Old_Town_Hall_Tower_(Prague)/0/pictures/Rekonstrukce_Staroměstské_radnice_1AAB5593.jpg
Old_Town_Hall_(Prague),190045,0,commons/Renovation_of_the_Old_Town_Hall_Tower_(Prague)/0/pictures/Rekonstrukce_Staroměstské_radnice_1AAB5626.jpg
Old_Town_Hall_(Prague),190045,0,commons/Views_of_the_Church_of_Our_Lady_in_front_of_Týn_from_the_Old_Town_Hall/0/pictures/Kostel_matky_bozi_pred_tynem_pruceli_ze_staromestske_vez.JPG
Old_Town_Hall_(Prague),190045,0,commons/Renovation_of_the_Old_Town_Hall_Tower_(Prague)/0/pictures/Rekonstrukce_Staroměstské_radnice_1AAB5575.jpg
Old_Town_Hall_(Prague),190045,0,commons/Renovation_of_the_Old_Town_Hall_Tower_(Prague)/0/pictures/Rekonstrukce_Staroměstské_radnice_1AAB5580.jpg
Old_Town_Hall_(Prague),190045,0,commons/Old_Town_Hall_Tower_(Prague)/0/pictures/Prague_IMG_0925_(378139018).jpg
Old_Town_Hall_(Prague),190045,0,commons/Renovation_of_the_Old_Town_Hall_Tower_(Prague)/0/pictures/Rekonstrukce_Staroměstské_radnice_1AAP6630.jpg
Old_Town_Hall_(Prague),190045,0,commons/Renovation_of_the_Old_Town_Hall_Tower_(Prague)/0/pictures/Rekonstrukce_Staroměstské_radnice_1AAQ2550.jpg
Old_Town_Hall_(Prague),190045,0,commons/Renovation_of_the_Old_Town_Hall_Tower_(Prague)/0/pictures/Rekonstrukce_Staroměstské_radnice_1AAB2033.jpg
Old_Town_Hall_(Prague),190045,0,commons/Old_Town_Hall_Tower_(Prague)/0/pictures/Prague_(16245185601).jpg
Old_Town_Hall_(Prague),190045,0,commons/Renovation_of_the_Old_Town_Hall_Tower_(Prague)/0/pictures/Rekonstrukce_Staroměstské_radnice_1AAP6132.jpg
Old_Town_Hall_(Prague),190045,0,commons/Renovation_of_the_Old_Town_Hall_Tower_(Prague)/0/pictures/Rekonstrukce_Staroměstské_radnice_1AAO2994.jpg
Old_Town_Hall_(Prague),190045,0,commons/Renovation_of_the_Old_Town_Hall_Tower_(Prague)/0/pictures/Rekonstrukce_Staroměstské_radnice_1AAB6670.jpg
Old_Town_Hall_(Prague),190045,0,commons/Renovation_of_the_Old_Town_Hall_Tower_(Prague)/0/pictures/Rekonstrukce_Staroměstské_radnice_1AAB1701.jpg
Old_Town_Hall_(Prague),190045,0,commons/Renovation_of_the_Old_Town_Hall_Tower_(Prague)/0/pictures/Rekonstrukce_Staroměstské_radnice_1AAB1677.jpg
Old_Town_Hall_(Prague),190045,0,commons/Renovation_of_the_Old_Town_Hall_Tower_(Prague)/0/pictures/Rekonstrukce_Staroměstské_radnice_1AAB1625.jpg
Old_Town_Hall_(Prague),190045,0,commons/Renovation_of_the_Old_Town_Hall_Tower_(Prague)/0/pictures/Rekonstrukce_Staroměstské_radnice_1AAB1627.jpg
Old_Town_Hall_(Prague),190045,0,commons/Renovation_of_the_Old_Town_Hall_Tower_(Prague)/0/pictures/Rekonstrukce_Staroměstské_radnice_1AAB1631.jpg
Old_Town_Hall_(Prague),190045,0,commons/Views_of_Prague_from_Old_Town_Hall_Tower/0/pictures/View_of_Prague_from_Old_Town_Hall_Tower-7.jpg
Old_Town_Hall_(Prague),190045,0,commons/Renovation_of_the_Old_Town_Hall_Tower_(Prague)/0/pictures/Rekonstrukce_Staroměstské_radnice_1AAJ8842.jpg
Old_Town_Hall_(Prague),190045,0,commons/Renovation_of_the_Old_Town_Hall_Tower_(Prague)/0/pictures/Rekonstrukce_Staroměstské_radnice_1AAB1356.jpg
Old_Town_Hall_(Prague),190045,0,commons/Views_of_Prague_from_Old_Town_Hall_Tower/0/pictures/View_of_Prague_from_Old_Town_Hall_Tower-4.jpg
Old_Town_Hall_(Prague),190045,0,commons/Renovation_of_the_Old_Town_Hall_Tower_(Prague)/0/pictures/Rekonstrukce_Staroměstské_radnice_1AAJ8809.jpg
Old_Town_Hall_(Prague),190045,0,commons/Views_of_Prague_from_Old_Town_Hall_Tower/0/pictures/View_from_the_top_of_old_Town_Hall.jpg
Old_Town_Hall_(Prague),190045,0,commons/Renovation_of_the_Old_Town_Hall_Tower_(Prague)/0/pictures/Rekonstrukce_Staroměstské_radnice_1AAJ8786.jpg
Old_Town_Hall_(Prague),190045,0,commons/Interior_of_Old_Town_Hall_(Prague)/0/pictures/20190204_OldTownHall_3799_(32521636297).jpg
Old_Town_Hall_(Prague),190045,0,commons/Renovation_of_the_Old_Town_Hall_Tower_(Prague)/0/pictures/Rekonstrukce_Staroměstské_radnice_1AAO9755.jpg
Old_Town_Hall_(Prague),190045,0,commons/History_of_Old_Town_Hall_(Prague)/0/pictures/Praha_Staroměstské_náměstí_920-1498.jpg
Old_Town_Hall_(Prague),190045,0,commons/Renovation_of_the_Old_Town_Hall_Tower_(Prague)/0/pictures/Rekonstrukce_Staroměstské_radnice_1AAI7068.jpg
Old_Town_Hall_(Prague),190045,0,commons/Renovation_of_the_Old_Town_Hall_Tower_(Prague)/0/pictures/Rekonstrukce_Staroměstské_radnice_1AAB1533.jpg
Old_Town_Hall_(Prague),190045,0,commons/Old_Town_Hall_Tower_(Prague)/0/pictures/Prag_Rathaus_Turm_1.JPG
Old_Town_Hall_(Prague),190045,0,commons/Renovation_of_the_Old_Town_Hall_Tower_(Prague)/0/pictures/Rekonstrukce_Staroměstské_radnice_1AAP5770.jpg
Old_Town_Hall_(Prague),190045,0,commons/Renovation_of_the_Old_Town_Hall_Tower_(Prague)/0/pictures/Rekonstrukce_Staroměstské_radnice_1AAB1352.jpg
Old_Town_Hall_(Prague),190045,0,commons/Old_Town_Hall_Tower_(Prague)/0/pictures/Prag_Rathaus_Altstädter_Ring.JPG
Old_Town_Hall_(Prague),190045,0,commons/Renovation_of_the_Old_Town_Hall_Tower_(Prague)/0/pictures/Rekonstrukce_Staroměstské_radnice_1AAP5762.jpg
Old_Town_Hall_(Prague),190045,0,commons/Renovation_of_the_Old_Town_Hall_Tower_(Prague)/0/pictures/Rekonstrukce_Staroměstské_radnice_1AAP5766.jpg
Old_Town_Hall_(Prague),190045,0,commons/Views_of_Prague_from_Old_Town_Hall_Tower/0/pictures/Týnský_chrám_z_Orloje.JPG
Old_Town_Hall_(Prague),190045,0,commons/Renovation_of_the_Old_Town_Hall_Tower_(Prague)/0/pictures/Rekonstrukce_Staroměstské_radnice_1AAP5755.jpg
Old_Town_Hall_(Prague),190045,0,commons/Views_of_Prague_from_Old_Town_Hall_Tower/0/pictures/Roofs_in_Prague.jpg
Old_Town_Hall_(Prague),190045,0,commons/Renovation_of_the_Old_Town_Hall_Tower_(Prague)/0/pictures/Rekonstrukce_Staroměstské_radnice_1AAJ6503-HDR.jpg
Old_Town_Hall_(Prague),190045,0,commons/Renovation_of_the_Old_Town_Hall_Tower_(Prague)/0/pictures/Rekonstrukce_Staroměstské_radnice_1AAO9588.jpg
Old_Town_Hall_(Prague),190045,0,commons/Views_of_Prague_from_Old_Town_Hall_Tower/0/pictures/Praha_-_Palac_Goltz-Kinskych.jpg
Old_Town_Hall_(Prague),190045,0,commons/Renovation_of_the_Old_Town_Hall_Tower_(Prague)/0/pictures/Rekonstrukce_Staroměstské_radnice_1AAJ6422.jpg
Old_Town_Hall_(Prague),190045,0,commons/Renovation_of_the_Old_Town_Hall_Tower_(Prague)/0/pictures/Rekonstrukce_Staroměstské_radnice_1AAO9393.jpg
Old_Town_Hall_(Prague),190045,0,commons/Renovation_of_the_Old_Town_Hall_Tower_(Prague)/0/pictures/Rekonstrukce_Staroměstské_radnice_1AAA7734.jpg
Old_Town_Hall_(Prague),190045,0,commons/Views_of_Prague_from_Old_Town_Hall_Tower/0/pictures/Prague_NZ7_0146_(44500458294).jpg
Old_Town_Hall_(Prague),190045,0,commons/Renovation_of_the_Old_Town_Hall_Tower_(Prague)/0/pictures/Rekonstrukce_Staroměstské_radnice_1AAJ6348.jpg
Old_Town_Hall_(Prague),190045,0,commons/Views_of_Prague_from_Old_Town_Hall_Tower/0/pictures/Prague_NZ7_0136_(45172359942).jpg
Old_Town_Hall_(Prague),190045,0,commons/Renovation_of_the_Old_Town_Hall_Tower_(Prague)/0/pictures/Rekonstrukce_Staroměstské_radnice_1AAJ6344.jpg
Old_Town_Hall_(Prague),190045,0,commons/Renovation_of_the_Old_Town_Hall_Tower_(Prague)/0/pictures/Rekonstrukce_Staroměstské_radnice_1AAO9202.jpg
Old_Town_Hall_(Prague),190045,0,commons/Views_of_Prague_from_Old_Town_Hall_Tower/0/pictures/Prague_NZ7_0135_(31348891788).jpg
Old_Town_Hall_(Prague),190045,0,commons/Renovation_of_the_Old_Town_Hall_Tower_(Prague)/0/pictures/Rekonstrukce_Staroměstské_radnice_1AAJ6336.jpg
Old_Town_Hall_(Prague),190045,0,commons/Renovation_of_the_Old_Town_Hall_Tower_(Prague)/0/pictures/Rekonstrukce_Staroměstské_radnice_1AAO9199.jpg
Old_Town_Hall_(Prague),190045,0,commons/Renovation_of_the_Old_Town_Hall_Tower_(Prague)/0/pictures/Rekonstrukce_Staroměstské_radnice_1AAA7262.jpg
Old_Town_Hall_(Prague),190045,0,commons/Renovation_of_the_Old_Town_Hall_Tower_(Prague)/0/pictures/Rekonstrukce_Staroměstské_radnice_1AAJ6265.jpg
Old_Town_Hall_(Prague),190045,0,commons/Views_of_Prague_from_Old_Town_Hall_Tower/0/pictures/Prague_Musée_national_depuis_la_tour_de_l'horloge_astronomique.jpg
Old_Town_Hall_(Prague),190045,0,commons/Renovation_of_the_Old_Town_Hall_Tower_(Prague)/0/pictures/Rekonstrukce_Staroměstské_radnice_1AAJ6260.jpg
Old_Town_Hall_(Prague),190045,0,commons/Views_of_Prague_from_Old_Town_Hall_Tower/0/pictures/Prague_5.jpg
Old_Town_Hall_(Prague),190045,0,commons/Renovation_of_the_Old_Town_Hall_Tower_(Prague)/0/pictures/Rekonstrukce_Staroměstské_radnice_1AAJ6246.jpg
Old_Town_Hall_(Prague),190045,0,commons/Views_of_Prague_from_Old_Town_Hall_Tower/0/pictures/Prague_6.jpg
Old_Town_Hall_(Prague),190045,0,commons/Renovation_of_the_Old_Town_Hall_Tower_(Prague)/0/pictures/Rekonstrukce_Staroměstské_radnice_1AAJ6249.jpg
Old_Town_Hall_(Prague),190045,0,commons/Views_of_Prague_from_Old_Town_Hall_Tower/0/pictures/Prague_07-2016_View_from_Old_Town_Hall_Tower_img1.jpg
Old_Town_Hall_(Prague),190045,0,commons/Renovation_of_the_Old_Town_Hall_Tower_(Prague)/0/pictures/Rekonstrukce_Staroměstské_radnice_1AAJ6237.jpg
Old_Town_Hall_(Prague),190045,0,commons/Views_of_Prague_from_Old_Town_Hall_Tower/0/pictures/Prague_-_park.jpg
Old_Town_Hall_(Prague),190045,0,commons/Renovation_of_the_Old_Town_Hall_Tower_(Prague)/0/pictures/Rekonstrukce_Staroměstské_radnice_1AAJ6229.jpg
Old_Town_Hall_(Prague),190045,0,commons/Renovation_of_the_Old_Town_Hall_Tower_(Prague)/0/pictures/Rekonstrukce_Staroměstské_radnice_1AAA6130.jpg
Old_Town_Hall_(Prague),190045,0,commons/Views_of_Prague_from_Old_Town_Hall_Tower/0/pictures/Prague_-_Kinský_Palace.jpg
Old_Town_Hall_(Prague),190045,0,commons/Renovation_of_the_Old_Town_Hall_Tower_(Prague)/0/pictures/Rekonstrukce_Staroměstské_radnice_1AAJ6162.jpg
Old_Town_Hall_(Prague),190045,0,commons/Renovation_of_the_Old_Town_Hall_Tower_(Prague)/0/pictures/Rekonstrukce_Staroměstské_radnice_1AAO8709.jpg
Old_Town_Hall_(Prague),190045,0,commons/Renovation_of_the_Old_Town_Hall_Tower_(Prague)/0/pictures/Rekonstrukce_Staroměstské_radnice_1AAA6098.jpg
Old_Town_Hall_(Prague),190045,0,commons/Renovation_of_the_Old_Town_Hall_Tower_(Prague)/0/pictures/Rekonstrukce_Staroměstské_radnice_1AAA6046.jpg
Old_Town_Hall_(Prague),190045,0,commons/Views_of_Prague_Castle_from_Old_Town_Hall_Tower/0/pictures/Prague_et_la_cathédrale_Saint_Guy_(2).jpg
Old_Town_Hall_(Prague),190045,0,"commons/Old_Town_Hall_(Prague)/0/pictures/Praha,_Staroměstské_náměstí,_2011_(03).jpg"
Old_Town_Hall_(Prague),190045,0,commons/Renovation_of_the_Old_Town_Hall_Tower_(Prague)/0/pictures/Rekonstrukce_Staroměstské_radnice_1AAO6374.jpg
Old_Town_Hall_(Prague),190045,0,commons/Views_of_Prague_Castle_from_Old_Town_Hall_Tower/0/pictures/Prague_Castle_from_Clocktower.jpg
Old_Town_Hall_(Prague),190045,0,commons/Old_Town_Hall_(Prague)/0/pictures/Praha_Old_Town_Square_(185001717).jpeg
Old_Town_Hall_(Prague),190045,0,commons/Renovation_of_the_Old_Town_Hall_Tower_(Prague)/0/pictures/Rekonstrukce_Staroměstské_radnice_1AAJ4127.jpg
Old_Town_Hall_(Prague),190045,0,"commons/Old_Town_Hall_(Prague)/0/pictures/Óváros_tér_(Staromestské_námestí),_Óratorony._Fortepan_51451.jpg"
Old_Town_Hall_(Prague),190045,0,commons/Views_of_Prague_from_Old_Town_Hall_Tower/0/pictures/Church_of_Our_Lady_in_front_of_Týn-Prague.jpg
Old_Town_Hall_(Prague),190045,0,commons/Renovation_of_the_Old_Town_Hall_Tower_(Prague)/0/pictures/Rekonstrukce_Staroměstské_radnice_1AAJ5506.jpg
Old_Town_Hall_(Prague),190045,0,commons/Views_of_Prague_Castle_from_Old_Town_Hall_Tower/0/pictures/KAM_7780_(10174129956).jpg
Old_Town_Hall_(Prague),190045,0,commons/Old_Town_Hall_(Prague)/0/pictures/Prague_Old_Town_-_panoramio.jpg
Old_Town_Hall_(Prague),190045,0,commons/Old_Town_Hall_(Prague)/0/pictures/Torre_dell'orologio_-_panoramio_(1).jpg
Old_Town_Hall_(Prague),190045,0,commons/Views_of_Prague_from_Old_Town_Hall_Tower/0/pictures/20190816_Widok_z_wieży_Ratusza_w_Pradze_0946_5200.jpg
Old_Town_Hall_(Prague),190045,0,commons/Renovation_of_the_Old_Town_Hall_Tower_(Prague)/0/pictures/Rekonstrukce_Staroměstské_radnice_1AAJ5470.jpg
Old_Town_Hall_(Prague),190045,0,commons/Views_of_Prague_Castle_from_Old_Town_Hall_Tower/0/pictures/Czech-04073_-_Great_View_(33022558945).jpg
Old_Town_Hall_(Prague),190045,0,"commons/Old_Town_Hall_(Prague)/0/pictures/Prague_Astronomical_Tower,_Czech_Republic_(Ank_Kumar)_13.jpg"
Old_Town_Hall_(Prague),190045,0,commons/Views_of_Prague_Castle_from_Old_Town_Hall_Tower/0/pictures/20190204_OldTownView_3848_(47410450062).jpg
Old_Town_Hall_(Prague),190045,0,"commons/Old_Town_Hall_(Prague)/0/pictures/Prague_Astronomical_Tower,_Czech_Republic_(Ank_Kumar)_09.jpg"
Old_Town_Hall_(Prague),190045,0,commons/Old_Town_Hall_(Prague)/0/pictures/Staroměstská_radnice_-_panoramio_(1).jpg
Old_Town_Hall_(Prague),190045,0,commons/Views_of_Prague_from_Old_Town_Hall_Tower/0/pictures/20190204_OldTownView_3869_(46548205865).jpg
Old_Town_Hall_(Prague),190045,0,commons/Renovation_of_the_Old_Town_Hall_Tower_(Prague)/0/pictures/Rekonstrukce_Staroměstské_radnice_1AAJ5387.jpg
Old_Town_Hall_(Prague),190045,0,commons/Plaque_to_Jan_Želivský_on_the_Old_Town_Hall_in_Prague/0/pictures/Ppamětní_deska_-_Jan_Želivský.jpg
Old_Town_Hall_(Prague),190045,0,commons/Views_of_Prague_Castle_from_Old_Town_Hall_Tower/0/pictures/20190204_OldTownView_3850_(47410452412).jpg
Old_Town_Hall_(Prague),190045,0,"commons/Old_Town_Hall_(Prague)/0/pictures/Prague_Astronomical_Tower,_Czech_Republic_(Ank_Kumar)_08.jpg"
Old_Town_Hall_(Prague),190045,0,commons/Old_Town_Hall_(Prague)/0/pictures/Staroměstská_radnice_-_panoramio.jpg
Old_Town_Hall_(Prague),190045,0,commons/Views_of_Prague_from_Old_Town_Hall_Tower/0/pictures/20190204_OldTownView_3863_(46740316954).jpg
Old_Town_Hall_(Prague),190045,0,commons/Renovation_of_the_Old_Town_Hall_Tower_(Prague)/0/pictures/Rekonstrukce_Staroměstské_radnice_1AAJ5385.jpg
Old_Town_Hall_(Prague),190045,0,commons/Plaque_to_Jan_Želivský_on_the_Old_Town_Hall_in_Prague/0/pictures/20190204_OldTownHall_3735_(33586963158).jpg
Old_Town_Hall_(Prague),190045,0,commons/Views_of_Prague_Castle_from_Old_Town_Hall_Tower/0/pictures/20190204_OldTownSq_9451_(46740301814).jpg
Old_Town_Hall_(Prague),190045,0,"commons/Old_Town_Hall_(Prague)/0/pictures/Prague_Astronomical_Tower,_Czech_Republic_(Ank_Kumar)_07.jpg"
Old_Town_Hall_(Prague),190045,0,commons/Old_Town_Hall_(Prague)/0/pictures/Staromestské_námestie_-_panoramio.jpg
Old_Town_Hall_(Prague),190045,0,commons/Views_of_Prague_from_Old_Town_Hall_Tower/0/pictures/20190204_OldTownView_3868_(47463548591).jpg
Old_Town_Hall_(Prague),190045,0,commons/Renovation_of_the_Old_Town_Hall_Tower_(Prague)/0/pictures/Rekonstrukce_Staroměstské_radnice_1AAJ5382.jpg
Old_Town_Hall_(Prague),190045,0,commons/Renovation_of_the_Old_Town_Hall_Tower_(Prague)/0/pictures/Rekonstrukce_Staroměstské_radnice_1AAA2471.jpg
Old_Town_Hall_(Prague),190045,0,commons/Views_of_Prague_from_Old_Town_Hall_Tower/0/pictures/Church_of_St_Nicholas_of_Old_Town.jpg
Old_Town_Hall_(Prague),190045,0,commons/Old_Town_Hall_(Prague)/0/pictures/老城廣場_Old_Town_Square_-_panoramio_(1).jpg
Old_Town_Hall_(Prague),190045,0,commons/Renovation_of_the_Old_Town_Hall_Tower_(Prague)/0/pictures/Rekonstrukce_Staroměstské_radnice_1AAJ5525.jpg
Old_Town_Hall_(Prague),190045,0,commons/Renovation_of_the_Old_Town_Hall_Tower_(Prague)/0/pictures/Rekonstrukce_Staroměstské_radnice_1AAO6666.jpg
Old_Town_Hall_(Prague),190045,0,commons/Views_of_Prague_from_Old_Town_Hall_Tower/0/pictures/Prager_Marktplatz.jpg
Old_Town_Hall_(Prague),190045,0,commons/Renovation_of_the_Old_Town_Hall_Tower_(Prague)/0/pictures/Rekonstrukce_Staroměstské_radnice_1AAJ6027.jpg
Old_Town_Hall_(Prague),190045,0,commons/Renovation_of_the_Old_Town_Hall_Tower_(Prague)/0/pictures/Rekonstrukce_Staroměstské_radnice_1AAO8643.jpg
Old_Town_Hall_(Prague),190045,0,commons/Renovation_of_the_Old_Town_Hall_Tower_(Prague)/0/pictures/Rekonstrukce_Staroměstské_radnice_1AAA2438.jpg
Old_Town_Hall_(Prague),190045,0,"commons/Views_of_Prague_from_Old_Town_Hall_Tower/0/pictures/Church_of_Saint_Nicholas_in_Old_Town,_Prague.jpg"
Old_Town_Hall_(Prague),190045,0,commons/Old_Town_Hall_(Prague)/0/pictures/Староместская_площадь_в_Праге_2018.jpg
Old_Town_Hall_(Prague),190045,0,commons/Renovation_of_the_Old_Town_Hall_Tower_(Prague)/0/pictures/Rekonstrukce_Staroměstské_radnice_1AAJ5516.jpg
Old_Town_Hall_(Prague),190045,0,commons/Renovation_of_the_Old_Town_Hall_Tower_(Prague)/0/pictures/Rekonstrukce_Staroměstské_radnice_1AAO6627.jpg
Old_Town_Hall_(Prague),190045,0,commons/Plaque_to_Jan_Želivský_on_the_Old_Town_Hall_in_Prague/0/pictures/Jan_Želivský.jpg
Old_Town_Hall_(Prague),190045,0,commons/Views_of_Prague_Castle_from_Old_Town_Hall_Tower/0/pictures/20190204_OldTownSq_9450_(47463533551).jpg
Old_Town_Hall_(Prague),190045,0,"commons/Old_Town_Hall_(Prague)/0/pictures/Prague_Astronomical_Tower,_Czech_Republic_(Ank_Kumar)_05.jpg"
Old_Town_Hall_(Prague),190045,0,commons/Views_of_Prague_from_Old_Town_Hall_Tower/0/pictures/Church_of_Our_Lady_in_front_of_Týn.jpg
Old_Town_Hall_(Prague),190045,0,commons/Renovation_of_the_Old_Town_Hall_Tower_(Prague)/0/pictures/Rekonstrukce_Staroměstské_radnice_1AAJ5513.jpg
Old_Town_Hall_(Prague),190045,0,commons/Renovation_of_the_Old_Town_Hall_Tower_(Prague)/0/pictures/Rekonstrukce_Staroměstské_radnice_1AAO6662.jpg
Old_Town_Hall_(Prague),190045,0,commons/Plaque_to_Jan_Želivský_on_the_Old_Town_Hall_in_Prague/0/pictures/Pamětní_deska_Jana_Želivského_na_Staroměstské_radnici_v_Praze_(Q64816281).jpg
Old_Town_Hall_(Prague),190045,0,commons/Views_of_Old_Town_in_Prague_from_Old_Town_Hall_Tower/0/pictures/Прага_-_panoramio_(11).jpg
Old_Town_Hall_(Prague),190045,0,"commons/Old_Town_Hall_(Prague)/0/pictures/Prague_Astronomical_Tower,_Czech_Republic_(Ank_Kumar)_04.jpg"
Old_Town_Hall_(Prague),190045,0,commons/Old_Town_Hall_(Prague)/0/pictures/Staromestské_námestie_-_panoramio_(5).jpg
Old_Town_Hall_(Prague),190045,0,commons/Renovation_of_the_Old_Town_Hall_Tower_(Prague)/0/pictures/Rekonstrukce_Staroměstské_radnice_1AAJ5369.jpg
Old_Town_Hall_(Prague),190045,0,commons/Renovation_of_the_Old_Town_Hall_Tower_(Prague)/0/pictures/Rekonstrukce_Staroměstské_radnice_1AAO0213.jpg
Old_Town_Hall_(Prague),190045,0,commons/Views_of_Prague_from_Old_Town_Hall_Tower/0/pictures/Church_of_Our_Lady_in_front_of_Týn-Prašná_brána-Prague.jpg
Old_Town_Hall_(Prague),190045,0,commons/Old_Town_Hall_(Prague)/0/pictures/Ратуша_в_Праге.jpg
Old_Town_Hall_(Prague),190045,0,commons/Renovation_of_the_Old_Town_Hall_Tower_(Prague)/0/pictures/Rekonstrukce_Staroměstské_radnice_1AAJ5510.jpg
Old_Town_Hall_(Prague),190045,0,commons/Renovation_of_the_Old_Town_Hall_Tower_(Prague)/0/pictures/Rekonstrukce_Staroměstské_radnice_1AAA5992.jpg
Old_Town_Hall_(Prague),190045,0,commons/Plaque_to_Jan_Želivský_on_the_Old_Town_Hall_in_Prague/0/pictures/Plaque_to_Jan_Želivský_on_the_Old_Town_Hall_in_Prague.jpg
Old_Town_Hall_(Prague),190045,0,commons/Views_of_Old_Town_in_Prague_from_Old_Town_Hall_Tower/0/pictures/Óváros_tér_(Staromestske_namesti)_az_Óratoronyból_nézve._Fortepan_51304.jpg
Old_Town_Hall_(Prague),190045,0,"commons/Old_Town_Hall_(Prague)/0/pictures/Prague_Astronomical_Tower,_Czech_Republic_(Ank_Kumar)_03.jpg"
Old_Town_Hall_(Prague),190045,0,"commons/Old_Town_Hall_(Prague)/0/pictures/Praha,_Staroměstské_náměstí,_lidé_sledující_orloj.jpg"
Old_Town_Hall_(Prague),190045,0,commons/Views_of_Prague_from_Old_Town_Hall_Tower/0/pictures/20190204_OldTownView_3850_(47410452412).jpg
Old_Town_Hall_(Prague),190045,0,commons/Renovation_of_the_Old_Town_Hall_Tower_(Prague)/0/pictures/Rekonstrukce_Staroměstské_radnice_1AAJ5368.jpg
Old_Town_Hall_(Prague),190045,0,commons/Renovation_of_the_Old_Town_Hall_Tower_(Prague)/0/pictures/Rekonstrukce_Staroměstské_radnice_1AAB5906.jpg
Old_Town_Hall_(Prague),190045,0,"commons/Backside_of_Old_Town_Hall_(Prague)/0/pictures/Praha,_Staroměstské_náměstí_(1).jpg"
Old_Town_Hall_(Prague),190045,0,commons/Renovation_of_the_Old_Town_Hall_Tower_(Prague)/0/pictures/Rekonstrukce_Staroměstské_radnice_1AAO0040.jpg
Old_Town_Hall_(Prague),190045,0,commons/Renovation_of_the_Old_Town_Hall_Tower_(Prague)/0/pictures/Rekonstrukce_Staroměstské_radnice_1AAA6007.jpg
Old_Town_Hall_(Prague),190045,0,commons/Plaque_to_Jan_Želivský_on_the_Old_Town_Hall_in_Prague/0/pictures/13-04-06-praha-by-RalfR-054.jpg
Old_Town_Hall_(Prague),190045,0,commons/Views_of_Old_Town_in_Prague_from_Old_Town_Hall_Tower/0/pictures/Прага_-_panoramio_(10).jpg
Old_Town_Hall_(Prague),190045,0,"commons/Old_Town_Hall_(Prague)/0/pictures/Prague_Astronomical_Tower,_Czech_Republic_(Ank_Kumar)_02.jpg"
Old_Town_Hall_(Prague),190045,0,commons/Renovation_of_the_Old_Town_Hall_Tower_(Prague)/0/pictures/Rekonstrukce_Staroměstské_radnice_1AAO6307.jpg
Old_Town_Hall_(Prague),190045,0,commons/Old_Town_Hall_(Prague)/0/pictures/Staromestské_námestie_-_panoramio_(4).jpg
Old_Town_Hall_(Prague),190045,0,commons/Views_of_Prague_from_Old_Town_Hall_Tower/0/pictures/20190204_OldTownView_3848_(47410450062).jpg
Old_Town_Hall_(Prague),190045,0,commons/Renovation_of_the_Old_Town_Hall_Tower_(Prague)/0/pictures/Rekonstrukce_Staroměstské_radnice_1AAJ5366.jpg
Old_Town_Hall_(Prague),190045,0,commons/Renovation_of_the_Old_Town_Hall_Tower_(Prague)/0/pictures/Rekonstrukce_Staroměstské_radnice_1AAB5907.jpg
Old_Town_Hall_(Prague),190045,0,commons/Backside_of_Old_Town_Hall_(Prague)/0/pictures/Prague_Praha_2014_Holmstad_City_Hall_cut_off_2.JPG
Old_Town_Hall_(Prague),190045,0,commons/Renovation_of_the_Old_Town_Hall_Tower_(Prague)/0/pictures/Rekonstrukce_Staroměstské_radnice_1AAO0036.jpg
Old_Town_Hall_(Prague),190045,0,commons/Renovation_of_the_Old_Town_Hall_Tower_(Prague)/0/pictures/Rekonstrukce_Staroměstské_radnice_1AAA2238.jpg
Old_Town_Hall_(Prague),190045,0,commons/Views_of_Prague_from_Old_Town_Hall_Tower/0/pictures/Church_of_Our_Lady_in_front_of_Týn_3.jpg
Old_Town_Hall_(Prague),190045,0,commons/Renovation_of_the_Old_Town_Hall_Tower_(Prague)/0/pictures/Rekonstrukce_Staroměstské_radnice_1AAJ5490.jpg
Old_Town_Hall_(Prague),190045,0,commons/Views_of_Prague_from_Old_Town_Hall_Tower/0/pictures/Church_of_Our_Lady_before_Tyn.jpg
Old_Town_Hall_(Prague),190045,0,"commons/Old_Town_Hall_(Prague)/0/pictures/Óváros_tér_(Staromestske_namesti),_jobbra_az_Orloj._Fortepan_93519.jpg"
Old_Town_Hall_(Prague),190045,0,commons/Renovation_of_the_Old_Town_Hall_Tower_(Prague)/0/pictures/Rekonstrukce_Staroměstské_radnice_1AAJ5486.jpg
Old_Town_Hall_(Prague),190045,0,commons/Renovation_of_the_Old_Town_Hall_Tower_(Prague)/0/pictures/Rekonstrukce_Staroměstské_radnice_1AAO6543.jpg
Old_Town_Hall_(Prague),190045,0,commons/Old_Town_Hall_Tower_(Prague)/0/pictures/Пражскія_вуліцы_31.JPG
Old_Town_Hall_(Prague),190045,0,"commons/Views_of_Old_Town_in_Prague_from_Old_Town_Hall_Tower/0/pictures/Église_de_Saint-Nicolas,_Prague.jpg"
Old_Town_Hall_(Prague),190045,0,commons/Old_Town_Hall_(Prague)/0/pictures/Prague_Astronomical_Clock_25.04.2011_02.jpg
Old_Town_Hall_(Prague),190045,0,"commons/Old_Town_Hall_(Prague)/0/pictures/Praha,_Staroměstské_náměstí,_2021_(22).jpg"
Old_Town_Hall_(Prague),190045,0,commons/Renovation_of_the_Old_Town_Hall_Tower_(Prague)/0/pictures/Rekonstrukce_Staroměstské_radnice_1AAJ5363.jpg
Old_Town_Hall_(Prague),190045,0,commons/Renovation_of_the_Old_Town_Hall_Tower_(Prague)/0/pictures/Rekonstrukce_Staroměstské_radnice_1AAA2224.jpg
Old_Town_Hall_(Prague),190045,0,commons/Views_of_Prague_from_Old_Town_Hall_Tower/0/pictures/CZ-prag-altst-ring-teyn-turm.jpg
Old_Town_Hall_(Prague),190045,0,commons/Renovation_of_the_Old_Town_Hall_Tower_(Prague)/0/pictures/Rekonstrukce_Staroměstské_radnice_1AAJ5484.jpg
Old_Town_Hall_(Prague),190045,0,commons/Renovation_of_the_Old_Town_Hall_Tower_(Prague)/0/pictures/Rekonstrukce_Staroměstské_radnice_1AAB5583.jpg
Old_Town_Hall_(Prague),190045,0,commons/Views_of_Prague_from_Old_Town_Hall_Tower/0/pictures/PRAHA_-_panoramio_-_Nikolai_Karaneschev_(5).jpg
Old_Town_Hall_(Prague),190045,0,commons/Renovation_of_the_Old_Town_Hall_Tower_(Prague)/0/pictures/Rekonstrukce_Staroměstské_radnice_1AAJ5681.jpg
Old_Town_Hall_(Prague),190045,0,commons/Old_Town_Hall_Tower_(Prague)/0/pictures/Пражскія_вуліцы_35.JPG
Old_Town_Hall_(Prague),190045,0,commons/Views_of_Old_Town_in_Prague_from_Old_Town_Hall_Tower/0/pictures/Église_de_Notre-Dame_du_Tyn.jpg
Old_Town_Hall_(Prague),190045,0,commons/Old_Town_Hall_(Prague)/0/pictures/Prague_(16059768500).jpg
Old_Town_Hall_(Prague),190045,0,"commons/Old_Town_Hall_(Prague)/0/pictures/Praha,_Staroměstské_náměstí,_2021_(20).jpg"
Old_Town_Hall_(Prague),190045,0,commons/Views_of_Prague_from_Old_Town_Hall_Tower/0/pictures/20190204_OldTownView_3833_(47463530581).jpg
Old_Town_Hall_(Prague),190045,0,commons/Views_of_Prague_from_Old_Town_Hall_Tower/0/pictures/KAM_7780_(10174129956).jpg
Old_Town_Hall_(Prague),190045,0,commons/Renovation_of_the_Old_Town_Hall_Tower_(Prague)/0/pictures/Rekonstrukce_Staroměstské_radnice_1AAJ5583.jpg
Old_Town_Hall_(Prague),190045,0,commons/Renovation_of_the_Old_Town_Hall_Tower_(Prague)/0/pictures/Rekonstrukce_Staroměstské_radnice_1AAB5915.jpg
Old_Town_Hall_(Prague),190045,0,commons/Backside_of_Old_Town_Hall_(Prague)/0/pictures/Prague_Praha_2014_Holmstad_City_Hall_cut_off.JPG
Old_Town_Hall_(Prague),190045,0,commons/Renovation_of_the_Old_Town_Hall_Tower_(Prague)/0/pictures/Rekonstrukce_Staroměstské_radnice_1AAO0034.jpg
Old_Town_Hall_(Prague),190045,0,commons/Views_of_Old_Town_in_Prague_from_Old_Town_Hall_Tower/0/pictures/View_of_Prague_from_the_top_of_the_Old_Town_Hall_Tower_(3)_(26223184901).jpg
Old_Town_Hall_(Prague),190045,0,commons/Old_Town_Hall_(Prague)/0/pictures/Prag_Altstädter_Rathaus_04.jpg
Old_Town_Hall_(Prague),190045,0,commons/Wölflinův_dům_(Old_Town_Hall)/0/pictures/Old_Town_Square_(8341900370).jpg
Old_Town_Hall_(Prague),190045,0,commons/Renovation_of_the_Old_Town_Hall_Tower_(Prague)/0/pictures/Rekonstrukce_Staroměstské_radnice_1AAJ3975.jpg
Old_Town_Hall_(Prague),190045,0,"commons/Old_Town_Hall_(Prague)/0/pictures/Praha,_Staroměstské_náměstí,_2012_(03).jpg"
Old_Town_Hall_(Prague),190045,0,commons/Views_of_Prague_Castle_from_Old_Town_Hall_Tower/0/pictures/View_of_Prague_Castle_from_Old_Town_Hall_Tower.jpg
Old_Town_Hall_(Prague),190045,0,commons/Renovation_of_the_Old_Town_Hall_Tower_(Prague)/0/pictures/Rekonstrukce_Staroměstské_radnice_1AAO6380.jpg
Old_Town_Hall_(Prague),190045,0,commons/Views_of_Prague_from_Old_Town_Hall_Tower/0/pictures/Blick_v_Altstädter_Rathaus_a_Hrdschin_+_Kleinseite.jpg
Old_Town_Hall_(Prague),190045,0,commons/Old_Town_Hall_(Prague)/0/pictures/Staroměstský_orloj_bez_turistů_2020_03_23.jpg
Old_Town_Hall_(Prague),190045,0,commons/Renovation_of_the_Old_Town_Hall_Tower_(Prague)/0/pictures/Rekonstrukce_Staroměstské_radnice_1AAJ5469.jpg
Old_Town_Hall_(Prague),190045,0,commons/Views_of_the_Church_of_Our_Lady_in_front_of_Týn_from_the_Old_Town_Hall/0/pictures/20190204_OldTownView_3830_(46740296004).jpg
Old_Town_Hall_(Prague),190045,0,commons/Renovation_of_the_Old_Town_Hall_Tower_(Prague)/0/pictures/Rekonstrukce_Staroměstské_radnice_1AAA2845.jpg
Old_Town_Hall_(Prague),190045,0,commons/Views_of_Prague_from_Old_Town_Hall_Tower/0/pictures/Kostel_svateho_Michaela_Archandela_513-32.jpg
Old_Town_Hall_(Prague),190045,0,commons/Old_Town_Hall_Tower_(Prague)/0/pictures/024_Cases_i_torre_de_l'Ajuntament_de_la_Ciutat_Vella.jpg
Old_Town_Hall_(Prague),190045,0,commons/Renovation_of_the_Old_Town_Hall_Tower_(Prague)/0/pictures/Rekonstrukce_Staroměstské_radnice_1AAJ5574.jpg
Old_Town_Hall_(Prague),190045,0,commons/Renovation_of_the_Old_Town_Hall_Tower_(Prague)/0/pictures/Rekonstrukce_Staroměstské_radnice_1AAQ4682.jpg
Old_Town_Hall_(Prague),190045,0,commons/Renovation_of_the_Old_Town_Hall_Tower_(Prague)/0/pictures/Rekonstrukce_Staroměstské_radnice_1AAB5853.jpg
Old_Town_Hall_(Prague),190045,0,commons/Backside_of_Old_Town_Hall_(Prague)/0/pictures/Prague_2006-11_53.jpg
Old_Town_Hall_(Prague),190045,0,commons/Renovation_of_the_Old_Town_Hall_Tower_(Prague)/0/pictures/Rekonstrukce_Staroměstské_radnice_1AAO0027.jpg
Old_Town_Hall_(Prague),190045,0,commons/Views_of_Old_Town_in_Prague_from_Old_Town_Hall_Tower/0/pictures/View_of_Prague_from_the_top_of_the_Old_Town_Hall_Tower_(4)_(26223126401).jpg
Old_Town_Hall_(Prague),190045,0,commons/Old_Town_Hall_(Prague)/0/pictures/Prag_Altstädter_Rathaus_03.jpg
Old_Town_Hall_(Prague),190045,0,commons/Wölflinův_dům_(Old_Town_Hall)/0/pictures/Old_Town_Hall_Tower_(2546156156).jpg
Old_Town_Hall_(Prague),190045,0,commons/Renovation_of_the_Old_Town_Hall_Tower_(Prague)/0/pictures/Rekonstrukce_Staroměstské_radnice_1AAJ3972.jpg
Old_Town_Hall_(Prague),190045,0,"commons/Old_Town_Hall_(Prague)/0/pictures/Praha,_Staroměstské_náměstí,_2012_(01).jpg"
Old_Town_Hall_(Prague),190045,0,commons/Wölflinův_dům_(Old_Town_Hall)/0/pictures/Staroměstská_radnice1.jpg
Old_Town_Hall_(Prague),190045,0,commons/Renovation_of_the_Old_Town_Hall_Tower_(Prague)/0/pictures/Rekonstrukce_Staroměstské_radnice_1AAJ4181.jpg
Old_Town_Hall_(Prague),190045,0,commons/Renovation_of_the_Old_Town_Hall_Tower_(Prague)/0/pictures/Rekonstrukce_Staroměstské_radnice_1AAO6379.jpg
Old_Town_Hall_(Prague),190045,0,commons/Renovation_of_the_Old_Town_Hall_Tower_(Prague)/0/pictures/Rekonstrukce_Staroměstské_radnice_1AAA2060.jpg
Old_Town_Hall_(Prague),190045,0,commons/Views_of_Prague_from_Old_Town_Hall_Tower/0/pictures/20190816_Widok_z_wieży_Ratusza_w_Pradze_0942_5185.jpg
Old_Town_Hall_(Prague),190045,0,commons/Old_Town_Hall_(Prague)/0/pictures/Staroměstské_náměstí_-_panoramio.jpg
Old_Town_Hall_(Prague),190045,0,commons/Renovation_of_the_Old_Town_Hall_Tower_(Prague)/0/pictures/Rekonstrukce_Staroměstské_radnice_1AAJ5462.jpg
Old_Town_Hall_(Prague),190045,0,commons/Backside_of_Old_Town_Hall_(Prague)/0/pictures/Prague_(34138136080).jpg
Old_Town_Hall_(Prague),190045,0,commons/Renovation_of_the_Old_Town_Hall_Tower_(Prague)/0/pictures/Rekonstrukce_Staroměstské_radnice_1AAO0008.jpg
Old_Town_Hall_(Prague),190045,0,commons/Views_of_Prague_from_Old_Town_Hall_Tower/0/pictures/20190816_Widok_na_Pragę_z_wieży_ratusza_0938_5161_DxO.jpg
Old_Town_Hall_(Prague),190045,0,commons/Old_Town_Hall_(Prague)/0/pictures/Staroměstké_náměstí_-_panoramio.jpg
Old_Town_Hall_(Prague),190045,0,commons/Renovation_of_the_Old_Town_Hall_Tower_(Prague)/0/pictures/Rekonstrukce_Staroměstské_radnice_1AAJ5390.jpg
Old_Town_Hall_(Prague),190045,0,commons/Old_Town_Hall_Tower_(Prague)/0/pictures/2014-03-12_-_panoramio.jpg
Old_Town_Hall_(Prague),190045,0,commons/Views_of_Prague_from_Old_Town_Hall_Tower/0/pictures/Prag_-_Blick_vom_Altstädter_Rathausturm_Richtung_-_Pohled_z_věže_Staré_radnice_ve_směru_Petřínskou_rozhlednu_-_panoramio.jpg
Old_Town_Hall_(Prague),190045,0,commons/Renovation_of_the_Old_Town_Hall_Tower_(Prague)/0/pictures/Rekonstrukce_Staroměstské_radnice_1AAJ5777.jpg
Old_Town_Hall_(Prague),190045,0,commons/Backside_of_Old_Town_Hall_(Prague)/0/pictures/Prague_2006-11_009.jpg
Old_Town_Hall_(Prague),190045,0,commons/Renovation_of_the_Old_Town_Hall_Tower_(Prague)/0/pictures/Rekonstrukce_Staroměstské_radnice_1AAO0016.jpg
Old_Town_Hall_(Prague),190045,0,commons/Views_of_Old_Town_in_Prague_from_Old_Town_Hall_Tower/0/pictures/View_of_Prague_from_the_top_of_the_Old_Town_Hall_Tower_(15)_(26196241632).jpg
Old_Town_Hall_(Prague),190045,0,commons/Old_Town_Hall_(Prague)/0/pictures/Praag_in_de_nacht_1991.jpg
Old_Town_Hall_(Prague),190045,0,commons/Old_Town_Hall_(Prague)/0/pictures/Praha_Ratusz_1.jpg
Old_Town_Hall_(Prague),190045,0,"commons/Wölflinův_dům_(Old_Town_Hall)/0/pictures/Staromestska_radnica,_portal.jpg"
Old_Town_Hall_(Prague),190045,0,commons/Renovation_of_the_Old_Town_Hall_Tower_(Prague)/0/pictures/Rekonstrukce_Staroměstské_radnice_1AAJ4134.jpg
Old_Town_Hall_(Prague),190045,0,commons/Views_of_the_Church_of_Our_Lady_in_front_of_Týn_from_the_Old_Town_Hall/0/pictures/20190204_OldTownView_3828_(33586996358).jpg
Old_Town_Hall_(Prague),190045,0,commons/Renovation_of_the_Old_Town_Hall_Tower_(Prague)/0/pictures/Rekonstrukce_Staroměstské_radnice_1AAP0164.jpg
Old_Town_Hall_(Prague),190045,0,commons/Renovation_of_the_Old_Town_Hall_Tower_(Prague)/0/pictures/Rekonstrukce_Staroměstské_radnice_1AAA2843.jpg
Old_Town_Hall_(Prague),190045,0,commons/Views_of_Prague_from_Old_Town_Hall_Tower/0/pictures/KAM_7737_(10173871974).jpg
Old_Town_Hall_(Prague),190045,0,commons/Renovation_of_the_Old_Town_Hall_Tower_(Prague)/0/pictures/Rekonstrukce_Staroměstské_radnice_1AAJ5567.jpg
Old_Town_Hall_(Prague),190045,0,commons/Old_Town_Hall_Tower_(Prague)/0/pictures/Věž_Staroměstské_radnice.jpg
Old_Town_Hall_(Prague),190045,0,commons/Wölflinův_dům_(Old_Town_Hall)/0/pictures/Пражскія_вуліцы_18.JPG
Old_Town_Hall_(Prague),190045,0,commons/Views_of_Old_Town_in_Prague_from_Old_Town_Hall_Tower/0/pictures/View_of_Prague_from_the_top_of_the_Old_Town_Hall_Tower_(17)_(25685667723).jpg
Old_Town_Hall_(Prague),190045,0,"commons/Old_Town_Hall_(Prague)/0/pictures/Praag._Stadhuistoren_met_zicht_op_de_St._Maria_Tynkerk,_Bestanddeelnr_920-1498.jpg"
Old_Town_Hall_(Prague),190045,0,"commons/Old_Town_Hall_(Prague)/0/pictures/Praha,_Staroměstské_náměstí,_2020_(08).jpg"
Old_Town_Hall_(Prague),190045,0,commons/Views_of_Prague_from_Old_Town_Hall_Tower/0/pictures/Vánoční_Praha_2011_(13).jpg
Old_Town_Hall_(Prague),190045,0,commons/Renovation_of_the_Old_Town_Hall_Tower_(Prague)/0/pictures/Rekonstrukce_Staroměstské_radnice_1AAP0013.jpg
Old_Town_Hall_(Prague),190045,0,commons/Renovation_of_the_Old_Town_Hall_Tower_(Prague)/0/pictures/Rekonstrukce_Staroměstské_radnice_1AAQ4666.jpg
Old_Town_Hall_(Prague),190045,0,commons/Renovation_of_the_Old_Town_Hall_Tower_(Prague)/0/pictures/Rekonstrukce_Staroměstské_radnice_1AAB5828.jpg
Old_Town_Hall_(Prague),190045,0,commons/Old_Town_Hall_Tower_(Prague)/0/pictures/PragueMarket.jpg
Old_Town_Hall_(Prague),190045,0,commons/Renovation_of_the_Old_Town_Hall_Tower_(Prague)/0/pictures/Rekonstrukce_Staroměstské_radnice_1AAP6868.jpg
Old_Town_Hall_(Prague),190045,0,commons/Backside_of_Old_Town_Hall_(Prague)/0/pictures/Prague_-_Old_Town_Hall.jpg
Old_Town_Hall_(Prague),190045,0,commons/Renovation_of_the_Old_Town_Hall_Tower_(Prague)/0/pictures/Rekonstrukce_Staroměstské_radnice_1AAO0014.jpg
Old_Town_Hall_(Prague),190045,0,commons/Views_of_Prague_from_Old_Town_Hall_Tower/0/pictures/20190816_Widok_na_Pragę_z_wieży_ratusza_0945_5195.jpg
Old_Town_Hall_(Prague),190045,0,commons/Renovation_of_the_Old_Town_Hall_Tower_(Prague)/0/pictures/Rekonstrukce_Staroměstské_radnice_1AAJ5459.jpg
Old_Town_Hall_(Prague),190045,0,commons/Renovation_of_the_Old_Town_Hall_Tower_(Prague)/0/pictures/Rekonstrukce_Staroměstské_radnice_1AAB2022.jpg
Old_Town_Hall_(Prague),190045,0,commons/Old_Town_Hall_Tower_(Prague)/0/pictures/Prague_(33617100294).jpg
Old_Town_Hall_(Prague),190045,0,commons/Renovation_of_the_Old_Town_Hall_Tower_(Prague)/0/pictures/Rekonstrukce_Staroměstské_radnice_1AAP6481.jpg
Old_Town_Hall_(Prague),190045,0,commons/Renovation_of_the_Old_Town_Hall_Tower_(Prague)/0/pictures/Rekonstrukce_Staroměstské_radnice_1AAO0009.jpg
Old_Town_Hall_(Prague),190045,0,commons/Old_Town_Hall_Tower_(Prague)/0/pictures/20130723_152708cz.jpg
Old_Town_Hall_(Prague),190045,0,commons/Views_of_Prague_from_Old_Town_Hall_Tower/0/pictures/Pohlad_veze_orloja_-_panoramio.jpg
Old_Town_Hall_(Prague),190045,0,commons/Renovation_of_the_Old_Town_Hall_Tower_(Prague)/0/pictures/Rekonstrukce_Staroměstské_radnice_1AAJ5770.jpg
Old_Town_Hall_(Prague),190045,0,commons/Backside_of_Old_Town_Hall_(Prague)/0/pictures/Prague_2006-11_51.jpg
Old_Town_Hall_(Prague),190045,0,commons/Renovation_of_the_Old_Town_Hall_Tower_(Prague)/0/pictures/Rekonstrukce_Staroměstské_radnice_1AAO0018.jpg
Old_Town_Hall_(Prague),190045,0,commons/Old_Town_Hall_Tower_(Prague)/0/pictures/Vánoce_Praha_2014_8.jpg
Old_Town_Hall_(Prague),190045,0,commons/Wölflinův_dům_(Old_Town_Hall)/0/pictures/Staroměstské-náměstí2013a.jpg
Old_Town_Hall_(Prague),190045,0,commons/Views_of_Old_Town_in_Prague_from_Old_Town_Hall_Tower/0/pictures/View_of_Prague_from_the_top_of_the_Old_Town_Hall_Tower_(13)_(26262794376).jpg
Old_Town_Hall_(Prague),190045,0,commons/Old_Town_Hall_(Prague)/0/pictures/Pamětní_deska_bitvy_u_Dukly_na_Staroměstské_radnici_v_Praze_(Q64816282).jpg
Old_Town_Hall_(Prague),190045,0,commons/Views_of_Prague_from_Old_Town_Hall_Tower/0/pictures/KAM_7741_(10174153923).jpg
Old_Town_Hall_(Prague),190045,0,commons/Renovation_of_the_Old_Town_Hall_Tower_(Prague)/0/pictures/Rekonstrukce_Staroměstské_radnice_1AAJ5561.jpg
Old_Town_Hall_(Prague),190045,0,commons/Wölflinův_dům_(Old_Town_Hall)/0/pictures/Пражскія_вуліцы_13.JPG
Old_Town_Hall_(Prague),190045,0,commons/Views_of_Old_Town_in_Prague_from_Old_Town_Hall_Tower/0/pictures/View_of_Prague_from_the_top_of_the_Old_Town_Hall_Tower_(2)_(25684664814).jpg
Old_Town_Hall_(Prague),190045,0,"commons/Old_Town_Hall_(Prague)/0/pictures/Praag._Oude_Stad_de_middeleeuwse_stadhuistoren_met_kapel_en_rechts_daarvan_de_r,_Bestanddeelnr_920-1506.jpg"
Old_Town_Hall_(Prague),190045,0,"commons/Old_Town_Hall_(Prague)/0/pictures/Praha,_Staroměstské_náměstí,_2020_(07).jpg"
Old_Town_Hall_(Prague),190045,0,commons/Views_of_Prague_Castle_from_Old_Town_Hall_Tower/0/pictures/Prague_et_la_cathédrale_Saint_Guy_(3).jpg
Old_Town_Hall_(Prague),190045,0,commons/Wölflinův_dům_(Old_Town_Hall)/0/pictures/Staroměstská_radnice-Praha2010b.jpg
Old_Town_Hall_(Prague),190045,0,commons/Renovation_of_the_Old_Town_Hall_Tower_(Prague)/0/pictures/Rekonstrukce_Staroměstské_radnice_1AAJ4170.jpg
Old_Town_Hall_(Prague),190045,0,commons/Renovation_of_the_Old_Town_Hall_Tower_(Prague)/0/pictures/Rekonstrukce_Staroměstské_radnice_1AAO6376.jpg
Old_Town_Hall_(Prague),190045,0,commons/Views_of_Prague_from_Old_Town_Hall_Tower/0/pictures/Vánoční_Praha_2011_(14).jpg
Old_Town_Hall_(Prague),190045,0,commons/Renovation_of_the_Old_Town_Hall_Tower_(Prague)/0/pictures/Rekonstrukce_Staroměstské_radnice_1AAJ8920.jpg
Old_Town_Hall_(Prague),190045,0,commons/Renovation_of_the_Old_Town_Hall_Tower_(Prague)/0/pictures/Rekonstrukce_Staroměstské_radnice_1AAB5826.jpg
Old_Town_Hall_(Prague),190045,0,commons/Renovation_of_the_Old_Town_Hall_Tower_(Prague)/0/pictures/Rekonstrukce_Staroměstské_radnice_1AAP6865.jpg
Old_Town_Hall_(Prague),190045,0,commons/Renovation_of_the_Old_Town_Hall_Tower_(Prague)/0/pictures/Rekonstrukce_Staroměstské_radnice_1AAO0011.jpg
Old_Town_Hall_(Prague),190045,0,commons/Views_of_Prague_from_Old_Town_Hall_Tower/0/pictures/20190816_Widok_na_Pragę_z_wieży_ratusza_0943_5192.jpg
Old_Town_Hall_(Prague),190045,0,commons/Old_Town_Hall_(Prague)/0/pictures/Staroměstská_radnice_a_Týnský_chrám.jpg
Old_Town_Hall_(Prague),190045,0,commons/Old_Town_Hall_Tower_(Prague)/0/pictures/Vánoce_Praha_2014_9.jpg
Old_Town_Hall_(Prague),190045,0,commons/Wölflinův_dům_(Old_Town_Hall)/0/pictures/Vánoce_Praha_2014_8.jpg
Old_Town_Hall_(Prague),190045,0,commons/Views_of_Old_Town_in_Prague_from_Old_Town_Hall_Tower/0/pictures/View_of_Prague_from_the_top_of_the_Old_Town_Hall_Tower_(16)_(25685758953).jpg
Old_Town_Hall_(Prague),190045,0,commons/Old_Town_Hall_(Prague)/0/pictures/Prag_Altstädter_Rathaus_01.jpg
Old_Town_Hall_(Prague),190045,0,commons/Renovation_of_the_Old_Town_Hall_Tower_(Prague)/0/pictures/Rekonstrukce_Staroměstské_radnice_1AAB5822.jpg
Old_Town_Hall_(Prague),190045,0,commons/Backside_of_Old_Town_Hall_(Prague)/0/pictures/Prague_(34438281801).jpg
Old_Town_Hall_(Prague),190045,0,commons/Renovation_of_the_Old_Town_Hall_Tower_(Prague)/0/pictures/Rekonstrukce_Staroměstské_radnice_1AAO0012.jpg
Old_Town_Hall_(Prague),190045,0,commons/Views_of_Prague_from_Old_Town_Hall_Tower/0/pictures/20190816_Widok_na_Pragę_z_wieży_ratusza_0943_5190.jpg
Old_Town_Hall_(Prague),190045,0,"commons/Old_Town_Hall_(Prague)/0/pictures/Staroměstská_radnice_in_Prague,_2018_(2).jpg"
Old_Town_Hall_(Prague),190045,0,commons/Renovation_of_the_Old_Town_Hall_Tower_(Prague)/0/pictures/Rekonstrukce_Staroměstské_radnice_1AAJ5397.jpg
Old_Town_Hall_(Prague),190045,0,commons/Interior_of_Old_Town_Hall_(Prague)/0/pictures/20190204_OldTownHall_3806_(47463517841).jpg
Old_Town_Hall_(Prague),190045,0,commons/Renovation_of_the_Old_Town_Hall_Tower_(Prague)/0/pictures/Rekonstrukce_Staroměstské_radnice_1AAO3007.jpg
Old_Town_Hall_(Prague),190045,0,commons/Renovation_of_the_Old_Town_Hall_Tower_(Prague)/0/pictures/Rekonstrukce_Staroměstské_radnice_1AAQ2320.jpg
Old_Town_Hall_(Prague),190045,0,commons/Renovation_of_the_Old_Town_Hall_Tower_(Prague)/0/pictures/Rekonstrukce_Staroměstské_radnice_1AAB1962.jpg
Old_Town_Hall_(Prague),190045,0,commons/Backside_of_Old_Town_Hall_(Prague)/0/pictures/20190204_OldTown_9491_(40497314583).jpg
Old_Town_Hall_(Prague),190045,0,commons/Backside_of_Old_Town_Hall_(Prague)/0/pictures/Old_Town_Square_-_panorama_3.jpg
Old_Town_Hall_(Prague),190045,0,commons/Renovation_of_the_Old_Town_Hall_Tower_(Prague)/0/pictures/Rekonstrukce_Staroměstské_radnice_1AAO0005.jpg
Old_Town_Hall_(Prague),190045,0,"commons/Old_Town_Hall_Tower_(Prague)/0/pictures/150915_Altstädter_Rathaus,_Prag.jpg"
Old_Town_Hall_(Prague),190045,0,commons/Renovation_of_the_Old_Town_Hall_Tower_(Prague)/0/pictures/Rekonstrukce_Staroměstské_radnice_1AAJ5703.jpg
Old_Town_Hall_(Prague),190045,0,commons/Views_of_Prague_Castle_from_Old_Town_Hall_Tower/0/pictures/Prag_Rathaus_Panorama.JPG
Old_Town_Hall_(Prague),190045,0,commons/Old_Town_Hall_(Prague)/0/pictures/Prague_Town_Hall_Clock_2021_14.jpg
Old_Town_Hall_(Prague),190045,0,"commons/Wölflinův_dům_(Old_Town_Hall)/0/pictures/Praha,_Staroměstské_náměstí,_radnice_(1).JPG"
Old_Town_Hall_(Prague),190045,0,commons/Renovation_of_the_Old_Town_Hall_Tower_(Prague)/0/pictures/Rekonstrukce_Staroměstské_radnice_1AAJ4119.jpg
Old_Town_Hall_(Prague),190045,0,commons/Renovation_of_the_Old_Town_Hall_Tower_(Prague)/0/pictures/Rekonstrukce_Staroměstské_radnice_1AAO9775.jpg
Old_Town_Hall_(Prague),190045,0,commons/Interior_of_Old_Town_Hall_(Prague)/0/pictures/20190204_OldTownHall_3803_(32521637677).jpg
Old_Town_Hall_(Prague),190045,0,commons/Renovation_of_the_Old_Town_Hall_Tower_(Prague)/0/pictures/Rekonstrukce_Staroměstské_radnice_1AAB5786.jpg
Old_Town_Hall_(Prague),190045,0,commons/2017-2018_Reconstruction_of_Old_Town_Hall/0/pictures/PragueTownHallRenovations.jpg
Old_Town_Hall_(Prague),190045,0,commons/Renovation_of_the_Old_Town_Hall_Tower_(Prague)/0/pictures/Rekonstrukce_Staroměstské_radnice_1AAO9764.jpg
Old_Town_Hall_(Prague),190045,0,commons/Interior_of_Old_Town_Hall_(Prague)/0/pictures/20190204_OldTownHall_3801_(32521636837).jpg
Old_Town_Hall_(Prague),190045,0,commons/Renovation_of_the_Old_Town_Hall_Tower_(Prague)/0/pictures/Rekonstrukce_Staroměstské_radnice_1AAB6680.jpg
Old_Town_Hall_(Prague),190045,0,commons/2017-2018_Reconstruction_of_Old_Town_Hall/0/pictures/Praha_Staromestska_radnice_rekonstrukce_orloje.jpg
Old_Town_Hall_(Prague),190045,0,commons/Renovation_of_the_Old_Town_Hall_Tower_(Prague)/0/pictures/Rekonstrukce_Staroměstské_radnice_1AAA0329.jpg
Old_Town_Hall_(Prague),190045,0,commons/Old_Town_Hall_Tower_(Prague)/0/pictures/13-03-30-praha-by-RalfR-028.jpg
Old_Town_Hall_(Prague),190045,0,commons/Views_of_Prague_from_Old_Town_Hall_Tower/0/pictures/Old_Town_Square.jpg
Old_Town_Hall_(Prague),190045,0,commons/Renovation_of_the_Old_Town_Hall_Tower_(Prague)/0/pictures/Rekonstrukce_Staroměstské_radnice_1AAJ5678.jpg
Old_Town_Hall_(Prague),190045,0,commons/Views_of_Prague_from_Old_Town_Hall_Tower/0/pictures/Notre_Dame_de_Tyn.jpg
Old_Town_Hall_(Prague),190045,0,commons/Old_Town_Hall_Tower_(Prague)/0/pictures/026_Staroměstská_Radnice_(Ajuntament_de_la_Ciutat_Vella).jpg
Old_Town_Hall_(Prague),190045,0,commons/Renovation_of_the_Old_Town_Hall_Tower_(Prague)/0/pictures/Rekonstrukce_Staroměstské_radnice_1AAJ5608.jpg
Old_Town_Hall_(Prague),190045,0,commons/Views_of_Old_Town_in_Prague_from_Old_Town_Hall_Tower/0/pictures/View_of_Prague_from_the_top_of_the_Old_Town_Hall_Tower_(5)_(26016435830).jpg
Old_Town_Hall_(Prague),190045,0,commons/Old_Town_Hall_(Prague)/0/pictures/Prag_–_Altstädter_Rathaus_bei_Nacht_-_Staroměstská_radnice_v_noci_-_panoramio.jpg
Old_Town_Hall_(Prague),190045,0,"commons/Old_Town_Hall_(Prague)/0/pictures/Praha,_Staroměstské_náměstí,_2021_(04).jpg"
Old_Town_Hall_(Prague),190045,0,commons/Renovation_of_the_Old_Town_Hall_Tower_(Prague)/0/pictures/Rekonstrukce_Staroměstské_radnice_1AAO6382.jpg
Old_Town_Hall_(Prague),190045,0,commons/Renovation_of_the_Old_Town_Hall_Tower_(Prague)/0/pictures/Rekonstrukce_Staroměstské_radnice_1AAB5897.jpg
Old_Town_Hall_(Prague),190045,0,commons/Backside_of_Old_Town_Hall_(Prague)/0/pictures/Prague_2006-11_012.jpg
Old_Town_Hall_(Prague),190045,0,commons/Renovation_of_the_Old_Town_Hall_Tower_(Prague)/0/pictures/Rekonstrukce_Staroměstské_radnice_1AAO0022.jpg
Old_Town_Hall_(Prague),190045,0,commons/Views_of_Prague_from_Old_Town_Hall_Tower/0/pictures/Lascar_View_of_the_Old_Town_Square_and_St._Nicholas_church_from_the_Old_Town_Hall_(4504603932).jpg
Old_Town_Hall_(Prague),190045,0,"commons/Old_Town_Hall_Tower_(Prague)/0/pictures/034_Cursa_popular_a_la_plaça_de_la_Ciutat_Vella,_torre_de_l'Ajuntament.jpg"
Old_Town_Hall_(Prague),190045,0,commons/Renovation_of_the_Old_Town_Hall_Tower_(Prague)/0/pictures/Rekonstrukce_Staroměstské_radnice_1AAJ5621.jpg
Old_Town_Hall_(Prague),190045,0,commons/Old_Town_Hall_Tower_(Prague)/0/pictures/Пражскія_вуліцы_12.JPG
Old_Town_Hall_(Prague),190045,0,commons/Views_of_Old_Town_in_Prague_from_Old_Town_Hall_Tower/0/pictures/View_of_Prague_from_the_top_of_the_Old_Town_Hall_Tower_(6)_(26016373470).jpg
Old_Town_Hall_(Prague),190045,0,"commons/Old_Town_Hall_(Prague)/0/pictures/Prag,_Altstädter_Rathaus_--_2019_--_6755.jpg"
Old_Town_Hall_(Prague),190045,0,commons/Renovation_of_the_Old_Town_Hall_Tower_(Prague)/0/pictures/Rekonstrukce_Staroměstské_radnice_1AAJ3982.jpg
Old_Town_Hall_(Prague),190045,0,"commons/Old_Town_Hall_(Prague)/0/pictures/Praha,_Staroměstské_náměstí,_2020_(20).jpg"
Old_Town_Hall_(Prague),190045,0,"commons/Views_of_Prague_Castle_from_Old_Town_Hall_Tower/0/pictures/View_from_Old_Town_Hall,_Prague,_Czech_Republic.jpg"
Old_Town_Hall_(Prague),190045,0,"commons/Old_Town_Hall_Tower_(Prague)/0/pictures/Praha_-Prague_(Praha,_CZ)_-_Karlsplatz_(Karlovo_nám)_(tone-mapping)(tone-mapping).jpg"
Old_Town_Hall_(Prague),190045,0,commons/Renovation_of_the_Old_Town_Hall_Tower_(Prague)/0/pictures/Rekonstrukce_Staroměstské_radnice_1AAP6880.jpg
Old_Town_Hall_(Prague),190045,0,commons/Backside_of_Old_Town_Hall_(Prague)/0/pictures/Prague_2006-11_017.jpg
Old_Town_Hall_(Prague),190045,0,commons/Renovation_of_the_Old_Town_Hall_Tower_(Prague)/0/pictures/Rekonstrukce_Staroměstské_radnice_1AAO0023.jpg
Old_Town_Hall_(Prague),190045,0,commons/Views_of_Prague_from_Old_Town_Hall_Tower/0/pictures/Blick_v_Altstädter_Rathaus_a_südl_Neustadt.jpg
Old_Town_Hall_(Prague),190045,0,commons/Old_Town_Hall_(Prague)/0/pictures/View_from_Old_Town_Hall_in_Prague.jpg
Old_Town_Hall_(Prague),190045,0,commons/Renovation_of_the_Old_Town_Hall_Tower_(Prague)/0/pictures/Rekonstrukce_Staroměstské_radnice_1AAJ5472.jpg
Old_Town_Hall_(Prague),190045,0,commons/Views_of_Old_Town_in_Prague_from_Old_Town_Hall_Tower/0/pictures/View_of_Prague_from_the_top_of_the_Old_Town_Hall_Tower_(7)_(26263225486).jpg
Old_Town_Hall_(Prague),190045,0,"commons/Old_Town_Hall_(Prague)/0/pictures/Prag,_Altstädter_Rathaus_--_2019_--_6723.jpg"
Old_Town_Hall_(Prague),190045,0,"commons/Old_Town_Hall_(Prague)/0/pictures/Praha,_Staroměstské_náměstí,_2020_(19).jpg"
Old_Town_Hall_(Prague),190045,0,commons/Views_of_Prague_Castle_from_Old_Town_Hall_Tower/0/pictures/View_of_Prague_from_the_top_of_the_Old_Town_Hall_Tower_(14)_(25685857413).jpg
Old_Town_Hall_(Prague),190045,0,commons/Renovation_of_the_Old_Town_Hall_Tower_(Prague)/0/pictures/Rekonstrukce_Staroměstské_radnice_1AAO6386.jpg
Old_Town_Hall_(Prague),190045,0,commons/Renovation_of_the_Old_Town_Hall_Tower_(Prague)/0/pictures/Rekonstrukce_Staroměstské_radnice_1AAQ4680.jpg
Old_Town_Hall_(Prague),190045,0,commons/Renovation_of_the_Old_Town_Hall_Tower_(Prague)/0/pictures/Rekonstrukce_Staroměstské_radnice_1AAB5856.jpg
Old_Town_Hall_(Prague),190045,0,commons/Old_Town_Hall_Tower_(Prague)/0/pictures/Praha_6_(105977441).jpeg
Old_Town_Hall_(Prague),190045,0,commons/Renovation_of_the_Old_Town_Hall_Tower_(Prague)/0/pictures/Rekonstrukce_Staroměstské_radnice_1AAP6881.jpg
Old_Town_Hall_(Prague),190045,0,commons/Views_of_the_Church_of_Our_Lady_in_front_of_Týn_from_the_Old_Town_Hall/0/pictures/Prague_07-2016_View_from_Old_Town_Hall_Tower_img3.jpg
Old_Town_Hall_(Prague),190045,0,commons/Backside_of_Old_Town_Hall_(Prague)/0/pictures/Prague_(7252292420).jpg
Old_Town_Hall_(Prague),190045,0,commons/Renovation_of_the_Old_Town_Hall_Tower_(Prague)/0/pictures/Rekonstrukce_Staroměstské_radnice_1AAO0025.jpg
Old_Town_Hall_(Prague),190045,0,commons/Renovation_of_the_Old_Town_Hall_Tower_(Prague)/0/pictures/Rekonstrukce_Staroměstské_radnice_1AAA2223.jpg
Old_Town_Hall_(Prague),190045,0,commons/Views_of_Prague_from_Old_Town_Hall_Tower/0/pictures/CZ-prag-altst-ring-teyn-turm-3.jpg
Old_Town_Hall_(Prague),190045,0,commons/Old_Town_Hall_(Prague)/0/pictures/Views_of_Prague_from_Church_of_Our_Lady_in_front_of_Týn_tower1.jpg
Old_Town_Hall_(Prague),190045,0,commons/Renovation_of_the_Old_Town_Hall_Tower_(Prague)/0/pictures/Rekonstrukce_Staroměstské_radnice_1AAJ5479.jpg
Old_Town_Hall_(Prague),190045,0,commons/Views_of_Prague_from_Old_Town_Hall_Tower/0/pictures/Old_Town_Square_-_panorama.jpg
Old_Town_Hall_(Prague),190045,0,"commons/Old_Town_Hall_Tower_(Prague)/0/pictures/038_Celetná_Ulice,_casa_Sixt_i_torre_de_l'Ajuntament.jpg"
Old_Town_Hall_(Prague),190045,0,commons/Renovation_of_the_Old_Town_Hall_Tower_(Prague)/0/pictures/Rekonstrukce_Staroměstské_radnice_1AAJ5643.jpg
Old_Town_Hall_(Prague),190045,0,commons/Renovation_of_the_Old_Town_Hall_Tower_(Prague)/0/pictures/Rekonstrukce_Staroměstské_radnice_1AAQ4693.jpg
Old_Town_Hall_(Prague),190045,0,commons/Renovation_of_the_Old_Town_Hall_Tower_(Prague)/0/pictures/Rekonstrukce_Staroměstské_radnice_1AAB5978.jpg
Old_Town_Hall_(Prague),190045,0,"commons/Backside_of_Old_Town_Hall_(Prague)/0/pictures/Prague,_Old_Town_Square,_ice_hokey_crowds.jpg"
Old_Town_Hall_(Prague),190045,0,commons/Renovation_of_the_Old_Town_Hall_Tower_(Prague)/0/pictures/Rekonstrukce_Staroměstské_radnice_1AAO0218.jpg
Old_Town_Hall_(Prague),190045,0,commons/Old_Town_Hall_Tower_(Prague)/0/pictures/Пражскія_вуліцы_13.JPG
Old_Town_Hall_(Prague),190045,0,commons/Views_of_Old_Town_in_Prague_from_Old_Town_Hall_Tower/0/pictures/View_of_Prague_from_the_top_of_the_Old_Town_Hall_Tower_(8)_(26222850471).jpg
Old_Town_Hall_(Prague),190045,0,commons/Old_Town_Hall_(Prague)/0/pictures/Prag4.JPG
Old_Town_Hall_(Prague),190045,0,"commons/Old_Town_Hall_(Prague)/0/pictures/Praha,_Staroměstské_náměstí,_2021_(09).jpg"
Old_Town_Hall_(Prague),190045,0,commons/Views_of_Prague_Castle_from_Old_Town_Hall_Tower/0/pictures/Vánoční_Praha_2011_(16).jpg
Old_Town_Hall_(Prague),190045,0,commons/Renovation_of_the_Old_Town_Hall_Tower_(Prague)/0/pictures/Rekonstrukce_Staroměstské_radnice_1AAO0220.jpg
Old_Town_Hall_(Prague),190045,0,commons/Old_Town_Hall_Tower_(Prague)/0/pictures/Пражскія_вуліцы_18.JPG
Old_Town_Hall_(Prague),190045,0,commons/Views_of_Old_Town_in_Prague_from_Old_Town_Hall_Tower/0/pictures/View_of_Prague_from_the_top_of_the_Old_Town_Hall_Tower_(9)_(25686314313).jpg
Old_Town_Hall_(Prague),190045,0,"commons/Old_Town_Hall_(Prague)/0/pictures/Praga,_Plaza_de_la_Ciudad_Vieja_1988_20.jpg"
Old_Town_Hall_(Prague),190045,0,"commons/Old_Town_Hall_(Prague)/0/pictures/Praha,_Staroměstské_náměstí,_2021_(08).jpg"
Old_Town_Hall_(Prague),190045,0,commons/Views_of_Prague_from_Old_Town_Hall_Tower/0/pictures/20190204_OldTownHall_3806_(47463517841).jpg
Old_Town_Hall_(Prague),190045,0,commons/Renovation_of_the_Old_Town_Hall_Tower_(Prague)/0/pictures/Rekonstrukce_Staroměstské_radnice_1AAO0222.jpg
Old_Town_Hall_(Prague),190045,0,commons/Old_Town_Hall_Tower_(Prague)/0/pictures/Пражскія_вуліцы_23.JPG
Old_Town_Hall_(Prague),190045,0,commons/Views_of_Old_Town_in_Prague_from_Old_Town_Hall_Tower/0/pictures/Z_veze_staromestskej_radnice_-_panoramio.jpg
Old_Town_Hall_(Prague),190045,0,"commons/Old_Town_Hall_(Prague)/0/pictures/Praga,_Plaza_de_la_Ciudad_Vieja_1988_21.jpg"
Old_Town_Hall_(Prague),190045,0,commons/Old_Town_Hall_Tower_(Prague)/0/pictures/Пражскія_вуліцы_26.JPG
Old_Town_Hall_(Prague),190045,0,commons/Views_of_Old_Town_in_Prague_from_Old_Town_Hall_Tower/0/pictures/Zicht_vanaf_de_Kloktorentoren_-_panoramio.jpg
Old_Town_Hall_(Prague),190045,0,"commons/Old_Town_Hall_(Prague)/0/pictures/Praha,_Staroměstské_náměstí,_2021_(11).jpg"
Old_Town_Hall_(Prague),190045,0,commons/Views_of_Prague_from_Old_Town_Hall_Tower/0/pictures/20190204_OldTownView_3818_(33586992018).jpg
Old_Town_Hall_(Prague),190045,0,commons/Old_Town_Hall_Tower_(Prague)/0/pictures/Рождественская_ярмарка_на_Староместской_площади._Фото_4.jpg
Old_Town_Hall_(Prague),190045,0,commons/Views_of_Old_Town_in_Prague_from_Old_Town_Hall_Tower/0/pictures/Église_Saint_Nicolas_(Staré_Město)_et_rue_de_Paris.jpg
Old_Town_Hall_(Prague),190045,0,"commons/Old_Town_Hall_(Prague)/0/pictures/Praha,_Staroměstské_náměstí,_2021_(15).jpg"
Old_Town_Hall_(Prague),190045,0,"commons/Old_Town_Hall_Tower_(Prague)/0/pictures/017_Staroměstské_Náměstí,_torre_de_l'Ajuntament_i_església_de_Týn.jpg"
Old_Town_Hall_(Prague),190045,0,commons/Views_of_Prague_from_Old_Town_Hall_Tower/0/pictures/Church_of_St._Nicolas._Prague._Czech_Republic._Церковь_Святого_Николая._Прага._Чехия_-_panoramio_(1).jpg
Old_Town_Hall_(Prague),190045,0,commons/Renovation_of_the_Old_Town_Hall_Tower_(Prague)/0/pictures/Rekonstrukce_Staroměstské_radnice_1AAJ5532.jpg
Old_Town_Hall_(Prague),190045,0,commons/Renovation_of_the_Old_Town_Hall_Tower_(Prague)/0/pictures/Rekonstrukce_Staroměstské_radnice_1AAA0073.jpg
Old_Town_Hall_(Prague),190045,0,commons/Renovation_of_the_Old_Town_Hall_Tower_(Prague)/0/pictures/Rekonstrukce_Staroměstské_radnice_1AAA0094.jpg
Old_Town_Hall_(Prague),190045,0,commons/Renovation_of_the_Old_Town_Hall_Tower_(Prague)/0/pictures/Rekonstrukce_Staroměstské_radnice_1AAA0098.jpg
Old_Town_Hall_(Prague),190045,0,commons/Views_of_Prague_from_Old_Town_Hall_Tower/0/pictures/20190204_OldTownView_3840_(32521657167).jpg
Old_Town_Hall_(Prague),190045,0,"commons/Old_Town_Hall_(Prague)/0/pictures/Praha,_Staroměstské_náměstí,_2022_(01).jpg"
Old_Town_Hall_(Prague),190045,0,commons/Renovation_of_the_Old_Town_Hall_Tower_(Prague)/0/pictures/Rekonstrukce_Staroměstské_radnice_1AAJ5359.jpg
Old_Town_Hall_(Prague),190045,0,commons/Old_Town_Hall_Tower_(Prague)/0/pictures/13-03-30-praha-by-RalfR-027.jpg
Old_Town_Hall_(Prague),190045,0,commons/Views_of_Prague_from_Old_Town_Hall_Tower/0/pictures/Old_town_square.jpg
Old_Town_Hall_(Prague),190045,0,commons/Renovation_of_the_Old_Town_Hall_Tower_(Prague)/0/pictures/Rekonstrukce_Staroměstské_radnice_1AAJ5663.jpg
Old_Town_Hall_(Prague),190045,0,commons/Renovation_of_the_Old_Town_Hall_Tower_(Prague)/0/pictures/Rekonstrukce_Staroměstské_radnice_1AAA1986.jpg
Old_Town_Hall_(Prague),190045,0,commons/Renovation_of_the_Old_Town_Hall_Tower_(Prague)/0/pictures/Rekonstrukce_Staroměstské_radnice_1AAA2485.jpg
Old_Town_Hall_(Prague),190045,0,commons/Views_of_Prague_from_Old_Town_Hall_Tower/0/pictures/Church_of_St._Nicolas._Prague._Czech_Republic._Церковь_Святого_Николая._Прага._Чехия_-_panoramio_(2).jpg
Old_Town_Hall_(Prague),190045,0,commons/Renovation_of_the_Old_Town_Hall_Tower_(Prague)/0/pictures/Rekonstrukce_Staroměstské_radnice_1AAJ5521.jpg
Old_Town_Hall_(Prague),190045,0,commons/Renovation_of_the_Old_Town_Hall_Tower_(Prague)/0/pictures/Rekonstrukce_Staroměstské_radnice_1AAO6668.jpg
Old_Town_Hall_(Prague),190045,0,commons/Views_of_Prague_from_Old_Town_Hall_Tower/0/pictures/Dum_U_Kamenneho_zvonu.jpg
Old_Town_Hall_(Prague),190045,0,commons/Renovation_of_the_Old_Town_Hall_Tower_(Prague)/0/pictures/Rekonstrukce_Staroměstské_radnice_1AAJ5542.jpg
Old_Town_Hall_(Prague),190045,0,"commons/Views_of_Prague_from_Old_Town_Hall_Tower/0/pictures/Old_Town_Hall_Square,Prague-_View_from_the_Town_Hall_Tower_.jpg"
Old_Town_Hall_(Prague),190045,0,"commons/Old_Town_Hall_Tower_(Prague)/0/pictures/036_Plaça_de_la_Ciutat_Vella,_torre_i_capella_de_l'Ajuntament.jpg"
Old_Town_Hall_(Prague),190045,0,commons/Renovation_of_the_Old_Town_Hall_Tower_(Prague)/0/pictures/Rekonstrukce_Staroměstské_radnice_1AAJ5622.jpg
Old_Town_Hall_(Prague),190045,0,commons/Renovation_of_the_Old_Town_Hall_Tower_(Prague)/0/pictures/Rekonstrukce_Staroměstské_radnice_1AAA5428.jpg
Old_Town_Hall_(Prague),190045,0,commons/Views_of_Prague_from_Old_Town_Hall_Tower/0/pictures/Old_Town_Square-Prague-2.jpg
Old_Town_Hall_(Prague),190045,0,"commons/Old_Town_Hall_Tower_(Prague)/0/pictures/041_Cursa_popular_a_la_plaça_de_la_Ciutat_Vella,_torre_de_l'Ajuntament.jpg"
Old_Town_Hall_(Prague),190045,0,commons/Renovation_of_the_Old_Town_Hall_Tower_(Prague)/0/pictures/Rekonstrukce_Staroměstské_radnice_1AAJ5657.jpg
Old_Town_Hall_(Prague),190045,0,commons/Renovation_of_the_Old_Town_Hall_Tower_(Prague)/0/pictures/Rekonstrukce_Staroměstské_radnice_1AAQ0825.jpg
Old_Town_Hall_(Prague),190045,0,commons/Renovation_of_the_Old_Town_Hall_Tower_(Prague)/0/pictures/Rekonstrukce_Staroměstské_radnice_1AAA5439.jpg
Old_Town_Hall_(Prague),190045,0,commons/Renovation_of_the_Old_Town_Hall_Tower_(Prague)/0/pictures/Rekonstrukce_Staroměstské_radnice_1AAA5445.jpg
Old_Town_Hall_(Prague),190045,0,commons/Views_of_Prague_from_Old_Town_Hall_Tower/0/pictures/OldTownSquarePraha.JPG
Old_Town_Hall_(Prague),190045,0,commons/Renovation_of_the_Old_Town_Hall_Tower_(Prague)/0/pictures/Rekonstrukce_Staroměstské_radnice_1AAJ5671.jpg
Old_Town_Hall_(Prague),190045,0,commons/Views_of_Prague_from_Old_Town_Hall_Tower/0/pictures/PRAHA_-_panoramio_-_Nikolai_Karaneschev_(1).jpg
Old_Town_Hall_(Prague),190045,0,commons/Renovation_of_the_Old_Town_Hall_Tower_(Prague)/0/pictures/Rekonstrukce_Staroměstské_radnice_1AAJ5683.jpg
Old_Town_Hall_(Prague),190045,0,commons/Views_of_Prague_from_Old_Town_Hall_Tower/0/pictures/People_on_Old_Town_Square_2.jpg
Old_Town_Hall_(Prague),190045,0,commons/Renovation_of_the_Old_Town_Hall_Tower_(Prague)/0/pictures/Rekonstrukce_Staroměstské_radnice_1AAJ5697.jpg
Old_Town_Hall_(Prague),190045,0,commons/Backside_of_Old_Town_Hall_(Prague)/0/pictures/Staroměstská_radnice_-_Praha.jpg
Old_Town_Hall_(Prague),190045,0,commons/Renovation_of_the_Old_Town_Hall_Tower_(Prague)/0/pictures/Rekonstrukce_Staroměstské_radnice_1AAO0238.jpg
Old_Town_Hall_(Prague),190045,0,commons/Renovation_of_the_Old_Town_Hall_Tower_(Prague)/0/pictures/Rekonstrukce_Staroměstské_radnice_1AAO0240.jpg
Old_Town_Hall_(Prague),190045,0,commons/Backside_of_Old_Town_Hall_(Prague)/0/pictures/Rynek_praga_wisnia6522.jpg
Old_Town_Hall_(Prague),190045,0,commons/Renovation_of_the_Old_Town_Hall_Tower_(Prague)/0/pictures/Rekonstrukce_Staroměstské_radnice_1AAO0249.jpg
Old_Town_Hall_(Prague),190045,0,commons/Renovation_of_the_Old_Town_Hall_Tower_(Prague)/0/pictures/Rekonstrukce_Staroměstské_radnice_1AAQ4715.jpg
Old_Town_Hall_(Prague),190045,0,commons/Renovation_of_the_Old_Town_Hall_Tower_(Prague)/0/pictures/Rekonstrukce_Staroměstské_radnice_1AAB6055.jpg
Old_Town_Hall_(Prague),190045,0,commons/Renovation_of_the_Old_Town_Hall_Tower_(Prague)/0/pictures/Rekonstrukce_Staroměstské_radnice_1AAO0243.jpg
Old_Town_Hall_(Prague),190045,0,commons/Renovation_of_the_Old_Town_Hall_Tower_(Prague)/0/pictures/Rekonstrukce_Staroměstské_radnice_1AAB6030.jpg
Old_Town_Hall_(Prague),190045,0,commons/Renovation_of_the_Old_Town_Hall_Tower_(Prague)/0/pictures/Rekonstrukce_Staroměstské_radnice_1AAO0261.jpg
Old_Town_Hall_(Prague),190045,0,commons/Renovation_of_the_Old_Town_Hall_Tower_(Prague)/0/pictures/Rekonstrukce_Staroměstské_radnice_1AAB6091.jpg
Old_Town_Hall_(Prague),190045,0,commons/Renovation_of_the_Old_Town_Hall_Tower_(Prague)/0/pictures/Rekonstrukce_Staroměstské_radnice_1AAB6082.jpg
Old_Town_Hall_(Prague),190045,0,commons/Renovation_of_the_Old_Town_Hall_Tower_(Prague)/0/pictures/Rekonstrukce_Staroměstské_radnice_1AAO0266.jpg
Old_Town_Hall_(Prague),190045,0,commons/Renovation_of_the_Old_Town_Hall_Tower_(Prague)/0/pictures/Rekonstrukce_Staroměstské_radnice_1AAB6068.jpg
Old_Town_Hall_(Prague),190045,0,commons/Backside_of_Old_Town_Hall_(Prague)/0/pictures/Torre_del_Ayuntamiento.JPG
Old_Town_Hall_(Prague),190045,0,commons/Renovation_of_the_Old_Town_Hall_Tower_(Prague)/0/pictures/Rekonstrukce_Staroměstské_radnice_1AAO0285.jpg
Old_Town_Hall_(Prague),190045,0,commons/Views_of_the_Church_of_Our_Lady_in_front_of_Týn_from_the_Old_Town_Hall/0/pictures/View_of_Church_of_Our_Lady_in_front_of_Týn_from_Old_Town_Hall_01.jpg
Old_Town_Hall_(Prague),190045,0,commons/Renovation_of_the_Old_Town_Hall_Tower_(Prague)/0/pictures/Rekonstrukce_Staroměstské_radnice_1AAB6419.jpg
Old_Town_Hall_(Prague),190045,0,commons/Renovation_of_the_Old_Town_Hall_Tower_(Prague)/0/pictures/Rekonstrukce_Staroměstské_radnice_1AAB6491.jpg
Old_Town_Hall_(Prague),190045,0,commons/Views_of_the_Church_of_Our_Lady_in_front_of_Týn_from_the_Old_Town_Hall/0/pictures/Тынский_храм_в_Праге.jpg
Old_Town_Hall_(Prague),190045,0,commons/Views_of_the_Church_of_Saint_Nicholas_from_the_Old_Town_Hall/0/pictures/20190204_OldTownSq_9449_(46740301314).jpg
Old_Town_Hall_(Prague),190045,0,commons/Renovation_of_the_Old_Town_Hall_Tower_(Prague)/0/pictures/Rekonstrukce_Staroměstské_radnice_1AAB6537.jpg
Old_Town_Hall_(Prague),190045,0,commons/Renovation_of_the_Old_Town_Hall_Tower_(Prague)/0/pictures/Rekonstrukce_Staroměstské_radnice_1AAB6495.jpg
Old_Town_Hall_(Prague),190045,0,commons/Renovation_of_the_Old_Town_Hall_Tower_(Prague)/0/pictures/Rekonstrukce_Staroměstské_radnice_1AAB6577.jpg
Old_Town_Hall_(Prague),190045,0,commons/Views_of_the_Church_of_Saint_Nicholas_from_the_Old_Town_Hall/0/pictures/20190204_OldTownView_3849_(46548198025).jpg
Old_Town_Hall_(Prague),190045,0,commons/Renovation_of_the_Old_Town_Hall_Tower_(Prague)/0/pictures/Rekonstrukce_Staroměstské_radnice_1AAB6580.jpg
Old_Town_Hall_(Prague),190045,0,commons/Renovation_of_the_Old_Town_Hall_Tower_(Prague)/0/pictures/Rekonstrukce_Staroměstské_radnice_1AAB6659.jpg
Old_Town_Hall_(Prague),190045,0,commons/Renovation_of_the_Old_Town_Hall_Tower_(Prague)/0/pictures/Rekonstrukce_Staroměstské_radnice_1AAB6666.jpg
Old_Town_Hall_(Prague),190045,0,commons/Renovation_of_the_Old_Town_Hall_Tower_(Prague)/0/pictures/Rekonstrukce_Staroměstské_radnice_1AAB6798.jpg
Old_Town_Hall_(Prague),190045,0,"commons/Old_Town_Hall_Tower_(Prague)/0/pictures/Staroměstská_radnice,_socha_na_kapli_(03).jpg"
Old_Town_Hall_(Prague),190045,0,commons/Renovation_of_the_Old_Town_Hall_Tower_(Prague)/0/pictures/Rekonstrukce_Staroměstské_radnice_1AAP7050.jpg
Old_Town_Hall_(Prague),190045,0,commons/Renovation_of_the_Old_Town_Hall_Tower_(Prague)/0/pictures/Rekonstrukce_Staroměstské_radnice_1AAB6810.jpg
Old_Town_Hall_(Prague),190045,0,commons/Interior_of_Old_Town_Hall_(Prague)/0/pictures/Rekonstrukce_Staroměstské_radnice_1AAH1583.jpg
Old_Town_Hall_(Prague),190045,0,commons/Renovation_of_the_Old_Town_Hall_Tower_(Prague)/0/pictures/Rekonstrukce_Staroměstské_radnice_1AAO3518.jpg
Old_Town_Hall_(Prague),190045,0,commons/Interior_of_Old_Town_Hall_(Prague)/0/pictures/Rekonstrukce_Staroměstské_radnice_1AAH1581.jpg
Old_Town_Hall_(Prague),190045,0,commons/Renovation_of_the_Old_Town_Hall_Tower_(Prague)/0/pictures/Rekonstrukce_Staroměstské_radnice_1AAO3521.jpg
Old_Town_Hall_(Prague),190045,0,commons/Views_of_the_Church_of_Saint_Nicholas_from_the_Old_Town_Hall/0/pictures/Rekonstrukce_Staroměstské_radnice_1AAF5412.jpg
Old_Town_Hall_(Prague),190045,0,commons/Views_of_the_Church_of_Saint_Nicholas_from_the_Old_Town_Hall/0/pictures/Rekonstrukce_Staroměstské_radnice_1AAG0553.jpg
Old_Town_Hall_(Prague),190045,0,"commons/Views_of_the_Church_of_Saint_Nicholas_from_the_Old_Town_Hall/0/pictures/St._Nicholas_Church_(Malá_Strana),_aerial_view._Prague,_Czech_Republic,_Western_Europe._January_8,_2014.jpg"
Old_Town_Hall_(Prague),190045,0,commons/Old_Town_Hall_(Prague)/0/pictures/2014_Staré_Město_-_panoramio.jpg
Old_Town_Hall_(Prague),190045,0,commons/Views_of_the_Church_of_Our_Lady_in_front_of_Týn_from_the_Old_Town_Hall/0/pictures/Rekonstrukce_Staroměstské_radnice_1AAF5517.jpg
Old_Town_Hall_(Prague),190045,0,commons/Renovation_of_the_Old_Town_Hall_Tower_(Prague)/0/pictures/Rekonstrukce_Staroměstské_radnice_1AAI8127.jpg
Old_Town_Hall_(Prague),190045,0,commons/Renovation_of_the_Old_Town_Hall_Tower_(Prague)/0/pictures/Rekonstrukce_Staroměstské_radnice_1AAP0390.jpg
Old_Town_Hall_(Prague),190045,0,commons/Old_Town_Hall_(Prague)/0/pictures/2014-03-10_-_panoramio.jpg
Old_Town_Hall_(Prague),190045,0,commons/Views_of_the_Church_of_Our_Lady_in_front_of_Týn_from_the_Old_Town_Hall/0/pictures/Rekonstrukce_Staroměstské_radnice_1AAF5520.jpg
Old_Town_Hall_(Prague),190045,0,commons/Renovation_of_the_Old_Town_Hall_Tower_(Prague)/0/pictures/Rekonstrukce_Staroměstské_radnice_1AAI8157.jpg
Old_Town_Hall_(Prague),190045,0,commons/Old_Town_Hall_(Prague)/0/pictures/2001_Prag_11.jpg
Old_Town_Hall_(Prague),190045,0,commons/Views_of_the_Church_of_Our_Lady_in_front_of_Týn_from_the_Old_Town_Hall/0/pictures/Rekonstrukce_Staroměstské_radnice_1AAF5521.jpg
Old_Town_Hall_(Prague),190045,0,commons/Renovation_of_the_Old_Town_Hall_Tower_(Prague)/0/pictures/Rekonstrukce_Staroměstské_radnice_1AAI8130.jpg
Old_Town_Hall_(Prague),190045,0,commons/Renovation_of_the_Old_Town_Hall_Tower_(Prague)/0/pictures/Rekonstrukce_Staroměstské_radnice_1AAP0392.jpg
Old_Town_Hall_(Prague),190045,0,commons/Old_Town_Hall_(Prague)/0/pictures/20190202_OldTown@Praha_2846_(40474598513).jpg
Old_Town_Hall_(Prague),190045,0,commons/Views_of_the_Church_of_Our_Lady_in_front_of_Týn_from_the_Old_Town_Hall/0/pictures/Rekonstrukce_Staroměstské_radnice_1AAF5540.jpg
Old_Town_Hall_(Prague),190045,0,commons/Renovation_of_the_Old_Town_Hall_Tower_(Prague)/0/pictures/Rekonstrukce_Staroměstské_radnice_1AAI8159.jpg
Old_Town_Hall_(Prague),190045,0,commons/Renovation_of_the_Old_Town_Hall_Tower_(Prague)/0/pictures/Rekonstrukce_Staroměstské_radnice_1AAD7805.jpg
Old_Town_Hall_(Prague),190045,0,commons/Renovation_of_the_Old_Town_Hall_Tower_(Prague)/0/pictures/Rekonstrukce_Staroměstské_radnice_1AAP0394.jpg
Old_Town_Hall_(Prague),190045,0,commons/Old_Town_Hall_(Prague)/0/pictures/20190202_OldTown@Praha_2851_(32498630957).jpg
Old_Town_Hall_(Prague),190045,0,commons/Views_of_the_Church_of_Our_Lady_in_front_of_Týn_from_the_Old_Town_Hall/0/pictures/Rekonstrukce_Staroměstské_radnice_1AAF5546.jpg
Old_Town_Hall_(Prague),190045,0,commons/Renovation_of_the_Old_Town_Hall_Tower_(Prague)/0/pictures/Rekonstrukce_Staroměstské_radnice_1AAI8167.jpg
Old_Town_Hall_(Prague),190045,0,commons/Renovation_of_the_Old_Town_Hall_Tower_(Prague)/0/pictures/Rekonstrukce_Staroměstské_radnice_1AAE2758.jpg
Old_Town_Hall_(Prague),190045,0,commons/Old_Town_Hall_(Prague)/0/pictures/20190202_OldTown@Praha_2853_(32498630357).jpg
Old_Town_Hall_(Prague),190045,0,commons/Renovation_of_the_Old_Town_Hall_Tower_(Prague)/0/pictures/Rekonstrukce_Staroměstské_radnice_1AAE2759.jpg
Old_Town_Hall_(Prague),190045,0,commons/Old_Town_Hall_(Prague)/0/pictures/20190202_OldTown@Praha_2870_(46717370514).jpg
Old_Town_Hall_(Prague),190045,0,commons/Views_of_the_Church_of_Our_Lady_in_front_of_Týn_from_the_Old_Town_Hall/0/pictures/Santa_Maria_di_Tyn.jpg
Old_Town_Hall_(Prague),190045,0,commons/Renovation_of_the_Old_Town_Hall_Tower_(Prague)/0/pictures/Rekonstrukce_Staroměstské_radnice_1AAI8215.jpg
Old_Town_Hall_(Prague),190045,0,"commons/Wölflinův_dům_(Old_Town_Hall)/0/pictures/Praha,_Staroměstské_náměstí,_Staroměstská_radnice_(01).jpg"
Old_Town_Hall_(Prague),190045,0,commons/Renovation_of_the_Old_Town_Hall_Tower_(Prague)/0/pictures/Rekonstrukce_Staroměstské_radnice_1AAP0398.jpg
Old_Town_Hall_(Prague),190045,0,commons/Old_Town_Hall_(Prague)/0/pictures/20190202_OldTown@Praha_2873_(46717369204).jpg
Old_Town_Hall_(Prague),190045,0,commons/Old_Town_Hall_(Prague)/0/pictures/20190202_OldTown@Praha_2882_(32498621687).jpg
Old_Town_Hall_(Prague),190045,0,commons/Renovation_of_the_Old_Town_Hall_Tower_(Prague)/0/pictures/Rekonstrukce_Staroměstské_radnice_1AAC3368.jpg
Old_Town_Hall_(Prague),190045,0,commons/Renovation_of_the_Old_Town_Hall_Tower_(Prague)/0/pictures/Rekonstrukce_Staroměstské_radnice_1AAQ0700.jpg
Old_Town_Hall_(Prague),190045,0,commons/Renovation_of_the_Old_Town_Hall_Tower_(Prague)/0/pictures/Rekonstrukce_Staroměstské_radnice_1AAP0400.jpg
Old_Town_Hall_(Prague),190045,0,commons/Old_Town_Hall_(Prague)/0/pictures/20190202_OldTown@Praha_2881_(47387530122).jpg
Old_Town_Hall_(Prague),190045,0,commons/Renovation_of_the_Old_Town_Hall_Tower_(Prague)/0/pictures/Rekonstrukce_Staroměstské_radnice_1AAQ0702.jpg
Old_Town_Hall_(Prague),190045,0,commons/Renovation_of_the_Old_Town_Hall_Tower_(Prague)/0/pictures/Rekonstrukce_Staroměstské_radnice_1AAP0404.jpg
Old_Town_Hall_(Prague),190045,0,commons/Old_Town_Hall_(Prague)/0/pictures/20190202_OldTown@Praha_2877_(46717367484).jpg
Old_Town_Hall_(Prague),190045,0,commons/Renovation_of_the_Old_Town_Hall_Tower_(Prague)/0/pictures/Rekonstrukce_Staroměstské_radnice_1AAP0402.jpg
Old_Town_Hall_(Prague),190045,0,commons/Old_Town_Hall_(Prague)/0/pictures/20190202_OldTown@Praha_2887_(33564428728).jpg
Old_Town_Hall_(Prague),190045,0,commons/Renovation_of_the_Old_Town_Hall_Tower_(Prague)/0/pictures/Rekonstrukce_Staroměstské_radnice_1AAP0406.jpg
Old_Town_Hall_(Prague),190045,0,commons/Old_Town_Hall_(Prague)/0/pictures/20190202_OldTown@Praha_2895_(33564425778).jpg
Old_Town_Hall_(Prague),190045,0,commons/Renovation_of_the_Old_Town_Hall_Tower_(Prague)/0/pictures/Rekonstrukce_Staroměstské_radnice_1AAO6725.jpg
Old_Town_Hall_(Prague),190045,0,"commons/Dům_U_kohouta_(Old_Town_Hall)/0/pictures/020_Cases_de_la_Banya_d'Or,_el_Minut_i_el_Gall,_Staroměstské_Náměstí.jpg"
Old_Town_Hall_(Prague),190045,0,commons/Old_Town_Hall_(Prague)/0/pictures/20190202_OldTown@Praha_2903_(40474577343).jpg
Old_Town_Hall_(Prague),190045,0,commons/Dům_U_kohouta_(Old_Town_Hall)/0/pictures/Dům_U_Minuty3-Praha2010b.jpg
Old_Town_Hall_(Prague),190045,0,commons/Old_Town_Hall_(Prague)/0/pictures/20190203_OldTown@Praha_2946_(47388020592).jpg
Old_Town_Hall_(Prague),190045,0,commons/Renovation_of_the_Old_Town_Hall_Tower_(Prague)/0/pictures/Rekonstrukce_Staroměstské_radnice_1AAC3411.jpg
Old_Town_Hall_(Prague),190045,0,commons/Renovation_of_the_Old_Town_Hall_Tower_(Prague)/0/pictures/Rekonstrukce_Staroměstské_radnice_1AAK6022.jpg
Old_Town_Hall_(Prague),190045,0,commons/Renovation_of_the_Old_Town_Hall_Tower_(Prague)/0/pictures/Rekonstrukce_Staroměstské_radnice_1AAQ0718.jpg
Old_Town_Hall_(Prague),190045,0,commons/Dům_U_kohouta_(Old_Town_Hall)/0/pictures/Dům_U_Minuty3-Praha2010.jpg
Old_Town_Hall_(Prague),190045,0,commons/Renovation_of_the_Old_Town_Hall_Tower_(Prague)/0/pictures/Rekonstrukce_Staroměstské_radnice_1AAO2726.jpg
Old_Town_Hall_(Prague),190045,0,commons/Old_Town_Hall_(Prague)/0/pictures/20190203_OldTown@Praha_2955_(47440927161).jpg
Old_Town_Hall_(Prague),190045,0,commons/Dům_U_kohouta_(Old_Town_Hall)/0/pictures/2007-08-cesko-339.jpg
Old_Town_Hall_(Prague),190045,0,commons/Wölflinův_dům_(Old_Town_Hall)/0/pictures/228_Escuts_a_la_façana_de_l'Ajuntament_de_la_Ciutat_Vella.jpg
Old_Town_Hall_(Prague),190045,0,commons/Renovation_of_the_Old_Town_Hall_Tower_(Prague)/0/pictures/Rekonstrukce_Staroměstské_radnice_1AAP0413.jpg
Old_Town_Hall_(Prague),190045,0,commons/Old_Town_Hall_(Prague)/0/pictures/20190203_OldTown@Praha_2954_(47440927721).jpg
Old_Town_Hall_(Prague),190045,0,commons/Old_Town_Hall_(Prague)/0/pictures/20190203_OldTown@Praha_2948_(47440930921).jpg
Old_Town_Hall_(Prague),190045,0,commons/Renovation_of_the_Old_Town_Hall_Tower_(Prague)/0/pictures/Rekonstrukce_Staroměstské_radnice_1AAC3423.jpg
Old_Town_Hall_(Prague),190045,0,commons/Renovation_of_the_Old_Town_Hall_Tower_(Prague)/0/pictures/Rekonstrukce_Staroměstské_radnice_1AAA0086.jpg
Old_Town_Hall_(Prague),190045,0,commons/Renovation_of_the_Old_Town_Hall_Tower_(Prague)/0/pictures/Rekonstrukce_Staroměstské_radnice_1AAQ0725.jpg
Old_Town_Hall_(Prague),190045,0,commons/Wölflinův_dům_(Old_Town_Hall)/0/pictures/Пражскія_вуліцы_12.JPG
Old_Town_Hall_(Prague),190045,0,commons/Old_Town_Hall_(Prague)/0/pictures/20190203_OldTown@Praha_2956_(47440926771).jpg
Old_Town_Hall_(Prague),190045,0,"commons/Dům_U_kohouta_(Old_Town_Hall)/0/pictures/HOUSE_OF_THE_MINUTE,_PRAGUE,_CZECH_REPUBLIC.jpg"
Old_Town_Hall_(Prague),190045,0,commons/Renovation_of_the_Old_Town_Hall_Tower_(Prague)/0/pictures/Rekonstrukce_Staroměstské_radnice_1AAE2785.jpg
Old_Town_Hall_(Prague),190045,0,commons/Old_Town_Hall_(Prague)/0/pictures/20190203_OldTown@Praha_2958_(47440925931).jpg
Old_Town_Hall_(Prague),190045,0,commons/Renovation_of_the_Old_Town_Hall_Tower_(Prague)/0/pictures/Rekonstrukce_Staroměstské_radnice_1AAP0421.jpg
Old_Town_Hall_(Prague),190045,0,commons/Old_Town_Hall_(Prague)/0/pictures/20190203_OldTown@Praha_2959_(47388015402).jpg
Old_Town_Hall_(Prague),190045,0,commons/Renovation_of_the_Old_Town_Hall_Tower_(Prague)/0/pictures/Rekonstrukce_Staroměstské_radnice_1AAP0423.jpg
Old_Town_Hall_(Prague),190045,0,commons/Old_Town_Hall_(Prague)/0/pictures/20190204_OldTownSq_3791_(32521632487).jpg
Old_Town_Hall_(Prague),190045,0,commons/Wölflinův_dům_(Old_Town_Hall)/0/pictures/Пражскія_вуліцы_24.JPG
Old_Town_Hall_(Prague),190045,0,commons/Renovation_of_the_Old_Town_Hall_Tower_(Prague)/0/pictures/Rekonstrukce_Staroměstské_radnice_1AAE2791.jpg
Old_Town_Hall_(Prague),190045,0,commons/Renovation_of_the_Old_Town_Hall_Tower_(Prague)/0/pictures/Rekonstrukce_Staroměstské_radnice_1AAP0424.jpg
Old_Town_Hall_(Prague),190045,0,commons/Old_Town_Hall_(Prague)/0/pictures/20190204_OldTownHall_3740_(46740257864).jpg
Old_Town_Hall_(Prague),190045,0,commons/Wölflinův_dům_(Old_Town_Hall)/0/pictures/Пражскія_вуліцы_27.JPG
Old_Town_Hall_(Prague),190045,0,commons/Old_Town_Hall_(Prague)/0/pictures/20190203_OldTown@Praha_2965_(32499080187).jpg
Old_Town_Hall_(Prague),190045,0,commons/Wölflinův_dům_(Old_Town_Hall)/0/pictures/Пражскія_вуліцы_28.JPG
Old_Town_Hall_(Prague),190045,0,commons/Renovation_of_the_Old_Town_Hall_Tower_(Prague)/0/pictures/Rekonstrukce_Staroměstské_radnice_1AAE2795.jpg
Old_Town_Hall_(Prague),190045,0,commons/Renovation_of_the_Old_Town_Hall_Tower_(Prague)/0/pictures/Rekonstrukce_Staroměstské_radnice_1AAP0426.jpg
Old_Town_Hall_(Prague),190045,0,commons/Old_Town_Hall_(Prague)/0/pictures/20190816_Ratusz_staromiejski_w_Pradze_0918_5134_DxO.jpg
Old_Town_Hall_(Prague),190045,0,commons/Renovation_of_the_Old_Town_Hall_Tower_(Prague)/0/pictures/Rekonstrukce_Staroměstské_radnice_1AAE2799.jpg
Old_Town_Hall_(Prague),190045,0,commons/Renovation_of_the_Old_Town_Hall_Tower_(Prague)/0/pictures/Rekonstrukce_Staroměstské_radnice_1AAP0429.jpg
Old_Town_Hall_(Prague),190045,0,commons/Old_Town_Hall_(Prague)/0/pictures/20190816_Ratusz_staromiejski_w_Pradze_1147_5234.jpg
Old_Town_Hall_(Prague),190045,0,commons/Renovation_of_the_Old_Town_Hall_Tower_(Prague)/0/pictures/Rekonstrukce_Staroměstské_radnice_1AAJ3962.jpg
Old_Town_Hall_(Prague),190045,0,commons/Wölflinův_dům_(Old_Town_Hall)/0/pictures/Clock_Church_in_Prague_04_977.PNG
Old_Town_Hall_(Prague),190045,0,commons/Renovation_of_the_Old_Town_Hall_Tower_(Prague)/0/pictures/Rekonstrukce_Staroměstské_radnice_1AAJ3964.jpg
Old_Town_Hall_(Prague),190045,0,commons/Wölflinův_dům_(Old_Town_Hall)/0/pictures/Doors_Old_Town_Hall_(2540788879).jpg
Old_Town_Hall_(Prague),190045,0,commons/Renovation_of_the_Old_Town_Hall_Tower_(Prague)/0/pictures/Rekonstrukce_Staroměstské_radnice_1AAJ3967.jpg
Old_Town_Hall_(Prague),190045,0,commons/Wölflinův_dům_(Old_Town_Hall)/0/pictures/Lascar_Beautiful_door_with_elaborated_tympanum_and_archivolts_-_Old_Town_City_Hall_(4502268042).jpg
Old_Town_Hall_(Prague),190045,0,commons/Renovation_of_the_Old_Town_Hall_Tower_(Prague)/0/pictures/Rekonstrukce_Staroměstské_radnice_1AAE2815.jpg
Old_Town_Hall_(Prague),190045,0,commons/Renovation_of_the_Old_Town_Hall_Tower_(Prague)/0/pictures/Rekonstrukce_Staroměstské_radnice_1AAP0438.jpg
Old_Town_Hall_(Prague),190045,0,commons/Old_Town_Hall_(Prague)/0/pictures/Altstädter_Rathaus_aussen_1.jpg
Old_Town_Hall_(Prague),190045,0,commons/Views_of_the_Church_of_Saint_Nicholas_from_the_Old_Town_Hall/0/pictures/Church_of_Saint_Nicolaus_in_Prague(Old_Town).jpg
Old_Town_Hall_(Prague),190045,0,commons/Renovation_of_the_Old_Town_Hall_Tower_(Prague)/0/pictures/Rekonstrukce_Staroměstské_radnice_1AAI90271.jpg
Old_Town_Hall_(Prague),190045,0,commons/Renovation_of_the_Old_Town_Hall_Tower_(Prague)/0/pictures/Rekonstrukce_Staroměstské_radnice_1AAQ4648.jpg
Old_Town_Hall_(Prague),190045,0,commons/Renovation_of_the_Old_Town_Hall_Tower_(Prague)/0/pictures/Rekonstrukce_Staroměstské_radnice_1AAP0440.jpg
Old_Town_Hall_(Prague),190045,0,commons/Old_Town_Hall_(Prague)/0/pictures/Altstädter_Rathaus_aussen_2.jpg
Old_Town_Hall_(Prague),190045,0,commons/Views_of_the_Church_of_Saint_Nicholas_from_the_Old_Town_Hall/0/pictures/Church_of_St_Nicholas_of_Old_Town-Prague.jpg
Old_Town_Hall_(Prague),190045,0,commons/Renovation_of_the_Old_Town_Hall_Tower_(Prague)/0/pictures/Rekonstrukce_Staroměstské_radnice_1AAI90321.jpg
Old_Town_Hall_(Prague),190045,0,commons/Backside_of_Old_Town_Hall_(Prague)/0/pictures/Old_Town_Hall_Tower_2_(2540302651).jpg
Old_Town_Hall_(Prague),190045,0,commons/Renovation_of_the_Old_Town_Hall_Tower_(Prague)/0/pictures/Rekonstrukce_Staroměstské_radnice_1AAO3701.jpg
Old_Town_Hall_(Prague),190045,0,commons/Renovation_of_the_Old_Town_Hall_Tower_(Prague)/0/pictures/Rekonstrukce_Staroměstské_radnice_1AAB5815.jpg
Old_Town_Hall_(Prague),190045,0,commons/Renovation_of_the_Old_Town_Hall_Tower_(Prague)/0/pictures/Rekonstrukce_Staroměstské_radnice_1AAQ4650.jpg
Old_Town_Hall_(Prague),190045,0,commons/Renovation_of_the_Old_Town_Hall_Tower_(Prague)/0/pictures/Rekonstrukce_Staroměstské_radnice_1AAP0443.jpg
Old_Town_Hall_(Prague),190045,0,commons/Old_Town_Hall_(Prague)/0/pictures/Altstädter_Rathaus_aussen_5.jpg
Old_Town_Hall_(Prague),190045,0,commons/Views_of_the_Church_of_Saint_Nicholas_from_the_Old_Town_Hall/0/pictures/Church_of_St._Nicolas._Prague._Czech_Republic._Церковь_Святого_Николая._Прага._Чехия_-_panoramio.jpg
Old_Town_Hall_(Prague),190045,0,commons/Renovation_of_the_Old_Town_Hall_Tower_(Prague)/0/pictures/Rekonstrukce_Staroměstské_radnice_1AAI90371.jpg
Old_Town_Hall_(Prague),190045,0,commons/Renovation_of_the_Old_Town_Hall_Tower_(Prague)/0/pictures/Rekonstrukce_Staroměstské_radnice_1AAJ3976.jpg
Old_Town_Hall_(Prague),190045,0,commons/Wölflinův_dům_(Old_Town_Hall)/0/pictures/Old_Town_Square_-_Staroměstské_náměstí.JPG
Old_Town_Hall_(Prague),190045,0,commons/Old_Town_Hall_(Prague)/0/pictures/Altstädter_Rathaus_aussen_4.jpg
Old_Town_Hall_(Prague),190045,0,commons/Views_of_the_Church_of_Saint_Nicholas_from_the_Old_Town_Hall/0/pictures/Church_of_St_Nicholas_of_Old_Town.jpg
Old_Town_Hall_(Prague),190045,0,commons/Renovation_of_the_Old_Town_Hall_Tower_(Prague)/0/pictures/Rekonstrukce_Staroměstské_radnice_1AAI90411.jpg
Old_Town_Hall_(Prague),190045,0,commons/Renovation_of_the_Old_Town_Hall_Tower_(Prague)/0/pictures/Rekonstrukce_Staroměstské_radnice_1AAE2825.jpg
Old_Town_Hall_(Prague),190045,0,commons/Old_Town_Hall_(Prague)/0/pictures/Altstädter_Rathaus_aussen_3.jpg
Old_Town_Hall_(Prague),190045,0,commons/Views_of_the_Church_of_Saint_Nicholas_from_the_Old_Town_Hall/0/pictures/Czech-04063_-_St._Nicholas_Church_(32177315374).jpg
Old_Town_Hall_(Prague),190045,0,commons/Renovation_of_the_Old_Town_Hall_Tower_(Prague)/0/pictures/Rekonstrukce_Staroměstské_radnice_1AAI90471.jpg
Old_Town_Hall_(Prague),190045,0,commons/Backside_of_Old_Town_Hall_(Prague)/0/pictures/Prag_Altstaedter_Ring_rathaus.jpg
Old_Town_Hall_(Prague),190045,0,commons/Renovation_of_the_Old_Town_Hall_Tower_(Prague)/0/pictures/Rekonstrukce_Staroměstské_radnice_1AAO3711.jpg
Old_Town_Hall_(Prague),190045,0,commons/Renovation_of_the_Old_Town_Hall_Tower_(Prague)/0/pictures/Rekonstrukce_Staroměstské_radnice_1AAE2831.jpg
Old_Town_Hall_(Prague),190045,0,commons/Old_Town_Hall_(Prague)/0/pictures/Altstädter_Rathaus_aussen_6.jpg
Old_Town_Hall_(Prague),190045,0,commons/Views_of_the_Church_of_Saint_Nicholas_from_the_Old_Town_Hall/0/pictures/Kostel_sv._Mikuláše_(Staré_Město).JPG
Old_Town_Hall_(Prague),190045,0,commons/Renovation_of_the_Old_Town_Hall_Tower_(Prague)/0/pictures/Rekonstrukce_Staroměstské_radnice_1AAI93891.jpg
Old_Town_Hall_(Prague),190045,0,commons/Renovation_of_the_Old_Town_Hall_Tower_(Prague)/0/pictures/Rekonstrukce_Staroměstské_radnice_1AAE2833.jpg
Old_Town_Hall_(Prague),190045,0,commons/Renovation_of_the_Old_Town_Hall_Tower_(Prague)/0/pictures/Rekonstrukce_Staroměstské_radnice_1AAB5847.jpg
Old_Town_Hall_(Prague),190045,0,commons/Renovation_of_the_Old_Town_Hall_Tower_(Prague)/0/pictures/Rekonstrukce_Staroměstské_radnice_1AAQ4678.jpg
Old_Town_Hall_(Prague),190045,0,commons/Renovation_of_the_Old_Town_Hall_Tower_(Prague)/0/pictures/Rekonstrukce_Staroměstské_radnice_1AAP0458.jpg
Old_Town_Hall_(Prague),190045,0,commons/Old_Town_Hall_(Prague)/0/pictures/Altstädter_Rathaus_aussen_7.jpg
Old_Town_Hall_(Prague),190045,0,commons/Views_of_the_Church_of_Saint_Nicholas_from_the_Old_Town_Hall/0/pictures/Old_Town_Square.jpg
Old_Town_Hall_(Prague),190045,0,commons/Renovation_of_the_Old_Town_Hall_Tower_(Prague)/0/pictures/Rekonstrukce_Staroměstské_radnice_1AAI96751.jpg
Old_Town_Hall_(Prague),190045,0,commons/Chapel_of_the_Old_Town_Hall_(Prague)/0/pictures/Rekonstrukce_Staroměstské_radnice_1AAL7311.jpg
Old_Town_Hall_(Prague),190045,0,commons/Renovation_of_the_Old_Town_Hall_Tower_(Prague)/0/pictures/Rekonstrukce_Staroměstské_radnice_1AAE2845.jpg
Old_Town_Hall_(Prague),190045,0,commons/Renovation_of_the_Old_Town_Hall_Tower_(Prague)/0/pictures/Rekonstrukce_Staroměstské_radnice_1AAB5971.jpg
Old_Town_Hall_(Prague),190045,0,commons/Renovation_of_the_Old_Town_Hall_Tower_(Prague)/0/pictures/Rekonstrukce_Staroměstské_radnice_1AAQ4691.jpg
Old_Town_Hall_(Prague),190045,0,commons/Old_Town_Hall_(Prague)/0/pictures/Approaching_the_Old_Town_Square_Prague._-_panoramio.jpg
Old_Town_Hall_(Prague),190045,0,commons/Backside_of_Old_Town_Hall_(Prague)/0/pictures/PragueMarket.jpg
Old_Town_Hall_(Prague),190045,0,commons/Renovation_of_the_Old_Town_Hall_Tower_(Prague)/0/pictures/Rekonstrukce_Staroměstské_radnice_1AAO3770.jpg
Old_Town_Hall_(Prague),190045,0,commons/Renovation_of_the_Old_Town_Hall_Tower_(Prague)/0/pictures/Rekonstrukce_Staroměstské_radnice_1AAB8367.jpg
Old_Town_Hall_(Prague),190045,0,commons/Renovation_of_the_Old_Town_Hall_Tower_(Prague)/0/pictures/Rekonstrukce_Staroměstské_radnice_1AAE2849.jpg
Old_Town_Hall_(Prague),190045,0,commons/Renovation_of_the_Old_Town_Hall_Tower_(Prague)/0/pictures/Rekonstrukce_Staroměstské_radnice_1AAQ4696.jpg
Old_Town_Hall_(Prague),190045,0,commons/Old_Town_Hall_(Prague)/0/pictures/Assemblageprague.jpg
Old_Town_Hall_(Prague),190045,0,commons/Views_of_the_Church_of_Saint_Nicholas_from_the_Old_Town_Hall/0/pictures/Praga_Staré_Město_-_Igrexa_de_San_Nicolas_-_Iglesia_de_San_Nicolas_-_Church_of_Saint_Nicholas_-_Kostel_svatého_Mikuláše_-_01.jpg
Old_Town_Hall_(Prague),190045,0,commons/Renovation_of_the_Old_Town_Hall_Tower_(Prague)/0/pictures/Rekonstrukce_Staroměstské_radnice_1AAJ04741.jpg
Old_Town_Hall_(Prague),190045,0,"commons/Backside_of_Old_Town_Hall_(Prague)/0/pictures/Praha_1_-_Staré_Město,_věž_Staroměstské_radnice.JPG"
Old_Town_Hall_(Prague),190045,0,commons/Renovation_of_the_Old_Town_Hall_Tower_(Prague)/0/pictures/Rekonstrukce_Staroměstské_radnice_1AAO3793.jpg
Old_Town_Hall_(Prague),190045,0,commons/Renovation_of_the_Old_Town_Hall_Tower_(Prague)/0/pictures/Rekonstrukce_Staroměstské_radnice_1AAB8358.jpg
Old_Town_Hall_(Prague),190045,0,commons/Renovation_of_the_Old_Town_Hall_Tower_(Prague)/0/pictures/Rekonstrukce_Staroměstské_radnice_1AAE2851.jpg
Old_Town_Hall_(Prague),190045,0,commons/Renovation_of_the_Old_Town_Hall_Tower_(Prague)/0/pictures/Rekonstrukce_Staroměstské_radnice_1AAB5992.jpg
Old_Town_Hall_(Prague),190045,0,commons/Renovation_of_the_Old_Town_Hall_Tower_(Prague)/0/pictures/Rekonstrukce_Staroměstské_radnice_1AAQ4699.jpg
Old_Town_Hall_(Prague),190045,0,commons/Renovation_of_the_Old_Town_Hall_Tower_(Prague)/0/pictures/Rekonstrukce_Staroměstské_radnice_1AAP0476.jpg
Old_Town_Hall_(Prague),190045,0,commons/Old_Town_Hall_(Prague)/0/pictures/Astronomical_clock_Prague.jpg
Old_Town_Hall_(Prague),190045,0,commons/Backside_of_Old_Town_Hall_(Prague)/0/pictures/Prague_Praha_2014_Holmstad_Rådhustårnet_City_hall_Tower.JPG
Old_Town_Hall_(Prague),190045,0,commons/Renovation_of_the_Old_Town_Hall_Tower_(Prague)/0/pictures/Rekonstrukce_Staroměstské_radnice_1AAO3799.jpg
Old_Town_Hall_(Prague),190045,0,commons/Renovation_of_the_Old_Town_Hall_Tower_(Prague)/0/pictures/Rekonstrukce_Staroměstské_radnice_1AAE2853.jpg
Old_Town_Hall_(Prague),190045,0,commons/Renovation_of_the_Old_Town_Hall_Tower_(Prague)/0/pictures/Rekonstrukce_Staroměstské_radnice_1AAL6949.jpg
Old_Town_Hall_(Prague),190045,0,commons/Renovation_of_the_Old_Town_Hall_Tower_(Prague)/0/pictures/Rekonstrukce_Staroměstské_radnice_1AAB5998.jpg
Old_Town_Hall_(Prague),190045,0,commons/Renovation_of_the_Old_Town_Hall_Tower_(Prague)/0/pictures/Rekonstrukce_Staroměstské_radnice_1AAQ4701.jpg
Old_Town_Hall_(Prague),190045,0,commons/Old_Town_Hall_(Prague)/0/pictures/Az_Óratorony_az_Óváros_téren_(Staromestske_namesti)._Fortepan_51292.jpg
Old_Town_Hall_(Prague),190045,0,commons/Views_of_the_Church_of_Saint_Nicholas_from_the_Old_Town_Hall/0/pictures/Prague_07-2016_View_from_Old_Town_Hall_Tower_img4.jpg
Old_Town_Hall_(Prague),190045,0,commons/Renovation_of_the_Old_Town_Hall_Tower_(Prague)/0/pictures/Rekonstrukce_Staroměstské_radnice_1AAJ05951.jpg
Old_Town_Hall_(Prague),190045,0,commons/Renovation_of_the_Old_Town_Hall_Tower_(Prague)/0/pictures/Rekonstrukce_Staroměstské_radnice_1AAO3803.jpg
Old_Town_Hall_(Prague),190045,0,commons/Renovation_of_the_Old_Town_Hall_Tower_(Prague)/0/pictures/Rekonstrukce_Staroměstské_radnice_1AAB8432.jpg
Old_Town_Hall_(Prague),190045,0,commons/Renovation_of_the_Old_Town_Hall_Tower_(Prague)/0/pictures/Rekonstrukce_Staroměstské_radnice_1AAE2855.jpg
Old_Town_Hall_(Prague),190045,0,commons/Renovation_of_the_Old_Town_Hall_Tower_(Prague)/0/pictures/Rekonstrukce_Staroměstské_radnice_1AAB5999.jpg
Old_Town_Hall_(Prague),190045,0,commons/Renovation_of_the_Old_Town_Hall_Tower_(Prague)/0/pictures/Rekonstrukce_Staroměstské_radnice_1AAQ4704.jpg
Old_Town_Hall_(Prague),190045,0,"commons/Old_Town_Hall_(Prague)/0/pictures/Ayuntamiento_Antiguo,_Praga,_República_Checa,_2022-07-02,_DD_20.jpg"
Old_Town_Hall_(Prague),190045,0,commons/Renovation_of_the_Old_Town_Hall_Tower_(Prague)/0/pictures/Rekonstrukce_Staroměstské_radnice_1AAO3812.jpg
Old_Town_Hall_(Prague),190045,0,commons/Renovation_of_the_Old_Town_Hall_Tower_(Prague)/0/pictures/Rekonstrukce_Staroměstské_radnice_1AAE2859.jpg
Old_Town_Hall_(Prague),190045,0,commons/Renovation_of_the_Old_Town_Hall_Tower_(Prague)/0/pictures/Rekonstrukce_Staroměstské_radnice_1AAQ4710.jpg
Old_Town_Hall_(Prague),190045,0,commons/Old_Town_Hall_(Prague)/0/pictures/Czech_Republic_-_Prague_-_Old_Town_-_panoramio.jpg
Old_Town_Hall_(Prague),190045,0,commons/Renovation_of_the_Old_Town_Hall_Tower_(Prague)/0/pictures/Rekonstrukce_Staroměstské_radnice_1AAQ4712.jpg
Old_Town_Hall_(Prague),190045,0,commons/Old_Town_Hall_(Prague)/0/pictures/Czech-03864_-_Old_Town_Hall_&_Tower_(32979133296).jpg
Old_Town_Hall_(Prague),190045,0,"commons/Backside_of_Old_Town_Hall_(Prague)/0/pictures/Radnice_Staroměstská_(Staré_Město),_Praha_1,_Staroměstské_nám._3,_Staré_Město.JPG"
Old_Town_Hall_(Prague),190045,0,commons/Renovation_of_the_Old_Town_Hall_Tower_(Prague)/0/pictures/Rekonstrukce_Staroměstské_radnice_1AAO3827.jpg
Old_Town_Hall_(Prague),190045,0,commons/Renovation_of_the_Old_Town_Hall_Tower_(Prague)/0/pictures/Rekonstrukce_Staroměstské_radnice_1AAE2862.jpg
Old_Town_Hall_(Prague),190045,0,commons/Renovation_of_the_Old_Town_Hall_Tower_(Prague)/0/pictures/Rekonstrukce_Staroměstské_radnice_1AAQ4713.jpg
Old_Town_Hall_(Prague),190045,0,commons/Renovation_of_the_Old_Town_Hall_Tower_(Prague)/0/pictures/Rekonstrukce_Staroměstské_radnice_1AAP0490.jpg
Old_Town_Hall_(Prague),190045,0,"commons/Old_Town_Hall_(Prague)/0/pictures/Jan_Hus_monument_-_Prague,_Czech_Republic_-_May_18,_2019.jpg"
Old_Town_Hall_(Prague),190045,0,"commons/Old_Town_Hall_(Prague)/0/pictures/Jan_Hus_monument_and_Old_Town_Hall_-_Prague,_Czech_Republic_-_May_18,_2019.jpg"
Old_Town_Hall_(Prague),190045,0,commons/Views_of_the_Church_of_Saint_Nicholas_from_the_Old_Town_Hall/0/pictures/Rekonstrukce_Staroměstské_radnice_1AAF5510.jpg
Old_Town_Hall_(Prague),190045,0,commons/Renovation_of_the_Old_Town_Hall_Tower_(Prague)/0/pictures/Rekonstrukce_Staroměstské_radnice_1AAJ2690.jpg
Old_Town_Hall_(Prague),190045,0,commons/Backside_of_Old_Town_Hall_(Prague)/0/pictures/Staroměstská_radnice.jpg
Old_Town_Hall_(Prague),190045,0,commons/Renovation_of_the_Old_Town_Hall_Tower_(Prague)/0/pictures/Rekonstrukce_Staroměstské_radnice_1AAO3850.jpg
Old_Town_Hall_(Prague),190045,0,commons/Renovation_of_the_Old_Town_Hall_Tower_(Prague)/0/pictures/Rekonstrukce_Staroměstské_radnice_1AAE2869.jpg
Old_Town_Hall_(Prague),190045,0,commons/Renovation_of_the_Old_Town_Hall_Tower_(Prague)/0/pictures/Rekonstrukce_Staroměstské_radnice_1AAP0495.jpg
Old_Town_Hall_(Prague),190045,0,commons/Old_Town_Hall_(Prague)/0/pictures/Joy_(159174133).jpeg
Old_Town_Hall_(Prague),190045,0,commons/Renovation_of_the_Old_Town_Hall_Tower_(Prague)/0/pictures/Rekonstrukce_Staroměstské_radnice_1AAO3853.jpg
Old_Town_Hall_(Prague),190045,0,commons/Renovation_of_the_Old_Town_Hall_Tower_(Prague)/0/pictures/Rekonstrukce_Staroměstské_radnice_1AAE2871.jpg
Old_Town_Hall_(Prague),190045,0,commons/Old_Town_Hall_(Prague)/0/pictures/Old_Town_-_Town_Hall_-_panoramio.jpg
Old_Town_Hall_(Prague),190045,0,commons/Backside_of_Old_Town_Hall_(Prague)/0/pictures/The_old_town_hall_of_Prague.jpg
Old_Town_Hall_(Prague),190045,0,commons/Renovation_of_the_Old_Town_Hall_Tower_(Prague)/0/pictures/Rekonstrukce_Staroměstské_radnice_1AAO3852.jpg
Old_Town_Hall_(Prague),190045,0,commons/Renovation_of_the_Old_Town_Hall_Tower_(Prague)/0/pictures/Rekonstrukce_Staroměstské_radnice_1AAE2877.jpg
Old_Town_Hall_(Prague),190045,0,"commons/Old_Town_Hall_(Prague)/0/pictures/Old_City_Hall_-_Prague,_Czech_Rep._-_panoramio.jpg"
Old_Town_Hall_(Prague),190045,0,commons/Old_Town_Hall_(Prague)/0/pictures/KAM_7722_(10173817144).jpg
Old_Town_Hall_(Prague),190045,0,commons/Renovation_of_the_Old_Town_Hall_Tower_(Prague)/0/pictures/Rekonstrukce_Staroměstské_radnice_1AAE2879.jpg
Old_Town_Hall_(Prague),190045,0,commons/Renovation_of_the_Old_Town_Hall_Tower_(Prague)/0/pictures/Rekonstrukce_Staroměstské_radnice_1AAP0501.jpg
Old_Town_Hall_(Prague),190045,0,commons/Old_Town_Hall_(Prague)/0/pictures/Old_Town_Hall_(Prague)_(IMG_0287).jpg
Old_Town_Hall_(Prague),190045,0,commons/Renovation_of_the_Old_Town_Hall_Tower_(Prague)/0/pictures/Rekonstrukce_Staroměstské_radnice_1AAP0511.jpg
Old_Town_Hall_(Prague),190045,0,commons/Old_Town_Hall_(Prague)/0/pictures/Old_Town_Hall_(Prague)_(IMG_0291).jpg
Old_Town_Hall_(Prague),190045,0,commons/Views_of_the_Church_of_Saint_Nicholas_from_the_Old_Town_Hall/0/pictures/St._Nicholas_church.jpg
Old_Town_Hall_(Prague),190045,0,commons/Renovation_of_the_Old_Town_Hall_Tower_(Prague)/0/pictures/Rekonstrukce_Staroměstské_radnice_1AAJ2731.jpg
Old_Town_Hall_(Prague),190045,0,commons/Renovation_of_the_Old_Town_Hall_Tower_(Prague)/0/pictures/Rekonstrukce_Staroměstské_radnice_1AAL7255.jpg
Old_Town_Hall_(Prague),190045,0,commons/Renovation_of_the_Old_Town_Hall_Tower_(Prague)/0/pictures/Rekonstrukce_Staroměstské_radnice_1AAP0527.jpg
Old_Town_Hall_(Prague),190045,0,"commons/Old_Town_Hall_(Prague)/0/pictures/Old_Town_Hall,_Prague_(1)_(26183172992).jpg"
Old_Town_Hall_(Prague),190045,0,commons/Renovation_of_the_Old_Town_Hall_Tower_(Prague)/0/pictures/Rekonstrukce_Staroměstské_radnice_1AAO3878.jpg
Old_Town_Hall_(Prague),190045,0,commons/Renovation_of_the_Old_Town_Hall_Tower_(Prague)/0/pictures/Rekonstrukce_Staroměstské_radnice_1AAP1347.jpg
Old_Town_Hall_(Prague),190045,0,"commons/Old_Town_Hall_(Prague)/0/pictures/Old_Town_Hall_at_night_-_Prague,_Czech_Republic_-_panoramio.jpg"
Old_Town_Hall_(Prague),190045,0,commons/Views_of_the_Church_of_Saint_Nicholas_from_the_Old_Town_Hall/0/pictures/Vánoční_Praha_2011_(20).jpg
Old_Town_Hall_(Prague),190045,0,commons/Renovation_of_the_Old_Town_Hall_Tower_(Prague)/0/pictures/Rekonstrukce_Staroměstské_radnice_1AAJ3237.jpg
Old_Town_Hall_(Prague),190045,0,commons/Renovation_of_the_Old_Town_Hall_Tower_(Prague)/0/pictures/Rekonstrukce_Staroměstské_radnice_1AAP1349.jpg
Old_Town_Hall_(Prague),190045,0,"commons/Old_Town_Hall_(Prague)/0/pictures/Old_Town_Hall,_Prague_(10)_(26002037510).jpg"
Old_Town_Hall_(Prague),190045,0,commons/Renovation_of_the_Old_Town_Hall_Tower_(Prague)/0/pictures/Rekonstrukce_Staroměstské_radnice_1AAL7311.jpg
Old_Town_Hall_(Prague),190045,0,commons/Renovation_of_the_Old_Town_Hall_Tower_(Prague)/0/pictures/Rekonstrukce_Staroměstské_radnice_1AAP1352.jpg
Old_Town_Hall_(Prague),190045,0,"commons/Old_Town_Hall_(Prague)/0/pictures/Old_Town_Hall,_Prague_(11)_(26274818505).jpg"
Old_Town_Hall_(Prague),190045,0,commons/Renovation_of_the_Old_Town_Hall_Tower_(Prague)/0/pictures/Rekonstrukce_Staroměstské_radnice_1AAP1354.jpg
Old_Town_Hall_(Prague),190045,0,"commons/Old_Town_Hall_(Prague)/0/pictures/Old_Town_Hall,_Prague_(13)_(25671919833).jpg"
Old_Town_Hall_(Prague),190045,0,commons/Views_of_the_Church_of_Saint_Nicholas_from_the_Old_Town_Hall/0/pictures/Zicht_vanaf_de_Kloktorentoren_-_panoramio_(2).jpg
Old_Town_Hall_(Prague),190045,0,commons/Renovation_of_the_Old_Town_Hall_Tower_(Prague)/0/pictures/Rekonstrukce_Staroměstské_radnice_1AAJ3673.jpg
Old_Town_Hall_(Prague),190045,0,commons/Renovation_of_the_Old_Town_Hall_Tower_(Prague)/0/pictures/Rekonstrukce_Staroměstské_radnice_1AAO4633.jpg
Old_Town_Hall_(Prague),190045,0,commons/Renovation_of_the_Old_Town_Hall_Tower_(Prague)/0/pictures/Rekonstrukce_Staroměstské_radnice_1AAP1357.jpg
Old_Town_Hall_(Prague),190045,0,"commons/Old_Town_Hall_(Prague)/0/pictures/Old_Town_Hall,_Prague_(12)_(26274732735).jpg"
Old_Town_Hall_(Prague),190045,0,commons/Views_of_the_Church_of_Saint_Nicholas_from_the_Old_Town_Hall/0/pictures/Église_Saint_Nicolas_(Staré_Město)_et_rue_de_Paris.jpg
Old_Town_Hall_(Prague),190045,0,commons/Renovation_of_the_Old_Town_Hall_Tower_(Prague)/0/pictures/Rekonstrukce_Staroměstské_radnice_1AAJ3677.jpg
Old_Town_Hall_(Prague),190045,0,commons/Renovation_of_the_Old_Town_Hall_Tower_(Prague)/0/pictures/Rekonstrukce_Staroměstské_radnice_1AAP1359.jpg
Old_Town_Hall_(Prague),190045,0,"commons/Old_Town_Hall_(Prague)/0/pictures/Old_Town_Hall,_Prague_(3)_(25670657504).jpg"
Old_Town_Hall_(Prague),190045,0,commons/Renovation_of_the_Old_Town_Hall_Tower_(Prague)/0/pictures/Rekonstrukce_Staroměstské_radnice_1AAJ3680.jpg
Old_Town_Hall_(Prague),190045,0,commons/Renovation_of_the_Old_Town_Hall_Tower_(Prague)/0/pictures/Rekonstrukce_Staroměstské_radnice_1AAP1361.jpg
Old_Town_Hall_(Prague),190045,0,"commons/Old_Town_Hall_(Prague)/0/pictures/Old_Town_Hall,_Prague_(4)_(25670596764).jpg"
Old_Town_Hall_(Prague),190045,0,"commons/Wölflinův_dům_(Old_Town_Hall)/0/pictures/029_Ajuntament_de_la_Ciutat_Vella,_portada_principal.jpg"
Old_Town_Hall_(Prague),190045,0,commons/Renovation_of_the_Old_Town_Hall_Tower_(Prague)/0/pictures/Rekonstrukce_Staroměstské_radnice_1AAJ3682.jpg
Old_Town_Hall_(Prague),190045,0,commons/Renovation_of_the_Old_Town_Hall_Tower_(Prague)/0/pictures/Rekonstrukce_Staroměstské_radnice_1AAP1363.jpg
Old_Town_Hall_(Prague),190045,0,"commons/Old_Town_Hall_(Prague)/0/pictures/Old_Town_Hall,_Prague_(5)_(26275361475).jpg"
Old_Town_Hall_(Prague),190045,0,commons/Wölflinův_dům_(Old_Town_Hall)/0/pictures/030_Escuts_de_Praga_i_Bohèmia_a_la_façana_de_l'Ajuntament.jpg
Old_Town_Hall_(Prague),190045,0,commons/Renovation_of_the_Old_Town_Hall_Tower_(Prague)/0/pictures/Rekonstrukce_Staroměstské_radnice_1AAJ3693.jpg
Old_Town_Hall_(Prague),190045,0,commons/Renovation_of_the_Old_Town_Hall_Tower_(Prague)/0/pictures/Rekonstrukce_Staroměstské_radnice_1AAE2907.jpg
Old_Town_Hall_(Prague),190045,0,commons/Renovation_of_the_Old_Town_Hall_Tower_(Prague)/0/pictures/Rekonstrukce_Staroměstské_radnice_1AAP1366.jpg
Old_Town_Hall_(Prague),190045,0,"commons/Old_Town_Hall_(Prague)/0/pictures/Old_Town_Hall,_Prague_(7)_(25670368654).jpg"
Old_Town_Hall_(Prague),190045,0,commons/Renovation_of_the_Old_Town_Hall_Tower_(Prague)/0/pictures/Rekonstrukce_Staroměstské_radnice_1AAJ3874.jpg
Old_Town_Hall_(Prague),190045,0,commons/Renovation_of_the_Old_Town_Hall_Tower_(Prague)/0/pictures/Rekonstrukce_Staroměstské_radnice_1AAP1369.jpg
Old_Town_Hall_(Prague),190045,0,"commons/Old_Town_Hall_(Prague)/0/pictures/Old_Town_Hall,_Prague_(6)_(26209023331).jpg"
Old_Town_Hall_(Prague),190045,0,commons/Wölflinův_dům_(Old_Town_Hall)/0/pictures/026_Staroměstská_Radnice_(Ajuntament_de_la_Ciutat_Vella).jpg
Old_Town_Hall_(Prague),190045,0,commons/Renovation_of_the_Old_Town_Hall_Tower_(Prague)/0/pictures/Rekonstrukce_Staroměstské_radnice_1AAJ3876.jpg
Old_Town_Hall_(Prague),190045,0,commons/Renovation_of_the_Old_Town_Hall_Tower_(Prague)/0/pictures/Rekonstrukce_Staroměstské_radnice_1AAO4648.jpg
Old_Town_Hall_(Prague),190045,0,commons/Renovation_of_the_Old_Town_Hall_Tower_(Prague)/0/pictures/Rekonstrukce_Staroměstské_radnice_1AAE2911.jpg
Old_Town_Hall_(Prague),190045,0,commons/Renovation_of_the_Old_Town_Hall_Tower_(Prague)/0/pictures/Rekonstrukce_Staroměstské_radnice_1AAP1373.jpg
Old_Town_Hall_(Prague),190045,0,"commons/Old_Town_Hall_(Prague)/0/pictures/Old_Town_Hall,_Prague_(9)_(26002141130).jpg"
Old_Town_Hall_(Prague),190045,0,commons/Renovation_of_the_Old_Town_Hall_Tower_(Prague)/0/pictures/Rekonstrukce_Staroměstské_radnice_1AAO4655.jpg
Old_Town_Hall_(Prague),190045,0,commons/Renovation_of_the_Old_Town_Hall_Tower_(Prague)/0/pictures/Rekonstrukce_Staroměstské_radnice_1AAE2915.jpg
Old_Town_Hall_(Prague),190045,0,commons/Renovation_of_the_Old_Town_Hall_Tower_(Prague)/0/pictures/Rekonstrukce_Staroměstské_radnice_1AAP1380.jpg
Old_Town_Hall_(Prague),190045,0,commons/Old_Town_Hall_(Prague)/0/pictures/Old_Town_Hall._Prague._Czech_Republic._Староместская_Ратуша._Прага._Чехия_-_panoramio_(1).jpg
Old_Town_Hall_(Prague),190045,0,commons/Wölflinův_dům_(Old_Town_Hall)/0/pictures/13-10-05-praha-50mm-RalfR-14.jpg
Old_Town_Hall_(Prague),190045,0,commons/Renovation_of_the_Old_Town_Hall_Tower_(Prague)/0/pictures/Rekonstrukce_Staroměstské_radnice_1AAJ3880.jpg
Old_Town_Hall_(Prague),190045,0,commons/Renovation_of_the_Old_Town_Hall_Tower_(Prague)/0/pictures/Rekonstrukce_Staroměstské_radnice_1AAO4657.jpg
Old_Town_Hall_(Prague),190045,0,commons/Renovation_of_the_Old_Town_Hall_Tower_(Prague)/0/pictures/Rekonstrukce_Staroměstské_radnice_1AAE2917.jpg
Old_Town_Hall_(Prague),190045,0,"commons/Old_Town_Hall_(Prague)/0/pictures/Old_Town_Square_By_Night,_Staré_Město,_Prague_(33157575962).jpg"
Old_Town_Hall_(Prague),190045,0,commons/Wölflinův_dům_(Old_Town_Hall)/0/pictures/226_Cases_i_torre_de_l'Ajuntament_de_la_Ciutat_Vella.jpg
Old_Town_Hall_(Prague),190045,0,commons/Renovation_of_the_Old_Town_Hall_Tower_(Prague)/0/pictures/Rekonstrukce_Staroměstské_radnice_1AAJ3884.jpg
Old_Town_Hall_(Prague),190045,0,commons/Renovation_of_the_Old_Town_Hall_Tower_(Prague)/0/pictures/Rekonstrukce_Staroměstské_radnice_1AAE2923.jpg
Old_Town_Hall_(Prague),190045,0,commons/Renovation_of_the_Old_Town_Hall_Tower_(Prague)/0/pictures/Rekonstrukce_Staroměstské_radnice_1AAP1784.jpg
Old_Town_Hall_(Prague),190045,0,commons/Old_Town_Hall_(Prague)/0/pictures/Old_Town_Hall._Prague._Czech_Republic._Староместская_Ратуша._Прага._Чехия_-_panoramio.jpg
Old_Town_Hall_(Prague),190045,0,commons/Renovation_of_the_Old_Town_Hall_Tower_(Prague)/0/pictures/Rekonstrukce_Staroměstské_radnice_1AAE2919.jpg
Old_Town_Hall_(Prague),190045,0,"commons/Old_Town_Hall_(Prague)/0/pictures/Old_Town_Square_-_Prague,_Czech_Rep._-_panoramio_(1).jpg"
Old_Town_Hall_(Prague),190045,0,commons/Renovation_of_the_Old_Town_Hall_Tower_(Prague)/0/pictures/Rekonstrukce_Staroměstské_radnice_1AAE2925.jpg
Old_Town_Hall_(Prague),190045,0,"commons/Old_Town_Hall_(Prague)/0/pictures/Old_Town_Square,_Prague_(70)_(26247883316).jpg"
Old_Town_Hall_(Prague),190045,0,"commons/Old_Town_Hall_(Prague)/0/pictures/Old_Town,_110_00_Prague-Prague_1,_Czech_Republic_-_panoramio_(100).jpg"
Old_Town_Hall_(Prague),190045,0,commons/Wölflinův_dům_(Old_Town_Hall)/0/pictures/342_L'Ajuntament_de_la_Ciutat_Vella_des_de_la_casa_de_la_Creu_d'Or.jpg
Old_Town_Hall_(Prague),190045,0,commons/Renovation_of_the_Old_Town_Hall_Tower_(Prague)/0/pictures/Rekonstrukce_Staroměstské_radnice_1AAJ3910.jpg
Old_Town_Hall_(Prague),190045,0,commons/Renovation_of_the_Old_Town_Hall_Tower_(Prague)/0/pictures/Rekonstrukce_Staroměstské_radnice_1AAE2929.jpg
Old_Town_Hall_(Prague),190045,0,"commons/Old_Town_Hall_(Prague)/0/pictures/Old_Town,_110_00_Prague-Prague_1,_Czech_Republic_-_panoramio_(113).jpg"
Old_Town_Hall_(Prague),190045,0,commons/Renovation_of_the_Old_Town_Hall_Tower_(Prague)/0/pictures/Rekonstrukce_Staroměstské_radnice_1AAE2931.jpg
Old_Town_Hall_(Prague),190045,0,"commons/Old_Town_Hall_(Prague)/0/pictures/Old_Town,_110_00_Prague-Prague_1,_Czech_Republic_-_panoramio_(136).jpg"
Old_Town_Hall_(Prague),190045,0,commons/Wölflinův_dům_(Old_Town_Hall)/0/pictures/361_Staroměstská_Radnice_(Ajuntament_de_la_Ciutat_Vella).jpg
Old_Town_Hall_(Prague),190045,0,commons/Renovation_of_the_Old_Town_Hall_Tower_(Prague)/0/pictures/Rekonstrukce_Staroměstské_radnice_1AAJ3919.jpg
Old_Town_Hall_(Prague),190045,0,commons/Renovation_of_the_Old_Town_Hall_Tower_(Prague)/0/pictures/Rekonstrukce_Staroměstské_radnice_1AAO4670.jpg
Old_Town_Hall_(Prague),190045,0,commons/Renovation_of_the_Old_Town_Hall_Tower_(Prague)/0/pictures/Rekonstrukce_Staroměstské_radnice_1AAE2933.jpg
Old_Town_Hall_(Prague),190045,0,"commons/Old_Town_Hall_(Prague)/0/pictures/Old_Town,_110_00_Prague-Prague_1,_Czech_Republic_-_panoramio_(134).jpg"
Old_Town_Hall_(Prague),190045,0,commons/Wölflinův_dům_(Old_Town_Hall)/0/pictures/363_Torre_de_l'Ajuntament_de_la_Ciutat_Vella_i_església_de_Týn.jpg
Old_Town_Hall_(Prague),190045,0,commons/Renovation_of_the_Old_Town_Hall_Tower_(Prague)/0/pictures/Rekonstrukce_Staroměstské_radnice_1AAJ3922.jpg
Old_Town_Hall_(Prague),190045,0,commons/Renovation_of_the_Old_Town_Hall_Tower_(Prague)/0/pictures/Rekonstrukce_Staroměstské_radnice_1AAO4674.jpg
Old_Town_Hall_(Prague),190045,0,"commons/Old_Town_Hall_(Prague)/0/pictures/Old_Town,_110_00_Prague-Prague_1,_Czech_Republic_-_panoramio_(41).jpg"
Old_Town_Hall_(Prague),190045,0,commons/Renovation_of_the_Old_Town_Hall_Tower_(Prague)/0/pictures/Rekonstrukce_Staroměstské_radnice_1AAO4675.jpg
Old_Town_Hall_(Prague),190045,0,commons/Renovation_of_the_Old_Town_Hall_Tower_(Prague)/0/pictures/Rekonstrukce_Staroměstské_radnice_1AAE2939.jpg
Old_Town_Hall_(Prague),190045,0,"commons/Old_Town_Hall_(Prague)/0/pictures/Old_Town,_110_00_Prague-Prague_1,_Czech_Republic_-_panoramio_(79).jpg"
Old_Town_Hall_(Prague),190045,0,commons/Renovation_of_the_Old_Town_Hall_Tower_(Prague)/0/pictures/Rekonstrukce_Staroměstské_radnice_1AAO4677.jpg
Old_Town_Hall_(Prague),190045,0,commons/Renovation_of_the_Old_Town_Hall_Tower_(Prague)/0/pictures/Rekonstrukce_Staroměstské_radnice_1AAE2941.jpg
Old_Town_Hall_(Prague),190045,0,commons/Renovation_of_the_Old_Town_Hall_Tower_(Prague)/0/pictures/Rekonstrukce_Staroměstské_radnice_1AAP1822.jpg
Old_Town_Hall_(Prague),190045,0,"commons/Old_Town_Hall_(Prague)/0/pictures/Old_Town,_110_00_Prague-Prague_1,_Czech_Republic_-_panoramio_(58).jpg"
Old_Town_Hall_(Prague),190045,0,commons/Renovation_of_the_Old_Town_Hall_Tower_(Prague)/0/pictures/Rekonstrukce_Staroměstské_radnice_1AAO4679-HDR.jpg
Old_Town_Hall_(Prague),190045,0,commons/Renovation_of_the_Old_Town_Hall_Tower_(Prague)/0/pictures/Rekonstrukce_Staroměstské_radnice_1AAE2943.jpg
Old_Town_Hall_(Prague),190045,0,commons/Renovation_of_the_Old_Town_Hall_Tower_(Prague)/0/pictures/Rekonstrukce_Staroměstské_radnice_1AAL7501.jpg
Old_Town_Hall_(Prague),190045,0,"commons/Old_Town_Hall_(Prague)/0/pictures/Old_Town,_110_00_Prague-Prague_1,_Czech_Republic_-_panoramio_(83).jpg"
Old_Town_Hall_(Prague),190045,0,commons/Wölflinův_dům_(Old_Town_Hall)/0/pictures/Ague_Praha_2014_Holmstad_Gotisk_døør_til_det_gamle_rådhuset_-_Gothic_door_to_old_town_hall_at_Stare_Mesto_3.JPG
Old_Town_Hall_(Prague),190045,0,commons/Renovation_of_the_Old_Town_Hall_Tower_(Prague)/0/pictures/Rekonstrukce_Staroměstské_radnice_1AAJ3936.jpg
Old_Town_Hall_(Prague),190045,0,commons/Renovation_of_the_Old_Town_Hall_Tower_(Prague)/0/pictures/Rekonstrukce_Staroměstské_radnice_1AAE2949.jpg
Old_Town_Hall_(Prague),190045,0,commons/Renovation_of_the_Old_Town_Hall_Tower_(Prague)/0/pictures/Rekonstrukce_Staroměstské_radnice_1AAL7506.jpg
Old_Town_Hall_(Prague),190045,0,"commons/Old_Town_Hall_(Prague)/0/pictures/Old_Town,_110_00_Prague-Prague_1,_Czech_Republic_-_panoramio_(95).jpg"
Old_Town_Hall_(Prague),190045,0,commons/Wölflinův_dům_(Old_Town_Hall)/0/pictures/Ague_Praha_2014_Holmstad_Gotisk_døør_til_det_gamle_rådhuset_-_Gothic_door_to_old_town_hall_at_Stare_Mesto_4.JPG
Old_Town_Hall_(Prague),190045,0,commons/Renovation_of_the_Old_Town_Hall_Tower_(Prague)/0/pictures/Rekonstrukce_Staroměstské_radnice_1AAJ3939.jpg
Old_Town_Hall_(Prague),190045,0,commons/Renovation_of_the_Old_Town_Hall_Tower_(Prague)/0/pictures/Rekonstrukce_Staroměstské_radnice_1AAL7508.jpg
Old_Town_Hall_(Prague),190045,0,"commons/Old_Town_Hall_(Prague)/0/pictures/Old_Town,_110_00_Prague-Prague_1,_Czech_Republic_-_panoramio_-_lexx2062_(3).jpg"
Old_Town_Hall_(Prague),190045,0,commons/Wölflinův_dům_(Old_Town_Hall)/0/pictures/Ambulance_Truck_Staromak_Praha_2843m.jpg
Old_Town_Hall_(Prague),190045,0,commons/Renovation_of_the_Old_Town_Hall_Tower_(Prague)/0/pictures/Rekonstrukce_Staroměstské_radnice_1AAJ3941.jpg
Old_Town_Hall_(Prague),190045,0,commons/Renovation_of_the_Old_Town_Hall_Tower_(Prague)/0/pictures/Rekonstrukce_Staroměstské_radnice_1AAE2953.jpg
Old_Town_Hall_(Prague),190045,0,"commons/Old_Town_Hall_(Prague)/0/pictures/Old_Town,_110_00_Prague-Prague_1,_Czech_Republic_-_panoramio_-_lexx2062_(2).jpg"
Old_Town_Hall_(Prague),190045,0,commons/Renovation_of_the_Old_Town_Hall_Tower_(Prague)/0/pictures/Rekonstrukce_Staroměstské_radnice_1AAJ3947.jpg
Old_Town_Hall_(Prague),190045,0,commons/Renovation_of_the_Old_Town_Hall_Tower_(Prague)/0/pictures/Rekonstrukce_Staroměstské_radnice_1AAR0734.jpg
Old_Town_Hall_(Prague),190045,0,commons/Renovation_of_the_Old_Town_Hall_Tower_(Prague)/0/pictures/Rekonstrukce_Staroměstské_radnice_1AAE2959.jpg
Old_Town_Hall_(Prague),190045,0,commons/Renovation_of_the_Old_Town_Hall_Tower_(Prague)/0/pictures/Rekonstrukce_Staroměstské_radnice_1AAR0743.jpg
Old_Town_Hall_(Prague),190045,0,commons/Renovation_of_the_Old_Town_Hall_Tower_(Prague)/0/pictures/Rekonstrukce_Staroměstské_radnice_1AAE2960.jpg
Old_Town_Hall_(Prague),190045,0,commons/Renovation_of_the_Old_Town_Hall_Tower_(Prague)/0/pictures/Rekonstrukce_Staroměstské_radnice_1AAL7581.jpg
Old_Town_Hall_(Prague),190045,0,commons/Renovation_of_the_Old_Town_Hall_Tower_(Prague)/0/pictures/Rekonstrukce_Staroměstské_radnice_1AAR0747.jpg
Old_Town_Hall_(Prague),190045,0,commons/Renovation_of_the_Old_Town_Hall_Tower_(Prague)/0/pictures/Rekonstrukce_Staroměstské_radnice_1AAE2962.jpg
Old_Town_Hall_(Prague),190045,0,commons/Renovation_of_the_Old_Town_Hall_Tower_(Prague)/0/pictures/Rekonstrukce_Staroměstské_radnice_1AAR0756.jpg
Old_Town_Hall_(Prague),190045,0,commons/Renovation_of_the_Old_Town_Hall_Tower_(Prague)/0/pictures/Rekonstrukce_Staroměstské_radnice_1AAE2964.jpg
Old_Town_Hall_(Prague),190045,0,commons/Renovation_of_the_Old_Town_Hall_Tower_(Prague)/0/pictures/Rekonstrukce_Staroměstské_radnice_1AAL7586.jpg
Old_Town_Hall_(Prague),190045,0,commons/Renovation_of_the_Old_Town_Hall_Tower_(Prague)/0/pictures/Rekonstrukce_Staroměstské_radnice_1AAR0770.jpg
Old_Town_Hall_(Prague),190045,0,commons/Renovation_of_the_Old_Town_Hall_Tower_(Prague)/0/pictures/Rekonstrukce_Staroměstské_radnice_1AAE2966.jpg
Old_Town_Hall_(Prague),190045,0,commons/Renovation_of_the_Old_Town_Hall_Tower_(Prague)/0/pictures/Rekonstrukce_Staroměstské_radnice_1AAR0778.jpg
Old_Town_Hall_(Prague),190045,0,commons/Renovation_of_the_Old_Town_Hall_Tower_(Prague)/0/pictures/Rekonstrukce_Staroměstské_radnice_1AAE2968.jpg
Old_Town_Hall_(Prague),190045,0,commons/Renovation_of_the_Old_Town_Hall_Tower_(Prague)/0/pictures/Rekonstrukce_Staroměstské_radnice_1AAR0805.jpg
Old_Town_Hall_(Prague),190045,0,commons/Renovation_of_the_Old_Town_Hall_Tower_(Prague)/0/pictures/Rekonstrukce_Staroměstské_radnice_1AAE2972.jpg
Old_Town_Hall_(Prague),190045,0,commons/Renovation_of_the_Old_Town_Hall_Tower_(Prague)/0/pictures/Rekonstrukce_Staroměstské_radnice_1AAL7607.jpg
Old_Town_Hall_(Prague),190045,0,commons/Renovation_of_the_Old_Town_Hall_Tower_(Prague)/0/pictures/Rekonstrukce_Staroměstské_radnice_1AAE2970.jpg
Old_Town_Hall_(Prague),190045,0,commons/Renovation_of_the_Old_Town_Hall_Tower_(Prague)/0/pictures/Rekonstrukce_Staroměstské_radnice_1AAL7612.jpg
Old_Town_Hall_(Prague),190045,0,commons/Renovation_of_the_Old_Town_Hall_Tower_(Prague)/0/pictures/Rekonstrukce_Staroměstské_radnice_1AAE2974.jpg
Old_Town_Hall_(Prague),190045,0,commons/Renovation_of_the_Old_Town_Hall_Tower_(Prague)/0/pictures/Rekonstrukce_Staroměstské_radnice_1AAR0840.jpg
Old_Town_Hall_(Prague),190045,0,commons/Renovation_of_the_Old_Town_Hall_Tower_(Prague)/0/pictures/Rekonstrukce_Staroměstské_radnice_1AAE2976.jpg
Old_Town_Hall_(Prague),190045,0,commons/Renovation_of_the_Old_Town_Hall_Tower_(Prague)/0/pictures/Rekonstrukce_Staroměstské_radnice_1AAR0844.jpg
Old_Town_Hall_(Prague),190045,0,commons/Renovation_of_the_Old_Town_Hall_Tower_(Prague)/0/pictures/Rekonstrukce_Staroměstské_radnice_1AAE2978.jpg
Old_Town_Hall_(Prague),190045,0,commons/Renovation_of_the_Old_Town_Hall_Tower_(Prague)/0/pictures/Rekonstrukce_Staroměstské_radnice_1AAL7618.jpg
Old_Town_Hall_(Prague),190045,0,commons/Renovation_of_the_Old_Town_Hall_Tower_(Prague)/0/pictures/Rekonstrukce_Staroměstské_radnice_1AAR0848.jpg
Old_Town_Hall_(Prague),190045,0,commons/Renovation_of_the_Old_Town_Hall_Tower_(Prague)/0/pictures/Rekonstrukce_Staroměstské_radnice_1AAE2980.jpg
Old_Town_Hall_(Prague),190045,0,commons/Renovation_of_the_Old_Town_Hall_Tower_(Prague)/0/pictures/Rekonstrukce_Staroměstské_radnice_1AAR0852.jpg
Old_Town_Hall_(Prague),190045,0,commons/Renovation_of_the_Old_Town_Hall_Tower_(Prague)/0/pictures/Rekonstrukce_Staroměstské_radnice_1AAE2982.jpg
Old_Town_Hall_(Prague),190045,0,"commons/Old_Town_Hall_(Prague)/0/pictures/Prague_Astronomical_Tower,_Czech_Republic_(Ank_Kumar)_01.jpg"
Old_Town_Hall_(Prague),190045,0,commons/Renovation_of_the_Old_Town_Hall_Tower_(Prague)/0/pictures/Rekonstrukce_Staroměstské_radnice_1AAO6305.jpg
Old_Town_Hall_(Prague),190045,0,"commons/Old_Town_Hall_(Prague)/0/pictures/Prague_Astronomical_Tower,_Czech_Republic_(Ank_Kumar)_06.jpg"
Old_Town_Hall_(Prague),190045,0,"commons/Old_Town_Hall_(Prague)/0/pictures/Prague_Astronomical_Tower,_Czech_Republic_(Ank_Kumar)_11.jpg"
Old_Town_Hall_(Prague),190045,0,"commons/Old_Town_Hall_(Prague)/0/pictures/Prague_Astronomical_Tower,_Czech_Republic_(Ank_Kumar)_10.jpg"
Old_Town_Hall_(Prague),190045,0,commons/Renovation_of_the_Old_Town_Hall_Tower_(Prague)/0/pictures/Rekonstrukce_Staroměstské_radnice_1AAO6331.jpg
Old_Town_Hall_(Prague),190045,0,"commons/Old_Town_Hall_(Prague)/0/pictures/Prague_Astronomical_Tower,_Czech_Republic_(Ank_Kumar)_12.jpg"
Old_Town_Hall_(Prague),190045,0,commons/Old_Town_Hall_(Prague)/0/pictures/Prague_IMG_0934_(378139148).jpg
Old_Town_Hall_(Prague),190045,0,commons/Old_Town_Hall_(Prague)/0/pictures/Prague_NZ7_0337_(31349022898).jpg
Old_Town_Hall_(Prague),190045,0,commons/Old_Town_Hall_(Prague)/0/pictures/Prague_Town_Hall_Clock_2021_01.jpg
Old_Town_Hall_(Prague),190045,0,commons/Old_Town_Hall_(Prague)/0/pictures/Prague_Town_Hall_Clock_2021_07.jpg
Old_Town_Hall_(Prague),190045,0,"commons/Wölflinův_dům_(Old_Town_Hall)/0/pictures/Praha,_Staroměstské_náměstí,_Staroměstská_radnice.jpg"
Old_Town_Hall_(Prague),190045,0,commons/Renovation_of_the_Old_Town_Hall_Tower_(Prague)/0/pictures/Rekonstrukce_Staroměstské_radnice_1AAJ4105.jpg
Old_Town_Hall_(Prague),190045,0,commons/Old_Town_Hall_(Prague)/0/pictures/Prague_nightscape_(8269436718).jpg
Old_Town_Hall_(Prague),190045,0,commons/Wölflinův_dům_(Old_Town_Hall)/0/pictures/Radnice_Staroměstská_(Staré_Město)_1.JPG
Old_Town_Hall_(Prague),190045,0,commons/Renovation_of_the_Old_Town_Hall_Tower_(Prague)/0/pictures/Rekonstrukce_Staroměstské_radnice_1AAJ4120.jpg
Old_Town_Hall_(Prague),190045,0,commons/Old_Town_Hall_(Prague)/0/pictures/Stari_trg_2_-_panoramio.jpg
Old_Town_Hall_(Prague),190045,0,commons/Renovation_of_the_Old_Town_Hall_Tower_(Prague)/0/pictures/Rekonstrukce_Staroměstské_radnice_1AAJ5380.jpg
Old_Town_Hall_(Prague),190045,0,commons/Renovation_of_the_Old_Town_Hall_Tower_(Prague)/0/pictures/Rekonstrukce_Staroměstské_radnice_1AAR0856.jpg
Old_Town_Hall_(Prague),190045,0,commons/Renovation_of_the_Old_Town_Hall_Tower_(Prague)/0/pictures/Rekonstrukce_Staroměstské_radnice_1AAE2987.jpg
Old_Town_Hall_(Prague),190045,0,commons/Renovation_of_the_Old_Town_Hall_Tower_(Prague)/0/pictures/Rekonstrukce_Staroměstské_radnice_1AAR0860.jpg
Old_Town_Hall_(Prague),190045,0,commons/Renovation_of_the_Old_Town_Hall_Tower_(Prague)/0/pictures/Rekonstrukce_Staroměstské_radnice_1AAE2991.jpg
Old_Town_Hall_(Prague),190045,0,commons/Renovation_of_the_Old_Town_Hall_Tower_(Prague)/0/pictures/Rekonstrukce_Staroměstské_radnice_1AAL7687.jpg
Old_Town_Hall_(Prague),190045,0,commons/Renovation_of_the_Old_Town_Hall_Tower_(Prague)/0/pictures/Rekonstrukce_Staroměstské_radnice_1AAQ4841.jpg
Old_Town_Hall_(Prague),190045,0,commons/Renovation_of_the_Old_Town_Hall_Tower_(Prague)/0/pictures/Rekonstrukce_Staroměstské_radnice_1AAE2993.jpg
Old_Town_Hall_(Prague),190045,0,commons/Renovation_of_the_Old_Town_Hall_Tower_(Prague)/0/pictures/Rekonstrukce_Staroměstské_radnice_1AAL7688.jpg
Old_Town_Hall_(Prague),190045,0,commons/Renovation_of_the_Old_Town_Hall_Tower_(Prague)/0/pictures/Rekonstrukce_Staroměstské_radnice_1AAQ4843.jpg
Old_Town_Hall_(Prague),190045,0,commons/Renovation_of_the_Old_Town_Hall_Tower_(Prague)/0/pictures/Rekonstrukce_Staroměstské_radnice_1AAR0864.jpg
Old_Town_Hall_(Prague),190045,0,commons/Renovation_of_the_Old_Town_Hall_Tower_(Prague)/0/pictures/Rekonstrukce_Staroměstské_radnice_1AAE2995.jpg
Old_Town_Hall_(Prague),190045,0,commons/Renovation_of_the_Old_Town_Hall_Tower_(Prague)/0/pictures/Rekonstrukce_Staroměstské_radnice_1AAL7701.jpg
Old_Town_Hall_(Prague),190045,0,commons/Renovation_of_the_Old_Town_Hall_Tower_(Prague)/0/pictures/Rekonstrukce_Staroměstské_radnice_1AAQ4844.jpg
Old_Town_Hall_(Prague),190045,0,commons/Renovation_of_the_Old_Town_Hall_Tower_(Prague)/0/pictures/Rekonstrukce_Staroměstské_radnice_1AAR0873.jpg
Old_Town_Hall_(Prague),190045,0,commons/Renovation_of_the_Old_Town_Hall_Tower_(Prague)/0/pictures/Rekonstrukce_Staroměstské_radnice_1AAE2997.jpg
Old_Town_Hall_(Prague),190045,0,commons/Renovation_of_the_Old_Town_Hall_Tower_(Prague)/0/pictures/Rekonstrukce_Staroměstské_radnice_1AAL7703.jpg
Old_Town_Hall_(Prague),190045,0,commons/Renovation_of_the_Old_Town_Hall_Tower_(Prague)/0/pictures/Rekonstrukce_Staroměstské_radnice_1AAQ4850.jpg
Old_Town_Hall_(Prague),190045,0,commons/Renovation_of_the_Old_Town_Hall_Tower_(Prague)/0/pictures/Rekonstrukce_Staroměstské_radnice_1AAE2999.jpg
Old_Town_Hall_(Prague),190045,0,commons/Renovation_of_the_Old_Town_Hall_Tower_(Prague)/0/pictures/Rekonstrukce_Staroměstské_radnice_1AAL7704.jpg
Old_Town_Hall_(Prague),190045,0,commons/Renovation_of_the_Old_Town_Hall_Tower_(Prague)/0/pictures/Rekonstrukce_Staroměstské_radnice_1AAQ4855.jpg
Old_Town_Hall_(Prague),190045,0,commons/Renovation_of_the_Old_Town_Hall_Tower_(Prague)/0/pictures/Rekonstrukce_Staroměstské_radnice_1AAR0877.jpg
Old_Town_Hall_(Prague),190045,0,commons/Renovation_of_the_Old_Town_Hall_Tower_(Prague)/0/pictures/Rekonstrukce_Staroměstské_radnice_1AAE3001.jpg
Old_Town_Hall_(Prague),190045,0,commons/Renovation_of_the_Old_Town_Hall_Tower_(Prague)/0/pictures/Rekonstrukce_Staroměstské_radnice_1AAL7723.jpg
Old_Town_Hall_(Prague),190045,0,commons/Renovation_of_the_Old_Town_Hall_Tower_(Prague)/0/pictures/Rekonstrukce_Staroměstské_radnice_1AAB7420.jpg
Old_Town_Hall_(Prague),190045,0,commons/Renovation_of_the_Old_Town_Hall_Tower_(Prague)/0/pictures/Rekonstrukce_Staroměstské_radnice_1AAQ4857.jpg
Old_Town_Hall_(Prague),190045,0,commons/Renovation_of_the_Old_Town_Hall_Tower_(Prague)/0/pictures/Rekonstrukce_Staroměstské_radnice_1AAE3003.jpg
Old_Town_Hall_(Prague),190045,0,commons/Renovation_of_the_Old_Town_Hall_Tower_(Prague)/0/pictures/Rekonstrukce_Staroměstské_radnice_1AAL7752.jpg
Old_Town_Hall_(Prague),190045,0,commons/Renovation_of_the_Old_Town_Hall_Tower_(Prague)/0/pictures/Rekonstrukce_Staroměstské_radnice_1AAB7411.jpg
Old_Town_Hall_(Prague),190045,0,commons/Renovation_of_the_Old_Town_Hall_Tower_(Prague)/0/pictures/Rekonstrukce_Staroměstské_radnice_1AAQ4860.jpg
Old_Town_Hall_(Prague),190045,0,commons/Renovation_of_the_Old_Town_Hall_Tower_(Prague)/0/pictures/Rekonstrukce_Staroměstské_radnice_1AAR0886.jpg
Old_Town_Hall_(Prague),190045,0,commons/Renovation_of_the_Old_Town_Hall_Tower_(Prague)/0/pictures/Rekonstrukce_Staroměstské_radnice_1AAE3005.jpg
Old_Town_Hall_(Prague),190045,0,commons/Renovation_of_the_Old_Town_Hall_Tower_(Prague)/0/pictures/Rekonstrukce_Staroměstské_radnice_1AAL7729.jpg
Old_Town_Hall_(Prague),190045,0,commons/Renovation_of_the_Old_Town_Hall_Tower_(Prague)/0/pictures/Rekonstrukce_Staroměstské_radnice_1AAQ4870.jpg
Old_Town_Hall_(Prague),190045,0,commons/Renovation_of_the_Old_Town_Hall_Tower_(Prague)/0/pictures/Rekonstrukce_Staroměstské_radnice_1AAE3007.jpg
Old_Town_Hall_(Prague),190045,0,commons/Renovation_of_the_Old_Town_Hall_Tower_(Prague)/0/pictures/Rekonstrukce_Staroměstské_radnice_1AAL7776.jpg
Old_Town_Hall_(Prague),190045,0,commons/Renovation_of_the_Old_Town_Hall_Tower_(Prague)/0/pictures/Rekonstrukce_Staroměstské_radnice_1AAE3009.jpg
Old_Town_Hall_(Prague),190045,0,commons/Renovation_of_the_Old_Town_Hall_Tower_(Prague)/0/pictures/Rekonstrukce_Staroměstské_radnice_1AAL7780.jpg
Old_Town_Hall_(Prague),190045,0,commons/Renovation_of_the_Old_Town_Hall_Tower_(Prague)/0/pictures/Rekonstrukce_Staroměstské_radnice_1AAR0894.jpg
Old_Town_Hall_(Prague),190045,0,commons/Renovation_of_the_Old_Town_Hall_Tower_(Prague)/0/pictures/Rekonstrukce_Staroměstské_radnice_1AAE3011.jpg
Old_Town_Hall_(Prague),190045,0,commons/Renovation_of_the_Old_Town_Hall_Tower_(Prague)/0/pictures/Rekonstrukce_Staroměstské_radnice_1AAL7781.jpg
Old_Town_Hall_(Prague),190045,0,commons/Renovation_of_the_Old_Town_Hall_Tower_(Prague)/0/pictures/Rekonstrukce_Staroměstské_radnice_1AAQ4891.jpg
Old_Town_Hall_(Prague),190045,0,commons/Renovation_of_the_Old_Town_Hall_Tower_(Prague)/0/pictures/Rekonstrukce_Staroměstské_radnice_1AAE3015.jpg
Old_Town_Hall_(Prague),190045,0,commons/Renovation_of_the_Old_Town_Hall_Tower_(Prague)/0/pictures/Rekonstrukce_Staroměstské_radnice_1AAL7788.jpg
Old_Town_Hall_(Prague),190045,0,commons/Renovation_of_the_Old_Town_Hall_Tower_(Prague)/0/pictures/Rekonstrukce_Staroměstské_radnice_1AAQ4892.jpg
Old_Town_Hall_(Prague),190045,0,commons/Renovation_of_the_Old_Town_Hall_Tower_(Prague)/0/pictures/Rekonstrukce_Staroměstské_radnice_1AAE3013.jpg
Old_Town_Hall_(Prague),190045,0,commons/Renovation_of_the_Old_Town_Hall_Tower_(Prague)/0/pictures/Rekonstrukce_Staroměstské_radnice_1AAL7785.jpg
Old_Town_Hall_(Prague),190045,0,commons/Renovation_of_the_Old_Town_Hall_Tower_(Prague)/0/pictures/Rekonstrukce_Staroměstské_radnice_1AAQ4898.jpg
Old_Town_Hall_(Prague),190045,0,commons/Renovation_of_the_Old_Town_Hall_Tower_(Prague)/0/pictures/Rekonstrukce_Staroměstské_radnice_1AAR0906.jpg
Old_Town_Hall_(Prague),190045,0,commons/Renovation_of_the_Old_Town_Hall_Tower_(Prague)/0/pictures/Rekonstrukce_Staroměstské_radnice_1AAE3017.jpg
Old_Town_Hall_(Prague),190045,0,commons/Renovation_of_the_Old_Town_Hall_Tower_(Prague)/0/pictures/Rekonstrukce_Staroměstské_radnice_1AAL7795.jpg
Old_Town_Hall_(Prague),190045,0,commons/Renovation_of_the_Old_Town_Hall_Tower_(Prague)/0/pictures/Rekonstrukce_Staroměstské_radnice_1AAQ4913.jpg
Old_Town_Hall_(Prague),190045,0,commons/Renovation_of_the_Old_Town_Hall_Tower_(Prague)/0/pictures/Rekonstrukce_Staroměstské_radnice_1AAE3019.jpg
Old_Town_Hall_(Prague),190045,0,commons/Renovation_of_the_Old_Town_Hall_Tower_(Prague)/0/pictures/Rekonstrukce_Staroměstské_radnice_1AAL7812.jpg
Old_Town_Hall_(Prague),190045,0,commons/Renovation_of_the_Old_Town_Hall_Tower_(Prague)/0/pictures/Rekonstrukce_Staroměstské_radnice_1AAQ4928.jpg
Old_Town_Hall_(Prague),190045,0,commons/Renovation_of_the_Old_Town_Hall_Tower_(Prague)/0/pictures/Rekonstrukce_Staroměstské_radnice_1AAE3023.jpg
Old_Town_Hall_(Prague),190045,0,commons/Renovation_of_the_Old_Town_Hall_Tower_(Prague)/0/pictures/Rekonstrukce_Staroměstské_radnice_1AAL7817.jpg
Old_Town_Hall_(Prague),190045,0,commons/Renovation_of_the_Old_Town_Hall_Tower_(Prague)/0/pictures/Rekonstrukce_Staroměstské_radnice_1AAQ4932.jpg
Old_Town_Hall_(Prague),190045,0,commons/Renovation_of_the_Old_Town_Hall_Tower_(Prague)/0/pictures/Rekonstrukce_Staroměstské_radnice_1AAR0918.jpg
Old_Town_Hall_(Prague),190045,0,commons/Renovation_of_the_Old_Town_Hall_Tower_(Prague)/0/pictures/Rekonstrukce_Staroměstské_radnice_1AAE3027.jpg
Old_Town_Hall_(Prague),190045,0,commons/Renovation_of_the_Old_Town_Hall_Tower_(Prague)/0/pictures/Rekonstrukce_Staroměstské_radnice_1AAL7819.jpg
Old_Town_Hall_(Prague),190045,0,commons/Renovation_of_the_Old_Town_Hall_Tower_(Prague)/0/pictures/Rekonstrukce_Staroměstské_radnice_1AAQ4936.jpg
Old_Town_Hall_(Prague),190045,0,commons/Renovation_of_the_Old_Town_Hall_Tower_(Prague)/0/pictures/Rekonstrukce_Staroměstské_radnice_1AAR0923.jpg
Old_Town_Hall_(Prague),190045,0,commons/Renovation_of_the_Old_Town_Hall_Tower_(Prague)/0/pictures/Rekonstrukce_Staroměstské_radnice_1AAE3028.jpg
Old_Town_Hall_(Prague),190045,0,commons/Renovation_of_the_Old_Town_Hall_Tower_(Prague)/0/pictures/Rekonstrukce_Staroměstské_radnice_1AAL7825.jpg
Old_Town_Hall_(Prague),190045,0,commons/Renovation_of_the_Old_Town_Hall_Tower_(Prague)/0/pictures/Rekonstrukce_Staroměstské_radnice_1AAQ4944.jpg
Old_Town_Hall_(Prague),190045,0,commons/Renovation_of_the_Old_Town_Hall_Tower_(Prague)/0/pictures/Rekonstrukce_Staroměstské_radnice_1AAE3030.jpg
Old_Town_Hall_(Prague),190045,0,commons/Renovation_of_the_Old_Town_Hall_Tower_(Prague)/0/pictures/Rekonstrukce_Staroměstské_radnice_1AAQ4951.jpg
Old_Town_Hall_(Prague),190045,0,commons/Renovation_of_the_Old_Town_Hall_Tower_(Prague)/0/pictures/Rekonstrukce_Staroměstské_radnice_1AAE3032.jpg
Old_Town_Hall_(Prague),190045,0,commons/Renovation_of_the_Old_Town_Hall_Tower_(Prague)/0/pictures/Rekonstrukce_Staroměstské_radnice_1AAQ4998.jpg
Old_Town_Hall_(Prague),190045,0,commons/Renovation_of_the_Old_Town_Hall_Tower_(Prague)/0/pictures/Rekonstrukce_Staroměstské_radnice_1AAR0926.jpg
Old_Town_Hall_(Prague),190045,0,commons/Renovation_of_the_Old_Town_Hall_Tower_(Prague)/0/pictures/Rekonstrukce_Staroměstské_radnice_1AAE3033.jpg
Old_Town_Hall_(Prague),190045,0,commons/Renovation_of_the_Old_Town_Hall_Tower_(Prague)/0/pictures/Rekonstrukce_Staroměstské_radnice_1AAL7856.jpg
Old_Town_Hall_(Prague),190045,0,commons/Renovation_of_the_Old_Town_Hall_Tower_(Prague)/0/pictures/Rekonstrukce_Staroměstské_radnice_1AAR0935.jpg
Old_Town_Hall_(Prague),190045,0,commons/Renovation_of_the_Old_Town_Hall_Tower_(Prague)/0/pictures/Rekonstrukce_Staroměstské_radnice_1AAE3035.jpg
Old_Town_Hall_(Prague),190045,0,commons/Renovation_of_the_Old_Town_Hall_Tower_(Prague)/0/pictures/Rekonstrukce_Staroměstské_radnice_1AAL7835.jpg
Old_Town_Hall_(Prague),190045,0,commons/Renovation_of_the_Old_Town_Hall_Tower_(Prague)/0/pictures/Rekonstrukce_Staroměstské_radnice_1AAQ5205.jpg
Old_Town_Hall_(Prague),190045,0,commons/Renovation_of_the_Old_Town_Hall_Tower_(Prague)/0/pictures/Rekonstrukce_Staroměstské_radnice_1AAE3039.jpg
Old_Town_Hall_(Prague),190045,0,commons/Renovation_of_the_Old_Town_Hall_Tower_(Prague)/0/pictures/Rekonstrukce_Staroměstské_radnice_1AAL7864.jpg
Old_Town_Hall_(Prague),190045,0,commons/Renovation_of_the_Old_Town_Hall_Tower_(Prague)/0/pictures/Rekonstrukce_Staroměstské_radnice_1AAQ5430.jpg
Old_Town_Hall_(Prague),190045,0,commons/Renovation_of_the_Old_Town_Hall_Tower_(Prague)/0/pictures/Rekonstrukce_Staroměstské_radnice_1AAR0939.jpg
Old_Town_Hall_(Prague),190045,0,commons/Renovation_of_the_Old_Town_Hall_Tower_(Prague)/0/pictures/Rekonstrukce_Staroměstské_radnice_1AAE3037.jpg
Old_Town_Hall_(Prague),190045,0,commons/Renovation_of_the_Old_Town_Hall_Tower_(Prague)/0/pictures/Rekonstrukce_Staroměstské_radnice_1AAQ6090.jpg
Old_Town_Hall_(Prague),190045,0,commons/Renovation_of_the_Old_Town_Hall_Tower_(Prague)/0/pictures/Rekonstrukce_Staroměstské_radnice_1AAR0942.jpg
Old_Town_Hall_(Prague),190045,0,commons/Renovation_of_the_Old_Town_Hall_Tower_(Prague)/0/pictures/Rekonstrukce_Staroměstské_radnice_1AAE3041.jpg
Old_Town_Hall_(Prague),190045,0,commons/Renovation_of_the_Old_Town_Hall_Tower_(Prague)/0/pictures/Rekonstrukce_Staroměstské_radnice_1AAE3043.jpg
Old_Town_Hall_(Prague),190045,0,commons/Renovation_of_the_Old_Town_Hall_Tower_(Prague)/0/pictures/Rekonstrukce_Staroměstské_radnice_1AAQ6092.jpg
Old_Town_Hall_(Prague),190045,0,commons/Renovation_of_the_Old_Town_Hall_Tower_(Prague)/0/pictures/Rekonstrukce_Staroměstské_radnice_1AAE3045.jpg
Old_Town_Hall_(Prague),190045,0,commons/Renovation_of_the_Old_Town_Hall_Tower_(Prague)/0/pictures/Rekonstrukce_Staroměstské_radnice_1AAR0952.jpg
Old_Town_Hall_(Prague),190045,0,commons/Renovation_of_the_Old_Town_Hall_Tower_(Prague)/0/pictures/Rekonstrukce_Staroměstské_radnice_1AAE3047.jpg
Old_Town_Hall_(Prague),190045,0,commons/Renovation_of_the_Old_Town_Hall_Tower_(Prague)/0/pictures/Rekonstrukce_Staroměstské_radnice_1AAL7953.jpg
Old_Town_Hall_(Prague),190045,0,commons/Renovation_of_the_Old_Town_Hall_Tower_(Prague)/0/pictures/Rekonstrukce_Staroměstské_radnice_1AAE3051.jpg
Old_Town_Hall_(Prague),190045,0,commons/Renovation_of_the_Old_Town_Hall_Tower_(Prague)/0/pictures/Rekonstrukce_Staroměstské_radnice_1AAL7956.jpg
Old_Town_Hall_(Prague),190045,0,commons/Renovation_of_the_Old_Town_Hall_Tower_(Prague)/0/pictures/Rekonstrukce_Staroměstské_radnice_1AAR0956.jpg
Old_Town_Hall_(Prague),190045,0,commons/Renovation_of_the_Old_Town_Hall_Tower_(Prague)/0/pictures/Rekonstrukce_Staroměstské_radnice_1AAE3049.jpg
Old_Town_Hall_(Prague),190045,0,commons/Renovation_of_the_Old_Town_Hall_Tower_(Prague)/0/pictures/Rekonstrukce_Staroměstské_radnice_1AAL7965.jpg
Old_Town_Hall_(Prague),190045,0,commons/Renovation_of_the_Old_Town_Hall_Tower_(Prague)/0/pictures/Rekonstrukce_Staroměstské_radnice_1AAE3055.jpg
Old_Town_Hall_(Prague),190045,0,commons/Renovation_of_the_Old_Town_Hall_Tower_(Prague)/0/pictures/Rekonstrukce_Staroměstské_radnice_1AAR0961.jpg
Old_Town_Hall_(Prague),190045,0,commons/Renovation_of_the_Old_Town_Hall_Tower_(Prague)/0/pictures/Rekonstrukce_Staroměstské_radnice_1AAE3053.jpg
Old_Town_Hall_(Prague),190045,0,commons/Renovation_of_the_Old_Town_Hall_Tower_(Prague)/0/pictures/Rekonstrukce_Staroměstské_radnice_1AAE3056.jpg
Old_Town_Hall_(Prague),190045,0,commons/Renovation_of_the_Old_Town_Hall_Tower_(Prague)/0/pictures/Rekonstrukce_Staroměstské_radnice_1AAE3060.jpg
Old_Town_Hall_(Prague),190045,0,commons/Renovation_of_the_Old_Town_Hall_Tower_(Prague)/0/pictures/Rekonstrukce_Staroměstské_radnice_1AAL8637.jpg
Old_Town_Hall_(Prague),190045,0,commons/Renovation_of_the_Old_Town_Hall_Tower_(Prague)/0/pictures/Rekonstrukce_Staroměstské_radnice_1AAE3061.jpg
Old_Town_Hall_(Prague),190045,0,commons/Renovation_of_the_Old_Town_Hall_Tower_(Prague)/0/pictures/Rekonstrukce_Staroměstské_radnice_1AAL8767.jpg
Old_Town_Hall_(Prague),190045,0,commons/Renovation_of_the_Old_Town_Hall_Tower_(Prague)/0/pictures/Rekonstrukce_Staroměstské_radnice_1AAR0980-Pano.jpg
Old_Town_Hall_(Prague),190045,0,commons/Renovation_of_the_Old_Town_Hall_Tower_(Prague)/0/pictures/Rekonstrukce_Staroměstské_radnice_1AAE3068.jpg
Old_Town_Hall_(Prague),190045,0,commons/Renovation_of_the_Old_Town_Hall_Tower_(Prague)/0/pictures/Rekonstrukce_Staroměstské_radnice_1AAL8778.jpg
Old_Town_Hall_(Prague),190045,0,commons/Renovation_of_the_Old_Town_Hall_Tower_(Prague)/0/pictures/Rekonstrukce_Staroměstské_radnice_1AAR1049.jpg
Old_Town_Hall_(Prague),190045,0,commons/Renovation_of_the_Old_Town_Hall_Tower_(Prague)/0/pictures/Rekonstrukce_Staroměstské_radnice_1AAE3331.jpg
Old_Town_Hall_(Prague),190045,0,commons/Renovation_of_the_Old_Town_Hall_Tower_(Prague)/0/pictures/Rekonstrukce_Staroměstské_radnice_1AAR1055.jpg
Old_Town_Hall_(Prague),190045,0,commons/Renovation_of_the_Old_Town_Hall_Tower_(Prague)/0/pictures/Rekonstrukce_Staroměstské_radnice_1AAE3334.jpg
Old_Town_Hall_(Prague),190045,0,commons/Renovation_of_the_Old_Town_Hall_Tower_(Prague)/0/pictures/Rekonstrukce_Staroměstské_radnice_1AAR1068.jpg
Old_Town_Hall_(Prague),190045,0,commons/Renovation_of_the_Old_Town_Hall_Tower_(Prague)/0/pictures/Rekonstrukce_Staroměstské_radnice_1AAE3338.jpg
Old_Town_Hall_(Prague),190045,0,commons/Renovation_of_the_Old_Town_Hall_Tower_(Prague)/0/pictures/Rekonstrukce_Staroměstské_radnice_1AAR1065.jpg
Old_Town_Hall_(Prague),190045,0,commons/Renovation_of_the_Old_Town_Hall_Tower_(Prague)/0/pictures/Rekonstrukce_Staroměstské_radnice_1AAE3339.jpg
Old_Town_Hall_(Prague),190045,0,commons/Renovation_of_the_Old_Town_Hall_Tower_(Prague)/0/pictures/Rekonstrukce_Staroměstské_radnice_1AAR1077.jpg
Old_Town_Hall_(Prague),190045,0,commons/Renovation_of_the_Old_Town_Hall_Tower_(Prague)/0/pictures/Rekonstrukce_Staroměstské_radnice_1AAE3346.jpg
Old_Town_Hall_(Prague),190045,0,commons/Renovation_of_the_Old_Town_Hall_Tower_(Prague)/0/pictures/Rekonstrukce_Staroměstské_radnice_1AAR1083.jpg
Old_Town_Hall_(Prague),190045,0,commons/Renovation_of_the_Old_Town_Hall_Tower_(Prague)/0/pictures/Rekonstrukce_Staroměstské_radnice_1AAE3347.jpg
Old_Town_Hall_(Prague),190045,0,commons/Renovation_of_the_Old_Town_Hall_Tower_(Prague)/0/pictures/Rekonstrukce_Staroměstské_radnice_1AAR1078.jpg
Old_Town_Hall_(Prague),190045,0,commons/Renovation_of_the_Old_Town_Hall_Tower_(Prague)/0/pictures/Rekonstrukce_Staroměstské_radnice_1AAE3350.jpg
Old_Town_Hall_(Prague),190045,0,commons/Renovation_of_the_Old_Town_Hall_Tower_(Prague)/0/pictures/Rekonstrukce_Staroměstské_radnice_1AAE4439.jpg
Old_Town_Hall_(Prague),190045,0,commons/Renovation_of_the_Old_Town_Hall_Tower_(Prague)/0/pictures/Rekonstrukce_Staroměstské_radnice_1AAE4503.jpg
Old_Town_Hall_(Prague),190045,0,commons/Renovation_of_the_Old_Town_Hall_Tower_(Prague)/0/pictures/Rekonstrukce_Staroměstské_radnice_1AAL9073.jpg
Old_Town_Hall_(Prague),190045,0,commons/Renovation_of_the_Old_Town_Hall_Tower_(Prague)/0/pictures/Rekonstrukce_Staroměstské_radnice_1AAE4507.jpg
Old_Town_Hall_(Prague),190045,0,commons/Renovation_of_the_Old_Town_Hall_Tower_(Prague)/0/pictures/Rekonstrukce_Staroměstské_radnice_1AAE4508.jpg
Old_Town_Hall_(Prague),190045,0,commons/Renovation_of_the_Old_Town_Hall_Tower_(Prague)/0/pictures/Rekonstrukce_Staroměstské_radnice_1AAE4510.jpg
Old_Town_Hall_(Prague),190045,0,commons/Renovation_of_the_Old_Town_Hall_Tower_(Prague)/0/pictures/Rekonstrukce_Staroměstské_radnice_1AAE4513.jpg
Old_Town_Hall_(Prague),190045,0,commons/Renovation_of_the_Old_Town_Hall_Tower_(Prague)/0/pictures/Rekonstrukce_Staroměstské_radnice_1AAE4515.jpg
Old_Town_Hall_(Prague),190045,0,commons/Renovation_of_the_Old_Town_Hall_Tower_(Prague)/0/pictures/Rekonstrukce_Staroměstské_radnice_1AAE4519.jpg
Old_Town_Hall_(Prague),190045,0,commons/Renovation_of_the_Old_Town_Hall_Tower_(Prague)/0/pictures/Rekonstrukce_Staroměstské_radnice_1AAC3382.jpg
Old_Town_Hall_(Prague),190045,0,commons/Renovation_of_the_Old_Town_Hall_Tower_(Prague)/0/pictures/Rekonstrukce_Staroměstské_radnice_1AAQ6294.jpg
Old_Town_Hall_(Prague),190045,0,commons/Renovation_of_the_Old_Town_Hall_Tower_(Prague)/0/pictures/Rekonstrukce_Staroměstské_radnice_1AAE4522.jpg
Old_Town_Hall_(Prague),190045,0,commons/Renovation_of_the_Old_Town_Hall_Tower_(Prague)/0/pictures/Rekonstrukce_Staroměstské_radnice_1AAQ6310.jpg
Old_Town_Hall_(Prague),190045,0,commons/Renovation_of_the_Old_Town_Hall_Tower_(Prague)/0/pictures/Rekonstrukce_Staroměstské_radnice_1AAR1181.jpg
Old_Town_Hall_(Prague),190045,0,commons/Renovation_of_the_Old_Town_Hall_Tower_(Prague)/0/pictures/Rekonstrukce_Staroměstské_radnice_1AAE4523.jpg
Old_Town_Hall_(Prague),190045,0,commons/Renovation_of_the_Old_Town_Hall_Tower_(Prague)/0/pictures/Rekonstrukce_Staroměstské_radnice_1AAR1185.jpg
Old_Town_Hall_(Prague),190045,0,commons/Renovation_of_the_Old_Town_Hall_Tower_(Prague)/0/pictures/Rekonstrukce_Staroměstské_radnice_1AAE4525.jpg
Old_Town_Hall_(Prague),190045,0,commons/Renovation_of_the_Old_Town_Hall_Tower_(Prague)/0/pictures/Rekonstrukce_Staroměstské_radnice_1AAR1210.jpg
Old_Town_Hall_(Prague),190045,0,commons/Renovation_of_the_Old_Town_Hall_Tower_(Prague)/0/pictures/Rekonstrukce_Staroměstské_radnice_1AAE4530.jpg
Old_Town_Hall_(Prague),190045,0,commons/Renovation_of_the_Old_Town_Hall_Tower_(Prague)/0/pictures/Rekonstrukce_Staroměstské_radnice_1AAR1217.jpg
Old_Town_Hall_(Prague),190045,0,commons/Renovation_of_the_Old_Town_Hall_Tower_(Prague)/0/pictures/Rekonstrukce_Staroměstské_radnice_1AAE4526.jpg
Old_Town_Hall_(Prague),190045,0,commons/Renovation_of_the_Old_Town_Hall_Tower_(Prague)/0/pictures/Rekonstrukce_Staroměstské_radnice_1AAE4535.jpg
Old_Town_Hall_(Prague),190045,0,commons/Renovation_of_the_Old_Town_Hall_Tower_(Prague)/0/pictures/Rekonstrukce_Staroměstské_radnice_1AAE4538.jpg
Old_Town_Hall_(Prague),190045,0,commons/Renovation_of_the_Old_Town_Hall_Tower_(Prague)/0/pictures/Rekonstrukce_Staroměstské_radnice_1AAE4540.jpg
Old_Town_Hall_(Prague),190045,0,commons/Renovation_of_the_Old_Town_Hall_Tower_(Prague)/0/pictures/Rekonstrukce_Staroměstské_radnice_1AAE4560.jpg
Old_Town_Hall_(Prague),190045,0,commons/Renovation_of_the_Old_Town_Hall_Tower_(Prague)/0/pictures/Rekonstrukce_Staroměstské_radnice_1AAL9146.jpg
Old_Town_Hall_(Prague),190045,0,commons/Renovation_of_the_Old_Town_Hall_Tower_(Prague)/0/pictures/Rekonstrukce_Staroměstské_radnice_1AAE7583.jpg
Old_Town_Hall_(Prague),190045,0,commons/Renovation_of_the_Old_Town_Hall_Tower_(Prague)/0/pictures/Rekonstrukce_Staroměstské_radnice_1AAE7591.jpg
Old_Town_Hall_(Prague),190045,0,commons/Renovation_of_the_Old_Town_Hall_Tower_(Prague)/0/pictures/Rekonstrukce_Staroměstské_radnice_1AAE7593.jpg
Old_Town_Hall_(Prague),190045,0,commons/Renovation_of_the_Old_Town_Hall_Tower_(Prague)/0/pictures/Rekonstrukce_Staroměstské_radnice_1AAE7611.jpg
Old_Town_Hall_(Prague),190045,0,commons/Renovation_of_the_Old_Town_Hall_Tower_(Prague)/0/pictures/Rekonstrukce_Staroměstské_radnice_1AAE7679.jpg
Old_Town_Hall_(Prague),190045,0,commons/Renovation_of_the_Old_Town_Hall_Tower_(Prague)/0/pictures/Rekonstrukce_Staroměstské_radnice_1AAE7677.jpg
Old_Town_Hall_(Prague),190045,0,commons/Renovation_of_the_Old_Town_Hall_Tower_(Prague)/0/pictures/Rekonstrukce_Staroměstské_radnice_1AAC4472.jpg
Old_Town_Hall_(Prague),190045,0,commons/Renovation_of_the_Old_Town_Hall_Tower_(Prague)/0/pictures/Rekonstrukce_Staroměstské_radnice_1AAQ6503.jpg
Old_Town_Hall_(Prague),190045,0,commons/Renovation_of_the_Old_Town_Hall_Tower_(Prague)/0/pictures/Rekonstrukce_Staroměstské_radnice_1AAE7681.jpg
Old_Town_Hall_(Prague),190045,0,commons/Renovation_of_the_Old_Town_Hall_Tower_(Prague)/0/pictures/Rekonstrukce_Staroměstské_radnice_1AAE7684.jpg
Old_Town_Hall_(Prague),190045,0,commons/Renovation_of_the_Old_Town_Hall_Tower_(Prague)/0/pictures/Rekonstrukce_Staroměstské_radnice_1AAR5913-Pano.jpg
Old_Town_Hall_(Prague),190045,0,commons/Renovation_of_the_Old_Town_Hall_Tower_(Prague)/0/pictures/Rekonstrukce_Staroměstské_radnice_1AAF51081.jpg
Old_Town_Hall_(Prague),190045,0,commons/Renovation_of_the_Old_Town_Hall_Tower_(Prague)/0/pictures/Rekonstrukce_Staroměstské_radnice_1AAR5928.jpg
Old_Town_Hall_(Prague),190045,0,commons/Renovation_of_the_Old_Town_Hall_Tower_(Prague)/0/pictures/Rekonstrukce_Staroměstské_radnice_1AAF51201.jpg
Old_Town_Hall_(Prague),190045,0,commons/Renovation_of_the_Old_Town_Hall_Tower_(Prague)/0/pictures/Rekonstrukce_Staroměstské_radnice_1AAR5927.jpg
Old_Town_Hall_(Prague),190045,0,commons/Renovation_of_the_Old_Town_Hall_Tower_(Prague)/0/pictures/Rekonstrukce_Staroměstské_radnice_1AAF51211.jpg
Old_Town_Hall_(Prague),190045,0,commons/Renovation_of_the_Old_Town_Hall_Tower_(Prague)/0/pictures/Rekonstrukce_Staroměstské_radnice_1AAR5942.jpg
Old_Town_Hall_(Prague),190045,0,commons/Renovation_of_the_Old_Town_Hall_Tower_(Prague)/0/pictures/Rekonstrukce_Staroměstské_radnice_1AAF51231.jpg
Old_Town_Hall_(Prague),190045,0,commons/Renovation_of_the_Old_Town_Hall_Tower_(Prague)/0/pictures/Rekonstrukce_Staroměstské_radnice_1AAR5944.jpg
Old_Town_Hall_(Prague),190045,0,commons/Renovation_of_the_Old_Town_Hall_Tower_(Prague)/0/pictures/Rekonstrukce_Staroměstské_radnice_1AAF51261.jpg
Old_Town_Hall_(Prague),190045,0,commons/Renovation_of_the_Old_Town_Hall_Tower_(Prague)/0/pictures/Rekonstrukce_Staroměstské_radnice_1AAR5950.jpg
Old_Town_Hall_(Prague),190045,0,commons/Renovation_of_the_Old_Town_Hall_Tower_(Prague)/0/pictures/Rekonstrukce_Staroměstské_radnice_1AAF51351.jpg
Old_Town_Hall_(Prague),190045,0,commons/Renovation_of_the_Old_Town_Hall_Tower_(Prague)/0/pictures/Rekonstrukce_Staroměstské_radnice_1AAR5955.jpg
Old_Town_Hall_(Prague),190045,0,commons/Renovation_of_the_Old_Town_Hall_Tower_(Prague)/0/pictures/Rekonstrukce_Staroměstské_radnice_1AAF51381.jpg
Old_Town_Hall_(Prague),190045,0,commons/Renovation_of_the_Old_Town_Hall_Tower_(Prague)/0/pictures/Rekonstrukce_Staroměstské_radnice_1AAR5958.jpg
Old_Town_Hall_(Prague),190045,0,commons/Renovation_of_the_Old_Town_Hall_Tower_(Prague)/0/pictures/Rekonstrukce_Staroměstské_radnice_1AAF51411.jpg
Old_Town_Hall_(Prague),190045,0,commons/Renovation_of_the_Old_Town_Hall_Tower_(Prague)/0/pictures/Rekonstrukce_Staroměstské_radnice_1AAF51441.jpg
Old_Town_Hall_(Prague),190045,0,commons/Renovation_of_the_Old_Town_Hall_Tower_(Prague)/0/pictures/Rekonstrukce_Staroměstské_radnice_1AAR5966.jpg
Old_Town_Hall_(Prague),190045,0,commons/Renovation_of_the_Old_Town_Hall_Tower_(Prague)/0/pictures/Rekonstrukce_Staroměstské_radnice_1AAF51461.jpg
Old_Town_Hall_(Prague),190045,0,commons/Renovation_of_the_Old_Town_Hall_Tower_(Prague)/0/pictures/Rekonstrukce_Staroměstské_radnice_1AAF5184-Pano1.jpg
Old_Town_Hall_(Prague),190045,0,commons/Renovation_of_the_Old_Town_Hall_Tower_(Prague)/0/pictures/Rekonstrukce_Staroměstské_radnice_1AAR6006-HDR1U.jpg
Old_Town_Hall_(Prague),190045,0,commons/Renovation_of_the_Old_Town_Hall_Tower_(Prague)/0/pictures/Rekonstrukce_Staroměstské_radnice_1AAF5199.jpg
Old_Town_Hall_(Prague),190045,0,commons/Renovation_of_the_Old_Town_Hall_Tower_(Prague)/0/pictures/Rekonstrukce_Staroměstské_radnice_1AAR6060.jpg
Old_Town_Hall_(Prague),190045,0,commons/Renovation_of_the_Old_Town_Hall_Tower_(Prague)/0/pictures/Rekonstrukce_Staroměstské_radnice_1AAF5203.jpg
Old_Town_Hall_(Prague),190045,0,commons/Renovation_of_the_Old_Town_Hall_Tower_(Prague)/0/pictures/Rekonstrukce_Staroměstské_radnice_1AAR6062-HDR1U.jpg
Old_Town_Hall_(Prague),190045,0,commons/Renovation_of_the_Old_Town_Hall_Tower_(Prague)/0/pictures/Rekonstrukce_Staroměstské_radnice_1AAF5263.jpg
Old_Town_Hall_(Prague),190045,0,commons/Renovation_of_the_Old_Town_Hall_Tower_(Prague)/0/pictures/Rekonstrukce_Staroměstské_radnice_1AAR6092.jpg
Old_Town_Hall_(Prague),190045,0,commons/Renovation_of_the_Old_Town_Hall_Tower_(Prague)/0/pictures/Rekonstrukce_Staroměstské_radnice_1AAF5289.jpg
Old_Town_Hall_(Prague),190045,0,commons/Renovation_of_the_Old_Town_Hall_Tower_(Prague)/0/pictures/Rekonstrukce_Staroměstské_radnice_1AAR6097.jpg
Old_Town_Hall_(Prague),190045,0,commons/Renovation_of_the_Old_Town_Hall_Tower_(Prague)/0/pictures/Rekonstrukce_Staroměstské_radnice_1AAF5291.jpg
Old_Town_Hall_(Prague),190045,0,commons/Renovation_of_the_Old_Town_Hall_Tower_(Prague)/0/pictures/Rekonstrukce_Staroměstské_radnice_1AAR6120.jpg
Old_Town_Hall_(Prague),190045,0,commons/Renovation_of_the_Old_Town_Hall_Tower_(Prague)/0/pictures/Rekonstrukce_Staroměstské_radnice_1AAF5321-HDR.jpg
Old_Town_Hall_(Prague),190045,0,commons/Renovation_of_the_Old_Town_Hall_Tower_(Prague)/0/pictures/Rekonstrukce_Staroměstské_radnice_1AAR6143.jpg
Old_Town_Hall_(Prague),190045,0,commons/Renovation_of_the_Old_Town_Hall_Tower_(Prague)/0/pictures/Rekonstrukce_Staroměstské_radnice_1AAF5325-HDR.jpg
Old_Town_Hall_(Prague),190045,0,commons/Renovation_of_the_Old_Town_Hall_Tower_(Prague)/0/pictures/Rekonstrukce_Staroměstské_radnice_1AAR6150.jpg
Old_Town_Hall_(Prague),190045,0,commons/Renovation_of_the_Old_Town_Hall_Tower_(Prague)/0/pictures/Rekonstrukce_Staroměstské_radnice_1AAF5337.jpg
Old_Town_Hall_(Prague),190045,0,commons/Renovation_of_the_Old_Town_Hall_Tower_(Prague)/0/pictures/Rekonstrukce_Staroměstské_radnice_1AAR6155.jpg
Old_Town_Hall_(Prague),190045,0,commons/Renovation_of_the_Old_Town_Hall_Tower_(Prague)/0/pictures/Rekonstrukce_Staroměstské_radnice_1AAF5348.jpg
Old_Town_Hall_(Prague),190045,0,commons/Renovation_of_the_Old_Town_Hall_Tower_(Prague)/0/pictures/Rekonstrukce_Staroměstské_radnice_1AAF5349.jpg
Old_Town_Hall_(Prague),190045,0,commons/Renovation_of_the_Old_Town_Hall_Tower_(Prague)/0/pictures/Rekonstrukce_Staroměstské_radnice_1AAF5351.jpg
Old_Town_Hall_(Prague),190045,0,commons/Renovation_of_the_Old_Town_Hall_Tower_(Prague)/0/pictures/Rekonstrukce_Staroměstské_radnice_1AAF5353.jpg
Old_Town_Hall_(Prague),190045,0,commons/Renovation_of_the_Old_Town_Hall_Tower_(Prague)/0/pictures/Rekonstrukce_Staroměstské_radnice_1AAF5356.jpg
Old_Town_Hall_(Prague),190045,0,commons/Renovation_of_the_Old_Town_Hall_Tower_(Prague)/0/pictures/Rekonstrukce_Staroměstské_radnice_1AAF5359-HDR.jpg
Old_Town_Hall_(Prague),190045,0,commons/Renovation_of_the_Old_Town_Hall_Tower_(Prague)/0/pictures/Rekonstrukce_Staroměstské_radnice_1AAF5363.jpg
Old_Town_Hall_(Prague),190045,0,commons/Renovation_of_the_Old_Town_Hall_Tower_(Prague)/0/pictures/Rekonstrukce_Staroměstské_radnice_1AAF5367.jpg
Old_Town_Hall_(Prague),190045,0,commons/Renovation_of_the_Old_Town_Hall_Tower_(Prague)/0/pictures/Rekonstrukce_Staroměstské_radnice_1AAF5370.jpg
Old_Town_Hall_(Prague),190045,0,commons/Renovation_of_the_Old_Town_Hall_Tower_(Prague)/0/pictures/Rekonstrukce_Staroměstské_radnice_1AAF5372.jpg
Old_Town_Hall_(Prague),190045,0,commons/Renovation_of_the_Old_Town_Hall_Tower_(Prague)/0/pictures/Rekonstrukce_Staroměstské_radnice_1AAF5373.jpg
Old_Town_Hall_(Prague),190045,0,commons/Renovation_of_the_Old_Town_Hall_Tower_(Prague)/0/pictures/Rekonstrukce_Staroměstské_radnice_1AAD5330.jpg
Old_Town_Hall_(Prague),190045,0,commons/Renovation_of_the_Old_Town_Hall_Tower_(Prague)/0/pictures/Rekonstrukce_Staroměstské_radnice_1AAR0210.jpg
Old_Town_Hall_(Prague),190045,0,commons/Renovation_of_the_Old_Town_Hall_Tower_(Prague)/0/pictures/Rekonstrukce_Staroměstské_radnice_1AAF5375.jpg
Old_Town_Hall_(Prague),190045,0,commons/Renovation_of_the_Old_Town_Hall_Tower_(Prague)/0/pictures/Rekonstrukce_Staroměstské_radnice_1AAR0215.jpg
Old_Town_Hall_(Prague),190045,0,commons/Renovation_of_the_Old_Town_Hall_Tower_(Prague)/0/pictures/Rekonstrukce_Staroměstské_radnice_1AAF5377.jpg
Old_Town_Hall_(Prague),190045,0,commons/Renovation_of_the_Old_Town_Hall_Tower_(Prague)/0/pictures/Rekonstrukce_Staroměstské_radnice_1AAD5341.jpg
Old_Town_Hall_(Prague),190045,0,commons/Renovation_of_the_Old_Town_Hall_Tower_(Prague)/0/pictures/Rekonstrukce_Staroměstské_radnice_1AAR0218.jpg
Old_Town_Hall_(Prague),190045,0,commons/Renovation_of_the_Old_Town_Hall_Tower_(Prague)/0/pictures/Rekonstrukce_Staroměstské_radnice_1AAF5379.jpg
Old_Town_Hall_(Prague),190045,0,commons/Renovation_of_the_Old_Town_Hall_Tower_(Prague)/0/pictures/Rekonstrukce_Staroměstské_radnice_1AAD5343.jpg
Old_Town_Hall_(Prague),190045,0,commons/Renovation_of_the_Old_Town_Hall_Tower_(Prague)/0/pictures/Rekonstrukce_Staroměstské_radnice_1AAR0222.jpg
Old_Town_Hall_(Prague),190045,0,commons/Renovation_of_the_Old_Town_Hall_Tower_(Prague)/0/pictures/Rekonstrukce_Staroměstské_radnice_1AAF5381.jpg
Old_Town_Hall_(Prague),190045,0,commons/Renovation_of_the_Old_Town_Hall_Tower_(Prague)/0/pictures/Rekonstrukce_Staroměstské_radnice_1AAF5383-HDR.jpg
Old_Town_Hall_(Prague),190045,0,commons/Renovation_of_the_Old_Town_Hall_Tower_(Prague)/0/pictures/Rekonstrukce_Staroměstské_radnice_1AAF5396-HDR.jpg
Old_Town_Hall_(Prague),190045,0,commons/Renovation_of_the_Old_Town_Hall_Tower_(Prague)/0/pictures/Rekonstrukce_Staroměstské_radnice_1AAF5395-HDR.jpg
Old_Town_Hall_(Prague),190045,0,commons/Renovation_of_the_Old_Town_Hall_Tower_(Prague)/0/pictures/Rekonstrukce_Staroměstské_radnice_1AAF5407.jpg
Old_Town_Hall_(Prague),190045,0,commons/Renovation_of_the_Old_Town_Hall_Tower_(Prague)/0/pictures/Rekonstrukce_Staroměstské_radnice_1AAF5409.jpg
Old_Town_Hall_(Prague),190045,0,commons/Renovation_of_the_Old_Town_Hall_Tower_(Prague)/0/pictures/Rekonstrukce_Staroměstské_radnice_1FGZ0708.jpg
Old_Town_Hall_(Prague),190045,0,commons/Renovation_of_the_Old_Town_Hall_Tower_(Prague)/0/pictures/Rekonstrukce_Staroměstské_radnice_1AAF5411.jpg
Old_Town_Hall_(Prague),190045,0,commons/Renovation_of_the_Old_Town_Hall_Tower_(Prague)/0/pictures/Rekonstrukce_Staroměstské_radnice_1AAL9894.jpg
Old_Town_Hall_(Prague),190045,0,commons/Renovation_of_the_Old_Town_Hall_Tower_(Prague)/0/pictures/Rekonstrukce_Staroměstské_radnice_1FGZ0714.jpg
Old_Town_Hall_(Prague),190045,0,commons/Renovation_of_the_Old_Town_Hall_Tower_(Prague)/0/pictures/Rekonstrukce_Staroměstské_radnice_1AAF5412.jpg
Old_Town_Hall_(Prague),190045,0,commons/Renovation_of_the_Old_Town_Hall_Tower_(Prague)/0/pictures/Rekonstrukce_Staroměstské_radnice_1FGZ0718.jpg
Old_Town_Hall_(Prague),190045,0,commons/Renovation_of_the_Old_Town_Hall_Tower_(Prague)/0/pictures/Rekonstrukce_Staroměstské_radnice_1AAF5415.jpg
Old_Town_Hall_(Prague),190045,0,commons/Renovation_of_the_Old_Town_Hall_Tower_(Prague)/0/pictures/Rekonstrukce_Staroměstské_radnice_1AAL9902.jpg
Old_Town_Hall_(Prague),190045,0,commons/Renovation_of_the_Old_Town_Hall_Tower_(Prague)/0/pictures/Rekonstrukce_Staroměstské_radnice_1AAR0315.jpg
Old_Town_Hall_(Prague),190045,0,commons/Renovation_of_the_Old_Town_Hall_Tower_(Prague)/0/pictures/Rekonstrukce_Staroměstské_radnice_1FGZ0777.jpg
Old_Town_Hall_(Prague),190045,0,commons/Renovation_of_the_Old_Town_Hall_Tower_(Prague)/0/pictures/Rekonstrukce_Staroměstské_radnice_1AAF5510.jpg
Old_Town_Hall_(Prague),190045,0,commons/Renovation_of_the_Old_Town_Hall_Tower_(Prague)/0/pictures/Rekonstrukce_Staroměstské_radnice_1AAR0320.jpg
Old_Town_Hall_(Prague),190045,0,commons/Renovation_of_the_Old_Town_Hall_Tower_(Prague)/0/pictures/Rekonstrukce_Staroměstské_radnice_1AAF5513.jpg
Old_Town_Hall_(Prague),190045,0,commons/Renovation_of_the_Old_Town_Hall_Tower_(Prague)/0/pictures/Rekonstrukce_Staroměstské_radnice_1AAF5517.jpg
Old_Town_Hall_(Prague),190045,0,commons/Renovation_of_the_Old_Town_Hall_Tower_(Prague)/0/pictures/Rekonstrukce_Staroměstské_radnice_1AAR0322.jpg
Old_Town_Hall_(Prague),190045,0,commons/Renovation_of_the_Old_Town_Hall_Tower_(Prague)/0/pictures/Rekonstrukce_Staroměstské_radnice_1AAF5520.jpg
Old_Town_Hall_(Prague),190045,0,commons/Renovation_of_the_Old_Town_Hall_Tower_(Prague)/0/pictures/Rekonstrukce_Staroměstské_radnice_1FGZ0900.jpg
Old_Town_Hall_(Prague),190045,0,commons/Renovation_of_the_Old_Town_Hall_Tower_(Prague)/0/pictures/Rekonstrukce_Staroměstské_radnice_1AAF5521.jpg
Old_Town_Hall_(Prague),190045,0,commons/Renovation_of_the_Old_Town_Hall_Tower_(Prague)/0/pictures/Rekonstrukce_Staroměstské_radnice_1AAF5526.jpg
Old_Town_Hall_(Prague),190045,0,commons/Renovation_of_the_Old_Town_Hall_Tower_(Prague)/0/pictures/Rekonstrukce_Staroměstské_radnice_1AAF5540.jpg
Old_Town_Hall_(Prague),190045,0,commons/Renovation_of_the_Old_Town_Hall_Tower_(Prague)/0/pictures/Rekonstrukce_Staroměstské_radnice_1AAF5546.jpg
Old_Town_Hall_(Prague),190045,0,commons/Renovation_of_the_Old_Town_Hall_Tower_(Prague)/0/pictures/Rekonstrukce_Staroměstské_radnice_1AAL9944.jpg
Old_Town_Hall_(Prague),190045,0,commons/Renovation_of_the_Old_Town_Hall_Tower_(Prague)/0/pictures/Rekonstrukce_Staroměstské_radnice_1AAF5554.jpg
Old_Town_Hall_(Prague),190045,0,commons/Renovation_of_the_Old_Town_Hall_Tower_(Prague)/0/pictures/Rekonstrukce_Staroměstské_radnice_1AAL9951.jpg
Old_Town_Hall_(Prague),190045,0,commons/Renovation_of_the_Old_Town_Hall_Tower_(Prague)/0/pictures/Rekonstrukce_Staroměstské_radnice_1FGZ2102.jpg
Old_Town_Hall_(Prague),190045,0,commons/Renovation_of_the_Old_Town_Hall_Tower_(Prague)/0/pictures/Rekonstrukce_Staroměstské_radnice_1AAF5556.jpg
Old_Town_Hall_(Prague),190045,0,commons/Renovation_of_the_Old_Town_Hall_Tower_(Prague)/0/pictures/Rekonstrukce_Staroměstské_radnice_1AAL9953.jpg
Old_Town_Hall_(Prague),190045,0,commons/Renovation_of_the_Old_Town_Hall_Tower_(Prague)/0/pictures/Rekonstrukce_Staroměstské_radnice_1AAE2760.jpg
Old_Town_Hall_(Prague),190045,0,commons/Renovation_of_the_Old_Town_Hall_Tower_(Prague)/0/pictures/Rekonstrukce_Staroměstské_radnice_1AAR0345.jpg
Old_Town_Hall_(Prague),190045,0,commons/Renovation_of_the_Old_Town_Hall_Tower_(Prague)/0/pictures/Rekonstrukce_Staroměstské_radnice_1AAF5562.jpg
Old_Town_Hall_(Prague),190045,0,commons/Renovation_of_the_Old_Town_Hall_Tower_(Prague)/0/pictures/Rekonstrukce_Staroměstské_radnice_1AAE2763.jpg
Old_Town_Hall_(Prague),190045,0,commons/Renovation_of_the_Old_Town_Hall_Tower_(Prague)/0/pictures/Rekonstrukce_Staroměstské_radnice_1AAR0344-HDR.jpg
Old_Town_Hall_(Prague),190045,0,commons/Renovation_of_the_Old_Town_Hall_Tower_(Prague)/0/pictures/Rekonstrukce_Staroměstské_radnice_1FGZ2154.jpg
Old_Town_Hall_(Prague),190045,0,commons/Renovation_of_the_Old_Town_Hall_Tower_(Prague)/0/pictures/Rekonstrukce_Staroměstské_radnice_1AAF5563.jpg
Old_Town_Hall_(Prague),190045,0,commons/Renovation_of_the_Old_Town_Hall_Tower_(Prague)/0/pictures/Rekonstrukce_Staroměstské_radnice_1AAE2765.jpg
Old_Town_Hall_(Prague),190045,0,commons/Renovation_of_the_Old_Town_Hall_Tower_(Prague)/0/pictures/Rekonstrukce_Staroměstské_radnice_1AAR0348.jpg
Old_Town_Hall_(Prague),190045,0,commons/Renovation_of_the_Old_Town_Hall_Tower_(Prague)/0/pictures/Rekonstrukce_Staroměstské_radnice_1FGZ2185.jpg
Old_Town_Hall_(Prague),190045,0,commons/Renovation_of_the_Old_Town_Hall_Tower_(Prague)/0/pictures/Rekonstrukce_Staroměstské_radnice_1AAF5568.jpg
Old_Town_Hall_(Prague),190045,0,commons/Renovation_of_the_Old_Town_Hall_Tower_(Prague)/0/pictures/Rekonstrukce_Staroměstské_radnice_1AAE2767.jpg
Old_Town_Hall_(Prague),190045,0,commons/Renovation_of_the_Old_Town_Hall_Tower_(Prague)/0/pictures/Rekonstrukce_Staroměstské_radnice_1AAR0349.jpg
Old_Town_Hall_(Prague),190045,0,commons/Renovation_of_the_Old_Town_Hall_Tower_(Prague)/0/pictures/Rekonstrukce_Staroměstské_radnice_1AAF5583.jpg
Old_Town_Hall_(Prague),190045,0,commons/Renovation_of_the_Old_Town_Hall_Tower_(Prague)/0/pictures/Rekonstrukce_Staroměstské_radnice_1AAE2769.jpg
Old_Town_Hall_(Prague),190045,0,commons/Renovation_of_the_Old_Town_Hall_Tower_(Prague)/0/pictures/Rekonstrukce_Staroměstské_radnice_1AAR0357.jpg
Old_Town_Hall_(Prague),190045,0,commons/Renovation_of_the_Old_Town_Hall_Tower_(Prague)/0/pictures/Rekonstrukce_Staroměstské_radnice_1FGZ2989.jpg
Old_Town_Hall_(Prague),190045,0,commons/Renovation_of_the_Old_Town_Hall_Tower_(Prague)/0/pictures/Rekonstrukce_Staroměstské_radnice_1AAF7958.jpg
Old_Town_Hall_(Prague),190045,0,commons/Renovation_of_the_Old_Town_Hall_Tower_(Prague)/0/pictures/Rekonstrukce_Staroměstské_radnice_1AAN4273.jpg
Old_Town_Hall_(Prague),190045,0,commons/Renovation_of_the_Old_Town_Hall_Tower_(Prague)/0/pictures/Rekonstrukce_Staroměstské_radnice_1AAE2793.jpg
Old_Town_Hall_(Prague),190045,0,commons/Renovation_of_the_Old_Town_Hall_Tower_(Prague)/0/pictures/Rekonstrukce_Staroměstské_radnice_1AAR0419.jpg
Old_Town_Hall_(Prague),190045,0,commons/Renovation_of_the_Old_Town_Hall_Tower_(Prague)/0/pictures/Rekonstrukce_Staroměstské_radnice_1AAF7963.jpg
Old_Town_Hall_(Prague),190045,0,commons/Renovation_of_the_Old_Town_Hall_Tower_(Prague)/0/pictures/Rekonstrukce_Staroměstské_radnice_1AAN4276.jpg
Old_Town_Hall_(Prague),190045,0,commons/Renovation_of_the_Old_Town_Hall_Tower_(Prague)/0/pictures/Rekonstrukce_Staroměstské_radnice_1AAF7966.jpg
Old_Town_Hall_(Prague),190045,0,commons/Renovation_of_the_Old_Town_Hall_Tower_(Prague)/0/pictures/Rekonstrukce_Staroměstské_radnice_1AAN4281.jpg
Old_Town_Hall_(Prague),190045,0,commons/Renovation_of_the_Old_Town_Hall_Tower_(Prague)/0/pictures/Rekonstrukce_Staroměstské_radnice_1AAF7975.jpg
Old_Town_Hall_(Prague),190045,0,commons/Renovation_of_the_Old_Town_Hall_Tower_(Prague)/0/pictures/Rekonstrukce_Staroměstské_radnice_1AAN4283.jpg
Old_Town_Hall_(Prague),190045,0,commons/Renovation_of_the_Old_Town_Hall_Tower_(Prague)/0/pictures/Rekonstrukce_Staroměstské_radnice_1AAF7977.jpg
Old_Town_Hall_(Prague),190045,0,commons/Renovation_of_the_Old_Town_Hall_Tower_(Prague)/0/pictures/Rekonstrukce_Staroměstské_radnice_1AAN4286.jpg
Old_Town_Hall_(Prague),190045,0,commons/Renovation_of_the_Old_Town_Hall_Tower_(Prague)/0/pictures/Rekonstrukce_Staroměstské_radnice_1FGZ5120.jpg
Old_Town_Hall_(Prague),190045,0,commons/Renovation_of_the_Old_Town_Hall_Tower_(Prague)/0/pictures/Rekonstrukce_Staroměstské_radnice_1AAG0464.jpg
Old_Town_Hall_(Prague),190045,0,commons/Renovation_of_the_Old_Town_Hall_Tower_(Prague)/0/pictures/Rekonstrukce_Staroměstské_radnice_1AAN4346.jpg
Old_Town_Hall_(Prague),190045,0,commons/Renovation_of_the_Old_Town_Hall_Tower_(Prague)/0/pictures/Rekonstrukce_Staroměstské_radnice_1AAE2818.jpg
Old_Town_Hall_(Prague),190045,0,commons/Renovation_of_the_Old_Town_Hall_Tower_(Prague)/0/pictures/Rekonstrukce_Staroměstské_radnice_1AAR0456.jpg
Old_Town_Hall_(Prague),190045,0,commons/Renovation_of_the_Old_Town_Hall_Tower_(Prague)/0/pictures/Rekonstrukce_Staroměstské_radnice_1AAG0553.jpg
Old_Town_Hall_(Prague),190045,0,commons/Renovation_of_the_Old_Town_Hall_Tower_(Prague)/0/pictures/Rekonstrukce_Staroměstské_radnice_1AAN4363.jpg
Old_Town_Hall_(Prague),190045,0,commons/Renovation_of_the_Old_Town_Hall_Tower_(Prague)/0/pictures/Rekonstrukce_Staroměstské_radnice_1AAG05561.jpg
Old_Town_Hall_(Prague),190045,0,commons/Renovation_of_the_Old_Town_Hall_Tower_(Prague)/0/pictures/Rekonstrukce_Staroměstské_radnice_1FHA9785.jpg
Old_Town_Hall_(Prague),190045,0,commons/Renovation_of_the_Old_Town_Hall_Tower_(Prague)/0/pictures/Rekonstrukce_Staroměstské_radnice_1AAH1581.jpg
Old_Town_Hall_(Prague),190045,0,commons/Renovation_of_the_Old_Town_Hall_Tower_(Prague)/0/pictures/Rekonstrukce_Staroměstské_radnice_1FHA9794.jpg
Old_Town_Hall_(Prague),190045,0,commons/Renovation_of_the_Old_Town_Hall_Tower_(Prague)/0/pictures/Rekonstrukce_Staroměstské_radnice_1AAH1583.jpg
Old_Town_Hall_(Prague),190045,0,commons/Renovation_of_the_Old_Town_Hall_Tower_(Prague)/0/pictures/Rekonstrukce_Staroměstské_radnice_1AAN4464.jpg
Old_Town_Hall_(Prague),190045,0,commons/Renovation_of_the_Old_Town_Hall_Tower_(Prague)/0/pictures/Rekonstrukce_Staroměstské_radnice_1AAE2889.jpg
Old_Town_Hall_(Prague),190045,0,commons/Renovation_of_the_Old_Town_Hall_Tower_(Prague)/0/pictures/Rekonstrukce_Staroměstské_radnice_1AAR0533.jpg
Old_Town_Hall_(Prague),190045,0,commons/Renovation_of_the_Old_Town_Hall_Tower_(Prague)/0/pictures/Rekonstrukce_Staroměstské_radnice_1AAH1596.jpg
Old_Town_Hall_(Prague),190045,0,commons/Renovation_of_the_Old_Town_Hall_Tower_(Prague)/0/pictures/Rekonstrukce_Staroměstské_radnice_1AAN4469.jpg
Old_Town_Hall_(Prague),190045,0,commons/Renovation_of_the_Old_Town_Hall_Tower_(Prague)/0/pictures/Rekonstrukce_Staroměstské_radnice_1AAE2895.jpg
Old_Town_Hall_(Prague),190045,0,commons/Renovation_of_the_Old_Town_Hall_Tower_(Prague)/0/pictures/Rekonstrukce_Staroměstské_radnice_1AAR0555.jpg
Old_Town_Hall_(Prague),190045,0,commons/Renovation_of_the_Old_Town_Hall_Tower_(Prague)/0/pictures/Rekonstrukce_Staroměstské_radnice_1AAH1637.jpg
Old_Town_Hall_(Prague),190045,0,commons/Renovation_of_the_Old_Town_Hall_Tower_(Prague)/0/pictures/Rekonstrukce_Staroměstské_radnice_1AAN4482.jpg
Old_Town_Hall_(Prague),190045,0,commons/Renovation_of_the_Old_Town_Hall_Tower_(Prague)/0/pictures/Rekonstrukce_Staroměstské_radnice_1AAE2901.jpg
Old_Town_Hall_(Prague),190045,0,commons/Renovation_of_the_Old_Town_Hall_Tower_(Prague)/0/pictures/Rekonstrukce_Staroměstské_radnice_1AAR0574.jpg
Old_Town_Hall_(Prague),190045,0,commons/Renovation_of_the_Old_Town_Hall_Tower_(Prague)/0/pictures/Rekonstrukce_Staroměstské_radnice_1AAH2787.jpg
Old_Town_Hall_(Prague),190045,0,commons/Renovation_of_the_Old_Town_Hall_Tower_(Prague)/0/pictures/Rekonstrukce_Staroměstské_radnice_1AAN4832.jpg
Old_Town_Hall_(Prague),190045,0,commons/Renovation_of_the_Old_Town_Hall_Tower_(Prague)/0/pictures/Rekonstrukce_Staroměstské_radnice_1AAH2809.jpg
Old_Town_Hall_(Prague),190045,0,commons/Renovation_of_the_Old_Town_Hall_Tower_(Prague)/0/pictures/Rekonstrukce_Staroměstské_radnice_1AAH2812.jpg
Old_Town_Hall_(Prague),190045,0,commons/Renovation_of_the_Old_Town_Hall_Tower_(Prague)/0/pictures/Rekonstrukce_Staroměstské_radnice_1AAN4864.jpg
Old_Town_Hall_(Prague),190045,0,commons/Renovation_of_the_Old_Town_Hall_Tower_(Prague)/0/pictures/Rekonstrukce_Staroměstské_radnice_1AAH2915.jpg
Old_Town_Hall_(Prague),190045,0,commons/Renovation_of_the_Old_Town_Hall_Tower_(Prague)/0/pictures/Rekonstrukce_Staroměstské_radnice_1AAH2916.jpg
Old_Town_Hall_(Prague),190045,0,commons/Renovation_of_the_Old_Town_Hall_Tower_(Prague)/0/pictures/Rekonstrukce_Staroměstské_radnice_1AAN4886.jpg
Old_Town_Hall_(Prague),190045,0,commons/Renovation_of_the_Old_Town_Hall_Tower_(Prague)/0/pictures/Rekonstrukce_Staroměstské_radnice_1AAH2939.jpg
Old_Town_Hall_(Prague),190045,0,commons/Renovation_of_the_Old_Town_Hall_Tower_(Prague)/0/pictures/Rekonstrukce_Staroměstské_radnice_1AAH4306.jpg
Old_Town_Hall_(Prague),190045,0,commons/Renovation_of_the_Old_Town_Hall_Tower_(Prague)/0/pictures/Rekonstrukce_Staroměstské_radnice_1AAH4898.jpg
Old_Town_Hall_(Prague),190045,0,commons/Renovation_of_the_Old_Town_Hall_Tower_(Prague)/0/pictures/Rekonstrukce_Staroměstské_radnice_1AAN6642.jpg
Old_Town_Hall_(Prague),190045,0,commons/Renovation_of_the_Old_Town_Hall_Tower_(Prague)/0/pictures/Rekonstrukce_Staroměstské_radnice_AAG7550.jpg
Old_Town_Hall_(Prague),190045,0,commons/Renovation_of_the_Old_Town_Hall_Tower_(Prague)/0/pictures/Rekonstrukce_Staroměstské_radnice_1AAH5033.jpg
Old_Town_Hall_(Prague),190045,0,commons/Renovation_of_the_Old_Town_Hall_Tower_(Prague)/0/pictures/Rekonstrukce_Staroměstské_radnice_AAG7589.jpg
Old_Town_Hall_(Prague),190045,0,commons/Renovation_of_the_Old_Town_Hall_Tower_(Prague)/0/pictures/Rekonstrukce_Staroměstské_radnice_1AAH5309.jpg
Old_Town_Hall_(Prague),190045,0,commons/Renovation_of_the_Old_Town_Hall_Tower_(Prague)/0/pictures/Rekonstrukce_Staroměstské_radnice_AAG7593.jpg
Old_Town_Hall_(Prague),190045,0,commons/Renovation_of_the_Old_Town_Hall_Tower_(Prague)/0/pictures/Rekonstrukce_Staroměstské_radnice_1AAH5313.jpg
Old_Town_Hall_(Prague),190045,0,commons/Renovation_of_the_Old_Town_Hall_Tower_(Prague)/0/pictures/Rekonstrukce_Staroměstské_radnice_AAG7594.jpg
Old_Town_Hall_(Prague),190045,0,commons/Renovation_of_the_Old_Town_Hall_Tower_(Prague)/0/pictures/Rekonstrukce_Staroměstské_radnice_1AAH5315.jpg
Old_Town_Hall_(Prague),190045,0,commons/Renovation_of_the_Old_Town_Hall_Tower_(Prague)/0/pictures/Rekonstrukce_Staroměstské_radnice_AAG7597.jpg
Old_Town_Hall_(Prague),190045,0,commons/Renovation_of_the_Old_Town_Hall_Tower_(Prague)/0/pictures/Rekonstrukce_Staroměstské_radnice_1AAH5321.jpg
Old_Town_Hall_(Prague),190045,0,commons/Renovation_of_the_Old_Town_Hall_Tower_(Prague)/0/pictures/Rekonstrukce_Staroměstské_radnice_1AAH5333.jpg
Old_Town_Hall_(Prague),190045,0,commons/Renovation_of_the_Old_Town_Hall_Tower_(Prague)/0/pictures/Rekonstrukce_Staroměstské_radnice_1AAH5335.jpg
Old_Town_Hall_(Prague),190045,0,commons/Renovation_of_the_Old_Town_Hall_Tower_(Prague)/0/pictures/Rekonstrukce_Staroměstské_radnice_1AAH5336.jpg
Old_Town_Hall_(Prague),190045,0,commons/Renovation_of_the_Old_Town_Hall_Tower_(Prague)/0/pictures/Rekonstrukce_Staroměstské_radnice_1AAH5339.jpg
Old_Town_Hall_(Prague),190045,0,commons/Renovation_of_the_Old_Town_Hall_Tower_(Prague)/0/pictures/Rekonstrukce_Staroměstské_radnice_1AAH5344.jpg
Old_Town_Hall_(Prague),190045,0,commons/Renovation_of_the_Old_Town_Hall_Tower_(Prague)/0/pictures/Rekonstrukce_Staroměstské_radnice_1AAH5346.jpg
Old_Town_Hall_(Prague),190045,0,commons/Renovation_of_the_Old_Town_Hall_Tower_(Prague)/0/pictures/Rekonstrukce_Staroměstské_radnice_1AAH5390.jpg
Old_Town_Hall_(Prague),190045,0,commons/Renovation_of_the_Old_Town_Hall_Tower_(Prague)/0/pictures/Rekonstrukce_Staroměstské_radnice_1AAH5398.jpg
Old_Town_Hall_(Prague),190045,0,commons/Renovation_of_the_Old_Town_Hall_Tower_(Prague)/0/pictures/Rekonstrukce_Staroměstské_radnice_AAG7626.jpg
Old_Town_Hall_(Prague),190045,0,commons/Renovation_of_the_Old_Town_Hall_Tower_(Prague)/0/pictures/Rekonstrukce_Staroměstské_radnice_1AAH5405.jpg
Old_Town_Hall_(Prague),190045,0,commons/Renovation_of_the_Old_Town_Hall_Tower_(Prague)/0/pictures/Rekonstrukce_Staroměstské_radnice_1AAH5409.jpg
Old_Town_Hall_(Prague),190045,0,commons/Renovation_of_the_Old_Town_Hall_Tower_(Prague)/0/pictures/Rekonstrukce_Staroměstské_radnice_1AAN6820.jpg
Old_Town_Hall_(Prague),190045,0,commons/Renovation_of_the_Old_Town_Hall_Tower_(Prague)/0/pictures/Rekonstrukce_Staroměstské_radnice_1AAH5413.jpg
Old_Town_Hall_(Prague),190045,0,commons/Renovation_of_the_Old_Town_Hall_Tower_(Prague)/0/pictures/Rekonstrukce_Staroměstské_radnice_1AAN6824.jpg
Old_Town_Hall_(Prague),190045,0,commons/Renovation_of_the_Old_Town_Hall_Tower_(Prague)/0/pictures/Rekonstrukce_Staroměstské_radnice_AAG7635.jpg
Old_Town_Hall_(Prague),190045,0,commons/Renovation_of_the_Old_Town_Hall_Tower_(Prague)/0/pictures/Rekonstrukce_Staroměstské_radnice_1AAH5431.jpg
Old_Town_Hall_(Prague),190045,0,commons/Renovation_of_the_Old_Town_Hall_Tower_(Prague)/0/pictures/Rekonstrukce_Staroměstské_radnice_1AAN6844.jpg
Old_Town_Hall_(Prague),190045,0,commons/Renovation_of_the_Old_Town_Hall_Tower_(Prague)/0/pictures/Rekonstrukce_Staroměstské_radnice_1AAH5634.jpg
Old_Town_Hall_(Prague),190045,0,commons/Renovation_of_the_Old_Town_Hall_Tower_(Prague)/0/pictures/Rekonstrukce_Staroměstské_radnice_1AAN6862.jpg
Old_Town_Hall_(Prague),190045,0,commons/Renovation_of_the_Old_Town_Hall_Tower_(Prague)/0/pictures/Rekonstrukce_Staroměstské_radnice_1AAH5641.jpg
Old_Town_Hall_(Prague),190045,0,commons/Renovation_of_the_Old_Town_Hall_Tower_(Prague)/0/pictures/Rekonstrukce_Staroměstské_radnice_1AAH5645.jpg
Old_Town_Hall_(Prague),190045,0,commons/Renovation_of_the_Old_Town_Hall_Tower_(Prague)/0/pictures/Rekonstrukce_Staroměstské_radnice_1AAN6869.jpg
Old_Town_Hall_(Prague),190045,0,commons/Renovation_of_the_Old_Town_Hall_Tower_(Prague)/0/pictures/Rekonstrukce_Staroměstské_radnice_1AAH5673.jpg
Old_Town_Hall_(Prague),190045,0,commons/Renovation_of_the_Old_Town_Hall_Tower_(Prague)/0/pictures/Rekonstrukce_Staroměstské_radnice_1AAH5681.jpg
Old_Town_Hall_(Prague),190045,0,commons/Renovation_of_the_Old_Town_Hall_Tower_(Prague)/0/pictures/Rekonstrukce_Staroměstské_radnice_1AAN6893.jpg
Old_Town_Hall_(Prague),190045,0,commons/Renovation_of_the_Old_Town_Hall_Tower_(Prague)/0/pictures/Rekonstrukce_Staroměstské_radnice_1AAH5691.jpg
Old_Town_Hall_(Prague),190045,0,commons/Renovation_of_the_Old_Town_Hall_Tower_(Prague)/0/pictures/Rekonstrukce_Staroměstské_radnice_1AAH5705.jpg
Old_Town_Hall_(Prague),190045,0,commons/Renovation_of_the_Old_Town_Hall_Tower_(Prague)/0/pictures/Rekonstrukce_Staroměstské_radnice_1AAH5712.jpg
Old_Town_Hall_(Prague),190045,0,commons/Renovation_of_the_Old_Town_Hall_Tower_(Prague)/0/pictures/Rekonstrukce_Staroměstské_radnice_1AAH5724.jpg
Old_Town_Hall_(Prague),190045,0,commons/Renovation_of_the_Old_Town_Hall_Tower_(Prague)/0/pictures/Rekonstrukce_Staroměstské_radnice_1AAH5729.jpg
Old_Town_Hall_(Prague),190045,0,commons/Renovation_of_the_Old_Town_Hall_Tower_(Prague)/0/pictures/Rekonstrukce_Staroměstské_radnice_1AAH5734.jpg
Old_Town_Hall_(Prague),190045,0,commons/Renovation_of_the_Old_Town_Hall_Tower_(Prague)/0/pictures/Rekonstrukce_Staroměstské_radnice_1AAH5736.jpg
Old_Town_Hall_(Prague),190045,0,commons/Renovation_of_the_Old_Town_Hall_Tower_(Prague)/0/pictures/Rekonstrukce_Staroměstské_radnice_1AAH5742.jpg
Old_Town_Hall_(Prague),190045,0,commons/Renovation_of_the_Old_Town_Hall_Tower_(Prague)/0/pictures/Rekonstrukce_Staroměstské_radnice_1AAH5750.jpg
Old_Town_Hall_(Prague),190045,0,commons/Renovation_of_the_Old_Town_Hall_Tower_(Prague)/0/pictures/Rekonstrukce_Staroměstské_radnice_1AAN6923.jpg
Old_Town_Hall_(Prague),190045,0,commons/Renovation_of_the_Old_Town_Hall_Tower_(Prague)/0/pictures/Rekonstrukce_Staroměstské_radnice_1AAH5751.jpg
Old_Town_Hall_(Prague),190045,0,commons/Renovation_of_the_Old_Town_Hall_Tower_(Prague)/0/pictures/Rekonstrukce_Staroměstské_radnice_1AAN6924.jpg
Old_Town_Hall_(Prague),190045,0,commons/Renovation_of_the_Old_Town_Hall_Tower_(Prague)/0/pictures/Rekonstrukce_Staroměstské_radnice_1AAH5754.jpg
Old_Town_Hall_(Prague),190045,0,commons/Renovation_of_the_Old_Town_Hall_Tower_(Prague)/0/pictures/Rekonstrukce_Staroměstské_radnice_1AAN6927.jpg
Old_Town_Hall_(Prague),190045,0,commons/Renovation_of_the_Old_Town_Hall_Tower_(Prague)/0/pictures/Rekonstrukce_Staroměstské_radnice_1AAH5753.jpg
Old_Town_Hall_(Prague),190045,0,commons/Renovation_of_the_Old_Town_Hall_Tower_(Prague)/0/pictures/Rekonstrukce_Staroměstské_radnice_1AAH5759.jpg
Old_Town_Hall_(Prague),190045,0,commons/Renovation_of_the_Old_Town_Hall_Tower_(Prague)/0/pictures/Rekonstrukce_Staroměstské_radnice_1AAH5757.jpg
Old_Town_Hall_(Prague),190045,0,commons/Renovation_of_the_Old_Town_Hall_Tower_(Prague)/0/pictures/Rekonstrukce_Staroměstské_radnice_1AAH5763.jpg
Old_Town_Hall_(Prague),190045,0,commons/Renovation_of_the_Old_Town_Hall_Tower_(Prague)/0/pictures/Rekonstrukce_Staroměstské_radnice_1AAH5764.jpg
Old_Town_Hall_(Prague),190045,0,commons/Renovation_of_the_Old_Town_Hall_Tower_(Prague)/0/pictures/Rekonstrukce_Staroměstské_radnice_1AAN6946.jpg
Old_Town_Hall_(Prague),190045,0,commons/Renovation_of_the_Old_Town_Hall_Tower_(Prague)/0/pictures/Rekonstrukce_Staroměstské_radnice_1AAH5805.jpg
Old_Town_Hall_(Prague),190045,0,commons/Renovation_of_the_Old_Town_Hall_Tower_(Prague)/0/pictures/Rekonstrukce_Staroměstské_radnice_1AAN6949.jpg
Old_Town_Hall_(Prague),190045,0,commons/Renovation_of_the_Old_Town_Hall_Tower_(Prague)/0/pictures/Rekonstrukce_Staroměstské_radnice_1AAH5808.jpg
Old_Town_Hall_(Prague),190045,0,commons/Renovation_of_the_Old_Town_Hall_Tower_(Prague)/0/pictures/Rekonstrukce_Staroměstské_radnice_1AAH5888.jpg
Old_Town_Hall_(Prague),190045,0,commons/Renovation_of_the_Old_Town_Hall_Tower_(Prague)/0/pictures/Rekonstrukce_Staroměstské_radnice_1AAN6956.jpg
Old_Town_Hall_(Prague),190045,0,commons/Renovation_of_the_Old_Town_Hall_Tower_(Prague)/0/pictures/Rekonstrukce_Staroměstské_radnice_1AAH5901.jpg
Old_Town_Hall_(Prague),190045,0,commons/Renovation_of_the_Old_Town_Hall_Tower_(Prague)/0/pictures/Rekonstrukce_Staroměstské_radnice_1AAN6961.jpg
Old_Town_Hall_(Prague),190045,0,commons/Renovation_of_the_Old_Town_Hall_Tower_(Prague)/0/pictures/Rekonstrukce_Staroměstské_radnice_1AAH5907.jpg
Old_Town_Hall_(Prague),190045,0,commons/Renovation_of_the_Old_Town_Hall_Tower_(Prague)/0/pictures/Rekonstrukce_Staroměstské_radnice_1AAN6964.jpg
Old_Town_Hall_(Prague),190045,0,commons/Renovation_of_the_Old_Town_Hall_Tower_(Prague)/0/pictures/Rekonstrukce_Staroměstské_radnice_1AAH5909.jpg
Old_Town_Hall_(Prague),190045,0,commons/Renovation_of_the_Old_Town_Hall_Tower_(Prague)/0/pictures/Rekonstrukce_Staroměstské_radnice_1AAH5974.jpg
Old_Town_Hall_(Prague),190045,0,commons/Renovation_of_the_Old_Town_Hall_Tower_(Prague)/0/pictures/Rekonstrukce_Staroměstské_radnice_1AAN6978.jpg
Old_Town_Hall_(Prague),190045,0,commons/Renovation_of_the_Old_Town_Hall_Tower_(Prague)/0/pictures/Rekonstrukce_Staroměstské_radnice_1AAH5999.jpg
Old_Town_Hall_(Prague),190045,0,commons/Renovation_of_the_Old_Town_Hall_Tower_(Prague)/0/pictures/Rekonstrukce_Staroměstské_radnice_1AAN6982.jpg
Old_Town_Hall_(Prague),190045,0,commons/Renovation_of_the_Old_Town_Hall_Tower_(Prague)/0/pictures/Rekonstrukce_Staroměstské_radnice_1AAH6054.jpg
Old_Town_Hall_(Prague),190045,0,commons/Renovation_of_the_Old_Town_Hall_Tower_(Prague)/0/pictures/Rekonstrukce_Staroměstské_radnice_1AAH6063.jpg
Old_Town_Hall_(Prague),190045,0,commons/Renovation_of_the_Old_Town_Hall_Tower_(Prague)/0/pictures/Rekonstrukce_Staroměstské_radnice_1AAN6993.jpg
Old_Town_Hall_(Prague),190045,0,commons/Renovation_of_the_Old_Town_Hall_Tower_(Prague)/0/pictures/Rekonstrukce_Staroměstské_radnice_1AAH6085.jpg
Old_Town_Hall_(Prague),190045,0,commons/Renovation_of_the_Old_Town_Hall_Tower_(Prague)/0/pictures/Rekonstrukce_Staroměstské_radnice_1AAH6098.jpg
Old_Town_Hall_(Prague),190045,0,commons/Renovation_of_the_Old_Town_Hall_Tower_(Prague)/0/pictures/Rekonstrukce_Staroměstské_radnice_1AAH6104.jpg
Old_Town_Hall_(Prague),190045,0,commons/Renovation_of_the_Old_Town_Hall_Tower_(Prague)/0/pictures/Rekonstrukce_Staroměstské_radnice_1AAN7349.jpg
Old_Town_Hall_(Prague),190045,0,commons/Renovation_of_the_Old_Town_Hall_Tower_(Prague)/0/pictures/Rekonstrukce_Staroměstské_radnice_1AAH6148.jpg
Old_Town_Hall_(Prague),190045,0,commons/Renovation_of_the_Old_Town_Hall_Tower_(Prague)/0/pictures/Rekonstrukce_Staroměstské_radnice_1AAN7352.jpg
Old_Town_Hall_(Prague),190045,0,commons/Renovation_of_the_Old_Town_Hall_Tower_(Prague)/0/pictures/Rekonstrukce_Staroměstské_radnice_1AAH6175.jpg
Old_Town_Hall_(Prague),190045,0,commons/Renovation_of_the_Old_Town_Hall_Tower_(Prague)/0/pictures/Rekonstrukce_Staroměstské_radnice_1AAN7357.jpg
Old_Town_Hall_(Prague),190045,0,commons/Renovation_of_the_Old_Town_Hall_Tower_(Prague)/0/pictures/Rekonstrukce_Staroměstské_radnice_1AAH6180.jpg
Old_Town_Hall_(Prague),190045,0,commons/Renovation_of_the_Old_Town_Hall_Tower_(Prague)/0/pictures/Rekonstrukce_Staroměstské_radnice_1AAN7366.jpg
Old_Town_Hall_(Prague),190045,0,commons/Renovation_of_the_Old_Town_Hall_Tower_(Prague)/0/pictures/Rekonstrukce_Staroměstské_radnice_1AAH6184.jpg
Old_Town_Hall_(Prague),190045,0,commons/Renovation_of_the_Old_Town_Hall_Tower_(Prague)/0/pictures/Rekonstrukce_Staroměstské_radnice_1AAN7372.jpg
Old_Town_Hall_(Prague),190045,0,commons/Renovation_of_the_Old_Town_Hall_Tower_(Prague)/0/pictures/Rekonstrukce_Staroměstské_radnice_1AAH6192.jpg
Old_Town_Hall_(Prague),190045,0,commons/Renovation_of_the_Old_Town_Hall_Tower_(Prague)/0/pictures/Rekonstrukce_Staroměstské_radnice_1AAN7368.jpg
Old_Town_Hall_(Prague),190045,0,commons/Renovation_of_the_Old_Town_Hall_Tower_(Prague)/0/pictures/Rekonstrukce_Staroměstské_radnice_1AAH6206.jpg
Old_Town_Hall_(Prague),190045,0,commons/Renovation_of_the_Old_Town_Hall_Tower_(Prague)/0/pictures/Rekonstrukce_Staroměstské_radnice_AAG7756.jpg
Old_Town_Hall_(Prague),190045,0,commons/Renovation_of_the_Old_Town_Hall_Tower_(Prague)/0/pictures/Rekonstrukce_Staroměstské_radnice_1AAH6217.jpg
Old_Town_Hall_(Prague),190045,0,commons/Renovation_of_the_Old_Town_Hall_Tower_(Prague)/0/pictures/Rekonstrukce_Staroměstské_radnice_1AAH6219.jpg
Old_Town_Hall_(Prague),190045,0,commons/Renovation_of_the_Old_Town_Hall_Tower_(Prague)/0/pictures/Rekonstrukce_Staroměstské_radnice_1AAH6223.jpg
Old_Town_Hall_(Prague),190045,0,commons/Renovation_of_the_Old_Town_Hall_Tower_(Prague)/0/pictures/Rekonstrukce_Staroměstské_radnice_1AAH6246.jpg
Old_Town_Hall_(Prague),190045,0,commons/Renovation_of_the_Old_Town_Hall_Tower_(Prague)/0/pictures/Rekonstrukce_Staroměstské_radnice_1AAH6253.jpg
Old_Town_Hall_(Prague),190045,0,commons/Renovation_of_the_Old_Town_Hall_Tower_(Prague)/0/pictures/Rekonstrukce_Staroměstské_radnice_1AAH6335.jpg
Old_Town_Hall_(Prague),190045,0,commons/Renovation_of_the_Old_Town_Hall_Tower_(Prague)/0/pictures/Rekonstrukce_Staroměstské_radnice_1AAH6340.jpg
Old_Town_Hall_(Prague),190045,0,commons/Renovation_of_the_Old_Town_Hall_Tower_(Prague)/0/pictures/Rekonstrukce_Staroměstské_radnice_1AAH6345.jpg
Old_Town_Hall_(Prague),190045,0,commons/Renovation_of_the_Old_Town_Hall_Tower_(Prague)/0/pictures/Rekonstrukce_Staroměstské_radnice_1AAN7414.jpg
Old_Town_Hall_(Prague),190045,0,commons/Renovation_of_the_Old_Town_Hall_Tower_(Prague)/0/pictures/Rekonstrukce_Staroměstské_radnice_1AAH6351.jpg
Old_Town_Hall_(Prague),190045,0,commons/Renovation_of_the_Old_Town_Hall_Tower_(Prague)/0/pictures/Rekonstrukce_Staroměstské_radnice_1AAN7416.jpg
Old_Town_Hall_(Prague),190045,0,commons/Renovation_of_the_Old_Town_Hall_Tower_(Prague)/0/pictures/Rekonstrukce_Staroměstské_radnice_1AAH6359.jpg
Old_Town_Hall_(Prague),190045,0,commons/Renovation_of_the_Old_Town_Hall_Tower_(Prague)/0/pictures/Rekonstrukce_Staroměstské_radnice_1AAN7418.jpg
Old_Town_Hall_(Prague),190045,0,commons/Renovation_of_the_Old_Town_Hall_Tower_(Prague)/0/pictures/Rekonstrukce_Staroměstské_radnice_1AAH6366.jpg
Old_Town_Hall_(Prague),190045,0,commons/Renovation_of_the_Old_Town_Hall_Tower_(Prague)/0/pictures/Rekonstrukce_Staroměstské_radnice_1AAN7422.jpg
Old_Town_Hall_(Prague),190045,0,commons/Renovation_of_the_Old_Town_Hall_Tower_(Prague)/0/pictures/Rekonstrukce_Staroměstské_radnice_1AAH6407.jpg
Old_Town_Hall_(Prague),190045,0,commons/Renovation_of_the_Old_Town_Hall_Tower_(Prague)/0/pictures/Rekonstrukce_Staroměstské_radnice_1AAN7425.jpg
Old_Town_Hall_(Prague),190045,0,commons/Renovation_of_the_Old_Town_Hall_Tower_(Prague)/0/pictures/Rekonstrukce_Staroměstské_radnice_1AAH6368.jpg
Old_Town_Hall_(Prague),190045,0,commons/Renovation_of_the_Old_Town_Hall_Tower_(Prague)/0/pictures/Rekonstrukce_Staroměstské_radnice_1AAN7429.jpg
Old_Town_Hall_(Prague),190045,0,commons/Renovation_of_the_Old_Town_Hall_Tower_(Prague)/0/pictures/Rekonstrukce_Staroměstské_radnice_1AAH6412.jpg
Old_Town_Hall_(Prague),190045,0,commons/Renovation_of_the_Old_Town_Hall_Tower_(Prague)/0/pictures/Rekonstrukce_Staroměstské_radnice_1AAN7435.jpg
Old_Town_Hall_(Prague),190045,0,commons/Renovation_of_the_Old_Town_Hall_Tower_(Prague)/0/pictures/Rekonstrukce_Staroměstské_radnice_1AAH6416.jpg
Old_Town_Hall_(Prague),190045,0,commons/Renovation_of_the_Old_Town_Hall_Tower_(Prague)/0/pictures/Rekonstrukce_Staroměstské_radnice_1AAN7438.jpg
Old_Town_Hall_(Prague),190045,0,commons/Renovation_of_the_Old_Town_Hall_Tower_(Prague)/0/pictures/Rekonstrukce_Staroměstské_radnice_1AAH6419.jpg
Old_Town_Hall_(Prague),190045,0,commons/Renovation_of_the_Old_Town_Hall_Tower_(Prague)/0/pictures/Rekonstrukce_Staroměstské_radnice_1AAN7447.jpg
Old_Town_Hall_(Prague),190045,0,commons/Renovation_of_the_Old_Town_Hall_Tower_(Prague)/0/pictures/Rekonstrukce_Staroměstské_radnice_1AAH6426.jpg
Old_Town_Hall_(Prague),190045,0,commons/Renovation_of_the_Old_Town_Hall_Tower_(Prague)/0/pictures/Rekonstrukce_Staroměstské_radnice_1AAH6437.jpg
Old_Town_Hall_(Prague),190045,0,"commons/Torso_of_the_Gothic_Revival_wing_of_the_Old_Town_Hall_in_Prague/0/pictures/034_Cursa_popular_a_la_plaça_de_la_Ciutat_Vella,_torre_de_l'Ajuntament.jpg"
Old_Town_Hall_(Prague),190045,0,commons/Renovation_of_the_Old_Town_Hall_Tower_(Prague)/0/pictures/Rekonstrukce_Staroměstské_radnice_1AAH6443.jpg
Old_Town_Hall_(Prague),190045,0,"commons/Torso_of_the_Gothic_Revival_wing_of_the_Old_Town_Hall_in_Prague/0/pictures/036_Plaça_de_la_Ciutat_Vella,_torre_i_capella_de_l'Ajuntament.jpg"
Old_Town_Hall_(Prague),190045,0,commons/Renovation_of_the_Old_Town_Hall_Tower_(Prague)/0/pictures/Rekonstrukce_Staroměstské_radnice_1AAH6448.jpg
Old_Town_Hall_(Prague),190045,0,"commons/Torso_of_the_Gothic_Revival_wing_of_the_Old_Town_Hall_in_Prague/0/pictures/038_Celetná_Ulice,_casa_Sixt_i_torre_de_l'Ajuntament.jpg"
Old_Town_Hall_(Prague),190045,0,commons/Renovation_of_the_Old_Town_Hall_Tower_(Prague)/0/pictures/Rekonstrukce_Staroměstské_radnice_1AAH6451.jpg
Old_Town_Hall_(Prague),190045,0,"commons/Torso_of_the_Gothic_Revival_wing_of_the_Old_Town_Hall_in_Prague/0/pictures/041_Cursa_popular_a_la_plaça_de_la_Ciutat_Vella,_torre_de_l'Ajuntament.jpg"
Old_Town_Hall_(Prague),190045,0,commons/Renovation_of_the_Old_Town_Hall_Tower_(Prague)/0/pictures/Rekonstrukce_Staroměstské_radnice_1AAH6457.jpg
Old_Town_Hall_(Prague),190045,0,commons/Renovation_of_the_Old_Town_Hall_Tower_(Prague)/0/pictures/Rekonstrukce_Staroměstské_radnice_1AAN7479.jpg
Old_Town_Hall_(Prague),190045,0,commons/Renovation_of_the_Old_Town_Hall_Tower_(Prague)/0/pictures/Rekonstrukce_Staroměstské_radnice_1AAH6551.jpg
Old_Town_Hall_(Prague),190045,0,commons/Renovation_of_the_Old_Town_Hall_Tower_(Prague)/0/pictures/Rekonstrukce_Staroměstské_radnice_1AAH6560.jpg
Old_Town_Hall_(Prague),190045,0,commons/Torso_of_the_Gothic_Revival_wing_of_the_Old_Town_Hall_in_Prague/0/pictures/20190204_OldTown_3789_(32521631857).jpg
Old_Town_Hall_(Prague),190045,0,commons/Renovation_of_the_Old_Town_Hall_Tower_(Prague)/0/pictures/Rekonstrukce_Staroměstské_radnice_1AAH6568.jpg
Old_Town_Hall_(Prague),190045,0,commons/Torso_of_the_Gothic_Revival_wing_of_the_Old_Town_Hall_in_Prague/0/pictures/20190204_OldTown_9491_(40497314583).jpg
Old_Town_Hall_(Prague),190045,0,commons/Renovation_of_the_Old_Town_Hall_Tower_(Prague)/0/pictures/Rekonstrukce_Staroměstské_radnice_1AAH6570.jpg
Old_Town_Hall_(Prague),190045,0,commons/Torso_of_the_Gothic_Revival_wing_of_the_Old_Town_Hall_in_Prague/0/pictures/20190204_OldTown_9520_(40497316753).jpg
Old_Town_Hall_(Prague),190045,0,commons/Renovation_of_the_Old_Town_Hall_Tower_(Prague)/0/pictures/Rekonstrukce_Staroměstské_radnice_1AAH6573.jpg
Old_Town_Hall_(Prague),190045,0,commons/Torso_of_the_Gothic_Revival_wing_of_the_Old_Town_Hall_in_Prague/0/pictures/20190204_OldTownSq_3792_(47410426442).jpg
Old_Town_Hall_(Prague),190045,0,commons/Renovation_of_the_Old_Town_Hall_Tower_(Prague)/0/pictures/Rekonstrukce_Staroměstské_radnice_1AAH6585.jpg
Old_Town_Hall_(Prague),190045,0,commons/Torso_of_the_Gothic_Revival_wing_of_the_Old_Town_Hall_in_Prague/0/pictures/342_L'Ajuntament_de_la_Ciutat_Vella_des_de_la_casa_de_la_Creu_d'Or.jpg
Old_Town_Hall_(Prague),190045,0,commons/Renovation_of_the_Old_Town_Hall_Tower_(Prague)/0/pictures/Rekonstrukce_Staroměstské_radnice_1AAH6597.jpg
Old_Town_Hall_(Prague),190045,0,commons/Renovation_of_the_Old_Town_Hall_Tower_(Prague)/0/pictures/Rekonstrukce_Staroměstské_radnice_1AAN7510.jpg
Old_Town_Hall_(Prague),190045,0,"commons/Torso_of_the_Gothic_Revival_wing_of_the_Old_Town_Hall_in_Prague/0/pictures/345_Ajuntament_de_la_Ciutat_Vella,_Staroměstské_Náměstí.jpg"
Old_Town_Hall_(Prague),190045,0,commons/Renovation_of_the_Old_Town_Hall_Tower_(Prague)/0/pictures/Rekonstrukce_Staroměstské_radnice_1AAH6606.jpg
Old_Town_Hall_(Prague),190045,0,commons/Torso_of_the_Gothic_Revival_wing_of_the_Old_Town_Hall_in_Prague/0/pictures/354_Capella_de_l'Ajuntament_de_la_Ciutat_Vella.jpg
Old_Town_Hall_(Prague),190045,0,commons/Renovation_of_the_Old_Town_Hall_Tower_(Prague)/0/pictures/Rekonstrukce_Staroměstské_radnice_1AAH6615.jpg
Old_Town_Hall_(Prague),190045,0,"commons/Torso_of_the_Gothic_Revival_wing_of_the_Old_Town_Hall_in_Prague/0/pictures/Astronomical_Clock_tower,_Prague.JPG"
Old_Town_Hall_(Prague),190045,0,commons/Renovation_of_the_Old_Town_Hall_Tower_(Prague)/0/pictures/Rekonstrukce_Staroměstské_radnice_1AAH6619.jpg
Old_Town_Hall_(Prague),190045,0,commons/Torso_of_the_Gothic_Revival_wing_of_the_Old_Town_Hall_in_Prague/0/pictures/Altstaedter_Rathaus_bei_Nacht.jpg
Old_Town_Hall_(Prague),190045,0,commons/Renovation_of_the_Old_Town_Hall_Tower_(Prague)/0/pictures/Rekonstrukce_Staroměstské_radnice_1AAH6622.jpg
Old_Town_Hall_(Prague),190045,0,commons/Torso_of_the_Gothic_Revival_wing_of_the_Old_Town_Hall_in_Prague/0/pictures/CZ-prag-altst-rathaus.jpg
Old_Town_Hall_(Prague),190045,0,commons/Renovation_of_the_Old_Town_Hall_Tower_(Prague)/0/pictures/Rekonstrukce_Staroměstské_radnice_1AAH6627.jpg
Old_Town_Hall_(Prague),190045,0,commons/Torso_of_the_Gothic_Revival_wing_of_the_Old_Town_Hall_in_Prague/0/pictures/Catedral_praga.JPG
Old_Town_Hall_(Prague),190045,0,commons/Renovation_of_the_Old_Town_Hall_Tower_(Prague)/0/pictures/Rekonstrukce_Staroměstské_radnice_1AAH6635.jpg
Old_Town_Hall_(Prague),190045,0,commons/Torso_of_the_Gothic_Revival_wing_of_the_Old_Town_Hall_in_Prague/0/pictures/Church_of_the_Virgin_Mary_Before_Tyn_and_Old_Town_Hall_(8347995505).jpg
Old_Town_Hall_(Prague),190045,0,commons/Renovation_of_the_Old_Town_Hall_Tower_(Prague)/0/pictures/Rekonstrukce_Staroměstské_radnice_1AAH6780.jpg
Old_Town_Hall_(Prague),190045,0,commons/Torso_of_the_Gothic_Revival_wing_of_the_Old_Town_Hall_in_Prague/0/pictures/Praga_04-09-2013_07.JPG
Old_Town_Hall_(Prague),190045,0,commons/Renovation_of_the_Old_Town_Hall_Tower_(Prague)/0/pictures/Rekonstrukce_Staroměstské_radnice_1AAH7142.jpg
Old_Town_Hall_(Prague),190045,0,commons/Torso_of_the_Gothic_Revival_wing_of_the_Old_Town_Hall_in_Prague/0/pictures/Prague_(33617100294).jpg
Old_Town_Hall_(Prague),190045,0,commons/Renovation_of_the_Old_Town_Hall_Tower_(Prague)/0/pictures/Rekonstrukce_Staroměstské_radnice_1AAH7172.jpg
Old_Town_Hall_(Prague),190045,0,commons/Renovation_of_the_Old_Town_Hall_Tower_(Prague)/0/pictures/Rekonstrukce_Staroměstské_radnice_1AAN7683.jpg
Old_Town_Hall_(Prague),190045,0,commons/Torso_of_the_Gothic_Revival_wing_of_the_Old_Town_Hall_in_Prague/0/pictures/Prague_(34438281801).jpg
Old_Town_Hall_(Prague),190045,0,commons/Renovation_of_the_Old_Town_Hall_Tower_(Prague)/0/pictures/Rekonstrukce_Staroměstské_radnice_1AAH7175.jpg
Old_Town_Hall_(Prague),190045,0,"commons/Torso_of_the_Gothic_Revival_wing_of_the_Old_Town_Hall_in_Prague/0/pictures/Prague_1,_Czech_Republic_-_panoramio_(292).jpg"
Old_Town_Hall_(Prague),190045,0,commons/Renovation_of_the_Old_Town_Hall_Tower_(Prague)/0/pictures/Rekonstrukce_Staroměstské_radnice_1AAH7296.jpg
Old_Town_Hall_(Prague),190045,0,commons/Renovation_of_the_Old_Town_Hall_Tower_(Prague)/0/pictures/Rekonstrukce_Staroměstské_radnice_1AAN7706.jpg
Old_Town_Hall_(Prague),190045,0,commons/Torso_of_the_Gothic_Revival_wing_of_the_Old_Town_Hall_in_Prague/0/pictures/Prague_2006-11_017.jpg
Old_Town_Hall_(Prague),190045,0,commons/Renovation_of_the_Old_Town_Hall_Tower_(Prague)/0/pictures/Rekonstrukce_Staroměstské_radnice_1AAH7322.jpg
Old_Town_Hall_(Prague),190045,0,commons/Renovation_of_the_Old_Town_Hall_Tower_(Prague)/0/pictures/Rekonstrukce_Staroměstské_radnice_1AAN7715.jpg
Old_Town_Hall_(Prague),190045,0,commons/Torso_of_the_Gothic_Revival_wing_of_the_Old_Town_Hall_in_Prague/0/pictures/Prague_2006-11_020.jpg
Old_Town_Hall_(Prague),190045,0,commons/Renovation_of_the_Old_Town_Hall_Tower_(Prague)/0/pictures/Rekonstrukce_Staroměstské_radnice_1AAH7380.jpg
Old_Town_Hall_(Prague),190045,0,commons/Renovation_of_the_Old_Town_Hall_Tower_(Prague)/0/pictures/Rekonstrukce_Staroměstské_radnice_1AAN7712.jpg
Old_Town_Hall_(Prague),190045,0,commons/Torso_of_the_Gothic_Revival_wing_of_the_Old_Town_Hall_in_Prague/0/pictures/Prague_2006-11_142.jpg
Old_Town_Hall_(Prague),190045,0,commons/Renovation_of_the_Old_Town_Hall_Tower_(Prague)/0/pictures/Rekonstrukce_Staroměstské_radnice_1AAH7395.jpg
Old_Town_Hall_(Prague),190045,0,commons/Torso_of_the_Gothic_Revival_wing_of_the_Old_Town_Hall_in_Prague/0/pictures/Prague_2006-11_51.jpg
Old_Town_Hall_(Prague),190045,0,commons/Renovation_of_the_Old_Town_Hall_Tower_(Prague)/0/pictures/Rekonstrukce_Staroměstské_radnice_1AAH7454.jpg
Old_Town_Hall_(Prague),190045,0,commons/Torso_of_the_Gothic_Revival_wing_of_the_Old_Town_Hall_in_Prague/0/pictures/Prague_2006-11_53.jpg
Old_Town_Hall_(Prague),190045,0,commons/Renovation_of_the_Old_Town_Hall_Tower_(Prague)/0/pictures/Rekonstrukce_Staroměstské_radnice_1AAH7479.jpg
Old_Town_Hall_(Prague),190045,0,commons/Torso_of_the_Gothic_Revival_wing_of_the_Old_Town_Hall_in_Prague/0/pictures/Prague_IMG_0835_(378138004).jpg
Old_Town_Hall_(Prague),190045,0,commons/Renovation_of_the_Old_Town_Hall_Tower_(Prague)/0/pictures/Rekonstrukce_Staroměstské_radnice_1AAH7498.jpg
Old_Town_Hall_(Prague),190045,0,commons/Torso_of_the_Gothic_Revival_wing_of_the_Old_Town_Hall_in_Prague/0/pictures/Views_of_Prague_from_Church_of_Our_Lady_in_front_of_Týn_tower9.jpg
Old_Town_Hall_(Prague),190045,0,commons/Renovation_of_the_Old_Town_Hall_Tower_(Prague)/0/pictures/Rekonstrukce_Staroměstské_radnice_1AAI00201.jpg
Old_Town_Hall_(Prague),190045,0,commons/Torso_of_the_Gothic_Revival_wing_of_the_Old_Town_Hall_in_Prague/0/pictures/Пражскія_вуліцы_31.JPG
Old_Town_Hall_(Prague),190045,0,commons/Renovation_of_the_Old_Town_Hall_Tower_(Prague)/0/pictures/Rekonstrukce_Staroměstské_radnice_1AAI00261.jpg
Old_Town_Hall_(Prague),190045,0,commons/Renovation_of_the_Old_Town_Hall_Tower_(Prague)/0/pictures/Rekonstrukce_Staroměstské_radnice_1AAN9333.jpg
Old_Town_Hall_(Prague),190045,0,commons/Renovation_of_the_Old_Town_Hall_Tower_(Prague)/0/pictures/Rekonstrukce_Staroměstské_radnice_1AAI00581.jpg
Old_Town_Hall_(Prague),190045,0,commons/Renovation_of_the_Old_Town_Hall_Tower_(Prague)/0/pictures/Rekonstrukce_Staroměstské_radnice_1AAN9344.jpg
Old_Town_Hall_(Prague),190045,0,commons/Views_of_Old_Town_in_Prague_from_Old_Town_Hall_Tower/0/pictures/20190204_OldTownSq_9444_(40497353213).jpg
Old_Town_Hall_(Prague),190045,0,commons/Renovation_of_the_Old_Town_Hall_Tower_(Prague)/0/pictures/Rekonstrukce_Staroměstské_radnice_1AAI02641.jpg
Old_Town_Hall_(Prague),190045,0,commons/Views_of_Prague_from_Old_Town_Hall_Tower/0/pictures/Prague_7.jpg
Old_Town_Hall_(Prague),190045,0,commons/Renovation_of_the_Old_Town_Hall_Tower_(Prague)/0/pictures/Rekonstrukce_Staroměstské_radnice_1AAI6902.jpg
Old_Town_Hall_(Prague),190045,0,commons/Renovation_of_the_Old_Town_Hall_Tower_(Prague)/0/pictures/Rekonstrukce_Staroměstské_radnice_1AAI6956.jpg
Old_Town_Hall_(Prague),190045,0,commons/Renovation_of_the_Old_Town_Hall_Tower_(Prague)/0/pictures/Rekonstrukce_Staroměstské_radnice_1AAI6952.jpg
Old_Town_Hall_(Prague),190045,0,commons/Renovation_of_the_Old_Town_Hall_Tower_(Prague)/0/pictures/Rekonstrukce_Staroměstské_radnice_1AAI7040.jpg
Old_Town_Hall_(Prague),190045,0,commons/Renovation_of_the_Old_Town_Hall_Tower_(Prague)/0/pictures/Rekonstrukce_Staroměstské_radnice_1AAO2924.jpg
Old_Town_Hall_(Prague),190045,0,commons/Views_of_Prague_from_Old_Town_Hall_Tower/0/pictures/Staroměstské_náměstí_(Staré_Město).JPG
Old_Town_Hall_(Prague),190045,0,commons/Renovation_of_the_Old_Town_Hall_Tower_(Prague)/0/pictures/Rekonstrukce_Staroměstské_radnice_1AAI7038.jpg
Old_Town_Hall_(Prague),190045,0,commons/Views_of_Prague_from_Old_Town_Hall_Tower/0/pictures/Staroměstské_náměstí....jpg
Old_Town_Hall_(Prague),190045,0,commons/Renovation_of_the_Old_Town_Hall_Tower_(Prague)/0/pictures/Rekonstrukce_Staroměstské_radnice_1AAI7043.jpg
Old_Town_Hall_(Prague),190045,0,"commons/Views_of_Prague_from_Old_Town_Hall_Tower/0/pictures/View_of_Prague_from_Old_Town_Hall_Tower-Nová_radnice,_Praha.jpg"
Old_Town_Hall_(Prague),190045,0,commons/Renovation_of_the_Old_Town_Hall_Tower_(Prague)/0/pictures/Rekonstrukce_Staroměstské_radnice_1AAI7571.jpg
Old_Town_Hall_(Prague),190045,0,commons/Renovation_of_the_Old_Town_Hall_Tower_(Prague)/0/pictures/Rekonstrukce_Staroměstské_radnice_1AAO3211.jpg
Old_Town_Hall_(Prague),190045,0,commons/Renovation_of_the_Old_Town_Hall_Tower_(Prague)/0/pictures/Rekonstrukce_Staroměstské_radnice_1AAI7592.jpg
Old_Town_Hall_(Prague),190045,0,commons/Renovation_of_the_Old_Town_Hall_Tower_(Prague)/0/pictures/Rekonstrukce_Staroměstské_radnice_1AAO3230.jpg
Old_Town_Hall_(Prague),190045,0,commons/Views_of_the_Church_of_Our_Lady_in_front_of_Týn_from_the_Old_Town_Hall/0/pictures/Prag_Teynkirche.jpg
Old_Town_Hall_(Prague),190045,0,commons/Renovation_of_the_Old_Town_Hall_Tower_(Prague)/0/pictures/Rekonstrukce_Staroměstské_radnice_1AAI7771.jpg
Old_Town_Hall_(Prague),190045,0,commons/Views_of_the_Church_of_Our_Lady_in_front_of_Týn_from_the_Old_Town_Hall/0/pictures/Prague_07-2016_View_from_Old_Town_Hall_Tower_img2.jpg
Old_Town_Hall_(Prague),190045,0,commons/Renovation_of_the_Old_Town_Hall_Tower_(Prague)/0/pictures/Rekonstrukce_Staroměstské_radnice_1AAI8037.jpg
Old_Town_Hall_(Prague),190045,0,commons/Views_of_the_Church_of_Our_Lady_in_front_of_Týn_from_the_Old_Town_Hall/0/pictures/Prague_2016-01-04_19-12-46_IMG_8708_(32747221896).jpg
Old_Town_Hall_(Prague),190045,0,commons/Renovation_of_the_Old_Town_Hall_Tower_(Prague)/0/pictures/Rekonstrukce_Staroměstské_radnice_1AAI8089.jpg
Old_Town_Hall_(Prague),190045,0,commons/Renovation_of_the_Old_Town_Hall_Tower_(Prague)/0/pictures/Rekonstrukce_Staroměstské_radnice_1AAO3569.jpg
Old_Town_Hall_(Prague),190045,0,commons/Views_of_the_Church_of_Our_Lady_in_front_of_Týn_from_the_Old_Town_Hall/0/pictures/Prague_NZ7_0125_(45222380091).jpg
Old_Town_Hall_(Prague),190045,0,commons/Renovation_of_the_Old_Town_Hall_Tower_(Prague)/0/pictures/Rekonstrukce_Staroměstské_radnice_1AAI8094.jpg
Old_Town_Hall_(Prague),190045,0,commons/Views_of_the_Church_of_Our_Lady_in_front_of_Týn_from_the_Old_Town_Hall/0/pictures/Prague_tyn.jpg
Old_Town_Hall_(Prague),190045,0,commons/Renovation_of_the_Old_Town_Hall_Tower_(Prague)/0/pictures/Rekonstrukce_Staroměstské_radnice_1AAI8115.jpg
Old_Town_Hall_(Prague),190045,0,commons/Views_of_the_Church_of_Our_Lady_in_front_of_Týn_from_the_Old_Town_Hall/0/pictures/Praha_-_Tynsky_chram.jpg
Old_Town_Hall_(Prague),190045,0,commons/Renovation_of_the_Old_Town_Hall_Tower_(Prague)/0/pictures/Rekonstrukce_Staroměstské_radnice_1AAI8121.jpg
Old_Town_Hall_(Prague),190045,0,"commons/Views_of_the_Church_of_Our_Lady_in_front_of_Týn_from_the_Old_Town_Hall/0/pictures/Praha,_Staroměstské_náměstí,_Týnský_kostel.jpg"
Old_Town_Hall_(Prague),190045,0,commons/Renovation_of_the_Old_Town_Hall_Tower_(Prague)/0/pictures/Rekonstrukce_Staroměstské_radnice_1AAI8125.jpg
Old_Town_Hall_(Prague),190045,0,commons/Views_of_the_Church_of_Our_Lady_in_front_of_Týn_from_the_Old_Town_Hall/0/pictures/Rekonstrukce_Staroměstské_radnice_1AAF5407.jpg
Old_Town_Hall_(Prague),190045,0,commons/Renovation_of_the_Old_Town_Hall_Tower_(Prague)/0/pictures/Rekonstrukce_Staroměstské_radnice_1AAI8123.jpg
Old_Town_Hall_(Prague),190045,0,commons/Views_of_the_Church_of_Saint_Nicholas_from_the_Old_Town_Hall/0/pictures/20190204_OldTownView_3855_(46548201435).jpg
Old_Town_Hall_(Prague),190045,0,commons/Renovation_of_the_Old_Town_Hall_Tower_(Prague)/0/pictures/Rekonstrukce_Staroměstské_radnice_1AAI90091.jpg
Old_Town_Hall_(Prague),190045,0,commons/Views_of_the_Church_of_Saint_Nicholas_from_the_Old_Town_Hall/0/pictures/Czech-04064_-_St._Nicholas_Church_(32867060982).jpg
Old_Town_Hall_(Prague),190045,0,commons/Renovation_of_the_Old_Town_Hall_Tower_(Prague)/0/pictures/Rekonstrukce_Staroměstské_radnice_1AAI91061.jpg
Old_Town_Hall_(Prague),190045,0,commons/Views_of_the_Church_of_Saint_Nicholas_from_the_Old_Town_Hall/0/pictures/Kostel_sv_mikulase_ze_staromestske_radnice.JPG
Old_Town_Hall_(Prague),190045,0,commons/Renovation_of_the_Old_Town_Hall_Tower_(Prague)/0/pictures/Rekonstrukce_Staroměstské_radnice_1AAI95641.jpg
Old_Town_Hall_(Prague),190045,0,commons/Views_of_the_Church_of_Saint_Nicholas_from_the_Old_Town_Hall/0/pictures/Prag_-_Blick_vom_Altstädter_Rathausturm_auf_die_St.-Nikolaus-Kirche_-_Zobrazit_od_Starého_věže_radnice_na_kostel_Sv._Mikuláše_-_panoramio.jpg
Old_Town_Hall_(Prague),190045,0,commons/Renovation_of_the_Old_Town_Hall_Tower_(Prague)/0/pictures/Rekonstrukce_Staroměstské_radnice_1AAI98601.jpg
Old_Town_Hall_(Prague),190045,0,commons/Views_of_the_Church_of_Saint_Nicholas_from_the_Old_Town_Hall/0/pictures/Prague_NZ7_0425_(45222465211).jpg
Old_Town_Hall_(Prague),190045,0,commons/Renovation_of_the_Old_Town_Hall_Tower_(Prague)/0/pictures/Rekonstrukce_Staroměstské_radnice_1AAJ07001.jpg
Old_Town_Hall_(Prague),190045,0,commons/Renovation_of_the_Old_Town_Hall_Tower_(Prague)/0/pictures/Rekonstrukce_Staroměstské_radnice_1AAO3820.jpg
Old_Town_Hall_(Prague),190045,0,commons/Views_of_the_Church_of_Saint_Nicholas_from_the_Old_Town_Hall/0/pictures/Rekonstrukce_Staroměstské_radnice_1AAF5411.jpg
Old_Town_Hall_(Prague),190045,0,commons/Renovation_of_the_Old_Town_Hall_Tower_(Prague)/0/pictures/Rekonstrukce_Staroměstské_radnice_1AAJ07741.jpg
Old_Town_Hall_(Prague),190045,0,commons/Backside_of_Old_Town_Hall_(Prague)/0/pictures/Staromestske_namesti_rano_2182.JPG
Old_Town_Hall_(Prague),190045,0,commons/Renovation_of_the_Old_Town_Hall_Tower_(Prague)/0/pictures/Rekonstrukce_Staroměstské_radnice_1AAO3844.jpg
Old_Town_Hall_(Prague),190045,0,"commons/Views_of_the_Church_of_Saint_Nicholas_from_the_Old_Town_Hall/0/pictures/Praha,_kostel_sv._Mikuláše_a_Pařížská_z_věže_Staroměstské_radnice.jpg"
Old_Town_Hall_(Prague),190045,0,commons/Renovation_of_the_Old_Town_Hall_Tower_(Prague)/0/pictures/Rekonstrukce_Staroměstské_radnice_1AAJ2687.jpg
Old_Town_Hall_(Prague),190045,0,commons/Backside_of_Old_Town_Hall_(Prague)/0/pictures/Prahaeleven.jpg
Old_Town_Hall_(Prague),190045,0,commons/Renovation_of_the_Old_Town_Hall_Tower_(Prague)/0/pictures/Rekonstrukce_Staroměstské_radnice_1AAO3847.jpg
Old_Town_Hall_(Prague),190045,0,commons/Renovation_of_the_Old_Town_Hall_Tower_(Prague)/0/pictures/Rekonstrukce_Staroměstské_radnice_1AAJ3879.jpg
Old_Town_Hall_(Prague),190045,0,commons/Wölflinův_dům_(Old_Town_Hall)/0/pictures/Clock_Church_in_Prague_02_977.PNG
Old_Town_Hall_(Prague),190045,0,commons/Renovation_of_the_Old_Town_Hall_Tower_(Prague)/0/pictures/Rekonstrukce_Staroměstské_radnice_1AAJ3954.jpg
Old_Town_Hall_(Prague),190045,0,commons/Wölflinův_dům_(Old_Town_Hall)/0/pictures/Clock_Church_in_Prague_03_977.PNG
Old_Town_Hall_(Prague),190045,0,commons/Renovation_of_the_Old_Town_Hall_Tower_(Prague)/0/pictures/Rekonstrukce_Staroměstské_radnice_1AAJ3956.jpg
Old_Town_Hall_(Prague),190045,0,commons/Renovation_of_the_Old_Town_Hall_Tower_(Prague)/0/pictures/Rekonstrukce_Staroměstské_radnice_1AAJ5374.jpg
Old_Town_Hall_(Prague),190045,0,commons/Renovation_of_the_Old_Town_Hall_Tower_(Prague)/0/pictures/Rekonstrukce_Staroměstské_radnice_1AAJ5780.jpg
Old_Town_Hall_(Prague),190045,0,commons/Renovation_of_the_Old_Town_Hall_Tower_(Prague)/0/pictures/Rekonstrukce_Staroměstské_radnice_1AAO8385.jpg
Old_Town_Hall_(Prague),190045,0,commons/Renovation_of_the_Old_Town_Hall_Tower_(Prague)/0/pictures/Rekonstrukce_Staroměstské_radnice_1AAK4851.jpg
Old_Town_Hall_(Prague),190045,0,commons/Renovation_of_the_Old_Town_Hall_Tower_(Prague)/0/pictures/Rekonstrukce_Staroměstské_radnice_1AAK4918.jpg
Old_Town_Hall_(Prague),190045,0,commons/Old_Town_Hall_Tower_(Prague)/0/pictures/Ночная_Прага_-_panoramio_(3).jpg
Old_Town_Hall_(Prague),190045,0,commons/Renovation_of_the_Old_Town_Hall_Tower_(Prague)/0/pictures/Rekonstrukce_Staroměstské_radnice_1AAQ0594.jpg
Old_Town_Hall_(Prague),190045,0,commons/Renovation_of_the_Old_Town_Hall_Tower_(Prague)/0/pictures/Rekonstrukce_Staroměstské_radnice_1AAK4921.jpg
Old_Town_Hall_(Prague),190045,0,commons/Renovation_of_the_Old_Town_Hall_Tower_(Prague)/0/pictures/Rekonstrukce_Staroměstské_radnice_1AAK4923.jpg
Old_Town_Hall_(Prague),190045,0,commons/Renovation_of_the_Old_Town_Hall_Tower_(Prague)/0/pictures/Rekonstrukce_Staroměstské_radnice_1AAK4926-HDR.jpg
Old_Town_Hall_(Prague),190045,0,commons/Renovation_of_the_Old_Town_Hall_Tower_(Prague)/0/pictures/Rekonstrukce_Staroměstské_radnice_1AAK4941.jpg
Old_Town_Hall_(Prague),190045,0,commons/Renovation_of_the_Old_Town_Hall_Tower_(Prague)/0/pictures/Rekonstrukce_Staroměstské_radnice_1AAK6019.jpg
Old_Town_Hall_(Prague),190045,0,commons/Renovation_of_the_Old_Town_Hall_Tower_(Prague)/0/pictures/Rekonstrukce_Staroměstské_radnice_1AAA0057.jpg
Old_Town_Hall_(Prague),190045,0,commons/Renovation_of_the_Old_Town_Hall_Tower_(Prague)/0/pictures/Rekonstrukce_Staroměstské_radnice_1AAQ0715.jpg
Old_Town_Hall_(Prague),190045,0,commons/Renovation_of_the_Old_Town_Hall_Tower_(Prague)/0/pictures/Rekonstrukce_Staroměstské_radnice_1AAK8412.jpg
Old_Town_Hall_(Prague),190045,0,commons/Renovation_of_the_Old_Town_Hall_Tower_(Prague)/0/pictures/Rekonstrukce_Staroměstské_radnice_1AAK8415.jpg
Old_Town_Hall_(Prague),190045,0,commons/Renovation_of_the_Old_Town_Hall_Tower_(Prague)/0/pictures/Rekonstrukce_Staroměstské_radnice_1AAK8464.jpg
Old_Town_Hall_(Prague),190045,0,commons/Renovation_of_the_Old_Town_Hall_Tower_(Prague)/0/pictures/Rekonstrukce_Staroměstské_radnice_1AAK8462.jpg
Old_Town_Hall_(Prague),190045,0,commons/Renovation_of_the_Old_Town_Hall_Tower_(Prague)/0/pictures/Rekonstrukce_Staroměstské_radnice_1AAK8467.jpg
Old_Town_Hall_(Prague),190045,0,commons/Renovation_of_the_Old_Town_Hall_Tower_(Prague)/0/pictures/Rekonstrukce_Staroměstské_radnice_1AAK8468.jpg
Old_Town_Hall_(Prague),190045,0,commons/Renovation_of_the_Old_Town_Hall_Tower_(Prague)/0/pictures/Rekonstrukce_Staroměstské_radnice_1AAL8770.jpg
Old_Town_Hall_(Prague),190045,0,commons/Renovation_of_the_Old_Town_Hall_Tower_(Prague)/0/pictures/Rekonstrukce_Staroměstské_radnice_1AAL8776.jpg
Old_Town_Hall_(Prague),190045,0,commons/Renovation_of_the_Old_Town_Hall_Tower_(Prague)/0/pictures/Rekonstrukce_Staroměstské_radnice_1AAL8781.jpg
Old_Town_Hall_(Prague),190045,0,commons/Renovation_of_the_Old_Town_Hall_Tower_(Prague)/0/pictures/Rekonstrukce_Staroměstské_radnice_1AAL8782.jpg
Old_Town_Hall_(Prague),190045,0,commons/Renovation_of_the_Old_Town_Hall_Tower_(Prague)/0/pictures/Rekonstrukce_Staroměstské_radnice_1AAL8787.jpg
Old_Town_Hall_(Prague),190045,0,commons/Renovation_of_the_Old_Town_Hall_Tower_(Prague)/0/pictures/Rekonstrukce_Staroměstské_radnice_1AAL9129.jpg
Old_Town_Hall_(Prague),190045,0,commons/Renovation_of_the_Old_Town_Hall_Tower_(Prague)/0/pictures/Rekonstrukce_Staroměstské_radnice_1AAL9132.jpg
Old_Town_Hall_(Prague),190045,0,commons/Renovation_of_the_Old_Town_Hall_Tower_(Prague)/0/pictures/Rekonstrukce_Staroměstské_radnice_1AAL9136.jpg
Old_Town_Hall_(Prague),190045,0,commons/Renovation_of_the_Old_Town_Hall_Tower_(Prague)/0/pictures/Rekonstrukce_Staroměstské_radnice_1AAL9139.jpg
Old_Town_Hall_(Prague),190045,0,commons/Renovation_of_the_Old_Town_Hall_Tower_(Prague)/0/pictures/Rekonstrukce_Staroměstské_radnice_1AAL9142.jpg
Old_Town_Hall_(Prague),190045,0,commons/Renovation_of_the_Old_Town_Hall_Tower_(Prague)/0/pictures/Rekonstrukce_Staroměstské_radnice_1AAL9905.jpg
Old_Town_Hall_(Prague),190045,0,commons/Renovation_of_the_Old_Town_Hall_Tower_(Prague)/0/pictures/Rekonstrukce_Staroměstské_radnice_1AAN4233.jpg
Old_Town_Hall_(Prague),190045,0,commons/Renovation_of_the_Old_Town_Hall_Tower_(Prague)/0/pictures/Rekonstrukce_Staroměstské_radnice_1AAE2781.jpg
Old_Town_Hall_(Prague),190045,0,commons/Renovation_of_the_Old_Town_Hall_Tower_(Prague)/0/pictures/Rekonstrukce_Staroměstské_radnice_1AAR0392-HDR.jpg
Old_Town_Hall_(Prague),190045,0,commons/Renovation_of_the_Old_Town_Hall_Tower_(Prague)/0/pictures/Rekonstrukce_Staroměstské_radnice_1AAN4228.jpg
Old_Town_Hall_(Prague),190045,0,commons/Renovation_of_the_Old_Town_Hall_Tower_(Prague)/0/pictures/Rekonstrukce_Staroměstské_radnice_1AAE2783.jpg
Old_Town_Hall_(Prague),190045,0,commons/Renovation_of_the_Old_Town_Hall_Tower_(Prague)/0/pictures/Rekonstrukce_Staroměstské_radnice_1AAR0392.jpg
Old_Town_Hall_(Prague),190045,0,commons/Renovation_of_the_Old_Town_Hall_Tower_(Prague)/0/pictures/Rekonstrukce_Staroměstské_radnice_1AAN4264.jpg
Old_Town_Hall_(Prague),190045,0,commons/Renovation_of_the_Old_Town_Hall_Tower_(Prague)/0/pictures/Rekonstrukce_Staroměstské_radnice_1AAN4290.jpg
Old_Town_Hall_(Prague),190045,0,commons/Renovation_of_the_Old_Town_Hall_Tower_(Prague)/0/pictures/Rekonstrukce_Staroměstské_radnice_1AAN4304.jpg
Old_Town_Hall_(Prague),190045,0,commons/Renovation_of_the_Old_Town_Hall_Tower_(Prague)/0/pictures/Rekonstrukce_Staroměstské_radnice_1AAN4308.jpg
Old_Town_Hall_(Prague),190045,0,commons/Renovation_of_the_Old_Town_Hall_Tower_(Prague)/0/pictures/Rekonstrukce_Staroměstské_radnice_1AAE2807.jpg
Old_Town_Hall_(Prague),190045,0,commons/Renovation_of_the_Old_Town_Hall_Tower_(Prague)/0/pictures/Rekonstrukce_Staroměstské_radnice_1AAR0438.jpg
Old_Town_Hall_(Prague),190045,0,commons/Renovation_of_the_Old_Town_Hall_Tower_(Prague)/0/pictures/Rekonstrukce_Staroměstské_radnice_1AAN4313.jpg
Old_Town_Hall_(Prague),190045,0,commons/Renovation_of_the_Old_Town_Hall_Tower_(Prague)/0/pictures/Rekonstrukce_Staroměstské_radnice_1AAN4315.jpg
Old_Town_Hall_(Prague),190045,0,commons/Renovation_of_the_Old_Town_Hall_Tower_(Prague)/0/pictures/Rekonstrukce_Staroměstské_radnice_1AAN4317.jpg
Old_Town_Hall_(Prague),190045,0,commons/Renovation_of_the_Old_Town_Hall_Tower_(Prague)/0/pictures/Rekonstrukce_Staroměstské_radnice_1AAE2813.jpg
Old_Town_Hall_(Prague),190045,0,commons/Renovation_of_the_Old_Town_Hall_Tower_(Prague)/0/pictures/Rekonstrukce_Staroměstské_radnice_1AAR0446.jpg
Old_Town_Hall_(Prague),190045,0,commons/Renovation_of_the_Old_Town_Hall_Tower_(Prague)/0/pictures/Rekonstrukce_Staroměstské_radnice_1AAN4338.jpg
Old_Town_Hall_(Prague),190045,0,commons/Renovation_of_the_Old_Town_Hall_Tower_(Prague)/0/pictures/Rekonstrukce_Staroměstské_radnice_1AAN4321.jpg
Old_Town_Hall_(Prague),190045,0,commons/Renovation_of_the_Old_Town_Hall_Tower_(Prague)/0/pictures/Rekonstrukce_Staroměstské_radnice_1AAE2817.jpg
Old_Town_Hall_(Prague),190045,0,commons/Renovation_of_the_Old_Town_Hall_Tower_(Prague)/0/pictures/Rekonstrukce_Staroměstské_radnice_1AAR0451.jpg
Old_Town_Hall_(Prague),190045,0,commons/Renovation_of_the_Old_Town_Hall_Tower_(Prague)/0/pictures/Rekonstrukce_Staroměstské_radnice_1AAN4351.jpg
Old_Town_Hall_(Prague),190045,0,commons/Renovation_of_the_Old_Town_Hall_Tower_(Prague)/0/pictures/Rekonstrukce_Staroměstské_radnice_1AAE2821.jpg
Old_Town_Hall_(Prague),190045,0,commons/Renovation_of_the_Old_Town_Hall_Tower_(Prague)/0/pictures/Rekonstrukce_Staroměstské_radnice_1AAR0459.jpg
Old_Town_Hall_(Prague),190045,0,commons/Renovation_of_the_Old_Town_Hall_Tower_(Prague)/0/pictures/Rekonstrukce_Staroměstské_radnice_1AAN4357.jpg
Old_Town_Hall_(Prague),190045,0,commons/Renovation_of_the_Old_Town_Hall_Tower_(Prague)/0/pictures/Rekonstrukce_Staroměstské_radnice_1AAN4369.jpg
Old_Town_Hall_(Prague),190045,0,commons/Renovation_of_the_Old_Town_Hall_Tower_(Prague)/0/pictures/Rekonstrukce_Staroměstské_radnice_1AAN4372.jpg
Old_Town_Hall_(Prague),190045,0,commons/Renovation_of_the_Old_Town_Hall_Tower_(Prague)/0/pictures/Rekonstrukce_Staroměstské_radnice_1AAN4410.jpg
Old_Town_Hall_(Prague),190045,0,commons/Renovation_of_the_Old_Town_Hall_Tower_(Prague)/0/pictures/Rekonstrukce_Staroměstské_radnice_1AAN4412.jpg
Old_Town_Hall_(Prague),190045,0,commons/Renovation_of_the_Old_Town_Hall_Tower_(Prague)/0/pictures/Rekonstrukce_Staroměstské_radnice_1AAE2861.jpg
Old_Town_Hall_(Prague),190045,0,commons/Renovation_of_the_Old_Town_Hall_Tower_(Prague)/0/pictures/Rekonstrukce_Staroměstské_radnice_1AAR0498.jpg
Old_Town_Hall_(Prague),190045,0,commons/Renovation_of_the_Old_Town_Hall_Tower_(Prague)/0/pictures/Rekonstrukce_Staroměstské_radnice_1AAN4426.jpg
Old_Town_Hall_(Prague),190045,0,commons/Renovation_of_the_Old_Town_Hall_Tower_(Prague)/0/pictures/Rekonstrukce_Staroměstské_radnice_1AAN4429.jpg
Old_Town_Hall_(Prague),190045,0,commons/Renovation_of_the_Old_Town_Hall_Tower_(Prague)/0/pictures/Rekonstrukce_Staroměstské_radnice_1AAN4432.jpg
Old_Town_Hall_(Prague),190045,0,commons/Renovation_of_the_Old_Town_Hall_Tower_(Prague)/0/pictures/Rekonstrukce_Staroměstské_radnice_1AAN4440.jpg
Old_Town_Hall_(Prague),190045,0,commons/Renovation_of_the_Old_Town_Hall_Tower_(Prague)/0/pictures/Rekonstrukce_Staroměstské_radnice_1AAE2873.jpg
Old_Town_Hall_(Prague),190045,0,commons/Renovation_of_the_Old_Town_Hall_Tower_(Prague)/0/pictures/Rekonstrukce_Staroměstské_radnice_1AAR0513.jpg
Old_Town_Hall_(Prague),190045,0,commons/Renovation_of_the_Old_Town_Hall_Tower_(Prague)/0/pictures/Rekonstrukce_Staroměstské_radnice_1AAN4437.jpg
Old_Town_Hall_(Prague),190045,0,commons/Renovation_of_the_Old_Town_Hall_Tower_(Prague)/0/pictures/Rekonstrukce_Staroměstské_radnice_1AAN4474.jpg
Old_Town_Hall_(Prague),190045,0,commons/Renovation_of_the_Old_Town_Hall_Tower_(Prague)/0/pictures/Rekonstrukce_Staroměstské_radnice_1AAE2899.jpg
Old_Town_Hall_(Prague),190045,0,commons/Renovation_of_the_Old_Town_Hall_Tower_(Prague)/0/pictures/Rekonstrukce_Staroměstské_radnice_1AAR0558.jpg
Old_Town_Hall_(Prague),190045,0,commons/Renovation_of_the_Old_Town_Hall_Tower_(Prague)/0/pictures/Rekonstrukce_Staroměstské_radnice_1AAN4479.jpg
Old_Town_Hall_(Prague),190045,0,commons/Renovation_of_the_Old_Town_Hall_Tower_(Prague)/0/pictures/Rekonstrukce_Staroměstské_radnice_1AAE2897.jpg
Old_Town_Hall_(Prague),190045,0,commons/Renovation_of_the_Old_Town_Hall_Tower_(Prague)/0/pictures/Rekonstrukce_Staroměstské_radnice_1AAR0565.jpg
Old_Town_Hall_(Prague),190045,0,commons/Renovation_of_the_Old_Town_Hall_Tower_(Prague)/0/pictures/Rekonstrukce_Staroměstské_radnice_1AAN4484.jpg
Old_Town_Hall_(Prague),190045,0,commons/Renovation_of_the_Old_Town_Hall_Tower_(Prague)/0/pictures/Rekonstrukce_Staroměstské_radnice_1AAE2903.jpg
Old_Town_Hall_(Prague),190045,0,commons/Renovation_of_the_Old_Town_Hall_Tower_(Prague)/0/pictures/Rekonstrukce_Staroměstské_radnice_1AAR0592.jpg
Old_Town_Hall_(Prague),190045,0,commons/Renovation_of_the_Old_Town_Hall_Tower_(Prague)/0/pictures/Rekonstrukce_Staroměstské_radnice_1AAN4486.jpg
Old_Town_Hall_(Prague),190045,0,commons/Renovation_of_the_Old_Town_Hall_Tower_(Prague)/0/pictures/Rekonstrukce_Staroměstské_radnice_1AAE2905.jpg
Old_Town_Hall_(Prague),190045,0,commons/Renovation_of_the_Old_Town_Hall_Tower_(Prague)/0/pictures/Rekonstrukce_Staroměstské_radnice_1AAR0602.jpg
Old_Town_Hall_(Prague),190045,0,commons/Renovation_of_the_Old_Town_Hall_Tower_(Prague)/0/pictures/Rekonstrukce_Staroměstské_radnice_1AAN4490.jpg
Old_Town_Hall_(Prague),190045,0,commons/Renovation_of_the_Old_Town_Hall_Tower_(Prague)/0/pictures/Rekonstrukce_Staroměstské_radnice_1AAN4494.jpg
Old_Town_Hall_(Prague),190045,0,commons/Renovation_of_the_Old_Town_Hall_Tower_(Prague)/0/pictures/Rekonstrukce_Staroměstské_radnice_1AAE2909.jpg
Old_Town_Hall_(Prague),190045,0,commons/Renovation_of_the_Old_Town_Hall_Tower_(Prague)/0/pictures/Rekonstrukce_Staroměstské_radnice_1AAR0614.jpg
Old_Town_Hall_(Prague),190045,0,commons/Renovation_of_the_Old_Town_Hall_Tower_(Prague)/0/pictures/Rekonstrukce_Staroměstské_radnice_1AAN4498.jpg
Old_Town_Hall_(Prague),190045,0,commons/Renovation_of_the_Old_Town_Hall_Tower_(Prague)/0/pictures/Rekonstrukce_Staroměstské_radnice_1AAN4500.jpg
Old_Town_Hall_(Prague),190045,0,commons/Renovation_of_the_Old_Town_Hall_Tower_(Prague)/0/pictures/Rekonstrukce_Staroměstské_radnice_1AAN4504.jpg
Old_Town_Hall_(Prague),190045,0,commons/Renovation_of_the_Old_Town_Hall_Tower_(Prague)/0/pictures/Rekonstrukce_Staroměstské_radnice_1AAN4508.jpg
Old_Town_Hall_(Prague),190045,0,commons/Renovation_of_the_Old_Town_Hall_Tower_(Prague)/0/pictures/Rekonstrukce_Staroměstské_radnice_1AAN4525.jpg
Old_Town_Hall_(Prague),190045,0,commons/Renovation_of_the_Old_Town_Hall_Tower_(Prague)/0/pictures/Rekonstrukce_Staroměstské_radnice_1AAN4527.jpg
Old_Town_Hall_(Prague),190045,0,commons/Renovation_of_the_Old_Town_Hall_Tower_(Prague)/0/pictures/Rekonstrukce_Staroměstské_radnice_1AAN4530.jpg
Old_Town_Hall_(Prague),190045,0,commons/Renovation_of_the_Old_Town_Hall_Tower_(Prague)/0/pictures/Rekonstrukce_Staroměstské_radnice_1AAN4534.jpg
Old_Town_Hall_(Prague),190045,0,commons/Renovation_of_the_Old_Town_Hall_Tower_(Prague)/0/pictures/Rekonstrukce_Staroměstské_radnice_1AAN4550.jpg
Old_Town_Hall_(Prague),190045,0,commons/Renovation_of_the_Old_Town_Hall_Tower_(Prague)/0/pictures/Rekonstrukce_Staroměstské_radnice_1AAE2955.jpg
Old_Town_Hall_(Prague),190045,0,commons/Renovation_of_the_Old_Town_Hall_Tower_(Prague)/0/pictures/Rekonstrukce_Staroměstské_radnice_1AAR0724.jpg
Old_Town_Hall_(Prague),190045,0,commons/Renovation_of_the_Old_Town_Hall_Tower_(Prague)/0/pictures/Rekonstrukce_Staroměstské_radnice_1AAN4551.jpg
Old_Town_Hall_(Prague),190045,0,commons/Renovation_of_the_Old_Town_Hall_Tower_(Prague)/0/pictures/Rekonstrukce_Staroměstské_radnice_1AAN4556.jpg
Old_Town_Hall_(Prague),190045,0,commons/Renovation_of_the_Old_Town_Hall_Tower_(Prague)/0/pictures/Rekonstrukce_Staroměstské_radnice_1AAN4675.jpg
Old_Town_Hall_(Prague),190045,0,commons/Renovation_of_the_Old_Town_Hall_Tower_(Prague)/0/pictures/Rekonstrukce_Staroměstské_radnice_1AAN4682.jpg
Old_Town_Hall_(Prague),190045,0,commons/Renovation_of_the_Old_Town_Hall_Tower_(Prague)/0/pictures/Rekonstrukce_Staroměstské_radnice_1AAN4684.jpg
Old_Town_Hall_(Prague),190045,0,commons/Renovation_of_the_Old_Town_Hall_Tower_(Prague)/0/pictures/Rekonstrukce_Staroměstské_radnice_1AAN4692.jpg
Old_Town_Hall_(Prague),190045,0,commons/Renovation_of_the_Old_Town_Hall_Tower_(Prague)/0/pictures/Rekonstrukce_Staroměstské_radnice_1AAN4694.jpg
Old_Town_Hall_(Prague),190045,0,commons/Renovation_of_the_Old_Town_Hall_Tower_(Prague)/0/pictures/Rekonstrukce_Staroměstské_radnice_1AAN4707.jpg
Old_Town_Hall_(Prague),190045,0,commons/Renovation_of_the_Old_Town_Hall_Tower_(Prague)/0/pictures/Rekonstrukce_Staroměstské_radnice_1AAN4714.jpg
Old_Town_Hall_(Prague),190045,0,commons/Renovation_of_the_Old_Town_Hall_Tower_(Prague)/0/pictures/Rekonstrukce_Staroměstské_radnice_1AAN4719.jpg
Old_Town_Hall_(Prague),190045,0,commons/Renovation_of_the_Old_Town_Hall_Tower_(Prague)/0/pictures/Rekonstrukce_Staroměstské_radnice_1AAN4760.jpg
Old_Town_Hall_(Prague),190045,0,commons/Renovation_of_the_Old_Town_Hall_Tower_(Prague)/0/pictures/Rekonstrukce_Staroměstské_radnice_1AAN4767.jpg
Old_Town_Hall_(Prague),190045,0,commons/Renovation_of_the_Old_Town_Hall_Tower_(Prague)/0/pictures/Rekonstrukce_Staroměstské_radnice_1AAN4777.jpg
Old_Town_Hall_(Prague),190045,0,commons/Renovation_of_the_Old_Town_Hall_Tower_(Prague)/0/pictures/Rekonstrukce_Staroměstské_radnice_1AAN4784.jpg
Old_Town_Hall_(Prague),190045,0,commons/Renovation_of_the_Old_Town_Hall_Tower_(Prague)/0/pictures/Rekonstrukce_Staroměstské_radnice_1AAN4788.jpg
Old_Town_Hall_(Prague),190045,0,commons/Renovation_of_the_Old_Town_Hall_Tower_(Prague)/0/pictures/Rekonstrukce_Staroměstské_radnice_1AAN4793.jpg
Old_Town_Hall_(Prague),190045,0,commons/Renovation_of_the_Old_Town_Hall_Tower_(Prague)/0/pictures/Rekonstrukce_Staroměstské_radnice_1AAN4809.jpg
Old_Town_Hall_(Prague),190045,0,commons/Renovation_of_the_Old_Town_Hall_Tower_(Prague)/0/pictures/Rekonstrukce_Staroměstské_radnice_1AAN4815.jpg
Old_Town_Hall_(Prague),190045,0,commons/Renovation_of_the_Old_Town_Hall_Tower_(Prague)/0/pictures/Rekonstrukce_Staroměstské_radnice_1AAN4823.jpg
Old_Town_Hall_(Prague),190045,0,commons/Renovation_of_the_Old_Town_Hall_Tower_(Prague)/0/pictures/Rekonstrukce_Staroměstské_radnice_1AAN4826.jpg
Old_Town_Hall_(Prague),190045,0,commons/Renovation_of_the_Old_Town_Hall_Tower_(Prague)/0/pictures/Rekonstrukce_Staroměstské_radnice_1AAN4828.jpg
Old_Town_Hall_(Prague),190045,0,commons/Renovation_of_the_Old_Town_Hall_Tower_(Prague)/0/pictures/Rekonstrukce_Staroměstské_radnice_1AAN4852.jpg
Old_Town_Hall_(Prague),190045,0,commons/Renovation_of_the_Old_Town_Hall_Tower_(Prague)/0/pictures/Rekonstrukce_Staroměstské_radnice_1AAN4906.jpg
Old_Town_Hall_(Prague),190045,0,commons/Renovation_of_the_Old_Town_Hall_Tower_(Prague)/0/pictures/Rekonstrukce_Staroměstské_radnice_1AAN4929.jpg
Old_Town_Hall_(Prague),190045,0,commons/Renovation_of_the_Old_Town_Hall_Tower_(Prague)/0/pictures/Rekonstrukce_Staroměstské_radnice_1AAN4941.jpg
Old_Town_Hall_(Prague),190045,0,commons/Renovation_of_the_Old_Town_Hall_Tower_(Prague)/0/pictures/Rekonstrukce_Staroměstské_radnice_1AAN5262.jpg
Old_Town_Hall_(Prague),190045,0,commons/Renovation_of_the_Old_Town_Hall_Tower_(Prague)/0/pictures/Rekonstrukce_Staroměstské_radnice_1AAN5280.jpg
Old_Town_Hall_(Prague),190045,0,commons/Renovation_of_the_Old_Town_Hall_Tower_(Prague)/0/pictures/Rekonstrukce_Staroměstské_radnice_1AAN5292.jpg
Old_Town_Hall_(Prague),190045,0,commons/Renovation_of_the_Old_Town_Hall_Tower_(Prague)/0/pictures/Rekonstrukce_Staroměstské_radnice_1AAN5296.jpg
Old_Town_Hall_(Prague),190045,0,commons/Renovation_of_the_Old_Town_Hall_Tower_(Prague)/0/pictures/Rekonstrukce_Staroměstské_radnice_1AAN5794.jpg
Old_Town_Hall_(Prague),190045,0,commons/Renovation_of_the_Old_Town_Hall_Tower_(Prague)/0/pictures/Rekonstrukce_Staroměstské_radnice_1AAN5796.jpg
Old_Town_Hall_(Prague),190045,0,commons/Renovation_of_the_Old_Town_Hall_Tower_(Prague)/0/pictures/Rekonstrukce_Staroměstské_radnice_1AAN5800.jpg
Old_Town_Hall_(Prague),190045,0,commons/Renovation_of_the_Old_Town_Hall_Tower_(Prague)/0/pictures/Rekonstrukce_Staroměstské_radnice_1AAN5811.jpg
Old_Town_Hall_(Prague),190045,0,commons/Renovation_of_the_Old_Town_Hall_Tower_(Prague)/0/pictures/Rekonstrukce_Staroměstské_radnice_1AAN6335.jpg
Old_Town_Hall_(Prague),190045,0,commons/Renovation_of_the_Old_Town_Hall_Tower_(Prague)/0/pictures/Rekonstrukce_Staroměstské_radnice_1AAN6337.jpg
Old_Town_Hall_(Prague),190045,0,commons/Renovation_of_the_Old_Town_Hall_Tower_(Prague)/0/pictures/Rekonstrukce_Staroměstské_radnice_1AAN6644.jpg
Old_Town_Hall_(Prague),190045,0,commons/Renovation_of_the_Old_Town_Hall_Tower_(Prague)/0/pictures/Rekonstrukce_Staroměstské_radnice_1AAN6659.jpg
Old_Town_Hall_(Prague),190045,0,commons/Renovation_of_the_Old_Town_Hall_Tower_(Prague)/0/pictures/Rekonstrukce_Staroměstské_radnice_1AAN6662.jpg
Old_Town_Hall_(Prague),190045,0,commons/Renovation_of_the_Old_Town_Hall_Tower_(Prague)/0/pictures/Rekonstrukce_Staroměstské_radnice_1AAN6664.jpg
Old_Town_Hall_(Prague),190045,0,commons/Renovation_of_the_Old_Town_Hall_Tower_(Prague)/0/pictures/Rekonstrukce_Staroměstské_radnice_1AAN6707.jpg
Old_Town_Hall_(Prague),190045,0,commons/Renovation_of_the_Old_Town_Hall_Tower_(Prague)/0/pictures/Rekonstrukce_Staroměstské_radnice_1AAN6710.jpg
Old_Town_Hall_(Prague),190045,0,commons/Renovation_of_the_Old_Town_Hall_Tower_(Prague)/0/pictures/Rekonstrukce_Staroměstské_radnice_1AAN6715.jpg
Old_Town_Hall_(Prague),190045,0,commons/Renovation_of_the_Old_Town_Hall_Tower_(Prague)/0/pictures/Rekonstrukce_Staroměstské_radnice_1AAN6718.jpg
Old_Town_Hall_(Prague),190045,0,commons/Renovation_of_the_Old_Town_Hall_Tower_(Prague)/0/pictures/Rekonstrukce_Staroměstské_radnice_1AAN6723.jpg
Old_Town_Hall_(Prague),190045,0,commons/Renovation_of_the_Old_Town_Hall_Tower_(Prague)/0/pictures/Rekonstrukce_Staroměstské_radnice_1AAN6726.jpg
Old_Town_Hall_(Prague),190045,0,commons/Renovation_of_the_Old_Town_Hall_Tower_(Prague)/0/pictures/Rekonstrukce_Staroměstské_radnice_1AAN6831.jpg
Old_Town_Hall_(Prague),190045,0,commons/Renovation_of_the_Old_Town_Hall_Tower_(Prague)/0/pictures/Rekonstrukce_Staroměstské_radnice_1AAN6838.jpg
Old_Town_Hall_(Prague),190045,0,commons/Renovation_of_the_Old_Town_Hall_Tower_(Prague)/0/pictures/Rekonstrukce_Staroměstské_radnice_1AAN6850.jpg
Old_Town_Hall_(Prague),190045,0,commons/Renovation_of_the_Old_Town_Hall_Tower_(Prague)/0/pictures/Rekonstrukce_Staroměstské_radnice_1AAN6853.jpg
Old_Town_Hall_(Prague),190045,0,commons/Renovation_of_the_Old_Town_Hall_Tower_(Prague)/0/pictures/Rekonstrukce_Staroměstské_radnice_1AAN6873.jpg
Old_Town_Hall_(Prague),190045,0,commons/Renovation_of_the_Old_Town_Hall_Tower_(Prague)/0/pictures/Rekonstrukce_Staroměstské_radnice_1AAN6876.jpg
Old_Town_Hall_(Prague),190045,0,commons/Renovation_of_the_Old_Town_Hall_Tower_(Prague)/0/pictures/Rekonstrukce_Staroměstské_radnice_1AAN6899.jpg
Old_Town_Hall_(Prague),190045,0,commons/Renovation_of_the_Old_Town_Hall_Tower_(Prague)/0/pictures/Rekonstrukce_Staroměstské_radnice_1AAN6896.jpg
Old_Town_Hall_(Prague),190045,0,commons/Renovation_of_the_Old_Town_Hall_Tower_(Prague)/0/pictures/Rekonstrukce_Staroměstské_radnice_1AAN6995.jpg
Old_Town_Hall_(Prague),190045,0,commons/Renovation_of_the_Old_Town_Hall_Tower_(Prague)/0/pictures/Rekonstrukce_Staroměstské_radnice_1AAN7445.jpg
Old_Town_Hall_(Prague),190045,0,commons/Renovation_of_the_Old_Town_Hall_Tower_(Prague)/0/pictures/Rekonstrukce_Staroměstské_radnice_1AAN7647.jpg
Old_Town_Hall_(Prague),190045,0,commons/Renovation_of_the_Old_Town_Hall_Tower_(Prague)/0/pictures/Rekonstrukce_Staroměstské_radnice_1AAN7649.jpg
Old_Town_Hall_(Prague),190045,0,commons/Renovation_of_the_Old_Town_Hall_Tower_(Prague)/0/pictures/Rekonstrukce_Staroměstské_radnice_1AAN7661.jpg
Old_Town_Hall_(Prague),190045,0,commons/Renovation_of_the_Old_Town_Hall_Tower_(Prague)/0/pictures/Rekonstrukce_Staroměstské_radnice_1AAN7664.jpg
Old_Town_Hall_(Prague),190045,0,commons/Renovation_of_the_Old_Town_Hall_Tower_(Prague)/0/pictures/Rekonstrukce_Staroměstské_radnice_1AAN7663.jpg
Old_Town_Hall_(Prague),190045,0,commons/Renovation_of_the_Old_Town_Hall_Tower_(Prague)/0/pictures/Rekonstrukce_Staroměstské_radnice_1AAN7665.jpg
Old_Town_Hall_(Prague),190045,0,commons/Renovation_of_the_Old_Town_Hall_Tower_(Prague)/0/pictures/Rekonstrukce_Staroměstské_radnice_1AAN7677.jpg
Old_Town_Hall_(Prague),190045,0,commons/Renovation_of_the_Old_Town_Hall_Tower_(Prague)/0/pictures/Rekonstrukce_Staroměstské_radnice_1AAN7681.jpg
Old_Town_Hall_(Prague),190045,0,commons/Renovation_of_the_Old_Town_Hall_Tower_(Prague)/0/pictures/Rekonstrukce_Staroměstské_radnice_1AAN7693.jpg
Old_Town_Hall_(Prague),190045,0,commons/Renovation_of_the_Old_Town_Hall_Tower_(Prague)/0/pictures/Rekonstrukce_Staroměstské_radnice_1AAN7697.jpg
Old_Town_Hall_(Prague),190045,0,commons/Renovation_of_the_Old_Town_Hall_Tower_(Prague)/0/pictures/Rekonstrukce_Staroměstské_radnice_1AAN7701.jpg
Old_Town_Hall_(Prague),190045,0,commons/Renovation_of_the_Old_Town_Hall_Tower_(Prague)/0/pictures/Rekonstrukce_Staroměstské_radnice_1AAN7708.jpg
Old_Town_Hall_(Prague),190045,0,commons/Renovation_of_the_Old_Town_Hall_Tower_(Prague)/0/pictures/Rekonstrukce_Staroměstské_radnice_1AAN7710.jpg
Old_Town_Hall_(Prague),190045,0,commons/Renovation_of_the_Old_Town_Hall_Tower_(Prague)/0/pictures/Rekonstrukce_Staroměstské_radnice_1AAN7720.jpg
Old_Town_Hall_(Prague),190045,0,commons/Renovation_of_the_Old_Town_Hall_Tower_(Prague)/0/pictures/Rekonstrukce_Staroměstské_radnice_1AAN7754.jpg
Old_Town_Hall_(Prague),190045,0,commons/Renovation_of_the_Old_Town_Hall_Tower_(Prague)/0/pictures/Rekonstrukce_Staroměstské_radnice_1AAN7755.jpg
Old_Town_Hall_(Prague),190045,0,commons/Renovation_of_the_Old_Town_Hall_Tower_(Prague)/0/pictures/Rekonstrukce_Staroměstské_radnice_1AAN7757.jpg
Old_Town_Hall_(Prague),190045,0,commons/Renovation_of_the_Old_Town_Hall_Tower_(Prague)/0/pictures/Rekonstrukce_Staroměstské_radnice_1AAN7787.jpg
Old_Town_Hall_(Prague),190045,0,commons/Renovation_of_the_Old_Town_Hall_Tower_(Prague)/0/pictures/Rekonstrukce_Staroměstské_radnice_1AAN7789.jpg
Old_Town_Hall_(Prague),190045,0,commons/Renovation_of_the_Old_Town_Hall_Tower_(Prague)/0/pictures/Rekonstrukce_Staroměstské_radnice_1AAN7810.jpg
Old_Town_Hall_(Prague),190045,0,commons/Renovation_of_the_Old_Town_Hall_Tower_(Prague)/0/pictures/Rekonstrukce_Staroměstské_radnice_1AAN9293.jpg
Old_Town_Hall_(Prague),190045,0,commons/Renovation_of_the_Old_Town_Hall_Tower_(Prague)/0/pictures/Rekonstrukce_Staroměstské_radnice_1AAN9295.jpg
Old_Town_Hall_(Prague),190045,0,commons/Renovation_of_the_Old_Town_Hall_Tower_(Prague)/0/pictures/Rekonstrukce_Staroměstské_radnice_1AAN9300.jpg
Old_Town_Hall_(Prague),190045,0,commons/Renovation_of_the_Old_Town_Hall_Tower_(Prague)/0/pictures/Rekonstrukce_Staroměstské_radnice_1AAN9298.jpg
Old_Town_Hall_(Prague),190045,0,commons/Renovation_of_the_Old_Town_Hall_Tower_(Prague)/0/pictures/Rekonstrukce_Staroměstské_radnice_1AAN9303.jpg
Old_Town_Hall_(Prague),190045,0,commons/Renovation_of_the_Old_Town_Hall_Tower_(Prague)/0/pictures/Rekonstrukce_Staroměstské_radnice_1AAN9305.jpg
Old_Town_Hall_(Prague),190045,0,commons/Renovation_of_the_Old_Town_Hall_Tower_(Prague)/0/pictures/Rekonstrukce_Staroměstské_radnice_1AAN9309.jpg
Old_Town_Hall_(Prague),190045,0,commons/Renovation_of_the_Old_Town_Hall_Tower_(Prague)/0/pictures/Rekonstrukce_Staroměstské_radnice_1AAN9311.jpg
Old_Town_Hall_(Prague),190045,0,commons/Renovation_of_the_Old_Town_Hall_Tower_(Prague)/0/pictures/Rekonstrukce_Staroměstské_radnice_1AAN9313.jpg
Old_Town_Hall_(Prague),190045,0,commons/Renovation_of_the_Old_Town_Hall_Tower_(Prague)/0/pictures/Rekonstrukce_Staroměstské_radnice_1AAN9315.jpg
Old_Town_Hall_(Prague),190045,0,commons/Renovation_of_the_Old_Town_Hall_Tower_(Prague)/0/pictures/Rekonstrukce_Staroměstské_radnice_1AAN9317.jpg
Old_Town_Hall_(Prague),190045,0,commons/Renovation_of_the_Old_Town_Hall_Tower_(Prague)/0/pictures/Rekonstrukce_Staroměstské_radnice_1AAN9321.jpg
Old_Town_Hall_(Prague),190045,0,commons/Renovation_of_the_Old_Town_Hall_Tower_(Prague)/0/pictures/Rekonstrukce_Staroměstské_radnice_1AAN9323.jpg
Old_Town_Hall_(Prague),190045,0,commons/Renovation_of_the_Old_Town_Hall_Tower_(Prague)/0/pictures/Rekonstrukce_Staroměstské_radnice_1AAN9325.jpg
Old_Town_Hall_(Prague),190045,0,commons/Renovation_of_the_Old_Town_Hall_Tower_(Prague)/0/pictures/Rekonstrukce_Staroměstské_radnice_1AAN9327.jpg
Old_Town_Hall_(Prague),190045,0,commons/Renovation_of_the_Old_Town_Hall_Tower_(Prague)/0/pictures/Rekonstrukce_Staroměstské_radnice_1AAN9335.jpg
Old_Town_Hall_(Prague),190045,0,commons/Renovation_of_the_Old_Town_Hall_Tower_(Prague)/0/pictures/Rekonstrukce_Staroměstské_radnice_1AAN9337.jpg
Old_Town_Hall_(Prague),190045,0,commons/Renovation_of_the_Old_Town_Hall_Tower_(Prague)/0/pictures/Rekonstrukce_Staroměstské_radnice_1AAN9339.jpg
Old_Town_Hall_(Prague),190045,0,commons/Renovation_of_the_Old_Town_Hall_Tower_(Prague)/0/pictures/Rekonstrukce_Staroměstské_radnice_1AAN9341.jpg
Old_Town_Hall_(Prague),190045,0,commons/Renovation_of_the_Old_Town_Hall_Tower_(Prague)/0/pictures/Rekonstrukce_Staroměstské_radnice_1AAN9346.jpg
Old_Town_Hall_(Prague),190045,0,commons/Renovation_of_the_Old_Town_Hall_Tower_(Prague)/0/pictures/Rekonstrukce_Staroměstské_radnice_1AAN9348.jpg
Old_Town_Hall_(Prague),190045,0,commons/Renovation_of_the_Old_Town_Hall_Tower_(Prague)/0/pictures/Rekonstrukce_Staroměstské_radnice_1AAN9351.jpg
Old_Town_Hall_(Prague),190045,0,commons/Renovation_of_the_Old_Town_Hall_Tower_(Prague)/0/pictures/Rekonstrukce_Staroměstské_radnice_1AAN9356.jpg
Old_Town_Hall_(Prague),190045,0,commons/Renovation_of_the_Old_Town_Hall_Tower_(Prague)/0/pictures/Rekonstrukce_Staroměstské_radnice_1AAN9359.jpg
Old_Town_Hall_(Prague),190045,0,commons/Renovation_of_the_Old_Town_Hall_Tower_(Prague)/0/pictures/Rekonstrukce_Staroměstské_radnice_1AAN9362.jpg
Old_Town_Hall_(Prague),190045,0,commons/Renovation_of_the_Old_Town_Hall_Tower_(Prague)/0/pictures/Rekonstrukce_Staroměstské_radnice_1AAN9367.jpg
Old_Town_Hall_(Prague),190045,0,commons/Renovation_of_the_Old_Town_Hall_Tower_(Prague)/0/pictures/Rekonstrukce_Staroměstské_radnice_1AAN9392.jpg
Old_Town_Hall_(Prague),190045,0,commons/Renovation_of_the_Old_Town_Hall_Tower_(Prague)/0/pictures/Rekonstrukce_Staroměstské_radnice_1AAN9413.jpg
Old_Town_Hall_(Prague),190045,0,commons/Renovation_of_the_Old_Town_Hall_Tower_(Prague)/0/pictures/Rekonstrukce_Staroměstské_radnice_1AAN9412.jpg
Old_Town_Hall_(Prague),190045,0,commons/Renovation_of_the_Old_Town_Hall_Tower_(Prague)/0/pictures/Rekonstrukce_Staroměstské_radnice_1AAN9415.jpg
Old_Town_Hall_(Prague),190045,0,commons/Renovation_of_the_Old_Town_Hall_Tower_(Prague)/0/pictures/Rekonstrukce_Staroměstské_radnice_1AAN9449.jpg
Old_Town_Hall_(Prague),190045,0,commons/Renovation_of_the_Old_Town_Hall_Tower_(Prague)/0/pictures/Rekonstrukce_Staroměstské_radnice_1AAN9461.jpg
Old_Town_Hall_(Prague),190045,0,commons/Renovation_of_the_Old_Town_Hall_Tower_(Prague)/0/pictures/Rekonstrukce_Staroměstské_radnice_1AAN9463.jpg
Old_Town_Hall_(Prague),190045,0,commons/Renovation_of_the_Old_Town_Hall_Tower_(Prague)/0/pictures/Rekonstrukce_Staroměstské_radnice_1AAN9493.jpg
Old_Town_Hall_(Prague),190045,0,commons/Renovation_of_the_Old_Town_Hall_Tower_(Prague)/0/pictures/Rekonstrukce_Staroměstské_radnice_1AAN9495.jpg
Old_Town_Hall_(Prague),190045,0,commons/Renovation_of_the_Old_Town_Hall_Tower_(Prague)/0/pictures/Rekonstrukce_Staroměstské_radnice_1AAN9497.jpg
Old_Town_Hall_(Prague),190045,0,commons/Renovation_of_the_Old_Town_Hall_Tower_(Prague)/0/pictures/Rekonstrukce_Staroměstské_radnice_1AAN9499.jpg
Old_Town_Hall_(Prague),190045,0,commons/Renovation_of_the_Old_Town_Hall_Tower_(Prague)/0/pictures/Rekonstrukce_Staroměstské_radnice_1AAO0003.jpg
Old_Town_Hall_(Prague),190045,0,commons/Renovation_of_the_Old_Town_Hall_Tower_(Prague)/0/pictures/Rekonstrukce_Staroměstské_radnice_1AAO0006.jpg
Old_Town_Hall_(Prague),190045,0,commons/Renovation_of_the_Old_Town_Hall_Tower_(Prague)/0/pictures/Rekonstrukce_Staroměstské_radnice_1AAO0224.jpg
Old_Town_Hall_(Prague),190045,0,commons/Renovation_of_the_Old_Town_Hall_Tower_(Prague)/0/pictures/Rekonstrukce_Staroměstské_radnice_1AAO0232.jpg
Old_Town_Hall_(Prague),190045,0,commons/Renovation_of_the_Old_Town_Hall_Tower_(Prague)/0/pictures/Rekonstrukce_Staroměstské_radnice_1AAO0228.jpg
Old_Town_Hall_(Prague),190045,0,commons/Renovation_of_the_Old_Town_Hall_Tower_(Prague)/0/pictures/Rekonstrukce_Staroměstské_radnice_1AAO0263.jpg
Old_Town_Hall_(Prague),190045,0,commons/Renovation_of_the_Old_Town_Hall_Tower_(Prague)/0/pictures/Rekonstrukce_Staroměstské_radnice_1AAO0273.jpg
Old_Town_Hall_(Prague),190045,0,commons/Renovation_of_the_Old_Town_Hall_Tower_(Prague)/0/pictures/Rekonstrukce_Staroměstské_radnice_1AAO0269.jpg
Old_Town_Hall_(Prague),190045,0,commons/Renovation_of_the_Old_Town_Hall_Tower_(Prague)/0/pictures/Rekonstrukce_Staroměstské_radnice_1AAO0275.jpg
Old_Town_Hall_(Prague),190045,0,commons/Renovation_of_the_Old_Town_Hall_Tower_(Prague)/0/pictures/Rekonstrukce_Staroměstské_radnice_1AAO0280.jpg
Old_Town_Hall_(Prague),190045,0,commons/Renovation_of_the_Old_Town_Hall_Tower_(Prague)/0/pictures/Rekonstrukce_Staroměstské_radnice_1AAO0288.jpg
Old_Town_Hall_(Prague),190045,0,commons/Renovation_of_the_Old_Town_Hall_Tower_(Prague)/0/pictures/Rekonstrukce_Staroměstské_radnice_1AAO0293.jpg
Old_Town_Hall_(Prague),190045,0,commons/Renovation_of_the_Old_Town_Hall_Tower_(Prague)/0/pictures/Rekonstrukce_Staroměstské_radnice_1AAO0305.jpg
Old_Town_Hall_(Prague),190045,0,commons/Renovation_of_the_Old_Town_Hall_Tower_(Prague)/0/pictures/Rekonstrukce_Staroměstské_radnice_1AAO0313.jpg
Old_Town_Hall_(Prague),190045,0,commons/Renovation_of_the_Old_Town_Hall_Tower_(Prague)/0/pictures/Rekonstrukce_Staroměstské_radnice_1AAO0315.jpg
Old_Town_Hall_(Prague),190045,0,commons/Renovation_of_the_Old_Town_Hall_Tower_(Prague)/0/pictures/Rekonstrukce_Staroměstské_radnice_1AAO0318.jpg
Old_Town_Hall_(Prague),190045,0,commons/Renovation_of_the_Old_Town_Hall_Tower_(Prague)/0/pictures/Rekonstrukce_Staroměstské_radnice_1AAO0321.jpg
Old_Town_Hall_(Prague),190045,0,commons/Renovation_of_the_Old_Town_Hall_Tower_(Prague)/0/pictures/Rekonstrukce_Staroměstské_radnice_1AAO0326.jpg
Old_Town_Hall_(Prague),190045,0,commons/Renovation_of_the_Old_Town_Hall_Tower_(Prague)/0/pictures/Rekonstrukce_Staroměstské_radnice_1AAO0335.jpg
Old_Town_Hall_(Prague),190045,0,commons/Renovation_of_the_Old_Town_Hall_Tower_(Prague)/0/pictures/Rekonstrukce_Staroměstské_radnice_1AAO0341.jpg
Old_Town_Hall_(Prague),190045,0,commons/Renovation_of_the_Old_Town_Hall_Tower_(Prague)/0/pictures/Rekonstrukce_Staroměstské_radnice_1AAO0348.jpg
Old_Town_Hall_(Prague),190045,0,commons/Renovation_of_the_Old_Town_Hall_Tower_(Prague)/0/pictures/Rekonstrukce_Staroměstské_radnice_1AAO0359.jpg
Old_Town_Hall_(Prague),190045,0,commons/Renovation_of_the_Old_Town_Hall_Tower_(Prague)/0/pictures/Rekonstrukce_Staroměstské_radnice_1AAO0357.jpg
Old_Town_Hall_(Prague),190045,0,commons/Renovation_of_the_Old_Town_Hall_Tower_(Prague)/0/pictures/Rekonstrukce_Staroměstské_radnice_1AAO0362.jpg
Old_Town_Hall_(Prague),190045,0,commons/Renovation_of_the_Old_Town_Hall_Tower_(Prague)/0/pictures/Rekonstrukce_Staroměstské_radnice_1AAO0364.jpg
Old_Town_Hall_(Prague),190045,0,commons/Renovation_of_the_Old_Town_Hall_Tower_(Prague)/0/pictures/Rekonstrukce_Staroměstské_radnice_1AAO0367.jpg
Old_Town_Hall_(Prague),190045,0,commons/Renovation_of_the_Old_Town_Hall_Tower_(Prague)/0/pictures/Rekonstrukce_Staroměstské_radnice_1AAO0370.jpg
Old_Town_Hall_(Prague),190045,0,commons/Renovation_of_the_Old_Town_Hall_Tower_(Prague)/0/pictures/Rekonstrukce_Staroměstské_radnice_1AAO0373.jpg
Old_Town_Hall_(Prague),190045,0,commons/Renovation_of_the_Old_Town_Hall_Tower_(Prague)/0/pictures/Rekonstrukce_Staroměstské_radnice_1AAO0388.jpg
Old_Town_Hall_(Prague),190045,0,commons/Renovation_of_the_Old_Town_Hall_Tower_(Prague)/0/pictures/Rekonstrukce_Staroměstské_radnice_1AAO0383.jpg
Old_Town_Hall_(Prague),190045,0,commons/Renovation_of_the_Old_Town_Hall_Tower_(Prague)/0/pictures/Rekonstrukce_Staroměstské_radnice_1AAO0391.jpg
Old_Town_Hall_(Prague),190045,0,commons/Renovation_of_the_Old_Town_Hall_Tower_(Prague)/0/pictures/Rekonstrukce_Staroměstské_radnice_1AAO0395.jpg
Old_Town_Hall_(Prague),190045,0,commons/Renovation_of_the_Old_Town_Hall_Tower_(Prague)/0/pictures/Rekonstrukce_Staroměstské_radnice_1AAO0403.jpg
Old_Town_Hall_(Prague),190045,0,commons/Renovation_of_the_Old_Town_Hall_Tower_(Prague)/0/pictures/Rekonstrukce_Staroměstské_radnice_1AAO0407.jpg
Old_Town_Hall_(Prague),190045,0,commons/Renovation_of_the_Old_Town_Hall_Tower_(Prague)/0/pictures/Rekonstrukce_Staroměstské_radnice_1AAO0409.jpg
Old_Town_Hall_(Prague),190045,0,commons/Renovation_of_the_Old_Town_Hall_Tower_(Prague)/0/pictures/Rekonstrukce_Staroměstské_radnice_1AAO0412.jpg
Old_Town_Hall_(Prague),190045,0,commons/Renovation_of_the_Old_Town_Hall_Tower_(Prague)/0/pictures/Rekonstrukce_Staroměstské_radnice_1AAO0414.jpg
Old_Town_Hall_(Prague),190045,0,commons/Renovation_of_the_Old_Town_Hall_Tower_(Prague)/0/pictures/Rekonstrukce_Staroměstské_radnice_1AAO0427.jpg
Old_Town_Hall_(Prague),190045,0,commons/Renovation_of_the_Old_Town_Hall_Tower_(Prague)/0/pictures/Rekonstrukce_Staroměstské_radnice_1AAO0429.jpg
Old_Town_Hall_(Prague),190045,0,commons/Renovation_of_the_Old_Town_Hall_Tower_(Prague)/0/pictures/Rekonstrukce_Staroměstské_radnice_1AAO0432.jpg
Old_Town_Hall_(Prague),190045,0,commons/Renovation_of_the_Old_Town_Hall_Tower_(Prague)/0/pictures/Rekonstrukce_Staroměstské_radnice_1AAO0434.jpg
Old_Town_Hall_(Prague),190045,0,commons/Renovation_of_the_Old_Town_Hall_Tower_(Prague)/0/pictures/Rekonstrukce_Staroměstské_radnice_1AAO0435.jpg
Old_Town_Hall_(Prague),190045,0,commons/Renovation_of_the_Old_Town_Hall_Tower_(Prague)/0/pictures/Rekonstrukce_Staroměstské_radnice_1AAO0436.jpg
Old_Town_Hall_(Prague),190045,0,commons/Renovation_of_the_Old_Town_Hall_Tower_(Prague)/0/pictures/Rekonstrukce_Staroměstské_radnice_1AAO2728.jpg
Old_Town_Hall_(Prague),190045,0,commons/Renovation_of_the_Old_Town_Hall_Tower_(Prague)/0/pictures/Rekonstrukce_Staroměstské_radnice_1AAO2735.jpg
Old_Town_Hall_(Prague),190045,0,commons/Renovation_of_the_Old_Town_Hall_Tower_(Prague)/0/pictures/Rekonstrukce_Staroměstské_radnice_1AAO2737.jpg
Old_Town_Hall_(Prague),190045,0,commons/Renovation_of_the_Old_Town_Hall_Tower_(Prague)/0/pictures/Rekonstrukce_Staroměstské_radnice_1AAO2739.jpg
Old_Town_Hall_(Prague),190045,0,commons/Renovation_of_the_Old_Town_Hall_Tower_(Prague)/0/pictures/Rekonstrukce_Staroměstské_radnice_1AAO2740.jpg
Old_Town_Hall_(Prague),190045,0,commons/Renovation_of_the_Old_Town_Hall_Tower_(Prague)/0/pictures/Rekonstrukce_Staroměstské_radnice_1AAO2870.jpg
Old_Town_Hall_(Prague),190045,0,commons/Renovation_of_the_Old_Town_Hall_Tower_(Prague)/0/pictures/Rekonstrukce_Staroměstské_radnice_1AAO2867.jpg
Old_Town_Hall_(Prague),190045,0,commons/Renovation_of_the_Old_Town_Hall_Tower_(Prague)/0/pictures/Rekonstrukce_Staroměstské_radnice_1AAO2873.jpg
Old_Town_Hall_(Prague),190045,0,commons/Renovation_of_the_Old_Town_Hall_Tower_(Prague)/0/pictures/Rekonstrukce_Staroměstské_radnice_1AAO2916.jpg
Old_Town_Hall_(Prague),190045,0,commons/Renovation_of_the_Old_Town_Hall_Tower_(Prague)/0/pictures/Rekonstrukce_Staroměstské_radnice_1AAO2920.jpg
Old_Town_Hall_(Prague),190045,0,commons/Renovation_of_the_Old_Town_Hall_Tower_(Prague)/0/pictures/Rekonstrukce_Staroměstské_radnice_1AAO2921.jpg
Old_Town_Hall_(Prague),190045,0,commons/Renovation_of_the_Old_Town_Hall_Tower_(Prague)/0/pictures/Rekonstrukce_Staroměstské_radnice_1AAO2923.jpg
Old_Town_Hall_(Prague),190045,0,commons/Renovation_of_the_Old_Town_Hall_Tower_(Prague)/0/pictures/Rekonstrukce_Staroměstské_radnice_1AAO2927.jpg
Old_Town_Hall_(Prague),190045,0,commons/Renovation_of_the_Old_Town_Hall_Tower_(Prague)/0/pictures/Rekonstrukce_Staroměstské_radnice_1AAO2945.jpg
Old_Town_Hall_(Prague),190045,0,commons/Renovation_of_the_Old_Town_Hall_Tower_(Prague)/0/pictures/Rekonstrukce_Staroměstské_radnice_1AAO2952.jpg
Old_Town_Hall_(Prague),190045,0,commons/Renovation_of_the_Old_Town_Hall_Tower_(Prague)/0/pictures/Rekonstrukce_Staroměstské_radnice_1AAO2964.jpg
Old_Town_Hall_(Prague),190045,0,commons/Renovation_of_the_Old_Town_Hall_Tower_(Prague)/0/pictures/Rekonstrukce_Staroměstské_radnice_1AAO2976.jpg
Old_Town_Hall_(Prague),190045,0,commons/Renovation_of_the_Old_Town_Hall_Tower_(Prague)/0/pictures/Rekonstrukce_Staroměstské_radnice_1AAO2984.jpg
Old_Town_Hall_(Prague),190045,0,commons/Renovation_of_the_Old_Town_Hall_Tower_(Prague)/0/pictures/Rekonstrukce_Staroměstské_radnice_1AAO2991.jpg
Old_Town_Hall_(Prague),190045,0,commons/Renovation_of_the_Old_Town_Hall_Tower_(Prague)/0/pictures/Rekonstrukce_Staroměstské_radnice_1AAO2996.jpg
Old_Town_Hall_(Prague),190045,0,commons/Renovation_of_the_Old_Town_Hall_Tower_(Prague)/0/pictures/Rekonstrukce_Staroměstské_radnice_1AAO3213.jpg
Old_Town_Hall_(Prague),190045,0,commons/Renovation_of_the_Old_Town_Hall_Tower_(Prague)/0/pictures/Rekonstrukce_Staroměstské_radnice_1AAO3216.jpg
Old_Town_Hall_(Prague),190045,0,commons/Renovation_of_the_Old_Town_Hall_Tower_(Prague)/0/pictures/Rekonstrukce_Staroměstské_radnice_1AAO3220.jpg
Old_Town_Hall_(Prague),190045,0,commons/Renovation_of_the_Old_Town_Hall_Tower_(Prague)/0/pictures/Rekonstrukce_Staroměstské_radnice_1AAO3226.jpg
Old_Town_Hall_(Prague),190045,0,commons/Renovation_of_the_Old_Town_Hall_Tower_(Prague)/0/pictures/Rekonstrukce_Staroměstské_radnice_1AAO3232.jpg
Old_Town_Hall_(Prague),190045,0,commons/Renovation_of_the_Old_Town_Hall_Tower_(Prague)/0/pictures/Rekonstrukce_Staroměstské_radnice_1AAO3236.jpg
Old_Town_Hall_(Prague),190045,0,commons/Renovation_of_the_Old_Town_Hall_Tower_(Prague)/0/pictures/Rekonstrukce_Staroměstské_radnice_1AAO3238.jpg
Old_Town_Hall_(Prague),190045,0,commons/Renovation_of_the_Old_Town_Hall_Tower_(Prague)/0/pictures/Rekonstrukce_Staroměstské_radnice_1AAO3267.jpg
Old_Town_Hall_(Prague),190045,0,commons/Renovation_of_the_Old_Town_Hall_Tower_(Prague)/0/pictures/Rekonstrukce_Staroměstské_radnice_1AAO3269.jpg
Old_Town_Hall_(Prague),190045,0,commons/Renovation_of_the_Old_Town_Hall_Tower_(Prague)/0/pictures/Rekonstrukce_Staroměstské_radnice_1AAO3322.jpg
Old_Town_Hall_(Prague),190045,0,commons/Renovation_of_the_Old_Town_Hall_Tower_(Prague)/0/pictures/Rekonstrukce_Staroměstské_radnice_1AAO3325.jpg
Old_Town_Hall_(Prague),190045,0,commons/Renovation_of_the_Old_Town_Hall_Tower_(Prague)/0/pictures/Rekonstrukce_Staroměstské_radnice_1AAO3326.jpg
Old_Town_Hall_(Prague),190045,0,commons/Renovation_of_the_Old_Town_Hall_Tower_(Prague)/0/pictures/Rekonstrukce_Staroměstské_radnice_1AAO3330.jpg
Old_Town_Hall_(Prague),190045,0,commons/Renovation_of_the_Old_Town_Hall_Tower_(Prague)/0/pictures/Rekonstrukce_Staroměstské_radnice_1AAO3337.jpg
Old_Town_Hall_(Prague),190045,0,commons/Renovation_of_the_Old_Town_Hall_Tower_(Prague)/0/pictures/Rekonstrukce_Staroměstské_radnice_1AAO3342.jpg
Old_Town_Hall_(Prague),190045,0,commons/Renovation_of_the_Old_Town_Hall_Tower_(Prague)/0/pictures/Rekonstrukce_Staroměstské_radnice_1AAO3343.jpg
Old_Town_Hall_(Prague),190045,0,commons/Renovation_of_the_Old_Town_Hall_Tower_(Prague)/0/pictures/Rekonstrukce_Staroměstské_radnice_1AAO3346.jpg
Old_Town_Hall_(Prague),190045,0,commons/Renovation_of_the_Old_Town_Hall_Tower_(Prague)/0/pictures/Rekonstrukce_Staroměstské_radnice_1AAO3369.jpg
Old_Town_Hall_(Prague),190045,0,commons/Renovation_of_the_Old_Town_Hall_Tower_(Prague)/0/pictures/Rekonstrukce_Staroměstské_radnice_1AAO3371.jpg
Old_Town_Hall_(Prague),190045,0,commons/Renovation_of_the_Old_Town_Hall_Tower_(Prague)/0/pictures/Rekonstrukce_Staroměstské_radnice_1AAO3373.jpg
Old_Town_Hall_(Prague),190045,0,commons/Renovation_of_the_Old_Town_Hall_Tower_(Prague)/0/pictures/Rekonstrukce_Staroměstské_radnice_1AAO3378.jpg
Old_Town_Hall_(Prague),190045,0,commons/Renovation_of_the_Old_Town_Hall_Tower_(Prague)/0/pictures/Rekonstrukce_Staroměstské_radnice_1AAO3407.jpg
Old_Town_Hall_(Prague),190045,0,commons/Renovation_of_the_Old_Town_Hall_Tower_(Prague)/0/pictures/Rekonstrukce_Staroměstské_radnice_1AAO3402.jpg
Old_Town_Hall_(Prague),190045,0,commons/Renovation_of_the_Old_Town_Hall_Tower_(Prague)/0/pictures/Rekonstrukce_Staroměstské_radnice_1AAO3417.jpg
Old_Town_Hall_(Prague),190045,0,commons/Renovation_of_the_Old_Town_Hall_Tower_(Prague)/0/pictures/Rekonstrukce_Staroměstské_radnice_1AAO3423.jpg
Old_Town_Hall_(Prague),190045,0,commons/Renovation_of_the_Old_Town_Hall_Tower_(Prague)/0/pictures/Rekonstrukce_Staroměstské_radnice_1AAO3483.jpg
Old_Town_Hall_(Prague),190045,0,commons/Renovation_of_the_Old_Town_Hall_Tower_(Prague)/0/pictures/Rekonstrukce_Staroměstské_radnice_1AAO3484.jpg
Old_Town_Hall_(Prague),190045,0,commons/Renovation_of_the_Old_Town_Hall_Tower_(Prague)/0/pictures/Rekonstrukce_Staroměstské_radnice_1AAO3493.jpg
Old_Town_Hall_(Prague),190045,0,commons/Renovation_of_the_Old_Town_Hall_Tower_(Prague)/0/pictures/Rekonstrukce_Staroměstské_radnice_1AAO3495.jpg
Old_Town_Hall_(Prague),190045,0,commons/Renovation_of_the_Old_Town_Hall_Tower_(Prague)/0/pictures/Rekonstrukce_Staroměstské_radnice_1AAO3552.jpg
Old_Town_Hall_(Prague),190045,0,commons/Renovation_of_the_Old_Town_Hall_Tower_(Prague)/0/pictures/Rekonstrukce_Staroměstské_radnice_1AAO3554.jpg
Old_Town_Hall_(Prague),190045,0,commons/Renovation_of_the_Old_Town_Hall_Tower_(Prague)/0/pictures/Rekonstrukce_Staroměstské_radnice_1AAO3559.jpg
Old_Town_Hall_(Prague),190045,0,commons/Renovation_of_the_Old_Town_Hall_Tower_(Prague)/0/pictures/Rekonstrukce_Staroměstské_radnice_1AAO3561.jpg
Old_Town_Hall_(Prague),190045,0,commons/Renovation_of_the_Old_Town_Hall_Tower_(Prague)/0/pictures/Rekonstrukce_Staroměstské_radnice_1AAO3667.jpg
Old_Town_Hall_(Prague),190045,0,commons/Renovation_of_the_Old_Town_Hall_Tower_(Prague)/0/pictures/Rekonstrukce_Staroměstské_radnice_1AAO3877.jpg
Old_Town_Hall_(Prague),190045,0,commons/Renovation_of_the_Old_Town_Hall_Tower_(Prague)/0/pictures/Rekonstrukce_Staroměstské_radnice_1AAO9815.jpg
Old_Town_Hall_(Prague),190045,0,commons/Renovation_of_the_Old_Town_Hall_Tower_(Prague)/0/pictures/Rekonstrukce_Staroměstské_radnice_1AAP0046.jpg
Old_Town_Hall_(Prague),190045,0,commons/Renovation_of_the_Old_Town_Hall_Tower_(Prague)/0/pictures/Rekonstrukce_Staroměstské_radnice_1AAP1377.jpg
Old_Town_Hall_(Prague),190045,0,commons/Old_Town_Hall_Tower_(Prague)/0/pictures/Old_Town_Square-Prague.jpg
Old_Town_Hall_(Prague),190045,0,commons/Renovation_of_the_Old_Town_Hall_Tower_(Prague)/0/pictures/Rekonstrukce_Staroměstské_radnice_1AAP5679.jpg
Old_Town_Hall_(Prague),190045,0,commons/Old_Town_Hall_Tower_(Prague)/0/pictures/Old_Town_of_Prague.jpg
Old_Town_Hall_(Prague),190045,0,commons/Renovation_of_the_Old_Town_Hall_Tower_(Prague)/0/pictures/Rekonstrukce_Staroměstské_radnice_1AAP5694.jpg
Old_Town_Hall_(Prague),190045,0,commons/Renovation_of_the_Old_Town_Hall_Tower_(Prague)/0/pictures/Rekonstrukce_Staroměstské_radnice_1AAP5697.jpg
Old_Town_Hall_(Prague),190045,0,commons/Renovation_of_the_Old_Town_Hall_Tower_(Prague)/0/pictures/Rekonstrukce_Staroměstské_radnice_1AAP5701.jpg
Old_Town_Hall_(Prague),190045,0,"commons/Old_Town_Hall_Tower_(Prague)/0/pictures/Old_Town,_110_00_Prague-Prague_1,_Czech_Republic_-_panoramio_(10).jpg"
Old_Town_Hall_(Prague),190045,0,commons/Renovation_of_the_Old_Town_Hall_Tower_(Prague)/0/pictures/Rekonstrukce_Staroměstské_radnice_1AAP5704.jpg
Old_Town_Hall_(Prague),190045,0,"commons/Old_Town_Hall_Tower_(Prague)/0/pictures/Old_Town,_110_00_Prague-Prague_1,_Czech_Republic_-_panoramio_(7).jpg"
Old_Town_Hall_(Prague),190045,0,commons/Renovation_of_the_Old_Town_Hall_Tower_(Prague)/0/pictures/Rekonstrukce_Staroměstské_radnice_1AAP5717.jpg
Old_Town_Hall_(Prague),190045,0,commons/Old_Town_Hall_Tower_(Prague)/0/pictures/Orloj_-_panoramio_(4).jpg
Old_Town_Hall_(Prague),190045,0,commons/Renovation_of_the_Old_Town_Hall_Tower_(Prague)/0/pictures/Rekonstrukce_Staroměstské_radnice_1AAP5720.jpg
Old_Town_Hall_(Prague),190045,0,commons/Old_Town_Hall_Tower_(Prague)/0/pictures/Prag_Rathaus_Altstädter_Ring_(2).jpg
Old_Town_Hall_(Prague),190045,0,commons/Renovation_of_the_Old_Town_Hall_Tower_(Prague)/0/pictures/Rekonstrukce_Staroměstské_radnice_1AAP5758.jpg
Old_Town_Hall_(Prague),190045,0,commons/Old_Town_Hall_Tower_(Prague)/0/pictures/Prag_Rathaus.JPG
Old_Town_Hall_(Prague),190045,0,commons/Renovation_of_the_Old_Town_Hall_Tower_(Prague)/0/pictures/Rekonstrukce_Staroměstské_radnice_1AAP5774.jpg
Old_Town_Hall_(Prague),190045,0,commons/Old_Town_Hall_Tower_(Prague)/0/pictures/Prague_(33690702854).jpg
Old_Town_Hall_(Prague),190045,0,commons/Renovation_of_the_Old_Town_Hall_Tower_(Prague)/0/pictures/Rekonstrukce_Staroměstské_radnice_1AAP6484.jpg
Old_Town_Hall_(Prague),190045,0,commons/Old_Town_Hall_Tower_(Prague)/0/pictures/Prague_(34438281801).jpg
Old_Town_Hall_(Prague),190045,0,commons/Renovation_of_the_Old_Town_Hall_Tower_(Prague)/0/pictures/Rekonstrukce_Staroměstské_radnice_1AAP6486.jpg
Old_Town_Hall_(Prague),190045,0,commons/Old_Town_Hall_Tower_(Prague)/0/pictures/Prague_(34138136080).jpg
Old_Town_Hall_(Prague),190045,0,commons/Renovation_of_the_Old_Town_Hall_Tower_(Prague)/0/pictures/Rekonstrukce_Staroměstské_radnice_1AAP6489.jpg
Old_Town_Hall_(Prague),190045,0,commons/Old_Town_Hall_Tower_(Prague)/0/pictures/Prague_(6365084641).jpg
Old_Town_Hall_(Prague),190045,0,commons/Renovation_of_the_Old_Town_Hall_Tower_(Prague)/0/pictures/Rekonstrukce_Staroměstské_radnice_1AAP6502.jpg
Old_Town_Hall_(Prague),190045,0,commons/Old_Town_Hall_Tower_(Prague)/0/pictures/Prague_(7252292420).jpg
Old_Town_Hall_(Prague),190045,0,commons/Renovation_of_the_Old_Town_Hall_Tower_(Prague)/0/pictures/Rekonstrukce_Staroměstské_radnice_1AAP6508.jpg
Old_Town_Hall_(Prague),190045,0,commons/Renovation_of_the_Old_Town_Hall_Tower_(Prague)/0/pictures/Rekonstrukce_Staroměstské_radnice_1AAP6513.jpg
Old_Town_Hall_(Prague),190045,0,commons/Old_Town_Hall_Tower_(Prague)/0/pictures/Prague_(7252346288).jpg
Old_Town_Hall_(Prague),190045,0,commons/Renovation_of_the_Old_Town_Hall_Tower_(Prague)/0/pictures/Rekonstrukce_Staroměstské_radnice_1AAP6516.jpg
Old_Town_Hall_(Prague),190045,0,"commons/Old_Town_Hall_Tower_(Prague)/0/pictures/Prague_(Praha,_CZ)_-_Karlsplatz_(Karlovo_nám)_Uhrenturm.JPG"
Old_Town_Hall_(Prague),190045,0,commons/Renovation_of_the_Old_Town_Hall_Tower_(Prague)/0/pictures/Rekonstrukce_Staroměstské_radnice_1AAP6540.jpg
Old_Town_Hall_(Prague),190045,0,commons/Old_Town_Hall_Tower_(Prague)/0/pictures/Prague_-_panoramio_(23).jpg
Old_Town_Hall_(Prague),190045,0,commons/Renovation_of_the_Old_Town_Hall_Tower_(Prague)/0/pictures/Rekonstrukce_Staroměstské_radnice_1AAP6541.jpg
Old_Town_Hall_(Prague),190045,0,commons/Old_Town_Hall_Tower_(Prague)/0/pictures/Prague_IMG_0835_(378138004).jpg
Old_Town_Hall_(Prague),190045,0,commons/Renovation_of_the_Old_Town_Hall_Tower_(Prague)/0/pictures/Rekonstrukce_Staroměstské_radnice_1AAP6619.jpg
Old_Town_Hall_(Prague),190045,0,commons/Old_Town_Hall_Tower_(Prague)/0/pictures/Prague_IMG_0918_(378138922).jpg
Old_Town_Hall_(Prague),190045,0,commons/Renovation_of_the_Old_Town_Hall_Tower_(Prague)/0/pictures/Rekonstrukce_Staroměstské_radnice_1AAP6624.jpg
Old_Town_Hall_(Prague),190045,0,commons/Renovation_of_the_Old_Town_Hall_Tower_(Prague)/0/pictures/Rekonstrukce_Staroměstské_radnice_1AAP6851.jpg
Old_Town_Hall_(Prague),190045,0,commons/Renovation_of_the_Old_Town_Hall_Tower_(Prague)/0/pictures/Rekonstrukce_Staroměstské_radnice_1AAP6853.jpg
Old_Town_Hall_(Prague),190045,0,commons/Old_Town_Hall_Tower_(Prague)/0/pictures/Praha_-_Prag_-_panoramio_-_Guba_Zoky_Rabko.jpg
Old_Town_Hall_(Prague),190045,0,commons/Renovation_of_the_Old_Town_Hall_Tower_(Prague)/0/pictures/Rekonstrukce_Staroměstské_radnice_1AAP6871.jpg
Old_Town_Hall_(Prague),190045,0,commons/Old_Town_Hall_Tower_(Prague)/0/pictures/Staromestska_radnice.jpg
Old_Town_Hall_(Prague),190045,0,commons/Renovation_of_the_Old_Town_Hall_Tower_(Prague)/0/pictures/Rekonstrukce_Staroměstské_radnice_1AAP7015.jpg
Old_Town_Hall_(Prague),190045,0,"commons/Old_Town_Hall_Tower_(Prague)/0/pictures/Staroměstská_radnice,_kaple.jpg"
Old_Town_Hall_(Prague),190045,0,commons/Renovation_of_the_Old_Town_Hall_Tower_(Prague)/0/pictures/Rekonstrukce_Staroměstské_radnice_1AAP7036.jpg
Old_Town_Hall_(Prague),190045,0,"commons/Old_Town_Hall_Tower_(Prague)/0/pictures/Staroměstská_radnice,_pamětní_deska_-_Dukla.jpg"
Old_Town_Hall_(Prague),190045,0,commons/Renovation_of_the_Old_Town_Hall_Tower_(Prague)/0/pictures/Rekonstrukce_Staroměstské_radnice_1AAP7039.jpg
Old_Town_Hall_(Prague),190045,0,commons/Renovation_of_the_Old_Town_Hall_Tower_(Prague)/0/pictures/Rekonstrukce_Staroměstské_radnice_1AAP7042.jpg
Old_Town_Hall_(Prague),190045,0,commons/Renovation_of_the_Old_Town_Hall_Tower_(Prague)/0/pictures/Rekonstrukce_Staroměstské_radnice_1AAP7045.jpg
Old_Town_Hall_(Prague),190045,0,commons/Old_Town_Hall_Tower_(Prague)/0/pictures/Vánoce_Praha_Starom_2021_2.jpg
Old_Town_Hall_(Prague),190045,0,commons/Renovation_of_the_Old_Town_Hall_Tower_(Prague)/0/pictures/Rekonstrukce_Staroměstské_radnice_1AAQ0545.jpg
Old_Town_Hall_(Prague),190045,0,commons/Renovation_of_the_Old_Town_Hall_Tower_(Prague)/0/pictures/Rekonstrukce_Staroměstské_radnice_1AAQ0546.jpg
Old_Town_Hall_(Prague),190045,0,commons/Renovation_of_the_Old_Town_Hall_Tower_(Prague)/0/pictures/Rekonstrukce_Staroměstské_radnice_1AAQ0689.jpg
Old_Town_Hall_(Prague),190045,0,"commons/Plaque_to_Jan_Želivský_on_the_Old_Town_Hall_in_Prague/0/pictures/Staroměstská_radnice,_pamětní_deska_-_Jan_Želivský.jpg"
Old_Town_Hall_(Prague),190045,0,commons/Renovation_of_the_Old_Town_Hall_Tower_(Prague)/0/pictures/Rekonstrukce_Staroměstské_radnice_1AAQ0697.jpg
Old_Town_Hall_(Prague),190045,0,commons/Plaque_to_Jan_Želivský_on_the_Old_Town_Hall_in_Prague/0/pictures/Zelivsky1.JPG
Old_Town_Hall_(Prague),190045,0,commons/Renovation_of_the_Old_Town_Hall_Tower_(Prague)/0/pictures/Rekonstrukce_Staroměstské_radnice_1AAQ0692.jpg
Old_Town_Hall_(Prague),190045,0,commons/Renovation_of_the_Old_Town_Hall_Tower_(Prague)/0/pictures/Rekonstrukce_Staroměstské_radnice_1AAA0020.jpg
Old_Town_Hall_(Prague),190045,0,commons/Renovation_of_the_Old_Town_Hall_Tower_(Prague)/0/pictures/Rekonstrukce_Staroměstské_radnice_1AAQ0706.jpg
Old_Town_Hall_(Prague),190045,0,commons/Renovation_of_the_Old_Town_Hall_Tower_(Prague)/0/pictures/Rekonstrukce_Staroměstské_radnice_1AAQ0710.jpg
Old_Town_Hall_(Prague),190045,0,commons/Renovation_of_the_Old_Town_Hall_Tower_(Prague)/0/pictures/Rekonstrukce_Staroměstské_radnice_1AAA0063.jpg
Old_Town_Hall_(Prague),190045,0,commons/Renovation_of_the_Old_Town_Hall_Tower_(Prague)/0/pictures/Rekonstrukce_Staroměstské_radnice_1AAQ0720.jpg
Old_Town_Hall_(Prague),190045,0,commons/Renovation_of_the_Old_Town_Hall_Tower_(Prague)/0/pictures/Rekonstrukce_Staroměstské_radnice_1AAQ0723.jpg
Old_Town_Hall_(Prague),190045,0,commons/Renovation_of_the_Old_Town_Hall_Tower_(Prague)/0/pictures/Rekonstrukce_Staroměstské_radnice_1AAQ0814.jpg
Old_Town_Hall_(Prague),190045,0,commons/Renovation_of_the_Old_Town_Hall_Tower_(Prague)/0/pictures/Rekonstrukce_Staroměstské_radnice_1AAQ0826.jpg
Old_Town_Hall_(Prague),190045,0,commons/Renovation_of_the_Old_Town_Hall_Tower_(Prague)/0/pictures/Rekonstrukce_Staroměstské_radnice_1AAQ0902.jpg
Old_Town_Hall_(Prague),190045,0,commons/Renovation_of_the_Old_Town_Hall_Tower_(Prague)/0/pictures/Rekonstrukce_Staroměstské_radnice_1AAA7097.jpg
Old_Town_Hall_(Prague),190045,0,commons/Renovation_of_the_Old_Town_Hall_Tower_(Prague)/0/pictures/Rekonstrukce_Staroměstské_radnice_1AAQ0917.jpg
Old_Town_Hall_(Prague),190045,0,commons/Renovation_of_the_Old_Town_Hall_Tower_(Prague)/0/pictures/Rekonstrukce_Staroměstské_radnice_1AAQ0922.jpg
Old_Town_Hall_(Prague),190045,0,commons/Renovation_of_the_Old_Town_Hall_Tower_(Prague)/0/pictures/Rekonstrukce_Staroměstské_radnice_1AAA7702.jpg
Old_Town_Hall_(Prague),190045,0,commons/Renovation_of_the_Old_Town_Hall_Tower_(Prague)/0/pictures/Rekonstrukce_Staroměstské_radnice_1AAQ0924.jpg
Old_Town_Hall_(Prague),190045,0,commons/Renovation_of_the_Old_Town_Hall_Tower_(Prague)/0/pictures/Rekonstrukce_Staroměstské_radnice_1AAA7739.jpg
Old_Town_Hall_(Prague),190045,0,commons/Renovation_of_the_Old_Town_Hall_Tower_(Prague)/0/pictures/Rekonstrukce_Staroměstské_radnice_1AAQ0931.jpg
Old_Town_Hall_(Prague),190045,0,commons/Renovation_of_the_Old_Town_Hall_Tower_(Prague)/0/pictures/Rekonstrukce_Staroměstské_radnice_1AAB0276.jpg
Old_Town_Hall_(Prague),190045,0,commons/Renovation_of_the_Old_Town_Hall_Tower_(Prague)/0/pictures/Rekonstrukce_Staroměstské_radnice_1AAQ0986.jpg
Old_Town_Hall_(Prague),190045,0,commons/Renovation_of_the_Old_Town_Hall_Tower_(Prague)/0/pictures/Rekonstrukce_Staroměstské_radnice_1AAQ0988.jpg
Old_Town_Hall_(Prague),190045,0,commons/Renovation_of_the_Old_Town_Hall_Tower_(Prague)/0/pictures/Rekonstrukce_Staroměstské_radnice_1AAQ0990.jpg
Old_Town_Hall_(Prague),190045,0,commons/Renovation_of_the_Old_Town_Hall_Tower_(Prague)/0/pictures/Rekonstrukce_Staroměstské_radnice_1AAB0423.jpg
Old_Town_Hall_(Prague),190045,0,commons/Renovation_of_the_Old_Town_Hall_Tower_(Prague)/0/pictures/Rekonstrukce_Staroměstské_radnice_1AAQ0991.jpg
Old_Town_Hall_(Prague),190045,0,commons/Renovation_of_the_Old_Town_Hall_Tower_(Prague)/0/pictures/Rekonstrukce_Staroměstské_radnice_1AAQ0993.jpg
Old_Town_Hall_(Prague),190045,0,commons/Renovation_of_the_Old_Town_Hall_Tower_(Prague)/0/pictures/Rekonstrukce_Staroměstské_radnice_1AAQ0994.jpg
Old_Town_Hall_(Prague),190045,0,commons/Renovation_of_the_Old_Town_Hall_Tower_(Prague)/0/pictures/Rekonstrukce_Staroměstské_radnice_1AAQ0996.jpg
Old_Town_Hall_(Prague),190045,0,commons/Renovation_of_the_Old_Town_Hall_Tower_(Prague)/0/pictures/Rekonstrukce_Staroměstské_radnice_1AAB0475.jpg
Old_Town_Hall_(Prague),190045,0,commons/Renovation_of_the_Old_Town_Hall_Tower_(Prague)/0/pictures/Rekonstrukce_Staroměstské_radnice_1AAQ1000.jpg
Old_Town_Hall_(Prague),190045,0,commons/Renovation_of_the_Old_Town_Hall_Tower_(Prague)/0/pictures/Rekonstrukce_Staroměstské_radnice_1AAB0474.jpg
Old_Town_Hall_(Prague),190045,0,commons/Renovation_of_the_Old_Town_Hall_Tower_(Prague)/0/pictures/Rekonstrukce_Staroměstské_radnice_1AAQ1002.jpg
Old_Town_Hall_(Prague),190045,0,commons/Renovation_of_the_Old_Town_Hall_Tower_(Prague)/0/pictures/Rekonstrukce_Staroměstské_radnice_1AAQ4399.jpg
Old_Town_Hall_(Prague),190045,0,commons/Renovation_of_the_Old_Town_Hall_Tower_(Prague)/0/pictures/Rekonstrukce_Staroměstské_radnice_1AAQ4401.jpg
Old_Town_Hall_(Prague),190045,0,commons/Renovation_of_the_Old_Town_Hall_Tower_(Prague)/0/pictures/Rekonstrukce_Staroměstské_radnice_1AAQ4403.jpg
Old_Town_Hall_(Prague),190045,0,commons/Renovation_of_the_Old_Town_Hall_Tower_(Prague)/0/pictures/Rekonstrukce_Staroměstské_radnice_1AAQ4406.jpg
Old_Town_Hall_(Prague),190045,0,commons/Renovation_of_the_Old_Town_Hall_Tower_(Prague)/0/pictures/Rekonstrukce_Staroměstské_radnice_1AAQ4408.jpg
Old_Town_Hall_(Prague),190045,0,commons/Renovation_of_the_Old_Town_Hall_Tower_(Prague)/0/pictures/Rekonstrukce_Staroměstské_radnice_1AAQ4410.jpg
Old_Town_Hall_(Prague),190045,0,commons/Renovation_of_the_Old_Town_Hall_Tower_(Prague)/0/pictures/Rekonstrukce_Staroměstské_radnice_1AAQ4413.jpg
Old_Town_Hall_(Prague),190045,0,commons/Renovation_of_the_Old_Town_Hall_Tower_(Prague)/0/pictures/Rekonstrukce_Staroměstské_radnice_1AAQ4415.jpg
Old_Town_Hall_(Prague),190045,0,commons/Renovation_of_the_Old_Town_Hall_Tower_(Prague)/0/pictures/Rekonstrukce_Staroměstské_radnice_1AAQ4417.jpg
Old_Town_Hall_(Prague),190045,0,commons/Renovation_of_the_Old_Town_Hall_Tower_(Prague)/0/pictures/Rekonstrukce_Staroměstské_radnice_1AAQ4419.jpg
Old_Town_Hall_(Prague),190045,0,commons/Renovation_of_the_Old_Town_Hall_Tower_(Prague)/0/pictures/Rekonstrukce_Staroměstské_radnice_1AAQ4421.jpg
Old_Town_Hall_(Prague),190045,0,commons/Renovation_of_the_Old_Town_Hall_Tower_(Prague)/0/pictures/Rekonstrukce_Staroměstské_radnice_1AAQ4424.jpg
Old_Town_Hall_(Prague),190045,0,commons/Renovation_of_the_Old_Town_Hall_Tower_(Prague)/0/pictures/Rekonstrukce_Staroměstské_radnice_1AAQ6173.jpg
Old_Town_Hall_(Prague),190045,0,commons/Renovation_of_the_Old_Town_Hall_Tower_(Prague)/0/pictures/Rekonstrukce_Staroměstské_radnice_1AAQ6175.jpg
Old_Town_Hall_(Prague),190045,0,commons/Renovation_of_the_Old_Town_Hall_Tower_(Prague)/0/pictures/Rekonstrukce_Staroměstské_radnice_1AAB8436.jpg
Old_Town_Hall_(Prague),190045,0,commons/Renovation_of_the_Old_Town_Hall_Tower_(Prague)/0/pictures/Rekonstrukce_Staroměstské_radnice_1AAQ6220.jpg
Old_Town_Hall_(Prague),190045,0,commons/Renovation_of_the_Old_Town_Hall_Tower_(Prague)/0/pictures/Rekonstrukce_Staroměstské_radnice_1AAQ6525.jpg
Old_Town_Hall_(Prague),190045,0,commons/Renovation_of_the_Old_Town_Hall_Tower_(Prague)/0/pictures/Rekonstrukce_Staroměstské_radnice_1AAQ6655.jpg
Old_Town_Hall_(Prague),190045,0,commons/Renovation_of_the_Old_Town_Hall_Tower_(Prague)/0/pictures/Rekonstrukce_Staroměstské_radnice_1AAQ6687.jpg
Old_Town_Hall_(Prague),190045,0,commons/Renovation_of_the_Old_Town_Hall_Tower_(Prague)/0/pictures/Rekonstrukce_Staroměstské_radnice_1AAD2404.jpg
Old_Town_Hall_(Prague),190045,0,commons/Renovation_of_the_Old_Town_Hall_Tower_(Prague)/0/pictures/Rekonstrukce_Staroměstské_radnice_1AAQ6817.jpg
Old_Town_Hall_(Prague),190045,0,commons/Renovation_of_the_Old_Town_Hall_Tower_(Prague)/0/pictures/Rekonstrukce_Staroměstské_radnice_1AAD2400.jpg
Old_Town_Hall_(Prague),190045,0,commons/Renovation_of_the_Old_Town_Hall_Tower_(Prague)/0/pictures/Rekonstrukce_Staroměstské_radnice_1AAQ6820.jpg
Old_Town_Hall_(Prague),190045,0,commons/Renovation_of_the_Old_Town_Hall_Tower_(Prague)/0/pictures/Rekonstrukce_Staroměstské_radnice_1AAQ6822.jpg
Old_Town_Hall_(Prague),190045,0,commons/Renovation_of_the_Old_Town_Hall_Tower_(Prague)/0/pictures/Rekonstrukce_Staroměstské_radnice_1AAQ6825.jpg
Old_Town_Hall_(Prague),190045,0,commons/Renovation_of_the_Old_Town_Hall_Tower_(Prague)/0/pictures/Rekonstrukce_Staroměstské_radnice_1AAR0317.jpg
Old_Town_Hall_(Prague),190045,0,commons/Renovation_of_the_Old_Town_Hall_Tower_(Prague)/0/pictures/Rekonstrukce_Staroměstské_radnice_1AAE2771.jpg
Old_Town_Hall_(Prague),190045,0,commons/Renovation_of_the_Old_Town_Hall_Tower_(Prague)/0/pictures/Rekonstrukce_Staroměstské_radnice_1AAR0384.jpg
Old_Town_Hall_(Prague),190045,0,commons/Renovation_of_the_Old_Town_Hall_Tower_(Prague)/0/pictures/Rekonstrukce_Staroměstské_radnice_1AAE2773.jpg
Old_Town_Hall_(Prague),190045,0,commons/Renovation_of_the_Old_Town_Hall_Tower_(Prague)/0/pictures/Rekonstrukce_Staroměstské_radnice_1AAR0380-HDR.jpg
Old_Town_Hall_(Prague),190045,0,commons/Renovation_of_the_Old_Town_Hall_Tower_(Prague)/0/pictures/Rekonstrukce_Staroměstské_radnice_1AAE2777.jpg
Old_Town_Hall_(Prague),190045,0,commons/Renovation_of_the_Old_Town_Hall_Tower_(Prague)/0/pictures/Rekonstrukce_Staroměstské_radnice_1AAR0388-HDR.jpg
Old_Town_Hall_(Prague),190045,0,commons/Renovation_of_the_Old_Town_Hall_Tower_(Prague)/0/pictures/Rekonstrukce_Staroměstské_radnice_1AAE2775.jpg
Old_Town_Hall_(Prague),190045,0,commons/Renovation_of_the_Old_Town_Hall_Tower_(Prague)/0/pictures/Rekonstrukce_Staroměstské_radnice_1AAR0388.jpg
Old_Town_Hall_(Prague),190045,0,commons/Renovation_of_the_Old_Town_Hall_Tower_(Prague)/0/pictures/Rekonstrukce_Staroměstské_radnice_1AAE2779.jpg
Old_Town_Hall_(Prague),190045,0,commons/Renovation_of_the_Old_Town_Hall_Tower_(Prague)/0/pictures/Rekonstrukce_Staroměstské_radnice_1AAR0389.jpg
Old_Town_Hall_(Prague),190045,0,commons/Renovation_of_the_Old_Town_Hall_Tower_(Prague)/0/pictures/Rekonstrukce_Staroměstské_radnice_1AAE2787.jpg
Old_Town_Hall_(Prague),190045,0,commons/Renovation_of_the_Old_Town_Hall_Tower_(Prague)/0/pictures/Rekonstrukce_Staroměstské_radnice_1AAR0396-HDR.jpg
Old_Town_Hall_(Prague),190045,0,commons/Renovation_of_the_Old_Town_Hall_Tower_(Prague)/0/pictures/Rekonstrukce_Staroměstské_radnice_1AAE2789.jpg
Old_Town_Hall_(Prague),190045,0,commons/Renovation_of_the_Old_Town_Hall_Tower_(Prague)/0/pictures/Rekonstrukce_Staroměstské_radnice_1AAR0409.jpg
Old_Town_Hall_(Prague),190045,0,commons/Renovation_of_the_Old_Town_Hall_Tower_(Prague)/0/pictures/Rekonstrukce_Staroměstské_radnice_1AAE2837.jpg
Old_Town_Hall_(Prague),190045,0,commons/Renovation_of_the_Old_Town_Hall_Tower_(Prague)/0/pictures/Rekonstrukce_Staroměstské_radnice_1AAR0473.jpg
Old_Town_Hall_(Prague),190045,0,commons/Renovation_of_the_Old_Town_Hall_Tower_(Prague)/0/pictures/Rekonstrukce_Staroměstské_radnice_1AAE2865.jpg
Old_Town_Hall_(Prague),190045,0,commons/Renovation_of_the_Old_Town_Hall_Tower_(Prague)/0/pictures/Rekonstrukce_Staroměstské_radnice_1AAR0501.jpg
Old_Town_Hall_(Prague),190045,0,commons/Renovation_of_the_Old_Town_Hall_Tower_(Prague)/0/pictures/Rekonstrukce_Staroměstské_radnice_1AAE2867.jpg
Old_Town_Hall_(Prague),190045,0,commons/Renovation_of_the_Old_Town_Hall_Tower_(Prague)/0/pictures/Rekonstrukce_Staroměstské_radnice_1AAR0507.jpg
Old_Town_Hall_(Prague),190045,0,commons/Renovation_of_the_Old_Town_Hall_Tower_(Prague)/0/pictures/Rekonstrukce_Staroměstské_radnice_1AAE2881.jpg
Old_Town_Hall_(Prague),190045,0,commons/Renovation_of_the_Old_Town_Hall_Tower_(Prague)/0/pictures/Rekonstrukce_Staroměstské_radnice_1AAR0518.jpg
Old_Town_Hall_(Prague),190045,0,commons/Renovation_of_the_Old_Town_Hall_Tower_(Prague)/0/pictures/Rekonstrukce_Staroměstské_radnice_1AAE2883.jpg
Old_Town_Hall_(Prague),190045,0,commons/Renovation_of_the_Old_Town_Hall_Tower_(Prague)/0/pictures/Rekonstrukce_Staroměstské_radnice_1AAR0523.jpg
Old_Town_Hall_(Prague),190045,0,commons/Renovation_of_the_Old_Town_Hall_Tower_(Prague)/0/pictures/Rekonstrukce_Staroměstské_radnice_1AAE2891.jpg
Old_Town_Hall_(Prague),190045,0,commons/Renovation_of_the_Old_Town_Hall_Tower_(Prague)/0/pictures/Rekonstrukce_Staroměstské_radnice_1AAR0536.jpg
Old_Town_Hall_(Prague),190045,0,commons/Renovation_of_the_Old_Town_Hall_Tower_(Prague)/0/pictures/Rekonstrukce_Staroměstské_radnice_1AAE2893.jpg
Old_Town_Hall_(Prague),190045,0,commons/Renovation_of_the_Old_Town_Hall_Tower_(Prague)/0/pictures/Rekonstrukce_Staroměstské_radnice_1AAR0551.jpg
Old_Town_Hall_(Prague),190045,0,commons/Renovation_of_the_Old_Town_Hall_Tower_(Prague)/0/pictures/Rekonstrukce_Staroměstské_radnice_1AAE2927.jpg
Old_Town_Hall_(Prague),190045,0,commons/Renovation_of_the_Old_Town_Hall_Tower_(Prague)/0/pictures/Rekonstrukce_Staroměstské_radnice_1AAR0673.jpg
Old_Town_Hall_(Prague),190045,0,commons/Renovation_of_the_Old_Town_Hall_Tower_(Prague)/0/pictures/Rekonstrukce_Staroměstské_radnice_1AAE2937.jpg
Old_Town_Hall_(Prague),190045,0,commons/Renovation_of_the_Old_Town_Hall_Tower_(Prague)/0/pictures/Rekonstrukce_Staroměstské_radnice_1AAR0685.jpg
Old_Town_Hall_(Prague),190045,0,commons/Renovation_of_the_Old_Town_Hall_Tower_(Prague)/0/pictures/Rekonstrukce_Staroměstské_radnice_1AAE2946.jpg
Old_Town_Hall_(Prague),190045,0,commons/Renovation_of_the_Old_Town_Hall_Tower_(Prague)/0/pictures/Rekonstrukce_Staroměstské_radnice_1AAR0720.jpg
Old_Town_Hall_(Prague),190045,1,commons/Renovation_of_the_Old_Town_Hall_Tower_(Prague)/0/pictures/Rekonstrukce_Staroměstské_radnice_1AAK2304.jpg
Old_Town_Hall_(Prague),190045,1,commons/Renovation_of_the_Old_Town_Hall_Tower_(Prague)/0/pictures/Rekonstrukce_Staroměstské_radnice_1AAK2301.jpg
Old_Town_Hall_(Prague),190045,1,commons/Renovation_of_the_Old_Town_Hall_Tower_(Prague)/0/pictures/Rekonstrukce_Staroměstské_radnice_1AAK2297.jpg
Old_Town_Hall_(Prague),190045,1,commons/Renovation_of_the_Old_Town_Hall_Tower_(Prague)/0/pictures/Rekonstrukce_Staroměstské_radnice_1AAK2295.jpg
Old_Town_Hall_(Prague),190045,1,commons/Renovation_of_the_Old_Town_Hall_Tower_(Prague)/0/pictures/Rekonstrukce_Staroměstské_radnice_1AAK2292.jpg
Old_Town_Hall_(Prague),190045,1,commons/Renovation_of_the_Old_Town_Hall_Tower_(Prague)/0/pictures/Rekonstrukce_Staroměstské_radnice_1AAK2290.jpg
Old_Town_Hall_(Prague),190045,1,commons/Renovation_of_the_Old_Town_Hall_Tower_(Prague)/0/pictures/Rekonstrukce_Staroměstské_radnice_1AAK2287.jpg
Old_Town_Hall_(Prague),190045,1,commons/Renovation_of_the_Old_Town_Hall_Tower_(Prague)/0/pictures/Rekonstrukce_Staroměstské_radnice_1AAK2283.jpg
Old_Town_Hall_(Prague),190045,1,commons/Renovation_of_the_Old_Town_Hall_Tower_(Prague)/0/pictures/Rekonstrukce_Staroměstské_radnice_1AAK2280.jpg
Old_Town_Hall_(Prague),190045,1,commons/Renovation_of_the_Old_Town_Hall_Tower_(Prague)/0/pictures/Rekonstrukce_Staroměstské_radnice_1AAK2278.jpg
Old_Town_Hall_(Prague),190045,1,commons/Renovation_of_the_Old_Town_Hall_Tower_(Prague)/0/pictures/Rekonstrukce_Staroměstské_radnice_1AAK2276.jpg
Old_Town_Hall_(Prague),190045,1,commons/Renovation_of_the_Old_Town_Hall_Tower_(Prague)/0/pictures/Rekonstrukce_Staroměstské_radnice_1AAK2272.jpg
Old_Town_Hall_(Prague),190045,1,commons/Renovation_of_the_Old_Town_Hall_Tower_(Prague)/0/pictures/Rekonstrukce_Staroměstské_radnice_1AAK2270.jpg
Old_Town_Hall_(Prague),190045,1,commons/Renovation_of_the_Old_Town_Hall_Tower_(Prague)/0/pictures/Rekonstrukce_Staroměstské_radnice_1AAK2266.jpg
Old_Town_Hall_(Prague),190045,1,commons/Renovation_of_the_Old_Town_Hall_Tower_(Prague)/0/pictures/Rekonstrukce_Staroměstské_radnice_1AAK2262.jpg
Old_Town_Hall_(Prague),190045,1,commons/Renovation_of_the_Old_Town_Hall_Tower_(Prague)/0/pictures/Rekonstrukce_Staroměstské_radnice_1AAK2259.jpg
Old_Town_Hall_(Prague),190045,1,commons/Renovation_of_the_Old_Town_Hall_Tower_(Prague)/0/pictures/Rekonstrukce_Staroměstské_radnice_1AAK2257.jpg
Old_Town_Hall_(Prague),190045,1,commons/Renovation_of_the_Old_Town_Hall_Tower_(Prague)/0/pictures/Rekonstrukce_Staroměstské_radnice_1AAK2255.jpg
Old_Town_Hall_(Prague),190045,1,commons/Renovation_of_the_Old_Town_Hall_Tower_(Prague)/0/pictures/Rekonstrukce_Staroměstské_radnice_1AAK2253.jpg
Old_Town_Hall_(Prague),190045,1,commons/Renovation_of_the_Old_Town_Hall_Tower_(Prague)/0/pictures/Rekonstrukce_Staroměstské_radnice_1AAK2251.jpg
Old_Town_Hall_(Prague),190045,1,commons/Renovation_of_the_Old_Town_Hall_Tower_(Prague)/0/pictures/Rekonstrukce_Staroměstské_radnice_1AAK2249.jpg
Old_Town_Hall_(Prague),190045,1,commons/Renovation_of_the_Old_Town_Hall_Tower_(Prague)/0/pictures/Rekonstrukce_Staroměstské_radnice_1AAK2246.jpg
Old_Town_Hall_(Prague),190045,1,commons/Renovation_of_the_Old_Town_Hall_Tower_(Prague)/0/pictures/Rekonstrukce_Staroměstské_radnice_1AAK2245.jpg
Old_Town_Hall_(Prague),190045,1,commons/Renovation_of_the_Old_Town_Hall_Tower_(Prague)/0/pictures/Rekonstrukce_Staroměstské_radnice_1AAK2244.jpg
Old_Town_Hall_(Prague),190045,1,commons/Renovation_of_the_Old_Town_Hall_Tower_(Prague)/0/pictures/Rekonstrukce_Staroměstské_radnice_1AAK2242.jpg
Old_Town_Hall_(Prague),190045,1,commons/Renovation_of_the_Old_Town_Hall_Tower_(Prague)/0/pictures/Rekonstrukce_Staroměstské_radnice_1AAK2240.jpg
Old_Town_Hall_(Prague),190045,1,commons/Renovation_of_the_Old_Town_Hall_Tower_(Prague)/0/pictures/Rekonstrukce_Staroměstské_radnice_1AAK2238.jpg
Old_Town_Hall_(Prague),190045,1,commons/Renovation_of_the_Old_Town_Hall_Tower_(Prague)/0/pictures/Rekonstrukce_Staroměstské_radnice_1AAK2236.jpg
Old_Town_Hall_(Prague),190045,1,commons/Renovation_of_the_Old_Town_Hall_Tower_(Prague)/0/pictures/Rekonstrukce_Staroměstské_radnice_1AAK2233.jpg
Old_Town_Hall_(Prague),190045,1,commons/Renovation_of_the_Old_Town_Hall_Tower_(Prague)/0/pictures/Rekonstrukce_Staroměstské_radnice_1AAK2230.jpg
Old_Town_Hall_(Prague),190045,1,commons/Renovation_of_the_Old_Town_Hall_Tower_(Prague)/0/pictures/Rekonstrukce_Staroměstské_radnice_1AAK2110.jpg
Old_Town_Hall_(Prague),190045,1,commons/Renovation_of_the_Old_Town_Hall_Tower_(Prague)/0/pictures/Rekonstrukce_Staroměstské_radnice_1AAK2108.jpg
Old_Town_Hall_(Prague),190045,1,commons/Renovation_of_the_Old_Town_Hall_Tower_(Prague)/0/pictures/Rekonstrukce_Staroměstské_radnice_1AAK2106.jpg
Old_Town_Hall_(Prague),190045,1,commons/Renovation_of_the_Old_Town_Hall_Tower_(Prague)/0/pictures/Rekonstrukce_Staroměstské_radnice_1AAK2104.jpg
Old_Town_Hall_(Prague),190045,1,commons/Renovation_of_the_Old_Town_Hall_Tower_(Prague)/0/pictures/Rekonstrukce_Staroměstské_radnice_1AAK2100.jpg
Old_Town_Hall_(Prague),190045,1,commons/Renovation_of_the_Old_Town_Hall_Tower_(Prague)/0/pictures/Rekonstrukce_Staroměstské_radnice_1AAK2098.jpg
Old_Town_Hall_(Prague),190045,1,commons/Renovation_of_the_Old_Town_Hall_Tower_(Prague)/0/pictures/Rekonstrukce_Staroměstské_radnice_1AAK2097.jpg
Old_Town_Hall_(Prague),190045,1,commons/Renovation_of_the_Old_Town_Hall_Tower_(Prague)/0/pictures/Rekonstrukce_Staroměstské_radnice_1AAK2094.jpg
Old_Town_Hall_(Prague),190045,1,commons/Renovation_of_the_Old_Town_Hall_Tower_(Prague)/0/pictures/Rekonstrukce_Staroměstské_radnice_1AAK2089.jpg
Old_Town_Hall_(Prague),190045,1,commons/Renovation_of_the_Old_Town_Hall_Tower_(Prague)/0/pictures/Rekonstrukce_Staroměstské_radnice_1AAK2087.jpg
Old_Town_Hall_(Prague),190045,1,commons/Renovation_of_the_Old_Town_Hall_Tower_(Prague)/0/pictures/Rekonstrukce_Staroměstské_radnice_1AAK2086.jpg
Old_Town_Hall_(Prague),190045,1,commons/Renovation_of_the_Old_Town_Hall_Tower_(Prague)/0/pictures/Rekonstrukce_Staroměstské_radnice_1AAK2083.jpg
Old_Town_Hall_(Prague),190045,1,commons/Renovation_of_the_Old_Town_Hall_Tower_(Prague)/0/pictures/Rekonstrukce_Staroměstské_radnice_1AAK2080.jpg
Old_Town_Hall_(Prague),190045,1,commons/Renovation_of_the_Old_Town_Hall_Tower_(Prague)/0/pictures/Rekonstrukce_Staroměstské_radnice_1AAK2076.jpg
Old_Town_Hall_(Prague),190045,1,commons/Renovation_of_the_Old_Town_Hall_Tower_(Prague)/0/pictures/Rekonstrukce_Staroměstské_radnice_1AAK2112.jpg
Old_Town_Hall_(Prague),190045,1,commons/Renovation_of_the_Old_Town_Hall_Tower_(Prague)/0/pictures/Rekonstrukce_Staroměstské_radnice_1AAK2031.jpg
Old_Town_Hall_(Prague),190045,1,commons/Renovation_of_the_Old_Town_Hall_Tower_(Prague)/0/pictures/Rekonstrukce_Staroměstské_radnice_1AAK2200.jpg
Old_Town_Hall_(Prague),190045,1,commons/Renovation_of_the_Old_Town_Hall_Tower_(Prague)/0/pictures/Rekonstrukce_Staroměstské_radnice_1AAK2068.jpg
Old_Town_Hall_(Prague),190045,1,commons/Renovation_of_the_Old_Town_Hall_Tower_(Prague)/0/pictures/Rekonstrukce_Staroměstské_radnice_1AAK2114.jpg
Old_Town_Hall_(Prague),190045,1,commons/Renovation_of_the_Old_Town_Hall_Tower_(Prague)/0/pictures/Rekonstrukce_Staroměstské_radnice_1AAK2034.jpg
Old_Town_Hall_(Prague),190045,1,commons/Renovation_of_the_Old_Town_Hall_Tower_(Prague)/0/pictures/Rekonstrukce_Staroměstské_radnice_1AAK2203.jpg
Old_Town_Hall_(Prague),190045,1,commons/Renovation_of_the_Old_Town_Hall_Tower_(Prague)/0/pictures/Rekonstrukce_Staroměstské_radnice_1AAK2072.jpg
Old_Town_Hall_(Prague),190045,1,commons/Renovation_of_the_Old_Town_Hall_Tower_(Prague)/0/pictures/Rekonstrukce_Staroměstské_radnice_1AAK2036.jpg
Old_Town_Hall_(Prague),190045,1,commons/Renovation_of_the_Old_Town_Hall_Tower_(Prague)/0/pictures/Rekonstrukce_Staroměstské_radnice_1AAK2208.jpg
Old_Town_Hall_(Prague),190045,1,commons/Renovation_of_the_Old_Town_Hall_Tower_(Prague)/0/pictures/Rekonstrukce_Staroměstské_radnice_1AAK2038.jpg
Old_Town_Hall_(Prague),190045,1,commons/Renovation_of_the_Old_Town_Hall_Tower_(Prague)/0/pictures/Rekonstrukce_Staroměstské_radnice_1AAK2214.jpg
Old_Town_Hall_(Prague),190045,1,commons/Renovation_of_the_Old_Town_Hall_Tower_(Prague)/0/pictures/Rekonstrukce_Staroměstské_radnice_1AAK2040.jpg
Old_Town_Hall_(Prague),190045,1,commons/Renovation_of_the_Old_Town_Hall_Tower_(Prague)/0/pictures/Rekonstrukce_Staroměstské_radnice_1AAK2217.jpg
Old_Town_Hall_(Prague),190045,1,commons/Renovation_of_the_Old_Town_Hall_Tower_(Prague)/0/pictures/Rekonstrukce_Staroměstské_radnice_1AAK2047.jpg
Old_Town_Hall_(Prague),190045,1,commons/Renovation_of_the_Old_Town_Hall_Tower_(Prague)/0/pictures/Rekonstrukce_Staroměstské_radnice_1AAK2218.jpg
Old_Town_Hall_(Prague),190045,1,commons/Renovation_of_the_Old_Town_Hall_Tower_(Prague)/0/pictures/Rekonstrukce_Staroměstské_radnice_1AAK2049.jpg
Old_Town_Hall_(Prague),190045,1,commons/Renovation_of_the_Old_Town_Hall_Tower_(Prague)/0/pictures/Rekonstrukce_Staroměstské_radnice_1AAK2223.jpg
Old_Town_Hall_(Prague),190045,1,commons/Renovation_of_the_Old_Town_Hall_Tower_(Prague)/0/pictures/Rekonstrukce_Staroměstské_radnice_1AAK2052.jpg
Old_Town_Hall_(Prague),190045,1,commons/Renovation_of_the_Old_Town_Hall_Tower_(Prague)/0/pictures/Rekonstrukce_Staroměstské_radnice_1AAK2227.jpg
Old_Town_Hall_(Prague),190045,1,commons/Renovation_of_the_Old_Town_Hall_Tower_(Prague)/0/pictures/Rekonstrukce_Staroměstské_radnice_1AAK2054.jpg
Old_Town_Hall_(Prague),190045,1,commons/Renovation_of_the_Old_Town_Hall_Tower_(Prague)/0/pictures/Rekonstrukce_Staroměstské_radnice_1AAK2057.jpg
Old_Town_Hall_(Prague),190045,1,commons/Renovation_of_the_Old_Town_Hall_Tower_(Prague)/0/pictures/Rekonstrukce_Staroměstské_radnice_1AAK2060.jpg
Old_Town_Hall_(Prague),190045,1,commons/Renovation_of_the_Old_Town_Hall_Tower_(Prague)/0/pictures/Rekonstrukce_Staroměstské_radnice_1AAK2116.jpg
Old_Town_Hall_(Prague),190045,1,commons/Renovation_of_the_Old_Town_Hall_Tower_(Prague)/0/pictures/Rekonstrukce_Staroměstské_radnice_1AAK2118.jpg
Old_Town_Hall_(Prague),190045,1,commons/Renovation_of_the_Old_Town_Hall_Tower_(Prague)/0/pictures/Rekonstrukce_Staroměstské_radnice_1AAK2120.jpg
Old_Town_Hall_(Prague),190045,1,commons/Renovation_of_the_Old_Town_Hall_Tower_(Prague)/0/pictures/Rekonstrukce_Staroměstské_radnice_1AAK2122.jpg
Old_Town_Hall_(Prague),190045,1,commons/Renovation_of_the_Old_Town_Hall_Tower_(Prague)/0/pictures/Rekonstrukce_Staroměstské_radnice_1AAK2124.jpg
Old_Town_Hall_(Prague),190045,1,commons/Renovation_of_the_Old_Town_Hall_Tower_(Prague)/0/pictures/Rekonstrukce_Staroměstské_radnice_1AAK2125.jpg
Old_Town_Hall_(Prague),190045,1,commons/Renovation_of_the_Old_Town_Hall_Tower_(Prague)/0/pictures/Rekonstrukce_Staroměstské_radnice_1AAK2127.jpg
Old_Town_Hall_(Prague),190045,1,commons/Renovation_of_the_Old_Town_Hall_Tower_(Prague)/0/pictures/Rekonstrukce_Staroměstské_radnice_1AAK2131.jpg
Old_Town_Hall_(Prague),190045,1,commons/Renovation_of_the_Old_Town_Hall_Tower_(Prague)/0/pictures/Rekonstrukce_Staroměstské_radnice_1AAK2133.jpg
Old_Town_Hall_(Prague),190045,1,commons/Renovation_of_the_Old_Town_Hall_Tower_(Prague)/0/pictures/Rekonstrukce_Staroměstské_radnice_1AAK2139.jpg
Old_Town_Hall_(Prague),190045,1,commons/Renovation_of_the_Old_Town_Hall_Tower_(Prague)/0/pictures/Rekonstrukce_Staroměstské_radnice_1AAK2150.jpg
Old_Town_Hall_(Prague),190045,1,commons/Renovation_of_the_Old_Town_Hall_Tower_(Prague)/0/pictures/Rekonstrukce_Staroměstské_radnice_1AAK2154.jpg
Old_Town_Hall_(Prague),190045,1,commons/Renovation_of_the_Old_Town_Hall_Tower_(Prague)/0/pictures/Rekonstrukce_Staroměstské_radnice_1AAK2166.jpg
Old_Town_Hall_(Prague),190045,1,commons/Renovation_of_the_Old_Town_Hall_Tower_(Prague)/0/pictures/Rekonstrukce_Staroměstské_radnice_1AAK2167.jpg
Old_Town_Hall_(Prague),190045,1,commons/Renovation_of_the_Old_Town_Hall_Tower_(Prague)/0/pictures/Rekonstrukce_Staroměstské_radnice_1AAK2169.jpg
Old_Town_Hall_(Prague),190045,1,commons/Renovation_of_the_Old_Town_Hall_Tower_(Prague)/0/pictures/Rekonstrukce_Staroměstské_radnice_1AAK2172.jpg
Old_Town_Hall_(Prague),190045,1,commons/Renovation_of_the_Old_Town_Hall_Tower_(Prague)/0/pictures/Rekonstrukce_Staroměstské_radnice_1AAK2174.jpg
Old_Town_Hall_(Prague),190045,1,commons/Renovation_of_the_Old_Town_Hall_Tower_(Prague)/0/pictures/Rekonstrukce_Staroměstské_radnice_1AAK2178.jpg
Old_Town_Hall_(Prague),190045,1,commons/Renovation_of_the_Old_Town_Hall_Tower_(Prague)/0/pictures/Rekonstrukce_Staroměstské_radnice_1AAK2182.jpg
Old_Town_Hall_(Prague),190045,1,commons/Renovation_of_the_Old_Town_Hall_Tower_(Prague)/0/pictures/Rekonstrukce_Staroměstské_radnice_1AAK2183.jpg
Old_Town_Hall_(Prague),190045,1,commons/Renovation_of_the_Old_Town_Hall_Tower_(Prague)/0/pictures/Rekonstrukce_Staroměstské_radnice_1AAK2185.jpg
Old_Town_Hall_(Prague),190045,1,commons/Renovation_of_the_Old_Town_Hall_Tower_(Prague)/0/pictures/Rekonstrukce_Staroměstské_radnice_1AAK2187.jpg
Old_Town_Hall_(Prague),190045,2,commons/Renovation_of_the_Old_Town_Hall_Tower_(Prague)/0/pictures/Rekonstrukce_Staroměstské_radnice_1AAI7765.jpg
Old_Town_Hall_(Prague),190045,2,commons/Renovation_of_the_Old_Town_Hall_Tower_(Prague)/0/pictures/Rekonstrukce_Staroměstské_radnice_1AAI7763.jpg
Old_Town_Hall_(Prague),190045,2,commons/Renovation_of_the_Old_Town_Hall_Tower_(Prague)/0/pictures/Rekonstrukce_Staroměstské_radnice_1AAI7756.jpg
Old_Town_Hall_(Prague),190045,2,commons/Renovation_of_the_Old_Town_Hall_Tower_(Prague)/0/pictures/Rekonstrukce_Staroměstské_radnice_1AAI7758.jpg
Old_Town_Hall_(Prague),190045,2,commons/Renovation_of_the_Old_Town_Hall_Tower_(Prague)/0/pictures/Rekonstrukce_Staroměstské_radnice_1AAI7755.jpg
Old_Town_Hall_(Prague),190045,2,commons/Renovation_of_the_Old_Town_Hall_Tower_(Prague)/0/pictures/Rekonstrukce_Staroměstské_radnice_1AAI7697.jpg
Old_Town_Hall_(Prague),190045,2,commons/Renovation_of_the_Old_Town_Hall_Tower_(Prague)/0/pictures/Rekonstrukce_Staroměstské_radnice_1AAI7693.jpg
Old_Town_Hall_(Prague),190045,2,commons/Renovation_of_the_Old_Town_Hall_Tower_(Prague)/0/pictures/Rekonstrukce_Staroměstské_radnice_1AAI7691.jpg
Old_Town_Hall_(Prague),190045,2,commons/Renovation_of_the_Old_Town_Hall_Tower_(Prague)/0/pictures/Rekonstrukce_Staroměstské_radnice_1AAI7688.jpg
Old_Town_Hall_(Prague),190045,2,commons/Renovation_of_the_Old_Town_Hall_Tower_(Prague)/0/pictures/Rekonstrukce_Staroměstské_radnice_1AAI7685.jpg
Old_Town_Hall_(Prague),190045,2,commons/Renovation_of_the_Old_Town_Hall_Tower_(Prague)/0/pictures/Rekonstrukce_Staroměstské_radnice_1AAI7681.jpg
Old_Town_Hall_(Prague),190045,2,commons/Renovation_of_the_Old_Town_Hall_Tower_(Prague)/0/pictures/Rekonstrukce_Staroměstské_radnice_1AAI6682.jpg
Old_Town_Hall_(Prague),190045,2,commons/Renovation_of_the_Old_Town_Hall_Tower_(Prague)/0/pictures/Rekonstrukce_Staroměstské_radnice_1AAI7680.jpg
Old_Town_Hall_(Prague),190045,2,commons/Renovation_of_the_Old_Town_Hall_Tower_(Prague)/0/pictures/Rekonstrukce_Staroměstské_radnice_1AAI6678.jpg
Old_Town_Hall_(Prague),190045,2,commons/Renovation_of_the_Old_Town_Hall_Tower_(Prague)/0/pictures/Rekonstrukce_Staroměstské_radnice_1AAI6706.jpg
Old_Town_Hall_(Prague),190045,2,commons/Renovation_of_the_Old_Town_Hall_Tower_(Prague)/0/pictures/Rekonstrukce_Staroměstské_radnice_1AAI7676.jpg
Old_Town_Hall_(Prague),190045,2,commons/Renovation_of_the_Old_Town_Hall_Tower_(Prague)/0/pictures/Rekonstrukce_Staroměstské_radnice_1AAI6675.jpg
Old_Town_Hall_(Prague),190045,2,commons/Renovation_of_the_Old_Town_Hall_Tower_(Prague)/0/pictures/Rekonstrukce_Staroměstské_radnice_1AAI6704.jpg
Old_Town_Hall_(Prague),190045,2,commons/Renovation_of_the_Old_Town_Hall_Tower_(Prague)/0/pictures/Rekonstrukce_Staroměstské_radnice_1AAI6673.jpg
Old_Town_Hall_(Prague),190045,2,commons/Renovation_of_the_Old_Town_Hall_Tower_(Prague)/0/pictures/Rekonstrukce_Staroměstské_radnice_1AAI6702.jpg
Old_Town_Hall_(Prague),190045,2,commons/Renovation_of_the_Old_Town_Hall_Tower_(Prague)/0/pictures/Rekonstrukce_Staroměstské_radnice_1AAI6671.jpg
Old_Town_Hall_(Prague),190045,2,commons/Renovation_of_the_Old_Town_Hall_Tower_(Prague)/0/pictures/Rekonstrukce_Staroměstské_radnice_1AAI6700.jpg
Old_Town_Hall_(Prague),190045,2,commons/Renovation_of_the_Old_Town_Hall_Tower_(Prague)/0/pictures/Rekonstrukce_Staroměstské_radnice_1AAI6667.jpg
Old_Town_Hall_(Prague),190045,2,commons/Renovation_of_the_Old_Town_Hall_Tower_(Prague)/0/pictures/Rekonstrukce_Staroměstské_radnice_1AAI7664.jpg
Old_Town_Hall_(Prague),190045,2,commons/Renovation_of_the_Old_Town_Hall_Tower_(Prague)/0/pictures/Rekonstrukce_Staroměstské_radnice_1AAI6664.jpg
Old_Town_Hall_(Prague),190045,2,commons/Renovation_of_the_Old_Town_Hall_Tower_(Prague)/0/pictures/Rekonstrukce_Staroměstské_radnice_1AAI6933.jpg
Old_Town_Hall_(Prague),190045,2,commons/Renovation_of_the_Old_Town_Hall_Tower_(Prague)/0/pictures/Rekonstrukce_Staroměstské_radnice_1AAI7660.jpg
Old_Town_Hall_(Prague),190045,2,commons/Renovation_of_the_Old_Town_Hall_Tower_(Prague)/0/pictures/Rekonstrukce_Staroměstské_radnice_1AAI6661.jpg
Old_Town_Hall_(Prague),190045,2,commons/Renovation_of_the_Old_Town_Hall_Tower_(Prague)/0/pictures/Rekonstrukce_Staroměstské_radnice_1AAI7770.jpg
Old_Town_Hall_(Prague),190045,2,commons/Renovation_of_the_Old_Town_Hall_Tower_(Prague)/0/pictures/Rekonstrukce_Staroměstské_radnice_1AAH5015.jpg
Old_Town_Hall_(Prague),190045,2,commons/Renovation_of_the_Old_Town_Hall_Tower_(Prague)/0/pictures/Rekonstrukce_Staroměstské_radnice_1AAI6924.jpg
Old_Town_Hall_(Prague),190045,2,commons/Renovation_of_the_Old_Town_Hall_Tower_(Prague)/0/pictures/Rekonstrukce_Staroměstské_radnice_1AAI6904.jpg
Old_Town_Hall_(Prague),190045,2,commons/Renovation_of_the_Old_Town_Hall_Tower_(Prague)/0/pictures/Rekonstrukce_Staroměstské_radnice_1AAI6906.jpg
Old_Town_Hall_(Prague),190045,2,commons/Renovation_of_the_Old_Town_Hall_Tower_(Prague)/0/pictures/Rekonstrukce_Staroměstské_radnice_1AAI6909.jpg
Old_Town_Hall_(Prague),190045,2,commons/Renovation_of_the_Old_Town_Hall_Tower_(Prague)/0/pictures/Rekonstrukce_Staroměstské_radnice_1AAI6911.jpg
Old_Town_Hall_(Prague),190045,2,commons/Renovation_of_the_Old_Town_Hall_Tower_(Prague)/0/pictures/Rekonstrukce_Staroměstské_radnice_1AAI6914.jpg
Old_Town_Hall_(Prague),190045,2,commons/Renovation_of_the_Old_Town_Hall_Tower_(Prague)/0/pictures/Rekonstrukce_Staroměstské_radnice_1AAI6917.jpg
Old_Town_Hall_(Prague),190045,2,commons/Renovation_of_the_Old_Town_Hall_Tower_(Prague)/0/pictures/Rekonstrukce_Staroměstské_radnice_1AAI6921.jpg
Old_Town_Hall_(Prague),190045,2,commons/Renovation_of_the_Old_Town_Hall_Tower_(Prague)/0/pictures/Rekonstrukce_Staroměstské_radnice_1AAI6923.jpg
Old_Town_Hall_(Prague),190045,2,commons/Renovation_of_the_Old_Town_Hall_Tower_(Prague)/0/pictures/Rekonstrukce_Staroměstské_radnice_1AAI6927.jpg
Old_Town_Hall_(Prague),190045,2,commons/Renovation_of_the_Old_Town_Hall_Tower_(Prague)/0/pictures/Rekonstrukce_Staroměstské_radnice_1AAI7603.jpg
Old_Town_Hall_(Prague),190045,2,commons/Renovation_of_the_Old_Town_Hall_Tower_(Prague)/0/pictures/Rekonstrukce_Staroměstské_radnice_1AAI7605.jpg
Old_Town_Hall_(Prague),190045,2,commons/Renovation_of_the_Old_Town_Hall_Tower_(Prague)/0/pictures/Rekonstrukce_Staroměstské_radnice_1AAI7608.jpg
Old_Town_Hall_(Prague),190045,3,commons/Renovation_of_the_Old_Town_Hall_Tower_(Prague)/0/pictures/Rekonstrukce_Staroměstské_radnice_1FGZ8231.jpg
Old_Town_Hall_(Prague),190045,3,commons/Renovation_of_the_Old_Town_Hall_Tower_(Prague)/0/pictures/Rekonstrukce_Staroměstské_radnice_1FGZ8149.jpg
Old_Town_Hall_(Prague),190045,3,commons/Renovation_of_the_Old_Town_Hall_Tower_(Prague)/0/pictures/Rekonstrukce_Staroměstské_radnice_1AAR9265-HDR.jpg
Old_Town_Hall_(Prague),190045,3,commons/Renovation_of_the_Old_Town_Hall_Tower_(Prague)/0/pictures/Rekonstrukce_Staroměstské_radnice_1AAR9245-HDR.jpg
Old_Town_Hall_(Prague),190045,3,commons/Renovation_of_the_Old_Town_Hall_Tower_(Prague)/0/pictures/Rekonstrukce_Staroměstské_radnice_1AAR1407.jpg
Old_Town_Hall_(Prague),190045,3,commons/Renovation_of_the_Old_Town_Hall_Tower_(Prague)/0/pictures/Rekonstrukce_Staroměstské_radnice_1AAR0532.jpg
Old_Town_Hall_(Prague),190045,3,commons/Renovation_of_the_Old_Town_Hall_Tower_(Prague)/0/pictures/Rekonstrukce_Staroměstské_radnice_1AAR0524.jpg
Old_Town_Hall_(Prague),190045,3,commons/Renovation_of_the_Old_Town_Hall_Tower_(Prague)/0/pictures/Rekonstrukce_Staroměstské_radnice_1AAR0516.jpg
Old_Town_Hall_(Prague),190045,3,commons/Renovation_of_the_Old_Town_Hall_Tower_(Prague)/0/pictures/Rekonstrukce_Staroměstské_radnice_1AAR0512.jpg
Old_Town_Hall_(Prague),190045,3,commons/Renovation_of_the_Old_Town_Hall_Tower_(Prague)/0/pictures/Rekonstrukce_Staroměstské_radnice_1AAR0508.jpg
Old_Town_Hall_(Prague),190045,3,commons/Renovation_of_the_Old_Town_Hall_Tower_(Prague)/0/pictures/Rekonstrukce_Staroměstské_radnice_1AAR0504-HDR.jpg
Old_Town_Hall_(Prague),190045,3,commons/Renovation_of_the_Old_Town_Hall_Tower_(Prague)/0/pictures/Rekonstrukce_Staroměstské_radnice_1AAP9596.jpg
Old_Town_Hall_(Prague),190045,3,commons/Renovation_of_the_Old_Town_Hall_Tower_(Prague)/0/pictures/Rekonstrukce_Staroměstské_radnice_1AAP0361.jpg
Old_Town_Hall_(Prague),190045,3,commons/Renovation_of_the_Old_Town_Hall_Tower_(Prague)/0/pictures/Rekonstrukce_Staroměstské_radnice_1AAO6521-HDR.jpg
Old_Town_Hall_(Prague),190045,3,commons/Renovation_of_the_Old_Town_Hall_Tower_(Prague)/0/pictures/Rekonstrukce_Staroměstské_radnice_1AAO6517-HDR.jpg
Old_Town_Hall_(Prague),190045,3,commons/Renovation_of_the_Old_Town_Hall_Tower_(Prague)/0/pictures/Rekonstrukce_Staroměstské_radnice_1AAO6484-HDR.jpg
Old_Town_Hall_(Prague),190045,3,commons/Renovation_of_the_Old_Town_Hall_Tower_(Prague)/0/pictures/Rekonstrukce_Staroměstské_radnice_1AAO6476.jpg
Old_Town_Hall_(Prague),190045,3,commons/Chapel_of_the_Old_Town_Hall_(Prague)/0/pictures/Rekonstrukce_Staroměstské_radnice_1AAL7446.jpg
Old_Town_Hall_(Prague),190045,3,commons/Chapel_of_the_Old_Town_Hall_(Prague)/0/pictures/Rekonstrukce_Staroměstské_radnice_1AAL7444.jpg
Old_Town_Hall_(Prague),190045,3,commons/Renovation_of_the_Old_Town_Hall_Tower_(Prague)/0/pictures/Rekonstrukce_Staroměstské_radnice_1AAB0107.jpg
Old_Town_Hall_(Prague),190045,3,commons/Renovation_of_the_Old_Town_Hall_Tower_(Prague)/0/pictures/Rekonstrukce_Staroměstské_radnice_1AAN9529.jpg
Old_Town_Hall_(Prague),190045,3,commons/Chapel_of_the_Old_Town_Hall_(Prague)/0/pictures/Rekonstrukce_Staroměstské_radnice_1AAL7204-HDR.jpg
Old_Town_Hall_(Prague),190045,3,commons/Renovation_of_the_Old_Town_Hall_Tower_(Prague)/0/pictures/Rekonstrukce_Staroměstské_radnice_1AAL7832.jpg
Old_Town_Hall_(Prague),190045,3,commons/Renovation_of_the_Old_Town_Hall_Tower_(Prague)/0/pictures/Rekonstrukce_Staroměstské_radnice_1AAO6489-HDR.jpg
Old_Town_Hall_(Prague),190045,3,commons/Renovation_of_the_Old_Town_Hall_Tower_(Prague)/0/pictures/Rekonstrukce_Staroměstské_radnice_1AAN9521.jpg
Old_Town_Hall_(Prague),190045,3,commons/Chapel_of_the_Old_Town_Hall_(Prague)/0/pictures/Rekonstrukce_Staroměstské_radnice_1AAL0646.jpg
Old_Town_Hall_(Prague),190045,3,commons/Chapel_of_the_Old_Town_Hall_(Prague)/0/pictures/Rekonstrukce_Staroměstské_radnice_1AAL0644.jpg
Old_Town_Hall_(Prague),190045,3,commons/Chapel_of_the_Old_Town_Hall_(Prague)/0/pictures/Rekonstrukce_Staroměstské_radnice_1AAL0640.jpg
Old_Town_Hall_(Prague),190045,3,commons/Chapel_of_the_Old_Town_Hall_(Prague)/0/pictures/Rekonstrukce_Staroměstské_radnice_1AAL0468-HDR.jpg
Old_Town_Hall_(Prague),190045,3,commons/Old_Town_Hall_(Prague)/0/pictures/Altstädter_Rathaus_Kapelle_2.jpg
Old_Town_Hall_(Prague),190045,3,commons/Chapel_of_the_Old_Town_Hall_(Prague)/0/pictures/Rekonstrukce_Staroměstské_radnice_1AAL0464-HDR.jpg
Old_Town_Hall_(Prague),190045,3,commons/Renovation_of_the_Old_Town_Hall_Tower_(Prague)/0/pictures/Rekonstrukce_Staroměstské_radnice_1AAA0018.jpg
Old_Town_Hall_(Prague),190045,3,commons/Chapel_of_the_Old_Town_Hall_(Prague)/0/pictures/Rekonstrukce_Staroměstské_radnice_1AAL0656.jpg
Old_Town_Hall_(Prague),190045,3,commons/Renovation_of_the_Old_Town_Hall_Tower_(Prague)/0/pictures/Rekonstrukce_Staroměstské_radnice_1AAA5466.jpg
Old_Town_Hall_(Prague),190045,3,commons/Chapel_of_the_Old_Town_Hall_(Prague)/0/pictures/Rekonstrukce_Staroměstské_radnice_1AAL0653.jpg
Old_Town_Hall_(Prague),190045,3,commons/Chapel_of_the_Old_Town_Hall_(Prague)/0/pictures/Rekonstrukce_Staroměstské_radnice_1AAL0651.jpg
Old_Town_Hall_(Prague),190045,3,commons/Renovation_of_the_Old_Town_Hall_Tower_(Prague)/0/pictures/Rekonstrukce_Staroměstské_radnice_1AAO6387-HDR.jpg
Old_Town_Hall_(Prague),190045,3,commons/Chapel_of_the_Old_Town_Hall_(Prague)/0/pictures/Rekonstrukce_Staroměstské_radnice_1AAB2072.jpg
Old_Town_Hall_(Prague),190045,3,commons/Renovation_of_the_Old_Town_Hall_Tower_(Prague)/0/pictures/Rekonstrukce_Staroměstské_radnice_1FHA2710.jpg
Old_Town_Hall_(Prague),190045,3,commons/Chapel_of_the_Old_Town_Hall_(Prague)/0/pictures/Interier_(7).jpg
Old_Town_Hall_(Prague),190045,3,commons/Chapel_of_the_Old_Town_Hall_(Prague)/0/pictures/Rekonstrukce_Staroměstské_radnice_1AAL0679-HDR.jpg
Old_Town_Hall_(Prague),190045,3,commons/Chapel_of_the_Old_Town_Hall_(Prague)/0/pictures/Interier_(6).jpg
Old_Town_Hall_(Prague),190045,3,commons/Renovation_of_the_Old_Town_Hall_Tower_(Prague)/0/pictures/Rekonstrukce_Staroměstské_radnice_1AAA5471.jpg
Old_Town_Hall_(Prague),190045,3,commons/Chapel_of_the_Old_Town_Hall_(Prague)/0/pictures/Rekonstrukce_Staroměstské_radnice_1AAL0673.jpg
Old_Town_Hall_(Prague),190045,3,commons/Renovation_of_the_Old_Town_Hall_Tower_(Prague)/0/pictures/Rekonstrukce_Staroměstské_radnice_1AAB0095.jpg
Old_Town_Hall_(Prague),190045,3,commons/Renovation_of_the_Old_Town_Hall_Tower_(Prague)/0/pictures/Rekonstrukce_Staroměstské_radnice_1AAO6432-HDR.jpg
Old_Town_Hall_(Prague),190045,3,commons/Chapel_of_the_Old_Town_Hall_(Prague)/0/pictures/Rekonstrukce_Staroměstské_radnice_1AAB2146.jpg
Old_Town_Hall_(Prague),190045,3,commons/Chapel_of_the_Old_Town_Hall_(Prague)/0/pictures/Interier_(9).jpg
Old_Town_Hall_(Prague),190045,3,commons/Renovation_of_the_Old_Town_Hall_Tower_(Prague)/0/pictures/Rekonstrukce_Staroměstské_radnice_1AAB2036.jpg
Old_Town_Hall_(Prague),190045,3,commons/Chapel_of_the_Old_Town_Hall_(Prague)/0/pictures/Rekonstrukce_Staroměstské_radnice_1AAL0671.jpg
Old_Town_Hall_(Prague),190045,3,commons/Chapel_of_the_Old_Town_Hall_(Prague)/0/pictures/Rekonstrukce_Staroměstské_radnice_1AAB2143.jpg
Old_Town_Hall_(Prague),190045,3,commons/Chapel_of_the_Old_Town_Hall_(Prague)/0/pictures/Rekonstrukce_Staroměstské_radnice_1AAL0432-HDR.jpg
Old_Town_Hall_(Prague),190045,3,commons/Chapel_of_the_Old_Town_Hall_(Prague)/0/pictures/Rekonstrukce_Staroměstské_radnice_1AAB2077.jpg
Old_Town_Hall_(Prague),190045,3,commons/Renovation_of_the_Old_Town_Hall_Tower_(Prague)/0/pictures/Rekonstrukce_Staroměstské_radnice_1AAK8450.jpg
Old_Town_Hall_(Prague),190045,3,commons/Chapel_of_the_Old_Town_Hall_(Prague)/0/pictures/Rekonstrukce_Staroměstské_radnice_1AAB2036.jpg
Old_Town_Hall_(Prague),190045,3,commons/Renovation_of_the_Old_Town_Hall_Tower_(Prague)/0/pictures/Rekonstrukce_Staroměstské_radnice_1AAL0464-HDR.jpg
Old_Town_Hall_(Prague),190045,3,commons/Chapel_of_the_Old_Town_Hall_(Prague)/0/pictures/Rekonstrukce_Staroměstské_radnice_1AAL0659.jpg
Old_Town_Hall_(Prague),190045,3,commons/Chapel_of_the_Old_Town_Hall_(Prague)/0/pictures/Rekonstrukce_Staroměstské_radnice_1AAL0662.jpg
Old_Town_Hall_(Prague),190045,3,commons/Renovation_of_the_Old_Town_Hall_Tower_(Prague)/0/pictures/Rekonstrukce_Staroměstské_radnice_1AAA5475.jpg
Old_Town_Hall_(Prague),190045,3,commons/Chapel_of_the_Old_Town_Hall_(Prague)/0/pictures/Rekonstrukce_Staroměstské_radnice_1AAL0665.jpg
Old_Town_Hall_(Prague),190045,3,commons/Chapel_of_the_Old_Town_Hall_(Prague)/0/pictures/Rekonstrukce_Staroměstské_radnice_1AAB2140.jpg
Old_Town_Hall_(Prague),190045,3,commons/Chapel_of_the_Old_Town_Hall_(Prague)/0/pictures/Rekonstrukce_Staroměstské_radnice_1AAL0693-HDR.jpg
Old_Town_Hall_(Prague),190045,3,commons/Renovation_of_the_Old_Town_Hall_Tower_(Prague)/0/pictures/Rekonstrukce_Staroměstské_radnice_1AAB0101.jpg
Old_Town_Hall_(Prague),190045,3,commons/Renovation_of_the_Old_Town_Hall_Tower_(Prague)/0/pictures/Rekonstrukce_Staroměstské_radnice_1AAR1385-HDR.jpg
Old_Town_Hall_(Prague),190045,3,commons/Chapel_of_the_Old_Town_Hall_(Prague)/0/pictures/Rekonstrukce_Staroměstské_radnice_1AAB2183.jpg
Old_Town_Hall_(Prague),190045,3,commons/Renovation_of_the_Old_Town_Hall_Tower_(Prague)/0/pictures/Rekonstrukce_Staroměstské_radnice_1AAO6432.jpg
Old_Town_Hall_(Prague),190045,3,commons/Chapel_of_the_Old_Town_Hall_(Prague)/0/pictures/Rekonstrukce_Staroměstské_radnice_1AAL7200-HDR.jpg
Old_Town_Hall_(Prague),190045,3,commons/Renovation_of_the_Old_Town_Hall_Tower_(Prague)/0/pictures/Rekonstrukce_Staroměstské_radnice_1AAL7827.jpg
Old_Town_Hall_(Prague),190045,3,commons/Renovation_of_the_Old_Town_Hall_Tower_(Prague)/0/pictures/Rekonstrukce_Staroměstské_radnice_1AAR1397-HDR.jpg
Old_Town_Hall_(Prague),190045,3,commons/Chapel_of_the_Old_Town_Hall_(Prague)/0/pictures/Rekonstrukce_Staroměstské_radnice_1AAB2197.jpg
Old_Town_Hall_(Prague),190045,3,commons/Renovation_of_the_Old_Town_Hall_Tower_(Prague)/0/pictures/Rekonstrukce_Staroměstské_radnice_1AAO6436-HDR.jpg
Old_Town_Hall_(Prague),190045,3,commons/Renovation_of_the_Old_Town_Hall_Tower_(Prague)/0/pictures/Rekonstrukce_Staroměstské_radnice_1AAR1406.jpg
Old_Town_Hall_(Prague),190045,3,commons/Renovation_of_the_Old_Town_Hall_Tower_(Prague)/0/pictures/Rekonstrukce_Staroměstské_radnice_1AAO6444-HDR.jpg
Old_Town_Hall_(Prague),190045,3,commons/Chapel_of_the_Old_Town_Hall_(Prague)/0/pictures/Rekonstrukce_Staroměstské_radnice_1AAB2301.jpg
Old_Town_Hall_(Prague),190045,3,commons/Chapel_of_the_Old_Town_Hall_(Prague)/0/pictures/Rekonstrukce_Staroměstské_radnice_1AAL7449.jpg
Old_Town_Hall_(Prague),190045,3,commons/Renovation_of_the_Old_Town_Hall_Tower_(Prague)/0/pictures/Rekonstrukce_Staroměstské_radnice_1AAL0640.jpg
Old_Town_Hall_(Prague),190045,3,commons/Renovation_of_the_Old_Town_Hall_Tower_(Prague)/0/pictures/Rekonstrukce_Staroměstské_radnice_1AAO6472.jpg
Old_Town_Hall_(Prague),190045,3,commons/Chapel_of_the_Old_Town_Hall_(Prague)/0/pictures/Rekonstrukce_Staroměstské_radnice_1AAB2362.jpg
Old_Town_Hall_(Prague),190045,3,commons/Chapel_of_the_Old_Town_Hall_(Prague)/0/pictures/Rekonstrukce_Staroměstské_radnice_1AAL7456.jpg
Old_Town_Hall_(Prague),190045,3,commons/Renovation_of_the_Old_Town_Hall_Tower_(Prague)/0/pictures/Rekonstrukce_Staroměstské_radnice_1AAL0646.jpg
Old_Town_Hall_(Prague),190045,3,commons/Chapel_of_the_Old_Town_Hall_(Prague)/0/pictures/Rekonstrukce_Staroměstské_radnice_1AAL0428-HDR.jpg
Old_Town_Hall_(Prague),190045,3,commons/Renovation_of_the_Old_Town_Hall_Tower_(Prague)/0/pictures/Rekonstrukce_Staroměstské_radnice_1AAO6391.jpg
Old_Town_Hall_(Prague),190045,3,commons/Chapel_of_the_Old_Town_Hall_(Prague)/0/pictures/Rekonstrukce_Staroměstské_radnice_1AAB2074.jpg
Old_Town_Hall_(Prague),190045,3,commons/Renovation_of_the_Old_Town_Hall_Tower_(Prague)/0/pictures/Rekonstrukce_Staroměstské_radnice_1AAK8445.jpg
Old_Town_Hall_(Prague),190045,3,commons/Chapel_of_the_Old_Town_Hall_(Prague)/0/pictures/Rekonstrukce_Staroměstské_radnice_1AAA5475.jpg
Old_Town_Hall_(Prague),190045,3,commons/Renovation_of_the_Old_Town_Hall_Tower_(Prague)/0/pictures/Rekonstrukce_Staroměstské_radnice_1AAB2112.jpg
Old_Town_Hall_(Prague),190045,3,commons/Chapel_of_the_Old_Town_Hall_(Prague)/0/pictures/Rekonstrukce_Staroměstské_radnice_1AAL0436-HDR.jpg
Old_Town_Hall_(Prague),190045,3,commons/Chapel_of_the_Old_Town_Hall_(Prague)/0/pictures/Rekonstrukce_Staroměstské_radnice_1AAB2112.jpg
Old_Town_Hall_(Prague),190045,3,commons/Renovation_of_the_Old_Town_Hall_Tower_(Prague)/0/pictures/Rekonstrukce_Staroměstské_radnice_1AAK8447.jpg
Old_Town_Hall_(Prague),190045,3,commons/Chapel_of_the_Old_Town_Hall_(Prague)/0/pictures/Rekonstrukce_Staroměstské_radnice_1AAL0434.jpg
Old_Town_Hall_(Prague),190045,3,commons/Chapel_of_the_Old_Town_Hall_(Prague)/0/pictures/Rekonstrukce_Staroměstské_radnice_1AAB2135.jpg
Old_Town_Hall_(Prague),190045,3,commons/Renovation_of_the_Old_Town_Hall_Tower_(Prague)/0/pictures/Rekonstrukce_Staroměstské_radnice_1AAK8452.jpg
Old_Town_Hall_(Prague),190045,3,commons/Chapel_of_the_Old_Town_Hall_(Prague)/0/pictures/Rekonstrukce_Staroměstské_radnice_1AAL0440-HDR.jpg
Old_Town_Hall_(Prague),190045,3,commons/Chapel_of_the_Old_Town_Hall_(Prague)/0/pictures/Rekonstrukce_Staroměstské_radnice_1AAL0444-HDR.jpg
Old_Town_Hall_(Prague),190045,3,commons/Old_Town_Hall_(Prague)/0/pictures/Altstädter_Rathaus_Kapelle_1.jpg
Old_Town_Hall_(Prague),190045,3,commons/Chapel_of_the_Old_Town_Hall_(Prague)/0/pictures/Rekonstrukce_Staroměstské_radnice_1AAL0460-HDR.jpg
Old_Town_Hall_(Prague),190045,3,commons/Renovation_of_the_Old_Town_Hall_Tower_(Prague)/0/pictures/Rekonstrukce_Staroměstské_radnice_1AAB0112.jpg
Old_Town_Hall_(Prague),190045,3,commons/Renovation_of_the_Old_Town_Hall_Tower_(Prague)/0/pictures/Rekonstrukce_Staroměstské_radnice_1AAO6492-HDR.jpg
Old_Town_Hall_(Prague),190045,3,commons/Renovation_of_the_Old_Town_Hall_Tower_(Prague)/0/pictures/Rekonstrukce_Staroměstské_radnice_1AAN9525.jpg
Old_Town_Hall_(Prague),190045,3,commons/Renovation_of_the_Old_Town_Hall_Tower_(Prague)/0/pictures/Rekonstrukce_Staroměstské_radnice_1AAB2072.jpg
Old_Town_Hall_(Prague),190045,3,commons/Renovation_of_the_Old_Town_Hall_Tower_(Prague)/0/pictures/Rekonstrukce_Staroměstské_radnice_1AAB2074.jpg
Old_Town_Hall_(Prague),190045,3,commons/Chapel_of_the_Old_Town_Hall_(Prague)/0/pictures/Interier_(8).jpg
Old_Town_Hall_(Prague),190045,3,commons/Renovation_of_the_Old_Town_Hall_Tower_(Prague)/0/pictures/Rekonstrukce_Staroměstské_radnice_1AAB2077.jpg
Old_Town_Hall_(Prague),190045,3,commons/Renovation_of_the_Old_Town_Hall_Tower_(Prague)/0/pictures/Rekonstrukce_Staroměstské_radnice_1AAB2135.jpg
Old_Town_Hall_(Prague),190045,3,commons/Chapel_of_the_Old_Town_Hall_(Prague)/0/pictures/Rekonstrukce_Staroměstské_radnice_1AAL7212-HDR.jpg
Old_Town_Hall_(Prague),190045,3,commons/Renovation_of_the_Old_Town_Hall_Tower_(Prague)/0/pictures/Rekonstrukce_Staroměstské_radnice_1AAL0428-HDR.jpg
Old_Town_Hall_(Prague),190045,3,commons/Renovation_of_the_Old_Town_Hall_Tower_(Prague)/0/pictures/Rekonstrukce_Staroměstské_radnice_1AAQ84521PRESS.jpg
Old_Town_Hall_(Prague),190045,3,commons/Renovation_of_the_Old_Town_Hall_Tower_(Prague)/0/pictures/Rekonstrukce_Staroměstské_radnice_1AAB2140.jpg
Old_Town_Hall_(Prague),190045,3,commons/Renovation_of_the_Old_Town_Hall_Tower_(Prague)/0/pictures/Rekonstrukce_Staroměstské_radnice_1AAL0432-HDR.jpg
Old_Town_Hall_(Prague),190045,3,commons/Renovation_of_the_Old_Town_Hall_Tower_(Prague)/0/pictures/Rekonstrukce_Staroměstské_radnice_1AAL0436-HDR.jpg
Old_Town_Hall_(Prague),190045,3,commons/Renovation_of_the_Old_Town_Hall_Tower_(Prague)/0/pictures/Rekonstrukce_Staroměstské_radnice_1AAL0434.jpg
Old_Town_Hall_(Prague),190045,3,commons/Renovation_of_the_Old_Town_Hall_Tower_(Prague)/0/pictures/Rekonstrukce_Staroměstské_radnice_1AAL0440-HDR.jpg
Old_Town_Hall_(Prague),190045,3,commons/Renovation_of_the_Old_Town_Hall_Tower_(Prague)/0/pictures/Rekonstrukce_Staroměstské_radnice_1AAL0460-HDR.jpg
Old_Town_Hall_(Prague),190045,3,commons/Renovation_of_the_Old_Town_Hall_Tower_(Prague)/0/pictures/Rekonstrukce_Staroměstské_radnice_1AAL7204-HDR.jpg
Old_Town_Hall_(Prague),190045,3,commons/Renovation_of_the_Old_Town_Hall_Tower_(Prague)/0/pictures/Rekonstrukce_Staroměstské_radnice_1AAL0444-HDR.jpg
Old_Town_Hall_(Prague),190045,3,commons/Renovation_of_the_Old_Town_Hall_Tower_(Prague)/0/pictures/Rekonstrukce_Staroměstské_radnice_1AAL7200-HDR.jpg
Old_Town_Hall_(Prague),190045,3,commons/Renovation_of_the_Old_Town_Hall_Tower_(Prague)/0/pictures/Rekonstrukce_Staroměstské_radnice_1AAL0468-HDR.jpg
Old_Town_Hall_(Prague),190045,3,commons/Chapel_of_the_Old_Town_Hall_(Prague)/0/pictures/Rekonstrukce_Staroměstské_radnice_1AAL7454.jpg
Old_Town_Hall_(Prague),190045,3,commons/Renovation_of_the_Old_Town_Hall_Tower_(Prague)/0/pictures/Rekonstrukce_Staroměstské_radnice_1AAL0644.jpg
Old_Town_Hall_(Prague),190045,3,commons/Chapel_of_the_Old_Town_Hall_(Prague)/0/pictures/Rekonstrukce_Staroměstské_radnice_1AAL7458.jpg
Old_Town_Hall_(Prague),190045,3,commons/Renovation_of_the_Old_Town_Hall_Tower_(Prague)/0/pictures/Rekonstrukce_Staroměstské_radnice_1AAL0651.jpg
Old_Town_Hall_(Prague),190045,3,commons/Chapel_of_the_Old_Town_Hall_(Prague)/0/pictures/Rekonstrukce_Staroměstské_radnice_1AAL7459.jpg
Old_Town_Hall_(Prague),190045,3,commons/Renovation_of_the_Old_Town_Hall_Tower_(Prague)/0/pictures/Rekonstrukce_Staroměstské_radnice_1AAL0653.jpg
Old_Town_Hall_(Prague),190045,3,commons/Renovation_of_the_Old_Town_Hall_Tower_(Prague)/0/pictures/Rekonstrukce_Staroměstské_radnice_1AAL0656.jpg
Old_Town_Hall_(Prague),190045,3,commons/Renovation_of_the_Old_Town_Hall_Tower_(Prague)/0/pictures/Rekonstrukce_Staroměstské_radnice_1AAL0659.jpg
Old_Town_Hall_(Prague),190045,3,commons/Renovation_of_the_Old_Town_Hall_Tower_(Prague)/0/pictures/Rekonstrukce_Staroměstské_radnice_1AAR0492.jpg
Old_Town_Hall_(Prague),190045,3,commons/Renovation_of_the_Old_Town_Hall_Tower_(Prague)/0/pictures/Rekonstrukce_Staroměstské_radnice_1AAL0662.jpg
Old_Town_Hall_(Prague),190045,3,commons/Renovation_of_the_Old_Town_Hall_Tower_(Prague)/0/pictures/Rekonstrukce_Staroměstské_radnice_1AAL0665.jpg
Old_Town_Hall_(Prague),190045,3,commons/Renovation_of_the_Old_Town_Hall_Tower_(Prague)/0/pictures/Rekonstrukce_Staroměstské_radnice_1AAL0671.jpg
Old_Town_Hall_(Prague),190045,3,commons/Renovation_of_the_Old_Town_Hall_Tower_(Prague)/0/pictures/Rekonstrukce_Staroměstské_radnice_1AAL0673.jpg
Old_Town_Hall_(Prague),190045,3,commons/Renovation_of_the_Old_Town_Hall_Tower_(Prague)/0/pictures/Rekonstrukce_Staroměstské_radnice_1AAR0496.jpg
Old_Town_Hall_(Prague),190045,3,commons/Renovation_of_the_Old_Town_Hall_Tower_(Prague)/0/pictures/Rekonstrukce_Staroměstské_radnice_1AAL0679-HDR.jpg
Old_Town_Hall_(Prague),190045,3,commons/Renovation_of_the_Old_Town_Hall_Tower_(Prague)/0/pictures/Rekonstrukce_Staroměstské_radnice_1AAR0500.jpg
Old_Town_Hall_(Prague),190045,3,commons/Renovation_of_the_Old_Town_Hall_Tower_(Prague)/0/pictures/Rekonstrukce_Staroměstské_radnice_1AAL0693-HDR.jpg
Old_Town_Hall_(Prague),190045,3,commons/Renovation_of_the_Old_Town_Hall_Tower_(Prague)/0/pictures/Rekonstrukce_Staroměstské_radnice_1AAQ86351PRESS.jpg
Old_Town_Hall_(Prague),190045,3,commons/Chapel_of_the_Old_Town_Hall_(Prague)/0/pictures/Radnice_Staroměstská_(Staré_Město)2.jpg
Old_Town_Hall_(Prague),190045,3,commons/Renovation_of_the_Old_Town_Hall_Tower_(Prague)/0/pictures/Rekonstrukce_Staroměstské_radnice_1AAB2143.jpg
Old_Town_Hall_(Prague),190045,3,commons/Renovation_of_the_Old_Town_Hall_Tower_(Prague)/0/pictures/Rekonstrukce_Staroměstské_radnice_1AAL7444.jpg
Old_Town_Hall_(Prague),190045,3,commons/Renovation_of_the_Old_Town_Hall_Tower_(Prague)/0/pictures/Rekonstrukce_Staroměstské_radnice_1AAL7212-HDR.jpg
Old_Town_Hall_(Prague),190045,3,commons/Renovation_of_the_Old_Town_Hall_Tower_(Prague)/0/pictures/Rekonstrukce_Staroměstské_radnice_1AAQ84711PRESS.jpg
Old_Town_Hall_(Prague),190045,3,commons/Chapel_of_the_Old_Town_Hall_(Prague)/0/pictures/Rekonstrukce_Staroměstské_radnice_1AAA5466.jpg
Old_Town_Hall_(Prague),190045,3,commons/Renovation_of_the_Old_Town_Hall_Tower_(Prague)/0/pictures/Rekonstrukce_Staroměstské_radnice_1AAB2197.jpg
Old_Town_Hall_(Prague),190045,3,commons/Renovation_of_the_Old_Town_Hall_Tower_(Prague)/0/pictures/Rekonstrukce_Staroměstské_radnice_1AAL7446.jpg
Old_Town_Hall_(Prague),190045,3,commons/Renovation_of_the_Old_Town_Hall_Tower_(Prague)/0/pictures/Rekonstrukce_Staroměstské_radnice_1AAQ86581PRESS.jpg
Old_Town_Hall_(Prague),190045,3,commons/Chapel_of_the_Old_Town_Hall_(Prague)/0/pictures/Rekonstrukce_Staroměstské_radnice_1AAA5471.jpg
Old_Town_Hall_(Prague),190045,3,commons/Renovation_of_the_Old_Town_Hall_Tower_(Prague)/0/pictures/Rekonstrukce_Staroměstské_radnice_1AAB2183.jpg
Old_Town_Hall_(Prague),190045,3,commons/Renovation_of_the_Old_Town_Hall_Tower_(Prague)/0/pictures/Rekonstrukce_Staroměstské_radnice_1AAL7449.jpg
Old_Town_Hall_(Prague),190045,3,commons/Renovation_of_the_Old_Town_Hall_Tower_(Prague)/0/pictures/Rekonstrukce_Staroměstské_radnice_1AAQ86841PRESS.jpg
Old_Town_Hall_(Prague),190045,3,commons/Renovation_of_the_Old_Town_Hall_Tower_(Prague)/0/pictures/Rekonstrukce_Staroměstské_radnice_1AAB2146.jpg
Old_Town_Hall_(Prague),190045,3,commons/Renovation_of_the_Old_Town_Hall_Tower_(Prague)/0/pictures/Rekonstrukce_Staroměstské_radnice_1AAL7454.jpg
Old_Town_Hall_(Prague),190045,3,commons/Renovation_of_the_Old_Town_Hall_Tower_(Prague)/0/pictures/Rekonstrukce_Staroměstské_radnice_1AAQ87211PRESS.jpg
Old_Town_Hall_(Prague),190045,3,commons/Renovation_of_the_Old_Town_Hall_Tower_(Prague)/0/pictures/Rekonstrukce_Staroměstské_radnice_1AAB2301.jpg
Old_Town_Hall_(Prague),190045,3,commons/Renovation_of_the_Old_Town_Hall_Tower_(Prague)/0/pictures/Rekonstrukce_Staroměstské_radnice_1AAL7456.jpg
Old_Town_Hall_(Prague),190045,3,commons/Chapel_of_the_Old_Town_Hall_(Prague)/0/pictures/Rekonstrukce_Staroměstské_radnice_1AAA0018.jpg
Old_Town_Hall_(Prague),190045,3,commons/Renovation_of_the_Old_Town_Hall_Tower_(Prague)/0/pictures/Rekonstrukce_Staroměstské_radnice_1AAL7458.jpg
Old_Town_Hall_(Prague),190045,3,commons/Renovation_of_the_Old_Town_Hall_Tower_(Prague)/0/pictures/Rekonstrukce_Staroměstské_radnice_1AAQ88171PRESS.jpg
Old_Town_Hall_(Prague),190045,3,commons/Renovation_of_the_Old_Town_Hall_Tower_(Prague)/0/pictures/Rekonstrukce_Staroměstské_radnice_1AAB2362.jpg
Old_Town_Hall_(Prague),190045,3,commons/Renovation_of_the_Old_Town_Hall_Tower_(Prague)/0/pictures/Rekonstrukce_Staroměstské_radnice_1AAL7459.jpg
Old_Town_Hall_(Prague),190045,3,commons/Renovation_of_the_Old_Town_Hall_Tower_(Prague)/0/pictures/Rekonstrukce_Staroměstské_radnice_1AAO6496-HDR.jpg
Old_Town_Hall_(Prague),190045,3,commons/Renovation_of_the_Old_Town_Hall_Tower_(Prague)/0/pictures/Rekonstrukce_Staroměstské_radnice_1AAN9531.jpg
Old_Town_Hall_(Prague),190045,3,commons/Renovation_of_the_Old_Town_Hall_Tower_(Prague)/0/pictures/Rekonstrukce_Staroměstské_radnice_1AAO6509-HDR.jpg
Old_Town_Hall_(Prague),190045,3,commons/Renovation_of_the_Old_Town_Hall_Tower_(Prague)/0/pictures/Rekonstrukce_Staroměstské_radnice_1AAN9533.jpg
Old_Town_Hall_(Prague),190045,4,commons/Renovation_of_the_Old_Town_Hall_Tower_(Prague)/0/pictures/Rekonstrukce_Staroměstské_radnice_1AAJ4042.jpg
Old_Town_Hall_(Prague),190045,4,commons/Renovation_of_the_Old_Town_Hall_Tower_(Prague)/0/pictures/Rekonstrukce_Staroměstské_radnice_1AAI7706.jpg
Old_Town_Hall_(Prague),190045,4,commons/Renovation_of_the_Old_Town_Hall_Tower_(Prague)/0/pictures/Rekonstrukce_Staroměstské_radnice_1AAI6751.jpg
Old_Town_Hall_(Prague),190045,4,commons/Renovation_of_the_Old_Town_Hall_Tower_(Prague)/0/pictures/Rekonstrukce_Staroměstské_radnice_1AAI6749.jpg
Old_Town_Hall_(Prague),190045,4,commons/Renovation_of_the_Old_Town_Hall_Tower_(Prague)/0/pictures/Rekonstrukce_Staroměstské_radnice_1AAI7787.jpg
Old_Town_Hall_(Prague),190045,4,commons/Renovation_of_the_Old_Town_Hall_Tower_(Prague)/0/pictures/Rekonstrukce_Staroměstské_radnice_1AAI6742.jpg
Old_Town_Hall_(Prague),190045,4,commons/Renovation_of_the_Old_Town_Hall_Tower_(Prague)/0/pictures/Rekonstrukce_Staroměstské_radnice_1AAI7774.jpg
Old_Town_Hall_(Prague),190045,4,commons/Renovation_of_the_Old_Town_Hall_Tower_(Prague)/0/pictures/Rekonstrukce_Staroměstské_radnice_1AAI7576.jpg
Old_Town_Hall_(Prague),190045,4,commons/Renovation_of_the_Old_Town_Hall_Tower_(Prague)/0/pictures/Rekonstrukce_Staroměstské_radnice_1AAI6736.jpg
Old_Town_Hall_(Prague),190045,4,commons/Renovation_of_the_Old_Town_Hall_Tower_(Prague)/0/pictures/Rekonstrukce_Staroměstské_radnice_1AAI6945.jpg
Old_Town_Hall_(Prague),190045,4,commons/Renovation_of_the_Old_Town_Hall_Tower_(Prague)/0/pictures/Rekonstrukce_Staroměstské_radnice_1AAI6735.jpg
Old_Town_Hall_(Prague),190045,4,commons/Renovation_of_the_Old_Town_Hall_Tower_(Prague)/0/pictures/Rekonstrukce_Staroměstské_radnice_1AAI6943.jpg
Old_Town_Hall_(Prague),190045,4,commons/Renovation_of_the_Old_Town_Hall_Tower_(Prague)/0/pictures/Rekonstrukce_Staroměstské_radnice_1AAI6733.jpg
Old_Town_Hall_(Prague),190045,4,commons/Renovation_of_the_Old_Town_Hall_Tower_(Prague)/0/pictures/Rekonstrukce_Staroměstské_radnice_1AAI6939.jpg
Old_Town_Hall_(Prague),190045,4,commons/Renovation_of_the_Old_Town_Hall_Tower_(Prague)/0/pictures/Rekonstrukce_Staroměstské_radnice_1AAI6748.jpg
Old_Town_Hall_(Prague),190045,4,commons/Renovation_of_the_Old_Town_Hall_Tower_(Prague)/0/pictures/Rekonstrukce_Staroměstské_radnice_1AAI7780.jpg
Old_Town_Hall_(Prague),190045,4,commons/Renovation_of_the_Old_Town_Hall_Tower_(Prague)/0/pictures/Rekonstrukce_Staroměstské_radnice_1AAI6740.jpg
Old_Town_Hall_(Prague),190045,4,commons/Renovation_of_the_Old_Town_Hall_Tower_(Prague)/0/pictures/Rekonstrukce_Staroměstské_radnice_1AAH5028.jpg
Old_Town_Hall_(Prague),190045,4,commons/Renovation_of_the_Old_Town_Hall_Tower_(Prague)/0/pictures/Rekonstrukce_Staroměstské_radnice_1AAI6746.jpg
Old_Town_Hall_(Prague),190045,4,commons/Renovation_of_the_Old_Town_Hall_Tower_(Prague)/0/pictures/Rekonstrukce_Staroměstské_radnice_1AAI6738.jpg
Old_Town_Hall_(Prague),190045,4,commons/Renovation_of_the_Old_Town_Hall_Tower_(Prague)/0/pictures/Rekonstrukce_Staroměstské_radnice_1AAH5026.jpg
Old_Town_Hall_(Prague),190045,4,commons/Renovation_of_the_Old_Town_Hall_Tower_(Prague)/0/pictures/Rekonstrukce_Staroměstské_radnice_1AAI6753.jpg
Old_Town_Hall_(Prague),190045,4,commons/Renovation_of_the_Old_Town_Hall_Tower_(Prague)/0/pictures/Rekonstrukce_Staroměstské_radnice_1AAI7616.jpg
Old_Town_Hall_(Prague),190045,4,commons/Renovation_of_the_Old_Town_Hall_Tower_(Prague)/0/pictures/Rekonstrukce_Staroměstské_radnice_1AAI7700.jpg
Old_Town_Hall_(Prague),190045,4,commons/Renovation_of_the_Old_Town_Hall_Tower_(Prague)/0/pictures/Rekonstrukce_Staroměstské_radnice_1AAI6759.jpg
Old_Town_Hall_(Prague),190045,4,commons/Renovation_of_the_Old_Town_Hall_Tower_(Prague)/0/pictures/Rekonstrukce_Staroměstské_radnice_1AAI6755.jpg
Old_Town_Hall_(Prague),190045,4,commons/Renovation_of_the_Old_Town_Hall_Tower_(Prague)/0/pictures/Rekonstrukce_Staroměstské_radnice_1AAI7618.jpg
Old_Town_Hall_(Prague),190045,4,commons/Renovation_of_the_Old_Town_Hall_Tower_(Prague)/0/pictures/Rekonstrukce_Staroměstské_radnice_1AAI6762.jpg
Old_Town_Hall_(Prague),190045,4,commons/Renovation_of_the_Old_Town_Hall_Tower_(Prague)/0/pictures/Rekonstrukce_Staroměstské_radnice_1AAI6757.jpg
Old_Town_Hall_(Prague),190045,4,commons/Renovation_of_the_Old_Town_Hall_Tower_(Prague)/0/pictures/Rekonstrukce_Staroměstské_radnice_1AAI7625.jpg
Old_Town_Hall_(Prague),190045,4,commons/Renovation_of_the_Old_Town_Hall_Tower_(Prague)/0/pictures/Rekonstrukce_Staroměstské_radnice_1AAI6765.jpg
Old_Town_Hall_(Prague),190045,4,commons/Renovation_of_the_Old_Town_Hall_Tower_(Prague)/0/pictures/Rekonstrukce_Staroměstské_radnice_1AAI6772.jpg
Old_Town_Hall_(Prague),190045,4,commons/Renovation_of_the_Old_Town_Hall_Tower_(Prague)/0/pictures/Rekonstrukce_Staroměstské_radnice_1AAI6934.jpg
Old_Town_Hall_(Prague),190045,4,commons/Renovation_of_the_Old_Town_Hall_Tower_(Prague)/0/pictures/Rekonstrukce_Staroměstské_radnice_1AAI6937.jpg
Old_Town_Hall_(Prague),190045,5,commons/Renovation_of_the_Old_Town_Hall_Tower_(Prague)/0/pictures/Rekonstrukce_Staroměstské_radnice_1AAI7838.jpg
Old_Town_Hall_(Prague),190045,5,commons/Renovation_of_the_Old_Town_Hall_Tower_(Prague)/0/pictures/Rekonstrukce_Staroměstské_radnice_1AAI7837.jpg
Old_Town_Hall_(Prague),190045,5,commons/Renovation_of_the_Old_Town_Hall_Tower_(Prague)/0/pictures/Rekonstrukce_Staroměstské_radnice_1AAI7829.jpg
Old_Town_Hall_(Prague),190045,5,commons/Renovation_of_the_Old_Town_Hall_Tower_(Prague)/0/pictures/Rekonstrukce_Staroměstské_radnice_1AAI7586.jpg
Old_Town_Hall_(Prague),190045,5,commons/Renovation_of_the_Old_Town_Hall_Tower_(Prague)/0/pictures/Rekonstrukce_Staroměstské_radnice_1AAI6894.jpg
Old_Town_Hall_(Prague),190045,5,commons/Renovation_of_the_Old_Town_Hall_Tower_(Prague)/0/pictures/Rekonstrukce_Staroměstské_radnice_1AAH5254.jpg
Old_Town_Hall_(Prague),190045,5,commons/Renovation_of_the_Old_Town_Hall_Tower_(Prague)/0/pictures/Rekonstrukce_Staroměstské_radnice_1AAI6893.jpg
Old_Town_Hall_(Prague),190045,5,commons/Renovation_of_the_Old_Town_Hall_Tower_(Prague)/0/pictures/Rekonstrukce_Staroměstské_radnice_1AAI6699.jpg
Old_Town_Hall_(Prague),190045,5,commons/Renovation_of_the_Old_Town_Hall_Tower_(Prague)/0/pictures/Rekonstrukce_Staroměstské_radnice_1AAI6891.jpg
Old_Town_Hall_(Prague),190045,5,commons/Renovation_of_the_Old_Town_Hall_Tower_(Prague)/0/pictures/Rekonstrukce_Staroměstské_radnice_1AAI6882.jpg
Old_Town_Hall_(Prague),190045,5,commons/Renovation_of_the_Old_Town_Hall_Tower_(Prague)/0/pictures/Rekonstrukce_Staroměstské_radnice_1AAI7643.jpg
Old_Town_Hall_(Prague),190045,5,commons/Renovation_of_the_Old_Town_Hall_Tower_(Prague)/0/pictures/Rekonstrukce_Staroměstské_radnice_1AAI7734.jpg
Old_Town_Hall_(Prague),190045,5,commons/Renovation_of_the_Old_Town_Hall_Tower_(Prague)/0/pictures/Rekonstrukce_Staroměstské_radnice_1AAI00511.jpg
Old_Town_Hall_(Prague),190045,5,commons/Renovation_of_the_Old_Town_Hall_Tower_(Prague)/0/pictures/Rekonstrukce_Staroměstské_radnice_1AAI7665.jpg
Old_Town_Hall_(Prague),190045,5,commons/Renovation_of_the_Old_Town_Hall_Tower_(Prague)/0/pictures/Rekonstrukce_Staroměstské_radnice_1AAI7646.jpg
Old_Town_Hall_(Prague),190045,5,commons/Renovation_of_the_Old_Town_Hall_Tower_(Prague)/0/pictures/Rekonstrukce_Staroměstské_radnice_1AAI7730.jpg
Old_Town_Hall_(Prague),190045,5,commons/Renovation_of_the_Old_Town_Hall_Tower_(Prague)/0/pictures/Rekonstrukce_Staroměstské_radnice_1AAI6884.jpg
Old_Town_Hall_(Prague),190045,5,commons/Renovation_of_the_Old_Town_Hall_Tower_(Prague)/0/pictures/Rekonstrukce_Staroměstské_radnice_1AAH5049.jpg
Old_Town_Hall_(Prague),190045,5,commons/Renovation_of_the_Old_Town_Hall_Tower_(Prague)/0/pictures/Rekonstrukce_Staroměstské_radnice_1AAI7649.jpg
Old_Town_Hall_(Prague),190045,5,commons/Renovation_of_the_Old_Town_Hall_Tower_(Prague)/0/pictures/Rekonstrukce_Staroměstské_radnice_1AAI7742.jpg
Old_Town_Hall_(Prague),190045,5,commons/Renovation_of_the_Old_Town_Hall_Tower_(Prague)/0/pictures/Rekonstrukce_Staroměstské_radnice_1AAI7652.jpg
Old_Town_Hall_(Prague),190045,5,commons/Renovation_of_the_Old_Town_Hall_Tower_(Prague)/0/pictures/Rekonstrukce_Staroměstské_radnice_1AAI7739.jpg
Old_Town_Hall_(Prague),190045,5,commons/Renovation_of_the_Old_Town_Hall_Tower_(Prague)/0/pictures/Rekonstrukce_Staroměstské_radnice_1AAI7654.jpg
Old_Town_Hall_(Prague),190045,5,commons/Renovation_of_the_Old_Town_Hall_Tower_(Prague)/0/pictures/Rekonstrukce_Staroměstské_radnice_1AAI7745.jpg
Old_Town_Hall_(Prague),190045,5,commons/Renovation_of_the_Old_Town_Hall_Tower_(Prague)/0/pictures/Rekonstrukce_Staroměstské_radnice_1AAI7657.jpg
Old_Town_Hall_(Prague),190045,5,commons/Renovation_of_the_Old_Town_Hall_Tower_(Prague)/0/pictures/Rekonstrukce_Staroměstské_radnice_1AAI7750.jpg
Old_Town_Hall_(Prague),190045,5,commons/Renovation_of_the_Old_Town_Hall_Tower_(Prague)/0/pictures/Rekonstrukce_Staroměstské_radnice_1AAI7659.jpg
Old_Town_Hall_(Prague),190045,5,commons/Renovation_of_the_Old_Town_Hall_Tower_(Prague)/0/pictures/Rekonstrukce_Staroměstské_radnice_1AAI7727.jpg
Old_Town_Hall_(Prague),190045,5,commons/Renovation_of_the_Old_Town_Hall_Tower_(Prague)/0/pictures/Rekonstrukce_Staroměstské_radnice_1AAI7729.jpg
Old_Town_Hall_(Prague),190045,5,commons/Renovation_of_the_Old_Town_Hall_Tower_(Prague)/0/pictures/Rekonstrukce_Staroměstské_radnice_1AAI6897.jpg
Old_Town_Hall_(Prague),190045,5,commons/Renovation_of_the_Old_Town_Hall_Tower_(Prague)/0/pictures/Rekonstrukce_Staroměstské_radnice_1AAI7822.jpg
Old_Town_Hall_(Prague),190045,5,commons/Renovation_of_the_Old_Town_Hall_Tower_(Prague)/0/pictures/Rekonstrukce_Staroměstské_radnice_1AAI7825.jpg
Old_Town_Hall_(Prague),190045,6,commons/Renovation_of_the_Old_Town_Hall_Tower_(Prague)/0/pictures/Rekonstrukce_Staroměstské_radnice_1AAI7641.jpg
Old_Town_Hall_(Prague),190045,6,commons/Renovation_of_the_Old_Town_Hall_Tower_(Prague)/0/pictures/Rekonstrukce_Staroměstské_radnice_1AAI6848.jpg
Old_Town_Hall_(Prague),190045,6,commons/Renovation_of_the_Old_Town_Hall_Tower_(Prague)/0/pictures/Rekonstrukce_Staroměstské_radnice_1AAI7636.jpg
Old_Town_Hall_(Prague),190045,6,commons/Renovation_of_the_Old_Town_Hall_Tower_(Prague)/0/pictures/Rekonstrukce_Staroměstské_radnice_1AAI6844.jpg
Old_Town_Hall_(Prague),190045,6,commons/Renovation_of_the_Old_Town_Hall_Tower_(Prague)/0/pictures/Rekonstrukce_Staroměstské_radnice_1AAI7724.jpg
Old_Town_Hall_(Prague),190045,6,commons/Renovation_of_the_Old_Town_Hall_Tower_(Prague)/0/pictures/Rekonstrukce_Staroměstské_radnice_1AAI7634.jpg
Old_Town_Hall_(Prague),190045,6,commons/Renovation_of_the_Old_Town_Hall_Tower_(Prague)/0/pictures/Rekonstrukce_Staroměstské_radnice_1AAI6841.jpg
Old_Town_Hall_(Prague),190045,6,commons/Renovation_of_the_Old_Town_Hall_Tower_(Prague)/0/pictures/Rekonstrukce_Staroměstské_radnice_1AAI7718.jpg
Old_Town_Hall_(Prague),190045,6,commons/Renovation_of_the_Old_Town_Hall_Tower_(Prague)/0/pictures/Rekonstrukce_Staroměstské_radnice_1AAI6840.jpg
Old_Town_Hall_(Prague),190045,6,commons/Renovation_of_the_Old_Town_Hall_Tower_(Prague)/0/pictures/Rekonstrukce_Staroměstské_radnice_1AAH5036.jpg
Old_Town_Hall_(Prague),190045,6,commons/Renovation_of_the_Old_Town_Hall_Tower_(Prague)/0/pictures/Rekonstrukce_Staroměstské_radnice_1AAI6818.jpg
Old_Town_Hall_(Prague),190045,6,commons/Renovation_of_the_Old_Town_Hall_Tower_(Prague)/0/pictures/Rekonstrukce_Staroměstské_radnice_1AAI6819.jpg
Old_Town_Hall_(Prague),190045,6,commons/Renovation_of_the_Old_Town_Hall_Tower_(Prague)/0/pictures/Rekonstrukce_Staroměstské_radnice_1AAI7793.jpg
Old_Town_Hall_(Prague),190045,6,commons/Renovation_of_the_Old_Town_Hall_Tower_(Prague)/0/pictures/Rekonstrukce_Staroměstské_radnice_1AAI6827.jpg
Old_Town_Hall_(Prague),190045,6,commons/Renovation_of_the_Old_Town_Hall_Tower_(Prague)/0/pictures/Rekonstrukce_Staroměstské_radnice_1AAI7803.jpg
Old_Town_Hall_(Prague),190045,6,commons/Renovation_of_the_Old_Town_Hall_Tower_(Prague)/0/pictures/Rekonstrukce_Staroměstské_radnice_1AAF7917.jpg
Old_Town_Hall_(Prague),190045,6,commons/Renovation_of_the_Old_Town_Hall_Tower_(Prague)/0/pictures/Rekonstrukce_Staroměstské_radnice_1AAI6829.jpg
Old_Town_Hall_(Prague),190045,6,commons/Renovation_of_the_Old_Town_Hall_Tower_(Prague)/0/pictures/Rekonstrukce_Staroměstské_radnice_1AAI7806.jpg
Old_Town_Hall_(Prague),190045,6,commons/Renovation_of_the_Old_Town_Hall_Tower_(Prague)/0/pictures/Rekonstrukce_Staroměstské_radnice_1AAI6830.jpg
Old_Town_Hall_(Prague),190045,6,commons/Renovation_of_the_Old_Town_Hall_Tower_(Prague)/0/pictures/Rekonstrukce_Staroměstské_radnice_1AAI7809.jpg
Old_Town_Hall_(Prague),190045,6,commons/Renovation_of_the_Old_Town_Hall_Tower_(Prague)/0/pictures/Rekonstrukce_Staroměstské_radnice_1AAF7931.jpg
Old_Town_Hall_(Prague),190045,6,commons/Renovation_of_the_Old_Town_Hall_Tower_(Prague)/0/pictures/Rekonstrukce_Staroměstské_radnice_1AAI6832.jpg
Old_Town_Hall_(Prague),190045,6,commons/Renovation_of_the_Old_Town_Hall_Tower_(Prague)/0/pictures/Rekonstrukce_Staroměstské_radnice_1AAI7709.jpg
Old_Town_Hall_(Prague),190045,6,commons/Renovation_of_the_Old_Town_Hall_Tower_(Prague)/0/pictures/Rekonstrukce_Staroměstské_radnice_1AAI6834.jpg
Old_Town_Hall_(Prague),190045,6,commons/Renovation_of_the_Old_Town_Hall_Tower_(Prague)/0/pictures/Rekonstrukce_Staroměstské_radnice_1AAI7715.jpg
Old_Town_Hall_(Prague),190045,6,commons/Renovation_of_the_Old_Town_Hall_Tower_(Prague)/0/pictures/Rekonstrukce_Staroměstské_radnice_1AAI6836.jpg
Old_Town_Hall_(Prague),190045,6,commons/Renovation_of_the_Old_Town_Hall_Tower_(Prague)/0/pictures/Rekonstrukce_Staroměstské_radnice_1AAI7712.jpg
Old_Town_Hall_(Prague),190045,6,commons/Renovation_of_the_Old_Town_Hall_Tower_(Prague)/0/pictures/Rekonstrukce_Staroměstské_radnice_1AAI6838.jpg
Old_Town_Hall_(Prague),190045,7,commons/Renovation_of_the_Old_Town_Hall_Tower_(Prague)/0/pictures/Rekonstrukce_Staroměstské_radnice_1AAR1141.jpg
Old_Town_Hall_(Prague),190045,7,commons/Renovation_of_the_Old_Town_Hall_Tower_(Prague)/0/pictures/Rekonstrukce_Staroměstské_radnice_1AAR1138.jpg
Old_Town_Hall_(Prague),190045,7,commons/Renovation_of_the_Old_Town_Hall_Tower_(Prague)/0/pictures/Rekonstrukce_Staroměstské_radnice_1AAQ0882.jpg
Old_Town_Hall_(Prague),190045,7,commons/Renovation_of_the_Old_Town_Hall_Tower_(Prague)/0/pictures/Rekonstrukce_Staroměstské_radnice_1AAQ0877.jpg
Old_Town_Hall_(Prague),190045,7,commons/Renovation_of_the_Old_Town_Hall_Tower_(Prague)/0/pictures/Rekonstrukce_Staroměstské_radnice_1AAQ0874.jpg
Old_Town_Hall_(Prague),190045,7,commons/Renovation_of_the_Old_Town_Hall_Tower_(Prague)/0/pictures/Rekonstrukce_Staroměstské_radnice_1AAQ0872.jpg
Old_Town_Hall_(Prague),190045,7,commons/Renovation_of_the_Old_Town_Hall_Tower_(Prague)/0/pictures/Rekonstrukce_Staroměstské_radnice_1AAQ0787.jpg
Old_Town_Hall_(Prague),190045,7,commons/Renovation_of_the_Old_Town_Hall_Tower_(Prague)/0/pictures/Rekonstrukce_Staroměstské_radnice_1AAQ0786.jpg
Old_Town_Hall_(Prague),190045,7,commons/Renovation_of_the_Old_Town_Hall_Tower_(Prague)/0/pictures/Rekonstrukce_Staroměstské_radnice_1AAP7007.jpg
Old_Town_Hall_(Prague),190045,7,commons/Renovation_of_the_Old_Town_Hall_Tower_(Prague)/0/pictures/Rekonstrukce_Staroměstské_radnice_1AAP6998.jpg
Old_Town_Hall_(Prague),190045,7,commons/Renovation_of_the_Old_Town_Hall_Tower_(Prague)/0/pictures/Rekonstrukce_Staroměstské_radnice_1AAP6992.jpg
Old_Town_Hall_(Prague),190045,7,commons/Renovation_of_the_Old_Town_Hall_Tower_(Prague)/0/pictures/Rekonstrukce_Staroměstské_radnice_1AAP6990.jpg
Old_Town_Hall_(Prague),190045,7,commons/Renovation_of_the_Old_Town_Hall_Tower_(Prague)/0/pictures/Rekonstrukce_Staroměstské_radnice_1AAP6988.jpg
Old_Town_Hall_(Prague),190045,7,commons/Renovation_of_the_Old_Town_Hall_Tower_(Prague)/0/pictures/Rekonstrukce_Staroměstské_radnice_1AAP6987.jpg
Old_Town_Hall_(Prague),190045,7,commons/Renovation_of_the_Old_Town_Hall_Tower_(Prague)/0/pictures/Rekonstrukce_Staroměstské_radnice_1AAP6985.jpg
Old_Town_Hall_(Prague),190045,7,commons/Renovation_of_the_Old_Town_Hall_Tower_(Prague)/0/pictures/Rekonstrukce_Staroměstské_radnice_1AAP6943.jpg
Old_Town_Hall_(Prague),190045,7,commons/Renovation_of_the_Old_Town_Hall_Tower_(Prague)/0/pictures/Rekonstrukce_Staroměstské_radnice_1AAP6941.jpg
Old_Town_Hall_(Prague),190045,7,commons/Renovation_of_the_Old_Town_Hall_Tower_(Prague)/0/pictures/Rekonstrukce_Staroměstské_radnice_1AAP6935.jpg
Old_Town_Hall_(Prague),190045,7,commons/Renovation_of_the_Old_Town_Hall_Tower_(Prague)/0/pictures/Rekonstrukce_Staroměstské_radnice_1AAQ0850.jpg
Old_Town_Hall_(Prague),190045,7,commons/Renovation_of_the_Old_Town_Hall_Tower_(Prague)/0/pictures/Rekonstrukce_Staroměstské_radnice_1AAO4738.jpg
Old_Town_Hall_(Prague),190045,7,commons/Renovation_of_the_Old_Town_Hall_Tower_(Prague)/0/pictures/Rekonstrukce_Staroměstské_radnice_1AAQ0848.jpg
Old_Town_Hall_(Prague),190045,7,commons/Renovation_of_the_Old_Town_Hall_Tower_(Prague)/0/pictures/Rekonstrukce_Staroměstské_radnice_1AAO4740.jpg
Old_Town_Hall_(Prague),190045,7,commons/Renovation_of_the_Old_Town_Hall_Tower_(Prague)/0/pictures/Rekonstrukce_Staroměstské_radnice_1AAQ0846.jpg
Old_Town_Hall_(Prague),190045,7,commons/Renovation_of_the_Old_Town_Hall_Tower_(Prague)/0/pictures/Rekonstrukce_Staroměstské_radnice_1AAO4737.jpg
Old_Town_Hall_(Prague),190045,7,commons/Renovation_of_the_Old_Town_Hall_Tower_(Prague)/0/pictures/Rekonstrukce_Staroměstské_radnice_1AAQ0845.jpg
Old_Town_Hall_(Prague),190045,7,commons/Renovation_of_the_Old_Town_Hall_Tower_(Prague)/0/pictures/Rekonstrukce_Staroměstské_radnice_1AAO4732.jpg
Old_Town_Hall_(Prague),190045,7,commons/Renovation_of_the_Old_Town_Hall_Tower_(Prague)/0/pictures/Rekonstrukce_Staroměstské_radnice_1AAO4729.jpg
Old_Town_Hall_(Prague),190045,7,commons/Renovation_of_the_Old_Town_Hall_Tower_(Prague)/0/pictures/Rekonstrukce_Staroměstské_radnice_1AAO3654.jpg
Old_Town_Hall_(Prague),190045,7,commons/Renovation_of_the_Old_Town_Hall_Tower_(Prague)/0/pictures/Rekonstrukce_Staroměstské_radnice_1AAR1136.jpg
Old_Town_Hall_(Prague),190045,7,commons/Renovation_of_the_Old_Town_Hall_Tower_(Prague)/0/pictures/Rekonstrukce_Staroměstské_radnice_1AAO3638.jpg
Old_Town_Hall_(Prague),190045,7,commons/Renovation_of_the_Old_Town_Hall_Tower_(Prague)/0/pictures/Rekonstrukce_Staroměstské_radnice_1AAO3640.jpg
Old_Town_Hall_(Prague),190045,7,commons/Renovation_of_the_Old_Town_Hall_Tower_(Prague)/0/pictures/Rekonstrukce_Staroměstské_radnice_1AAO3636.jpg
Old_Town_Hall_(Prague),190045,7,commons/Renovation_of_the_Old_Town_Hall_Tower_(Prague)/0/pictures/Rekonstrukce_Staroměstské_radnice_1AAO3633.jpg
Old_Town_Hall_(Prague),190045,7,commons/Renovation_of_the_Old_Town_Hall_Tower_(Prague)/0/pictures/Rekonstrukce_Staroměstské_radnice_1AAO3626.jpg
Old_Town_Hall_(Prague),190045,7,commons/Renovation_of_the_Old_Town_Hall_Tower_(Prague)/0/pictures/Rekonstrukce_Staroměstské_radnice_1AAO3620.jpg
Old_Town_Hall_(Prague),190045,7,commons/Renovation_of_the_Old_Town_Hall_Tower_(Prague)/0/pictures/Rekonstrukce_Staroměstské_radnice_1AAO3621.jpg
Old_Town_Hall_(Prague),190045,7,commons/Renovation_of_the_Old_Town_Hall_Tower_(Prague)/0/pictures/Rekonstrukce_Staroměstské_radnice_1AAQ0898.jpg
Old_Town_Hall_(Prague),190045,7,commons/Renovation_of_the_Old_Town_Hall_Tower_(Prague)/0/pictures/Rekonstrukce_Staroměstské_radnice_1AAO3618.jpg
Old_Town_Hall_(Prague),190045,7,commons/Renovation_of_the_Old_Town_Hall_Tower_(Prague)/0/pictures/Rekonstrukce_Staroměstské_radnice_1AAQ0896.jpg
Old_Town_Hall_(Prague),190045,7,commons/Renovation_of_the_Old_Town_Hall_Tower_(Prague)/0/pictures/Rekonstrukce_Staroměstské_radnice_1AAO3617.jpg
Old_Town_Hall_(Prague),190045,7,commons/Renovation_of_the_Old_Town_Hall_Tower_(Prague)/0/pictures/Rekonstrukce_Staroměstské_radnice_1AAQ0894.jpg
Old_Town_Hall_(Prague),190045,7,commons/Renovation_of_the_Old_Town_Hall_Tower_(Prague)/0/pictures/Rekonstrukce_Staroměstské_radnice_1AAO3615.jpg
Old_Town_Hall_(Prague),190045,7,commons/Renovation_of_the_Old_Town_Hall_Tower_(Prague)/0/pictures/Rekonstrukce_Staroměstské_radnice_1AAN7672.jpg
Old_Town_Hall_(Prague),190045,7,commons/Renovation_of_the_Old_Town_Hall_Tower_(Prague)/0/pictures/Rekonstrukce_Staroměstské_radnice_1AAK8565.jpg
Old_Town_Hall_(Prague),190045,7,commons/Renovation_of_the_Old_Town_Hall_Tower_(Prague)/0/pictures/Rekonstrukce_Staroměstské_radnice_1AAP6927.jpg
Old_Town_Hall_(Prague),190045,7,commons/Renovation_of_the_Old_Town_Hall_Tower_(Prague)/0/pictures/Rekonstrukce_Staroměstské_radnice_1AAN7646.jpg
Old_Town_Hall_(Prague),190045,7,commons/Renovation_of_the_Old_Town_Hall_Tower_(Prague)/0/pictures/Rekonstrukce_Staroměstské_radnice_1AAP6937.jpg
Old_Town_Hall_(Prague),190045,7,commons/Renovation_of_the_Old_Town_Hall_Tower_(Prague)/0/pictures/Rekonstrukce_Staroměstské_radnice_1AAK8537.jpg
Old_Town_Hall_(Prague),190045,7,commons/Renovation_of_the_Old_Town_Hall_Tower_(Prague)/0/pictures/Rekonstrukce_Staroměstské_radnice_1AAQ0892.jpg
Old_Town_Hall_(Prague),190045,7,commons/Renovation_of_the_Old_Town_Hall_Tower_(Prague)/0/pictures/Rekonstrukce_Staroměstské_radnice_1AAO3613.jpg
Old_Town_Hall_(Prague),190045,7,commons/Renovation_of_the_Old_Town_Hall_Tower_(Prague)/0/pictures/Rekonstrukce_Staroměstské_radnice_1AAN4673.jpg
Old_Town_Hall_(Prague),190045,7,commons/Renovation_of_the_Old_Town_Hall_Tower_(Prague)/0/pictures/Rekonstrukce_Staroměstské_radnice_1AAO2747.jpg
Old_Town_Hall_(Prague),190045,7,commons/Renovation_of_the_Old_Town_Hall_Tower_(Prague)/0/pictures/Rekonstrukce_Staroměstské_radnice_1AAO2745.jpg
Old_Town_Hall_(Prague),190045,7,commons/Renovation_of_the_Old_Town_Hall_Tower_(Prague)/0/pictures/Rekonstrukce_Staroměstské_radnice_1AAQ0885.jpg
Old_Town_Hall_(Prague),190045,7,commons/Renovation_of_the_Old_Town_Hall_Tower_(Prague)/0/pictures/Rekonstrukce_Staroměstské_radnice_1AAN4654.jpg
Old_Town_Hall_(Prague),190045,7,commons/Renovation_of_the_Old_Town_Hall_Tower_(Prague)/0/pictures/Rekonstrukce_Staroměstské_radnice_1AAK4879.jpg
Old_Town_Hall_(Prague),190045,7,commons/Renovation_of_the_Old_Town_Hall_Tower_(Prague)/0/pictures/Rekonstrukce_Staroměstské_radnice_1AAN4621.jpg
Old_Town_Hall_(Prague),190045,7,commons/Renovation_of_the_Old_Town_Hall_Tower_(Prague)/0/pictures/Rekonstrukce_Staroměstské_radnice_1AAP6924.jpg
Old_Town_Hall_(Prague),190045,7,commons/Renovation_of_the_Old_Town_Hall_Tower_(Prague)/0/pictures/Rekonstrukce_Staroměstské_radnice_1AAN7641.jpg
Old_Town_Hall_(Prague),190045,7,commons/Renovation_of_the_Old_Town_Hall_Tower_(Prague)/0/pictures/Rekonstrukce_Staroměstské_radnice_1AAP6933.jpg
Old_Town_Hall_(Prague),190045,7,commons/Renovation_of_the_Old_Town_Hall_Tower_(Prague)/0/pictures/Rekonstrukce_Staroměstské_radnice_1AAK8533.jpg
Old_Town_Hall_(Prague),190045,7,commons/Renovation_of_the_Old_Town_Hall_Tower_(Prague)/0/pictures/Rekonstrukce_Staroměstské_radnice_1AAQ0857.jpg
Old_Town_Hall_(Prague),190045,7,commons/Renovation_of_the_Old_Town_Hall_Tower_(Prague)/0/pictures/Rekonstrukce_Staroměstské_radnice_1AAN4617.jpg
Old_Town_Hall_(Prague),190045,7,commons/Renovation_of_the_Old_Town_Hall_Tower_(Prague)/0/pictures/Rekonstrukce_Staroměstské_radnice_1AAP6929.jpg
Old_Town_Hall_(Prague),190045,7,commons/Renovation_of_the_Old_Town_Hall_Tower_(Prague)/0/pictures/Rekonstrukce_Staroměstské_radnice_1AAK8531.jpg
Old_Town_Hall_(Prague),190045,7,commons/Renovation_of_the_Old_Town_Hall_Tower_(Prague)/0/pictures/Rekonstrukce_Staroměstské_radnice_1AAQ0870.jpg
Old_Town_Hall_(Prague),190045,7,commons/Renovation_of_the_Old_Town_Hall_Tower_(Prague)/0/pictures/Rekonstrukce_Staroměstské_radnice_1AAO3585.jpg
Old_Town_Hall_(Prague),190045,7,commons/Renovation_of_the_Old_Town_Hall_Tower_(Prague)/0/pictures/Rekonstrukce_Staroměstské_radnice_1AAK8570.jpg
Old_Town_Hall_(Prague),190045,7,commons/Renovation_of_the_Old_Town_Hall_Tower_(Prague)/0/pictures/Rekonstrukce_Staroměstské_radnice_1AAQ1253.jpg
Old_Town_Hall_(Prague),190045,7,commons/Renovation_of_the_Old_Town_Hall_Tower_(Prague)/0/pictures/Rekonstrukce_Staroměstské_radnice_1AAP6994.jpg
Old_Town_Hall_(Prague),190045,7,commons/Renovation_of_the_Old_Town_Hall_Tower_(Prague)/0/pictures/Rekonstrukce_Staroměstské_radnice_1AAK4894.jpg
Old_Town_Hall_(Prague),190045,7,commons/Renovation_of_the_Old_Town_Hall_Tower_(Prague)/0/pictures/Rekonstrukce_Staroměstské_radnice_1AAO2750.jpg
Old_Town_Hall_(Prague),190045,7,commons/Renovation_of_the_Old_Town_Hall_Tower_(Prague)/0/pictures/Rekonstrukce_Staroměstské_radnice_1AAK4867.jpg
Old_Town_Hall_(Prague),190045,7,commons/Renovation_of_the_Old_Town_Hall_Tower_(Prague)/0/pictures/Rekonstrukce_Staroměstské_radnice_1AAN7644.jpg
Old_Town_Hall_(Prague),190045,7,commons/Renovation_of_the_Old_Town_Hall_Tower_(Prague)/0/pictures/Rekonstrukce_Staroměstské_radnice_1AAO2752.jpg
Old_Town_Hall_(Prague),190045,7,commons/Renovation_of_the_Old_Town_Hall_Tower_(Prague)/0/pictures/Rekonstrukce_Staroměstské_radnice_1AAP6996.jpg
Old_Town_Hall_(Prague),190045,7,commons/Renovation_of_the_Old_Town_Hall_Tower_(Prague)/0/pictures/Rekonstrukce_Staroměstské_radnice_1AAK4903.jpg
Old_Town_Hall_(Prague),190045,7,commons/Renovation_of_the_Old_Town_Hall_Tower_(Prague)/0/pictures/Rekonstrukce_Staroměstské_radnice_1AAO2755.jpg
Old_Town_Hall_(Prague),190045,7,commons/Renovation_of_the_Old_Town_Hall_Tower_(Prague)/0/pictures/Rekonstrukce_Staroměstské_radnice_1AAK8583.jpg
Old_Town_Hall_(Prague),190045,7,commons/Renovation_of_the_Old_Town_Hall_Tower_(Prague)/0/pictures/Rekonstrukce_Staroměstské_radnice_1AAK4868.jpg
Old_Town_Hall_(Prague),190045,7,commons/Renovation_of_the_Old_Town_Hall_Tower_(Prague)/0/pictures/Rekonstrukce_Staroměstské_radnice_1AAK8585.jpg
Old_Town_Hall_(Prague),190045,7,commons/Renovation_of_the_Old_Town_Hall_Tower_(Prague)/0/pictures/Rekonstrukce_Staroměstské_radnice_1AAK4871.jpg
Old_Town_Hall_(Prague),190045,7,commons/Renovation_of_the_Old_Town_Hall_Tower_(Prague)/0/pictures/Rekonstrukce_Staroměstské_radnice_1AAQ0887.jpg
Old_Town_Hall_(Prague),190045,7,commons/Renovation_of_the_Old_Town_Hall_Tower_(Prague)/0/pictures/Rekonstrukce_Staroměstské_radnice_1AAO3608.jpg
Old_Town_Hall_(Prague),190045,7,commons/Renovation_of_the_Old_Town_Hall_Tower_(Prague)/0/pictures/Rekonstrukce_Staroměstské_radnice_1AAP7005.jpg
Old_Town_Hall_(Prague),190045,7,commons/Renovation_of_the_Old_Town_Hall_Tower_(Prague)/0/pictures/Rekonstrukce_Staroměstské_radnice_1AAK4907.jpg
Old_Town_Hall_(Prague),190045,7,commons/Renovation_of_the_Old_Town_Hall_Tower_(Prague)/0/pictures/Rekonstrukce_Staroměstské_radnice_1AAO2759.jpg
Old_Town_Hall_(Prague),190045,7,commons/Renovation_of_the_Old_Town_Hall_Tower_(Prague)/0/pictures/Rekonstrukce_Staroměstské_radnice_1AAK4876.jpg
Old_Town_Hall_(Prague),190045,7,commons/Renovation_of_the_Old_Town_Hall_Tower_(Prague)/0/pictures/Rekonstrukce_Staroměstské_radnice_1AAQ0891.jpg
Old_Town_Hall_(Prague),190045,7,commons/Renovation_of_the_Old_Town_Hall_Tower_(Prague)/0/pictures/Rekonstrukce_Staroměstské_radnice_1AAN4668.jpg
Old_Town_Hall_(Prague),190045,7,commons/Renovation_of_the_Old_Town_Hall_Tower_(Prague)/0/pictures/Rekonstrukce_Staroměstské_radnice_1AAO3612.jpg
Old_Town_Hall_(Prague),190045,7,commons/Renovation_of_the_Old_Town_Hall_Tower_(Prague)/0/pictures/Rekonstrukce_Staroměstské_radnice_1AAO6314.jpg
Old_Town_Hall_(Prague),190045,7,commons/Renovation_of_the_Old_Town_Hall_Tower_(Prague)/0/pictures/Rekonstrukce_Staroměstské_radnice_1AAO3581.jpg
Old_Town_Hall_(Prague),190045,7,commons/Renovation_of_the_Old_Town_Hall_Tower_(Prague)/0/pictures/Rekonstrukce_Staroměstské_radnice_1AAP7001.jpg
Old_Town_Hall_(Prague),190045,7,commons/Renovation_of_the_Old_Town_Hall_Tower_(Prague)/0/pictures/Rekonstrukce_Staroměstské_radnice_1AAK4912-HDR.jpg
Old_Town_Hall_(Prague),190045,7,commons/Renovation_of_the_Old_Town_Hall_Tower_(Prague)/0/pictures/Rekonstrukce_Staroměstské_radnice_1AAN7676.jpg
Old_Town_Hall_(Prague),190045,7,commons/Renovation_of_the_Old_Town_Hall_Tower_(Prague)/0/pictures/Rekonstrukce_Staroměstské_radnice_1AAK4866.jpg
Old_Town_Hall_(Prague),190045,7,commons/Renovation_of_the_Old_Town_Hall_Tower_(Prague)/0/pictures/Rekonstrukce_Staroměstské_radnice_1AAQ0880.jpg
Old_Town_Hall_(Prague),190045,7,commons/Renovation_of_the_Old_Town_Hall_Tower_(Prague)/0/pictures/Rekonstrukce_Staroměstské_radnice_1AAN4650.jpg
Old_Town_Hall_(Prague),190045,7,commons/Renovation_of_the_Old_Town_Hall_Tower_(Prague)/0/pictures/Rekonstrukce_Staroměstské_radnice_1AAO3598.jpg
Old_Town_Hall_(Prague),190045,7,commons/Renovation_of_the_Old_Town_Hall_Tower_(Prague)/0/pictures/Rekonstrukce_Staroměstské_radnice_1AAN7781.jpg
Old_Town_Hall_(Prague),190045,7,commons/Renovation_of_the_Old_Town_Hall_Tower_(Prague)/0/pictures/Rekonstrukce_Staroměstské_radnice_1AAN7784.jpg
Old_Town_Hall_(Prague),190045,7,commons/Renovation_of_the_Old_Town_Hall_Tower_(Prague)/0/pictures/Rekonstrukce_Staroměstské_radnice_1AAN7786.jpg
Old_Town_Hall_(Prague),190045,7,commons/Renovation_of_the_Old_Town_Hall_Tower_(Prague)/0/pictures/Rekonstrukce_Staroměstské_radnice_1AAQ6607.jpg
Old_Town_Hall_(Prague),190045,7,commons/Renovation_of_the_Old_Town_Hall_Tower_(Prague)/0/pictures/Rekonstrukce_Staroměstské_radnice_1AAO2757.jpg
Old_Town_Hall_(Prague),190045,7,commons/Renovation_of_the_Old_Town_Hall_Tower_(Prague)/0/pictures/Rekonstrukce_Staroměstské_radnice_1AAO2772.jpg
Old_Town_Hall_(Prague),190045,7,commons/Renovation_of_the_Old_Town_Hall_Tower_(Prague)/0/pictures/Rekonstrukce_Staroměstské_radnice_1AAO2774.jpg
Old_Town_Hall_(Prague),190045,7,commons/Renovation_of_the_Old_Town_Hall_Tower_(Prague)/0/pictures/Rekonstrukce_Staroměstské_radnice_1AAO2775.jpg
Old_Town_Hall_(Prague),190045,7,commons/Renovation_of_the_Old_Town_Hall_Tower_(Prague)/0/pictures/Rekonstrukce_Staroměstské_radnice_1AAO2777.jpg
Old_Town_Hall_(Prague),190045,7,commons/Renovation_of_the_Old_Town_Hall_Tower_(Prague)/0/pictures/Rekonstrukce_Staroměstské_radnice_1AAO2779.jpg
Old_Town_Hall_(Prague),190045,7,commons/Renovation_of_the_Old_Town_Hall_Tower_(Prague)/0/pictures/Rekonstrukce_Staroměstské_radnice_1AAO2782.jpg
Old_Town_Hall_(Prague),190045,7,commons/Renovation_of_the_Old_Town_Hall_Tower_(Prague)/0/pictures/Rekonstrukce_Staroměstské_radnice_1AAO2784.jpg
Old_Town_Hall_(Prague),190045,7,commons/Renovation_of_the_Old_Town_Hall_Tower_(Prague)/0/pictures/Rekonstrukce_Staroměstské_radnice_1AAO2788.jpg
Old_Town_Hall_(Prague),190045,7,commons/Renovation_of_the_Old_Town_Hall_Tower_(Prague)/0/pictures/Rekonstrukce_Staroměstské_radnice_1AAO2790.jpg
Old_Town_Hall_(Prague),190045,7,commons/Renovation_of_the_Old_Town_Hall_Tower_(Prague)/0/pictures/Rekonstrukce_Staroměstské_radnice_1AAO2794.jpg
Old_Town_Hall_(Prague),190045,7,commons/Renovation_of_the_Old_Town_Hall_Tower_(Prague)/0/pictures/Rekonstrukce_Staroměstské_radnice_1AAQ0853.jpg
Old_Town_Hall_(Prague),190045,7,commons/Renovation_of_the_Old_Town_Hall_Tower_(Prague)/0/pictures/Rekonstrukce_Staroměstské_radnice_1AAO4742.jpg
Old_Town_Hall_(Prague),190045,7,commons/Renovation_of_the_Old_Town_Hall_Tower_(Prague)/0/pictures/Rekonstrukce_Staroměstské_radnice_1AAO2810.jpg
Old_Town_Hall_(Prague),190045,7,commons/Renovation_of_the_Old_Town_Hall_Tower_(Prague)/0/pictures/Rekonstrukce_Staroměstské_radnice_1AAQ0855.jpg
Old_Town_Hall_(Prague),190045,7,commons/Renovation_of_the_Old_Town_Hall_Tower_(Prague)/0/pictures/Rekonstrukce_Staroměstské_radnice_1AAN4609.jpg
Old_Town_Hall_(Prague),190045,7,commons/Renovation_of_the_Old_Town_Hall_Tower_(Prague)/0/pictures/Rekonstrukce_Staroměstské_radnice_1AAO2812.jpg
Old_Town_Hall_(Prague),190045,7,commons/Renovation_of_the_Old_Town_Hall_Tower_(Prague)/0/pictures/Rekonstrukce_Staroměstské_radnice_1AAO3577.jpg
Old_Town_Hall_(Prague),190045,7,commons/Renovation_of_the_Old_Town_Hall_Tower_(Prague)/0/pictures/Rekonstrukce_Staroměstské_radnice_1AAQ0878.jpg
Old_Town_Hall_(Prague),190045,7,commons/Renovation_of_the_Old_Town_Hall_Tower_(Prague)/0/pictures/Rekonstrukce_Staroměstské_radnice_1AAO3593.jpg
Old_Town_Hall_(Prague),190045,7,commons/Renovation_of_the_Old_Town_Hall_Tower_(Prague)/0/pictures/Rekonstrukce_Staroměstské_radnice_1AAQ0889.jpg
Old_Town_Hall_(Prague),190045,7,commons/Renovation_of_the_Old_Town_Hall_Tower_(Prague)/0/pictures/Rekonstrukce_Staroměstské_radnice_1AAO3610.jpg
Old_Town_Hall_(Prague),190045,8,commons/Renovation_of_the_Old_Town_Hall_Tower_(Prague)/0/pictures/Rekonstrukce_Staroměstské_radnice_1AAL6499.jpg
Old_Town_Hall_(Prague),190045,8,commons/Renovation_of_the_Old_Town_Hall_Tower_(Prague)/0/pictures/Rekonstrukce_Staroměstské_radnice_1AAL6493.jpg
Old_Town_Hall_(Prague),190045,8,commons/Renovation_of_the_Old_Town_Hall_Tower_(Prague)/0/pictures/Rekonstrukce_Staroměstské_radnice_1AAL6490.jpg
Old_Town_Hall_(Prague),190045,8,commons/Renovation_of_the_Old_Town_Hall_Tower_(Prague)/0/pictures/Rekonstrukce_Staroměstské_radnice_1AAL6473.jpg
Old_Town_Hall_(Prague),190045,8,commons/Renovation_of_the_Old_Town_Hall_Tower_(Prague)/0/pictures/Rekonstrukce_Staroměstské_radnice_1AAL6472.jpg
Old_Town_Hall_(Prague),190045,8,commons/Renovation_of_the_Old_Town_Hall_Tower_(Prague)/0/pictures/Rekonstrukce_Staroměstské_radnice_1AAL6471.jpg
Old_Town_Hall_(Prague),190045,8,commons/Renovation_of_the_Old_Town_Hall_Tower_(Prague)/0/pictures/Rekonstrukce_Staroměstské_radnice_1AAL6467.jpg
Old_Town_Hall_(Prague),190045,8,commons/Renovation_of_the_Old_Town_Hall_Tower_(Prague)/0/pictures/Rekonstrukce_Staroměstské_radnice_1AAL6435.jpg
Old_Town_Hall_(Prague),190045,8,commons/Renovation_of_the_Old_Town_Hall_Tower_(Prague)/0/pictures/Rekonstrukce_Staroměstské_radnice_1AAL6428.jpg
Old_Town_Hall_(Prague),190045,8,commons/Renovation_of_the_Old_Town_Hall_Tower_(Prague)/0/pictures/Rekonstrukce_Staroměstské_radnice_1AAL6421.jpg
Old_Town_Hall_(Prague),190045,8,commons/Renovation_of_the_Old_Town_Hall_Tower_(Prague)/0/pictures/Rekonstrukce_Staroměstské_radnice_1AAL6398.jpg
Old_Town_Hall_(Prague),190045,8,commons/Renovation_of_the_Old_Town_Hall_Tower_(Prague)/0/pictures/Rekonstrukce_Staroměstské_radnice_1AAL6377.jpg
Old_Town_Hall_(Prague),190045,8,commons/Renovation_of_the_Old_Town_Hall_Tower_(Prague)/0/pictures/Rekonstrukce_Staroměstské_radnice_1AAL6371.jpg
Old_Town_Hall_(Prague),190045,8,commons/Renovation_of_the_Old_Town_Hall_Tower_(Prague)/0/pictures/Rekonstrukce_Staroměstské_radnice_1AAL6350.jpg
Old_Town_Hall_(Prague),190045,8,commons/Renovation_of_the_Old_Town_Hall_Tower_(Prague)/0/pictures/Rekonstrukce_Staroměstské_radnice_1AAL6347.jpg
Old_Town_Hall_(Prague),190045,8,commons/Renovation_of_the_Old_Town_Hall_Tower_(Prague)/0/pictures/Rekonstrukce_Staroměstské_radnice_1AAL6481.jpg
Old_Town_Hall_(Prague),190045,8,commons/Renovation_of_the_Old_Town_Hall_Tower_(Prague)/0/pictures/Rekonstrukce_Staroměstské_radnice_1AAL6221.jpg
Old_Town_Hall_(Prague),190045,8,commons/Renovation_of_the_Old_Town_Hall_Tower_(Prague)/0/pictures/Rekonstrukce_Staroměstské_radnice_1AAL6316.jpg
Old_Town_Hall_(Prague),190045,8,commons/Renovation_of_the_Old_Town_Hall_Tower_(Prague)/0/pictures/Rekonstrukce_Staroměstské_radnice_1AAL6474.jpg
Old_Town_Hall_(Prague),190045,8,commons/Renovation_of_the_Old_Town_Hall_Tower_(Prague)/0/pictures/Rekonstrukce_Staroměstské_radnice_1AAL6218.jpg
Old_Town_Hall_(Prague),190045,8,commons/Renovation_of_the_Old_Town_Hall_Tower_(Prague)/0/pictures/Rekonstrukce_Staroměstské_radnice_1AAL6469.jpg
Old_Town_Hall_(Prague),190045,8,commons/Renovation_of_the_Old_Town_Hall_Tower_(Prague)/0/pictures/Rekonstrukce_Staroměstské_radnice_1AAL6202-HDR.jpg
Old_Town_Hall_(Prague),190045,8,commons/Renovation_of_the_Old_Town_Hall_Tower_(Prague)/0/pictures/Rekonstrukce_Staroměstské_radnice_1AAL6305.jpg
Old_Town_Hall_(Prague),190045,8,commons/Renovation_of_the_Old_Town_Hall_Tower_(Prague)/0/pictures/Rekonstrukce_Staroměstské_radnice_1AAL6466.jpg
Old_Town_Hall_(Prague),190045,8,commons/Renovation_of_the_Old_Town_Hall_Tower_(Prague)/0/pictures/Rekonstrukce_Staroměstské_radnice_1AAL6192.jpg
Old_Town_Hall_(Prague),190045,8,commons/Renovation_of_the_Old_Town_Hall_Tower_(Prague)/0/pictures/Rekonstrukce_Staroměstské_radnice_1AAL6464.jpg
Old_Town_Hall_(Prague),190045,8,commons/Renovation_of_the_Old_Town_Hall_Tower_(Prague)/0/pictures/Rekonstrukce_Staroměstské_radnice_1AAL6196.jpg
Old_Town_Hall_(Prague),190045,8,commons/Renovation_of_the_Old_Town_Hall_Tower_(Prague)/0/pictures/Rekonstrukce_Staroměstské_radnice_1AAL6450.jpg
Old_Town_Hall_(Prague),190045,8,commons/Renovation_of_the_Old_Town_Hall_Tower_(Prague)/0/pictures/Rekonstrukce_Staroměstské_radnice_1AAL6185.jpg
Old_Town_Hall_(Prague),190045,8,commons/Renovation_of_the_Old_Town_Hall_Tower_(Prague)/0/pictures/Rekonstrukce_Staroměstské_radnice_1AAL6449.jpg
Old_Town_Hall_(Prague),190045,8,commons/Renovation_of_the_Old_Town_Hall_Tower_(Prague)/0/pictures/Rekonstrukce_Staroměstské_radnice_1AAL6142.jpg
Old_Town_Hall_(Prague),190045,8,commons/Renovation_of_the_Old_Town_Hall_Tower_(Prague)/0/pictures/Rekonstrukce_Staroměstské_radnice_1AAL6485.jpg
Old_Town_Hall_(Prague),190045,8,commons/Renovation_of_the_Old_Town_Hall_Tower_(Prague)/0/pictures/Rekonstrukce_Staroměstské_radnice_1AAL6228.jpg
Old_Town_Hall_(Prague),190045,8,commons/Renovation_of_the_Old_Town_Hall_Tower_(Prague)/0/pictures/Rekonstrukce_Staroměstské_radnice_1AAL6324.jpg
Old_Town_Hall_(Prague),190045,8,commons/Renovation_of_the_Old_Town_Hall_Tower_(Prague)/0/pictures/Rekonstrukce_Staroměstské_radnice_1AAL6140.jpg
Old_Town_Hall_(Prague),190045,8,commons/Renovation_of_the_Old_Town_Hall_Tower_(Prague)/0/pictures/Rekonstrukce_Staroměstské_radnice_1AAL6484.jpg
Old_Town_Hall_(Prague),190045,8,commons/Renovation_of_the_Old_Town_Hall_Tower_(Prague)/0/pictures/Rekonstrukce_Staroměstské_radnice_1AAL6223.jpg
Old_Town_Hall_(Prague),190045,8,commons/Renovation_of_the_Old_Town_Hall_Tower_(Prague)/0/pictures/Rekonstrukce_Staroměstské_radnice_1AAL6318.jpg
Old_Town_Hall_(Prague),190045,8,commons/Renovation_of_the_Old_Town_Hall_Tower_(Prague)/0/pictures/Rekonstrukce_Staroměstské_radnice_1AAL6442.jpg
Old_Town_Hall_(Prague),190045,8,commons/Renovation_of_the_Old_Town_Hall_Tower_(Prague)/0/pictures/Rekonstrukce_Staroměstské_radnice_1AAL6135.jpg
Old_Town_Hall_(Prague),190045,8,commons/Renovation_of_the_Old_Town_Hall_Tower_(Prague)/0/pictures/Rekonstrukce_Staroměstské_radnice_1AAL6414.jpg
Old_Town_Hall_(Prague),190045,8,commons/Renovation_of_the_Old_Town_Hall_Tower_(Prague)/0/pictures/Rekonstrukce_Staroměstské_radnice_1AAL6115.jpg
Old_Town_Hall_(Prague),190045,8,commons/Renovation_of_the_Old_Town_Hall_Tower_(Prague)/0/pictures/Rekonstrukce_Staroměstské_radnice_1AAL6269.jpg
Old_Town_Hall_(Prague),190045,8,commons/Renovation_of_the_Old_Town_Hall_Tower_(Prague)/0/pictures/Rekonstrukce_Staroměstské_radnice_1AAL6380.jpg
Old_Town_Hall_(Prague),190045,8,commons/Renovation_of_the_Old_Town_Hall_Tower_(Prague)/0/pictures/Rekonstrukce_Staroměstské_radnice_1AAL6111.jpg
Old_Town_Hall_(Prague),190045,8,commons/Renovation_of_the_Old_Town_Hall_Tower_(Prague)/0/pictures/Rekonstrukce_Staroměstské_radnice_1AAL6268.jpg
Old_Town_Hall_(Prague),190045,8,commons/Renovation_of_the_Old_Town_Hall_Tower_(Prague)/0/pictures/Rekonstrukce_Staroměstské_radnice_1AAL6486.jpg
Old_Town_Hall_(Prague),190045,8,commons/Renovation_of_the_Old_Town_Hall_Tower_(Prague)/0/pictures/Rekonstrukce_Staroměstské_radnice_1AAL6233.jpg
Old_Town_Hall_(Prague),190045,8,commons/Renovation_of_the_Old_Town_Hall_Tower_(Prague)/0/pictures/Rekonstrukce_Staroměstské_radnice_1AAL6335.jpg
Old_Town_Hall_(Prague),190045,8,commons/Renovation_of_the_Old_Town_Hall_Tower_(Prague)/0/pictures/Rekonstrukce_Staroměstské_radnice_1AAL6487.jpg
Old_Town_Hall_(Prague),190045,8,commons/Renovation_of_the_Old_Town_Hall_Tower_(Prague)/0/pictures/Rekonstrukce_Staroměstské_radnice_1AAL6238.jpg
Old_Town_Hall_(Prague),190045,8,commons/Renovation_of_the_Old_Town_Hall_Tower_(Prague)/0/pictures/Rekonstrukce_Staroměstské_radnice_1AAL6336.jpg
Old_Town_Hall_(Prague),190045,8,commons/Renovation_of_the_Old_Town_Hall_Tower_(Prague)/0/pictures/Rekonstrukce_Staroměstské_radnice_1AAL6488.jpg
Old_Town_Hall_(Prague),190045,8,commons/Renovation_of_the_Old_Town_Hall_Tower_(Prague)/0/pictures/Rekonstrukce_Staroměstské_radnice_1AAL6245.jpg
Old_Town_Hall_(Prague),190045,8,commons/Renovation_of_the_Old_Town_Hall_Tower_(Prague)/0/pictures/Rekonstrukce_Staroměstské_radnice_1AAL6338.jpg
Old_Town_Hall_(Prague),190045,8,commons/Renovation_of_the_Old_Town_Hall_Tower_(Prague)/0/pictures/Rekonstrukce_Staroměstské_radnice_1AAL6265.jpg
Old_Town_Hall_(Prague),190045,8,commons/Renovation_of_the_Old_Town_Hall_Tower_(Prague)/0/pictures/Rekonstrukce_Staroměstské_radnice_1AAL6273.jpg
Old_Town_Hall_(Prague),190045,8,commons/Renovation_of_the_Old_Town_Hall_Tower_(Prague)/0/pictures/Rekonstrukce_Staroměstské_radnice_1AAL6339.jpg
Old_Town_Hall_(Prague),190045,8,commons/Renovation_of_the_Old_Town_Hall_Tower_(Prague)/0/pictures/Rekonstrukce_Staroměstské_radnice_1AAL6340.jpg
Old_Town_Hall_(Prague),190045,9,commons/Renovation_of_the_Old_Town_Hall_Tower_(Prague)/0/pictures/Rekonstrukce_Staroměstské_radnice_1AAE3015.jpg
Old_Town_Hall_(Prague),190045,9,commons/Renovation_of_the_Old_Town_Hall_Tower_(Prague)/0/pictures/Rekonstrukce_Staroměstské_radnice_1AAE3011.jpg
Old_Town_Hall_(Prague),190045,9,commons/Renovation_of_the_Old_Town_Hall_Tower_(Prague)/0/pictures/Rekonstrukce_Staroměstské_radnice_1AAE3009.jpg
Old_Town_Hall_(Prague),190045,9,commons/Renovation_of_the_Old_Town_Hall_Tower_(Prague)/0/pictures/Rekonstrukce_Staroměstské_radnice_1AAE3007.jpg
Old_Town_Hall_(Prague),190045,9,commons/Renovation_of_the_Old_Town_Hall_Tower_(Prague)/0/pictures/Rekonstrukce_Staroměstské_radnice_1AAE3005.jpg
Old_Town_Hall_(Prague),190045,9,commons/Renovation_of_the_Old_Town_Hall_Tower_(Prague)/0/pictures/Rekonstrukce_Staroměstské_radnice_1AAE2909.jpg
Old_Town_Hall_(Prague),190045,9,commons/Renovation_of_the_Old_Town_Hall_Tower_(Prague)/0/pictures/Rekonstrukce_Staroměstské_radnice_1AAE2931.jpg
Old_Town_Hall_(Prague),190045,9,commons/Renovation_of_the_Old_Town_Hall_Tower_(Prague)/0/pictures/Rekonstrukce_Staroměstské_radnice_1AAE2962.jpg
Old_Town_Hall_(Prague),190045,9,commons/Renovation_of_the_Old_Town_Hall_Tower_(Prague)/0/pictures/Rekonstrukce_Staroměstské_radnice_1AAE2933.jpg
Old_Town_Hall_(Prague),190045,9,commons/Renovation_of_the_Old_Town_Hall_Tower_(Prague)/0/pictures/Rekonstrukce_Staroměstské_radnice_1AAE2964.jpg
Old_Town_Hall_(Prague),190045,9,commons/Renovation_of_the_Old_Town_Hall_Tower_(Prague)/0/pictures/Rekonstrukce_Staroměstské_radnice_1AAE3013.jpg
Old_Town_Hall_(Prague),190045,9,commons/Renovation_of_the_Old_Town_Hall_Tower_(Prague)/0/pictures/Rekonstrukce_Staroměstské_radnice_1AAE2957.jpg
Old_Town_Hall_(Prague),190045,9,commons/Renovation_of_the_Old_Town_Hall_Tower_(Prague)/0/pictures/Rekonstrukce_Staroměstské_radnice_1AAK1750.jpg
Old_Town_Hall_(Prague),190045,9,commons/Renovation_of_the_Old_Town_Hall_Tower_(Prague)/0/pictures/Rekonstrukce_Staroměstské_radnice_1AAE2982.jpg
Old_Town_Hall_(Prague),190045,9,commons/Renovation_of_the_Old_Town_Hall_Tower_(Prague)/0/pictures/Rekonstrukce_Staroměstské_radnice_1AAE3017.jpg
Old_Town_Hall_(Prague),190045,9,commons/Renovation_of_the_Old_Town_Hall_Tower_(Prague)/0/pictures/Rekonstrukce_Staroměstské_radnice_1AAE2959.jpg
Old_Town_Hall_(Prague),190045,9,commons/Renovation_of_the_Old_Town_Hall_Tower_(Prague)/0/pictures/Rekonstrukce_Staroměstské_radnice_1AAE2984.jpg
Old_Town_Hall_(Prague),190045,9,commons/Renovation_of_the_Old_Town_Hall_Tower_(Prague)/0/pictures/Rekonstrukce_Staroměstské_radnice_1AAE2960.jpg
Old_Town_Hall_(Prague),190045,9,commons/Renovation_of_the_Old_Town_Hall_Tower_(Prague)/0/pictures/Rekonstrukce_Staroměstské_radnice_1AAE2986.jpg
Old_Town_Hall_(Prague),190045,9,commons/Renovation_of_the_Old_Town_Hall_Tower_(Prague)/0/pictures/Rekonstrukce_Staroměstské_radnice_1AAE2966.jpg
Old_Town_Hall_(Prague),190045,9,commons/Renovation_of_the_Old_Town_Hall_Tower_(Prague)/0/pictures/Rekonstrukce_Staroměstské_radnice_1AAE3003.jpg
Old_Town_Hall_(Prague),190045,10,commons/Renovation_of_the_Old_Town_Hall_Tower_(Prague)/0/pictures/Rekonstrukce_Staroměstské_radnice_1AAR1165.jpg
Old_Town_Hall_(Prague),190045,10,commons/Renovation_of_the_Old_Town_Hall_Tower_(Prague)/0/pictures/Rekonstrukce_Staroměstské_radnice_1AAQ6642.jpg
Old_Town_Hall_(Prague),190045,10,commons/Renovation_of_the_Old_Town_Hall_Tower_(Prague)/0/pictures/Rekonstrukce_Staroměstské_radnice_1AAQ6636.jpg
Old_Town_Hall_(Prague),190045,10,commons/Renovation_of_the_Old_Town_Hall_Tower_(Prague)/0/pictures/Rekonstrukce_Staroměstské_radnice_1AAR1162.jpg
Old_Town_Hall_(Prague),190045,10,commons/Renovation_of_the_Old_Town_Hall_Tower_(Prague)/0/pictures/Rekonstrukce_Staroměstské_radnice_1AAQ6637.jpg
Old_Town_Hall_(Prague),190045,10,commons/Renovation_of_the_Old_Town_Hall_Tower_(Prague)/0/pictures/Rekonstrukce_Staroměstské_radnice_1AAQ6634.jpg
Old_Town_Hall_(Prague),190045,10,commons/Renovation_of_the_Old_Town_Hall_Tower_(Prague)/0/pictures/Rekonstrukce_Staroměstské_radnice_1AAQ6632.jpg
Old_Town_Hall_(Prague),190045,10,commons/Renovation_of_the_Old_Town_Hall_Tower_(Prague)/0/pictures/Rekonstrukce_Staroměstské_radnice_1AAQ6628.jpg
Old_Town_Hall_(Prague),190045,10,commons/Renovation_of_the_Old_Town_Hall_Tower_(Prague)/0/pictures/Rekonstrukce_Staroměstské_radnice_1AAQ6617.jpg
Old_Town_Hall_(Prague),190045,10,commons/Renovation_of_the_Old_Town_Hall_Tower_(Prague)/0/pictures/Rekonstrukce_Staroměstské_radnice_1AAQ6626.jpg
Old_Town_Hall_(Prague),190045,10,commons/Renovation_of_the_Old_Town_Hall_Tower_(Prague)/0/pictures/Rekonstrukce_Staroměstské_radnice_1AAQ6605.jpg
Old_Town_Hall_(Prague),190045,11,commons/Renovation_of_the_Old_Town_Hall_Tower_(Prague)/0/pictures/Rekonstrukce_Staroměstské_radnice_1AAQ0746.jpg
Old_Town_Hall_(Prague),190045,11,commons/Renovation_of_the_Old_Town_Hall_Tower_(Prague)/0/pictures/Rekonstrukce_Staroměstské_radnice_1AAQ0750.jpg
Old_Town_Hall_(Prague),190045,11,commons/Renovation_of_the_Old_Town_Hall_Tower_(Prague)/0/pictures/Rekonstrukce_Staroměstské_radnice_1AAO8612.jpg
Old_Town_Hall_(Prague),190045,11,commons/Renovation_of_the_Old_Town_Hall_Tower_(Prague)/0/pictures/Rekonstrukce_Staroměstské_radnice_1AAO8610.jpg
Old_Town_Hall_(Prague),190045,11,commons/Renovation_of_the_Old_Town_Hall_Tower_(Prague)/0/pictures/Rekonstrukce_Staroměstské_radnice_1AAO4675.jpg
Old_Town_Hall_(Prague),190045,11,commons/Renovation_of_the_Old_Town_Hall_Tower_(Prague)/0/pictures/Rekonstrukce_Staroměstské_radnice_1AAO4674.jpg
Old_Town_Hall_(Prague),190045,11,commons/Renovation_of_the_Old_Town_Hall_Tower_(Prague)/0/pictures/Rekonstrukce_Staroměstské_radnice_1AAN4432.jpg
Old_Town_Hall_(Prague),190045,11,commons/Renovation_of_the_Old_Town_Hall_Tower_(Prague)/0/pictures/Rekonstrukce_Staroměstské_radnice_1AAO3346.jpg
Old_Town_Hall_(Prague),190045,11,commons/Renovation_of_the_Old_Town_Hall_Tower_(Prague)/0/pictures/Rekonstrukce_Staroměstské_radnice_1AAN4440.jpg
Old_Town_Hall_(Prague),190045,11,commons/Renovation_of_the_Old_Town_Hall_Tower_(Prague)/0/pictures/Rekonstrukce_Staroměstské_radnice_1AAN4437.jpg
Old_Town_Hall_(Prague),190045,11,commons/Renovation_of_the_Old_Town_Hall_Tower_(Prague)/0/pictures/Rekonstrukce_Staroměstské_radnice_1AAN4464.jpg
Old_Town_Hall_(Prague),190045,11,commons/Renovation_of_the_Old_Town_Hall_Tower_(Prague)/0/pictures/Rekonstrukce_Staroměstské_radnice_1AAN7755.jpg
Old_Town_Hall_(Prague),190045,11,commons/Renovation_of_the_Old_Town_Hall_Tower_(Prague)/0/pictures/Rekonstrukce_Staroměstské_radnice_1AAN7757.jpg
Old_Town_Hall_(Prague),190045,11,commons/Renovation_of_the_Old_Town_Hall_Tower_(Prague)/0/pictures/Rekonstrukce_Staroměstské_radnice_1AAO3337.jpg
Old_Town_Hall_(Prague),190045,11,commons/Renovation_of_the_Old_Town_Hall_Tower_(Prague)/0/pictures/Rekonstrukce_Staroměstské_radnice_1AAP6486.jpg
Old_Town_Hall_(Prague),190045,11,commons/Renovation_of_the_Old_Town_Hall_Tower_(Prague)/0/pictures/Rekonstrukce_Staroměstské_radnice_1AAO4655.jpg
Old_Town_Hall_(Prague),190045,11,commons/Renovation_of_the_Old_Town_Hall_Tower_(Prague)/0/pictures/Rekonstrukce_Staroměstské_radnice_1AAP6502.jpg
Old_Town_Hall_(Prague),190045,11,commons/Renovation_of_the_Old_Town_Hall_Tower_(Prague)/0/pictures/Rekonstrukce_Staroměstské_radnice_1AAO3342.jpg
Old_Town_Hall_(Prague),190045,11,commons/Renovation_of_the_Old_Town_Hall_Tower_(Prague)/0/pictures/Rekonstrukce_Staroměstské_radnice_1AAO3330.jpg
Old_Town_Hall_(Prague),190045,11,commons/Renovation_of_the_Old_Town_Hall_Tower_(Prague)/0/pictures/Rekonstrukce_Staroměstské_radnice_1AAO4657.jpg
Old_Town_Hall_(Prague),190045,11,commons/Renovation_of_the_Old_Town_Hall_Tower_(Prague)/0/pictures/Rekonstrukce_Staroměstské_radnice_1AAP6508.jpg
Old_Town_Hall_(Prague),190045,11,commons/Renovation_of_the_Old_Town_Hall_Tower_(Prague)/0/pictures/Rekonstrukce_Staroměstské_radnice_1AAO3343.jpg
Old_Town_Hall_(Prague),190045,12,commons/Renovation_of_the_Old_Town_Hall_Tower_(Prague)/0/pictures/Rekonstrukce_Staroměstské_radnice_1AAQ1359.jpg
Old_Town_Hall_(Prague),190045,12,commons/Renovation_of_the_Old_Town_Hall_Tower_(Prague)/0/pictures/Rekonstrukce_Staroměstské_radnice_1AAQ1338.jpg
Old_Town_Hall_(Prague),190045,12,commons/Renovation_of_the_Old_Town_Hall_Tower_(Prague)/0/pictures/Rekonstrukce_Staroměstské_radnice_1AAQ1238.jpg
Old_Town_Hall_(Prague),190045,12,commons/Renovation_of_the_Old_Town_Hall_Tower_(Prague)/0/pictures/Rekonstrukce_Staroměstské_radnice_1AAQ0865.jpg
Old_Town_Hall_(Prague),190045,12,commons/Renovation_of_the_Old_Town_Hall_Tower_(Prague)/0/pictures/Rekonstrukce_Staroměstské_radnice_1AAQ0838.jpg
Old_Town_Hall_(Prague),190045,12,commons/Renovation_of_the_Old_Town_Hall_Tower_(Prague)/0/pictures/Rekonstrukce_Staroměstské_radnice_1AAQ0796.jpg
Old_Town_Hall_(Prague),190045,12,commons/Renovation_of_the_Old_Town_Hall_Tower_(Prague)/0/pictures/Rekonstrukce_Staroměstské_radnice_1AAQ0789.jpg
Old_Town_Hall_(Prague),190045,12,commons/Renovation_of_the_Old_Town_Hall_Tower_(Prague)/0/pictures/Rekonstrukce_Staroměstské_radnice_1AAP7010.jpg
Old_Town_Hall_(Prague),190045,12,commons/Renovation_of_the_Old_Town_Hall_Tower_(Prague)/0/pictures/Rekonstrukce_Staroměstské_radnice_1AAP6982.jpg
Old_Town_Hall_(Prague),190045,12,commons/Renovation_of_the_Old_Town_Hall_Tower_(Prague)/0/pictures/Rekonstrukce_Staroměstské_radnice_1AAP6980.jpg
Old_Town_Hall_(Prague),190045,12,commons/Renovation_of_the_Old_Town_Hall_Tower_(Prague)/0/pictures/Rekonstrukce_Staroměstské_radnice_1AAP6978.jpg
Old_Town_Hall_(Prague),190045,12,commons/Renovation_of_the_Old_Town_Hall_Tower_(Prague)/0/pictures/Rekonstrukce_Staroměstské_radnice_1AAP6975.jpg
Old_Town_Hall_(Prague),190045,12,commons/Renovation_of_the_Old_Town_Hall_Tower_(Prague)/0/pictures/Rekonstrukce_Staroměstské_radnice_1AAP6972.jpg
Old_Town_Hall_(Prague),190045,12,commons/Renovation_of_the_Old_Town_Hall_Tower_(Prague)/0/pictures/Rekonstrukce_Staroměstské_radnice_1AAP6969.jpg
Old_Town_Hall_(Prague),190045,12,commons/Renovation_of_the_Old_Town_Hall_Tower_(Prague)/0/pictures/Rekonstrukce_Staroměstské_radnice_1AAO2769.jpg
Old_Town_Hall_(Prague),190045,12,commons/Renovation_of_the_Old_Town_Hall_Tower_(Prague)/0/pictures/Rekonstrukce_Staroměstské_radnice_1AAO3648.jpg
Old_Town_Hall_(Prague),190045,12,commons/Renovation_of_the_Old_Town_Hall_Tower_(Prague)/0/pictures/Rekonstrukce_Staroměstské_radnice_1AAQ0794.jpg
Old_Town_Hall_(Prague),190045,12,commons/Renovation_of_the_Old_Town_Hall_Tower_(Prague)/0/pictures/Rekonstrukce_Staroměstské_radnice_1AAN7778.jpg
Old_Town_Hall_(Prague),190045,12,commons/Renovation_of_the_Old_Town_Hall_Tower_(Prague)/0/pictures/Rekonstrukce_Staroměstské_radnice_1AAO2814.jpg
Old_Town_Hall_(Prague),190045,12,commons/Renovation_of_the_Old_Town_Hall_Tower_(Prague)/0/pictures/Rekonstrukce_Staroměstské_radnice_1AAP6955.jpg
Old_Town_Hall_(Prague),190045,12,commons/Renovation_of_the_Old_Town_Hall_Tower_(Prague)/0/pictures/Rekonstrukce_Staroměstské_radnice_1AAQ0790.jpg
Old_Town_Hall_(Prague),190045,12,commons/Renovation_of_the_Old_Town_Hall_Tower_(Prague)/0/pictures/Rekonstrukce_Staroměstské_radnice_1AAN7776.jpg
Old_Town_Hall_(Prague),190045,12,commons/Renovation_of_the_Old_Town_Hall_Tower_(Prague)/0/pictures/Rekonstrukce_Staroměstské_radnice_1AAQ0792.jpg
Old_Town_Hall_(Prague),190045,12,commons/Renovation_of_the_Old_Town_Hall_Tower_(Prague)/0/pictures/Rekonstrukce_Staroměstské_radnice_1AAN7772.jpg
Old_Town_Hall_(Prague),190045,12,commons/Renovation_of_the_Old_Town_Hall_Tower_(Prague)/0/pictures/Rekonstrukce_Staroměstské_radnice_1AAN4656.jpg
Old_Town_Hall_(Prague),190045,12,commons/Renovation_of_the_Old_Town_Hall_Tower_(Prague)/0/pictures/Rekonstrukce_Staroměstské_radnice_1AAO3615.jpg
Old_Town_Hall_(Prague),190045,12,commons/Renovation_of_the_Old_Town_Hall_Tower_(Prague)/0/pictures/Rekonstrukce_Staroměstské_radnice_1AAP6951.jpg
Old_Town_Hall_(Prague),190045,12,commons/Renovation_of_the_Old_Town_Hall_Tower_(Prague)/0/pictures/Rekonstrukce_Staroměstské_radnice_1AAK8548.jpg
Old_Town_Hall_(Prague),190045,12,commons/Renovation_of_the_Old_Town_Hall_Tower_(Prague)/0/pictures/Rekonstrukce_Staroměstské_radnice_1AAO2767.jpg
Old_Town_Hall_(Prague),190045,12,commons/Renovation_of_the_Old_Town_Hall_Tower_(Prague)/0/pictures/Rekonstrukce_Staroměstské_radnice_1AAO3646.jpg
Old_Town_Hall_(Prague),190045,12,commons/Renovation_of_the_Old_Town_Hall_Tower_(Prague)/0/pictures/Rekonstrukce_Staroměstské_radnice_1AAP6967.jpg
Old_Town_Hall_(Prague),190045,12,commons/Renovation_of_the_Old_Town_Hall_Tower_(Prague)/0/pictures/Rekonstrukce_Staroměstské_radnice_1AAK8579.jpg
Old_Town_Hall_(Prague),190045,12,commons/Renovation_of_the_Old_Town_Hall_Tower_(Prague)/0/pictures/Rekonstrukce_Staroměstské_radnice_1AAK4887.jpg
Old_Town_Hall_(Prague),190045,12,commons/Renovation_of_the_Old_Town_Hall_Tower_(Prague)/0/pictures/Rekonstrukce_Staroměstské_radnice_1AAP6953.jpg
Old_Town_Hall_(Prague),190045,12,commons/Renovation_of_the_Old_Town_Hall_Tower_(Prague)/0/pictures/Rekonstrukce_Staroměstské_radnice_1AAK8550.jpg
Old_Town_Hall_(Prague),190045,12,commons/Renovation_of_the_Old_Town_Hall_Tower_(Prague)/0/pictures/Rekonstrukce_Staroměstské_radnice_1AAP6985.jpg
Old_Town_Hall_(Prague),190045,12,commons/Renovation_of_the_Old_Town_Hall_Tower_(Prague)/0/pictures/Rekonstrukce_Staroměstské_radnice_1AAK4884.jpg
Old_Town_Hall_(Prague),190045,12,commons/Renovation_of_the_Old_Town_Hall_Tower_(Prague)/0/pictures/Rekonstrukce_Staroměstské_radnice_1AAN4659.jpg
Old_Town_Hall_(Prague),190045,12,commons/Renovation_of_the_Old_Town_Hall_Tower_(Prague)/0/pictures/Rekonstrukce_Staroměstské_radnice_1AAP6987.jpg
Old_Town_Hall_(Prague),190045,12,commons/Renovation_of_the_Old_Town_Hall_Tower_(Prague)/0/pictures/Rekonstrukce_Staroměstské_radnice_1AAK4885.jpg
Old_Town_Hall_(Prague),190045,12,commons/Renovation_of_the_Old_Town_Hall_Tower_(Prague)/0/pictures/Rekonstrukce_Staroměstské_radnice_1AAP6964.jpg
Old_Town_Hall_(Prague),190045,12,commons/Renovation_of_the_Old_Town_Hall_Tower_(Prague)/0/pictures/Rekonstrukce_Staroměstské_radnice_1AAK8577.jpg
Old_Town_Hall_(Prague),190045,12,commons/Renovation_of_the_Old_Town_Hall_Tower_(Prague)/0/pictures/Rekonstrukce_Staroměstské_radnice_1AAN4664.jpg
Old_Town_Hall_(Prague),190045,12,commons/Renovation_of_the_Old_Town_Hall_Tower_(Prague)/0/pictures/Rekonstrukce_Staroměstské_radnice_1AAO2761.jpg
Old_Town_Hall_(Prague),190045,12,commons/Renovation_of_the_Old_Town_Hall_Tower_(Prague)/0/pictures/Rekonstrukce_Staroměstské_radnice_1AAO3643.jpg
Old_Town_Hall_(Prague),190045,12,commons/Renovation_of_the_Old_Town_Hall_Tower_(Prague)/0/pictures/Rekonstrukce_Staroměstské_radnice_1AAO2764.jpg
Old_Town_Hall_(Prague),190045,12,commons/Renovation_of_the_Old_Town_Hall_Tower_(Prague)/0/pictures/Rekonstrukce_Staroměstské_radnice_1AAO3645.jpg
Old_Town_Hall_(Prague),190045,12,commons/Renovation_of_the_Old_Town_Hall_Tower_(Prague)/0/pictures/Rekonstrukce_Staroměstské_radnice_1AAK4889.jpg
Old_Town_Hall_(Prague),190045,12,commons/Renovation_of_the_Old_Town_Hall_Tower_(Prague)/0/pictures/Rekonstrukce_Staroměstské_radnice_1AAK8515.jpg
Old_Town_Hall_(Prague),190045,12,commons/Renovation_of_the_Old_Town_Hall_Tower_(Prague)/0/pictures/Rekonstrukce_Staroměstské_radnice_1AAK8517.jpg
Old_Town_Hall_(Prague),190045,12,commons/Renovation_of_the_Old_Town_Hall_Tower_(Prague)/0/pictures/Rekonstrukce_Staroměstské_radnice_1AAK8518.jpg
Old_Town_Hall_(Prague),190045,12,commons/Renovation_of_the_Old_Town_Hall_Tower_(Prague)/0/pictures/Rekonstrukce_Staroměstské_radnice_1AAK8520.jpg
Old_Town_Hall_(Prague),190045,12,commons/Renovation_of_the_Old_Town_Hall_Tower_(Prague)/0/pictures/Rekonstrukce_Staroměstské_radnice_1AAQ0860.jpg
Old_Town_Hall_(Prague),190045,12,commons/Renovation_of_the_Old_Town_Hall_Tower_(Prague)/0/pictures/Rekonstrukce_Staroměstské_radnice_1AAO3574.jpg
Old_Town_Hall_(Prague),190045,12,commons/Renovation_of_the_Old_Town_Hall_Tower_(Prague)/0/pictures/Rekonstrukce_Staroměstské_radnice_1AAQ0840.jpg
Old_Town_Hall_(Prague),190045,12,commons/Renovation_of_the_Old_Town_Hall_Tower_(Prague)/0/pictures/Rekonstrukce_Staroměstské_radnice_1AAO4724.jpg
Old_Town_Hall_(Prague),190045,12,commons/Renovation_of_the_Old_Town_Hall_Tower_(Prague)/0/pictures/Rekonstrukce_Staroměstské_radnice_1AAO2795.jpg
Old_Town_Hall_(Prague),190045,12,commons/Renovation_of_the_Old_Town_Hall_Tower_(Prague)/0/pictures/Rekonstrukce_Staroměstské_radnice_1AAK8521.jpg
Old_Town_Hall_(Prague),190045,12,commons/Renovation_of_the_Old_Town_Hall_Tower_(Prague)/0/pictures/Rekonstrukce_Staroměstské_radnice_1AAK8543.jpg
Old_Town_Hall_(Prague),190045,12,commons/Renovation_of_the_Old_Town_Hall_Tower_(Prague)/0/pictures/Rekonstrukce_Staroměstské_radnice_1AAO3602.jpg
Old_Town_Hall_(Prague),190045,12,commons/Renovation_of_the_Old_Town_Hall_Tower_(Prague)/0/pictures/Rekonstrukce_Staroměstské_radnice_1AAQ0842.jpg
Old_Town_Hall_(Prague),190045,12,commons/Renovation_of_the_Old_Town_Hall_Tower_(Prague)/0/pictures/Rekonstrukce_Staroměstské_radnice_1AAO4726.jpg
Old_Town_Hall_(Prague),190045,12,commons/Renovation_of_the_Old_Town_Hall_Tower_(Prague)/0/pictures/Rekonstrukce_Staroměstské_radnice_1AAO2796.jpg
Old_Town_Hall_(Prague),190045,12,commons/Renovation_of_the_Old_Town_Hall_Tower_(Prague)/0/pictures/Rekonstrukce_Staroměstské_radnice_1AAQ0843.jpg
Old_Town_Hall_(Prague),190045,12,commons/Renovation_of_the_Old_Town_Hall_Tower_(Prague)/0/pictures/Rekonstrukce_Staroměstské_radnice_1AAO2798.jpg
Old_Town_Hall_(Prague),190045,12,commons/Renovation_of_the_Old_Town_Hall_Tower_(Prague)/0/pictures/Rekonstrukce_Staroměstské_radnice_1AAO2801.jpg
Old_Town_Hall_(Prague),190045,12,commons/Renovation_of_the_Old_Town_Hall_Tower_(Prague)/0/pictures/Rekonstrukce_Staroměstské_radnice_1AAO2803.jpg
Old_Town_Hall_(Prague),190045,12,commons/Renovation_of_the_Old_Town_Hall_Tower_(Prague)/0/pictures/Rekonstrukce_Staroměstské_radnice_1AAO2805.jpg
Old_Town_Hall_(Prague),190045,12,commons/Renovation_of_the_Old_Town_Hall_Tower_(Prague)/0/pictures/Rekonstrukce_Staroměstské_radnice_1AAK8545.jpg
Old_Town_Hall_(Prague),190045,12,commons/Renovation_of_the_Old_Town_Hall_Tower_(Prague)/0/pictures/Rekonstrukce_Staroměstské_radnice_1AAP6947.jpg
Old_Town_Hall_(Prague),190045,12,commons/Renovation_of_the_Old_Town_Hall_Tower_(Prague)/0/pictures/Rekonstrukce_Staroměstské_radnice_1AAO2808.jpg
Old_Town_Hall_(Prague),190045,12,commons/Renovation_of_the_Old_Town_Hall_Tower_(Prague)/0/pictures/Rekonstrukce_Staroměstské_radnice_1AAK8547.jpg
Old_Town_Hall_(Prague),190045,12,commons/Renovation_of_the_Old_Town_Hall_Tower_(Prague)/0/pictures/Rekonstrukce_Staroměstské_radnice_1AAP6949.jpg
Old_Town_Hall_(Prague),190045,12,commons/Renovation_of_the_Old_Town_Hall_Tower_(Prague)/0/pictures/Rekonstrukce_Staroměstské_radnice_1AAQ0859.jpg
Old_Town_Hall_(Prague),190045,12,commons/Renovation_of_the_Old_Town_Hall_Tower_(Prague)/0/pictures/Rekonstrukce_Staroměstské_radnice_1AAO2816.jpg
Old_Town_Hall_(Prague),190045,12,commons/Renovation_of_the_Old_Town_Hall_Tower_(Prague)/0/pictures/Rekonstrukce_Staroměstské_radnice_1AAP6957.jpg
Old_Town_Hall_(Prague),190045,12,commons/Renovation_of_the_Old_Town_Hall_Tower_(Prague)/0/pictures/Rekonstrukce_Staroměstské_radnice_1AAO3587.jpg
Old_Town_Hall_(Prague),190045,12,commons/Renovation_of_the_Old_Town_Hall_Tower_(Prague)/0/pictures/Rekonstrukce_Staroměstské_radnice_1AAN4640.jpg
Old_Town_Hall_(Prague),190045,12,commons/Renovation_of_the_Old_Town_Hall_Tower_(Prague)/0/pictures/Rekonstrukce_Staroměstské_radnice_1AAO3589.jpg
Old_Town_Hall_(Prague),190045,12,commons/Renovation_of_the_Old_Town_Hall_Tower_(Prague)/0/pictures/Rekonstrukce_Staroměstské_radnice_1AAN4644.jpg
Old_Town_Hall_(Prague),190045,12,commons/Renovation_of_the_Old_Town_Hall_Tower_(Prague)/0/pictures/Rekonstrukce_Staroměstské_radnice_1AAO3591.jpg
Old_Town_Hall_(Prague),190045,12,commons/Renovation_of_the_Old_Town_Hall_Tower_(Prague)/0/pictures/Rekonstrukce_Staroměstské_radnice_1AAO3650.jpg
Old_Town_Hall_(Prague),190045,12,commons/Renovation_of_the_Old_Town_Hall_Tower_(Prague)/0/pictures/Rekonstrukce_Staroměstské_radnice_1AAO3652.jpg
Old_Town_Hall_(Prague),190045,12,commons/Renovation_of_the_Old_Town_Hall_Tower_(Prague)/0/pictures/Rekonstrukce_Staroměstské_radnice_1AAP6960.jpg
Old_Town_Hall_(Prague),190045,12,commons/Renovation_of_the_Old_Town_Hall_Tower_(Prague)/0/pictures/Rekonstrukce_Staroměstské_radnice_1AAP6962.jpg
Old_Town_Hall_(Prague),190045,13,commons/Renovation_of_the_Old_Town_Hall_Tower_(Prague)/0/pictures/Rekonstrukce_Staroměstské_radnice_1AAQ9996.jpg
Old_Town_Hall_(Prague),190045,13,commons/Renovation_of_the_Old_Town_Hall_Tower_(Prague)/0/pictures/Rekonstrukce_Staroměstské_radnice_1AAQ9987.jpg
Old_Town_Hall_(Prague),190045,13,commons/Renovation_of_the_Old_Town_Hall_Tower_(Prague)/0/pictures/Rekonstrukce_Staroměstské_radnice_1AAQ9978.jpg
Old_Town_Hall_(Prague),190045,13,commons/Renovation_of_the_Old_Town_Hall_Tower_(Prague)/0/pictures/Rekonstrukce_Staroměstské_radnice_1AAQ9973.jpg
Old_Town_Hall_(Prague),190045,13,commons/Renovation_of_the_Old_Town_Hall_Tower_(Prague)/0/pictures/Rekonstrukce_Staroměstské_radnice_1AAQ9960.jpg
Old_Town_Hall_(Prague),190045,13,commons/Renovation_of_the_Old_Town_Hall_Tower_(Prague)/0/pictures/Rekonstrukce_Staroměstské_radnice_1AAQ9959.jpg
Old_Town_Hall_(Prague),190045,13,commons/Renovation_of_the_Old_Town_Hall_Tower_(Prague)/0/pictures/Rekonstrukce_Staroměstské_radnice_1AAQ9809.jpg
Old_Town_Hall_(Prague),190045,13,commons/Renovation_of_the_Old_Town_Hall_Tower_(Prague)/0/pictures/Rekonstrukce_Staroměstské_radnice_1AAQ9803.jpg
Old_Town_Hall_(Prague),190045,13,commons/Renovation_of_the_Old_Town_Hall_Tower_(Prague)/0/pictures/Rekonstrukce_Staroměstské_radnice_1AAQ9794.jpg
Old_Town_Hall_(Prague),190045,13,commons/Renovation_of_the_Old_Town_Hall_Tower_(Prague)/0/pictures/Rekonstrukce_Staroměstské_radnice_1AAQ9779.jpg
Old_Town_Hall_(Prague),190045,13,commons/Renovation_of_the_Old_Town_Hall_Tower_(Prague)/0/pictures/Rekonstrukce_Staroměstské_radnice_1AAQ9753.jpg
Old_Town_Hall_(Prague),190045,13,commons/Renovation_of_the_Old_Town_Hall_Tower_(Prague)/0/pictures/Rekonstrukce_Staroměstské_radnice_1AAQ9738.jpg
Old_Town_Hall_(Prague),190045,13,commons/Renovation_of_the_Old_Town_Hall_Tower_(Prague)/0/pictures/Rekonstrukce_Staroměstské_radnice_1AAQ9732.jpg
Old_Town_Hall_(Prague),190045,13,commons/Renovation_of_the_Old_Town_Hall_Tower_(Prague)/0/pictures/Rekonstrukce_Staroměstské_radnice_1AAQ9729.jpg
Old_Town_Hall_(Prague),190045,13,commons/Renovation_of_the_Old_Town_Hall_Tower_(Prague)/0/pictures/Rekonstrukce_Staroměstské_radnice_1AAQ9575.jpg
Old_Town_Hall_(Prague),190045,13,commons/Renovation_of_the_Old_Town_Hall_Tower_(Prague)/0/pictures/Rekonstrukce_Staroměstské_radnice_1AAQ9570.jpg
Old_Town_Hall_(Prague),190045,13,commons/Renovation_of_the_Old_Town_Hall_Tower_(Prague)/0/pictures/Rekonstrukce_Staroměstské_radnice_1AAQ9556.jpg
Old_Town_Hall_(Prague),190045,13,commons/Renovation_of_the_Old_Town_Hall_Tower_(Prague)/0/pictures/Rekonstrukce_Staroměstské_radnice_1AAQ9542.jpg
Old_Town_Hall_(Prague),190045,13,commons/Renovation_of_the_Old_Town_Hall_Tower_(Prague)/0/pictures/Rekonstrukce_Staroměstské_radnice_1AAQ9521.jpg
Old_Town_Hall_(Prague),190045,13,commons/Renovation_of_the_Old_Town_Hall_Tower_(Prague)/0/pictures/Rekonstrukce_Staroměstské_radnice_1AAP5557.jpg
Old_Town_Hall_(Prague),190045,13,commons/Renovation_of_the_Old_Town_Hall_Tower_(Prague)/0/pictures/Rekonstrukce_Staroměstské_radnice_1AAQ9512.jpg
Old_Town_Hall_(Prague),190045,13,commons/Renovation_of_the_Old_Town_Hall_Tower_(Prague)/0/pictures/Rekonstrukce_Staroměstské_radnice_1AAP5551.jpg
Old_Town_Hall_(Prague),190045,13,commons/Renovation_of_the_Old_Town_Hall_Tower_(Prague)/0/pictures/Rekonstrukce_Staroměstské_radnice_1AAQ9501.jpg
Old_Town_Hall_(Prague),190045,13,commons/Renovation_of_the_Old_Town_Hall_Tower_(Prague)/0/pictures/Rekonstrukce_Staroměstské_radnice_1AAP5547.jpg
Old_Town_Hall_(Prague),190045,13,commons/Renovation_of_the_Old_Town_Hall_Tower_(Prague)/0/pictures/Rekonstrukce_Staroměstské_radnice_1AAQ9499.jpg
Old_Town_Hall_(Prague),190045,13,commons/Renovation_of_the_Old_Town_Hall_Tower_(Prague)/0/pictures/Rekonstrukce_Staroměstské_radnice_1AAP5541.jpg
Old_Town_Hall_(Prague),190045,13,commons/Renovation_of_the_Old_Town_Hall_Tower_(Prague)/0/pictures/Rekonstrukce_Staroměstské_radnice_1AAQ9350.jpg
Old_Town_Hall_(Prague),190045,13,commons/Renovation_of_the_Old_Town_Hall_Tower_(Prague)/0/pictures/Rekonstrukce_Staroměstské_radnice_1AAP5535.jpg
Old_Town_Hall_(Prague),190045,13,commons/Renovation_of_the_Old_Town_Hall_Tower_(Prague)/0/pictures/Rekonstrukce_Staroměstské_radnice_1AAQ9339.jpg
Old_Town_Hall_(Prague),190045,13,commons/Renovation_of_the_Old_Town_Hall_Tower_(Prague)/0/pictures/Rekonstrukce_Staroměstské_radnice_1AAP5521.jpg
Old_Town_Hall_(Prague),190045,13,commons/Renovation_of_the_Old_Town_Hall_Tower_(Prague)/0/pictures/Rekonstrukce_Staroměstské_radnice_1AAQ9333.jpg
Old_Town_Hall_(Prague),190045,13,commons/Renovation_of_the_Old_Town_Hall_Tower_(Prague)/0/pictures/Rekonstrukce_Staroměstské_radnice_1AAP5514.jpg
Old_Town_Hall_(Prague),190045,13,commons/Renovation_of_the_Old_Town_Hall_Tower_(Prague)/0/pictures/Rekonstrukce_Staroměstské_radnice_1AAQ9320.jpg
Old_Town_Hall_(Prague),190045,13,commons/Renovation_of_the_Old_Town_Hall_Tower_(Prague)/0/pictures/Rekonstrukce_Staroměstské_radnice_1AAP5512.jpg
Old_Town_Hall_(Prague),190045,13,commons/Renovation_of_the_Old_Town_Hall_Tower_(Prague)/0/pictures/Rekonstrukce_Staroměstské_radnice_1AAQ9312.jpg
Old_Town_Hall_(Prague),190045,13,commons/Renovation_of_the_Old_Town_Hall_Tower_(Prague)/0/pictures/Rekonstrukce_Staroměstské_radnice_1AAP5402.jpg
Old_Town_Hall_(Prague),190045,13,commons/Renovation_of_the_Old_Town_Hall_Tower_(Prague)/0/pictures/Rekonstrukce_Staroměstské_radnice_1AAQ9297.jpg
Old_Town_Hall_(Prague),190045,13,commons/Renovation_of_the_Old_Town_Hall_Tower_(Prague)/0/pictures/Rekonstrukce_Staroměstské_radnice_1AAP5395.jpg
Old_Town_Hall_(Prague),190045,13,commons/Renovation_of_the_Old_Town_Hall_Tower_(Prague)/0/pictures/Rekonstrukce_Staroměstské_radnice_1AAQ9291.jpg
Old_Town_Hall_(Prague),190045,13,commons/Renovation_of_the_Old_Town_Hall_Tower_(Prague)/0/pictures/Rekonstrukce_Staroměstské_radnice_1AAP5392.jpg
Old_Town_Hall_(Prague),190045,13,commons/Renovation_of_the_Old_Town_Hall_Tower_(Prague)/0/pictures/Rekonstrukce_Staroměstské_radnice_1AAQ9283.jpg
Old_Town_Hall_(Prague),190045,13,commons/Renovation_of_the_Old_Town_Hall_Tower_(Prague)/0/pictures/Rekonstrukce_Staroměstské_radnice_1AAP5388.jpg
Old_Town_Hall_(Prague),190045,13,commons/Renovation_of_the_Old_Town_Hall_Tower_(Prague)/0/pictures/Rekonstrukce_Staroměstské_radnice_1AAQ9278.jpg
Old_Town_Hall_(Prague),190045,13,commons/Renovation_of_the_Old_Town_Hall_Tower_(Prague)/0/pictures/Rekonstrukce_Staroměstské_radnice_1AAP5374.jpg
Old_Town_Hall_(Prague),190045,13,commons/Renovation_of_the_Old_Town_Hall_Tower_(Prague)/0/pictures/Rekonstrukce_Staroměstské_radnice_1AAQ9142.jpg
Old_Town_Hall_(Prague),190045,13,commons/Renovation_of_the_Old_Town_Hall_Tower_(Prague)/0/pictures/Rekonstrukce_Staroměstské_radnice_1AAP5365.jpg
Old_Town_Hall_(Prague),190045,13,commons/Renovation_of_the_Old_Town_Hall_Tower_(Prague)/0/pictures/Rekonstrukce_Staroměstské_radnice_1AAQ9126.jpg
Old_Town_Hall_(Prague),190045,13,commons/Renovation_of_the_Old_Town_Hall_Tower_(Prague)/0/pictures/Rekonstrukce_Staroměstské_radnice_1AAP5362.jpg
Old_Town_Hall_(Prague),190045,13,commons/Renovation_of_the_Old_Town_Hall_Tower_(Prague)/0/pictures/Rekonstrukce_Staroměstské_radnice_1AAQ9112.jpg
Old_Town_Hall_(Prague),190045,13,commons/Renovation_of_the_Old_Town_Hall_Tower_(Prague)/0/pictures/Rekonstrukce_Staroměstské_radnice_1AAP5354.jpg
Old_Town_Hall_(Prague),190045,13,commons/Renovation_of_the_Old_Town_Hall_Tower_(Prague)/0/pictures/Rekonstrukce_Staroměstské_radnice_1AAQ9090.jpg
Old_Town_Hall_(Prague),190045,13,commons/Renovation_of_the_Old_Town_Hall_Tower_(Prague)/0/pictures/Rekonstrukce_Staroměstské_radnice_1AAP5349.jpg
Old_Town_Hall_(Prague),190045,13,commons/Renovation_of_the_Old_Town_Hall_Tower_(Prague)/0/pictures/Rekonstrukce_Staroměstské_radnice_1AAQ9074.jpg
Old_Town_Hall_(Prague),190045,13,commons/Renovation_of_the_Old_Town_Hall_Tower_(Prague)/0/pictures/Rekonstrukce_Staroměstské_radnice_1AAP5336.jpg
Old_Town_Hall_(Prague),190045,13,commons/Renovation_of_the_Old_Town_Hall_Tower_(Prague)/0/pictures/Rekonstrukce_Staroměstské_radnice_1AAQ9066.jpg
Old_Town_Hall_(Prague),190045,13,commons/Renovation_of_the_Old_Town_Hall_Tower_(Prague)/0/pictures/Rekonstrukce_Staroměstské_radnice_1AAP5332.jpg
Old_Town_Hall_(Prague),190045,13,commons/Renovation_of_the_Old_Town_Hall_Tower_(Prague)/0/pictures/Rekonstrukce_Staroměstské_radnice_1AAQ9063.jpg
Old_Town_Hall_(Prague),190045,13,commons/Renovation_of_the_Old_Town_Hall_Tower_(Prague)/0/pictures/Rekonstrukce_Staroměstské_radnice_1AAP5182.jpg
Old_Town_Hall_(Prague),190045,13,commons/Renovation_of_the_Old_Town_Hall_Tower_(Prague)/0/pictures/Rekonstrukce_Staroměstské_radnice_1AAQ8941.jpg
Old_Town_Hall_(Prague),190045,13,commons/Renovation_of_the_Old_Town_Hall_Tower_(Prague)/0/pictures/Rekonstrukce_Staroměstské_radnice_1AAP5326.jpg
Old_Town_Hall_(Prague),190045,13,commons/Renovation_of_the_Old_Town_Hall_Tower_(Prague)/0/pictures/Rekonstrukce_Staroměstské_radnice_1AAQ8931.jpg
Old_Town_Hall_(Prague),190045,13,commons/Renovation_of_the_Old_Town_Hall_Tower_(Prague)/0/pictures/Rekonstrukce_Staroměstské_radnice_1AAP5175.jpg
Old_Town_Hall_(Prague),190045,13,commons/Renovation_of_the_Old_Town_Hall_Tower_(Prague)/0/pictures/Rekonstrukce_Staroměstské_radnice_1AAQ8917.jpg
Old_Town_Hall_(Prague),190045,13,commons/Renovation_of_the_Old_Town_Hall_Tower_(Prague)/0/pictures/Rekonstrukce_Staroměstské_radnice_1AAP5168.jpg
Old_Town_Hall_(Prague),190045,13,commons/Renovation_of_the_Old_Town_Hall_Tower_(Prague)/0/pictures/Rekonstrukce_Staroměstské_radnice_1AAQ8900.jpg
Old_Town_Hall_(Prague),190045,13,commons/Renovation_of_the_Old_Town_Hall_Tower_(Prague)/0/pictures/Rekonstrukce_Staroměstské_radnice_1AAP5155.jpg
Old_Town_Hall_(Prague),190045,13,commons/Renovation_of_the_Old_Town_Hall_Tower_(Prague)/0/pictures/Rekonstrukce_Staroměstské_radnice_1AAQ8896.jpg
Old_Town_Hall_(Prague),190045,13,commons/Renovation_of_the_Old_Town_Hall_Tower_(Prague)/0/pictures/Rekonstrukce_Staroměstské_radnice_1AAP5148.jpg
Old_Town_Hall_(Prague),190045,13,commons/Renovation_of_the_Old_Town_Hall_Tower_(Prague)/0/pictures/Rekonstrukce_Staroměstské_radnice_1AAQ8886.jpg
Old_Town_Hall_(Prague),190045,13,commons/Renovation_of_the_Old_Town_Hall_Tower_(Prague)/0/pictures/Rekonstrukce_Staroměstské_radnice_1AAP5141.jpg
Old_Town_Hall_(Prague),190045,13,commons/Renovation_of_the_Old_Town_Hall_Tower_(Prague)/0/pictures/Rekonstrukce_Staroměstské_radnice_1AAQ8881.jpg
Old_Town_Hall_(Prague),190045,13,commons/Renovation_of_the_Old_Town_Hall_Tower_(Prague)/0/pictures/Rekonstrukce_Staroměstské_radnice_1AAP5134.jpg
Old_Town_Hall_(Prague),190045,13,commons/Renovation_of_the_Old_Town_Hall_Tower_(Prague)/0/pictures/Rekonstrukce_Staroměstské_radnice_1AAP5127.jpg
Old_Town_Hall_(Prague),190045,13,commons/Renovation_of_the_Old_Town_Hall_Tower_(Prague)/0/pictures/Rekonstrukce_Staroměstské_radnice_1AAP5120.jpg
Old_Town_Hall_(Prague),190045,13,commons/Renovation_of_the_Old_Town_Hall_Tower_(Prague)/0/pictures/Rekonstrukce_Staroměstské_radnice_1AAP3566.jpg
Old_Town_Hall_(Prague),190045,13,commons/Renovation_of_the_Old_Town_Hall_Tower_(Prague)/0/pictures/Rekonstrukce_Staroměstské_radnice_1AAP3548.jpg
Old_Town_Hall_(Prague),190045,13,commons/Renovation_of_the_Old_Town_Hall_Tower_(Prague)/0/pictures/Rekonstrukce_Staroměstské_radnice_1AAP3538.jpg
Old_Town_Hall_(Prague),190045,13,commons/Renovation_of_the_Old_Town_Hall_Tower_(Prague)/0/pictures/Rekonstrukce_Staroměstské_radnice_1AAP3524.jpg
Old_Town_Hall_(Prague),190045,13,commons/Renovation_of_the_Old_Town_Hall_Tower_(Prague)/0/pictures/Rekonstrukce_Staroměstské_radnice_1AAP3522.jpg
Old_Town_Hall_(Prague),190045,13,commons/Renovation_of_the_Old_Town_Hall_Tower_(Prague)/0/pictures/Rekonstrukce_Staroměstské_radnice_1AAP3518.jpg
Old_Town_Hall_(Prague),190045,13,commons/Renovation_of_the_Old_Town_Hall_Tower_(Prague)/0/pictures/Rekonstrukce_Staroměstské_radnice_1AAP2987.jpg
Old_Town_Hall_(Prague),190045,13,commons/Renovation_of_the_Old_Town_Hall_Tower_(Prague)/0/pictures/Rekonstrukce_Staroměstské_radnice_1AAP2849.jpg
Old_Town_Hall_(Prague),190045,13,commons/Renovation_of_the_Old_Town_Hall_Tower_(Prague)/0/pictures/Rekonstrukce_Staroměstské_radnice_1AAP2983.jpg
Old_Town_Hall_(Prague),190045,13,commons/Renovation_of_the_Old_Town_Hall_Tower_(Prague)/0/pictures/Rekonstrukce_Staroměstské_radnice_1AAP2835.jpg
Old_Town_Hall_(Prague),190045,13,commons/Renovation_of_the_Old_Town_Hall_Tower_(Prague)/0/pictures/Rekonstrukce_Staroměstské_radnice_1AAP2827.jpg
Old_Town_Hall_(Prague),190045,13,commons/Renovation_of_the_Old_Town_Hall_Tower_(Prague)/0/pictures/Rekonstrukce_Staroměstské_radnice_1AAP3222.jpg
Old_Town_Hall_(Prague),190045,13,commons/Renovation_of_the_Old_Town_Hall_Tower_(Prague)/0/pictures/Rekonstrukce_Staroměstské_radnice_1AAP2479.jpg
Old_Town_Hall_(Prague),190045,13,commons/Renovation_of_the_Old_Town_Hall_Tower_(Prague)/0/pictures/Rekonstrukce_Staroměstské_radnice_1AAP3217.jpg
Old_Town_Hall_(Prague),190045,13,commons/Renovation_of_the_Old_Town_Hall_Tower_(Prague)/0/pictures/Rekonstrukce_Staroměstské_radnice_1AAP2470.jpg
Old_Town_Hall_(Prague),190045,13,commons/Renovation_of_the_Old_Town_Hall_Tower_(Prague)/0/pictures/Rekonstrukce_Staroměstské_radnice_1AAP3215.jpg
Old_Town_Hall_(Prague),190045,13,commons/Renovation_of_the_Old_Town_Hall_Tower_(Prague)/0/pictures/Rekonstrukce_Staroměstské_radnice_1AAP2465.jpg
Old_Town_Hall_(Prague),190045,13,commons/Renovation_of_the_Old_Town_Hall_Tower_(Prague)/0/pictures/Rekonstrukce_Staroměstské_radnice_1AAP3059.jpg
Old_Town_Hall_(Prague),190045,13,commons/Renovation_of_the_Old_Town_Hall_Tower_(Prague)/0/pictures/Rekonstrukce_Staroměstské_radnice_1AAP2464.jpg
Old_Town_Hall_(Prague),190045,13,commons/Renovation_of_the_Old_Town_Hall_Tower_(Prague)/0/pictures/Rekonstrukce_Staroměstské_radnice_1AAP3211.jpg
Old_Town_Hall_(Prague),190045,13,commons/Renovation_of_the_Old_Town_Hall_Tower_(Prague)/0/pictures/Rekonstrukce_Staroměstské_radnice_1AAP2462.jpg
Old_Town_Hall_(Prague),190045,13,commons/Renovation_of_the_Old_Town_Hall_Tower_(Prague)/0/pictures/Rekonstrukce_Staroměstské_radnice_1AAP3051.jpg
Old_Town_Hall_(Prague),190045,13,commons/Renovation_of_the_Old_Town_Hall_Tower_(Prague)/0/pictures/Rekonstrukce_Staroměstské_radnice_1AAP2407.jpg
Old_Town_Hall_(Prague),190045,13,commons/Renovation_of_the_Old_Town_Hall_Tower_(Prague)/0/pictures/Rekonstrukce_Staroměstské_radnice_1AAP3044.jpg
Old_Town_Hall_(Prague),190045,13,commons/Renovation_of_the_Old_Town_Hall_Tower_(Prague)/0/pictures/Rekonstrukce_Staroměstské_radnice_1AAP2393.jpg
Old_Town_Hall_(Prague),190045,13,commons/Renovation_of_the_Old_Town_Hall_Tower_(Prague)/0/pictures/Rekonstrukce_Staroměstské_radnice_1AAP3030.jpg
Old_Town_Hall_(Prague),190045,13,commons/Renovation_of_the_Old_Town_Hall_Tower_(Prague)/0/pictures/Rekonstrukce_Staroměstské_radnice_1AAP2389.jpg
Old_Town_Hall_(Prague),190045,13,commons/Renovation_of_the_Old_Town_Hall_Tower_(Prague)/0/pictures/Rekonstrukce_Staroměstské_radnice_1AAP3023.jpg
Old_Town_Hall_(Prague),190045,13,commons/Renovation_of_the_Old_Town_Hall_Tower_(Prague)/0/pictures/Rekonstrukce_Staroměstské_radnice_1AAP2383.jpg
Old_Town_Hall_(Prague),190045,13,commons/Renovation_of_the_Old_Town_Hall_Tower_(Prague)/0/pictures/Rekonstrukce_Staroměstské_radnice_1AAP3017.jpg
Old_Town_Hall_(Prague),190045,13,commons/Renovation_of_the_Old_Town_Hall_Tower_(Prague)/0/pictures/Rekonstrukce_Staroměstské_radnice_1AAP2379.jpg
Old_Town_Hall_(Prague),190045,13,commons/Renovation_of_the_Old_Town_Hall_Tower_(Prague)/0/pictures/Rekonstrukce_Staroměstské_radnice_1AAP3012.jpg
Old_Town_Hall_(Prague),190045,13,commons/Renovation_of_the_Old_Town_Hall_Tower_(Prague)/0/pictures/Rekonstrukce_Staroměstské_radnice_1AAP2370.jpg
Old_Town_Hall_(Prague),190045,13,commons/Renovation_of_the_Old_Town_Hall_Tower_(Prague)/0/pictures/Rekonstrukce_Staroměstské_radnice_1AAP3004.jpg
Old_Town_Hall_(Prague),190045,13,commons/Renovation_of_the_Old_Town_Hall_Tower_(Prague)/0/pictures/Rekonstrukce_Staroměstské_radnice_1AAP2366.jpg
Old_Town_Hall_(Prague),190045,13,commons/Renovation_of_the_Old_Town_Hall_Tower_(Prague)/0/pictures/Rekonstrukce_Staroměstské_radnice_1AAP2997.jpg
Old_Town_Hall_(Prague),190045,13,commons/Renovation_of_the_Old_Town_Hall_Tower_(Prague)/0/pictures/Rekonstrukce_Staroměstské_radnice_1AAP2365.jpg
Old_Town_Hall_(Prague),190045,13,commons/Renovation_of_the_Old_Town_Hall_Tower_(Prague)/0/pictures/Rekonstrukce_Staroměstské_radnice_1AAP3237.jpg
Old_Town_Hall_(Prague),190045,13,commons/Renovation_of_the_Old_Town_Hall_Tower_(Prague)/0/pictures/Rekonstrukce_Staroměstské_radnice_1AAP2486.jpg
Old_Town_Hall_(Prague),190045,13,commons/Renovation_of_the_Old_Town_Hall_Tower_(Prague)/0/pictures/Rekonstrukce_Staroměstské_radnice_1AAP3250.jpg
Old_Town_Hall_(Prague),190045,13,commons/Renovation_of_the_Old_Town_Hall_Tower_(Prague)/0/pictures/Rekonstrukce_Staroměstské_radnice_1AAP2490.jpg
Old_Town_Hall_(Prague),190045,13,commons/Renovation_of_the_Old_Town_Hall_Tower_(Prague)/0/pictures/Rekonstrukce_Staroměstské_radnice_1AAP3272.jpg
Old_Town_Hall_(Prague),190045,13,commons/Renovation_of_the_Old_Town_Hall_Tower_(Prague)/0/pictures/Rekonstrukce_Staroměstské_radnice_1AAP2494.jpg
Old_Town_Hall_(Prague),190045,13,commons/Renovation_of_the_Old_Town_Hall_Tower_(Prague)/0/pictures/Rekonstrukce_Staroměstské_radnice_1AAP2766.jpg
Old_Town_Hall_(Prague),190045,13,commons/Renovation_of_the_Old_Town_Hall_Tower_(Prague)/0/pictures/Rekonstrukce_Staroměstské_radnice_1AAP4960.jpg
Old_Town_Hall_(Prague),190045,13,commons/Renovation_of_the_Old_Town_Hall_Tower_(Prague)/0/pictures/Rekonstrukce_Staroměstské_radnice_1AAP3288.jpg
Old_Town_Hall_(Prague),190045,13,commons/Renovation_of_the_Old_Town_Hall_Tower_(Prague)/0/pictures/Rekonstrukce_Staroměstské_radnice_1AAP2498.jpg
Old_Town_Hall_(Prague),190045,13,commons/Renovation_of_the_Old_Town_Hall_Tower_(Prague)/0/pictures/Rekonstrukce_Staroměstské_radnice_1AAP2769.jpg
Old_Town_Hall_(Prague),190045,13,commons/Renovation_of_the_Old_Town_Hall_Tower_(Prague)/0/pictures/Rekonstrukce_Staroměstské_radnice_1AAP5104.jpg
Old_Town_Hall_(Prague),190045,13,commons/Renovation_of_the_Old_Town_Hall_Tower_(Prague)/0/pictures/Rekonstrukce_Staroměstské_radnice_1AAP3310.jpg
Old_Town_Hall_(Prague),190045,13,commons/Renovation_of_the_Old_Town_Hall_Tower_(Prague)/0/pictures/Rekonstrukce_Staroměstské_radnice_1AAP2501.jpg
Old_Town_Hall_(Prague),190045,13,commons/Renovation_of_the_Old_Town_Hall_Tower_(Prague)/0/pictures/Rekonstrukce_Staroměstské_radnice_1AAP2770.jpg
Old_Town_Hall_(Prague),190045,13,commons/Renovation_of_the_Old_Town_Hall_Tower_(Prague)/0/pictures/Rekonstrukce_Staroměstské_radnice_1AAP5110.jpg
Old_Town_Hall_(Prague),190045,13,commons/Renovation_of_the_Old_Town_Hall_Tower_(Prague)/0/pictures/Rekonstrukce_Staroměstské_radnice_1AAP3324.jpg
Old_Town_Hall_(Prague),190045,13,commons/Renovation_of_the_Old_Town_Hall_Tower_(Prague)/0/pictures/Rekonstrukce_Staroměstské_radnice_1AAP2507.jpg
Old_Town_Hall_(Prague),190045,13,commons/Renovation_of_the_Old_Town_Hall_Tower_(Prague)/0/pictures/Rekonstrukce_Staroměstské_radnice_1AAP2777.jpg
Old_Town_Hall_(Prague),190045,13,commons/Renovation_of_the_Old_Town_Hall_Tower_(Prague)/0/pictures/Rekonstrukce_Staroměstské_radnice_1AAP5112.jpg
Old_Town_Hall_(Prague),190045,13,commons/Renovation_of_the_Old_Town_Hall_Tower_(Prague)/0/pictures/Rekonstrukce_Staroměstské_radnice_1AAP2784.jpg
Old_Town_Hall_(Prague),190045,13,commons/Renovation_of_the_Old_Town_Hall_Tower_(Prague)/0/pictures/Rekonstrukce_Staroměstské_radnice_1AAP2793.jpg
Old_Town_Hall_(Prague),190045,13,commons/Renovation_of_the_Old_Town_Hall_Tower_(Prague)/0/pictures/Rekonstrukce_Staroměstské_radnice_1AAP2797.jpg
Old_Town_Hall_(Prague),190045,13,commons/Renovation_of_the_Old_Town_Hall_Tower_(Prague)/0/pictures/Rekonstrukce_Staroměstské_radnice_1AAP2802.jpg
Old_Town_Hall_(Prague),190045,13,commons/Renovation_of_the_Old_Town_Hall_Tower_(Prague)/0/pictures/Rekonstrukce_Staroměstské_radnice_1AAP2807.jpg
Old_Town_Hall_(Prague),190045,13,commons/Renovation_of_the_Old_Town_Hall_Tower_(Prague)/0/pictures/Rekonstrukce_Staroměstské_radnice_1AAP2814.jpg
Old_Town_Hall_(Prague),190045,13,commons/Renovation_of_the_Old_Town_Hall_Tower_(Prague)/0/pictures/Rekonstrukce_Staroměstské_radnice_1AAP3573.jpg
Old_Town_Hall_(Prague),190045,13,commons/Renovation_of_the_Old_Town_Hall_Tower_(Prague)/0/pictures/Rekonstrukce_Staroměstské_radnice_1AAP3580.jpg
Old_Town_Hall_(Prague),190045,13,commons/Renovation_of_the_Old_Town_Hall_Tower_(Prague)/0/pictures/Rekonstrukce_Staroměstské_radnice_1AAP3590.jpg
Old_Town_Hall_(Prague),190045,13,commons/Renovation_of_the_Old_Town_Hall_Tower_(Prague)/0/pictures/Rekonstrukce_Staroměstské_radnice_1AAP3600.jpg
Old_Town_Hall_(Prague),190045,13,commons/Renovation_of_the_Old_Town_Hall_Tower_(Prague)/0/pictures/Rekonstrukce_Staroměstské_radnice_1AAP3775.jpg
Old_Town_Hall_(Prague),190045,13,commons/Renovation_of_the_Old_Town_Hall_Tower_(Prague)/0/pictures/Rekonstrukce_Staroměstské_radnice_1AAP3779.jpg
Old_Town_Hall_(Prague),190045,13,commons/Renovation_of_the_Old_Town_Hall_Tower_(Prague)/0/pictures/Rekonstrukce_Staroměstské_radnice_1AAP3781.jpg
Old_Town_Hall_(Prague),190045,13,commons/Renovation_of_the_Old_Town_Hall_Tower_(Prague)/0/pictures/Rekonstrukce_Staroměstské_radnice_1AAP3790.jpg
Old_Town_Hall_(Prague),190045,13,commons/Renovation_of_the_Old_Town_Hall_Tower_(Prague)/0/pictures/Rekonstrukce_Staroměstské_radnice_1AAP3797.jpg
Old_Town_Hall_(Prague),190045,13,commons/Renovation_of_the_Old_Town_Hall_Tower_(Prague)/0/pictures/Rekonstrukce_Staroměstské_radnice_1AAP3810.jpg
Old_Town_Hall_(Prague),190045,13,commons/Renovation_of_the_Old_Town_Hall_Tower_(Prague)/0/pictures/Rekonstrukce_Staroměstské_radnice_1AAP3821.jpg
Old_Town_Hall_(Prague),190045,13,commons/Renovation_of_the_Old_Town_Hall_Tower_(Prague)/0/pictures/Rekonstrukce_Staroměstské_radnice_1AAP3836.jpg
Old_Town_Hall_(Prague),190045,13,commons/Renovation_of_the_Old_Town_Hall_Tower_(Prague)/0/pictures/Rekonstrukce_Staroměstské_radnice_1AAP3844.jpg
Old_Town_Hall_(Prague),190045,13,commons/Renovation_of_the_Old_Town_Hall_Tower_(Prague)/0/pictures/Rekonstrukce_Staroměstské_radnice_1AAP3851.jpg
Old_Town_Hall_(Prague),190045,13,commons/Renovation_of_the_Old_Town_Hall_Tower_(Prague)/0/pictures/Rekonstrukce_Staroměstské_radnice_1AAP4024.jpg
Old_Town_Hall_(Prague),190045,13,commons/Renovation_of_the_Old_Town_Hall_Tower_(Prague)/0/pictures/Rekonstrukce_Staroměstské_radnice_1AAP3856.jpg
Old_Town_Hall_(Prague),190045,13,commons/Renovation_of_the_Old_Town_Hall_Tower_(Prague)/0/pictures/Rekonstrukce_Staroměstské_radnice_1AAP4030.jpg
Old_Town_Hall_(Prague),190045,13,commons/Renovation_of_the_Old_Town_Hall_Tower_(Prague)/0/pictures/Rekonstrukce_Staroměstské_radnice_1AAP4031.jpg
Old_Town_Hall_(Prague),190045,13,commons/Renovation_of_the_Old_Town_Hall_Tower_(Prague)/0/pictures/Rekonstrukce_Staroměstské_radnice_1AAP4038.jpg
Old_Town_Hall_(Prague),190045,13,commons/Renovation_of_the_Old_Town_Hall_Tower_(Prague)/0/pictures/Rekonstrukce_Staroměstské_radnice_1AAP4046.jpg
Old_Town_Hall_(Prague),190045,13,commons/Renovation_of_the_Old_Town_Hall_Tower_(Prague)/0/pictures/Rekonstrukce_Staroměstské_radnice_1AAP4059.jpg
Old_Town_Hall_(Prague),190045,13,commons/Renovation_of_the_Old_Town_Hall_Tower_(Prague)/0/pictures/Rekonstrukce_Staroměstské_radnice_1AAP4066.jpg
Old_Town_Hall_(Prague),190045,13,commons/Renovation_of_the_Old_Town_Hall_Tower_(Prague)/0/pictures/Rekonstrukce_Staroměstské_radnice_1AAP4073.jpg
Old_Town_Hall_(Prague),190045,13,commons/Renovation_of_the_Old_Town_Hall_Tower_(Prague)/0/pictures/Rekonstrukce_Staroměstské_radnice_1AAP4080.jpg
Old_Town_Hall_(Prague),190045,13,commons/Renovation_of_the_Old_Town_Hall_Tower_(Prague)/0/pictures/Rekonstrukce_Staroměstské_radnice_1AAP4088.jpg
Old_Town_Hall_(Prague),190045,13,commons/Renovation_of_the_Old_Town_Hall_Tower_(Prague)/0/pictures/Rekonstrukce_Staroměstské_radnice_1AAP4102.jpg
Old_Town_Hall_(Prague),190045,13,commons/Renovation_of_the_Old_Town_Hall_Tower_(Prague)/0/pictures/Rekonstrukce_Staroměstské_radnice_1AAP4111.jpg
Old_Town_Hall_(Prague),190045,13,commons/Renovation_of_the_Old_Town_Hall_Tower_(Prague)/0/pictures/Rekonstrukce_Staroměstské_radnice_1AAP4282.jpg
Old_Town_Hall_(Prague),190045,13,commons/Renovation_of_the_Old_Town_Hall_Tower_(Prague)/0/pictures/Rekonstrukce_Staroměstské_radnice_1AAP4290.jpg
Old_Town_Hall_(Prague),190045,13,commons/Renovation_of_the_Old_Town_Hall_Tower_(Prague)/0/pictures/Rekonstrukce_Staroměstské_radnice_1AAP4292.jpg
Old_Town_Hall_(Prague),190045,13,commons/Renovation_of_the_Old_Town_Hall_Tower_(Prague)/0/pictures/Rekonstrukce_Staroměstské_radnice_1AAP4299.jpg
Old_Town_Hall_(Prague),190045,13,commons/Renovation_of_the_Old_Town_Hall_Tower_(Prague)/0/pictures/Rekonstrukce_Staroměstské_radnice_1AAP4313.jpg
Old_Town_Hall_(Prague),190045,13,commons/Renovation_of_the_Old_Town_Hall_Tower_(Prague)/0/pictures/Rekonstrukce_Staroměstské_radnice_1AAP4323.jpg
Old_Town_Hall_(Prague),190045,13,commons/Renovation_of_the_Old_Town_Hall_Tower_(Prague)/0/pictures/Rekonstrukce_Staroměstské_radnice_1AAP4332.jpg
Old_Town_Hall_(Prague),190045,13,commons/Renovation_of_the_Old_Town_Hall_Tower_(Prague)/0/pictures/Rekonstrukce_Staroměstské_radnice_1AAP4340.jpg
Old_Town_Hall_(Prague),190045,13,commons/Renovation_of_the_Old_Town_Hall_Tower_(Prague)/0/pictures/Rekonstrukce_Staroměstské_radnice_1AAP4348.jpg
Old_Town_Hall_(Prague),190045,13,commons/Renovation_of_the_Old_Town_Hall_Tower_(Prague)/0/pictures/Rekonstrukce_Staroměstské_radnice_1AAP4356.jpg
Old_Town_Hall_(Prague),190045,13,commons/Renovation_of_the_Old_Town_Hall_Tower_(Prague)/0/pictures/Rekonstrukce_Staroměstské_radnice_1AAP4365.jpg
Old_Town_Hall_(Prague),190045,13,commons/Renovation_of_the_Old_Town_Hall_Tower_(Prague)/0/pictures/Rekonstrukce_Staroměstské_radnice_1AAP4369.jpg
Old_Town_Hall_(Prague),190045,13,commons/Renovation_of_the_Old_Town_Hall_Tower_(Prague)/0/pictures/Rekonstrukce_Staroměstské_radnice_1AAP4378.jpg
Old_Town_Hall_(Prague),190045,13,commons/Renovation_of_the_Old_Town_Hall_Tower_(Prague)/0/pictures/Rekonstrukce_Staroměstské_radnice_1AAP4526.jpg
Old_Town_Hall_(Prague),190045,13,commons/Renovation_of_the_Old_Town_Hall_Tower_(Prague)/0/pictures/Rekonstrukce_Staroměstské_radnice_1AAP4530.jpg
Old_Town_Hall_(Prague),190045,13,commons/Renovation_of_the_Old_Town_Hall_Tower_(Prague)/0/pictures/Rekonstrukce_Staroměstské_radnice_1AAP4630.jpg
Old_Town_Hall_(Prague),190045,13,commons/Renovation_of_the_Old_Town_Hall_Tower_(Prague)/0/pictures/Rekonstrukce_Staroměstské_radnice_1AAP4632.jpg
Old_Town_Hall_(Prague),190045,13,commons/Renovation_of_the_Old_Town_Hall_Tower_(Prague)/0/pictures/Rekonstrukce_Staroměstské_radnice_1AAP4640.jpg
Old_Town_Hall_(Prague),190045,13,commons/Renovation_of_the_Old_Town_Hall_Tower_(Prague)/0/pictures/Rekonstrukce_Staroměstské_radnice_1AAP4648.jpg
Old_Town_Hall_(Prague),190045,13,commons/Renovation_of_the_Old_Town_Hall_Tower_(Prague)/0/pictures/Rekonstrukce_Staroměstské_radnice_1AAP4656.jpg
Old_Town_Hall_(Prague),190045,13,commons/Renovation_of_the_Old_Town_Hall_Tower_(Prague)/0/pictures/Rekonstrukce_Staroměstské_radnice_1AAP4673.jpg
Old_Town_Hall_(Prague),190045,13,commons/Renovation_of_the_Old_Town_Hall_Tower_(Prague)/0/pictures/Rekonstrukce_Staroměstské_radnice_1AAP4689.jpg
Old_Town_Hall_(Prague),190045,13,commons/Renovation_of_the_Old_Town_Hall_Tower_(Prague)/0/pictures/Rekonstrukce_Staroměstské_radnice_1AAP4697.jpg
Old_Town_Hall_(Prague),190045,13,commons/Renovation_of_the_Old_Town_Hall_Tower_(Prague)/0/pictures/Rekonstrukce_Staroměstské_radnice_1AAP4704.jpg
Old_Town_Hall_(Prague),190045,13,commons/Renovation_of_the_Old_Town_Hall_Tower_(Prague)/0/pictures/Rekonstrukce_Staroměstské_radnice_1AAP4712.jpg
Old_Town_Hall_(Prague),190045,13,commons/Renovation_of_the_Old_Town_Hall_Tower_(Prague)/0/pictures/Rekonstrukce_Staroměstské_radnice_1AAP4879.jpg
Old_Town_Hall_(Prague),190045,13,commons/Renovation_of_the_Old_Town_Hall_Tower_(Prague)/0/pictures/Rekonstrukce_Staroměstské_radnice_1AAP4716.jpg
Old_Town_Hall_(Prague),190045,13,commons/Renovation_of_the_Old_Town_Hall_Tower_(Prague)/0/pictures/Rekonstrukce_Staroměstské_radnice_1AAP4883.jpg
Old_Town_Hall_(Prague),190045,13,commons/Renovation_of_the_Old_Town_Hall_Tower_(Prague)/0/pictures/Rekonstrukce_Staroměstské_radnice_1AAP4886.jpg
Old_Town_Hall_(Prague),190045,13,commons/Renovation_of_the_Old_Town_Hall_Tower_(Prague)/0/pictures/Rekonstrukce_Staroměstské_radnice_1AAP4894.jpg
Old_Town_Hall_(Prague),190045,13,commons/Renovation_of_the_Old_Town_Hall_Tower_(Prague)/0/pictures/Rekonstrukce_Staroměstské_radnice_1AAP4903.jpg
Old_Town_Hall_(Prague),190045,13,commons/Renovation_of_the_Old_Town_Hall_Tower_(Prague)/0/pictures/Rekonstrukce_Staroměstské_radnice_1AAP4917.jpg
Old_Town_Hall_(Prague),190045,13,commons/Renovation_of_the_Old_Town_Hall_Tower_(Prague)/0/pictures/Rekonstrukce_Staroměstské_radnice_1AAP4923.jpg
Old_Town_Hall_(Prague),190045,13,commons/Renovation_of_the_Old_Town_Hall_Tower_(Prague)/0/pictures/Rekonstrukce_Staroměstské_radnice_1AAP4930.jpg
Old_Town_Hall_(Prague),190045,13,commons/Renovation_of_the_Old_Town_Hall_Tower_(Prague)/0/pictures/Rekonstrukce_Staroměstské_radnice_1AAP4937.jpg
Old_Town_Hall_(Prague),190045,13,commons/Renovation_of_the_Old_Town_Hall_Tower_(Prague)/0/pictures/Rekonstrukce_Staroměstské_radnice_1AAP4945.jpg
Old_Town_Hall_(Prague),190045,13,commons/Renovation_of_the_Old_Town_Hall_Tower_(Prague)/0/pictures/Rekonstrukce_Staroměstské_radnice_1AAP4952.jpg
Old_Town_Hall_(Prague),190045,14,commons/Renovation_of_the_Old_Town_Hall_Tower_(Prague)/0/pictures/Rekonstrukce_Staroměstské_radnice_1AAQ1196.jpg
Old_Town_Hall_(Prague),190045,14,commons/Renovation_of_the_Old_Town_Hall_Tower_(Prague)/0/pictures/Rekonstrukce_Staroměstské_radnice_1AAQ0979.jpg
Old_Town_Hall_(Prague),190045,14,commons/Renovation_of_the_Old_Town_Hall_Tower_(Prague)/0/pictures/Rekonstrukce_Staroměstské_radnice_1AAQ0977.jpg
Old_Town_Hall_(Prague),190045,14,commons/Renovation_of_the_Old_Town_Hall_Tower_(Prague)/0/pictures/Rekonstrukce_Staroměstské_radnice_1AAQ0966.jpg
Old_Town_Hall_(Prague),190045,14,commons/Renovation_of_the_Old_Town_Hall_Tower_(Prague)/0/pictures/Rekonstrukce_Staroměstské_radnice_1AAQ0964.jpg
Old_Town_Hall_(Prague),190045,14,commons/Renovation_of_the_Old_Town_Hall_Tower_(Prague)/0/pictures/Rekonstrukce_Staroměstské_radnice_1AAQ0956.jpg
Old_Town_Hall_(Prague),190045,14,commons/Renovation_of_the_Old_Town_Hall_Tower_(Prague)/0/pictures/Rekonstrukce_Staroměstské_radnice_1AAK4614.jpg
Old_Town_Hall_(Prague),190045,14,commons/Renovation_of_the_Old_Town_Hall_Tower_(Prague)/0/pictures/Rekonstrukce_Staroměstské_radnice_1AAK4618.jpg
Old_Town_Hall_(Prague),190045,14,commons/Renovation_of_the_Old_Town_Hall_Tower_(Prague)/0/pictures/Rekonstrukce_Staroměstské_radnice_1AAK4686.jpg
Old_Town_Hall_(Prague),190045,14,commons/Renovation_of_the_Old_Town_Hall_Tower_(Prague)/0/pictures/Rekonstrukce_Staroměstské_radnice_1AAK6392-HDR.jpg
Old_Town_Hall_(Prague),190045,14,commons/Renovation_of_the_Old_Town_Hall_Tower_(Prague)/0/pictures/Rekonstrukce_Staroměstské_radnice_1AAK4727-HDR.jpg
Old_Town_Hall_(Prague),190045,14,commons/Renovation_of_the_Old_Town_Hall_Tower_(Prague)/0/pictures/Rekonstrukce_Staroměstské_radnice_1AAQ1037.jpg
Old_Town_Hall_(Prague),190045,14,commons/Renovation_of_the_Old_Town_Hall_Tower_(Prague)/0/pictures/Rekonstrukce_Staroměstské_radnice_1AAK6037.jpg
Old_Town_Hall_(Prague),190045,14,commons/Renovation_of_the_Old_Town_Hall_Tower_(Prague)/0/pictures/Rekonstrukce_Staroměstské_radnice_1AAQ1024.jpg
Old_Town_Hall_(Prague),190045,14,commons/Renovation_of_the_Old_Town_Hall_Tower_(Prague)/0/pictures/Rekonstrukce_Staroměstské_radnice_1AAK6036.jpg
Old_Town_Hall_(Prague),190045,14,commons/Renovation_of_the_Old_Town_Hall_Tower_(Prague)/0/pictures/Rekonstrukce_Staroměstské_radnice_1AAP0413.jpg
Old_Town_Hall_(Prague),190045,14,commons/Renovation_of_the_Old_Town_Hall_Tower_(Prague)/0/pictures/Rekonstrukce_Staroměstské_radnice_1AAK6496-HDR.jpg
Old_Town_Hall_(Prague),190045,14,commons/Renovation_of_the_Old_Town_Hall_Tower_(Prague)/0/pictures/Rekonstrukce_Staroměstské_radnice_1AAQ1092.jpg
Old_Town_Hall_(Prague),190045,14,commons/Renovation_of_the_Old_Town_Hall_Tower_(Prague)/0/pictures/Rekonstrukce_Staroměstské_radnice_1AAK6039.jpg
Old_Town_Hall_(Prague),190045,14,commons/Renovation_of_the_Old_Town_Hall_Tower_(Prague)/0/pictures/Rekonstrukce_Staroměstské_radnice_1AAQ1147.jpg
Old_Town_Hall_(Prague),190045,14,commons/Renovation_of_the_Old_Town_Hall_Tower_(Prague)/0/pictures/Rekonstrukce_Staroměstské_radnice_1AAK6043.jpg
Old_Town_Hall_(Prague),190045,14,commons/Renovation_of_the_Old_Town_Hall_Tower_(Prague)/0/pictures/Rekonstrukce_Staroměstské_radnice_1AAK6076.jpg
Old_Town_Hall_(Prague),190045,14,commons/Renovation_of_the_Old_Town_Hall_Tower_(Prague)/0/pictures/Rekonstrukce_Staroměstské_radnice_1AAQ0962.jpg
Old_Town_Hall_(Prague),190045,14,commons/Renovation_of_the_Old_Town_Hall_Tower_(Prague)/0/pictures/Rekonstrukce_Staroměstské_radnice_1AAO3226.jpg
Old_Town_Hall_(Prague),190045,14,commons/Renovation_of_the_Old_Town_Hall_Tower_(Prague)/0/pictures/Rekonstrukce_Staroměstské_radnice_1AAK6128-Pano.jpg
Old_Town_Hall_(Prague),190045,15,commons/Renovation_of_the_Old_Town_Hall_Tower_(Prague)/0/pictures/Rekonstrukce_Staroměstské_radnice_1AAB8282.jpg
Old_Town_Hall_(Prague),190045,15,commons/Renovation_of_the_Old_Town_Hall_Tower_(Prague)/0/pictures/Rekonstrukce_Staroměstské_radnice_1AAB8271.jpg
Old_Town_Hall_(Prague),190045,15,commons/Renovation_of_the_Old_Town_Hall_Tower_(Prague)/0/pictures/Rekonstrukce_Staroměstské_radnice_1AAB8253.jpg
Old_Town_Hall_(Prague),190045,15,commons/Renovation_of_the_Old_Town_Hall_Tower_(Prague)/0/pictures/Rekonstrukce_Staroměstské_radnice_1AAB8261.jpg
Old_Town_Hall_(Prague),190045,15,commons/Renovation_of_the_Old_Town_Hall_Tower_(Prague)/0/pictures/Rekonstrukce_Staroměstské_radnice_1AAB8238.jpg
Old_Town_Hall_(Prague),190045,15,commons/Renovation_of_the_Old_Town_Hall_Tower_(Prague)/0/pictures/Rekonstrukce_Staroměstské_radnice_1AAB8264.jpg
Old_Town_Hall_(Prague),190045,15,commons/Renovation_of_the_Old_Town_Hall_Tower_(Prague)/0/pictures/Rekonstrukce_Staroměstské_radnice_1AAB8244.jpg
Old_Town_Hall_(Prague),190045,15,commons/Renovation_of_the_Old_Town_Hall_Tower_(Prague)/0/pictures/Rekonstrukce_Staroměstské_radnice_1AAB8236.jpg
Old_Town_Hall_(Prague),190045,15,commons/Renovation_of_the_Old_Town_Hall_Tower_(Prague)/0/pictures/Rekonstrukce_Staroměstské_radnice_1AAB8252.jpg
Old_Town_Hall_(Prague),190045,15,commons/Renovation_of_the_Old_Town_Hall_Tower_(Prague)/0/pictures/Rekonstrukce_Staroměstské_radnice_1AAB8289.jpg
Old_Town_Hall_(Prague),190045,15,commons/Chapel_of_the_Old_Town_Hall_(Prague)/0/pictures/Rekonstrukce_Staroměstské_radnice_1AAB8234.jpg
Old_Town_Hall_(Prague),190045,15,commons/Renovation_of_the_Old_Town_Hall_Tower_(Prague)/0/pictures/Rekonstrukce_Staroměstské_radnice_1AAB8290.jpg
Old_Town_Hall_(Prague),190045,15,commons/Chapel_of_the_Old_Town_Hall_(Prague)/0/pictures/Rekonstrukce_Staroměstské_radnice_1AAB8252.jpg
Old_Town_Hall_(Prague),190045,15,commons/Chapel_of_the_Old_Town_Hall_(Prague)/0/pictures/Rekonstrukce_Staroměstské_radnice_1AAB8236.jpg
Old_Town_Hall_(Prague),190045,15,commons/Chapel_of_the_Old_Town_Hall_(Prague)/0/pictures/Rekonstrukce_Staroměstské_radnice_1AAB8244.jpg
Old_Town_Hall_(Prague),190045,15,commons/Chapel_of_the_Old_Town_Hall_(Prague)/0/pictures/Rekonstrukce_Staroměstské_radnice_1AAB8264.jpg
Old_Town_Hall_(Prague),190045,15,commons/Chapel_of_the_Old_Town_Hall_(Prague)/0/pictures/Rekonstrukce_Staroměstské_radnice_1AAB8238.jpg
Old_Town_Hall_(Prague),190045,15,commons/Chapel_of_the_Old_Town_Hall_(Prague)/0/pictures/Rekonstrukce_Staroměstské_radnice_1AAB8261.jpg
Old_Town_Hall_(Prague),190045,15,commons/Renovation_of_the_Old_Town_Hall_Tower_(Prague)/0/pictures/Rekonstrukce_Staroměstské_radnice_1AAB8234.jpg
Old_Town_Hall_(Prague),190045,15,commons/Chapel_of_the_Old_Town_Hall_(Prague)/0/pictures/Rekonstrukce_Staroměstské_radnice_1AAB8253.jpg
Old_Town_Hall_(Prague),190045,15,commons/Chapel_of_the_Old_Town_Hall_(Prague)/0/pictures/Rekonstrukce_Staroměstské_radnice_1AAB8271.jpg
Old_Town_Hall_(Prague),190045,15,commons/Chapel_of_the_Old_Town_Hall_(Prague)/0/pictures/Rekonstrukce_Staroměstské_radnice_1AAB8282.jpg
Old_Town_Hall_(Prague),190045,15,commons/Chapel_of_the_Old_Town_Hall_(Prague)/0/pictures/Rekonstrukce_Staroměstské_radnice_1AAB8289.jpg
Old_Town_Hall_(Prague),190045,15,commons/Chapel_of_the_Old_Town_Hall_(Prague)/0/pictures/Rekonstrukce_Staroměstské_radnice_1AAB8290.jpg
Old_Town_Hall_(Prague),190045,16,commons/Renovation_of_the_Old_Town_Hall_Tower_(Prague)/0/pictures/Rekonstrukce_Staroměstské_radnice_1AAB2391.jpg
Old_Town_Hall_(Prague),190045,16,commons/Renovation_of_the_Old_Town_Hall_Tower_(Prague)/0/pictures/Rekonstrukce_Staroměstské_radnice_1AAB2388.jpg
Old_Town_Hall_(Prague),190045,16,commons/Chapel_of_the_Old_Town_Hall_(Prague)/0/pictures/Rekonstrukce_Staroměstské_radnice_1AAB2456.jpg
Old_Town_Hall_(Prague),190045,16,commons/Renovation_of_the_Old_Town_Hall_Tower_(Prague)/0/pictures/Rekonstrukce_Staroměstské_radnice_1AAB2462.jpg
Old_Town_Hall_(Prague),190045,16,commons/Chapel_of_the_Old_Town_Hall_(Prague)/0/pictures/Rekonstrukce_Staroměstské_radnice_1AAB2462.jpg
Old_Town_Hall_(Prague),190045,16,commons/Renovation_of_the_Old_Town_Hall_Tower_(Prague)/0/pictures/Rekonstrukce_Staroměstské_radnice_1AAB2456.jpg
Old_Town_Hall_(Prague),190045,16,commons/Chapel_of_the_Old_Town_Hall_(Prague)/0/pictures/Rekonstrukce_Staroměstské_radnice_1AAB2388.jpg
Old_Town_Hall_(Prague),190045,16,commons/Chapel_of_the_Old_Town_Hall_(Prague)/0/pictures/Rekonstrukce_Staroměstské_radnice_1AAB2407.jpg
Old_Town_Hall_(Prague),190045,16,commons/Renovation_of_the_Old_Town_Hall_Tower_(Prague)/0/pictures/Rekonstrukce_Staroměstské_radnice_1AAB2407.jpg
Old_Town_Hall_(Prague),190045,16,commons/Chapel_of_the_Old_Town_Hall_(Prague)/0/pictures/Rekonstrukce_Staroměstské_radnice_1AAB2391.jpg
Old_Town_Hall_(Prague),190045,17,commons/Renovation_of_the_Old_Town_Hall_Tower_(Prague)/0/pictures/Rekonstrukce_Staroměstské_radnice_1AAR9273-HDR.jpg
Old_Town_Hall_(Prague),190045,17,commons/Renovation_of_the_Old_Town_Hall_Tower_(Prague)/0/pictures/Rekonstrukce_Staroměstské_radnice_1AAR0700.jpg
Old_Town_Hall_(Prague),190045,17,commons/Renovation_of_the_Old_Town_Hall_Tower_(Prague)/0/pictures/Rekonstrukce_Staroměstské_radnice_1AAR0696.jpg
Old_Town_Hall_(Prague),190045,17,commons/Renovation_of_the_Old_Town_Hall_Tower_(Prague)/0/pictures/Rekonstrukce_Staroměstské_radnice_1AAR0692-HDR.jpg
Old_Town_Hall_(Prague),190045,17,commons/Renovation_of_the_Old_Town_Hall_Tower_(Prague)/0/pictures/Rekonstrukce_Staroměstské_radnice_1AAR0688-HDR.jpg
Old_Town_Hall_(Prague),190045,17,commons/Renovation_of_the_Old_Town_Hall_Tower_(Prague)/0/pictures/Rekonstrukce_Staroměstské_radnice_1AAR0684.jpg
Old_Town_Hall_(Prague),190045,17,commons/Renovation_of_the_Old_Town_Hall_Tower_(Prague)/0/pictures/Rekonstrukce_Staroměstské_radnice_1AAR0680.jpg
Old_Town_Hall_(Prague),190045,17,commons/Renovation_of_the_Old_Town_Hall_Tower_(Prague)/0/pictures/Rekonstrukce_Staroměstské_radnice_1AAR9317-HDR.jpg
Old_Town_Hall_(Prague),190045,17,commons/Renovation_of_the_Old_Town_Hall_Tower_(Prague)/0/pictures/Rekonstrukce_Staroměstské_radnice_1AAR0672.jpg
Old_Town_Hall_(Prague),190045,17,commons/Renovation_of_the_Old_Town_Hall_Tower_(Prague)/0/pictures/Rekonstrukce_Staroměstské_radnice_1AAR0676.jpg
Old_Town_Hall_(Prague),190045,17,commons/Renovation_of_the_Old_Town_Hall_Tower_(Prague)/0/pictures/Rekonstrukce_Staroměstské_radnice_1AAR0482.jpg
Old_Town_Hall_(Prague),190045,17,commons/Renovation_of_the_Old_Town_Hall_Tower_(Prague)/0/pictures/Rekonstrukce_Staroměstské_radnice_1AAR9277-HDR.jpg
Old_Town_Hall_(Prague),190045,17,commons/Renovation_of_the_Old_Town_Hall_Tower_(Prague)/0/pictures/Rekonstrukce_Staroměstské_radnice_1AAR0480.jpg
Old_Town_Hall_(Prague),190045,18,commons/Renovation_of_the_Old_Town_Hall_Tower_(Prague)/0/pictures/Rekonstrukce_Staroměstské_radnice_1AAP3059.jpg
Old_Town_Hall_(Prague),190045,18,commons/Renovation_of_the_Old_Town_Hall_Tower_(Prague)/0/pictures/Rekonstrukce_Staroměstské_radnice_1AAP2766.jpg
Old_Town_Hall_(Prague),190045,18,commons/Renovation_of_the_Old_Town_Hall_Tower_(Prague)/0/pictures/Rekonstrukce_Staroměstské_radnice_1AAK2854.jpg
Old_Town_Hall_(Prague),190045,18,commons/Renovation_of_the_Old_Town_Hall_Tower_(Prague)/0/pictures/Rekonstrukce_Staroměstské_radnice_1AAK2806.jpg
Old_Town_Hall_(Prague),190045,18,commons/Renovation_of_the_Old_Town_Hall_Tower_(Prague)/0/pictures/Rekonstrukce_Staroměstské_radnice_1AAK2801.jpg
Old_Town_Hall_(Prague),190045,18,commons/Renovation_of_the_Old_Town_Hall_Tower_(Prague)/0/pictures/Rekonstrukce_Staroměstské_radnice_1AAK2799.jpg
Old_Town_Hall_(Prague),190045,18,commons/Renovation_of_the_Old_Town_Hall_Tower_(Prague)/0/pictures/Rekonstrukce_Staroměstské_radnice_1AAK2795.jpg
Old_Town_Hall_(Prague),190045,18,commons/Renovation_of_the_Old_Town_Hall_Tower_(Prague)/0/pictures/Rekonstrukce_Staroměstské_radnice_1AAK2632.jpg
Old_Town_Hall_(Prague),190045,18,commons/Renovation_of_the_Old_Town_Hall_Tower_(Prague)/0/pictures/Rekonstrukce_Staroměstské_radnice_1AAK2629.jpg
Old_Town_Hall_(Prague),190045,18,commons/Renovation_of_the_Old_Town_Hall_Tower_(Prague)/0/pictures/Rekonstrukce_Staroměstské_radnice_1AAK2627.jpg
Old_Town_Hall_(Prague),190045,18,commons/Renovation_of_the_Old_Town_Hall_Tower_(Prague)/0/pictures/Rekonstrukce_Staroměstské_radnice_1AAQ0675.jpg
Old_Town_Hall_(Prague),190045,18,commons/Renovation_of_the_Old_Town_Hall_Tower_(Prague)/0/pictures/Rekonstrukce_Staroměstské_radnice_1AAK2788.jpg
Old_Town_Hall_(Prague),190045,18,commons/Renovation_of_the_Old_Town_Hall_Tower_(Prague)/0/pictures/Rekonstrukce_Staroměstské_radnice_1AAK2883.jpg
Old_Town_Hall_(Prague),190045,18,commons/Renovation_of_the_Old_Town_Hall_Tower_(Prague)/0/pictures/Rekonstrukce_Staroměstské_radnice_1AAK2624.jpg
Old_Town_Hall_(Prague),190045,18,commons/Renovation_of_the_Old_Town_Hall_Tower_(Prague)/0/pictures/Rekonstrukce_Staroměstské_radnice_1AAK2782.jpg
Old_Town_Hall_(Prague),190045,18,commons/Renovation_of_the_Old_Town_Hall_Tower_(Prague)/0/pictures/Rekonstrukce_Staroměstské_radnice_1AAK2621.jpg
Old_Town_Hall_(Prague),190045,18,commons/Renovation_of_the_Old_Town_Hall_Tower_(Prague)/0/pictures/Rekonstrukce_Staroměstské_radnice_1AAK2775.jpg
Old_Town_Hall_(Prague),190045,18,commons/Renovation_of_the_Old_Town_Hall_Tower_(Prague)/0/pictures/Rekonstrukce_Staroměstské_radnice_1AAK2882.jpg
Old_Town_Hall_(Prague),190045,18,commons/Renovation_of_the_Old_Town_Hall_Tower_(Prague)/0/pictures/Rekonstrukce_Staroměstské_radnice_1AAK2620.jpg
Old_Town_Hall_(Prague),190045,18,commons/Renovation_of_the_Old_Town_Hall_Tower_(Prague)/0/pictures/Rekonstrukce_Staroměstské_radnice_1AAQ0663.jpg
Old_Town_Hall_(Prague),190045,18,commons/Renovation_of_the_Old_Town_Hall_Tower_(Prague)/0/pictures/Rekonstrukce_Staroměstské_radnice_1AAK2768.jpg
Old_Town_Hall_(Prague),190045,18,commons/Renovation_of_the_Old_Town_Hall_Tower_(Prague)/0/pictures/Rekonstrukce_Staroměstské_radnice_1AAK2652.jpg
Old_Town_Hall_(Prague),190045,18,commons/Renovation_of_the_Old_Town_Hall_Tower_(Prague)/0/pictures/Rekonstrukce_Staroměstské_radnice_1AAK2612.jpg
Old_Town_Hall_(Prague),190045,18,commons/Renovation_of_the_Old_Town_Hall_Tower_(Prague)/0/pictures/Rekonstrukce_Staroměstské_radnice_1AAK2765.jpg
Old_Town_Hall_(Prague),190045,18,commons/Renovation_of_the_Old_Town_Hall_Tower_(Prague)/0/pictures/Rekonstrukce_Staroměstské_radnice_1AAK2649.jpg
Old_Town_Hall_(Prague),190045,18,commons/Renovation_of_the_Old_Town_Hall_Tower_(Prague)/0/pictures/Rekonstrukce_Staroměstské_radnice_1AAK2610.jpg
Old_Town_Hall_(Prague),190045,18,commons/Renovation_of_the_Old_Town_Hall_Tower_(Prague)/0/pictures/Rekonstrukce_Staroměstské_radnice_1AAK2751.jpg
Old_Town_Hall_(Prague),190045,18,commons/Renovation_of_the_Old_Town_Hall_Tower_(Prague)/0/pictures/Rekonstrukce_Staroměstské_radnice_1AAK2646.jpg
Old_Town_Hall_(Prague),190045,18,commons/Renovation_of_the_Old_Town_Hall_Tower_(Prague)/0/pictures/Rekonstrukce_Staroměstské_radnice_1AAK2605.jpg
Old_Town_Hall_(Prague),190045,18,commons/Renovation_of_the_Old_Town_Hall_Tower_(Prague)/0/pictures/Rekonstrukce_Staroměstské_radnice_1AAK2758.jpg
Old_Town_Hall_(Prague),190045,18,commons/Renovation_of_the_Old_Town_Hall_Tower_(Prague)/0/pictures/Rekonstrukce_Staroměstské_radnice_1AAK1113.jpg
Old_Town_Hall_(Prague),190045,18,commons/Renovation_of_the_Old_Town_Hall_Tower_(Prague)/0/pictures/Rekonstrukce_Staroměstské_radnice_1AAK2657.jpg
Old_Town_Hall_(Prague),190045,18,commons/Renovation_of_the_Old_Town_Hall_Tower_(Prague)/0/pictures/Rekonstrukce_Staroměstské_radnice_1AAK2662.jpg
Old_Town_Hall_(Prague),190045,18,commons/Renovation_of_the_Old_Town_Hall_Tower_(Prague)/0/pictures/Rekonstrukce_Staroměstské_radnice_1AAK2666.jpg
Old_Town_Hall_(Prague),190045,18,commons/Renovation_of_the_Old_Town_Hall_Tower_(Prague)/0/pictures/Rekonstrukce_Staroměstské_radnice_1AAK2678.jpg
Old_Town_Hall_(Prague),190045,18,commons/Renovation_of_the_Old_Town_Hall_Tower_(Prague)/0/pictures/Rekonstrukce_Staroměstské_radnice_1AAK2682.jpg
Old_Town_Hall_(Prague),190045,18,commons/Renovation_of_the_Old_Town_Hall_Tower_(Prague)/0/pictures/Rekonstrukce_Staroměstské_radnice_1AAK2729.jpg
Old_Town_Hall_(Prague),190045,18,commons/Renovation_of_the_Old_Town_Hall_Tower_(Prague)/0/pictures/Rekonstrukce_Staroměstské_radnice_1AAK2732.jpg
Old_Town_Hall_(Prague),190045,18,commons/Renovation_of_the_Old_Town_Hall_Tower_(Prague)/0/pictures/Rekonstrukce_Staroměstské_radnice_1AAK2736.jpg
Old_Town_Hall_(Prague),190045,18,commons/Renovation_of_the_Old_Town_Hall_Tower_(Prague)/0/pictures/Rekonstrukce_Staroměstské_radnice_1AAK2739.jpg
Old_Town_Hall_(Prague),190045,19,commons/Renovation_of_the_Old_Town_Hall_Tower_(Prague)/0/pictures/Rekonstrukce_Staroměstské_radnice_1AAP6885.jpg
Old_Town_Hall_(Prague),190045,19,commons/Renovation_of_the_Old_Town_Hall_Tower_(Prague)/0/pictures/Rekonstrukce_Staroměstské_radnice_1AAO3471.jpg
Old_Town_Hall_(Prague),190045,19,commons/Renovation_of_the_Old_Town_Hall_Tower_(Prague)/0/pictures/Rekonstrukce_Staroměstské_radnice_1AAO3468.jpg
Old_Town_Hall_(Prague),190045,19,commons/Renovation_of_the_Old_Town_Hall_Tower_(Prague)/0/pictures/Rekonstrukce_Staroměstské_radnice_1AAO3465.jpg
Old_Town_Hall_(Prague),190045,19,commons/Renovation_of_the_Old_Town_Hall_Tower_(Prague)/0/pictures/Rekonstrukce_Staroměstské_radnice_1AAQ0821.jpg
Old_Town_Hall_(Prague),190045,19,commons/Renovation_of_the_Old_Town_Hall_Tower_(Prague)/0/pictures/Rekonstrukce_Staroměstské_radnice_1AAO3464.jpg
Old_Town_Hall_(Prague),190045,19,commons/Renovation_of_the_Old_Town_Hall_Tower_(Prague)/0/pictures/Rekonstrukce_Staroměstské_radnice_1AAO3462.jpg
Old_Town_Hall_(Prague),190045,19,commons/Renovation_of_the_Old_Town_Hall_Tower_(Prague)/0/pictures/Rekonstrukce_Staroměstské_radnice_1AAO3461.jpg
Old_Town_Hall_(Prague),190045,19,commons/Renovation_of_the_Old_Town_Hall_Tower_(Prague)/0/pictures/Rekonstrukce_Staroměstské_radnice_1AAO3459.jpg
Old_Town_Hall_(Prague),190045,19,commons/Renovation_of_the_Old_Town_Hall_Tower_(Prague)/0/pictures/Rekonstrukce_Staroměstské_radnice_1AAO2851.jpg
Old_Town_Hall_(Prague),190045,20,commons/Renovation_of_the_Old_Town_Hall_Tower_(Prague)/0/pictures/Rekonstrukce_Staroměstské_radnice_1AAQ6409.jpg
Old_Town_Hall_(Prague),190045,20,commons/Renovation_of_the_Old_Town_Hall_Tower_(Prague)/0/pictures/Rekonstrukce_Staroměstské_radnice_1AAQ6413.jpg
Old_Town_Hall_(Prague),190045,20,commons/Renovation_of_the_Old_Town_Hall_Tower_(Prague)/0/pictures/Rekonstrukce_Staroměstské_radnice_1AAQ0799.jpg
Old_Town_Hall_(Prague),190045,20,commons/Renovation_of_the_Old_Town_Hall_Tower_(Prague)/0/pictures/Rekonstrukce_Staroměstské_radnice_1AAQ6412.jpg
Old_Town_Hall_(Prague),190045,20,commons/Renovation_of_the_Old_Town_Hall_Tower_(Prague)/0/pictures/Rekonstrukce_Staroměstské_radnice_1AAQ0798.jpg
Old_Town_Hall_(Prague),190045,20,commons/Renovation_of_the_Old_Town_Hall_Tower_(Prague)/0/pictures/Rekonstrukce_Staroměstské_radnice_1AAO4707.jpg
Old_Town_Hall_(Prague),190045,20,commons/Renovation_of_the_Old_Town_Hall_Tower_(Prague)/0/pictures/Rekonstrukce_Staroměstské_radnice_1AAP6559.jpg
Old_Town_Hall_(Prague),190045,20,commons/Renovation_of_the_Old_Town_Hall_Tower_(Prague)/0/pictures/Rekonstrukce_Staroměstské_radnice_1AAO4689.jpg
Old_Town_Hall_(Prague),190045,20,commons/Renovation_of_the_Old_Town_Hall_Tower_(Prague)/0/pictures/Rekonstrukce_Staroměstské_radnice_1AAO3705.jpg
Old_Town_Hall_(Prague),190045,20,commons/Renovation_of_the_Old_Town_Hall_Tower_(Prague)/0/pictures/Rekonstrukce_Staroměstské_radnice_1AAN4546.jpg
Old_Town_Hall_(Prague),190045,20,commons/Renovation_of_the_Old_Town_Hall_Tower_(Prague)/0/pictures/Rekonstrukce_Staroměstské_radnice_1AAL7603.jpg
Old_Town_Hall_(Prague),190045,21,commons/Renovation_of_the_Old_Town_Hall_Tower_(Prague)/0/pictures/Rekonstrukce_Staroměstské_radnice_1AAL9373.jpg
Old_Town_Hall_(Prague),190045,21,commons/Renovation_of_the_Old_Town_Hall_Tower_(Prague)/0/pictures/Rekonstrukce_Staroměstské_radnice_1AAL9367.jpg
Old_Town_Hall_(Prague),190045,21,commons/Renovation_of_the_Old_Town_Hall_Tower_(Prague)/0/pictures/Rekonstrukce_Staroměstské_radnice_1AAL9364.jpg
Old_Town_Hall_(Prague),190045,21,commons/Renovation_of_the_Old_Town_Hall_Tower_(Prague)/0/pictures/Rekonstrukce_Staroměstské_radnice_1AAL9017.jpg
Old_Town_Hall_(Prague),190045,21,commons/Renovation_of_the_Old_Town_Hall_Tower_(Prague)/0/pictures/Rekonstrukce_Staroměstské_radnice_1AAL8972.jpg
Old_Town_Hall_(Prague),190045,21,commons/Renovation_of_the_Old_Town_Hall_Tower_(Prague)/0/pictures/Rekonstrukce_Staroměstské_radnice_1AAL8967.jpg
Old_Town_Hall_(Prague),190045,21,commons/Renovation_of_the_Old_Town_Hall_Tower_(Prague)/0/pictures/Rekonstrukce_Staroměstské_radnice_1AAL8965.jpg
Old_Town_Hall_(Prague),190045,21,commons/Renovation_of_the_Old_Town_Hall_Tower_(Prague)/0/pictures/Rekonstrukce_Staroměstské_radnice_1AAL9375.jpg
Old_Town_Hall_(Prague),190045,21,commons/Renovation_of_the_Old_Town_Hall_Tower_(Prague)/0/pictures/Rekonstrukce_Staroměstské_radnice_1AAL9031.jpg
Old_Town_Hall_(Prague),190045,21,commons/Renovation_of_the_Old_Town_Hall_Tower_(Prague)/0/pictures/Rekonstrukce_Staroměstské_radnice_1AAL8963.jpg
Old_Town_Hall_(Prague),190045,22,commons/Renovation_of_the_Old_Town_Hall_Tower_(Prague)/0/pictures/Rekonstrukce_Staroměstské_radnice_1AAi0186.jpg
Old_Town_Hall_(Prague),190045,22,commons/Renovation_of_the_Old_Town_Hall_Tower_(Prague)/0/pictures/Rekonstrukce_Staroměstské_radnice_1AAi0183.jpg
Old_Town_Hall_(Prague),190045,22,commons/Renovation_of_the_Old_Town_Hall_Tower_(Prague)/0/pictures/Rekonstrukce_Staroměstské_radnice_1AAR2083-HDR.jpg
Old_Town_Hall_(Prague),190045,22,commons/Renovation_of_the_Old_Town_Hall_Tower_(Prague)/0/pictures/Rekonstrukce_Staroměstské_radnice_1AAR2079-HDR.jpg
Old_Town_Hall_(Prague),190045,22,commons/Renovation_of_the_Old_Town_Hall_Tower_(Prague)/0/pictures/Rekonstrukce_Staroměstské_radnice_1AAR20751HDR.jpg
Old_Town_Hall_(Prague),190045,22,commons/Renovation_of_the_Old_Town_Hall_Tower_(Prague)/0/pictures/Rekonstrukce_Staroměstské_radnice_1AAR1953.jpg
Old_Town_Hall_(Prague),190045,22,commons/Renovation_of_the_Old_Town_Hall_Tower_(Prague)/0/pictures/Rekonstrukce_Staroměstské_radnice_1AAR1941.jpg
Old_Town_Hall_(Prague),190045,22,commons/Renovation_of_the_Old_Town_Hall_Tower_(Prague)/0/pictures/Rekonstrukce_Staroměstské_radnice_1AAR1834.jpg
Old_Town_Hall_(Prague),190045,22,commons/Renovation_of_the_Old_Town_Hall_Tower_(Prague)/0/pictures/Rekonstrukce_Staroměstské_radnice_1AAR1830.jpg
Old_Town_Hall_(Prague),190045,22,commons/Renovation_of_the_Old_Town_Hall_Tower_(Prague)/0/pictures/Rekonstrukce_Staroměstské_radnice_1AAR1826.jpg
Old_Town_Hall_(Prague),190045,22,commons/Renovation_of_the_Old_Town_Hall_Tower_(Prague)/0/pictures/Rekonstrukce_Staroměstské_radnice_1AAR1822.jpg
Old_Town_Hall_(Prague),190045,22,commons/Renovation_of_the_Old_Town_Hall_Tower_(Prague)/0/pictures/Rekonstrukce_Staroměstské_radnice_1AAR1818.jpg
Old_Town_Hall_(Prague),190045,22,commons/Renovation_of_the_Old_Town_Hall_Tower_(Prague)/0/pictures/Rekonstrukce_Staroměstské_radnice_1AAR1756.jpg
Old_Town_Hall_(Prague),190045,22,commons/Renovation_of_the_Old_Town_Hall_Tower_(Prague)/0/pictures/Rekonstrukce_Staroměstské_radnice_1AAR1728.jpg
Old_Town_Hall_(Prague),190045,22,commons/Renovation_of_the_Old_Town_Hall_Tower_(Prague)/0/pictures/Rekonstrukce_Staroměstské_radnice_1AAR1754-2.jpg
Old_Town_Hall_(Prague),190045,22,commons/Renovation_of_the_Old_Town_Hall_Tower_(Prague)/0/pictures/Rekonstrukce_Staroměstské_radnice_1AAR1689.jpg
Old_Town_Hall_(Prague),190045,22,commons/Renovation_of_the_Old_Town_Hall_Tower_(Prague)/0/pictures/Rekonstrukce_Staroměstské_radnice_1AAR1520.jpg
Old_Town_Hall_(Prague),190045,22,commons/Renovation_of_the_Old_Town_Hall_Tower_(Prague)/0/pictures/Rekonstrukce_Staroměstské_radnice_1AAR0493.jpg
Old_Town_Hall_(Prague),190045,22,commons/Renovation_of_the_Old_Town_Hall_Tower_(Prague)/0/pictures/Rekonstrukce_Staroměstské_radnice_1AAR0476.jpg
Old_Town_Hall_(Prague),190045,22,commons/Renovation_of_the_Old_Town_Hall_Tower_(Prague)/0/pictures/Rekonstrukce_Staroměstské_radnice_1AAR1815.jpg
Old_Town_Hall_(Prague),190045,22,commons/Renovation_of_the_Old_Town_Hall_Tower_(Prague)/0/pictures/Rekonstrukce_Staroměstské_radnice_1AAQ4834.jpg
Old_Town_Hall_(Prague),190045,22,commons/Renovation_of_the_Old_Town_Hall_Tower_(Prague)/0/pictures/Rekonstrukce_Staroměstské_radnice_1AAR1805.jpg
Old_Town_Hall_(Prague),190045,22,commons/Renovation_of_the_Old_Town_Hall_Tower_(Prague)/0/pictures/Rekonstrukce_Staroměstské_radnice_1AAQ4832.jpg
Old_Town_Hall_(Prague),190045,22,commons/Renovation_of_the_Old_Town_Hall_Tower_(Prague)/0/pictures/Rekonstrukce_Staroměstské_radnice_1AAR1802.jpg
Old_Town_Hall_(Prague),190045,22,commons/Renovation_of_the_Old_Town_Hall_Tower_(Prague)/0/pictures/Rekonstrukce_Staroměstské_radnice_1AAQ4830.jpg
Old_Town_Hall_(Prague),190045,22,commons/Renovation_of_the_Old_Town_Hall_Tower_(Prague)/0/pictures/Rekonstrukce_Staroměstské_radnice_1AAR1758.jpg
Old_Town_Hall_(Prague),190045,22,commons/Renovation_of_the_Old_Town_Hall_Tower_(Prague)/0/pictures/Rekonstrukce_Staroměstské_radnice_1AAQ4828.jpg
Old_Town_Hall_(Prague),190045,22,commons/Renovation_of_the_Old_Town_Hall_Tower_(Prague)/0/pictures/Rekonstrukce_Staroměstské_radnice_1AAQ4798.jpg
Old_Town_Hall_(Prague),190045,22,commons/Renovation_of_the_Old_Town_Hall_Tower_(Prague)/0/pictures/Rekonstrukce_Staroměstské_radnice_1AAQ4763.jpg
Old_Town_Hall_(Prague),190045,22,commons/Renovation_of_the_Old_Town_Hall_Tower_(Prague)/0/pictures/Rekonstrukce_Staroměstské_radnice_1AAQ4619.jpg
Old_Town_Hall_(Prague),190045,22,commons/Renovation_of_the_Old_Town_Hall_Tower_(Prague)/0/pictures/Rekonstrukce_Staroměstské_radnice_1AAQ4581.jpg
Old_Town_Hall_(Prague),190045,22,commons/Renovation_of_the_Old_Town_Hall_Tower_(Prague)/0/pictures/Rekonstrukce_Staroměstské_radnice_1AAI0877.jpg
Old_Town_Hall_(Prague),190045,22,commons/Renovation_of_the_Old_Town_Hall_Tower_(Prague)/0/pictures/Rekonstrukce_Staroměstské_radnice_1AAI0872.jpg
Old_Town_Hall_(Prague),190045,22,commons/Renovation_of_the_Old_Town_Hall_Tower_(Prague)/0/pictures/Rekonstrukce_Staroměstské_radnice_1AAI0867.jpg
Old_Town_Hall_(Prague),190045,22,commons/Renovation_of_the_Old_Town_Hall_Tower_(Prague)/0/pictures/Rekonstrukce_Staroměstské_radnice_1AAH2969.jpg
Old_Town_Hall_(Prague),190045,22,commons/Renovation_of_the_Old_Town_Hall_Tower_(Prague)/0/pictures/Rekonstrukce_Staroměstské_radnice_1AAQ4492.jpg
Old_Town_Hall_(Prague),190045,22,commons/Renovation_of_the_Old_Town_Hall_Tower_(Prague)/0/pictures/Rekonstrukce_Staroměstské_radnice_1AAI0853.jpg
Old_Town_Hall_(Prague),190045,22,commons/Renovation_of_the_Old_Town_Hall_Tower_(Prague)/0/pictures/Rekonstrukce_Staroměstské_radnice_1AAQ4486.jpg
Old_Town_Hall_(Prague),190045,22,commons/Renovation_of_the_Old_Town_Hall_Tower_(Prague)/0/pictures/Rekonstrukce_Staroměstské_radnice_1AAI0851.jpg
Old_Town_Hall_(Prague),190045,22,commons/Renovation_of_the_Old_Town_Hall_Tower_(Prague)/0/pictures/Rekonstrukce_Staroměstské_radnice_1AAI0823.jpg
Old_Town_Hall_(Prague),190045,22,commons/Renovation_of_the_Old_Town_Hall_Tower_(Prague)/0/pictures/Rekonstrukce_Staroměstské_radnice_1AAI0670.jpg
Old_Town_Hall_(Prague),190045,22,commons/Renovation_of_the_Old_Town_Hall_Tower_(Prague)/0/pictures/Rekonstrukce_Staroměstské_radnice_1AAI0668.jpg
Old_Town_Hall_(Prague),190045,22,commons/Renovation_of_the_Old_Town_Hall_Tower_(Prague)/0/pictures/Rekonstrukce_Staroměstské_radnice_1AAI0667.jpg
Old_Town_Hall_(Prague),190045,22,commons/Renovation_of_the_Old_Town_Hall_Tower_(Prague)/0/pictures/Rekonstrukce_Staroměstské_radnice_1AAI0665.jpg
Old_Town_Hall_(Prague),190045,22,commons/Renovation_of_the_Old_Town_Hall_Tower_(Prague)/0/pictures/Rekonstrukce_Staroměstské_radnice_1AAI0651.jpg
Old_Town_Hall_(Prague),190045,22,commons/Renovation_of_the_Old_Town_Hall_Tower_(Prague)/0/pictures/Rekonstrukce_Staroměstské_radnice_1AAI0649.jpg
Old_Town_Hall_(Prague),190045,22,commons/Renovation_of_the_Old_Town_Hall_Tower_(Prague)/0/pictures/Rekonstrukce_Staroměstské_radnice_1AAI0646.jpg
Old_Town_Hall_(Prague),190045,22,commons/Renovation_of_the_Old_Town_Hall_Tower_(Prague)/0/pictures/Rekonstrukce_Staroměstské_radnice_1AAI0610.jpg
Old_Town_Hall_(Prague),190045,22,commons/Renovation_of_the_Old_Town_Hall_Tower_(Prague)/0/pictures/Rekonstrukce_Staroměstské_radnice_1AAI0604.jpg
Old_Town_Hall_(Prague),190045,22,commons/Renovation_of_the_Old_Town_Hall_Tower_(Prague)/0/pictures/Rekonstrukce_Staroměstské_radnice_1AAI0601.jpg
Old_Town_Hall_(Prague),190045,22,commons/Renovation_of_the_Old_Town_Hall_Tower_(Prague)/0/pictures/Rekonstrukce_Staroměstské_radnice_1AAI0597.jpg
Old_Town_Hall_(Prague),190045,22,commons/Renovation_of_the_Old_Town_Hall_Tower_(Prague)/0/pictures/Rekonstrukce_Staroměstské_radnice_1AAI0594.jpg
Old_Town_Hall_(Prague),190045,22,commons/Renovation_of_the_Old_Town_Hall_Tower_(Prague)/0/pictures/Rekonstrukce_Staroměstské_radnice_1AAI0586.jpg
Old_Town_Hall_(Prague),190045,22,commons/Renovation_of_the_Old_Town_Hall_Tower_(Prague)/0/pictures/Rekonstrukce_Staroměstské_radnice_1AAQ4266.jpg
Old_Town_Hall_(Prague),190045,22,commons/Renovation_of_the_Old_Town_Hall_Tower_(Prague)/0/pictures/Rekonstrukce_Staroměstské_radnice_1AAI0592.jpg
Old_Town_Hall_(Prague),190045,22,commons/Renovation_of_the_Old_Town_Hall_Tower_(Prague)/0/pictures/Rekonstrukce_Staroměstské_radnice_1AAI0583.jpg
Old_Town_Hall_(Prague),190045,22,commons/Renovation_of_the_Old_Town_Hall_Tower_(Prague)/0/pictures/Rekonstrukce_Staroměstské_radnice_1AAQ4240.jpg
Old_Town_Hall_(Prague),190045,22,commons/Renovation_of_the_Old_Town_Hall_Tower_(Prague)/0/pictures/Rekonstrukce_Staroměstské_radnice_1AAQ4618.jpg
Old_Town_Hall_(Prague),190045,22,commons/Renovation_of_the_Old_Town_Hall_Tower_(Prague)/0/pictures/Rekonstrukce_Staroměstské_radnice_1AAI0412.jpg
Old_Town_Hall_(Prague),190045,22,commons/Renovation_of_the_Old_Town_Hall_Tower_(Prague)/0/pictures/Rekonstrukce_Staroměstské_radnice_1AAP0283.jpg
Old_Town_Hall_(Prague),190045,22,commons/Renovation_of_the_Old_Town_Hall_Tower_(Prague)/0/pictures/Rekonstrukce_Staroměstské_radnice_1AAI0269.jpg
Old_Town_Hall_(Prague),190045,22,commons/Renovation_of_the_Old_Town_Hall_Tower_(Prague)/0/pictures/Rekonstrukce_Staroměstské_radnice_1AAQ4489.jpg
Old_Town_Hall_(Prague),190045,22,commons/Renovation_of_the_Old_Town_Hall_Tower_(Prague)/0/pictures/Rekonstrukce_Staroměstské_radnice_1AAI0216.jpg
Old_Town_Hall_(Prague),190045,22,commons/Renovation_of_the_Old_Town_Hall_Tower_(Prague)/0/pictures/Rekonstrukce_Staroměstské_radnice_1AAI0389.jpg
Old_Town_Hall_(Prague),190045,22,commons/Renovation_of_the_Old_Town_Hall_Tower_(Prague)/0/pictures/Rekonstrukce_Staroměstské_radnice_1AAI0605.jpg
Old_Town_Hall_(Prague),190045,22,commons/Renovation_of_the_Old_Town_Hall_Tower_(Prague)/0/pictures/Rekonstrukce_Staroměstské_radnice_1AAH9852.jpg
Old_Town_Hall_(Prague),190045,22,commons/Renovation_of_the_Old_Town_Hall_Tower_(Prague)/0/pictures/Rekonstrukce_Staroměstské_radnice_1AAH9567.jpg
Old_Town_Hall_(Prague),190045,22,commons/Renovation_of_the_Old_Town_Hall_Tower_(Prague)/0/pictures/Rekonstrukce_Staroměstské_radnice_1AAI1264.jpg
Old_Town_Hall_(Prague),190045,22,commons/Renovation_of_the_Old_Town_Hall_Tower_(Prague)/0/pictures/Rekonstrukce_Staroměstské_radnice_1AAI0901.jpg
Old_Town_Hall_(Prague),190045,22,commons/Renovation_of_the_Old_Town_Hall_Tower_(Prague)/0/pictures/Rekonstrukce_Staroměstské_radnice_1AAI0267.jpg
Old_Town_Hall_(Prague),190045,22,commons/Renovation_of_the_Old_Town_Hall_Tower_(Prague)/0/pictures/Rekonstrukce_Staroměstské_radnice_1AAO6537.jpg
Old_Town_Hall_(Prague),190045,22,commons/Renovation_of_the_Old_Town_Hall_Tower_(Prague)/0/pictures/Rekonstrukce_Staroměstské_radnice_1AAI1152.jpg
Old_Town_Hall_(Prague),190045,22,commons/Renovation_of_the_Old_Town_Hall_Tower_(Prague)/0/pictures/Rekonstrukce_Staroměstské_radnice_1AAI0271.jpg
Old_Town_Hall_(Prague),190045,22,commons/Renovation_of_the_Old_Town_Hall_Tower_(Prague)/0/pictures/Rekonstrukce_Staroměstské_radnice_1AAR1517.jpg
Old_Town_Hall_(Prague),190045,22,commons/Renovation_of_the_Old_Town_Hall_Tower_(Prague)/0/pictures/Rekonstrukce_Staroměstské_radnice_1AAO6541.jpg
Old_Town_Hall_(Prague),190045,22,commons/Renovation_of_the_Old_Town_Hall_Tower_(Prague)/0/pictures/Rekonstrukce_Staroměstské_radnice_1AAI0195.jpg
Old_Town_Hall_(Prague),190045,22,commons/Renovation_of_the_Old_Town_Hall_Tower_(Prague)/0/pictures/Rekonstrukce_Staroměstské_radnice_1AAR21871HDR.jpg
Old_Town_Hall_(Prague),190045,22,commons/Renovation_of_the_Old_Town_Hall_Tower_(Prague)/0/pictures/Rekonstrukce_Staroměstské_radnice_1AAH1988.jpg
Old_Town_Hall_(Prague),190045,22,commons/Renovation_of_the_Old_Town_Hall_Tower_(Prague)/0/pictures/Rekonstrukce_Staroměstské_radnice_1AAI0666.jpg
Old_Town_Hall_(Prague),190045,22,commons/Renovation_of_the_Old_Town_Hall_Tower_(Prague)/0/pictures/Rekonstrukce_Staroměstské_radnice_1AAI0291.jpg
Old_Town_Hall_(Prague),190045,22,commons/Renovation_of_the_Old_Town_Hall_Tower_(Prague)/0/pictures/Rekonstrukce_Staroměstské_radnice_1AAH4410.jpg
Old_Town_Hall_(Prague),190045,22,commons/Renovation_of_the_Old_Town_Hall_Tower_(Prague)/0/pictures/Rekonstrukce_Staroměstské_radnice_1AAI0277.jpg
Old_Town_Hall_(Prague),190045,22,commons/Renovation_of_the_Old_Town_Hall_Tower_(Prague)/0/pictures/Rekonstrukce_Staroměstské_radnice_1AAI0898.jpg
Old_Town_Hall_(Prague),190045,22,commons/Renovation_of_the_Old_Town_Hall_Tower_(Prague)/0/pictures/Rekonstrukce_Staroměstské_radnice_1AAI0265.jpg
Old_Town_Hall_(Prague),190045,22,commons/Renovation_of_the_Old_Town_Hall_Tower_(Prague)/0/pictures/Rekonstrukce_Staroměstské_radnice_1AAH4540.jpg
Old_Town_Hall_(Prague),190045,22,commons/Renovation_of_the_Old_Town_Hall_Tower_(Prague)/0/pictures/Rekonstrukce_Staroměstské_radnice_1AAI0333.jpg
Old_Town_Hall_(Prague),190045,22,commons/Renovation_of_the_Old_Town_Hall_Tower_(Prague)/0/pictures/Rekonstrukce_Staroměstské_radnice_1AAP0072.jpg
Old_Town_Hall_(Prague),190045,22,commons/Renovation_of_the_Old_Town_Hall_Tower_(Prague)/0/pictures/Rekonstrukce_Staroměstské_radnice_1AAI0285.jpg
Old_Town_Hall_(Prague),190045,22,commons/Renovation_of_the_Old_Town_Hall_Tower_(Prague)/0/pictures/Rekonstrukce_Staroměstské_radnice_1AAI0286.jpg
Old_Town_Hall_(Prague),190045,22,commons/Renovation_of_the_Old_Town_Hall_Tower_(Prague)/0/pictures/Rekonstrukce_Staroměstské_radnice_1AAQ4505.jpg
Old_Town_Hall_(Prague),190045,22,commons/Renovation_of_the_Old_Town_Hall_Tower_(Prague)/0/pictures/Rekonstrukce_Staroměstské_radnice_1AAI0337.jpg
Old_Town_Hall_(Prague),190045,22,commons/Renovation_of_the_Old_Town_Hall_Tower_(Prague)/0/pictures/Rekonstrukce_Staroměstské_radnice_1AAP0091.jpg
Old_Town_Hall_(Prague),190045,22,commons/Renovation_of_the_Old_Town_Hall_Tower_(Prague)/0/pictures/Rekonstrukce_Staroměstské_radnice_1AAQ4500.jpg
Old_Town_Hall_(Prague),190045,22,commons/Renovation_of_the_Old_Town_Hall_Tower_(Prague)/0/pictures/Rekonstrukce_Staroměstské_radnice_1AAI0340.jpg
Old_Town_Hall_(Prague),190045,22,commons/Renovation_of_the_Old_Town_Hall_Tower_(Prague)/0/pictures/Rekonstrukce_Staroměstské_radnice_1AAQ4568.jpg
Old_Town_Hall_(Prague),190045,22,commons/Renovation_of_the_Old_Town_Hall_Tower_(Prague)/0/pictures/Rekonstrukce_Staroměstské_radnice_1AAI0387.jpg
Old_Town_Hall_(Prague),190045,22,commons/Renovation_of_the_Old_Town_Hall_Tower_(Prague)/0/pictures/Rekonstrukce_Staroměstské_radnice_1AAI0361.jpg
Old_Town_Hall_(Prague),190045,22,commons/Renovation_of_the_Old_Town_Hall_Tower_(Prague)/0/pictures/Rekonstrukce_Staroměstské_radnice_1AAQ4530.jpg
Old_Town_Hall_(Prague),190045,22,commons/Renovation_of_the_Old_Town_Hall_Tower_(Prague)/0/pictures/Rekonstrukce_Staroměstské_radnice_1AAQ4722.jpg
Old_Town_Hall_(Prague),190045,22,commons/Renovation_of_the_Old_Town_Hall_Tower_(Prague)/0/pictures/Rekonstrukce_Staroměstské_radnice_1AAI0965.jpg
Old_Town_Hall_(Prague),190045,22,commons/Renovation_of_the_Old_Town_Hall_Tower_(Prague)/0/pictures/Rekonstrukce_Staroměstské_radnice_1AAI0363.jpg
Old_Town_Hall_(Prague),190045,22,commons/Renovation_of_the_Old_Town_Hall_Tower_(Prague)/0/pictures/Rekonstrukce_Staroměstské_radnice_1AAQ4548.jpg
Old_Town_Hall_(Prague),190045,22,commons/Renovation_of_the_Old_Town_Hall_Tower_(Prague)/0/pictures/Rekonstrukce_Staroměstské_radnice_1AAR1316.jpg
Old_Town_Hall_(Prague),190045,22,commons/Renovation_of_the_Old_Town_Hall_Tower_(Prague)/0/pictures/Rekonstrukce_Staroměstské_radnice_1AAQ4725.jpg
Old_Town_Hall_(Prague),190045,22,commons/Renovation_of_the_Old_Town_Hall_Tower_(Prague)/0/pictures/Rekonstrukce_Staroměstské_radnice_1AAI0969.jpg
Old_Town_Hall_(Prague),190045,22,commons/Renovation_of_the_Old_Town_Hall_Tower_(Prague)/0/pictures/Rekonstrukce_Staroměstské_radnice_1AAI0372.jpg
Old_Town_Hall_(Prague),190045,22,commons/Renovation_of_the_Old_Town_Hall_Tower_(Prague)/0/pictures/Rekonstrukce_Staroměstské_radnice_1AAQ4553.jpg
Old_Town_Hall_(Prague),190045,22,commons/Renovation_of_the_Old_Town_Hall_Tower_(Prague)/0/pictures/Rekonstrukce_Staroměstské_radnice_1AAR1321.jpg
Old_Town_Hall_(Prague),190045,22,commons/Renovation_of_the_Old_Town_Hall_Tower_(Prague)/0/pictures/Rekonstrukce_Staroměstské_radnice_1AAQ4727.jpg
Old_Town_Hall_(Prague),190045,22,commons/Renovation_of_the_Old_Town_Hall_Tower_(Prague)/0/pictures/Rekonstrukce_Staroměstské_radnice_1AAI0970.jpg
Old_Town_Hall_(Prague),190045,22,commons/Renovation_of_the_Old_Town_Hall_Tower_(Prague)/0/pictures/Rekonstrukce_Staroměstské_radnice_1AAI0367.jpg
Old_Town_Hall_(Prague),190045,22,commons/Renovation_of_the_Old_Town_Hall_Tower_(Prague)/0/pictures/Rekonstrukce_Staroměstské_radnice_1AAQ4566.jpg
Old_Town_Hall_(Prague),190045,22,commons/Renovation_of_the_Old_Town_Hall_Tower_(Prague)/0/pictures/Rekonstrukce_Staroměstské_radnice_1AAR1324.jpg
Old_Town_Hall_(Prague),190045,22,commons/Renovation_of_the_Old_Town_Hall_Tower_(Prague)/0/pictures/Rekonstrukce_Staroměstské_radnice_1AAI0973.jpg
Old_Town_Hall_(Prague),190045,22,commons/Renovation_of_the_Old_Town_Hall_Tower_(Prague)/0/pictures/Rekonstrukce_Staroměstské_radnice_1AAI0385.jpg
Old_Town_Hall_(Prague),190045,22,commons/Renovation_of_the_Old_Town_Hall_Tower_(Prague)/0/pictures/Rekonstrukce_Staroměstské_radnice_1AAQ4560.jpg
Old_Town_Hall_(Prague),190045,22,commons/Renovation_of_the_Old_Town_Hall_Tower_(Prague)/0/pictures/Rekonstrukce_Staroměstské_radnice_1AAI1011.jpg
Old_Town_Hall_(Prague),190045,22,commons/Renovation_of_the_Old_Town_Hall_Tower_(Prague)/0/pictures/Rekonstrukce_Staroměstské_radnice_1AAI1018.jpg
Old_Town_Hall_(Prague),190045,22,commons/Renovation_of_the_Old_Town_Hall_Tower_(Prague)/0/pictures/Rekonstrukce_Staroměstské_radnice_1AAI1048.jpg
Old_Town_Hall_(Prague),190045,22,commons/Renovation_of_the_Old_Town_Hall_Tower_(Prague)/0/pictures/Rekonstrukce_Staroměstské_radnice_1AAQ4737.jpg
Old_Town_Hall_(Prague),190045,22,commons/Renovation_of_the_Old_Town_Hall_Tower_(Prague)/0/pictures/Rekonstrukce_Staroměstské_radnice_1AAI1047.jpg
Old_Town_Hall_(Prague),190045,22,commons/Renovation_of_the_Old_Town_Hall_Tower_(Prague)/0/pictures/Rekonstrukce_Staroměstské_radnice_1AAP2666.jpg
Old_Town_Hall_(Prague),190045,22,commons/Renovation_of_the_Old_Town_Hall_Tower_(Prague)/0/pictures/Rekonstrukce_Staroměstské_radnice_1AAQ4739.jpg
Old_Town_Hall_(Prague),190045,22,commons/Renovation_of_the_Old_Town_Hall_Tower_(Prague)/0/pictures/Rekonstrukce_Staroměstské_radnice_1AAI1059.jpg
Old_Town_Hall_(Prague),190045,22,commons/Renovation_of_the_Old_Town_Hall_Tower_(Prague)/0/pictures/Rekonstrukce_Staroměstské_radnice_1AAQ4741.jpg
Old_Town_Hall_(Prague),190045,22,commons/Renovation_of_the_Old_Town_Hall_Tower_(Prague)/0/pictures/Rekonstrukce_Staroměstské_radnice_1AAI1124.jpg
Old_Town_Hall_(Prague),190045,22,commons/Renovation_of_the_Old_Town_Hall_Tower_(Prague)/0/pictures/Rekonstrukce_Staroměstské_radnice_1AAI1119.jpg
Old_Town_Hall_(Prague),190045,22,commons/Renovation_of_the_Old_Town_Hall_Tower_(Prague)/0/pictures/Rekonstrukce_Staroměstské_radnice_1AAI1129.jpg
Old_Town_Hall_(Prague),190045,22,commons/Renovation_of_the_Old_Town_Hall_Tower_(Prague)/0/pictures/Rekonstrukce_Staroměstské_radnice_1AAI1242.jpg
Old_Town_Hall_(Prague),190045,22,commons/Renovation_of_the_Old_Town_Hall_Tower_(Prague)/0/pictures/Rekonstrukce_Staroměstské_radnice_1AAI1251.jpg
Old_Town_Hall_(Prague),190045,22,commons/Renovation_of_the_Old_Town_Hall_Tower_(Prague)/0/pictures/Rekonstrukce_Staroměstské_radnice_1AAI1293.jpg
Old_Town_Hall_(Prague),190045,22,commons/Renovation_of_the_Old_Town_Hall_Tower_(Prague)/0/pictures/Rekonstrukce_Staroměstské_radnice_1AAQ4761.jpg
Old_Town_Hall_(Prague),190045,22,commons/Renovation_of_the_Old_Town_Hall_Tower_(Prague)/0/pictures/Rekonstrukce_Staroměstské_radnice_1AAI1367.jpg
Old_Town_Hall_(Prague),190045,22,commons/Renovation_of_the_Old_Town_Hall_Tower_(Prague)/0/pictures/Rekonstrukce_Staroměstské_radnice_1AAI1438.jpg
Old_Town_Hall_(Prague),190045,22,commons/Renovation_of_the_Old_Town_Hall_Tower_(Prague)/0/pictures/Rekonstrukce_Staroměstské_radnice_1AAI0673.jpg
Old_Town_Hall_(Prague),190045,22,commons/Renovation_of_the_Old_Town_Hall_Tower_(Prague)/0/pictures/Rekonstrukce_Staroměstské_radnice_1AAP0407.jpg
Old_Town_Hall_(Prague),190045,22,commons/Renovation_of_the_Old_Town_Hall_Tower_(Prague)/0/pictures/Rekonstrukce_Staroměstské_radnice_1AAI1446.jpg
Old_Town_Hall_(Prague),190045,22,commons/Renovation_of_the_Old_Town_Hall_Tower_(Prague)/0/pictures/Rekonstrukce_Staroměstské_radnice_1AAR1466.jpg
Old_Town_Hall_(Prague),190045,22,commons/Renovation_of_the_Old_Town_Hall_Tower_(Prague)/0/pictures/Rekonstrukce_Staroměstské_radnice_1AAI1557.jpg
Old_Town_Hall_(Prague),190045,22,commons/Renovation_of_the_Old_Town_Hall_Tower_(Prague)/0/pictures/Rekonstrukce_Staroměstské_radnice_1AAI0847.jpg
Old_Town_Hall_(Prague),190045,22,commons/Renovation_of_the_Old_Town_Hall_Tower_(Prague)/0/pictures/Rekonstrukce_Staroměstské_radnice_1AAP0412.jpg
Old_Town_Hall_(Prague),190045,22,commons/Renovation_of_the_Old_Town_Hall_Tower_(Prague)/0/pictures/Rekonstrukce_Staroměstské_radnice_1AAR1464.jpg
Old_Town_Hall_(Prague),190045,22,commons/Renovation_of_the_Old_Town_Hall_Tower_(Prague)/0/pictures/Rekonstrukce_Staroměstské_radnice_1AAI1641.jpg
Old_Town_Hall_(Prague),190045,22,commons/Renovation_of_the_Old_Town_Hall_Tower_(Prague)/0/pictures/Rekonstrukce_Staroměstské_radnice_1AAI1646.jpg
Old_Town_Hall_(Prague),190045,22,commons/Renovation_of_the_Old_Town_Hall_Tower_(Prague)/0/pictures/Rekonstrukce_Staroměstské_radnice_1AAI0858.jpg
Old_Town_Hall_(Prague),190045,22,commons/Renovation_of_the_Old_Town_Hall_Tower_(Prague)/0/pictures/Rekonstrukce_Staroměstské_radnice_1AAP0418.jpg
Old_Town_Hall_(Prague),190045,22,commons/Renovation_of_the_Old_Town_Hall_Tower_(Prague)/0/pictures/Rekonstrukce_Staroměstské_radnice_1AAI1649.jpg
Old_Town_Hall_(Prague),190045,22,commons/Renovation_of_the_Old_Town_Hall_Tower_(Prague)/0/pictures/Rekonstrukce_Staroměstské_radnice_1AAI1655.jpg
Old_Town_Hall_(Prague),190045,22,commons/Renovation_of_the_Old_Town_Hall_Tower_(Prague)/0/pictures/Rekonstrukce_Staroměstské_radnice_1AAO6530.jpg
Old_Town_Hall_(Prague),190045,22,commons/Renovation_of_the_Old_Town_Hall_Tower_(Prague)/0/pictures/Rekonstrukce_Staroměstské_radnice_1AAI1657.jpg
Old_Town_Hall_(Prague),190045,22,commons/Renovation_of_the_Old_Town_Hall_Tower_(Prague)/0/pictures/Rekonstrukce_Staroměstské_radnice_1AAQ4802.jpg
Old_Town_Hall_(Prague),190045,22,commons/Renovation_of_the_Old_Town_Hall_Tower_(Prague)/0/pictures/Rekonstrukce_Staroměstské_radnice_1AAI1803.jpg
Old_Town_Hall_(Prague),190045,22,commons/Renovation_of_the_Old_Town_Hall_Tower_(Prague)/0/pictures/Rekonstrukce_Staroměstské_radnice_1AAH9558.jpg
Old_Town_Hall_(Prague),190045,22,commons/Renovation_of_the_Old_Town_Hall_Tower_(Prague)/0/pictures/Rekonstrukce_Staroměstské_radnice_1AAN7612.jpg
Old_Town_Hall_(Prague),190045,22,commons/Renovation_of_the_Old_Town_Hall_Tower_(Prague)/0/pictures/Rekonstrukce_Staroměstské_radnice_1AAI1810.jpg
Old_Town_Hall_(Prague),190045,22,commons/Renovation_of_the_Old_Town_Hall_Tower_(Prague)/0/pictures/Rekonstrukce_Staroměstské_radnice_1AAN7616.jpg
Old_Town_Hall_(Prague),190045,22,commons/Renovation_of_the_Old_Town_Hall_Tower_(Prague)/0/pictures/Rekonstrukce_Staroměstské_radnice_1AAL7940.jpg
Old_Town_Hall_(Prague),190045,22,commons/Renovation_of_the_Old_Town_Hall_Tower_(Prague)/0/pictures/Rekonstrukce_Staroměstské_radnice_1AAN7618.jpg
Old_Town_Hall_(Prague),190045,22,commons/Renovation_of_the_Old_Town_Hall_Tower_(Prague)/0/pictures/Rekonstrukce_Staroměstské_radnice_1AAO6533.jpg
Old_Town_Hall_(Prague),190045,22,commons/Renovation_of_the_Old_Town_Hall_Tower_(Prague)/0/pictures/Rekonstrukce_Staroměstské_radnice_1AAP0066.jpg
Old_Town_Hall_(Prague),190045,22,commons/Renovation_of_the_Old_Town_Hall_Tower_(Prague)/0/pictures/Rekonstrukce_Staroměstské_radnice_1AAP0068.jpg
Old_Town_Hall_(Prague),190045,22,commons/Renovation_of_the_Old_Town_Hall_Tower_(Prague)/0/pictures/Rekonstrukce_Staroměstské_radnice_1AAQ4306.jpg
Old_Town_Hall_(Prague),190045,22,commons/Renovation_of_the_Old_Town_Hall_Tower_(Prague)/0/pictures/Rekonstrukce_Staroměstské_radnice_1AAP0281.jpg
Old_Town_Hall_(Prague),190045,22,commons/Renovation_of_the_Old_Town_Hall_Tower_(Prague)/0/pictures/Rekonstrukce_Staroměstské_radnice_1AAI0900.jpg
Old_Town_Hall_(Prague),190045,22,commons/Renovation_of_the_Old_Town_Hall_Tower_(Prague)/0/pictures/Rekonstrukce_Staroměstské_radnice_1AAP0425.jpg
Old_Town_Hall_(Prague),190045,22,commons/Renovation_of_the_Old_Town_Hall_Tower_(Prague)/0/pictures/Rekonstrukce_Staroměstské_radnice_1AAP0427.jpg
Old_Town_Hall_(Prague),190045,22,commons/Renovation_of_the_Old_Town_Hall_Tower_(Prague)/0/pictures/Rekonstrukce_Staroměstské_radnice_1AAI0958.jpg
Old_Town_Hall_(Prague),190045,22,commons/Renovation_of_the_Old_Town_Hall_Tower_(Prague)/0/pictures/Rekonstrukce_Staroměstské_radnice_1AAP0430.jpg
Old_Town_Hall_(Prague),190045,22,commons/Renovation_of_the_Old_Town_Hall_Tower_(Prague)/0/pictures/Rekonstrukce_Staroměstské_radnice_1AAQ4235.jpg
Old_Town_Hall_(Prague),190045,22,commons/Renovation_of_the_Old_Town_Hall_Tower_(Prague)/0/pictures/Rekonstrukce_Staroměstské_radnice_1AAO3860.jpg
Old_Town_Hall_(Prague),190045,22,commons/Renovation_of_the_Old_Town_Hall_Tower_(Prague)/0/pictures/Rekonstrukce_Staroměstské_radnice_1AAQ4237.jpg
Old_Town_Hall_(Prague),190045,22,commons/Renovation_of_the_Old_Town_Hall_Tower_(Prague)/0/pictures/Rekonstrukce_Staroměstské_radnice_1AAI0343.jpg
Old_Town_Hall_(Prague),190045,22,commons/Renovation_of_the_Old_Town_Hall_Tower_(Prague)/0/pictures/Rekonstrukce_Staroměstské_radnice_1AAQ4525.jpg
Old_Town_Hall_(Prague),190045,22,commons/Renovation_of_the_Old_Town_Hall_Tower_(Prague)/0/pictures/Rekonstrukce_Staroměstské_radnice_1AAI0352.jpg
Old_Town_Hall_(Prague),190045,22,commons/Renovation_of_the_Old_Town_Hall_Tower_(Prague)/0/pictures/Rekonstrukce_Staroměstské_radnice_1AAQ4528.jpg
Old_Town_Hall_(Prague),190045,23,commons/Renovation_of_the_Old_Town_Hall_Tower_(Prague)/0/pictures/Rekonstrukce_Staroměstské_radnice_1AAQ6736.jpg
Old_Town_Hall_(Prague),190045,23,commons/Renovation_of_the_Old_Town_Hall_Tower_(Prague)/0/pictures/Rekonstrukce_Staroměstské_radnice_1AAQ6729.jpg
Old_Town_Hall_(Prague),190045,23,commons/Renovation_of_the_Old_Town_Hall_Tower_(Prague)/0/pictures/Rekonstrukce_Staroměstské_radnice_1AAQ6535.jpg
Old_Town_Hall_(Prague),190045,23,commons/Renovation_of_the_Old_Town_Hall_Tower_(Prague)/0/pictures/Rekonstrukce_Staroměstské_radnice_1AAQ6725.jpg
Old_Town_Hall_(Prague),190045,23,commons/Renovation_of_the_Old_Town_Hall_Tower_(Prague)/0/pictures/Rekonstrukce_Staroměstské_radnice_1AAQ6531.jpg
Old_Town_Hall_(Prague),190045,23,commons/Renovation_of_the_Old_Town_Hall_Tower_(Prague)/0/pictures/Rekonstrukce_Staroměstské_radnice_1AAQ6168.jpg
Old_Town_Hall_(Prague),190045,23,commons/Renovation_of_the_Old_Town_Hall_Tower_(Prague)/0/pictures/Rekonstrukce_Staroměstské_radnice_1AAQ6733.jpg
Old_Town_Hall_(Prague),190045,23,commons/Renovation_of_the_Old_Town_Hall_Tower_(Prague)/0/pictures/Rekonstrukce_Staroměstské_radnice_1AAQ6153.jpg
Old_Town_Hall_(Prague),190045,23,commons/Renovation_of_the_Old_Town_Hall_Tower_(Prague)/0/pictures/Rekonstrukce_Staroměstské_radnice_1AAQ6731.jpg
Old_Town_Hall_(Prague),190045,23,commons/Renovation_of_the_Old_Town_Hall_Tower_(Prague)/0/pictures/Rekonstrukce_Staroměstské_radnice_1AAQ6160.jpg
Old_Town_Hall_(Prague),190045,24,commons/Renovation_of_the_Old_Town_Hall_Tower_(Prague)/0/pictures/Rekonstrukce_Staroměstské_radnice_1AAN5252.jpg
Old_Town_Hall_(Prague),190045,24,commons/Old_Town_Hall_Tower_(Prague)/0/pictures/Czech-04104_-_Tower_Ceiling_(32640696480).jpg
Old_Town_Hall_(Prague),190045,24,commons/Old_Town_Hall_(Prague)/0/pictures/A_Mosaic_in_Staromìstská_Radnice_-_panoramio.jpg
Old_Town_Hall_(Prague),190045,24,commons/Interior_of_Old_Town_Hall_(Prague)/0/pictures/Old_Town_Hall_(8340838193).jpg
Old_Town_Hall_(Prague),190045,24,commons/Interior_of_Old_Town_Hall_(Prague)/0/pictures/Prag_Altstädter_Rathaus_02.jpg
Old_Town_Hall_(Prague),190045,24,commons/Old_Town_Hall_(Prague)/0/pictures/Altstädter_Rathaus_innen_5.jpg
Old_Town_Hall_(Prague),190045,24,commons/Interior_of_Old_Town_Hall_(Prague)/0/pictures/Czech-04104_-_Tower_Ceiling_(32640696480).jpg
Old_Town_Hall_(Prague),190045,24,commons/Interior_of_Old_Town_Hall_(Prague)/0/pictures/Czech-04038_-_Tower_Ceiling_(32866845942).jpg
Old_Town_Hall_(Prague),190045,24,commons/Interior_of_Old_Town_Hall_(Prague)/0/pictures/Prag_Rathaus_Innen_Mosaik_1.JPG
Old_Town_Hall_(Prague),190045,24,commons/Interior_of_Old_Town_Hall_(Prague)/0/pictures/Interier_(I).jpg
Old_Town_Hall_(Prague),190045,24,commons/Interior_of_Old_Town_Hall_(Prague)/0/pictures/Interier_(II).jpg
Old_Town_Hall_(Prague),190045,24,commons/Interior_of_Old_Town_Hall_(Prague)/0/pictures/Old_Town_Hall_(8341898530).jpg
Old_Town_Hall_(Prague),190045,24,commons/Interior_of_Old_Town_Hall_(Prague)/0/pictures/Czech-04037_-_Tower_Ceiling_(32640145550).jpg
Old_Town_Hall_(Prague),190045,24,commons/Interior_of_Old_Town_Hall_(Prague)/0/pictures/Prag_Rathaus_Innen_Mosaik_2.JPG
Old_Town_Hall_(Prague),190045,24,commons/Interior_of_Old_Town_Hall_(Prague)/0/pictures/Old_Town_Hall_(8340838493).jpg
Old_Town_Hall_(Prague),190045,24,commons/Interior_of_Old_Town_Hall_(Prague)/0/pictures/Prag_Rathaus_Innen_Mosaik_Wappen.JPG
Old_Town_Hall_(Prague),190045,24,commons/Old_Town_Hall_(Prague)/0/pictures/A_Mosaic_in_Staromìstská_Radnice_-_panoramio_-_ekeidar.jpg
Old_Town_Hall_(Prague),190045,25,commons/Renovation_of_the_Old_Town_Hall_Tower_(Prague)/0/pictures/Rekonstrukce_Staroměstské_radnice_1AAK2521.jpg
Old_Town_Hall_(Prague),190045,25,commons/Renovation_of_the_Old_Town_Hall_Tower_(Prague)/0/pictures/Rekonstrukce_Staroměstské_radnice_1AAK2519.jpg
Old_Town_Hall_(Prague),190045,25,commons/Renovation_of_the_Old_Town_Hall_Tower_(Prague)/0/pictures/Rekonstrukce_Staroměstské_radnice_1AAK2513.jpg
Old_Town_Hall_(Prague),190045,25,commons/Renovation_of_the_Old_Town_Hall_Tower_(Prague)/0/pictures/Rekonstrukce_Staroměstské_radnice_1AAK2477.jpg
Old_Town_Hall_(Prague),190045,25,commons/Renovation_of_the_Old_Town_Hall_Tower_(Prague)/0/pictures/Rekonstrukce_Staroměstské_radnice_1AAK2471.jpg
Old_Town_Hall_(Prague),190045,25,commons/Renovation_of_the_Old_Town_Hall_Tower_(Prague)/0/pictures/Rekonstrukce_Staroměstské_radnice_1AAK2435.jpg
Old_Town_Hall_(Prague),190045,25,commons/Renovation_of_the_Old_Town_Hall_Tower_(Prague)/0/pictures/Rekonstrukce_Staroměstské_radnice_1AAK2377.jpg
Old_Town_Hall_(Prague),190045,25,commons/Renovation_of_the_Old_Town_Hall_Tower_(Prague)/0/pictures/Rekonstrukce_Staroměstské_radnice_1AAK2374.jpg
Old_Town_Hall_(Prague),190045,25,commons/Renovation_of_the_Old_Town_Hall_Tower_(Prague)/0/pictures/Rekonstrukce_Staroměstské_radnice_1AAK2338.jpg
Old_Town_Hall_(Prague),190045,25,commons/Renovation_of_the_Old_Town_Hall_Tower_(Prague)/0/pictures/Rekonstrukce_Staroměstské_radnice_1AAK2317.jpg
Old_Town_Hall_(Prague),190045,25,commons/Renovation_of_the_Old_Town_Hall_Tower_(Prague)/0/pictures/Rekonstrukce_Staroměstské_radnice_1AAK2313.jpg
Old_Town_Hall_(Prague),190045,25,commons/Renovation_of_the_Old_Town_Hall_Tower_(Prague)/0/pictures/Rekonstrukce_Staroměstské_radnice_1AAK2312.jpg
Old_Town_Hall_(Prague),190045,25,commons/Renovation_of_the_Old_Town_Hall_Tower_(Prague)/0/pictures/Rekonstrukce_Staroměstské_radnice_1AAK2305.jpg
Old_Town_Hall_(Prague),190045,25,commons/Renovation_of_the_Old_Town_Hall_Tower_(Prague)/0/pictures/Rekonstrukce_Staroměstské_radnice_1AAK1304.jpg
Old_Town_Hall_(Prague),190045,25,commons/Renovation_of_the_Old_Town_Hall_Tower_(Prague)/0/pictures/Rekonstrukce_Staroměstské_radnice_1AAK1292.jpg
Old_Town_Hall_(Prague),190045,25,commons/Renovation_of_the_Old_Town_Hall_Tower_(Prague)/0/pictures/Rekonstrukce_Staroměstské_radnice_1AAK1290.jpg
Old_Town_Hall_(Prague),190045,25,commons/Renovation_of_the_Old_Town_Hall_Tower_(Prague)/0/pictures/Rekonstrukce_Staroměstské_radnice_1AAK1282.jpg
Old_Town_Hall_(Prague),190045,25,commons/Renovation_of_the_Old_Town_Hall_Tower_(Prague)/0/pictures/Rekonstrukce_Staroměstské_radnice_1AAK1274.jpg
Old_Town_Hall_(Prague),190045,25,commons/Renovation_of_the_Old_Town_Hall_Tower_(Prague)/0/pictures/Rekonstrukce_Staroměstské_radnice_1AAK1377.jpg
Old_Town_Hall_(Prague),190045,25,commons/Renovation_of_the_Old_Town_Hall_Tower_(Prague)/0/pictures/Rekonstrukce_Staroměstské_radnice_1AAK1366.jpg
Old_Town_Hall_(Prague),190045,25,commons/Renovation_of_the_Old_Town_Hall_Tower_(Prague)/0/pictures/Rekonstrukce_Staroměstské_radnice_1AAK2574.jpg
Old_Town_Hall_(Prague),190045,25,commons/Renovation_of_the_Old_Town_Hall_Tower_(Prague)/0/pictures/Rekonstrukce_Staroměstské_radnice_1AAK1256.jpg
Old_Town_Hall_(Prague),190045,25,commons/Renovation_of_the_Old_Town_Hall_Tower_(Prague)/0/pictures/Rekonstrukce_Staroměstské_radnice_1AAK1276.jpg
Old_Town_Hall_(Prague),190045,25,commons/Renovation_of_the_Old_Town_Hall_Tower_(Prague)/0/pictures/Rekonstrukce_Staroměstské_radnice_1AAK1379.jpg
Old_Town_Hall_(Prague),190045,25,commons/Renovation_of_the_Old_Town_Hall_Tower_(Prague)/0/pictures/Rekonstrukce_Staroměstské_radnice_1AAK1211.jpg
Old_Town_Hall_(Prague),190045,25,commons/Renovation_of_the_Old_Town_Hall_Tower_(Prague)/0/pictures/Rekonstrukce_Staroměstské_radnice_1AAK1263.jpg
Old_Town_Hall_(Prague),190045,25,commons/Renovation_of_the_Old_Town_Hall_Tower_(Prague)/0/pictures/Rekonstrukce_Staroměstské_radnice_1AAK1373.jpg
Old_Town_Hall_(Prague),190045,25,commons/Renovation_of_the_Old_Town_Hall_Tower_(Prague)/0/pictures/Rekonstrukce_Staroměstské_radnice_1AAK1208.jpg
Old_Town_Hall_(Prague),190045,25,commons/Renovation_of_the_Old_Town_Hall_Tower_(Prague)/0/pictures/Rekonstrukce_Staroměstské_radnice_1AAK1528.jpg
Old_Town_Hall_(Prague),190045,25,commons/Renovation_of_the_Old_Town_Hall_Tower_(Prague)/0/pictures/Rekonstrukce_Staroměstské_radnice_1AAK1261.jpg
Old_Town_Hall_(Prague),190045,25,commons/Renovation_of_the_Old_Town_Hall_Tower_(Prague)/0/pictures/Rekonstrukce_Staroměstské_radnice_1AAK1369.jpg
Old_Town_Hall_(Prague),190045,25,commons/Renovation_of_the_Old_Town_Hall_Tower_(Prague)/0/pictures/Rekonstrukce_Staroměstské_radnice_1AAK2577.jpg
Old_Town_Hall_(Prague),190045,25,commons/Renovation_of_the_Old_Town_Hall_Tower_(Prague)/0/pictures/Rekonstrukce_Staroměstské_radnice_1AAK1258.jpg
Old_Town_Hall_(Prague),190045,25,commons/Renovation_of_the_Old_Town_Hall_Tower_(Prague)/0/pictures/Rekonstrukce_Staroměstské_radnice_1AAK1526.jpg
Old_Town_Hall_(Prague),190045,25,commons/Renovation_of_the_Old_Town_Hall_Tower_(Prague)/0/pictures/Rekonstrukce_Staroměstské_radnice_1AAK1207.jpg
Old_Town_Hall_(Prague),190045,25,commons/Renovation_of_the_Old_Town_Hall_Tower_(Prague)/0/pictures/Rekonstrukce_Staroměstské_radnice_1AAK1553.jpg
Old_Town_Hall_(Prague),190045,25,commons/Renovation_of_the_Old_Town_Hall_Tower_(Prague)/0/pictures/Rekonstrukce_Staroměstské_radnice_1AAK1305.jpg
Old_Town_Hall_(Prague),190045,25,commons/Renovation_of_the_Old_Town_Hall_Tower_(Prague)/0/pictures/Rekonstrukce_Staroměstské_radnice_1AAK1555.jpg
Old_Town_Hall_(Prague),190045,25,commons/Renovation_of_the_Old_Town_Hall_Tower_(Prague)/0/pictures/Rekonstrukce_Staroměstské_radnice_1AAK1310.jpg
Old_Town_Hall_(Prague),190045,25,commons/Renovation_of_the_Old_Town_Hall_Tower_(Prague)/0/pictures/Rekonstrukce_Staroměstské_radnice_1AAK1557.jpg
Old_Town_Hall_(Prague),190045,25,commons/Renovation_of_the_Old_Town_Hall_Tower_(Prague)/0/pictures/Rekonstrukce_Staroměstské_radnice_1AAK2342.jpg
Old_Town_Hall_(Prague),190045,25,commons/Renovation_of_the_Old_Town_Hall_Tower_(Prague)/0/pictures/Rekonstrukce_Staroměstské_radnice_1AAK1501.jpg
Old_Town_Hall_(Prague),190045,25,commons/Renovation_of_the_Old_Town_Hall_Tower_(Prague)/0/pictures/Rekonstrukce_Staroměstské_radnice_1AAK1505.jpg
Old_Town_Hall_(Prague),190045,25,commons/Renovation_of_the_Old_Town_Hall_Tower_(Prague)/0/pictures/Rekonstrukce_Staroměstské_radnice_1AAK1306.jpg
Old_Town_Hall_(Prague),190045,25,commons/Renovation_of_the_Old_Town_Hall_Tower_(Prague)/0/pictures/Rekonstrukce_Staroměstské_radnice_1AAK1559.jpg
Old_Town_Hall_(Prague),190045,26,commons/Renovation_of_the_Old_Town_Hall_Tower_(Prague)/0/pictures/Rekonstrukce_Staroměstské_radnice_1AAR1121.jpg
Old_Town_Hall_(Prague),190045,26,commons/Renovation_of_the_Old_Town_Hall_Tower_(Prague)/0/pictures/Rekonstrukce_Staroměstské_radnice_1AAR1107.jpg
Old_Town_Hall_(Prague),190045,26,commons/Renovation_of_the_Old_Town_Hall_Tower_(Prague)/0/pictures/Rekonstrukce_Staroměstské_radnice_1AAR1103.jpg
Old_Town_Hall_(Prague),190045,26,commons/Renovation_of_the_Old_Town_Hall_Tower_(Prague)/0/pictures/Rekonstrukce_Staroměstské_radnice_1AAR1087.jpg
Old_Town_Hall_(Prague),190045,26,commons/Renovation_of_the_Old_Town_Hall_Tower_(Prague)/0/pictures/Rekonstrukce_Staroměstské_radnice_1AAR1083.jpg
Old_Town_Hall_(Prague),190045,26,commons/Renovation_of_the_Old_Town_Hall_Tower_(Prague)/0/pictures/Rekonstrukce_Staroměstské_radnice_1AAR1077.jpg
Old_Town_Hall_(Prague),190045,26,commons/Renovation_of_the_Old_Town_Hall_Tower_(Prague)/0/pictures/Rekonstrukce_Staroměstské_radnice_1AAR1068.jpg
Old_Town_Hall_(Prague),190045,26,commons/Renovation_of_the_Old_Town_Hall_Tower_(Prague)/0/pictures/Rekonstrukce_Staroměstské_radnice_1AAE2927.jpg
Old_Town_Hall_(Prague),190045,26,commons/Renovation_of_the_Old_Town_Hall_Tower_(Prague)/0/pictures/Rekonstrukce_Staroměstské_radnice_1AAE3023.jpg
Old_Town_Hall_(Prague),190045,26,commons/Renovation_of_the_Old_Town_Hall_Tower_(Prague)/0/pictures/Rekonstrukce_Staroměstské_radnice_1AAE2929.jpg
Old_Town_Hall_(Prague),190045,26,commons/Renovation_of_the_Old_Town_Hall_Tower_(Prague)/0/pictures/Rekonstrukce_Staroměstské_radnice_1AAE2993.jpg
Old_Town_Hall_(Prague),190045,26,commons/Renovation_of_the_Old_Town_Hall_Tower_(Prague)/0/pictures/Rekonstrukce_Staroměstské_radnice_1AAQ2550.jpg
Old_Town_Hall_(Prague),190045,26,commons/Renovation_of_the_Old_Town_Hall_Tower_(Prague)/0/pictures/Rekonstrukce_Staroměstské_radnice_1AAE2939.jpg
Old_Town_Hall_(Prague),190045,26,commons/Renovation_of_the_Old_Town_Hall_Tower_(Prague)/0/pictures/Rekonstrukce_Staroměstské_radnice_1AAE3060.jpg
Old_Town_Hall_(Prague),190045,26,commons/Renovation_of_the_Old_Town_Hall_Tower_(Prague)/0/pictures/Rekonstrukce_Staroměstské_radnice_1AAO0275.jpg
Old_Town_Hall_(Prague),190045,26,commons/Renovation_of_the_Old_Town_Hall_Tower_(Prague)/0/pictures/Rekonstrukce_Staroměstské_radnice_1AAE3061.jpg
Old_Town_Hall_(Prague),190045,26,commons/Renovation_of_the_Old_Town_Hall_Tower_(Prague)/0/pictures/Rekonstrukce_Staroměstské_radnice_1AAO0359.jpg
Old_Town_Hall_(Prague),190045,26,commons/Renovation_of_the_Old_Town_Hall_Tower_(Prague)/0/pictures/Rekonstrukce_Staroměstské_radnice_1AAO0395.jpg
Old_Town_Hall_(Prague),190045,26,commons/Renovation_of_the_Old_Town_Hall_Tower_(Prague)/0/pictures/Rekonstrukce_Staroměstské_radnice_1AAR0388.jpg
Old_Town_Hall_(Prague),190045,26,commons/Renovation_of_the_Old_Town_Hall_Tower_(Prague)/0/pictures/Rekonstrukce_Staroměstské_radnice_1AAR1055.jpg
Old_Town_Hall_(Prague),190045,27,commons/Renovation_of_the_Old_Town_Hall_Tower_(Prague)/0/pictures/Rekonstrukce_Staroměstské_radnice_1AAP6592.jpg
Old_Town_Hall_(Prague),190045,27,commons/Renovation_of_the_Old_Town_Hall_Tower_(Prague)/0/pictures/Rekonstrukce_Staroměstské_radnice_1AAQ6573.jpg
Old_Town_Hall_(Prague),190045,27,commons/Renovation_of_the_Old_Town_Hall_Tower_(Prague)/0/pictures/Rekonstrukce_Staroměstské_radnice_1AAO6681.jpg
Old_Town_Hall_(Prague),190045,27,commons/Renovation_of_the_Old_Town_Hall_Tower_(Prague)/0/pictures/Rekonstrukce_Staroměstské_radnice_1AAO4719.jpg
Old_Town_Hall_(Prague),190045,27,commons/Renovation_of_the_Old_Town_Hall_Tower_(Prague)/0/pictures/Rekonstrukce_Staroměstské_radnice_1AAQ6569.jpg
Old_Town_Hall_(Prague),190045,27,commons/Renovation_of_the_Old_Town_Hall_Tower_(Prague)/0/pictures/Rekonstrukce_Staroměstské_radnice_1AAO4714.jpg
Old_Town_Hall_(Prague),190045,27,commons/Renovation_of_the_Old_Town_Hall_Tower_(Prague)/0/pictures/Rekonstrukce_Staroměstské_radnice_1AAO4626.jpg
Old_Town_Hall_(Prague),190045,27,commons/Renovation_of_the_Old_Town_Hall_Tower_(Prague)/0/pictures/Rekonstrukce_Staroměstské_radnice_1AAO4623.jpg
Old_Town_Hall_(Prague),190045,27,commons/Renovation_of_the_Old_Town_Hall_Tower_(Prague)/0/pictures/Rekonstrukce_Staroměstské_radnice_1AAO4621.jpg
Old_Town_Hall_(Prague),190045,27,commons/Renovation_of_the_Old_Town_Hall_Tower_(Prague)/0/pictures/Rekonstrukce_Staroměstské_radnice_1AAO4613.jpg
Old_Town_Hall_(Prague),190045,27,commons/Renovation_of_the_Old_Town_Hall_Tower_(Prague)/0/pictures/Rekonstrukce_Staroměstské_radnice_1AAP6608.jpg
Old_Town_Hall_(Prague),190045,27,commons/Renovation_of_the_Old_Town_Hall_Tower_(Prague)/0/pictures/Rekonstrukce_Staroměstské_radnice_1AAO4611.jpg
Old_Town_Hall_(Prague),190045,27,commons/Renovation_of_the_Old_Town_Hall_Tower_(Prague)/0/pictures/Rekonstrukce_Staroměstské_radnice_1AAN4518.jpg
Old_Town_Hall_(Prague),190045,28,commons/Renovation_of_the_Old_Town_Hall_Tower_(Prague)/0/pictures/Rekonstrukce_Staroměstské_radnice_1AAH7094.jpg
Old_Town_Hall_(Prague),190045,28,commons/Renovation_of_the_Old_Town_Hall_Tower_(Prague)/0/pictures/Rekonstrukce_Staroměstské_radnice_1AAH7090.jpg
Old_Town_Hall_(Prague),190045,28,commons/Renovation_of_the_Old_Town_Hall_Tower_(Prague)/0/pictures/Rekonstrukce_Staroměstské_radnice_1AAH7007.jpg
Old_Town_Hall_(Prague),190045,28,commons/Renovation_of_the_Old_Town_Hall_Tower_(Prague)/0/pictures/Rekonstrukce_Staroměstské_radnice_1AAH6992.jpg
Old_Town_Hall_(Prague),190045,28,commons/Renovation_of_the_Old_Town_Hall_Tower_(Prague)/0/pictures/Rekonstrukce_Staroměstské_radnice_1AAH6990.jpg
Old_Town_Hall_(Prague),190045,28,commons/Renovation_of_the_Old_Town_Hall_Tower_(Prague)/0/pictures/Rekonstrukce_Staroměstské_radnice_1AAH6805.jpg
Old_Town_Hall_(Prague),190045,28,commons/Renovation_of_the_Old_Town_Hall_Tower_(Prague)/0/pictures/Rekonstrukce_Staroměstské_radnice_1AAH6807.jpg
Old_Town_Hall_(Prague),190045,28,commons/Renovation_of_the_Old_Town_Hall_Tower_(Prague)/0/pictures/Rekonstrukce_Staroměstské_radnice_1AAH6851.jpg
Old_Town_Hall_(Prague),190045,28,commons/Renovation_of_the_Old_Town_Hall_Tower_(Prague)/0/pictures/Rekonstrukce_Staroměstské_radnice_1AAH6872.jpg
Old_Town_Hall_(Prague),190045,28,commons/Renovation_of_the_Old_Town_Hall_Tower_(Prague)/0/pictures/Rekonstrukce_Staroměstské_radnice_1AAH6889.jpg
Old_Town_Hall_(Prague),190045,28,commons/Renovation_of_the_Old_Town_Hall_Tower_(Prague)/0/pictures/Rekonstrukce_Staroměstské_radnice_1AAH6907.jpg
Old_Town_Hall_(Prague),190045,28,commons/Renovation_of_the_Old_Town_Hall_Tower_(Prague)/0/pictures/Rekonstrukce_Staroměstské_radnice_1AAH6920.jpg
Old_Town_Hall_(Prague),190045,28,commons/Renovation_of_the_Old_Town_Hall_Tower_(Prague)/0/pictures/Rekonstrukce_Staroměstské_radnice_1AAH6928.jpg
Old_Town_Hall_(Prague),190045,28,commons/Renovation_of_the_Old_Town_Hall_Tower_(Prague)/0/pictures/Rekonstrukce_Staroměstské_radnice_1AAH6947.jpg
Old_Town_Hall_(Prague),190045,28,commons/Renovation_of_the_Old_Town_Hall_Tower_(Prague)/0/pictures/Rekonstrukce_Staroměstské_radnice_1AAH6954.jpg
Old_Town_Hall_(Prague),190045,28,commons/Renovation_of_the_Old_Town_Hall_Tower_(Prague)/0/pictures/Rekonstrukce_Staroměstské_radnice_1AAH6957.jpg
Old_Town_Hall_(Prague),190045,28,commons/Renovation_of_the_Old_Town_Hall_Tower_(Prague)/0/pictures/Rekonstrukce_Staroměstské_radnice_1AAH6974.jpg
Old_Town_Hall_(Prague),190045,28,commons/Renovation_of_the_Old_Town_Hall_Tower_(Prague)/0/pictures/Rekonstrukce_Staroměstské_radnice_1AAH6977.jpg
Old_Town_Hall_(Prague),190045,29,commons/Renovation_of_the_Old_Town_Hall_Tower_(Prague)/0/pictures/Rekonstrukce_Staroměstské_radnice_1AAL9569.jpg
Old_Town_Hall_(Prague),190045,29,commons/Renovation_of_the_Old_Town_Hall_Tower_(Prague)/0/pictures/Rekonstrukce_Staroměstské_radnice_1AAL9745.jpg
Old_Town_Hall_(Prague),190045,29,commons/Renovation_of_the_Old_Town_Hall_Tower_(Prague)/0/pictures/Rekonstrukce_Staroměstské_radnice_1AAL9349.jpg
Old_Town_Hall_(Prague),190045,29,commons/Renovation_of_the_Old_Town_Hall_Tower_(Prague)/0/pictures/Rekonstrukce_Staroměstské_radnice_1AAL9347.jpg
Old_Town_Hall_(Prague),190045,29,commons/Renovation_of_the_Old_Town_Hall_Tower_(Prague)/0/pictures/Rekonstrukce_Staroměstské_radnice_1AAL9331.jpg
Old_Town_Hall_(Prague),190045,29,commons/Renovation_of_the_Old_Town_Hall_Tower_(Prague)/0/pictures/Rekonstrukce_Staroměstské_radnice_1AAL9329.jpg
Old_Town_Hall_(Prague),190045,29,commons/Renovation_of_the_Old_Town_Hall_Tower_(Prague)/0/pictures/Rekonstrukce_Staroměstské_radnice_1AAL0299.jpg
Old_Town_Hall_(Prague),190045,29,commons/Renovation_of_the_Old_Town_Hall_Tower_(Prague)/0/pictures/Rekonstrukce_Staroměstské_radnice_1AAL9340.jpg
Old_Town_Hall_(Prague),190045,29,commons/Renovation_of_the_Old_Town_Hall_Tower_(Prague)/0/pictures/Rekonstrukce_Staroměstské_radnice_1AAL8986.jpg
Old_Town_Hall_(Prague),190045,29,commons/Renovation_of_the_Old_Town_Hall_Tower_(Prague)/0/pictures/Rekonstrukce_Staroměstské_radnice_1AAL9047.jpg
Old_Town_Hall_(Prague),190045,29,commons/Renovation_of_the_Old_Town_Hall_Tower_(Prague)/0/pictures/Rekonstrukce_Staroměstské_radnice_1AAL9726.jpg
Old_Town_Hall_(Prague),190045,29,commons/Renovation_of_the_Old_Town_Hall_Tower_(Prague)/0/pictures/Rekonstrukce_Staroměstské_radnice_1AAL9342.jpg
Old_Town_Hall_(Prague),190045,29,commons/Renovation_of_the_Old_Town_Hall_Tower_(Prague)/0/pictures/Rekonstrukce_Staroměstské_radnice_1AAL8989.jpg
Old_Town_Hall_(Prague),190045,29,commons/Renovation_of_the_Old_Town_Hall_Tower_(Prague)/0/pictures/Rekonstrukce_Staroměstské_radnice_1AAL9316.jpg
Old_Town_Hall_(Prague),190045,29,commons/Renovation_of_the_Old_Town_Hall_Tower_(Prague)/0/pictures/Rekonstrukce_Staroměstské_radnice_1AAL9572.jpg
Old_Town_Hall_(Prague),190045,29,commons/Renovation_of_the_Old_Town_Hall_Tower_(Prague)/0/pictures/Rekonstrukce_Staroměstské_radnice_1AAL9041.jpg
Old_Town_Hall_(Prague),190045,29,commons/Renovation_of_the_Old_Town_Hall_Tower_(Prague)/0/pictures/Rekonstrukce_Staroměstské_radnice_1AAL9576.jpg
Old_Town_Hall_(Prague),190045,29,commons/Renovation_of_the_Old_Town_Hall_Tower_(Prague)/0/pictures/Rekonstrukce_Staroměstské_radnice_1AAL9045.jpg
Old_Town_Hall_(Prague),190045,29,commons/Renovation_of_the_Old_Town_Hall_Tower_(Prague)/0/pictures/Rekonstrukce_Staroměstské_radnice_1AAL8943.jpg
Old_Town_Hall_(Prague),190045,29,commons/Renovation_of_the_Old_Town_Hall_Tower_(Prague)/0/pictures/Rekonstrukce_Staroměstské_radnice_1AAL9318.jpg
Old_Town_Hall_(Prague),190045,29,commons/Renovation_of_the_Old_Town_Hall_Tower_(Prague)/0/pictures/Rekonstrukce_Staroměstské_radnice_1AAL8951.jpg
Old_Town_Hall_(Prague),190045,29,commons/Renovation_of_the_Old_Town_Hall_Tower_(Prague)/0/pictures/Rekonstrukce_Staroměstské_radnice_1AAL9320.jpg
Old_Town_Hall_(Prague),190045,29,commons/Renovation_of_the_Old_Town_Hall_Tower_(Prague)/0/pictures/Rekonstrukce_Staroměstské_radnice_1AAL8959.jpg
Old_Town_Hall_(Prague),190045,29,commons/Renovation_of_the_Old_Town_Hall_Tower_(Prague)/0/pictures/Rekonstrukce_Staroměstské_radnice_1AAL9323.jpg
Old_Town_Hall_(Prague),190045,30,commons/Renovation_of_the_Old_Town_Hall_Tower_(Prague)/0/pictures/Rekonstrukce_Staroměstské_radnice_1AAH3816.jpg
Old_Town_Hall_(Prague),190045,30,commons/Renovation_of_the_Old_Town_Hall_Tower_(Prague)/0/pictures/Rekonstrukce_Staroměstské_radnice_1AAH3806.jpg
Old_Town_Hall_(Prague),190045,30,commons/Renovation_of_the_Old_Town_Hall_Tower_(Prague)/0/pictures/Rekonstrukce_Staroměstské_radnice_1AAH3793.jpg
Old_Town_Hall_(Prague),190045,30,commons/Renovation_of_the_Old_Town_Hall_Tower_(Prague)/0/pictures/Rekonstrukce_Staroměstské_radnice_1AAH3538.jpg
Old_Town_Hall_(Prague),190045,30,commons/Renovation_of_the_Old_Town_Hall_Tower_(Prague)/0/pictures/Rekonstrukce_Staroměstské_radnice_1AAH3710.jpg
Old_Town_Hall_(Prague),190045,30,commons/Renovation_of_the_Old_Town_Hall_Tower_(Prague)/0/pictures/Rekonstrukce_Staroměstské_radnice_1AAH3541.jpg
Old_Town_Hall_(Prague),190045,30,commons/Renovation_of_the_Old_Town_Hall_Tower_(Prague)/0/pictures/Rekonstrukce_Staroměstské_radnice_1AAH3712.jpg
Old_Town_Hall_(Prague),190045,30,commons/Renovation_of_the_Old_Town_Hall_Tower_(Prague)/0/pictures/Rekonstrukce_Staroměstské_radnice_1AAH3549.jpg
Old_Town_Hall_(Prague),190045,30,commons/Renovation_of_the_Old_Town_Hall_Tower_(Prague)/0/pictures/Rekonstrukce_Staroměstské_radnice_1AAH3559.jpg
Old_Town_Hall_(Prague),190045,30,commons/Renovation_of_the_Old_Town_Hall_Tower_(Prague)/0/pictures/Rekonstrukce_Staroměstské_radnice_1AAH3720.jpg
Old_Town_Hall_(Prague),190045,30,commons/Renovation_of_the_Old_Town_Hall_Tower_(Prague)/0/pictures/Rekonstrukce_Staroměstské_radnice_1AAH3560.jpg
Old_Town_Hall_(Prague),190045,30,commons/Renovation_of_the_Old_Town_Hall_Tower_(Prague)/0/pictures/Rekonstrukce_Staroměstské_radnice_1AAH3564.jpg
Old_Town_Hall_(Prague),190045,30,commons/Renovation_of_the_Old_Town_Hall_Tower_(Prague)/0/pictures/Rekonstrukce_Staroměstské_radnice_1AAH3569.jpg
Old_Town_Hall_(Prague),190045,30,commons/Renovation_of_the_Old_Town_Hall_Tower_(Prague)/0/pictures/Rekonstrukce_Staroměstské_radnice_1AAH3579.jpg
Old_Town_Hall_(Prague),190045,30,commons/Renovation_of_the_Old_Town_Hall_Tower_(Prague)/0/pictures/Rekonstrukce_Staroměstské_radnice_1AAH3700.jpg
Old_Town_Hall_(Prague),190045,30,commons/Renovation_of_the_Old_Town_Hall_Tower_(Prague)/0/pictures/Rekonstrukce_Staroměstské_radnice_1AAH3789.jpg
Old_Town_Hall_(Prague),190045,31,commons/Chapel_of_the_Old_Town_Hall_(Prague)/0/pictures/Rekonstrukce_Staroměstské_radnice_1AAA5961.jpg
Old_Town_Hall_(Prague),190045,31,commons/Chapel_of_the_Old_Town_Hall_(Prague)/0/pictures/Rekonstrukce_Staroměstské_radnice_1AAA5971.jpg
Old_Town_Hall_(Prague),190045,31,commons/Renovation_of_the_Old_Town_Hall_Tower_(Prague)/0/pictures/Rekonstrukce_Staroměstské_radnice_1AAA5926.jpg
Old_Town_Hall_(Prague),190045,31,commons/Renovation_of_the_Old_Town_Hall_Tower_(Prague)/0/pictures/Rekonstrukce_Staroměstské_radnice_1FGZ8150.jpg
Old_Town_Hall_(Prague),190045,31,commons/Chapel_of_the_Old_Town_Hall_(Prague)/0/pictures/Rekonstrukce_Staroměstské_radnice_1AAA5965.jpg
Old_Town_Hall_(Prague),190045,31,commons/Chapel_of_the_Old_Town_Hall_(Prague)/0/pictures/Rekonstrukce_Staroměstské_radnice_1AAA5936.jpg
Old_Town_Hall_(Prague),190045,31,commons/Renovation_of_the_Old_Town_Hall_Tower_(Prague)/0/pictures/Rekonstrukce_Staroměstské_radnice_1AAA5971.jpg
Old_Town_Hall_(Prague),190045,31,commons/Chapel_of_the_Old_Town_Hall_(Prague)/0/pictures/Rekonstrukce_Staroměstské_radnice_1AAA5952.jpg
Old_Town_Hall_(Prague),190045,31,commons/Renovation_of_the_Old_Town_Hall_Tower_(Prague)/0/pictures/Rekonstrukce_Staroměstské_radnice_1AAA5963.jpg
Old_Town_Hall_(Prague),190045,31,commons/Chapel_of_the_Old_Town_Hall_(Prague)/0/pictures/Rekonstrukce_Staroměstské_radnice_1AAA5963.jpg
Old_Town_Hall_(Prague),190045,31,commons/Renovation_of_the_Old_Town_Hall_Tower_(Prague)/0/pictures/Rekonstrukce_Staroměstské_radnice_1AAA5967.jpg
Old_Town_Hall_(Prague),190045,31,commons/Chapel_of_the_Old_Town_Hall_(Prague)/0/pictures/Rekonstrukce_Staroměstské_radnice_1AAA5939.jpg
Old_Town_Hall_(Prague),190045,31,commons/Renovation_of_the_Old_Town_Hall_Tower_(Prague)/0/pictures/Rekonstrukce_Staroměstské_radnice_1AAA5961.jpg
Old_Town_Hall_(Prague),190045,31,commons/Chapel_of_the_Old_Town_Hall_(Prague)/0/pictures/Rekonstrukce_Staroměstské_radnice_1AAA5955.jpg
Old_Town_Hall_(Prague),190045,31,commons/Chapel_of_the_Old_Town_Hall_(Prague)/0/pictures/Rekonstrukce_Staroměstské_radnice_1AAA5967.jpg
Old_Town_Hall_(Prague),190045,31,commons/Chapel_of_the_Old_Town_Hall_(Prague)/0/pictures/Rekonstrukce_Staroměstské_radnice_1AAA5941.jpg
Old_Town_Hall_(Prague),190045,31,commons/Chapel_of_the_Old_Town_Hall_(Prague)/0/pictures/Rekonstrukce_Staroměstské_radnice_1AAA5926.jpg
Old_Town_Hall_(Prague),190045,31,commons/Renovation_of_the_Old_Town_Hall_Tower_(Prague)/0/pictures/Rekonstrukce_Staroměstské_radnice_1AAB0124.jpg
Old_Town_Hall_(Prague),190045,31,commons/Renovation_of_the_Old_Town_Hall_Tower_(Prague)/0/pictures/Rekonstrukce_Staroměstské_radnice_1AAA5941.jpg
Old_Town_Hall_(Prague),190045,31,commons/Renovation_of_the_Old_Town_Hall_Tower_(Prague)/0/pictures/Rekonstrukce_Staroměstské_radnice_1AAA5936.jpg
Old_Town_Hall_(Prague),190045,31,commons/Renovation_of_the_Old_Town_Hall_Tower_(Prague)/0/pictures/Rekonstrukce_Staroměstské_radnice_1AAB0150.jpg
Old_Town_Hall_(Prague),190045,31,commons/Renovation_of_the_Old_Town_Hall_Tower_(Prague)/0/pictures/Rekonstrukce_Staroměstské_radnice_1AAA5952.jpg
Old_Town_Hall_(Prague),190045,31,commons/Renovation_of_the_Old_Town_Hall_Tower_(Prague)/0/pictures/Rekonstrukce_Staroměstské_radnice_1AAA5939.jpg
Old_Town_Hall_(Prague),190045,31,commons/Renovation_of_the_Old_Town_Hall_Tower_(Prague)/0/pictures/Rekonstrukce_Staroměstské_radnice_1AAB0157.jpg
Old_Town_Hall_(Prague),190045,31,commons/Renovation_of_the_Old_Town_Hall_Tower_(Prague)/0/pictures/Rekonstrukce_Staroměstské_radnice_1AAA5955.jpg
Old_Town_Hall_(Prague),190045,31,commons/Renovation_of_the_Old_Town_Hall_Tower_(Prague)/0/pictures/Rekonstrukce_Staroměstské_radnice_1AAA5965.jpg
Old_Town_Hall_(Prague),190045,31,commons/Renovation_of_the_Old_Town_Hall_Tower_(Prague)/0/pictures/Rekonstrukce_Staroměstské_radnice_1AAA5975.jpg
Old_Town_Hall_(Prague),190045,31,commons/Renovation_of_the_Old_Town_Hall_Tower_(Prague)/0/pictures/Rekonstrukce_Staroměstské_radnice_1AAB0122.jpg
Old_Town_Hall_(Prague),190045,31,commons/Chapel_of_the_Old_Town_Hall_(Prague)/0/pictures/Rekonstrukce_Staroměstské_radnice_1AAA5975.jpg
Old_Town_Hall_(Prague),190045,31,commons/Renovation_of_the_Old_Town_Hall_Tower_(Prague)/0/pictures/Rekonstrukce_Staroměstské_radnice_1FGZ8149.jpg
Old_Town_Hall_(Prague),190045,32,commons/Torso_of_the_Gothic_Revival_wing_of_the_Old_Town_Hall_in_Prague/0/pictures/Věž_Staroměstské_radnice.jpg
Old_Town_Hall_(Prague),190045,32,"commons/Torso_of_the_Gothic_Revival_wing_of_the_Old_Town_Hall_in_Prague/0/pictures/Old_Town_Hall,_Prague.jpg"
Old_Town_Hall_(Prague),190045,32,commons/Torso_of_the_Gothic_Revival_wing_of_the_Old_Town_Hall_in_Prague/0/pictures/Old_Town_Hall_(8341899492).jpg
Old_Town_Hall_(Prague),190045,32,commons/Torso_of_the_Gothic_Revival_wing_of_the_Old_Town_Hall_in_Prague/0/pictures/354_Capella_de_l'Ajuntament_de_la_Ciutat_Vella.jpg
Old_Town_Hall_(Prague),190045,32,"commons/Torso_of_the_Gothic_Revival_wing_of_the_Old_Town_Hall_in_Prague/0/pictures/Praha,_Staroměstská_radnice_-_panoramio_(3).jpg"
Old_Town_Hall_(Prague),190045,32,commons/Renovation_of_the_Old_Town_Hall_Tower_(Prague)/0/pictures/Rekonstrukce_Staroměstské_radnice_1FGZ2185.jpg
Old_Town_Hall_(Prague),190045,32,commons/Renovation_of_the_Old_Town_Hall_Tower_(Prague)/0/pictures/Rekonstrukce_Staroměstské_radnice_1NFGG1707.jpg
Old_Town_Hall_(Prague),190045,32,commons/Old_Town_Hall_Tower_(Prague)/0/pictures/Věž_Staroměstské_radnice.jpg
Old_Town_Hall_(Prague),190045,32,commons/Old_Town_Hall_(Prague)/0/pictures/Joy_(159174133).jpeg
Old_Town_Hall_(Prague),190045,32,commons/Old_Town_Hall_(Prague)/0/pictures/Old_Town_Hall._Prague._Czech_Republic._Староместская_Ратуша._Прага._Чехия_-_panoramio_(1).jpg
Old_Town_Hall_(Prague),190045,32,"commons/Old_Town_Hall_(Prague)/0/pictures/Old_Town,_110_00_Prague-Prague_1,_Czech_Republic_-_panoramio_(100).jpg"
Old_Town_Hall_(Prague),190045,32,commons/Old_Town_Hall_Tower_(Prague)/0/pictures/Praga_04-09-2013_03.JPG
Old_Town_Hall_(Prague),190045,32,"commons/Old_Town_Hall_Tower_(Prague)/0/pictures/Praha,_Staroměstská_radnice_-_panoramio_(3).jpg"
Old_Town_Hall_(Prague),190045,32,commons/Old_Town_Hall_Tower_(Prague)/0/pictures/354_Capella_de_l'Ajuntament_de_la_Ciutat_Vella.jpg
Old_Town_Hall_(Prague),190045,32,commons/Old_Town_Hall_Tower_(Prague)/0/pictures/Old_Town_Hall_(8341899492).jpg
Old_Town_Hall_(Prague),190045,32,commons/Old_Town_Hall_Tower_(Prague)/0/pictures/Tour_Horloge_astronomique_Prague_18.jpg
Old_Town_Hall_(Prague),190045,32,"commons/Old_Town_Hall_Tower_(Prague)/0/pictures/Old_Town_Hall,_Prague.jpg"
Old_Town_Hall_(Prague),190045,32,"commons/Old_Town_Hall_Tower_(Prague)/0/pictures/Praha,_Staroměstská_radnice_-_panoramio_(7).jpg"
Old_Town_Hall_(Prague),190045,32,commons/Old_Town_Hall_Tower_(Prague)/0/pictures/Praga_04-09-2013_06.JPG
Old_Town_Hall_(Prague),190045,32,commons/Old_Town_Hall_Tower_(Prague)/0/pictures/Tour_Horloge_astronomique_Prague_7.jpg
Old_Town_Hall_(Prague),190045,32,commons/Old_Town_Hall_Tower_(Prague)/0/pictures/Tour_Horloge_astronomique_Prague_8.jpg
Old_Town_Hall_(Prague),190045,33,"commons/Torso_of_the_Gothic_Revival_wing_of_the_Old_Town_Hall_in_Prague/0/pictures/Praha,_Staroměstská_radnice_-_panoramio_(3).jpg"
Old_Town_Hall_(Prague),190045,33,"commons/Torso_of_the_Gothic_Revival_wing_of_the_Old_Town_Hall_in_Prague/0/pictures/Praha,_Staroměstská_radnice_-_panoramio_(2).jpg"
Old_Town_Hall_(Prague),190045,33,"commons/Torso_of_the_Gothic_Revival_wing_of_the_Old_Town_Hall_in_Prague/0/pictures/Old_Town_Hall,_Prague.jpg"
Old_Town_Hall_(Prague),190045,33,commons/Torso_of_the_Gothic_Revival_wing_of_the_Old_Town_Hall_in_Prague/0/pictures/Old_Town_Hall_(8341899492).jpg
Old_Town_Hall_(Prague),190045,33,commons/Torso_of_the_Gothic_Revival_wing_of_the_Old_Town_Hall_in_Prague/0/pictures/CZ-prag-altst-rathaus.jpg
Old_Town_Hall_(Prague),190045,33,"commons/Old_Town_Hall_(Prague)/0/pictures/Old_Town,_110_00_Prague-Prague_1,_Czech_Republic_-_panoramio_(100).jpg"
Old_Town_Hall_(Prague),190045,33,"commons/Old_Town_Hall_Tower_(Prague)/0/pictures/Praha,_Staroměstská_radnice.JPG"
Old_Town_Hall_(Prague),190045,33,"commons/Old_Town_Hall_Tower_(Prague)/0/pictures/034_Cursa_popular_a_la_plaça_de_la_Ciutat_Vella,_torre_de_l'Ajuntament.jpg"
Old_Town_Hall_(Prague),190045,33,"commons/Old_Town_Hall_Tower_(Prague)/0/pictures/Old_Town_Hall,_Prague.jpg"
Old_Town_Hall_(Prague),190045,33,commons/Torso_of_the_Gothic_Revival_wing_of_the_Old_Town_Hall_in_Prague/0/pictures/Пражскія_вуліцы_31.JPG
Old_Town_Hall_(Prague),190045,33,"commons/Old_Town_Hall_Tower_(Prague)/0/pictures/Praha,_Staroměstská_radnice_-_panoramio_(7).jpg"
Old_Town_Hall_(Prague),190045,33,commons/Old_Town_Hall_Tower_(Prague)/0/pictures/CZ-prag-altst-rathaus.jpg
Old_Town_Hall_(Prague),190045,33,commons/Old_Town_Hall_(Prague)/0/pictures/Staroměstská_radnice_-_panoramio_(1).jpg
Old_Town_Hall_(Prague),190045,33,commons/Old_Town_Hall_Tower_(Prague)/0/pictures/Old_Town_Hall_(8341899492).jpg
Old_Town_Hall_(Prague),190045,33,commons/Old_Town_Hall_Tower_(Prague)/0/pictures/Tour_Horloge_astronomique_Prague_18.jpg
Old_Town_Hall_(Prague),190045,33,"commons/Old_Town_Hall_Tower_(Prague)/0/pictures/Praha,_Staroměstská_radnice_-_panoramio_(2).jpg"
Old_Town_Hall_(Prague),190045,33,"commons/Torso_of_the_Gothic_Revival_wing_of_the_Old_Town_Hall_in_Prague/0/pictures/034_Cursa_popular_a_la_plaça_de_la_Ciutat_Vella,_torre_de_l'Ajuntament.jpg"
Old_Town_Hall_(Prague),190045,33,"commons/Old_Town_Hall_Tower_(Prague)/0/pictures/Praha,_Staroměstská_radnice_-_panoramio_(3).jpg"
Old_Town_Hall_(Prague),190045,33,commons/Old_Town_Hall_Tower_(Prague)/0/pictures/Пражскія_вуліцы_31.JPG
Old_Town_Hall_(Prague),190045,33,commons/Renovation_of_the_Old_Town_Hall_Tower_(Prague)/0/pictures/Rekonstrukce_Staroměstské_radnice_1FGZ7296.jpg
Old_Town_Hall_(Prague),190045,34,commons/Renovation_of_the_Old_Town_Hall_Tower_(Prague)/0/pictures/Rekonstrukce_Staroměstské_radnice_1AAQ0813.jpg
Old_Town_Hall_(Prague),190045,34,commons/Renovation_of_the_Old_Town_Hall_Tower_(Prague)/0/pictures/Rekonstrukce_Staroměstské_radnice_1AAQ0811.jpg
Old_Town_Hall_(Prague),190045,34,commons/Renovation_of_the_Old_Town_Hall_Tower_(Prague)/0/pictures/Rekonstrukce_Staroměstské_radnice_1AAQ0810.jpg
Old_Town_Hall_(Prague),190045,34,commons/Renovation_of_the_Old_Town_Hall_Tower_(Prague)/0/pictures/Rekonstrukce_Staroměstské_radnice_1AAQ0809.jpg
Old_Town_Hall_(Prague),190045,34,commons/Renovation_of_the_Old_Town_Hall_Tower_(Prague)/0/pictures/Rekonstrukce_Staroměstské_radnice_1AAP6556.jpg
Old_Town_Hall_(Prague),190045,34,commons/Renovation_of_the_Old_Town_Hall_Tower_(Prague)/0/pictures/Rekonstrukce_Staroměstské_radnice_1AAP6552.jpg
Old_Town_Hall_(Prague),190045,34,commons/Renovation_of_the_Old_Town_Hall_Tower_(Prague)/0/pictures/Rekonstrukce_Staroměstské_radnice_1AAP6549.jpg
Old_Town_Hall_(Prague),190045,34,commons/Renovation_of_the_Old_Town_Hall_Tower_(Prague)/0/pictures/Rekonstrukce_Staroměstské_radnice_1AAN4537.jpg
Old_Town_Hall_(Prague),190045,34,commons/Renovation_of_the_Old_Town_Hall_Tower_(Prague)/0/pictures/Rekonstrukce_Staroměstské_radnice_1AAN4539.jpg
Old_Town_Hall_(Prague),190045,34,commons/Renovation_of_the_Old_Town_Hall_Tower_(Prague)/0/pictures/Rekonstrukce_Staroměstské_radnice_1AAO6690.jpg
Old_Town_Hall_(Prague),190045,34,commons/Renovation_of_the_Old_Town_Hall_Tower_(Prague)/0/pictures/Rekonstrukce_Staroměstské_radnice_1AAO6694.jpg
Old_Town_Hall_(Prague),190045,34,commons/Renovation_of_the_Old_Town_Hall_Tower_(Prague)/0/pictures/Rekonstrukce_Staroměstské_radnice_1AAO6318.jpg
Old_Town_Hall_(Prague),190045,34,commons/Renovation_of_the_Old_Town_Hall_Tower_(Prague)/0/pictures/Rekonstrukce_Staroměstské_radnice_1AAO4696.jpg
Old_Town_Hall_(Prague),190045,34,commons/Renovation_of_the_Old_Town_Hall_Tower_(Prague)/0/pictures/Rekonstrukce_Staroměstské_radnice_1AAO6688.jpg
Old_Town_Hall_(Prague),190045,34,commons/Renovation_of_the_Old_Town_Hall_Tower_(Prague)/0/pictures/Rekonstrukce_Staroměstské_radnice_1AAO4691.jpg
Old_Town_Hall_(Prague),190045,34,commons/Renovation_of_the_Old_Town_Hall_Tower_(Prague)/0/pictures/Rekonstrukce_Staroměstské_radnice_1AAO6684.jpg
Old_Town_Hall_(Prague),190045,34,commons/Renovation_of_the_Old_Town_Hall_Tower_(Prague)/0/pictures/Rekonstrukce_Staroměstské_radnice_1AAP6545.jpg
Old_Town_Hall_(Prague),190045,34,commons/Renovation_of_the_Old_Town_Hall_Tower_(Prague)/0/pictures/Rekonstrukce_Staroměstské_radnice_1AAO4693.jpg
Old_Town_Hall_(Prague),190045,34,commons/Renovation_of_the_Old_Town_Hall_Tower_(Prague)/0/pictures/Rekonstrukce_Staroměstské_radnice_1AAO6686.jpg
Old_Town_Hall_(Prague),190045,34,commons/Renovation_of_the_Old_Town_Hall_Tower_(Prague)/0/pictures/Rekonstrukce_Staroměstské_radnice_1AAO6692.jpg
