scene,scene_id,model,image
Cathédrale_Notre-Dame_de_Strasbourg,25880,0,commons/West_facade_of_Notre-Dame_de_Strasbourg_seen_from_rue_Mercière/0/pictures/Strasbourg_March_2019_(33575450488).jpg
Cathédrale_Notre-Dame_de_Strasbourg,25880,0,commons/West_facade_of_Notre-Dame_de_Strasbourg_seen_from_rue_Mercière/0/pictures/Strasbourg_March_2019_(33575457878).jpg
Cathédrale_Notre-Dame_de_Strasbourg,25880,0,commons/West_facade_of_Notre-Dame_de_Strasbourg_seen_from_rue_Mercière/0/pictures/Strasbourg_March_2019_(32509934817).jpg
Cathédrale_Notre-Dame_de_Strasbourg,25880,0,commons/West_facade_of_Notre-Dame_de_Strasbourg_seen_from_rue_Mercière/0/pictures/Strasbourg_Cathedral_west_front.jpg
Cathédrale_Notre-Dame_de_Strasbourg,25880,0,commons/West_facade_of_Notre-Dame_de_Strasbourg_seen_from_rue_Mercière/0/pictures/Strasbourg_Cathedral_(58625040).jpeg
Cathédrale_Notre-Dame_de_Strasbourg,25880,0,commons/West_facade_of_Notre-Dame_de_Strasbourg_seen_from_rue_Mercière/0/pictures/Strasbourg_61.jpg
Cathédrale_Notre-Dame_de_Strasbourg,25880,0,commons/West_facade_of_Notre-Dame_de_Strasbourg_seen_from_rue_Mercière/0/pictures/Strasbourg_Cathedral_-_Rose_&_Grids_(7684395630).jpg
Cathédrale_Notre-Dame_de_Strasbourg,25880,0,commons/West_facade_of_Notre-Dame_de_Strasbourg/0/pictures/Strasbourg_Cathedral_-_Windows_(7684409122).jpg
Cathédrale_Notre-Dame_de_Strasbourg,25880,0,"commons/Remote_views_of_Notre-Dame_de_Strasbourg/0/pictures/2009-02,_Strasbourg,_France.jpg"
Cathédrale_Notre-Dame_de_Strasbourg,25880,0,commons/Remote_views_of_Notre-Dame_de_Strasbourg/0/pictures/14-02-02-straszburg-RalfR-154.jpg
Cathédrale_Notre-Dame_de_Strasbourg,25880,0,"commons/Views_from_Notre-Dame_de_Strasbourg_in_2012/0/pictures/Strasbourg,_église_Sainte-Madeleine.jpg"
Cathédrale_Notre-Dame_de_Strasbourg,25880,0,commons/North_transept_of_Notre-Dame_de_Strasbourg/0/pictures/North_transept_of_Notre-Dame_de_Strasbourg.jpg
Cathédrale_Notre-Dame_de_Strasbourg,25880,0,commons/North_transept_of_Notre-Dame_de_Strasbourg/0/pictures/North_side_of_Notre-Dame_de_Strasbourg.jpg
Cathédrale_Notre-Dame_de_Strasbourg,25880,0,commons/Cathédrale_Notre-Dame_de_Strasbourg_from_the_southwest/0/pictures/Cathédrale_Notre-Dame_de_Strasbourg_@_Strasbourg_(31708517658).jpg
Cathédrale_Notre-Dame_de_Strasbourg,25880,0,commons/North_transept_of_Notre-Dame_de_Strasbourg/0/pictures/Cathedrale-de-Strasbourg-IMG_4279.jpg
Cathédrale_Notre-Dame_de_Strasbourg,25880,0,commons/Cathédrale_Notre-Dame_de_Strasbourg_from_the_southwest/0/pictures/Cathédrale_Notre_Dame_de_Strasbourg_-_panoramio.jpg
Cathédrale_Notre-Dame_de_Strasbourg,25880,0,commons/North_transept_of_Notre-Dame_de_Strasbourg/0/pictures/Detail_of_North_transept_of_Notre-Dame_de_Strasbourg..jpg
Cathédrale_Notre-Dame_de_Strasbourg,25880,0,commons/Cathédrale_Notre-Dame_de_Strasbourg_from_the_southwest/0/pictures/Cathédrale_Notre_Dame_de_Strasbourg_2020_exterieur.jpg
Cathédrale_Notre-Dame_de_Strasbourg,25880,0,commons/North_transept_of_Notre-Dame_de_Strasbourg/0/pictures/Cathédrale_Notre-Dame_de_Strasbourg_-_Cathedral_of_Our_Lady_of_Strasbourg_-_كاتدرائية_ستراسبورغ_-_Liebfrauenmünster_zu_Straßburg_photo18.jpg
Cathédrale_Notre-Dame_de_Strasbourg,25880,0,commons/Cathédrale_Notre-Dame_de_Strasbourg_from_the_southwest/0/pictures/Cathedrale_de_Strasbourg_vue_du_sud-ouest.jpg
Cathédrale_Notre-Dame_de_Strasbourg,25880,0,commons/North_transept_of_Notre-Dame_de_Strasbourg/0/pictures/Cathedrale_Notre_Dame_in_Strasbourg_(2520657276).jpg
Cathédrale_Notre-Dame_de_Strasbourg,25880,0,commons/Cathédrale_Notre-Dame_de_Strasbourg_from_the_southwest/0/pictures/Cathedrale_Notre_Dame_in_Strasbourg_(2519903219).jpg
Cathédrale_Notre-Dame_de_Strasbourg,25880,0,commons/North_side_of_Notre-Dame_de_Strasbourg/0/pictures/Tower_@_Cathédrale_Notre-Dame_de_Strasbourg_@_Strasbourg_(45580789721).jpg
Cathédrale_Notre-Dame_de_Strasbourg,25880,0,commons/Cathédrale_Notre-Dame_de_Strasbourg_from_the_southwest/0/pictures/Catedral_de_Estrasburgo.jpg
Cathédrale_Notre-Dame_de_Strasbourg,25880,0,commons/North_side_of_Notre-Dame_de_Strasbourg/0/pictures/Cathédrale_Notre-Dame_de_Strasbourg_@_Strasbourg_(43763448410).jpg
Cathédrale_Notre-Dame_de_Strasbourg,25880,0,commons/Cathédrale_Notre-Dame_de_Strasbourg_from_the_northwest/0/pictures/Straßburg_Cathédrale_Notre-Dame_Fassade_2.jpg
Cathédrale_Notre-Dame_de_Strasbourg,25880,0,commons/Tower_of_Notre-Dame_de_Strasbourg/0/pictures/Strasbourg_Cathedral_-_panoramio_(1).jpg
Cathédrale_Notre-Dame_de_Strasbourg,25880,0,commons/North_side_of_Notre-Dame_de_Strasbourg/0/pictures/Cathedrale-de-Strasbourg-IMG_1358.jpg
Cathédrale_Notre-Dame_de_Strasbourg,25880,0,commons/Cathédrale_Notre-Dame_de_Strasbourg_from_the_northwest/0/pictures/Strasbourg_Noel_2021_6895_DxO_GF.jpg
Cathédrale_Notre-Dame_de_Strasbourg,25880,0,commons/North_side_of_Notre-Dame_de_Strasbourg/0/pictures/2010_06_24_canaltrip_strasbourg_536_(23024181396).jpg
Cathédrale_Notre-Dame_de_Strasbourg,25880,0,commons/Cathédrale_Notre-Dame_de_Strasbourg_from_the_northwest/0/pictures/Strasbourg_(8399149964).jpg
Cathédrale_Notre-Dame_de_Strasbourg,25880,0,commons/Tower_of_Notre-Dame_de_Strasbourg/0/pictures/Strasbourg_2009_IMG_3843.jpg
Cathédrale_Notre-Dame_de_Strasbourg,25880,0,commons/Miscellaneous_architectural_details_of_Notre-Dame_de_Strasbourg/0/pictures/Strasbourg_Cathedral_(52298038491).jpg
Cathédrale_Notre-Dame_de_Strasbourg,25880,0,commons/Strasbourg_Cathedral_by_night/0/pictures/Krämergass_-_STRASBOURG_-_panoramio.jpg
Cathédrale_Notre-Dame_de_Strasbourg,25880,0,commons/Miscellaneous_architectural_details_of_Notre-Dame_de_Strasbourg/0/pictures/Strasbourg_-_Cathedral_I.jpg
Cathédrale_Notre-Dame_de_Strasbourg,25880,0,"commons/Miscellaneous_architectural_details_of_Notre-Dame_de_Strasbourg/0/pictures/Mairie,_67000_Strasbourg,_France_-_panoramio_(7).jpg"
Cathédrale_Notre-Dame_de_Strasbourg,25880,0,commons/Miscellaneous_architectural_details_of_Notre-Dame_de_Strasbourg/0/pictures/Das_Straßburger_Münster_wurde_von_1176_bis_1439_im_romanisch_gotischen_Stil_aus_rosa_Vogesensandstein_mit_deutschen_und_französischen_Kultureinflüsse_erbaut_und_gehört_zu_den_bedeutendsten_Kathedralen_der_europäisch_-_panoramio.jpg
Cathédrale_Notre-Dame_de_Strasbourg,25880,0,commons/Strasbourg_Cathedral_by_night/0/pictures/Cathedrale-de-Strasbourg-IMG_1269.jpg
Cathédrale_Notre-Dame_de_Strasbourg,25880,0,commons/Miscellaneous_architectural_details_of_Notre-Dame_de_Strasbourg/0/pictures/Des_murs_de_verre.jpg
Cathédrale_Notre-Dame_de_Strasbourg,25880,0,commons/Strasbourg_Cathedral_by_night/0/pictures/Cathedrale-de-Strasbourg-IMG_1272.jpg
Cathédrale_Notre-Dame_de_Strasbourg,25880,0,commons/Miscellaneous_architectural_details_of_Notre-Dame_de_Strasbourg/0/pictures/Cathedrale-de-Strasbourg-IMG_1366.jpg
Cathédrale_Notre-Dame_de_Strasbourg,25880,0,commons/Strasbourg_Cathedral_Light_Show/0/pictures/Strasbourg_46.jpg
Cathédrale_Notre-Dame_de_Strasbourg,25880,0,commons/Miscellaneous_architectural_details_of_Notre-Dame_de_Strasbourg/0/pictures/Cathedrale-de-Strasbourg-IMG_1372.jpg
Cathédrale_Notre-Dame_de_Strasbourg,25880,0,commons/Strasbourg_Cathedral_Light_Show/0/pictures/Strasbourg_Cathedral_Light_Show.jpg
Cathédrale_Notre-Dame_de_Strasbourg,25880,0,commons/Miscellaneous_architectural_details_of_Notre-Dame_de_Strasbourg/0/pictures/Cathedrale-de-Strasbourg-IMG_1362.jpg
Cathédrale_Notre-Dame_de_Strasbourg,25880,0,commons/Miscellaneous_architectural_details_of_Notre-Dame_de_Strasbourg/0/pictures/Cathedrale-de-Strasbourg-IMG_1371.jpg
Cathédrale_Notre-Dame_de_Strasbourg,25880,0,commons/Strasbourg_Cathedral_Light_Show/0/pictures/Strasbourg_44.jpg
Cathédrale_Notre-Dame_de_Strasbourg,25880,0,commons/Miscellaneous_architectural_details_of_Notre-Dame_de_Strasbourg/0/pictures/Cathedrale-de-Strasbourg-IMG_1345.jpg
Cathédrale_Notre-Dame_de_Strasbourg,25880,0,commons/Strasbourg_Cathedral_Light_Show/0/pictures/Lightplay_on_the_west_façade_of_Strasbourg_Cathedral.jpg
Cathédrale_Notre-Dame_de_Strasbourg,25880,0,commons/Miscellaneous_architectural_details_of_Notre-Dame_de_Strasbourg/0/pictures/Cathedrale-de-Strasbourg-IMG_1325.jpg
Cathédrale_Notre-Dame_de_Strasbourg,25880,0,commons/Strasbourg_Cathedral_Light_Show/0/pictures/Cathédrale_Notre-Dame_de_Strasbourg_by_Night.jpg
Cathédrale_Notre-Dame_de_Strasbourg,25880,0,commons/Miscellaneous_architectural_details_of_Notre-Dame_de_Strasbourg/0/pictures/Cathedrale-de-Strasbourg-IMG_1322.jpg
Cathédrale_Notre-Dame_de_Strasbourg,25880,0,commons/Miscellaneous_architectural_details_of_Notre-Dame_de_Strasbourg/0/pictures/Cathedrale-de-Strasbourg-IMG_1348.jpg
Cathédrale_Notre-Dame_de_Strasbourg,25880,0,commons/Statues_of_Notre-Dame_de_Strasbourg_(Outside)/0/pictures/Князь_тьмы_и_девы.jpg
Cathédrale_Notre-Dame_de_Strasbourg,25880,0,commons/Miscellaneous_architectural_details_of_Notre-Dame_de_Strasbourg/0/pictures/Cathedrale-de-Strasbourg-IMG_1188.jpg
Cathédrale_Notre-Dame_de_Strasbourg,25880,0,commons/Miscellaneous_architectural_details_of_Notre-Dame_de_Strasbourg/0/pictures/2015_wurde_das_Münster_in_Straßburg_1000_Jahre_alt_-_panoramio.jpg
Cathédrale_Notre-Dame_de_Strasbourg,25880,0,commons/Miscellaneous_architectural_details_of_Notre-Dame_de_Strasbourg/0/pictures/Cathedrale-de-Strasbourg-IMG_1289.jpg
Cathédrale_Notre-Dame_de_Strasbourg,25880,0,commons/Statues_of_Notre-Dame_de_Strasbourg_(Outside)/0/pictures/StrasbourgCathFacaW_53.JPG
Cathédrale_Notre-Dame_de_Strasbourg,25880,0,commons/Millénaire_des_fondations_de_la_cathédrale_Notre-Dame_de_Strasbourg/0/pictures/Cathédrale_de_Strasbourg_depuis_la_rue_Mercière_pour_le_millénaire_des_fondations_de_la_cathédrale.jpg
Cathédrale_Notre-Dame_de_Strasbourg,25880,0,commons/Statues_of_Notre-Dame_de_Strasbourg_(Outside)/0/pictures/StrasbourgCathFacaW_08.jpg
Cathédrale_Notre-Dame_de_Strasbourg,25880,0,commons/Millénaire_des_fondations_de_la_cathédrale_Notre-Dame_de_Strasbourg/0/pictures/Cathédrale_Notre-Dame_de_Strasbourg_IMG_2816.2015-09-06_144919.JPG
Cathédrale_Notre-Dame_de_Strasbourg,25880,0,commons/Millénaire_des_fondations_de_la_cathédrale_Notre-Dame_de_Strasbourg/0/pictures/Cathédrale_Notre-Dame_de_Strasbourg_IMG_2812.2015-09-06_144859.JPG
Cathédrale_Notre-Dame_de_Strasbourg,25880,0,commons/Left_portal_of_the_western_facade_of_Notre-Dame_de_Strasbourg/0/pictures/Strasbourg_cathedrale_6_(5891472188).jpg
Cathédrale_Notre-Dame_de_Strasbourg,25880,0,commons/Statues_of_Notre-Dame_de_Strasbourg_(Outside)/0/pictures/StrasbourgCath_FacTranseptSud_16.JPG
Cathédrale_Notre-Dame_de_Strasbourg,25880,0,commons/Millénaire_des_fondations_de_la_cathédrale_Notre-Dame_de_Strasbourg/0/pictures/Cathédrale_Notre-Dame_de_Strasbourg_IMG_2811.2015-09-06_144849.JPG
Cathédrale_Notre-Dame_de_Strasbourg,25880,0,commons/Statues_of_Notre-Dame_de_Strasbourg_(Outside)/0/pictures/StrasbourgCath_FacTranseptSud_17.JPG
Cathédrale_Notre-Dame_de_Strasbourg,25880,0,commons/Millénaire_des_fondations_de_la_cathédrale_Notre-Dame_de_Strasbourg/0/pictures/Cathédrale_Notre-Dame_de_Strasbourg_IMG_2810.2015-09-06_144837.JPG
Cathédrale_Notre-Dame_de_Strasbourg,25880,0,commons/Left_portal_of_the_western_facade_of_Notre-Dame_de_Strasbourg/0/pictures/StrasbourgCathFacaW_31.JPG
Cathédrale_Notre-Dame_de_Strasbourg,25880,0,commons/Left_portal_of_the_western_facade_of_Notre-Dame_de_Strasbourg/0/pictures/Strasbourg_Cathédrale1.JPG
Cathédrale_Notre-Dame_de_Strasbourg,25880,0,commons/Millénaire_des_fondations_de_la_cathédrale_Notre-Dame_de_Strasbourg/0/pictures/Cathédrale_Notre-Dame_de_Strasbourg_IMG_2803.2015-09-06_144611.JPG
Cathédrale_Notre-Dame_de_Strasbourg,25880,0,commons/Statues_of_Notre-Dame_de_Strasbourg_(Outside)/0/pictures/Strasbourg4.jpg
Cathédrale_Notre-Dame_de_Strasbourg,25880,0,commons/Left_portal_of_the_western_facade_of_Notre-Dame_de_Strasbourg/0/pictures/Strasbourg-DSCN0319-a.jpg
Cathédrale_Notre-Dame_de_Strasbourg,25880,0,commons/Statues_of_Notre-Dame_de_Strasbourg_(Outside)/0/pictures/StrasbourgCath_FacTranseptSud_09.JPG
Cathédrale_Notre-Dame_de_Strasbourg,25880,0,commons/Left_portal_of_the_western_facade_of_Notre-Dame_de_Strasbourg/0/pictures/Strasbourg_Cathédrale2.JPG
Cathédrale_Notre-Dame_de_Strasbourg,25880,0,commons/Left_portal_of_the_western_facade_of_Notre-Dame_de_Strasbourg/0/pictures/Strasbourg_-_Notre-Dame_de_Strasbourg_(1015-1439)_-_Left_Portal_-_Depiction_of_the_Infancy_of_Christ_01_-_Fisheye_panorama_01.jpg
Cathédrale_Notre-Dame_de_Strasbourg,25880,0,commons/Statues_of_Notre-Dame_de_Strasbourg_(Outside)/0/pictures/Strasbourg3.jpg
Cathédrale_Notre-Dame_de_Strasbourg,25880,0,commons/Left_portal_of_the_western_facade_of_Notre-Dame_de_Strasbourg/0/pictures/Strasbourg_Münster_Eingang.JPG
Cathédrale_Notre-Dame_de_Strasbourg,25880,0,commons/Statues_of_Notre-Dame_de_Strasbourg_(Outside)/0/pictures/StrasbourgCath_FacTranseptSud_06.JPG
Cathédrale_Notre-Dame_de_Strasbourg,25880,0,commons/Left_portal_of_the_western_facade_of_Notre-Dame_de_Strasbourg/0/pictures/Strasbourg_-_Notre-Dame_de_Strasbourg_(1015-1439)_-_Left_Portal_-_Depiction_of_the_Infancy_of_Christ_01_-_Fisheye_panorama_05.jpg
Cathédrale_Notre-Dame_de_Strasbourg,25880,0,commons/Left_portal_of_the_western_facade_of_Notre-Dame_de_Strasbourg/0/pictures/Strasbourg_Cathedral_-_Left_Door_Arch_-_Detail_(7684354748).jpg
Cathédrale_Notre-Dame_de_Strasbourg,25880,0,commons/Left_portal_of_the_western_facade_of_Notre-Dame_de_Strasbourg/0/pictures/Strasbourg_Cathedral_-_Left_Door_(7684375090).jpg
Cathédrale_Notre-Dame_de_Strasbourg,25880,0,commons/Statues_of_Notre-Dame_de_Strasbourg_(Outside)/0/pictures/Strasbourg_Cathédrale1.JPG
Cathédrale_Notre-Dame_de_Strasbourg,25880,0,commons/Left_portal_of_the_western_facade_of_Notre-Dame_de_Strasbourg/0/pictures/Strasbourg_-_Notre-Dame_de_Strasbourg_(1015-1439)_-_Left_Portal_-_Depiction_of_the_Infancy_of_Christ_01_-_Fisheye_panorama_03.jpg
Cathédrale_Notre-Dame_de_Strasbourg,25880,0,commons/Statues_of_Notre-Dame_de_Strasbourg_(Outside)/0/pictures/Strasbourg_-_South_Transept_of_the_Cathedral_IV.jpg
Cathédrale_Notre-Dame_de_Strasbourg,25880,0,commons/Left_portal_of_the_western_facade_of_Notre-Dame_de_Strasbourg/0/pictures/Strasbourg_-_Notre-Dame_de_Strasbourg_(1015-1439)_-_Left_Portal_-_Depiction_of_the_Infancy_of_Christ_-_Fisheye_panorama_showing_the_allegories_of_virtue_(a_female_carrying_a_spear)_and_vice_(a_female_carrying_a_rod)_04.jpg
Cathédrale_Notre-Dame_de_Strasbourg,25880,0,commons/Statues_of_Notre-Dame_de_Strasbourg_(Outside)/0/pictures/Strasbourg_Cathedral_1.jpg
Cathédrale_Notre-Dame_de_Strasbourg,25880,0,commons/Left_portal_of_the_western_facade_of_Notre-Dame_de_Strasbourg/0/pictures/Strasbourg_-_Notre-Dame_de_Strasbourg_(1015-1439)_-_Left_Portal_-_Depiction_of_the_Infancy_of_Christ_01_-_Fisheye_panorama_02.jpg
Cathédrale_Notre-Dame_de_Strasbourg,25880,0,commons/Left_portal_of_the_western_facade_of_Notre-Dame_de_Strasbourg/0/pictures/Strasbourg_-_Notre-Dame_de_Strasbourg_(1015-1439)_-_Left_Portal_-_Depiction_of_the_Infancy_of_Christ_-_Fisheye_panorama_showing_the_allegories_of_virtue_(a_female_carrying_a_spear)_and_vice_(a_female_carrying_a_rod)_03.jpg
Cathédrale_Notre-Dame_de_Strasbourg,25880,0,commons/Left_portal_of_the_western_facade_of_Notre-Dame_de_Strasbourg/0/pictures/Strasbourg_-_Notre-Dame_de_Strasbourg_(1015-1439)_-_Left_Portal_-_Depiction_of_the_Infancy_of_Christ_-_Fisheye_panorama_showing_the_allegories_of_virtue_(a_female_carrying_a_spear)_and_vice_(a_female_carrying_a_rod)_02.jpg
Cathédrale_Notre-Dame_de_Strasbourg,25880,0,commons/Statues_of_Notre-Dame_de_Strasbourg_(Outside)/0/pictures/Strasbourg_-_Notre-Dame_de_Strasbourg_-_South_Transept_&_South_Portal_-_Panorama_view_and_sculptural_details_19_-_Christ_as_Salvator_mundi_and_King_Solomon.jpg
Cathédrale_Notre-Dame_de_Strasbourg,25880,0,commons/Left_portal_of_the_western_facade_of_Notre-Dame_de_Strasbourg/0/pictures/Strasbourg_-_Cathédrale_Notre_Dame_II.jpg
Cathédrale_Notre-Dame_de_Strasbourg,25880,0,commons/Statues_of_Notre-Dame_de_Strasbourg_(Outside)/0/pictures/Strasbourg_-_Notre-Dame_de_Strasbourg_-_Statues_on_the_south_side_of_the_cathedral.jpg
Cathédrale_Notre-Dame_de_Strasbourg,25880,0,commons/Left_portal_of_the_western_facade_of_Notre-Dame_de_Strasbourg/0/pictures/Strasbourg_-_Notre-Dame_de_Strasbourg_(1015-1439)_-_Left_Portal_-_Depiction_of_the_Infancy_of_Christ_-_Fisheye_panorama_showing_the_allegories_of_virtue_(a_female_carrying_a_spear)_and_vice_(a_female_carrying_a_rod)_01.jpg
Cathédrale_Notre-Dame_de_Strasbourg,25880,0,commons/Left_portal_of_the_western_facade_of_Notre-Dame_de_Strasbourg/0/pictures/Strasbourg_(Bas-Rhin)_-_Cathédrale_Notre-Dame_-_Portail_de_gauche_-_52158536322.jpg
Cathédrale_Notre-Dame_de_Strasbourg,25880,0,commons/Statues_of_Notre-Dame_de_Strasbourg_(Outside)/0/pictures/Strasbourg_-_Notre-Dame_de_Strasbourg_-_South_Transept_&_South_Portal_-_Panorama_view_and_sculptural_details_21_-_Allegory_of_Ecclesia_triumphans.jpg
Cathédrale_Notre-Dame_de_Strasbourg,25880,0,commons/Left_portal_of_the_western_facade_of_Notre-Dame_de_Strasbourg/0/pictures/Strasbourg_(Bas-Rhin)_-_Cathédrale_Notre-Dame_-_Portail_de_gauche_(détail).jpg
Cathédrale_Notre-Dame_de_Strasbourg,25880,0,commons/Left_portal_of_the_western_facade_of_Notre-Dame_de_Strasbourg/0/pictures/Strasbourg_(Bas-Rhin)_-_Cathédrale_Notre-Dame_-_Portail_de_gauche_-_52202248475.jpg
Cathédrale_Notre-Dame_de_Strasbourg,25880,0,commons/Left_portal_of_the_western_facade_of_Notre-Dame_de_Strasbourg/0/pictures/Notre-Dame_de_Strasbourg_tympan_portail_occidental_sud_jugement_dernier.jpg
Cathédrale_Notre-Dame_de_Strasbourg,25880,0,commons/Left_portal_of_the_western_facade_of_Notre-Dame_de_Strasbourg/0/pictures/Notre-Dame_de_Strasbourg_les_vertus_portail_occidental_nord_piédroit_droite.jpg
Cathédrale_Notre-Dame_de_Strasbourg,25880,0,commons/Left_portal_of_the_western_facade_of_Notre-Dame_de_Strasbourg/0/pictures/Notre-Dame_de_Strasbourg_les_vertus_portail_occidental_nord_piédroit_gauche.jpg
Cathédrale_Notre-Dame_de_Strasbourg,25880,0,commons/Left_portal_of_the_western_facade_of_Notre-Dame_de_Strasbourg/0/pictures/PM_150005_F_Strasbourg.jpg
Cathédrale_Notre-Dame_de_Strasbourg,25880,0,commons/Left_portal_of_the_western_facade_of_Notre-Dame_de_Strasbourg/0/pictures/Notre-Dame_de_Strasbourg_Portail_Nord_04.jpg
Cathédrale_Notre-Dame_de_Strasbourg,25880,0,commons/Left_portal_of_the_western_facade_of_Notre-Dame_de_Strasbourg/0/pictures/PM_149995_F_Strasbourg.jpg
Cathédrale_Notre-Dame_de_Strasbourg,25880,0,commons/Left_portal_of_the_western_facade_of_Notre-Dame_de_Strasbourg/0/pictures/Notre-Dame_de_Strasbourg_Portail_Nord_01.jpg
Cathédrale_Notre-Dame_de_Strasbourg,25880,0,commons/Left_portal_of_the_western_facade_of_Notre-Dame_de_Strasbourg/0/pictures/Exterior_of_Notre-Dame_de_Strasbourg_06.JPG
Cathédrale_Notre-Dame_de_Strasbourg,25880,0,commons/Left_portal_of_the_western_facade_of_Notre-Dame_de_Strasbourg/0/pictures/Cathédrale_Notre-Dame_de_Strasbourg_@_Strasbourg_(45568501262).jpg
Cathédrale_Notre-Dame_de_Strasbourg,25880,0,commons/Left_portal_of_the_western_facade_of_Notre-Dame_de_Strasbourg/0/pictures/Cathedrale-de-Strasbourg-IMG_1194.jpg
Cathédrale_Notre-Dame_de_Strasbourg,25880,0,commons/Statues_of_Notre-Dame_de_Strasbourg_(Outside)/0/pictures/Statues_de_l'ébrasement_droit_du_portail_principal_de_la_Cathédrale_de_Strasbourg.jpg
Cathédrale_Notre-Dame_de_Strasbourg,25880,0,commons/Left_portal_of_the_western_facade_of_Notre-Dame_de_Strasbourg/0/pictures/Cathedrale-de-Strasbourg-IMG_1193.jpg
Cathédrale_Notre-Dame_de_Strasbourg,25880,0,commons/Le_Tentateur_of_Strasbourg_Cathedral/0/pictures/Князь_тьмы_и_девы.jpg
Cathédrale_Notre-Dame_de_Strasbourg,25880,0,commons/Le_Tentateur_of_Strasbourg_Cathedral/0/pictures/Strasbourg4.jpg
Cathédrale_Notre-Dame_de_Strasbourg,25880,0,"commons/Le_Tentateur_of_Strasbourg_Cathedral/0/pictures/Strasbourg_-_Notre-Dame_de_Strasbourg_-_West_façade_of_the_cathedral_-_Right_Portal_-_The_Foolish_Virgins_(Matthew_25,_with_their_oil_reserve_down_&_empty)_-_On_the_left_with_apple_'le_tentateur'_(tempter,_devil)_01.jpg"
Cathédrale_Notre-Dame_de_Strasbourg,25880,0,commons/Statues_of_Notre-Dame_de_Strasbourg_(Outside)/0/pictures/PM_150018_F_Strasbourg.jpg
Cathédrale_Notre-Dame_de_Strasbourg,25880,0,commons/Le_Tentateur_of_Strasbourg_Cathedral/0/pictures/StrasbourgCathFacaW_07.jpg
Cathédrale_Notre-Dame_de_Strasbourg,25880,0,commons/Le_Tentateur_of_Strasbourg_Cathedral/0/pictures/Les_vierges_folles.jpg
Cathédrale_Notre-Dame_de_Strasbourg,25880,0,commons/Le_Tentateur_of_Strasbourg_Cathedral/0/pictures/Le_tentateur_au_marché_de_Noël_de_Strasbourg.jpg
Cathédrale_Notre-Dame_de_Strasbourg,25880,0,"commons/Le_Tentateur_of_Strasbourg_Cathedral/0/pictures/La_Cathedrale,_Strasbourg_-_panoramio_-_Colin_W_(1).jpg"
Cathédrale_Notre-Dame_de_Strasbourg,25880,0,commons/Statues_of_Notre-Dame_de_Strasbourg_(Outside)/0/pictures/PM_150001_F_Strasbourg.jpg
Cathédrale_Notre-Dame_de_Strasbourg,25880,0,commons/Le_Tentateur_of_Strasbourg_Cathedral/0/pictures/Cathedrale-de-Strasbourg-IMG_1197.jpg
Cathédrale_Notre-Dame_de_Strasbourg,25880,0,commons/Le_Tentateur_of_Strasbourg_Cathedral/0/pictures/Cathedrale-de-Strasbourg-IMG_1198.jpg
Cathédrale_Notre-Dame_de_Strasbourg,25880,0,commons/Statues_of_Notre-Dame_de_Strasbourg_(Outside)/0/pictures/King_Solomon_on_the_south_portal_of_the_cathedral_of_Strasbourg.jpg
Cathédrale_Notre-Dame_de_Strasbourg,25880,0,commons/Le_Tentateur_of_Strasbourg_Cathedral/0/pictures/Cathedrale-de-Strasbourg-IMG_1204.jpg
Cathédrale_Notre-Dame_de_Strasbourg,25880,0,commons/Le_Tentateur_of_Strasbourg_Cathedral/0/pictures/Cathedrale-de-Strasbourg-IMG_1203.jpg
Cathédrale_Notre-Dame_de_Strasbourg,25880,0,commons/Le_Tentateur_of_Strasbourg_Cathedral/0/pictures/Cathedrale-de-Strasbourg-IMG_1199.jpg
Cathédrale_Notre-Dame_de_Strasbourg,25880,0,"commons/Historical_photographs_of_Notre-Dame_de_Strasbourg/0/pictures/Zuidelijk_toegangsportaal_van_de_Kathedraal_van_Straatsburg_Strassburg,_Münster,_Süd-Portal_(titel_op_object)_Die_Rheinlande_(serietitel),_RP-F-F06167.jpg"
Cathédrale_Notre-Dame_de_Strasbourg,25880,0,"commons/Historical_photographs_of_Notre-Dame_de_Strasbourg/0/pictures/Voorgevel_van_de_Kathedraal_van_Straatsburg_Strassburg,_Münster,_Vorder-Façade_(titel_op_object)_Die_Rheinlande_(serietitel),_RP-F-F06165.jpg"
Cathédrale_Notre-Dame_de_Strasbourg,25880,0,"commons/Historical_photographs_of_Notre-Dame_de_Strasbourg/0/pictures/Straatsburg,_Munster_zuidportaal,_RP-F-F24663.jpg"
Cathédrale_Notre-Dame_de_Strasbourg,25880,0,commons/Historical_photographs_of_Notre-Dame_de_Strasbourg/0/pictures/Strasbourg-La_cathédrale_depuis_la_rue_de_la_Râpe.jpg
Cathédrale_Notre-Dame_de_Strasbourg,25880,0,"commons/Historical_photographs_of_Notre-Dame_de_Strasbourg/0/pictures/Strasbourg,_vue_générale_avec_la_cathédrale_de_face.jpg"
Cathédrale_Notre-Dame_de_Strasbourg,25880,0,commons/Historical_photographs_of_Notre-Dame_de_Strasbourg/0/pictures/Strasbourg_997009157720305171.jpg
Cathédrale_Notre-Dame_de_Strasbourg,25880,0,"commons/Historical_photographs_of_Notre-Dame_de_Strasbourg/0/pictures/Portaal_van_de_kathedraal_de_Notre-Dame_te_Straatsburg_(..)_CATHEDRALE._PORTAL_PRINCIPAL_(titel_op_object),_RP-F-00-3994.jpg"
Cathédrale_Notre-Dame_de_Strasbourg,25880,0,"commons/Historical_photographs_of_Notre-Dame_de_Strasbourg/0/pictures/Strasbourg_Cathedral,_c._1890.jpg"
Cathédrale_Notre-Dame_de_Strasbourg,25880,0,commons/Remote_views_of_Notre-Dame_de_Strasbourg/0/pictures/14-02-07-straszburg-RalfR-03.jpg
Cathédrale_Notre-Dame_de_Strasbourg,25880,0,commons/Views_from_Notre-Dame_de_Strasbourg_in_2013/0/pictures/IMGP3997_(9235623661).jpg
Cathédrale_Notre-Dame_de_Strasbourg,25880,0,"commons/Historical_photographs_of_Notre-Dame_de_Strasbourg/0/pictures/Noordelijk_toegangsportaal_van_de_Kathedraal_van_Straatsburg_Strassburg,_Münster,_Nord-Portal_(titel_op_object)_Die_Rheinlande_(serietitel),_RP-F-F06166.jpg"
Cathédrale_Notre-Dame_de_Strasbourg,25880,0,"commons/Historical_photographs_of_Notre-Dame_de_Strasbourg/0/pictures/Kathedraal_van_Straatsburg,_gezien_over_daken,_RP-F-F01131-CR.jpg"
Cathédrale_Notre-Dame_de_Strasbourg,25880,0,"commons/Historical_photographs_of_Notre-Dame_de_Strasbourg/0/pictures/La_cathédrale_de_Strasbourg,_1874._Vue_du_massif_occidental.jpg"
Cathédrale_Notre-Dame_de_Strasbourg,25880,0,"commons/Historical_photographs_of_Notre-Dame_de_Strasbourg/0/pictures/Grand_portal,_Cathedral_of_Strasbourg.jpg"
Cathédrale_Notre-Dame_de_Strasbourg,25880,0,"commons/Historical_photographs_of_Notre-Dame_de_Strasbourg/0/pictures/Gezicht_op_de_Notre-Dame_van_Straatsburg_Cathedrale_(titel_op_object)_Ansichten_aus_dem_Elsass_und_den_Vogesen_(serietitel_op_object),_RP-F-F06604.jpg"
Cathédrale_Notre-Dame_de_Strasbourg,25880,0,"commons/Historical_photographs_of_Notre-Dame_de_Strasbourg/0/pictures/Galleani_Luigi.Strasburgo,_La_Cattedrale_Di_Notre_Dame_27A127.jpg"
Cathédrale_Notre-Dame_de_Strasbourg,25880,0,commons/Gothic_statues_of_Notre-Dame_de_Strasbourg/0/pictures/StrasbourgCathFacaW_55.JPG
Cathédrale_Notre-Dame_de_Strasbourg,25880,0,commons/Gothic_statues_of_Notre-Dame_de_Strasbourg/0/pictures/Straßburg_04.jpg
Cathédrale_Notre-Dame_de_Strasbourg,25880,0,commons/Gothic_statues_of_Notre-Dame_de_Strasbourg/0/pictures/StrasbourgCathFacaW_31.JPG
Cathédrale_Notre-Dame_de_Strasbourg,25880,0,commons/Gothic_statues_of_Notre-Dame_de_Strasbourg/0/pictures/StrasbourgCathFacaW_07.jpg
Cathédrale_Notre-Dame_de_Strasbourg,25880,0,commons/Gothic_statues_of_Notre-Dame_de_Strasbourg/0/pictures/StrasbourgCathFacaW_02.jpg
Cathédrale_Notre-Dame_de_Strasbourg,25880,0,commons/Gothic_statues_of_Notre-Dame_de_Strasbourg/0/pictures/StrasbourgCath_FacTranseptSud_16.JPG
Cathédrale_Notre-Dame_de_Strasbourg,25880,0,commons/Gothic_statues_of_Notre-Dame_de_Strasbourg/0/pictures/Strasbourg4.jpg
Cathédrale_Notre-Dame_de_Strasbourg,25880,0,commons/Gothic_statues_of_Notre-Dame_de_Strasbourg/0/pictures/Strasbourg3.jpg
Cathédrale_Notre-Dame_de_Strasbourg,25880,0,commons/Gothic_statues_of_Notre-Dame_de_Strasbourg/0/pictures/Strasbourg-DSCN0319-a.jpg
Cathédrale_Notre-Dame_de_Strasbourg,25880,0,commons/Gothic_statues_of_Notre-Dame_de_Strasbourg/0/pictures/Strasbourg_Cathédrale2.JPG
Cathédrale_Notre-Dame_de_Strasbourg,25880,0,commons/North_transept_of_Notre-Dame_de_Strasbourg/0/pictures/Cathédrale_Notre_Dame_Strasbourg.jpg
Cathédrale_Notre-Dame_de_Strasbourg,25880,0,commons/Cathédrale_Notre-Dame_de_Strasbourg_from_the_southwest/0/pictures/003_Strassburger_Muenster.JPG
Cathédrale_Notre-Dame_de_Strasbourg,25880,0,"commons/Gothic_statues_of_Notre-Dame_de_Strasbourg/0/pictures/Cathédrale_de_Strasbourg,_façade,_détail_du_tympan.jpg"
Cathédrale_Notre-Dame_de_Strasbourg,25880,0,commons/North_side_of_Notre-Dame_de_Strasbourg/0/pictures/Tower_@_Cathédrale_Notre-Dame_de_Strasbourg_@_Strasbourg_(43763414580).jpg
Cathédrale_Notre-Dame_de_Strasbourg,25880,0,commons/Cathédrale_Notre-Dame_de_Strasbourg_from_the_southeast/0/pictures/Sud_ND_de_Strasbourg.jpg
Cathédrale_Notre-Dame_de_Strasbourg,25880,0,commons/Gothic_statues_of_Notre-Dame_de_Strasbourg/0/pictures/Cathedrale-de-Strasbourg-IMG_1312.jpg
Cathédrale_Notre-Dame_de_Strasbourg,25880,0,commons/Gothic_statues_of_Notre-Dame_de_Strasbourg/0/pictures/Cathedrale-de-Strasbourg-IMG_1204.jpg
Cathédrale_Notre-Dame_de_Strasbourg,25880,0,"commons/North_side_of_Notre-Dame_de_Strasbourg/0/pictures/Strasbourg_Cathedral,_by_night.jpg"
Cathédrale_Notre-Dame_de_Strasbourg,25880,0,commons/Cathédrale_Notre-Dame_de_Strasbourg_from_the_southeast/0/pictures/Straßburg_Münster_2009-048.JPG
Cathédrale_Notre-Dame_de_Strasbourg,25880,0,commons/Gothic_statues_of_Notre-Dame_de_Strasbourg/0/pictures/Cathedrale-de-Strasbourg-IMG_1193.jpg
Cathédrale_Notre-Dame_de_Strasbourg,25880,0,"commons/Gargoyles_of_Notre-Dame_de_Strasbourg/0/pictures/Strasbourg_-_Notre-Dame_de_Strasbourg_-_South_side_(exterior)_of_the_cathedral_viewing_west-_Gargoyles,_Flying_buttresses,_Stairs_of_the_tower_of_Notre-Dame_de_Strasbourg_-_On_the_left_18th_century_galleries,_fencing_off_the_cathedral.jpg"
Cathédrale_Notre-Dame_de_Strasbourg,25880,0,commons/South_side_of_Notre-Dame_de_Strasbourg/0/pictures/Cathédrale_Notre-Dame_de_Strasbourg_@_Strasbourg_(44895136214).jpg
Cathédrale_Notre-Dame_de_Strasbourg,25880,0,commons/Gargoyles_of_Notre-Dame_de_Strasbourg/0/pictures/Strasbourg_-_Notre-Dame_de_Strasbourg_-_Gargoyles_&_flying_buttresses_on_the_south_side_of_the_cathedral_07.jpg
Cathédrale_Notre-Dame_de_Strasbourg,25880,0,commons/South_side_of_Notre-Dame_de_Strasbourg/0/pictures/Cathédrale_Notre-Dame_-_extérieur_-_côté_(Strasbourg).jpg
Cathédrale_Notre-Dame_de_Strasbourg,25880,0,commons/Gargoyles_of_Notre-Dame_de_Strasbourg/0/pictures/Observatory_@_Cathédrale_Notre-Dame_de_Strasbourg_@_Strasbourg_(31708441068).jpg
Cathédrale_Notre-Dame_de_Strasbourg,25880,0,commons/West_facade_of_Notre-Dame_de_Strasbourg_seen_from_rue_Mercière/0/pictures/Straßburger_Münster_-_panoramio_(5).jpg
Cathédrale_Notre-Dame_de_Strasbourg,25880,0,commons/South_side_of_Notre-Dame_de_Strasbourg/0/pictures/Barrière_endomagée_(cathédrale_de_Strasbourg).jpg
Cathédrale_Notre-Dame_de_Strasbourg,25880,0,commons/Gargoyles_of_Notre-Dame_de_Strasbourg/0/pictures/Gargoyles_of_Notre-Dame_de_Strasbourg.jpg
Cathédrale_Notre-Dame_de_Strasbourg,25880,0,commons/West_facade_of_Notre-Dame_de_Strasbourg_seen_from_rue_Mercière/0/pictures/The_flamboyant_facade_of_Strasbourg's_Cathedral.jpg
Cathédrale_Notre-Dame_de_Strasbourg,25880,0,commons/South_side_of_Notre-Dame_de_Strasbourg/0/pictures/Cathedral_@_Strasbourg_(44605712355).jpg
Cathédrale_Notre-Dame_de_Strasbourg,25880,0,commons/Gargoyles_of_Notre-Dame_de_Strasbourg/0/pictures/La_Cathédrale_de_Strasbourg.jpg
Cathédrale_Notre-Dame_de_Strasbourg,25880,0,commons/West_facade_of_Notre-Dame_de_Strasbourg_seen_from_rue_Mercière/0/pictures/Straßburger_-_MÜNSTER_-_panoramio.jpg
Cathédrale_Notre-Dame_de_Strasbourg,25880,0,commons/Gargoyles_of_Notre-Dame_de_Strasbourg/0/pictures/Cathedrale-de-Strasbourg-IMG_1322.jpg
Cathédrale_Notre-Dame_de_Strasbourg,25880,0,commons/Flying_buttresses_of_Notre-Dame_de_Strasbourg/0/pictures/Straßburg_Münster_Südseite_Langhaus.jpg
Cathédrale_Notre-Dame_de_Strasbourg,25880,0,commons/South_portal_of_Notre-Dame_de_Strasbourg/0/pictures/Strasbourg_-_Notre-Dame_de_Strasbourg_-_South_Transept_&_South_Portal_-_Panorama_view_and_sculptural_details_04.jpg
Cathédrale_Notre-Dame_de_Strasbourg,25880,0,commons/Flying_buttresses_of_Notre-Dame_de_Strasbourg/0/pictures/StrasbourgCath_FacaS_11.JPG
Cathédrale_Notre-Dame_de_Strasbourg,25880,0,commons/Flying_buttresses_of_Notre-Dame_de_Strasbourg/0/pictures/StrasbourgCath_FacaS_07.jpg
Cathédrale_Notre-Dame_de_Strasbourg,25880,0,commons/Flying_buttresses_of_Notre-Dame_de_Strasbourg/0/pictures/Strasbourg_Cathedral_in_July_2022_07.jpg
Cathédrale_Notre-Dame_de_Strasbourg,25880,0,commons/West_facade_of_Notre-Dame_de_Strasbourg_seen_from_rue_Mercière/0/pictures/Strasbourg_38.jpg
Cathédrale_Notre-Dame_de_Strasbourg,25880,0,commons/South_portal_of_Notre-Dame_de_Strasbourg/0/pictures/Portail_latéral_de_la_cathédrale_de_Strasbourh.jpg
Cathédrale_Notre-Dame_de_Strasbourg,25880,0,commons/Flying_buttresses_of_Notre-Dame_de_Strasbourg/0/pictures/Strasbourg_Cathedral_flying_butresses.jpg
Cathédrale_Notre-Dame_de_Strasbourg,25880,0,commons/West_facade_of_Notre-Dame_de_Strasbourg_seen_from_rue_Mercière/0/pictures/Strasbourg_48.jpg
Cathédrale_Notre-Dame_de_Strasbourg,25880,0,"commons/South_portal_of_Notre-Dame_de_Strasbourg/0/pictures/Notre-Dame,_Strasbourg,_south_portal.JPG"
Cathédrale_Notre-Dame_de_Strasbourg,25880,0,commons/Flying_buttresses_of_Notre-Dame_de_Strasbourg/0/pictures/StrasbourgCath_FacaN_01.jpg
Cathédrale_Notre-Dame_de_Strasbourg,25880,0,commons/West_facade_of_Notre-Dame_de_Strasbourg_seen_from_rue_Mercière/0/pictures/Strasbourg_47.jpg
Cathédrale_Notre-Dame_de_Strasbourg,25880,0,commons/Flying_buttresses_of_Notre-Dame_de_Strasbourg/0/pictures/Strasbourg_Cathedral_in_July_2022_06.jpg
Cathédrale_Notre-Dame_de_Strasbourg,25880,0,commons/West_facade_of_Notre-Dame_de_Strasbourg_seen_from_rue_Mercière/0/pictures/Strasbourg_46.jpg
Cathédrale_Notre-Dame_de_Strasbourg,25880,0,"commons/Flying_buttresses_of_Notre-Dame_de_Strasbourg/0/pictures/Strasbourg_-_Notre-Dame_de_Strasbourg_-_South_side_(exterior)_of_the_cathedral_viewing_west-_Gargoyles,_Flying_buttresses,_Stairs_of_the_tower_of_Notre-Dame_de_Strasbourg_-_On_the_left_18th_century_galleries,_fencing_off_the_cathedral.jpg"
Cathédrale_Notre-Dame_de_Strasbourg,25880,0,commons/West_facade_of_Notre-Dame_de_Strasbourg_seen_from_rue_Mercière/0/pictures/Strasbourg_45.jpg
Cathédrale_Notre-Dame_de_Strasbourg,25880,0,commons/Flying_buttresses_of_Notre-Dame_de_Strasbourg/0/pictures/Strasbourg_TodorBozhinov_(32).JPG
Cathédrale_Notre-Dame_de_Strasbourg,25880,0,commons/West_facade_of_Notre-Dame_de_Strasbourg_seen_from_rue_Mercière/0/pictures/Strasbourg_37.jpg
Cathédrale_Notre-Dame_de_Strasbourg,25880,0,commons/Flying_buttresses_of_Notre-Dame_de_Strasbourg/0/pictures/Strasbourg_cathedral_-_South_side_(7691562086).jpg
Cathédrale_Notre-Dame_de_Strasbourg,25880,0,commons/West_facade_of_Notre-Dame_de_Strasbourg_seen_from_rue_Mercière/0/pictures/Strasbourg_-_Rue_Mercière_-_View_on_Cathedral_V.jpg
Cathédrale_Notre-Dame_de_Strasbourg,25880,0,commons/Flying_buttresses_of_Notre-Dame_de_Strasbourg/0/pictures/Strasbourg_Cathedral_(52298045508).jpg
Cathédrale_Notre-Dame_de_Strasbourg,25880,0,commons/West_facade_of_Notre-Dame_de_Strasbourg_seen_from_rue_Mercière/0/pictures/Strasbourg_-_Rue_Mercière_-_View_on_Cathedral_I.jpg
Cathédrale_Notre-Dame_de_Strasbourg,25880,0,commons/Flying_buttresses_of_Notre-Dame_de_Strasbourg/0/pictures/Strasbourg_-_Notre-Dame_de_Strasbourg_-_Gargoyles_&_flying_buttresses_on_the_south_side_of_the_cathedral_07.jpg
Cathédrale_Notre-Dame_de_Strasbourg,25880,0,commons/West_facade_of_Notre-Dame_de_Strasbourg_seen_from_rue_Mercière/0/pictures/Strasbourg_-_Rue_Mercière_-_View_on_Cathedral_II.jpg
Cathédrale_Notre-Dame_de_Strasbourg,25880,0,commons/Flying_buttresses_of_Notre-Dame_de_Strasbourg/0/pictures/Strasbourg_-_Notre-Dame_de_Strasbourg_-_Gargoyles_&_flying_buttresses_on_the_south_side_of_the_cathedral_03.jpg
Cathédrale_Notre-Dame_de_Strasbourg,25880,0,commons/West_facade_of_Notre-Dame_de_Strasbourg_seen_from_rue_Mercière/0/pictures/Strasbourg_(Bas-Rhin)_-_Cathédrale_Notre-Dame_(vue_depuis_la_rue_Mercière).jpg
Cathédrale_Notre-Dame_de_Strasbourg,25880,0,commons/Flying_buttresses_of_Notre-Dame_de_Strasbourg/0/pictures/Observatory_@_Cathédrale_Notre-Dame_de_Strasbourg_@_Strasbourg_(45580874091).jpg
Cathédrale_Notre-Dame_de_Strasbourg,25880,0,commons/West_facade_of_Notre-Dame_de_Strasbourg_seen_from_rue_Mercière/0/pictures/Strasbourg_(Bas-Rhin)_-_Cathédrale_Notre-Dame_(vue_depuis_la_rue_Mercière)_-_Fin_de_journée.jpg
Cathédrale_Notre-Dame_de_Strasbourg,25880,0,commons/South_portal_of_Notre-Dame_de_Strasbourg/0/pictures/PM_149975_F_Strasbourg.jpg
Cathédrale_Notre-Dame_de_Strasbourg,25880,0,commons/Flying_buttresses_of_Notre-Dame_de_Strasbourg/0/pictures/Observatory_@_Cathédrale_Notre-Dame_de_Strasbourg_@_Strasbourg_(45580833651).jpg
Cathédrale_Notre-Dame_de_Strasbourg,25880,0,commons/West_facade_of_Notre-Dame_de_Strasbourg_seen_from_rue_Mercière/0/pictures/Strasbourg_-_2016_(29947544886).jpg
Cathédrale_Notre-Dame_de_Strasbourg,25880,0,commons/South_portal_of_Notre-Dame_de_Strasbourg/0/pictures/PM_149974_F_Strasbourg.jpg
Cathédrale_Notre-Dame_de_Strasbourg,25880,0,commons/Flying_buttresses_of_Notre-Dame_de_Strasbourg/0/pictures/Observatory_@_Cathédrale_Notre-Dame_de_Strasbourg_@_Strasbourg_(45580831621).jpg
Cathédrale_Notre-Dame_de_Strasbourg,25880,0,commons/West_facade_of_Notre-Dame_de_Strasbourg_seen_from_rue_Mercière/0/pictures/Straatsburg6_strassbourg.jpg
Cathédrale_Notre-Dame_de_Strasbourg,25880,0,commons/Flying_buttresses_of_Notre-Dame_de_Strasbourg/0/pictures/Observatory_@_Cathédrale_Notre-Dame_de_Strasbourg_@_Strasbourg_(45580824921).jpg
Cathédrale_Notre-Dame_de_Strasbourg,25880,0,commons/West_facade_of_Notre-Dame_de_Strasbourg_seen_from_rue_Mercière/0/pictures/Strasbourg_-_2016_(29947535916).jpg
Cathédrale_Notre-Dame_de_Strasbourg,25880,0,commons/Flying_buttresses_of_Notre-Dame_de_Strasbourg/0/pictures/Observatory_@_Cathédrale_Notre-Dame_de_Strasbourg_@_Strasbourg_(44666906715).jpg
Cathédrale_Notre-Dame_de_Strasbourg,25880,0,commons/West_facade_of_Notre-Dame_de_Strasbourg_seen_from_rue_Mercière/0/pictures/STRG_ND_FCD_OCCIDENT004.jpg
Cathédrale_Notre-Dame_de_Strasbourg,25880,0,commons/South_portal_of_Notre-Dame_de_Strasbourg/0/pictures/Cathedrale-de-Strasbourg-IMG_1426.jpg
Cathédrale_Notre-Dame_de_Strasbourg,25880,0,commons/Flying_buttresses_of_Notre-Dame_de_Strasbourg/0/pictures/Observatory_@_Cathédrale_Notre-Dame_de_Strasbourg_@_Strasbourg_(44856074574).jpg
Cathédrale_Notre-Dame_de_Strasbourg,25880,0,commons/West_facade_of_Notre-Dame_de_Strasbourg_seen_from_rue_Mercière/0/pictures/Strasbourg_(8284404454).jpg
Cathédrale_Notre-Dame_de_Strasbourg,25880,0,commons/Flying_buttresses_of_Notre-Dame_de_Strasbourg/0/pictures/Observatory_@_Cathédrale_Notre-Dame_de_Strasbourg_@_Strasbourg_(43763505130).jpg
Cathédrale_Notre-Dame_de_Strasbourg,25880,0,commons/Flying_buttresses_of_Notre-Dame_de_Strasbourg/0/pictures/Observatory_@_Cathédrale_Notre-Dame_de_Strasbourg_@_Strasbourg_(31708503528).jpg
Cathédrale_Notre-Dame_de_Strasbourg,25880,0,"commons/West_facade_of_Notre-Dame_de_Strasbourg_seen_from_rue_Mercière/0/pictures/Rue_Mercière,_cathédrale,_Strasbourg,_France_-_panoramio_-_georama_(3).jpg"
Cathédrale_Notre-Dame_de_Strasbourg,25880,0,"commons/South_portal_of_Notre-Dame_de_Strasbourg/0/pictures/Cathédrale_Notre-Dame_de_Strasbourg,_Strasbourg,_Alsace,_France_-_panoramio_(4).jpg"
Cathédrale_Notre-Dame_de_Strasbourg,25880,0,commons/Flying_buttresses_of_Notre-Dame_de_Strasbourg/0/pictures/Observatory_@_Cathédrale_Notre-Dame_de_Strasbourg_@_Strasbourg_(31708502288).jpg
Cathédrale_Notre-Dame_de_Strasbourg,25880,0,commons/West_facade_of_Notre-Dame_de_Strasbourg_seen_from_rue_Mercière/0/pictures/Strasbourg_(52298348254).jpg
Cathédrale_Notre-Dame_de_Strasbourg,25880,0,commons/Flying_buttresses_of_Notre-Dame_de_Strasbourg/0/pictures/Great_Strasbourg_cathedral.jpg
Cathédrale_Notre-Dame_de_Strasbourg,25880,0,commons/South_portal_of_Notre-Dame_de_Strasbourg/0/pictures/Cathedrale-de-Strasbourg-IMG_1421.jpg
Cathédrale_Notre-Dame_de_Strasbourg,25880,0,commons/Flying_buttresses_of_Notre-Dame_de_Strasbourg/0/pictures/Munster_und_die_Stadt_von_Strasburg.jpg
Cathédrale_Notre-Dame_de_Strasbourg,25880,0,commons/West_facade_of_Notre-Dame_de_Strasbourg_seen_from_rue_Mercière/0/pictures/Ponto_de_fuga_gótico.jpg
Cathédrale_Notre-Dame_de_Strasbourg,25880,0,commons/Flying_buttresses_of_Notre-Dame_de_Strasbourg/0/pictures/Observatory_@_Cathédrale_Notre-Dame_de_Strasbourg_@_Strasbourg_(30639686277).jpg
Cathédrale_Notre-Dame_de_Strasbourg,25880,0,commons/West_facade_of_Notre-Dame_de_Strasbourg_seen_from_rue_Mercière/0/pictures/Strasbourg_(73385707).jpeg
Cathédrale_Notre-Dame_de_Strasbourg,25880,0,commons/Flying_buttresses_of_Notre-Dame_de_Strasbourg/0/pictures/May_France_Cite_Strasbourg_Ville_d'Alsace_-_Alsace_magic_Elsaß_Photography_2014_La_Terreur_-_Gouvernement_clerical_Die_Macht_Roms_in_Frankreich_-_panoramio.jpg
Cathédrale_Notre-Dame_de_Strasbourg,25880,0,commons/West_facade_of_Notre-Dame_de_Strasbourg_seen_from_rue_Mercière/0/pictures/SpaceUp_ISU_April_2015_(22986294045).jpg
Cathédrale_Notre-Dame_de_Strasbourg,25880,0,commons/Flying_buttresses_of_Notre-Dame_de_Strasbourg/0/pictures/Observatory_@_Cathédrale_Notre-Dame_de_Strasbourg_@_Strasbourg_(30639681887).jpg
Cathédrale_Notre-Dame_de_Strasbourg,25880,0,commons/West_facade_of_Notre-Dame_de_Strasbourg_seen_from_rue_Mercière/0/pictures/Rue_Merciere_(Strasbourg).jpg
Cathédrale_Notre-Dame_de_Strasbourg,25880,0,commons/South_portal_of_Notre-Dame_de_Strasbourg/0/pictures/20221217_121730_Portals.jpg
Cathédrale_Notre-Dame_de_Strasbourg,25880,0,commons/Flying_buttresses_of_Notre-Dame_de_Strasbourg/0/pictures/May_France_Cite_Strasbourg_Ville_d'Alsace_-_Alsace_magic_Elsaß_Photography_2014_La_Terreur_-_Gouvernement_clerical_Die_Macht_Roms_in_Frankreich_-_panoramio_(4).jpg
Cathédrale_Notre-Dame_de_Strasbourg,25880,0,commons/West_facade_of_Notre-Dame_de_Strasbourg_seen_from_rue_Mercière/0/pictures/Sous_la_protection_de_l'Eglise.JPG
Cathédrale_Notre-Dame_de_Strasbourg,25880,0,commons/Flying_buttresses_of_Notre-Dame_de_Strasbourg/0/pictures/Flying_buttresses_of_Notre-Dame_de_Strasbourg-.jpg
Cathédrale_Notre-Dame_de_Strasbourg,25880,0,commons/West_facade_of_Notre-Dame_de_Strasbourg_seen_from_rue_Mercière/0/pictures/Marché_de_Noël_de_Strasbourg_fermé-Place_de_la_Cathédrale-13_décembre_2018_(4).jpg
Cathédrale_Notre-Dame_de_Strasbourg,25880,0,commons/Flying_buttresses_of_Notre-Dame_de_Strasbourg/0/pictures/Lanterne_de_ND_de_Strasbourg.jpg
Cathédrale_Notre-Dame_de_Strasbourg,25880,0,commons/West_facade_of_Notre-Dame_de_Strasbourg_seen_from_rue_Mercière/0/pictures/Sherlock_Holmes_2_Cathedrale_Strasbourg.jpg
Cathédrale_Notre-Dame_de_Strasbourg,25880,0,commons/Flying_buttresses_of_Notre-Dame_de_Strasbourg/0/pictures/La_Cathédrale_de_Strasbourg.jpg
Cathédrale_Notre-Dame_de_Strasbourg,25880,0,commons/West_facade_of_Notre-Dame_de_Strasbourg_seen_from_rue_Mercière/0/pictures/Rue_Mercière_et_cathédrale_Notre-Dame_(Strasbourg).jpg
Cathédrale_Notre-Dame_de_Strasbourg,25880,0,commons/Flying_buttresses_of_Notre-Dame_de_Strasbourg/0/pictures/Flying_buttresses_of_Notre-Dame_de_Strasbourg.jpg
Cathédrale_Notre-Dame_de_Strasbourg,25880,0,commons/West_facade_of_Notre-Dame_de_Strasbourg_seen_from_rue_Mercière/0/pictures/Rue_Mercière_(Strasbourg).jpg
Cathédrale_Notre-Dame_de_Strasbourg,25880,0,commons/Flying_buttresses_of_Notre-Dame_de_Strasbourg/0/pictures/Flying_buttress_Notre_Dame_de_Strasbourg_Strasbourg_FRA_001.jpg
Cathédrale_Notre-Dame_de_Strasbourg,25880,0,commons/West_facade_of_Notre-Dame_de_Strasbourg_seen_from_rue_Mercière/0/pictures/Perspective_(74949227).jpeg
Cathédrale_Notre-Dame_de_Strasbourg,25880,0,"commons/Flying_buttresses_of_Notre-Dame_de_Strasbourg/0/pictures/France_-_Alsace,_Strasbourg_-_panoramio_(2).jpg"
Cathédrale_Notre-Dame_de_Strasbourg,25880,0,commons/West_facade_of_Notre-Dame_de_Strasbourg_seen_from_rue_Mercière/0/pictures/J22_690_Liebfrauenmünster.jpg
Cathédrale_Notre-Dame_de_Strasbourg,25880,0,commons/Flying_buttresses_of_Notre-Dame_de_Strasbourg/0/pictures/Flying_buttresses_of_Notre-Dame_de_Strasbourg-2.jpg
Cathédrale_Notre-Dame_de_Strasbourg,25880,0,commons/West_facade_of_Notre-Dame_de_Strasbourg_seen_from_rue_Mercière/0/pictures/ONE_DAY_IN_ESTRASBURG.jpg
Cathédrale_Notre-Dame_de_Strasbourg,25880,0,commons/Flying_buttresses_of_Notre-Dame_de_Strasbourg/0/pictures/Flying_buttresses_of_Cathédrale_Notre-Dame_de_Strasbourg.jpg
Cathédrale_Notre-Dame_de_Strasbourg,25880,0,commons/West_facade_of_Notre-Dame_de_Strasbourg_seen_from_rue_Mercière/0/pictures/Marché_de_Noël_de_Strasbourg_fermé-Place_de_la_Cathédrale-13_décembre_2018_(1).jpg
Cathédrale_Notre-Dame_de_Strasbourg,25880,0,"commons/Flying_buttresses_of_Notre-Dame_de_Strasbourg/0/pictures/Cathédrale_de_Strasbourg_-_contreforts_de_la_nef,_côté_nord_-_20160606_194701.jpg"
Cathédrale_Notre-Dame_de_Strasbourg,25880,0,"commons/Flying_buttresses_of_Notre-Dame_de_Strasbourg/0/pictures/Die_Cathédrale_Notre-Dame_in_Straßburg_ist_nicht_nur_Wahrzeichen_und_Herzstück_der_Stadt,_sondern_auch_eine_der_bedeutendsten_Kathedralen_in_ganz_Europa_-_panoramio.jpg"
Cathédrale_Notre-Dame_de_Strasbourg,25880,0,commons/West_facade_of_Notre-Dame_de_Strasbourg_seen_from_rue_Mercière/0/pictures/Marché_de_Noël_de_Strasbourg_fermé-Place_de_la_Cathédrale-13_décembre_2018_(3).jpg
Cathédrale_Notre-Dame_de_Strasbourg,25880,0,"commons/Flying_buttresses_of_Notre-Dame_de_Strasbourg/0/pictures/Cathédrale_de_Strasbourg_-_contreforts_de_la_nef,_côté_nord_-_20160606_194600.jpg"
Cathédrale_Notre-Dame_de_Strasbourg,25880,0,commons/West_facade_of_Notre-Dame_de_Strasbourg_seen_from_rue_Mercière/0/pictures/La_cathédrale_de_Strasbourg_à_l'automne.jpg
Cathédrale_Notre-Dame_de_Strasbourg,25880,0,commons/Flying_buttresses_of_Notre-Dame_de_Strasbourg/0/pictures/Close-up_lateral_view_of_Strasbourg_Cathedral.jpg
Cathédrale_Notre-Dame_de_Strasbourg,25880,0,commons/West_facade_of_Notre-Dame_de_Strasbourg_seen_from_rue_Mercière/0/pictures/Marché_de_Noël_de_Strasbourg_fermé-Place_de_la_Cathédrale-13_décembre_2018_(2).jpg
Cathédrale_Notre-Dame_de_Strasbourg,25880,0,commons/Flying_buttresses_of_Notre-Dame_de_Strasbourg/0/pictures/Cathédrale_Notre-Dame_de_Strasbourg_von_der_Seite_1.JPG
Cathédrale_Notre-Dame_de_Strasbourg,25880,0,commons/Flying_buttresses_of_Notre-Dame_de_Strasbourg/0/pictures/Cathedrale-de-Strasbourg-IMG_1368.jpg
Cathédrale_Notre-Dame_de_Strasbourg,25880,0,commons/West_facade_of_Notre-Dame_de_Strasbourg_seen_from_rue_Mercière/0/pictures/La_cathédrale_de_Strasbourg_vue_de_la_place_Gutenberg.jpg
Cathédrale_Notre-Dame_de_Strasbourg,25880,0,commons/Flying_buttresses_of_Notre-Dame_de_Strasbourg/0/pictures/Cathedrale-de-Strasbourg-IMG_1373.jpg
Cathédrale_Notre-Dame_de_Strasbourg,25880,0,commons/West_facade_of_Notre-Dame_de_Strasbourg_seen_from_rue_Mercière/0/pictures/La_Wikistub_devant_la_cathédrale_de_Strasbourg.jpg
Cathédrale_Notre-Dame_de_Strasbourg,25880,0,commons/Flying_buttresses_of_Notre-Dame_de_Strasbourg/0/pictures/Cathédrale_de_Strasbourg_27_(9392480790).jpg
Cathédrale_Notre-Dame_de_Strasbourg,25880,0,commons/West_facade_of_Notre-Dame_de_Strasbourg_seen_from_rue_Mercière/0/pictures/Cathédrale_de_Strasbourg_janvier_2021.jpg
Cathédrale_Notre-Dame_de_Strasbourg,25880,0,commons/Flying_buttresses_of_Notre-Dame_de_Strasbourg/0/pictures/Cathédrale_Notre-Dame_de_Strasbourg_@_Strasbourg_(44705497215).jpg
Cathédrale_Notre-Dame_de_Strasbourg,25880,0,commons/West_facade_of_Notre-Dame_de_Strasbourg_seen_from_rue_Mercière/0/pictures/Krämergass_nach_Ladenschluss_-_panoramio.jpg
Cathédrale_Notre-Dame_de_Strasbourg,25880,0,commons/Flying_buttresses_of_Notre-Dame_de_Strasbourg/0/pictures/Cathédrale_Notre-Dame_de_Strasbourg_@_Strasbourg_(44666831805).jpg
Cathédrale_Notre-Dame_de_Strasbourg,25880,0,"commons/West_facade_of_Notre-Dame_de_Strasbourg_seen_from_rue_Mercière/0/pictures/La_Cathédreale_Notre_Dame,_Strasbourg.jpg"
Cathédrale_Notre-Dame_de_Strasbourg,25880,0,commons/Flying_buttresses_of_Notre-Dame_de_Strasbourg/0/pictures/Cathédrale_Notre-Dame_de_Strasbourg_-_panoramio_(7).jpg
Cathédrale_Notre-Dame_de_Strasbourg,25880,0,"commons/West_facade_of_Notre-Dame_de_Strasbourg_seen_from_rue_Mercière/0/pictures/France_-_Alsace,_Strasbourg_-_panoramio_(16).jpg"
Cathédrale_Notre-Dame_de_Strasbourg,25880,0,commons/Flying_buttresses_of_Notre-Dame_de_Strasbourg/0/pictures/Cathédrale_Notre-Dame_de_Strasbourg_-_panoramio_(11).jpg
Cathédrale_Notre-Dame_de_Strasbourg,25880,0,commons/West_facade_of_Notre-Dame_de_Strasbourg_seen_from_rue_Mercière/0/pictures/Fr_Strasbourg_Cathedral_and_nearby_house_by_night.jpg
Cathédrale_Notre-Dame_de_Strasbourg,25880,0,commons/Miscellaneous_architectural_details_of_Notre-Dame_de_Strasbourg/0/pictures/Straßburg_im_Sommer_2013_(9982202845).jpg
Cathédrale_Notre-Dame_de_Strasbourg,25880,0,"commons/Strasbourg_Cathedral_by_night/0/pictures/Strasbourg_Cathedral,_by_night.jpg"
Cathédrale_Notre-Dame_de_Strasbourg,25880,0,commons/Flying_buttresses_of_Notre-Dame_de_Strasbourg/0/pictures/Cathedrale-de-Strasbourg-IMG_1361.jpg
Cathédrale_Notre-Dame_de_Strasbourg,25880,0,commons/West_facade_of_Notre-Dame_de_Strasbourg_seen_from_rue_Mercière/0/pictures/Krämergass_-_STRASBOURG_-_panoramio.jpg
Cathédrale_Notre-Dame_de_Strasbourg,25880,0,commons/Flying_buttresses_of_Notre-Dame_de_Strasbourg/0/pictures/Cathedrale-de-Strasbourg-IMG_1358.jpg
Cathédrale_Notre-Dame_de_Strasbourg,25880,0,commons/West_facade_of_Notre-Dame_de_Strasbourg_seen_from_rue_Mercière/0/pictures/Exterior_of_Notre-Dame_de_Strasbourg.jpg
Cathédrale_Notre-Dame_de_Strasbourg,25880,0,commons/Flying_buttresses_of_Notre-Dame_de_Strasbourg/0/pictures/Cathedrale-de-Strasbourg-IMG_1359.jpg
Cathédrale_Notre-Dame_de_Strasbourg,25880,0,"commons/West_facade_of_Notre-Dame_de_Strasbourg_seen_from_rue_Mercière/0/pictures/Cathédrale_de_Strasbourg,_façade_vue_de_la_rue.jpg"
Cathédrale_Notre-Dame_de_Strasbourg,25880,0,commons/Flying_buttresses_of_Notre-Dame_de_Strasbourg/0/pictures/Cathedrale-de-Strasbourg-IMG_1360.jpg
Cathédrale_Notre-Dame_de_Strasbourg,25880,0,commons/West_facade_of_Notre-Dame_de_Strasbourg_seen_from_rue_Mercière/0/pictures/Cathédrale_de_Strasbourg.jpg
Cathédrale_Notre-Dame_de_Strasbourg,25880,0,commons/Flying_buttresses_of_Notre-Dame_de_Strasbourg/0/pictures/Cathedrale-de-Strasbourg-IMG_1329.jpg
Cathédrale_Notre-Dame_de_Strasbourg,25880,0,commons/Flying_buttresses_of_Notre-Dame_de_Strasbourg/0/pictures/Cathedrale-de-Strasbourg-IMG_1326.jpg
Cathédrale_Notre-Dame_de_Strasbourg,25880,0,commons/West_facade_of_Notre-Dame_de_Strasbourg_seen_from_rue_Mercière/0/pictures/Cathédrale_de_Strasbourg_la_nuit.jpg
Cathédrale_Notre-Dame_de_Strasbourg,25880,0,commons/Flying_buttresses_of_Notre-Dame_de_Strasbourg/0/pictures/Cathedrale-de-Strasbourg-IMG_1367.jpg
Cathédrale_Notre-Dame_de_Strasbourg,25880,0,"commons/West_facade_of_Notre-Dame_de_Strasbourg_seen_from_rue_Mercière/0/pictures/Cathédrale_et_Rue_Mercière,_67000_Strasbourg,_France_-_panoramio_(5).jpg"
Cathédrale_Notre-Dame_de_Strasbourg,25880,0,commons/Miscellaneous_architectural_details_of_Notre-Dame_de_Strasbourg/0/pictures/Straßburg_Münster_2009-035.jpg
Cathédrale_Notre-Dame_de_Strasbourg,25880,0,commons/Flying_buttresses_of_Notre-Dame_de_Strasbourg/0/pictures/Cathedrale-de-Strasbourg-IMG_1323.jpg
Cathédrale_Notre-Dame_de_Strasbourg,25880,0,commons/West_facade_of_Notre-Dame_de_Strasbourg_seen_from_rue_Mercière/0/pictures/Façade_de_la_cathédrale_Notre-Dame_de_Strasbourg.jpg
Cathédrale_Notre-Dame_de_Strasbourg,25880,0,commons/Flying_buttresses_of_Notre-Dame_de_Strasbourg/0/pictures/Cathedrale-de-Strasbourg-IMG_1321.jpg
Cathédrale_Notre-Dame_de_Strasbourg,25880,0,commons/West_facade_of_Notre-Dame_de_Strasbourg_seen_from_rue_Mercière/0/pictures/Cathédrale_de_nuit_(10688367786).jpg
Cathédrale_Notre-Dame_de_Strasbourg,25880,0,commons/Miscellaneous_architectural_details_of_Notre-Dame_de_Strasbourg/0/pictures/Straßburg_Münster_Fabelwesen_(2).jpg
Cathédrale_Notre-Dame_de_Strasbourg,25880,0,"commons/Strasbourg_Cathedral_by_night/0/pictures/Petits_chalets,_grande_cathédrale_(32694529014).jpg"
Cathédrale_Notre-Dame_de_Strasbourg,25880,0,commons/Flying_buttresses_of_Notre-Dame_de_Strasbourg/0/pictures/Cathedrale-de-Strasbourg-IMG_1319.jpg
Cathédrale_Notre-Dame_de_Strasbourg,25880,0,commons/West_facade_of_Notre-Dame_de_Strasbourg_seen_from_rue_Mercière/0/pictures/Cathédrale_de_Strasbourg_Jan_2022.jpg
Cathédrale_Notre-Dame_de_Strasbourg,25880,0,commons/Flying_buttresses_of_Notre-Dame_de_Strasbourg/0/pictures/Cathedrale-de-Strasbourg-IMG_1317.jpg
Cathédrale_Notre-Dame_de_Strasbourg,25880,0,commons/West_facade_of_Notre-Dame_de_Strasbourg_seen_from_rue_Mercière/0/pictures/Cathédrale_Strasbourg.jpg
Cathédrale_Notre-Dame_de_Strasbourg,25880,0,commons/Miscellaneous_architectural_details_of_Notre-Dame_de_Strasbourg/0/pictures/Straßburg_Münster_2009-020.jpg
Cathédrale_Notre-Dame_de_Strasbourg,25880,0,commons/Flying_buttresses_of_Notre-Dame_de_Strasbourg/0/pictures/Cathedrale-de-Strasbourg-IMG_1318.jpg
Cathédrale_Notre-Dame_de_Strasbourg,25880,0,commons/West_facade_of_Notre-Dame_de_Strasbourg_seen_from_rue_Mercière/0/pictures/Cathédrale_de_Strasbourg_depuis_la_rue_Mercière_pour_le_millénaire_des_fondations_de_la_cathédrale.jpg
Cathédrale_Notre-Dame_de_Strasbourg,25880,0,commons/Miscellaneous_architectural_details_of_Notre-Dame_de_Strasbourg/0/pictures/Straßburg_Münster_2009-036.jpg
Cathédrale_Notre-Dame_de_Strasbourg,25880,0,commons/Flying_buttresses_of_Notre-Dame_de_Strasbourg/0/pictures/Cathedrale-de-Strasbourg-IMG_1310.jpg
Cathédrale_Notre-Dame_de_Strasbourg,25880,0,"commons/West_facade_of_Notre-Dame_de_Strasbourg_seen_from_rue_Mercière/0/pictures/Cathédrale_Notre-Dame_de_Strasbourg,_Strasbourg,_Alsace,_France_-_panoramio.jpg"
Cathédrale_Notre-Dame_de_Strasbourg,25880,0,commons/Miscellaneous_architectural_details_of_Notre-Dame_de_Strasbourg/0/pictures/Straßburg_Münster_2009-019.jpg
Cathédrale_Notre-Dame_de_Strasbourg,25880,0,commons/Strasbourg_Cathedral_by_night/0/pictures/Notre-dame_de_strasbourg.jpg
Cathédrale_Notre-Dame_de_Strasbourg,25880,0,commons/Flying_buttresses_of_Notre-Dame_de_Strasbourg/0/pictures/Cathedrale-de-Strasbourg-IMG_1313.jpg
Cathédrale_Notre-Dame_de_Strasbourg,25880,0,"commons/West_facade_of_Notre-Dame_de_Strasbourg_seen_from_rue_Mercière/0/pictures/Cathédrale_Notre-Dame_de_Strasbourg,_Strasbourg,_Alsace,_France_-_panoramio_(1).jpg"
Cathédrale_Notre-Dame_de_Strasbourg,25880,0,commons/Miscellaneous_architectural_details_of_Notre-Dame_de_Strasbourg/0/pictures/Straßburg_Münster_2009-018.jpg
Cathédrale_Notre-Dame_de_Strasbourg,25880,0,commons/Strasbourg_Cathedral_by_night/0/pictures/Rosace_de_la_cathédrale_Notre-Dame_de_Strasbourg_la_nuit.jpg
Cathédrale_Notre-Dame_de_Strasbourg,25880,0,commons/Flying_buttresses_of_Notre-Dame_de_Strasbourg/0/pictures/Cathedrale-de-Strasbourg-IMG_1316.jpg
Cathédrale_Notre-Dame_de_Strasbourg,25880,0,commons/West_facade_of_Notre-Dame_de_Strasbourg_seen_from_rue_Mercière/0/pictures/Cathédrale_de_Strasbourg_2.JPG
Cathédrale_Notre-Dame_de_Strasbourg,25880,0,commons/Flying_buttresses_of_Notre-Dame_de_Strasbourg/0/pictures/2018-08-24_Strasbourg_(18)_(43425056745).jpg
Cathédrale_Notre-Dame_de_Strasbourg,25880,0,commons/West_facade_of_Notre-Dame_de_Strasbourg_seen_from_rue_Mercière/0/pictures/Cathédrale_de_Strasbourg_-_panoramio.jpg
Cathédrale_Notre-Dame_de_Strasbourg,25880,0,"commons/Miscellaneous_architectural_details_of_Notre-Dame_de_Strasbourg/0/pictures/Strasbourg,_Centrum_-_panoramio.jpg"
Cathédrale_Notre-Dame_de_Strasbourg,25880,0,commons/Strasbourg_Cathedral_by_night/0/pictures/Strasbourg_(8398123911).jpg
Cathédrale_Notre-Dame_de_Strasbourg,25880,0,commons/Flying_buttresses_of_Notre-Dame_de_Strasbourg/0/pictures/Buttresses_(5673411819).jpg
Cathédrale_Notre-Dame_de_Strasbourg,25880,0,commons/West_facade_of_Notre-Dame_de_Strasbourg_seen_from_rue_Mercière/0/pictures/Cathédrale_Notre-Dame_illuminée_de_nuit.jpg
Cathédrale_Notre-Dame_de_Strasbourg,25880,0,commons/Miscellaneous_architectural_details_of_Notre-Dame_de_Strasbourg/0/pictures/Strasbourg_Cathedral_in_July_2022_04.jpg
Cathédrale_Notre-Dame_de_Strasbourg,25880,0,commons/Flying_buttresses_of_Notre-Dame_de_Strasbourg/0/pictures/Absolute_cathedrale_Strasbourg_03.JPG
Cathédrale_Notre-Dame_de_Strasbourg,25880,0,commons/West_facade_of_Notre-Dame_de_Strasbourg_seen_from_rue_Mercière/0/pictures/Cathédrale_Notre-Dame_de_Strasbourg_03.JPG
Cathédrale_Notre-Dame_de_Strasbourg,25880,0,commons/Miscellaneous_architectural_details_of_Notre-Dame_de_Strasbourg/0/pictures/Strasbourg_Cathedral_in_July_2022_03.jpg
Cathédrale_Notre-Dame_de_Strasbourg,25880,0,commons/Flying_buttresses_of_Notre-Dame_de_Strasbourg/0/pictures/2011.09.17.160227_View_arches_north_side_cathedral_Strasbourg.jpg
Cathédrale_Notre-Dame_de_Strasbourg,25880,0,commons/West_facade_of_Notre-Dame_de_Strasbourg_seen_from_rue_Mercière/0/pictures/Cathédrale_Notre-Dame_de_Strasbourg_@_Strasbourg_(45569527851).jpg
Cathédrale_Notre-Dame_de_Strasbourg,25880,0,commons/Miscellaneous_architectural_details_of_Notre-Dame_de_Strasbourg/0/pictures/Strasbourg_Cathedral_in_July_2022_02.jpg
Cathédrale_Notre-Dame_de_Strasbourg,25880,0,commons/Flying_buttresses_of_Notre-Dame_de_Strasbourg/0/pictures/2011.09.17.154831_Arches_south_side_cathedral_Strasbourg.jpg
Cathédrale_Notre-Dame_de_Strasbourg,25880,0,commons/West_facade_of_Notre-Dame_de_Strasbourg_seen_from_rue_Mercière/0/pictures/Cathédrale_Notre-Dame_de_Strasbourg_@_Strasbourg_(44895155644).jpg
Cathédrale_Notre-Dame_de_Strasbourg,25880,0,commons/Miscellaneous_architectural_details_of_Notre-Dame_de_Strasbourg/0/pictures/Strasbourg_Cathedral_in_July_2022_05.jpg
Cathédrale_Notre-Dame_de_Strasbourg,25880,0,"commons/Strasbourg_Cathedral_by_night/0/pictures/North_side_of_Strasbourg_Cathedral,_by_night.jpg"
Cathédrale_Notre-Dame_de_Strasbourg,25880,0,commons/Flying_buttresses_of_Notre-Dame_de_Strasbourg/0/pictures/2011.09.17.160612_View_arches_north_side_cathedral_Strasbourg.jpg
Cathédrale_Notre-Dame_de_Strasbourg,25880,0,commons/West_facade_of_Notre-Dame_de_Strasbourg_seen_from_rue_Mercière/0/pictures/Cathédrale_Notre-Dame_de_Strasbourg_@_Strasbourg_(31747375708).jpg
Cathédrale_Notre-Dame_de_Strasbourg,25880,0,commons/Miscellaneous_architectural_details_of_Notre-Dame_de_Strasbourg/0/pictures/Strasbourg_Cathedral_(52298537290).jpg
Cathédrale_Notre-Dame_de_Strasbourg,25880,0,commons/Flying_buttresses_of_Notre-Dame_de_Strasbourg/0/pictures/2011.09.17.160639_Arches_north_side_cathedral_Strasbourg.jpg
Cathédrale_Notre-Dame_de_Strasbourg,25880,0,commons/West_facade_of_Notre-Dame_de_Strasbourg_seen_from_rue_Mercière/0/pictures/Cathédrale_Notre-Dame_de_Strasbourg_3.jpg
Cathédrale_Notre-Dame_de_Strasbourg,25880,0,commons/Flying_buttresses_of_Notre-Dame_de_Strasbourg/0/pictures/2011.09.17.154744_Arches_south_side_cathedral_Strasbourg.jpg
Cathédrale_Notre-Dame_de_Strasbourg,25880,0,commons/West_facade_of_Notre-Dame_de_Strasbourg_seen_from_rue_Mercière/0/pictures/Cathédrale_Notre_Dame_Strasbourg_France_from_Rue_Mercière_copr_2022_by_Tim_Adams_CC_by_3.jpg
Cathédrale_Notre-Dame_de_Strasbourg,25880,0,commons/Flying_buttresses_of_Notre-Dame_de_Strasbourg/0/pictures/Arcs-boutants_Strasbourg.jpg
Cathédrale_Notre-Dame_de_Strasbourg,25880,0,commons/West_facade_of_Notre-Dame_de_Strasbourg_seen_from_rue_Mercière/0/pictures/Cathédrale_ND_de_Strasbourg_Ouest.jpg
Cathédrale_Notre-Dame_de_Strasbourg,25880,0,commons/Flying_buttresses_of_Notre-Dame_de_Strasbourg/0/pictures/2011.09.17.154621_Arch_South_side_cathedral_Strasbourg.jpg
Cathédrale_Notre-Dame_de_Strasbourg,25880,0,commons/West_facade_of_Notre-Dame_de_Strasbourg_seen_from_rue_Mercière/0/pictures/Cathédrale_(Strasbourg).jpg
Cathédrale_Notre-Dame_de_Strasbourg,25880,0,commons/Miscellaneous_architectural_details_of_Notre-Dame_de_Strasbourg/0/pictures/Strasbourg_Cathedral_(52298306679).jpg
Cathédrale_Notre-Dame_de_Strasbourg,25880,0,commons/Strasbourg_Cathedral_by_night/0/pictures/La_Wikistub_devant_la_cathédrale_de_Strasbourg.jpg
Cathédrale_Notre-Dame_de_Strasbourg,25880,0,commons/Flying_buttresses_of_Notre-Dame_de_Strasbourg/0/pictures/2010_06_24_canaltrip_strasbourg_543_(22427463264).jpg
Cathédrale_Notre-Dame_de_Strasbourg,25880,0,commons/West_facade_of_Notre-Dame_de_Strasbourg_seen_from_rue_Mercière/0/pictures/Cathédrale_Notre-Dame_Strasbourg.JPG
Cathédrale_Notre-Dame_de_Strasbourg,25880,0,commons/Flying_buttresses_of_Notre-Dame_de_Strasbourg/0/pictures/2010_06_24_canaltrip_strasbourg_542_(23061436541).jpg
Cathédrale_Notre-Dame_de_Strasbourg,25880,0,commons/West_facade_of_Notre-Dame_de_Strasbourg_seen_from_rue_Mercière/0/pictures/Cathédrale_(Strasbourg)_(8).jpg
Cathédrale_Notre-Dame_de_Strasbourg,25880,0,commons/Flying_buttresses_of_Notre-Dame_de_Strasbourg/0/pictures/2010_06_24_canaltrip_strasbourg_541_(22658008909).jpg
Cathédrale_Notre-Dame_de_Strasbourg,25880,0,commons/West_facade_of_Notre-Dame_de_Strasbourg_seen_from_rue_Mercière/0/pictures/Cathédrale_(Strasbourg)_(7).jpg
Cathédrale_Notre-Dame_de_Strasbourg,25880,0,commons/Miscellaneous_architectural_details_of_Notre-Dame_de_Strasbourg/0/pictures/Strasbourg_Cathedral_-_Right_Arch_-_Detail_(7684351622).jpg
Cathédrale_Notre-Dame_de_Strasbourg,25880,0,commons/Strasbourg_Cathedral_by_night/0/pictures/Cathédrale_de_Strasbourg_juillet_2023.jpg
Cathédrale_Notre-Dame_de_Strasbourg,25880,0,commons/Flying_buttresses_of_Notre-Dame_de_Strasbourg/0/pictures/2010_06_24_canaltrip_strasbourg_540_(23050238875).jpg
Cathédrale_Notre-Dame_de_Strasbourg,25880,0,commons/West_facade_of_Notre-Dame_de_Strasbourg_seen_from_rue_Mercière/0/pictures/Cathédrale_Notre_Dame_de_Strasbourg.png
Cathédrale_Notre-Dame_de_Strasbourg,25880,0,commons/Miscellaneous_architectural_details_of_Notre-Dame_de_Strasbourg/0/pictures/Strasbourg_Cathedral_-_Right_Arch_(7684351364).jpg
Cathédrale_Notre-Dame_de_Strasbourg,25880,0,commons/Strasbourg_Cathedral_by_night/0/pictures/Cathédrale_Notre-Dame_illuminée_de_nuit.jpg
Cathédrale_Notre-Dame_de_Strasbourg,25880,0,commons/Flying_buttresses_of_Notre-Dame_de_Strasbourg/0/pictures/14-02-07-Cathédrale_Notre-Dame_de_Strasbourg-RalfR-23.jpg
Cathédrale_Notre-Dame_de_Strasbourg,25880,0,commons/West_facade_of_Notre-Dame_de_Strasbourg_seen_from_rue_Mercière/0/pictures/Cathédrale_(Strasbourg)_(1).jpg
Cathédrale_Notre-Dame_de_Strasbourg,25880,0,commons/Miscellaneous_architectural_details_of_Notre-Dame_de_Strasbourg/0/pictures/Strasbourg_Cathedral_(52297059977).jpg
Cathédrale_Notre-Dame_de_Strasbourg,25880,0,commons/Strasbourg_Cathedral_by_night/0/pictures/Cathédrale_Strasbourg.JPG
Cathédrale_Notre-Dame_de_Strasbourg,25880,0,commons/Flying_buttresses_of_Notre-Dame_de_Strasbourg/0/pictures/2010_06_24_canaltrip_strasbourg_536_(23024181396).jpg
Cathédrale_Notre-Dame_de_Strasbourg,25880,0,commons/West_facade_of_Notre-Dame_de_Strasbourg_seen_from_rue_Mercière/0/pictures/By_night_1_(5673973356).jpg
Cathédrale_Notre-Dame_de_Strasbourg,25880,0,commons/Flying_buttresses_of_Notre-Dame_de_Strasbourg/0/pictures/2010_06_24_canaltrip_strasbourg_539_(22429076513).jpg
Cathédrale_Notre-Dame_de_Strasbourg,25880,0,commons/West_facade_of_Notre-Dame_de_Strasbourg_seen_from_rue_Mercière/0/pictures/Cathedrale_Notre_Dame_in_Strasbourg_(2520645470).jpg
Cathédrale_Notre-Dame_de_Strasbourg,25880,0,commons/Left_portal_of_the_western_facade_of_Notre-Dame_de_Strasbourg/0/pictures/Strasbourg_(Bas-Rhin)_-_Cathédrale_Notre-Dame_-_Portail_de_gauche.jpg
Cathédrale_Notre-Dame_de_Strasbourg,25880,0,commons/Statues_of_Notre-Dame_de_Strasbourg_(Outside)/0/pictures/Strasbourg_Cathédrale_Notre_Dame_statue_de_l'Eglise.jpg
Cathédrale_Notre-Dame_de_Strasbourg,25880,0,commons/Ecclesia_and_Synagoga_of_Strasbourg_Cathedral/0/pictures/StrasbourgCath_FacTranseptSud_09.JPG
Cathédrale_Notre-Dame_de_Strasbourg,25880,0,commons/Roofs_of_Notre-Dame_de_Strasbourg/0/pictures/Straßburg_Cathédrale_Notre-Dame_Dach_3.jpg
Cathédrale_Notre-Dame_de_Strasbourg,25880,0,commons/Ecclesia_and_Synagoga_of_Strasbourg_Cathedral/0/pictures/Strasbourg_Cathédrale_Notre_Dame_statue_de_l'Eglise.jpg
Cathédrale_Notre-Dame_de_Strasbourg,25880,0,commons/Roofs_of_Notre-Dame_de_Strasbourg/0/pictures/Strasbourg_Cathedral_in_July_2022_17.jpg
Cathédrale_Notre-Dame_de_Strasbourg,25880,0,commons/Left_portal_of_the_western_facade_of_Notre-Dame_de_Strasbourg/0/pictures/Strasbourg_-_Notre-Dame_de_Strasbourg_(1015-1439)_-_Left_Portal_-_Depiction_of_the_Infancy_of_Christ_01_-_Fisheye_panorama_04.jpg
Cathédrale_Notre-Dame_de_Strasbourg,25880,0,commons/Statues_of_Notre-Dame_de_Strasbourg_(Outside)/0/pictures/Strasbourg_-_South_Transept_Cathedral_-_Allegory_of_The_Last_Judgement.jpg
Cathédrale_Notre-Dame_de_Strasbourg,25880,0,commons/Ecclesia_and_Synagoga_of_Strasbourg_Cathedral/0/pictures/Statue_cathedrale_de_Strasbourg_-_Synagogue.jpg
Cathédrale_Notre-Dame_de_Strasbourg,25880,0,commons/Roofs_of_Notre-Dame_de_Strasbourg/0/pictures/Straßburg_Cathédrale_Notre-Dame_Dach_1.jpg
Cathédrale_Notre-Dame_de_Strasbourg,25880,0,commons/Ecclesia_and_Synagoga_of_Strasbourg_Cathedral/0/pictures/PM_149978_F_Strasbourg.jpg
Cathédrale_Notre-Dame_de_Strasbourg,25880,0,commons/Ecclesia_and_Synagoga_of_Strasbourg_Cathedral/0/pictures/PM_149977_F_Strasbourg.jpg
Cathédrale_Notre-Dame_de_Strasbourg,25880,0,commons/Ecclesia_and_Synagoga_of_Strasbourg_Cathedral/0/pictures/Cathedrale-de-Strasbourg-IMG_1426.jpg
Cathédrale_Notre-Dame_de_Strasbourg,25880,0,commons/Dome_of_Notre-Dame_de_Strasbourg/0/pictures/Tour_Klotz_-_Cathédrale_de_Strasbourg.jpg
Cathédrale_Notre-Dame_de_Strasbourg,25880,0,commons/Dome_of_Notre-Dame_de_Strasbourg/0/pictures/Tour_Klotz_et_nef_-_Cathédrale_de_Strasbourg.jpg
Cathédrale_Notre-Dame_de_Strasbourg,25880,0,commons/Left_portal_of_the_western_facade_of_Notre-Dame_de_Strasbourg/0/pictures/PM_150001_F_Strasbourg.jpg
Cathédrale_Notre-Dame_de_Strasbourg,25880,0,commons/Statues_of_Notre-Dame_de_Strasbourg_(Outside)/0/pictures/Strasbourg_-_Cathédrale_de_Notre-Dame_IV.jpg
Cathédrale_Notre-Dame_de_Strasbourg,25880,0,commons/Ecclesia_and_Synagoga_of_Strasbourg_Cathedral/0/pictures/Cathedrale-de-Strasbourg-IMG_1420.jpg
Cathédrale_Notre-Dame_de_Strasbourg,25880,0,commons/Dome_of_Notre-Dame_de_Strasbourg/0/pictures/Straßburg_im_Sommer_2013_(9982180445).jpg
Cathédrale_Notre-Dame_de_Strasbourg,25880,0,commons/Left_portal_of_the_western_facade_of_Notre-Dame_de_Strasbourg/0/pictures/PM_149997_F_Strasbourg.jpg
Cathédrale_Notre-Dame_de_Strasbourg,25880,0,commons/Dome_of_Notre-Dame_de_Strasbourg/0/pictures/View_From_Cathedrale_Notre_Dame_in_Strasbourg_(2520689048).jpg
Cathédrale_Notre-Dame_de_Strasbourg,25880,0,commons/Left_portal_of_the_western_facade_of_Notre-Dame_de_Strasbourg/0/pictures/Notre-Dame_de_Strasbourg_Portail_Nord_03.jpg
Cathédrale_Notre-Dame_de_Strasbourg,25880,0,commons/Statues_of_Notre-Dame_de_Strasbourg_(Outside)/0/pictures/Strasbourg_-_Notre-Dame_de_Strasbourg_-_Equestrian_statues_on_the_south_side_of_the_cathedral_02.jpg
Cathédrale_Notre-Dame_de_Strasbourg,25880,0,commons/Dome_of_Notre-Dame_de_Strasbourg/0/pictures/View_on_Strasbourg_from_Notre_Dame.jpg
Cathédrale_Notre-Dame_de_Strasbourg,25880,0,commons/Dome_of_Notre-Dame_de_Strasbourg/0/pictures/Straßburg_Cathédrale_Notre-Dame_Vierungsturm_1.jpg
Cathédrale_Notre-Dame_de_Strasbourg,25880,0,commons/Dome_of_Notre-Dame_de_Strasbourg/0/pictures/Tour_Klotz_(Cathédrale_de_Strasbourg)_2.jpg
Cathédrale_Notre-Dame_de_Strasbourg,25880,0,commons/Left_portal_of_the_western_facade_of_Notre-Dame_de_Strasbourg/0/pictures/PM_149992_F_Strasbourg.jpg
Cathédrale_Notre-Dame_de_Strasbourg,25880,0,commons/Dome_of_Notre-Dame_de_Strasbourg/0/pictures/Straßburg_Cathédrale_Notre-Dame_Vierungsturm_2.jpg
Cathédrale_Notre-Dame_de_Strasbourg,25880,0,commons/Dome_of_Notre-Dame_de_Strasbourg/0/pictures/Tour_Klotz_(Cathédrale_de_Strasbourg)_1.jpg
Cathédrale_Notre-Dame_de_Strasbourg,25880,0,commons/Left_portal_of_the_western_facade_of_Notre-Dame_de_Strasbourg/0/pictures/Notre-Dame_de_Strasbourg_Portail_Nord_02.jpg
Cathédrale_Notre-Dame_de_Strasbourg,25880,0,commons/Dome_of_Notre-Dame_de_Strasbourg/0/pictures/Straßburg_Münster_2009-025.jpg
Cathédrale_Notre-Dame_de_Strasbourg,25880,0,"commons/Left_portal_of_the_western_facade_of_Notre-Dame_de_Strasbourg/0/pictures/Notre_Dame_entrance,_Strasbourg_(16079014700).jpg"
Cathédrale_Notre-Dame_de_Strasbourg,25880,0,commons/Dome_of_Notre-Dame_de_Strasbourg/0/pictures/Straßburg_Cathédrale_Notre-Dame_Oktogon_3.JPG
Cathédrale_Notre-Dame_de_Strasbourg,25880,0,commons/Dome_of_Notre-Dame_de_Strasbourg/0/pictures/Straßburg_Cathédrale_Notre-Dame_Oktogon_2.JPG
Cathédrale_Notre-Dame_de_Strasbourg,25880,0,commons/West_facade_of_Notre-Dame_de_Strasbourg/0/pictures/Notre-Dame_Strasbourg_façade_occidentale-3.jpg
Cathédrale_Notre-Dame_de_Strasbourg,25880,0,commons/Left_portal_of_the_western_facade_of_Notre-Dame_de_Strasbourg/0/pictures/Cathédrale_Notre-Dame_façade_principale_Strasbourg_8.jpg
Cathédrale_Notre-Dame_de_Strasbourg,25880,0,commons/Statues_of_Notre-Dame_de_Strasbourg_(Outside)/0/pictures/Strasbourg_(Bas-Rhin)_-_Cathédrale_Notre-Dame_-_Portail_de_gauche_-_52202248475.jpg
Cathédrale_Notre-Dame_de_Strasbourg,25880,0,commons/Dome_of_Notre-Dame_de_Strasbourg/0/pictures/Straßburg_Blick_vom_Münster_4.JPG
Cathédrale_Notre-Dame_de_Strasbourg,25880,0,commons/Left_portal_of_the_western_facade_of_Notre-Dame_de_Strasbourg/0/pictures/Cathédrale_Notre-Dame_façade_principale_Strasbourg_6.jpg
Cathédrale_Notre-Dame_de_Strasbourg,25880,0,commons/Dome_of_Notre-Dame_de_Strasbourg/0/pictures/Straßburg_Blick_vom_Münster_2.JPG
Cathédrale_Notre-Dame_de_Strasbourg,25880,0,commons/Dome_of_Notre-Dame_de_Strasbourg/0/pictures/Straßburg_Cathédrale_Notre-Dame_Oktogon_1.JPG
Cathédrale_Notre-Dame_de_Strasbourg,25880,0,commons/Left_portal_of_the_western_facade_of_Notre-Dame_de_Strasbourg/0/pictures/Cathedrale-de-Strasbourg-IMG_1292.jpg
Cathédrale_Notre-Dame_de_Strasbourg,25880,0,commons/Statues_of_Notre-Dame_de_Strasbourg_(Outside)/0/pictures/Statues_of_Notre-Dame_de_Strasbourg_(Outside).jpg
Cathédrale_Notre-Dame_de_Strasbourg,25880,0,commons/Dome_of_Notre-Dame_de_Strasbourg/0/pictures/Straßburg_Blick_vom_Münster_1.JPG
Cathédrale_Notre-Dame_de_Strasbourg,25880,0,commons/Dome_of_Notre-Dame_de_Strasbourg/0/pictures/Straßburg_Blick_vom_Münster_3.JPG
Cathédrale_Notre-Dame_de_Strasbourg,25880,0,commons/West_facade_of_Notre-Dame_de_Strasbourg/0/pictures/Notre-Dame_Cathedral_-_Strasbourg_-_France_(2_of_6)_(38557722971).jpg
Cathédrale_Notre-Dame_de_Strasbourg,25880,0,commons/Left_portal_of_the_western_facade_of_Notre-Dame_de_Strasbourg/0/pictures/Cathédrale_Notre-Dame_façade_principale_Strasbourg_5.jpg
Cathédrale_Notre-Dame_de_Strasbourg,25880,0,commons/Dome_of_Notre-Dame_de_Strasbourg/0/pictures/Straßburg_Blick_vom_Münster_5.JPG
Cathédrale_Notre-Dame_de_Strasbourg,25880,0,commons/West_facade_of_Notre-Dame_de_Strasbourg/0/pictures/Notre-Dame_Strasbourg_façade_occidentale-5.jpg
Cathédrale_Notre-Dame_de_Strasbourg,25880,0,commons/Left_portal_of_the_western_facade_of_Notre-Dame_de_Strasbourg/0/pictures/Cathédrale_Notre-Dame_de_Strasbourg_@_Strasbourg_(45568503072).jpg
Cathédrale_Notre-Dame_de_Strasbourg,25880,0,commons/Dome_of_Notre-Dame_de_Strasbourg/0/pictures/Straßburg_001.jpg
Cathédrale_Notre-Dame_de_Strasbourg,25880,0,commons/West_facade_of_Notre-Dame_de_Strasbourg/0/pictures/Notre-Dame_Strasbourg_façade_occidentale-4.jpg
Cathédrale_Notre-Dame_de_Strasbourg,25880,0,commons/Left_portal_of_the_western_facade_of_Notre-Dame_de_Strasbourg/0/pictures/Cathédrale_Notre-Dame_de_Strasbourg_@_Strasbourg_(45568500202).jpg
Cathédrale_Notre-Dame_de_Strasbourg,25880,0,commons/Dome_of_Notre-Dame_de_Strasbourg/0/pictures/Strasbourg_(Bas-Rhin)_-_Cathédrale_Notre-Dame_-_Dôme_du_choeur.jpg
Cathédrale_Notre-Dame_de_Strasbourg,25880,0,commons/West_facade_of_Notre-Dame_de_Strasbourg/0/pictures/Notre-Dame_Strasbourg_façade_occidentale-2.jpg
Cathédrale_Notre-Dame_de_Strasbourg,25880,0,commons/Left_portal_of_the_western_facade_of_Notre-Dame_de_Strasbourg/0/pictures/Cathédrale_Notre-Dame_(5937682593).jpg
Cathédrale_Notre-Dame_de_Strasbourg,25880,0,commons/Dome_of_Notre-Dame_de_Strasbourg/0/pictures/Strasbourg_-_Cathédrale_Notre_Dame_(vue_depuis_la_cathédrale).jpg
Cathédrale_Notre-Dame_de_Strasbourg,25880,0,"commons/Dome_of_Notre-Dame_de_Strasbourg/0/pictures/Strasbourg,_Cathédrale_Notre_Dame_05.jpg"
Cathédrale_Notre-Dame_de_Strasbourg,25880,0,commons/Left_portal_of_the_western_facade_of_Notre-Dame_de_Strasbourg/0/pictures/2021-03-27_13-11-03_strasbourg.jpg
Cathédrale_Notre-Dame_de_Strasbourg,25880,0,"commons/Dome_of_Notre-Dame_de_Strasbourg/0/pictures/Strasbourg_seen_from_above,_May_2008,_2.jpg"
Cathédrale_Notre-Dame_de_Strasbourg,25880,0,commons/Right_portal_of_the_western_facade_of_Notre-Dame_de_Strasbourg/0/pictures/Zodiaque_00.jpg
Cathédrale_Notre-Dame_de_Strasbourg,25880,0,"commons/Dome_of_Notre-Dame_de_Strasbourg/0/pictures/Strasbourg_from_above,_April_2012_(2).jpg"
Cathédrale_Notre-Dame_de_Strasbourg,25880,0,commons/Left_portal_of_the_western_facade_of_Notre-Dame_de_Strasbourg/0/pictures/Cathedral_of_Notre-Dame2.jpg
Cathédrale_Notre-Dame_de_Strasbourg,25880,0,commons/Dome_of_Notre-Dame_de_Strasbourg/0/pictures/Strasbourg_Cathedral_(52298045508).jpg
Cathédrale_Notre-Dame_de_Strasbourg,25880,0,commons/West_facade_of_Notre-Dame_de_Strasbourg/0/pictures/May_France_Cite_Strasbourg_Ville_d'Alsace_-_Alsace_magic_Elsaß_Photography_2014_La_Terreur_-_Gouvernement_clerical_-_panoramio_(3).jpg
Cathédrale_Notre-Dame_de_Strasbourg,25880,0,commons/Left_portal_of_the_western_facade_of_Notre-Dame_de_Strasbourg/0/pictures/2010_06_24_canaltrip_strasbourg_311_(22631970147).jpg
Cathédrale_Notre-Dame_de_Strasbourg,25880,0,commons/Dome_of_Notre-Dame_de_Strasbourg/0/pictures/Strasbourg_Cathedral_(52297054927).jpg
Cathédrale_Notre-Dame_de_Strasbourg,25880,0,commons/Right_portal_of_the_western_facade_of_Notre-Dame_de_Strasbourg/0/pictures/Vierges_Folles.jpg
Cathédrale_Notre-Dame_de_Strasbourg,25880,0,commons/Left_portal_of_the_western_facade_of_Notre-Dame_de_Strasbourg/0/pictures/2010_06_24_canaltrip_strasbourg_224_(22631955628).jpg
Cathédrale_Notre-Dame_de_Strasbourg,25880,0,commons/Dome_of_Notre-Dame_de_Strasbourg/0/pictures/Nef_de_la_Cathedrale_de_Strasbourg_et_tour_Klotz.JPG
Cathédrale_Notre-Dame_de_Strasbourg,25880,0,commons/Right_portal_of_the_western_facade_of_Notre-Dame_de_Strasbourg/0/pictures/Strasbourg4.jpg
Cathédrale_Notre-Dame_de_Strasbourg,25880,0,commons/West_facade_of_Notre-Dame_de_Strasbourg/0/pictures/La_façade_de_la_Cathédrale_Notre-Dame_(Strasbourg).jpg
Cathédrale_Notre-Dame_de_Strasbourg,25880,0,commons/Dome_of_Notre-Dame_de_Strasbourg/0/pictures/Observatory_@_Cathédrale_Notre-Dame_de_Strasbourg_@_Strasbourg_(43763487970).jpg
Cathédrale_Notre-Dame_de_Strasbourg,25880,0,commons/West_facade_of_Notre-Dame_de_Strasbourg/0/pictures/Maison_Kammerzell_et_cathédrale_de_Strasbourg.JPG
Cathédrale_Notre-Dame_de_Strasbourg,25880,0,commons/Dome_of_Notre-Dame_de_Strasbourg/0/pictures/Munster_und_die_Stadt_von_Strasburg.jpg
Cathédrale_Notre-Dame_de_Strasbourg,25880,0,commons/Right_portal_of_the_western_facade_of_Notre-Dame_de_Strasbourg/0/pictures/Tentateur_et_vierge_folles.jpg
Cathédrale_Notre-Dame_de_Strasbourg,25880,0,commons/West_facade_of_Notre-Dame_de_Strasbourg/0/pictures/Il_duomo_di_Strasburgo.jpg
Cathédrale_Notre-Dame_de_Strasbourg,25880,0,commons/Dome_of_Notre-Dame_de_Strasbourg/0/pictures/Lanterne_de_ND_de_Strasbourg.jpg
Cathédrale_Notre-Dame_de_Strasbourg,25880,0,commons/Right_portal_of_the_western_facade_of_Notre-Dame_de_Strasbourg/0/pictures/StrasbourgCathFacaW_08.jpg
Cathédrale_Notre-Dame_de_Strasbourg,25880,0,commons/West_facade_of_Notre-Dame_de_Strasbourg/0/pictures/Maison_Kammerzell_and_Cathédrale_Notre_Dame_Strasbourg_France_copr_2022_by_Tim_Adams_CC_by_3.jpg
Cathédrale_Notre-Dame_de_Strasbourg,25880,0,commons/Dome_of_Notre-Dame_de_Strasbourg/0/pictures/Strasbourg_(73385733).jpeg
Cathédrale_Notre-Dame_de_Strasbourg,25880,0,commons/Right_portal_of_the_western_facade_of_Notre-Dame_de_Strasbourg/0/pictures/StrasbourgCathFacaW_07.jpg
Cathédrale_Notre-Dame_de_Strasbourg,25880,0,commons/Right_portal_of_the_western_facade_of_Notre-Dame_de_Strasbourg/0/pictures/Strasbourg_cathedrale_4_(5891469712).jpg
Cathédrale_Notre-Dame_de_Strasbourg,25880,0,commons/West_facade_of_Notre-Dame_de_Strasbourg/0/pictures/Lightplay_on_the_west_façade_of_Strasbourg_Cathedral.jpg
Cathédrale_Notre-Dame_de_Strasbourg,25880,0,commons/Dome_of_Notre-Dame_de_Strasbourg/0/pictures/Munster_und_die_Stadt_von_Strassburg_2.jpg
Cathédrale_Notre-Dame_de_Strasbourg,25880,0,commons/West_facade_of_Notre-Dame_de_Strasbourg/0/pictures/Haus_Kammerzell_und_Münster_in_Straßburg.jpg
Cathédrale_Notre-Dame_de_Strasbourg,25880,0,"commons/Right_portal_of_the_western_facade_of_Notre-Dame_de_Strasbourg/0/pictures/Strasbourg_-_Notre-Dame_de_Strasbourg_-_West_façade_of_the_cathedral_-_Right_Portal_-_The_Foolish_Virgins_(Matthew_25,_with_their_oil_reserve_down_&_empty)_-_On_the_left_with_apple_'le_tentateur'_(tempter,_devil)_01.jpg"
Cathédrale_Notre-Dame_de_Strasbourg,25880,0,commons/Dome_of_Notre-Dame_de_Strasbourg/0/pictures/IMGP3997_(9235623661).jpg
Cathédrale_Notre-Dame_de_Strasbourg,25880,0,commons/Right_portal_of_the_western_facade_of_Notre-Dame_de_Strasbourg/0/pictures/Strasbourg_Cathedral_(52298059258).jpg
Cathédrale_Notre-Dame_de_Strasbourg,25880,0,commons/West_facade_of_Notre-Dame_de_Strasbourg/0/pictures/Lightplay_on_the_west_façade_of_Notre-Dame_de_Strasbourg.jpg
Cathédrale_Notre-Dame_de_Strasbourg,25880,0,"commons/Right_portal_of_the_western_facade_of_Notre-Dame_de_Strasbourg/0/pictures/Strasbourg_-_Notre-Dame_de_Strasbourg_-_West_façade_of_the_cathedral_-_Right_Portal_-_The_Wise_Virgins_(Matthew_25,_with_their_oil_reserve_up_&_filled)_01.jpg"
Cathédrale_Notre-Dame_de_Strasbourg,25880,0,"commons/Right_portal_of_the_western_facade_of_Notre-Dame_de_Strasbourg/0/pictures/Strasbourg_-_Notre-Dame_de_Strasbourg_-_West_façade_of_the_cathedral_-_Right_Portal_-_The_Wise_Virgins_(Matthew_25,_with_their_oil_reserve_up_&_filled)_05.jpg"
Cathédrale_Notre-Dame_de_Strasbourg,25880,0,"commons/Right_portal_of_the_western_facade_of_Notre-Dame_de_Strasbourg/0/pictures/Strasbourg_-_Notre-Dame_de_Strasbourg_-_West_façade_of_the_cathedral_-_Right_Portal_-_The_Wise_Virgins_(Matthew_25,_with_their_oil_reserve_up_&_filled)_04.jpg"
Cathédrale_Notre-Dame_de_Strasbourg,25880,0,"commons/Right_portal_of_the_western_facade_of_Notre-Dame_de_Strasbourg/0/pictures/Strasbourg_-_Notre-Dame_de_Strasbourg_-_West_façade_of_the_cathedral_-_Right_Portal_-_The_Wise_Virgins_(Matthew_25,_with_their_oil_reserve_up_&_filled)_03.jpg"
Cathédrale_Notre-Dame_de_Strasbourg,25880,0,commons/West_portals_of_Notre-Dame_de_Strasbourg/0/pictures/14-02-02-straszburg-RalfR-076.jpg
Cathédrale_Notre-Dame_de_Strasbourg,25880,0,commons/Dome_of_Notre-Dame_de_Strasbourg/0/pictures/Dôme_de_la_croisée_de_la_cathédrale_de_Strasbourg_vu_depuis_la_cour_du_palais_Rohan.jpg
Cathédrale_Notre-Dame_de_Strasbourg,25880,0,commons/Right_portal_of_the_western_facade_of_Notre-Dame_de_Strasbourg/0/pictures/Strasbourg_-_Notre-Dame_de_Strasbourg_-_West_façade_of_the_cathedral_-_Right_Portal_-_Depiction_of_the_Last_Judgment_09.jpg
Cathédrale_Notre-Dame_de_Strasbourg,25880,0,commons/West_facade_of_Notre-Dame_de_Strasbourg/0/pictures/Frontispice_cathédrale_Strasbourg.JPG
Cathédrale_Notre-Dame_de_Strasbourg,25880,0,commons/Dome_of_Notre-Dame_de_Strasbourg/0/pictures/Cathédrale_Notre_Dame_Strasbourg.jpg
Cathédrale_Notre-Dame_de_Strasbourg,25880,0,"commons/Right_portal_of_the_western_facade_of_Notre-Dame_de_Strasbourg/0/pictures/Strasbourg_-_Notre-Dame_de_Strasbourg_-_West_façade_of_the_cathedral_-_Right_Portal_-_The_Foolish_Virgins_(Matthew_25,_with_their_oil_reserve_down_&_empty)_-_On_the_left_with_apple_'le_tentateur'_(tempter,_devil)_04.jpg"
Cathédrale_Notre-Dame_de_Strasbourg,25880,0,"commons/West_facade_of_Notre-Dame_de_Strasbourg/0/pictures/Galleani_Luigi.Strasburgo,_La_Cattedrale_Di_Notre_Dame_27A127.jpg"
Cathédrale_Notre-Dame_de_Strasbourg,25880,0,"commons/Right_portal_of_the_western_facade_of_Notre-Dame_de_Strasbourg/0/pictures/Strasbourg_-_Notre-Dame_de_Strasbourg_-_West_façade_of_the_cathedral_-_Right_Portal_-_The_Foolish_Virgins_(Matthew_25,_with_their_oil_reserve_down_&_empty)_-_On_the_left_with_apple_'le_tentateur'_(tempter,_devil)_03.jpg"
Cathédrale_Notre-Dame_de_Strasbourg,25880,0,commons/Le_Tentateur_of_Strasbourg_Cathedral/0/pictures/Tentateur_et_vierge_folles.jpg
Cathédrale_Notre-Dame_de_Strasbourg,25880,0,commons/Right_portal_of_the_western_facade_of_Notre-Dame_de_Strasbourg/0/pictures/Strasbourg_-_Notre-Dame_de_Strasbourg_-_West_façade_of_the_cathedral_-_Right_Portal_-_Depiction_of_the_Last_Judgment_10.jpg
Cathédrale_Notre-Dame_de_Strasbourg,25880,0,commons/Le_Tentateur_of_Strasbourg_Cathedral/0/pictures/StrasbourgCathFacaW_49.jpg
Cathédrale_Notre-Dame_de_Strasbourg,25880,0,commons/Right_portal_of_the_western_facade_of_Notre-Dame_de_Strasbourg/0/pictures/Strasbourg_-_Notre-Dame_de_Strasbourg_-_West_façade_of_the_cathedral_-_Right_Portal_-_Depiction_of_the_Last_Judgment_07.jpg
Cathédrale_Notre-Dame_de_Strasbourg,25880,0,"commons/Le_Tentateur_of_Strasbourg_Cathedral/0/pictures/Strasbourg_-_Notre-Dame_de_Strasbourg_-_West_façade_of_the_cathedral_-_Right_Portal_-_The_Foolish_Virgins_(Matthew_25,_with_their_oil_reserve_down_&_empty)_-_On_the_left_with_apple_'le_tentateur'_(tempter,_devil)_05.jpg"
Cathédrale_Notre-Dame_de_Strasbourg,25880,0,commons/Right_portal_of_the_western_facade_of_Notre-Dame_de_Strasbourg/0/pictures/Strasbourg_-_Notre-Dame_de_Strasbourg_-_West_façade_of_the_cathedral_-_Right_Portal_-_Depiction_of_the_Last_Judgment_01.jpg
Cathédrale_Notre-Dame_de_Strasbourg,25880,0,"commons/Le_Tentateur_of_Strasbourg_Cathedral/0/pictures/Strasbourg_-_Notre-Dame_de_Strasbourg_-_West_façade_of_the_cathedral_-_Right_Portal_-_The_Foolish_Virgins_(Matthew_25,_with_their_oil_reserve_down_&_empty)_-_On_the_left_with_apple_'le_tentateur'_(tempter,_devil)_04.jpg"
Cathédrale_Notre-Dame_de_Strasbourg,25880,0,"commons/Statues_of_Notre-Dame_de_Strasbourg_(Outside)/0/pictures/Notre-Dame,_Strasbourg,_south_portal.JPG"
Cathédrale_Notre-Dame_de_Strasbourg,25880,0,commons/Right_portal_of_the_western_facade_of_Notre-Dame_de_Strasbourg/0/pictures/Strasbourg_-_Notre-Dame_de_Strasbourg_-_West_façade_of_the_cathedral_-_Right_Portal_-_Depiction_of_the_Last_Judgment_06.jpg
Cathédrale_Notre-Dame_de_Strasbourg,25880,0,"commons/Le_Tentateur_of_Strasbourg_Cathedral/0/pictures/Strasbourg_-_Notre-Dame_de_Strasbourg_-_West_façade_of_the_cathedral_-_Right_Portal_-_The_Foolish_Virgins_(Matthew_25,_with_their_oil_reserve_down_&_empty)_-_On_the_left_with_apple_'le_tentateur'_(tempter,_devil)_03.jpg"
Cathédrale_Notre-Dame_de_Strasbourg,25880,0,commons/Statues_of_Notre-Dame_de_Strasbourg_(Outside)/0/pictures/PM_150015_F_Strasbourg.jpg
Cathédrale_Notre-Dame_de_Strasbourg,25880,0,commons/Right_portal_of_the_western_facade_of_Notre-Dame_de_Strasbourg/0/pictures/Strasbourg_-_Notre-Dame_de_Strasbourg_-_West_façade_of_the_cathedral_-_Right_Portal_-_Depiction_of_the_Last_Judgment_05.jpg
Cathédrale_Notre-Dame_de_Strasbourg,25880,0,"commons/Le_Tentateur_of_Strasbourg_Cathedral/0/pictures/Strasbourg_-_Notre-Dame_de_Strasbourg_-_West_façade_of_the_cathedral_-_Right_Portal_-_The_Foolish_Virgins_(Matthew_25,_with_their_oil_reserve_down_&_empty)_-_On_the_left_with_apple_'le_tentateur'_(tempter,_devil)_02.jpg"
Cathédrale_Notre-Dame_de_Strasbourg,25880,0,commons/Right_portal_of_the_western_facade_of_Notre-Dame_de_Strasbourg/0/pictures/Strasbourg_-_Notre-Dame_de_Strasbourg_-_West_façade_of_the_cathedral_-_Right_Portal_-_Depiction_of_the_Last_Judgment_04.jpg
Cathédrale_Notre-Dame_de_Strasbourg,25880,0,"commons/West_facade_of_Notre-Dame_de_Strasbourg/0/pictures/Cathédrale,_Strasbourg,_Frankreich_-_panoramio.jpg"
Cathédrale_Notre-Dame_de_Strasbourg,25880,0,commons/Le_Tentateur_of_Strasbourg_Cathedral/0/pictures/Strasbourg_-_Cathédrale_Notre-Dame_III.jpg
Cathédrale_Notre-Dame_de_Strasbourg,25880,0,commons/Right_portal_of_the_western_facade_of_Notre-Dame_de_Strasbourg/0/pictures/Strasbourg_-_Notre-Dame_de_Strasbourg_-_West_façade_of_the_cathedral_-_Right_Portal_-_Depiction_of_the_Last_Judgment_02.jpg
Cathédrale_Notre-Dame_de_Strasbourg,25880,0,commons/Right_portal_of_the_western_facade_of_Notre-Dame_de_Strasbourg/0/pictures/Strasbourg_-_Cathedral_-_West_Façade_III.jpg
Cathédrale_Notre-Dame_de_Strasbourg,25880,0,commons/West_facade_of_Notre-Dame_de_Strasbourg/0/pictures/Cathédrale_de_Strasbourg_quality.jpg
Cathédrale_Notre-Dame_de_Strasbourg,25880,0,commons/Le_Tentateur_of_Strasbourg_Cathedral/0/pictures/Le_tentateur_(1).jpg
Cathédrale_Notre-Dame_de_Strasbourg,25880,0,commons/Right_portal_of_the_western_facade_of_Notre-Dame_de_Strasbourg/0/pictures/Strasbourg_-_Cathedral_-_West_Façade_II.jpg
Cathédrale_Notre-Dame_de_Strasbourg,25880,0,commons/Right_portal_of_the_western_facade_of_Notre-Dame_de_Strasbourg/0/pictures/Right_portal_of_the_western_facade_of_Notre-Dame_de_Strasbourg_(1).JPG
Cathédrale_Notre-Dame_de_Strasbourg,25880,0,commons/Le_Tentateur_of_Strasbourg_Cathedral/0/pictures/Dos_Tentateur_2489.jpg
Cathédrale_Notre-Dame_de_Strasbourg,25880,0,commons/Right_portal_of_the_western_facade_of_Notre-Dame_de_Strasbourg/0/pictures/Notre-Dame_Strasbourg_vierges_folles_portail_latéral_sud_façade_ouest.jpg
Cathédrale_Notre-Dame_de_Strasbourg,25880,0,commons/West_facade_of_Notre-Dame_de_Strasbourg/0/pictures/Cathédrale_de_Strasbourg_Façade_1602.jpg
Cathédrale_Notre-Dame_de_Strasbourg,25880,0,commons/Le_Tentateur_of_Strasbourg_Cathedral/0/pictures/PM_150037_F_Strasbourg.jpg
Cathédrale_Notre-Dame_de_Strasbourg,25880,0,commons/Details_of_the_west_facade_of_Notre-Dame_de_Strasbourg/0/pictures/Strasbourg_-_Cathedral's_Main_Entrance.jpg
Cathédrale_Notre-Dame_de_Strasbourg,25880,0,commons/Right_portal_of_the_western_facade_of_Notre-Dame_de_Strasbourg/0/pictures/Cathédrale_Notre-Dame_de_Strasbourg_@_Strasbourg_(45568489022).jpg
Cathédrale_Notre-Dame_de_Strasbourg,25880,0,commons/West_facade_of_Notre-Dame_de_Strasbourg/0/pictures/Cathédrale_Notre-Dame_de_Strasbourg_février_2015.jpg
Cathédrale_Notre-Dame_de_Strasbourg,25880,0,commons/Right_portal_of_the_western_facade_of_Notre-Dame_de_Strasbourg/0/pictures/Cathédrale_Notre-Dame_de_Strasbourg_@_Strasbourg_(44655567365).jpg
Cathédrale_Notre-Dame_de_Strasbourg,25880,0,commons/West_facade_of_Notre-Dame_de_Strasbourg_seen_from_rue_Mercière/0/pictures/Strasbourg_cathedral.jpg
Cathédrale_Notre-Dame_de_Strasbourg,25880,0,commons/Details_of_the_west_facade_of_Notre-Dame_de_Strasbourg/0/pictures/Strasbourg_76.jpg
Cathédrale_Notre-Dame_de_Strasbourg,25880,0,commons/Right_portal_of_the_western_facade_of_Notre-Dame_de_Strasbourg/0/pictures/Cathédrale_Notre-Dame_de_Strasbourg_@_Strasbourg_(31746765898).jpg
Cathédrale_Notre-Dame_de_Strasbourg,25880,0,commons/West_facade_of_Notre-Dame_de_Strasbourg/0/pictures/Cathédrale_Notre-Dame_de_Strasbourg_by_Night.jpg
Cathédrale_Notre-Dame_de_Strasbourg,25880,0,commons/Right_portal_of_the_western_facade_of_Notre-Dame_de_Strasbourg/0/pictures/2010_06_24_canaltrip_strasbourg_388z_(23036742522).jpg
Cathédrale_Notre-Dame_de_Strasbourg,25880,0,commons/Right_portal_of_the_western_facade_of_Notre-Dame_de_Strasbourg/0/pictures/2010_06_24_canaltrip_strasbourg_386z_(22631923208).jpg
Cathédrale_Notre-Dame_de_Strasbourg,25880,0,commons/Right_portal_of_the_western_facade_of_Notre-Dame_de_Strasbourg/0/pictures/2010_06_24_canaltrip_strasbourg_302_(23024266896).jpg
Cathédrale_Notre-Dame_de_Strasbourg,25880,0,commons/West_facade_of_Notre-Dame_de_Strasbourg_seen_from_rue_Mercière/0/pictures/Strasbourg_Christmas_.jpg
Cathédrale_Notre-Dame_de_Strasbourg,25880,0,commons/Details_of_the_west_facade_of_Notre-Dame_de_Strasbourg/0/pictures/Details_of_the_west_facade_of_Notre-Dame_de_Strasbourg-2.jpg
Cathédrale_Notre-Dame_de_Strasbourg,25880,0,commons/Details_of_the_west_facade_of_Notre-Dame_de_Strasbourg/0/pictures/Cathédrale_Notre-Dame_façade_principale_Strasbourg_20.jpg
Cathédrale_Notre-Dame_de_Strasbourg,25880,0,commons/West_facade_of_Notre-Dame_de_Strasbourg_seen_from_rue_Mercière/0/pictures/Strasbourg_Cathedral_(69490457).jpeg
Cathédrale_Notre-Dame_de_Strasbourg,25880,0,commons/Details_of_the_west_facade_of_Notre-Dame_de_Strasbourg/0/pictures/Cathédrale_Notre-Dame_de_Strasbourg_@_Strasbourg_(45580797081).jpg
Cathédrale_Notre-Dame_de_Strasbourg,25880,0,commons/West_facade_of_Notre-Dame_de_Strasbourg_seen_from_rue_Mercière/0/pictures/Strasbourg_62.jpg
Cathédrale_Notre-Dame_de_Strasbourg,25880,0,commons/Details_of_the_west_facade_of_Notre-Dame_de_Strasbourg/0/pictures/Cathédrale_Notre-Dame_de_Strasbourg_@_Strasbourg_(45568501262).jpg
Cathédrale_Notre-Dame_de_Strasbourg,25880,0,commons/West_facade_of_Notre-Dame_de_Strasbourg_seen_from_rue_Mercière/0/pictures/Strasbourg_Cathedral_(52297059207).jpg
Cathédrale_Notre-Dame_de_Strasbourg,25880,0,commons/Details_of_the_west_facade_of_Notre-Dame_de_Strasbourg/0/pictures/Cathédrale_Notre_Dame_Strasbourg_20200124_020.jpg
Cathédrale_Notre-Dame_de_Strasbourg,25880,0,commons/West_facade_of_Notre-Dame_de_Strasbourg_seen_from_rue_Mercière/0/pictures/Strasbourg_63.jpg
Cathédrale_Notre-Dame_de_Strasbourg,25880,0,commons/Details_of_the_west_facade_of_Notre-Dame_de_Strasbourg/0/pictures/2018-08-26_Strasbourg_(2)_(44282464512).jpg
Cathédrale_Notre-Dame_de_Strasbourg,25880,0,commons/West_facade_of_Notre-Dame_de_Strasbourg_seen_from_rue_Mercière/0/pictures/Strasbourg_49.jpg
Cathédrale_Notre-Dame_de_Strasbourg,25880,0,commons/Details_of_the_west_facade_of_Notre-Dame_de_Strasbourg/0/pictures/Cathédrale_Notre_Dame_Strasbourg_20200124_018.jpg
Cathédrale_Notre-Dame_de_Strasbourg,25880,0,"commons/Historical_photographs_of_Notre-Dame_de_Strasbourg/0/pictures/Gezicht_op_de_kathedraal_van_Straatsburg,_RP-F-00-9286.jpg"
Cathédrale_Notre-Dame_de_Strasbourg,25880,0,commons/Remote_views_of_Notre-Dame_de_Strasbourg/0/pictures/Strasbourg_-_Place_Gutenberg_-_ICE_Fisheye_View_East.jpg
Cathédrale_Notre-Dame_de_Strasbourg,25880,0,commons/Remote_views_of_Notre-Dame_de_Strasbourg/0/pictures/14-02-02-straszburg-RalfR-165.jpg
Cathédrale_Notre-Dame_de_Strasbourg,25880,0,commons/Views_from_Notre-Dame_de_Strasbourg_in_2013/0/pictures/IMGP3993_(9238429700).jpg
Cathédrale_Notre-Dame_de_Strasbourg,25880,0,"commons/Historical_photographs_of_Notre-Dame_de_Strasbourg/0/pictures/Gezicht_op_de_kathedraal_de_Notre-Dame_te_Straatsburg_STRASBOURG._LA_CATHEDRALE._LA_FACADE._STRASSBURG_MUNSTER_FRONT_(titel_op_object),_RP-F-00-3986.jpg"
Cathédrale_Notre-Dame_de_Strasbourg,25880,0,commons/Central_portal_of_the_western_facade_of_Notre-Dame_de_Strasbourg/0/pictures/Страсбург.Портал_собора.jpg
Cathédrale_Notre-Dame_de_Strasbourg,25880,0,commons/Central_portal_of_the_western_facade_of_Notre-Dame_de_Strasbourg/0/pictures/Straßburg_im_Sommer_2013_(9982291134).jpg
Cathédrale_Notre-Dame_de_Strasbourg,25880,0,commons/Remote_views_of_Notre-Dame_de_Strasbourg/0/pictures/Spire_of_Notre-Dame_de_Strasbourg_seen_through_rue_Gutenberg.jpg
Cathédrale_Notre-Dame_de_Strasbourg,25880,0,commons/Remote_views_of_Notre-Dame_de_Strasbourg/0/pictures/Strasbourg_(Bas-Rhin)_-_Grande_Île_(centre_historique)_-_Pont_du_Corbeau_-_Musée_historique.jpg
Cathédrale_Notre-Dame_de_Strasbourg,25880,0,"commons/Historical_photographs_of_Notre-Dame_de_Strasbourg/0/pictures/Gezicht_op_Straatsburg_met_op_de_voorgrond_de_Place_Kléber,_RP-F-F01131-CP.jpg"
Cathédrale_Notre-Dame_de_Strasbourg,25880,0,"commons/Central_portal_of_the_western_facade_of_Notre-Dame_de_Strasbourg/0/pictures/Центральный_(западный)_фасад_Страсбургского_кафедрального_собора_(Straßburger_Münster_-_Liebfrauenmünster_zu_Straßburg,_Cathédrale_Notre-Dame_de_Strasbourg)_-_panoramio.jpg"
Cathédrale_Notre-Dame_de_Strasbourg,25880,0,commons/Remote_views_of_Notre-Dame_de_Strasbourg/0/pictures/Sapin_place_Kléber_(Strasbourg)_(2009)_(1).jpg
Cathédrale_Notre-Dame_de_Strasbourg,25880,0,commons/Central_portal_of_the_western_facade_of_Notre-Dame_de_Strasbourg/0/pictures/Straßburg_Münster_(1).jpg
Cathédrale_Notre-Dame_de_Strasbourg,25880,0,"commons/Remote_views_of_Notre-Dame_de_Strasbourg/0/pictures/Rue_d'Or,_Strasbourg,_France_-_panoramio.jpg"
Cathédrale_Notre-Dame_de_Strasbourg,25880,0,commons/Remote_views_of_Notre-Dame_de_Strasbourg/0/pictures/Ponts_couverts_et_cathédrale_(Strasbourg).jpg
Cathédrale_Notre-Dame_de_Strasbourg,25880,0,commons/Central_portal_of_the_western_facade_of_Notre-Dame_de_Strasbourg/0/pictures/Strassburg-Muenster-152-Westfassade-Hauptportal-2017-gje.jpg
Cathédrale_Notre-Dame_de_Strasbourg,25880,0,"commons/Remote_views_of_Notre-Dame_de_Strasbourg/0/pictures/Ponts_Couverts,_Hans_von_Altheimturm_ou_Tour_Jean_de_Altheim,_Cathédrale_Notre-Dame_Strasbourg_20200124_002.jpg"
Cathédrale_Notre-Dame_de_Strasbourg,25880,0,commons/Remote_views_of_Notre-Dame_de_Strasbourg/0/pictures/Ponts_couverts_et_cathédrale_(Strasbourg)_(2).jpg
Cathédrale_Notre-Dame_de_Strasbourg,25880,0,commons/Views_from_Notre-Dame_de_Strasbourg_in_2018/0/pictures/Observatory_@_Cathédrale_Notre-Dame_de_Strasbourg_@_Strasbourg_(30639716717).jpg
Cathédrale_Notre-Dame_de_Strasbourg,25880,0,commons/Remote_views_of_Notre-Dame_de_Strasbourg/0/pictures/Ponts_couverts_et_cathédrale_(Strasbourg)_(3).jpg
Cathédrale_Notre-Dame_de_Strasbourg,25880,0,commons/Remote_views_of_Notre-Dame_de_Strasbourg/0/pictures/Place_du_Marche-aux-cochons-de-lait_(4531637507).jpg
Cathédrale_Notre-Dame_de_Strasbourg,25880,0,commons/Central_portal_of_the_western_facade_of_Notre-Dame_de_Strasbourg/0/pictures/Straßburg_04.jpg
Cathédrale_Notre-Dame_de_Strasbourg,25880,0,commons/Remote_views_of_Notre-Dame_de_Strasbourg/0/pictures/Ponts_couverts_et_cathédrale_(Strasbourg)_(grand_angle)_(1).jpg
Cathédrale_Notre-Dame_de_Strasbourg,25880,0,commons/Remote_views_of_Notre-Dame_de_Strasbourg/0/pictures/Ponts_couverts_(Strasbourg)_(1).jpg
Cathédrale_Notre-Dame_de_Strasbourg,25880,0,"commons/Remote_views_of_Notre-Dame_de_Strasbourg/0/pictures/Pont_Sainte-Madeleine,_Château_des_Rohan_et_la_Cathédrale,_Strasbourg.jpg"
Cathédrale_Notre-Dame_de_Strasbourg,25880,0,commons/Remote_views_of_Notre-Dame_de_Strasbourg/0/pictures/Ponts_Couverts_@_Roof_@_Barrage_Vauban_@_Strasbourg_(45468593292).jpg
Cathédrale_Notre-Dame_de_Strasbourg,25880,0,"commons/Remote_views_of_Notre-Dame_de_Strasbourg/0/pictures/Place_du_Marché_aux_Cochons_de_Lait,_Strasbourg_-_panoramio.jpg"
Cathédrale_Notre-Dame_de_Strasbourg,25880,0,commons/Remote_views_of_Notre-Dame_de_Strasbourg/0/pictures/Place_du_Corbeau_-_panoramio.jpg
Cathédrale_Notre-Dame_de_Strasbourg,25880,0,commons/Remote_views_of_Notre-Dame_de_Strasbourg/0/pictures/Notre-Dame_Cathedral_-_Strasbourg_-_France_(6_of_6)_(38557730351).jpg
Cathédrale_Notre-Dame_de_Strasbourg,25880,0,commons/Remote_views_of_Notre-Dame_de_Strasbourg/0/pictures/Palais_des_Rohan_depuis_le_Musée_des_Bx-Arts_(3).jpg
Cathédrale_Notre-Dame_de_Strasbourg,25880,0,commons/Central_portal_of_the_western_facade_of_Notre-Dame_de_Strasbourg/0/pictures/StrasbourgCathFacaW_17.JPG
Cathédrale_Notre-Dame_de_Strasbourg,25880,0,commons/Remote_views_of_Notre-Dame_de_Strasbourg/0/pictures/Palais_des_Rohan_depuis_le_Musée_des_Bx-Arts_(4).jpg
Cathédrale_Notre-Dame_de_Strasbourg,25880,0,commons/Central_portal_of_the_western_facade_of_Notre-Dame_de_Strasbourg/0/pictures/StrasbourgCathFacaW_02.jpg
Cathédrale_Notre-Dame_de_Strasbourg,25880,0,commons/Remote_views_of_Notre-Dame_de_Strasbourg/0/pictures/Palais_Rohan.jpg
Cathédrale_Notre-Dame_de_Strasbourg,25880,0,commons/Remote_views_of_Notre-Dame_de_Strasbourg/0/pictures/Panorama_ponts_couverts_et_cathédrale_(Strasbourg).jpg
Cathédrale_Notre-Dame_de_Strasbourg,25880,0,commons/Remote_views_of_Notre-Dame_de_Strasbourg/0/pictures/Palais_des_Rohan_depuis_le_Musée_des_Bx-Arts_(1).jpg
Cathédrale_Notre-Dame_de_Strasbourg,25880,0,commons/Remote_views_of_Notre-Dame_de_Strasbourg/0/pictures/Musée_historique_de_Strasbourg-Vue_sur_la_cathédrale.jpg
Cathédrale_Notre-Dame_de_Strasbourg,25880,0,commons/Remote_views_of_Notre-Dame_de_Strasbourg/0/pictures/Musée_historique_de_Strasbourg_with_Spire_of_Cathédrale_Notre-Dame.jpg
Cathédrale_Notre-Dame_de_Strasbourg,25880,0,commons/Remote_views_of_Notre-Dame_de_Strasbourg/0/pictures/La_cathédrale_depuis_la_place_du_Marché-aux-Cochons_(Strasbourg)_(1).jpg
Cathédrale_Notre-Dame_de_Strasbourg,25880,0,commons/West_facade_of_Notre-Dame_de_Strasbourg/0/pictures/Strasbourg_2009_IMG_3778.JPG
Cathédrale_Notre-Dame_de_Strasbourg,25880,0,commons/Central_portal_of_the_western_facade_of_Notre-Dame_de_Strasbourg/0/pictures/Strasbourg_Cathedral_-_Top_of_the_Gate_-_Detail_(7684410820).jpg
Cathédrale_Notre-Dame_de_Strasbourg,25880,0,commons/Remote_views_of_Notre-Dame_de_Strasbourg/0/pictures/La_cathédrale_depuis_la_place_du_Marché-aux-Cochons_(Strasbourg)_(3).jpg
Cathédrale_Notre-Dame_de_Strasbourg,25880,0,commons/West_facade_of_Notre-Dame_de_Strasbourg/0/pictures/Strasbourg_Cathedral_Exterior_Night.jpg
Cathédrale_Notre-Dame_de_Strasbourg,25880,0,commons/Central_portal_of_the_western_facade_of_Notre-Dame_de_Strasbourg/0/pictures/Strasbourg_Cathedral_-_Top_of_the_Gate_-_Detail_(7684411456).jpg
Cathédrale_Notre-Dame_de_Strasbourg,25880,0,commons/Remote_views_of_Notre-Dame_de_Strasbourg/0/pictures/La_cathédrale_depuis_la_place_du_Marché-aux-Cochons_(Strasbourg)_(2).jpg
Cathédrale_Notre-Dame_de_Strasbourg,25880,0,commons/West_facade_of_Notre-Dame_de_Strasbourg/0/pictures/Strasbourg_02_(5479876446).jpg
Cathédrale_Notre-Dame_de_Strasbourg,25880,0,commons/Central_portal_of_the_western_facade_of_Notre-Dame_de_Strasbourg/0/pictures/Strasbourg_Cathedral_-_Door_Arch_-_Detail_8_(7684367866).jpg
Cathédrale_Notre-Dame_de_Strasbourg,25880,0,commons/West_facade_of_Notre-Dame_de_Strasbourg/0/pictures/Strasbourg_Cathedral_2014-09-10.jpg
Cathédrale_Notre-Dame_de_Strasbourg,25880,0,commons/Central_portal_of_the_western_facade_of_Notre-Dame_de_Strasbourg/0/pictures/Strasbourg_Cathedral_-_Door_Arch_-_Detail_9_(7684367616).jpg
Cathédrale_Notre-Dame_de_Strasbourg,25880,0,commons/Remote_views_of_Notre-Dame_de_Strasbourg/0/pictures/Kuppelhofgass.jpg
Cathédrale_Notre-Dame_de_Strasbourg,25880,0,commons/West_facade_of_Notre-Dame_de_Strasbourg/0/pictures/Strasbourg_-_panoramio_(61).jpg
Cathédrale_Notre-Dame_de_Strasbourg,25880,0,commons/Central_portal_of_the_western_facade_of_Notre-Dame_de_Strasbourg/0/pictures/Strasbourg_Cathedral_-_Door_Arch_-_Detail_7_(7684368178).jpg
Cathédrale_Notre-Dame_de_Strasbourg,25880,0,commons/West_facade_of_Notre-Dame_de_Strasbourg/0/pictures/Strasbourg_Cathedral_(31283302087).jpg
Cathédrale_Notre-Dame_de_Strasbourg,25880,0,commons/Central_portal_of_the_western_facade_of_Notre-Dame_de_Strasbourg/0/pictures/Strasbourg_Cathedral_-_Door_Arch_-_Detail_6_(7684368532).jpg
Cathédrale_Notre-Dame_de_Strasbourg,25880,0,commons/West_facade_of_Notre-Dame_de_Strasbourg/0/pictures/Strasbourg_-_panoramio_(60).jpg
Cathédrale_Notre-Dame_de_Strasbourg,25880,0,commons/Central_portal_of_the_western_facade_of_Notre-Dame_de_Strasbourg/0/pictures/Strasbourg_Cathedral_-_Door_Arch_-_Detail_4_(7684369146).jpg
Cathédrale_Notre-Dame_de_Strasbourg,25880,0,commons/Remote_views_of_Notre-Dame_de_Strasbourg/0/pictures/FR-67-Strasbourg29.JPG
Cathédrale_Notre-Dame_de_Strasbourg,25880,0,commons/Remote_views_of_Notre-Dame_de_Strasbourg/0/pictures/Couleurs_matinales_contraires.jpg
Cathédrale_Notre-Dame_de_Strasbourg,25880,0,commons/Central_portal_of_the_western_facade_of_Notre-Dame_de_Strasbourg/0/pictures/Strasbourg_Cathedral_-_Door_(7684370524).jpg
Cathédrale_Notre-Dame_de_Strasbourg,25880,0,"commons/Remote_views_of_Notre-Dame_de_Strasbourg/0/pictures/Cathédrale_Notre-Dame_de_Strasbourg,_Strasbourg,_Alsace,_France_-_panoramio_(3).jpg"
Cathédrale_Notre-Dame_de_Strasbourg,25880,0,commons/West_facade_of_Notre-Dame_de_Strasbourg/0/pictures/Strasbourg_(8399156098).jpg
Cathédrale_Notre-Dame_de_Strasbourg,25880,0,commons/Central_portal_of_the_western_facade_of_Notre-Dame_de_Strasbourg/0/pictures/Strasbourg_-_Panoramic_Photocompilation_of_the_Cathedral's_Main_Entrance_I.jpg
Cathédrale_Notre-Dame_de_Strasbourg,25880,0,commons/Central_portal_of_the_western_facade_of_Notre-Dame_de_Strasbourg/0/pictures/Strasbourg_-_Panoramic_Photocompilation_of_the_Cathedral's_Main_Entrance_II.jpg
Cathédrale_Notre-Dame_de_Strasbourg,25880,0,commons/Remote_views_of_Notre-Dame_de_Strasbourg/0/pictures/Cathédrale_Notre-Dame_de_Strasbourg_-_panoramio_(3).jpg
Cathédrale_Notre-Dame_de_Strasbourg,25880,0,"commons/Remote_views_of_Notre-Dame_de_Strasbourg/0/pictures/Cathédrale_Notre-Dame_de_Strasbourg,_Strasbourg,_Alsace,_France_-_panoramio_(6).jpg"
Cathédrale_Notre-Dame_de_Strasbourg,25880,0,commons/West_facade_of_Notre-Dame_de_Strasbourg/0/pictures/Strasbourg_(8399159234).jpg
Cathédrale_Notre-Dame_de_Strasbourg,25880,0,commons/Central_portal_of_the_western_facade_of_Notre-Dame_de_Strasbourg/0/pictures/Strasbourg_-_cathédrale_04.JPG
Cathédrale_Notre-Dame_de_Strasbourg,25880,0,commons/Remote_views_of_Notre-Dame_de_Strasbourg/0/pictures/Cathédrale_Rohan2.jpg
Cathédrale_Notre-Dame_de_Strasbourg,25880,0,commons/Remote_views_of_Notre-Dame_de_Strasbourg/0/pictures/Cathédrale_Notre-Dame_de_Strasbourg_-_panoramio_(8).jpg
Cathédrale_Notre-Dame_de_Strasbourg,25880,0,commons/West_facade_of_Notre-Dame_de_Strasbourg/0/pictures/Strasbourg_(8398068513).jpg
Cathédrale_Notre-Dame_de_Strasbourg,25880,0,commons/Central_portal_of_the_western_facade_of_Notre-Dame_de_Strasbourg/0/pictures/Strasbourg_-_Notre-Dame_de_Strasbourg_(1015-1439)_-_Central_Portal_-_Depiction_of_Redemption_09.jpg
Cathédrale_Notre-Dame_de_Strasbourg,25880,0,commons/Platform_of_Notre-Dame_de_Strasbourg/0/pictures/Vue_supérieure_de_la_plate-forme_(Cathédrale_de_Strasbourg).jpg
Cathédrale_Notre-Dame_de_Strasbourg,25880,0,commons/West_facade_of_Notre-Dame_de_Strasbourg/0/pictures/Strasbourg_(8399149964).jpg
Cathédrale_Notre-Dame_de_Strasbourg,25880,0,commons/Central_portal_of_the_western_facade_of_Notre-Dame_de_Strasbourg/0/pictures/Strasbourg_-_Notre-Dame_de_Strasbourg_(1015-1439)_-_Central_Portal_-_Depiction_of_Redemption_07.jpg
Cathédrale_Notre-Dame_de_Strasbourg,25880,0,commons/Remote_views_of_Notre-Dame_de_Strasbourg/0/pictures/Cathédrale_Notre-Dame_de_Strasbourg_-_panoramio_(9).jpg
Cathédrale_Notre-Dame_de_Strasbourg,25880,0,commons/Gothic_statues_of_Notre-Dame_de_Strasbourg/0/pictures/Князь_тьмы_и_девы.jpg
Cathédrale_Notre-Dame_de_Strasbourg,25880,0,commons/West_facade_of_Notre-Dame_de_Strasbourg/0/pictures/Strasbourg_(8399153948).jpg
Cathédrale_Notre-Dame_de_Strasbourg,25880,0,commons/Central_portal_of_the_western_facade_of_Notre-Dame_de_Strasbourg/0/pictures/Strasbourg_-_Cathedral's_Main_Entrance_V.jpg
Cathédrale_Notre-Dame_de_Strasbourg,25880,0,commons/Remote_views_of_Notre-Dame_de_Strasbourg/0/pictures/Cathédrale_Notre-Dame_de_Strasbourg_-_panoramio_(10).jpg
Cathédrale_Notre-Dame_de_Strasbourg,25880,0,commons/West_facade_of_Notre-Dame_de_Strasbourg/0/pictures/Strasbourg_(8398063011).jpg
Cathédrale_Notre-Dame_de_Strasbourg,25880,0,commons/Central_portal_of_the_western_facade_of_Notre-Dame_de_Strasbourg/0/pictures/Strasbourg_-_Notre-Dame_de_Strasbourg_(1015-1439)_-_Central_Portal_-_Depiction_of_Redemption_01_-_Fisheye_panorama.jpg
Cathédrale_Notre-Dame_de_Strasbourg,25880,0,commons/Remote_views_of_Notre-Dame_de_Strasbourg/0/pictures/Cathédrale_Notre-Dame_de_Strasbourg_-_panoramio_(4).jpg
Cathédrale_Notre-Dame_de_Strasbourg,25880,0,commons/Remote_views_of_Notre-Dame_de_Strasbourg/0/pictures/Cathédrale_Notre-Dame_de_Strasbourg_-_Cathedral_of_Our_Lady_of_Strasbourg_-_كاتدرائية_ستراسبورغ_-_Liebfrauenmünster_zu_Straßburg_photo7.jpg
Cathédrale_Notre-Dame_de_Strasbourg,25880,0,commons/West_facade_of_Notre-Dame_de_Strasbourg/0/pictures/Strasbourg_(8398062145).jpg
Cathédrale_Notre-Dame_de_Strasbourg,25880,0,commons/Central_portal_of_the_western_facade_of_Notre-Dame_de_Strasbourg/0/pictures/Strasbourg_-_Notre-Dame_de_Strasbourg_(1015-1439)_-_Central_Portal_-_Depiction_of_Redemption_04.jpg
Cathédrale_Notre-Dame_de_Strasbourg,25880,0,commons/Remote_views_of_Notre-Dame_de_Strasbourg/0/pictures/Cathédrale_Notre-Dame_Strasbourg_20200124_002.jpg
Cathédrale_Notre-Dame_de_Strasbourg,25880,0,commons/West_facade_of_Notre-Dame_de_Strasbourg/0/pictures/Strasbourg_(8398057929).jpg
Cathédrale_Notre-Dame_de_Strasbourg,25880,0,commons/Central_portal_of_the_western_facade_of_Notre-Dame_de_Strasbourg/0/pictures/Strasbourg_-_Notre-Dame_de_Strasbourg_(1015-1439)_-_Central_Portal_-_Depiction_of_Redemption_03.jpg
Cathédrale_Notre-Dame_de_Strasbourg,25880,0,commons/Remote_views_of_Notre-Dame_de_Strasbourg/0/pictures/Cathédrale_Notre-Dame_de_Strasbourg_-_Cathedral_of_Our_Lady_of_Strasbourg_-_كاتدرائية_ستراسبورغ_-_Liebfrauenmünster_zu_Straßburg_photo6.jpg
Cathédrale_Notre-Dame_de_Strasbourg,25880,0,commons/West_facade_of_Notre-Dame_de_Strasbourg/0/pictures/Side_of_Strasbourg_cathedral.jpg
Cathédrale_Notre-Dame_de_Strasbourg,25880,0,commons/Central_portal_of_the_western_facade_of_Notre-Dame_de_Strasbourg/0/pictures/Strasbourg_-_Notre-Dame_de_Strasbourg_(1015-1439)_-_Central_Portal_-_Depiction_of_Redemption_02.jpg
Cathédrale_Notre-Dame_de_Strasbourg,25880,0,commons/Remote_views_of_Notre-Dame_de_Strasbourg/0/pictures/Cathédrale_Notre-Dame_de_Strasbourg_-_Cathedral_of_Our_Lady_of_Strasbourg_-_كاتدرائية_ستراسبورغ_-_Liebfrauenmünster_zu_Straßburg_photo20.jpg
Cathédrale_Notre-Dame_de_Strasbourg,25880,0,commons/Remote_views_of_Notre-Dame_de_Strasbourg/0/pictures/Cathédrale_Notre-Dame_de_Strasbourg_-_Cathedral_of_Our_Lady_of_Strasbourg_-_كاتدرائية_ستراسبورغ_-_Liebfrauenmünster_zu_Straßburg_photo21.jpg
Cathédrale_Notre-Dame_de_Strasbourg,25880,0,commons/West_facade_of_Notre-Dame_de_Strasbourg/0/pictures/Smilygrl_-_52431261920.jpg
Cathédrale_Notre-Dame_de_Strasbourg,25880,0,commons/Central_portal_of_the_western_facade_of_Notre-Dame_de_Strasbourg/0/pictures/Strasbourg_-_Cathedral's_Main_Entrance_VI.jpg
Cathédrale_Notre-Dame_de_Strasbourg,25880,0,commons/Remote_views_of_Notre-Dame_de_Strasbourg/0/pictures/Cathédrale_Notre-Dame_de_Strasbourg_-_Cathedral_of_Our_Lady_of_Strasbourg_-_كاتدرائية_ستراسبورغ_-_Liebfrauenmünster_zu_Straßburg_photo19.jpg
Cathédrale_Notre-Dame_de_Strasbourg,25880,0,commons/Platform_of_Notre-Dame_de_Strasbourg/0/pictures/Pigeon_@_Observatory_@_Cathédrale_Notre-Dame_de_Strasbourg_@_Strasbourg_(45580844391).jpg
Cathédrale_Notre-Dame_de_Strasbourg,25880,0,commons/Remote_views_of_Notre-Dame_de_Strasbourg/0/pictures/Cathedrale-de-Strasbourg-IMG_4273.jpg
Cathédrale_Notre-Dame_de_Strasbourg,25880,0,commons/Views_from_Notre-Dame_de_Strasbourg_in_2014/0/pictures/Palais_des_Rohan_(Strasbourg).jpg
Cathédrale_Notre-Dame_de_Strasbourg,25880,0,commons/West_facade_of_Notre-Dame_de_Strasbourg/0/pictures/Strasbourg_(8398061035).jpg
Cathédrale_Notre-Dame_de_Strasbourg,25880,0,commons/Central_portal_of_the_western_facade_of_Notre-Dame_de_Strasbourg/0/pictures/Strasbourg_-_Cathedral's_Main_Entrance_IV.jpg
Cathédrale_Notre-Dame_de_Strasbourg,25880,0,commons/Remote_views_of_Notre-Dame_de_Strasbourg/0/pictures/Cathédrale_Notre_Dame_Strasbourg_20200124_004.jpg
Cathédrale_Notre-Dame_de_Strasbourg,25880,0,commons/Views_from_Notre-Dame_de_Strasbourg_in_2014/0/pictures/Palais_des_Rohan_de_Strasbourg_depuis_la_cathédrale.JPG
Cathédrale_Notre-Dame_de_Strasbourg,25880,0,commons/West_facade_of_Notre-Dame_de_Strasbourg/0/pictures/Stras8023088.jpg
Cathédrale_Notre-Dame_de_Strasbourg,25880,0,commons/Central_portal_of_the_western_facade_of_Notre-Dame_de_Strasbourg/0/pictures/Strasbourg_-_Cathedral's_Main_Entrance_II.jpg
Cathédrale_Notre-Dame_de_Strasbourg,25880,0,commons/Remote_views_of_Notre-Dame_de_Strasbourg/0/pictures/Cathédrale_Notre_Dame_Strasbourg_20200124_003.jpg
Cathédrale_Notre-Dame_de_Strasbourg,25880,0,commons/West_facade_of_Notre-Dame_de_Strasbourg/0/pictures/Notre-Dame_de_Strasbourg.jpg
Cathédrale_Notre-Dame_de_Strasbourg,25880,0,commons/Central_portal_of_the_western_facade_of_Notre-Dame_de_Strasbourg/0/pictures/Strasbourg_(Bas-Rhin)_-_Cathédrale_Notre-Dame_-_Portail_principal_-_Statue_de_la_Vierge_à_l'enfant.jpg
Cathédrale_Notre-Dame_de_Strasbourg,25880,0,commons/Remote_views_of_Notre-Dame_de_Strasbourg/0/pictures/Cathédrale_Notre-Dame_Strasbourg_20200124_004.jpg
Cathédrale_Notre-Dame_de_Strasbourg,25880,0,commons/West_facade_of_Notre-Dame_de_Strasbourg/0/pictures/Notre-Dame_de_Strasbourg_West_façade.jpg
Cathédrale_Notre-Dame_de_Strasbourg,25880,0,commons/Central_portal_of_the_western_facade_of_Notre-Dame_de_Strasbourg/0/pictures/Strasbourg_(Bas-Rhin)_-_Cathédrale_Notre-Dame_-_Portail_principal.jpg
Cathédrale_Notre-Dame_de_Strasbourg,25880,0,commons/Remote_views_of_Notre-Dame_de_Strasbourg/0/pictures/Cathédrale_Notre-Dame_Strasbourg_20200124_003.jpg
Cathédrale_Notre-Dame_de_Strasbourg,25880,0,commons/Remote_views_of_Notre-Dame_de_Strasbourg/0/pictures/Cathédrale_Notre_Dame_Strasbourg_20200124_001.jpg
Cathédrale_Notre-Dame_de_Strasbourg,25880,0,commons/Views_from_Notre-Dame_de_Strasbourg_in_2014/0/pictures/Place_du_Château_depuis_la_cathédrale_de_Strasbourg.jpg
Cathédrale_Notre-Dame_de_Strasbourg,25880,0,commons/Gothic_statues_of_Notre-Dame_de_Strasbourg/0/pictures/Tentateur_et_vierge_folles.jpg
Cathédrale_Notre-Dame_de_Strasbourg,25880,0,commons/Central_portal_of_the_western_facade_of_Notre-Dame_de_Strasbourg/0/pictures/Strasbourg_(Bas-Rhin)_-_Cathédrale_Notre-Dame_-_Portail_principal_-_Tympan_(détail)_-_52200145520.jpg
Cathédrale_Notre-Dame_de_Strasbourg,25880,0,commons/Remote_views_of_Notre-Dame_de_Strasbourg/0/pictures/Cathédrale_Notre-Dame_Strasbourg_20200124_001.jpg
Cathédrale_Notre-Dame_de_Strasbourg,25880,0,commons/Views_from_Notre-Dame_de_Strasbourg_in_2013/0/pictures/Strasbourg14Mai2013(4).jpg
Cathédrale_Notre-Dame_de_Strasbourg,25880,0,commons/Central_portal_of_the_western_facade_of_Notre-Dame_de_Strasbourg/0/pictures/Statue_of_Madonna_and_Child-Central_portal_of_the_western_facade_of_Notre-Dame_de_Strasbourg.jpg
Cathédrale_Notre-Dame_de_Strasbourg,25880,0,commons/Remote_views_of_Notre-Dame_de_Strasbourg/0/pictures/Cathédrale_Notre_Dame_Strasbourg_20200124_005.jpg
Cathédrale_Notre-Dame_de_Strasbourg,25880,0,commons/Views_from_Notre-Dame_de_Strasbourg_in_2013/0/pictures/Strasbourg15Mai2013Pano_(1).jpg
Cathédrale_Notre-Dame_de_Strasbourg,25880,0,commons/Platform_of_Notre-Dame_de_Strasbourg/0/pictures/Aussichtsplattform_&_Wächterhaus_auf_dem_Straßburger_Münster_(2014).jpg
Cathédrale_Notre-Dame_de_Strasbourg,25880,0,commons/West_facade_of_Notre-Dame_de_Strasbourg/0/pictures/Notre-Dame_Cathedral_-_Strasbourg_-_France_(3_of_6)_(38557726371).jpg
Cathédrale_Notre-Dame_de_Strasbourg,25880,0,commons/Central_portal_of_the_western_facade_of_Notre-Dame_de_Strasbourg/0/pictures/PortalCathedralStrasbourg.JPG
Cathédrale_Notre-Dame_de_Strasbourg,25880,0,commons/Remote_views_of_Notre-Dame_de_Strasbourg/0/pictures/A_View_from_a_Bridge_(31183382383).jpg
Cathédrale_Notre-Dame_de_Strasbourg,25880,0,commons/Views_from_Notre-Dame_de_Strasbourg_in_2013/0/pictures/Strasbourg14Mai2013(3).jpg
Cathédrale_Notre-Dame_de_Strasbourg,25880,0,commons/Central_portal_of_the_western_facade_of_Notre-Dame_de_Strasbourg/0/pictures/Portail_central_ND_de_Strasbourg.jpg
Cathédrale_Notre-Dame_de_Strasbourg,25880,0,commons/Gothic_statues_of_Notre-Dame_de_Strasbourg/0/pictures/StrasbourgCathFacaW_57.JPG
Cathédrale_Notre-Dame_de_Strasbourg,25880,0,commons/West_facade_of_Notre-Dame_de_Strasbourg/0/pictures/STRASBOURG_Maison_Kammerzell_+_cathédrale_-_©_C._FLEITH.jpg
Cathédrale_Notre-Dame_de_Strasbourg,25880,0,commons/Central_portal_of_the_western_facade_of_Notre-Dame_de_Strasbourg/0/pictures/Statues_de_l'ébrasement_droit_du_portail_principal_de_la_Cathédrale_de_Strasbourg.jpg
Cathédrale_Notre-Dame_de_Strasbourg,25880,0,commons/Central_portal_of_the_western_facade_of_Notre-Dame_de_Strasbourg/0/pictures/Notre-Dame_de_Strasbourg_main_entrance_5741.jpg
Cathédrale_Notre-Dame_de_Strasbourg,25880,0,commons/Remote_views_of_Notre-Dame_de_Strasbourg/0/pictures/Belvédère_du_barrage_Vauban_(32096240321).jpg
Cathédrale_Notre-Dame_de_Strasbourg,25880,0,commons/Gothic_statues_of_Notre-Dame_de_Strasbourg/0/pictures/StrasbourgCathFacaW_44.JPG
Cathédrale_Notre-Dame_de_Strasbourg,25880,0,commons/West_facade_of_Notre-Dame_de_Strasbourg/0/pictures/Notre_dame_de_strasbourg_2.jpg
Cathédrale_Notre-Dame_de_Strasbourg,25880,0,commons/Central_portal_of_the_western_facade_of_Notre-Dame_de_Strasbourg/0/pictures/Statue_de_la_Vierge_et_l'Enfant_Cathédrale_de_Strasbourg.jpg
Cathédrale_Notre-Dame_de_Strasbourg,25880,0,commons/Remote_views_of_Notre-Dame_de_Strasbourg/0/pictures/14-02-07-straszburg-RalfR-04.jpg
Cathédrale_Notre-Dame_de_Strasbourg,25880,0,commons/Views_from_Notre-Dame_de_Strasbourg_in_2013/0/pictures/IMGP3992_(9238436330).jpg
Cathédrale_Notre-Dame_de_Strasbourg,25880,0,commons/Gothic_statues_of_Notre-Dame_de_Strasbourg/0/pictures/StrasbourgCathFacaW_28.JPG
Cathédrale_Notre-Dame_de_Strasbourg,25880,0,commons/Gothic_statues_of_Notre-Dame_de_Strasbourg/0/pictures/StrasbourgCathFacaW_08.jpg
Cathédrale_Notre-Dame_de_Strasbourg,25880,0,commons/West_facade_of_Notre-Dame_de_Strasbourg/0/pictures/Maison_Kammerzel_by_Deniz.jpg
Cathédrale_Notre-Dame_de_Strasbourg,25880,0,commons/Central_portal_of_the_western_facade_of_Notre-Dame_de_Strasbourg/0/pictures/Notre-Dame_de_Strasbourg_tympan_central_vie_du_Christ.jpg
Cathédrale_Notre-Dame_de_Strasbourg,25880,0,commons/Remote_views_of_Notre-Dame_de_Strasbourg/0/pictures/20160630_Straatsburg_025b.jpg
Cathédrale_Notre-Dame_de_Strasbourg,25880,0,commons/Views_from_Notre-Dame_de_Strasbourg_in_2013/0/pictures/IMGP4005_(9238364618).jpg
Cathédrale_Notre-Dame_de_Strasbourg,25880,0,commons/Gothic_statues_of_Notre-Dame_de_Strasbourg/0/pictures/StrasbourgCathFacaW_18.JPG
Cathédrale_Notre-Dame_de_Strasbourg,25880,0,commons/West_facade_of_Notre-Dame_de_Strasbourg/0/pictures/May_France_Cite_Strasbourg_Ville_d'Alsace_-_Alsace_magic_Elsaß_Photography_2014_La_Terreur_-_Gouvernement_clerical_Die_Macht_Roms_in_Frankreich_-_panoramio_(3).jpg
Cathédrale_Notre-Dame_de_Strasbourg,25880,0,commons/Central_portal_of_the_western_facade_of_Notre-Dame_de_Strasbourg/0/pictures/PMa_000255_F_Strasbourg.jpg
Cathédrale_Notre-Dame_de_Strasbourg,25880,0,commons/Remote_views_of_Notre-Dame_de_Strasbourg/0/pictures/2014_in_Strasbourg_-_g.jpg
Cathédrale_Notre-Dame_de_Strasbourg,25880,0,commons/Views_from_Notre-Dame_de_Strasbourg_in_2013/0/pictures/IMGP3999_(9235611091).jpg
Cathédrale_Notre-Dame_de_Strasbourg,25880,0,commons/Views_from_Notre-Dame_de_Strasbourg_in_2013/0/pictures/IMGP3994_(9235642835).jpg
Cathédrale_Notre-Dame_de_Strasbourg,25880,0,commons/Gothic_statues_of_Notre-Dame_de_Strasbourg/0/pictures/StrasbourgCath_FacTranseptSud_17.JPG
Cathédrale_Notre-Dame_de_Strasbourg,25880,0,commons/Views_from_Notre-Dame_de_Strasbourg_in_2012/0/pictures/Palais_Rohan_-_panoramio_(1).jpg
Cathédrale_Notre-Dame_de_Strasbourg,25880,0,commons/Central_portal_of_the_western_facade_of_Notre-Dame_de_Strasbourg/0/pictures/PM_150025_F_Strasbourg.jpg
Cathédrale_Notre-Dame_de_Strasbourg,25880,0,"commons/Views_from_Notre-Dame_de_Strasbourg_in_2012/0/pictures/Strasbourg,_Hôtel_du_préfet,_préfecture,_BNU,_TNS.jpg"
Cathédrale_Notre-Dame_de_Strasbourg,25880,0,commons/Central_portal_of_the_western_facade_of_Notre-Dame_de_Strasbourg/0/pictures/PM_150023_F_Strasbourg.jpg
Cathédrale_Notre-Dame_de_Strasbourg,25880,0,"commons/West_facade_of_Notre-Dame_de_Strasbourg/0/pictures/La_Cathedrale,_Strasbourg_-_panoramio_-_Colin_W.jpg"
Cathédrale_Notre-Dame_de_Strasbourg,25880,0,commons/Central_portal_of_the_western_facade_of_Notre-Dame_de_Strasbourg/0/pictures/PM_150021_F_Strasbourg.jpg
Cathédrale_Notre-Dame_de_Strasbourg,25880,0,"commons/Views_from_Notre-Dame_de_Strasbourg_in_2012/0/pictures/Strasbourg_from_above,_April_2012_(2).jpg"
Cathédrale_Notre-Dame_de_Strasbourg,25880,0,"commons/West_facade_of_Notre-Dame_de_Strasbourg/0/pictures/La_cathédrale_de_Strasbourg,_1874._Vue_du_massif_occidental.jpg"
Cathédrale_Notre-Dame_de_Strasbourg,25880,0,commons/Central_portal_of_the_western_facade_of_Notre-Dame_de_Strasbourg/0/pictures/PM_150018_F_Strasbourg.jpg
Cathédrale_Notre-Dame_de_Strasbourg,25880,0,commons/Central_portal_of_the_western_facade_of_Notre-Dame_de_Strasbourg/0/pictures/PM_150015_F_Strasbourg.jpg
Cathédrale_Notre-Dame_de_Strasbourg,25880,0,"commons/Views_from_Notre-Dame_de_Strasbourg_in_2011/0/pictures/Strasburg,_France,_2011.jpg"
Cathédrale_Notre-Dame_de_Strasbourg,25880,0,commons/Gothic_statues_of_Notre-Dame_de_Strasbourg/0/pictures/Strasbourg_Cathédrale1.JPG
Cathédrale_Notre-Dame_de_Strasbourg,25880,0,commons/West_facade_of_Notre-Dame_de_Strasbourg/0/pictures/Facade_Cathedrale_Strasbourg.jpg
Cathédrale_Notre-Dame_de_Strasbourg,25880,0,commons/Central_portal_of_the_western_facade_of_Notre-Dame_de_Strasbourg/0/pictures/Notre-Dame_de_Strasbourg_double_portail_central_vierge_et_prophètes_2.jpg
Cathédrale_Notre-Dame_de_Strasbourg,25880,0,commons/North_transept_of_Notre-Dame_de_Strasbourg/0/pictures/Straßburg_Cathédrale_Notre-Dame_Querschiff.JPG
Cathédrale_Notre-Dame_de_Strasbourg,25880,0,commons/Gothic_statues_of_Notre-Dame_de_Strasbourg/0/pictures/Strasbourg_Münster_Eingang.JPG
Cathédrale_Notre-Dame_de_Strasbourg,25880,0,commons/West_facade_of_Notre-Dame_de_Strasbourg/0/pictures/Façade_de_Notre-Dame_de_Strasbourg.jpg
Cathédrale_Notre-Dame_de_Strasbourg,25880,0,commons/Central_portal_of_the_western_facade_of_Notre-Dame_de_Strasbourg/0/pictures/PM_150010_F_Strasbourg.jpg
Cathédrale_Notre-Dame_de_Strasbourg,25880,0,"commons/Views_from_Notre-Dame_de_Strasbourg_in_2011/0/pictures/Strasbourg_seen_from_above,_February_2011_-_2.jpg"
Cathédrale_Notre-Dame_de_Strasbourg,25880,0,"commons/North_transept_of_Notre-Dame_de_Strasbourg/0/pictures/Strasbourg_Cathedral,_north_transept,_detail.jpg"
Cathédrale_Notre-Dame_de_Strasbourg,25880,0,"commons/West_facade_of_Notre-Dame_de_Strasbourg/0/pictures/France,_Strasbourg,_cathedrale.jpg"
Cathédrale_Notre-Dame_de_Strasbourg,25880,0,commons/Central_portal_of_the_western_facade_of_Notre-Dame_de_Strasbourg/0/pictures/Nef_de_la_cathédrale_de_Strasbourg_vue_par_le_portail_central_ouvert_06.jpg
Cathédrale_Notre-Dame_de_Strasbourg,25880,0,commons/North_transept_of_Notre-Dame_de_Strasbourg/0/pictures/Strasbourg_cathedrale_20_(5890971793).jpg
Cathédrale_Notre-Dame_de_Strasbourg,25880,0,commons/West_facade_of_Notre-Dame_de_Strasbourg/0/pictures/Chatedrale_Notre_Dame_de_Strasbourg.JPG
Cathédrale_Notre-Dame_de_Strasbourg,25880,0,commons/Central_portal_of_the_western_facade_of_Notre-Dame_de_Strasbourg/0/pictures/Nef_de_la_cathédrale_de_Strasbourg_vue_par_le_portail_central_ouvert_05.jpg
Cathédrale_Notre-Dame_de_Strasbourg,25880,0,"commons/West_facade_of_Notre-Dame_de_Strasbourg/0/pictures/France_-_Alsace,_Strasbourg_-_panoramio_(19).jpg"
Cathédrale_Notre-Dame_de_Strasbourg,25880,0,commons/Central_portal_of_the_western_facade_of_Notre-Dame_de_Strasbourg/0/pictures/Muenster-Strasbourg-DSCN0317-a.jpg
Cathédrale_Notre-Dame_de_Strasbourg,25880,0,commons/West_facade_of_Notre-Dame_de_Strasbourg/0/pictures/FR-67-Strasbourg16.JPG
Cathédrale_Notre-Dame_de_Strasbourg,25880,0,commons/Central_portal_of_the_western_facade_of_Notre-Dame_de_Strasbourg/0/pictures/Notre-Dame_de_Strasbourg_double_portail_central_vierge_et_prophètes_1.jpg
Cathédrale_Notre-Dame_de_Strasbourg,25880,0,commons/Views_from_Notre-Dame_de_Strasbourg_in_2011/0/pictures/Strasbourg_PanoNE2.JPG
Cathédrale_Notre-Dame_de_Strasbourg,25880,0,"commons/Gothic_statues_of_Notre-Dame_de_Strasbourg/0/pictures/Notre-Dame,_Strasbourg,_south_portal.JPG"
Cathédrale_Notre-Dame_de_Strasbourg,25880,0,commons/West_facade_of_Notre-Dame_de_Strasbourg/0/pictures/Exterior_strasbourg_cathedral.jpg
Cathédrale_Notre-Dame_de_Strasbourg,25880,0,"commons/Central_portal_of_the_western_facade_of_Notre-Dame_de_Strasbourg/0/pictures/Main_portal,_west_façade_of_Strasbourg_Cathedral.jpg"
Cathédrale_Notre-Dame_de_Strasbourg,25880,0,commons/Views_from_Notre-Dame_de_Strasbourg_in_2011/0/pictures/Strasbourg_PalaisRohan32.JPG
Cathédrale_Notre-Dame_de_Strasbourg,25880,0,commons/North_transept_of_Notre-Dame_de_Strasbourg/0/pictures/North_transept_of_Notre-Dame_de_Strasbourg-.jpg
Cathédrale_Notre-Dame_de_Strasbourg,25880,0,commons/Views_from_Notre-Dame_de_Strasbourg_in_2011/0/pictures/Strasbourg_PanoNE1.JPG
Cathédrale_Notre-Dame_de_Strasbourg,25880,0,commons/North_transept_of_Notre-Dame_de_Strasbourg/0/pictures/Strasbourg_Cathedrale_Portail_Saint_Laurent.jpg
Cathédrale_Notre-Dame_de_Strasbourg,25880,0,commons/Cathédrale_Notre-Dame_de_Strasbourg_from_the_southwest/0/pictures/Cathedrale_dans_le_ciel_Notre-Dame_de_Strasbourg.jpg
Cathédrale_Notre-Dame_de_Strasbourg,25880,0,commons/West_facade_of_Notre-Dame_de_Strasbourg/0/pictures/Cathédrale_vue_depuis_la_Maison_Kammerzell.jpg
Cathédrale_Notre-Dame_de_Strasbourg,25880,0,"commons/Central_portal_of_the_western_facade_of_Notre-Dame_de_Strasbourg/0/pictures/La_Cathedrale,_Strasbourg_-_panoramio.jpg"
Cathédrale_Notre-Dame_de_Strasbourg,25880,0,commons/Views_from_Notre-Dame_de_Strasbourg_in_2011/0/pictures/Strasbourg_-_Palais_Rohan_(vue_depuis_la_cathédrale_Notre_Dame).jpg
Cathédrale_Notre-Dame_de_Strasbourg,25880,0,commons/Views_from_Notre-Dame_de_Strasbourg_in_2011/0/pictures/In_the_shadow_of_the_tower_(6254650255).jpg
Cathédrale_Notre-Dame_de_Strasbourg,25880,0,commons/North_transept_of_Notre-Dame_de_Strasbourg/0/pictures/Strasbourg_2009_IMG_3936.jpg
Cathédrale_Notre-Dame_de_Strasbourg,25880,0,commons/Cathédrale_Notre-Dame_de_Strasbourg_from_the_southwest/0/pictures/Cathédrale_Notre-Dame_de_Strasbourg_@_Strasbourg_(43763424110).jpg
Cathédrale_Notre-Dame_de_Strasbourg,25880,0,commons/West_facade_of_Notre-Dame_de_Strasbourg/0/pictures/Cathédrale_de_Strasbourg_super-déformée.jpg
Cathédrale_Notre-Dame_de_Strasbourg,25880,0,commons/Central_portal_of_the_western_facade_of_Notre-Dame_de_Strasbourg/0/pictures/Exterior_of_Notre-Dame_de_Strasbourg_03.JPG
Cathédrale_Notre-Dame_de_Strasbourg,25880,0,commons/Views_from_Notre-Dame_de_Strasbourg_in_2011/0/pictures/Building_of_Musée_de_l'Oeuvre_Notre-Dame_seen_from_the_Cathedral.jpg
Cathédrale_Notre-Dame_de_Strasbourg,25880,0,commons/North_transept_of_Notre-Dame_de_Strasbourg/0/pictures/Cathedrale-de-Strasbourg-IMG_1360.jpg
Cathédrale_Notre-Dame_de_Strasbourg,25880,0,commons/Cathédrale_Notre-Dame_de_Strasbourg_from_the_southwest/0/pictures/Cathédrale_Notre-Dame_de_Strasbourg_@_Strasbourg_(31747370188).jpg
Cathédrale_Notre-Dame_de_Strasbourg,25880,0,commons/Views_from_Notre-Dame_de_Strasbourg_in_2011/0/pictures/2018-08-24_Strasbourg_(20)_(29394476137).jpg
Cathédrale_Notre-Dame_de_Strasbourg,25880,0,commons/North_side_of_Notre-Dame_de_Strasbourg/0/pictures/Straßburg_im_Sommer_2013_(9982231464).jpg
Cathédrale_Notre-Dame_de_Strasbourg,25880,0,"commons/Cathédrale_Notre-Dame_de_Strasbourg_from_the_southwest/0/pictures/Cathedrale_Notre_Dame,_Strasbourg._Страсбург,_Франция_-_panoramio.jpg"
Cathédrale_Notre-Dame_de_Strasbourg,25880,0,commons/Views_from_Notre-Dame_de_Strasbourg_in_2011/0/pictures/2011.09.17.160253_View_roofs_cathedral_Strasbourg.jpg
Cathédrale_Notre-Dame_de_Strasbourg,25880,0,commons/North_transept_of_Notre-Dame_de_Strasbourg/0/pictures/FR-67-Strasbourg12.JPG
Cathédrale_Notre-Dame_de_Strasbourg,25880,0,commons/Cathédrale_Notre-Dame_de_Strasbourg_from_the_southwest/0/pictures/14-02-07-Cathédrale_Notre-Dame_de_Strasbourg-RalfR-02.jpg
Cathédrale_Notre-Dame_de_Strasbourg,25880,0,commons/Gothic_statues_of_Notre-Dame_de_Strasbourg/0/pictures/France_Strasbourg_Cathedral_Wise_virgins_and_Christ.jpg
Cathédrale_Notre-Dame_de_Strasbourg,25880,0,commons/Views_from_Notre-Dame_de_Strasbourg_in_2011/0/pictures/2011.09.17.160123_View_from_tower_cathedral_Strasbourg.jpg
Cathédrale_Notre-Dame_de_Strasbourg,25880,0,"commons/North_side_of_Notre-Dame_de_Strasbourg/0/pictures/Tower_of_Notre-Dame_de_Strasbourg,_2019.jpg"
Cathédrale_Notre-Dame_de_Strasbourg,25880,0,commons/Cathédrale_Notre-Dame_de_Strasbourg_from_the_southwest/0/pictures/Cathedrale_Notre_Dame_in_Strasbourg_(2520719804).jpg
Cathédrale_Notre-Dame_de_Strasbourg,25880,0,commons/Views_from_Notre-Dame_de_Strasbourg_in_2011/0/pictures/2011.09.17.155658_View_east_Cathedral_Strasbourg.jpg
Cathédrale_Notre-Dame_de_Strasbourg,25880,0,commons/North_transept_of_Notre-Dame_de_Strasbourg/0/pictures/Cathédrale_Notre-Dame_de_Strasbourg_@_Strasbourg_(45530287812).jpg
Cathédrale_Notre-Dame_de_Strasbourg,25880,0,commons/Cathédrale_Notre-Dame_de_Strasbourg_from_the_southwest/0/pictures/Cathedrale_Notrde-Dame-de-Strasbourg-001.jpg
Cathédrale_Notre-Dame_de_Strasbourg,25880,0,"commons/Gothic_statues_of_Notre-Dame_de_Strasbourg/0/pictures/Cathédrale_de_Strasbourg,_façade,_Vierge_au_trône_de_la_Sagesse.jpg"
Cathédrale_Notre-Dame_de_Strasbourg,25880,0,commons/North_side_of_Notre-Dame_de_Strasbourg/0/pictures/Straßburg_1987_(03)_Straßburger_Münster_(50984750711).jpg
Cathédrale_Notre-Dame_de_Strasbourg,25880,0,commons/Cathédrale_Notre-Dame_de_Strasbourg_from_the_southwest/0/pictures/142_Meter_hohe_Turm_ist_der_weltweit_sechsthöchste_Kirchturm_der_Welt._-_panoramio.jpg
Cathédrale_Notre-Dame_de_Strasbourg,25880,0,commons/West_facade_of_Notre-Dame_de_Strasbourg/0/pictures/Cathédrale_Notre-Dame_façade_principale_Strasbourg_10.jpg
Cathédrale_Notre-Dame_de_Strasbourg,25880,0,commons/Central_portal_of_the_western_facade_of_Notre-Dame_de_Strasbourg/0/pictures/Central_portal_of_the_western_facade_of_Notre-Dame_de_Strasbourg_(1).JPG
Cathédrale_Notre-Dame_de_Strasbourg,25880,0,commons/Views_from_Notre-Dame_de_Strasbourg_in_2011/0/pictures/2011.09.17.160053_View_from_tower_Cathedral_Strasbourg.jpg
Cathédrale_Notre-Dame_de_Strasbourg,25880,0,commons/North_side_of_Notre-Dame_de_Strasbourg/0/pictures/Straßburg_Münster_2009-040.jpg
Cathédrale_Notre-Dame_de_Strasbourg,25880,0,commons/Cathédrale_Notre-Dame_de_Strasbourg_from_the_southeast/0/pictures/Tour_sud_ND_Strasbourg.jpg
Cathédrale_Notre-Dame_de_Strasbourg,25880,0,commons/Views_from_Notre-Dame_de_Strasbourg_in_2011/0/pictures/2011.09.17.154549_View_Cathedral_Strasbourg.jpg
Cathédrale_Notre-Dame_de_Strasbourg,25880,0,commons/Views_from_Notre-Dame_de_Strasbourg_in_2011/0/pictures/2011.09.17.154929_Dome_cathedral_Strasbourg.jpg
Cathédrale_Notre-Dame_de_Strasbourg,25880,0,commons/North_side_of_Notre-Dame_de_Strasbourg/0/pictures/Tower_@_Cathédrale_Notre-Dame_de_Strasbourg_@_Strasbourg_(45530290552).jpg
Cathédrale_Notre-Dame_de_Strasbourg,25880,0,commons/Cathédrale_Notre-Dame_de_Strasbourg_from_the_southeast/0/pictures/Tower_@_Cathédrale_Notre-Dame_de_Strasbourg_@_Strasbourg_(30639641257).jpg
Cathédrale_Notre-Dame_de_Strasbourg,25880,0,commons/Gothic_statues_of_Notre-Dame_de_Strasbourg/0/pictures/Cathedrale-de-Strasbourg-IMG_1292.jpg
Cathédrale_Notre-Dame_de_Strasbourg,25880,0,commons/Views_from_Notre-Dame_de_Strasbourg_in_2010/0/pictures/Old_town_(4643342432).jpg
Cathédrale_Notre-Dame_de_Strasbourg,25880,0,commons/West_facade_of_Notre-Dame_de_Strasbourg/0/pictures/Cathédrale_Notre-Dame_de_Strasbourg_éclairée_la_nuit.jpg
Cathédrale_Notre-Dame_de_Strasbourg,25880,0,"commons/Central_portal_of_the_western_facade_of_Notre-Dame_de_Strasbourg/0/pictures/Cathédrale_de_Strasbourg,_façade,_détail_du_tympan.jpg"
Cathédrale_Notre-Dame_de_Strasbourg,25880,0,commons/North_side_of_Notre-Dame_de_Strasbourg/0/pictures/Cathédrale_Notre_Dame_de_Strasbourg_en_décembre_(9647027108).jpg
Cathédrale_Notre-Dame_de_Strasbourg,25880,0,commons/Views_from_Notre-Dame_de_Strasbourg_in_2018/0/pictures/2018-08-24_Strasbourg_(19)_(29394476687).jpg
Cathédrale_Notre-Dame_de_Strasbourg,25880,0,commons/Cathédrale_Notre-Dame_de_Strasbourg_from_the_northwest/0/pictures/Strasbourg_Noel_2021_6895_Nik_DxO.jpg
Cathédrale_Notre-Dame_de_Strasbourg,25880,0,commons/Tower_of_Notre-Dame_de_Strasbourg/0/pictures/Strasbourg_Cathedral_-_Towers_Spire_(7699288654).jpg
Cathédrale_Notre-Dame_de_Strasbourg,25880,0,commons/North_side_of_Notre-Dame_de_Strasbourg/0/pictures/Cathedrale_Notre_Dame_in_Strasbourg_(2519841035).jpg
Cathédrale_Notre-Dame_de_Strasbourg,25880,0,commons/Views_from_Notre-Dame_de_Strasbourg_in_2017/0/pictures/Strasbourg_Juillet_2017_dsc_9496_35639914551_o_(49077863831).jpg
Cathédrale_Notre-Dame_de_Strasbourg,25880,0,commons/Cathédrale_Notre-Dame_de_Strasbourg_from_the_northwest/0/pictures/Strasbourg_-_panoramio_(48).jpg
Cathédrale_Notre-Dame_de_Strasbourg,25880,0,commons/Views_from_Notre-Dame_de_Strasbourg_in_2004/0/pictures/Oeuvre_Notre_Dame.jpg
Cathédrale_Notre-Dame_de_Strasbourg,25880,0,"commons/Central_portal_of_the_western_facade_of_Notre-Dame_de_Strasbourg/0/pictures/Strasbourg,_Cathédrale_Notre-Dame-F_253.jpg"
Cathédrale_Notre-Dame_de_Strasbourg,25880,0,commons/West_facade_of_Notre-Dame_de_Strasbourg/0/pictures/Strasbourg_MaisonKammerzell_01.jpg
Cathédrale_Notre-Dame_de_Strasbourg,25880,0,commons/Rose_window_of_Notre-Dame_de_Strasbourg_(exterior_view)/0/pictures/Cathedrale-de-Strasbourg-IMG_4245.jpg
Cathédrale_Notre-Dame_de_Strasbourg,25880,0,commons/Central_portal_of_the_western_facade_of_Notre-Dame_de_Strasbourg/0/pictures/Strasbourg_42.jpg
Cathédrale_Notre-Dame_de_Strasbourg,25880,0,commons/West_facade_of_Notre-Dame_de_Strasbourg/0/pictures/Strasbourg_MG_8161-2_(52266714776).jpg
Cathédrale_Notre-Dame_de_Strasbourg,25880,0,commons/Rose_window_of_Notre-Dame_de_Strasbourg_(exterior_view)/0/pictures/Cathédrale_Notre-Dame_de_Strasbourg_@_Strasbourg_(44895152334).jpg
Cathédrale_Notre-Dame_de_Strasbourg,25880,0,commons/Gargoyles_of_Notre-Dame_de_Strasbourg/0/pictures/Strasbourg_-_Notre-Dame_de_Strasbourg_-_Gargoyles_&_flying_buttresses_on_the_south_side_of_the_cathedral_03.jpg
Cathédrale_Notre-Dame_de_Strasbourg,25880,0,"commons/Dome_of_Notre-Dame_de_Strasbourg/0/pictures/Cathédrale_Notre-Dame,_vue_du_toit_(Strasbourg).JPG"
Cathédrale_Notre-Dame_de_Strasbourg,25880,0,commons/West_portals_of_Notre-Dame_de_Strasbourg/0/pictures/Strasbourg@HFR_(3781025038).jpg
Cathédrale_Notre-Dame_de_Strasbourg,25880,0,commons/South_side_of_Notre-Dame_de_Strasbourg/0/pictures/Cathedrale-de-Strasbourg-IMG_1326.jpg
Cathédrale_Notre-Dame_de_Strasbourg,25880,0,commons/West_facade_of_Notre-Dame_de_Strasbourg/0/pictures/Strasbourg_Juillet_2017_dsc_9494_35639916471_o_(49077332318).jpg
Cathédrale_Notre-Dame_de_Strasbourg,25880,0,commons/Rose_window_of_Notre-Dame_de_Strasbourg_(exterior_view)/0/pictures/CATHEDRAL_OF_ESTRASBURG.jpg
Cathédrale_Notre-Dame_de_Strasbourg,25880,0,commons/Central_portal_of_the_western_facade_of_Notre-Dame_de_Strasbourg/0/pictures/Strasbourg_Cathédrale_façade_portail_central.jpg
Cathédrale_Notre-Dame_de_Strasbourg,25880,0,commons/West_facade_of_Notre-Dame_de_Strasbourg/0/pictures/Strasbourg_Juillet_2017_dsc_9485_34961908533_o_(49077863981).jpg
Cathédrale_Notre-Dame_de_Strasbourg,25880,0,commons/Rose_window_of_Notre-Dame_de_Strasbourg_(exterior_view)/0/pictures/Cathédrale_ND_de_Strasbourg_rosace.jpg
Cathédrale_Notre-Dame_de_Strasbourg,25880,0,commons/West_facade_of_Notre-Dame_de_Strasbourg/0/pictures/Strasbourg_Cathedral_in_July_2022_26.jpg
Cathédrale_Notre-Dame_de_Strasbourg,25880,0,commons/Rose_window_of_Notre-Dame_de_Strasbourg_(exterior_view)/0/pictures/Cathédrale_Notre-Dame_-_extérieur_-_portail_(Strasbourg).jpg
Cathédrale_Notre-Dame_de_Strasbourg,25880,0,commons/West_facade_of_Notre-Dame_de_Strasbourg/0/pictures/Strasbourg_Cathedral_Exterior_-_Diliff.jpg
Cathédrale_Notre-Dame_de_Strasbourg,25880,0,commons/Rose_window_of_Notre-Dame_de_Strasbourg_(exterior_view)/0/pictures/Cathédrale_Notre_Dame_Strasbourg_20200124_024.jpg
Cathédrale_Notre-Dame_de_Strasbourg,25880,0,commons/West_facade_of_Notre-Dame_de_Strasbourg/0/pictures/Strasbourg_Cathedral_016_9767.jpg
Cathédrale_Notre-Dame_de_Strasbourg,25880,0,commons/Rose_window_of_Notre-Dame_de_Strasbourg_(exterior_view)/0/pictures/Cathedrale-de-Strasbourg-IMG_4252.jpg
Cathédrale_Notre-Dame_de_Strasbourg,25880,0,commons/Central_portal_of_the_western_facade_of_Notre-Dame_de_Strasbourg/0/pictures/Strasbourg_cathedral_-_Main_gate_(7691560732).jpg
Cathédrale_Notre-Dame_de_Strasbourg,25880,0,commons/West_facade_of_Notre-Dame_de_Strasbourg/0/pictures/Strasbourg_Cathedral_2018.jpg
Cathédrale_Notre-Dame_de_Strasbourg,25880,0,commons/Rose_window_of_Notre-Dame_de_Strasbourg_(exterior_view)/0/pictures/Cathedrale-de-Strasbourg-IMG_4250.jpg
Cathédrale_Notre-Dame_de_Strasbourg,25880,0,commons/West_facade_of_Notre-Dame_de_Strasbourg/0/pictures/Strasbourg_2009_IMG_4035.jpg
Cathédrale_Notre-Dame_de_Strasbourg,25880,0,commons/Rose_window_of_Notre-Dame_de_Strasbourg_(exterior_view)/0/pictures/2010_06_24_canaltrip_strasbourg_370_(23061486371).jpg
Cathédrale_Notre-Dame_de_Strasbourg,25880,0,commons/Central_portal_of_the_western_facade_of_Notre-Dame_de_Strasbourg/0/pictures/Strasbourg_Cathedral_-_Top_of_the_Gate_(7684410556).jpg
Cathédrale_Notre-Dame_de_Strasbourg,25880,0,commons/West_facade_of_Notre-Dame_de_Strasbourg/0/pictures/Strasbourg_Cathedral_(52298549605).jpg
Cathédrale_Notre-Dame_de_Strasbourg,25880,0,commons/Rose_window_of_Notre-Dame_de_Strasbourg_(exterior_view)/0/pictures/2010_06_24_canaltrip_strasbourg_305_(22658067129).jpg
Cathédrale_Notre-Dame_de_Strasbourg,25880,0,commons/Cathédrale_Notre-Dame_de_Strasbourg_from_the_southwest/0/pictures/Cathédrale_Notre-Dame_de_Strasbourg_(la_façade).jpg
Cathédrale_Notre-Dame_de_Strasbourg,25880,0,commons/Central_portal_of_the_western_facade_of_Notre-Dame_de_Strasbourg/0/pictures/Strasbourg_Cathedral_-_Door_Arch_-_Detail_12_-_1_large_(7684366614).jpg
Cathédrale_Notre-Dame_de_Strasbourg,25880,0,commons/West_facade_of_Notre-Dame_de_Strasbourg/0/pictures/Strasbourg_-_panoramio_(49).jpg
Cathédrale_Notre-Dame_de_Strasbourg,25880,0,commons/Roofs_of_Notre-Dame_de_Strasbourg/0/pictures/Strasbourg_Cathedral_in_July_2022_06.jpg
Cathédrale_Notre-Dame_de_Strasbourg,25880,0,commons/West_facade_of_Notre-Dame_de_Strasbourg/0/pictures/Straßburg_Münster_-_panoramio.jpg
Cathédrale_Notre-Dame_de_Strasbourg,25880,0,commons/West_facade_of_Notre-Dame_de_Strasbourg/0/pictures/With_God_(75238357).jpeg
Cathédrale_Notre-Dame_de_Strasbourg,25880,0,commons/Views_from_Notre-Dame_de_Strasbourg_in_2017/0/pictures/-strasbourg_-cathedrale_(33825957431).jpg
Cathédrale_Notre-Dame_de_Strasbourg,25880,0,commons/Cathédrale_Notre-Dame_de_Strasbourg_from_the_northwest/0/pictures/Strasbourg_MaisonKammerzell_01.jpg
Cathédrale_Notre-Dame_de_Strasbourg,25880,0,commons/Tower_of_Notre-Dame_de_Strasbourg/0/pictures/Strasbourg_2009_IMG_3932.jpg
Cathédrale_Notre-Dame_de_Strasbourg,25880,0,commons/Central_portal_of_the_western_facade_of_Notre-Dame_de_Strasbourg/0/pictures/Strasbourg_-_Notre-Dame_de_Strasbourg_(1015-1439)_-_Central_Portal_-_Depiction_of_Redemption_06.jpg
Cathédrale_Notre-Dame_de_Strasbourg,25880,0,commons/West_facade_of_Notre-Dame_de_Strasbourg/0/pictures/Strasbourg_(8399142584).jpg
Cathédrale_Notre-Dame_de_Strasbourg,25880,0,commons/West_facade_of_Notre-Dame_de_Strasbourg/0/pictures/West_façade_of_Notre-Dame_de_Strasbourg.JPG
Cathédrale_Notre-Dame_de_Strasbourg,25880,0,commons/Cathédrale_Notre-Dame_de_Strasbourg_from_the_northwest/0/pictures/Strasbourg_-_panoramio_(52).jpg
Cathédrale_Notre-Dame_de_Strasbourg,25880,0,commons/North_side_of_Notre-Dame_de_Strasbourg/0/pictures/2010_06_24_canaltrip_strasbourg_542_(23061436541).jpg
Cathédrale_Notre-Dame_de_Strasbourg,25880,0,commons/Tower_of_Notre-Dame_de_Strasbourg/0/pictures/Strasbourg_2009_IMG_3896.jpg
Cathédrale_Notre-Dame_de_Strasbourg,25880,0,commons/West_facade_of_Notre-Dame_de_Strasbourg/0/pictures/Vue_de_la_Cathédrale_de_Notre-Dame_en_Noël.JPG
Cathédrale_Notre-Dame_de_Strasbourg,25880,0,commons/Cathédrale_Notre-Dame_de_Strasbourg_from_the_northwest/0/pictures/Strasbourg_(Bas-Rhin)_-_Cathédrale_Notre-Dame_-_52208417698.jpg
Cathédrale_Notre-Dame_de_Strasbourg,25880,0,commons/Central_portal_of_the_western_facade_of_Notre-Dame_de_Strasbourg/0/pictures/Strasbourg_-_Cathedral's_Main_Entrance_VII.jpg
Cathédrale_Notre-Dame_de_Strasbourg,25880,0,commons/West_facade_of_Notre-Dame_de_Strasbourg/0/pictures/Strasbourg_(178987365).jpeg
Cathédrale_Notre-Dame_de_Strasbourg,25880,0,commons/West_facade_of_Notre-Dame_de_Strasbourg/0/pictures/Tower_@_Cathédrale_Notre-Dame_de_Strasbourg_@_Strasbourg_(44705514015).jpg
Cathédrale_Notre-Dame_de_Strasbourg,25880,0,commons/North_side_of_Notre-Dame_de_Strasbourg/0/pictures/2010_06_24_canaltrip_strasbourg_540_(23050238875).jpg
Cathédrale_Notre-Dame_de_Strasbourg,25880,0,commons/Tower_of_Notre-Dame_de_Strasbourg/0/pictures/Strasbourg_2009_IMG_3848.jpg
Cathédrale_Notre-Dame_de_Strasbourg,25880,0,commons/Central_portal_of_the_western_facade_of_Notre-Dame_de_Strasbourg/0/pictures/Strasbourg_-_Cathedral's_Main_Entrance_III.jpg
Cathédrale_Notre-Dame_de_Strasbourg,25880,0,"commons/West_facade_of_Notre-Dame_de_Strasbourg/0/pictures/Petits_chalets,_grande_cathédrale_(32694529014).jpg"
Cathédrale_Notre-Dame_de_Strasbourg,25880,0,commons/Tower_of_Notre-Dame_de_Strasbourg/0/pictures/Turm_der_Cathédrale_Notre-Dame_de_Strasbourg.JPG
Cathédrale_Notre-Dame_de_Strasbourg,25880,0,commons/Central_portal_of_the_western_facade_of_Notre-Dame_de_Strasbourg/0/pictures/Straßburg_Münster_2009-016.jpg
Cathédrale_Notre-Dame_de_Strasbourg,25880,0,commons/West_facade_of_Notre-Dame_de_Strasbourg/0/pictures/Strasbourg-Vue_depuis_le_5e_Lieu_(19).jpg
Cathédrale_Notre-Dame_de_Strasbourg,25880,0,commons/Rose_window_of_Notre-Dame_de_Strasbourg_(exterior_view)/0/pictures/Straßburg_Cathédrale_Notre-Dame_Rosette.JPG
Cathédrale_Notre-Dame_de_Strasbourg,25880,0,commons/Views_from_Notre-Dame_de_Strasbourg_in_2014/0/pictures/Straßburg_001.jpg
Cathédrale_Notre-Dame_de_Strasbourg,25880,0,commons/Cathédrale_Notre-Dame_de_Strasbourg_from_the_northwest/0/pictures/Biking_in_the_city_centre_20000102.jpg
Cathédrale_Notre-Dame_de_Strasbourg,25880,0,commons/Tower_of_Notre-Dame_de_Strasbourg/0/pictures/Strasbourg_(8398123317).jpg
Cathédrale_Notre-Dame_de_Strasbourg,25880,0,commons/West_facade_of_Notre-Dame_de_Strasbourg_seen_from_rue_Mercière/0/pictures/By_night_2_(5673404689).jpg
Cathédrale_Notre-Dame_de_Strasbourg,25880,0,commons/West_facade_of_Notre-Dame_de_Strasbourg/0/pictures/Strasbourg_(Bas-Rhin)_-_Cathédrale_Notre-Dame_-_52208417698.jpg
Cathédrale_Notre-Dame_de_Strasbourg,25880,0,commons/West_facade_of_Notre-Dame_de_Strasbourg/0/pictures/West_facade_of_Notre-Dame_de_Strasbourg.JPG
Cathédrale_Notre-Dame_de_Strasbourg,25880,0,commons/Views_from_Notre-Dame_de_Strasbourg_in_2017/0/pictures/-strasbourg_-cathedrale_-chateau_-rohan_(33955812475).jpg
Cathédrale_Notre-Dame_de_Strasbourg,25880,0,commons/Cathédrale_Notre-Dame_de_Strasbourg_from_the_northwest/0/pictures/Strasbourg_cathedral_2008.jpg
Cathédrale_Notre-Dame_de_Strasbourg,25880,0,commons/North_side_of_Notre-Dame_de_Strasbourg/0/pictures/2011.09.17.160639_Arches_north_side_cathedral_Strasbourg.jpg
Cathédrale_Notre-Dame_de_Strasbourg,25880,0,commons/Tower_of_Notre-Dame_de_Strasbourg/0/pictures/Strasbourg_2009_IMG_4032.jpg
Cathédrale_Notre-Dame_de_Strasbourg,25880,0,"commons/West_facade_of_Notre-Dame_de_Strasbourg/0/pictures/Strasbourg,_décembre_2018_(44521201620).jpg"
Cathédrale_Notre-Dame_de_Strasbourg,25880,0,commons/Rose_window_of_Notre-Dame_de_Strasbourg_(exterior_view)/0/pictures/Strasbourg_Cathedral_(52298050978).jpg
Cathédrale_Notre-Dame_de_Strasbourg,25880,0,commons/Cathédrale_Notre-Dame_de_Strasbourg_from_the_northwest/0/pictures/2010_06_24_canaltrip_strasbourg_317_(22631969077).jpg
Cathédrale_Notre-Dame_de_Strasbourg,25880,0,commons/Tower_of_Notre-Dame_de_Strasbourg/0/pictures/Strasbourg_(Bas-Rhin)_-_Cathédrale_Notre-Dame_(vue_depuis_la_rue_Mercière)_-_Fin_de_journée.jpg
Cathédrale_Notre-Dame_de_Strasbourg,25880,0,commons/West_facade_of_Notre-Dame_de_Strasbourg_seen_from_rue_Mercière/0/pictures/Cathedral_@_Strasbourg_(30677515187).jpg
Cathédrale_Notre-Dame_de_Strasbourg,25880,0,commons/Cathédrale_Notre-Dame_de_Strasbourg_from_the_northwest/0/pictures/Strasbourg_la_Cathédrale_Notre-Dame_août_2013.jpg
Cathédrale_Notre-Dame_de_Strasbourg,25880,0,commons/North_side_of_Notre-Dame_de_Strasbourg/0/pictures/Cathedrale-de-Strasbourg-IMG_1361.jpg
Cathédrale_Notre-Dame_de_Strasbourg,25880,0,commons/Tower_of_Notre-Dame_de_Strasbourg/0/pictures/Strasbourg_Cathedral_(52297057622).jpg
Cathédrale_Notre-Dame_de_Strasbourg,25880,0,commons/Central_portal_of_the_western_facade_of_Notre-Dame_de_Strasbourg/0/pictures/Strasbourg_Cathedral_-_Door_(7684365518).jpg
Cathédrale_Notre-Dame_de_Strasbourg,25880,0,commons/West_facade_of_Notre-Dame_de_Strasbourg/0/pictures/Strasbourg_(8399158438).jpg
Cathédrale_Notre-Dame_de_Strasbourg,25880,0,commons/Roofs_of_Notre-Dame_de_Strasbourg/0/pictures/Cathedrale-de-Strasbourg-IMG_1330.jpg
Cathédrale_Notre-Dame_de_Strasbourg,25880,0,commons/Central_portal_of_the_western_facade_of_Notre-Dame_de_Strasbourg/0/pictures/Straßburg_Münster_2009-015.jpg
Cathédrale_Notre-Dame_de_Strasbourg,25880,0,commons/West_facade_of_Notre-Dame_de_Strasbourg/0/pictures/StrasbourgCath_07.jpg
Cathédrale_Notre-Dame_de_Strasbourg,25880,0,"commons/Cathédrale_Notre-Dame_de_Strasbourg_from_the_northwest/0/pictures/Cathedral_Notre_Dame,_Strasbourg.jpg"
Cathédrale_Notre-Dame_de_Strasbourg,25880,0,commons/Tower_of_Notre-Dame_de_Strasbourg/0/pictures/Strasbourg_-_Cathédrale_Notre-Dame_2.jpg
Cathédrale_Notre-Dame_de_Strasbourg,25880,0,commons/Central_portal_of_the_western_facade_of_Notre-Dame_de_Strasbourg/0/pictures/Strasbourg_Cathedral_-_Central_Doors_(7684375380).jpg
Cathédrale_Notre-Dame_de_Strasbourg,25880,0,commons/West_facade_of_Notre-Dame_de_Strasbourg/0/pictures/Strasbourg_-_Cathédrale_de_Notre-Dame_III.jpg
Cathédrale_Notre-Dame_de_Strasbourg,25880,0,commons/Roofs_of_Notre-Dame_de_Strasbourg/0/pictures/Cathédrale_Notre-Dame_-_L'arrière.jpg
Cathédrale_Notre-Dame_de_Strasbourg,25880,0,commons/Central_portal_of_the_western_facade_of_Notre-Dame_de_Strasbourg/0/pictures/Strasbourg_-_Notre-Dame_de_Strasbourg_(1015-1439)_-_Central_Portal_-_Depiction_of_Redemption_05.jpg
Cathédrale_Notre-Dame_de_Strasbourg,25880,0,commons/West_facade_of_Notre-Dame_de_Strasbourg/0/pictures/Strasbourg_(8399152070).jpg
Cathédrale_Notre-Dame_de_Strasbourg,25880,0,commons/Right_portal_of_the_western_facade_of_Notre-Dame_de_Strasbourg/0/pictures/Князь_тьмы_и_девы.jpg
Cathédrale_Notre-Dame_de_Strasbourg,25880,0,commons/West_facade_of_Notre-Dame_de_Strasbourg/0/pictures/West_facade_of_Notre-Dame_de_Strasbourg.jpg
Cathédrale_Notre-Dame_de_Strasbourg,25880,0,commons/Views_from_Notre-Dame_de_Strasbourg_in_2016/0/pictures/Strasbourg_-_2016_(29867896192).jpg
Cathédrale_Notre-Dame_de_Strasbourg,25880,0,commons/Cathédrale_Notre-Dame_de_Strasbourg_from_the_northwest/0/pictures/Strasbourg_-_panoramio_(47).jpg
Cathédrale_Notre-Dame_de_Strasbourg,25880,0,commons/North_side_of_Notre-Dame_de_Strasbourg/0/pictures/2010_06_24_canaltrip_strasbourg_543_(22427463264).jpg
Cathédrale_Notre-Dame_de_Strasbourg,25880,0,commons/Tower_of_Notre-Dame_de_Strasbourg/0/pictures/Strasbourg_2009_IMG_3891.jpg
Cathédrale_Notre-Dame_de_Strasbourg,25880,0,commons/Central_portal_of_the_western_facade_of_Notre-Dame_de_Strasbourg/0/pictures/Strasbourg_Cathedral_(52298060573).jpg
Cathédrale_Notre-Dame_de_Strasbourg,25880,0,commons/West_facade_of_Notre-Dame_de_Strasbourg/0/pictures/Strasbourg_Cathédrale4.JPG
Cathédrale_Notre-Dame_de_Strasbourg,25880,0,commons/Central_portal_of_the_western_facade_of_Notre-Dame_de_Strasbourg/0/pictures/Straßburg_Cathédrale_Notre-Dame_Portal_1.jpg
Cathédrale_Notre-Dame_de_Strasbourg,25880,0,commons/West_facade_of_Notre-Dame_de_Strasbourg/0/pictures/Strasbourg-Vue_depuis_le_5e_Lieu_(13).jpg
Cathédrale_Notre-Dame_de_Strasbourg,25880,0,commons/Rose_window_of_Notre-Dame_de_Strasbourg_(exterior_view)/0/pictures/StrasbourgCathFacaW_42.JPG
Cathédrale_Notre-Dame_de_Strasbourg,25880,0,commons/Cathédrale_Notre-Dame_de_Strasbourg_from_the_northwest/0/pictures/2010_06_24_canaltrip_strasbourg_318_(23036752542).jpg
Cathédrale_Notre-Dame_de_Strasbourg,25880,0,commons/Tower_of_Notre-Dame_de_Strasbourg/0/pictures/Strasbourg_-_Cathédrale_Notre-Dame_1.jpg
Cathédrale_Notre-Dame_de_Strasbourg,25880,0,commons/West_facade_of_Notre-Dame_de_Strasbourg_seen_from_rue_Mercière/0/pictures/Belle_de_nuit_la_rue_mercière_(35182431085).jpg
Cathédrale_Notre-Dame_de_Strasbourg,25880,0,commons/Views_from_Notre-Dame_de_Strasbourg_in_2018/0/pictures/Medieval_city_@_Observatory_@_Cathédrale_Notre-Dame_de_Strasbourg_@_Strasbourg_(30639713187).jpg
Cathédrale_Notre-Dame_de_Strasbourg,25880,0,"commons/Cathédrale_Notre-Dame_de_Strasbourg_from_the_northwest/0/pictures/Strasbourg,_Cathédrale_Notre_Dame_2.jpg"
Cathédrale_Notre-Dame_de_Strasbourg,25880,0,commons/North_side_of_Notre-Dame_de_Strasbourg/0/pictures/Cathedrale-de-Strasbourg-IMG_1359.jpg
Cathédrale_Notre-Dame_de_Strasbourg,25880,0,commons/West_facade_of_Notre-Dame_de_Strasbourg/0/pictures/Vorderansicht_Münster.JPG
Cathédrale_Notre-Dame_de_Strasbourg,25880,0,commons/Cathédrale_Notre-Dame_de_Strasbourg_from_the_northwest/0/pictures/Strasbourg_-_panoramio_(135).jpg
Cathédrale_Notre-Dame_de_Strasbourg,25880,0,commons/North_side_of_Notre-Dame_de_Strasbourg/0/pictures/2010_06_24_canaltrip_strasbourg_541_(22658008909).jpg
Cathédrale_Notre-Dame_de_Strasbourg,25880,0,commons/Tower_of_Notre-Dame_de_Strasbourg/0/pictures/Strasbourg_2009_IMG_3916.jpg
Cathédrale_Notre-Dame_de_Strasbourg,25880,0,commons/West_facade_of_Notre-Dame_de_Strasbourg_seen_from_rue_Mercière/0/pictures/Absolute_cathedrale_Strasbourg_facade_01.jpg
Cathédrale_Notre-Dame_de_Strasbourg,25880,0,"commons/Cathédrale_Notre-Dame_de_Strasbourg_from_the_northwest/0/pictures/Strasbourg,_Cathédrale_Notre_Dame_02.jpg"
Cathédrale_Notre-Dame_de_Strasbourg,25880,0,commons/North_side_of_Notre-Dame_de_Strasbourg/0/pictures/Cathédrale_Notre_Dame_de_Strasbourg_en_décembre_(9647021168).jpg
Cathédrale_Notre-Dame_de_Strasbourg,25880,0,commons/Central_portal_of_the_western_facade_of_Notre-Dame_de_Strasbourg/0/pictures/Strasbourg_-_Place_de_la_Cathédrale_II.jpg
Cathédrale_Notre-Dame_de_Strasbourg,25880,0,commons/West_facade_of_Notre-Dame_de_Strasbourg/0/pictures/Strasbourg_(Bas-Rhin)_-_Cathédrale_Notre-Dame_(explore_20-06-22).jpg
Cathédrale_Notre-Dame_de_Strasbourg,25880,0,commons/Views_from_Notre-Dame_de_Strasbourg_in_2017/0/pictures/Strasbourg_Juillet_2017_dsc_9497_34961907733_o_(49078066422).jpg
Cathédrale_Notre-Dame_de_Strasbourg,25880,0,commons/Cathédrale_Notre-Dame_de_Strasbourg_from_the_northwest/0/pictures/Strasbourg_-_panoramio_(49).jpg
Cathédrale_Notre-Dame_de_Strasbourg,25880,0,commons/North_side_of_Notre-Dame_de_Strasbourg/0/pictures/Cathedrale-de-Strasbourg-IMG_1272.jpg
Cathédrale_Notre-Dame_de_Strasbourg,25880,0,commons/Tower_of_Notre-Dame_de_Strasbourg/0/pictures/Strasbourg_2009_IMG_3996.jpg
Cathédrale_Notre-Dame_de_Strasbourg,25880,0,commons/West_facade_of_Notre-Dame_de_Strasbourg/0/pictures/Tower_@_Cathedral_@_Strasbourg_(45519753291).jpg
Cathédrale_Notre-Dame_de_Strasbourg,25880,0,commons/North_side_of_Notre-Dame_de_Strasbourg/0/pictures/2010_06_24_canaltrip_strasbourg_539_(22429076513).jpg
Cathédrale_Notre-Dame_de_Strasbourg,25880,0,commons/Tower_of_Notre-Dame_de_Strasbourg/0/pictures/Strasbourg_2009_IMG_3894.jpg
Cathédrale_Notre-Dame_de_Strasbourg,25880,0,commons/West_facade_of_Notre-Dame_de_Strasbourg/0/pictures/Strasbourg._The_Cathedral.jpg
Cathédrale_Notre-Dame_de_Strasbourg,25880,0,commons/Rose_window_of_Notre-Dame_de_Strasbourg_(exterior_view)/0/pictures/StrasbourgCathFacaW_53.JPG
Cathédrale_Notre-Dame_de_Strasbourg,25880,0,commons/Cathédrale_Notre-Dame_de_Strasbourg_from_the_northwest/0/pictures/Cathedrale_Notre-Dame_de_Strasbourg.jpg
Cathédrale_Notre-Dame_de_Strasbourg,25880,0,commons/Tower_of_Notre-Dame_de_Strasbourg/0/pictures/Strasbourg_-_Cathédrale_Notre-Dame_-_clocher_2016-04-08_13-36-35.JPG
Cathédrale_Notre-Dame_de_Strasbourg,25880,0,commons/West_facade_of_Notre-Dame_de_Strasbourg_seen_from_rue_Mercière/0/pictures/14-02-02-straszburg-RalfR-072.jpg
Cathédrale_Notre-Dame_de_Strasbourg,25880,0,commons/North_side_of_Notre-Dame_de_Strasbourg/0/pictures/Cathedrale-de-Strasbourg-IMG_1360.jpg
Cathédrale_Notre-Dame_de_Strasbourg,25880,0,commons/Tower_of_Notre-Dame_de_Strasbourg/0/pictures/Strasbourg_2009_IMG_4029.jpg
Cathédrale_Notre-Dame_de_Strasbourg,25880,0,commons/West_facade_of_Notre-Dame_de_Strasbourg/0/pictures/Strasbourg_(8399212228).jpg
Cathédrale_Notre-Dame_de_Strasbourg,25880,0,commons/Central_portal_of_the_western_facade_of_Notre-Dame_de_Strasbourg/0/pictures/Strasbourg_Cathedral_-_Top_of_the_Gate_-_Detail_2_(7684411176).jpg
Cathédrale_Notre-Dame_de_Strasbourg,25880,0,"commons/West_facade_of_Notre-Dame_de_Strasbourg/0/pictures/Strasbourg_Cathedral,_c._1890.jpg"
Cathédrale_Notre-Dame_de_Strasbourg,25880,0,commons/Roofs_of_Notre-Dame_de_Strasbourg/0/pictures/Straßburg_Cathédrale_Notre-Dame_Dach_5.jpg
Cathédrale_Notre-Dame_de_Strasbourg,25880,0,commons/Central_portal_of_the_western_facade_of_Notre-Dame_de_Strasbourg/0/pictures/Strasbourg_Cathedral_-_Door_Arch_-_Detail_2_(7684369958).jpg
Cathédrale_Notre-Dame_de_Strasbourg,25880,0,commons/West_facade_of_Notre-Dame_de_Strasbourg/0/pictures/Strasbourg_-_panoramio_(58).jpg
Cathédrale_Notre-Dame_de_Strasbourg,25880,0,commons/Roofs_of_Notre-Dame_de_Strasbourg/0/pictures/Strasbourg_Cathedral_in_July_2022_07.jpg
Cathédrale_Notre-Dame_de_Strasbourg,25880,0,commons/West_facade_of_Notre-Dame_de_Strasbourg/0/pictures/Straßburg_Cathédrale_Notre-Dame_Front_4.JPG
Cathédrale_Notre-Dame_de_Strasbourg,25880,0,commons/Cathédrale_Notre-Dame_de_Strasbourg_from_the_northwest/0/pictures/Maison_Kammerzell_and_Cathédrale_Notre_Dame_Strasbourg_France_copr_2022_by_Tim_Adams_CC_by_3.jpg
Cathédrale_Notre-Dame_de_Strasbourg,25880,0,commons/Tower_of_Notre-Dame_de_Strasbourg/0/pictures/Strasbourg_-_Quai_des_Bateliers_-_Cathedral_with_French_Flag.jpg
Cathédrale_Notre-Dame_de_Strasbourg,25880,0,commons/West_facade_of_Notre-Dame_de_Strasbourg_seen_from_rue_Mercière/0/pictures/Absolute_Cathedrale_Strasbourg_02.JPG
Cathédrale_Notre-Dame_de_Strasbourg,25880,0,commons/Cathédrale_Notre-Dame_de_Strasbourg_from_the_northwest/0/pictures/Strasbourg_Cathedral_(46222106931).jpg
Cathédrale_Notre-Dame_de_Strasbourg,25880,0,commons/Tower_of_Notre-Dame_de_Strasbourg/0/pictures/Strasbourg_2009_IMG_3999.jpg
Cathédrale_Notre-Dame_de_Strasbourg,25880,0,commons/West_facade_of_Notre-Dame_de_Strasbourg/0/pictures/Straßburg_Cathédrale_Notre-Dame_Front_6.JPG
Cathédrale_Notre-Dame_de_Strasbourg,25880,0,commons/Views_from_Notre-Dame_de_Strasbourg_in_2015/0/pictures/Straßburg_Palais_Rohan_04.jpg
Cathédrale_Notre-Dame_de_Strasbourg,25880,0,commons/Cathédrale_Notre-Dame_de_Strasbourg_from_the_northwest/0/pictures/Cathédrale_Notre-Dame_de_Strasbourg_éclairée_la_nuit.jpg
Cathédrale_Notre-Dame_de_Strasbourg,25880,0,commons/Central_portal_of_the_western_facade_of_Notre-Dame_de_Strasbourg/0/pictures/Strasbourg_Cathedral_-_Door_Arch_-_Detail_10_(7684367304).jpg
Cathédrale_Notre-Dame_de_Strasbourg,25880,0,commons/West_facade_of_Notre-Dame_de_Strasbourg/0/pictures/Strasbourg_-_panoramio_(47).jpg
Cathédrale_Notre-Dame_de_Strasbourg,25880,0,"commons/Roofs_of_Notre-Dame_de_Strasbourg/0/pictures/Cathédrale_Notre-Dame,_vue_du_toit_(Strasbourg).JPG"
Cathédrale_Notre-Dame_de_Strasbourg,25880,0,commons/Views_from_Notre-Dame_de_Strasbourg_in_2015/0/pictures/Straßburg_Palais_Rohan_01.jpg
Cathédrale_Notre-Dame_de_Strasbourg,25880,0,commons/Cathédrale_Notre-Dame_de_Strasbourg_from_the_northwest/0/pictures/Cathédrale_Notre-Dame_de_Strasbourg_en_nuances_de_gris.jpg
Cathédrale_Notre-Dame_de_Strasbourg,25880,0,commons/Tower_of_Notre-Dame_de_Strasbourg/0/pictures/Strasbourg_-_Place_Gutenberg_-_Panoramic_Photocompilation_II.jpg
Cathédrale_Notre-Dame_de_Strasbourg,25880,0,commons/Central_portal_of_the_western_facade_of_Notre-Dame_de_Strasbourg/0/pictures/Strasbourg_39.jpg
Cathédrale_Notre-Dame_de_Strasbourg,25880,0,commons/West_facade_of_Notre-Dame_de_Strasbourg/0/pictures/Strasbourg_-_panoramio_(135).jpg
Cathédrale_Notre-Dame_de_Strasbourg,25880,0,commons/Roofs_of_Notre-Dame_de_Strasbourg/0/pictures/Strasbourg_Cathedral_(52298045508).jpg
Cathédrale_Notre-Dame_de_Strasbourg,25880,0,commons/West_facade_of_Notre-Dame_de_Strasbourg/0/pictures/Straßburg_1987_(05)_Straßburger_Münster_(50984050633).jpg
Cathédrale_Notre-Dame_de_Strasbourg,25880,0,commons/Cathédrale_Notre-Dame_de_Strasbourg_from_the_northwest/0/pictures/Cathédrale_Notre-Dame_de_Strasbourg_à_l'aurore.jpg
Cathédrale_Notre-Dame_de_Strasbourg,25880,0,commons/Tower_of_Notre-Dame_de_Strasbourg/0/pictures/Strasbourg_-_Notre-Dame_de_Strasbourg_-_South_side_of_the_cathedral_with_tower_01.jpg
Cathédrale_Notre-Dame_de_Strasbourg,25880,0,commons/West_facade_of_Notre-Dame_de_Strasbourg/0/pictures/Strasbourg_-_Cathédrale_Notre-Dame_-.jpg
Cathédrale_Notre-Dame_de_Strasbourg,25880,0,commons/West_facade_of_Notre-Dame_de_Strasbourg_seen_from_rue_Mercière/0/pictures/CATHEDRALE_DE_STRASBOURG.jpg
Cathédrale_Notre-Dame_de_Strasbourg,25880,0,commons/Views_from_Notre-Dame_de_Strasbourg_in_2018/0/pictures/Observatory_@_Cathédrale_Notre-Dame_de_Strasbourg_@_Strasbourg_(30639681887).jpg
Cathédrale_Notre-Dame_de_Strasbourg,25880,0,commons/Cathédrale_Notre-Dame_de_Strasbourg_from_the_northwest/0/pictures/The_Kammerzell_house_and_the_cathedral_(4531639537).jpg
Cathédrale_Notre-Dame_de_Strasbourg,25880,0,commons/North_side_of_Notre-Dame_de_Strasbourg/0/pictures/Cathedrale-de-Strasbourg-IMG_1373.jpg
Cathédrale_Notre-Dame_de_Strasbourg,25880,0,commons/Tower_of_Notre-Dame_de_Strasbourg/0/pictures/Strasbourg_2009_IMG_4034.jpg
Cathédrale_Notre-Dame_de_Strasbourg,25880,0,commons/West_facade_of_Notre-Dame_de_Strasbourg/0/pictures/Strassburg-Muenster-134-Westfassade-2017-gje.jpg
Cathédrale_Notre-Dame_de_Strasbourg,25880,0,commons/Tower_of_Notre-Dame_de_Strasbourg/0/pictures/Strasbourg_-_Notre-Dame_de_Strasbourg_-_South_side_of_the_cathedral_with_tower_02.jpg
Cathédrale_Notre-Dame_de_Strasbourg,25880,0,commons/Cathédrale_Notre-Dame_de_Strasbourg_from_the_northwest/0/pictures/Cathédrale_de_Strasbourg_super-déformée.jpg
Cathédrale_Notre-Dame_de_Strasbourg,25880,0,commons/Tower_of_Notre-Dame_de_Strasbourg/0/pictures/Strasbourg_-_Notre-Dame_de_Strasbourg_-_Fisheye_panorama_of_unfinished_south_tower_on_south-west_corner_of_the_cathedral_03.jpg
Cathédrale_Notre-Dame_de_Strasbourg,25880,0,commons/Nave_of_Notre-Dame_de_Strasbourg/0/pictures/Nef_de_la_cathédrale_de_Strasbourg_vue_par_le_portail_central_ouvert_06.jpg
Cathédrale_Notre-Dame_de_Strasbourg,25880,0,commons/West_facade_of_Notre-Dame_de_Strasbourg/0/pictures/Straßburg_(DerHexer)_2010-12-20_054.jpg
Cathédrale_Notre-Dame_de_Strasbourg,25880,0,commons/Cathédrale_Notre-Dame_de_Strasbourg_from_the_northwest/0/pictures/Cathedrale_Strasbourg_France.jpg
Cathédrale_Notre-Dame_de_Strasbourg,25880,0,commons/Tower_of_Notre-Dame_de_Strasbourg/0/pictures/Strasbourg_-_Notre-Dame_de_Strasbourg_-_Fisheye_panorama_of_unfinished_south_tower_on_south-west_corner_of_the_cathedral_01.jpg
Cathédrale_Notre-Dame_de_Strasbourg,25880,0,commons/Nave_of_Notre-Dame_de_Strasbourg/0/pictures/Nef_de_la_cathédrale_de_Strasbourg_vue_par_le_portail_central_ouvert_05.jpg
Cathédrale_Notre-Dame_de_Strasbourg,25880,0,commons/Cathédrale_Notre-Dame_de_Strasbourg_from_the_northwest/0/pictures/Cathédrale_Notre-Dame_de_Strasbourg_-_France.jpg
Cathédrale_Notre-Dame_de_Strasbourg,25880,0,commons/Tower_of_Notre-Dame_de_Strasbourg/0/pictures/Strasbourg_-_Notre-Dame_de_Strasbourg_-_Fisheye_panorama_of_unfinished_south_tower_on_south-west_corner_of_the_cathedral_02.jpg
Cathédrale_Notre-Dame_de_Strasbourg,25880,0,commons/Central_portal_of_the_western_facade_of_Notre-Dame_de_Strasbourg/0/pictures/Straßburg_im_Sommer_2013_(9982311734).jpg
Cathédrale_Notre-Dame_de_Strasbourg,25880,0,commons/West_facade_of_Notre-Dame_de_Strasbourg/0/pictures/StrasbourgCath_08.jpg
Cathédrale_Notre-Dame_de_Strasbourg,25880,0,commons/Cathédrale_Notre-Dame_de_Strasbourg_from_the_northwest/0/pictures/Cathedrale-de-Strasbourg-IMG_1284.jpg
Cathédrale_Notre-Dame_de_Strasbourg,25880,0,commons/Tower_of_Notre-Dame_de_Strasbourg/0/pictures/Strasbourg_-_Notre-Dame_de_Strasbourg_-_Fisheye_panorama_of_unfinished_south_tower_of_south-west_side_of_the_cathedral_01.jpg
Cathédrale_Notre-Dame_de_Strasbourg,25880,0,commons/West_facade_of_Notre-Dame_de_Strasbourg/0/pictures/StrasbourgCathedrale.jpg
Cathédrale_Notre-Dame_de_Strasbourg,25880,0,commons/Cathédrale_Notre-Dame_de_Strasbourg_from_the_northwest/0/pictures/Cathédrale_Notre-Dame_de_Strasbourg_@_Strasbourg_(45569056632).jpg
Cathédrale_Notre-Dame_de_Strasbourg,25880,0,commons/Tower_of_Notre-Dame_de_Strasbourg/0/pictures/Strasbourg_-_Krämergass_-_Panoramic_Photocompilation.jpg
Cathédrale_Notre-Dame_de_Strasbourg,25880,0,commons/Views_from_Notre-Dame_de_Strasbourg_in_2015/0/pictures/Palais_Rohan_vom_Straßburger_Münster_aus.JPG
Cathédrale_Notre-Dame_de_Strasbourg,25880,0,commons/Cathédrale_Notre-Dame_de_Strasbourg_from_the_northwest/0/pictures/2010_06_24_canaltrip_strasbourg_361_(22631965547).jpg
Cathédrale_Notre-Dame_de_Strasbourg,25880,0,commons/Tower_of_Notre-Dame_de_Strasbourg/0/pictures/Strasbourg_-_Notre-Dame_de_Strasbourg_-_Fisheye_panorama_of_unfinished_south_tower_of_south-west_side_of_the_cathedral_05.jpg
Cathédrale_Notre-Dame_de_Strasbourg,25880,0,commons/West_facade_of_Notre-Dame_de_Strasbourg/0/pictures/Église-Strasbourg.JPG
Cathédrale_Notre-Dame_de_Strasbourg,25880,0,commons/North_side_of_Notre-Dame_de_Strasbourg/0/pictures/Cathedrale-de-Strasbourg-IMG_4277.jpg
Cathédrale_Notre-Dame_de_Strasbourg,25880,0,commons/Tower_of_Notre-Dame_de_Strasbourg/0/pictures/Strasbourg_Cathedral_-_North_Towers_Spire_(7684404808).jpg
Cathédrale_Notre-Dame_de_Strasbourg,25880,0,commons/West_facade_of_Notre-Dame_de_Strasbourg/0/pictures/StrasbourgCathFacaW_53.JPG
Cathédrale_Notre-Dame_de_Strasbourg,25880,0,commons/Views_from_Notre-Dame_de_Strasbourg_in_2014/0/pictures/Vue_supérieure_de_la_plate-forme_(Cathédrale_de_Strasbourg).jpg
Cathédrale_Notre-Dame_de_Strasbourg,25880,0,commons/Cathédrale_Notre-Dame_de_Strasbourg_from_the_northwest/0/pictures/Cathédrale_Notre_dame_de_Strasbourg_02.jpg
Cathédrale_Notre-Dame_de_Strasbourg,25880,0,commons/Tower_of_Notre-Dame_de_Strasbourg/0/pictures/Strasbourg_-_Notre-Dame_de_Strasbourg_-_Fisheye_panorama_of_unfinished_south_tower_of_south-west_side_of_the_cathedral_04.jpg
Cathédrale_Notre-Dame_de_Strasbourg,25880,0,commons/Central_portal_of_the_western_facade_of_Notre-Dame_de_Strasbourg/0/pictures/Strasbourg_-_Notre-Dame_de_Strasbourg_(1015-1439)_-_Central_Portal_-_Depiction_of_Redemption_10.jpg
Cathédrale_Notre-Dame_de_Strasbourg,25880,0,commons/West_facade_of_Notre-Dame_de_Strasbourg/0/pictures/Strasbourg_(8398071777).jpg
Cathédrale_Notre-Dame_de_Strasbourg,25880,0,commons/West_facade_of_Notre-Dame_de_Strasbourg/0/pictures/Паровозик_-_panoramio_(1).jpg
Cathédrale_Notre-Dame_de_Strasbourg,25880,0,commons/Views_from_Notre-Dame_de_Strasbourg_in_2017/0/pictures/Strasbourg_Juillet_2017_dsc_9498_35639913331_o_(49078066322).jpg
Cathédrale_Notre-Dame_de_Strasbourg,25880,0,commons/Cathédrale_Notre-Dame_de_Strasbourg_from_the_northwest/0/pictures/Straßburg_(32631781827).jpg
Cathédrale_Notre-Dame_de_Strasbourg,25880,0,commons/North_side_of_Notre-Dame_de_Strasbourg/0/pictures/Cathedrale-de-Strasbourg-IMG_1367.jpg
Cathédrale_Notre-Dame_de_Strasbourg,25880,0,commons/Tower_of_Notre-Dame_de_Strasbourg/0/pictures/Strasbourg_Cathedral_-_North_Tower_(7687450836).jpg
Cathédrale_Notre-Dame_de_Strasbourg,25880,0,commons/Gargoyles_of_Notre-Dame_de_Strasbourg/0/pictures/Straßburg_im_Sommer_2013_(9982202845).jpg
Cathédrale_Notre-Dame_de_Strasbourg,25880,0,commons/South_side_of_Notre-Dame_de_Strasbourg/0/pictures/Cathédrale_Notre-Dame_façade_sud_Strasbourg_16.jpg
Cathédrale_Notre-Dame_de_Strasbourg,25880,0,commons/West_facade_of_Notre-Dame_de_Strasbourg/0/pictures/Strasbourgs_pride.jpg
Cathédrale_Notre-Dame_de_Strasbourg,25880,0,commons/Views_from_Notre-Dame_de_Strasbourg_in_2014/0/pictures/Vue_de_la_nef_(Cathédrale_de_Strasbourg).jpg
Cathédrale_Notre-Dame_de_Strasbourg,25880,0,commons/Cathédrale_Notre-Dame_de_Strasbourg_from_the_northwest/0/pictures/Cathédrale_Notre_dame_de_Strasbourg_01.jpg
Cathédrale_Notre-Dame_de_Strasbourg,25880,0,commons/Tower_of_Notre-Dame_de_Strasbourg/0/pictures/Strasbourg_-_Notre-Dame_de_Strasbourg_-_Fisheye_panorama_of_unfinished_south_tower_of_south-west_side_of_the_cathedral_03.jpg
Cathédrale_Notre-Dame_de_Strasbourg,25880,0,commons/Central_portal_of_the_western_facade_of_Notre-Dame_de_Strasbourg/0/pictures/Straßburg_Münster_Hauptportal_mit_Höhenmarke.jpg
Cathédrale_Notre-Dame_de_Strasbourg,25880,0,commons/West_facade_of_Notre-Dame_de_Strasbourg/0/pictures/StrasbourgCathFacaW_42.JPG
Cathédrale_Notre-Dame_de_Strasbourg,25880,0,commons/Rose_window_of_Notre-Dame_de_Strasbourg_(exterior_view)/0/pictures/Straßburg_Cathédrale_Notre-Dame_Westrosette.jpg
Cathédrale_Notre-Dame_de_Strasbourg,25880,0,commons/Cathédrale_Notre-Dame_de_Strasbourg_from_the_northwest/0/pictures/2010_06_24_canaltrip_strasbourg_360_(23050292075).jpg
Cathédrale_Notre-Dame_de_Strasbourg,25880,0,commons/Tower_of_Notre-Dame_de_Strasbourg/0/pictures/Strasbourg_-_Notre-Dame_de_Strasbourg_-_Fisheye_panorama_of_unfinished_south_tower_of_south-west_side_of_the_cathedral_02.jpg
Cathédrale_Notre-Dame_de_Strasbourg,25880,0,commons/Gargoyles_of_Notre-Dame_de_Strasbourg/0/pictures/Cathédrale_Notre-Dame_de_Strasbourg_-_panoramio_(7).jpg
Cathédrale_Notre-Dame_de_Strasbourg,25880,0,commons/Details_of_the_west_facade_of_Notre-Dame_de_Strasbourg/0/pictures/Strasbourg_Cathédrale4A.JPG
Cathédrale_Notre-Dame_de_Strasbourg,25880,0,"commons/West_facade_of_Notre-Dame_de_Strasbourg_seen_from_rue_Mercière/0/pictures/Strasbourg,_Katedral_-_panoramio.jpg"
Cathédrale_Notre-Dame_de_Strasbourg,25880,0,commons/Central_portal_of_the_western_facade_of_Notre-Dame_de_Strasbourg/0/pictures/Strasbourg_-_Notre-Dame_de_Strasbourg_(1015-1439)_-_Central_Portal_-_Depiction_of_Redemption_08.jpg
Cathédrale_Notre-Dame_de_Strasbourg,25880,0,commons/West_facade_of_Notre-Dame_de_Strasbourg/0/pictures/Strasbourg_(8398070957).jpg
Cathédrale_Notre-Dame_de_Strasbourg,25880,0,commons/West_facade_of_Notre-Dame_de_Strasbourg_seen_from_rue_Mercière/0/pictures/2014_in_Strasbourg_-_e.jpg
Cathédrale_Notre-Dame_de_Strasbourg,25880,0,commons/West_facade_of_Notre-Dame_de_Strasbourg/0/pictures/StrasbourgCath_09.jpg
Cathédrale_Notre-Dame_de_Strasbourg,25880,0,commons/Views_from_Notre-Dame_de_Strasbourg_in_2014/0/pictures/Place_du_Château_vue_depuis_la_cathédrale.jpg
Cathédrale_Notre-Dame_de_Strasbourg,25880,0,commons/Cathédrale_Notre-Dame_de_Strasbourg_from_the_northwest/0/pictures/Cathédrale_Notre_Dame_de_Strasbourg_2020.jpg
Cathédrale_Notre-Dame_de_Strasbourg,25880,0,commons/Tower_of_Notre-Dame_de_Strasbourg/0/pictures/Strasbourg_-_Flèche_de_la_Cathédrale_Notre-Dame.jpg
Cathédrale_Notre-Dame_de_Strasbourg,25880,0,commons/Central_portal_of_the_western_facade_of_Notre-Dame_de_Strasbourg/0/pictures/Strasbourg_cathedral_door_detail.jpg
Cathédrale_Notre-Dame_de_Strasbourg,25880,0,commons/West_facade_of_Notre-Dame_de_Strasbourg/0/pictures/Strasbourg_Münster.jpg
Cathédrale_Notre-Dame_de_Strasbourg,25880,0,commons/Rose_window_of_Notre-Dame_de_Strasbourg_(exterior_view)/0/pictures/Cathédrale_strasbourg_03.jpg
Cathédrale_Notre-Dame_de_Strasbourg,25880,0,commons/West_facade_of_Notre-Dame_de_Strasbourg/0/pictures/Straßburger_Münster_by_fotogoocom_-_panoramio.jpg
Cathédrale_Notre-Dame_de_Strasbourg,25880,0,commons/Tower_of_Notre-Dame_de_Strasbourg/0/pictures/Strasbourg_2009_IMG_3890.jpg
Cathédrale_Notre-Dame_de_Strasbourg,25880,0,commons/West_facade_of_Notre-Dame_de_Strasbourg/0/pictures/Straßburger_Münster_-_panoramio_(3).jpg
Cathédrale_Notre-Dame_de_Strasbourg,25880,0,"commons/Central_portal_of_the_western_facade_of_Notre-Dame_de_Strasbourg/0/pictures/Strasbourg_Cathedral,_central_portal_of_west_facade,_looking_up_from_below.jpg"
Cathédrale_Notre-Dame_de_Strasbourg,25880,0,commons/West_facade_of_Notre-Dame_de_Strasbourg/0/pictures/Strasbourg_MG_8139_(52267204790).jpg
Cathédrale_Notre-Dame_de_Strasbourg,25880,0,commons/Rose_window_of_Notre-Dame_de_Strasbourg_(exterior_view)/0/pictures/PMa_000114_F_Strasbourg.jpg
Cathédrale_Notre-Dame_de_Strasbourg,25880,0,commons/West_facade_of_Notre-Dame_de_Strasbourg/0/pictures/Straßburg_Münster_2009-046.jpg
Cathédrale_Notre-Dame_de_Strasbourg,25880,0,commons/Views_from_Notre-Dame_de_Strasbourg_in_2016/0/pictures/Strasbourg_-_2016_(29867923142).jpg
Cathédrale_Notre-Dame_de_Strasbourg,25880,0,commons/Cathédrale_Notre-Dame_de_Strasbourg_from_the_northwest/0/pictures/Strasbourg_(8398057929).jpg
Cathédrale_Notre-Dame_de_Strasbourg,25880,0,commons/Tower_of_Notre-Dame_de_Strasbourg/0/pictures/Strasbourg_2009_IMG_3846.jpg
Cathédrale_Notre-Dame_de_Strasbourg,25880,0,commons/West_facade_of_Notre-Dame_de_Strasbourg/0/pictures/Straßburg_Cathédrale_Notre-Dame_Front_7.JPG
Cathédrale_Notre-Dame_de_Strasbourg,25880,0,commons/Cathédrale_Notre-Dame_de_Strasbourg_from_the_northwest/0/pictures/Maison_Kammerzell_et_cathédrale_de_Strasbourg.JPG
Cathédrale_Notre-Dame_de_Strasbourg,25880,0,commons/Tower_of_Notre-Dame_de_Strasbourg/0/pictures/Strasbourg_-_Place_du_Château_-_View_West.jpg
Cathédrale_Notre-Dame_de_Strasbourg,25880,0,commons/Cathédrale_Notre-Dame_de_Strasbourg_from_the_southeast/0/pictures/Cathédrale_Notre-Dame_de_Strasbourg_@_Strasbourg_(44705495765).jpg
Cathédrale_Notre-Dame_de_Strasbourg,25880,0,commons/North_side_of_Notre-Dame_de_Strasbourg/0/pictures/Observatory_@_Cathédrale_Notre-Dame_de_Strasbourg_@_Strasbourg_(45580824921).jpg
Cathédrale_Notre-Dame_de_Strasbourg,25880,0,commons/Tower_of_Notre-Dame_de_Strasbourg/0/pictures/Straßburg_(DerHexer)_2010-12-20_006.jpg
Cathédrale_Notre-Dame_de_Strasbourg,25880,0,commons/Central_portal_of_the_western_facade_of_Notre-Dame_de_Strasbourg/0/pictures/Strasbourg_02_(5479876446).jpg
Cathédrale_Notre-Dame_de_Strasbourg,25880,0,commons/West_facade_of_Notre-Dame_de_Strasbourg/0/pictures/Strasbourg_Christmas_Market_2017_(1)_13.jpg
Cathédrale_Notre-Dame_de_Strasbourg,25880,0,"commons/Rose_window_of_Notre-Dame_de_Strasbourg_(exterior_view)/0/pictures/Cathédrale_de_Strasbourg,_façade,_rosace_vue_de_la_rue.jpg"
Cathédrale_Notre-Dame_de_Strasbourg,25880,0,commons/West_facade_of_Notre-Dame_de_Strasbourg/0/pictures/Tower_@_Cathédrale_Notre-Dame_de_Strasbourg_@_Strasbourg_(31747372548).jpg
Cathédrale_Notre-Dame_de_Strasbourg,25880,0,commons/West_facade_of_Notre-Dame_de_Strasbourg/0/pictures/Straßburg_Cathédrale_Notre-Dame_Front_8.JPG
Cathédrale_Notre-Dame_de_Strasbourg,25880,0,commons/Cathédrale_Notre-Dame_de_Strasbourg_from_the_northwest/0/pictures/Maison_Kammerzell_et_cathédrale_(Strasbourg).jpg
Cathédrale_Notre-Dame_de_Strasbourg,25880,0,commons/Tower_of_Notre-Dame_de_Strasbourg/0/pictures/Strasbourg_-_Place_du_Château_-_South_Portal_Cathedral_II.jpg
Cathédrale_Notre-Dame_de_Strasbourg,25880,0,commons/West_facade_of_Notre-Dame_de_Strasbourg/0/pictures/The_Kammerzell_house_and_the_cathedral_(4725493446).jpg
Cathédrale_Notre-Dame_de_Strasbourg,25880,0,commons/Cathédrale_Notre-Dame_de_Strasbourg_from_the_northwest/0/pictures/Strasbourg_(8399142584).jpg
Cathédrale_Notre-Dame_de_Strasbourg,25880,0,commons/Tower_of_Notre-Dame_de_Strasbourg/0/pictures/Strasbourg_2009_IMG_3845.jpg
Cathédrale_Notre-Dame_de_Strasbourg,25880,0,commons/West_facade_of_Notre-Dame_de_Strasbourg/0/pictures/Straßburg_Cathédrale_Notre-Dame_Front_5.JPG
Cathédrale_Notre-Dame_de_Strasbourg,25880,0,commons/Tower_of_Notre-Dame_de_Strasbourg/0/pictures/Strasbourg_-_View_on_Cathedral_from_Inside_Court_Palais_Rohan.jpg
Cathédrale_Notre-Dame_de_Strasbourg,25880,0,commons/West_facade_of_Notre-Dame_de_Strasbourg/0/pictures/The_Kammerzell_house_and_the_cathedral_(4531639537).jpg
Cathédrale_Notre-Dame_de_Strasbourg,25880,0,commons/Cathédrale_Notre-Dame_de_Strasbourg_from_the_northwest/0/pictures/Strasbourg_(8398062145).jpg
Cathédrale_Notre-Dame_de_Strasbourg,25880,0,commons/North_side_of_Notre-Dame_de_Strasbourg/0/pictures/2010_06_24_canaltrip_strasbourg_535_(23024212106).jpg
Cathédrale_Notre-Dame_de_Strasbourg,25880,0,commons/Tower_of_Notre-Dame_de_Strasbourg/0/pictures/Strasbourg_2009_IMG_3839.jpg
Cathédrale_Notre-Dame_de_Strasbourg,25880,0,commons/West_facade_of_Notre-Dame_de_Strasbourg/0/pictures/Strasbourg_Muenster_Kammerzell.jpg
Cathédrale_Notre-Dame_de_Strasbourg,25880,0,commons/Rose_window_of_Notre-Dame_de_Strasbourg_(exterior_view)/0/pictures/Cathédrale_Notre-Dame_de_Strasbourg_@_Strasbourg_(43752052660).jpg
Cathédrale_Notre-Dame_de_Strasbourg,25880,0,commons/West_facade_of_Notre-Dame_de_Strasbourg/0/pictures/Straßburg_im_Sommer_2013_(9982262515).jpg
Cathédrale_Notre-Dame_de_Strasbourg,25880,0,commons/Tower_of_Notre-Dame_de_Strasbourg/0/pictures/Strasbourg_2009_IMG_3837.jpg
Cathédrale_Notre-Dame_de_Strasbourg,25880,0,commons/Central_portal_of_the_western_facade_of_Notre-Dame_de_Strasbourg/0/pictures/Strasbourg_(Bas-Rhin)_-_Cathédrale_Notre-Dame_-_Portail_principal_-_Tympan.jpg
Cathédrale_Notre-Dame_de_Strasbourg,25880,0,commons/West_facade_of_Notre-Dame_de_Strasbourg/0/pictures/Strasbourg_(73385719).jpeg
Cathédrale_Notre-Dame_de_Strasbourg,25880,0,commons/Central_portal_of_the_western_facade_of_Notre-Dame_de_Strasbourg/0/pictures/Portal_zum_Straßburger_Münster.jpg
Cathédrale_Notre-Dame_de_Strasbourg,25880,0,commons/West_facade_of_Notre-Dame_de_Strasbourg/0/pictures/Notre-Dame_Strasbourg_façade_occidentale-1.jpg
Cathédrale_Notre-Dame_de_Strasbourg,25880,0,commons/West_facade_of_Notre-Dame_de_Strasbourg/0/pictures/Straßburg_Münster_2002.jpg
Cathédrale_Notre-Dame_de_Strasbourg,25880,0,commons/Views_from_Notre-Dame_de_Strasbourg_in_2015/0/pictures/View_from_Strasbourg_Cathedral_(18330917542).jpg
Cathédrale_Notre-Dame_de_Strasbourg,25880,0,commons/Cathédrale_Notre-Dame_de_Strasbourg_from_the_northwest/0/pictures/STRASBOURG_Maison_Kammerzell_+_cathédrale_-_©_C._FLEITH.jpg
Cathédrale_Notre-Dame_de_Strasbourg,25880,0,commons/West_facade_of_Notre-Dame_de_Strasbourg/0/pictures/Straßburger_Münster_im_September_21.jpg
Cathédrale_Notre-Dame_de_Strasbourg,25880,0,commons/Cathédrale_Notre-Dame_de_Strasbourg_from_the_northwest/0/pictures/Notre-Dame_de_Strasbourg_West_façade.jpg
Cathédrale_Notre-Dame_de_Strasbourg,25880,0,commons/Tower_of_Notre-Dame_de_Strasbourg/0/pictures/Strasbourg_2009_IMG_3765.JPG
Cathédrale_Notre-Dame_de_Strasbourg,25880,0,commons/West_facade_of_Notre-Dame_de_Strasbourg/0/pictures/Страсбургский_собор_-_panoramio.jpg
Cathédrale_Notre-Dame_de_Strasbourg,25880,0,commons/Cathédrale_Notre-Dame_de_Strasbourg_from_the_northwest/0/pictures/Strasbourg_Muenster_Kammerzell.jpg
Cathédrale_Notre-Dame_de_Strasbourg,25880,0,commons/North_side_of_Notre-Dame_de_Strasbourg/0/pictures/2011.09.17.160612_View_arches_north_side_cathedral_Strasbourg.jpg
Cathédrale_Notre-Dame_de_Strasbourg,25880,0,commons/Tower_of_Notre-Dame_de_Strasbourg/0/pictures/Strasbourg_2009_IMG_3934.jpg
Cathédrale_Notre-Dame_de_Strasbourg,25880,0,commons/Cathédrale_Notre-Dame_de_Strasbourg_from_the_northwest/0/pictures/20111121-110536_La_Maison_Kammerzell.jpg
Cathédrale_Notre-Dame_de_Strasbourg,25880,0,commons/Tower_of_Notre-Dame_de_Strasbourg/0/pictures/Strasbourg_-_2016_(29867912402).jpg
Cathédrale_Notre-Dame_de_Strasbourg,25880,0,commons/Central_portal_of_the_western_facade_of_Notre-Dame_de_Strasbourg/0/pictures/StrasbourgCathFacaW_18.JPG
Cathédrale_Notre-Dame_de_Strasbourg,25880,0,commons/West_facade_of_Notre-Dame_de_Strasbourg/0/pictures/Strasbourg_Noel_2021_6897_DxO_GF.jpg
Cathédrale_Notre-Dame_de_Strasbourg,25880,0,commons/Rose_window_of_Notre-Dame_de_Strasbourg_(exterior_view)/0/pictures/NOTRE_DAME_IN_ESTRASBURG.jpg
Cathédrale_Notre-Dame_de_Strasbourg,25880,0,commons/West_facade_of_Notre-Dame_de_Strasbourg/0/pictures/Straßburger_Münster_-_panoramio_(2).jpg
Cathédrale_Notre-Dame_de_Strasbourg,25880,0,commons/Views_from_Notre-Dame_de_Strasbourg_in_2016/0/pictures/Strasbourg_-_2016_(29355097203).jpg
Cathédrale_Notre-Dame_de_Strasbourg,25880,0,commons/Cathédrale_Notre-Dame_de_Strasbourg_from_the_northwest/0/pictures/Strasbourg_(38965358334).jpg
Cathédrale_Notre-Dame_de_Strasbourg,25880,0,commons/Tower_of_Notre-Dame_de_Strasbourg/0/pictures/Strasbourg_-_panoramio_(131).jpg
Cathédrale_Notre-Dame_de_Strasbourg,25880,0,commons/Central_portal_of_the_western_facade_of_Notre-Dame_de_Strasbourg/0/pictures/Strasbourg_(Bas-Rhin)_-_Cathédrale_Notre-Dame_-_Portail_principal_-_Ebrasement_de_gauche.jpg
Cathédrale_Notre-Dame_de_Strasbourg,25880,0,commons/West_facade_of_Notre-Dame_de_Strasbourg/0/pictures/Perspective_de_la_cathédrale_de_Strasbourg.JPG
Cathédrale_Notre-Dame_de_Strasbourg,25880,0,commons/West_facade_of_Notre-Dame_de_Strasbourg/0/pictures/Straßburger_Münster_-_panoramio.jpg
Cathédrale_Notre-Dame_de_Strasbourg,25880,0,commons/Cathédrale_Notre-Dame_de_Strasbourg_from_the_northwest/0/pictures/Strasbourg_(8398061035).jpg
Cathédrale_Notre-Dame_de_Strasbourg,25880,0,commons/Tower_of_Notre-Dame_de_Strasbourg/0/pictures/Strasbourg_2009_IMG_3757.JPG
Cathédrale_Notre-Dame_de_Strasbourg,25880,0,commons/Flying_buttresses_of_Notre-Dame_de_Strasbourg/0/pictures/Straßburg_Cathédrale_Notre-Dame_Oktogon_2.JPG
Cathédrale_Notre-Dame_de_Strasbourg,25880,0,commons/West_facade_of_Notre-Dame_de_Strasbourg/0/pictures/May_France_Cite_Strasbourg_Ville_d'Alsace_-_Alsace_magic_Elsaß_Photography_2014_La_Terreur_-_Gouvernement_clerical_Die_Macht_Roms_in_Frankreich_-_panoramio_(2).jpg
Cathédrale_Notre-Dame_de_Strasbourg,25880,0,commons/Chimère_de_la_facade_de_la_cathédrale_Notre-Dame_de_Strasbourg/0/pictures/Strasbourg_-_Notre-Dame_de_Strasbourg_-_West_façade_of_the_cathedral_-_Chimera_01.jpg
Cathédrale_Notre-Dame_de_Strasbourg,25880,0,commons/West_facade_of_Notre-Dame_de_Strasbourg/0/pictures/Straßburg_Cathédrale_Notre-Dame_Fassade_3.jpg
Cathédrale_Notre-Dame_de_Strasbourg,25880,0,commons/Views_from_Notre-Dame_de_Strasbourg_in_2015/0/pictures/Straßburg_Palais_Rohan_02.jpg
Cathédrale_Notre-Dame_de_Strasbourg,25880,0,commons/Cathédrale_Notre-Dame_de_Strasbourg_from_the_northwest/0/pictures/FR-67-Strasbourg14.JPG
Cathédrale_Notre-Dame_de_Strasbourg,25880,0,commons/Tower_of_Notre-Dame_de_Strasbourg/0/pictures/Strasbourg_-_Place_Gutenberg_-_Panoramic_Photocompilation_I.jpg
Cathédrale_Notre-Dame_de_Strasbourg,25880,0,commons/Cathédrale_Notre-Dame_de_Strasbourg_from_the_northwest/0/pictures/Strasbourg_March_2019_(47398723702).jpg
Cathédrale_Notre-Dame_de_Strasbourg,25880,0,commons/North_side_of_Notre-Dame_de_Strasbourg/0/pictures/2011.09.17.160227_View_arches_north_side_cathedral_Strasbourg.jpg
Cathédrale_Notre-Dame_de_Strasbourg,25880,0,commons/Tower_of_Notre-Dame_de_Strasbourg/0/pictures/Strasbourg_Cathedral_-_North_Tower_(7687450526).jpg
Cathédrale_Notre-Dame_de_Strasbourg,25880,0,commons/West_facade_of_Notre-Dame_de_Strasbourg_seen_from_rue_Mercière/0/pictures/Cathedral_of_Notre-Dame.jpg
Cathédrale_Notre-Dame_de_Strasbourg,25880,0,commons/Views_from_Notre-Dame_de_Strasbourg_in_2018/0/pictures/Observatory_@_Cathédrale_Notre-Dame_de_Strasbourg_@_Strasbourg_(30639686277).jpg
Cathédrale_Notre-Dame_de_Strasbourg,25880,0,commons/Cathédrale_Notre-Dame_de_Strasbourg_from_the_northwest/0/pictures/The_Kammerzell_house_and_the_cathedral_(4725493446).jpg
Cathédrale_Notre-Dame_de_Strasbourg,25880,0,commons/Tower_of_Notre-Dame_de_Strasbourg/0/pictures/Strasbourg_Cathedral_-_panoramio_-_Evgeny_L..jpg
Cathédrale_Notre-Dame_de_Strasbourg,25880,0,commons/Central_portal_of_the_western_facade_of_Notre-Dame_de_Strasbourg/0/pictures/Straßburg_Münster_2009-047.jpg
Cathédrale_Notre-Dame_de_Strasbourg,25880,0,"commons/West_facade_of_Notre-Dame_de_Strasbourg/0/pictures/Strasbourg,_décembre_2018_(32466048308).jpg"
Cathédrale_Notre-Dame_de_Strasbourg,25880,0,commons/Cathédrale_Notre-Dame_de_Strasbourg_from_the_northwest/0/pictures/Cathedral_behind_Kammerzell_mascaron_-_panoramio.jpg
Cathédrale_Notre-Dame_de_Strasbourg,25880,0,commons/West_facade_of_Notre-Dame_de_Strasbourg/0/pictures/Strasbourg_Noel_2021_6941_Nik_DxO_GF.jpg
Cathédrale_Notre-Dame_de_Strasbourg,25880,0,commons/West_facade_of_Notre-Dame_de_Strasbourg/0/pictures/Strassburg-Muenster-136-Westfassade_unten-2017-gje.jpg
Cathédrale_Notre-Dame_de_Strasbourg,25880,0,commons/Views_from_Notre-Dame_de_Strasbourg_in_2015/0/pictures/Straßburg_Blick_vom_Münster_1a.jpg
Cathédrale_Notre-Dame_de_Strasbourg,25880,0,commons/Cathédrale_Notre-Dame_de_Strasbourg_from_the_northwest/0/pictures/Cathédrale_Notre_dame_de_Strasbourg_04.jpg
Cathédrale_Notre-Dame_de_Strasbourg,25880,0,commons/Tower_of_Notre-Dame_de_Strasbourg/0/pictures/Strasbourg_-_Cathédrale.jpg
Cathédrale_Notre-Dame_de_Strasbourg,25880,0,commons/Cathédrale_Notre-Dame_de_Strasbourg/0/pictures/-i---i-_(38720621320).jpg
Cathédrale_Notre-Dame_de_Strasbourg,25880,0,commons/West_facade_of_Notre-Dame_de_Strasbourg/0/pictures/Strasbourg_cathedral_2008.jpg
Cathédrale_Notre-Dame_de_Strasbourg,25880,0,commons/Rose_window_of_Notre-Dame_de_Strasbourg_(exterior_view)/0/pictures/Fensterdetail.jpg
Cathédrale_Notre-Dame_de_Strasbourg,25880,0,commons/Cathédrale_Notre-Dame_de_Strasbourg_from_the_northwest/0/pictures/Cathédrale_de_Strasbourg_juillet_2023.jpg
Cathédrale_Notre-Dame_de_Strasbourg,25880,0,commons/Tower_of_Notre-Dame_de_Strasbourg/0/pictures/Strasbourg_-_Notre-Dame_de_Strasbourg_-_South_side_of_the_cathedral_with_tower_03.jpg
Cathédrale_Notre-Dame_de_Strasbourg,25880,0,commons/West_facade_of_Notre-Dame_de_Strasbourg/0/pictures/Straßburg_Cathédrale_Notre-Dame_Fassade_8.jpg
Cathédrale_Notre-Dame_de_Strasbourg,25880,0,commons/Cathédrale_Notre-Dame_de_Strasbourg_from_the_northwest/0/pictures/Cathédrale_vue_depuis_la_Maison_Kammerzell.jpg
Cathédrale_Notre-Dame_de_Strasbourg,25880,0,commons/Tower_of_Notre-Dame_de_Strasbourg/0/pictures/Strasbourg_-_Place_Gutenberg_-_View_on_Cathedral_I.jpg
Cathédrale_Notre-Dame_de_Strasbourg,25880,0,commons/Central_portal_of_the_western_facade_of_Notre-Dame_de_Strasbourg/0/pictures/Strasbourg_cathedrale_5_(5891474852).jpg
Cathédrale_Notre-Dame_de_Strasbourg,25880,0,commons/West_facade_of_Notre-Dame_de_Strasbourg/0/pictures/Strasbourg_Noel_2021_6895_DxO_GF.jpg
Cathédrale_Notre-Dame_de_Strasbourg,25880,0,commons/Rose_window_of_Notre-Dame_de_Strasbourg_(exterior_view)/0/pictures/Rosace_de_la_cathédrale_Notre-Dame_de_Strasbourg_la_nuit.jpg
Cathédrale_Notre-Dame_de_Strasbourg,25880,0,commons/West_facade_of_Notre-Dame_de_Strasbourg/0/pictures/Straßburg_Cathédrale_Notre-Dame_Fassade_2.jpg
Cathédrale_Notre-Dame_de_Strasbourg,25880,0,commons/Cathédrale_Notre-Dame_de_Strasbourg_from_the_northwest/0/pictures/Cathédrale_Notre-Dame_de_Strasbourg_février_2015.jpg
Cathédrale_Notre-Dame_de_Strasbourg,25880,0,commons/Tower_of_Notre-Dame_de_Strasbourg/0/pictures/Strasbourg_-_Notre-Dame_de_Strasbourg_-_South_side_of_the_cathedral_with_tower_04.jpg
Cathédrale_Notre-Dame_de_Strasbourg,25880,0,commons/Central_portal_of_the_western_facade_of_Notre-Dame_de_Strasbourg/0/pictures/StrasbourgCathFacaW_24.JPG
Cathédrale_Notre-Dame_de_Strasbourg,25880,0,commons/West_facade_of_Notre-Dame_de_Strasbourg/0/pictures/Strasbourg_Noel_2021_6895_Nik_DxO.jpg
Cathédrale_Notre-Dame_de_Strasbourg,25880,0,commons/Rose_window_of_Notre-Dame_de_Strasbourg_(exterior_view)/0/pictures/Rosace_de_la_cathédrale_de_Strasbourg.JPG
Cathédrale_Notre-Dame_de_Strasbourg,25880,0,commons/West_facade_of_Notre-Dame_de_Strasbourg/0/pictures/Strasbourg_cathedral_(39643832622).jpg
Cathédrale_Notre-Dame_de_Strasbourg,25880,0,commons/Rose_window_of_Notre-Dame_de_Strasbourg_(exterior_view)/0/pictures/Rose_window_of_Notre-Dame_de_Strasbourg_(exterior_view).JPG
Cathédrale_Notre-Dame_de_Strasbourg,25880,0,commons/West_facade_of_Notre-Dame_de_Strasbourg/0/pictures/Strasbourg_TodorBozhinov_(33).JPG
Cathédrale_Notre-Dame_de_Strasbourg,25880,0,commons/Tower_of_Notre-Dame_de_Strasbourg/0/pictures/Thomas_Bresson_-_Cathédrale_de_Strasbourg_(by).jpg
Cathédrale_Notre-Dame_de_Strasbourg,25880,0,commons/Central_portal_of_the_western_facade_of_Notre-Dame_de_Strasbourg/0/pictures/StrasbourgCathedralAnaglyph.jpg
Cathédrale_Notre-Dame_de_Strasbourg,25880,0,commons/West_facade_of_Notre-Dame_de_Strasbourg/0/pictures/Strasbourg_cathedral_close-up.jpg
Cathédrale_Notre-Dame_de_Strasbourg,25880,0,commons/Rose_window_of_Notre-Dame_de_Strasbourg_(exterior_view)/0/pictures/Strasbourg_-_Notre-Dame_de_Strasbourg_(1015-1439)_-_Central_Portal_-_Depiction_of_Redemption_05.jpg
Cathédrale_Notre-Dame_de_Strasbourg,25880,0,commons/Central_portal_of_the_western_facade_of_Notre-Dame_de_Strasbourg/0/pictures/StrasbourgCathFacaW_44.JPG
Cathédrale_Notre-Dame_de_Strasbourg,25880,0,"commons/West_facade_of_Notre-Dame_de_Strasbourg/0/pictures/Strasbourg,_Cathédrale_Notre-Dame-F_115.jpg"
Cathédrale_Notre-Dame_de_Strasbourg,25880,0,"commons/Rose_window_of_Notre-Dame_de_Strasbourg_(exterior_view)/0/pictures/Fensterrose,_Münster,_Straßburg_-_panoramio.jpg"
Cathédrale_Notre-Dame_de_Strasbourg,25880,0,commons/West_facade_of_Notre-Dame_de_Strasbourg/0/pictures/Straßburg_1987_(13)_Straßburger_Münster_(51075313826).jpg
Cathédrale_Notre-Dame_de_Strasbourg,25880,0,commons/Views_from_Notre-Dame_de_Strasbourg_in_2015/0/pictures/Straßburg_Cathédrale_Notre-Dame_Vierungsturm_2.jpg
Cathédrale_Notre-Dame_de_Strasbourg,25880,0,"commons/Cathédrale_Notre-Dame_de_Strasbourg_from_the_northwest/0/pictures/France,_Strasbourg,_cathedrale.jpg"
Cathédrale_Notre-Dame_de_Strasbourg,25880,0,commons/Tower_of_Notre-Dame_de_Strasbourg/0/pictures/Strasbourg_-_Place_Gutenberg_-_View_through_Rue_Mercière_II.jpg
Cathédrale_Notre-Dame_de_Strasbourg,25880,0,commons/Central_portal_of_the_western_facade_of_Notre-Dame_de_Strasbourg/0/pictures/Portail_gothique_légendé.jpg
Cathédrale_Notre-Dame_de_Strasbourg,25880,0,commons/West_facade_of_Notre-Dame_de_Strasbourg/0/pictures/Notre_Dame_de_Strasbourg.jpg
Cathédrale_Notre-Dame_de_Strasbourg,25880,0,commons/Central_portal_of_the_western_facade_of_Notre-Dame_de_Strasbourg/0/pictures/StrasbourgCathFacaW_42.JPG
Cathédrale_Notre-Dame_de_Strasbourg,25880,0,"commons/West_facade_of_Notre-Dame_de_Strasbourg/0/pictures/Strasbourg,_Cathédrale_Notre-Dame-F_253.jpg"
Cathédrale_Notre-Dame_de_Strasbourg,25880,0,commons/Rose_window_of_Notre-Dame_de_Strasbourg_(exterior_view)/0/pictures/Strasbourg_-_Notre-Dame_de_Strasbourg_(1015-1439)_-_Central_Portal_-_Depiction_of_Redemption_01_-_Fisheye_panorama.jpg
Cathédrale_Notre-Dame_de_Strasbourg,25880,0,commons/Gargoyles_of_Notre-Dame_de_Strasbourg/0/pictures/Strasbourg_-_Notre-Dame_de_Strasbourg_-_Gargoyles_on_the_south_side_of_the_cathedral_08.jpg
Cathédrale_Notre-Dame_de_Strasbourg,25880,0,commons/South_side_of_Notre-Dame_de_Strasbourg/0/pictures/Cathédrale_Notre-Dame_de_Strasbourg_@_Strasbourg_(30678039947).jpg
Cathédrale_Notre-Dame_de_Strasbourg,25880,0,commons/Central_portal_of_the_western_facade_of_Notre-Dame_de_Strasbourg/0/pictures/StrasbourgCathFacaW_46.jpg
Cathédrale_Notre-Dame_de_Strasbourg,25880,0,commons/West_facade_of_Notre-Dame_de_Strasbourg/0/pictures/Strasbourg_cathedral_(24805789617).jpg
Cathédrale_Notre-Dame_de_Strasbourg,25880,0,commons/Rose_window_of_Notre-Dame_de_Strasbourg_(exterior_view)/0/pictures/Strasbourg_Cathedral_-_Rose_&_Grids_(7684395630).jpg
Cathédrale_Notre-Dame_de_Strasbourg,25880,0,commons/Cathédrale_Notre-Dame_de_Strasbourg_from_the_southeast/0/pictures/Das_Straßburger_Münster_war_mit_seinem_142_Meter_hohen_Nordturm_bis_1874_das_höchste_Bauwerk_der_Menschheit_und_das_höchste_im_Mittelalter_vollendete_Gebäude_(der_Südturm_wurde_nie_vollendet)_-_panoramio.jpg
Cathédrale_Notre-Dame_de_Strasbourg,25880,0,commons/Tower_of_Notre-Dame_de_Strasbourg/0/pictures/Tower_@_Cathédrale_Notre-Dame_de_Strasbourg_@_Strasbourg_(31708421448).jpg
Cathédrale_Notre-Dame_de_Strasbourg,25880,0,commons/Chimère_de_la_facade_de_la_cathédrale_Notre-Dame_de_Strasbourg/0/pictures/Straßburg_Münster_Fabelwesen_(2).jpg
Cathédrale_Notre-Dame_de_Strasbourg,25880,0,commons/West_facade_of_Notre-Dame_de_Strasbourg/0/pictures/Straßburg_Cathédrale_Notre-Dame_Front_9.JPG
Cathédrale_Notre-Dame_de_Strasbourg,25880,0,commons/Cathédrale_Notre-Dame_de_Strasbourg_from_the_northwest/0/pictures/Chatedrale_Notre_Dame_de_Strasbourg.JPG
Cathédrale_Notre-Dame_de_Strasbourg,25880,0,commons/West_facade_of_Notre-Dame_de_Strasbourg/0/pictures/Strasbourg_cathedral_facade.jpg
Cathédrale_Notre-Dame_de_Strasbourg,25880,0,commons/Rose_window_of_Notre-Dame_de_Strasbourg_(exterior_view)/0/pictures/Strasbourg_2009_IMG_4033.jpg
Cathédrale_Notre-Dame_de_Strasbourg,25880,0,commons/Central_portal_of_the_western_facade_of_Notre-Dame_de_Strasbourg/0/pictures/StrasbourgCathFacaW_45.jpg
Cathédrale_Notre-Dame_de_Strasbourg,25880,0,commons/West_facade_of_Notre-Dame_de_Strasbourg/0/pictures/Strasbourg_beffroi_de_la_cathédrale_Notre-Dame_février_2015.jpg
Cathédrale_Notre-Dame_de_Strasbourg,25880,0,commons/Rose_window_of_Notre-Dame_de_Strasbourg_(exterior_view)/0/pictures/Strasbourg_Cathedral_-_Rose_window_(7684351066).jpg
Cathédrale_Notre-Dame_de_Strasbourg,25880,0,commons/Gargoyles_of_Notre-Dame_de_Strasbourg/0/pictures/Strasbourg_Cathedral_(52297059977).jpg
Cathédrale_Notre-Dame_de_Strasbourg,25880,0,commons/South_side_of_Notre-Dame_de_Strasbourg/0/pictures/Cathédrale_Notre-Dame_de_Strasbourg_@_Strasbourg_(43763435920).jpg
Cathédrale_Notre-Dame_de_Strasbourg,25880,0,commons/Central_portal_of_the_western_facade_of_Notre-Dame_de_Strasbourg/0/pictures/StrasbourgCathFacaW_53.JPG
Cathédrale_Notre-Dame_de_Strasbourg,25880,0,commons/West_facade_of_Notre-Dame_de_Strasbourg/0/pictures/Strasbourg_cathedrale_3_(5890900495).jpg
Cathédrale_Notre-Dame_de_Strasbourg,25880,0,commons/Rose_window_of_Notre-Dame_de_Strasbourg_(exterior_view)/0/pictures/Strasbourg_-_Notre-Dame_de_Strasbourg_(1015-1439)_-_Central_Portal_-_Depiction_of_Redemption_10.jpg
Cathédrale_Notre-Dame_de_Strasbourg,25880,0,commons/Gargoyles_of_Notre-Dame_de_Strasbourg/0/pictures/Strasbourg_Cathedral_1.jpg
Cathédrale_Notre-Dame_de_Strasbourg,25880,0,commons/South_side_of_Notre-Dame_de_Strasbourg/0/pictures/Cathédrale_Notre-Dame_de_Strasbourg_@_Strasbourg_(44705499155).jpg
Cathédrale_Notre-Dame_de_Strasbourg,25880,0,commons/West_facade_of_Notre-Dame_de_Strasbourg/0/pictures/Strasbourg_la_Cathédrale_Notre-Dame_août_2013.jpg
Cathédrale_Notre-Dame_de_Strasbourg,25880,0,commons/Rose_window_of_Notre-Dame_de_Strasbourg_(exterior_view)/0/pictures/Strasbourg_36.jpg
Cathédrale_Notre-Dame_de_Strasbourg,25880,0,commons/West_facade_of_Notre-Dame_de_Strasbourg/0/pictures/Straßburg_Münster_(3).jpg
Cathédrale_Notre-Dame_de_Strasbourg,25880,0,commons/Cathédrale_Notre-Dame_de_Strasbourg_from_the_northwest/0/pictures/Maison_Kammerzell_et_cathédrale_Notre-Dame_(Strasbourg).jpg
Cathédrale_Notre-Dame_de_Strasbourg,25880,0,commons/Tower_of_Notre-Dame_de_Strasbourg/0/pictures/Strasbourg_-_View_on_Cathedral_from_Palais_Rohan_I.jpg
Cathédrale_Notre-Dame_de_Strasbourg,25880,0,commons/Central_portal_of_the_western_facade_of_Notre-Dame_de_Strasbourg/0/pictures/Strassburg-Muenster-146-Westfassade-Hauptportal-1987-gje.jpg
Cathédrale_Notre-Dame_de_Strasbourg,25880,0,"commons/West_facade_of_Notre-Dame_de_Strasbourg/0/pictures/Strasbourg,_Cathedral_of_Our_Lady_(23712842864).jpg"
Cathédrale_Notre-Dame_de_Strasbourg,25880,0,"commons/Rose_window_of_Notre-Dame_de_Strasbourg_(exterior_view)/0/pictures/Strasbourg,_Cathédrale_Notre-Dame-F_113.jpg"
Cathédrale_Notre-Dame_de_Strasbourg,25880,0,commons/Central_portal_of_the_western_facade_of_Notre-Dame_de_Strasbourg/0/pictures/Strassburg-Muenster-148-Westfassade-Hauptportal-2005-gje.jpg
Cathédrale_Notre-Dame_de_Strasbourg,25880,0,"commons/West_facade_of_Notre-Dame_de_Strasbourg/0/pictures/Strasbourg,_vue_générale_avec_la_cathédrale_de_face.jpg"
Cathédrale_Notre-Dame_de_Strasbourg,25880,0,"commons/Rose_window_of_Notre-Dame_de_Strasbourg_(exterior_view)/0/pictures/Strasbourg,_Cathédrale_Notre-Dame-F_114.jpg"
Cathédrale_Notre-Dame_de_Strasbourg,25880,0,commons/West_facade_of_Notre-Dame_de_Strasbourg/0/pictures/Straßburg_Münster_2009-045.jpg
Cathédrale_Notre-Dame_de_Strasbourg,25880,0,commons/Views_from_Notre-Dame_de_Strasbourg_in_2015/0/pictures/View_on_Strasbourg_from_Notre_Dame.jpg
Cathédrale_Notre-Dame_de_Strasbourg,25880,0,commons/Cathédrale_Notre-Dame_de_Strasbourg_from_the_northwest/0/pictures/Maison_Kammerzel_by_Deniz.jpg
Cathédrale_Notre-Dame_de_Strasbourg,25880,0,commons/Central_portal_of_the_western_facade_of_Notre-Dame_de_Strasbourg/0/pictures/Strassburg-Muenster-150-Westfassade-Hauptportal-2017-gje.jpg
Cathédrale_Notre-Dame_de_Strasbourg,25880,0,"commons/West_facade_of_Notre-Dame_de_Strasbourg/0/pictures/Strasbourg,_décembre_2018_(45425415415).jpg"
Cathédrale_Notre-Dame_de_Strasbourg,25880,0,commons/Rose_window_of_Notre-Dame_de_Strasbourg_(exterior_view)/0/pictures/Strasbourg_Cathedral_Light_show.jpg
Cathédrale_Notre-Dame_de_Strasbourg,25880,0,commons/Views_from_Notre-Dame_de_Strasbourg_in_2014/0/pictures/Nef_de_la_Cathedrale_de_Strasbourg_et_tour_Klotz.JPG
Cathédrale_Notre-Dame_de_Strasbourg,25880,0,commons/Cathédrale_Notre-Dame_de_Strasbourg/0/pictures/Strasbourg_Cathedral_in_July_2022_18.jpg
Cathédrale_Notre-Dame_de_Strasbourg,25880,0,commons/Tower_of_Notre-Dame_de_Strasbourg/0/pictures/Strasbourg_(31746770128).jpg
Cathédrale_Notre-Dame_de_Strasbourg,25880,0,"commons/West_facade_of_Notre-Dame_de_Strasbourg/0/pictures/Strasbourg,_décembre_2018_(45621900604).jpg"
Cathédrale_Notre-Dame_de_Strasbourg,25880,0,commons/Rose_window_of_Notre-Dame_de_Strasbourg_(exterior_view)/0/pictures/Strassburg_Rose_exterior.jpg
Cathédrale_Notre-Dame_de_Strasbourg,25880,0,"commons/West_facade_of_Notre-Dame_de_Strasbourg/0/pictures/Strasbourg,_France,_the_Cathedral.jpg"
Cathédrale_Notre-Dame_de_Strasbourg,25880,0,commons/West_facade_of_Notre-Dame_de_Strasbourg/0/pictures/Straßburger_Muenster_1.jpg
Cathédrale_Notre-Dame_de_Strasbourg,25880,0,commons/Views_from_Notre-Dame_de_Strasbourg_in_2016/0/pictures/Musée_des_Arts_décoratifs_-_panoramio.jpg
Cathédrale_Notre-Dame_de_Strasbourg,25880,0,commons/Cathédrale_Notre-Dame_de_Strasbourg_from_the_northwest/0/pictures/Strasbourg_(38720622120).jpg
Cathédrale_Notre-Dame_de_Strasbourg,25880,0,commons/Tower_of_Notre-Dame_de_Strasbourg/0/pictures/Strasbourg_2009_IMG_3763.JPG
Cathédrale_Notre-Dame_de_Strasbourg,25880,0,commons/Views_from_Notre-Dame_de_Strasbourg_in_2014/0/pictures/Oeuvre_Notre-Dame.jpg
Cathédrale_Notre-Dame_de_Strasbourg,25880,0,commons/Cathédrale_Notre-Dame_de_Strasbourg/0/pictures/Straßburger_Münster_notre-dame.jpg
Cathédrale_Notre-Dame_de_Strasbourg,25880,0,commons/Tower_of_Notre-Dame_de_Strasbourg/0/pictures/Strasbourg_(52298581490).jpg
Cathédrale_Notre-Dame_de_Strasbourg,25880,0,commons/Central_portal_of_the_western_facade_of_Notre-Dame_de_Strasbourg/0/pictures/Straßburg_Cathédrale_Notre-Dame_Portal_3.jpg
Cathédrale_Notre-Dame_de_Strasbourg,25880,0,"commons/West_facade_of_Notre-Dame_de_Strasbourg/0/pictures/Strasbourg,_September_2013_(263_365)_(9868909903).jpg"
Cathédrale_Notre-Dame_de_Strasbourg,25880,0,commons/Rose_window_of_Notre-Dame_de_Strasbourg_(exterior_view)/0/pictures/Strassburg_Westfassade_Detail.jpg
Cathédrale_Notre-Dame_de_Strasbourg,25880,0,"commons/Gargoyles_of_Notre-Dame_de_Strasbourg/0/pictures/Strasbourg_Cathedral,_north_transept,_detail.jpg"
Cathédrale_Notre-Dame_de_Strasbourg,25880,0,commons/South_side_of_Notre-Dame_de_Strasbourg/0/pictures/Cathédrale_Notre-Dame_de_Strasbourg_wild_woman2.jpg
Cathédrale_Notre-Dame_de_Strasbourg,25880,0,commons/Views_from_Notre-Dame_de_Strasbourg_in_2014/0/pictures/Strasbourg_Palais_Rohan_depuis_la_cathédrale.jpg
Cathédrale_Notre-Dame_de_Strasbourg,25880,0,commons/Cathédrale_Notre-Dame_de_Strasbourg_from_the_northwest/0/pictures/14-02-07-straszburg-RalfR-05.jpg
Cathédrale_Notre-Dame_de_Strasbourg,25880,0,commons/Tower_of_Notre-Dame_de_Strasbourg/0/pictures/Strasbourg_(45625875805).jpg
Cathédrale_Notre-Dame_de_Strasbourg,25880,0,commons/Central_portal_of_the_western_facade_of_Notre-Dame_de_Strasbourg/0/pictures/Straßburg_Cathédrale_Notre-Dame_Portal_2.jpg
Cathédrale_Notre-Dame_de_Strasbourg,25880,0,commons/West_facade_of_Notre-Dame_de_Strasbourg/0/pictures/Strasbourg@HFR_(3781025788).jpg
Cathédrale_Notre-Dame_de_Strasbourg,25880,0,commons/Rose_window_of_Notre-Dame_de_Strasbourg_(exterior_view)/0/pictures/StrasbourgCathFacaW_12.JPG
Cathédrale_Notre-Dame_de_Strasbourg,25880,0,commons/North_side_of_Notre-Dame_de_Strasbourg/0/pictures/Cathedrale-de-Strasbourg-IMG_1368.jpg
Cathédrale_Notre-Dame_de_Strasbourg,25880,0,commons/Tower_of_Notre-Dame_de_Strasbourg/0/pictures/Strasbourg_Cathedral_(52298046338).jpg
Cathédrale_Notre-Dame_de_Strasbourg,25880,0,commons/West_facade_of_Notre-Dame_de_Strasbourg_seen_from_rue_Mercière/0/pictures/Cathedral_@_Strasbourg_(44605706945).jpg
Cathédrale_Notre-Dame_de_Strasbourg,25880,0,commons/Views_from_Notre-Dame_de_Strasbourg_in_2018/0/pictures/2018-08-24_Strasbourg_(18)_(43425056745).jpg
Cathédrale_Notre-Dame_de_Strasbourg,25880,0,commons/Cathédrale_Notre-Dame_de_Strasbourg_from_the_northwest/0/pictures/Straßburger_Münster_-_panoramio.jpg
Cathédrale_Notre-Dame_de_Strasbourg,25880,0,commons/North_side_of_Notre-Dame_de_Strasbourg/0/pictures/Cathédrale_Notre-Dame_de_Strasbourg_@_Strasbourg_(43763452640).jpg
Cathédrale_Notre-Dame_de_Strasbourg,25880,0,commons/Views_from_Notre-Dame_de_Strasbourg_in_2018/0/pictures/Observatory_@_Cathédrale_Notre-Dame_de_Strasbourg_@_Strasbourg_(30639690387).jpg
Cathédrale_Notre-Dame_de_Strasbourg,25880,0,commons/Cathédrale_Notre-Dame_de_Strasbourg_from_the_northwest/0/pictures/Straßburg_Cathédrale_Notre-Dame_Fassade_3.jpg
Cathédrale_Notre-Dame_de_Strasbourg,25880,0,commons/North_side_of_Notre-Dame_de_Strasbourg/0/pictures/Cathédrale_Notre-Dame_de_Strasbourg_@_Strasbourg_(44856002404).jpg
Cathédrale_Notre-Dame_de_Strasbourg,25880,0,commons/Tower_of_Notre-Dame_de_Strasbourg/0/pictures/Strasbourg_Cathedral_2.jpg
Cathédrale_Notre-Dame_de_Strasbourg,25880,0,commons/West_facade_of_Notre-Dame_de_Strasbourg_seen_from_rue_Mercière/0/pictures/Cathédrale_(Strasbourg)_(5).jpg
Cathédrale_Notre-Dame_de_Strasbourg,25880,0,commons/Cathédrale_Notre-Dame_de_Strasbourg_from_the_northwest/0/pictures/West_facade_of_Notre-Dame_de_Strasbourg.JPG
Cathédrale_Notre-Dame_de_Strasbourg,25880,0,commons/West_facade_of_Notre-Dame_de_Strasbourg_seen_from_rue_Mercière/0/pictures/Cathédrale_(Strasbourg)_(6).jpg
Cathédrale_Notre-Dame_de_Strasbourg,25880,0,commons/Cathédrale_Notre-Dame_de_Strasbourg_from_the_northwest/0/pictures/Страсбургский_собор_-_panoramio.jpg
Cathédrale_Notre-Dame_de_Strasbourg,25880,0,commons/Views_from_Notre-Dame_de_Strasbourg_in_2018/0/pictures/Observatory_@_Cathédrale_Notre-Dame_de_Strasbourg_@_Strasbourg_(30639713967).jpg
Cathédrale_Notre-Dame_de_Strasbourg,25880,0,commons/Cathédrale_Notre-Dame_de_Strasbourg_from_the_southeast/0/pictures/Cath_de_Strasbourg_Sud.jpg
Cathédrale_Notre-Dame_de_Strasbourg,25880,0,commons/North_side_of_Notre-Dame_de_Strasbourg/0/pictures/Cathédrale_Notre-Dame_façade_nord_Strasbourg_4.jpg
Cathédrale_Notre-Dame_de_Strasbourg,25880,0,commons/Tower_of_Notre-Dame_de_Strasbourg/0/pictures/Strasbourg_Cathedral_seen_from_courtyard_of_Palais_Rohan.jpg
Cathédrale_Notre-Dame_de_Strasbourg,25880,0,commons/West_facade_of_Notre-Dame_de_Strasbourg_seen_from_rue_Mercière/0/pictures/Cathédrale_Notre_Dame_de_Strasbourg_exterieur_1.jpg
Cathédrale_Notre-Dame_de_Strasbourg,25880,0,commons/North_side_of_Notre-Dame_de_Strasbourg/0/pictures/Cathédrale_Notre-Dame_façade_nord_Strasbourg_5.jpg
Cathédrale_Notre-Dame_de_Strasbourg,25880,0,commons/Cathédrale_Notre-Dame_de_Strasbourg_from_the_southeast/0/pictures/Cathedrale-de-Strasbourg-IMG_4263.jpg
Cathédrale_Notre-Dame_de_Strasbourg,25880,0,commons/North_side_of_Notre-Dame_de_Strasbourg/0/pictures/Cathédrale_Notre-Dame_façade_nord_Strasbourg_9.jpg
Cathédrale_Notre-Dame_de_Strasbourg,25880,0,"commons/Tower_of_Notre-Dame_de_Strasbourg/0/pictures/Strasbourg_Cathedral,_by_night-2.jpg"
Cathédrale_Notre-Dame_de_Strasbourg,25880,0,commons/West_facade_of_Notre-Dame_de_Strasbourg_seen_from_rue_Mercière/0/pictures/Cathédrale_Notre-Dame_(5937681445).jpg
Cathédrale_Notre-Dame_de_Strasbourg,25880,0,commons/Views_from_Notre-Dame_de_Strasbourg_in_2018/0/pictures/Observatory_@_Cathédrale_Notre-Dame_de_Strasbourg_@_Strasbourg_(31708477978).jpg
Cathédrale_Notre-Dame_de_Strasbourg,25880,0,commons/Cathédrale_Notre-Dame_de_Strasbourg_from_the_southeast/0/pictures/14-02-07-Cathédrale_Notre-Dame_de_Strasbourg-RalfR-24.jpg
Cathédrale_Notre-Dame_de_Strasbourg,25880,0,commons/North_side_of_Notre-Dame_de_Strasbourg/0/pictures/Cathédrale_Notre-Dame_façade_nord_Strasbourg_6.jpg
Cathédrale_Notre-Dame_de_Strasbourg,25880,0,"commons/Tower_of_Notre-Dame_de_Strasbourg/0/pictures/Strasbourg_Cathedral,_spire.jpg"
Cathédrale_Notre-Dame_de_Strasbourg,25880,0,commons/Cathédrale_Notre-Dame_de_Strasbourg_from_the_southeast/0/pictures/Absolute_cathedrale_Strasbourg_04.JPG
Cathédrale_Notre-Dame_de_Strasbourg,25880,0,"commons/Tower_of_Notre-Dame_de_Strasbourg/0/pictures/Strasbourg_Cathedral,_by_night.jpg"
Cathédrale_Notre-Dame_de_Strasbourg,25880,0,commons/West_facade_of_Notre-Dame_de_Strasbourg_seen_from_rue_Mercière/0/pictures/Cathédrale_Notre-Dame_de_Strasbourg_-_Cathedral_of_Our_Lady_of_Strasbourg_-_كاتدرائية_ستراسبورغ_-_Liebfrauenmünster_zu_Straßburg_photo11.jpg
Cathédrale_Notre-Dame_de_Strasbourg,25880,0,commons/Views_from_Notre-Dame_de_Strasbourg_in_2018/0/pictures/Observatory_@_Cathédrale_Notre-Dame_de_Strasbourg_@_Strasbourg_(31708502288).jpg
Cathédrale_Notre-Dame_de_Strasbourg,25880,0,commons/Cathédrale_Notre-Dame_de_Strasbourg_from_the_southeast/0/pictures/14-02-07-Cathédrale_Notre-Dame_de_Strasbourg-RalfR-26.jpg
Cathédrale_Notre-Dame_de_Strasbourg,25880,0,commons/North_side_of_Notre-Dame_de_Strasbourg/0/pictures/Cathédrale_de_Strasbourg_6143.jpg
Cathédrale_Notre-Dame_de_Strasbourg,25880,0,"commons/Tower_of_Notre-Dame_de_Strasbourg/0/pictures/Strasbourg_Cathedral,_top_of_portail_St_Laurent_and_spire.jpg"
Cathédrale_Notre-Dame_de_Strasbourg,25880,0,commons/Views_from_Notre-Dame_de_Strasbourg_in_2018/0/pictures/Observatory_@_Cathédrale_Notre-Dame_de_Strasbourg_@_Strasbourg_(43763463620).jpg
Cathédrale_Notre-Dame_de_Strasbourg,25880,0,commons/Cathédrale_Notre-Dame_de_Strasbourg_from_the_southeast/0/pictures/14-02-07-Cathédrale_Notre-Dame_de_Strasbourg-RalfR-25.jpg
Cathédrale_Notre-Dame_de_Strasbourg,25880,0,commons/Tower_of_Notre-Dame_de_Strasbourg/0/pictures/Strasbourg_OTAN_2009.jpg
Cathédrale_Notre-Dame_de_Strasbourg,25880,0,commons/North_side_of_Notre-Dame_de_Strasbourg/0/pictures/Cathédrale_Notre-Dame_façade_nord_Strasbourg_8.jpg
Cathédrale_Notre-Dame_de_Strasbourg,25880,0,commons/Views_from_Notre-Dame_de_Strasbourg_in_2018/0/pictures/Observatory_@_Cathédrale_Notre-Dame_de_Strasbourg_@_Strasbourg_(43763471580).jpg
Cathédrale_Notre-Dame_de_Strasbourg,25880,0,commons/Cathédrale_Notre-Dame_de_Strasbourg_from_the_southeast/0/pictures/Cathedrale-de-Strasbourg-IMG_4267.jpg
Cathédrale_Notre-Dame_de_Strasbourg,25880,0,commons/Tower_of_Notre-Dame_de_Strasbourg/0/pictures/Strasbourg_cathedrale_clocher_(5891499512).jpg
Cathédrale_Notre-Dame_de_Strasbourg,25880,0,commons/North_side_of_Notre-Dame_de_Strasbourg/0/pictures/Dôme_de_Notre-Dame_de_Strasbourg.jpg
Cathédrale_Notre-Dame_de_Strasbourg,25880,0,commons/Tower_of_Notre-Dame_de_Strasbourg/0/pictures/Strasbourg_plCathédrale23.JPG
Cathédrale_Notre-Dame_de_Strasbourg,25880,0,commons/Views_from_Notre-Dame_de_Strasbourg_in_2018/0/pictures/Observatory_@_Cathédrale_Notre-Dame_de_Strasbourg_@_Strasbourg_(43763491740).jpg
Cathédrale_Notre-Dame_de_Strasbourg,25880,0,commons/Cathédrale_Notre-Dame_de_Strasbourg_from_the_southeast/0/pictures/Cathédrale_ND_Strasbourg_Sud.jpg
Cathédrale_Notre-Dame_de_Strasbourg,25880,0,"commons/North_side_of_Notre-Dame_de_Strasbourg/0/pictures/Cathédrale_de_Strasbourg_-_contreforts_de_la_nef,_côté_nord_-_20160606_194600.jpg"
Cathédrale_Notre-Dame_de_Strasbourg,25880,0,"commons/Tower_of_Notre-Dame_de_Strasbourg/0/pictures/Strasbourg,_vue_générale_avec_la_cathédrale_de_face.jpg"
Cathédrale_Notre-Dame_de_Strasbourg,25880,0,commons/Views_from_Notre-Dame_de_Strasbourg_in_2018/0/pictures/Observatory_@_Cathédrale_Notre-Dame_de_Strasbourg_@_Strasbourg_(43763489950).jpg
Cathédrale_Notre-Dame_de_Strasbourg,25880,0,commons/Cathédrale_Notre-Dame_de_Strasbourg_from_the_southeast/0/pictures/Cathedrale-de-Strasbourg-IMG_4264.jpg
Cathédrale_Notre-Dame_de_Strasbourg,25880,0,commons/Tower_of_Notre-Dame_de_Strasbourg/0/pictures/Strasbourg_muenster_turm_2.jpg
Cathédrale_Notre-Dame_de_Strasbourg,25880,0,commons/Cathédrale_Notre-Dame_de_Strasbourg_from_the_southeast/0/pictures/Cathédrale_ND_Strasbourg_2.JPG
Cathédrale_Notre-Dame_de_Strasbourg,25880,0,"commons/North_side_of_Notre-Dame_de_Strasbourg/0/pictures/Cathédrale_de_Strasbourg_-_contreforts_de_la_nef,_côté_nord_-_20160606_194701.jpg"
Cathédrale_Notre-Dame_de_Strasbourg,25880,0,commons/Cathédrale_Notre-Dame_de_Strasbourg_from_the_southeast/0/pictures/Cathédrale_Notre-Dame_de_Strasbourg_-_Cathedral_of_Our_Lady_of_Strasbourg_-_كاتدرائية_ستراسبورغ_-_Liebfrauenmünster_zu_Straßburg_photo2.jpg
Cathédrale_Notre-Dame_de_Strasbourg,25880,0,"commons/Tower_of_Notre-Dame_de_Strasbourg/0/pictures/Strasbourg,_Cathédrale_Notre_Dame_6.jpg"
Cathédrale_Notre-Dame_de_Strasbourg,25880,0,commons/Cathédrale_Notre-Dame_de_Strasbourg_from_the_southeast/0/pictures/Cathédrale_Notre-Dame_de_Strasbourg_-_Cathedral_of_Our_Lady_of_Strasbourg_-_كاتدرائية_ستراسبورغ_-_Liebfrauenmünster_zu_Straßburg_photo3.jpg
Cathédrale_Notre-Dame_de_Strasbourg,25880,0,commons/North_side_of_Notre-Dame_de_Strasbourg/0/pictures/Côté_nord_de_la_cathédrale_de_Strasbourg.jpg
Cathédrale_Notre-Dame_de_Strasbourg,25880,0,"commons/Tower_of_Notre-Dame_de_Strasbourg/0/pictures/Strasbourg,_décembre_2018_(32466039858).jpg"
Cathédrale_Notre-Dame_de_Strasbourg,25880,0,"commons/Tower_of_Notre-Dame_de_Strasbourg/0/pictures/Strasbourg,_rue_des_Juifs.jpg"
Cathédrale_Notre-Dame_de_Strasbourg,25880,0,commons/Cathédrale_Notre-Dame_de_Strasbourg_from_the_southeast/0/pictures/Cathédrale_Notre-Dame_de_Strasbourg_-_Cathedral_of_Our_Lady_of_Strasbourg_-_كاتدرائية_ستراسبورغ_-_Liebfrauenmünster_zu_Straßburg_photo8.jpg
Cathédrale_Notre-Dame_de_Strasbourg,25880,0,"commons/Tower_of_Notre-Dame_de_Strasbourg/0/pictures/Strasbourg,_immeuble_place_Gutenberg,_siège_de_la_Bibliothèque_Pythagore..jpg"
Cathédrale_Notre-Dame_de_Strasbourg,25880,0,commons/Cathédrale_Notre-Dame_de_Strasbourg_from_the_southeast/0/pictures/Cathédrale_Notre-Dame_de_Strasbourg_-_Cathedral_of_Our_Lady_of_Strasbourg_-_كاتدرائية_ستراسبورغ_-_Liebfrauenmünster_zu_Straßburg_photo4.jpg
Cathédrale_Notre-Dame_de_Strasbourg,25880,0,commons/Tower_of_Notre-Dame_de_Strasbourg/0/pictures/StrasbourgCath_Flèche_01.jpg
Cathédrale_Notre-Dame_de_Strasbourg,25880,0,commons/Cathédrale_Notre-Dame_de_Strasbourg_from_the_southeast/0/pictures/Cathédrale_Notre-Dame_de_Strasbourg_(31796554197).jpg
Cathédrale_Notre-Dame_de_Strasbourg,25880,0,"commons/North_side_of_Notre-Dame_de_Strasbourg/0/pictures/North_side_of_Strasbourg_Cathedral,_by_night.jpg"
Cathédrale_Notre-Dame_de_Strasbourg,25880,0,commons/Views_from_Notre-Dame_de_Strasbourg_in_2018/0/pictures/Observatory_@_Cathédrale_Notre-Dame_de_Strasbourg_@_Strasbourg_(44666906715).jpg
Cathédrale_Notre-Dame_de_Strasbourg,25880,0,commons/Cathédrale_Notre-Dame_de_Strasbourg_from_the_southeast/0/pictures/Cathédrale_Notre-Dame_de_Strasbourg_-_Cathedral_of_Our_Lady_of_Strasbourg_-_كاتدرائية_ستراسبورغ_-_Liebfrauenmünster_zu_Straßburg_photo9.jpg
Cathédrale_Notre-Dame_de_Strasbourg,25880,0,commons/Views_from_Notre-Dame_de_Strasbourg_in_2018/0/pictures/Observatory_@_Cathédrale_Notre-Dame_de_Strasbourg_@_Strasbourg_(44666903915).jpg
Cathédrale_Notre-Dame_de_Strasbourg,25880,0,commons/Cathédrale_Notre-Dame_de_Strasbourg_from_the_southeast/0/pictures/Cathédrale_ND_Strasbourg.jpg
Cathédrale_Notre-Dame_de_Strasbourg,25880,0,commons/North_side_of_Notre-Dame_de_Strasbourg/0/pictures/Nef_de_la_Cathedrale_de_Strasbourg_et_tour_Klotz.JPG
Cathédrale_Notre-Dame_de_Strasbourg,25880,0,commons/North_side_of_Notre-Dame_de_Strasbourg/0/pictures/North_side_of_Notre-Dame_de_Strasbourg.jpg
Cathédrale_Notre-Dame_de_Strasbourg,25880,0,commons/Tower_of_Notre-Dame_de_Strasbourg/0/pictures/Straßburg_Cathédrale_Notre-Dame_Turm_1.JPG
Cathédrale_Notre-Dame_de_Strasbourg,25880,0,commons/Cathédrale_Notre-Dame_de_Strasbourg_from_the_southeast/0/pictures/Cathédrale_Notre-Dame_de_Strasbourg_@_Strasbourg_(31708420588).jpg
Cathédrale_Notre-Dame_de_Strasbourg,25880,0,commons/North_side_of_Notre-Dame_de_Strasbourg/0/pictures/Observatory_@_Cathédrale_Notre-Dame_de_Strasbourg_@_Strasbourg_(30639681887).jpg
Cathédrale_Notre-Dame_de_Strasbourg,25880,0,commons/Tower_of_Notre-Dame_de_Strasbourg/0/pictures/Straßburg_1987_(15)_Straßburger_Münster_(51075306546).jpg
Cathédrale_Notre-Dame_de_Strasbourg,25880,0,commons/Cathédrale_Notre-Dame_de_Strasbourg_from_the_southeast/0/pictures/Cathédrale_Notre-Dame_de_Strasbourg_@_Strasbourg_(31746747668).jpg
Cathédrale_Notre-Dame_de_Strasbourg,25880,0,commons/North_side_of_Notre-Dame_de_Strasbourg/0/pictures/Observatory_@_Cathédrale_Notre-Dame_de_Strasbourg_@_Strasbourg_(30639686277).jpg
Cathédrale_Notre-Dame_de_Strasbourg,25880,0,commons/Tower_of_Notre-Dame_de_Strasbourg/0/pictures/Straßburg_Cathédrale_Notre-Dame_Turm_2.JPG
Cathédrale_Notre-Dame_de_Strasbourg,25880,0,commons/North_side_of_Notre-Dame_de_Strasbourg/0/pictures/Great_Strasbourg_cathedral.jpg
Cathédrale_Notre-Dame_de_Strasbourg,25880,0,commons/Cathédrale_Notre-Dame_de_Strasbourg_from_the_southeast/0/pictures/Cathédrale_Notre-Dame-de-Strasbourg_(3244488627).jpg
Cathédrale_Notre-Dame_de_Strasbourg,25880,0,commons/North_side_of_Notre-Dame_de_Strasbourg/0/pictures/Observatory_@_Cathédrale_Notre-Dame_de_Strasbourg_@_Strasbourg_(45580831621).jpg
Cathédrale_Notre-Dame_de_Strasbourg,25880,0,commons/Tower_of_Notre-Dame_de_Strasbourg/0/pictures/Straßburg_Cathédrale_Notre-Dame_Turm_1a.jpg
Cathédrale_Notre-Dame_de_Strasbourg,25880,0,commons/Tower_of_Notre-Dame_de_Strasbourg/0/pictures/Straßburg_Cathédrale_Notre-Dame_Turm_2a.jpg
Cathédrale_Notre-Dame_de_Strasbourg,25880,0,commons/Views_from_Notre-Dame_de_Strasbourg_in_2018/0/pictures/Observatory_@_Cathédrale_Notre-Dame_de_Strasbourg_@_Strasbourg_(45580840271).jpg
Cathédrale_Notre-Dame_de_Strasbourg,25880,0,commons/Cathédrale_Notre-Dame_de_Strasbourg_from_the_southeast/0/pictures/Cathédrale_de_Strasbourg_-_2014-02-02-_-_P1760439_-_P1760448.jpg
Cathédrale_Notre-Dame_de_Strasbourg,25880,0,commons/North_side_of_Notre-Dame_de_Strasbourg/0/pictures/Observatory_@_Cathédrale_Notre-Dame_de_Strasbourg_@_Strasbourg_(45580833651).jpg
Cathédrale_Notre-Dame_de_Strasbourg,25880,0,commons/Tower_of_Notre-Dame_de_Strasbourg/0/pictures/Straßburg_Cathédrale_Notre-Dame_Turm_4.jpg
Cathédrale_Notre-Dame_de_Strasbourg,25880,0,commons/Views_from_Notre-Dame_de_Strasbourg_in_2018/0/pictures/Observatory_@_Cathédrale_Notre-Dame_de_Strasbourg_@_Strasbourg_(45580842131).jpg
Cathédrale_Notre-Dame_de_Strasbourg,25880,0,commons/Cathédrale_Notre-Dame_de_Strasbourg_from_the_southeast/0/pictures/Cathédrale_de_Strasbourg_-_2014-02-02-_-_P1760453_-_P1760461.jpg
Cathédrale_Notre-Dame_de_Strasbourg,25880,0,commons/North_side_of_Notre-Dame_de_Strasbourg/0/pictures/Strasbourg_(8398123911).jpg
Cathédrale_Notre-Dame_de_Strasbourg,25880,0,commons/Tower_of_Notre-Dame_de_Strasbourg/0/pictures/Straßburg_Cathédrale_Notre-Dame_Turm_3.JPG
Cathédrale_Notre-Dame_de_Strasbourg,25880,0,commons/Dome_of_Notre-Dame_de_Strasbourg/0/pictures/IMGP3989_(9238455728).jpg
Cathédrale_Notre-Dame_de_Strasbourg,25880,0,"commons/West_portals_of_Notre-Dame_de_Strasbourg/0/pictures/Portaal_van_de_kathedraal_de_Notre-Dame_te_Straatsburg_(..)_CATHEDRALE._PORTAL_PRINCIPAL_(titel_op_object),_RP-F-00-3994.jpg"
Cathédrale_Notre-Dame_de_Strasbourg,25880,0,commons/South_side_of_Notre-Dame_de_Strasbourg/0/pictures/Cathedrale-de-Strasbourg-IMG_1329.jpg
Cathédrale_Notre-Dame_de_Strasbourg,25880,0,commons/Views_from_Notre-Dame_de_Strasbourg_in_2008/0/pictures/Straßburg_Blick_vom_Münster_5.JPG
Cathédrale_Notre-Dame_de_Strasbourg,25880,0,commons/Dome_of_Notre-Dame_de_Strasbourg/0/pictures/Cathedrale-de-Strasbourg-IMG_1359.jpg
Cathédrale_Notre-Dame_de_Strasbourg,25880,0,commons/West_portals_of_Notre-Dame_de_Strasbourg/0/pictures/Strasbourg_-_panoramio_(62).jpg
Cathédrale_Notre-Dame_de_Strasbourg,25880,0,commons/South_side_of_Notre-Dame_de_Strasbourg/0/pictures/Cathédrale_Notre_Dame_de_Strasbourg_04.jpg
Cathédrale_Notre-Dame_de_Strasbourg,25880,0,commons/Views_from_Notre-Dame_de_Strasbourg_in_2008/0/pictures/Straßburg_Blick_vom_Münster_2.JPG
Cathédrale_Notre-Dame_de_Strasbourg,25880,0,commons/Cathédrale_Notre-Dame_de_Strasbourg_from_the_southeast/0/pictures/FR-67-Strasbourg23.JPG
Cathédrale_Notre-Dame_de_Strasbourg,25880,0,commons/North_side_of_Notre-Dame_de_Strasbourg/0/pictures/Strasbourg_(8399152698).jpg
Cathédrale_Notre-Dame_de_Strasbourg,25880,0,commons/Tower_of_Notre-Dame_de_Strasbourg/0/pictures/Straßburg_Cathédrale_Notre-Dame_Turm_3a.jpg
Cathédrale_Notre-Dame_de_Strasbourg,25880,0,commons/Dome_of_Notre-Dame_de_Strasbourg/0/pictures/IMGP3991_(9238443558).jpg
Cathédrale_Notre-Dame_de_Strasbourg,25880,0,commons/West_portals_of_Notre-Dame_de_Strasbourg/0/pictures/Strasbourg_-_Place_de_la_Cathédrale_-_View_East_II.jpg
Cathédrale_Notre-Dame_de_Strasbourg,25880,0,commons/South_side_of_Notre-Dame_de_Strasbourg/0/pictures/Cathédrale_Notre_Dame_Strasbourg_20200124_010.jpg
Cathédrale_Notre-Dame_de_Strasbourg,25880,0,commons/Views_from_Notre-Dame_de_Strasbourg_in_2008/0/pictures/Straßburg_Blick_vom_Münster_7.JPG
Cathédrale_Notre-Dame_de_Strasbourg,25880,0,commons/Cathédrale_Notre-Dame_de_Strasbourg_from_the_southeast/0/pictures/Cathédrale_de_Strasbourg_Sud.jpg
Cathédrale_Notre-Dame_de_Strasbourg,25880,0,commons/North_side_of_Notre-Dame_de_Strasbourg/0/pictures/Strasbourg_(8399152070).jpg
Cathédrale_Notre-Dame_de_Strasbourg,25880,0,commons/West_facade_of_Notre-Dame_de_Strasbourg/0/pictures/Cathédrale_Notre_Dame_de_Strasbourg_(Alsace).jpg
Cathédrale_Notre-Dame_de_Strasbourg,25880,0,commons/Central_portal_of_the_western_facade_of_Notre-Dame_de_Strasbourg/0/pictures/2021-03-27_13-10-19_strasbourg.jpg
Cathédrale_Notre-Dame_de_Strasbourg,25880,0,commons/Views_from_Notre-Dame_de_Strasbourg_in_2008/0/pictures/Straßburg_Blick_vom_Münster_6.JPG
Cathédrale_Notre-Dame_de_Strasbourg,25880,0,commons/Cathédrale_Notre-Dame_de_Strasbourg_from_the_southeast/0/pictures/Cathédrale_Notre-Dame_de_Strasbourg_from_the_southeast.jpg
Cathédrale_Notre-Dame_de_Strasbourg,25880,0,commons/Dome_of_Notre-Dame_de_Strasbourg/0/pictures/IMGP3999_(9235611091).jpg
Cathédrale_Notre-Dame_de_Strasbourg,25880,0,commons/West_portals_of_Notre-Dame_de_Strasbourg/0/pictures/Strasbourg_-_Place_de_la_Cathédrale_-_View_NE.jpg
Cathédrale_Notre-Dame_de_Strasbourg,25880,0,commons/South_side_of_Notre-Dame_de_Strasbourg/0/pictures/Cathedrale-de-Strasbourg-IMG_1328.jpg
Cathédrale_Notre-Dame_de_Strasbourg,25880,0,commons/West_facade_of_Notre-Dame_de_Strasbourg/0/pictures/Cathédrale_Notre_dame_de_Strasbourg_06.jpg
Cathédrale_Notre-Dame_de_Strasbourg,25880,0,commons/Central_portal_of_the_western_facade_of_Notre-Dame_de_Strasbourg/0/pictures/Cathédrale_(Strasbourg)_(3).jpg
Cathédrale_Notre-Dame_de_Strasbourg,25880,0,commons/Views_from_Notre-Dame_de_Strasbourg_in_2008/0/pictures/Straßburg_Blick_vom_Münster_4.JPG
Cathédrale_Notre-Dame_de_Strasbourg,25880,0,commons/North_side_of_Notre-Dame_de_Strasbourg/0/pictures/Strasbourg_(8398067395).jpg
Cathédrale_Notre-Dame_de_Strasbourg,25880,0,commons/Tower_of_Notre-Dame_de_Strasbourg/0/pictures/Tower_@_Cathédrale_Notre-Dame_de_Strasbourg_@_Strasbourg_(31747371648).jpg
Cathédrale_Notre-Dame_de_Strasbourg,25880,0,commons/West_facade_of_Notre-Dame_de_Strasbourg/0/pictures/Cathédrale_Notre-Dame_Strasbourg.jpg
Cathédrale_Notre-Dame_de_Strasbourg,25880,0,commons/Central_portal_of_the_western_facade_of_Notre-Dame_de_Strasbourg/0/pictures/Cathedrale-de-Strasbourg-IMG_1294-a.jpg
Cathédrale_Notre-Dame_de_Strasbourg,25880,0,commons/Views_from_Notre-Dame_de_Strasbourg_in_2009/0/pictures/Strasburg_2009.jpg
Cathédrale_Notre-Dame_de_Strasbourg,25880,0,commons/Tower_of_Notre-Dame_de_Strasbourg/0/pictures/Tower_@_Cathédrale_Notre-Dame_de_Strasbourg_@_Strasbourg_(31708418458).jpg
Cathédrale_Notre-Dame_de_Strasbourg,25880,0,commons/West_facade_of_Notre-Dame_de_Strasbourg/0/pictures/Cathédrale_Notre-Dame_-_Strasbourg.jpg
Cathédrale_Notre-Dame_de_Strasbourg,25880,0,commons/Central_portal_of_the_western_facade_of_Notre-Dame_de_Strasbourg/0/pictures/Cathedrale-de-Strasbourg-IMG_1291.jpg
Cathédrale_Notre-Dame_de_Strasbourg,25880,0,commons/Views_from_Notre-Dame_de_Strasbourg_in_2008/0/pictures/View_From_Cathedrale_Notre_Dame_in_Strasbourg_(2520689048).jpg
Cathédrale_Notre-Dame_de_Strasbourg,25880,0,commons/North_side_of_Notre-Dame_de_Strasbourg/0/pictures/Strasbourg_(45625875805).jpg
Cathédrale_Notre-Dame_de_Strasbourg,25880,0,commons/Views_from_Notre-Dame_de_Strasbourg_in_2009/0/pictures/Straßburg_Münster_2009-026.jpg
Cathédrale_Notre-Dame_de_Strasbourg,25880,0,commons/North_side_of_Notre-Dame_de_Strasbourg/0/pictures/Strasbourg_-_2016_(29687708210).jpg
Cathédrale_Notre-Dame_de_Strasbourg,25880,0,commons/West_facade_of_Notre-Dame_de_Strasbourg/0/pictures/Cathédrale_Notre-Dame_-_extérieur_-_flèche_(Strasbourg).jpg
Cathédrale_Notre-Dame_de_Strasbourg,25880,0,commons/Central_portal_of_the_western_facade_of_Notre-Dame_de_Strasbourg/0/pictures/Cathédrale_-_Strasbourg_-_2014-02-02-_P1760468.jpg
Cathédrale_Notre-Dame_de_Strasbourg,25880,0,commons/Views_from_Notre-Dame_de_Strasbourg_in_2009/0/pictures/Straßburg_Münster_2009-023.jpg
Cathédrale_Notre-Dame_de_Strasbourg,25880,0,commons/West_facade_of_Notre-Dame_de_Strasbourg/0/pictures/Cathédrale_Notre-Dame_(Strasbourg)_(1).jpg
Cathédrale_Notre-Dame_de_Strasbourg,25880,0,commons/Central_portal_of_the_western_facade_of_Notre-Dame_de_Strasbourg/0/pictures/Cathédrale_Notre_Dame_Strasbourg_20200124_015.jpg
Cathédrale_Notre-Dame_de_Strasbourg,25880,0,commons/Views_from_Notre-Dame_de_Strasbourg_in_2009/0/pictures/Straßburg_Münster_2009-025.jpg
Cathédrale_Notre-Dame_de_Strasbourg,25880,0,commons/North_side_of_Notre-Dame_de_Strasbourg/0/pictures/Strasbourg_-_panoramio_(56).jpg
Cathédrale_Notre-Dame_de_Strasbourg,25880,0,commons/West_facade_of_Notre-Dame_de_Strasbourg/0/pictures/Cathédrale_Notre-Dame_(Strasbourg).jpg
Cathédrale_Notre-Dame_de_Strasbourg,25880,0,commons/Central_portal_of_the_western_facade_of_Notre-Dame_de_Strasbourg/0/pictures/Cathédrale_Notre_Dame_de_Strasbourg_2020_contrechamps.jpg
Cathédrale_Notre-Dame_de_Strasbourg,25880,0,commons/West_facade_of_Notre-Dame_de_Strasbourg/0/pictures/Cathédrale_Notre-Dame_de_Strasbourg_-_Cathedral_of_Our_Lady_of_Strasbourg_-_كاتدرائية_ستراسبورغ_-_Liebfrauenmünster_zu_Straßburg_photo12.jpg
Cathédrale_Notre-Dame_de_Strasbourg,25880,0,commons/Central_portal_of_the_western_facade_of_Notre-Dame_de_Strasbourg/0/pictures/Cathédrale_Notre_Dame_Strasbourg_20200124_016.jpg
Cathédrale_Notre-Dame_de_Strasbourg,25880,0,commons/North_side_of_Notre-Dame_de_Strasbourg/0/pictures/Strasbourg_2009_IMG_3937.jpg
Cathédrale_Notre-Dame_de_Strasbourg,25880,0,commons/Tower_of_Notre-Dame_de_Strasbourg/0/pictures/Tower_@_Cathédrale_Notre-Dame_de_Strasbourg_@_Strasbourg_(43763414580).jpg
Cathédrale_Notre-Dame_de_Strasbourg,25880,0,commons/West_facade_of_Notre-Dame_de_Strasbourg/0/pictures/Cathédrale_Notre-Dame_de_Strasbourg_-_Cathedral_of_Our_Lady_of_Strasbourg_-_كاتدرائية_ستراسبورغ_-_Liebfrauenmünster_zu_Straßburg_photo13.jpg
Cathédrale_Notre-Dame_de_Strasbourg,25880,0,commons/Central_portal_of_the_western_facade_of_Notre-Dame_de_Strasbourg/0/pictures/Cathédrale_Notre_Dame_Strasbourg_20200124_017.jpg
Cathédrale_Notre-Dame_de_Strasbourg,25880,0,commons/Views_from_Notre-Dame_de_Strasbourg_in_2010/0/pictures/2010_06_24_canaltrip_strasbourg_424_(23036675892).jpg
Cathédrale_Notre-Dame_de_Strasbourg,25880,0,commons/West_facade_of_Notre-Dame_de_Strasbourg_seen_from_rue_Mercière/0/pictures/Notre-dame_de_strasbourg.jpg
Cathédrale_Notre-Dame_de_Strasbourg,25880,0,commons/North_side_of_Notre-Dame_de_Strasbourg/0/pictures/Strasbourg_-_panoramio_(52).jpg
Cathédrale_Notre-Dame_de_Strasbourg,25880,0,commons/Tower_of_Notre-Dame_de_Strasbourg/0/pictures/Straßburg_im_Sommer_2013_(9982231464).jpg
Cathédrale_Notre-Dame_de_Strasbourg,25880,0,commons/West_facade_of_Notre-Dame_de_Strasbourg/0/pictures/Cathédrale_Notre-Dame_de_Strasbourg_-_Cathedral_of_Our_Lady_of_Strasbourg_-_كاتدرائية_ستراسبورغ_-_Liebfrauenmünster_zu_Straßburg_photo15.jpg
Cathédrale_Notre-Dame_de_Strasbourg,25880,0,commons/Central_portal_of_the_western_facade_of_Notre-Dame_de_Strasbourg/0/pictures/Cathédrale_Notre_Dame_Strasbourg_20200124_021.jpg
Cathédrale_Notre-Dame_de_Strasbourg,25880,0,commons/Views_from_Notre-Dame_de_Strasbourg_in_2010/0/pictures/2010_06_24_canaltrip_strasbourg_422_(23061480611).jpg
Cathédrale_Notre-Dame_de_Strasbourg,25880,0,commons/Tower_of_Notre-Dame_de_Strasbourg/0/pictures/Tower_@_Cathédrale_Notre-Dame_de_Strasbourg_@_Strasbourg_(45530290552).jpg
Cathédrale_Notre-Dame_de_Strasbourg,25880,0,commons/Views_from_Notre-Dame_de_Strasbourg_in_2010/0/pictures/2010_06_24_canaltrip_strasbourg_426_(23061479501).jpg
Cathédrale_Notre-Dame_de_Strasbourg,25880,0,commons/North_side_of_Notre-Dame_de_Strasbourg/0/pictures/Strasbourg_-_Cathédrale_Notre_Dame_(vue_depuis_la_cathédrale).jpg
Cathédrale_Notre-Dame_de_Strasbourg,25880,0,commons/Tower_of_Notre-Dame_de_Strasbourg/0/pictures/Tower_@_Observatory_@_Cathédrale_Notre-Dame_de_Strasbourg_@_Strasbourg_(45580867041).jpg
Cathédrale_Notre-Dame_de_Strasbourg,25880,0,commons/North_side_of_Notre-Dame_de_Strasbourg/0/pictures/Strasbourg_-_panoramio_(55).jpg
Cathédrale_Notre-Dame_de_Strasbourg,25880,0,commons/Tower_of_Notre-Dame_de_Strasbourg/0/pictures/Tour_de_la_cathédrale_de_Strasbourg_depuis_la_plateforme.jpg
Cathédrale_Notre-Dame_de_Strasbourg,25880,0,commons/Views_from_Notre-Dame_de_Strasbourg_in_2010/0/pictures/2010_06_24_canaltrip_strasbourg_427_(22427506854).jpg
Cathédrale_Notre-Dame_de_Strasbourg,25880,0,commons/Views_from_Notre-Dame_de_Strasbourg_in_2010/0/pictures/2010_06_24_canaltrip_strasbourg_449_(22631950777).jpg
Cathédrale_Notre-Dame_de_Strasbourg,25880,0,commons/Cathédrale_Notre-Dame_de_Strasbourg_from_the_southeast/0/pictures/Strasbourg_place_du_Château_la_Cathédrale_octobre_2013_01.jpg
Cathédrale_Notre-Dame_de_Strasbourg,25880,0,commons/Tower_of_Notre-Dame_de_Strasbourg/0/pictures/Vue_du_clocher_de_la_cathédrale_de_Strasbourg.jpg
Cathédrale_Notre-Dame_de_Strasbourg,25880,0,commons/North_side_of_Notre-Dame_de_Strasbourg/0/pictures/Strasbourg_Cathedral_(7684402972).jpg
Cathédrale_Notre-Dame_de_Strasbourg,25880,0,commons/Tower_of_Notre-Dame_de_Strasbourg/0/pictures/Tower_@_Cathédrale_Notre-Dame_de_Strasbourg_@_Strasbourg_(45580789721).jpg
Cathédrale_Notre-Dame_de_Strasbourg,25880,0,commons/North_side_of_Notre-Dame_de_Strasbourg/0/pictures/Strasbourg_Cathedral_(52297059977).jpg
Cathédrale_Notre-Dame_de_Strasbourg,25880,0,commons/North_side_of_Notre-Dame_de_Strasbourg/0/pictures/Strasbourg_Cathedral_(52298038491).jpg
Cathédrale_Notre-Dame_de_Strasbourg,25880,0,commons/West_facade_of_Notre-Dame_de_Strasbourg/0/pictures/Cathédrale_Notre-Dame_de_Strasbourg_@_Strasbourg_(31708517658).jpg
Cathédrale_Notre-Dame_de_Strasbourg,25880,0,commons/Central_portal_of_the_western_facade_of_Notre-Dame_de_Strasbourg/0/pictures/Cathédrale_Notre-Dame_de_Strasbourg_@_Strasbourg_(30639644817).jpg
Cathédrale_Notre-Dame_de_Strasbourg,25880,0,commons/North_side_of_Notre-Dame_de_Strasbourg/0/pictures/Strasbourg_Cathedral_(52298045508).jpg
Cathédrale_Notre-Dame_de_Strasbourg,25880,0,commons/North_side_of_Notre-Dame_de_Strasbourg/0/pictures/Strasbourg_Cathédrale_coté_nord.jpg
Cathédrale_Notre-Dame_de_Strasbourg,25880,0,"commons/Cathédrale_Notre-Dame_de_Strasbourg_from_the_southeast/0/pictures/Strasbourg,_Rohan_Palace,_main_courtyard;_Cathedral.jpg"
Cathédrale_Notre-Dame_de_Strasbourg,25880,0,commons/North_side_of_Notre-Dame_de_Strasbourg/0/pictures/Strasbourg_Cathedral_in_July_2022_17.jpg
Cathédrale_Notre-Dame_de_Strasbourg,25880,0,commons/Tower_of_Notre-Dame_de_Strasbourg/0/pictures/Turmspitze_des_Straßburger_Münsters.jpg
Cathédrale_Notre-Dame_de_Strasbourg,25880,0,commons/Views_from_Notre-Dame_de_Strasbourg_in_2010/0/pictures/2010_06_24_canaltrip_strasbourg_525_(22429081733).jpg
Cathédrale_Notre-Dame_de_Strasbourg,25880,0,commons/Cathédrale_Notre-Dame_de_Strasbourg_from_the_southeast/0/pictures/Straßburg_(16505076863).jpg
Cathédrale_Notre-Dame_de_Strasbourg,25880,0,commons/North_side_of_Notre-Dame_de_Strasbourg/0/pictures/StrasbourgCath_FacaN_01.jpg
Cathédrale_Notre-Dame_de_Strasbourg,25880,0,commons/Views_from_Notre-Dame_de_Strasbourg_in_2010/0/pictures/2010_06_24_canaltrip_strasbourg_526_(22429080823).jpg
Cathédrale_Notre-Dame_de_Strasbourg,25880,0,commons/Views_from_Notre-Dame_de_Strasbourg_in_2010/0/pictures/2010_06_24_canaltrip_strasbourg_527_(23036701772).jpg
Cathédrale_Notre-Dame_de_Strasbourg,25880,0,"commons/North_side_of_Notre-Dame_de_Strasbourg/0/pictures/Strasbourg_Cathedral,_top_of_portail_St_Laurent_and_spire.jpg"
Cathédrale_Notre-Dame_de_Strasbourg,25880,0,commons/Gothic_statues_of_Notre-Dame_de_Strasbourg/0/pictures/2011.09.17.155312_Tower_cathedral_Strasbourg.jpg
Cathédrale_Notre-Dame_de_Strasbourg,25880,0,commons/Views_from_Notre-Dame_de_Strasbourg_in_2010/0/pictures/2010_06_24_canaltrip_strasbourg_535_(23024212106).jpg
Cathédrale_Notre-Dame_de_Strasbourg,25880,0,commons/Cathédrale_Notre-Dame_de_Strasbourg_from_the_southeast/0/pictures/Straßburg_Cathédrale_Notre-Dame_1.jpg
Cathédrale_Notre-Dame_de_Strasbourg,25880,0,commons/North_side_of_Notre-Dame_de_Strasbourg/0/pictures/Strasbourg_Cathedral_2.jpg
Cathédrale_Notre-Dame_de_Strasbourg,25880,0,commons/Gothic_statues_of_Notre-Dame_de_Strasbourg/0/pictures/Cathedrale-de-Strasbourg-IMG_1183.jpg
Cathédrale_Notre-Dame_de_Strasbourg,25880,0,commons/West_facade_of_Notre-Dame_de_Strasbourg/0/pictures/Cathédrale_Notre-Dame_de_Strasbourg_Dimension.jpg
Cathédrale_Notre-Dame_de_Strasbourg,25880,0,commons/Central_portal_of_the_western_facade_of_Notre-Dame_de_Strasbourg/0/pictures/Cathédrale_Notre-Dame_de_Strasbourg_@_Strasbourg_(45569525121).jpg
Cathédrale_Notre-Dame_de_Strasbourg,25880,0,commons/Views_from_Notre-Dame_de_Strasbourg_in_2010/0/pictures/2010_06_24_canaltrip_strasbourg_532_(22658013669).jpg
Cathédrale_Notre-Dame_de_Strasbourg,25880,0,commons/West_facade_of_Notre-Dame_de_Strasbourg/0/pictures/Cathédrale_Notre-Dame_de_Strasbourg_août_2014.jpg
Cathédrale_Notre-Dame_de_Strasbourg,25880,0,commons/Central_portal_of_the_western_facade_of_Notre-Dame_de_Strasbourg/0/pictures/Cathédrale_Notre-Dame_de_Strasbourg_-_panoramio_(2).jpg
Cathédrale_Notre-Dame_de_Strasbourg,25880,0,commons/Gothic_statues_of_Notre-Dame_de_Strasbourg/0/pictures/Cathedrale-de-Strasbourg-IMG_1199.jpg
Cathédrale_Notre-Dame_de_Strasbourg,25880,0,commons/West_facade_of_Notre-Dame_de_Strasbourg/0/pictures/Cathédrale_Notre-Dame_de_Strasbourg_@_Strasbourg_(45619630111).jpg
Cathédrale_Notre-Dame_de_Strasbourg,25880,0,commons/Central_portal_of_the_western_facade_of_Notre-Dame_de_Strasbourg/0/pictures/Cathédrale_Notre-Dame_de_Strasbourg_wildwoman.jpg
Cathédrale_Notre-Dame_de_Strasbourg,25880,0,"commons/Cathédrale_Notre-Dame_de_Strasbourg_from_the_southeast/0/pictures/Straßburg,_Münsterplatz_-_panoramio.jpg"
Cathédrale_Notre-Dame_de_Strasbourg,25880,0,commons/Cathédrale_Notre-Dame_de_Strasbourg_from_the_southeast/0/pictures/Straßburger_Muenster_3.jpg
Cathédrale_Notre-Dame_de_Strasbourg,25880,0,commons/Gothic_statues_of_Notre-Dame_de_Strasbourg/0/pictures/Cathedrale-de-Strasbourg-IMG_1184.jpg
Cathédrale_Notre-Dame_de_Strasbourg,25880,0,commons/Views_from_Notre-Dame_de_Strasbourg_in_2010/0/pictures/2010_06_24_canaltrip_strasbourg_540_(23050238875).jpg
Cathédrale_Notre-Dame_de_Strasbourg,25880,0,commons/North_side_of_Notre-Dame_de_Strasbourg/0/pictures/Straßburg_Cathédrale_Notre-Dame_Oktogon_1.JPG
Cathédrale_Notre-Dame_de_Strasbourg,25880,0,commons/West_facade_of_Notre-Dame_de_Strasbourg_seen_from_rue_Mercière/0/pictures/Strasbourg_(Bas-Rhin)_-_Cathédrale_Notre-Dame_(vue_depuis_la_rue_Mercière)_-_52229072150.jpg
Cathédrale_Notre-Dame_de_Strasbourg,25880,0,commons/South_portal_of_Notre-Dame_de_Strasbourg/0/pictures/King_Solomon_on_the_south_portal_of_the_cathedral_of_Strasbourg.jpg
Cathédrale_Notre-Dame_de_Strasbourg,25880,0,commons/North_side_of_Notre-Dame_de_Strasbourg/0/pictures/Strasbourg_plCathédrale23.JPG
Cathédrale_Notre-Dame_de_Strasbourg,25880,0,"commons/Tower_of_Notre-Dame_de_Strasbourg/0/pictures/Tower_of_Notre-Dame_de_Strasbourg,_2019.jpg"
Cathédrale_Notre-Dame_de_Strasbourg,25880,0,commons/Gothic_statues_of_Notre-Dame_de_Strasbourg/0/pictures/Cathedrale-de-Strasbourg-IMG_1194.jpg
Cathédrale_Notre-Dame_de_Strasbourg,25880,0,commons/Views_from_Notre-Dame_de_Strasbourg_in_2010/0/pictures/2010_06_24_canaltrip_strasbourg_541_(22658008909).jpg
Cathédrale_Notre-Dame_de_Strasbourg,25880,0,commons/Cathédrale_Notre-Dame_de_Strasbourg_from_the_southeast/0/pictures/Straßburg_Cathédrale_Notre-Dame_2.jpg
Cathédrale_Notre-Dame_de_Strasbourg,25880,0,commons/West_facade_of_Notre-Dame_de_Strasbourg_seen_from_rue_Mercière/0/pictures/Strasbourg_-_2016_(29947538776).jpg
Cathédrale_Notre-Dame_de_Strasbourg,25880,0,commons/South_portal_of_Notre-Dame_de_Strasbourg/0/pictures/PM_149977_F_Strasbourg.jpg
Cathédrale_Notre-Dame_de_Strasbourg,25880,0,commons/West_facade_of_Notre-Dame_de_Strasbourg_seen_from_rue_Mercière/0/pictures/Strasbourg_-_Cathédrale_Notre_Dame.jpg
Cathédrale_Notre-Dame_de_Strasbourg,25880,0,commons/South_portal_of_Notre-Dame_de_Strasbourg/0/pictures/PM_149978_F_Strasbourg.jpg
Cathédrale_Notre-Dame_de_Strasbourg,25880,0,commons/Gothic_statues_of_Notre-Dame_de_Strasbourg/0/pictures/Cathedrale-de-Strasbourg-IMG_1200.jpg
Cathédrale_Notre-Dame_de_Strasbourg,25880,0,commons/West_facade_of_Notre-Dame_de_Strasbourg_seen_from_rue_Mercière/0/pictures/Strasbourg_-_Rue_Mercière_-_Panoramic_Photocompilation.jpg
Cathédrale_Notre-Dame_de_Strasbourg,25880,0,commons/West_facade_of_Notre-Dame_de_Strasbourg_seen_from_rue_Mercière/0/pictures/Strasbourg_-_Rue_Mercière_-_View_on_Cathedral_III.jpg
Cathédrale_Notre-Dame_de_Strasbourg,25880,0,"commons/South_portal_of_Notre-Dame_de_Strasbourg/0/pictures/Notre-Dame,_Strasbourg,_Dormition_of_Virgin_Mary.JPG"
Cathédrale_Notre-Dame_de_Strasbourg,25880,0,commons/West_facade_of_Notre-Dame_de_Strasbourg/0/pictures/Cathédrale_Notre-Dame_de_Strasbourg_à_l'aurore.jpg
Cathédrale_Notre-Dame_de_Strasbourg,25880,0,commons/Central_portal_of_the_western_facade_of_Notre-Dame_de_Strasbourg/0/pictures/Cathédrale_Notre-Dame_façade_principale_Strasbourg_24.jpg
Cathédrale_Notre-Dame_de_Strasbourg,25880,0,commons/Views_from_Notre-Dame_de_Strasbourg_in_2011/0/pictures/2011_Strasbourg_View.jpg
Cathédrale_Notre-Dame_de_Strasbourg,25880,0,commons/Cathédrale_Notre-Dame_de_Strasbourg_from_the_southwest/0/pictures/Cathedral_Notre_Dame_de_Strasbourg.jpg
Cathédrale_Notre-Dame_de_Strasbourg,25880,0,commons/West_facade_of_Notre-Dame_de_Strasbourg_seen_from_rue_Mercière/0/pictures/Strasbourg_-_Rue_Mercière_-_View_on_Cathedral_IV.jpg
Cathédrale_Notre-Dame_de_Strasbourg,25880,0,commons/Cathédrale_Notre-Dame_de_Strasbourg_from_the_southeast/0/pictures/Straßburg_im_Sommer_2013_(9982198226).jpg
Cathédrale_Notre-Dame_de_Strasbourg,25880,0,commons/West_facade_of_Notre-Dame_de_Strasbourg_seen_from_rue_Mercière/0/pictures/Strasbourg_-_Rue_Mercière_-_View_on_Cathédrale_Notre-Dame.jpg
Cathédrale_Notre-Dame_de_Strasbourg,25880,0,commons/West_facade_of_Notre-Dame_de_Strasbourg_seen_from_rue_Mercière/0/pictures/Strasbourg_44.jpg
Cathédrale_Notre-Dame_de_Strasbourg,25880,0,commons/Details_of_the_west_facade_of_Notre-Dame_de_Strasbourg/0/pictures/Cathédrale_Notre-Dame_de_Strasbourg_@_Strasbourg_(44666793135).jpg
Cathédrale_Notre-Dame_de_Strasbourg,25880,0,commons/West_facade_of_Notre-Dame_de_Strasbourg_seen_from_rue_Mercière/0/pictures/Strasbourg_Cathedral_-_West_Facade_(7684402482).jpg
Cathédrale_Notre-Dame_de_Strasbourg,25880,0,commons/South_portal_of_Notre-Dame_de_Strasbourg/0/pictures/Strasbourg_-_Notre-Dame_de_Strasbourg_-_South_Transept_&_South_Portal_-_Panorama_view_and_sculptural_details_02.jpg
Cathédrale_Notre-Dame_de_Strasbourg,25880,0,commons/Cathédrale_Notre-Dame_de_Strasbourg_from_the_southwest/0/pictures/Cathédrale_Notre-Dame_de_Strasbourg_@_Strasbourg_(45530257612).jpg
Cathédrale_Notre-Dame_de_Strasbourg,25880,0,commons/Details_of_the_west_facade_of_Notre-Dame_de_Strasbourg/0/pictures/Cathédrale_Notre-Dame_de_Strasbourg_@_Strasbourg_(31746762838).jpg
Cathédrale_Notre-Dame_de_Strasbourg,25880,0,commons/West_facade_of_Notre-Dame_de_Strasbourg_seen_from_rue_Mercière/0/pictures/Strasbourg_Cathedral_Light_show.jpg
Cathédrale_Notre-Dame_de_Strasbourg,25880,0,commons/Details_of_the_west_facade_of_Notre-Dame_de_Strasbourg/0/pictures/Cathédrale_Notre-Dame_de_Strasbourg_@_Strasbourg_(45568503072).jpg
Cathédrale_Notre-Dame_de_Strasbourg,25880,0,"commons/West_facade_of_Notre-Dame_de_Strasbourg_seen_from_rue_Mercière/0/pictures/Strasbourg_Cathedral_seen_through_rue_Mercière,_by_night.jpg"
Cathédrale_Notre-Dame_de_Strasbourg,25880,0,"commons/South_portal_of_Notre-Dame_de_Strasbourg/0/pictures/Straatsburg,_Munster_zuidportaal,_RP-F-F24663.jpg"
Cathédrale_Notre-Dame_de_Strasbourg,25880,0,commons/Details_of_the_west_facade_of_Notre-Dame_de_Strasbourg/0/pictures/Cathédrale_Notre-Dame_façade_principale_Strasbourg_11.jpg
Cathédrale_Notre-Dame_de_Strasbourg,25880,0,commons/West_facade_of_Notre-Dame_de_Strasbourg_seen_from_rue_Mercière/0/pictures/Strasbourg_64.jpg
Cathédrale_Notre-Dame_de_Strasbourg,25880,0,commons/Details_of_the_west_facade_of_Notre-Dame_de_Strasbourg/0/pictures/Cathédrale_Notre-Dame_façade_principale_Strasbourg_12.jpg
Cathédrale_Notre-Dame_de_Strasbourg,25880,0,commons/West_facade_of_Notre-Dame_de_Strasbourg_seen_from_rue_Mercière/0/pictures/Strasbourg_March_2019_(32509915637).jpg
Cathédrale_Notre-Dame_de_Strasbourg,25880,0,commons/South_portal_of_Notre-Dame_de_Strasbourg/0/pictures/Strasbourg_-_Notre-Dame_de_Strasbourg_-_South_Transept_&_South_Portal_-_Panorama_view_and_sculptural_details_06_-_Ecclesia_triumphans_(allegorical_depiction)_looking_at_the_blind_Synagogue_with_broken_staff.jpg
Cathédrale_Notre-Dame_de_Strasbourg,25880,0,commons/West_facade_of_Notre-Dame_de_Strasbourg_seen_from_rue_Mercière/0/pictures/Strasbourg_March_2019_(32509933897).jpg
Cathédrale_Notre-Dame_de_Strasbourg,25880,0,commons/West_facade_of_Notre-Dame_de_Strasbourg_seen_from_rue_Mercière/0/pictures/Strasbourg_Cathedral_in_July_2022_01.jpg
Cathédrale_Notre-Dame_de_Strasbourg,25880,0,"commons/South_portal_of_Notre-Dame_de_Strasbourg/0/pictures/Strasbourg_-_Notre-Dame_de_Strasbourg_-_South_Transept_&_South_Portal_-_Panorama_view_and_sculptural_details_08_-_Christ_as_Salvator_mundi,_King_Solomon,_two_women,_a_dead_and_a_living_child.jpg"
Cathédrale_Notre-Dame_de_Strasbourg,25880,0,commons/West_facade_of_Notre-Dame_de_Strasbourg_seen_from_rue_Mercière/0/pictures/Strasbourg_March_2019_(32509934527).jpg
Cathédrale_Notre-Dame_de_Strasbourg,25880,0,commons/Details_of_the_west_facade_of_Notre-Dame_de_Strasbourg/0/pictures/Details_of_the_west_facade_of_Notre-Dame_de_Strasbourg-3.jpg
Cathédrale_Notre-Dame_de_Strasbourg,25880,0,commons/West_facade_of_Notre-Dame_de_Strasbourg_seen_from_rue_Mercière/0/pictures/Strasbourg_March_2019_(33575458468).jpg
Cathédrale_Notre-Dame_de_Strasbourg,25880,0,commons/West_facade_of_Notre-Dame_de_Strasbourg_seen_from_rue_Mercière/0/pictures/Strasbourg_March_2019_(33575459138).jpg
Cathédrale_Notre-Dame_de_Strasbourg,25880,0,commons/West_facade_of_Notre-Dame_de_Strasbourg_seen_from_rue_Mercière/0/pictures/Strasbourg_March_2019_(46536503555).jpg
Cathédrale_Notre-Dame_de_Strasbourg,25880,0,commons/West_facade_of_Notre-Dame_de_Strasbourg_seen_from_rue_Mercière/0/pictures/Strasbourg_March_2019_(46536503985).jpg
Cathédrale_Notre-Dame_de_Strasbourg,25880,0,commons/West_facade_of_Notre-Dame_de_Strasbourg_seen_from_rue_Mercière/0/pictures/Strasbourg_capitale_de_Noël_façade_de_la_Cathédrale_2011.jpg
Cathédrale_Notre-Dame_de_Strasbourg,25880,0,commons/South_portal_of_Notre-Dame_de_Strasbourg/0/pictures/Strasbourg_-_Notre-Dame_de_Strasbourg_-_South_Transept_&_South_Portal_-_Panorama_view_and_sculptural_details_21_-_Allegory_of_Ecclesia_triumphans.jpg
Cathédrale_Notre-Dame_de_Strasbourg,25880,0,commons/West_facade_of_Notre-Dame_de_Strasbourg_seen_from_rue_Mercière/0/pictures/Strasbourg_grande_rosace_cathédrale_Notre-Dame_juin_2015.jpg
Cathédrale_Notre-Dame_de_Strasbourg,25880,0,commons/South_portal_of_Notre-Dame_de_Strasbourg/0/pictures/Strasbourg_-_Notre-Dame_de_Strasbourg_-_South_Transept_&_South_Portal_-_Panorama_view_and_sculptural_details_19_-_Christ_as_Salvator_mundi_and_King_Solomon.jpg
Cathédrale_Notre-Dame_de_Strasbourg,25880,0,commons/Details_of_the_west_facade_of_Notre-Dame_de_Strasbourg/0/pictures/Strasbourg_-_Cathedral_IX.jpg
Cathédrale_Notre-Dame_de_Strasbourg,25880,0,commons/West_facade_of_Notre-Dame_de_Strasbourg_seen_from_rue_Mercière/0/pictures/Strasbourg_Muenster.jpg
Cathédrale_Notre-Dame_de_Strasbourg,25880,0,commons/South_portal_of_Notre-Dame_de_Strasbourg/0/pictures/Strasbourg_-_South_Transept_of_the_Cathedral_V.jpg
Cathédrale_Notre-Dame_de_Strasbourg,25880,0,commons/Details_of_the_west_facade_of_Notre-Dame_de_Strasbourg/0/pictures/Stras8023088.jpg
Cathédrale_Notre-Dame_de_Strasbourg,25880,0,commons/West_facade_of_Notre-Dame_de_Strasbourg_seen_from_rue_Mercière/0/pictures/Strasbourg_in_December._-_panoramio.jpg
Cathédrale_Notre-Dame_de_Strasbourg,25880,0,commons/South_portal_of_Notre-Dame_de_Strasbourg/0/pictures/Strasbourg_-_South_Transept_with_Allegorical_Figures_of_Triumphant_Church_and_Blind&Broken_Synagogue.jpg
Cathédrale_Notre-Dame_de_Strasbourg,25880,0,commons/Details_of_the_west_facade_of_Notre-Dame_de_Strasbourg/0/pictures/Strasbourg_-_Notre-Dame_de_Strasbourg_-_West_façade_of_the_cathedral_-_Chimera_01.jpg
Cathédrale_Notre-Dame_de_Strasbourg,25880,0,commons/West_facade_of_Notre-Dame_de_Strasbourg_seen_from_rue_Mercière/0/pictures/Strasbourg_rMercière_10-11b.JPG
Cathédrale_Notre-Dame_de_Strasbourg,25880,0,commons/South_portal_of_Notre-Dame_de_Strasbourg/0/pictures/Strasbourg_-_cathédrale_Notre_Dame_-_portail_sud.jpg
Cathédrale_Notre-Dame_de_Strasbourg,25880,0,commons/West_facade_of_Notre-Dame_de_Strasbourg_seen_from_rue_Mercière/0/pictures/Strasbourg_rue_Mercière_11_sept_2013.jpg
Cathédrale_Notre-Dame_de_Strasbourg,25880,0,commons/West_facade_of_Notre-Dame_de_Strasbourg_seen_from_rue_Mercière/0/pictures/Strasbourg_cathedrale_2_(5891464492).jpg
Cathédrale_Notre-Dame_de_Strasbourg,25880,0,commons/South_portal_of_Notre-Dame_de_Strasbourg/0/pictures/StrasbourgCath_FacTranseptSud_02.JPG
Cathédrale_Notre-Dame_de_Strasbourg,25880,0,commons/West_facade_of_Notre-Dame_de_Strasbourg_seen_from_rue_Mercière/0/pictures/Strasbourg_Zone_OTAN_Cathédrale.JPG
Cathédrale_Notre-Dame_de_Strasbourg,25880,0,commons/Views_from_Notre-Dame_de_Strasbourg_in_2004/0/pictures/Le_Palais_des_Rohans.jpg
Cathédrale_Notre-Dame_de_Strasbourg,25880,0,commons/West_facade_of_Notre-Dame_de_Strasbourg_seen_from_rue_Mercière/0/pictures/Strasbourg_rue_Mercière_26_août_2013.jpg
Cathédrale_Notre-Dame_de_Strasbourg,25880,0,"commons/South_portal_of_Notre-Dame_de_Strasbourg/0/pictures/Strasbourg,_cathédrale,_portail_du_jugement_dernier_(portail_Sud)_avec_roi_Salomon_et_Christ.jpg"
Cathédrale_Notre-Dame_de_Strasbourg,25880,0,commons/Views_from_Notre-Dame_de_Strasbourg_in_2004/0/pictures/Views_from_Notre-Dame_de_Strasbourg_in_2004_(378719514).jpg
Cathédrale_Notre-Dame_de_Strasbourg,25880,0,commons/West_facade_of_Notre-Dame_de_Strasbourg_seen_from_rue_Mercière/0/pictures/Strasbourg_rue_Mercière_30_août_2013.jpg
Cathédrale_Notre-Dame_de_Strasbourg,25880,0,commons/South_portal_of_Notre-Dame_de_Strasbourg/0/pictures/Strasbourg_-_Panorama_of_the_Cathedral's_South_Transept_Allegorically_Depicting_The_Last_Judgement.jpg
Cathédrale_Notre-Dame_de_Strasbourg,25880,0,commons/Views_from_Notre-Dame_de_Strasbourg_in_2004/0/pictures/Views_from_Notre-Dame_de_Strasbourg_in_2004_(378719589).jpg
Cathédrale_Notre-Dame_de_Strasbourg,25880,0,commons/Details_of_the_west_facade_of_Notre-Dame_de_Strasbourg/0/pictures/Strasbourg_-_Cathedral_VI.jpg
Cathédrale_Notre-Dame_de_Strasbourg,25880,0,commons/West_facade_of_Notre-Dame_de_Strasbourg_seen_from_rue_Mercière/0/pictures/Strasbourg_rue_Mercière_août_2013_02.jpg
Cathédrale_Notre-Dame_de_Strasbourg,25880,0,commons/South_portal_of_Notre-Dame_de_Strasbourg/0/pictures/StrasbourgCath_FacTranseptSud_05.JPG
Cathédrale_Notre-Dame_de_Strasbourg,25880,0,"commons/West_facade_of_Notre-Dame_de_Strasbourg_seen_from_rue_Mercière/0/pictures/Strasbourg,_Cathédrale_Notre_Dame_01.jpg"
Cathédrale_Notre-Dame_de_Strasbourg,25880,0,commons/South_portal_of_Notre-Dame_de_Strasbourg/0/pictures/StrasbourgCath_FacTranseptSud_06.JPG
Cathédrale_Notre-Dame_de_Strasbourg,25880,0,commons/Views_from_Notre-Dame_de_Strasbourg_in_2004/0/pictures/Views_from_Notre-Dame_de_Strasbourg_in_2004_(378720123).jpg
Cathédrale_Notre-Dame_de_Strasbourg,25880,0,commons/West_facade_of_Notre-Dame_de_Strasbourg_seen_from_rue_Mercière/0/pictures/Strasbourg.jpg
Cathédrale_Notre-Dame_de_Strasbourg,25880,0,commons/West_facade_of_Notre-Dame_de_Strasbourg_seen_from_rue_Mercière/0/pictures/Strasbourg@HFR_(3780213073).jpg
Cathédrale_Notre-Dame_de_Strasbourg,25880,0,commons/South_portal_of_Notre-Dame_de_Strasbourg/0/pictures/Strasbourg_Cathédrale_Notre_Dame_portail_sud.jpg
Cathédrale_Notre-Dame_de_Strasbourg,25880,0,"commons/West_facade_of_Notre-Dame_de_Strasbourg_seen_from_rue_Mercière/0/pictures/Strasbourg,_June_2018_5007_(42554203154).jpg"
Cathédrale_Notre-Dame_de_Strasbourg,25880,0,commons/South_portal_of_Notre-Dame_de_Strasbourg/0/pictures/StrasbourgCath_FacTranseptSud_14.JPG
Cathédrale_Notre-Dame_de_Strasbourg,25880,0,commons/Dome_of_Notre-Dame_de_Strasbourg/0/pictures/Great_Strasbourg_cathedral.jpg
Cathédrale_Notre-Dame_de_Strasbourg,25880,0,commons/West_portals_of_Notre-Dame_de_Strasbourg/0/pictures/Strasbourg_2009_IMG_3762.JPG
Cathédrale_Notre-Dame_de_Strasbourg,25880,0,commons/South_side_of_Notre-Dame_de_Strasbourg/0/pictures/Cathédrale_Notre_Dame_Strasbourg_20200124_011.jpg
Cathédrale_Notre-Dame_de_Strasbourg,25880,0,commons/West_facade_of_Notre-Dame_de_Strasbourg/0/pictures/Cathédrale_Notre_dame_de_Strasbourg_08.jpg
Cathédrale_Notre-Dame_de_Strasbourg,25880,0,commons/Central_portal_of_the_western_facade_of_Notre-Dame_de_Strasbourg/0/pictures/Alsace_Strasbourg_Cathédrale_Notre_Dame_Portail_Ouest_041990_-_panoramio.jpg
Cathédrale_Notre-Dame_de_Strasbourg,25880,0,commons/Details_of_the_west_facade_of_Notre-Dame_de_Strasbourg/0/pictures/Strasbourg_Cathedral_(52298050978).jpg
Cathédrale_Notre-Dame_de_Strasbourg,25880,0,"commons/West_facade_of_Notre-Dame_de_Strasbourg_seen_from_rue_Mercière/0/pictures/Strasbourg,_Cathédrale_Notre_Dame_04.jpg"
Cathédrale_Notre-Dame_de_Strasbourg,25880,0,commons/West_facade_of_Notre-Dame_de_Strasbourg_seen_from_rue_Mercière/0/pictures/Strassburg-Muenster-114-Kraemergass-2005-gje.jpg
Cathédrale_Notre-Dame_de_Strasbourg,25880,0,commons/West_facade_of_Notre-Dame_de_Strasbourg_seen_from_rue_Mercière/0/pictures/Straßburg_-_MÜNSTER_-_panoramio.jpg
Cathédrale_Notre-Dame_de_Strasbourg,25880,0,"commons/West_facade_of_Notre-Dame_de_Strasbourg_seen_from_rue_Mercière/0/pictures/Strasbourg,_décembre_2018_(45425411345).jpg"
Cathédrale_Notre-Dame_de_Strasbourg,25880,0,commons/South_portal_of_Notre-Dame_de_Strasbourg/0/pictures/StrasbourgCath_PortS_01.jpg
Cathédrale_Notre-Dame_de_Strasbourg,25880,0,commons/West_facade_of_Notre-Dame_de_Strasbourg_seen_from_rue_Mercière/0/pictures/Straßburg_(40608211463).jpg
Cathédrale_Notre-Dame_de_Strasbourg,25880,0,commons/South_side_of_Notre-Dame_de_Strasbourg/0/pictures/2011.09.17.154621_Arch_South_side_cathedral_Strasbourg.jpg
Cathédrale_Notre-Dame_de_Strasbourg,25880,0,"commons/Details_of_the_west_facade_of_Notre-Dame_de_Strasbourg/0/pictures/Strasbourg,_décembre_2018_(44521180300).jpg"
Cathédrale_Notre-Dame_de_Strasbourg,25880,0,commons/West_facade_of_Notre-Dame_de_Strasbourg_seen_from_rue_Mercière/0/pictures/Strassburg-Muenster-116-Kraemergass-2005-gje.jpg
Cathédrale_Notre-Dame_de_Strasbourg,25880,0,commons/South_side_of_Notre-Dame_de_Strasbourg/0/pictures/2011.09.17.154744_Arches_south_side_cathedral_Strasbourg.jpg
Cathédrale_Notre-Dame_de_Strasbourg,25880,0,commons/West_facade_of_Notre-Dame_de_Strasbourg_seen_from_rue_Mercière/0/pictures/Straßburg_Cathédrale_Notre-Dame_Fassade_4.jpg
Cathédrale_Notre-Dame_de_Strasbourg,25880,0,commons/South_side_of_Notre-Dame_de_Strasbourg/0/pictures/2011.09.17.154831_Arches_south_side_cathedral_Strasbourg.jpg
Cathédrale_Notre-Dame_de_Strasbourg,25880,0,commons/Details_of_the_west_facade_of_Notre-Dame_de_Strasbourg/0/pictures/Strassburg-Muenster-178-Westfassade-Giebel_ueber_Portal-1987-gje.jpg
Cathédrale_Notre-Dame_de_Strasbourg,25880,0,commons/West_facade_of_Notre-Dame_de_Strasbourg_seen_from_rue_Mercière/0/pictures/Strassburg-Muenster-130-Westfassade-2017-gje.jpg
Cathédrale_Notre-Dame_de_Strasbourg,25880,0,commons/South_side_of_Notre-Dame_de_Strasbourg/0/pictures/Arcs-boutants_Strasbourg.jpg
Cathédrale_Notre-Dame_de_Strasbourg,25880,0,commons/North_side_of_Notre-Dame_de_Strasbourg/0/pictures/Cathédrale_Notre-Dame_façade_nord_Strasbourg_7.jpg
Cathédrale_Notre-Dame_de_Strasbourg,25880,0,commons/Tower_of_Notre-Dame_de_Strasbourg/0/pictures/Strasbourg_Cathédrale_coté_nord.jpg
Cathédrale_Notre-Dame_de_Strasbourg,25880,0,commons/West_facade_of_Notre-Dame_de_Strasbourg_seen_from_rue_Mercière/0/pictures/Strassburg-Muenster-118-Kraemergass-2005-gje.jpg
Cathédrale_Notre-Dame_de_Strasbourg,25880,0,commons/South_side_of_Notre-Dame_de_Strasbourg/0/pictures/20191020_Rheinkreuzfahrt_010.jpg
Cathédrale_Notre-Dame_de_Strasbourg,25880,0,commons/West_facade_of_Notre-Dame_de_Strasbourg_seen_from_rue_Mercière/0/pictures/Strassburg-Muenster-120-Kraemergass-2005-gje.jpg
Cathédrale_Notre-Dame_de_Strasbourg,25880,0,commons/South_side_of_Notre-Dame_de_Strasbourg/0/pictures/2014_in_Strasbourg_-_2.jpg
Cathédrale_Notre-Dame_de_Strasbourg,25880,0,commons/Views_from_Notre-Dame_de_Strasbourg_in_2006/0/pictures/Cathedrale-de-Strasbourg-IMG_1329.jpg
Cathédrale_Notre-Dame_de_Strasbourg,25880,0,commons/Details_of_the_west_facade_of_Notre-Dame_de_Strasbourg/0/pictures/Strassburg-Muenster-176-Westfassade-Hauptportal-Archivolte_links-1987-gje.jpg
Cathédrale_Notre-Dame_de_Strasbourg,25880,0,commons/West_facade_of_Notre-Dame_de_Strasbourg_seen_from_rue_Mercière/0/pictures/Straßburg_Cathédrale_Notre-Dame_Fassade_5.jpg
Cathédrale_Notre-Dame_de_Strasbourg,25880,0,commons/West_facade_of_Notre-Dame_de_Strasbourg_seen_from_rue_Mercière/0/pictures/Straßburg_Cathédrale_Notre-Dame_Fassade_6.jpg
Cathédrale_Notre-Dame_de_Strasbourg,25880,0,commons/West_facade_of_Notre-Dame_de_Strasbourg_seen_from_rue_Mercière/0/pictures/Straßburg_Cathédrale_Notre-Dame_Front_1.JPG
Cathédrale_Notre-Dame_de_Strasbourg,25880,0,commons/South_side_of_Notre-Dame_de_Strasbourg/0/pictures/Absolute_cathedrale_Strasbourg_03.JPG
Cathédrale_Notre-Dame_de_Strasbourg,25880,0,commons/Dome_of_Notre-Dame_de_Strasbourg/0/pictures/2011.09.17.154929_Dome_cathedral_Strasbourg.jpg
Cathédrale_Notre-Dame_de_Strasbourg,25880,0,commons/West_facade_of_Notre-Dame_de_Strasbourg_seen_from_rue_Mercière/0/pictures/Straßburg_Cathédrale_Notre-Dame_Front_3.JPG
Cathédrale_Notre-Dame_de_Strasbourg,25880,0,commons/South_side_of_Notre-Dame_de_Strasbourg/0/pictures/AH_visits_the_Cathedral_-_panoramio.jpg
Cathédrale_Notre-Dame_de_Strasbourg,25880,0,commons/West_facade_of_Notre-Dame_de_Strasbourg_seen_from_rue_Mercière/0/pictures/Straßburg_Münster_2009-001.jpg
Cathédrale_Notre-Dame_de_Strasbourg,25880,0,commons/South_side_of_Notre-Dame_de_Strasbourg/0/pictures/Along_the_cathedral_(50942823903).jpg
Cathédrale_Notre-Dame_de_Strasbourg,25880,0,commons/West_facade_of_Notre-Dame_de_Strasbourg/0/pictures/Cathédrale_Notre-Dame_de_Strasbourg_@_Strasbourg_(43763424110).jpg
Cathédrale_Notre-Dame_de_Strasbourg,25880,0,commons/Central_portal_of_the_western_facade_of_Notre-Dame_de_Strasbourg/0/pictures/Cathédrale_Notre-Dame_de_Strasbourg_@_Strasbourg_(44705504145).jpg
Cathédrale_Notre-Dame_de_Strasbourg,25880,0,commons/Views_from_Notre-Dame_de_Strasbourg_in_2010/0/pictures/2010_06_24_canaltrip_strasbourg_523_(23061445111).jpg
Cathédrale_Notre-Dame_de_Strasbourg,25880,0,commons/Dome_of_Notre-Dame_de_Strasbourg/0/pictures/2011.09.17.155658_View_east_Cathedral_Strasbourg.jpg
Cathédrale_Notre-Dame_de_Strasbourg,25880,0,commons/West_facade_of_Notre-Dame_de_Strasbourg_seen_from_rue_Mercière/0/pictures/Straßburg_Cathédrale_Notre-Dame_Fassade_7.jpg
Cathédrale_Notre-Dame_de_Strasbourg,25880,0,commons/South_side_of_Notre-Dame_de_Strasbourg/0/pictures/Cathedrale-de-Strasbourg-IMG_1269.jpg
Cathédrale_Notre-Dame_de_Strasbourg,25880,0,commons/Dome_of_Notre-Dame_de_Strasbourg/0/pictures/2011.09.17.160107_View_from_cathedral_Strasbourg.jpg
Cathédrale_Notre-Dame_de_Strasbourg,25880,0,commons/West_facade_of_Notre-Dame_de_Strasbourg_seen_from_rue_Mercière/0/pictures/Straßburg_Cathédrale_Notre-Dame_Front_2.JPG
Cathédrale_Notre-Dame_de_Strasbourg,25880,0,commons/South_side_of_Notre-Dame_de_Strasbourg/0/pictures/Cathedral_of_Notre-Dame3.jpg
Cathédrale_Notre-Dame_de_Strasbourg,25880,0,commons/West_facade_of_Notre-Dame_de_Strasbourg_seen_from_rue_Mercière/0/pictures/Thomas_Bresson_-_Cathédrale_de_Strasbourg_(by).jpg
Cathédrale_Notre-Dame_de_Strasbourg,25880,0,commons/Dome_of_Notre-Dame_de_Strasbourg/0/pictures/Cathedrale-de-Strasbourg-IMG_1330.jpg
Cathédrale_Notre-Dame_de_Strasbourg,25880,0,commons/West_portals_of_Notre-Dame_de_Strasbourg/0/pictures/Cathédrale_Notre-Dame_-_extérieur_-_portail_(Strasbourg).jpg
Cathédrale_Notre-Dame_de_Strasbourg,25880,0,commons/South_side_of_Notre-Dame_de_Strasbourg/0/pictures/Cathedrale-de-Strasbourg-IMG_1316.jpg
Cathédrale_Notre-Dame_de_Strasbourg,25880,0,commons/Dome_of_Notre-Dame_de_Strasbourg/0/pictures/2018-08-24_Strasbourg_(20)_(29394476137).jpg
Cathédrale_Notre-Dame_de_Strasbourg,25880,0,commons/West_portals_of_Notre-Dame_de_Strasbourg/0/pictures/14-02-02-straszburg-RalfR-075.jpg
Cathédrale_Notre-Dame_de_Strasbourg,25880,0,commons/South_side_of_Notre-Dame_de_Strasbourg/0/pictures/Cathedrale-de-Strasbourg-IMG_1310.jpg
Cathédrale_Notre-Dame_de_Strasbourg,25880,0,"commons/Views_from_Notre-Dame_de_Strasbourg_in_2007/0/pictures/Strasbourg_seen_from_above_in_2007,_8.jpg"
Cathédrale_Notre-Dame_de_Strasbourg,25880,0,commons/Dome_of_Notre-Dame_de_Strasbourg/0/pictures/Cathédrale_Notre-Dame_-_L'arrière.jpg
Cathédrale_Notre-Dame_de_Strasbourg,25880,0,commons/West_portals_of_Notre-Dame_de_Strasbourg/0/pictures/Cathédrale_Notre-Dame_de_Strasbourg_@_Strasbourg_(44705512425).jpg
Cathédrale_Notre-Dame_de_Strasbourg,25880,0,commons/South_side_of_Notre-Dame_de_Strasbourg/0/pictures/Cathedrale-de-Strasbourg-IMG_1313.jpg
Cathédrale_Notre-Dame_de_Strasbourg,25880,0,commons/Dome_of_Notre-Dame_de_Strasbourg/0/pictures/Cathedrale-de-Strasbourg-IMG_1349.jpg
Cathédrale_Notre-Dame_de_Strasbourg,25880,0,commons/West_portals_of_Notre-Dame_de_Strasbourg/0/pictures/Cathédrale_Notre-Dame_de_Strasbourg_-_Cathedral_of_Our_Lady_of_Strasbourg_-_كاتدرائية_ستراسبورغ_-_Liebfrauenmünster_zu_Straßburg_photo22.jpg
Cathédrale_Notre-Dame_de_Strasbourg,25880,0,commons/South_side_of_Notre-Dame_de_Strasbourg/0/pictures/Cathedrale-de-Strasbourg-IMG_1318.jpg
Cathédrale_Notre-Dame_de_Strasbourg,25880,0,commons/West_facade_of_Notre-Dame_de_Strasbourg_seen_from_rue_Mercière/0/pictures/West_facade_of_Notre-Dame_de_Strasbourg_seen_from_rue_Mercière.JPG
Cathédrale_Notre-Dame_de_Strasbourg,25880,0,commons/South_side_of_Notre-Dame_de_Strasbourg/0/pictures/Cathedrale-de-Strasbourg-IMG_1317.jpg
Cathédrale_Notre-Dame_de_Strasbourg,25880,0,commons/Dome_of_Notre-Dame_de_Strasbourg/0/pictures/Cathédrale_Notre_-_Dame_de_Strasbourg_-_panoramio_(1).jpg
Cathédrale_Notre-Dame_de_Strasbourg,25880,0,commons/West_portals_of_Notre-Dame_de_Strasbourg/0/pictures/Cathédrale_Notre-Dame_de_Strasbourg_-_Cathedral_of_Our_Lady_of_Strasbourg_-_كاتدرائية_ستراسبورغ_-_Liebfrauenmünster_zu_Straßburg_photo23.jpg
Cathédrale_Notre-Dame_de_Strasbourg,25880,0,commons/South_side_of_Notre-Dame_de_Strasbourg/0/pictures/Cathedrale-de-Strasbourg-IMG_1319.jpg
Cathédrale_Notre-Dame_de_Strasbourg,25880,0,commons/Dome_of_Notre-Dame_de_Strasbourg/0/pictures/Cathedrale-de-Strasbourg-IMG_1321.jpg
Cathédrale_Notre-Dame_de_Strasbourg,25880,0,commons/West_portals_of_Notre-Dame_de_Strasbourg/0/pictures/Cathédrale_Notre-Dame_de_Strasbourg_@_Strasbourg_(45569057782).jpg
Cathédrale_Notre-Dame_de_Strasbourg,25880,0,commons/South_side_of_Notre-Dame_de_Strasbourg/0/pictures/Cathedrale-de-Strasbourg-IMG_1321.jpg
Cathédrale_Notre-Dame_de_Strasbourg,25880,0,commons/West_portals_of_Notre-Dame_de_Strasbourg/0/pictures/Frontispice_cathédrale_Strasbourg.JPG
Cathédrale_Notre-Dame_de_Strasbourg,25880,0,commons/South_side_of_Notre-Dame_de_Strasbourg/0/pictures/Cathedrale-de-Strasbourg-IMG_1330.jpg
Cathédrale_Notre-Dame_de_Strasbourg,25880,0,commons/Dome_of_Notre-Dame_de_Strasbourg/0/pictures/Cathedral_small_tower_-_panoramio.jpg
Cathédrale_Notre-Dame_de_Strasbourg,25880,0,commons/West_portals_of_Notre-Dame_de_Strasbourg/0/pictures/Line_@_Cathédrale_Notre-Dame_de_Strasbourg_@_Strasbourg_(31747373288).jpg
Cathédrale_Notre-Dame_de_Strasbourg,25880,0,commons/South_side_of_Notre-Dame_de_Strasbourg/0/pictures/Cathedrale-de-Strasbourg-IMG_4261.jpg
Cathédrale_Notre-Dame_de_Strasbourg,25880,0,"commons/Views_from_Notre-Dame_de_Strasbourg_in_2008/0/pictures/Strasbourg_seen_from_above,_May_2008,_2.jpg"
Cathédrale_Notre-Dame_de_Strasbourg,25880,0,commons/West_portals_of_Notre-Dame_de_Strasbourg/0/pictures/Strasbourg_(8399159234).jpg
Cathédrale_Notre-Dame_de_Strasbourg,25880,0,commons/South_side_of_Notre-Dame_de_Strasbourg/0/pictures/Cathédrale_-_Strasbourg_-_2014-02-02-_P1760437.jpg
Cathédrale_Notre-Dame_de_Strasbourg,25880,0,commons/Views_from_Notre-Dame_de_Strasbourg_in_2008/0/pictures/Straßburg_Blick_vom_Münster_3.JPG
Cathédrale_Notre-Dame_de_Strasbourg,25880,0,commons/Views_from_Notre-Dame_de_Strasbourg_in_2008/0/pictures/Straßburg_Blick_vom_Münster_1.JPG
Cathédrale_Notre-Dame_de_Strasbourg,25880,0,commons/Dome_of_Notre-Dame_de_Strasbourg/0/pictures/Dôme_de_Notre-Dame_de_Strasbourg.jpg
Cathédrale_Notre-Dame_de_Strasbourg,25880,0,commons/West_portals_of_Notre-Dame_de_Strasbourg/0/pictures/Strasbourg_-_Place_de_la_Cathédrale_-_View_East_I.jpg
Cathédrale_Notre-Dame_de_Strasbourg,25880,0,commons/South_side_of_Notre-Dame_de_Strasbourg/0/pictures/Cathédrale_Notre_Dame_Strasbourg_20200124_009.jpg
Cathédrale_Notre-Dame_de_Strasbourg,25880,0,commons/Remote_views_of_Notre-Dame_de_Strasbourg/0/pictures/Absolute_Pl_marche_aux_cochons_01.JPG
Cathédrale_Notre-Dame_de_Strasbourg,25880,0,commons/Views_from_Notre-Dame_de_Strasbourg_in_2013/0/pictures/IMGP4019_(9235543251).jpg
Cathédrale_Notre-Dame_de_Strasbourg,25880,0,commons/Remote_views_of_Notre-Dame_de_Strasbourg/0/pictures/Absolute_ponts_couverts_01.jpg
Cathédrale_Notre-Dame_de_Strasbourg,25880,0,commons/Remote_views_of_Notre-Dame_de_Strasbourg/0/pictures/Cathédrale_Notre_Dame_Strasbourg_20200124_006.jpg
Cathédrale_Notre-Dame_de_Strasbourg,25880,0,commons/Views_from_Notre-Dame_de_Strasbourg_in_2013/0/pictures/Strasbourg14Mai2013(5).jpg
Cathédrale_Notre-Dame_de_Strasbourg,25880,0,commons/Remote_views_of_Notre-Dame_de_Strasbourg/0/pictures/Cinema_Vox_à_Strasbourg.jpg
Cathédrale_Notre-Dame_de_Strasbourg,25880,0,commons/Remote_views_of_Notre-Dame_de_Strasbourg/0/pictures/Double_flèche_de_grès.jpg
Cathédrale_Notre-Dame_de_Strasbourg,25880,0,"commons/Remote_views_of_Notre-Dame_de_Strasbourg/0/pictures/Gezicht_op_Straatsburg_met_op_de_voorgrond_de_Place_Kléber,_RP-F-F01131-CP.jpg"
Cathédrale_Notre-Dame_de_Strasbourg,25880,0,commons/Cathédrale_Notre-Dame_de_Strasbourg_from_the_northwest/0/pictures/Haus_Kammerzell_und_Münster_in_Straßburg.jpg
Cathédrale_Notre-Dame_de_Strasbourg,25880,0,commons/Views_from_Notre-Dame_de_Strasbourg_in_2015/0/pictures/View_of_Strasbourg_20150730.jpg
Cathédrale_Notre-Dame_de_Strasbourg,25880,0,"commons/Remote_views_of_Notre-Dame_de_Strasbourg/0/pictures/L`Ill,_Cathédrale_Notre-Dame_de_Strasbourg,_Strasbourg,_Alsace,_France_-_panoramio.jpg"
Cathédrale_Notre-Dame_de_Strasbourg,25880,0,commons/Remote_views_of_Notre-Dame_de_Strasbourg/0/pictures/MarcheAuxCochonsDeLait.JPG
Cathédrale_Notre-Dame_de_Strasbourg,25880,0,commons/Cathédrale_Notre-Dame_de_Strasbourg_from_the_northwest/0/pictures/Strasbourg_(8399212228).jpg
Cathédrale_Notre-Dame_de_Strasbourg,25880,0,commons/Views_from_Notre-Dame_de_Strasbourg_in_2016/0/pictures/View_from_strasbourg_cathedral.jpg
Cathédrale_Notre-Dame_de_Strasbourg,25880,0,commons/Remote_views_of_Notre-Dame_de_Strasbourg/0/pictures/MuséeHistoriqueStrasbourg.JPG
Cathédrale_Notre-Dame_de_Strasbourg,25880,0,commons/Remote_views_of_Notre-Dame_de_Strasbourg/0/pictures/Muenster-Straßburg-Rohan-Palast.JPG
Cathédrale_Notre-Dame_de_Strasbourg,25880,0,commons/Remote_views_of_Notre-Dame_de_Strasbourg/0/pictures/Palais_des_Rohan_depuis_le_Musée_des_Bx-Arts_(2).jpg
Cathédrale_Notre-Dame_de_Strasbourg,25880,0,commons/Cathédrale_Notre-Dame_de_Strasbourg_from_the_northwest/0/pictures/Strasbourgs_pride.jpg
Cathédrale_Notre-Dame_de_Strasbourg,25880,0,commons/Views_from_Notre-Dame_de_Strasbourg_in_2017/0/pictures/Strasbourg_Juillet_2017_dsc_9499_34961907413_o_(49078066252).jpg
Cathédrale_Notre-Dame_de_Strasbourg,25880,0,commons/Remote_views_of_Notre-Dame_de_Strasbourg/0/pictures/Peristyle_of_Palais_Rohan_and_Cathédrale_Notre-Dame_in_Strasbourg.jpg
Cathédrale_Notre-Dame_de_Strasbourg,25880,0,commons/Cathédrale_Notre-Dame_de_Strasbourg_from_the_northwest/0/pictures/Straßburg_Münster_2002.jpg
Cathédrale_Notre-Dame_de_Strasbourg,25880,0,commons/Views_from_Notre-Dame_de_Strasbourg_in_2018/0/pictures/2018-08-24_Strasbourg_(20)_(29394476137).jpg
Cathédrale_Notre-Dame_de_Strasbourg,25880,0,"commons/Remote_views_of_Notre-Dame_de_Strasbourg/0/pictures/Place_Kléber,_Strasbourg.jpg"
Cathédrale_Notre-Dame_de_Strasbourg,25880,0,"commons/Remote_views_of_Notre-Dame_de_Strasbourg/0/pictures/Pont_du_Corbeau,_Strasbourg_20170529_1.jpg"
Cathédrale_Notre-Dame_de_Strasbourg,25880,0,commons/Cathédrale_Notre-Dame_de_Strasbourg_from_the_northwest/0/pictures/Tower_@_Cathédrale_Notre-Dame_de_Strasbourg_@_Strasbourg_(31747372548).jpg
Cathédrale_Notre-Dame_de_Strasbourg,25880,0,commons/Views_from_Notre-Dame_de_Strasbourg_in_2018/0/pictures/Observatory_@_Cathédrale_Notre-Dame_de_Strasbourg_@_Strasbourg_(30639687737).jpg
Cathédrale_Notre-Dame_de_Strasbourg,25880,0,"commons/Remote_views_of_Notre-Dame_de_Strasbourg/0/pictures/Ponts_Couverts,_Hans_von_Altheimturm_ou_Tour_Jean_de_Altheim,_Cathédrale_Notre-Dame_Strasbourg_20200124_005.jpg"
Cathédrale_Notre-Dame_de_Strasbourg,25880,0,commons/Cathédrale_Notre-Dame_de_Strasbourg_from_the_northwest/0/pictures/Straßburg_Münster_(3).jpg
Cathédrale_Notre-Dame_de_Strasbourg,25880,0,commons/Views_from_Notre-Dame_de_Strasbourg_in_2018/0/pictures/Observatory_@_Cathédrale_Notre-Dame_de_Strasbourg_@_Strasbourg_(30639694477).jpg
Cathédrale_Notre-Dame_de_Strasbourg,25880,0,commons/Remote_views_of_Notre-Dame_de_Strasbourg/0/pictures/Ponts_couverts_et_cathédrale_(Strasbourg)_(1).jpg
Cathédrale_Notre-Dame_de_Strasbourg,25880,0,commons/Cathédrale_Notre-Dame_de_Strasbourg_from_the_northwest/0/pictures/West_façade_of_Notre-Dame_de_Strasbourg.JPG
Cathédrale_Notre-Dame_de_Strasbourg,25880,0,commons/Views_from_Notre-Dame_de_Strasbourg_in_2018/0/pictures/Observatory_@_Cathédrale_Notre-Dame_de_Strasbourg_@_Strasbourg_(30639692447).jpg
Cathédrale_Notre-Dame_de_Strasbourg,25880,0,commons/Remote_views_of_Notre-Dame_de_Strasbourg/0/pictures/Remote_view_of_Notre-Dame_de_Strasbourg.jpg
Cathédrale_Notre-Dame_de_Strasbourg,25880,0,commons/Cathédrale_Notre-Dame_de_Strasbourg_from_the_southeast/0/pictures/Cathedrale_Notre_Dame_in_Strasbourg_(2520678974).jpg
Cathédrale_Notre-Dame_de_Strasbourg,25880,0,commons/Views_from_Notre-Dame_de_Strasbourg_in_2018/0/pictures/Observatory_@_Cathédrale_Notre-Dame_de_Strasbourg_@_Strasbourg_(31708441068).jpg
Cathédrale_Notre-Dame_de_Strasbourg,25880,0,commons/Remote_views_of_Notre-Dame_de_Strasbourg/0/pictures/Ponts_couverts_et_cathédrale_(Strasbourg)_(grand_angle)_(2).jpg
Cathédrale_Notre-Dame_de_Strasbourg,25880,0,commons/Remote_views_of_Notre-Dame_de_Strasbourg/0/pictures/Rue_Rohan_-_panoramio.jpg
Cathédrale_Notre-Dame_de_Strasbourg,25880,0,commons/Cathédrale_Notre-Dame_de_Strasbourg_from_the_southeast/0/pictures/Cathédrale_Notre_Dame_de_Strasbourg_-_panoramio_-_Mister_No.jpg
Cathédrale_Notre-Dame_de_Strasbourg,25880,0,commons/Views_from_Notre-Dame_de_Strasbourg_in_2018/0/pictures/Observatory_@_Cathédrale_Notre-Dame_de_Strasbourg_@_Strasbourg_(43763481980).jpg
Cathédrale_Notre-Dame_de_Strasbourg,25880,0,commons/Remote_views_of_Notre-Dame_de_Strasbourg/0/pictures/Sapin_place_Kléber_(Strasbourg)_(2011).jpg
Cathédrale_Notre-Dame_de_Strasbourg,25880,0,"commons/Remote_views_of_Notre-Dame_de_Strasbourg/0/pictures/Rue_de_Rohan,_Strasbourg_-_27200199065.jpg"
Cathédrale_Notre-Dame_de_Strasbourg,25880,0,commons/Cathédrale_Notre-Dame_de_Strasbourg_from_the_southeast/0/pictures/Cathédrale_Notre-Dame_de_Strasbourg_(2014).jpg
Cathédrale_Notre-Dame_de_Strasbourg,25880,0,commons/Views_from_Notre-Dame_de_Strasbourg_in_2018/0/pictures/Observatory_@_Cathédrale_Notre-Dame_de_Strasbourg_@_Strasbourg_(43763503140).jpg
Cathédrale_Notre-Dame_de_Strasbourg,25880,0,commons/Remote_views_of_Notre-Dame_de_Strasbourg/0/pictures/Strasbourg_(52298581490).jpg
Cathédrale_Notre-Dame_de_Strasbourg,25880,0,commons/Remote_views_of_Notre-Dame_de_Strasbourg/0/pictures/Strasbourg_(8398091881).jpg
Cathédrale_Notre-Dame_de_Strasbourg,25880,0,commons/Remote_views_of_Notre-Dame_de_Strasbourg/0/pictures/Strasbourg_-_Cathédrale_Notre-Dame_1.jpg
Cathédrale_Notre-Dame_de_Strasbourg,25880,0,commons/Cathédrale_Notre-Dame_de_Strasbourg_from_the_southeast/0/pictures/Cathédrale_Rohan2.jpg
Cathédrale_Notre-Dame_de_Strasbourg,25880,0,commons/Views_from_Notre-Dame_de_Strasbourg_in_2018/0/pictures/Observatory_@_Cathédrale_Notre-Dame_de_Strasbourg_@_Strasbourg_(45580833651).jpg
Cathédrale_Notre-Dame_de_Strasbourg,25880,0,commons/Remote_views_of_Notre-Dame_de_Strasbourg/0/pictures/Strasbourg_-_Cathédrale_Notre-Dame_2016-04-08_16-36-21.jpg
Cathédrale_Notre-Dame_de_Strasbourg,25880,0,commons/Cathédrale_Notre-Dame_de_Strasbourg_from_the_southeast/0/pictures/Cathédrale_Notre-Dame_de_Strasbourg_-_panoramio_(5).jpg
Cathédrale_Notre-Dame_de_Strasbourg,25880,0,commons/Views_from_Notre-Dame_de_Strasbourg_in_2018/0/pictures/Observatory_@_Cathédrale_Notre-Dame_de_Strasbourg_@_Strasbourg_(45580874091).jpg
Cathédrale_Notre-Dame_de_Strasbourg,25880,0,commons/Remote_views_of_Notre-Dame_de_Strasbourg/0/pictures/Strasbourg_2016_(29802201883).jpg
Cathédrale_Notre-Dame_de_Strasbourg,25880,0,commons/Remote_views_of_Notre-Dame_de_Strasbourg/0/pictures/Strasbourg_2009.jpg
Cathédrale_Notre-Dame_de_Strasbourg,25880,0,commons/Views_from_Notre-Dame_de_Strasbourg_in_2018/0/pictures/Place_du_Château_@_Observatory_@_Cathédrale_Notre-Dame_de_Strasbourg_@_Strasbourg_(31708509068).jpg
Cathédrale_Notre-Dame_de_Strasbourg,25880,0,commons/Remote_views_of_Notre-Dame_de_Strasbourg/0/pictures/Strasbourg_2021.jpg
Cathédrale_Notre-Dame_de_Strasbourg,25880,0,commons/Cathédrale_Notre-Dame_de_Strasbourg_from_the_southeast/0/pictures/Palais_des_Rohan_depuis_le_Musée_des_Bx-Arts_(1).jpg
Cathédrale_Notre-Dame_de_Strasbourg,25880,0,commons/Views_from_Notre-Dame_de_Strasbourg_in_2020/0/pictures/Palais_Rohan_Jan_2020_(cropped).jpg
Cathédrale_Notre-Dame_de_Strasbourg,25880,0,commons/Remote_views_of_Notre-Dame_de_Strasbourg/0/pictures/Strasbourg_31.jpg
Cathédrale_Notre-Dame_de_Strasbourg,25880,0,commons/Cathédrale_Notre-Dame_de_Strasbourg_from_the_southeast/0/pictures/Peristyle_of_Palais_Rohan_and_Cathédrale_Notre-Dame_in_Strasbourg.jpg
Cathédrale_Notre-Dame_de_Strasbourg,25880,0,commons/Views_from_Notre-Dame_de_Strasbourg_in_2022/0/pictures/Strasbourg_Cathedral_(52297054927).jpg
Cathédrale_Notre-Dame_de_Strasbourg,25880,0,commons/Remote_views_of_Notre-Dame_de_Strasbourg/0/pictures/Strasbourg_Cathedral_(cropped_2).jpg
Cathédrale_Notre-Dame_de_Strasbourg,25880,0,"commons/Views_from_Notre-Dame_de_Strasbourg_in_2020/0/pictures/Strasbourg,_Cathédrale_Notre_Dame_05.jpg"
Cathédrale_Notre-Dame_de_Strasbourg,25880,0,commons/Remote_views_of_Notre-Dame_de_Strasbourg/0/pictures/Strasbourg_Cathedral_(cropped).jpg
Cathédrale_Notre-Dame_de_Strasbourg,25880,0,commons/Cathédrale_Notre-Dame_de_Strasbourg_from_the_southeast/0/pictures/South_side_of_Notre-Dame_de_Strasbourg-Strasbourg.jpg
Cathédrale_Notre-Dame_de_Strasbourg,25880,0,commons/Views_from_Notre-Dame_de_Strasbourg_in_2022/0/pictures/Strasbourg_Cathedral_(52297055832).jpg
Cathédrale_Notre-Dame_de_Strasbourg,25880,0,commons/Remote_views_of_Notre-Dame_de_Strasbourg/0/pictures/Strasbourg_Cathedral.jpg
Cathédrale_Notre-Dame_de_Strasbourg,25880,0,commons/Cathédrale_Notre-Dame_de_Strasbourg_from_the_southeast/0/pictures/Strasbourg_Cathédrale_Notre-Dame_façade_sud_octobre_2013.jpg
Cathédrale_Notre-Dame_de_Strasbourg,25880,0,commons/Views_from_Notre-Dame_de_Strasbourg_in_2022/0/pictures/Strasbourg_Cathedral_(52298045508).jpg
Cathédrale_Notre-Dame_de_Strasbourg,25880,0,commons/Remote_views_of_Notre-Dame_de_Strasbourg/0/pictures/Strasbourg_Cathedral_seen_from_courtyard_of_Palais_Rohan.jpg
Cathédrale_Notre-Dame_de_Strasbourg,25880,0,commons/Cathédrale_Notre-Dame_de_Strasbourg_from_the_southeast/0/pictures/Strasbourg_Cathedral_seen_from_courtyard_of_Palais_Rohan.jpg
Cathédrale_Notre-Dame_de_Strasbourg,25880,0,commons/Views_from_Notre-Dame_de_Strasbourg_in_2022/0/pictures/Strasbourg_Cathedral_in_July_2022_04.jpg
Cathédrale_Notre-Dame_de_Strasbourg,25880,0,commons/Remote_views_of_Notre-Dame_de_Strasbourg/0/pictures/Strasbourg_Cathedral_017_0143.jpg
Cathédrale_Notre-Dame_de_Strasbourg,25880,0,commons/Cathédrale_Notre-Dame_de_Strasbourg_from_the_southeast/0/pictures/Straßburg_(16918007227).jpg
Cathédrale_Notre-Dame_de_Strasbourg,25880,0,commons/Views_from_Notre-Dame_de_Strasbourg_in_2022/0/pictures/Strasbourg_Cathedral_in_July_2022_09.jpg
Cathédrale_Notre-Dame_de_Strasbourg,25880,0,commons/Remote_views_of_Notre-Dame_de_Strasbourg/0/pictures/Strasbourg_Musée_historique_Cathédrale_Pont_du_Corbeau.jpg
Cathédrale_Notre-Dame_de_Strasbourg,25880,0,commons/Cathédrale_Notre-Dame_de_Strasbourg_from_the_southeast/0/pictures/Strasbourg_muenster_turm_1.jpg
Cathédrale_Notre-Dame_de_Strasbourg,25880,0,commons/Views_from_Notre-Dame_de_Strasbourg_in_2022/0/pictures/Strasbourg_Cathedral_in_July_2022_11.jpg
Cathédrale_Notre-Dame_de_Strasbourg,25880,0,commons/Remote_views_of_Notre-Dame_de_Strasbourg/0/pictures/Strasbourg_OTAN_2009.jpg
Cathédrale_Notre-Dame_de_Strasbourg,25880,0,commons/Remote_views_of_Notre-Dame_de_Strasbourg/0/pictures/Strasbourg_petite_france.jpg
Cathédrale_Notre-Dame_de_Strasbourg,25880,0,commons/Cathédrale_Notre-Dame_de_Strasbourg_from_the_southeast/0/pictures/Straßburg_Cathédrale_Notre-Dame_3.jpg
Cathédrale_Notre-Dame_de_Strasbourg,25880,0,commons/Views_from_Notre-Dame_de_Strasbourg_in_2022/0/pictures/Strasbourg_Cathedral_in_July_2022_17.jpg
Cathédrale_Notre-Dame_de_Strasbourg,25880,0,commons/Remote_views_of_Notre-Dame_de_Strasbourg/0/pictures/Strasbourg_place_Gutenberg_août_2013.jpg
Cathédrale_Notre-Dame_de_Strasbourg,25880,0,commons/Remote_views_of_Notre-Dame_de_Strasbourg/0/pictures/Strasbourg_rohan_cour.JPG
Cathédrale_Notre-Dame_de_Strasbourg,25880,0,"commons/Remote_views_of_Notre-Dame_de_Strasbourg/0/pictures/Strasbourg,_Cathédrale_Notre_Dame_1.jpg"
Cathédrale_Notre-Dame_de_Strasbourg,25880,0,"commons/Remote_views_of_Notre-Dame_de_Strasbourg/0/pictures/Strasbourg,_France,_Ponts_Couverts_seen_from_Barrage_Vauban.jpg"
Cathédrale_Notre-Dame_de_Strasbourg,25880,0,"commons/Remote_views_of_Notre-Dame_de_Strasbourg/0/pictures/Strasbourg,_Cathédrale_Notre_Dame_4.jpg"
Cathédrale_Notre-Dame_de_Strasbourg,25880,0,"commons/Remote_views_of_Notre-Dame_de_Strasbourg/0/pictures/Strasbourg,_Cathédrale_Notre_Dame_3.jpg"
Cathédrale_Notre-Dame_de_Strasbourg,25880,0,"commons/Remote_views_of_Notre-Dame_de_Strasbourg/0/pictures/Strasbourg,_Frankreich_-_panoramio_(31).jpg"
Cathédrale_Notre-Dame_de_Strasbourg,25880,0,"commons/Remote_views_of_Notre-Dame_de_Strasbourg/0/pictures/Strasbourg,_Cathédrale_Notre_Dame_5.jpg"
Cathédrale_Notre-Dame_de_Strasbourg,25880,0,"commons/Remote_views_of_Notre-Dame_de_Strasbourg/0/pictures/Strasbourg,_Frankreich_-_panoramio_(33).jpg"
Cathédrale_Notre-Dame_de_Strasbourg,25880,0,commons/Cathédrale_Notre-Dame_de_Strasbourg_from_the_southwest/0/pictures/Cathedrale-de-Strasbourg-IMG_4262.jpg
Cathédrale_Notre-Dame_de_Strasbourg,25880,0,"commons/West_facade_of_Notre-Dame_de_Strasbourg/0/pictures/2006_November,_fog_in_Strasbourg_17.jpg"
Cathédrale_Notre-Dame_de_Strasbourg,25880,0,commons/Remote_views_of_Notre-Dame_de_Strasbourg/0/pictures/StrasbourgCath_04.jpg
Cathédrale_Notre-Dame_de_Strasbourg,25880,0,commons/Cathédrale_Notre-Dame_de_Strasbourg_from_the_southwest/0/pictures/May_France_Cite_Strasbourg_Ville_d'Alsace_-_Alsace_magic_Elsaß_Photography_2014_La_Terreur_-_Gouvernement_clerical_Die_Macht_Roms_in_Frankreich_-_panoramio_(3).jpg
Cathédrale_Notre-Dame_de_Strasbourg,25880,0,commons/West_facade_of_Notre-Dame_de_Strasbourg/0/pictures/142_Meter_hohe_Turm_ist_der_weltweit_sechsthöchste_Kirchturm_der_Welt._-_panoramio.jpg
Cathédrale_Notre-Dame_de_Strasbourg,25880,0,commons/Remote_views_of_Notre-Dame_de_Strasbourg/0/pictures/Strasburg.jpg
Cathédrale_Notre-Dame_de_Strasbourg,25880,0,commons/Cathédrale_Notre-Dame_de_Strasbourg_from_the_southwest/0/pictures/Cathédrale_Notre-Dame_de_Strasbourg_during_a_Light_Show.jpg
Cathédrale_Notre-Dame_de_Strasbourg,25880,0,commons/West_facade_of_Notre-Dame_de_Strasbourg/0/pictures/2010_06_24_canaltrip_strasbourg_318_(23036752542).jpg
Cathédrale_Notre-Dame_de_Strasbourg,25880,0,"commons/Remote_views_of_Notre-Dame_de_Strasbourg/0/pictures/Strasbourg,_rue_des_Juifs.jpg"
Cathédrale_Notre-Dame_de_Strasbourg,25880,0,commons/Cathédrale_Notre-Dame_de_Strasbourg_from_the_southwest/0/pictures/Strasbourg_(Bas-Rhin)_-_Grande_Île_(centre_historique)_-_Palais_Rohan_-_cour_vue_vers_cathédrale.jpg
Cathédrale_Notre-Dame_de_Strasbourg,25880,0,commons/West_facade_of_Notre-Dame_de_Strasbourg/0/pictures/003_Strassburger_Muenster.JPG
Cathédrale_Notre-Dame_de_Strasbourg,25880,0,commons/Remote_views_of_Notre-Dame_de_Strasbourg/0/pictures/Straßburg_(DerHexer)_2010-12-20_079.jpg
Cathédrale_Notre-Dame_de_Strasbourg,25880,0,commons/Cathédrale_Notre-Dame_de_Strasbourg_from_the_southwest/0/pictures/Strasbourg_Cathedral_(31283302087).jpg
Cathédrale_Notre-Dame_de_Strasbourg,25880,0,commons/West_facade_of_Notre-Dame_de_Strasbourg/0/pictures/Bas_cathedrale_strasbourg_illumine.jpg
Cathédrale_Notre-Dame_de_Strasbourg,25880,0,commons/Remote_views_of_Notre-Dame_de_Strasbourg/0/pictures/Straßburg_-_panoramio_(24).jpg
Cathédrale_Notre-Dame_de_Strasbourg,25880,0,commons/Cathédrale_Notre-Dame_de_Strasbourg_from_the_southwest/0/pictures/Il_duomo_di_Strasburgo.jpg
Cathédrale_Notre-Dame_de_Strasbourg,25880,0,commons/West_facade_of_Notre-Dame_de_Strasbourg/0/pictures/2015_wurde_das_Straßburger_Münster_1.000_Jahre_alt_und_ist_eine_der_bedeutendsten_Kathedralen_in_ganz_Europa_-_panoramio.jpg
Cathédrale_Notre-Dame_de_Strasbourg,25880,0,commons/Remote_views_of_Notre-Dame_de_Strasbourg/0/pictures/Straßburg_(DerHexer)_2010-12-20_080.jpg
Cathédrale_Notre-Dame_de_Strasbourg,25880,0,commons/Cathédrale_Notre-Dame_de_Strasbourg_from_the_southwest/0/pictures/Side_of_Strasbourg_cathedral.jpg
Cathédrale_Notre-Dame_de_Strasbourg,25880,0,commons/West_facade_of_Notre-Dame_de_Strasbourg/0/pictures/Cathedral_Notre_Dame_de_Strasbourg.jpg
Cathédrale_Notre-Dame_de_Strasbourg,25880,0,commons/Remote_views_of_Notre-Dame_de_Strasbourg/0/pictures/Strassburg-Muenster-110-1987-gje.jpg
Cathédrale_Notre-Dame_de_Strasbourg,25880,0,commons/Cathédrale_Notre-Dame_de_Strasbourg_from_the_southwest/0/pictures/Strasbourg-Vue_depuis_le_5e_Lieu_(7).jpg
Cathédrale_Notre-Dame_de_Strasbourg,25880,0,commons/West_facade_of_Notre-Dame_de_Strasbourg/0/pictures/2D00A53F-01AB-459DB6410D130E57D671.jpg
Cathédrale_Notre-Dame_de_Strasbourg,25880,0,commons/Remote_views_of_Notre-Dame_de_Strasbourg/0/pictures/Straßburg_Cathédrale_Notre-Dame_Turm_1.JPG
Cathédrale_Notre-Dame_de_Strasbourg,25880,0,commons/Cathédrale_Notre-Dame_de_Strasbourg_from_the_southwest/0/pictures/Strasbourg-Vue_depuis_le_5e_Lieu_(8).jpg
Cathédrale_Notre-Dame_de_Strasbourg,25880,0,commons/West_facade_of_Notre-Dame_de_Strasbourg/0/pictures/2018-08-24_Strasbourg_(11)_(43425032055).jpg
Cathédrale_Notre-Dame_de_Strasbourg,25880,0,commons/Remote_views_of_Notre-Dame_de_Strasbourg/0/pictures/Straßburg_Ponts_Couverts_13.jpg
Cathédrale_Notre-Dame_de_Strasbourg,25880,0,"commons/Cathédrale_Notre-Dame_de_Strasbourg_from_the_southwest/0/pictures/Strasbourg,_Cathedral_of_Our_Lady_(23712842864).jpg"
Cathédrale_Notre-Dame_de_Strasbourg,25880,0,"commons/West_facade_of_Notre-Dame_de_Strasbourg/0/pictures/Cathedral_Notre_Dame,_Strasbourg.jpg"
Cathédrale_Notre-Dame_de_Strasbourg,25880,0,commons/Remote_views_of_Notre-Dame_de_Strasbourg/0/pictures/Straßburg_La_Petite_France_01.jpg
Cathédrale_Notre-Dame_de_Strasbourg,25880,0,"commons/Cathédrale_Notre-Dame_de_Strasbourg_from_the_southwest/0/pictures/Strasbourg,_Cathédrale_Notre_Dame_03.jpg"
Cathédrale_Notre-Dame_de_Strasbourg,25880,0,"commons/West_facade_of_Notre-Dame_de_Strasbourg/0/pictures/Cathedral,_67000_Strasbourg,_France_-_panoramio_(2).jpg"
Cathédrale_Notre-Dame_de_Strasbourg,25880,0,commons/Remote_views_of_Notre-Dame_de_Strasbourg/0/pictures/Two_towers_of_Ponts_Couverts_and_Strasbourg_Cathedral_in_the_distance.jpg
Cathédrale_Notre-Dame_de_Strasbourg,25880,0,commons/Cathédrale_Notre-Dame_de_Strasbourg_from_the_southwest/0/pictures/Straßburger_Münster_-_panoramio_(3).jpg
Cathédrale_Notre-Dame_de_Strasbourg,25880,0,commons/West_facade_of_Notre-Dame_de_Strasbourg/0/pictures/Cathedrale_Notrde-Dame-de-Strasbourg-001.jpg
Cathédrale_Notre-Dame_de_Strasbourg,25880,0,commons/Remote_views_of_Notre-Dame_de_Strasbourg/0/pictures/View_from_terrace_near_Petite_France_-_panoramio.jpg
Cathédrale_Notre-Dame_de_Strasbourg,25880,0,commons/Cathédrale_Notre-Dame_de_Strasbourg_from_the_southwest/0/pictures/Straßburg_Cathédrale_Notre-Dame_Front_7.JPG
Cathédrale_Notre-Dame_de_Strasbourg,25880,0,commons/West_facade_of_Notre-Dame_de_Strasbourg/0/pictures/Cathedrale_Notre_Dame_in_Strasbourg_(2520719804).jpg
Cathédrale_Notre-Dame_de_Strasbourg,25880,0,commons/Right_portal_of_the_western_facade_of_Notre-Dame_de_Strasbourg/0/pictures/2010_06_24_canaltrip_strasbourg_300_(22658068529).jpg
Cathédrale_Notre-Dame_de_Strasbourg,25880,0,commons/Central_portal_of_the_western_facade_of_Notre-Dame_de_Strasbourg/0/pictures/Cathédrale_Notre-Dame_de_Strasbourg_@_Strasbourg_(45568504902).jpg
Cathédrale_Notre-Dame_de_Strasbourg,25880,0,commons/West_facade_of_Notre-Dame_de_Strasbourg/0/pictures/Cathédrale_Notre-Dame_de_Strasbourg_@_Strasbourg_(45619621701).jpg
Cathédrale_Notre-Dame_de_Strasbourg,25880,0,commons/Right_portal_of_the_western_facade_of_Notre-Dame_de_Strasbourg/0/pictures/Cathedrale-de-Strasbourg-IMG_1200.jpg
Cathédrale_Notre-Dame_de_Strasbourg,25880,0,commons/Central_portal_of_the_western_facade_of_Notre-Dame_de_Strasbourg/0/pictures/Cathédrale_Notre-Dame_façade_principale_Strasbourg_11.jpg
Cathédrale_Notre-Dame_de_Strasbourg,25880,0,commons/West_facade_of_Notre-Dame_de_Strasbourg/0/pictures/Cathédrale_Notre-Dame_de_Strasbourg_de_nuit.jpg
Cathédrale_Notre-Dame_de_Strasbourg,25880,0,commons/Right_portal_of_the_western_facade_of_Notre-Dame_de_Strasbourg/0/pictures/Cathedrale-de-Strasbourg-IMG_1199.jpg
Cathédrale_Notre-Dame_de_Strasbourg,25880,0,commons/Central_portal_of_the_western_facade_of_Notre-Dame_de_Strasbourg/0/pictures/Cathédrale_Notre-Dame_façade_principale_Strasbourg_23.jpg
Cathédrale_Notre-Dame_de_Strasbourg,25880,0,commons/West_facade_of_Notre-Dame_de_Strasbourg/0/pictures/Cathédrale_Notre-Dame_de_Strasbourg_by_Deniz.jpg
Cathédrale_Notre-Dame_de_Strasbourg,25880,0,commons/Right_portal_of_the_western_facade_of_Notre-Dame_de_Strasbourg/0/pictures/Cathedrale-de-Strasbourg-IMG_1203.jpg
Cathédrale_Notre-Dame_de_Strasbourg,25880,0,commons/Central_portal_of_the_western_facade_of_Notre-Dame_de_Strasbourg/0/pictures/Cathédrale_Notre-Dame_façade_principale_Strasbourg_21.jpg
Cathédrale_Notre-Dame_de_Strasbourg,25880,0,commons/West_facade_of_Notre-Dame_de_Strasbourg/0/pictures/Cathédrale_Notre-Dame_de_nuit.jpg
Cathédrale_Notre-Dame_de_Strasbourg,25880,0,commons/Right_portal_of_the_western_facade_of_Notre-Dame_de_Strasbourg/0/pictures/2021-03-27_13-09-35_strasbourg.jpg
Cathédrale_Notre-Dame_de_Strasbourg,25880,0,"commons/Central_portal_of_the_western_facade_of_Notre-Dame_de_Strasbourg/0/pictures/Cathédrale_de_Strasbourg,_façade,_Vierge_au_trône_de_la_Sagesse.jpg"
Cathédrale_Notre-Dame_de_Strasbourg,25880,0,commons/West_facade_of_Notre-Dame_de_Strasbourg/0/pictures/Cathédrale_Notre-Dame_de_Strasbourg_during_a_Light_Show.jpg
Cathédrale_Notre-Dame_de_Strasbourg,25880,0,commons/Right_portal_of_the_western_facade_of_Notre-Dame_de_Strasbourg/0/pictures/Cathédrale_Notre-Dame_de_Strasbourg_@_Strasbourg_(44655565995).jpg
Cathédrale_Notre-Dame_de_Strasbourg,25880,0,commons/West_facade_of_Notre-Dame_de_Strasbourg/0/pictures/Cathédrale_Notre-Dame_façade_principale_Strasbourg_1.jpg
Cathédrale_Notre-Dame_de_Strasbourg,25880,0,commons/Right_portal_of_the_western_facade_of_Notre-Dame_de_Strasbourg/0/pictures/France_Strasbourg_Cathedral_Wise_virgins_and_Christ.jpg
Cathédrale_Notre-Dame_de_Strasbourg,25880,0,commons/West_facade_of_Notre-Dame_de_Strasbourg/0/pictures/Cathédrale_Notre-Dame_de_Strasbourg_en_nuances_de_gris.jpg
Cathédrale_Notre-Dame_de_Strasbourg,25880,0,commons/Right_portal_of_the_western_facade_of_Notre-Dame_de_Strasbourg/0/pictures/Cathédrale_Notre-Dame_de_Strasbourg_@_Strasbourg_(45568491222).jpg
Cathédrale_Notre-Dame_de_Strasbourg,25880,0,commons/Central_portal_of_the_western_facade_of_Notre-Dame_de_Strasbourg/0/pictures/Central_portal_of_the_western_facade.jpg
Cathédrale_Notre-Dame_de_Strasbourg,25880,0,commons/West_facade_of_Notre-Dame_de_Strasbourg/0/pictures/Cathédrale_Notre-Dame_façade_principale_Strasbourg_14.jpg
Cathédrale_Notre-Dame_de_Strasbourg,25880,0,commons/Right_portal_of_the_western_facade_of_Notre-Dame_de_Strasbourg/0/pictures/Les_vierges_folles.jpg
Cathédrale_Notre-Dame_de_Strasbourg,25880,0,commons/Central_portal_of_the_western_facade_of_Notre-Dame_de_Strasbourg/0/pictures/Details_of_the_west_facade_of_Notre-Dame_de_Strasbourg-2.jpg
Cathédrale_Notre-Dame_de_Strasbourg,25880,0,commons/West_facade_of_Notre-Dame_de_Strasbourg/0/pictures/Cathédrale_de_Strasbourg_1.JPG
Cathédrale_Notre-Dame_de_Strasbourg,25880,0,commons/Right_portal_of_the_western_facade_of_Notre-Dame_de_Strasbourg/0/pictures/Détail_de_la_façade_de_la_cathédrale_de_Strasbourg.JPG
Cathédrale_Notre-Dame_de_Strasbourg,25880,0,commons/Central_portal_of_the_western_facade_of_Notre-Dame_de_Strasbourg/0/pictures/Details_of_the_west_facade_of_Notre-Dame_de_Strasbourg-3.jpg
Cathédrale_Notre-Dame_de_Strasbourg,25880,0,commons/West_facade_of_Notre-Dame_de_Strasbourg/0/pictures/Cathédrale_Notre-Dame_façade_principale_Strasbourg_18.jpg
Cathédrale_Notre-Dame_de_Strasbourg,25880,0,commons/Right_portal_of_the_western_facade_of_Notre-Dame_de_Strasbourg/0/pictures/PM_150034_F_Strasbourg.jpg
Cathédrale_Notre-Dame_de_Strasbourg,25880,0,commons/Right_portal_of_the_western_facade_of_Notre-Dame_de_Strasbourg/0/pictures/Notre-Dame_Strasbourg_vierges_sages_portail_latéral_sud_façade_ouest.jpg
Cathédrale_Notre-Dame_de_Strasbourg,25880,0,"commons/Central_portal_of_the_western_facade_of_Notre-Dame_de_Strasbourg/0/pictures/Grand_portal,_Cathedral_of_Strasbourg.jpg"
Cathédrale_Notre-Dame_de_Strasbourg,25880,0,commons/West_facade_of_Notre-Dame_de_Strasbourg/0/pictures/Cathédrale_Notre-Dame_façade_principale_Strasbourg_3.jpg
Cathédrale_Notre-Dame_de_Strasbourg,25880,0,commons/Right_portal_of_the_western_facade_of_Notre-Dame_de_Strasbourg/0/pictures/Notre-Dame_de_Strasbourg_tympan_portail_occidental_nord_Rois_mages.jpg
Cathédrale_Notre-Dame_de_Strasbourg,25880,0,commons/West_facade_of_Notre-Dame_de_Strasbourg/0/pictures/Cathédrale_de_Strasbourg-Holga120.jpg
Cathédrale_Notre-Dame_de_Strasbourg,25880,0,commons/Right_portal_of_the_western_facade_of_Notre-Dame_de_Strasbourg/0/pictures/Strasbourg_(Bas-Rhin)_-_Cathédrale_Notre-Dame_-_Portail_de_droite.jpg
Cathédrale_Notre-Dame_de_Strasbourg,25880,0,commons/Central_portal_of_the_western_facade_of_Notre-Dame_de_Strasbourg/0/pictures/Exterior_of_Notre-Dame_de_Strasbourg_04.JPG
Cathédrale_Notre-Dame_de_Strasbourg,25880,0,commons/West_facade_of_Notre-Dame_de_Strasbourg/0/pictures/Cathédrale_de_nuit_(10688552733).jpg
Cathédrale_Notre-Dame_de_Strasbourg,25880,0,commons/Right_portal_of_the_western_facade_of_Notre-Dame_de_Strasbourg/0/pictures/Stras8023345.jpg
Cathédrale_Notre-Dame_de_Strasbourg,25880,0,commons/Central_portal_of_the_western_facade_of_Notre-Dame_de_Strasbourg/0/pictures/Exterior_of_Notre-Dame_de_Strasbourg_05.JPG
Cathédrale_Notre-Dame_de_Strasbourg,25880,0,commons/West_facade_of_Notre-Dame_de_Strasbourg/0/pictures/Cathédrale_de_Strasbourg.JPG
Cathédrale_Notre-Dame_de_Strasbourg,25880,0,commons/Right_portal_of_the_western_facade_of_Notre-Dame_de_Strasbourg/0/pictures/Strasbourg_-_Cathedral_-_West_Façade_I.jpg
Cathédrale_Notre-Dame_de_Strasbourg,25880,0,commons/Central_portal_of_the_western_facade_of_Notre-Dame_de_Strasbourg/0/pictures/Main_gate_@_Cathédrale_Notre-Dame_de_Strasbourg_@_Strasbourg_(31746759678).jpg
Cathédrale_Notre-Dame_de_Strasbourg,25880,0,commons/West_facade_of_Notre-Dame_de_Strasbourg/0/pictures/Cathédrale_de_Strasbourg_avec_deux_tours.jpg
Cathédrale_Notre-Dame_de_Strasbourg,25880,0,commons/Right_portal_of_the_western_facade_of_Notre-Dame_de_Strasbourg/0/pictures/Right_portal_of_the_western_facade_of_Notre-Dame_de_Strasbourg.JPG
Cathédrale_Notre-Dame_de_Strasbourg,25880,0,commons/West_facade_of_Notre-Dame_de_Strasbourg/0/pictures/FR-67-Strasbourg14.JPG
Cathédrale_Notre-Dame_de_Strasbourg,25880,0,commons/Right_portal_of_the_western_facade_of_Notre-Dame_de_Strasbourg/0/pictures/Strasbourg_-_Notre-Dame_de_Strasbourg_-_West_façade_of_the_cathedral_-_Chimera_01.jpg
Cathédrale_Notre-Dame_de_Strasbourg,25880,0,commons/Central_portal_of_the_western_facade_of_Notre-Dame_de_Strasbourg/0/pictures/Facade_of_strasbourg_cathedral.jpg
Cathédrale_Notre-Dame_de_Strasbourg,25880,0,"commons/West_facade_of_Notre-Dame_de_Strasbourg/0/pictures/Cathédrale_de_Strasbourg,_façade.jpg"
Cathédrale_Notre-Dame_de_Strasbourg,25880,0,commons/Right_portal_of_the_western_facade_of_Notre-Dame_de_Strasbourg/0/pictures/Strasbourg_-_Notre-Dame_de_Strasbourg_-_West_façade_of_the_cathedral_-_Right_Portal_-_Depiction_of_the_Last_Judgment_03.jpg
Cathédrale_Notre-Dame_de_Strasbourg,25880,0,commons/Right_portal_of_the_western_facade_of_Notre-Dame_de_Strasbourg/0/pictures/Strasbourg_-_Notre-Dame_de_Strasbourg_-_West_façade_of_the_cathedral_-_Right_Portal_-_Depiction_of_the_Last_Judgment_08.jpg
Cathédrale_Notre-Dame_de_Strasbourg,25880,0,commons/Central_portal_of_the_western_facade_of_Notre-Dame_de_Strasbourg/0/pictures/Hauptportal_Straßburger_Münster_(Sp1214).jpg
Cathédrale_Notre-Dame_de_Strasbourg,25880,0,commons/West_facade_of_Notre-Dame_de_Strasbourg/0/pictures/Cathédrale_de_nuit_(39066990091).jpg
Cathédrale_Notre-Dame_de_Strasbourg,25880,0,"commons/Right_portal_of_the_western_facade_of_Notre-Dame_de_Strasbourg/0/pictures/Strasbourg_-_Notre-Dame_de_Strasbourg_-_West_façade_of_the_cathedral_-_Right_Portal_-_The_Foolish_Virgins_(Matthew_25,_with_their_oil_reserve_down_&_empty)_-_On_the_left_with_apple_'le_tentateur'_(tempter,_devil)_02.jpg"
Cathédrale_Notre-Dame_de_Strasbourg,25880,0,commons/Central_portal_of_the_western_facade_of_Notre-Dame_de_Strasbourg/0/pictures/PM_150011_F_Strasbourg.jpg
Cathédrale_Notre-Dame_de_Strasbourg,25880,0,commons/West_facade_of_Notre-Dame_de_Strasbourg/0/pictures/Haut_de_la_facade_frontale.jpg
Cathédrale_Notre-Dame_de_Strasbourg,25880,0,"commons/Right_portal_of_the_western_facade_of_Notre-Dame_de_Strasbourg/0/pictures/Strasbourg_-_Notre-Dame_de_Strasbourg_-_West_façade_of_the_cathedral_-_Right_Portal_-_The_Foolish_Virgins_(Matthew_25,_with_their_oil_reserve_down_&_empty)_-_On_the_left_with_apple_'le_tentateur'_(tempter,_devil)_05.jpg"
Cathédrale_Notre-Dame_de_Strasbourg,25880,0,commons/West_facade_of_Notre-Dame_de_Strasbourg/0/pictures/Galerie_des_apôtres_Cathédrale_Notre-Dame_Strasbourg_février_2015.jpg
Cathédrale_Notre-Dame_de_Strasbourg,25880,0,commons/Right_portal_of_the_western_facade_of_Notre-Dame_de_Strasbourg/0/pictures/StrasbourgCathFacaW_28.JPG
Cathédrale_Notre-Dame_de_Strasbourg,25880,0,commons/Central_portal_of_the_western_facade_of_Notre-Dame_de_Strasbourg/0/pictures/PM_150027_F_Strasbourg.jpg
Cathédrale_Notre-Dame_de_Strasbourg,25880,0,commons/West_facade_of_Notre-Dame_de_Strasbourg/0/pictures/Gothic.jpg
Cathédrale_Notre-Dame_de_Strasbourg,25880,0,commons/Right_portal_of_the_western_facade_of_Notre-Dame_de_Strasbourg/0/pictures/Strasbourg3.jpg
Cathédrale_Notre-Dame_de_Strasbourg,25880,0,commons/Central_portal_of_the_western_facade_of_Notre-Dame_de_Strasbourg/0/pictures/PM_150031_F_Strasbourg.jpg
Cathédrale_Notre-Dame_de_Strasbourg,25880,0,commons/West_facade_of_Notre-Dame_de_Strasbourg/0/pictures/May_France_Cite_Strasbourg_Ville_d'Alsace_-_Alsace_magic_Elsaß_Photography_2014_La_Terreur_-_Gouvernement_clerical_-_panoramio_(2).jpg
Cathédrale_Notre-Dame_de_Strasbourg,25880,0,commons/Roofs_of_Notre-Dame_de_Strasbourg/0/pictures/Strasbourg_Cathedral_(52297054927).jpg
Cathédrale_Notre-Dame_de_Strasbourg,25880,0,commons/West_facade_of_Notre-Dame_de_Strasbourg/0/pictures/Strasbourg_-_panoramio_(52).jpg
Cathédrale_Notre-Dame_de_Strasbourg,25880,0,commons/Roofs_of_Notre-Dame_de_Strasbourg/0/pictures/Great_Strasbourg_cathedral.jpg
Cathédrale_Notre-Dame_de_Strasbourg,25880,0,commons/Central_portal_of_the_western_facade_of_Notre-Dame_de_Strasbourg/0/pictures/Strasbourg_Cathedral_-_Door_Arch_-_Detail_11_(7684366970).jpg
Cathédrale_Notre-Dame_de_Strasbourg,25880,0,commons/West_facade_of_Notre-Dame_de_Strasbourg/0/pictures/Strasbourg_-_panoramio_(48).jpg
Cathédrale_Notre-Dame_de_Strasbourg,25880,0,commons/Roofs_of_Notre-Dame_de_Strasbourg/0/pictures/Cathedrale-de-Strasbourg-IMG_1359.jpg
Cathédrale_Notre-Dame_de_Strasbourg,25880,0,commons/Central_portal_of_the_western_facade_of_Notre-Dame_de_Strasbourg/0/pictures/Strasbourg_Cathedral_-_Door_Arch_-_Detail_12_(7684366110).jpg
Cathédrale_Notre-Dame_de_Strasbourg,25880,0,commons/West_facade_of_Notre-Dame_de_Strasbourg/0/pictures/Strasbourg_-_panoramio_(62).jpg
Cathédrale_Notre-Dame_de_Strasbourg,25880,0,commons/Roofs_of_Notre-Dame_de_Strasbourg/0/pictures/Strasbourg_Cathedral_in_July_2022_09.jpg
Cathédrale_Notre-Dame_de_Strasbourg,25880,0,commons/Central_portal_of_the_western_facade_of_Notre-Dame_de_Strasbourg/0/pictures/Strasbourg_75.jpg
Cathédrale_Notre-Dame_de_Strasbourg,25880,0,commons/West_facade_of_Notre-Dame_de_Strasbourg/0/pictures/Strasbourg_-_panoramio_(54).jpg
Cathédrale_Notre-Dame_de_Strasbourg,25880,0,commons/Roofs_of_Notre-Dame_de_Strasbourg/0/pictures/Strasbourg_Cathedral_in_July_2022_08.jpg
Cathédrale_Notre-Dame_de_Strasbourg,25880,0,commons/West_facade_of_Notre-Dame_de_Strasbourg/0/pictures/Strasbourg_-_panoramio_(59).jpg
Cathédrale_Notre-Dame_de_Strasbourg,25880,0,commons/Roofs_of_Notre-Dame_de_Strasbourg/0/pictures/Strasbourg_Cathedral_in_July_2022_16.jpg
Cathédrale_Notre-Dame_de_Strasbourg,25880,0,commons/West_facade_of_Notre-Dame_de_Strasbourg/0/pictures/Strasbourg_2009_IMG_3762.JPG
Cathédrale_Notre-Dame_de_Strasbourg,25880,0,commons/Roofs_of_Notre-Dame_de_Strasbourg/0/pictures/Straßburg_Münster_2009-025.jpg
Cathédrale_Notre-Dame_de_Strasbourg,25880,0,commons/Roofs_of_Notre-Dame_de_Strasbourg/0/pictures/Straßburg_Cathédrale_Notre-Dame_Dach_2.jpg
Cathédrale_Notre-Dame_de_Strasbourg,25880,0,commons/Roofs_of_Notre-Dame_de_Strasbourg/0/pictures/Straßburg_Cathédrale_Notre-Dame_Dach_4.jpg
Cathédrale_Notre-Dame_de_Strasbourg,25880,0,commons/Roofs_of_Notre-Dame_de_Strasbourg/0/pictures/Vue_de_la_nef_(2)_(Cathédrale_de_Strasbourg).jpg
Cathédrale_Notre-Dame_de_Strasbourg,25880,0,commons/Roofs_of_Notre-Dame_de_Strasbourg/0/pictures/Vue_de_la_nef_(Cathédrale_de_Strasbourg).jpg
Cathédrale_Notre-Dame_de_Strasbourg,25880,0,commons/Rose_window_of_Notre-Dame_de_Strasbourg_(exterior_view)/0/pictures/Cathédrale_-_Strasbourg_-_2014-02-02-_P1760434.jpg
Cathédrale_Notre-Dame_de_Strasbourg,25880,0,commons/Rose_window_of_Notre-Dame_de_Strasbourg_(exterior_view)/0/pictures/Cathédrale_Notre_Dame_Strasbourg_20200124_014.jpg
Cathédrale_Notre-Dame_de_Strasbourg,25880,0,commons/Rose_window_of_Notre-Dame_de_Strasbourg_(exterior_view)/0/pictures/FR-67-Strasbourg16.JPG
Cathédrale_Notre-Dame_de_Strasbourg,25880,0,commons/Rose_window_of_Notre-Dame_de_Strasbourg_(exterior_view)/0/pictures/Roosvenster_Straatsburg.jpg
Cathédrale_Notre-Dame_de_Strasbourg,25880,0,commons/Rose_window_of_Notre-Dame_de_Strasbourg_(exterior_view)/0/pictures/Strasbourg_-_Rose_Window_Cathedral.jpg
Cathédrale_Notre-Dame_de_Strasbourg,25880,0,commons/Rose_window_of_Notre-Dame_de_Strasbourg_(exterior_view)/0/pictures/Strasbourg_Cathedral_Light_Show.jpg
Cathédrale_Notre-Dame_de_Strasbourg,25880,0,commons/Rose_window_of_Notre-Dame_de_Strasbourg_(exterior_view)/0/pictures/Strasbourg_grande_rosace_cathédrale_Notre-Dame_juin_2015.jpg
Cathédrale_Notre-Dame_de_Strasbourg,25880,0,commons/Rose_window_of_Notre-Dame_de_Strasbourg_(exterior_view)/0/pictures/Thomas_Bresson_-_Cathédrale_de_Strasbourg_(rosace)_(by).jpg
Cathédrale_Notre-Dame_de_Strasbourg,25880,0,commons/South_portal_of_Notre-Dame_de_Strasbourg/0/pictures/South_portal_of_Notre-Dame_de_Strasbourg.jpg
Cathédrale_Notre-Dame_de_Strasbourg,25880,0,commons/South_portal_of_Notre-Dame_de_Strasbourg/0/pictures/Strasbourg_-_Notre-Dame_de_Strasbourg_-_South_Transept_&_South_Portal_-_Panorama_view_and_sculptural_details_03.jpg
Cathédrale_Notre-Dame_de_Strasbourg,25880,0,commons/South_portal_of_Notre-Dame_de_Strasbourg/0/pictures/Statue_cathedrale_de_Strasbourg_-_Synagogue.jpg
Cathédrale_Notre-Dame_de_Strasbourg,25880,0,commons/South_portal_of_Notre-Dame_de_Strasbourg/0/pictures/Strasbourg_-_Notre-Dame_de_Strasbourg_-_South_Transept_&_South_Portal_-_Panorama_view_and_sculptural_details_01.jpg
Cathédrale_Notre-Dame_de_Strasbourg,25880,0,commons/South_portal_of_Notre-Dame_de_Strasbourg/0/pictures/Strasbourg_Cathédrale_Notre_Dame_statue_de_l'Eglise.jpg
Cathédrale_Notre-Dame_de_Strasbourg,25880,0,commons/South_portal_of_Notre-Dame_de_Strasbourg/0/pictures/StrasbourgCath_FacTranseptSud_09.JPG
Cathédrale_Notre-Dame_de_Strasbourg,25880,0,commons/South_side_of_Notre-Dame_de_Strasbourg/0/pictures/14-02-07-Cathédrale_Notre-Dame_de_Strasbourg-RalfR-23.jpg
Cathédrale_Notre-Dame_de_Strasbourg,25880,0,commons/South_side_of_Notre-Dame_de_Strasbourg/0/pictures/Cathédrale_Notre_-_Dame_Strasbourg_-_panoramio.jpg
Cathédrale_Notre-Dame_de_Strasbourg,25880,0,commons/South_side_of_Notre-Dame_de_Strasbourg/0/pictures/Cathedrale-de-Strasbourg-IMG_1323.jpg
Cathédrale_Notre-Dame_de_Strasbourg,25880,0,commons/South_side_of_Notre-Dame_de_Strasbourg/0/pictures/Cathédrale_Notre_Dame_Strasbourg_20200124_007.jpg
Cathédrale_Notre-Dame_de_Strasbourg,25880,0,commons/South_side_of_Notre-Dame_de_Strasbourg/0/pictures/Cathédrale_Notre_Dame_Strasbourg_20200124_008.jpg
Cathédrale_Notre-Dame_de_Strasbourg,25880,0,commons/South_side_of_Notre-Dame_de_Strasbourg/0/pictures/Cathédrale_Notre-Dame_de_Strasbourg_-_Cathedral_of_Our_Lady_of_Strasbourg_-_كاتدرائية_ستراسبورغ_-_Liebfrauenmünster_zu_Straßburg_photo1.jpg
Cathédrale_Notre-Dame_de_Strasbourg,25880,0,commons/South_side_of_Notre-Dame_de_Strasbourg/0/pictures/Cathédrale_Notre_Dame_Strasbourg_20200124_012.jpg
Cathédrale_Notre-Dame_de_Strasbourg,25880,0,commons/South_side_of_Notre-Dame_de_Strasbourg/0/pictures/Cathédrale_Notre-Dame_de_Strasbourg_-_Cathedral_of_Our_Lady_of_Strasbourg_-_كاتدرائية_ستراسبورغ_-_Liebfrauenmünster_zu_Straßburg_photo5.jpg
Cathédrale_Notre-Dame_de_Strasbourg,25880,0,commons/South_side_of_Notre-Dame_de_Strasbourg/0/pictures/Cathédrale_Notre-Dame_de_Strasbourg_-_panoramio_(11).jpg
Cathédrale_Notre-Dame_de_Strasbourg,25880,0,commons/South_side_of_Notre-Dame_de_Strasbourg/0/pictures/Cathédrale_Notre-Dame_(vue_arrière).jpg
Cathédrale_Notre-Dame_de_Strasbourg,25880,0,commons/South_side_of_Notre-Dame_de_Strasbourg/0/pictures/Cathédrale_Notre-Dame_de_Strasbourg_-_panoramio_(14).jpg
Cathédrale_Notre-Dame_de_Strasbourg,25880,0,commons/South_side_of_Notre-Dame_de_Strasbourg/0/pictures/Cathédrale_Notre-Dame_de_Strasbourg_@_Strasbourg_(30639654777).jpg
Cathédrale_Notre-Dame_de_Strasbourg,25880,0,commons/South_side_of_Notre-Dame_de_Strasbourg/0/pictures/Cathédrale_Notre-Dame_de_Strasbourg_@_Strasbourg_(30639655727).jpg
Cathédrale_Notre-Dame_de_Strasbourg,25880,0,commons/South_side_of_Notre-Dame_de_Strasbourg/0/pictures/Cathédrale_Notre-Dame_de_Strasbourg_-_panoramio_(12).jpg
Cathédrale_Notre-Dame_de_Strasbourg,25880,0,commons/South_side_of_Notre-Dame_de_Strasbourg/0/pictures/Cathédrale_Notre-Dame_de_Strasbourg_@_Strasbourg_(30639656347).jpg
Cathédrale_Notre-Dame_de_Strasbourg,25880,0,commons/South_side_of_Notre-Dame_de_Strasbourg/0/pictures/Cathédrale_Notre-Dame_de_Strasbourg_@_Strasbourg_(31708417498).jpg
Cathédrale_Notre-Dame_de_Strasbourg,25880,0,commons/South_side_of_Notre-Dame_de_Strasbourg/0/pictures/Cathédrale_Notre-Dame_de_Strasbourg_@_Strasbourg_(31708512678).jpg
Cathédrale_Notre-Dame_de_Strasbourg,25880,0,commons/South_side_of_Notre-Dame_de_Strasbourg/0/pictures/Cathédrale_Notre-Dame_de_Strasbourg_@_Strasbourg_(44705497215).jpg
Cathédrale_Notre-Dame_de_Strasbourg,25880,0,commons/South_side_of_Notre-Dame_de_Strasbourg/0/pictures/Cathédrale_Notre-Dame_de_Strasbourg_@_Strasbourg_(44666831805).jpg
Cathédrale_Notre-Dame_de_Strasbourg,25880,0,commons/South_side_of_Notre-Dame_de_Strasbourg/0/pictures/Cathédrale_Notre-Dame_de_Strasbourg_@_Strasbourg_(44895138334).jpg
Cathédrale_Notre-Dame_de_Strasbourg,25880,0,commons/South_side_of_Notre-Dame_de_Strasbourg/0/pictures/Cathédrale_Notre-Dame_de_Strasbourg_@_Strasbourg_(45530276062).jpg
Cathédrale_Notre-Dame_de_Strasbourg,25880,0,commons/South_side_of_Notre-Dame_de_Strasbourg/0/pictures/Cathédrale_Notre-Dame_de_Strasbourg_@_Strasbourg_(45619616591).jpg
Cathédrale_Notre-Dame_de_Strasbourg,25880,0,commons/South_side_of_Notre-Dame_de_Strasbourg/0/pictures/Cathédrale_Notre-Dame_de_Strasbourg_Steeples.jpg
Cathédrale_Notre-Dame_de_Strasbourg,25880,0,commons/South_side_of_Notre-Dame_de_Strasbourg/0/pictures/Cathédrale_Notre-Dame_de_Strasbourg_@_Strasbourg_(45568483122).jpg
Cathédrale_Notre-Dame_de_Strasbourg,25880,0,commons/South_side_of_Notre-Dame_de_Strasbourg/0/pictures/Cathédrale_Notre-Dame_de_Strasbourg_@_Strasbourg_(45619619061).jpg
Cathédrale_Notre-Dame_de_Strasbourg,25880,0,commons/South_side_of_Notre-Dame_de_Strasbourg/0/pictures/Cathédrale_Notre-Dame_façade_sud_Strasbourg_1.jpg
Cathédrale_Notre-Dame_de_Strasbourg,25880,0,commons/South_side_of_Notre-Dame_de_Strasbourg/0/pictures/Cathédrale_Notre-Dame_façade_sud_Strasbourg_11.jpg
Cathédrale_Notre-Dame_de_Strasbourg,25880,0,commons/South_side_of_Notre-Dame_de_Strasbourg/0/pictures/Cathédrale_Notre-Dame_façade_sud_Strasbourg_10.jpg
Cathédrale_Notre-Dame_de_Strasbourg,25880,0,commons/South_side_of_Notre-Dame_de_Strasbourg/0/pictures/Cathédrale_Notre-Dame_de_Strasbourg_von_der_Seite_1.JPG
Cathédrale_Notre-Dame_de_Strasbourg,25880,0,commons/South_side_of_Notre-Dame_de_Strasbourg/0/pictures/Cathédrale_Notre-Dame_façade_sud_Strasbourg_12.jpg
Cathédrale_Notre-Dame_de_Strasbourg,25880,0,commons/South_side_of_Notre-Dame_de_Strasbourg/0/pictures/Cathédrale_Notre-Dame_façade_sud_Strasbourg_13.jpg
Cathédrale_Notre-Dame_de_Strasbourg,25880,0,commons/South_side_of_Notre-Dame_de_Strasbourg/0/pictures/Cathédrale_Notre-Dame_façade_sud_Strasbourg_14.jpg
Cathédrale_Notre-Dame_de_Strasbourg,25880,0,commons/South_side_of_Notre-Dame_de_Strasbourg/0/pictures/Cathédrale_Notre-Dame_façade_sud_Strasbourg_15.jpg
Cathédrale_Notre-Dame_de_Strasbourg,25880,0,"commons/South_side_of_Notre-Dame_de_Strasbourg/0/pictures/Cathédrale_Notre-Dame_de_Strasbourg,_Strasbourg,_Alsace,_France_-_panoramio_(5).jpg"
Cathédrale_Notre-Dame_de_Strasbourg,25880,0,commons/South_side_of_Notre-Dame_de_Strasbourg/0/pictures/Cathédrale_Notre-Dame_façade_sud_Strasbourg_17.jpg
Cathédrale_Notre-Dame_de_Strasbourg,25880,0,commons/South_side_of_Notre-Dame_de_Strasbourg/0/pictures/Cathédrale_Notre-Dame_façade_sud_Strasbourg_19.jpg
Cathédrale_Notre-Dame_de_Strasbourg,25880,0,commons/South_side_of_Notre-Dame_de_Strasbourg/0/pictures/Cathédrale_Notre-Dame_façade_sud_Strasbourg_18.jpg
Cathédrale_Notre-Dame_de_Strasbourg,25880,0,commons/South_side_of_Notre-Dame_de_Strasbourg/0/pictures/Cathédrale_Notre-Dame_façade_sud_Strasbourg_2.jpg
Cathédrale_Notre-Dame_de_Strasbourg,25880,0,commons/South_side_of_Notre-Dame_de_Strasbourg/0/pictures/Cathédrale_Notre-Dame_façade_sud_Strasbourg_3.jpg
Cathédrale_Notre-Dame_de_Strasbourg,25880,0,commons/South_side_of_Notre-Dame_de_Strasbourg/0/pictures/Cathédrale_Notre-Dame_façade_sud_Strasbourg_20.jpg
Cathédrale_Notre-Dame_de_Strasbourg,25880,0,commons/South_side_of_Notre-Dame_de_Strasbourg/0/pictures/Cathédrale_Notre-Dame_façade_sud_Strasbourg_4.jpg
Cathédrale_Notre-Dame_de_Strasbourg,25880,0,commons/South_side_of_Notre-Dame_de_Strasbourg/0/pictures/Cathédrale_Notre-Dame_façade_sud_Strasbourg_5.jpg
Cathédrale_Notre-Dame_de_Strasbourg,25880,0,commons/South_side_of_Notre-Dame_de_Strasbourg/0/pictures/Cathédrale_Notre-Dame_façade_sud_Strasbourg_6.jpg
Cathédrale_Notre-Dame_de_Strasbourg,25880,0,commons/South_side_of_Notre-Dame_de_Strasbourg/0/pictures/Cathédrale_Notre-Dame_façade_sud_Strasbourg_9.jpg
Cathédrale_Notre-Dame_de_Strasbourg,25880,0,commons/South_side_of_Notre-Dame_de_Strasbourg/0/pictures/Cathédrale_Notre-Dame_façade_sud_Strasbourg_7.jpg
Cathédrale_Notre-Dame_de_Strasbourg,25880,0,commons/South_side_of_Notre-Dame_de_Strasbourg/0/pictures/Cathédrale_de_Strasbourg_27_(9392480790).jpg
Cathédrale_Notre-Dame_de_Strasbourg,25880,0,commons/South_side_of_Notre-Dame_de_Strasbourg/0/pictures/Cathédrale_Notre-Dame_façade_sud_Strasbourg_8.jpg
Cathédrale_Notre-Dame_de_Strasbourg,25880,0,"commons/South_side_of_Notre-Dame_de_Strasbourg/0/pictures/Die_Aussichtsplattform_des_Straßburger_Münsters_auf_der_Südseite,_ist_über_eine_Wendeltreppe_mit_332_Stufen_zu_erreichen,_bei_gutem_Wetter_lohnt_sich_der_Eintritt_von_4,60_€_-_panoramio.jpg"
Cathédrale_Notre-Dame_de_Strasbourg,25880,0,"commons/South_side_of_Notre-Dame_de_Strasbourg/0/pictures/Cathédrale_Notre-Dame,_Strasbourg,_Bas-Rhin_-_transept_et_côté_sud.jpg"
Cathédrale_Notre-Dame_de_Strasbourg,25880,0,"commons/South_side_of_Notre-Dame_de_Strasbourg/0/pictures/Cathédrale,_côté_sud,_67000_Strasbourg,_France_-_panoramio_-_georama_(2).jpg"
Cathédrale_Notre-Dame_de_Strasbourg,25880,0,commons/South_side_of_Notre-Dame_de_Strasbourg/0/pictures/Close-up_lateral_view_of_Strasbourg_Cathedral.jpg
Cathédrale_Notre-Dame_de_Strasbourg,25880,0,commons/South_side_of_Notre-Dame_de_Strasbourg/0/pictures/Exterior_of_Notre-Dame_de_Strasbourg_01.JPG
Cathédrale_Notre-Dame_de_Strasbourg,25880,0,"commons/South_side_of_Notre-Dame_de_Strasbourg/0/pictures/Die_Cathédrale_Notre-Dame_in_Straßburg_ist_nicht_nur_Wahrzeichen_und_Herzstück_der_Stadt,_sondern_auch_eine_der_bedeutendsten_Kathedralen_in_ganz_Europa_-_panoramio.jpg"
Cathédrale_Notre-Dame_de_Strasbourg,25880,0,"commons/South_side_of_Notre-Dame_de_Strasbourg/0/pictures/Cathédrale,_base_de_la_plateforme_côté_sud,_67000_Strasbourg,_France_-_panoramio_-_georama_(3).jpg"
Cathédrale_Notre-Dame_de_Strasbourg,25880,0,commons/South_side_of_Notre-Dame_de_Strasbourg/0/pictures/Exterior_of_Notre-Dame_de_Strasbourg_07.JPG
Cathédrale_Notre-Dame_de_Strasbourg,25880,0,commons/South_side_of_Notre-Dame_de_Strasbourg/0/pictures/Exterior_of_Notre-Dame_de_Strasbourg_09.JPG
Cathédrale_Notre-Dame_de_Strasbourg,25880,0,commons/South_side_of_Notre-Dame_de_Strasbourg/0/pictures/Exterior_of_Notre-Dame_de_Strasbourg_08.JPG
Cathédrale_Notre-Dame_de_Strasbourg,25880,0,commons/South_side_of_Notre-Dame_de_Strasbourg/0/pictures/FR-67-Strasbourg20.JPG
Cathédrale_Notre-Dame_de_Strasbourg,25880,0,commons/South_side_of_Notre-Dame_de_Strasbourg/0/pictures/Exterior_of_Notre-Dame_de_Strasbourg_10.JPG
Cathédrale_Notre-Dame_de_Strasbourg,25880,0,commons/South_side_of_Notre-Dame_de_Strasbourg/0/pictures/La_Cathédrale_de_Strasbourg.jpg
Cathédrale_Notre-Dame_de_Strasbourg,25880,0,commons/South_side_of_Notre-Dame_de_Strasbourg/0/pictures/Flying_buttresses_of_Notre-Dame_de_Strasbourg.jpg
Cathédrale_Notre-Dame_de_Strasbourg,25880,0,"commons/South_side_of_Notre-Dame_de_Strasbourg/0/pictures/France_-_Alsace,_Strasbourg_-_panoramio_(2).jpg"
Cathédrale_Notre-Dame_de_Strasbourg,25880,0,commons/South_side_of_Notre-Dame_de_Strasbourg/0/pictures/Flying_buttresses_of_Cathédrale_Notre-Dame_de_Strasbourg.jpg
Cathédrale_Notre-Dame_de_Strasbourg,25880,0,commons/South_side_of_Notre-Dame_de_Strasbourg/0/pictures/Flying_buttress_Notre_Dame_de_Strasbourg_Strasbourg_FRA_001.jpg
Cathédrale_Notre-Dame_de_Strasbourg,25880,0,commons/South_side_of_Notre-Dame_de_Strasbourg/0/pictures/May_France_Cite_Strasbourg_Ville_d'Alsace_-_Alsace_magic_Elsaß_Photography_2014_La_Terreur_-_Gouvernement_clerical_-_panoramio_(1).jpg
Cathédrale_Notre-Dame_de_Strasbourg,25880,0,commons/South_side_of_Notre-Dame_de_Strasbourg/0/pictures/May_France_Cite_Strasbourg_Ville_d'Alsace_-_Alsace_magic_Elsaß_Photography_2014_La_Terreur_-_Gouvernement_clerical_Die_Macht_Roms_in_Frankreich_-_panoramio_(1).jpg
Cathédrale_Notre-Dame_de_Strasbourg,25880,0,commons/South_side_of_Notre-Dame_de_Strasbourg/0/pictures/May_France_Cite_Strasbourg_Ville_d'Alsace_-_Alsace_magic_Elsaß_Photography_2014_La_Terreur_-_Gouvernement_clerical_Die_Macht_Roms_in_Frankreich_-_panoramio_(4).jpg
Cathédrale_Notre-Dame_de_Strasbourg,25880,0,commons/South_side_of_Notre-Dame_de_Strasbourg/0/pictures/May_France_Cite_Strasbourg_Ville_d'Alsace_-_Alsace_magic_Elsaß_Photography_2014_Münsterplatz_-_1500_Jahre_Kämpfe_-_panoramio.jpg
Cathédrale_Notre-Dame_de_Strasbourg,25880,0,commons/South_side_of_Notre-Dame_de_Strasbourg/0/pictures/May_France_Cite_Strasbourg_Ville_d'Alsace_-_Alsace_magic_Elsaß_Photography_2014_Mächtiger_Münsterplatz_-_panoramio.jpg
Cathédrale_Notre-Dame_de_Strasbourg,25880,0,commons/South_side_of_Notre-Dame_de_Strasbourg/0/pictures/May_France_Cite_Strasbourg_Ville_d'Alsace_-_Alsace_magic_Elsaß_Photography_2014_Münsterplatz_-_panoramio.jpg
Cathédrale_Notre-Dame_de_Strasbourg,25880,0,commons/South_side_of_Notre-Dame_de_Strasbourg/0/pictures/May_France_Cite_Strasbourg_Ville_d'Alsace_-_Alsace_magic_Elsaß_Photography_2014_La_Terreur_-_Gouvernement_clerical_Die_Macht_Roms_in_Frankreich_-_panoramio.jpg
Cathédrale_Notre-Dame_de_Strasbourg,25880,0,commons/South_side_of_Notre-Dame_de_Strasbourg/0/pictures/Munster_und_die_Stadt_von_Strasburg.jpg
Cathédrale_Notre-Dame_de_Strasbourg,25880,0,commons/South_side_of_Notre-Dame_de_Strasbourg/0/pictures/Observatory_@_Cathédrale_Notre-Dame_de_Strasbourg_@_Strasbourg_(43763505130).jpg
Cathédrale_Notre-Dame_de_Strasbourg,25880,0,commons/South_side_of_Notre-Dame_de_Strasbourg/0/pictures/Observatory_@_Cathédrale_Notre-Dame_de_Strasbourg_@_Strasbourg_(31708502288).jpg
Cathédrale_Notre-Dame_de_Strasbourg,25880,0,commons/South_side_of_Notre-Dame_de_Strasbourg/0/pictures/Observatory_@_Cathédrale_Notre-Dame_de_Strasbourg_@_Strasbourg_(31708503528).jpg
Cathédrale_Notre-Dame_de_Strasbourg,25880,0,commons/South_side_of_Notre-Dame_de_Strasbourg/0/pictures/Observatory_@_Cathédrale_Notre-Dame_de_Strasbourg_@_Strasbourg_(44666906715).jpg
Cathédrale_Notre-Dame_de_Strasbourg,25880,0,commons/South_side_of_Notre-Dame_de_Strasbourg/0/pictures/Notre-Dame_de_Strasbourg_arcs_boutants_facade_sud.jpg
Cathédrale_Notre-Dame_de_Strasbourg,25880,0,commons/South_side_of_Notre-Dame_de_Strasbourg/0/pictures/Observatory_@_Cathédrale_Notre-Dame_de_Strasbourg_@_Strasbourg_(45580874091).jpg
Cathédrale_Notre-Dame_de_Strasbourg,25880,0,commons/South_side_of_Notre-Dame_de_Strasbourg/0/pictures/Observatory_@_Cathédrale_Notre-Dame_de_Strasbourg_@_Strasbourg_(44856074574).jpg
Cathédrale_Notre-Dame_de_Strasbourg,25880,0,commons/South_side_of_Notre-Dame_de_Strasbourg/0/pictures/Palais_des_Rohan_depuis_le_Musée_des_Bx-Arts_(4).jpg
Cathédrale_Notre-Dame_de_Strasbourg,25880,0,commons/South_side_of_Notre-Dame_de_Strasbourg/0/pictures/Palais_des_Rohan_depuis_le_Musée_des_Bx-Arts_(3).jpg
Cathédrale_Notre-Dame_de_Strasbourg,25880,0,commons/South_side_of_Notre-Dame_de_Strasbourg/0/pictures/South_side_of_Notre-Dame_de_Strasbourg_Christm.jpg
Cathédrale_Notre-Dame_de_Strasbourg,25880,0,commons/South_side_of_Notre-Dame_de_Strasbourg/0/pictures/Notre-Dame_Cathedral_-_Strasbourg_-_France_(1_of_6)_(38557724451).jpg
Cathédrale_Notre-Dame_de_Strasbourg,25880,0,commons/South_side_of_Notre-Dame_de_Strasbourg/0/pictures/Palais_des_Rohan_depuis_le_Musée_des_Bx-Arts_(2).jpg
Cathédrale_Notre-Dame_de_Strasbourg,25880,0,"commons/South_side_of_Notre-Dame_de_Strasbourg/0/pictures/South_side_of_Notre-Dame_de_Strasbourg,_25_February_2018.jpg"
Cathédrale_Notre-Dame_de_Strasbourg,25880,0,commons/South_side_of_Notre-Dame_de_Strasbourg/0/pictures/Public_Toilet_am_Straßburger_Münster_-_panoramio.jpg
Cathédrale_Notre-Dame_de_Strasbourg,25880,0,commons/South_side_of_Notre-Dame_de_Strasbourg/0/pictures/Smilygrl_-_52430809591.jpg
Cathédrale_Notre-Dame_de_Strasbourg,25880,0,commons/South_side_of_Notre-Dame_de_Strasbourg/0/pictures/Strasbourg_(Bas-Rhin)_-_Cathédrale_Notre-Dame_-_Coté_sud.jpg
Cathédrale_Notre-Dame_de_Strasbourg,25880,0,commons/South_side_of_Notre-Dame_de_Strasbourg/0/pictures/South_side_of_Notre-Dame_de_Strasbourg-Strasbourg.jpg
Cathédrale_Notre-Dame_de_Strasbourg,25880,0,commons/South_side_of_Notre-Dame_de_Strasbourg/0/pictures/Strasbourg_(Bas-Rhin)_-_Grande_Île_(centre_historique)_-_Place_du_Château_-_Cathédrale_Notre-Dame.jpg
Cathédrale_Notre-Dame_de_Strasbourg,25880,0,commons/South_side_of_Notre-Dame_de_Strasbourg/0/pictures/Strasbourg_-_Notre-Dame_de_Strasbourg_-_Equestrian_statues_on_the_south_side_of_the_cathedral_01.jpg
Cathédrale_Notre-Dame_de_Strasbourg,25880,0,commons/South_side_of_Notre-Dame_de_Strasbourg/0/pictures/Strasbourg_-_Notre-Dame_de_Strasbourg_-_Equestrian_statues_on_the_south_side_of_the_cathedral_02.jpg
Cathédrale_Notre-Dame_de_Strasbourg,25880,0,commons/South_side_of_Notre-Dame_de_Strasbourg/0/pictures/Strasbourg_-_Notre-Dame_de_Strasbourg_-_Fisheye_panorama_of_unfinished_south_tower_of_south-west_side_of_the_cathedral_02.jpg
Cathédrale_Notre-Dame_de_Strasbourg,25880,0,commons/South_side_of_Notre-Dame_de_Strasbourg/0/pictures/Strasbourg_-_Notre-Dame_de_Strasbourg_-_Fisheye_panorama_of_unfinished_south_tower_of_south-west_side_of_the_cathedral_03.jpg
Cathédrale_Notre-Dame_de_Strasbourg,25880,0,commons/South_side_of_Notre-Dame_de_Strasbourg/0/pictures/Strasbourg_(Bas-Rhin)_-_Cathédrale_Notre-Dame_-_Dôme_du_choeur.jpg
Cathédrale_Notre-Dame_de_Strasbourg,25880,0,commons/South_side_of_Notre-Dame_de_Strasbourg/0/pictures/Strasbourg_-_Notre-Dame_de_Strasbourg_-_Fisheye_panorama_of_unfinished_south_tower_of_south-west_side_of_the_cathedral_05.jpg
Cathédrale_Notre-Dame_de_Strasbourg,25880,0,commons/South_side_of_Notre-Dame_de_Strasbourg/0/pictures/Strasbourg_-_Notre-Dame_de_Strasbourg_-_Fisheye_panorama_of_unfinished_south_tower_of_south-west_side_of_the_cathedral_04.jpg
Cathédrale_Notre-Dame_de_Strasbourg,25880,0,commons/South_side_of_Notre-Dame_de_Strasbourg/0/pictures/Strasbourg_-_Notre-Dame_de_Strasbourg_-_Fisheye_panorama_of_unfinished_south_tower_on_south-west_corner_of_the_cathedral_02.jpg
Cathédrale_Notre-Dame_de_Strasbourg,25880,0,commons/South_side_of_Notre-Dame_de_Strasbourg/0/pictures/Strasbourg_-_Notre-Dame_de_Strasbourg_-_Fisheye_panorama_of_unfinished_south_tower_on_south-west_corner_of_the_cathedral_03.jpg
Cathédrale_Notre-Dame_de_Strasbourg,25880,0,commons/South_side_of_Notre-Dame_de_Strasbourg/0/pictures/Strasbourg_-_Notre-Dame_de_Strasbourg_-_Fisheye_panorama_of_unfinished_south_tower_on_south-west_corner_of_the_cathedral_01.jpg
Cathédrale_Notre-Dame_de_Strasbourg,25880,0,commons/South_side_of_Notre-Dame_de_Strasbourg/0/pictures/Strasbourg_-_Notre-Dame_de_Strasbourg_-_Fisheye_panorama_of_unfinished_south_tower_of_south-west_side_of_the_cathedral_01.jpg
Cathédrale_Notre-Dame_de_Strasbourg,25880,0,commons/South_side_of_Notre-Dame_de_Strasbourg/0/pictures/Strasbourg_-_Notre-Dame_de_Strasbourg_-_Gargoyles_&_flying_buttresses_on_the_south_side_of_the_cathedral_03.jpg
Cathédrale_Notre-Dame_de_Strasbourg,25880,0,commons/South_side_of_Notre-Dame_de_Strasbourg/0/pictures/Strasbourg_-_Notre-Dame_de_Strasbourg_-_Gargoyles_&_flying_buttresses_on_the_south_side_of_the_cathedral_07.jpg
Cathédrale_Notre-Dame_de_Strasbourg,25880,0,commons/South_side_of_Notre-Dame_de_Strasbourg/0/pictures/Strasbourg_-_Notre-Dame_de_Strasbourg_-_Gargoyles_on_the_south_side_of_the_cathedral_08.jpg
Cathédrale_Notre-Dame_de_Strasbourg,25880,0,commons/South_side_of_Notre-Dame_de_Strasbourg/0/pictures/Strasbourg_-_Notre-Dame_de_Strasbourg_-_South_side_of_the_cathedral_with_tower_02.jpg
Cathédrale_Notre-Dame_de_Strasbourg,25880,0,commons/South_side_of_Notre-Dame_de_Strasbourg/0/pictures/Strasbourg_-_Notre-Dame_de_Strasbourg_-_South_side_of_the_cathedral_with_tower_03.jpg
Cathédrale_Notre-Dame_de_Strasbourg,25880,0,"commons/South_side_of_Notre-Dame_de_Strasbourg/0/pictures/Strasbourg_-_Notre-Dame_de_Strasbourg_-_South_side_(exterior)_of_the_cathedral_viewing_west-_Gargoyles,_Flying_buttresses,_Stairs_of_the_tower_of_Notre-Dame_de_Strasbourg_-_On_the_left_18th_century_galleries,_fencing_off_the_cathedral.jpg"
Cathédrale_Notre-Dame_de_Strasbourg,25880,0,commons/South_side_of_Notre-Dame_de_Strasbourg/0/pictures/Strasbourg_-_Notre-Dame_de_Strasbourg_-_South_side_of_the_cathedral_with_tower_04.jpg
Cathédrale_Notre-Dame_de_Strasbourg,25880,0,commons/South_side_of_Notre-Dame_de_Strasbourg/0/pictures/Strasbourg_-_Notre-Dame_de_Strasbourg_-_Statues_on_the_south_side_of_the_cathedral.jpg
Cathédrale_Notre-Dame_de_Strasbourg,25880,0,commons/South_side_of_Notre-Dame_de_Strasbourg/0/pictures/Strasbourg_-_Notre-Dame_de_Strasbourg_-_South_side_of_the_cathedral_with_tower_01.jpg
Cathédrale_Notre-Dame_de_Strasbourg,25880,0,commons/South_side_of_Notre-Dame_de_Strasbourg/0/pictures/Strasbourg_2009_IMG_3840.jpg
Cathédrale_Notre-Dame_de_Strasbourg,25880,0,commons/South_side_of_Notre-Dame_de_Strasbourg/0/pictures/Strasbourg_-_Place_du_Château_-_View_WNW.jpg
Cathédrale_Notre-Dame_de_Strasbourg,25880,0,commons/South_side_of_Notre-Dame_de_Strasbourg/0/pictures/Strasbourg_78.jpg
Cathédrale_Notre-Dame_de_Strasbourg,25880,0,commons/South_side_of_Notre-Dame_de_Strasbourg/0/pictures/Strasbourg_April_2021.jpg
Cathédrale_Notre-Dame_de_Strasbourg,25880,0,commons/South_side_of_Notre-Dame_de_Strasbourg/0/pictures/Strasbourg_Cathedral_(52298049378).jpg
Cathédrale_Notre-Dame_de_Strasbourg,25880,0,commons/South_side_of_Notre-Dame_de_Strasbourg/0/pictures/Strasbourg_Cathedral_(52298306679).jpg
Cathédrale_Notre-Dame_de_Strasbourg,25880,0,commons/South_side_of_Notre-Dame_de_Strasbourg/0/pictures/Strasbourg_Cathedral_(52298537290).jpg
Cathédrale_Notre-Dame_de_Strasbourg,25880,0,commons/South_side_of_Notre-Dame_de_Strasbourg/0/pictures/Strasbourg_79.jpg
Cathédrale_Notre-Dame_de_Strasbourg,25880,0,commons/South_side_of_Notre-Dame_de_Strasbourg/0/pictures/Strasbourg_80.jpg
Cathédrale_Notre-Dame_de_Strasbourg,25880,0,commons/South_side_of_Notre-Dame_de_Strasbourg/0/pictures/Strasbourg_Cathedral_(52297057622).jpg
Cathédrale_Notre-Dame_de_Strasbourg,25880,0,commons/South_side_of_Notre-Dame_de_Strasbourg/0/pictures/Strasbourg_Cathedral_(cropped_2).jpg
Cathédrale_Notre-Dame_de_Strasbourg,25880,0,commons/South_side_of_Notre-Dame_de_Strasbourg/0/pictures/Strasbourg_Cathedral_(cropped).jpg
Cathédrale_Notre-Dame_de_Strasbourg,25880,0,commons/South_side_of_Notre-Dame_de_Strasbourg/0/pictures/Strasbourg_Cathedral.jpg
Cathédrale_Notre-Dame_de_Strasbourg,25880,0,commons/South_side_of_Notre-Dame_de_Strasbourg/0/pictures/Strasbourg_Cathedral_in_July_2022_09.jpg
Cathédrale_Notre-Dame_de_Strasbourg,25880,0,commons/South_side_of_Notre-Dame_de_Strasbourg/0/pictures/Strasbourg_cathedral_-_South_side_(7691561662).jpg
Cathédrale_Notre-Dame_de_Strasbourg,25880,0,commons/South_side_of_Notre-Dame_de_Strasbourg/0/pictures/Strasbourg_cathedral_-_South_side_(7691562086).jpg
Cathédrale_Notre-Dame_de_Strasbourg,25880,0,commons/South_side_of_Notre-Dame_de_Strasbourg/0/pictures/Strasbourg_Cathedral_in_July_2022_06.jpg
Cathédrale_Notre-Dame_de_Strasbourg,25880,0,commons/South_side_of_Notre-Dame_de_Strasbourg/0/pictures/Strasbourg_Cathedral_flying_butresses.jpg
Cathédrale_Notre-Dame_de_Strasbourg,25880,0,commons/South_side_of_Notre-Dame_de_Strasbourg/0/pictures/Strasbourg_Cathedral_in_July_2022_08.jpg
Cathédrale_Notre-Dame_de_Strasbourg,25880,0,commons/South_side_of_Notre-Dame_de_Strasbourg/0/pictures/Strasbourg_Cathedral_in_July_2022_07.jpg
Cathédrale_Notre-Dame_de_Strasbourg,25880,0,commons/South_side_of_Notre-Dame_de_Strasbourg/0/pictures/Strasbourg_TodorBozhinov_(32).JPG
Cathédrale_Notre-Dame_de_Strasbourg,25880,0,commons/South_side_of_Notre-Dame_de_Strasbourg/0/pictures/Strasbourg_Cathedral_Fr.jpg
Cathédrale_Notre-Dame_de_Strasbourg,25880,0,commons/South_side_of_Notre-Dame_de_Strasbourg/0/pictures/Strasbourg_cathedral_-_South_side_2_(7691560350).jpg
Cathédrale_Notre-Dame_de_Strasbourg,25880,0,commons/South_side_of_Notre-Dame_de_Strasbourg/0/pictures/Strasbourg-Chantier_de_la_place_du_Château_2012_(2).jpg
Cathédrale_Notre-Dame_de_Strasbourg,25880,0,commons/South_side_of_Notre-Dame_de_Strasbourg/0/pictures/Strasbourg-Place_du_Château-Septembre_2012.jpg
Cathédrale_Notre-Dame_de_Strasbourg,25880,0,commons/South_side_of_Notre-Dame_de_Strasbourg/0/pictures/Strasbourg-Chantier_de_la_place_du_Château_2012_(3).jpg
Cathédrale_Notre-Dame_de_Strasbourg,25880,0,commons/South_side_of_Notre-Dame_de_Strasbourg/0/pictures/StrasbourgCath_FacaS_02.jpg
Cathédrale_Notre-Dame_de_Strasbourg,25880,0,"commons/South_side_of_Notre-Dame_de_Strasbourg/0/pictures/Strasbourg,_décembre_2018_(31398880797).jpg"
Cathédrale_Notre-Dame_de_Strasbourg,25880,0,"commons/South_side_of_Notre-Dame_de_Strasbourg/0/pictures/Strasbourg,_décembre_2018_(46287561702).jpg"
Cathédrale_Notre-Dame_de_Strasbourg,25880,0,commons/South_side_of_Notre-Dame_de_Strasbourg/0/pictures/StrasbourgCath_FacaS_07.jpg
Cathédrale_Notre-Dame_de_Strasbourg,25880,0,commons/South_side_of_Notre-Dame_de_Strasbourg/0/pictures/StrasbourgCath_FacaS_11.JPG
Cathédrale_Notre-Dame_de_Strasbourg,25880,0,commons/South_side_of_Notre-Dame_de_Strasbourg/0/pictures/Straßburg_Cathédrale_Notre-Dame_4.jpg
Cathédrale_Notre-Dame_de_Strasbourg,25880,0,commons/South_side_of_Notre-Dame_de_Strasbourg/0/pictures/Straßburg_Cathédrale_Notre-Dame_5.jpg
Cathédrale_Notre-Dame_de_Strasbourg,25880,0,commons/South_side_of_Notre-Dame_de_Strasbourg/0/pictures/Straßburg_Cathédrale_Notre-Dame_6.jpg
Cathédrale_Notre-Dame_de_Strasbourg,25880,0,commons/South_side_of_Notre-Dame_de_Strasbourg/0/pictures/Straßburg_-_17265580149.jpg
Cathédrale_Notre-Dame_de_Strasbourg,25880,0,commons/South_side_of_Notre-Dame_de_Strasbourg/0/pictures/Straßburg_Cathédrale_Notre-Dame_Strebepfeiler.JPG
Cathédrale_Notre-Dame_de_Strasbourg,25880,0,commons/South_side_of_Notre-Dame_de_Strasbourg/0/pictures/Straßburg_Cathédrale_Notre-Dame_7.jpg
Cathédrale_Notre-Dame_de_Strasbourg,25880,0,commons/South_side_of_Notre-Dame_de_Strasbourg/0/pictures/Straßburg_Münster_Südseite_Langhaus.jpg
Cathédrale_Notre-Dame_de_Strasbourg,25880,0,commons/South_side_of_Notre-Dame_de_Strasbourg/0/pictures/Straßburg_im_Sommer_2013_(9982212246).jpg
Cathédrale_Notre-Dame_de_Strasbourg,25880,0,commons/South_side_of_Notre-Dame_de_Strasbourg/0/pictures/Straßburg_Münster_2009-017.jpg
Cathédrale_Notre-Dame_de_Strasbourg,25880,0,commons/South_side_of_Notre-Dame_de_Strasbourg/0/pictures/Tower_@_Cathédrale_Notre-Dame_de_Strasbourg_@_Strasbourg_(31708421448).jpg
Cathédrale_Notre-Dame_de_Strasbourg,25880,0,commons/South_side_of_Notre-Dame_de_Strasbourg/0/pictures/Straßburger_Münster_-_panoramio_(4).jpg
Cathédrale_Notre-Dame_de_Strasbourg,25880,0,commons/South_side_of_Notre-Dame_de_Strasbourg/0/pictures/Straßburger_Münster_-_panoramio_(1).jpg
Cathédrale_Notre-Dame_de_Strasbourg,25880,0,commons/South_transept_of_Notre-Dame_de_Strasbourg/0/pictures/20191020_Rheinkreuzfahrt_011.jpg
Cathédrale_Notre-Dame_de_Strasbourg,25880,0,commons/South_side_of_Notre-Dame_de_Strasbourg/0/pictures/Windows_of_Notre-Dame_de_Strasbourg.jpg
Cathédrale_Notre-Dame_de_Strasbourg,25880,0,commons/South_side_of_Notre-Dame_de_Strasbourg/0/pictures/Straßburger_Münster_2009.jpg
Cathédrale_Notre-Dame_de_Strasbourg,25880,0,commons/South_transept_of_Notre-Dame_de_Strasbourg/0/pictures/Cathedral_@_Strasbourg_(44605712355).jpg
Cathédrale_Notre-Dame_de_Strasbourg,25880,0,commons/South_transept_of_Notre-Dame_de_Strasbourg/0/pictures/Alsace_Strasbourg_Cathédrale_Notre_Dame_Portail_De_L'Horloge_041990_-_panoramio_(1).jpg
Cathédrale_Notre-Dame_de_Strasbourg,25880,0,"commons/South_transept_of_Notre-Dame_de_Strasbourg/0/pictures/CathéStras,_transept_sud_01.jpg"
Cathédrale_Notre-Dame_de_Strasbourg,25880,0,"commons/South_transept_of_Notre-Dame_de_Strasbourg/0/pictures/CathéStras,_transept_sud_02.jpg"
Cathédrale_Notre-Dame_de_Strasbourg,25880,0,commons/South_transept_of_Notre-Dame_de_Strasbourg/0/pictures/Alsace_Strasbourg_Cathédrale_Notre_Dame_Portail_De_L'Horloge_041990_-_panoramio.jpg
Cathédrale_Notre-Dame_de_Strasbourg,25880,0,"commons/South_transept_of_Notre-Dame_de_Strasbourg/0/pictures/CathéStras,_transept_sud_03.jpg"
Cathédrale_Notre-Dame_de_Strasbourg,25880,0,commons/South_transept_of_Notre-Dame_de_Strasbourg/0/pictures/Cathedrale-de-Strasbourg-IMG_1431.jpg
Cathédrale_Notre-Dame_de_Strasbourg,25880,0,commons/South_transept_of_Notre-Dame_de_Strasbourg/0/pictures/Cathedrale-de-Strasbourg-IMG_4266.jpg
Cathédrale_Notre-Dame_de_Strasbourg,25880,0,commons/South_transept_of_Notre-Dame_de_Strasbourg/0/pictures/Cathedrale-de-Strasbourg-IMG_4265.jpg
Cathédrale_Notre-Dame_de_Strasbourg,25880,0,commons/South_transept_of_Notre-Dame_de_Strasbourg/0/pictures/Cathédrale_Notre-Dame_de_Strasbourg_@_Strasbourg_(45619616591).jpg
Cathédrale_Notre-Dame_de_Strasbourg,25880,0,commons/South_transept_of_Notre-Dame_de_Strasbourg/0/pictures/Cathédrale_Notre-Dame_de_Strasbourg_@_Strasbourg_(30639654777).jpg
Cathédrale_Notre-Dame_de_Strasbourg,25880,0,"commons/South_transept_of_Notre-Dame_de_Strasbourg/0/pictures/CathéStras,_transept_sud_04.jpg"
Cathédrale_Notre-Dame_de_Strasbourg,25880,0,commons/South_transept_of_Notre-Dame_de_Strasbourg/0/pictures/PM_149965_F_Strasbourg.jpg
Cathédrale_Notre-Dame_de_Strasbourg,25880,0,"commons/South_transept_of_Notre-Dame_de_Strasbourg/0/pictures/Cathédrale_Notre-Dame_de_Strasbourg,_Strasbourg,_Alsace,_France_-_panoramio_(4).jpg"
Cathédrale_Notre-Dame_de_Strasbourg,25880,0,commons/South_transept_of_Notre-Dame_de_Strasbourg/0/pictures/FR-67-Strasbourg21.JPG
Cathédrale_Notre-Dame_de_Strasbourg,25880,0,commons/South_transept_of_Notre-Dame_de_Strasbourg/0/pictures/Detail_of_South_transept_of_Notre-Dame_de_Strasbourg.jpg
Cathédrale_Notre-Dame_de_Strasbourg,25880,0,"commons/South_transept_of_Notre-Dame_de_Strasbourg/0/pictures/Cathédrale_Notre-Dame,_Strasbourg,_Bas-Rhin_-_transept_et_côté_sud.jpg"
Cathédrale_Notre-Dame_de_Strasbourg,25880,0,"commons/South_transept_of_Notre-Dame_de_Strasbourg/0/pictures/Cathédrale_Notre-Dame,_Strasbourg,_Bas-Rhin_-_détail_transept_sud.jpg"
Cathédrale_Notre-Dame_de_Strasbourg,25880,0,commons/South_transept_of_Notre-Dame_de_Strasbourg/0/pictures/Strasbourg_-_Left_-_Triumphant_Church_-_Right_-_Blind_Synagogue.jpg
Cathédrale_Notre-Dame_de_Strasbourg,25880,0,commons/South_transept_of_Notre-Dame_de_Strasbourg/0/pictures/Michelle_Obama_at_Notre-Dame_de_Strasbourg_4-4-09_2.jpg
Cathédrale_Notre-Dame_de_Strasbourg,25880,0,commons/South_transept_of_Notre-Dame_de_Strasbourg/0/pictures/Strasbourg_-_Notre-Dame_de_Strasbourg_-_South_Transept_&_South_Portal_-_Panorama_view_and_sculptural_details_02.jpg
Cathédrale_Notre-Dame_de_Strasbourg,25880,0,commons/South_transept_of_Notre-Dame_de_Strasbourg/0/pictures/Strasbourg_-_Notre-Dame_de_Strasbourg_-_South_Transept_&_South_Portal_-_Panorama_view_and_sculptural_details_03.jpg
Cathédrale_Notre-Dame_de_Strasbourg,25880,0,commons/South_transept_of_Notre-Dame_de_Strasbourg/0/pictures/Strasbourg_-_Notre-Dame_de_Strasbourg_-_South_Transept_&_South_Portal_-_Panorama_view_and_sculptural_details_04.jpg
Cathédrale_Notre-Dame_de_Strasbourg,25880,0,commons/South_transept_of_Notre-Dame_de_Strasbourg/0/pictures/Strasbourg_-_Notre-Dame_de_Strasbourg_-_South_Transept_&_South_Portal_-_Panorama_view_and_sculptural_details_01.jpg
Cathédrale_Notre-Dame_de_Strasbourg,25880,0,commons/South_transept_of_Notre-Dame_de_Strasbourg/0/pictures/Strasbourg_-_ICE_Fisheye_of_South_Transept_with_Allegorical_Figures_of_Triumphant_Church_and_Blind_&_Broken_Synagogue.jpg
Cathédrale_Notre-Dame_de_Strasbourg,25880,0,commons/South_transept_of_Notre-Dame_de_Strasbourg/0/pictures/Strasbourg_-_Place_du_Château_-_South_Portal_Cathedral_I.jpg
Cathédrale_Notre-Dame_de_Strasbourg,25880,0,commons/South_transept_of_Notre-Dame_de_Strasbourg/0/pictures/Strasbourg_-_South_Transept_of_the_Cathedral_II.jpg
Cathédrale_Notre-Dame_de_Strasbourg,25880,0,"commons/South_transept_of_Notre-Dame_de_Strasbourg/0/pictures/Strasbourg_-_Notre-Dame_de_Strasbourg_-_South_Transept_&_South_Portal_-_Panorama_view_and_sculptural_details_08_-_Christ_as_Salvator_mundi,_King_Solomon,_two_women,_a_dead_and_a_living_child.jpg"
Cathédrale_Notre-Dame_de_Strasbourg,25880,0,commons/South_transept_of_Notre-Dame_de_Strasbourg/0/pictures/Strasbourg_Cathedral_-_Clock_(7684404582).jpg
Cathédrale_Notre-Dame_de_Strasbourg,25880,0,commons/South_transept_of_Notre-Dame_de_Strasbourg/0/pictures/Strasbourg_Cathedral_-_Side_view_(7684346460).jpg
Cathédrale_Notre-Dame_de_Strasbourg,25880,0,commons/South_transept_of_Notre-Dame_de_Strasbourg/0/pictures/Strasbourg_2009_IMG_3899.jpg
Cathédrale_Notre-Dame_de_Strasbourg,25880,0,commons/South_transept_of_Notre-Dame_de_Strasbourg/0/pictures/Strasbourg_2009_IMG_3901.jpg
Cathédrale_Notre-Dame_de_Strasbourg,25880,0,commons/South_transept_of_Notre-Dame_de_Strasbourg/0/pictures/Strasbourg_-_South_Transept_of_the_Cathedral_III.jpg
Cathédrale_Notre-Dame_de_Strasbourg,25880,0,commons/South_transept_of_Notre-Dame_de_Strasbourg/0/pictures/Strasbourg_2009_IMG_3900.jpg
Cathédrale_Notre-Dame_de_Strasbourg,25880,0,commons/South_transept_of_Notre-Dame_de_Strasbourg/0/pictures/Strasbourg_Cathedral.JPG
Cathédrale_Notre-Dame_de_Strasbourg,25880,0,commons/South_transept_of_Notre-Dame_de_Strasbourg/0/pictures/Strasbourg_Cathedral_(52298308659).jpg
Cathédrale_Notre-Dame_de_Strasbourg,25880,0,commons/South_transept_of_Notre-Dame_de_Strasbourg/0/pictures/StrasbourgCath_FacTranseptSud_17.JPG
Cathédrale_Notre-Dame_de_Strasbourg,25880,0,commons/South_transept_of_Notre-Dame_de_Strasbourg/0/pictures/StrasbourgCath_03.jpg
Cathédrale_Notre-Dame_de_Strasbourg,25880,0,commons/South_transept_of_Notre-Dame_de_Strasbourg/0/pictures/Strasbourg_2009_IMG_3893.jpg
Cathédrale_Notre-Dame_de_Strasbourg,25880,0,commons/South_transept_of_Notre-Dame_de_Strasbourg/0/pictures/StrasbourgCath_PortS_01.jpg
Cathédrale_Notre-Dame_de_Strasbourg,25880,0,commons/South_transept_of_Notre-Dame_de_Strasbourg/0/pictures/Strasbourg_cathedrale_11_(5891513256).jpg
Cathédrale_Notre-Dame_de_Strasbourg,25880,0,commons/South_transept_of_Notre-Dame_de_Strasbourg/0/pictures/Strasbourg_cathedrale_21_(5890976749).jpg
Cathédrale_Notre-Dame_de_Strasbourg,25880,0,commons/South_transept_of_Notre-Dame_de_Strasbourg/0/pictures/StraßburgMünsterSüdquerhaus.JPG
Cathédrale_Notre-Dame_de_Strasbourg,25880,0,commons/South_transept_of_Notre-Dame_de_Strasbourg/0/pictures/Strasbourg_Cathédrale_Notre_Dame_portail_sud.jpg
Cathédrale_Notre-Dame_de_Strasbourg,25880,0,commons/South_transept_of_Notre-Dame_de_Strasbourg/0/pictures/Straßburg_(DerHexer)_2010-12-20_052.jpg
Cathédrale_Notre-Dame_de_Strasbourg,25880,0,commons/Stairs_of_the_tower_of_Notre-Dame_de_Strasbourg/0/pictures/Escalier_de_la_tour_nord_de_la_cathédrale_de_Strasbourg.jpg
Cathédrale_Notre-Dame_de_Strasbourg,25880,0,commons/Stairs_of_the_tower_of_Notre-Dame_de_Strasbourg/0/pictures/La_place_de_la_cathédrale_de_Strasbourg_vue_depuis_l'escalier_de_la_tour_nord.jpg
Cathédrale_Notre-Dame_de_Strasbourg,25880,0,"commons/Stairs_of_the_tower_of_Notre-Dame_de_Strasbourg/0/pictures/Strasbourg_-_Notre-Dame_de_Strasbourg_-_South_side_(exterior)_of_the_cathedral_viewing_west-_Gargoyles,_Flying_buttresses,_Stairs_of_the_tower_of_Notre-Dame_de_Strasbourg_-_On_the_left_18th_century_galleries,_fencing_off_the_cathedral.jpg"
Cathédrale_Notre-Dame_de_Strasbourg,25880,0,commons/Statues_of_Notre-Dame_de_Strasbourg_(Outside)/0/pictures/2010_06_24_canaltrip_strasbourg_224_(22631955628).jpg
Cathédrale_Notre-Dame_de_Strasbourg,25880,0,commons/Statues_of_Notre-Dame_de_Strasbourg_(Outside)/0/pictures/2011.09.17.155312_Tower_cathedral_Strasbourg.jpg
Cathédrale_Notre-Dame_de_Strasbourg,25880,0,commons/Statues_of_Notre-Dame_de_Strasbourg_(Outside)/0/pictures/Cathedrale-de-Strasbourg-IMG_1183.jpg
Cathédrale_Notre-Dame_de_Strasbourg,25880,0,commons/Statues_of_Notre-Dame_de_Strasbourg_(Outside)/0/pictures/Cathedrale-de-Strasbourg-IMG_1193.jpg
Cathédrale_Notre-Dame_de_Strasbourg,25880,0,commons/Statues_of_Notre-Dame_de_Strasbourg_(Outside)/0/pictures/Cathedrale-de-Strasbourg-IMG_1184.jpg
Cathédrale_Notre-Dame_de_Strasbourg,25880,0,commons/Statues_of_Notre-Dame_de_Strasbourg_(Outside)/0/pictures/Cathedrale-de-Strasbourg-IMG_1194.jpg
Cathédrale_Notre-Dame_de_Strasbourg,25880,0,commons/Statues_of_Notre-Dame_de_Strasbourg_(Outside)/0/pictures/Cathedrale-de-Strasbourg-IMG_1199.jpg
Cathédrale_Notre-Dame_de_Strasbourg,25880,0,commons/Statues_of_Notre-Dame_de_Strasbourg_(Outside)/0/pictures/Cathedrale-de-Strasbourg-IMG_1200.jpg
Cathédrale_Notre-Dame_de_Strasbourg,25880,0,commons/Statues_of_Notre-Dame_de_Strasbourg_(Outside)/0/pictures/Cathedrale-de-Strasbourg-IMG_1204.jpg
Cathédrale_Notre-Dame_de_Strasbourg,25880,0,commons/Statues_of_Notre-Dame_de_Strasbourg_(Outside)/0/pictures/Cathedrale-de-Strasbourg-IMG_1203.jpg
Cathédrale_Notre-Dame_de_Strasbourg,25880,0,commons/Statues_of_Notre-Dame_de_Strasbourg_(Outside)/0/pictures/Cathedrale-de-Strasbourg-IMG_1182.jpg
Cathédrale_Notre-Dame_de_Strasbourg,25880,0,commons/Statues_of_Notre-Dame_de_Strasbourg_(Outside)/0/pictures/Cathedrale-de-Strasbourg-IMG_1292.jpg
Cathédrale_Notre-Dame_de_Strasbourg,25880,0,commons/Statues_of_Notre-Dame_de_Strasbourg_(Outside)/0/pictures/Cathedrale-de-Strasbourg-IMG_1312.jpg
Cathédrale_Notre-Dame_de_Strasbourg,25880,0,commons/Statues_of_Notre-Dame_de_Strasbourg_(Outside)/0/pictures/Cathedrale-de-Strasbourg-IMG_1322.jpg
Cathédrale_Notre-Dame_de_Strasbourg,25880,0,commons/Statues_of_Notre-Dame_de_Strasbourg_(Outside)/0/pictures/Cathedrale-de-Strasbourg-IMG_1311.jpg
Cathédrale_Notre-Dame_de_Strasbourg,25880,0,commons/Statues_of_Notre-Dame_de_Strasbourg_(Outside)/0/pictures/Cathedrale-de-Strasbourg-IMG_1432.jpg
Cathédrale_Notre-Dame_de_Strasbourg,25880,0,commons/Statues_of_Notre-Dame_de_Strasbourg_(Outside)/0/pictures/Cathedrale-de-Strasbourg-IMG_1421.jpg
Cathédrale_Notre-Dame_de_Strasbourg,25880,0,commons/Statues_of_Notre-Dame_de_Strasbourg_(Outside)/0/pictures/Cathedrale-de-Strasbourg-IMG_1426.jpg
Cathédrale_Notre-Dame_de_Strasbourg,25880,0,commons/Statues_of_Notre-Dame_de_Strasbourg_(Outside)/0/pictures/Cathedrale-de-Strasbourg-IMG_1433.jpg
Cathédrale_Notre-Dame_de_Strasbourg,25880,0,commons/Statues_of_Notre-Dame_de_Strasbourg_(Outside)/0/pictures/Cathédrale_Notre-Dame_(fragment_de_la_façade).jpg
Cathédrale_Notre-Dame_de_Strasbourg,25880,0,commons/Statues_of_Notre-Dame_de_Strasbourg_(Outside)/0/pictures/Cathédrale_-_Strasbourg_-_2014-02-02-_P1760473.jpg
Cathédrale_Notre-Dame_de_Strasbourg,25880,0,commons/Statues_of_Notre-Dame_de_Strasbourg_(Outside)/0/pictures/Cathédrale_Notre-Dame_de_Strasbourg_@_Strasbourg_(31746762838).jpg
Cathédrale_Notre-Dame_de_Strasbourg,25880,0,commons/Statues_of_Notre-Dame_de_Strasbourg_(Outside)/0/pictures/Cathédrale_Notre-Dame_de_Strasbourg_@_Strasbourg_(45568501262).jpg
Cathédrale_Notre-Dame_de_Strasbourg,25880,0,commons/Statues_of_Notre-Dame_de_Strasbourg_(Outside)/0/pictures/Cathédrale_Notre-Dame_de_Strasbourg_@_Strasbourg_(45568503072).jpg
Cathédrale_Notre-Dame_de_Strasbourg,25880,0,commons/Statues_of_Notre-Dame_de_Strasbourg_(Outside)/0/pictures/Cathedrale-de-Strasbourg-IMG_4235.jpg
Cathédrale_Notre-Dame_de_Strasbourg,25880,0,"commons/Statues_of_Notre-Dame_de_Strasbourg_(Outside)/0/pictures/Cathédrale_de_Strasbourg,_façade,_Vierge_au_trône_de_la_Sagesse.jpg"
Cathédrale_Notre-Dame_de_Strasbourg,25880,0,"commons/Statues_of_Notre-Dame_de_Strasbourg_(Outside)/0/pictures/Cathédrale_de_Strasbourg,_façade,_détail_du_tympan.jpg"
Cathédrale_Notre-Dame_de_Strasbourg,25880,0,commons/Statues_of_Notre-Dame_de_Strasbourg_(Outside)/0/pictures/Das_Straßburger_Münster_wurde_von_1176_bis_1439_im_romanisch_gotischen_Stil_aus_rosa_Vogesensandstein_mit_deutschen_und_französischen_Kultureinflüsse_erbaut_und_gehört_zu_den_bedeutendsten_Kathedralen_der_europäisch_-_panoramio.jpg
Cathédrale_Notre-Dame_de_Strasbourg,25880,0,"commons/Statues_of_Notre-Dame_de_Strasbourg_(Outside)/0/pictures/Detail_of_the_external_carvings_on_the_Cathedrale_Notre_Dame,_Strasbourg.jpg"
Cathédrale_Notre-Dame_de_Strasbourg,25880,0,commons/Statues_of_Notre-Dame_de_Strasbourg_(Outside)/0/pictures/France_Strasbourg_Cathedral_Wise_virgins_and_Christ.jpg
Cathédrale_Notre-Dame_de_Strasbourg,25880,0,commons/Statues_of_Notre-Dame_de_Strasbourg_(Outside)/0/pictures/PM_149995_F_Strasbourg.jpg
Cathédrale_Notre-Dame_de_Strasbourg,25880,0,commons/Statues_of_Notre-Dame_de_Strasbourg_(Outside)/0/pictures/PM_149997_F_Strasbourg.jpg
Cathédrale_Notre-Dame_de_Strasbourg,25880,0,commons/Statues_of_Notre-Dame_de_Strasbourg_(Outside)/0/pictures/PM_150005_F_Strasbourg.jpg
Cathédrale_Notre-Dame_de_Strasbourg,25880,0,commons/Statues_of_Notre-Dame_de_Strasbourg_(Outside)/0/pictures/PM_150021_F_Strasbourg.jpg
Cathédrale_Notre-Dame_de_Strasbourg,25880,0,commons/Statues_of_Notre-Dame_de_Strasbourg_(Outside)/0/pictures/PM_150023_F_Strasbourg.jpg
Cathédrale_Notre-Dame_de_Strasbourg,25880,0,commons/Statues_of_Notre-Dame_de_Strasbourg_(Outside)/0/pictures/PM_150027_F_Strasbourg.jpg
Cathédrale_Notre-Dame_de_Strasbourg,25880,0,commons/Statues_of_Notre-Dame_de_Strasbourg_(Outside)/0/pictures/PM_150025_F_Strasbourg.jpg
Cathédrale_Notre-Dame_de_Strasbourg,25880,0,commons/Statues_of_Notre-Dame_de_Strasbourg_(Outside)/0/pictures/PM_150031_F_Strasbourg.jpg
Cathédrale_Notre-Dame_de_Strasbourg,25880,0,commons/Statues_of_Notre-Dame_de_Strasbourg_(Outside)/0/pictures/Statue_de_la_Vierge_et_l'Enfant_Cathédrale_de_Strasbourg.jpg
Cathédrale_Notre-Dame_de_Strasbourg,25880,0,commons/Statues_of_Notre-Dame_de_Strasbourg_(Outside)/0/pictures/Statues_of_Notre-Dame_de_Strasbourg_(Outside)-3.jpg
Cathédrale_Notre-Dame_de_Strasbourg,25880,0,commons/Statues_of_Notre-Dame_de_Strasbourg_(Outside)/0/pictures/Strasbourg_(Bas-Rhin)_-_Cathédrale_Notre-Dame_-_Portail_principal_-_Ebrasement_de_gauche.jpg
Cathédrale_Notre-Dame_de_Strasbourg,25880,0,commons/Statues_of_Notre-Dame_de_Strasbourg_(Outside)/0/pictures/Strasbourg_(Bas-Rhin)_-_Cathédrale_Notre-Dame_-_Portail_principal_-_Statue_de_la_Vierge_à_l'enfant.jpg
Cathédrale_Notre-Dame_de_Strasbourg,25880,0,commons/Statues_of_Notre-Dame_de_Strasbourg_(Outside)/0/pictures/Strasbourg_-_Notre-Dame_de_Strasbourg_-_Equestrian_statues_on_the_south_side_of_the_cathedral_01.jpg
Cathédrale_Notre-Dame_de_Strasbourg,25880,0,commons/Statues_of_Notre-Dame_de_Strasbourg_(Outside)/0/pictures/Strasbourg_-_Notre-Dame_de_Strasbourg_-_Gargoyles_&_flying_buttresses_on_the_south_side_of_the_cathedral_07.jpg
Cathédrale_Notre-Dame_de_Strasbourg,25880,0,commons/Statues_of_Notre-Dame_de_Strasbourg_(Outside)/0/pictures/Strasbourg_-_Notre-Dame_de_Strasbourg_-_South_Transept_&_South_Portal_-_Panorama_view_and_sculptural_details_06_-_Ecclesia_triumphans_(allegorical_depiction)_looking_at_the_blind_Synagogue_with_broken_staff.jpg
Cathédrale_Notre-Dame_de_Strasbourg,25880,0,"commons/Statues_of_Notre-Dame_de_Strasbourg_(Outside)/0/pictures/Strasbourg_-_Notre-Dame_de_Strasbourg_-_South_Transept_&_South_Portal_-_Panorama_view_and_sculptural_details_08_-_Christ_as_Salvator_mundi,_King_Solomon,_two_women,_a_dead_and_a_living_child.jpg"
Cathédrale_Notre-Dame_de_Strasbourg,25880,0,commons/Statues_of_Notre-Dame_de_Strasbourg_(Outside)/0/pictures/Strasbourg_-_South_Transept_Cathedral_-_Allegory_of_Ecclesia_Triumphans.jpg
Cathédrale_Notre-Dame_de_Strasbourg,25880,0,commons/Statues_of_Notre-Dame_de_Strasbourg_(Outside)/0/pictures/Strasbourg_Münster_Eingang.JPG
Cathédrale_Notre-Dame_de_Strasbourg,25880,0,commons/Statues_of_Notre-Dame_de_Strasbourg_(Outside)/0/pictures/Strasbourg_Cathédrale2.JPG
Cathédrale_Notre-Dame_de_Strasbourg,25880,0,commons/Statues_of_Notre-Dame_de_Strasbourg_(Outside)/0/pictures/Strasbourg-DSCN0319-a.jpg
Cathédrale_Notre-Dame_de_Strasbourg,25880,0,"commons/Statues_of_Notre-Dame_de_Strasbourg_(Outside)/0/pictures/Strasbourg,_cathédrale,_portail_du_jugement_dernier_(portail_Sud)_avec_roi_Salomon_et_Christ.jpg"
Cathédrale_Notre-Dame_de_Strasbourg,25880,0,commons/Statues_of_Notre-Dame_de_Strasbourg_(Outside)/0/pictures/StrasbourgCath_FacTranseptSud_05.JPG
Cathédrale_Notre-Dame_de_Strasbourg,25880,0,commons/Statues_of_Notre-Dame_de_Strasbourg_(Outside)/0/pictures/StrasbourgCath_PortailStLaurent_01.JPG
Cathédrale_Notre-Dame_de_Strasbourg,25880,0,commons/Statues_of_Notre-Dame_de_Strasbourg_(Outside)/0/pictures/StrasbourgCath_PortailStLaurent_05.JPG
Cathédrale_Notre-Dame_de_Strasbourg,25880,0,commons/Statues_of_Notre-Dame_de_Strasbourg_(Outside)/0/pictures/StrasbourgCathFacaW_02.jpg
Cathédrale_Notre-Dame_de_Strasbourg,25880,0,commons/Statues_of_Notre-Dame_de_Strasbourg_(Outside)/0/pictures/StrasbourgCathFacaW_07.jpg
Cathédrale_Notre-Dame_de_Strasbourg,25880,0,commons/Statues_of_Notre-Dame_de_Strasbourg_(Outside)/0/pictures/StrasbourgCathFacaW_18.JPG
Cathédrale_Notre-Dame_de_Strasbourg,25880,0,commons/Statues_of_Notre-Dame_de_Strasbourg_(Outside)/0/pictures/StrasbourgCathFacaW_24.JPG
Cathédrale_Notre-Dame_de_Strasbourg,25880,0,commons/Statues_of_Notre-Dame_de_Strasbourg_(Outside)/0/pictures/StrasbourgCathFacaW_28.JPG
Cathédrale_Notre-Dame_de_Strasbourg,25880,0,commons/Statues_of_Notre-Dame_de_Strasbourg_(Outside)/0/pictures/StrasbourgCathFacaW_31.JPG
Cathédrale_Notre-Dame_de_Strasbourg,25880,0,commons/Statues_of_Notre-Dame_de_Strasbourg_(Outside)/0/pictures/Straßburg_04.jpg
Cathédrale_Notre-Dame_de_Strasbourg,25880,0,commons/Statues_of_Notre-Dame_de_Strasbourg_(Outside)/0/pictures/StrasbourgCathFacaW_44.JPG
Cathédrale_Notre-Dame_de_Strasbourg,25880,0,commons/Statues_of_Notre-Dame_de_Strasbourg_(Outside)/0/pictures/Tentateur_et_vierge_folles.jpg
Cathédrale_Notre-Dame_de_Strasbourg,25880,0,commons/Strasbourg_Cathedral_Light_Show/0/pictures/Belle_de_nuit_la_rue_mercière_(35182431085).jpg
Cathédrale_Notre-Dame_de_Strasbourg,25880,0,commons/Strasbourg_Cathedral_Light_Show/0/pictures/Cathedrale_Strasbourg.JPG
Cathédrale_Notre-Dame_de_Strasbourg,25880,0,commons/Strasbourg_Cathedral_Light_Show/0/pictures/Cathédrale_N.-D._Strasbourg_spectacle_2.JPG
Cathédrale_Notre-Dame_de_Strasbourg,25880,0,commons/Strasbourg_Cathedral_Light_Show/0/pictures/Cathédrale_N.-D._Strasbourg_spectacle_6.JPG
Cathédrale_Notre-Dame_de_Strasbourg,25880,0,commons/Strasbourg_Cathedral_Light_Show/0/pictures/Cathédrale_N.-D._Strasbourg_spectacle_4.JPG
Cathédrale_Notre-Dame_de_Strasbourg,25880,0,commons/Strasbourg_Cathedral_Light_Show/0/pictures/Cathédrale_N.D._Strasbourg_spectacle_3.JPG
Cathédrale_Notre-Dame_de_Strasbourg,25880,0,commons/Strasbourg_Cathedral_Light_Show/0/pictures/Cathédrale_N.-D._Strasbourg_spectacle_5.JPG
Cathédrale_Notre-Dame_de_Strasbourg,25880,0,commons/Strasbourg_Cathedral_Light_Show/0/pictures/Cathédrale_Notre-Dame_de_nuit.jpg
Cathédrale_Notre-Dame_de_Strasbourg,25880,0,commons/Strasbourg_Cathedral_Light_Show/0/pictures/Cathedrale_Notre_Dame_de_Strasbourg_Light_Show.jpg
Cathédrale_Notre-Dame_de_Strasbourg,25880,0,commons/Strasbourg_Cathedral_Light_Show/0/pictures/Lightplay_on_the_west_façade_of_Notre-Dame_de_Strasbourg.jpg
Cathédrale_Notre-Dame_de_Strasbourg,25880,0,commons/Strasbourg_Cathedral_Light_Show/0/pictures/Cathédrale_Notre-Dame_de_Strasbourg_during_a_Light_Show.jpg
Cathédrale_Notre-Dame_de_Strasbourg,25880,0,commons/Strasbourg_Cathedral_Light_Show/0/pictures/Cathédrale_Notre-Dame_de_Strasbourg_éclairée_la_nuit.jpg
Cathédrale_Notre-Dame_de_Strasbourg,25880,0,commons/Strasbourg_Cathedral_Light_Show/0/pictures/Strasbourg_45.jpg
Cathédrale_Notre-Dame_de_Strasbourg,25880,0,commons/Strasbourg_Cathedral_by_night/0/pictures/Bas_cathedrale_strasbourg_illumine.jpg
Cathédrale_Notre-Dame_de_Strasbourg,25880,0,commons/Strasbourg_Cathedral_Light_Show/0/pictures/Strasbourg_47.jpg
Cathédrale_Notre-Dame_de_Strasbourg,25880,0,commons/Strasbourg_Cathedral_Light_Show/0/pictures/Strasbourg_48.jpg
Cathédrale_Notre-Dame_de_Strasbourg,25880,0,commons/Strasbourg_Cathedral_Light_Show/0/pictures/Strasbourg_Cathedral_Light_show.jpg
Cathédrale_Notre-Dame_de_Strasbourg,25880,0,commons/Strasbourg_Cathedral_Light_Show/0/pictures/Strasbourg_49.jpg
Cathédrale_Notre-Dame_de_Strasbourg,25880,0,"commons/Strasbourg_Cathedral_by_night/0/pictures/2006_November,_fog_in_Strasbourg_12.jpg"
Cathédrale_Notre-Dame_de_Strasbourg,25880,0,commons/Strasbourg_Cathedral_by_night/0/pictures/By_night_2_(5673404689).jpg
Cathédrale_Notre-Dame_de_Strasbourg,25880,0,commons/Strasbourg_Cathedral_by_night/0/pictures/Cathedrale_Notre_Dame_in_Strasbourg_(2520719804).jpg
Cathédrale_Notre-Dame_de_Strasbourg,25880,0,"commons/Strasbourg_Cathedral_by_night/0/pictures/2006_November,_fog_in_Strasbourg_17.jpg"
Cathédrale_Notre-Dame_de_Strasbourg,25880,0,commons/Strasbourg_Cathedral_by_night/0/pictures/Bastille_Day_2022_celebration_in_Strasbourg_04.jpg
Cathédrale_Notre-Dame_de_Strasbourg,25880,0,commons/Strasbourg_Cathedral_by_night/0/pictures/Cathedrale_Notre_Dame_in_Strasbourg_(2519903219).jpg
Cathédrale_Notre-Dame_de_Strasbourg,25880,0,commons/Strasbourg_Cathedral_by_night/0/pictures/By_night_1_(5673973356).jpg
Cathédrale_Notre-Dame_de_Strasbourg,25880,0,commons/Strasbourg_Cathedral_by_night/0/pictures/Cathedrale_Strasbourg_de_nuit.JPG
Cathédrale_Notre-Dame_de_Strasbourg,25880,0,commons/Strasbourg_Cathedral_by_night/0/pictures/Cathedrale_de_Strasbourg.jpg
Cathédrale_Notre-Dame_de_Strasbourg,25880,0,commons/Strasbourg_Cathedral_by_night/0/pictures/Cathedrale-de-Strasbourg-IMG_1273.jpg
Cathédrale_Notre-Dame_de_Strasbourg,25880,0,commons/Strasbourg_Cathedral_by_night/0/pictures/Cathedrale-de-Strasbourg-IMG_1262.jpg
Cathédrale_Notre-Dame_de_Strasbourg,25880,0,commons/Strasbourg_Cathedral_by_night/0/pictures/Cathedrale-de-Strasbourg-IMG_1263.jpg
Cathédrale_Notre-Dame_de_Strasbourg,25880,0,commons/Strasbourg_Cathedral_by_night/0/pictures/Cathedrale-de-Strasbourg-IMG_1264.jpg
Cathédrale_Notre-Dame_de_Strasbourg,25880,0,commons/Strasbourg_Cathedral_by_night/0/pictures/Cathedrale-de-Strasbourg-IMG_4211.jpg
Cathédrale_Notre-Dame_de_Strasbourg,25880,0,commons/Strasbourg_Cathedral_by_night/0/pictures/Cathedrale-de-Strasbourg-IMG_4218.jpg
Cathédrale_Notre-Dame_de_Strasbourg,25880,0,commons/Strasbourg_Cathedral_by_night/0/pictures/Cathédrale_Notre-Dame_de_Strasbourg_de_nuit.jpg
Cathédrale_Notre-Dame_de_Strasbourg,25880,0,commons/Strasbourg_Cathedral_by_night/0/pictures/Cathedrale-de-Strasbourg-IMG_4222.jpg
Cathédrale_Notre-Dame_de_Strasbourg,25880,0,commons/Strasbourg_Cathedral_by_night/0/pictures/Cathedrale-de-Strasbourg-IMG_4221.jpg
Cathédrale_Notre-Dame_de_Strasbourg,25880,0,commons/Strasbourg_Cathedral_by_night/0/pictures/Cathédrale_Notre_Dame_illuminée.jpg
Cathédrale_Notre-Dame_de_Strasbourg,25880,0,commons/Strasbourg_Cathedral_by_night/0/pictures/Cathédrale_de_nuit_(10688367786).jpg
Cathédrale_Notre-Dame_de_Strasbourg,25880,0,commons/Strasbourg_Cathedral_by_night/0/pictures/Cathédrale_de_nuit_(10688552733).jpg
Cathédrale_Notre-Dame_de_Strasbourg,25880,0,commons/Strasbourg_Cathedral_by_night/0/pictures/Krämergass_nach_Ladenschluss_-_panoramio.jpg
Cathédrale_Notre-Dame_de_Strasbourg,25880,0,commons/Strasbourg_Cathedral_by_night/0/pictures/Cathédrale_de_Strasbourg_la_nuit.jpg
Cathédrale_Notre-Dame_de_Strasbourg,25880,0,commons/Strasbourg_Cathedral_by_night/0/pictures/Fr_Strasbourg_Cathedral_and_nearby_house_by_night.jpg
Cathédrale_Notre-Dame_de_Strasbourg,25880,0,commons/Strasbourg_Cathedral_by_night/0/pictures/Cathédrale_de_nuit_(39066990091).jpg
Cathédrale_Notre-Dame_de_Strasbourg,25880,0,commons/Strasbourg_Cathedral_by_night/0/pictures/Strasbourg_Cathedral_Exterior_Night.jpg
Cathédrale_Notre-Dame_de_Strasbourg,25880,0,commons/Strasbourg_Cathedral_by_night/0/pictures/Strasbourg_(8398123317).jpg
Cathédrale_Notre-Dame_de_Strasbourg,25880,0,commons/Strasbourg_Cathedral_by_night/0/pictures/Strasbourg_(8399212228).jpg
Cathédrale_Notre-Dame_de_Strasbourg,25880,0,"commons/Strasbourg_Cathedral_by_night/0/pictures/Strasbourg_Cathedral_seen_through_rue_Mercière,_by_night.jpg"
Cathédrale_Notre-Dame_de_Strasbourg,25880,0,commons/Strasbourg_Cathedral_by_night/0/pictures/Strasbourg_-_panoramio_(131).jpg
Cathédrale_Notre-Dame_de_Strasbourg,25880,0,"commons/Strasbourg_Cathedral_by_night/0/pictures/Strasbourg_Cathedral,_by_night-2.jpg"
Cathédrale_Notre-Dame_de_Strasbourg,25880,0,"commons/Strasbourg_Cathedral_by_night/0/pictures/Strasbourg_Cathedral,_central_portal_of_west_facade,_looking_up_from_below.jpg"
Cathédrale_Notre-Dame_de_Strasbourg,25880,0,commons/Strasbourg_Cathedral_by_night/0/pictures/Strasbourg@HFR_(3780213073).jpg
Cathédrale_Notre-Dame_de_Strasbourg,25880,0,commons/Strasbourg_Cathedral_by_night/0/pictures/Strasbourg@HFR_(3781025038).jpg
Cathédrale_Notre-Dame_de_Strasbourg,25880,0,commons/Strasbourg_Cathedral_by_night/0/pictures/Straßburg_-_MÜNSTER_-_panoramio.jpg
Cathédrale_Notre-Dame_de_Strasbourg,25880,0,commons/Strasbourg_Cathedral_by_night/0/pictures/Strasbourg@HFR_(3781025788).jpg
Cathédrale_Notre-Dame_de_Strasbourg,25880,0,commons/Strasbourg_Cathedral_by_night/0/pictures/Strasbourg_Christmas_Market_2017_(1)_13.jpg
Cathédrale_Notre-Dame_de_Strasbourg,25880,0,commons/Strasbourg_Cathedral_by_night/0/pictures/Strasbourg_Christmas_.jpg
Cathédrale_Notre-Dame_de_Strasbourg,25880,0,commons/Strasbourg_Cathedral_by_night/0/pictures/Straßburger_-_MÜNSTER_-_panoramio.jpg
Cathédrale_Notre-Dame_de_Strasbourg,25880,0,commons/Strasbourg_Cathedral_by_night/0/pictures/Strasbourg._The_Cathedral.jpg
Cathédrale_Notre-Dame_de_Strasbourg,25880,0,commons/Strasbourg_Cathedral_by_night/0/pictures/Strasbourgs_pride.jpg
Cathédrale_Notre-Dame_de_Strasbourg,25880,0,"commons/Strasbourg_Cathedral_by_night/0/pictures/Strasbourg,_September_2013_(263_365)_(9868909903).jpg"
Cathédrale_Notre-Dame_de_Strasbourg,25880,0,commons/Strasbourg_Cathedral_by_night/0/pictures/Straßburg_Münster_(3).jpg
Cathédrale_Notre-Dame_de_Strasbourg,25880,0,commons/Strasbourg_Cathedral_exterior_clock/0/pictures/Cathedrale-de-Strasbourg-IMG_1432.jpg
Cathédrale_Notre-Dame_de_Strasbourg,25880,0,commons/Strasbourg_Cathedral_exterior_clock/0/pictures/Cathedrale-de-Strasbourg-IMG_1436.jpg
Cathédrale_Notre-Dame_de_Strasbourg,25880,0,commons/Strasbourg_Cathedral_exterior_clock/0/pictures/PM_149968_F_Strasbourg.jpg
Cathédrale_Notre-Dame_de_Strasbourg,25880,0,commons/Strasbourg_Cathedral_exterior_clock/0/pictures/Cathédrale_Notre-Dame_de_Strasbourg_-_panoramio_(6).jpg
Cathédrale_Notre-Dame_de_Strasbourg,25880,0,commons/Strasbourg_Cathedral_exterior_clock/0/pictures/Cathedrale-de-Strasbourg-IMG_1433.jpg
Cathédrale_Notre-Dame_de_Strasbourg,25880,0,commons/Strasbourg_Cathedral_exterior_clock/0/pictures/Strasbourg_-_Notre-Dame_de_Strasbourg_-_South_Transept_&_South_Portal_-_Panorama_view_and_sculptural_details_04.jpg
Cathédrale_Notre-Dame_de_Strasbourg,25880,0,commons/Strasbourg_Cathedral_exterior_clock/0/pictures/Strasbourg_-_South_Transept_of_the_Cathedral_II.jpg
Cathédrale_Notre-Dame_de_Strasbourg,25880,0,commons/Strasbourg_Cathedral_exterior_clock/0/pictures/Strasbourg_-_South_Transept_of_the_Cathedral_III.jpg
Cathédrale_Notre-Dame_de_Strasbourg,25880,0,commons/Strasbourg_Cathedral_exterior_clock/0/pictures/Strasbourg_Cathedral_(52298308659).jpg
Cathédrale_Notre-Dame_de_Strasbourg,25880,0,commons/Strasbourg_Cathedral_exterior_clock/0/pictures/StrasbourgCath_FacTranseptSud_16.JPG
Cathédrale_Notre-Dame_de_Strasbourg,25880,0,commons/Strasbourg_Cathedral_exterior_clock/0/pictures/Strasbourg_-_Notre-Dame_de_Strasbourg_-_South_Transept_&_South_Portal_-_Panorama_view_and_sculptural_details_01.jpg
Cathédrale_Notre-Dame_de_Strasbourg,25880,0,commons/Strasbourg_Cathedral_exterior_clock/0/pictures/StrasbourgCath_FacTranseptSud_19.JPG
Cathédrale_Notre-Dame_de_Strasbourg,25880,0,commons/Sundials_of_Notre-Dame_de_Strasbourg/0/pictures/Cadran_solaire_transept_sud.jpg
Cathédrale_Notre-Dame_de_Strasbourg,25880,0,commons/Sundials_of_Notre-Dame_de_Strasbourg/0/pictures/Strasbourg_(Bas-Rhin)_-_Cathédrale_Notre-Dame_-_Cadran_solaire.jpg
Cathédrale_Notre-Dame_de_Strasbourg,25880,0,commons/Sundials_of_Notre-Dame_de_Strasbourg/0/pictures/Strasbourg_Cathedral_-_Side_view_(7684346460).jpg
Cathédrale_Notre-Dame_de_Strasbourg,25880,0,commons/Sundials_of_Notre-Dame_de_Strasbourg/0/pictures/Cathedrale-de-Strasbourg-IMG_4265.jpg
Cathédrale_Notre-Dame_de_Strasbourg,25880,0,commons/Sundials_of_Notre-Dame_de_Strasbourg/0/pictures/Strasbourg_-_Notre-Dame_de_Strasbourg_-_South_Transept_&_South_Portal_-_Panorama_view_and_sculptural_details_04.jpg
Cathédrale_Notre-Dame_de_Strasbourg,25880,0,commons/Sundials_of_Notre-Dame_de_Strasbourg/0/pictures/Strasbourg_-_Notre-Dame_de_Strasbourg_-_South_Transept_&_South_Portal_-_Panorama_view_and_sculptural_details_01.jpg
Cathédrale_Notre-Dame_de_Strasbourg,25880,0,commons/Sundials_of_Notre-Dame_de_Strasbourg/0/pictures/Strasbourg_-_Panorama_of_the_Cathedral's_South_Transept_Allegorically_Depicting_The_Last_Judgement.jpg
Cathédrale_Notre-Dame_de_Strasbourg,25880,0,commons/Tower_of_Notre-Dame_de_Strasbourg/0/pictures/Ancienne_Grande_Boucherie_vue_des_quais.jpg
Cathédrale_Notre-Dame_de_Strasbourg,25880,0,commons/Tower_of_Notre-Dame_de_Strasbourg/0/pictures/2011.09.17.155312_Tower_cathedral_Strasbourg.jpg
Cathédrale_Notre-Dame_de_Strasbourg,25880,0,commons/Tower_of_Notre-Dame_de_Strasbourg/0/pictures/Cathedrale_Notre-Dame_de_Strasbourg.jpg
Cathédrale_Notre-Dame_de_Strasbourg,25880,0,commons/Tower_of_Notre-Dame_de_Strasbourg/0/pictures/Absolute_Cathédrale_Strasbourg_01.jpg
Cathédrale_Notre-Dame_de_Strasbourg,25880,0,commons/Tower_of_Notre-Dame_de_Strasbourg/0/pictures/2010_06_24_canaltrip_strasbourg_360_(23050292075).jpg
Cathédrale_Notre-Dame_de_Strasbourg,25880,0,commons/Tower_of_Notre-Dame_de_Strasbourg/0/pictures/Cathedrale_Notre_Dame_in_Strasbourg_(2520681554).jpg
Cathédrale_Notre-Dame_de_Strasbourg,25880,0,commons/Tower_of_Notre-Dame_de_Strasbourg/0/pictures/Cathedrale_Strasbourg_vue_generale.jpg
Cathédrale_Notre-Dame_de_Strasbourg,25880,0,commons/Tower_of_Notre-Dame_de_Strasbourg/0/pictures/Cathedrale-de-Strasbourg-IMG_1343.jpg
Cathédrale_Notre-Dame_de_Strasbourg,25880,0,commons/Tower_of_Notre-Dame_de_Strasbourg/0/pictures/Cathedrale-de-Strasbourg-IMG_1344.jpg
Cathédrale_Notre-Dame_de_Strasbourg,25880,0,commons/Tower_of_Notre-Dame_de_Strasbourg/0/pictures/Cathedrale-de-Strasbourg-IMG_1290.jpg
Cathédrale_Notre-Dame_de_Strasbourg,25880,0,commons/Tower_of_Notre-Dame_de_Strasbourg/0/pictures/Cathedrale-de-Strasbourg-IMG_1339.jpg
Cathédrale_Notre-Dame_de_Strasbourg,25880,0,commons/Tower_of_Notre-Dame_de_Strasbourg/0/pictures/Cathedrale-de-Strasbourg-IMG_1287.jpg
Cathédrale_Notre-Dame_de_Strasbourg,25880,0,commons/Tower_of_Notre-Dame_de_Strasbourg/0/pictures/Cathedrale-de-Strasbourg-IMG_1284.jpg
Cathédrale_Notre-Dame_de_Strasbourg,25880,0,commons/Tower_of_Notre-Dame_de_Strasbourg/0/pictures/Cathedrale-de-Strasbourg-IMG_1283.jpg
Cathédrale_Notre-Dame_de_Strasbourg,25880,0,commons/Tower_of_Notre-Dame_de_Strasbourg/0/pictures/Cathedrale-de-Strasbourg-IMG_1346.jpg
Cathédrale_Notre-Dame_de_Strasbourg,25880,0,commons/Tower_of_Notre-Dame_de_Strasbourg/0/pictures/Cathedrale-de-Strasbourg-IMG_1438.jpg
Cathédrale_Notre-Dame_de_Strasbourg,25880,0,commons/Tower_of_Notre-Dame_de_Strasbourg/0/pictures/Cathedrale-de-Strasbourg-IMG_4218.jpg
Cathédrale_Notre-Dame_de_Strasbourg,25880,0,commons/Tower_of_Notre-Dame_de_Strasbourg/0/pictures/Cathedrale-de-Strasbourg-IMG_4222.jpg
Cathédrale_Notre-Dame_de_Strasbourg,25880,0,commons/Tower_of_Notre-Dame_de_Strasbourg/0/pictures/Cathedrale-de-Strasbourg-IMG_4221.jpg
Cathédrale_Notre-Dame_de_Strasbourg,25880,0,commons/Tower_of_Notre-Dame_de_Strasbourg/0/pictures/Cathedrale-de-Strasbourg-IMG_4236.jpg
Cathédrale_Notre-Dame_de_Strasbourg,25880,0,commons/Tower_of_Notre-Dame_de_Strasbourg/0/pictures/Cathedrale-de-Strasbourg-IMG_4237.jpg
Cathédrale_Notre-Dame_de_Strasbourg,25880,0,commons/Tower_of_Notre-Dame_de_Strasbourg/0/pictures/Cathedrale-de-Strasbourg-IMG_4249.jpg
Cathédrale_Notre-Dame_de_Strasbourg,25880,0,commons/Tower_of_Notre-Dame_de_Strasbourg/0/pictures/Cathédrale_Notre_Dame_Strasbourg_20200124_005.jpg
Cathédrale_Notre-Dame_de_Strasbourg,25880,0,commons/Tower_of_Notre-Dame_de_Strasbourg/0/pictures/Cathedrale-de-Strasbourg-IMG_4253.jpg
Cathédrale_Notre-Dame_de_Strasbourg,25880,0,commons/Tower_of_Notre-Dame_de_Strasbourg/0/pictures/Cathédrale_Notre_-_Dame_de_Strasbourg_-_panoramio.jpg
Cathédrale_Notre-Dame_de_Strasbourg,25880,0,commons/Tower_of_Notre-Dame_de_Strasbourg/0/pictures/Cathédrale_Notre_Dame_Strasbourg_20200124_006.jpg
Cathédrale_Notre-Dame_de_Strasbourg,25880,0,commons/Tower_of_Notre-Dame_de_Strasbourg/0/pictures/Cathedrale-de-Strasbourg-IMG_4254.jpg
Cathédrale_Notre-Dame_de_Strasbourg,25880,0,commons/Tower_of_Notre-Dame_de_Strasbourg/0/pictures/Cathédrale_Notre_Dame_Strasbourg_20200124_003.jpg
Cathédrale_Notre-Dame_de_Strasbourg,25880,0,commons/Tower_of_Notre-Dame_de_Strasbourg/0/pictures/Cathédrale_Notre_Dame_Strasbourg_20200124_004.jpg
Cathédrale_Notre-Dame_de_Strasbourg,25880,0,commons/Tower_of_Notre-Dame_de_Strasbourg/0/pictures/Cathédrale_Notre-Dame_-_1.jpg
Cathédrale_Notre-Dame_de_Strasbourg,25880,0,commons/Tower_of_Notre-Dame_de_Strasbourg/0/pictures/Cathédrale_Notre-Dame_Strasbourg_20200124_001.jpg
Cathédrale_Notre-Dame_de_Strasbourg,25880,0,commons/Tower_of_Notre-Dame_de_Strasbourg/0/pictures/Cathédrale_Notre-Dame_Tour_Strasbourg_1.jpg
Cathédrale_Notre-Dame_de_Strasbourg,25880,0,commons/Tower_of_Notre-Dame_de_Strasbourg/0/pictures/Cathédrale_Notre-Dame_Strasbourg_20200124_003.jpg
Cathédrale_Notre-Dame_de_Strasbourg,25880,0,commons/Tower_of_Notre-Dame_de_Strasbourg/0/pictures/Cathédrale_Notre_Dame_de_Strasbourg_exterior.jpg
Cathédrale_Notre-Dame_de_Strasbourg,25880,0,commons/Tower_of_Notre-Dame_de_Strasbourg/0/pictures/Cathédrale_Notre-Dame_Tour_Strasbourg_2.jpg
Cathédrale_Notre-Dame_de_Strasbourg,25880,0,commons/Tower_of_Notre-Dame_de_Strasbourg/0/pictures/Cathédrale_Notre-Dame_Tour_Strasbourg_3.jpg
Cathédrale_Notre-Dame_de_Strasbourg,25880,0,commons/Tower_of_Notre-Dame_de_Strasbourg/0/pictures/Cathédrale_Notre-Dame_de_Strasbourg_-_Cathedral_of_Our_Lady_of_Strasbourg_-_كاتدرائية_ستراسبورغ_-_Liebfrauenmünster_zu_Straßburg_photo19.jpg
Cathédrale_Notre-Dame_de_Strasbourg,25880,0,commons/Tower_of_Notre-Dame_de_Strasbourg/0/pictures/Cathédrale_Notre-Dame_Strasbourg_20200124_002.jpg
Cathédrale_Notre-Dame_de_Strasbourg,25880,0,commons/Tower_of_Notre-Dame_de_Strasbourg/0/pictures/Cathédrale_Notre-Dame_Tour_Strasbourg_4.jpg
Cathédrale_Notre-Dame_de_Strasbourg,25880,0,commons/Tower_of_Notre-Dame_de_Strasbourg/0/pictures/Cathédrale_Notre-Dame_de_Strasbourg_-_Cathedral_of_Our_Lady_of_Strasbourg_-_كاتدرائية_ستراسبورغ_-_Liebfrauenmünster_zu_Straßburg_photo20.jpg
Cathédrale_Notre-Dame_de_Strasbourg,25880,0,commons/Tower_of_Notre-Dame_de_Strasbourg/0/pictures/Cathédrale_Notre-Dame_Tour_Strasbourg_5.jpg
Cathédrale_Notre-Dame_de_Strasbourg,25880,0,commons/Tower_of_Notre-Dame_de_Strasbourg/0/pictures/Cathédrale_Notre-Dame_-_2.jpg
Cathédrale_Notre-Dame_de_Strasbourg,25880,0,commons/Tower_of_Notre-Dame_de_Strasbourg/0/pictures/Cathédrale_Notre-Dame_de_Strasbourg_-_Cathedral_of_Our_Lady_of_Strasbourg_-_كاتدرائية_ستراسبورغ_-_Liebfrauenmünster_zu_Straßburg_photo21.jpg
Cathédrale_Notre-Dame_de_Strasbourg,25880,0,commons/Tower_of_Notre-Dame_de_Strasbourg/0/pictures/Cathédrale_Notre-Dame_de_Strasbourg_@_Strasbourg_(45530286682).jpg
Cathédrale_Notre-Dame_de_Strasbourg,25880,0,commons/Tower_of_Notre-Dame_de_Strasbourg/0/pictures/Cathédrale_Notre-Dame_de_Strasbourg_Steeples.jpg
Cathédrale_Notre-Dame_de_Strasbourg,25880,0,commons/Tower_of_Notre-Dame_de_Strasbourg/0/pictures/Cathédrale_Notre-Dame_de_Strasbourg_-_panoramio_(9).jpg
Cathédrale_Notre-Dame_de_Strasbourg,25880,0,commons/Tower_of_Notre-Dame_de_Strasbourg/0/pictures/Cathédrale_Notre-Dame-de-Strasbourg_(3500929131).jpg
Cathédrale_Notre-Dame_de_Strasbourg,25880,0,commons/Tower_of_Notre-Dame_de_Strasbourg/0/pictures/Cathédrale_Rohan1.jpg
Cathédrale_Notre-Dame_de_Strasbourg,25880,0,commons/Tower_of_Notre-Dame_de_Strasbourg/0/pictures/Cathédrale_contre_jour.jpg
Cathédrale_Notre-Dame_de_Strasbourg,25880,0,commons/Tower_of_Notre-Dame_de_Strasbourg/0/pictures/Cathédrale_strasbourg_01.jpg
Cathédrale_Notre-Dame_de_Strasbourg,25880,0,commons/Tower_of_Notre-Dame_de_Strasbourg/0/pictures/Cathédrale_corbeau.jpg
Cathédrale_Notre-Dame_de_Strasbourg,25880,0,commons/Tower_of_Notre-Dame_de_Strasbourg/0/pictures/Cathédrale_Strasbourg.JPG
Cathédrale_Notre-Dame_de_Strasbourg,25880,0,commons/Tower_of_Notre-Dame_de_Strasbourg/0/pictures/Cathédrale_Notre-Dame_de_Strasbourg_février_2015.jpg
Cathédrale_Notre-Dame_de_Strasbourg,25880,0,commons/Tower_of_Notre-Dame_de_Strasbourg/0/pictures/Couleurs_matinales_contraires.jpg
Cathédrale_Notre-Dame_de_Strasbourg,25880,0,commons/Tower_of_Notre-Dame_de_Strasbourg/0/pictures/Double_flèche_de_grès.jpg
Cathédrale_Notre-Dame_de_Strasbourg,25880,0,commons/Tower_of_Notre-Dame_de_Strasbourg/0/pictures/Clocher_de_Notre-Dame_de_Strasbourg.jpg
Cathédrale_Notre-Dame_de_Strasbourg,25880,0,commons/Tower_of_Notre-Dame_de_Strasbourg/0/pictures/Flanc_de_la_tour_(Cathédrale_de_Strasbourg).jpg
Cathédrale_Notre-Dame_de_Strasbourg,25880,0,commons/Tower_of_Notre-Dame_de_Strasbourg/0/pictures/Côté_nord_de_la_cathédrale_de_Strasbourg.jpg
Cathédrale_Notre-Dame_de_Strasbourg,25880,0,commons/Tower_of_Notre-Dame_de_Strasbourg/0/pictures/Cathédrale_de_Strasbourg_janvier_2021.jpg
Cathédrale_Notre-Dame_de_Strasbourg,25880,0,"commons/Tower_of_Notre-Dame_de_Strasbourg/0/pictures/Hanging_basket,_Strasbourg,_2014_(01).JPG"
Cathédrale_Notre-Dame_de_Strasbourg,25880,0,commons/Tower_of_Notre-Dame_de_Strasbourg/0/pictures/Gutenberg_and_the_Catheral.jpg
Cathédrale_Notre-Dame_de_Strasbourg,25880,0,"commons/Tower_of_Notre-Dame_de_Strasbourg/0/pictures/La_cathédrale_de_Strasbourg,_1874._Vue_du_massif_occidental.jpg"
Cathédrale_Notre-Dame_de_Strasbourg,25880,0,commons/Tower_of_Notre-Dame_de_Strasbourg/0/pictures/Lampadaire_à_Strasbourg.jpg
Cathédrale_Notre-Dame_de_Strasbourg,25880,0,commons/Tower_of_Notre-Dame_de_Strasbourg/0/pictures/Haus_Kammerzell_und_Münster_in_Straßburg.jpg
Cathédrale_Notre-Dame_de_Strasbourg,25880,0,commons/Tower_of_Notre-Dame_de_Strasbourg/0/pictures/La_flèche_de_la_Cathédrale.jpg
Cathédrale_Notre-Dame_de_Strasbourg,25880,0,commons/Tower_of_Notre-Dame_de_Strasbourg/0/pictures/Lady_of_Strasbourg_-_panoramio.jpg
Cathédrale_Notre-Dame_de_Strasbourg,25880,0,commons/Tower_of_Notre-Dame_de_Strasbourg/0/pictures/May_France_Cite_Strasbourg_Ville_d'Alsace_-_Alsace_magic_Elsaß_Photography_2014_La_Terreur_-_Gouvernement_clerical_-_panoramio.jpg
Cathédrale_Notre-Dame_de_Strasbourg,25880,0,commons/Tower_of_Notre-Dame_de_Strasbourg/0/pictures/PM_149963_F_Strasbourg.jpg
Cathédrale_Notre-Dame_de_Strasbourg,25880,0,commons/Tower_of_Notre-Dame_de_Strasbourg/0/pictures/Museé_Historique_Strasbourg_20200124_003.jpg
Cathédrale_Notre-Dame_de_Strasbourg,25880,0,"commons/Tower_of_Notre-Dame_de_Strasbourg/0/pictures/Notre-Dame_-_Strasbourg,_France_-_panoramio.jpg"
Cathédrale_Notre-Dame_de_Strasbourg,25880,0,commons/Tower_of_Notre-Dame_de_Strasbourg/0/pictures/Notre-Dame_de_Strasbourg_20150729-1.jpg
Cathédrale_Notre-Dame_de_Strasbourg,25880,0,commons/Tower_of_Notre-Dame_de_Strasbourg/0/pictures/Muenster-Straßburg-Rohan-Palast.JPG
Cathédrale_Notre-Dame_de_Strasbourg,25880,0,"commons/Tower_of_Notre-Dame_de_Strasbourg/0/pictures/Roof_detail_on_Palais_des_Rohan,_Strasbourg.jpg"
Cathédrale_Notre-Dame_de_Strasbourg,25880,0,commons/Tower_of_Notre-Dame_de_Strasbourg/0/pictures/Peristyle_of_Palais_Rohan_and_Cathédrale_Notre-Dame_in_Strasbourg.jpg
Cathédrale_Notre-Dame_de_Strasbourg,25880,0,commons/Tower_of_Notre-Dame_de_Strasbourg/0/pictures/Sky_(75462367).jpeg
Cathédrale_Notre-Dame_de_Strasbourg,25880,0,commons/Tower_of_Notre-Dame_de_Strasbourg/0/pictures/Rear_of_Gutenberg.jpg
Cathédrale_Notre-Dame_de_Strasbourg,25880,0,commons/Tower_of_Notre-Dame_de_Strasbourg/0/pictures/Spire_of_Notre-Dame_de_Strasbourg.jpg
Cathédrale_Notre-Dame_de_Strasbourg,25880,0,commons/Tower_of_Notre-Dame_de_Strasbourg/0/pictures/Reflet_de_la_Cathédrale_Notre-Dame_de_Strasbourg.jpg
Cathédrale_Notre-Dame_de_Strasbourg,25880,0,commons/Tower_of_Notre-Dame_de_Strasbourg/0/pictures/Spire_of_Notre-Dame_de_Strasbourg_seen_through_rue_Gutenberg.jpg
Cathédrale_Notre-Dame_de_Strasbourg,25880,0,commons/Tower_of_Notre-Dame_de_Strasbourg/0/pictures/Strasbourg_-_View_on_Cathedral_from_Palais_Rohan_II.jpg
Cathédrale_Notre-Dame_de_Strasbourg,25880,0,commons/Tower_of_Notre-Dame_de_Strasbourg/0/pictures/Tower_@_Cathédrale_Notre-Dame_de_Strasbourg_@_Strasbourg_(30639641257).jpg
Cathédrale_Notre-Dame_de_Strasbourg,25880,0,commons/Views_from_Notre-Dame_de_Strasbourg_in_2005/0/pictures/Strasbourgview.JPG
Cathédrale_Notre-Dame_de_Strasbourg,25880,0,commons/Views_from_Notre-Dame_de_Strasbourg_in_2005/0/pictures/Munster_und_die_Stadt_von_Strassburg_2.jpg
Cathédrale_Notre-Dame_de_Strasbourg,25880,0,commons/Views_from_Notre-Dame_de_Strasbourg_in_2005/0/pictures/Munster_und_die_Stadt_von_Strasburg.jpg
Cathédrale_Notre-Dame_de_Strasbourg,25880,0,commons/Views_from_Notre-Dame_de_Strasbourg_in_2006/0/pictures/Cathedrale-de-Strasbourg-IMG_1349.jpg
Cathédrale_Notre-Dame_de_Strasbourg,25880,0,commons/Views_from_Notre-Dame_de_Strasbourg_in_2006/0/pictures/Cathedrale-de-Strasbourg-IMG_1330.jpg
Cathédrale_Notre-Dame_de_Strasbourg,25880,0,commons/Views_from_Notre-Dame_de_Strasbourg_in_2006/0/pictures/Cathedrale-de-Strasbourg-IMG_1331.jpg
Cathédrale_Notre-Dame_de_Strasbourg,25880,0,commons/Views_from_Notre-Dame_de_Strasbourg_in_2006/0/pictures/Cathedrale-de-Strasbourg-IMG_1328.jpg
Cathédrale_Notre-Dame_de_Strasbourg,25880,0,commons/Views_from_Notre-Dame_de_Strasbourg_in_2006/0/pictures/Cathedrale-de-Strasbourg-IMG_1369.jpg
Cathédrale_Notre-Dame_de_Strasbourg,25880,0,commons/Views_from_Notre-Dame_de_Strasbourg_in_2006/0/pictures/Cathedrale-de-Strasbourg-IMG_1362.jpg
Cathédrale_Notre-Dame_de_Strasbourg,25880,0,"commons/Views_from_Notre-Dame_de_Strasbourg_in_2007/0/pictures/Strasbourg_seen_from_above_in_2007,_1.jpg"
Cathédrale_Notre-Dame_de_Strasbourg,25880,0,commons/Views_from_Notre-Dame_de_Strasbourg_in_2007/0/pictures/Strasbourg_from_above_-_November_2007.jpg
Cathédrale_Notre-Dame_de_Strasbourg,25880,0,"commons/Views_from_Notre-Dame_de_Strasbourg_in_2007/0/pictures/Strasbourg_seen_from_above_in_2007,_2.jpg"
Cathédrale_Notre-Dame_de_Strasbourg,25880,0,"commons/Views_from_Notre-Dame_de_Strasbourg_in_2007/0/pictures/Strasbourg_seen_from_above_in_2007,_9.jpg"
Cathédrale_Notre-Dame_de_Strasbourg,25880,0,commons/Views_from_Notre-Dame_de_Strasbourg_in_2007/0/pictures/Patinoire_sur_la_Place_du_Château.jpg
Cathédrale_Notre-Dame_de_Strasbourg,25880,0,commons/Views_from_Notre-Dame_de_Strasbourg_in_2006/0/pictures/Cathedrale-de-Strasbourg-IMG_1366.jpg
Cathédrale_Notre-Dame_de_Strasbourg,25880,0,"commons/Views_from_Notre-Dame_de_Strasbourg_in_2007/0/pictures/Strasbourg,_Place_du_Château_with_ice_rink.jpg"
Cathédrale_Notre-Dame_de_Strasbourg,25880,0,commons/Views_from_Notre-Dame_de_Strasbourg_in_2010/0/pictures/Cathédrale_Notre_-_Dame_de_Strasbourg_-_panoramio_(1).jpg
Cathédrale_Notre-Dame_de_Strasbourg,25880,0,commons/Views_from_Notre-Dame_de_Strasbourg_in_2011/0/pictures/2011.09.17.155006_Château_Rohan_cathedral_Strasbourg.jpg
Cathédrale_Notre-Dame_de_Strasbourg,25880,0,commons/Views_from_Notre-Dame_de_Strasbourg_in_2011/0/pictures/2011.09.17.160107_View_from_cathedral_Strasbourg.jpg
Cathédrale_Notre-Dame_de_Strasbourg,25880,0,commons/Views_from_Notre-Dame_de_Strasbourg_in_2011/0/pictures/Cathedral_small_tower_-_panoramio.jpg
Cathédrale_Notre-Dame_de_Strasbourg,25880,0,"commons/Views_from_Notre-Dame_de_Strasbourg_in_2011/0/pictures/Strasburg,_France,_2011_(6345760488).jpg"
Cathédrale_Notre-Dame_de_Strasbourg,25880,0,"commons/Views_from_Notre-Dame_de_Strasbourg_in_2011/0/pictures/Strasburg,_France,_2011_(6345786906).jpg"
Cathédrale_Notre-Dame_de_Strasbourg,25880,0,"commons/Views_from_Notre-Dame_de_Strasbourg_in_2011/0/pictures/Église_Sainte-Madeleine_de_Strasbourg,_Strasbourg,_Alsace,_France_-_panoramio_(1).jpg"
Cathédrale_Notre-Dame_de_Strasbourg,25880,0,"commons/Views_from_Notre-Dame_de_Strasbourg_in_2012/0/pictures/Strasbourg_from_above,_April_2012_(1).jpg"
Cathédrale_Notre-Dame_de_Strasbourg,25880,0,commons/Views_from_Notre-Dame_de_Strasbourg_in_2013/0/pictures/IMGP3978_(9238518448).jpg
Cathédrale_Notre-Dame_de_Strasbourg,25880,0,commons/Views_from_Notre-Dame_de_Strasbourg_in_2013/0/pictures/IMGP3981_(9235721407).jpg
Cathédrale_Notre-Dame_de_Strasbourg,25880,0,commons/Views_from_Notre-Dame_de_Strasbourg_in_2013/0/pictures/IMGP3989_(9238455728).jpg
Cathédrale_Notre-Dame_de_Strasbourg,25880,0,commons/Views_from_Notre-Dame_de_Strasbourg_in_2013/0/pictures/IMGP3991_(9238443558).jpg
Cathédrale_Notre-Dame_de_Strasbourg,25880,0,commons/Views_from_Notre-Dame_de_Strasbourg_in_2013/0/pictures/IMGP4016_(9238331986).jpg
Cathédrale_Notre-Dame_de_Strasbourg,25880,0,commons/Cathédrale_Notre-Dame_de_Strasbourg_from_the_northwest/0/pictures/Cathédrale_Notre-Dame_de_Strasbourg_by_Night.jpg
Cathédrale_Notre-Dame_de_Strasbourg,25880,0,commons/Views_from_Notre-Dame_de_Strasbourg_in_2015/0/pictures/Straßburg_Blick_vom_Münster_zum_Temple_St._Paul.jpg
Cathédrale_Notre-Dame_de_Strasbourg,25880,0,commons/Views_from_Notre-Dame_de_Strasbourg_in_2015/0/pictures/View_from_Strasbourg_Cathedral_(18334845095).jpg
Cathédrale_Notre-Dame_de_Strasbourg,25880,0,commons/Cathédrale_Notre-Dame_de_Strasbourg_from_the_northwest/0/pictures/Facade_Cathedrale_Strasbourg.jpg
Cathédrale_Notre-Dame_de_Strasbourg,25880,0,commons/Views_from_Notre-Dame_de_Strasbourg_in_2015/0/pictures/View_from_Strasbourg_Cathedral_(18308416236).jpg
Cathédrale_Notre-Dame_de_Strasbourg,25880,0,commons/Cathédrale_Notre-Dame_de_Strasbourg_from_the_northwest/0/pictures/Strasbourg_(8399152070).jpg
Cathédrale_Notre-Dame_de_Strasbourg,25880,0,commons/Views_from_Notre-Dame_de_Strasbourg_in_2016/0/pictures/Strasbourg_-_2016_(29947627666).jpg
Cathédrale_Notre-Dame_de_Strasbourg,25880,0,commons/Cathédrale_Notre-Dame_de_Strasbourg_from_the_northwest/0/pictures/Strasbourg_(8398063011).jpg
Cathédrale_Notre-Dame_de_Strasbourg,25880,0,commons/Views_from_Notre-Dame_de_Strasbourg_in_2017/0/pictures/-rohan_-chateau_-strasbourg_-cathedrale_(33140045563).jpg
Cathédrale_Notre-Dame_de_Strasbourg,25880,0,commons/Cathédrale_Notre-Dame_de_Strasbourg_from_the_northwest/0/pictures/Strasbourg_Cathedral_Exterior_Night.jpg
Cathédrale_Notre-Dame_de_Strasbourg,25880,0,commons/Views_from_Notre-Dame_de_Strasbourg_in_2017/0/pictures/-strasbourg_-architecture_-cathedrale_(33570894490).jpg
Cathédrale_Notre-Dame_de_Strasbourg,25880,0,commons/Cathédrale_Notre-Dame_de_Strasbourg_from_the_southeast/0/pictures/Cathedrale_Notre_Dame_Strasboug_France.jpg
Cathédrale_Notre-Dame_de_Strasbourg,25880,0,commons/Views_from_Notre-Dame_de_Strasbourg_in_2018/0/pictures/Observatory_@_Cathédrale_Notre-Dame_de_Strasbourg_@_Strasbourg_(43763487970).jpg
Cathédrale_Notre-Dame_de_Strasbourg,25880,0,commons/Cathédrale_Notre-Dame_de_Strasbourg_from_the_southeast/0/pictures/Cathédrale_Notre_Dame_illuminée.jpg
Cathédrale_Notre-Dame_de_Strasbourg,25880,0,commons/Views_from_Notre-Dame_de_Strasbourg_in_2018/0/pictures/Observatory_@_Cathédrale_Notre-Dame_de_Strasbourg_@_Strasbourg_(44666879635).jpg
Cathédrale_Notre-Dame_de_Strasbourg,25880,0,commons/Cathédrale_Notre-Dame_de_Strasbourg_from_the_southeast/0/pictures/Cathédrale_Notre-Dame_de_Strasbourg_-_panoramio_(13).jpg
Cathédrale_Notre-Dame_de_Strasbourg,25880,0,commons/Views_from_Notre-Dame_de_Strasbourg_in_2018/0/pictures/Observatory_@_Cathédrale_Notre-Dame_de_Strasbourg_@_Strasbourg_(44856050664).jpg
Cathédrale_Notre-Dame_de_Strasbourg,25880,0,"commons/Cathédrale_Notre-Dame_de_Strasbourg_from_the_southeast/0/pictures/Cathédrale_Notre-Dame_de_Strasbourg,_south_side.jpg"
Cathédrale_Notre-Dame_de_Strasbourg,25880,0,commons/Views_from_Notre-Dame_de_Strasbourg_in_2018/0/pictures/Observatory_@_Cathédrale_Notre-Dame_de_Strasbourg_@_Strasbourg_(45580841371).jpg
Cathédrale_Notre-Dame_de_Strasbourg,25880,0,commons/Views_from_Notre-Dame_de_Strasbourg_in_2018/0/pictures/Observatory_@_Cathédrale_Notre-Dame_de_Strasbourg_@_Strasbourg_(45580842881).jpg
Cathédrale_Notre-Dame_de_Strasbourg,25880,0,commons/Cathédrale_Notre-Dame_de_Strasbourg_from_the_southeast/0/pictures/Manifestation_contre_la_réforme_territoriale_le_28-06-2014_(4).jpg
Cathédrale_Notre-Dame_de_Strasbourg,25880,0,commons/Views_from_Notre-Dame_de_Strasbourg_in_2018/0/pictures/Place_du_Château_@_Observatory_@_Cathédrale_Notre-Dame_de_Strasbourg_@_Strasbourg_(45580881371).jpg
Cathédrale_Notre-Dame_de_Strasbourg,25880,0,commons/Cathédrale_Notre-Dame_de_Strasbourg_from_the_southeast/0/pictures/Das_Liebfrauenmünster_zu_Straßburg_gehört_zu_den_bedeutendsten_Kathedralen_der_europäischen_Architekturgeschichte_sowie_zu_den_größten_Sandsteinbauten_der_Welt._-_panoramio.jpg
Cathédrale_Notre-Dame_de_Strasbourg,25880,0,commons/Views_from_Notre-Dame_de_Strasbourg_in_2019/0/pictures/Strasbourg_2019_KOB_01.jpg
Cathédrale_Notre-Dame_de_Strasbourg,25880,0,commons/Cathédrale_Notre-Dame_de_Strasbourg_from_the_southeast/0/pictures/May_France_Cite_Strasbourg_Ville_d'Alsace_-_Alsace_magic_Elsaß_Photography_2014_La_Terreur_-_Gouvernement_clerical_-_panoramio.jpg
Cathédrale_Notre-Dame_de_Strasbourg,25880,0,commons/Views_from_Notre-Dame_de_Strasbourg_in_2019/0/pictures/Strasbourg_2019_KOB_03.jpg
Cathédrale_Notre-Dame_de_Strasbourg,25880,0,commons/Cathédrale_Notre-Dame_de_Strasbourg_from_the_southeast/0/pictures/Gigantissime_cathédrale_de_Strasbourg_(28978463758).jpg
Cathédrale_Notre-Dame_de_Strasbourg,25880,0,commons/Views_from_Notre-Dame_de_Strasbourg_in_2020/0/pictures/Palais_Rohan_Jan_2020.jpg
Cathédrale_Notre-Dame_de_Strasbourg,25880,0,commons/Views_from_Notre-Dame_de_Strasbourg_in_2019/0/pictures/Strasbourg_2019_KOB_02.jpg
Cathédrale_Notre-Dame_de_Strasbourg,25880,0,commons/Views_from_Notre-Dame_de_Strasbourg_in_2019/0/pictures/Strasbourg_2019_KOB_05.jpg
Cathédrale_Notre-Dame_de_Strasbourg,25880,0,commons/Cathédrale_Notre-Dame_de_Strasbourg_from_the_southeast/0/pictures/Schlossplatz_Straßburg_mit_Blick_aufs_Münster_-_panoramio.jpg
Cathédrale_Notre-Dame_de_Strasbourg,25880,0,commons/Views_from_Notre-Dame_de_Strasbourg_in_2022/0/pictures/Strasbourg_Cathedral_in_July_2022_02.jpg
Cathédrale_Notre-Dame_de_Strasbourg,25880,0,commons/Cathédrale_Notre-Dame_de_Strasbourg_from_the_southeast/0/pictures/South_side_of_Notre-Dame_de_Strasbourg.jpg
Cathédrale_Notre-Dame_de_Strasbourg,25880,0,commons/Views_from_Notre-Dame_de_Strasbourg_in_2022/0/pictures/Strasbourg_Cathedral_in_July_2022_03.jpg
Cathédrale_Notre-Dame_de_Strasbourg,25880,0,commons/Cathédrale_Notre-Dame_de_Strasbourg_from_the_southeast/0/pictures/Strasbourg_place_du_Château_la_Cathédrale_octobre_2013_02.jpg
Cathédrale_Notre-Dame_de_Strasbourg,25880,0,commons/Views_from_Notre-Dame_de_Strasbourg_in_2022/0/pictures/Strasbourg_Cathedral_in_July_2022_05.jpg
Cathédrale_Notre-Dame_de_Strasbourg,25880,0,commons/Cathédrale_Notre-Dame_de_Strasbourg_from_the_southeast/0/pictures/Straßburg_(DerHexer)_2010-12-20_051.jpg
Cathédrale_Notre-Dame_de_Strasbourg,25880,0,commons/Views_from_Notre-Dame_de_Strasbourg_in_2022/0/pictures/Strasbourg_Cathedral_in_July_2022_08.jpg
Cathédrale_Notre-Dame_de_Strasbourg,25880,0,commons/Cathédrale_Notre-Dame_de_Strasbourg_from_the_southeast/0/pictures/StrasbourgCath_03.jpg
Cathédrale_Notre-Dame_de_Strasbourg,25880,0,commons/Views_from_Notre-Dame_de_Strasbourg_in_2022/0/pictures/Strasbourg_Cathedral_in_July_2022_15.jpg
Cathédrale_Notre-Dame_de_Strasbourg,25880,0,commons/Views_from_Notre-Dame_de_Strasbourg_in_2022/0/pictures/Une_vue_de_Strasbourg_depuis_la_plateforme_de_la_cathédrale_03.jpg
Cathédrale_Notre-Dame_de_Strasbourg,25880,0,commons/Cathédrale_Notre-Dame_de_Strasbourg_from_the_southeast/0/pictures/Straßburger_Muenster_2.jpg
Cathédrale_Notre-Dame_de_Strasbourg,25880,0,commons/Views_from_Notre-Dame_de_Strasbourg_in_2022/0/pictures/Strasbourg_Cathedral_in_July_2022_16.jpg
Cathédrale_Notre-Dame_de_Strasbourg,25880,0,commons/Cathédrale_Notre-Dame_de_Strasbourg_from_the_southwest/0/pictures/Cathédrale_Notre-Dame_de_Strasbourg_@_Strasbourg_(45619621701).jpg
Cathédrale_Notre-Dame_de_Strasbourg,25880,0,commons/West_facade_of_Notre-Dame_de_Strasbourg/0/pictures/14-02-07-straszburg-RalfR-05.jpg
Cathédrale_Notre-Dame_de_Strasbourg,25880,0,commons/Cathédrale_Notre-Dame_de_Strasbourg_from_the_southwest/0/pictures/Façade_de_Notre-Dame_de_Strasbourg.jpg
Cathédrale_Notre-Dame_de_Strasbourg,25880,0,commons/West_facade_of_Notre-Dame_de_Strasbourg/0/pictures/16_Place_de_la_Chathédrale_Strasbourg_20200124_005.jpg
Cathédrale_Notre-Dame_de_Strasbourg,25880,0,commons/Cathédrale_Notre-Dame_de_Strasbourg_from_the_southwest/0/pictures/May_France_Cite_Strasbourg_Ville_d'Alsace_-_Alsace_magic_Elsaß_Photography_2014_La_Terreur_-_Gouvernement_clerical_-_panoramio_(2).jpg
Cathédrale_Notre-Dame_de_Strasbourg,25880,0,commons/West_facade_of_Notre-Dame_de_Strasbourg/0/pictures/14-02-07-Cathédrale_Notre-Dame_de_Strasbourg-RalfR-01.jpg
Cathédrale_Notre-Dame_de_Strasbourg,25880,0,commons/Cathédrale_Notre-Dame_de_Strasbourg_from_the_southwest/0/pictures/May_France_Cite_Strasbourg_Ville_d'Alsace_-_Alsace_magic_Elsaß_Photography_2014_La_Terreur_-_Gouvernement_clerical_-_panoramio_(3).jpg
Cathédrale_Notre-Dame_de_Strasbourg,25880,0,commons/West_facade_of_Notre-Dame_de_Strasbourg/0/pictures/2010_06_24_canaltrip_strasbourg_317_(22631969077).jpg
Cathédrale_Notre-Dame_de_Strasbourg,25880,0,commons/Cathédrale_Notre-Dame_de_Strasbourg_from_the_southwest/0/pictures/Perspective_de_la_cathédrale_de_Strasbourg.JPG
Cathédrale_Notre-Dame_de_Strasbourg,25880,0,commons/West_facade_of_Notre-Dame_de_Strasbourg/0/pictures/2010_06_24_canaltrip_strasbourg_220_(22427547774).jpg
Cathédrale_Notre-Dame_de_Strasbourg,25880,0,commons/Cathédrale_Notre-Dame_de_Strasbourg_from_the_southwest/0/pictures/Strasbourg_Cathedral_2014-09-10.jpg
Cathédrale_Notre-Dame_de_Strasbourg,25880,0,commons/West_facade_of_Notre-Dame_de_Strasbourg/0/pictures/14-02-07-Cathédrale_Notre-Dame_de_Strasbourg-RalfR-02.jpg
Cathédrale_Notre-Dame_de_Strasbourg,25880,0,"commons/Cathédrale_Notre-Dame_de_Strasbourg_from_the_southwest/0/pictures/Cathédrale_de_Strasbourg,_façade.jpg"
Cathédrale_Notre-Dame_de_Strasbourg,25880,0,commons/West_facade_of_Notre-Dame_de_Strasbourg/0/pictures/20111121-110536_La_Maison_Kammerzell.jpg
Cathédrale_Notre-Dame_de_Strasbourg,25880,0,commons/West_facade_of_Notre-Dame_de_Strasbourg/0/pictures/2010_06_24_canaltrip_strasbourg_360_(23050292075).jpg
Cathédrale_Notre-Dame_de_Strasbourg,25880,0,commons/Cathédrale_Notre-Dame_de_Strasbourg_from_the_southwest/0/pictures/Strasbourg_Noel_2021_6941_Nik_DxO_GF.jpg
Cathédrale_Notre-Dame_de_Strasbourg,25880,0,commons/West_facade_of_Notre-Dame_de_Strasbourg/0/pictures/2010_06_24_canaltrip_strasbourg_361_(22631965547).jpg
Cathédrale_Notre-Dame_de_Strasbourg,25880,0,commons/Cathédrale_Notre-Dame_de_Strasbourg_from_the_southwest/0/pictures/Strasbourg_Cathedral_2018.jpg
Cathédrale_Notre-Dame_de_Strasbourg,25880,0,commons/West_facade_of_Notre-Dame_de_Strasbourg/0/pictures/2010_06_24_canaltrip_strasbourg_364_(23050289845).jpg
Cathédrale_Notre-Dame_de_Strasbourg,25880,0,commons/Cathédrale_Notre-Dame_de_Strasbourg_from_the_southwest/0/pictures/Strasbourg_Münster.jpg
Cathédrale_Notre-Dame_de_Strasbourg,25880,0,commons/West_facade_of_Notre-Dame_de_Strasbourg/0/pictures/Catedral_de_Estrasburgo.jpg
Cathédrale_Notre-Dame_de_Strasbourg,25880,0,"commons/Cathédrale_Notre-Dame_de_Strasbourg_from_the_southwest/0/pictures/Petits_chalets,_grande_cathédrale_(32694529014).jpg"
Cathédrale_Notre-Dame_de_Strasbourg,25880,0,commons/West_facade_of_Notre-Dame_de_Strasbourg/0/pictures/Bastille_Day_2022_celebration_in_Strasbourg_04.jpg
Cathédrale_Notre-Dame_de_Strasbourg,25880,0,commons/Cathédrale_Notre-Dame_de_Strasbourg_from_the_southwest/0/pictures/Strasbourg@HFR_(3781025788).jpg
Cathédrale_Notre-Dame_de_Strasbourg,25880,0,commons/West_facade_of_Notre-Dame_de_Strasbourg/0/pictures/April_2006_Strasbourg.jpg
Cathédrale_Notre-Dame_de_Strasbourg,25880,0,commons/Cathédrale_Notre-Dame_de_Strasbourg_from_the_southwest/0/pictures/Strasbourg_cathedral_facade.jpg
Cathédrale_Notre-Dame_de_Strasbourg,25880,0,commons/West_facade_of_Notre-Dame_de_Strasbourg/0/pictures/Cathedral_@_Strasbourg_(31647244758).jpg
Cathédrale_Notre-Dame_de_Strasbourg,25880,0,commons/Cathédrale_Notre-Dame_de_Strasbourg_from_the_southwest/0/pictures/Strasbourg._The_Cathedral.jpg
Cathédrale_Notre-Dame_de_Strasbourg,25880,0,commons/West_facade_of_Notre-Dame_de_Strasbourg/0/pictures/Cathedral_behind_Kammerzell_mascaron_-_panoramio.jpg
Cathédrale_Notre-Dame_de_Strasbourg,25880,0,commons/Cathédrale_Notre-Dame_de_Strasbourg_from_the_southwest/0/pictures/StrasbourgCath_07.jpg
Cathédrale_Notre-Dame_de_Strasbourg,25880,0,commons/West_facade_of_Notre-Dame_de_Strasbourg/0/pictures/Cathedrale_Notre-Dame_de_Strasbourg.jpg
Cathédrale_Notre-Dame_de_Strasbourg,25880,0,"commons/Cathédrale_Notre-Dame_de_Strasbourg_from_the_southwest/0/pictures/Strasbourg,_September_2013_(263_365)_(9868909903).jpg"
Cathédrale_Notre-Dame_de_Strasbourg,25880,0,commons/West_facade_of_Notre-Dame_de_Strasbourg/0/pictures/Cathedrale_Notre_Dame_de_Strasbourg.JPG
Cathédrale_Notre-Dame_de_Strasbourg,25880,0,commons/Cathédrale_Notre-Dame_de_Strasbourg_from_the_southwest/0/pictures/Straßburg_Cathédrale_Notre-Dame_Front_8.JPG
Cathédrale_Notre-Dame_de_Strasbourg,25880,0,commons/West_facade_of_Notre-Dame_de_Strasbourg/0/pictures/Cathedrale_Notre_Dame_in_Strasbourg_(2519903219).jpg
Cathédrale_Notre-Dame_de_Strasbourg,25880,0,commons/Cathédrale_Notre-Dame_de_Strasbourg_from_the_southwest/0/pictures/Strassburg-Muenster-124-von_Suedwest-2017-gje.jpg
Cathédrale_Notre-Dame_de_Strasbourg,25880,0,commons/West_facade_of_Notre-Dame_de_Strasbourg/0/pictures/Cathedral_(5783035242).jpg
Cathédrale_Notre-Dame_de_Strasbourg,25880,0,commons/Cathédrale_Notre-Dame_de_Strasbourg_from_the_southwest/0/pictures/Strassburg-Muenster-126-von_Suedwest-2017-gje.jpg
Cathédrale_Notre-Dame_de_Strasbourg,25880,0,commons/West_facade_of_Notre-Dame_de_Strasbourg/0/pictures/Cathedrale_Notre_Dame_in_Strasbourg_(2520647936).jpg
Cathédrale_Notre-Dame_de_Strasbourg,25880,0,commons/West_facade_of_Notre-Dame_de_Strasbourg/0/pictures/Cathedrale_de_Strasbourg_vue_du_sud-ouest.jpg
Cathédrale_Notre-Dame_de_Strasbourg,25880,0,commons/West_facade_of_Notre-Dame_de_Strasbourg/0/pictures/Cathedrale_Strasbourg_vue_generale.jpg
Cathédrale_Notre-Dame_de_Strasbourg,25880,0,commons/West_facade_of_Notre-Dame_de_Strasbourg/0/pictures/Cathedrale_Strasbourg_de_nuit.JPG
Cathédrale_Notre-Dame_de_Strasbourg,25880,0,commons/Cathédrale_Notre-Dame_de_Strasbourg_from_the_southwest/0/pictures/Strassburg-Muenster-128-von_Suedwest-2017-gje.jpg
Cathédrale_Notre-Dame_de_Strasbourg,25880,0,"commons/West_facade_of_Notre-Dame_de_Strasbourg/0/pictures/Cathedrale_Notre_Dame,_Strasbourg._Страсбург,_Франция_-_panoramio.jpg"
Cathédrale_Notre-Dame_de_Strasbourg,25880,0,commons/West_facade_of_Notre-Dame_de_Strasbourg/0/pictures/Cathedrale_de_Strasbourg.jpg
Cathédrale_Notre-Dame_de_Strasbourg,25880,0,commons/Cathédrale_Notre-Dame_de_Strasbourg_from_the_southwest/0/pictures/Straßburger_Münster_-_panoramio_(2).jpg
Cathédrale_Notre-Dame_de_Strasbourg,25880,0,commons/West_facade_of_Notre-Dame_de_Strasbourg/0/pictures/Cathedrale-de-Strasbourg-IMG_1189.jpg
Cathédrale_Notre-Dame_de_Strasbourg,25880,0,commons/West_facade_of_Notre-Dame_de_Strasbourg/0/pictures/Cathedrale_dans_le_ciel_Notre-Dame_de_Strasbourg.jpg
Cathédrale_Notre-Dame_de_Strasbourg,25880,0,commons/West_facade_of_Notre-Dame_de_Strasbourg/0/pictures/Cathedrale_strasbourg.jpg
Cathédrale_Notre-Dame_de_Strasbourg,25880,0,commons/West_facade_of_Notre-Dame_de_Strasbourg/0/pictures/Cathedrale-de-Strasbourg-IMG_1190.jpg
Cathédrale_Notre-Dame_de_Strasbourg,25880,0,commons/West_facade_of_Notre-Dame_de_Strasbourg/0/pictures/Cathedrale-de-Strasbourg-IMG_1284.jpg
Cathédrale_Notre-Dame_de_Strasbourg,25880,0,commons/West_facade_of_Notre-Dame_de_Strasbourg/0/pictures/Cathedrale-de-Strasbourg-IMG_1191.jpg
Cathédrale_Notre-Dame_de_Strasbourg,25880,0,commons/Cathédrale_Notre-Dame_de_Strasbourg_from_the_southwest/0/pictures/Straßburg_Münster_2009-045.jpg
Cathédrale_Notre-Dame_de_Strasbourg,25880,0,commons/West_facade_of_Notre-Dame_de_Strasbourg/0/pictures/Cathedrale-de-Strasbourg-IMG_1288.jpg
Cathédrale_Notre-Dame_de_Strasbourg,25880,0,commons/Cathédrale_Notre-Dame_de_Strasbourg_in_Médiathèque_de_l'architecture_et_du_patrimoine/0/pictures/Cathédrale_Notre-Dame_-_Portail_central_de_la_façade_ouest_-_Strasbourg_-_Médiathèque_de_l'architecture_et_du_patrimoine_-_APMH00007652.jpg
Cathédrale_Notre-Dame_de_Strasbourg,25880,0,commons/West_facade_of_Notre-Dame_de_Strasbourg/0/pictures/Cathedrale-de-Strasbourg-IMG_4256.jpg
Cathédrale_Notre-Dame_de_Strasbourg,25880,0,commons/Cathédrale_Notre-Dame_de_Strasbourg_in_Médiathèque_de_l'architecture_et_du_patrimoine/0/pictures/Cathédrale_Notre-Dame_-_Portail_central_de_la_façade_ouest_-_Strasbourg_-_Médiathèque_de_l'architecture_et_du_patrimoine_-_APMH00007656.jpg
Cathédrale_Notre-Dame_de_Strasbourg,25880,0,commons/West_facade_of_Notre-Dame_de_Strasbourg/0/pictures/Cathedrale-de-Strasbourg-IMG_4260.jpg
Cathédrale_Notre-Dame_de_Strasbourg,25880,0,commons/West_facade_of_Notre-Dame_de_Strasbourg/0/pictures/Cathedrale-de-Strasbourg-IMG_4235.jpg
Cathédrale_Notre-Dame_de_Strasbourg,25880,0,commons/Cathédrale_Notre-Dame_de_Strasbourg_in_Médiathèque_de_l'architecture_et_du_patrimoine/0/pictures/Cathédrale_Notre-Dame_-_Portail_nord_de_la_façade_ouest._Statues_de_l'ébrasement_gauche_-_Les_Vices_-_Strasbourg_-_Médiathèque_de_l'architecture_et_du_patrimoine_-_APMH00007662.jpg
Cathédrale_Notre-Dame_de_Strasbourg,25880,0,commons/West_facade_of_Notre-Dame_de_Strasbourg/0/pictures/Cathedrale-de-Strasbourg-IMG_4247.jpg
Cathédrale_Notre-Dame_de_Strasbourg,25880,0,commons/West_facade_of_Notre-Dame_de_Strasbourg/0/pictures/Cathedrale-de-Strasbourg-IMG_4246.jpg
Cathédrale_Notre-Dame_de_Strasbourg,25880,0,commons/Cathédrale_Notre-Dame_de_Strasbourg_in_Médiathèque_de_l'architecture_et_du_patrimoine/0/pictures/Cathédrale_Notre-Dame_-_Portail_sud_de_la_façade_ouest._Statues_de_l'ébrasement_gauche_-_Vierges_folles_-_Strasbourg_-_Médiathèque_de_l'architecture_et_du_patrimoine_-_APMH00007654.jpg
Cathédrale_Notre-Dame_de_Strasbourg,25880,0,commons/West_facade_of_Notre-Dame_de_Strasbourg/0/pictures/Cathedrale-strasbourg.jpg
Cathédrale_Notre-Dame_de_Strasbourg,25880,0,commons/West_facade_of_Notre-Dame_de_Strasbourg/0/pictures/Cathedrale-de-strasbourg.jpg
Cathédrale_Notre-Dame_de_Strasbourg,25880,0,commons/West_facade_of_Notre-Dame_de_Strasbourg/0/pictures/Cathedrale-de-Strasbourg-IMG_4248.jpg
Cathédrale_Notre-Dame_de_Strasbourg,25880,0,commons/West_facade_of_Notre-Dame_de_Strasbourg/0/pictures/Cathedrale-de-Strasbourg-IMG_4257.jpg
Cathédrale_Notre-Dame_de_Strasbourg,25880,0,commons/West_facade_of_Notre-Dame_de_Strasbourg/0/pictures/Cathédrale_(Strasbourg)_(2).jpg
Cathédrale_Notre-Dame_de_Strasbourg,25880,0,commons/West_facade_of_Notre-Dame_de_Strasbourg/0/pictures/Cathedrale-de-Strasbourg-IMG_4258.jpg
Cathédrale_Notre-Dame_de_Strasbourg,25880,0,commons/West_facade_of_Notre-Dame_de_Strasbourg/0/pictures/Cathedrale-de-Strasbourg-IMG_4259.jpg
Cathédrale_Notre-Dame_de_Strasbourg,25880,0,commons/West_facade_of_Notre-Dame_de_Strasbourg/0/pictures/Cathédrale_(Strasbourg)_(4).jpg
Cathédrale_Notre-Dame_de_Strasbourg,25880,0,commons/West_facade_of_Notre-Dame_de_Strasbourg/0/pictures/Cathédrale_Notre_Dame_-_STRASBOURG_-_panoramio.jpg
Cathédrale_Notre-Dame_de_Strasbourg,25880,0,commons/West_facade_of_Notre-Dame_de_Strasbourg/0/pictures/Cathédrale_N.-D._Strasbourg_spectacle_2.JPG
Cathédrale_Notre-Dame_de_Strasbourg,25880,0,commons/Cathédrale_Notre-Dame_de_Strasbourg_from_the_southwest/0/pictures/Straßburger_Münster_by_fotogoocom_-_panoramio.jpg
Cathédrale_Notre-Dame_de_Strasbourg,25880,0,commons/West_facade_of_Notre-Dame_de_Strasbourg/0/pictures/Cathédrale_N.-D._Strasbourg_spectacle_4.JPG
Cathédrale_Notre-Dame_de_Strasbourg,25880,0,commons/West_facade_of_Notre-Dame_de_Strasbourg/0/pictures/Cathedrale-de-Strasbourg-IMG_4262.jpg
Cathédrale_Notre-Dame_de_Strasbourg,25880,0,commons/West_facade_of_Notre-Dame_de_Strasbourg/0/pictures/Cathédrale_N.D._Strasbourg_spectacle_3.JPG
Cathédrale_Notre-Dame_de_Strasbourg,25880,0,commons/West_facade_of_Notre-Dame_de_Strasbourg/0/pictures/Cathédrale_N.-D._Strasbourg_spectacle_5.JPG
Cathédrale_Notre-Dame_de_Strasbourg,25880,0,commons/West_facade_of_Notre-Dame_de_Strasbourg/0/pictures/Cathédrale_N.-D._Strasbourg_spectacle_1.JPG
Cathédrale_Notre-Dame_de_Strasbourg,25880,0,commons/West_facade_of_Notre-Dame_de_Strasbourg/0/pictures/Cathédrale_Notre_Dame_de_Strasbourg_2020_contrechamps.jpg
Cathédrale_Notre-Dame_de_Strasbourg,25880,0,commons/West_facade_of_Notre-Dame_de_Strasbourg/0/pictures/Cathédrale_Notre_Dame_de_Strasbourg_2020.jpg
Cathédrale_Notre-Dame_de_Strasbourg,25880,0,commons/Central_portal_of_the_western_facade_of_Notre-Dame_de_Strasbourg/0/pictures/2010_06_24_canaltrip_strasbourg_368_(23024258416).jpg
Cathédrale_Notre-Dame_de_Strasbourg,25880,0,commons/West_facade_of_Notre-Dame_de_Strasbourg/0/pictures/Cathédrale_Notre_Dame_de_Strasbourg_-_panoramio.jpg
Cathédrale_Notre-Dame_de_Strasbourg,25880,0,commons/Cathédrale_Notre-Dame_de_Strasbourg_from_the_southwest/0/pictures/Église-Strasbourg.JPG
Cathédrale_Notre-Dame_de_Strasbourg,25880,0,commons/West_facade_of_Notre-Dame_de_Strasbourg/0/pictures/Cathédrale_N.-D._Strasbourg_spectacle_6.JPG
Cathédrale_Notre-Dame_de_Strasbourg,25880,0,commons/Central_portal_of_the_western_facade_of_Notre-Dame_de_Strasbourg/0/pictures/2010_06_24_canaltrip_strasbourg_371_(23050285575).jpg
Cathédrale_Notre-Dame_de_Strasbourg,25880,0,commons/West_facade_of_Notre-Dame_de_Strasbourg/0/pictures/Cathédrale_Notre_Dame_Strasbourg_20200124_013.jpg
Cathédrale_Notre-Dame_de_Strasbourg,25880,0,commons/Central_portal_of_the_western_facade_of_Notre-Dame_de_Strasbourg/0/pictures/2018-08-26_Strasbourg_(6)_(44282471072).jpg
Cathédrale_Notre-Dame_de_Strasbourg,25880,0,commons/West_facade_of_Notre-Dame_de_Strasbourg/0/pictures/Cathédrale_Notre_dame_de_Strasbourg_01.jpg
Cathédrale_Notre-Dame_de_Strasbourg,25880,0,commons/Central_portal_of_the_western_facade_of_Notre-Dame_de_Strasbourg/0/pictures/Cathedrale-de-Strasbourg-IMG_1183.jpg
Cathédrale_Notre-Dame_de_Strasbourg,25880,0,commons/West_facade_of_Notre-Dame_de_Strasbourg/0/pictures/Cathédrale_Notre_dame_de_Strasbourg_02.jpg
Cathédrale_Notre-Dame_de_Strasbourg,25880,0,commons/Central_portal_of_the_western_facade_of_Notre-Dame_de_Strasbourg/0/pictures/2021-03-27_13-10-27_strasbourg.jpg
Cathédrale_Notre-Dame_de_Strasbourg,25880,0,commons/West_facade_of_Notre-Dame_de_Strasbourg/0/pictures/Cathédrale_Notre_dame_de_Strasbourg_03.jpg
Cathédrale_Notre-Dame_de_Strasbourg,25880,0,commons/Central_portal_of_the_western_facade_of_Notre-Dame_de_Strasbourg/0/pictures/Cathedrale-de-Strasbourg-IMG_1184.jpg
Cathédrale_Notre-Dame_de_Strasbourg,25880,0,commons/West_facade_of_Notre-Dame_de_Strasbourg/0/pictures/Cathédrale_Notre_dame_de_Strasbourg_04.jpg
Cathédrale_Notre-Dame_de_Strasbourg,25880,0,commons/Central_portal_of_the_western_facade_of_Notre-Dame_de_Strasbourg/0/pictures/Cathedrale-de-Strasbourg-IMG_1182.jpg
Cathédrale_Notre-Dame_de_Strasbourg,25880,0,commons/West_facade_of_Notre-Dame_de_Strasbourg/0/pictures/Cathédrale_Notre_dame_de_Strasbourg_05.jpg
Cathédrale_Notre-Dame_de_Strasbourg,25880,0,commons/Central_portal_of_the_western_facade_of_Notre-Dame_de_Strasbourg/0/pictures/Cathédrale_-_Strasbourg_-_2014-02-02-_P1760465.jpg
Cathédrale_Notre-Dame_de_Strasbourg,25880,0,commons/West_facade_of_Notre-Dame_de_Strasbourg/0/pictures/Cathédrale_Notre_dame_de_Strasbourg_07.jpg
Cathédrale_Notre-Dame_de_Strasbourg,25880,0,commons/Central_portal_of_the_western_facade_of_Notre-Dame_de_Strasbourg/0/pictures/Cathédrale_-_Strasbourg_-_2014-02-02-_P1760467.jpg
Cathédrale_Notre-Dame_de_Strasbourg,25880,0,commons/West_facade_of_Notre-Dame_de_Strasbourg/0/pictures/Cathédrale_Notre-Dame_(fragment_de_la_façade).jpg
Cathédrale_Notre-Dame_de_Strasbourg,25880,0,commons/West_facade_of_Notre-Dame_de_Strasbourg/0/pictures/Cathédrale_Notre-Dame_-_extérieur_-_façade_(Strasbourg).jpg
Cathédrale_Notre-Dame_de_Strasbourg,25880,0,commons/Central_portal_of_the_western_facade_of_Notre-Dame_de_Strasbourg/0/pictures/Cathédrale_Notre_Dame_Strasbourg_20200124_023.jpg
Cathédrale_Notre-Dame_de_Strasbourg,25880,0,commons/West_facade_of_Notre-Dame_de_Strasbourg/0/pictures/Cathédrale_Notre-Dame_de_Strasbourg_(la_façade).jpg
Cathédrale_Notre-Dame_de_Strasbourg,25880,0,commons/Central_portal_of_the_western_facade_of_Notre-Dame_de_Strasbourg/0/pictures/Cathédrale_Notre-Dame_de_Strasbourg_-_Cathedral_of_Our_Lady_of_Strasbourg_-_كاتدرائية_ستراسبورغ_-_Liebfrauenmünster_zu_Straßburg_photo10.jpg
Cathédrale_Notre-Dame_de_Strasbourg,25880,0,commons/West_facade_of_Notre-Dame_de_Strasbourg/0/pictures/Cathédrale_Notre-Dame_de_Strasbourg_-_Cathedral_of_Our_Lady_of_Strasbourg_-_كاتدرائية_ستراسبورغ_-_Liebfrauenmünster_zu_Straßburg_photo14.jpg
Cathédrale_Notre-Dame_de_Strasbourg,25880,0,commons/Central_portal_of_the_western_facade_of_Notre-Dame_de_Strasbourg/0/pictures/Cathédrale_Notre-Dame_de_Strasbourg_-_Cathedral_of_Our_Lady_of_Strasbourg_-_كاتدرائية_ستراسبورغ_-_Liebfrauenmünster_zu_Straßburg_photo16.jpg
Cathédrale_Notre-Dame_de_Strasbourg,25880,0,commons/West_facade_of_Notre-Dame_de_Strasbourg/0/pictures/Cathédrale_Notre-Dame_de_Strasbourg_-_Cathedral_of_Our_Lady_of_Strasbourg_-_كاتدرائية_ستراسبورغ_-_Liebfrauenmünster_zu_Straßburg_photo22.jpg
Cathédrale_Notre-Dame_de_Strasbourg,25880,0,commons/Central_portal_of_the_western_facade_of_Notre-Dame_de_Strasbourg/0/pictures/Cathédrale_Notre-Dame_de_Strasbourg_@_Strasbourg_(31746762838).jpg
Cathédrale_Notre-Dame_de_Strasbourg,25880,0,commons/West_facade_of_Notre-Dame_de_Strasbourg/0/pictures/Cathédrale_Notre-Dame_de_Strasbourg_-_Cathedral_of_Our_Lady_of_Strasbourg_-_كاتدرائية_ستراسبورغ_-_Liebfrauenmünster_zu_Straßburg_photo23.jpg
Cathédrale_Notre-Dame_de_Strasbourg,25880,0,commons/Central_portal_of_the_western_facade_of_Notre-Dame_de_Strasbourg/0/pictures/Cathédrale_Notre-Dame_de_Strasbourg_-_Cathedral_of_Our_Lady_of_Strasbourg_-_كاتدرائية_ستراسبورغ_-_Liebfrauenmünster_zu_Straßburg_photo17.jpg
Cathédrale_Notre-Dame_de_Strasbourg,25880,0,commons/West_facade_of_Notre-Dame_de_Strasbourg/0/pictures/Cathédrale_Notre-Dame_de_Strasbourg_-_France.jpg
Cathédrale_Notre-Dame_de_Strasbourg,25880,0,commons/Central_portal_of_the_western_facade_of_Notre-Dame_de_Strasbourg/0/pictures/Cathédrale_Notre-Dame_de_Strasbourg_@_Strasbourg_(44705494015).jpg
Cathédrale_Notre-Dame_de_Strasbourg,25880,0,commons/West_facade_of_Notre-Dame_de_Strasbourg/0/pictures/Cathédrale_Notre-Dame_de_Strasbourg_@_Strasbourg_(31747370188).jpg
Cathédrale_Notre-Dame_de_Strasbourg,25880,0,commons/Central_portal_of_the_western_facade_of_Notre-Dame_de_Strasbourg/0/pictures/Cathédrale_Notre-Dame_de_Strasbourg_@_Strasbourg_(44705503385).jpg
Cathédrale_Notre-Dame_de_Strasbourg,25880,0,commons/West_facade_of_Notre-Dame_de_Strasbourg/0/pictures/Cathédrale_Notre-Dame_de_Strasbourg_@_Strasbourg_(43763421780).jpg
Cathédrale_Notre-Dame_de_Strasbourg,25880,0,commons/Central_portal_of_the_western_facade_of_Notre-Dame_de_Strasbourg/0/pictures/Cathédrale_Notre-Dame_de_Strasbourg_@_Strasbourg_(44705505925).jpg
Cathédrale_Notre-Dame_de_Strasbourg,25880,0,commons/West_facade_of_Notre-Dame_de_Strasbourg/0/pictures/Cathédrale_Notre-Dame_de_Strasbourg_@_Strasbourg_(45530257612).jpg
Cathédrale_Notre-Dame_de_Strasbourg,25880,0,commons/Central_portal_of_the_western_facade_of_Notre-Dame_de_Strasbourg/0/pictures/Cathédrale_Notre-Dame_de_Strasbourg_@_Strasbourg_(44705516385).jpg
Cathédrale_Notre-Dame_de_Strasbourg,25880,0,commons/West_facade_of_Notre-Dame_de_Strasbourg/0/pictures/Cathédrale_Notre-Dame_de_Strasbourg_01.JPG
Cathédrale_Notre-Dame_de_Strasbourg,25880,0,commons/Central_portal_of_the_western_facade_of_Notre-Dame_de_Strasbourg/0/pictures/Cathédrale_Notre-Dame_de_Strasbourg_@_Strasbourg_(45568495752).jpg
Cathédrale_Notre-Dame_de_Strasbourg,25880,0,commons/West_facade_of_Notre-Dame_de_Strasbourg/0/pictures/Cathédrale_Notre-Dame_de_Strasbourg_@_Strasbourg_(45569056632).jpg
Cathédrale_Notre-Dame_de_Strasbourg,25880,0,commons/Central_portal_of_the_western_facade_of_Notre-Dame_de_Strasbourg/0/pictures/Cathédrale_Notre-Dame_de_Strasbourg_@_Strasbourg_(44705518935).jpg
Cathédrale_Notre-Dame_de_Strasbourg,25880,0,commons/West_facade_of_Notre-Dame_de_Strasbourg/0/pictures/Cathédrale_Notre-Dame_de_Strasbourg_02.JPG
Cathédrale_Notre-Dame_de_Strasbourg,25880,0,commons/Central_portal_of_the_western_facade_of_Notre-Dame_de_Strasbourg/0/pictures/Cathédrale_strasbourg_02.jpg
Cathédrale_Notre-Dame_de_Strasbourg,25880,0,commons/West_facade_of_Notre-Dame_de_Strasbourg/0/pictures/Cathédrale_Notre-Dame_façade_principale_Strasbourg_15.jpg
Cathédrale_Notre-Dame_de_Strasbourg,25880,0,commons/West_facade_of_Notre-Dame_de_Strasbourg/0/pictures/Cathédrale_Notre-Dame_façade_principale_Strasbourg_16.jpg
Cathédrale_Notre-Dame_de_Strasbourg,25880,0,commons/West_facade_of_Notre-Dame_de_Strasbourg/0/pictures/Cathédrale_Notre-Dame_façade_principale_Strasbourg_17.jpg
Cathédrale_Notre-Dame_de_Strasbourg,25880,0,commons/Central_portal_of_the_western_facade_of_Notre-Dame_de_Strasbourg/0/pictures/Central_portal_of_the_western_facade_of_Notre-Dame_de_Strasbourg_Detail.jpg
Cathédrale_Notre-Dame_de_Strasbourg,25880,0,commons/West_facade_of_Notre-Dame_de_Strasbourg/0/pictures/Cathédrale_Notre-Dame_façade_principale_Strasbourg_2.jpg
Cathédrale_Notre-Dame_de_Strasbourg,25880,0,commons/West_facade_of_Notre-Dame_de_Strasbourg/0/pictures/Cathédrale_Notre-Dame_façade_principale_Strasbourg_4.jpg
Cathédrale_Notre-Dame_de_Strasbourg,25880,0,commons/West_facade_of_Notre-Dame_de_Strasbourg/0/pictures/Cathédrale_Notre-Dame_façade_principale_Strasbourg_9.jpg
Cathédrale_Notre-Dame_de_Strasbourg,25880,0,commons/Central_portal_of_the_western_facade_of_Notre-Dame_de_Strasbourg/0/pictures/Central_portal_of_West_façade_of_Notre-Dame_de_Strasbourg.jpg
Cathédrale_Notre-Dame_de_Strasbourg,25880,0,commons/West_facade_of_Notre-Dame_de_Strasbourg/0/pictures/Cathédrale_Notre-Dame_façade_principale_Strasbourg_13.jpg
Cathédrale_Notre-Dame_de_Strasbourg,25880,0,commons/Central_portal_of_the_western_facade_of_Notre-Dame_de_Strasbourg/0/pictures/Exterior_of_Notre-Dame_de_Strasbourg_02.JPG
Cathédrale_Notre-Dame_de_Strasbourg,25880,0,commons/West_facade_of_Notre-Dame_de_Strasbourg/0/pictures/Cathédrale_de_Strasbourg_2020.jpg
Cathédrale_Notre-Dame_de_Strasbourg,25880,0,commons/West_facade_of_Notre-Dame_de_Strasbourg/0/pictures/Strasbourg_-_panoramio_(53).jpg
Cathédrale_Notre-Dame_de_Strasbourg,25880,1,commons/West_facade_of_Notre-Dame_de_Strasbourg/0/pictures/Cathédrale_Notre-Dame_de_nuit.jpg
Cathédrale_Notre-Dame_de_Strasbourg,25880,1,commons/West_facade_of_Notre-Dame_de_Strasbourg/0/pictures/Cathédrale_N.-D._Strasbourg_spectacle_4.JPG
Cathédrale_Notre-Dame_de_Strasbourg,25880,1,commons/West_facade_of_Notre-Dame_de_Strasbourg/0/pictures/Cathédrale_N.-D._Strasbourg_spectacle_2.JPG
Cathédrale_Notre-Dame_de_Strasbourg,25880,1,commons/Transept_of_Notre-Dame_de_Strasbourg_(Interior)/0/pictures/Strasbourg_Cathedral_(18224664568).jpg
Cathédrale_Notre-Dame_de_Strasbourg,25880,1,commons/Transept_of_Notre-Dame_de_Strasbourg_(Interior)/0/pictures/14-02-07-Cathédrale_Notre-Dame_de_Strasbourg-RalfR-10.jpg
Cathédrale_Notre-Dame_de_Strasbourg,25880,1,commons/Strasbourg_Cathedral_organ/0/pictures/Straßburg_Cathédrale_Notre-Dame_Innen_Orgel_3.jpg
Cathédrale_Notre-Dame_de_Strasbourg,25880,1,commons/Strasbourg_Cathedral_organ/0/pictures/Straßburg_(46850337764).jpg
Cathédrale_Notre-Dame_de_Strasbourg,25880,1,commons/Strasbourg_Cathedral_organ/0/pictures/Strasbourg_cathedrale_orgue_(5891507852).jpg
Cathédrale_Notre-Dame_de_Strasbourg,25880,1,commons/Strasbourg_Cathedral_organ/0/pictures/Strasbourg_Cathedral_organ_(1).JPG
Cathédrale_Notre-Dame_de_Strasbourg,25880,1,commons/Strasbourg_Cathedral_organ/0/pictures/Strasbourg_Cathedral_pipe_organ_from_below.jpg
Cathédrale_Notre-Dame_de_Strasbourg,25880,1,commons/Strasbourg_Cathedral_organ/0/pictures/Strasbourg_Cathedral_(52298052693).jpg
Cathédrale_Notre-Dame_de_Strasbourg,25880,1,commons/Strasbourg_Cathedral_organ/0/pictures/Strasbourg_07_HDR_(5479874098).jpg
Cathédrale_Notre-Dame_de_Strasbourg,25880,1,"commons/Strasbourg_Cathedral_organ/0/pictures/Strasbourg_-_Notre-Dame_de_Strasbourg_-_Southern_side_nave_-_Cathedral_Organ_in_the_central_nave,_stained_glass_windows.jpg"
Cathédrale_Notre-Dame_de_Strasbourg,25880,1,"commons/Strasbourg_Cathedral_organ/0/pictures/Strasbourg_-_Notre-Dame_de_Strasbourg_-_Narthex_-_Panorama_View_on_Cathedral_Organ,_Nave_&_Choir_03.jpg"
Cathédrale_Notre-Dame_de_Strasbourg,25880,1,commons/Strasbourg_Cathedral_organ/0/pictures/Strasbourg_(Bas-Rhin)_-_Cathédrale_Notre-Dame_-_Grand_orgue.jpg
Cathédrale_Notre-Dame_de_Strasbourg,25880,1,commons/Strasbourg_Cathedral_organ/0/pictures/Strasbourg_-_Notre-Dame_de_Strasbourg_-_Choir_-_Leica_Zoom_lens_panorama_of_the_Rose_Window_&_Cathedral_Organ_04.jpg
Cathédrale_Notre-Dame_de_Strasbourg,25880,1,commons/Strasbourg_Cathedral_organ/0/pictures/Strasbourg_-_Notre-Dame_de_Strasbourg_-_Choir_-_Leica_Zoom_lens_panorama_of_the_Rose_Window_&_Cathedral_Organ_03.jpg
Cathédrale_Notre-Dame_de_Strasbourg,25880,1,commons/Strasbourg_Cathedral_organ/0/pictures/Strasbourg_(Bas-Rhin)_-_Cathédrale_Notre-Dame_-_Grand_orgue_-_52176117738.jpg
Cathédrale_Notre-Dame_de_Strasbourg,25880,1,commons/Strasbourg_Cathedral_organ/0/pictures/Strasbourg_-_Notre-Dame_de_Strasbourg_-_Choir_-_Leica_Zoom_lens_panorama_of_the_Rose_Window_&_Cathedral_Organ_01.jpg
Cathédrale_Notre-Dame_de_Strasbourg,25880,1,commons/Strasbourg_Cathedral_organ/0/pictures/Strasbourg_-_Notre-Dame_de_Strasbourg_-_Choir_-_Leica_Zoom_lens_panorama_of_the_Rose_Window_&_Cathedral_Organ_02.jpg
Cathédrale_Notre-Dame_de_Strasbourg,25880,1,"commons/Strasbourg_Cathedral_organ/0/pictures/Pipe_organ,_Strasbourg_Minster.jpg"
Cathédrale_Notre-Dame_de_Strasbourg,25880,1,commons/Strasbourg_Cathedral_organ/0/pictures/Strasbourg_(38965553574).jpg
Cathédrale_Notre-Dame_de_Strasbourg,25880,1,commons/Strasbourg_Cathedral_organ/0/pictures/Orgue_et_voûtes_de_la_cathédrale_de_Strasbourg.jpg
Cathédrale_Notre-Dame_de_Strasbourg,25880,1,commons/Strasbourg_Cathedral_organ/0/pictures/Orgue_-_Cathedrale_de_Strasbourg.jpg
Cathédrale_Notre-Dame_de_Strasbourg,25880,1,commons/Strasbourg_Cathedral_organ/0/pictures/Nef_de_Notre-Dame-de-Strasbourg.jpg
Cathédrale_Notre-Dame_de_Strasbourg,25880,1,commons/Strasbourg_Cathedral_organ/0/pictures/Nave_organ_and_stained_glass_windows_of_Strasbourg_Cathedral_-_2.jpg
Cathédrale_Notre-Dame_de_Strasbourg,25880,1,commons/Strasbourg_Cathedral_organ/0/pictures/Cathédrale_Notre-Dame_de_Strasbourg_@_Strasbourg_(43752051040).jpg
Cathédrale_Notre-Dame_de_Strasbourg,25880,1,commons/Strasbourg_Cathedral_organ/0/pictures/Cathédrale_Notre_Dame_Strasbourg_20200124_030.jpg
Cathédrale_Notre-Dame_de_Strasbourg,25880,1,commons/Strasbourg_Cathedral_organ/0/pictures/Cathédrale_Notre-Dame_(5937710905).jpg
Cathédrale_Notre-Dame_de_Strasbourg,25880,1,commons/Strasbourg_Cathedral_choir_organ/0/pictures/StrasbourgCath_CroisN_13.JPG
Cathédrale_Notre-Dame_de_Strasbourg,25880,1,commons/Strasbourg_Cathedral_choir_organ/0/pictures/Chœur_de_la_cathédrale_de_Strasbourg.jpg
Cathédrale_Notre-Dame_de_Strasbourg,25880,1,commons/Strasbourg_Cathedral_choir_organ/0/pictures/Cathédrale_Notre-Dame_de_Strasbourg_@_Strasbourg_(45569510041).jpg
Cathédrale_Notre-Dame_de_Strasbourg,25880,1,commons/Strasbourg_Cathedral_Light_Show/0/pictures/Strasbourg_Cathedral_Light_show.jpg
Cathédrale_Notre-Dame_de_Strasbourg,25880,1,commons/Strasbourg_Cathedral_Light_Show/0/pictures/Cathédrale_N.D._Strasbourg_spectacle_3.JPG
Cathédrale_Notre-Dame_de_Strasbourg,25880,1,commons/Strasbourg_Cathedral_Light_Show/0/pictures/Cathédrale_N.-D._Strasbourg_spectacle_4.JPG
Cathédrale_Notre-Dame_de_Strasbourg,25880,1,commons/Strasbourg_Cathedral_Light_Show/0/pictures/Cathédrale_N.-D._Strasbourg_spectacle_6.JPG
Cathédrale_Notre-Dame_de_Strasbourg,25880,1,commons/Strasbourg_Cathedral_Light_Show/0/pictures/Cathédrale_N.-D._Strasbourg_spectacle_2.JPG
Cathédrale_Notre-Dame_de_Strasbourg,25880,1,commons/Strasbourg_Cathedral_Light_Show/0/pictures/Cathedrale_Strasbourg.JPG
Cathédrale_Notre-Dame_de_Strasbourg,25880,1,commons/Statues_of_Notre-Dame_de_Strasbourg_(Inside)/0/pictures/StrasbourgCathOrgue_20.JPG
Cathédrale_Notre-Dame_de_Strasbourg,25880,1,commons/Statues_of_Notre-Dame_de_Strasbourg_(Inside)/0/pictures/Strasbourg_-_Notre-Dame_de_Strasbourg_-_Southern_side_nave_-_Line-up_of_saint's_statues_and_a_depiction_of_the_Crucifixion_of_Christ_on_Golgotha_(Calvary)_with_Chapelle_Sainte-Catherine_in_the_back_01.jpg
Cathédrale_Notre-Dame_de_Strasbourg,25880,1,commons/Statues_of_Notre-Dame_de_Strasbourg_(Inside)/0/pictures/Strasbourg_-_Notre-Dame_de_Strasbourg_-_Nave_-_Pulpit_1485_by_Hans_Hammer_08.jpg
Cathédrale_Notre-Dame_de_Strasbourg,25880,1,commons/Stained_glass_windows_of_Notre-Dame_de_Strasbourg/0/pictures/Strasbourg_-_Notre-Dame_de_Strasbourg_-_Narthex_-_Zoom_lens_panorama_of_the_Choir_01.jpg
Cathédrale_Notre-Dame_de_Strasbourg,25880,1,commons/Stained_glass_windows_of_Notre-Dame_de_Strasbourg/0/pictures/Strasbourg_-_Notre-Dame_de_Strasbourg_-_Narthex_-_Zoom_lens_panorama_of_the_Choir_03.jpg
Cathédrale_Notre-Dame_de_Strasbourg,25880,1,commons/Nave_of_Notre-Dame_de_Strasbourg/0/pictures/Church_service_inside_Strasbourg_Cathedral.jpg
Cathédrale_Notre-Dame_de_Strasbourg,25880,1,commons/Choir_(architecture)_of_Notre-Dame_de_Strasbourg/0/pictures/Strasbourg_Cathedral_Interior.jpg
Cathédrale_Notre-Dame_de_Strasbourg,25880,1,commons/Stained_glass_windows_(Nave_of_Notre-Dame_de_Strasbourg)/0/pictures/StrasbourgCath_CrOgives_01.jpg
Cathédrale_Notre-Dame_de_Strasbourg,25880,1,commons/Nave_of_Notre-Dame_de_Strasbourg/0/pictures/Cathédrale_Notre-Dame_de_Strasbourg_@_Strasbourg_(45519134632).jpg
Cathédrale_Notre-Dame_de_Strasbourg,25880,1,commons/Choir_(architecture)_of_Notre-Dame_de_Strasbourg/0/pictures/Strasbourg_-_Notre-Dame_de_Strasbourg_-_Narthex_-_Zoom_lens_panorama_of_the_Choir_01.jpg
Cathédrale_Notre-Dame_de_Strasbourg,25880,1,commons/Nave_of_Notre-Dame_de_Strasbourg/0/pictures/Cathédrale_Notre-Dame_de_Strasbourg_@_Strasbourg_(45519133422).jpg
Cathédrale_Notre-Dame_de_Strasbourg,25880,1,commons/Nave_of_Notre-Dame_de_Strasbourg/0/pictures/Cathédrale_Notre-Dame_de_Strasbourg_@_Strasbourg_(45519122282).jpg
Cathédrale_Notre-Dame_de_Strasbourg,25880,1,commons/Choir_(architecture)_of_Notre-Dame_de_Strasbourg/0/pictures/Strasbourg_-_Notre-Dame_de_Strasbourg_-_Narthex_-_Zoom_lens_panorama_of_the_Choir_04.jpg
Cathédrale_Notre-Dame_de_Strasbourg,25880,1,commons/Nave_of_Notre-Dame_de_Strasbourg/0/pictures/Cathédrale_Notre-Dame_de_Strasbourg_@_Strasbourg_(43752051040).jpg
Cathédrale_Notre-Dame_de_Strasbourg,25880,1,"commons/Choir_(architecture)_of_Notre-Dame_de_Strasbourg/0/pictures/Strasbourg_-_Notre-Dame_de_Strasbourg_-_Narthex_-_Panorama_View_on_Cathedral_Organ,_Nave_&_Choir_04.jpg"
Cathédrale_Notre-Dame_de_Strasbourg,25880,1,commons/Choir_(architecture)_of_Notre-Dame_de_Strasbourg/0/pictures/Strasbourg_-_Notre-Dame_de_Strasbourg_-_Choir_-_Coronation_of_Mary_07.jpg
Cathédrale_Notre-Dame_de_Strasbourg,25880,1,commons/Choir_(architecture)_of_Notre-Dame_de_Strasbourg/0/pictures/Strasbourg_-_Notre-Dame_de_Strasbourg_-_Choir_-_Le_vitrail_de_l’Europe_(The_Europe_Stained_Glass_Window)_1956_by_Max_Ingrand_(1908-1969).jpg
Cathédrale_Notre-Dame_de_Strasbourg,25880,1,commons/Nave_of_Notre-Dame_de_Strasbourg/0/pictures/Cathédrale_Notre-Dame_de_Strasbourg_@_Strasbourg_(31697027678).jpg
Cathédrale_Notre-Dame_de_Strasbourg,25880,1,commons/Choir_(architecture)_of_Notre-Dame_de_Strasbourg/0/pictures/Strasbourg_-_Notre-Dame_de_Strasbourg_-_Choir_-_Coronation_of_Mary_02.jpg
Cathédrale_Notre-Dame_de_Strasbourg,25880,1,commons/Stained_glass_windows_of_Notre-Dame_de_Strasbourg/0/pictures/Strasbourg_-_Notre-Dame_de_Strasbourg_-_Narthex_-_Zoom_lens_panorama_of_the_Choir_04.jpg
Cathédrale_Notre-Dame_de_Strasbourg,25880,1,commons/Choir_(architecture)_of_Notre-Dame_de_Strasbourg/0/pictures/Strasbourg_(Bas-Rhin)_-_Cathédrale_Notre-Dame_-Voûtes_de_la_nef_et_du_dôme.jpg
Cathédrale_Notre-Dame_de_Strasbourg,25880,1,commons/Rose_window_of_Notre-Dame_de_Strasbourg_(interior_view)/0/pictures/Rosace_de_la_cathédrale_de_Strasbourg.jpg
Cathédrale_Notre-Dame_de_Strasbourg,25880,1,commons/Rose_window_of_Notre-Dame_de_Strasbourg_(interior_view)/0/pictures/Strasbourg_Cathedral_inside.jpg
Cathédrale_Notre-Dame_de_Strasbourg,25880,1,commons/Nave_of_Notre-Dame_de_Strasbourg/0/pictures/2021-03-27_13-26-24_strasbourg.jpg
Cathédrale_Notre-Dame_de_Strasbourg,25880,1,commons/Choir_(architecture)_of_Notre-Dame_de_Strasbourg/0/pictures/Le_dôme_du_choeur_de_la_cathédrale_de_Strasbourg.jpg
Cathédrale_Notre-Dame_de_Strasbourg,25880,1,commons/Stained_glass_windows_(Nave_of_Notre-Dame_de_Strasbourg)/0/pictures/Strasbourg_-_Notre-Dame_de_Strasbourg_-_Southern_side_nave_-_Gothic_stained_glass_windows_on_the_north_side_of_the_central_nave_01.jpg
Cathédrale_Notre-Dame_de_Strasbourg,25880,1,commons/Nave_of_Notre-Dame_de_Strasbourg/0/pictures/2018-08-24_Strasbourg_(15)_(43425031135).jpg
Cathédrale_Notre-Dame_de_Strasbourg,25880,1,commons/Rose_window_of_Notre-Dame_de_Strasbourg_(interior_view)/0/pictures/Strasbourg_-_Notre-Dame_de_Strasbourg_-_Choir_-_Leica_Zoom_lens_panorama_of_the_Rose_Window_&_Cathedral_Organ_01.jpg
Cathédrale_Notre-Dame_de_Strasbourg,25880,1,commons/Nave_of_Notre-Dame_de_Strasbourg/0/pictures/2010_06_24_canaltrip_strasbourg_240z_(22631983307).jpg
Cathédrale_Notre-Dame_de_Strasbourg,25880,1,commons/Pulpit_of_Notre-Dame_de_Strasbourg/0/pictures/StrasbourgCath_Chaire_05.JPG
Cathédrale_Notre-Dame_de_Strasbourg,25880,1,commons/Nave_of_Notre-Dame_de_Strasbourg/0/pictures/2010_06_24_canaltrip_strasbourg_242z_(23050306485).jpg
Cathédrale_Notre-Dame_de_Strasbourg,25880,1,commons/Rose_window_of_Notre-Dame_de_Strasbourg_(interior_view)/0/pictures/Rose_window_of_Strasbourg_Cathedral.jpg
Cathédrale_Notre-Dame_de_Strasbourg,25880,1,commons/Nave_of_Notre-Dame_de_Strasbourg/0/pictures/2010_06_24_canaltrip_strasbourg_295_(23036759212).jpg
Cathédrale_Notre-Dame_de_Strasbourg,25880,1,commons/Choir_(architecture)_of_Notre-Dame_de_Strasbourg/0/pictures/Eduard_Steinle_Marienkrönung_Strasbourg_3.jpg
Cathédrale_Notre-Dame_de_Strasbourg,25880,1,commons/Choir_(architecture)_of_Notre-Dame_de_Strasbourg/0/pictures/Cathédrale_Notre-Dame_de_Strasbourg_IMG_2824.2015-09-06_145438.JPG
Cathédrale_Notre-Dame_de_Strasbourg,25880,1,commons/Rose_window_of_Notre-Dame_de_Strasbourg_(interior_view)/0/pictures/2018-08-24_Strasbourg_(15)_(43425031135).jpg
Cathédrale_Notre-Dame_de_Strasbourg,25880,1,commons/Narthex_of_Notre-Dame_de_Strasbourg/0/pictures/Cathédrale_Notre-Dame_de_Strasbourg_@_Strasbourg_(45519136152).jpg
Cathédrale_Notre-Dame_de_Strasbourg,25880,1,commons/Narthex_of_Notre-Dame_de_Strasbourg/0/pictures/Cathédrale_Notre-Dame_de_Strasbourg_@_Strasbourg_(43752048810).jpg
Cathédrale_Notre-Dame_de_Strasbourg,25880,1,commons/Choir_(architecture)_of_Notre-Dame_de_Strasbourg/0/pictures/Strasbourg_Cathedral_-_Altar_(7684374716).jpg
Cathédrale_Notre-Dame_de_Strasbourg,25880,1,commons/Millénaire_des_fondations_de_la_cathédrale_Notre-Dame_de_Strasbourg/0/pictures/Cathédrale_Notre-Dame_de_Strasbourg_IMG_2824.2015-09-06_145438.JPG
Cathédrale_Notre-Dame_de_Strasbourg,25880,1,"commons/Emperor_windows_of_Strasbourg_Cathedral/0/pictures/Example_of_the_stunning_stained_glass_windows_inside_the_Cathedrale_Notre_Dame,_Strasbourg.jpg"
Cathédrale_Notre-Dame_de_Strasbourg,25880,1,commons/Emperor_windows_of_Strasbourg_Cathedral/0/pictures/Emperors_in_Strasbourg_(2).JPG
Cathédrale_Notre-Dame_de_Strasbourg,25880,1,commons/Interior_of_Notre-Dame_de_Strasbourg/0/pictures/Strasbourg_Cathedral_in_July_2022_24.jpg
Cathédrale_Notre-Dame_de_Strasbourg,25880,1,commons/Strasbourg_Cathedral_organ/0/pictures/Strasbourg_cathedrale_7_(5891477260).jpg
Cathédrale_Notre-Dame_de_Strasbourg,25880,1,commons/Nave_of_Notre-Dame_de_Strasbourg/0/pictures/Strasbourg_Cathedral_-_panoramio_(29).jpg
Cathédrale_Notre-Dame_de_Strasbourg,25880,1,commons/Interior_of_Chapelle_Sainte-Catherine_(Notre-Dame_de_Strasbourg)/0/pictures/Strasbourg_-_Notre-Dame_de_Strasbourg_-_Southern_side_nave_-_Line-up_of_saint's_statues_and_a_depiction_of_the_Crucifixion_of_Christ_on_Golgotha_(Calvary)_with_Chapelle_Sainte-Catherine_in_the_back_01.jpg
Cathédrale_Notre-Dame_de_Strasbourg,25880,1,commons/Gothic_stained_glass_windows_of_Notre-Dame_de_Strasbourg/0/pictures/Nave_organ_and_stained_glass_windows_of_Strasbourg_Cathedral_-_3.jpg
Cathédrale_Notre-Dame_de_Strasbourg,25880,1,"commons/Interior_of_Chapelle_Sainte-Catherine_(Notre-Dame_de_Strasbourg)/0/pictures/Strasbourg_-_Notre-Dame_de_Strasbourg_-_Northern_Side_Nave_-_View_on_Central_Nave,_Chapelle_Saint-Catherine_&_Pulpit_1485_by_Hans_Hammer_02.jpg"
Cathédrale_Notre-Dame_de_Strasbourg,25880,1,"commons/Strasbourg_Cathedral_organ/0/pictures/Strasbourg_-_Notre-Dame_de_Strasbourg_-_Narthex_-_Panorama_View_on_Cathedral_Organ,_Nave_&_Choir_02.jpg"
Cathédrale_Notre-Dame_de_Strasbourg,25880,1,commons/Gothic_stained_glass_windows_of_Notre-Dame_de_Strasbourg/0/pictures/Nave_organ_and_stained_glass_windows_of_Strasbourg_Cathedral_-_2.jpg
Cathédrale_Notre-Dame_de_Strasbourg,25880,1,commons/Strasbourg_Cathedral_organ/0/pictures/Nave_organ_and_stained_glass_windows_of_Strasbourg_Cathedral_-_3.jpg
Cathédrale_Notre-Dame_de_Strasbourg,25880,1,commons/Nave_of_Notre-Dame_de_Strasbourg/0/pictures/Strasbourg_(Bas-Rhin)_-_Cathédrale_Notre-Dame_-_Voûtes_de_la_nef.jpg
Cathédrale_Notre-Dame_de_Strasbourg,25880,1,"commons/Interior_of_Chapelle_Sainte-Catherine_(Notre-Dame_de_Strasbourg)/0/pictures/Strasbourg_-_Notre-Dame_de_Strasbourg_-_Northern_Side_Nave_-_View_on_Central_Nave,_Chapelle_Saint-Catherine_&_Pulpit_1485_by_Hans_Hammer_01.jpg"
Cathédrale_Notre-Dame_de_Strasbourg,25880,1,commons/Green_ray_on_pulpit_of_Notre-Dame_de_Strasbourg/0/pictures/Strasbourg_Cathédrale_Notre-Dame_rayon_vert_21_sept_2013.jpg
Cathédrale_Notre-Dame_de_Strasbourg,25880,1,commons/Green_ray_on_pulpit_of_Notre-Dame_de_Strasbourg/0/pictures/Strasbourg_Cathédrale_Notre-Dame_rayon_vert_21_sept_2013-2.jpg
Cathédrale_Notre-Dame_de_Strasbourg,25880,1,commons/Green_ray_on_pulpit_of_Notre-Dame_de_Strasbourg/0/pictures/Strasbourg_Cathédrale_Notre-Dame_rayon_vert_21_sept_2013-4.jpg
Cathédrale_Notre-Dame_de_Strasbourg,25880,1,commons/Green_ray_on_pulpit_of_Notre-Dame_de_Strasbourg/0/pictures/Strasbourg_Cathédrale_Notre-Dame_rayon_vert_21_sept_2013-5.jpg
Cathédrale_Notre-Dame_de_Strasbourg,25880,1,commons/Green_ray_on_pulpit_of_Notre-Dame_de_Strasbourg/0/pictures/Rayonvert_2009.jpg
Cathédrale_Notre-Dame_de_Strasbourg,25880,1,commons/Green_ray_on_pulpit_of_Notre-Dame_de_Strasbourg/0/pictures/Cathedr_Stras._rayonVert02.jpg
Cathédrale_Notre-Dame_de_Strasbourg,25880,1,commons/Green_ray_on_pulpit_of_Notre-Dame_de_Strasbourg/0/pictures/Cathedr_Stras._rayonVert01.jpg
Cathédrale_Notre-Dame_de_Strasbourg,25880,1,commons/Gothic_statues_of_Notre-Dame_de_Strasbourg/0/pictures/StrasbourgCathOrgue_20.JPG
Cathédrale_Notre-Dame_de_Strasbourg,25880,1,commons/Gothic_stained_glass_windows_of_Notre-Dame_de_Strasbourg/0/pictures/Strasbourg_Cathedral_inside.jpg
Cathédrale_Notre-Dame_de_Strasbourg,25880,1,commons/Nave_of_Notre-Dame_de_Strasbourg/0/pictures/Strassburg-Muenster-314-zum_Chor-2017-gje.jpg
Cathédrale_Notre-Dame_de_Strasbourg,25880,1,"commons/Gothic_stained_glass_windows_of_Notre-Dame_de_Strasbourg/0/pictures/Strasbourg_-_Notre-Dame_de_Strasbourg_-_Northern_Side_Nave_-_View_on_Central_Nave,_Chapelle_Saint-Catherine_&_Pulpit_1485_by_Hans_Hammer_03.jpg"
Cathédrale_Notre-Dame_de_Strasbourg,25880,1,commons/Strasbourg_Cathedral_organ/0/pictures/Straßburg_(DerHexer)_2010-12-20_071.jpg
Cathédrale_Notre-Dame_de_Strasbourg,25880,1,commons/Nave_of_Notre-Dame_de_Strasbourg/0/pictures/Strasbourg_Cathedral_central_nave_looking_east.jpg
Cathédrale_Notre-Dame_de_Strasbourg,25880,1,commons/Nave_of_Notre-Dame_de_Strasbourg/0/pictures/Strasbourg_Cathedral_016_9751.jpg
Cathédrale_Notre-Dame_de_Strasbourg,25880,1,commons/Strasbourg_Cathedral_organ/0/pictures/Straßburg_(DerHexer)_2010-12-20_055.jpg
Cathédrale_Notre-Dame_de_Strasbourg,25880,1,commons/Nave_of_Notre-Dame_de_Strasbourg/0/pictures/Strasbourg_Cathedral_-_panoramio.jpg
Cathédrale_Notre-Dame_de_Strasbourg,25880,1,commons/Gothic_stained_glass_windows_of_Notre-Dame_de_Strasbourg/0/pictures/Stained_glass_windows_in_Notre-Dame_de_Strasbourg.jpg
Cathédrale_Notre-Dame_de_Strasbourg,25880,1,"commons/Nave_of_Notre-Dame_de_Strasbourg/0/pictures/Strasbourg_-_Notre-Dame_de_Strasbourg_-_Narthex_-_Panorama_View_on_Cathedral_Organ,_Nave_&_Choir_02.jpg"
Cathédrale_Notre-Dame_de_Strasbourg,25880,1,commons/Gothic_stained_glass_windows_of_Notre-Dame_de_Strasbourg/0/pictures/Cathédrale_de_Strasbourg_Orgue_Silbermann_en_nid_d'hirondelle.jpg
Cathédrale_Notre-Dame_de_Strasbourg,25880,1,commons/Strasbourg_Cathedral_organ/0/pictures/Cathédrale_de_Strasbourg_14_(9392241332).jpg
Cathédrale_Notre-Dame_de_Strasbourg,25880,1,commons/Nave_of_Notre-Dame_de_Strasbourg/0/pictures/Strasbourg_(Bas-Rhin)_-_Cathédrale_Notre-Dame_-_Bas-coté_sud_-_52184754882.jpg
Cathédrale_Notre-Dame_de_Strasbourg,25880,1,commons/Choir_(architecture)_of_Notre-Dame_de_Strasbourg/0/pictures/Strasbourg_-_Notre-Dame_de_Strasbourg_-_Choir_-_Coronation_of_Mary_03.jpg
Cathédrale_Notre-Dame_de_Strasbourg,25880,1,commons/Nave_of_Notre-Dame_de_Strasbourg/0/pictures/Let_the_light_in.jpg
Cathédrale_Notre-Dame_de_Strasbourg,25880,1,commons/Gothic_stained_glass_windows_of_Notre-Dame_de_Strasbourg/0/pictures/Vitraux_1_de_la_cathedrale_de_Strasbourg.jpg
Cathédrale_Notre-Dame_de_Strasbourg,25880,1,commons/Millénaire_des_fondations_de_la_cathédrale_Notre-Dame_de_Strasbourg/0/pictures/Cathédrale_Notre-Dame_de_Strasbourg_IMG_2821.2015-09-06_145247.JPG
Cathédrale_Notre-Dame_de_Strasbourg,25880,1,"commons/Emperor_windows_of_Strasbourg_Cathedral/0/pictures/Emperors,_stained_glass_windows_inside_Notre-Dame_de_Strasbourg.jpg"
Cathédrale_Notre-Dame_de_Strasbourg,25880,1,commons/Strasbourg_Cathedral_organ/0/pictures/Cathédrale_Notre_Dame_de_Strasbourg_2020_vitraux.jpg
Cathédrale_Notre-Dame_de_Strasbourg,25880,1,commons/Gothic_stained_glass_windows_of_Notre-Dame_de_Strasbourg/0/pictures/14-02-07-Cathédrale_Notre-Dame_de_Strasbourg-RalfR-16.jpg
Cathédrale_Notre-Dame_de_Strasbourg,25880,1,commons/Choir_(architecture)_of_Notre-Dame_de_Strasbourg/0/pictures/StrasbourgCath_Choeur_15.JPG
Cathédrale_Notre-Dame_de_Strasbourg,25880,1,commons/Emperor_windows_of_Strasbourg_Cathedral/0/pictures/Straßburg_im_Sommer_2013_(9982467533).jpg
Cathédrale_Notre-Dame_de_Strasbourg,25880,1,commons/Emperor_windows_of_Strasbourg_Cathedral/0/pictures/Vitrail_strasbourg_quatre_rois.png
Cathédrale_Notre-Dame_de_Strasbourg,25880,1,commons/Emperor_windows_of_Strasbourg_Cathedral/0/pictures/Straßburg_Cathédrale_Notre-Dame_Innen_Buntglasfenster_4.jpg
Cathédrale_Notre-Dame_de_Strasbourg,25880,1,commons/Nave_of_Notre-Dame_de_Strasbourg/0/pictures/Cathédrale_Notre-Dame_de_Strasbourg_IMG_2822.2015-09-06_145254.JPG
Cathédrale_Notre-Dame_de_Strasbourg,25880,1,commons/Nave_of_Notre-Dame_de_Strasbourg/0/pictures/Cathédrale_Notre_Dame_Strasbourg_France_interior_copr_2022_by_Tim_Adams_CC_by_3.jpg
Cathédrale_Notre-Dame_de_Strasbourg,25880,1,commons/Rose_window_of_Notre-Dame_de_Strasbourg_(interior_view)/0/pictures/Straßburg_Cathédrale_Notre-Dame_Innen_Rosette_1.JPG
Cathédrale_Notre-Dame_de_Strasbourg,25880,1,commons/Emperor_windows_of_Strasbourg_Cathedral/0/pictures/StrasbourgCath_BasCoteN_06a.jpg
Cathédrale_Notre-Dame_de_Strasbourg,25880,1,commons/Nave_of_Notre-Dame_de_Strasbourg/0/pictures/Cathédrale_Notre-Dame_de_Strasbourg._Nave_3.jpg
Cathédrale_Notre-Dame_de_Strasbourg,25880,1,commons/Choir_(architecture)_of_Notre-Dame_de_Strasbourg/0/pictures/Strasbourg_Cathédrale_Notre-Dame_maître_autel.jpg
Cathédrale_Notre-Dame_de_Strasbourg,25880,1,"commons/Emperor_windows_of_Strasbourg_Cathedral/0/pictures/Straßburg_1987_(16)_Kaiserfenster,_Straßburger_Münster_(51189056913).jpg"
Cathédrale_Notre-Dame_de_Strasbourg,25880,1,"commons/Nave_of_Notre-Dame_de_Strasbourg/0/pictures/Cathédrale_Notre-Dame_de_Strasbourg,_Strasbourg,_Alsace,_France_-_panoramio_(7).jpg"
Cathédrale_Notre-Dame_de_Strasbourg,25880,1,commons/Choir_(architecture)_of_Notre-Dame_de_Strasbourg/0/pictures/Strasbourg_Cathedral_crossing_dome_and_apse.jpg
Cathédrale_Notre-Dame_de_Strasbourg,25880,1,commons/Nave_of_Notre-Dame_de_Strasbourg/0/pictures/36e_rencontres_internationales_de_Taizé_Strasbourg_31_décembre_2013_29.jpg
Cathédrale_Notre-Dame_de_Strasbourg,25880,1,commons/Rose_window_of_Notre-Dame_de_Strasbourg_(interior_view)/0/pictures/Straßburg_(46658869595).jpg
Cathédrale_Notre-Dame_de_Strasbourg,25880,1,commons/Emperor_windows_of_Strasbourg_Cathedral/0/pictures/Vitraux_de_la_série_des_empereurs_dans_la_Cathédrale_de_Strasbourg.jpg
Cathédrale_Notre-Dame_de_Strasbourg,25880,1,commons/Nave_of_Notre-Dame_de_Strasbourg/0/pictures/Cathédrale_Notre-Dame_de_Strasbourg.jpg
Cathédrale_Notre-Dame_de_Strasbourg,25880,1,commons/Rose_window_of_Notre-Dame_de_Strasbourg_(interior_view)/0/pictures/Strasbourg_Cathedral_rose_window.jpg
Cathédrale_Notre-Dame_de_Strasbourg,25880,1,commons/Emperor_windows_of_Strasbourg_Cathedral/0/pictures/Strasburgo-31072016_HDR16bit-05_(29868102052).jpg
Cathédrale_Notre-Dame_de_Strasbourg,25880,1,commons/Nave_of_Notre-Dame_de_Strasbourg/0/pictures/Cathédrale_Notre-Dame_de_Strasbourg_la_nef_centrale.jpg
Cathédrale_Notre-Dame_de_Strasbourg,25880,1,commons/Emperor_windows_of_Strasbourg_Cathedral/0/pictures/Strasburgo-31072016_HDR16bit-04_(29898360221).jpg
Cathédrale_Notre-Dame_de_Strasbourg,25880,1,"commons/Rose_window_of_Notre-Dame_de_Strasbourg_(interior_view)/0/pictures/Cathédrale_de_Strasbourg,_intérieur,_rosace,_détail.jpg"
Cathédrale_Notre-Dame_de_Strasbourg,25880,1,commons/Narthex_of_Notre-Dame_de_Strasbourg/0/pictures/StrasbourgCath_Narthex_01.JPG
Cathédrale_Notre-Dame_de_Strasbourg,25880,1,commons/Emperor_windows_of_Strasbourg_Cathedral/0/pictures/Colourfull_glass_(10041008493).jpg
Cathédrale_Notre-Dame_de_Strasbourg,25880,1,commons/Choir_(architecture)_of_Notre-Dame_de_Strasbourg/0/pictures/Strasbourg_Cathedral_(18224664568).jpg
Cathédrale_Notre-Dame_de_Strasbourg,25880,1,commons/Nave_of_Notre-Dame_de_Strasbourg/0/pictures/Cathédrale_Notre-Dame_de_Strasbourg_@_Strasbourg_(44844636314).jpg
Cathédrale_Notre-Dame_de_Strasbourg,25880,1,commons/Choir_(architecture)_of_Notre-Dame_de_Strasbourg/0/pictures/Strasbourg_-_Notre-Dame_de_Strasbourg_-_Narthex_-_Zoom_lens_panorama_of_the_Choir_05.jpg
Cathédrale_Notre-Dame_de_Strasbourg,25880,1,commons/Gothic_stained_glass_windows_of_Notre-Dame_de_Strasbourg/0/pictures/Strasbourg_Cathédrale7.JPG
Cathédrale_Notre-Dame_de_Strasbourg,25880,1,"commons/Retable_de_saint_Pancrace,_saint_Nicolas_et_sainte_Catherine_de_la_Cathédrale_Notre-Dame_de_Strasbourg/0/pictures/Cathédrale_de_Strasbourg,_Sainte_Catherine.jpg"
Cathédrale_Notre-Dame_de_Strasbourg,25880,1,commons/Millénaire_des_fondations_de_la_cathédrale_Notre-Dame_de_Strasbourg/0/pictures/Cathédrale_Notre-Dame_de_Strasbourg_IMG_2822.2015-09-06_145254.JPG
Cathédrale_Notre-Dame_de_Strasbourg,25880,1,"commons/Emperor_windows_of_Strasbourg_Cathedral/0/pictures/Bas-côté_nord,_baie_VI_Otto_Rex_(dernier_tiers_XIIe).jpg"
Cathédrale_Notre-Dame_de_Strasbourg,25880,1,commons/Strasbourg_Cathedral_Light_Show/0/pictures/Cathédrale_Notre-Dame_de_nuit.jpg
Cathédrale_Notre-Dame_de_Strasbourg,25880,1,"commons/Narthex_of_Notre-Dame_de_Strasbourg/0/pictures/Strasbourg_-_Notre-Dame_de_Strasbourg_-_Narthex_-_Panorama_View_on_Cathedral_Organ,_Nave_&_Choir_04.jpg"
Cathédrale_Notre-Dame_de_Strasbourg,25880,1,commons/Stained_glass_windows_(Nave_of_Notre-Dame_de_Strasbourg)/0/pictures/Cathédrale_de_Strasbourg_01.JPG
Cathédrale_Notre-Dame_de_Strasbourg,25880,1,commons/Choir_(architecture)_of_Notre-Dame_de_Strasbourg/0/pictures/Strasbourg_-_Notre-Dame_de_Strasbourg_-_Narthex_-_Zoom_lens_panorama_of_the_Choir_02.jpg
Cathédrale_Notre-Dame_de_Strasbourg,25880,1,commons/Rose_window_of_Notre-Dame_de_Strasbourg_(interior_view)/0/pictures/Straßburg_Münster_2009-007.jpg
Cathédrale_Notre-Dame_de_Strasbourg,25880,1,commons/Nave_of_Notre-Dame_de_Strasbourg/0/pictures/Cathédrale_Notre-Dame_de_Strasbourg_@_Strasbourg_(44655569295).jpg
Cathédrale_Notre-Dame_de_Strasbourg,25880,1,commons/Narthex_of_Notre-Dame_de_Strasbourg/0/pictures/Strasbourg_-_Notre-Dame_de_Strasbourg_-_Central_nave_-_View_on_narthex_&_rose_window_in_the_west_façade.jpg
Cathédrale_Notre-Dame_de_Strasbourg,25880,1,"commons/Choir_(architecture)_of_Notre-Dame_de_Strasbourg/0/pictures/Strasbourg_-_Notre-Dame_de_Strasbourg_-_Narthex_-_Panorama_View_on_Cathedral_Organ,_Nave_&_Choir_03.jpg"
Cathédrale_Notre-Dame_de_Strasbourg,25880,1,commons/Nave_of_Notre-Dame_de_Strasbourg/0/pictures/36e_rencontres_internationales_de_Taizé_Strasbourg_28_décembre_2013_32.jpg
Cathédrale_Notre-Dame_de_Strasbourg,25880,1,commons/Rose_window_of_Notre-Dame_de_Strasbourg_(interior_view)/0/pictures/Strasbourg_-_Notre-Dame_de_Strasbourg_-_Central_nave_-_View_on_narthex_&_rose_window_in_the_west_façade.jpg
Cathédrale_Notre-Dame_de_Strasbourg,25880,1,"commons/Choir_(architecture)_of_Notre-Dame_de_Strasbourg/0/pictures/Strasbourg_-_Notre-Dame_de_Strasbourg_-_Narthex_-_Panorama_View_on_Cathedral_Organ,_Nave_&_Choir_02.jpg"
Cathédrale_Notre-Dame_de_Strasbourg,25880,1,commons/Rose_window_of_Notre-Dame_de_Strasbourg_(interior_view)/0/pictures/Strasbourg_-_Notre-Dame_de_Strasbourg_-_Choir_-_Leica_Zoom_lens_panorama_of_the_Rose_Window_&_Cathedral_Organ_04.jpg
Cathédrale_Notre-Dame_de_Strasbourg,25880,1,commons/Choir_(architecture)_of_Notre-Dame_de_Strasbourg/0/pictures/Strasbourg_-_Notre-Dame_de_Strasbourg_-_Choir_-_Coronation_of_Mary_05.jpg
Cathédrale_Notre-Dame_de_Strasbourg,25880,1,commons/Choir_(architecture)_of_Notre-Dame_de_Strasbourg/0/pictures/Strasbourg_-_Notre-Dame_de_Strasbourg_-_Choir_-_Coronation_of_Mary_06.jpg
Cathédrale_Notre-Dame_de_Strasbourg,25880,1,commons/Narthex_of_Notre-Dame_de_Strasbourg/0/pictures/Strasbourg_(Bas-Rhin)_-_Cathédrale_Notre-Dame_-_Voûtes_de_la_nef.jpg
Cathédrale_Notre-Dame_de_Strasbourg,25880,1,"commons/Stained_glass_windows_of_Notre-Dame_de_Strasbourg/0/pictures/Straßburg_1987_(06)_Chor,_Straßburger_Münster_(50984036203).jpg"
Cathédrale_Notre-Dame_de_Strasbourg,25880,1,commons/Choir_(architecture)_of_Notre-Dame_de_Strasbourg/0/pictures/Strasbourg_-_Notre-Dame_de_Strasbourg_-_Choir_-_Coronation_of_Mary_04.jpg
Cathédrale_Notre-Dame_de_Strasbourg,25880,1,commons/Rose_window_of_Notre-Dame_de_Strasbourg_(interior_view)/0/pictures/Strassburg-Muenster-328-Westfassade-Rosette-1987-gje.jpg
Cathédrale_Notre-Dame_de_Strasbourg,25880,1,commons/Nave_of_Notre-Dame_de_Strasbourg/0/pictures/Cathedral_(5673415753).jpg
Cathédrale_Notre-Dame_de_Strasbourg,25880,1,commons/Choir_(architecture)_of_Notre-Dame_de_Strasbourg/0/pictures/Strasbourg_-_Cathédrale_Notre-Dame_-_View_ENE.jpg
Cathédrale_Notre-Dame_de_Strasbourg,25880,1,commons/Choir_(architecture)_of_Notre-Dame_de_Strasbourg/0/pictures/Strasbourg_(Bas-Rhin)_-_Cathédrale_Notre-Dame_-_Choeur.jpg
Cathédrale_Notre-Dame_de_Strasbourg,25880,1,commons/Rose_window_of_Notre-Dame_de_Strasbourg_(interior_view)/0/pictures/StrasbourgCath_Narthex_01.JPG
Cathédrale_Notre-Dame_de_Strasbourg,25880,1,commons/Nave_of_Notre-Dame_de_Strasbourg/0/pictures/36e_rencontres_internationales_de_Taizé_Strasbourg_31_décembre_2013_26.jpg
Cathédrale_Notre-Dame_de_Strasbourg,25880,1,commons/Choir_(architecture)_of_Notre-Dame_de_Strasbourg/0/pictures/Cathédrale_de_Strasbourg_11_(9389430323).jpg
Cathédrale_Notre-Dame_de_Strasbourg,25880,1,commons/Nave_of_Notre-Dame_de_Strasbourg/0/pictures/14-02-07-Cathédrale_Notre-Dame_de_Strasbourg-RalfR-04.jpg
Cathédrale_Notre-Dame_de_Strasbourg,25880,1,commons/Stained_glass_windows_(Nave_of_Notre-Dame_de_Strasbourg)/0/pictures/Strasbourg_-_Notre-Dame_de_Strasbourg_-_Southern_side_nave_-_Gothic_stained_glass_windows_on_the_north_side_of_the_central_nave_04.jpg
Cathédrale_Notre-Dame_de_Strasbourg,25880,1,"commons/Pulpit_of_Notre-Dame_de_Strasbourg/0/pictures/Strasbourg_-_Notre-Dame_de_Strasbourg_-_Northern_Side_Nave_-_View_on_Central_Nave,_Chapelle_Saint-Catherine_&_Pulpit_1485_by_Hans_Hammer_01.jpg"
Cathédrale_Notre-Dame_de_Strasbourg,25880,1,"commons/Rose_window_of_Notre-Dame_de_Strasbourg_(interior_view)/0/pictures/France_-_Alsace,_Strasbourg_-_panoramio_(25).jpg"
Cathédrale_Notre-Dame_de_Strasbourg,25880,1,commons/Narthex_of_Notre-Dame_de_Strasbourg/0/pictures/36e_rencontres_internationales_de_Taizé_Strasbourg_28_décembre_2013_38.jpg
Cathédrale_Notre-Dame_de_Strasbourg,25880,1,commons/Choir_(architecture)_of_Notre-Dame_de_Strasbourg/0/pictures/Choir_(architecture)_of_Strasbourg_Cathedral.jpg
Cathédrale_Notre-Dame_de_Strasbourg,25880,1,commons/Rose_window_of_Notre-Dame_de_Strasbourg_(interior_view)/0/pictures/Strasbourg_(178987379).jpeg
Cathédrale_Notre-Dame_de_Strasbourg,25880,1,commons/Nave_of_Notre-Dame_de_Strasbourg/0/pictures/14-02-07-Cathédrale_Notre-Dame_de_Strasbourg-RalfR-17.jpg
Cathédrale_Notre-Dame_de_Strasbourg,25880,1,commons/Rose_window_of_Notre-Dame_de_Strasbourg_(interior_view)/0/pictures/France_Strasbourg_Rose-Window.jpg
Cathédrale_Notre-Dame_de_Strasbourg,25880,1,commons/Choir_(architecture)_of_Notre-Dame_de_Strasbourg/0/pictures/Cathedrale-de-Strasbourg-IMG_1257.jpg
Cathédrale_Notre-Dame_de_Strasbourg,25880,1,commons/Rose_window_of_Notre-Dame_de_Strasbourg_(interior_view)/0/pictures/Cathédrale_Notre-Dame_(5937706147).jpg
Cathédrale_Notre-Dame_de_Strasbourg,25880,1,commons/Choir_(architecture)_of_Notre-Dame_de_Strasbourg/0/pictures/Strasbourg_Cathedral_(52298547060).jpg
Cathédrale_Notre-Dame_de_Strasbourg,25880,1,commons/Nave_of_Notre-Dame_de_Strasbourg/0/pictures/Cathédrale_Notre-Dame_de_Strasbourg_IMG_2821.2015-09-06_145247.JPG
Cathédrale_Notre-Dame_de_Strasbourg,25880,1,commons/Nave_of_Notre-Dame_de_Strasbourg/0/pictures/An_Enlightening_Experience_(31152566044).jpg
Cathédrale_Notre-Dame_de_Strasbourg,25880,1,commons/Rose_window_of_Notre-Dame_de_Strasbourg_(interior_view)/0/pictures/Strasbourg_TodorBozhinov_(28).JPG
Cathédrale_Notre-Dame_de_Strasbourg,25880,1,commons/Emperor_windows_of_Strasbourg_Cathedral/0/pictures/2018-08-24_Strasbourg_(13)_(44282481582).jpg
Cathédrale_Notre-Dame_de_Strasbourg,25880,1,commons/Choir_(architecture)_of_Notre-Dame_de_Strasbourg/0/pictures/Cathédrale_Notre-Dame_de_Strasbourg_@_Strasbourg_(45519127442).jpg
Cathédrale_Notre-Dame_de_Strasbourg,25880,1,commons/Rose_window_of_Notre-Dame_de_Strasbourg_(interior_view)/0/pictures/2021-03-27_13-17-18_strasbourg.jpg
Cathédrale_Notre-Dame_de_Strasbourg,25880,1,commons/Rose_window_of_Notre-Dame_de_Strasbourg_(interior_view)/0/pictures/2010_06_24_canaltrip_strasbourg_283z_(22631974397).jpg
Cathédrale_Notre-Dame_de_Strasbourg,25880,1,commons/Emperor_windows_of_Strasbourg_Cathedral/0/pictures/StrasbourgCath_BasCoteN_03.JPG
Cathédrale_Notre-Dame_de_Strasbourg,25880,1,commons/Narthex_of_Notre-Dame_de_Strasbourg/0/pictures/Cathédrale_de_Strasbourg_25_(9389606885).jpg
Cathédrale_Notre-Dame_de_Strasbourg,25880,1,commons/Stained_glass_windows_of_Notre-Dame_de_Strasbourg/0/pictures/Strasbourg_-_Notre-Dame_de_Strasbourg_-_Narthex_-_Zoom_lens_panorama_of_the_Choir_05.jpg
Cathédrale_Notre-Dame_de_Strasbourg,25880,1,commons/Choir_(architecture)_of_Notre-Dame_de_Strasbourg/0/pictures/Strasbourg_(Bas-Rhin)_-_Cathédrale_Notre-Dame_-_Choeur_-_52165915502.jpg
Cathédrale_Notre-Dame_de_Strasbourg,25880,1,commons/Rose_window_of_Notre-Dame_de_Strasbourg_(interior_view)/0/pictures/Strasbourg_-_Rose_Window_West_Façade.jpg
Cathédrale_Notre-Dame_de_Strasbourg,25880,1,commons/Nave_of_Notre-Dame_de_Strasbourg/0/pictures/Bas-côté_ND_de_Strasbourg.jpg
Cathédrale_Notre-Dame_de_Strasbourg,25880,1,commons/Nave_of_Notre-Dame_de_Strasbourg/0/pictures/14-02-07-Cathédrale_Notre-Dame_de_Strasbourg-RalfR-06.jpg
Cathédrale_Notre-Dame_de_Strasbourg,25880,1,commons/Rose_window_of_Notre-Dame_de_Strasbourg_(interior_view)/0/pictures/Rose_window_of_Notre-Dame_de_Strasbourg_(interior_view)_Christm.jpg
Cathédrale_Notre-Dame_de_Strasbourg,25880,1,commons/Choir_(architecture)_of_Notre-Dame_de_Strasbourg/0/pictures/14-02-07-Cathédrale_Notre-Dame_de_Strasbourg-RalfR-03.jpg
Cathédrale_Notre-Dame_de_Strasbourg,25880,1,commons/Strasbourg_Cathedral_Light_Show/0/pictures/Lightplay_on_the_west_façade_of_Notre-Dame_de_Strasbourg.jpg
Cathédrale_Notre-Dame_de_Strasbourg,25880,1,commons/Rose_window_of_Notre-Dame_de_Strasbourg_(interior_view)/0/pictures/14-02-07-Cathédrale_Notre-Dame_de_Strasbourg-RalfR-11.jpg
Cathédrale_Notre-Dame_de_Strasbourg,25880,1,commons/Emperor_windows_of_Strasbourg_Cathedral/0/pictures/2010_06_24_canaltrip_strasbourg_255_(23050304825).jpg
Cathédrale_Notre-Dame_de_Strasbourg,25880,1,commons/Rose_window_of_Notre-Dame_de_Strasbourg_(interior_view)/0/pictures/Rosone_(75472613).jpeg
Cathédrale_Notre-Dame_de_Strasbourg,25880,1,commons/Nave_of_Notre-Dame_de_Strasbourg/0/pictures/14-02-07-Cathédrale_Notre-Dame_de_Strasbourg-RalfR-15.jpg
Cathédrale_Notre-Dame_de_Strasbourg,25880,1,commons/Rose_window_of_Notre-Dame_de_Strasbourg_(interior_view)/0/pictures/Cathédrale_Notre-Dame_(5937710905).jpg
Cathédrale_Notre-Dame_de_Strasbourg,25880,1,commons/West_facade_of_Notre-Dame_de_Strasbourg/0/pictures/Cathédrale_N.-D._Strasbourg_spectacle_5.JPG
Cathédrale_Notre-Dame_de_Strasbourg,25880,1,commons/Emperor_windows_of_Strasbourg_Cathedral/0/pictures/StrasbourgCath_BasCoteN_05.JPG
Cathédrale_Notre-Dame_de_Strasbourg,25880,1,commons/Stained_glass_windows_(Nave_of_Notre-Dame_de_Strasbourg)/0/pictures/Voûtes_cathédrale_Strasbourg.jpg
Cathédrale_Notre-Dame_de_Strasbourg,25880,1,commons/Choir_(architecture)_of_Notre-Dame_de_Strasbourg/0/pictures/Obsèques_d’André_Bord_cathédrale_de_Strasbourg_18_mai_2013_13.jpg
Cathédrale_Notre-Dame_de_Strasbourg,25880,1,commons/Choir_(architecture)_of_Notre-Dame_de_Strasbourg/0/pictures/Inside_of_the_cathédrale_Notre-Dame_de_Strasbourg_photo10.jpg
Cathédrale_Notre-Dame_de_Strasbourg,25880,1,commons/Pulpit_of_Notre-Dame_de_Strasbourg/0/pictures/StrasbourgCath_Chaire_07.JPG
Cathédrale_Notre-Dame_de_Strasbourg,25880,1,"commons/Rose_window_of_Notre-Dame_de_Strasbourg_(interior_view)/0/pictures/Notre_Dame_rose_window,_Strasbourg_(15643970054).jpg"
Cathédrale_Notre-Dame_de_Strasbourg,25880,1,commons/Choir_(architecture)_of_Notre-Dame_de_Strasbourg/0/pictures/Strasbourg_-_Notre-Dame_de_Strasbourg_-_Narthex_-_Zoom_lens_panorama_of_the_Choir_03.jpg
Cathédrale_Notre-Dame_de_Strasbourg,25880,1,commons/Nave_of_Notre-Dame_de_Strasbourg/0/pictures/Cathédrale_Notre-Dame_de_Strasbourg_@_Strasbourg_(44844628484).jpg
Cathédrale_Notre-Dame_de_Strasbourg,25880,1,commons/Choir_(architecture)_of_Notre-Dame_de_Strasbourg/0/pictures/14-02-07-Cathédrale_Notre-Dame_de_Strasbourg-RalfR-06.jpg
Cathédrale_Notre-Dame_de_Strasbourg,25880,1,commons/Rose_window_of_Notre-Dame_de_Strasbourg_(interior_view)/0/pictures/Strasbourg_cathedral_Silbermann_organ_and_rose_window.jpg
Cathédrale_Notre-Dame_de_Strasbourg,25880,1,commons/Nave_of_Notre-Dame_de_Strasbourg/0/pictures/Cathédrale_Notre-Dame_(5938240016).jpg
Cathédrale_Notre-Dame_de_Strasbourg,25880,1,"commons/Stained_glass_windows_(Nave_of_Notre-Dame_de_Strasbourg)/0/pictures/Strasbourg_-_Notre-Dame_de_Strasbourg_-_Southern_side_nave_-_Cathedral_Organ_in_the_central_nave,_stained_glass_windows.jpg"
Cathédrale_Notre-Dame_de_Strasbourg,25880,1,commons/Emperor_windows_of_Strasbourg_Cathedral/0/pictures/Strasbourg_-_Notre-Dame_de_Strasbourg_-_Northern_side_nave_-_First_Stained_Glass_Emperor_Window_04.jpg
Cathédrale_Notre-Dame_de_Strasbourg,25880,1,commons/Choir_(architecture)_of_Notre-Dame_de_Strasbourg/0/pictures/Inside_of_the_cathédrale_Notre-Dame_de_Strasbourg_photo3.jpg
Cathédrale_Notre-Dame_de_Strasbourg,25880,1,commons/Nave_of_Notre-Dame_de_Strasbourg/0/pictures/36e_rencontres_internationales_de_Taizé_Strasbourg_28_décembre_2013_33.jpg
Cathédrale_Notre-Dame_de_Strasbourg,25880,1,"commons/Choir_(architecture)_of_Notre-Dame_de_Strasbourg/0/pictures/Choir_(architecture)_of_Cathédrale_Notre-Dame,_Strasbourg.JPG"
Cathédrale_Notre-Dame_de_Strasbourg,25880,1,commons/Rose_window_of_Notre-Dame_de_Strasbourg_(interior_view)/0/pictures/Strasbourg_-_Notre-Dame_de_Strasbourg_-_Choir_-_Leica_Zoom_lens_panorama_of_the_Rose_Window_&_Cathedral_Organ_02.jpg
Cathédrale_Notre-Dame_de_Strasbourg,25880,1,commons/Nave_of_Notre-Dame_de_Strasbourg/0/pictures/2010_06_24_canaltrip_strasbourg_238z_(22631895547).jpg
Cathédrale_Notre-Dame_de_Strasbourg,25880,1,commons/Pulpit_of_Notre-Dame_de_Strasbourg/0/pictures/Strasbourg_Cathedral_inside.jpg
Cathédrale_Notre-Dame_de_Strasbourg,25880,1,commons/Gothic_stained_glass_windows_of_Notre-Dame_de_Strasbourg/0/pictures/Straßburg_Cathédrale_Notre-Dame_Innen_Langhaus_1.jpg
Cathédrale_Notre-Dame_de_Strasbourg,25880,1,commons/Emperor_windows_of_Strasbourg_Cathedral/0/pictures/CathéStras_CIMG8414_(46035874905).jpg
Cathédrale_Notre-Dame_de_Strasbourg,25880,1,commons/Choir_(architecture)_of_Notre-Dame_de_Strasbourg/0/pictures/StrasbourgCath_Choeur_12.JPG
Cathédrale_Notre-Dame_de_Strasbourg,25880,1,commons/Nave_of_Notre-Dame_de_Strasbourg/0/pictures/Cathédrale_Notre-Dame_de_Strasbourg._Nave_1.jpg
Cathédrale_Notre-Dame_de_Strasbourg,25880,1,commons/Nave_of_Notre-Dame_de_Strasbourg/0/pictures/Cathédrale_Notre-Dame_de_Strasbourg_@_Strasbourg_(43752025270).jpg
Cathédrale_Notre-Dame_de_Strasbourg,25880,1,commons/Rose_window_of_Notre-Dame_de_Strasbourg_(interior_view)/0/pictures/Straßburg_Cathédrale_Notre-Dame_Innen_Rosette_1a.jpg
Cathédrale_Notre-Dame_de_Strasbourg,25880,1,commons/Rose_window_of_Notre-Dame_de_Strasbourg_(interior_view)/0/pictures/La_cathédrale_de_strasbourg.JPG
Cathédrale_Notre-Dame_de_Strasbourg,25880,1,commons/Narthex_of_Notre-Dame_de_Strasbourg/0/pictures/Strasbourg_-_Notre-Dame_de_Strasbourg_-_Narthex_-_Zoom_lens_panorama_of_the_Choir_05.jpg
Cathédrale_Notre-Dame_de_Strasbourg,25880,1,commons/Pulpit_of_Notre-Dame_de_Strasbourg/0/pictures/Cathédrale_de_Strasbourg_17_(9389507309).jpg
Cathédrale_Notre-Dame_de_Strasbourg,25880,1,commons/Emperor_windows_of_Strasbourg_Cathedral/0/pictures/Buntglasfenster_Straßburger_Münster_2014_(Kaiserfenster).jpg
Cathédrale_Notre-Dame_de_Strasbourg,25880,1,commons/Narthex_of_Notre-Dame_de_Strasbourg/0/pictures/2021-03-27_13-17-18_strasbourg.jpg
Cathédrale_Notre-Dame_de_Strasbourg,25880,1,commons/Nave_of_Notre-Dame_de_Strasbourg/0/pictures/Strassburg-Muenster-322-zur_Rosette-2017-gje.jpg
Cathédrale_Notre-Dame_de_Strasbourg,25880,1,commons/Choir_(architecture)_of_Notre-Dame_de_Strasbourg/0/pictures/Choeur_-_Cathedrale_de_Strasbourg.jpg
Cathédrale_Notre-Dame_de_Strasbourg,25880,1,commons/West_facade_of_Notre-Dame_de_Strasbourg/0/pictures/Cathédrale_N.-D._Strasbourg_spectacle_6.JPG
Cathédrale_Notre-Dame_de_Strasbourg,25880,1,commons/Emperor_windows_of_Strasbourg_Cathedral/0/pictures/StrasbourgCath_BasCoteN_05a.jpg
Cathédrale_Notre-Dame_de_Strasbourg,25880,1,commons/Dome_of_Notre-Dame_de_Strasbourg/0/pictures/Coupole_romane_de_la_croisée_de_la_cathédrale_de_Strasbourg.jpg
Cathédrale_Notre-Dame_de_Strasbourg,25880,1,commons/Rose_window_of_Notre-Dame_de_Strasbourg_(interior_view)/0/pictures/Im_Straßburger_Münster_-_Blick_auf_Langhausorgel_und_Westfensterrose.jpg
Cathédrale_Notre-Dame_de_Strasbourg,25880,1,commons/Narthex_of_Notre-Dame_de_Strasbourg/0/pictures/Strasbourg_Cathedral_in_July_2022_23.jpg
Cathédrale_Notre-Dame_de_Strasbourg,25880,1,commons/Pulpit_of_Notre-Dame_de_Strasbourg/0/pictures/Rayon_blanc_Cathédrale_de_Strasbourg.jpg
Cathédrale_Notre-Dame_de_Strasbourg,25880,1,commons/Emperor_windows_of_Strasbourg_Cathedral/0/pictures/CathéStras_CIMG8409_(46949915291).jpg
Cathédrale_Notre-Dame_de_Strasbourg,25880,1,commons/Choir_(architecture)_of_Notre-Dame_de_Strasbourg/0/pictures/Chœur_de_la_cathédrale_de_Strasbourg.jpg
Cathédrale_Notre-Dame_de_Strasbourg,25880,1,commons/Rose_window_of_Notre-Dame_de_Strasbourg_(interior_view)/0/pictures/Strasbourg_-_Notre-Dame_de_Strasbourg_-_Choir_-_Leica_Zoom_lens_panorama_of_the_Rose_Window_&_Cathedral_Organ_03.jpg
Cathédrale_Notre-Dame_de_Strasbourg,25880,1,commons/Nave_of_Notre-Dame_de_Strasbourg/0/pictures/36e_rencontres_internationales_de_Taizé_Strasbourg_28_décembre_2013_28.jpg
Cathédrale_Notre-Dame_de_Strasbourg,25880,1,commons/Pulpit_of_Notre-Dame_de_Strasbourg/0/pictures/Strasbourg_2009_IMG_3807.jpg
Cathédrale_Notre-Dame_de_Strasbourg,25880,1,commons/Strasbourg_Cathedral_Light_Show/0/pictures/Strasbourg_47.jpg
Cathédrale_Notre-Dame_de_Strasbourg,25880,1,commons/Narthex_of_Notre-Dame_de_Strasbourg/0/pictures/Strasbourg_March_2019_(33575449528).jpg
Cathédrale_Notre-Dame_de_Strasbourg,25880,1,commons/Rose_window_of_Notre-Dame_de_Strasbourg_(interior_view)/0/pictures/La_nef_de_la_cathédrale_de_Strasbourg.jpg
Cathédrale_Notre-Dame_de_Strasbourg,25880,1,commons/Gothic_stained_glass_windows_of_Notre-Dame_de_Strasbourg/0/pictures/Straßburg_Cathédrale_Notre-Dame_Innen_Langhaus_4.jpg
Cathédrale_Notre-Dame_de_Strasbourg,25880,1,commons/Emperor_windows_of_Strasbourg_Cathedral/0/pictures/Finale_-_Chaire.jpg
Cathédrale_Notre-Dame_de_Strasbourg,25880,1,commons/Choir_(architecture)_of_Notre-Dame_de_Strasbourg/0/pictures/StrasbourgCath_NefPano03.jpg
Cathédrale_Notre-Dame_de_Strasbourg,25880,1,commons/Nave_of_Notre-Dame_de_Strasbourg/0/pictures/Cathédrale_Notre-Dame_de_Strasbourg_@_Strasbourg_(43752035400).jpg
Cathédrale_Notre-Dame_de_Strasbourg,25880,1,commons/Rose_window_of_Notre-Dame_de_Strasbourg_(interior_view)/0/pictures/Straßburg_Cathédrale_Notre-Dame_Innen_Rosette_4.JPG
Cathédrale_Notre-Dame_de_Strasbourg,25880,1,commons/Emperor_windows_of_Strasbourg_Cathedral/0/pictures/Emperor_windows_inside_Strasbourg_Cathedral.jpg
Cathédrale_Notre-Dame_de_Strasbourg,25880,1,commons/Narthex_of_Notre-Dame_de_Strasbourg/0/pictures/Cathédrale_Notre-Dame_de_Strasbourg_@_Strasbourg_(44844631614).jpg
Cathédrale_Notre-Dame_de_Strasbourg,25880,1,commons/Pulpit_of_Notre-Dame_de_Strasbourg/0/pictures/StrasbourgCath_Chaire_01.jpg
Cathédrale_Notre-Dame_de_Strasbourg,25880,1,"commons/Rose_window_of_Notre-Dame_de_Strasbourg_(interior_view)/0/pictures/Cathédrale_de_Strasbourg,_intérieur,_rosace.jpg"
Cathédrale_Notre-Dame_de_Strasbourg,25880,1,commons/Narthex_of_Notre-Dame_de_Strasbourg/0/pictures/Strasbourg_-_Notre-Dame_de_Strasbourg_-_Narthex_-_Zoom_lens_panorama_of_the_Choir_01.jpg
Cathédrale_Notre-Dame_de_Strasbourg,25880,1,commons/Strasbourg_Cathedral_Light_Show/0/pictures/Cathédrale_N.-D._Strasbourg_spectacle_5.JPG
Cathédrale_Notre-Dame_de_Strasbourg,25880,1,"commons/Narthex_of_Notre-Dame_de_Strasbourg/0/pictures/Strasbourg_-_Notre-Dame_de_Strasbourg_-_Narthex_-_Panorama_View_on_Cathedral_Organ,_Nave_&_Choir_03.jpg"
Cathédrale_Notre-Dame_de_Strasbourg,25880,1,commons/Rose_window_of_Notre-Dame_de_Strasbourg_(interior_view)/0/pictures/14-02-07-Cathédrale_Notre-Dame_de_Strasbourg-RalfR-12.jpg
Cathédrale_Notre-Dame_de_Strasbourg,25880,1,commons/Emperor_windows_of_Strasbourg_Cathedral/0/pictures/Emperors_in_Strasbourg_(1).JPG
Cathédrale_Notre-Dame_de_Strasbourg,25880,1,commons/Rose_window_of_Notre-Dame_de_Strasbourg_(interior_view)/0/pictures/Strasbourg_-_Notre-Dame_de_Strasbourg_-_Northern_side_nave_-_First_Stained_Glass_Emperor_Window_04.jpg
Cathédrale_Notre-Dame_de_Strasbourg,25880,1,commons/Nave_of_Notre-Dame_de_Strasbourg/0/pictures/36e_rencontres_internationales_de_Taizé_Strasbourg_28_décembre_2013_45.jpg
Cathédrale_Notre-Dame_de_Strasbourg,25880,1,commons/Choir_(architecture)_of_Notre-Dame_de_Strasbourg/0/pictures/In_der_Cathédrale_Notre-Dame_de_Strasbourg.JPG
Cathédrale_Notre-Dame_de_Strasbourg,25880,1,commons/Rose_window_of_Notre-Dame_de_Strasbourg_(interior_view)/0/pictures/Strasbourg_-_Rose_Window_West_Façade_Cathedral.jpg
Cathédrale_Notre-Dame_de_Strasbourg,25880,1,commons/Nave_of_Notre-Dame_de_Strasbourg/0/pictures/2021-03-27_13-21-02_strasbourg.jpg
Cathédrale_Notre-Dame_de_Strasbourg,25880,1,commons/Rose_window_of_Notre-Dame_de_Strasbourg_(interior_view)/0/pictures/Rosace_Cathédrale_de_Strabourg.jpg
Cathédrale_Notre-Dame_de_Strasbourg,25880,1,commons/Nave_of_Notre-Dame_de_Strasbourg/0/pictures/36e_rencontres_internationales_de_Taizé_Strasbourg_28_décembre_2013_30.jpg
Cathédrale_Notre-Dame_de_Strasbourg,25880,1,commons/Rose_window_of_Notre-Dame_de_Strasbourg_(interior_view)/0/pictures/Rosace_et_orgue_de_la_cathédrale_de_Strasbourg.jpg
Cathédrale_Notre-Dame_de_Strasbourg,25880,1,commons/Narthex_of_Notre-Dame_de_Strasbourg/0/pictures/PHB_Strasbourg_8023264.jpg
Cathédrale_Notre-Dame_de_Strasbourg,25880,1,commons/Stained_glass_windows_of_Notre-Dame_de_Strasbourg/0/pictures/Strasbourg_-_Notre-Dame_de_Strasbourg_-_Narthex_-_Zoom_lens_panorama_of_the_Choir_02.jpg
Cathédrale_Notre-Dame_de_Strasbourg,25880,1,commons/Choir_(architecture)_of_Notre-Dame_de_Strasbourg/0/pictures/Obsèques_d’André_Bord_cathédrale_de_Strasbourg_18_mai_2013_18.jpg
Cathédrale_Notre-Dame_de_Strasbourg,25880,1,commons/Nave_of_Notre-Dame_de_Strasbourg/0/pictures/Absolute_Cathedrale_Strasbourg_interieur_01.JPG
Cathédrale_Notre-Dame_de_Strasbourg,25880,1,commons/Rose_window_of_Notre-Dame_de_Strasbourg_(interior_view)/0/pictures/Rose_cathédrale_Notre-Dame_Strasbourg.JPG
Cathédrale_Notre-Dame_de_Strasbourg,25880,1,commons/Rose_window_of_Notre-Dame_de_Strasbourg_(interior_view)/0/pictures/Rosace_de_la_cathédrale_de_Strasbourg_(demi_vue).jpg
Cathédrale_Notre-Dame_de_Strasbourg,25880,1,commons/Narthex_of_Notre-Dame_de_Strasbourg/0/pictures/Straßburg_(DerHexer)_2010-12-20_057.jpg
Cathédrale_Notre-Dame_de_Strasbourg,25880,1,commons/Gothic_stained_glass_windows_of_Notre-Dame_de_Strasbourg/0/pictures/Straßburg_Cathédrale_Notre-Dame_Innen_Buntglasfenster_5.jpg
Cathédrale_Notre-Dame_de_Strasbourg,25880,1,commons/Choir_(architecture)_of_Notre-Dame_de_Strasbourg/0/pictures/Straßburg_Cathédrale_Notre-Dame_Innen_Chor_1.jpg
Cathédrale_Notre-Dame_de_Strasbourg,25880,1,commons/Cathédrale_Notre-Dame_de_Strasbourg/0/pictures/Rosetta-glas.jpg
Cathédrale_Notre-Dame_de_Strasbourg,25880,1,commons/Nave_of_Notre-Dame_de_Strasbourg/0/pictures/Inside_of_the_cathédrale_Notre-Dame_de_Strasbourg_photo4.jpg
Cathédrale_Notre-Dame_de_Strasbourg,25880,1,commons/Stained_glass_windows_(Nave_of_Notre-Dame_de_Strasbourg)/0/pictures/Straßburg_Cathédrale_Notre-Dame_Innen_Obergaden_2.jpg
Cathédrale_Notre-Dame_de_Strasbourg,25880,1,commons/Rose_window_of_Notre-Dame_de_Strasbourg_(interior_view)/0/pictures/Rosace_&_Orgue_de_la_Cathédrale_Notre_Dame_de_Strasbourg_(33698107352).jpg
Cathédrale_Notre-Dame_de_Strasbourg,25880,1,"commons/Narthex_of_Notre-Dame_de_Strasbourg/0/pictures/Straßburg_1987_(09)_Narthex,_Straßburger_Münster_(51005595397).jpg"
Cathédrale_Notre-Dame_de_Strasbourg,25880,1,commons/Pulpit_of_Notre-Dame_de_Strasbourg/0/pictures/Pulpit_of_Notre-Dame_de_Strasbourg.jpg
Cathédrale_Notre-Dame_de_Strasbourg,25880,1,commons/Choir_(architecture)_of_Notre-Dame_de_Strasbourg/0/pictures/Straßburg_(46850336734).jpg
Cathédrale_Notre-Dame_de_Strasbourg,25880,1,commons/Nave_of_Notre-Dame_de_Strasbourg/0/pictures/Inside_Notre_Dame_de_Strasbourg.jpg
Cathédrale_Notre-Dame_de_Strasbourg,25880,1,commons/Nave_of_Notre-Dame_de_Strasbourg/0/pictures/Cathédrale_Notre-Dame_de_Strasbourg_@_Strasbourg_(44844622344).jpg
Cathédrale_Notre-Dame_de_Strasbourg,25880,1,commons/Rose_window_of_Notre-Dame_de_Strasbourg_(interior_view)/0/pictures/Straßburg_Cathédrale_Notre-Dame_Innen_Rosette_4a.jpg
Cathédrale_Notre-Dame_de_Strasbourg,25880,1,commons/Stained_glass_windows_(Nave_of_Notre-Dame_de_Strasbourg)/0/pictures/Straßburg_Cathédrale_Notre-Dame_Innen_Langhaus_3.jpg
Cathédrale_Notre-Dame_de_Strasbourg,25880,1,commons/Choir_(architecture)_of_Notre-Dame_de_Strasbourg/0/pictures/Straßburg_Cathédrale_Notre-Dame_Innen_Chor_4.jpg
Cathédrale_Notre-Dame_de_Strasbourg,25880,1,commons/Strasbourg_Cathedral_organ/0/pictures/Cathédrale_Notre-Dame_(5937706147).jpg
Cathédrale_Notre-Dame_de_Strasbourg,25880,1,commons/Gothic_stained_glass_windows_of_Notre-Dame_de_Strasbourg/0/pictures/14-02-07-Cathédrale_Notre-Dame_de_Strasbourg-RalfR-17.jpg
Cathédrale_Notre-Dame_de_Strasbourg,25880,1,commons/Nave_of_Notre-Dame_de_Strasbourg/0/pictures/Inside_Cathedrale_Notre_Dame_in_Strasbourg_(2520665776).jpg
Cathédrale_Notre-Dame_de_Strasbourg,25880,1,commons/Nave_of_Notre-Dame_de_Strasbourg/0/pictures/Cathédrale_Notre-Dame_de_Strasbourg_@_Strasbourg_(44844631614).jpg
Cathédrale_Notre-Dame_de_Strasbourg,25880,1,commons/Rose_window_of_Notre-Dame_de_Strasbourg_(interior_view)/0/pictures/Straßburger_Muenster_7.jpg
Cathédrale_Notre-Dame_de_Strasbourg,25880,1,commons/Choir_(architecture)_of_Notre-Dame_de_Strasbourg/0/pictures/Straßburg_(DerHexer)_2010-12-20_059.jpg
Cathédrale_Notre-Dame_de_Strasbourg,25880,1,commons/Green_ray_on_pulpit_of_Notre-Dame_de_Strasbourg/0/pictures/Rayon_vert_2018.jpg
Cathédrale_Notre-Dame_de_Strasbourg,25880,1,commons/Dome_of_Notre-Dame_de_Strasbourg/0/pictures/Le_dôme_du_choeur_de_la_cathédrale_de_Strasbourg.jpg
Cathédrale_Notre-Dame_de_Strasbourg,25880,1,commons/Nave_of_Notre-Dame_de_Strasbourg/0/pictures/Strasbourg_Cathedral_in_July_2022_20.jpg
Cathédrale_Notre-Dame_de_Strasbourg,25880,1,commons/Choir_(architecture)_of_Notre-Dame_de_Strasbourg/0/pictures/Straßburg_(DerHexer)_2010-12-20_061.jpg
Cathédrale_Notre-Dame_de_Strasbourg,25880,1,commons/Choir_(architecture)_of_Notre-Dame_de_Strasbourg/0/pictures/Cathédrale_Notre-Dame_de_Strasbourg_@_Strasbourg_(45569510041).jpg
Cathédrale_Notre-Dame_de_Strasbourg,25880,1,commons/Stained_glass_windows_(Nave_of_Notre-Dame_de_Strasbourg)/0/pictures/Straßburg_Münster_2009-013.jpg
Cathédrale_Notre-Dame_de_Strasbourg,25880,1,commons/Emperor_windows_of_Strasbourg_Cathedral/0/pictures/Emperors_in_Strasbourg_(3).JPG
Cathédrale_Notre-Dame_de_Strasbourg,25880,1,commons/Gothic_stained_glass_windows_of_Notre-Dame_de_Strasbourg/0/pictures/Straßburger_Muenster_8.jpg
Cathédrale_Notre-Dame_de_Strasbourg,25880,1,"commons/Choir_(architecture)_of_Notre-Dame_de_Strasbourg/0/pictures/Straßburg_1987_(06)_Chor,_Straßburger_Münster_(50984036203).jpg"
Cathédrale_Notre-Dame_de_Strasbourg,25880,1,commons/Nave_of_Notre-Dame_de_Strasbourg/0/pictures/La_cattedrale_-_panoramio_(7).jpg
Cathédrale_Notre-Dame_de_Strasbourg,25880,1,commons/Emperor_windows_of_Strasbourg_Cathedral/0/pictures/Notre_dame_(4).jpg
Cathédrale_Notre-Dame_de_Strasbourg,25880,1,"commons/Retable_de_saint_Pancrace,_saint_Nicolas_et_sainte_Catherine_de_la_Cathédrale_Notre-Dame_de_Strasbourg/0/pictures/Cathedrale-de-Strasbourg-IMG_1253.jpg"
Cathédrale_Notre-Dame_de_Strasbourg,25880,1,commons/Dome_of_Notre-Dame_de_Strasbourg/0/pictures/Strasbourg_Cathedral_crossing_dome_and_apse.jpg
Cathédrale_Notre-Dame_de_Strasbourg,25880,1,commons/Dome_of_Notre-Dame_de_Strasbourg/0/pictures/Cathédrale_Notre-Dame_de_Strasbourg_@_Strasbourg_(45519127442).jpg
Cathédrale_Notre-Dame_de_Strasbourg,25880,1,commons/Strasbourg_Cathedral_organ/0/pictures/StrasbourgCathOrgue_18.JPG
Cathédrale_Notre-Dame_de_Strasbourg,25880,1,commons/Nave_of_Notre-Dame_de_Strasbourg/0/pictures/Strasbourg_Cathedral_-_panoramio_(32).jpg
Cathédrale_Notre-Dame_de_Strasbourg,25880,1,commons/Dome_of_Notre-Dame_de_Strasbourg/0/pictures/Strasbourg_Cathedral_(18224664568).jpg
Cathédrale_Notre-Dame_de_Strasbourg,25880,1,commons/Strasbourg_Cathedral_organ/0/pictures/Straßburg_Cathédrale_Notre-Dame_Innen_Orgel_8.jpg
Cathédrale_Notre-Dame_de_Strasbourg,25880,1,commons/Nave_of_Notre-Dame_de_Strasbourg/0/pictures/Strasbourg_Cathédrale_interieur_(1).jpg
Cathédrale_Notre-Dame_de_Strasbourg,25880,1,commons/Rose_window_of_Notre-Dame_de_Strasbourg_(interior_view)/0/pictures/Rosace_cathedrale_strasbourg.jpg
Cathédrale_Notre-Dame_de_Strasbourg,25880,1,commons/Nave_of_Notre-Dame_de_Strasbourg/0/pictures/14-02-07-Cathédrale_Notre-Dame_de_Strasbourg-RalfR-13.jpg
Cathédrale_Notre-Dame_de_Strasbourg,25880,1,commons/Pulpit_of_Notre-Dame_de_Strasbourg/0/pictures/Strasbourg_-_Notre-Dame_de_Strasbourg_-_Nave_-_Pulpit_1485_by_Hans_Hammer_08.jpg
Cathédrale_Notre-Dame_de_Strasbourg,25880,1,commons/Rose_window_of_Notre-Dame_de_Strasbourg_(interior_view)/0/pictures/CathéStras_CIMG8415_(46897827702).jpg
Cathédrale_Notre-Dame_de_Strasbourg,25880,1,commons/Choir_(architecture)_of_Notre-Dame_de_Strasbourg/0/pictures/Straßburg_(DerHexer)_2010-12-20_065.jpg
Cathédrale_Notre-Dame_de_Strasbourg,25880,1,commons/Nave_of_Notre-Dame_de_Strasbourg/0/pictures/La_nef_de_la_cathédrale_de_Strasbourg.jpg
Cathédrale_Notre-Dame_de_Strasbourg,25880,1,commons/Emperor_windows_of_Strasbourg_Cathedral/0/pictures/Kaiserfenster_im_Straßburger_Münster.jpg
Cathédrale_Notre-Dame_de_Strasbourg,25880,1,commons/Dome_of_Notre-Dame_de_Strasbourg/0/pictures/StrasbourgCath_Choeur_15.JPG
Cathédrale_Notre-Dame_de_Strasbourg,25880,1,"commons/Nave_of_Notre-Dame_de_Strasbourg/0/pictures/Strasbourg,_voûte_bas-côté.jpg"
Cathédrale_Notre-Dame_de_Strasbourg,25880,1,commons/Choir_(architecture)_of_Notre-Dame_de_Strasbourg/0/pictures/Straßburg_im_Sommer_2013_(9982721843).jpg
Cathédrale_Notre-Dame_de_Strasbourg,25880,1,commons/Nave_of_Notre-Dame_de_Strasbourg/0/pictures/Nave_organ_and_stained_glass_windows_of_Strasbourg_Cathedral_-_2.jpg
Cathédrale_Notre-Dame_de_Strasbourg,25880,1,"commons/Emperor_windows_of_Strasbourg_Cathedral/0/pictures/Strasbourg_(Bas-Rhin)_-_Cathédrale_Notre-Dame_-_Verrières_basses_coté_nord_(baie_13)_-_Otton_Ier,_Otton_II,_Otton_III,_Conrad_II.jpg"
Cathédrale_Notre-Dame_de_Strasbourg,25880,1,commons/Emperor_windows_of_Strasbourg_Cathedral/0/pictures/Strasbourg_-_Notre-Dame_de_Strasbourg_-_Northern_side_nave_-_Second_Stained_Glass_Emperor_Window_01.jpg
Cathédrale_Notre-Dame_de_Strasbourg,25880,1,"commons/Emperor_windows_of_Strasbourg_Cathedral/0/pictures/Bas-côté_nord,_baie_VI_Otto_III_Rex_(dernier_tiers_XIIe).jpg"
Cathédrale_Notre-Dame_de_Strasbourg,25880,1,"commons/Emperor_windows_of_Strasbourg_Cathedral/0/pictures/Conrad_II_et_prince_impérial,_vitrail_roman,_Cathédrale_de_Strasbourg.jpg"
Cathédrale_Notre-Dame_de_Strasbourg,25880,1,commons/Emperor_windows_of_Strasbourg_Cathedral/0/pictures/2010_06_24_canaltrip_strasbourg_256z_(22657992899).jpg
Cathédrale_Notre-Dame_de_Strasbourg,25880,1,commons/Choir_(architecture)_of_Notre-Dame_de_Strasbourg/0/pictures/Strasbourg_Cathedral_-_panoramio_(11).jpg
Cathédrale_Notre-Dame_de_Strasbourg,25880,1,commons/Nave_of_Notre-Dame_de_Strasbourg/0/pictures/Cathédrale_Notre-Dame_(5938269320).jpg
Cathédrale_Notre-Dame_de_Strasbourg,25880,1,commons/Rose_window_of_Notre-Dame_de_Strasbourg_(interior_view)/0/pictures/Straßburg_(DerHexer)_2010-12-20_066.jpg
Cathédrale_Notre-Dame_de_Strasbourg,25880,1,commons/Emperor_windows_of_Strasbourg_Cathedral/0/pictures/2010_06_24_canaltrip_strasbourg_250z_(22631943778).jpg
Cathédrale_Notre-Dame_de_Strasbourg,25880,1,commons/Rose_window_of_Notre-Dame_de_Strasbourg_(interior_view)/0/pictures/Gros_plan_de_la_rosace_de_la_cathédrale_de_Strasbourg.jpg
Cathédrale_Notre-Dame_de_Strasbourg,25880,1,commons/Narthex_of_Notre-Dame_de_Strasbourg/0/pictures/Strasbourg_-_Notre-Dame_de_Strasbourg_-_Narthex_-_Zoom_lens_panorama_of_the_Choir_02.jpg
Cathédrale_Notre-Dame_de_Strasbourg,25880,1,commons/Pulpit_of_Notre-Dame_de_Strasbourg/0/pictures/Finale_-_Chaire.jpg
Cathédrale_Notre-Dame_de_Strasbourg,25880,1,commons/Gothic_stained_glass_windows_of_Notre-Dame_de_Strasbourg/0/pictures/StrasbourgCath_Triforium_01.jpg
Cathédrale_Notre-Dame_de_Strasbourg,25880,1,commons/Emperor_windows_of_Strasbourg_Cathedral/0/pictures/Cathédrale_Notre-Dame_de_Strasbourg_@_Strasbourg_(45569496961).jpg
Cathédrale_Notre-Dame_de_Strasbourg,25880,1,commons/Rose_window_of_Notre-Dame_de_Strasbourg_(interior_view)/0/pictures/Cathédrale_de_Strasbourg_25_(9389606885).jpg
Cathédrale_Notre-Dame_de_Strasbourg,25880,1,commons/Narthex_of_Notre-Dame_de_Strasbourg/0/pictures/Strasbourg_-_Notre-Dame_de_Strasbourg_-_Narthex_-_Zoom_lens_panorama_of_the_Choir_04.jpg
Cathédrale_Notre-Dame_de_Strasbourg,25880,1,"commons/Emperor_windows_of_Strasbourg_Cathedral/0/pictures/Cathédrale_de_Strasbourg,_vitraux_de_la_série_des_empereurs_du_Saint_Empire_Romain_Germanique.jpg"
Cathédrale_Notre-Dame_de_Strasbourg,25880,1,commons/Gothic_stained_glass_windows_of_Notre-Dame_de_Strasbourg/0/pictures/Straßburg_Cathédrale_Notre-Dame_Innen_Langhaus_2.jpg
Cathédrale_Notre-Dame_de_Strasbourg,25880,1,"commons/Retable_de_saint_Pancrace,_saint_Nicolas_et_sainte_Catherine_de_la_Cathédrale_Notre-Dame_de_Strasbourg/0/pictures/StrasbourgCath_RetableStPancrace_03.JPG"
Cathédrale_Notre-Dame_de_Strasbourg,25880,1,commons/Emperor_windows_of_Strasbourg_Cathedral/0/pictures/Cathedral_windows.jpg
Cathédrale_Notre-Dame_de_Strasbourg,25880,1,commons/Choir_(architecture)_of_Notre-Dame_de_Strasbourg/0/pictures/StrasbourgCath_Choeur_14.JPG
Cathédrale_Notre-Dame_de_Strasbourg,25880,1,commons/Rose_window_of_Notre-Dame_de_Strasbourg_(interior_view)/0/pictures/Straßburg_(DerHexer)_2010-12-20_057.jpg
Cathédrale_Notre-Dame_de_Strasbourg,25880,1,"commons/Emperor_windows_of_Strasbourg_Cathedral/0/pictures/Buntglasfenster_Straßburger_Münster_2005_(Kaiserfenster,_Sp1221).jpg"
Cathédrale_Notre-Dame_de_Strasbourg,25880,1,commons/Gothic_stained_glass_windows_of_Notre-Dame_de_Strasbourg/0/pictures/Straßburg_Cathédrale_Notre-Dame_Innen_Obergaden_2.jpg
Cathédrale_Notre-Dame_de_Strasbourg,25880,1,commons/Choir_(architecture)_of_Notre-Dame_de_Strasbourg/0/pictures/Straßburg_Cathédrale_Notre-Dame_Innen_Chor_2.jpg
Cathédrale_Notre-Dame_de_Strasbourg,25880,1,commons/Strasbourg_Cathedral_choir_organ/0/pictures/Merklin_Orgue_de_Choeur_Cathédrale_Strasbourg.jpg
Cathédrale_Notre-Dame_de_Strasbourg,25880,1,commons/Nave_of_Notre-Dame_de_Strasbourg/0/pictures/Cathédrale_de_Strasbourg_-_Intérieur.jpg
Cathédrale_Notre-Dame_de_Strasbourg,25880,1,commons/Stained_glass_windows_(Nave_of_Notre-Dame_de_Strasbourg)/0/pictures/Straßburg_Cathédrale_Notre-Dame_Innen_Langhaus_4.jpg
Cathédrale_Notre-Dame_de_Strasbourg,25880,1,commons/Emperor_windows_of_Strasbourg_Cathedral/0/pictures/Finestra_cattedrale_di_Strasburgo.jpg
Cathédrale_Notre-Dame_de_Strasbourg,25880,1,commons/Gothic_stained_glass_windows_of_Notre-Dame_de_Strasbourg/0/pictures/Vitraux-5.jpg
Cathédrale_Notre-Dame_de_Strasbourg,25880,1,"commons/Emperor_windows_of_Strasbourg_Cathedral/0/pictures/Emperor_windows,_Strasbourg.jpg"
Cathédrale_Notre-Dame_de_Strasbourg,25880,1,commons/Gothic_stained_glass_windows_of_Notre-Dame_de_Strasbourg/0/pictures/Vue-de-la-nef.jpg
Cathédrale_Notre-Dame_de_Strasbourg,25880,1,commons/Choir_(architecture)_of_Notre-Dame_de_Strasbourg/0/pictures/Εσωτερικό_καθεδρικού_ναού_Notre_Dame_Στρασβούργο.jpg
Cathédrale_Notre-Dame_de_Strasbourg,25880,1,commons/Nave_of_Notre-Dame_de_Strasbourg/0/pictures/Intérieur_de_la_Cathédrale_Notre-Dame_de_Strasbourg.jpg
Cathédrale_Notre-Dame_de_Strasbourg,25880,1,commons/Choir_(architecture)_of_Notre-Dame_de_Strasbourg/0/pictures/Choeur_(architecture)_de_la_cathédrale_de_Strasbourg.jpg
Cathédrale_Notre-Dame_de_Strasbourg,25880,1,commons/Stained_glass_windows_(Nave_of_Notre-Dame_de_Strasbourg)/0/pictures/Straßburger_Muenster_8.jpg
Cathédrale_Notre-Dame_de_Strasbourg,25880,1,commons/Nave_of_Notre-Dame_de_Strasbourg/0/pictures/00_1006_Strasbourg_-_La_Cathédrale_Notre-Dame.jpg
Cathédrale_Notre-Dame_de_Strasbourg,25880,1,commons/Rose_window_of_Notre-Dame_de_Strasbourg_(interior_view)/0/pictures/Cathédrale_Notre-Dame_de_Strasbourg_@_Strasbourg_(45519136152).jpg
Cathédrale_Notre-Dame_de_Strasbourg,25880,1,commons/Emperor_windows_of_Strasbourg_Cathedral/0/pictures/PHB_Strasbourg_8023273.jpg
Cathédrale_Notre-Dame_de_Strasbourg,25880,1,"commons/Rose_window_of_Notre-Dame_de_Strasbourg_(interior_view)/0/pictures/Stained_glass_window,_Cathedral_Notre_Dame,_Strasbourg.jpg"
Cathédrale_Notre-Dame_de_Strasbourg,25880,1,commons/Nave_of_Notre-Dame_de_Strasbourg/0/pictures/14-02-07-Cathédrale_Notre-Dame_de_Strasbourg-RalfR-16.jpg
Cathédrale_Notre-Dame_de_Strasbourg,25880,1,commons/Rose_window_of_Notre-Dame_de_Strasbourg_(interior_view)/0/pictures/Close-up_of_Strasbourg_Cathedral's_rose_window.jpg
Cathédrale_Notre-Dame_de_Strasbourg,25880,1,commons/Emperor_windows_of_Strasbourg_Cathedral/0/pictures/PHB_Strasbourg_8023279.jpg
Cathédrale_Notre-Dame_de_Strasbourg,25880,1,commons/Emperor_windows_of_Strasbourg_Cathedral/0/pictures/Rayon_vert_2018.jpg
Cathédrale_Notre-Dame_de_Strasbourg,25880,1,"commons/Emperor_windows_of_Strasbourg_Cathedral/0/pictures/Otto,_Otto,_Otto,_Conrad.jpg"
Cathédrale_Notre-Dame_de_Strasbourg,25880,1,commons/Rose_window_of_Notre-Dame_de_Strasbourg_(interior_view)/0/pictures/Strasbourg_(Bas-Rhin)_-_Cathédrale_Notre-Dame_-_La_rose_d'Erwin_de_Steinbach_(façade_ouest)_-_52183983480.jpg
Cathédrale_Notre-Dame_de_Strasbourg,25880,1,commons/Nave_of_Notre-Dame_de_Strasbourg/0/pictures/2010_06_24_canaltrip_strasbourg_236z_(22427538574).jpg
Cathédrale_Notre-Dame_de_Strasbourg,25880,1,"commons/Pulpit_of_Notre-Dame_de_Strasbourg/0/pictures/Strasbourg_-_Notre-Dame_de_Strasbourg_-_Northern_Side_Nave_-_View_on_Central_Nave,_Chapelle_Saint-Catherine_&_Pulpit_1485_by_Hans_Hammer_03.jpg"
Cathédrale_Notre-Dame_de_Strasbourg,25880,1,commons/Emperor_windows_of_Strasbourg_Cathedral/0/pictures/Pepin_the_Short_and_Louis_the_Pious.jpg
Cathédrale_Notre-Dame_de_Strasbourg,25880,1,commons/Emperor_windows_of_Strasbourg_Cathedral/0/pictures/Strasbourg_-_2016_(29981796065).jpg
Cathédrale_Notre-Dame_de_Strasbourg,25880,1,commons/Gothic_stained_glass_windows_of_Notre-Dame_de_Strasbourg/0/pictures/14-02-07-Cathédrale_Notre-Dame_de_Strasbourg-RalfR-13.jpg
Cathédrale_Notre-Dame_de_Strasbourg,25880,1,commons/Nave_of_Notre-Dame_de_Strasbourg/0/pictures/Innenraum_Straßburger_Münster_2018.jpg
Cathédrale_Notre-Dame_de_Strasbourg,25880,1,commons/Stained_glass_windows_(Nave_of_Notre-Dame_de_Strasbourg)/0/pictures/Straßburg_Cathédrale_Notre-Dame_Innen_Langhaus_2.jpg
Cathédrale_Notre-Dame_de_Strasbourg,25880,1,commons/Emperor_windows_of_Strasbourg_Cathedral/0/pictures/Strasbourg_-_2016_(29355141283).jpg
Cathédrale_Notre-Dame_de_Strasbourg,25880,1,commons/Emperor_windows_of_Strasbourg_Cathedral/0/pictures/Strasbourg_-_2016_(29981794425).jpg
Cathédrale_Notre-Dame_de_Strasbourg,25880,1,commons/Emperor_windows_of_Strasbourg_Cathedral/0/pictures/Strasbourg_-_Notre-Dame_de_Strasbourg_-_Northern_side_nave_-_Fifth_Stained_Glass_Emperor_Window_01.jpg
Cathédrale_Notre-Dame_de_Strasbourg,25880,1,commons/Emperor_windows_of_Strasbourg_Cathedral/0/pictures/Strasbourg_-_Cathedral_-_View_NW.jpg
Cathédrale_Notre-Dame_de_Strasbourg,25880,1,commons/Emperor_windows_of_Strasbourg_Cathedral/0/pictures/Strasbourg_-_Notre-Dame_de_Strasbourg_-_Northern_side_nave_-_First_Stained_Glass_Emperor_Window_01.jpg
Cathédrale_Notre-Dame_de_Strasbourg,25880,1,commons/Rose_window_of_Notre-Dame_de_Strasbourg_(interior_view)/0/pictures/Strasbourg_Cathédrale_interieur_(3).jpg
Cathédrale_Notre-Dame_de_Strasbourg,25880,1,commons/Nave_of_Notre-Dame_de_Strasbourg/0/pictures/Alone_In_Front_Of_The_Huge_(235334793).jpeg
Cathédrale_Notre-Dame_de_Strasbourg,25880,1,commons/Pulpit_of_Notre-Dame_de_Strasbourg/0/pictures/StrasbourgCath_Chaire_4.JPG
Cathédrale_Notre-Dame_de_Strasbourg,25880,1,commons/Rose_window_of_Notre-Dame_de_Strasbourg_(interior_view)/0/pictures/Rose_window_of_Notre-Dame_de_Strasbourg.jpg
Cathédrale_Notre-Dame_de_Strasbourg,25880,1,commons/Emperor_windows_of_Strasbourg_Cathedral/0/pictures/Strasbourg_-_Notre-Dame_de_Strasbourg_-_Northern_side_nave_-_Third_Stained_Glass_Emperor_Window_01.jpg
Cathédrale_Notre-Dame_de_Strasbourg,25880,1,commons/Emperor_windows_of_Strasbourg_Cathedral/0/pictures/Strasbourg_-_Notre-Dame_de_Strasbourg_-_Northern_side_nave_-_Fourth_Stained_Glass_Emperor_Window_01.jpg
Cathédrale_Notre-Dame_de_Strasbourg,25880,1,commons/Gothic_stained_glass_windows_of_Notre-Dame_de_Strasbourg/0/pictures/2021-03-27_13-17-18_strasbourg.jpg
Cathédrale_Notre-Dame_de_Strasbourg,25880,1,commons/Emperor_windows_of_Strasbourg_Cathedral/0/pictures/Strasbourg_-_Notre-Dame_de_Strasbourg_-_Northern_side_nave_-_First_Stained_Glass_Emperor_Window_03.jpg
Cathédrale_Notre-Dame_de_Strasbourg,25880,1,commons/Emperor_windows_of_Strasbourg_Cathedral/0/pictures/Strasbourg_Cathedral_(52297061457).jpg
Cathédrale_Notre-Dame_de_Strasbourg,25880,1,commons/Emperor_windows_of_Strasbourg_Cathedral/0/pictures/StrasbourgCath_BasCoteN_02.JPG
Cathédrale_Notre-Dame_de_Strasbourg,25880,1,commons/Emperor_windows_of_Strasbourg_Cathedral/0/pictures/Strasbourg_-_Notre-Dame_de_Strasbourg_-_Northern_side_nave_-_Third_Stained_Glass_Emperor_Window_03.jpg
Cathédrale_Notre-Dame_de_Strasbourg,25880,1,commons/Rose_window_of_Notre-Dame_de_Strasbourg_(interior_view)/0/pictures/Straßburg_Cathédrale_Notre-Dame_Innen_Rosette_3a.jpg
Cathédrale_Notre-Dame_de_Strasbourg,25880,1,commons/Nave_of_Notre-Dame_de_Strasbourg/0/pictures/Cathédrale_Notre-Dame_de_Strasbourg_@_Strasbourg_(43752048810).jpg
Cathédrale_Notre-Dame_de_Strasbourg,25880,1,commons/West_facade_of_Notre-Dame_de_Strasbourg/0/pictures/Cathédrale_N.D._Strasbourg_spectacle_3.JPG
Cathédrale_Notre-Dame_de_Strasbourg,25880,1,commons/Emperor_windows_of_Strasbourg_Cathedral/0/pictures/StrasbourgCath_BasCoteN_04.JPG
Cathédrale_Notre-Dame_de_Strasbourg,25880,1,commons/Strasbourg_Cathedral_organ/0/pictures/Notre-Dame_de_Strasbourg_(48717198736).jpg
Cathédrale_Notre-Dame_de_Strasbourg,25880,1,commons/Nave_of_Notre-Dame_de_Strasbourg/0/pictures/Strasbourg_(Bas-Rhin)_-_Cathédrale_Notre-Dame_-_Voûtes_du_bas-coté_sud.jpg
Cathédrale_Notre-Dame_de_Strasbourg,25880,1,commons/Gothic_stained_glass_windows_of_Notre-Dame_de_Strasbourg/0/pictures/Detail_vitrail_cathedrale_strasbourg.jpg
Cathédrale_Notre-Dame_de_Strasbourg,25880,1,commons/Strasbourg_Cathedral_organ/0/pictures/Cathédrale_Notre-Dame_(5937704855).jpg
Cathédrale_Notre-Dame_de_Strasbourg,25880,1,commons/Nave_of_Notre-Dame_de_Strasbourg/0/pictures/Nef_Strasbourg_CRW_2433.jpg
Cathédrale_Notre-Dame_de_Strasbourg,25880,1,commons/Emperor_windows_of_Strasbourg_Cathedral/0/pictures/StrasbourgCath_BasCoteN_06.JPG
Cathédrale_Notre-Dame_de_Strasbourg,25880,1,commons/Emperor_windows_of_Strasbourg_Cathedral/0/pictures/StrasbourgCath_BasCoteN_04a.jpg
Cathédrale_Notre-Dame_de_Strasbourg,25880,1,commons/Emperor_windows_of_Strasbourg_Cathedral/0/pictures/Vitrail_de_la_série_des_empereurs_dans_la_Cathédrale_de_Strasbourg.jpg
Cathédrale_Notre-Dame_de_Strasbourg,25880,1,commons/Nave_of_Notre-Dame_de_Strasbourg/0/pictures/Cathédrale_de_Strasbourg_01.JPG
Cathédrale_Notre-Dame_de_Strasbourg,25880,1,"commons/Nave_of_Notre-Dame_de_Strasbourg/0/pictures/Choir_(architecture)_of_Cathédrale_Notre-Dame,_Strasbourg.JPG"
Cathédrale_Notre-Dame_de_Strasbourg,25880,1,commons/Nave_of_Notre-Dame_de_Strasbourg/0/pictures/Cathedral_of_Our_Lady_of_Strasbourg_-_panoramio.jpg
Cathédrale_Notre-Dame_de_Strasbourg,25880,1,commons/Rose_window_of_Notre-Dame_de_Strasbourg_(interior_view)/0/pictures/Straßburg_(DerHexer)_2010-12-20_062.jpg
Cathédrale_Notre-Dame_de_Strasbourg,25880,1,"commons/Nave_of_Notre-Dame_de_Strasbourg/0/pictures/France_-_Alsace,_Strasbourg_-_panoramio_(20).jpg"
Cathédrale_Notre-Dame_de_Strasbourg,25880,1,commons/Nave_of_Notre-Dame_de_Strasbourg/0/pictures/Cathédrale_Notre-Dame_de_Strasbourg_(46685274052).jpg
Cathédrale_Notre-Dame_de_Strasbourg,25880,1,commons/Rose_window_of_Notre-Dame_de_Strasbourg_(interior_view)/0/pictures/Straßburg_Cathédrale_Notre-Dame_Innen_Rosette_2.JPG
Cathédrale_Notre-Dame_de_Strasbourg,25880,1,commons/Stained_glass_windows_(Nave_of_Notre-Dame_de_Strasbourg)/0/pictures/StrasbourgCath_Triforium_01.jpg
Cathédrale_Notre-Dame_de_Strasbourg,25880,1,"commons/Nave_of_Notre-Dame_de_Strasbourg/0/pictures/France_-_Alsace,_Strasbourg_-_panoramio_(25).jpg"
Cathédrale_Notre-Dame_de_Strasbourg,25880,1,commons/Nave_of_Notre-Dame_de_Strasbourg/0/pictures/Cathédrale_Notre-Dame_de_Strasbourg_@_Strasbourg_(31697059128).jpg
Cathédrale_Notre-Dame_de_Strasbourg,25880,1,commons/Rose_window_of_Notre-Dame_de_Strasbourg_(interior_view)/0/pictures/Straßburg_Cathédrale_Notre-Dame_Innen_Rosette_3.JPG
Cathédrale_Notre-Dame_de_Strasbourg,25880,1,commons/Nave_of_Notre-Dame_de_Strasbourg/0/pictures/Inside_(5673417455).jpg
Cathédrale_Notre-Dame_de_Strasbourg,25880,1,commons/Nave_of_Notre-Dame_de_Strasbourg/0/pictures/Cathédrale_Notre-Dame_de_Strasbourg_@_Strasbourg_(43752030520).jpg
Cathédrale_Notre-Dame_de_Strasbourg,25880,1,commons/Rose_window_of_Notre-Dame_de_Strasbourg_(interior_view)/0/pictures/Straßburg_Cathédrale_Notre-Dame_Innen_Rosette_2a.jpg
Cathédrale_Notre-Dame_de_Strasbourg,25880,1,commons/Nave_of_Notre-Dame_de_Strasbourg/0/pictures/Inside_of_the_cathédrale_Notre-Dame_de_Strasbourg_photo11.jpg
Cathédrale_Notre-Dame_de_Strasbourg,25880,1,commons/Choir_(architecture)_of_Notre-Dame_de_Strasbourg/0/pictures/14-02-07-Cathédrale_Notre-Dame_de_Strasbourg-RalfR-10.jpg
Cathédrale_Notre-Dame_de_Strasbourg,25880,1,commons/Stained_glass_windows_(Nave_of_Notre-Dame_de_Strasbourg)/0/pictures/Straßburg_Cathédrale_Notre-Dame_Innen_Langhaus_1.jpg
Cathédrale_Notre-Dame_de_Strasbourg,25880,1,commons/Strasbourg_Cathedral_choir_organ/0/pictures/Choeur_(architecture)_de_la_cathédrale_de_Strasbourg.jpg
Cathédrale_Notre-Dame_de_Strasbourg,25880,1,commons/Nave_of_Notre-Dame_de_Strasbourg/0/pictures/Interior_of_Notre-Dame_de_Strasbourg_20150729-1.jpg
Cathédrale_Notre-Dame_de_Strasbourg,25880,1,commons/Nave_of_Notre-Dame_de_Strasbourg/0/pictures/Cathédrale_Notre-Dame_de_Strasbourg_@_Strasbourg_(45519131722).jpg
Cathédrale_Notre-Dame_de_Strasbourg,25880,1,commons/Rose_window_of_Notre-Dame_de_Strasbourg_(interior_view)/0/pictures/Straßburg_Münster_2009-006.jpg
Cathédrale_Notre-Dame_de_Strasbourg,25880,1,commons/Stained_glass_windows_(Nave_of_Notre-Dame_de_Strasbourg)/0/pictures/Straßburg_Cathédrale_Notre-Dame_Innen_Buntglasfenster_5.jpg
Cathédrale_Notre-Dame_de_Strasbourg,25880,1,commons/Nave_of_Notre-Dame_de_Strasbourg/0/pictures/Nave_of_Notre-Dame_de_Strasbourg.jpg
Cathédrale_Notre-Dame_de_Strasbourg,25880,1,commons/Nave_of_Notre-Dame_de_Strasbourg/0/pictures/Nave_of_Notre-Dame_de_Strasbourg_interior_01.jpg
Cathédrale_Notre-Dame_de_Strasbourg,25880,1,commons/Nave_of_Notre-Dame_de_Strasbourg/0/pictures/Nef_centrale_de_la_cathédrale_de_Strasbourg.jpg
Cathédrale_Notre-Dame_de_Strasbourg,25880,1,commons/Nave_of_Notre-Dame_de_Strasbourg/0/pictures/Nef_de_Notre-Dame-de-Strasbourg.jpg
Cathédrale_Notre-Dame_de_Strasbourg,25880,1,commons/Nave_of_Notre-Dame_de_Strasbourg/0/pictures/Nave_organ_and_stained_glass_windows_of_Strasbourg_Cathedral_-_3.jpg
Cathédrale_Notre-Dame_de_Strasbourg,25880,1,commons/Nave_of_Notre-Dame_de_Strasbourg/0/pictures/Nave_of_Notre-Dame_de_Strasbourg_interior_02.jpg
Cathédrale_Notre-Dame_de_Strasbourg,25880,1,commons/Nave_of_Notre-Dame_de_Strasbourg/0/pictures/Nave_organ_and_stained_glass_windows_of_Strasbourg_Cathedral_-_1.jpg
Cathédrale_Notre-Dame_de_Strasbourg,25880,1,commons/Choir_(architecture)_of_Notre-Dame_de_Strasbourg/0/pictures/Chœur_cathédrale_Strasbourg.jpg
Cathédrale_Notre-Dame_de_Strasbourg,25880,1,commons/Stained_glass_windows_(Nave_of_Notre-Dame_de_Strasbourg)/0/pictures/Vitraux-5.jpg
Cathédrale_Notre-Dame_de_Strasbourg,25880,1,commons/Nave_of_Notre-Dame_de_Strasbourg/0/pictures/Nef_de_la_Cathédrale_Notre-Dame_de_Strasbourg.jpg
Cathédrale_Notre-Dame_de_Strasbourg,25880,1,commons/Strasbourg_Cathedral_organ/0/pictures/14-02-07-Cathédrale_Notre-Dame_de_Strasbourg-RalfR-20.jpg
Cathédrale_Notre-Dame_de_Strasbourg,25880,1,commons/Nave_of_Notre-Dame_de_Strasbourg/0/pictures/Nef_cathédrale_Strasbourg.jpg
Cathédrale_Notre-Dame_de_Strasbourg,25880,1,commons/Choir_(architecture)_of_Notre-Dame_de_Strasbourg/0/pictures/Inside_Cathedrale_Notre_Dame_in_Strasbourg_(2520665776).jpg
Cathédrale_Notre-Dame_de_Strasbourg,25880,1,commons/Stained_glass_windows_(Nave_of_Notre-Dame_de_Strasbourg)/0/pictures/That_they_could_build_like_this_in_the_old_days!_(10040898874).jpg
Cathédrale_Notre-Dame_de_Strasbourg,25880,1,commons/Strasbourg_Cathedral_organ/0/pictures/14-02-07-Cathédrale_Notre-Dame_de_Strasbourg-RalfR-11.jpg
Cathédrale_Notre-Dame_de_Strasbourg,25880,1,commons/Nave_of_Notre-Dame_de_Strasbourg/0/pictures/PMa_000257_F_Strasbourg.jpg
Cathédrale_Notre-Dame_de_Strasbourg,25880,1,commons/Nave_of_Notre-Dame_de_Strasbourg/0/pictures/Nef_de_la_cathédrale_de_Strasbourg.jpg
Cathédrale_Notre-Dame_de_Strasbourg,25880,1,commons/Strasbourg_Cathedral_organ/0/pictures/Cathédrale_Notre-Dame_de_Strasbourg_@_Strasbourg_(43752048810).jpg
Cathédrale_Notre-Dame_de_Strasbourg,25880,1,commons/Nave_of_Notre-Dame_de_Strasbourg/0/pictures/Orgue_et_voûtes_de_la_cathédrale_de_Strasbourg.jpg
Cathédrale_Notre-Dame_de_Strasbourg,25880,1,commons/Strasbourg_Cathedral_organ/0/pictures/Cathédrale_de_Strasbourg_01.JPG
Cathédrale_Notre-Dame_de_Strasbourg,25880,1,commons/Nave_of_Notre-Dame_de_Strasbourg/0/pictures/Pipe_organ_@_Cathédrale_Notre-Dame_de_Strasbourg_@_Strasbourg_(44844638984).jpg
Cathédrale_Notre-Dame_de_Strasbourg,25880,1,commons/Strasbourg_Cathedral_organ/0/pictures/2021-03-27_13-31-59_strasbourg.jpg
Cathédrale_Notre-Dame_de_Strasbourg,25880,1,commons/Nave_of_Notre-Dame_de_Strasbourg/0/pictures/Pipe_organ_@_Cathédrale_Notre-Dame_de_Strasbourg_@_Strasbourg_(45519124292).jpg
Cathédrale_Notre-Dame_de_Strasbourg,25880,1,"commons/Strasbourg_Cathedral_organ/0/pictures/France_-_Alsace,_Strasbourg_-_panoramio_(25).jpg"
Cathédrale_Notre-Dame_de_Strasbourg,25880,1,commons/Nave_of_Notre-Dame_de_Strasbourg/0/pictures/Obsèques_d’André_Bord_cathédrale_de_Strasbourg_18_mai_2013_05.jpg
Cathédrale_Notre-Dame_de_Strasbourg,25880,1,commons/Nave_of_Notre-Dame_de_Strasbourg/0/pictures/Obsèques_d’André_Bord_cathédrale_de_Strasbourg_18_mai_2013_01.jpg
Cathédrale_Notre-Dame_de_Strasbourg,25880,1,"commons/Strasbourg_Cathedral_organ/0/pictures/France_-_Alsace,_Strasbourg_-_panoramio_(24).jpg"
Cathédrale_Notre-Dame_de_Strasbourg,25880,1,commons/Gothic_stained_glass_windows_of_Notre-Dame_de_Strasbourg/0/pictures/Cathédrale_Notre_Dame_de_Strasbourg_2020_vitraux.jpg
Cathédrale_Notre-Dame_de_Strasbourg,25880,1,commons/Nave_of_Notre-Dame_de_Strasbourg/0/pictures/Notre-Dame_Cathedral_-_Strasbourg_-_France_(5_of_6)_(38557728421).jpg
Cathédrale_Notre-Dame_de_Strasbourg,25880,1,commons/Nave_of_Notre-Dame_de_Strasbourg/0/pictures/Roof_of_cathedral.jpg
Cathédrale_Notre-Dame_de_Strasbourg,25880,1,commons/Strasbourg_Cathedral_organ/0/pictures/Cathédrale_de_Strasbourg_10_(9392190668).jpg
Cathédrale_Notre-Dame_de_Strasbourg,25880,1,commons/Nave_of_Notre-Dame_de_Strasbourg/0/pictures/Stained_glass_windows_in_Notre-Dame_de_Strasbourg.jpg
Cathédrale_Notre-Dame_de_Strasbourg,25880,1,commons/Strasbourg_Cathedral_organ/0/pictures/Cathédrale_de_Strasbourg_Orgue_Silbermann_en_nid_d'hirondelle.jpg
Cathédrale_Notre-Dame_de_Strasbourg,25880,1,commons/Nave_of_Notre-Dame_de_Strasbourg/0/pictures/Strasbourg_(Bas-Rhin)_-_Cathédrale_Notre-Dame_-_Nef_-_52162184251.jpg
Cathédrale_Notre-Dame_de_Strasbourg,25880,1,commons/Strasbourg_Cathedral_organ/0/pictures/Cathédrale_de_Strasbourg_15_(9389480013).jpg
Cathédrale_Notre-Dame_de_Strasbourg,25880,1,commons/Nave_of_Notre-Dame_de_Strasbourg/0/pictures/Red_Sandstone_of_Strasbourg_Cathedral_(31844668942).jpg
Cathédrale_Notre-Dame_de_Strasbourg,25880,1,commons/Strasbourg_Cathedral_organ/0/pictures/Im_Straßburger_Münster_-_Blick_auf_Langhausorgel_und_Westfensterrose.jpg
Cathédrale_Notre-Dame_de_Strasbourg,25880,1,commons/Nave_of_Notre-Dame_de_Strasbourg/0/pictures/Strasbourg_(Bas-Rhin)_-_Cathédrale_Notre-Dame_-_Nef_-_52165125965.jpg
Cathédrale_Notre-Dame_de_Strasbourg,25880,1,commons/Strasbourg_Cathedral_organ/0/pictures/La_nef_de_la_cathédrale_de_Strasbourg.jpg
Cathédrale_Notre-Dame_de_Strasbourg,25880,1,commons/Nave_of_Notre-Dame_de_Strasbourg/0/pictures/Strasbourg_(Bas-Rhin)_-_Cathédrale_Notre-Dame_-_Bas-coté.jpg
Cathédrale_Notre-Dame_de_Strasbourg,25880,1,commons/Strasbourg_Cathedral_organ/0/pictures/Nef_centrale_de_la_cathédrale_de_Strasbourg.jpg
Cathédrale_Notre-Dame_de_Strasbourg,25880,1,commons/Nave_of_Notre-Dame_de_Strasbourg/0/pictures/Strasbourg_(Bas-Rhin)_-_Cathédrale_Notre-Dame_-_Nef_-_Voûtes_et_vitraux.jpg
Cathédrale_Notre-Dame_de_Strasbourg,25880,1,"commons/Gothic_stained_glass_windows_of_Notre-Dame_de_Strasbourg/0/pictures/Cathédrale_de_Strasbourg,_baies_supérieures_de_la_nef_centrale,_côté_nord.jpg"
Cathédrale_Notre-Dame_de_Strasbourg,25880,1,commons/Nave_of_Notre-Dame_de_Strasbourg/0/pictures/Strasbourg_(Bas-Rhin)_-_Cathédrale_Notre-Dame_-_Bas-coté_sud.jpg
Cathédrale_Notre-Dame_de_Strasbourg,25880,1,commons/Strasbourg_Cathedral_organ/0/pictures/Nave_organ_and_stained_glass_windows_of_Strasbourg_Cathedral_-_1.jpg
Cathédrale_Notre-Dame_de_Strasbourg,25880,1,commons/Nave_of_Notre-Dame_de_Strasbourg/0/pictures/Strasbourg_(Bas-Rhin)_-_Cathédrale_Notre-Dame_-Voûtes_de_la_nef_et_du_dôme.jpg
Cathédrale_Notre-Dame_de_Strasbourg,25880,1,commons/Strasbourg_Cathedral_organ/0/pictures/Orgue_cathédrale_de_Strasbourg_(10649109525).jpg
Cathédrale_Notre-Dame_de_Strasbourg,25880,1,commons/Nave_of_Notre-Dame_de_Strasbourg/0/pictures/Strasbourg_-_Notre-Dame_de_Strasbourg_-_Central_nave_-_View_on_narthex_&_rose_window_in_the_west_façade.jpg
Cathédrale_Notre-Dame_de_Strasbourg,25880,1,commons/Strasbourg_Cathedral_organ/0/pictures/Pipe_organ_@_Cathédrale_Notre-Dame_de_Strasbourg_@_Strasbourg_(43752036970).jpg
Cathédrale_Notre-Dame_de_Strasbourg,25880,1,"commons/Nave_of_Notre-Dame_de_Strasbourg/0/pictures/Strasbourg_-_Notre-Dame_de_Strasbourg_-_Northern_Side_Nave_-_View_on_Central_Nave,_Chapelle_Saint-Catherine_&_Pulpit_1485_by_Hans_Hammer_01.jpg"
Cathédrale_Notre-Dame_de_Strasbourg,25880,1,commons/Strasbourg_Cathedral_organ/0/pictures/Rosace_et_orgue_de_la_cathédrale_de_Strasbourg.jpg
Cathédrale_Notre-Dame_de_Strasbourg,25880,1,"commons/Nave_of_Notre-Dame_de_Strasbourg/0/pictures/Strasbourg_-_Notre-Dame_de_Strasbourg_-_Narthex_-_Panorama_View_on_Cathedral_Organ,_Nave_&_Choir_03.jpg"
Cathédrale_Notre-Dame_de_Strasbourg,25880,1,commons/Strasbourg_Cathedral_organ/0/pictures/Orgue_de_la_cathédrale_Notre-Dame_de_Strasbourg.jpg
Cathédrale_Notre-Dame_de_Strasbourg,25880,1,"commons/Nave_of_Notre-Dame_de_Strasbourg/0/pictures/Strasbourg_-_Notre-Dame_de_Strasbourg_-_Narthex_-_Panorama_View_on_Cathedral_Organ,_Nave_&_Choir_04.jpg"
Cathédrale_Notre-Dame_de_Strasbourg,25880,1,commons/Strasbourg_Cathedral_organ/0/pictures/Rosace_&_Orgue_de_la_Cathédrale_Notre_Dame_de_Strasbourg_(33698107352).jpg
Cathédrale_Notre-Dame_de_Strasbourg,25880,1,"commons/Nave_of_Notre-Dame_de_Strasbourg/0/pictures/Strasbourg_-_Notre-Dame_de_Strasbourg_-_Northern_Side_Nave_-_View_on_Central_Nave,_Chapelle_Saint-Catherine_&_Pulpit_1485_by_Hans_Hammer_03.jpg"
Cathédrale_Notre-Dame_de_Strasbourg,25880,1,"commons/Nave_of_Notre-Dame_de_Strasbourg/0/pictures/Strasbourg_-_Notre-Dame_de_Strasbourg_-_Northern_Side_Nave_-_View_on_Central_Nave,_Chapelle_Saint-Catherine_&_Pulpit_1485_by_Hans_Hammer_02.jpg"
Cathédrale_Notre-Dame_de_Strasbourg,25880,1,"commons/Strasbourg_Cathedral_organ/0/pictures/Strasbourg_-_Notre-Dame_de_Strasbourg_-_Narthex_-_Panorama_View_on_Cathedral_Organ,_Nave_&_Choir_04.jpg"
Cathédrale_Notre-Dame_de_Strasbourg,25880,1,commons/Gothic_stained_glass_windows_of_Notre-Dame_de_Strasbourg/0/pictures/PHB_Strasbourg_8023264.jpg
Cathédrale_Notre-Dame_de_Strasbourg,25880,1,commons/Nave_of_Notre-Dame_de_Strasbourg/0/pictures/Strasbourg_-_Notre-Dame_de_Strasbourg_-_Southern_side_nave_-_Gothic_stained_glass_windows_on_the_north_side_of_the_central_nave_01.jpg
Cathédrale_Notre-Dame_de_Strasbourg,25880,1,commons/Gothic_stained_glass_windows_of_Notre-Dame_de_Strasbourg/0/pictures/Rayonvert_2009.jpg
Cathédrale_Notre-Dame_de_Strasbourg,25880,1,commons/Nave_of_Notre-Dame_de_Strasbourg/0/pictures/Strasbourg_-_Notre-Dame_de_Strasbourg_-_Southern_side_nave_-_Gothic_stained_glass_windows_on_the_north_side_of_the_central_nave_04.jpg
Cathédrale_Notre-Dame_de_Strasbourg,25880,1,commons/Strasbourg_Cathedral_organ/0/pictures/Strasbourg_17_(5479293369).jpg
Cathédrale_Notre-Dame_de_Strasbourg,25880,1,commons/Nave_of_Notre-Dame_de_Strasbourg/0/pictures/Strasbourg_-_Notre-Dame_de_Strasbourg_-_Southern_side_nave_-_Line-up_of_saint's_statues_and_a_depiction_of_the_Crucifixion_of_Christ_on_Golgotha_(Calvary)_with_Chapelle_Sainte-Catherine_in_the_back_01.jpg
Cathédrale_Notre-Dame_de_Strasbourg,25880,1,commons/Strasbourg_Cathedral_organ/0/pictures/Strasbourg_2009_IMG_3798.jpg
Cathédrale_Notre-Dame_de_Strasbourg,25880,1,commons/Gothic_stained_glass_windows_of_Notre-Dame_de_Strasbourg/0/pictures/Nave_organ_and_stained_glass_windows_of_Strasbourg_Cathedral_-_1.jpg
Cathédrale_Notre-Dame_de_Strasbourg,25880,1,"commons/Nave_of_Notre-Dame_de_Strasbourg/0/pictures/Strasbourg_-_Notre-Dame_de_Strasbourg_-_Southern_side_nave_-_Cathedral_Organ_in_the_central_nave,_stained_glass_windows.jpg"
Cathédrale_Notre-Dame_de_Strasbourg,25880,1,commons/Strasbourg_Cathedral_organ/0/pictures/Strasbourg_2009_IMG_3797.jpg
Cathédrale_Notre-Dame_de_Strasbourg,25880,1,commons/Nave_of_Notre-Dame_de_Strasbourg/0/pictures/Strasbourg_2009_IMG_3795.jpg
Cathédrale_Notre-Dame_de_Strasbourg,25880,1,commons/Strasbourg_Cathedral_organ/0/pictures/Strasbourg_2009_IMG_3835.jpg
Cathédrale_Notre-Dame_de_Strasbourg,25880,1,commons/Nave_of_Notre-Dame_de_Strasbourg/0/pictures/Strasbourg_2009_IMG_3792.jpg
Cathédrale_Notre-Dame_de_Strasbourg,25880,1,commons/Strasbourg_Cathedral_organ/0/pictures/Strasbourg_2009_IMG_3830.jpg
Cathédrale_Notre-Dame_de_Strasbourg,25880,1,commons/Nave_of_Notre-Dame_de_Strasbourg/0/pictures/Strasbourg_07_HDR_(5479874098).jpg
Cathédrale_Notre-Dame_de_Strasbourg,25880,1,commons/Strasbourg_Cathedral_organ/0/pictures/Strasbourg_2009_IMG_3831.jpg
Cathédrale_Notre-Dame_de_Strasbourg,25880,1,commons/Nave_of_Notre-Dame_de_Strasbourg/0/pictures/Strasbourg_2009_IMG_3828.jpg
Cathédrale_Notre-Dame_de_Strasbourg,25880,1,commons/Nave_of_Notre-Dame_de_Strasbourg/0/pictures/Strasbourg_Cathedral_(31618975180).jpg
Cathédrale_Notre-Dame_de_Strasbourg,25880,1,commons/Strasbourg_Cathedral_organ/0/pictures/Strasbourg_Cathedral_inside.jpg
Cathédrale_Notre-Dame_de_Strasbourg,25880,1,commons/Nave_of_Notre-Dame_de_Strasbourg/0/pictures/Strasbourg_2009_IMG_3825.jpg
Cathédrale_Notre-Dame_de_Strasbourg,25880,1,commons/Strasbourg_Cathedral_organ/0/pictures/Strasbourg_Cathedral_pipe_organ_close-up.jpg
Cathédrale_Notre-Dame_de_Strasbourg,25880,1,commons/Nave_of_Notre-Dame_de_Strasbourg/0/pictures/Strasbourg_Cathedral_-_panoramio_(10).jpg
Cathédrale_Notre-Dame_de_Strasbourg,25880,1,commons/Strasbourg_Cathedral_organ/0/pictures/Strasbourg_Cathedral_pipe_organ_full_frontal.jpg
Cathédrale_Notre-Dame_de_Strasbourg,25880,1,commons/Nave_of_Notre-Dame_de_Strasbourg/0/pictures/Strasbourg_Cathedral_(52298547510).jpg
Cathédrale_Notre-Dame_de_Strasbourg,25880,1,commons/Nave_of_Notre-Dame_de_Strasbourg/0/pictures/Strasbourg_Cathedral_-_panoramio_(18).jpg
Cathédrale_Notre-Dame_de_Strasbourg,25880,1,commons/Strasbourg_Cathedral_organ/0/pictures/Strasbourg_Cathedral_Organ_-_Diliff.jpg
Cathédrale_Notre-Dame_de_Strasbourg,25880,1,commons/Nave_of_Notre-Dame_de_Strasbourg/0/pictures/Strasbourg_Cathedral_-_panoramio_(21).jpg
Cathédrale_Notre-Dame_de_Strasbourg,25880,1,commons/Strasbourg_Cathedral_organ/0/pictures/Strasbourg_cathedral_Silbermann_organ_and_rose_window.jpg
Cathédrale_Notre-Dame_de_Strasbourg,25880,1,commons/Nave_of_Notre-Dame_de_Strasbourg/0/pictures/Strasbourg_Cathedral_-_panoramio_(25).jpg
Cathédrale_Notre-Dame_de_Strasbourg,25880,1,commons/Strasbourg_Cathedral_organ/0/pictures/StrasbourgCathOrgue_06.JPG
Cathédrale_Notre-Dame_de_Strasbourg,25880,1,commons/Nave_of_Notre-Dame_de_Strasbourg/0/pictures/Strasbourg_Cathedral_-_panoramio_(2).jpg
Cathédrale_Notre-Dame_de_Strasbourg,25880,1,commons/Strasbourg_Cathedral_organ/0/pictures/Strasbourg_cathedral_Silbermann_organ_front_below.jpg
Cathédrale_Notre-Dame_de_Strasbourg,25880,1,commons/Nave_of_Notre-Dame_de_Strasbourg/0/pictures/Strasbourg_Cathedral_-_panoramio_(15).jpg
Cathédrale_Notre-Dame_de_Strasbourg,25880,1,commons/Strasbourg_Cathedral_organ/0/pictures/Strasbourg_cathedral_Silbermann_organ_side_below.jpg
Cathédrale_Notre-Dame_de_Strasbourg,25880,1,commons/Nave_of_Notre-Dame_de_Strasbourg/0/pictures/Strasbourg_Cathedral_-_panoramio_(26).jpg
Cathédrale_Notre-Dame_de_Strasbourg,25880,1,commons/Nave_of_Notre-Dame_de_Strasbourg/0/pictures/Strasbourg_Cathedral_-_panoramio_(27).jpg
Cathédrale_Notre-Dame_de_Strasbourg,25880,1,commons/Nave_of_Notre-Dame_de_Strasbourg/0/pictures/Strasbourg_Cathedral_-_panoramio_(30).jpg
Cathédrale_Notre-Dame_de_Strasbourg,25880,1,commons/Nave_of_Notre-Dame_de_Strasbourg/0/pictures/Strasbourg_Cathedral_-_panoramio_(28).jpg
Cathédrale_Notre-Dame_de_Strasbourg,25880,1,commons/Strasbourg_Cathedral_organ/0/pictures/StrasbourgCathOrgue_11.JPG
Cathédrale_Notre-Dame_de_Strasbourg,25880,1,commons/Nave_of_Notre-Dame_de_Strasbourg/0/pictures/Strasbourg_Cathedral_-_panoramio_(33).jpg
Cathédrale_Notre-Dame_de_Strasbourg,25880,1,commons/Nave_of_Notre-Dame_de_Strasbourg/0/pictures/Strasbourg_Cathedral_-_panoramio_(3).jpg
Cathédrale_Notre-Dame_de_Strasbourg,25880,1,commons/Strasbourg_Cathedral_organ/0/pictures/StrasbourgCathOrgue_20.JPG
Cathédrale_Notre-Dame_de_Strasbourg,25880,1,commons/Nave_of_Notre-Dame_de_Strasbourg/0/pictures/Strasbourg_Cathedral_-_panoramio_(37).jpg
Cathédrale_Notre-Dame_de_Strasbourg,25880,1,commons/Nave_of_Notre-Dame_de_Strasbourg/0/pictures/Strasbourg_Cathedral_-_panoramio_(31).jpg
Cathédrale_Notre-Dame_de_Strasbourg,25880,1,commons/Strasbourg_Cathedral_organ/0/pictures/StrasbourgCathOrgue_12.JPG
Cathédrale_Notre-Dame_de_Strasbourg,25880,1,commons/Nave_of_Notre-Dame_de_Strasbourg/0/pictures/Strasbourg_Cathedral_-_panoramio_(36).jpg
Cathédrale_Notre-Dame_de_Strasbourg,25880,1,commons/Nave_of_Notre-Dame_de_Strasbourg/0/pictures/Strasbourg_Cathedral_-_panoramio_(34).jpg
Cathédrale_Notre-Dame_de_Strasbourg,25880,1,commons/Nave_of_Notre-Dame_de_Strasbourg/0/pictures/Strasbourg_Cathedral_-_panoramio_(35).jpg
Cathédrale_Notre-Dame_de_Strasbourg,25880,1,commons/Strasbourg_Cathedral_organ/0/pictures/Straßburg_(46850334534).jpg
Cathédrale_Notre-Dame_de_Strasbourg,25880,1,commons/Nave_of_Notre-Dame_de_Strasbourg/0/pictures/Strasbourg_Cathedral_-_panoramio_(6).jpg
Cathédrale_Notre-Dame_de_Strasbourg,25880,1,commons/Strasbourg_Cathedral_organ/0/pictures/Straßburg_06.jpg
Cathédrale_Notre-Dame_de_Strasbourg,25880,1,commons/Nave_of_Notre-Dame_de_Strasbourg/0/pictures/Strasbourg_Cathedral_-_panoramio_(8).jpg
Cathédrale_Notre-Dame_de_Strasbourg,25880,1,commons/Nave_of_Notre-Dame_de_Strasbourg/0/pictures/Strasbourg_Cathedral_-_panoramio_(39).jpg
Cathédrale_Notre-Dame_de_Strasbourg,25880,1,commons/Strasbourg_Cathedral_organ/0/pictures/Straßburg_Cathédrale_Notre-Dame_Innen_Orgel_1.jpg
Cathédrale_Notre-Dame_de_Strasbourg,25880,1,commons/Nave_of_Notre-Dame_de_Strasbourg/0/pictures/Strasbourg_Cathedral_-_panoramio_(7).jpg
Cathédrale_Notre-Dame_de_Strasbourg,25880,1,commons/Strasbourg_Cathedral_organ/0/pictures/Strassburger_Muenster_Cathedrale_Strasbourg_Schwalbennestorgel_frontal_Brunswyk_(2014).JPG
Cathédrale_Notre-Dame_de_Strasbourg,25880,1,commons/Nave_of_Notre-Dame_de_Strasbourg/0/pictures/Strasbourg_Cathedral_-_panoramio_(5).jpg
Cathédrale_Notre-Dame_de_Strasbourg,25880,1,commons/Strasbourg_Cathedral_organ/0/pictures/Straßburg_Cathédrale_Notre-Dame_Innen_Orgel_2.jpg
Cathédrale_Notre-Dame_de_Strasbourg,25880,1,commons/Nave_of_Notre-Dame_de_Strasbourg/0/pictures/Strasbourg_Cathedral_016_9729.jpg
Cathédrale_Notre-Dame_de_Strasbourg,25880,1,commons/Strasbourg_Cathedral_organ/0/pictures/Straßburg_Cathédrale_Notre-Dame_Innen_Orgel_4.jpg
Cathédrale_Notre-Dame_de_Strasbourg,25880,1,commons/Nave_of_Notre-Dame_de_Strasbourg/0/pictures/Strasbourg_Cathedral_in_July_2022_19.jpg
Cathédrale_Notre-Dame_de_Strasbourg,25880,1,commons/Nave_of_Notre-Dame_de_Strasbourg/0/pictures/Strasbourg_Cathedral_central_nave_looking_west.jpg
Cathédrale_Notre-Dame_de_Strasbourg,25880,1,commons/Strasbourg_Cathedral_organ/0/pictures/Tapestries_in_the_nave_of_the_cathedral_of_Strasbourg.jpg
Cathédrale_Notre-Dame_de_Strasbourg,25880,1,commons/Nave_of_Notre-Dame_de_Strasbourg/0/pictures/Strasbourg_Cathedral_inside.jpg
Cathédrale_Notre-Dame_de_Strasbourg,25880,1,commons/Strasbourg_Cathedral_organ/0/pictures/Straßburg_Cathédrale_Notre-Dame_Innen_Orgel_6.jpg
Cathédrale_Notre-Dame_de_Strasbourg,25880,1,commons/Nave_of_Notre-Dame_de_Strasbourg/0/pictures/Strasbourg_Cathedral_nave_looking_east-_Diliff.jpg
Cathédrale_Notre-Dame_de_Strasbourg,25880,1,commons/Strasbourg_Cathedral_organ/0/pictures/Straßburg_Cathédrale_Notre-Dame_Innen_Orgel_7.jpg
Cathédrale_Notre-Dame_de_Strasbourg,25880,1,commons/Nave_of_Notre-Dame_de_Strasbourg/0/pictures/Strasbourg_Cathédrale_interieur_(3).jpg
Cathédrale_Notre-Dame_de_Strasbourg,25880,1,commons/Nave_of_Notre-Dame_de_Strasbourg/0/pictures/Strasbourg_Cathédrale_interieur_(2).jpg
Cathédrale_Notre-Dame_de_Strasbourg,25880,1,commons/Nave_of_Notre-Dame_de_Strasbourg/0/pictures/Strasbourg_March_2019_(32509914807).jpg
Cathédrale_Notre-Dame_de_Strasbourg,25880,1,commons/Strasbourg_Cathedral_organ/0/pictures/Straßburger_Muenster_4.jpg
Cathédrale_Notre-Dame_de_Strasbourg,25880,1,commons/Nave_of_Notre-Dame_de_Strasbourg/0/pictures/Strasbourg_March_2019_(32509913817).jpg
Cathédrale_Notre-Dame_de_Strasbourg,25880,1,commons/Nave_of_Notre-Dame_de_Strasbourg/0/pictures/Strasbourg_March_2019_(33575450068).jpg
Cathédrale_Notre-Dame_de_Strasbourg,25880,1,commons/Nave_of_Notre-Dame_de_Strasbourg/0/pictures/Strasbourg_March_2019_(46728537374).jpg
Cathédrale_Notre-Dame_de_Strasbourg,25880,1,"commons/Nave_of_Notre-Dame_de_Strasbourg/0/pictures/Strasbourg,_cathédrale,_voûte_du_bas-côté_sud.jpg"
Cathédrale_Notre-Dame_de_Strasbourg,25880,1,commons/Nave_of_Notre-Dame_de_Strasbourg/0/pictures/Strasbourg.cathédrale.effet_de_lumière.jpg
Cathédrale_Notre-Dame_de_Strasbourg,25880,1,commons/Nave_of_Notre-Dame_de_Strasbourg/0/pictures/StrasbourgCath_BasCoteS_01.jpg
Cathédrale_Notre-Dame_de_Strasbourg,25880,1,commons/Nave_of_Notre-Dame_de_Strasbourg/0/pictures/StrasbourgCath_NefPano03.jpg
Cathédrale_Notre-Dame_de_Strasbourg,25880,1,"commons/Gothic_stained_glass_windows_of_Notre-Dame_de_Strasbourg/0/pictures/Strasbourg_-_Notre-Dame_de_Strasbourg_-_Northern_Side_Nave_-_View_on_Central_Nave,_Chapelle_Saint-Catherine_&_Pulpit_1485_by_Hans_Hammer_01.jpg"
Cathédrale_Notre-Dame_de_Strasbourg,25880,1,"commons/Nave_of_Notre-Dame_de_Strasbourg/0/pictures/Strasbourg,_France,_nave_of_the_Cathedral,_looking_west.jpg"
Cathédrale_Notre-Dame_de_Strasbourg,25880,1,commons/Nave_of_Notre-Dame_de_Strasbourg/0/pictures/Strasbourg_cath_nef.JPG
Cathédrale_Notre-Dame_de_Strasbourg,25880,1,commons/Nave_of_Notre-Dame_de_Strasbourg/0/pictures/StrasbourgCath_CrOgives_01.jpg
Cathédrale_Notre-Dame_de_Strasbourg,25880,1,commons/Nave_of_Notre-Dame_de_Strasbourg/0/pictures/StrasbourgCath_Triforium_01.jpg
Cathédrale_Notre-Dame_de_Strasbourg,25880,1,"commons/Gothic_stained_glass_windows_of_Notre-Dame_de_Strasbourg/0/pictures/Strasbourg_-_Notre-Dame_de_Strasbourg_-_Northern_Side_Nave_-_View_on_Central_Nave,_Chapelle_Saint-Catherine_&_Pulpit_1485_by_Hans_Hammer_02.jpg"
Cathédrale_Notre-Dame_de_Strasbourg,25880,1,"commons/Nave_of_Notre-Dame_de_Strasbourg/0/pictures/Strasbourg,_décembre_2018_(46359375941).jpg"
Cathédrale_Notre-Dame_de_Strasbourg,25880,1,commons/Nave_of_Notre-Dame_de_Strasbourg/0/pictures/Strassburg-Muenster-310-zum_Chor-2017-gje.jpg
Cathédrale_Notre-Dame_de_Strasbourg,25880,1,commons/Nave_of_Notre-Dame_de_Strasbourg/0/pictures/Strassburg-Muenster-316-zum_Chor-2017-gje.jpg
Cathédrale_Notre-Dame_de_Strasbourg,25880,1,commons/Nave_of_Notre-Dame_de_Strasbourg/0/pictures/Strassburg-Muenster-318-zum_Chor-2017-gje.jpg
Cathédrale_Notre-Dame_de_Strasbourg,25880,1,commons/Nave_of_Notre-Dame_de_Strasbourg/0/pictures/Strassburg-Muenster-312-zum_Chor-2017-gje.jpg
Cathédrale_Notre-Dame_de_Strasbourg,25880,1,commons/Nave_of_Notre-Dame_de_Strasbourg/0/pictures/Strassburg-Muenster-320-zum_Chor-2017-gje.jpg
Cathédrale_Notre-Dame_de_Strasbourg,25880,1,commons/Nave_of_Notre-Dame_de_Strasbourg/0/pictures/Strassburg-Muenster-324-zur_Rosette-2017-gje.jpg
Cathédrale_Notre-Dame_de_Strasbourg,25880,1,commons/Nave_of_Notre-Dame_de_Strasbourg/0/pictures/Straßburg_(DerHexer)_2010-12-20_056.jpg
Cathédrale_Notre-Dame_de_Strasbourg,25880,1,commons/Nave_of_Notre-Dame_de_Strasbourg/0/pictures/Strassburg-Muenster-326-zur_Rosette-2017-gje.jpg
Cathédrale_Notre-Dame_de_Strasbourg,25880,1,commons/Nave_of_Notre-Dame_de_Strasbourg/0/pictures/Straßburg_(DerHexer)_2010-12-20_055.jpg
Cathédrale_Notre-Dame_de_Strasbourg,25880,1,commons/Nave_of_Notre-Dame_de_Strasbourg/0/pictures/Straßburg_(DerHexer)_2010-12-20_066.jpg
Cathédrale_Notre-Dame_de_Strasbourg,25880,1,commons/Nave_of_Notre-Dame_de_Strasbourg/0/pictures/Straßburg_(40608210193).jpg
Cathédrale_Notre-Dame_de_Strasbourg,25880,1,commons/Nave_of_Notre-Dame_de_Strasbourg/0/pictures/Straßburg_(DerHexer)_2010-12-20_072.jpg
Cathédrale_Notre-Dame_de_Strasbourg,25880,1,commons/Nave_of_Notre-Dame_de_Strasbourg/0/pictures/Straßburg_(DerHexer)_2010-12-20_062.jpg
Cathédrale_Notre-Dame_de_Strasbourg,25880,1,commons/Nave_of_Notre-Dame_de_Strasbourg/0/pictures/Straßburg_-_17449910052.jpg
Cathédrale_Notre-Dame_de_Strasbourg,25880,1,commons/West_facade_of_Notre-Dame_de_Strasbourg_seen_from_rue_Mercière/0/pictures/Strasbourg_47.jpg
Cathédrale_Notre-Dame_de_Strasbourg,25880,1,commons/Nave_of_Notre-Dame_de_Strasbourg/0/pictures/Straßburg_Cathédrale_Notre-Dame_Innen_Gewölbe.jpg
Cathédrale_Notre-Dame_de_Strasbourg,25880,1,commons/Nave_of_Notre-Dame_de_Strasbourg/0/pictures/Straßburg_-_17425908136.jpg
Cathédrale_Notre-Dame_de_Strasbourg,25880,1,commons/Nave_of_Notre-Dame_de_Strasbourg/0/pictures/Straßburg_Cathédrale_Notre-Dame_Innen_Langhaus_1.jpg
Cathédrale_Notre-Dame_de_Strasbourg,25880,1,commons/Nave_of_Notre-Dame_de_Strasbourg/0/pictures/Straßburg_Cathédrale_Notre-Dame_Innen_Langhaus_2.jpg
Cathédrale_Notre-Dame_de_Strasbourg,25880,1,commons/Nave_of_Notre-Dame_de_Strasbourg/0/pictures/Straßburg_Cathédrale_Notre-Dame_Innen_Langhaus_3.jpg
Cathédrale_Notre-Dame_de_Strasbourg,25880,1,commons/Nave_of_Notre-Dame_de_Strasbourg/0/pictures/Straßburg_Cathédrale_Notre-Dame_Innen_Langhaus_4.jpg
Cathédrale_Notre-Dame_de_Strasbourg,25880,1,commons/Nave_of_Notre-Dame_de_Strasbourg/0/pictures/Straßburg_Cathédrale_Notre-Dame_Innen_Langhaus_Ost_1.jpg
Cathédrale_Notre-Dame_de_Strasbourg,25880,1,commons/Nave_of_Notre-Dame_de_Strasbourg/0/pictures/Straßburg_Cathédrale_Notre-Dame_Innen_Langhaus_Ost_2.jpg
Cathédrale_Notre-Dame_de_Strasbourg,25880,1,commons/West_facade_of_Notre-Dame_de_Strasbourg_seen_from_rue_Mercière/0/pictures/Strasbourg_Cathedral_Light_show.jpg
Cathédrale_Notre-Dame_de_Strasbourg,25880,1,commons/Nave_of_Notre-Dame_de_Strasbourg/0/pictures/Straßburg_Cathédrale_Notre-Dame_Innen_Langhaus_West_2.jpg
Cathédrale_Notre-Dame_de_Strasbourg,25880,1,commons/Gothic_stained_glass_windows_of_Notre-Dame_de_Strasbourg/0/pictures/Strasbourg_-_Notre-Dame_de_Strasbourg_-_Southern_side_nave_-_Gothic_stained_glass_windows_on_the_north_side_of_the_central_nave_01.jpg
Cathédrale_Notre-Dame_de_Strasbourg,25880,1,commons/Nave_of_Notre-Dame_de_Strasbourg/0/pictures/Straßburg_Cathédrale_Notre-Dame_Innen_Langhaus_West_3.jpg
Cathédrale_Notre-Dame_de_Strasbourg,25880,1,commons/Nave_of_Notre-Dame_de_Strasbourg/0/pictures/Straßburg_Cathédrale_Notre-Dame_Innen_Langhaus_West_1.jpg
Cathédrale_Notre-Dame_de_Strasbourg,25880,1,commons/Nave_of_Notre-Dame_de_Strasbourg/0/pictures/Straßburg_Cathédrale_Notre-Dame_Innen_Obergaden_2.jpg
Cathédrale_Notre-Dame_de_Strasbourg,25880,1,commons/Gothic_stained_glass_windows_of_Notre-Dame_de_Strasbourg/0/pictures/Strasbourg_-_Notre-Dame_de_Strasbourg_-_Southern_side_nave_-_Gothic_stained_glass_windows_on_the_north_side_of_the_central_nave_04.jpg
Cathédrale_Notre-Dame_de_Strasbourg,25880,1,commons/Nave_of_Notre-Dame_de_Strasbourg/0/pictures/Straßburg_Cathédrale_Notre-Dame_Innen_Langhaus.JPG
Cathédrale_Notre-Dame_de_Strasbourg,25880,1,commons/Nave_of_Notre-Dame_de_Strasbourg/0/pictures/Straßburg_Münster_2009-008.jpg
Cathédrale_Notre-Dame_de_Strasbourg,25880,1,commons/Nave_of_Notre-Dame_de_Strasbourg/0/pictures/Straßburg_Münster_2009-013.jpg
Cathédrale_Notre-Dame_de_Strasbourg,25880,1,commons/Nave_of_Notre-Dame_de_Strasbourg/0/pictures/Straßburg_Münster_2009-002.jpg
Cathédrale_Notre-Dame_de_Strasbourg,25880,1,commons/Nave_of_Notre-Dame_de_Strasbourg/0/pictures/Straßburger_Muenster_5.jpg
Cathédrale_Notre-Dame_de_Strasbourg,25880,1,commons/Nave_of_Notre-Dame_de_Strasbourg/0/pictures/Vue-de-la-nef.jpg
Cathédrale_Notre-Dame_de_Strasbourg,25880,1,commons/Nave_of_Notre-Dame_de_Strasbourg/0/pictures/That_they_could_build_like_this_in_the_old_days!_(10040898874).jpg
Cathédrale_Notre-Dame_de_Strasbourg,25880,1,commons/Nave_of_Notre-Dame_de_Strasbourg/0/pictures/Voûtes_cathédrale_Strasbourg.jpg
Cathédrale_Notre-Dame_de_Strasbourg,25880,1,commons/Nave_of_Notre-Dame_de_Strasbourg/0/pictures/Straßburg_im_Sommer_2013_(9982789953).jpg
Cathédrale_Notre-Dame_de_Strasbourg,25880,1,commons/Pulpit_of_Notre-Dame_de_Strasbourg/0/pictures/36e_rencontres_internationales_de_Taizé_Strasbourg_28_décembre_2013_33.jpg
Cathédrale_Notre-Dame_de_Strasbourg,25880,1,commons/Stained_glass_windows_(Nave_of_Notre-Dame_de_Strasbourg)/0/pictures/Cathédrale_Notre-Dame_de_Strasbourg_@_Strasbourg_(44844622344).jpg
Cathédrale_Notre-Dame_de_Strasbourg,25880,1,commons/Pulpit_of_Notre-Dame_de_Strasbourg/0/pictures/CathéStras_CIMG8419_(46035882545).jpg
Cathédrale_Notre-Dame_de_Strasbourg,25880,1,commons/Pulpit_of_Notre-Dame_de_Strasbourg/0/pictures/CathéStras_CIMG8420_(46897845462).jpg
Cathédrale_Notre-Dame_de_Strasbourg,25880,1,commons/Pulpit_of_Notre-Dame_de_Strasbourg/0/pictures/Liebfrauenmuenster_Strassburg_6.jpg
Cathédrale_Notre-Dame_de_Strasbourg,25880,1,commons/Stained_glass_windows_(Nave_of_Notre-Dame_de_Strasbourg)/0/pictures/Stained_glass_windows_in_Notre-Dame_de_Strasbourg.jpg
Cathédrale_Notre-Dame_de_Strasbourg,25880,1,"commons/Stained_glass_windows_(Nave_of_Notre-Dame_de_Strasbourg)/0/pictures/Strasbourg_-_Notre-Dame_de_Strasbourg_-_Narthex_-_Panorama_View_on_Cathedral_Organ,_Nave_&_Choir_02.jpg"
Cathédrale_Notre-Dame_de_Strasbourg,25880,1,commons/Pulpit_of_Notre-Dame_de_Strasbourg/0/pictures/Liebfrauenmuenster_Strassburg_8.jpg
Cathédrale_Notre-Dame_de_Strasbourg,25880,1,"commons/Stained_glass_windows_(Nave_of_Notre-Dame_de_Strasbourg)/0/pictures/Strasbourg_-_Notre-Dame_de_Strasbourg_-_Narthex_-_Panorama_View_on_Cathedral_Organ,_Nave_&_Choir_03.jpg"
Cathédrale_Notre-Dame_de_Strasbourg,25880,1,commons/Pulpit_of_Notre-Dame_de_Strasbourg/0/pictures/Liebfrauenmuenster_Strassburg_7.jpg
Cathédrale_Notre-Dame_de_Strasbourg,25880,1,commons/Pulpit_of_Notre-Dame_de_Strasbourg/0/pictures/Liebfrauenmuenster_Strassburg_6-8.jpg
Cathédrale_Notre-Dame_de_Strasbourg,25880,1,"commons/Retable_de_saint_Pancrace,_saint_Nicolas_et_sainte_Catherine_de_la_Cathédrale_Notre-Dame_de_Strasbourg/0/pictures/2010_06_24_canaltrip_strasbourg_262z_(23024273806).jpg"
Cathédrale_Notre-Dame_de_Strasbourg,25880,1,"commons/Retable_de_saint_Pancrace,_saint_Nicolas_et_sainte_Catherine_de_la_Cathédrale_Notre-Dame_de_Strasbourg/0/pictures/Cathédrale_Notre-Dame_(5938264848).jpg"
Cathédrale_Notre-Dame_de_Strasbourg,25880,1,"commons/Retable_de_saint_Pancrace,_saint_Nicolas_et_sainte_Catherine_de_la_Cathédrale_Notre-Dame_de_Strasbourg/0/pictures/Retable_de_saint_Pancrace,_saint_Nicolas_et_sainte_Catherine_de_la_Cathédrale_Notre-Dame_de_Strasbourg.jpg"
Cathédrale_Notre-Dame_de_Strasbourg,25880,1,"commons/Retable_de_saint_Pancrace,_saint_Nicolas_et_sainte_Catherine_de_la_Cathédrale_Notre-Dame_de_Strasbourg/0/pictures/Retable_de_saint_Pancrace,_saint_Nicolas_et_sainte_Catherine,_Cathédrale_de_Strasbourg.jpg"
Cathédrale_Notre-Dame_de_Strasbourg,25880,1,"commons/Retable_de_saint_Pancrace,_saint_Nicolas_et_sainte_Catherine_de_la_Cathédrale_Notre-Dame_de_Strasbourg/0/pictures/Strasbourg_-_Notre-Dame_de_Strasbourg_-_Altarpiece_depicting_Saint_Pancrace,_Saint_Nicolas_and_Saint_Catherine.jpg"
Cathédrale_Notre-Dame_de_Strasbourg,25880,1,"commons/Retable_de_saint_Pancrace,_saint_Nicolas_et_sainte_Catherine_de_la_Cathédrale_Notre-Dame_de_Strasbourg/0/pictures/StrasbourgCath_CroisN_13.JPG"
Cathédrale_Notre-Dame_de_Strasbourg,25880,1,commons/Dome_of_Notre-Dame_de_Strasbourg/0/pictures/That_they_could_build_like_this_in_the_old_days!_(10040898874).jpg
Cathédrale_Notre-Dame_de_Strasbourg,25880,1,"commons/Retable_de_saint_Pancrace,_saint_Nicolas_et_sainte_Catherine_de_la_Cathédrale_Notre-Dame_de_Strasbourg/0/pictures/Strasbourg_cathedrale_8_(5890913339).jpg"
Cathédrale_Notre-Dame_de_Strasbourg,25880,1,"commons/Retable_de_saint_Pancrace,_saint_Nicolas_et_sainte_Catherine_de_la_Cathédrale_Notre-Dame_de_Strasbourg/0/pictures/StrasbourgCath_RetableStPancrace_02.JPG"
Cathédrale_Notre-Dame_de_Strasbourg,25880,1,"commons/Retable_de_saint_Pancrace,_saint_Nicolas_et_sainte_Catherine_de_la_Cathédrale_Notre-Dame_de_Strasbourg/0/pictures/Cathédrale_de_Strasbourg,_nativité,_panneau_gauche_du_retable.jpg"
Cathédrale_Notre-Dame_de_Strasbourg,25880,1,"commons/Retable_de_saint_Pancrace,_saint_Nicolas_et_sainte_Catherine_de_la_Cathédrale_Notre-Dame_de_Strasbourg/0/pictures/StrasbourgCath_RetableStPancrace_09.JPG"
Cathédrale_Notre-Dame_de_Strasbourg,25880,1,"commons/Retable_de_saint_Pancrace,_saint_Nicolas_et_sainte_Catherine_de_la_Cathédrale_Notre-Dame_de_Strasbourg/0/pictures/StrasbourgCath_RetableStPancrace_08.JPG"
Cathédrale_Notre-Dame_de_Strasbourg,25880,1,"commons/Retable_de_saint_Pancrace,_saint_Nicolas_et_sainte_Catherine_de_la_Cathédrale_Notre-Dame_de_Strasbourg/0/pictures/Straßburg_im_Sommer_2013_(9982721843).jpg"
Cathédrale_Notre-Dame_de_Strasbourg,25880,1,commons/Rose_window_of_Notre-Dame_de_Strasbourg_(exterior_view)/0/pictures/Strasbourg_Cathedral_Light_show.jpg
Cathédrale_Notre-Dame_de_Strasbourg,25880,1,commons/West_facade_of_Notre-Dame_de_Strasbourg/0/pictures/Lightplay_on_the_west_façade_of_Notre-Dame_de_Strasbourg.jpg
Cathédrale_Notre-Dame_de_Strasbourg,25880,1,commons/Rose_window_of_Notre-Dame_de_Strasbourg_(interior_view)/0/pictures/Absolute_Cathedrale_Strasbourg_rosace_01.JPG
Cathédrale_Notre-Dame_de_Strasbourg,25880,1,commons/Rose_window_of_Notre-Dame_de_Strasbourg_(interior_view)/0/pictures/Cathedrale-de-Strasbourg-IMG_1209.jpg
Cathédrale_Notre-Dame_de_Strasbourg,25880,1,commons/Stained_glass_windows_(Nave_of_Notre-Dame_de_Strasbourg)/0/pictures/14-02-07-Cathédrale_Notre-Dame_de_Strasbourg-RalfR-13.jpg
Cathédrale_Notre-Dame_de_Strasbourg,25880,1,commons/Stained_glass_windows_(Nave_of_Notre-Dame_de_Strasbourg)/0/pictures/14-02-07-Cathédrale_Notre-Dame_de_Strasbourg-RalfR-16.jpg
Cathédrale_Notre-Dame_de_Strasbourg,25880,1,commons/Stained_glass_windows_(Nave_of_Notre-Dame_de_Strasbourg)/0/pictures/14-02-07-Cathédrale_Notre-Dame_de_Strasbourg-RalfR-17.jpg
Cathédrale_Notre-Dame_de_Strasbourg,25880,1,commons/Stained_glass_windows_(Nave_of_Notre-Dame_de_Strasbourg)/0/pictures/Detail_vitrail_cathedrale_strasbourg.jpg
Cathédrale_Notre-Dame_de_Strasbourg,25880,1,"commons/Stained_glass_windows_(Nave_of_Notre-Dame_de_Strasbourg)/0/pictures/Cathédrale_de_Strasbourg,_baies_supérieures_de_la_nef_centrale,_côté_nord.jpg"
Cathédrale_Notre-Dame_de_Strasbourg,25880,1,commons/Stained_glass_windows_(Nave_of_Notre-Dame_de_Strasbourg)/0/pictures/Nave_organ_and_stained_glass_windows_of_Strasbourg_Cathedral_-_3.jpg
Cathédrale_Notre-Dame_de_Strasbourg,25880,1,commons/Stained_glass_windows_(Nave_of_Notre-Dame_de_Strasbourg)/0/pictures/PHB_Strasbourg_8023264.jpg
Cathédrale_Notre-Dame_de_Strasbourg,25880,1,commons/Choir_(architecture)_of_Notre-Dame_de_Strasbourg/0/pictures/Coupole_romane_de_la_croisée_de_la_cathédrale_de_Strasbourg.jpg
Cathédrale_Notre-Dame_de_Strasbourg,25880,1,commons/Stained_glass_windows_(Nave_of_Notre-Dame_de_Strasbourg)/0/pictures/Vitraux_1_de_la_cathedrale_de_Strasbourg.jpg
Cathédrale_Notre-Dame_de_Strasbourg,25880,1,commons/Choir_(architecture)_of_Notre-Dame_de_Strasbourg/0/pictures/Interior_of_Notre-Dame_de_Strasbourg_20150729-2.jpg
Cathédrale_Notre-Dame_de_Strasbourg,25880,1,commons/Stained_glass_windows_of_Notre-Dame_de_Strasbourg/0/pictures/Strasbourg_-_Notre-Dame_de_Strasbourg_-_Choir_-_Le_vitrail_de_l’Europe_(The_Europe_Stained_Glass_Window)_1956_by_Max_Ingrand_(1908-1969).jpg
Cathédrale_Notre-Dame_de_Strasbourg,25880,2,"commons/Strasbourg_Cathedral_organ/0/pictures/Strasbourg_-_Notre-Dame_de_Strasbourg_-_Narthex_-_Panorama_View_on_Cathedral_Organ,_Nave_&_Choir_01.jpg"
Cathédrale_Notre-Dame_de_Strasbourg,25880,2,commons/Nave_of_Notre-Dame_de_Strasbourg/0/pictures/14-02-07-Cathédrale_Notre-Dame_de_Strasbourg-RalfR-06.jpg
Cathédrale_Notre-Dame_de_Strasbourg,25880,2,commons/Nave_of_Notre-Dame_de_Strasbourg/0/pictures/2010_06_24_canaltrip_strasbourg_236z_(22427538574).jpg
Cathédrale_Notre-Dame_de_Strasbourg,25880,2,"commons/Stained_glass_windows_(Nave_of_Notre-Dame_de_Strasbourg)/0/pictures/Strasbourg_-_Notre-Dame_de_Strasbourg_-_Narthex_-_Panorama_View_on_Cathedral_Organ,_Nave_&_Choir_01.jpg"
Cathédrale_Notre-Dame_de_Strasbourg,25880,2,"commons/Narthex_of_Notre-Dame_de_Strasbourg/0/pictures/Strasbourg_-_Notre-Dame_de_Strasbourg_-_Narthex_-_Panorama_View_on_Cathedral_Organ,_Nave_&_Choir_01.jpg"
Cathédrale_Notre-Dame_de_Strasbourg,25880,2,"commons/Narthex_of_Notre-Dame_de_Strasbourg/0/pictures/Strasbourg_-_Notre-Dame_de_Strasbourg_-_Narthex_-_Panorama_View_on_Cathedral_Organ,_Nave_&_Choir_05.jpg"
Cathédrale_Notre-Dame_de_Strasbourg,25880,2,"commons/Nave_of_Notre-Dame_de_Strasbourg/0/pictures/Strasbourg_-_Notre-Dame_de_Strasbourg_-_Narthex_-_Panorama_View_on_Cathedral_Organ,_Nave_&_Choir_05.jpg"
Cathédrale_Notre-Dame_de_Strasbourg,25880,2,"commons/Narthex_of_Notre-Dame_de_Strasbourg/0/pictures/Strasbourg_-_Notre-Dame_de_Strasbourg_-_Narthex_-_Panorama_View_on_Cathedral_Organ,_Nave_&_Choir_03.jpg"
Cathédrale_Notre-Dame_de_Strasbourg,25880,2,"commons/Nave_of_Notre-Dame_de_Strasbourg/0/pictures/Strasbourg_-_Notre-Dame_de_Strasbourg_-_Narthex_-_Panorama_View_on_Cathedral_Organ,_Nave_&_Choir_04.jpg"
Cathédrale_Notre-Dame_de_Strasbourg,25880,2,commons/Choir_(architecture)_of_Notre-Dame_de_Strasbourg/0/pictures/14-02-07-Cathédrale_Notre-Dame_de_Strasbourg-RalfR-06.jpg
Cathédrale_Notre-Dame_de_Strasbourg,25880,2,"commons/Choir_(architecture)_of_Notre-Dame_de_Strasbourg/0/pictures/Strasbourg_-_Notre-Dame_de_Strasbourg_-_Narthex_-_Panorama_View_on_Cathedral_Organ,_Nave_&_Choir_01.jpg"
Cathédrale_Notre-Dame_de_Strasbourg,25880,2,"commons/Nave_of_Notre-Dame_de_Strasbourg/0/pictures/Strasbourg_-_Notre-Dame_de_Strasbourg_-_Narthex_-_Panorama_View_on_Cathedral_Organ,_Nave_&_Choir_02.jpg"
Cathédrale_Notre-Dame_de_Strasbourg,25880,2,"commons/Strasbourg_Cathedral_organ/0/pictures/Strasbourg_-_Notre-Dame_de_Strasbourg_-_Narthex_-_Panorama_View_on_Cathedral_Organ,_Nave_&_Choir_05.jpg"
Cathédrale_Notre-Dame_de_Strasbourg,25880,2,"commons/Choir_(architecture)_of_Notre-Dame_de_Strasbourg/0/pictures/Strasbourg_-_Notre-Dame_de_Strasbourg_-_Narthex_-_Panorama_View_on_Cathedral_Organ,_Nave_&_Choir_05.jpg"
Cathédrale_Notre-Dame_de_Strasbourg,25880,2,"commons/Strasbourg_Cathedral_organ/0/pictures/Strasbourg_-_Notre-Dame_de_Strasbourg_-_Narthex_-_Panorama_View_on_Cathedral_Organ,_Nave_&_Choir_04.jpg"
Cathédrale_Notre-Dame_de_Strasbourg,25880,2,"commons/Choir_(architecture)_of_Notre-Dame_de_Strasbourg/0/pictures/Strasbourg_-_Notre-Dame_de_Strasbourg_-_Narthex_-_Panorama_View_on_Cathedral_Organ,_Nave_&_Choir_04.jpg"
Cathédrale_Notre-Dame_de_Strasbourg,25880,2,commons/Nave_of_Notre-Dame_de_Strasbourg/0/pictures/Straßburg_im_Sommer_2013_(9982329394).jpg
Cathédrale_Notre-Dame_de_Strasbourg,25880,2,"commons/Narthex_of_Notre-Dame_de_Strasbourg/0/pictures/Strasbourg_-_Notre-Dame_de_Strasbourg_-_Narthex_-_Panorama_View_on_Cathedral_Organ,_Nave_&_Choir_04.jpg"
Cathédrale_Notre-Dame_de_Strasbourg,25880,2,commons/Nave_of_Notre-Dame_de_Strasbourg/0/pictures/2010_06_24_canaltrip_strasbourg_238z_(22631895547).jpg
Cathédrale_Notre-Dame_de_Strasbourg,25880,2,"commons/Choir_(architecture)_of_Notre-Dame_de_Strasbourg/0/pictures/Strasbourg_-_Notre-Dame_de_Strasbourg_-_Narthex_-_Panorama_View_on_Cathedral_Organ,_Nave_&_Choir_02.jpg"
Cathédrale_Notre-Dame_de_Strasbourg,25880,2,"commons/Choir_(architecture)_of_Notre-Dame_de_Strasbourg/0/pictures/Strasbourg_-_Notre-Dame_de_Strasbourg_-_Narthex_-_Panorama_View_on_Cathedral_Organ,_Nave_&_Choir_03.jpg"
Cathédrale_Notre-Dame_de_Strasbourg,25880,2,"commons/Strasbourg_Cathedral_organ/0/pictures/Strasbourg_-_Notre-Dame_de_Strasbourg_-_Narthex_-_Panorama_View_on_Cathedral_Organ,_Nave_&_Choir_02.jpg"
Cathédrale_Notre-Dame_de_Strasbourg,25880,2,commons/Nave_of_Notre-Dame_de_Strasbourg/0/pictures/2010_06_24_canaltrip_strasbourg_242z_(23050306485).jpg
Cathédrale_Notre-Dame_de_Strasbourg,25880,2,"commons/Nave_of_Notre-Dame_de_Strasbourg/0/pictures/Strasbourg_-_Notre-Dame_de_Strasbourg_-_Narthex_-_Panorama_View_on_Cathedral_Organ,_Nave_&_Choir_03.jpg"
Cathédrale_Notre-Dame_de_Strasbourg,25880,2,"commons/Nave_of_Notre-Dame_de_Strasbourg/0/pictures/Strasbourg_-_Notre-Dame_de_Strasbourg_-_Narthex_-_Panorama_View_on_Cathedral_Organ,_Nave_&_Choir_01.jpg"
Cathédrale_Notre-Dame_de_Strasbourg,25880,2,"commons/Strasbourg_Cathedral_organ/0/pictures/Strasbourg_-_Notre-Dame_de_Strasbourg_-_Narthex_-_Panorama_View_on_Cathedral_Organ,_Nave_&_Choir_03.jpg"
Cathédrale_Notre-Dame_de_Strasbourg,25880,2,"commons/Stained_glass_windows_(Nave_of_Notre-Dame_de_Strasbourg)/0/pictures/Strasbourg_-_Notre-Dame_de_Strasbourg_-_Narthex_-_Panorama_View_on_Cathedral_Organ,_Nave_&_Choir_02.jpg"
Cathédrale_Notre-Dame_de_Strasbourg,25880,2,"commons/Stained_glass_windows_(Nave_of_Notre-Dame_de_Strasbourg)/0/pictures/Strasbourg_-_Notre-Dame_de_Strasbourg_-_Narthex_-_Panorama_View_on_Cathedral_Organ,_Nave_&_Choir_03.jpg"
Cathédrale_Notre-Dame_de_Strasbourg,25880,2,"commons/Stained_glass_windows_(Nave_of_Notre-Dame_de_Strasbourg)/0/pictures/Strasbourg_-_Notre-Dame_de_Strasbourg_-_Narthex_-_Panorama_View_on_Cathedral_Organ,_Nave_&_Choir_04.jpg"
Cathédrale_Notre-Dame_de_Strasbourg,25880,2,commons/Nave_of_Notre-Dame_de_Strasbourg/0/pictures/Intérieur_de_la_Cathédrale_Notre-Dame_de_Strasbourg.jpg
Cathédrale_Notre-Dame_de_Strasbourg,25880,2,commons/Strasbourg_Cathedral_organ/0/pictures/14-02-07-Cathédrale_Notre-Dame_de_Strasbourg-RalfR-05.jpg
Cathédrale_Notre-Dame_de_Strasbourg,25880,2,"commons/Stained_glass_windows_(Nave_of_Notre-Dame_de_Strasbourg)/0/pictures/Strasbourg_-_Notre-Dame_de_Strasbourg_-_Narthex_-_Panorama_View_on_Cathedral_Organ,_Nave_&_Choir_05.jpg"
Cathédrale_Notre-Dame_de_Strasbourg,25880,3,commons/Rose_window_of_Notre-Dame_de_Strasbourg_(interior_view)/0/pictures/Straßburg_Cathédrale_Notre-Dame_Innen_Rosette_4a.jpg
Cathédrale_Notre-Dame_de_Strasbourg,25880,3,commons/Rose_window_of_Notre-Dame_de_Strasbourg_(interior_view)/0/pictures/Straßburg_Münster_2009-007.jpg
Cathédrale_Notre-Dame_de_Strasbourg,25880,3,commons/Rose_window_of_Notre-Dame_de_Strasbourg_(interior_view)/0/pictures/Strassburger-Muenster-Rosette.jpg
Cathédrale_Notre-Dame_de_Strasbourg,25880,3,commons/Rose_window_of_Notre-Dame_de_Strasbourg_(interior_view)/0/pictures/Strasbourg_Cathedral_rose_window.jpg
Cathédrale_Notre-Dame_de_Strasbourg,25880,3,commons/Rose_window_of_Notre-Dame_de_Strasbourg_(interior_view)/0/pictures/2010_06_24_canaltrip_strasbourg_283z_(22631974397).jpg
Cathédrale_Notre-Dame_de_Strasbourg,25880,3,commons/Rose_window_of_Notre-Dame_de_Strasbourg_(interior_view)/0/pictures/Rose_window_of_Notre-Dame_de_Strasbourg.jpg
Cathédrale_Notre-Dame_de_Strasbourg,25880,3,commons/Rose_window_of_Notre-Dame_de_Strasbourg_(interior_view)/0/pictures/Gros_plan_de_la_rosace_de_la_cathédrale_de_Strasbourg.jpg
Cathédrale_Notre-Dame_de_Strasbourg,25880,3,commons/Rose_window_of_Notre-Dame_de_Strasbourg_(interior_view)/0/pictures/Rosace_Cathédrale_de_Strabourg.jpg
Cathédrale_Notre-Dame_de_Strasbourg,25880,3,commons/Strasbourg_Cathedral_organ/0/pictures/Strasbourg_-_Notre-Dame_de_Strasbourg_-_Choir_-_Leica_Zoom_lens_panorama_of_the_Rose_Window_&_Cathedral_Organ_03.jpg
Cathédrale_Notre-Dame_de_Strasbourg,25880,3,commons/Rose_window_of_Notre-Dame_de_Strasbourg_(interior_view)/0/pictures/La_cathédrale_de_strasbourg.JPG
Cathédrale_Notre-Dame_de_Strasbourg,25880,3,commons/Rose_window_of_Notre-Dame_de_Strasbourg_(interior_view)/0/pictures/Strasbourg_(Bas-Rhin)_-_Cathédrale_Notre-Dame_-_La_rose_d'Erwin_de_Steinbach_(façade_ouest)_-_52183983480.jpg
Cathédrale_Notre-Dame_de_Strasbourg,25880,3,"commons/Rose_window_of_Notre-Dame_de_Strasbourg_(interior_view)/0/pictures/Cathédrale_de_Strasbourg,_intérieur,_rosace.jpg"
Cathédrale_Notre-Dame_de_Strasbourg,25880,3,commons/Strasbourg_Cathedral_organ/0/pictures/Strasbourg_-_Notre-Dame_de_Strasbourg_-_Choir_-_Leica_Zoom_lens_panorama_of_the_Rose_Window_&_Cathedral_Organ_04.jpg
Cathédrale_Notre-Dame_de_Strasbourg,25880,3,commons/Rose_window_of_Notre-Dame_de_Strasbourg_(interior_view)/0/pictures/Strasbourg_-_Notre-Dame_de_Strasbourg_-_Choir_-_Leica_Zoom_lens_panorama_of_the_Rose_Window_&_Cathedral_Organ_03.jpg
Cathédrale_Notre-Dame_de_Strasbourg,25880,3,"commons/Rose_window_of_Notre-Dame_de_Strasbourg_(interior_view)/0/pictures/Cathédrale_de_Strasbourg,_intérieur,_rosace,_détail.jpg"
Cathédrale_Notre-Dame_de_Strasbourg,25880,3,commons/Rose_window_of_Notre-Dame_de_Strasbourg_(interior_view)/0/pictures/Strasbourg_-_Rose_Window_West_Façade_Cathedral.jpg
Cathédrale_Notre-Dame_de_Strasbourg,25880,3,"commons/Rose_window_of_Notre-Dame_de_Strasbourg_(interior_view)/0/pictures/Notre_Dame_rose_window,_Strasbourg_(15643970054).jpg"
Cathédrale_Notre-Dame_de_Strasbourg,25880,3,"commons/Rose_window_of_Notre-Dame_de_Strasbourg_(interior_view)/0/pictures/Stained_glass_window,_Cathedral_Notre_Dame,_Strasbourg.jpg"
Cathédrale_Notre-Dame_de_Strasbourg,25880,3,commons/Rose_window_of_Notre-Dame_de_Strasbourg_(interior_view)/0/pictures/Straßburg_(46658869595).jpg
Cathédrale_Notre-Dame_de_Strasbourg,25880,3,commons/Rose_window_of_Notre-Dame_de_Strasbourg_(interior_view)/0/pictures/Rosace_cathedrale_strasbourg.jpg
Cathédrale_Notre-Dame_de_Strasbourg,25880,3,commons/Rose_window_of_Notre-Dame_de_Strasbourg_(interior_view)/0/pictures/Strasbourg_-_Notre-Dame_de_Strasbourg_-_Choir_-_Leica_Zoom_lens_panorama_of_the_Rose_Window_&_Cathedral_Organ_04.jpg
Cathédrale_Notre-Dame_de_Strasbourg,25880,4,commons/Rose_window_of_Notre-Dame_de_Strasbourg_(interior_view)/0/pictures/Straßburg_Münster_2009-007.jpg
Cathédrale_Notre-Dame_de_Strasbourg,25880,4,commons/Rose_window_of_Notre-Dame_de_Strasbourg_(interior_view)/0/pictures/Strassburger-Muenster-Rosette.jpg
Cathédrale_Notre-Dame_de_Strasbourg,25880,4,commons/Rose_window_of_Notre-Dame_de_Strasbourg_(interior_view)/0/pictures/Strasbourg_Cathedral_rose_window.jpg
Cathédrale_Notre-Dame_de_Strasbourg,25880,4,commons/Rose_window_of_Notre-Dame_de_Strasbourg_(interior_view)/0/pictures/Strasbourg_-_Notre-Dame_de_Strasbourg_-_Choir_-_Leica_Zoom_lens_panorama_of_the_Rose_Window_&_Cathedral_Organ_04.jpg
Cathédrale_Notre-Dame_de_Strasbourg,25880,4,commons/Rose_window_of_Notre-Dame_de_Strasbourg_(interior_view)/0/pictures/2010_06_24_canaltrip_strasbourg_283z_(22631974397).jpg
Cathédrale_Notre-Dame_de_Strasbourg,25880,4,commons/Rose_window_of_Notre-Dame_de_Strasbourg_(interior_view)/0/pictures/Rose_window_of_Notre-Dame_de_Strasbourg.jpg
Cathédrale_Notre-Dame_de_Strasbourg,25880,4,commons/Rose_window_of_Notre-Dame_de_Strasbourg_(interior_view)/0/pictures/Gros_plan_de_la_rosace_de_la_cathédrale_de_Strasbourg.jpg
Cathédrale_Notre-Dame_de_Strasbourg,25880,4,commons/Rose_window_of_Notre-Dame_de_Strasbourg_(interior_view)/0/pictures/Strasbourg_(Bas-Rhin)_-_Cathédrale_Notre-Dame_-_La_rose_d'Erwin_de_Steinbach_(façade_ouest)_-_52183983480.jpg
Cathédrale_Notre-Dame_de_Strasbourg,25880,4,"commons/Rose_window_of_Notre-Dame_de_Strasbourg_(interior_view)/0/pictures/Cathédrale_de_Strasbourg,_intérieur,_rosace.jpg"
Cathédrale_Notre-Dame_de_Strasbourg,25880,4,commons/Strasbourg_Cathedral_organ/0/pictures/Strasbourg_-_Notre-Dame_de_Strasbourg_-_Choir_-_Leica_Zoom_lens_panorama_of_the_Rose_Window_&_Cathedral_Organ_04.jpg
Cathédrale_Notre-Dame_de_Strasbourg,25880,4,commons/Rose_window_of_Notre-Dame_de_Strasbourg_(interior_view)/0/pictures/Strasbourg_-_Notre-Dame_de_Strasbourg_-_Choir_-_Leica_Zoom_lens_panorama_of_the_Rose_Window_&_Cathedral_Organ_03.jpg
Cathédrale_Notre-Dame_de_Strasbourg,25880,4,commons/Rose_window_of_Notre-Dame_de_Strasbourg_(interior_view)/0/pictures/Straßburg_Cathédrale_Notre-Dame_Innen_Rosette_4a.jpg
Cathédrale_Notre-Dame_de_Strasbourg,25880,4,commons/Rose_window_of_Notre-Dame_de_Strasbourg_(interior_view)/0/pictures/MK09074_Cathédrale_Notre-Dame_de_Strasbourg_Grande_Rose.jpg
Cathédrale_Notre-Dame_de_Strasbourg,25880,4,commons/Rose_window_of_Notre-Dame_de_Strasbourg_(interior_view)/0/pictures/Straßburg_(46658869595).jpg
Cathédrale_Notre-Dame_de_Strasbourg,25880,4,commons/Rose_window_of_Notre-Dame_de_Strasbourg_(interior_view)/0/pictures/Rosace_cathedrale_strasbourg.jpg
Cathédrale_Notre-Dame_de_Strasbourg,25880,4,"commons/Rose_window_of_Notre-Dame_de_Strasbourg_(interior_view)/0/pictures/Cathédrale_de_Strasbourg,_intérieur,_rosace,_détail.jpg"
Cathédrale_Notre-Dame_de_Strasbourg,25880,4,commons/Rose_window_of_Notre-Dame_de_Strasbourg_(interior_view)/0/pictures/Strasbourg_-_Rose_Window_West_Façade_Cathedral.jpg
Cathédrale_Notre-Dame_de_Strasbourg,25880,4,"commons/Rose_window_of_Notre-Dame_de_Strasbourg_(interior_view)/0/pictures/Notre_Dame_rose_window,_Strasbourg_(15643970054).jpg"
Cathédrale_Notre-Dame_de_Strasbourg,25880,4,"commons/Rose_window_of_Notre-Dame_de_Strasbourg_(interior_view)/0/pictures/Stained_glass_window,_Cathedral_Notre_Dame,_Strasbourg.jpg"
Cathédrale_Notre-Dame_de_Strasbourg,25880,4,commons/Strasbourg_Cathedral_organ/0/pictures/Strasbourg_-_Notre-Dame_de_Strasbourg_-_Choir_-_Leica_Zoom_lens_panorama_of_the_Rose_Window_&_Cathedral_Organ_03.jpg
Cathédrale_Notre-Dame_de_Strasbourg,25880,4,commons/Rose_window_of_Notre-Dame_de_Strasbourg_(interior_view)/0/pictures/La_cathédrale_de_strasbourg.JPG
Cathédrale_Notre-Dame_de_Strasbourg,25880,4,commons/Rose_window_of_Notre-Dame_de_Strasbourg_(interior_view)/0/pictures/Strasbourg_-_La_rosace_de_la_cathédrale_(14218708987).jpg
Cathédrale_Notre-Dame_de_Strasbourg,25880,5,commons/Rose_window_of_Notre-Dame_de_Strasbourg_(interior_view)/0/pictures/Strasbourg_-_Notre-Dame_de_Strasbourg_-_Narthex_-_Stained_Glass_Window_on_North_side_05.jpg
Cathédrale_Notre-Dame_de_Strasbourg,25880,5,"commons/Narthex_of_Notre-Dame_de_Strasbourg/0/pictures/Verrière_gothique_de_la_cathédrale,_Strasbourg.jpg"
Cathédrale_Notre-Dame_de_Strasbourg,25880,5,commons/Narthex_of_Notre-Dame_de_Strasbourg/0/pictures/Verrière_gothique_de_la_cathédrale_de_Strasbourg_HDR.jpg
Cathédrale_Notre-Dame_de_Strasbourg,25880,5,commons/Narthex_of_Notre-Dame_de_Strasbourg/0/pictures/Straßburg_Cathédrale_Notre-Dame_Innen_Buntglasfenster_1.jpg
Cathédrale_Notre-Dame_de_Strasbourg,25880,5,commons/Gothic_stained_glass_windows_of_Notre-Dame_de_Strasbourg/0/pictures/Straßburg_05.jpg
Cathédrale_Notre-Dame_de_Strasbourg,25880,5,commons/Gothic_stained_glass_windows_of_Notre-Dame_de_Strasbourg/0/pictures/CathéStras_CIMG8402_(46035875885).jpg
Cathédrale_Notre-Dame_de_Strasbourg,25880,5,commons/Narthex_of_Notre-Dame_de_Strasbourg/0/pictures/Strasbourg_Cathedral_-_panoramio_(4).jpg
Cathédrale_Notre-Dame_de_Strasbourg,25880,5,"commons/Gothic_stained_glass_windows_of_Notre-Dame_de_Strasbourg/0/pictures/Strasbourg_-_Notre-Dame_de_Strasbourg_-_Narthex_-_Leica_zoom_lens_panorama_of_northern_stained_glass_window,_depicting_the_first_chapters_of_Genesis_01.jpg"
Cathédrale_Notre-Dame_de_Strasbourg,25880,5,"commons/Gothic_stained_glass_windows_of_Notre-Dame_de_Strasbourg/0/pictures/Verrière_gothique_de_la_cathédrale,_Strasbourg.jpg"
Cathédrale_Notre-Dame_de_Strasbourg,25880,5,commons/Narthex_of_Notre-Dame_de_Strasbourg/0/pictures/Straßburg_(47574304181).jpg
Cathédrale_Notre-Dame_de_Strasbourg,25880,5,"commons/Gothic_stained_glass_windows_of_Notre-Dame_de_Strasbourg/0/pictures/Strasbourg_-_Notre-Dame_de_Strasbourg_-_Narthex_-_Leica_zoom_lens_panorama_of_northern_stained_glass_window,_depicting_the_first_chapters_of_Genesis_04.jpg"
Cathédrale_Notre-Dame_de_Strasbourg,25880,5,commons/Gothic_stained_glass_windows_of_Notre-Dame_de_Strasbourg/0/pictures/Straßburg_(47574304181).jpg
Cathédrale_Notre-Dame_de_Strasbourg,25880,5,commons/Narthex_of_Notre-Dame_de_Strasbourg/0/pictures/Strasbourg_-_Notre-Dame_de_Strasbourg_-_Narthex_-_Stained_Glass_Window_on_North_side_04.jpg
Cathédrale_Notre-Dame_de_Strasbourg,25880,5,commons/Gothic_stained_glass_windows_of_Notre-Dame_de_Strasbourg/0/pictures/Strasbourg_-_Notre-Dame_de_Strasbourg_-_Narthex_-_Stained_Glass_Window_on_North_side_01.jpg
Cathédrale_Notre-Dame_de_Strasbourg,25880,5,commons/Narthex_of_Notre-Dame_de_Strasbourg/0/pictures/Strasbourg_-_Cathedrale_-_Vitrail_-_Detail_01.jpg
Cathédrale_Notre-Dame_de_Strasbourg,25880,5,commons/Gothic_stained_glass_windows_of_Notre-Dame_de_Strasbourg/0/pictures/Strasbourg_(Bas-Rhin)_-_Cathédrale_Notre-Dame_-_Verrières_basses_coté_nord_(baie_17)_-_La_Genèse_-_52189959921.jpg
Cathédrale_Notre-Dame_de_Strasbourg,25880,5,"commons/Narthex_of_Notre-Dame_de_Strasbourg/0/pictures/Strasbourg_-_Notre-Dame_de_Strasbourg_-_Narthex_-_Leica_zoom_lens_panorama_of_northern_stained_glass_window,_depicting_the_first_chapters_of_Genesis_03.jpg"
Cathédrale_Notre-Dame_de_Strasbourg,25880,5,commons/Gothic_stained_glass_windows_of_Notre-Dame_de_Strasbourg/0/pictures/Strasbourg_-_Notre-Dame_de_Strasbourg_-_Narthex_-_Stained_Glass_Window_on_North_side_05.jpg
Cathédrale_Notre-Dame_de_Strasbourg,25880,5,commons/Gothic_stained_glass_windows_of_Notre-Dame_de_Strasbourg/0/pictures/Strasbourg_-_Notre-Dame_de_Strasbourg_-_Narthex_-_Stained_Glass_Window_on_North_side_04.jpg
Cathédrale_Notre-Dame_de_Strasbourg,25880,5,commons/Gothic_stained_glass_windows_of_Notre-Dame_de_Strasbourg/0/pictures/CathéStras_CIMG8392_(46949916021).jpg
Cathédrale_Notre-Dame_de_Strasbourg,25880,5,commons/Gothic_stained_glass_windows_of_Notre-Dame_de_Strasbourg/0/pictures/Straßburg_Cathédrale_Notre-Dame_Innen_Buntglasfenster_1.jpg
Cathédrale_Notre-Dame_de_Strasbourg,25880,5,commons/Narthex_of_Notre-Dame_de_Strasbourg/0/pictures/Straßburg_05.jpg
Cathédrale_Notre-Dame_de_Strasbourg,25880,5,commons/Narthex_of_Notre-Dame_de_Strasbourg/0/pictures/CathéStras_CIMG8392_(46949916021).jpg
Cathédrale_Notre-Dame_de_Strasbourg,25880,5,commons/Gothic_stained_glass_windows_of_Notre-Dame_de_Strasbourg/0/pictures/Verrière_gothique_de_la_cathédrale_de_Strasbourg.jpg
Cathédrale_Notre-Dame_de_Strasbourg,25880,5,commons/Narthex_of_Notre-Dame_de_Strasbourg/0/pictures/Strasbourg_-_Notre-Dame_de_Strasbourg_-_Narthex_-_Stained_Glass_Window_on_North_side_01.jpg
Cathédrale_Notre-Dame_de_Strasbourg,25880,5,commons/Narthex_of_Notre-Dame_de_Strasbourg/0/pictures/CathéStras_CIMG8402_(46035875885).jpg
Cathédrale_Notre-Dame_de_Strasbourg,25880,5,commons/Gothic_stained_glass_windows_of_Notre-Dame_de_Strasbourg/0/pictures/Verrière_gothique_de_la_cathédrale_de_Strasbourg_HDR.jpg
Cathédrale_Notre-Dame_de_Strasbourg,25880,5,"commons/Narthex_of_Notre-Dame_de_Strasbourg/0/pictures/Strasbourg_-_Notre-Dame_de_Strasbourg_-_Narthex_-_Leica_zoom_lens_panorama_of_northern_stained_glass_window,_depicting_the_first_chapters_of_Genesis_01.jpg"
Cathédrale_Notre-Dame_de_Strasbourg,25880,5,commons/Narthex_of_Notre-Dame_de_Strasbourg/0/pictures/Verrière_gothique_de_la_cathédrale_de_Strasbourg.jpg
Cathédrale_Notre-Dame_de_Strasbourg,25880,5,"commons/Gothic_stained_glass_windows_of_Notre-Dame_de_Strasbourg/0/pictures/Strasbourg_-_Notre-Dame_de_Strasbourg_-_Narthex_-_Leica_zoom_lens_panorama_of_northern_stained_glass_window,_depicting_the_first_chapters_of_Genesis_03.jpg"
Cathédrale_Notre-Dame_de_Strasbourg,25880,5,"commons/Narthex_of_Notre-Dame_de_Strasbourg/0/pictures/Création_d'Adam_et_création_d'Ève,_vitrail_gothique,_cathédrale_de_Strasbourg.jpg"
Cathédrale_Notre-Dame_de_Strasbourg,25880,5,commons/Narthex_of_Notre-Dame_de_Strasbourg/0/pictures/Strasbourg_(Bas-Rhin)_-_Cathédrale_Notre-Dame_-_Verrières_basses_coté_nord_(baie_17)_-_La_Genèse_-_52189959921.jpg
Cathédrale_Notre-Dame_de_Strasbourg,25880,5,"commons/Gothic_stained_glass_windows_of_Notre-Dame_de_Strasbourg/0/pictures/Création_d'Adam_et_création_d'Ève,_vitrail_gothique,_cathédrale_de_Strasbourg.jpg"
Cathédrale_Notre-Dame_de_Strasbourg,25880,5,"commons/Narthex_of_Notre-Dame_de_Strasbourg/0/pictures/Strasbourg_-_Notre-Dame_de_Strasbourg_-_Narthex_-_Leica_zoom_lens_panorama_of_northern_stained_glass_window,_depicting_the_first_chapters_of_Genesis_04.jpg"
Cathédrale_Notre-Dame_de_Strasbourg,25880,5,commons/Narthex_of_Notre-Dame_de_Strasbourg/0/pictures/Strasbourg_-_Notre-Dame_de_Strasbourg_-_Narthex_-_Stained_Glass_Window_on_North_side_05.jpg
Cathédrale_Notre-Dame_de_Strasbourg,25880,6,commons/Rose_window_of_Notre-Dame_de_Strasbourg_(interior_view)/0/pictures/Strasbourg_-_Notre-Dame_de_Strasbourg_-_Narthex_-_Stained_Glass_Window_on_North_side_05.jpg
Cathédrale_Notre-Dame_de_Strasbourg,25880,6,"commons/Narthex_of_Notre-Dame_de_Strasbourg/0/pictures/Verrière_gothique_de_la_cathédrale,_Strasbourg.jpg"
Cathédrale_Notre-Dame_de_Strasbourg,25880,6,commons/Narthex_of_Notre-Dame_de_Strasbourg/0/pictures/Straßburg_(47574304181).jpg
Cathédrale_Notre-Dame_de_Strasbourg,25880,6,commons/Narthex_of_Notre-Dame_de_Strasbourg/0/pictures/Strasbourg_-_Notre-Dame_de_Strasbourg_-_Narthex_-_Stained_Glass_Window_on_North_side_01.jpg
Cathédrale_Notre-Dame_de_Strasbourg,25880,6,commons/Narthex_of_Notre-Dame_de_Strasbourg/0/pictures/Strasbourg_-_Notre-Dame_de_Strasbourg_-_Narthex_-_Stained_Glass_Window_on_North_side_05.jpg
Cathédrale_Notre-Dame_de_Strasbourg,25880,6,commons/Narthex_of_Notre-Dame_de_Strasbourg/0/pictures/Straßburg_05.jpg
Cathédrale_Notre-Dame_de_Strasbourg,25880,6,commons/Gothic_stained_glass_windows_of_Notre-Dame_de_Strasbourg/0/pictures/Strasbourg_-_Notre-Dame_de_Strasbourg_-_Narthex_-_Stained_Glass_Window_on_North_side_05.jpg
Cathédrale_Notre-Dame_de_Strasbourg,25880,6,commons/Gothic_stained_glass_windows_of_Notre-Dame_de_Strasbourg/0/pictures/Strasbourg_(Bas-Rhin)_-_Cathédrale_Notre-Dame_-_Verrières_basses_coté_nord_(baie_17)_-_La_Genèse.jpg
Cathédrale_Notre-Dame_de_Strasbourg,25880,6,commons/Gothic_stained_glass_windows_of_Notre-Dame_de_Strasbourg/0/pictures/Strasbourg_-_Notre-Dame_de_Strasbourg_-_Narthex_-_Stained_Glass_Window_on_North_side_01.jpg
Cathédrale_Notre-Dame_de_Strasbourg,25880,6,commons/Narthex_of_Notre-Dame_de_Strasbourg/0/pictures/Strasbourg_-_Notre-Dame_de_Strasbourg_-_Narthex_-_Stained_Glass_Window_on_North_side_04.jpg
Cathédrale_Notre-Dame_de_Strasbourg,25880,6,commons/Gothic_stained_glass_windows_of_Notre-Dame_de_Strasbourg/0/pictures/Straßburg_(47574304181).jpg
Cathédrale_Notre-Dame_de_Strasbourg,25880,6,commons/Narthex_of_Notre-Dame_de_Strasbourg/0/pictures/CathéStras_CIMG8402_(46035875885).jpg
Cathédrale_Notre-Dame_de_Strasbourg,25880,6,commons/Narthex_of_Notre-Dame_de_Strasbourg/0/pictures/Strasbourg_Cathedral_-_panoramio_(4).jpg
Cathédrale_Notre-Dame_de_Strasbourg,25880,6,commons/Gothic_stained_glass_windows_of_Notre-Dame_de_Strasbourg/0/pictures/CathéStras_CIMG8402_(46035875885).jpg
Cathédrale_Notre-Dame_de_Strasbourg,25880,6,commons/Gothic_stained_glass_windows_of_Notre-Dame_de_Strasbourg/0/pictures/Strasbourg_-_Notre-Dame_de_Strasbourg_-_Narthex_-_Stained_Glass_Window_on_North_side_04.jpg
Cathédrale_Notre-Dame_de_Strasbourg,25880,6,commons/Narthex_of_Notre-Dame_de_Strasbourg/0/pictures/Straßburg_Cathédrale_Notre-Dame_Innen_Buntglasfenster_1.jpg
Cathédrale_Notre-Dame_de_Strasbourg,25880,6,commons/Gothic_stained_glass_windows_of_Notre-Dame_de_Strasbourg/0/pictures/Straßburg_05.jpg
Cathédrale_Notre-Dame_de_Strasbourg,25880,6,commons/Gothic_stained_glass_windows_of_Notre-Dame_de_Strasbourg/0/pictures/Straßburg_Cathédrale_Notre-Dame_Innen_Buntglasfenster_1.jpg
Cathédrale_Notre-Dame_de_Strasbourg,25880,6,"commons/Gothic_stained_glass_windows_of_Notre-Dame_de_Strasbourg/0/pictures/Verrière_gothique_de_la_cathédrale,_Strasbourg.jpg"
Cathédrale_Notre-Dame_de_Strasbourg,25880,6,commons/Gothic_stained_glass_windows_of_Notre-Dame_de_Strasbourg/0/pictures/CathéStras_CIMG8392_(46949916021).jpg
Cathédrale_Notre-Dame_de_Strasbourg,25880,6,commons/Narthex_of_Notre-Dame_de_Strasbourg/0/pictures/CathéStras_CIMG8392_(46949916021).jpg
Cathédrale_Notre-Dame_de_Strasbourg,25880,6,commons/Narthex_of_Notre-Dame_de_Strasbourg/0/pictures/Strasbourg_(Bas-Rhin)_-_Cathédrale_Notre-Dame_-_Verrières_basses_coté_nord_(baie_17)_-_La_Genèse.jpg
Cathédrale_Notre-Dame_de_Strasbourg,25880,7,commons/Rose_window_of_Notre-Dame_de_Strasbourg_(interior_view)/0/pictures/Strasbourg_-_Notre-Dame_de_Strasbourg_-_Narthex_-_Stained_Glass_Window_on_North_side_05.jpg
Cathédrale_Notre-Dame_de_Strasbourg,25880,7,"commons/Narthex_of_Notre-Dame_de_Strasbourg/0/pictures/Verrière_gothique_de_la_cathédrale,_Strasbourg.jpg"
Cathédrale_Notre-Dame_de_Strasbourg,25880,7,commons/Narthex_of_Notre-Dame_de_Strasbourg/0/pictures/Straßburg_(47574304181).jpg
Cathédrale_Notre-Dame_de_Strasbourg,25880,7,commons/Narthex_of_Notre-Dame_de_Strasbourg/0/pictures/Strasbourg_-_Notre-Dame_de_Strasbourg_-_Narthex_-_Stained_Glass_Window_on_North_side_01.jpg
Cathédrale_Notre-Dame_de_Strasbourg,25880,7,commons/Narthex_of_Notre-Dame_de_Strasbourg/0/pictures/Strasbourg_-_Notre-Dame_de_Strasbourg_-_Narthex_-_Stained_Glass_Window_on_North_side_05.jpg
Cathédrale_Notre-Dame_de_Strasbourg,25880,7,"commons/Narthex_of_Notre-Dame_de_Strasbourg/0/pictures/Strasbourg_-_Notre-Dame_de_Strasbourg_-_Narthex_-_Leica_zoom_lens_panorama_of_northern_stained_glass_window,_depicting_the_first_chapters_of_Genesis_02.jpg"
Cathédrale_Notre-Dame_de_Strasbourg,25880,7,commons/Narthex_of_Notre-Dame_de_Strasbourg/0/pictures/Straßburg_05.jpg
Cathédrale_Notre-Dame_de_Strasbourg,25880,7,commons/Gothic_stained_glass_windows_of_Notre-Dame_de_Strasbourg/0/pictures/Strasbourg_-_Notre-Dame_de_Strasbourg_-_Narthex_-_Stained_Glass_Window_on_North_side_05.jpg
Cathédrale_Notre-Dame_de_Strasbourg,25880,7,"commons/Gothic_stained_glass_windows_of_Notre-Dame_de_Strasbourg/0/pictures/Strasbourg_-_Notre-Dame_de_Strasbourg_-_Narthex_-_Leica_zoom_lens_panorama_of_northern_stained_glass_window,_depicting_the_first_chapters_of_Genesis_02.jpg"
Cathédrale_Notre-Dame_de_Strasbourg,25880,7,"commons/Gothic_stained_glass_windows_of_Notre-Dame_de_Strasbourg/0/pictures/Strasbourg_-_Notre-Dame_de_Strasbourg_-_Narthex_-_Leica_zoom_lens_panorama_of_northern_stained_glass_window,_depicting_the_first_chapters_of_Genesis_01.jpg"
Cathédrale_Notre-Dame_de_Strasbourg,25880,7,"commons/Gothic_stained_glass_windows_of_Notre-Dame_de_Strasbourg/0/pictures/Verrière_gothique_de_la_cathédrale,_Strasbourg.jpg"
Cathédrale_Notre-Dame_de_Strasbourg,25880,7,commons/Gothic_stained_glass_windows_of_Notre-Dame_de_Strasbourg/0/pictures/Strasbourg_-_Notre-Dame_de_Strasbourg_-_Narthex_-_Stained_Glass_Window_on_North_side_01.jpg
Cathédrale_Notre-Dame_de_Strasbourg,25880,7,commons/Narthex_of_Notre-Dame_de_Strasbourg/0/pictures/Strasbourg_-_Notre-Dame_de_Strasbourg_-_Narthex_-_Stained_Glass_Window_on_North_side_04.jpg
Cathédrale_Notre-Dame_de_Strasbourg,25880,7,commons/Gothic_stained_glass_windows_of_Notre-Dame_de_Strasbourg/0/pictures/Straßburg_(47574304181).jpg
Cathédrale_Notre-Dame_de_Strasbourg,25880,7,commons/Narthex_of_Notre-Dame_de_Strasbourg/0/pictures/Strasbourg_Cathedral_-_panoramio_(4).jpg
Cathédrale_Notre-Dame_de_Strasbourg,25880,7,commons/Gothic_stained_glass_windows_of_Notre-Dame_de_Strasbourg/0/pictures/CathéStras_CIMG8402_(46035875885).jpg
Cathédrale_Notre-Dame_de_Strasbourg,25880,7,commons/Gothic_stained_glass_windows_of_Notre-Dame_de_Strasbourg/0/pictures/Strasbourg_-_Notre-Dame_de_Strasbourg_-_Narthex_-_Stained_Glass_Window_on_North_side_04.jpg
Cathédrale_Notre-Dame_de_Strasbourg,25880,7,commons/Narthex_of_Notre-Dame_de_Strasbourg/0/pictures/CathéStras_CIMG8402_(46035875885).jpg
Cathédrale_Notre-Dame_de_Strasbourg,25880,7,"commons/Narthex_of_Notre-Dame_de_Strasbourg/0/pictures/Strasbourg_-_Notre-Dame_de_Strasbourg_-_Narthex_-_Leica_zoom_lens_panorama_of_northern_stained_glass_window,_depicting_the_first_chapters_of_Genesis_01.jpg"
Cathédrale_Notre-Dame_de_Strasbourg,25880,7,commons/Gothic_stained_glass_windows_of_Notre-Dame_de_Strasbourg/0/pictures/Straßburg_05.jpg
Cathédrale_Notre-Dame_de_Strasbourg,25880,7,commons/Gothic_stained_glass_windows_of_Notre-Dame_de_Strasbourg/0/pictures/CathéStras_CIMG8392_(46949916021).jpg
Cathédrale_Notre-Dame_de_Strasbourg,25880,7,commons/Narthex_of_Notre-Dame_de_Strasbourg/0/pictures/CathéStras_CIMG8392_(46949916021).jpg
Cathédrale_Notre-Dame_de_Strasbourg,25880,8,commons/Stained_glass_windows_(Nave_of_Notre-Dame_de_Strasbourg)/0/pictures/Straßburg_Cathédrale_Notre-Dame_Innen_Buntglasfenster_3.jpg
Cathédrale_Notre-Dame_de_Strasbourg,25880,8,commons/Stained_glass_windows_(Nave_of_Notre-Dame_de_Strasbourg)/0/pictures/Straßburg_Cathédrale_Notre-Dame_Innen_Langhaus_1.jpg
Cathédrale_Notre-Dame_de_Strasbourg,25880,8,commons/Stained_glass_windows_(Nave_of_Notre-Dame_de_Strasbourg)/0/pictures/StrasbourgCath_BasCoteS_21a.jpg
Cathédrale_Notre-Dame_de_Strasbourg,25880,8,commons/Stained_glass_windows_(Nave_of_Notre-Dame_de_Strasbourg)/0/pictures/StrasbourgCath_BasCoteS_20a.jpg
Cathédrale_Notre-Dame_de_Strasbourg,25880,8,commons/Stained_glass_windows_(Nave_of_Notre-Dame_de_Strasbourg)/0/pictures/StrasbourgCath_BasCoteS_17a.jpg
Cathédrale_Notre-Dame_de_Strasbourg,25880,8,commons/Stained_glass_windows_(Nave_of_Notre-Dame_de_Strasbourg)/0/pictures/StrasbourgCath_BasCoteS_20.JPG
Cathédrale_Notre-Dame_de_Strasbourg,25880,8,commons/Stained_glass_windows_(Nave_of_Notre-Dame_de_Strasbourg)/0/pictures/StrasbourgCath_BasCoteS_19.JPG
Cathédrale_Notre-Dame_de_Strasbourg,25880,8,commons/Stained_glass_windows_(Nave_of_Notre-Dame_de_Strasbourg)/0/pictures/Strasbourg_cathedrale_vitrail_(5891510578).jpg
Cathédrale_Notre-Dame_de_Strasbourg,25880,8,commons/Stained_glass_windows_(Nave_of_Notre-Dame_de_Strasbourg)/0/pictures/Strasbourg_Cathédrale_vitrail_bas-côté_sud.jpg
Cathédrale_Notre-Dame_de_Strasbourg,25880,8,commons/Stained_glass_windows_(Nave_of_Notre-Dame_de_Strasbourg)/0/pictures/Strasbourg_-_Notre-Dame_de_Strasbourg_-_Southern_side_nave_-_14th_century_stained_glass_windows_on_the_south_side_-_Scenes_from_the_life_of_the_Virgin_and_Christ_11_-_Leica_zoom_lens_details.jpg
Cathédrale_Notre-Dame_de_Strasbourg,25880,8,commons/Stained_glass_windows_(Nave_of_Notre-Dame_de_Strasbourg)/0/pictures/Strasbourg_-_Notre-Dame_de_Strasbourg_-_Southern_side_nave_-_14th_century_stained_glass_windows_on_the_south_side_-_Scenes_from_the_life_of_the_Virgin_and_Christ_15_-_Leica_zoom_lens_details.jpg
Cathédrale_Notre-Dame_de_Strasbourg,25880,8,commons/Stained_glass_windows_(Nave_of_Notre-Dame_de_Strasbourg)/0/pictures/Strasbourg_-_Notre-Dame_de_Strasbourg_-_Southern_side_nave_-_14th_century_stained_glass_windows_on_the_south_side_-_Scenes_from_the_life_of_the_Virgin_and_Christ_16_-_Leica_zoom_lens_details.jpg
Cathédrale_Notre-Dame_de_Strasbourg,25880,8,commons/Stained_glass_windows_(Nave_of_Notre-Dame_de_Strasbourg)/0/pictures/Strasbourg_-_Notre-Dame_de_Strasbourg_-_Southern_side_nave_-_14th_century_stained_glass_windows_on_the_south_side_-_Scenes_from_the_life_of_the_Virgin_and_Christ_14_-_Leica_zoom_lens_details.jpg
Cathédrale_Notre-Dame_de_Strasbourg,25880,8,commons/Stained_glass_windows_(Nave_of_Notre-Dame_de_Strasbourg)/0/pictures/Strasbourg_-_Notre-Dame_de_Strasbourg_-_Southern_side_nave_-_14th_century_stained_glass_windows_on_the_south_side_-_Scenes_from_the_life_of_the_Virgin_and_Christ_13_-_Leica_zoom_lens_details.jpg
Cathédrale_Notre-Dame_de_Strasbourg,25880,8,commons/Stained_glass_windows_(Nave_of_Notre-Dame_de_Strasbourg)/0/pictures/Strasbourg_-_Notre-Dame_de_Strasbourg_-_Southern_side_nave_-_14th_century_stained_glass_windows_on_the_south_side_-_Scenes_from_the_life_of_the_Virgin_and_Christ_03.jpg
Cathédrale_Notre-Dame_de_Strasbourg,25880,8,commons/Stained_glass_windows_(Nave_of_Notre-Dame_de_Strasbourg)/0/pictures/Strasbourg_-_Cathedral_-_View_SE.jpg
Cathédrale_Notre-Dame_de_Strasbourg,25880,8,"commons/Gothic_stained_glass_windows_of_Notre-Dame_de_Strasbourg/0/pictures/Strasbourg,_verrière_gothique_du_bas-côté_sud_de_la_cathédrale_(_détail_).jpg"
Cathédrale_Notre-Dame_de_Strasbourg,25880,8,commons/Gothic_stained_glass_windows_of_Notre-Dame_de_Strasbourg/0/pictures/Strasbourg_Cathédrale_vitrail_bas-côté_sud.jpg
Cathédrale_Notre-Dame_de_Strasbourg,25880,8,commons/Stained_glass_windows_(Nave_of_Notre-Dame_de_Strasbourg)/0/pictures/StrasbourgCath_BasCoteS_19a.jpg
Cathédrale_Notre-Dame_de_Strasbourg,25880,8,commons/Gothic_stained_glass_windows_of_Notre-Dame_de_Strasbourg/0/pictures/Strasbourg_-_Notre-Dame_de_Strasbourg_-_Southern_side_nave_-_14th_century_stained_glass_windows_on_the_south_side_-_Scenes_from_the_life_of_the_Virgin_and_Christ_11_-_Leica_zoom_lens_details.jpg
Cathédrale_Notre-Dame_de_Strasbourg,25880,8,"commons/Stained_glass_windows_(Nave_of_Notre-Dame_de_Strasbourg)/0/pictures/Bas-côté_sud,_vitrail_gothique,_cathédrale_de_Strasbourg,_2.jpg"
Cathédrale_Notre-Dame_de_Strasbourg,25880,8,commons/Gothic_stained_glass_windows_of_Notre-Dame_de_Strasbourg/0/pictures/StrasbourgCath_BasCoteS_20.JPG
Cathédrale_Notre-Dame_de_Strasbourg,25880,8,commons/Stained_glass_windows_(Nave_of_Notre-Dame_de_Strasbourg)/0/pictures/StrasbourgCath_BasCoteS_21.JPG
Cathédrale_Notre-Dame_de_Strasbourg,25880,8,commons/Gothic_stained_glass_windows_of_Notre-Dame_de_Strasbourg/0/pictures/Strasbourg_-_Notre-Dame_de_Strasbourg_-_Southern_side_nave_-_14th_century_stained_glass_windows_on_the_south_side_-_Scenes_from_the_life_of_the_Virgin_and_Christ_14_-_Leica_zoom_lens_details.jpg
Cathédrale_Notre-Dame_de_Strasbourg,25880,8,commons/Gothic_stained_glass_windows_of_Notre-Dame_de_Strasbourg/0/pictures/Strasbourg_-_Notre-Dame_de_Strasbourg_-_Southern_side_nave_-_14th_century_stained_glass_windows_on_the_south_side_-_Scenes_from_the_life_of_the_Virgin_and_Christ_15_-_Leica_zoom_lens_details.jpg
Cathédrale_Notre-Dame_de_Strasbourg,25880,8,commons/Gothic_stained_glass_windows_of_Notre-Dame_de_Strasbourg/0/pictures/StrasbourgCath_BasCoteS_17a.jpg
Cathédrale_Notre-Dame_de_Strasbourg,25880,8,commons/Gothic_stained_glass_windows_of_Notre-Dame_de_Strasbourg/0/pictures/Strasbourg_-_Notre-Dame_de_Strasbourg_-_Southern_side_nave_-_14th_century_stained_glass_windows_on_the_south_side_-_Scenes_from_the_life_of_the_Virgin_and_Christ_13_-_Leica_zoom_lens_details.jpg
Cathédrale_Notre-Dame_de_Strasbourg,25880,8,commons/Gothic_stained_glass_windows_of_Notre-Dame_de_Strasbourg/0/pictures/Strasbourg_-_Notre-Dame_de_Strasbourg_-_Southern_side_nave_-_14th_century_stained_glass_windows_on_the_south_side_-_Scenes_from_the_life_of_the_Virgin_and_Christ_03.jpg
Cathédrale_Notre-Dame_de_Strasbourg,25880,8,commons/Gothic_stained_glass_windows_of_Notre-Dame_de_Strasbourg/0/pictures/Strasbourg_-_Notre-Dame_de_Strasbourg_-_Southern_side_nave_-_14th_century_stained_glass_windows_on_the_south_side_-_Scenes_from_the_life_of_the_Virgin_and_Christ_16_-_Leica_zoom_lens_details.jpg
Cathédrale_Notre-Dame_de_Strasbourg,25880,8,commons/Gothic_stained_glass_windows_of_Notre-Dame_de_Strasbourg/0/pictures/Strasbourg_-_Cathedrale_-_Vitrail_-_Detail_05.jpg
Cathédrale_Notre-Dame_de_Strasbourg,25880,8,"commons/Stained_glass_windows_(Nave_of_Notre-Dame_de_Strasbourg)/0/pictures/Bas-côté_sud,_vitrail_gothique,_cathédrale_de_Strasbourg,_1.jpg"
Cathédrale_Notre-Dame_de_Strasbourg,25880,8,commons/Gothic_stained_glass_windows_of_Notre-Dame_de_Strasbourg/0/pictures/StrasbourgCath_BasCoteS_19.JPG
Cathédrale_Notre-Dame_de_Strasbourg,25880,8,"commons/Gothic_stained_glass_windows_of_Notre-Dame_de_Strasbourg/0/pictures/Storytelling_stained_glass_inside_the_Cathedrale_Notre_Dame,_Strasbourg.jpg"
Cathédrale_Notre-Dame_de_Strasbourg,25880,8,commons/Gothic_stained_glass_windows_of_Notre-Dame_de_Strasbourg/0/pictures/Cathédrale_Notre_Dame_Strasbourg_20200124_034.jpg
Cathédrale_Notre-Dame_de_Strasbourg,25880,8,"commons/Stained_glass_windows_(Nave_of_Notre-Dame_de_Strasbourg)/0/pictures/Strasbourg,_verrière_gothique_du_bas-côté_sud_de_la_cathédrale_(_détail_).jpg"
Cathédrale_Notre-Dame_de_Strasbourg,25880,8,commons/Gothic_stained_glass_windows_of_Notre-Dame_de_Strasbourg/0/pictures/Cathédrale_de_Strasbourg_24_(9392370420).jpg
Cathédrale_Notre-Dame_de_Strasbourg,25880,8,commons/Gothic_stained_glass_windows_of_Notre-Dame_de_Strasbourg/0/pictures/Strasbourg_-_Notre-Dame_de_Strasbourg_-_Southern_side_nave_-_14th_century_stained_glass_windows_on_the_south_side_-_Scenes_from_the_life_of_the_Virgin_and_Christ_09.jpg
Cathédrale_Notre-Dame_de_Strasbourg,25880,8,commons/Gothic_stained_glass_windows_of_Notre-Dame_de_Strasbourg/0/pictures/Vitrail_ND_de_Strasbourg.jpg
Cathédrale_Notre-Dame_de_Strasbourg,25880,8,"commons/Gothic_stained_glass_windows_of_Notre-Dame_de_Strasbourg/0/pictures/Bas-côté_sud,_vitrail_gothique,_cathédrale_de_Strasbourg,_1.jpg"
Cathédrale_Notre-Dame_de_Strasbourg,25880,8,commons/Gothic_stained_glass_windows_of_Notre-Dame_de_Strasbourg/0/pictures/PHB_Strasbourg_8023342.jpg
Cathédrale_Notre-Dame_de_Strasbourg,25880,8,commons/Gothic_stained_glass_windows_of_Notre-Dame_de_Strasbourg/0/pictures/Cathédrale_Notre_Dame_Strasbourg_20200124_035.jpg
Cathédrale_Notre-Dame_de_Strasbourg,25880,8,commons/Stained_glass_windows_(Nave_of_Notre-Dame_de_Strasbourg)/0/pictures/Strasbourg_-_Notre-Dame_de_Strasbourg_-_Southern_side_nave_-_14th_century_stained_glass_windows_on_the_south_side_-_Scenes_from_the_life_of_the_Virgin_and_Christ_09.jpg
Cathédrale_Notre-Dame_de_Strasbourg,25880,8,commons/Gothic_stained_glass_windows_of_Notre-Dame_de_Strasbourg/0/pictures/Strasbourg_-_Cathedrale_-_Vitrail_01.jpg
Cathédrale_Notre-Dame_de_Strasbourg,25880,8,commons/Gothic_stained_glass_windows_of_Notre-Dame_de_Strasbourg/0/pictures/Straßburg_Cathédrale_Notre-Dame_Innen_Langhaus_1.jpg
Cathédrale_Notre-Dame_de_Strasbourg,25880,8,commons/Stained_glass_windows_(Nave_of_Notre-Dame_de_Strasbourg)/0/pictures/Cathédrale_Notre_Dame_Strasbourg_20200124_035.jpg
Cathédrale_Notre-Dame_de_Strasbourg,25880,8,commons/Gothic_stained_glass_windows_of_Notre-Dame_de_Strasbourg/0/pictures/Strasbourg_-_Notre-Dame_de_Strasbourg_-_Southern_side_nave_-_14th_century_stained_glass_windows_on_the_south_side_-_Scenes_from_the_life_of_the_Virgin_and_Christ_05.jpg
Cathédrale_Notre-Dame_de_Strasbourg,25880,8,commons/Gothic_stained_glass_windows_of_Notre-Dame_de_Strasbourg/0/pictures/Buntglasfenster_Straßburger_Münster_2014.jpg
Cathédrale_Notre-Dame_de_Strasbourg,25880,8,commons/Gothic_stained_glass_windows_of_Notre-Dame_de_Strasbourg/0/pictures/Vitraux_(_avant_restauration_)_du_bas-côté_Sud_de_la_Cathédrale_de_Strasbourg.jpg
Cathédrale_Notre-Dame_de_Strasbourg,25880,8,commons/Gothic_stained_glass_windows_of_Notre-Dame_de_Strasbourg/0/pictures/Cathédrale_Notre-Dame_de_Strasbourg_@_Strasbourg_(43752026280).jpg
Cathédrale_Notre-Dame_de_Strasbourg,25880,8,commons/Stained_glass_windows_(Nave_of_Notre-Dame_de_Strasbourg)/0/pictures/PHB_Strasbourg_8023284.jpg
Cathédrale_Notre-Dame_de_Strasbourg,25880,8,commons/Nave_of_Notre-Dame_de_Strasbourg/0/pictures/Inside_of_the_cathédrale_Notre-Dame_de_Strasbourg_photo2.jpg
Cathédrale_Notre-Dame_de_Strasbourg,25880,8,commons/Gothic_stained_glass_windows_of_Notre-Dame_de_Strasbourg/0/pictures/14-02-07-Cathédrale_Notre-Dame_de_Strasbourg-RalfR-19.jpg
Cathédrale_Notre-Dame_de_Strasbourg,25880,8,commons/Stained_glass_windows_(Nave_of_Notre-Dame_de_Strasbourg)/0/pictures/Vitraux_(_avant_restauration_)_du_bas-côté_Sud_de_la_Cathédrale_de_Strasbourg.jpg
Cathédrale_Notre-Dame_de_Strasbourg,25880,8,commons/Gothic_stained_glass_windows_of_Notre-Dame_de_Strasbourg/0/pictures/PHB_Strasbourg_8023340.jpg
Cathédrale_Notre-Dame_de_Strasbourg,25880,8,"commons/Stained_glass_windows_(Nave_of_Notre-Dame_de_Strasbourg)/0/pictures/France_-_Alsace,_Strasbourg_-_panoramio_(22).jpg"
Cathédrale_Notre-Dame_de_Strasbourg,25880,8,commons/Gothic_stained_glass_windows_of_Notre-Dame_de_Strasbourg/0/pictures/PHB_Strasbourg_8023284.jpg
Cathédrale_Notre-Dame_de_Strasbourg,25880,8,commons/Gothic_stained_glass_windows_of_Notre-Dame_de_Strasbourg/0/pictures/Cathédrale_Notre-Dame_de_Strasbourg_@_Strasbourg_(44844630424).jpg
Cathédrale_Notre-Dame_de_Strasbourg,25880,8,commons/Gothic_stained_glass_windows_of_Notre-Dame_de_Strasbourg/0/pictures/Strasbourg_-_Notre-Dame_de_Strasbourg_-_Southern_side_nave_-_14th_century_stained_glass_windows_on_the_south_side_-_Scenes_from_the_life_of_the_Virgin_and_Christ_07.jpg
Cathédrale_Notre-Dame_de_Strasbourg,25880,8,commons/Stained_glass_windows_(Nave_of_Notre-Dame_de_Strasbourg)/0/pictures/Cathédrale_Notre-Dame_de_Strasbourg_@_Strasbourg_(44844622344).jpg
Cathédrale_Notre-Dame_de_Strasbourg,25880,8,"commons/Gothic_stained_glass_windows_of_Notre-Dame_de_Strasbourg/0/pictures/Bas-côté_sud,_vitrail_gothique,_cathédrale_de_Strasbourg,_2.jpg"
Cathédrale_Notre-Dame_de_Strasbourg,25880,8,commons/Gothic_stained_glass_windows_of_Notre-Dame_de_Strasbourg/0/pictures/StrasbourgCath_BasCoteS_20a.jpg
Cathédrale_Notre-Dame_de_Strasbourg,25880,8,commons/Gothic_stained_glass_windows_of_Notre-Dame_de_Strasbourg/0/pictures/StrasbourgCath_BasCoteS_19a.jpg
Cathédrale_Notre-Dame_de_Strasbourg,25880,8,commons/Stained_glass_windows_(Nave_of_Notre-Dame_de_Strasbourg)/0/pictures/Strasbourg_-_Cathedrale_-_Vitrail_01.jpg
Cathédrale_Notre-Dame_de_Strasbourg,25880,8,commons/Gothic_stained_glass_windows_of_Notre-Dame_de_Strasbourg/0/pictures/StrasbourgCath_BasCoteS_21a.jpg
Cathédrale_Notre-Dame_de_Strasbourg,25880,8,commons/Stained_glass_windows_(Nave_of_Notre-Dame_de_Strasbourg)/0/pictures/Strasbourg_-_Notre-Dame_de_Strasbourg_-_Southern_side_nave_-_14th_century_stained_glass_windows_on_the_south_side_-_Scenes_from_the_life_of_the_Virgin_and_Christ_05.jpg
Cathédrale_Notre-Dame_de_Strasbourg,25880,8,commons/Gothic_stained_glass_windows_of_Notre-Dame_de_Strasbourg/0/pictures/Straßburg_Cathédrale_Notre-Dame_Innen_Buntglasfenster_3.jpg
Cathédrale_Notre-Dame_de_Strasbourg,25880,8,"commons/Gothic_stained_glass_windows_of_Notre-Dame_de_Strasbourg/0/pictures/France_-_Alsace,_Strasbourg_-_panoramio_(22).jpg"
Cathédrale_Notre-Dame_de_Strasbourg,25880,8,commons/Stained_glass_windows_(Nave_of_Notre-Dame_de_Strasbourg)/0/pictures/Cathédrale_Notre-Dame_de_Strasbourg_@_Strasbourg_(44844630424).jpg
Cathédrale_Notre-Dame_de_Strasbourg,25880,8,commons/Gothic_stained_glass_windows_of_Notre-Dame_de_Strasbourg/0/pictures/Untitled_-_panoramio_-_laszlo_tihanyi_(2).jpg
Cathédrale_Notre-Dame_de_Strasbourg,25880,8,commons/Nave_of_Notre-Dame_de_Strasbourg/0/pictures/Straßburg_Cathédrale_Notre-Dame_Innen_Langhaus_1.jpg
Cathédrale_Notre-Dame_de_Strasbourg,25880,8,commons/Stained_glass_windows_(Nave_of_Notre-Dame_de_Strasbourg)/0/pictures/Strasbourg_-_Notre-Dame_de_Strasbourg_-_Southern_side_nave_-_14th_century_stained_glass_windows_on_the_south_side_-_Scenes_from_the_life_of_the_Virgin_and_Christ_07.jpg
Cathédrale_Notre-Dame_de_Strasbourg,25880,8,commons/Rose_window_of_Notre-Dame_de_Strasbourg_(interior_view)/0/pictures/Strasbourg_-_Notre-Dame_de_Strasbourg_-_Southern_side_nave_-_14th_century_stained_glass_windows_on_the_south_side_-_Scenes_from_the_life_of_the_Virgin_and_Christ_16_-_Leica_zoom_lens_details.jpg
Cathédrale_Notre-Dame_de_Strasbourg,25880,8,commons/Nave_of_Notre-Dame_de_Strasbourg/0/pictures/Cathédrale_Notre-Dame_de_Strasbourg_@_Strasbourg_(44844622344).jpg
Cathédrale_Notre-Dame_de_Strasbourg,25880,8,commons/Stained_glass_windows_(Nave_of_Notre-Dame_de_Strasbourg)/0/pictures/14-02-07-Cathédrale_Notre-Dame_de_Strasbourg-RalfR-19.jpg
Cathédrale_Notre-Dame_de_Strasbourg,25880,8,commons/Stained_glass_windows_(Nave_of_Notre-Dame_de_Strasbourg)/0/pictures/Cathédrale_Notre_Dame_Strasbourg_20200124_034.jpg
Cathédrale_Notre-Dame_de_Strasbourg,25880,8,commons/Stained_glass_windows_(Nave_of_Notre-Dame_de_Strasbourg)/0/pictures/Cathédrale_Notre-Dame_de_Strasbourg_@_Strasbourg_(43752026280).jpg
Cathédrale_Notre-Dame_de_Strasbourg,25880,8,commons/Stained_glass_windows_(Nave_of_Notre-Dame_de_Strasbourg)/0/pictures/CathéStras_CIMG8413_(46897829102).jpg
Cathédrale_Notre-Dame_de_Strasbourg,25880,8,commons/Stained_glass_windows_(Nave_of_Notre-Dame_de_Strasbourg)/0/pictures/Cathédrale_de_Strasbourg_24_(9392370420).jpg
Cathédrale_Notre-Dame_de_Strasbourg,25880,8,commons/Stained_glass_windows_(Nave_of_Notre-Dame_de_Strasbourg)/0/pictures/PHB_Strasbourg_8023340.jpg
Cathédrale_Notre-Dame_de_Strasbourg,25880,8,commons/Stained_glass_windows_(Nave_of_Notre-Dame_de_Strasbourg)/0/pictures/Vitrail_ND_de_Strasbourg.jpg
Cathédrale_Notre-Dame_de_Strasbourg,25880,8,commons/Stained_glass_windows_(Nave_of_Notre-Dame_de_Strasbourg)/0/pictures/PHB_Strasbourg_8023342.jpg
Cathédrale_Notre-Dame_de_Strasbourg,25880,8,"commons/Stained_glass_windows_(Nave_of_Notre-Dame_de_Strasbourg)/0/pictures/Storytelling_stained_glass_inside_the_Cathedrale_Notre_Dame,_Strasbourg.jpg"
Cathédrale_Notre-Dame_de_Strasbourg,25880,8,commons/Gothic_stained_glass_windows_of_Notre-Dame_de_Strasbourg/0/pictures/StrasbourgCath_BasCoteS_21.JPG
Cathédrale_Notre-Dame_de_Strasbourg,25880,8,commons/Stained_glass_windows_(Nave_of_Notre-Dame_de_Strasbourg)/0/pictures/Strasbourg_-_Cathedrale_-_Vitrail_-_Detail_05.jpg
Cathédrale_Notre-Dame_de_Strasbourg,25880,9,commons/Rose_window_of_Notre-Dame_de_Strasbourg_(interior_view)/0/pictures/Straßburg_Münster_2009-006.jpg
Cathédrale_Notre-Dame_de_Strasbourg,25880,9,commons/Rose_window_of_Notre-Dame_de_Strasbourg_(interior_view)/0/pictures/Straßburg_Cathédrale_Notre-Dame_Innen_Rosette_4a.jpg
Cathédrale_Notre-Dame_de_Strasbourg,25880,9,commons/Rose_window_of_Notre-Dame_de_Strasbourg_(interior_view)/0/pictures/Straßburg_Münster_2009-007.jpg
Cathédrale_Notre-Dame_de_Strasbourg,25880,9,commons/Rose_window_of_Notre-Dame_de_Strasbourg_(interior_view)/0/pictures/Strassburger-Muenster-Rosette.jpg
Cathédrale_Notre-Dame_de_Strasbourg,25880,9,commons/Gothic_stained_glass_windows_of_Notre-Dame_de_Strasbourg/0/pictures/2021-03-27_13-17-18_strasbourg.jpg
Cathédrale_Notre-Dame_de_Strasbourg,25880,9,commons/Strasbourg_Cathedral_organ/0/pictures/Strasbourg_-_Notre-Dame_de_Strasbourg_-_Choir_-_Leica_Zoom_lens_panorama_of_the_Rose_Window_&_Cathedral_Organ_03.jpg
Cathédrale_Notre-Dame_de_Strasbourg,25880,9,commons/Rose_window_of_Notre-Dame_de_Strasbourg_(interior_view)/0/pictures/La_cathédrale_de_strasbourg.JPG
Cathédrale_Notre-Dame_de_Strasbourg,25880,9,commons/Rose_window_of_Notre-Dame_de_Strasbourg_(interior_view)/0/pictures/2010_06_24_canaltrip_strasbourg_283z_(22631974397).jpg
Cathédrale_Notre-Dame_de_Strasbourg,25880,9,commons/Rose_window_of_Notre-Dame_de_Strasbourg_(interior_view)/0/pictures/Rose_window_of_Strasbourg_Cathedral.jpg
Cathédrale_Notre-Dame_de_Strasbourg,25880,9,commons/Rose_window_of_Notre-Dame_de_Strasbourg_(interior_view)/0/pictures/Strasbourg_Cathedral_rose_window.jpg
Cathédrale_Notre-Dame_de_Strasbourg,25880,9,commons/Rose_window_of_Notre-Dame_de_Strasbourg_(interior_view)/0/pictures/2021-03-27_13-17-18_strasbourg.jpg
Cathédrale_Notre-Dame_de_Strasbourg,25880,9,commons/Rose_window_of_Notre-Dame_de_Strasbourg_(interior_view)/0/pictures/Cathédrale_Notre_Dame_Strasbourg_20200124_028.jpg
Cathédrale_Notre-Dame_de_Strasbourg,25880,9,"commons/Rose_window_of_Notre-Dame_de_Strasbourg_(interior_view)/0/pictures/Cathédrale_de_Strasbourg,_intérieur,_rosace.jpg"
Cathédrale_Notre-Dame_de_Strasbourg,25880,9,commons/Strasbourg_Cathedral_organ/0/pictures/Strasbourg_-_Notre-Dame_de_Strasbourg_-_Choir_-_Leica_Zoom_lens_panorama_of_the_Rose_Window_&_Cathedral_Organ_04.jpg
Cathédrale_Notre-Dame_de_Strasbourg,25880,9,commons/Rose_window_of_Notre-Dame_de_Strasbourg_(interior_view)/0/pictures/Strasbourg_-_Notre-Dame_de_Strasbourg_-_Choir_-_Leica_Zoom_lens_panorama_of_the_Rose_Window_&_Cathedral_Organ_03.jpg
Cathédrale_Notre-Dame_de_Strasbourg,25880,9,commons/Rose_window_of_Notre-Dame_de_Strasbourg_(interior_view)/0/pictures/Strasbourg_-_Rose_Window_West_Façade_Cathedral.jpg
Cathédrale_Notre-Dame_de_Strasbourg,25880,9,"commons/Rose_window_of_Notre-Dame_de_Strasbourg_(interior_view)/0/pictures/Notre_Dame_rose_window,_Strasbourg_(15643970054).jpg"
Cathédrale_Notre-Dame_de_Strasbourg,25880,9,"commons/Rose_window_of_Notre-Dame_de_Strasbourg_(interior_view)/0/pictures/Stained_glass_window,_Cathedral_Notre_Dame,_Strasbourg.jpg"
Cathédrale_Notre-Dame_de_Strasbourg,25880,9,commons/Rose_window_of_Notre-Dame_de_Strasbourg_(interior_view)/0/pictures/Straßburg_(46658869595).jpg
Cathédrale_Notre-Dame_de_Strasbourg,25880,9,commons/Rose_window_of_Notre-Dame_de_Strasbourg_(interior_view)/0/pictures/Rosace_cathedrale_strasbourg.jpg
Cathédrale_Notre-Dame_de_Strasbourg,25880,9,commons/Rose_window_of_Notre-Dame_de_Strasbourg_(interior_view)/0/pictures/Strasbourg_-_Notre-Dame_de_Strasbourg_-_Choir_-_Leica_Zoom_lens_panorama_of_the_Rose_Window_&_Cathedral_Organ_04.jpg
Cathédrale_Notre-Dame_de_Strasbourg,25880,10,commons/Stained_glass_windows_(Nave_of_Notre-Dame_de_Strasbourg)/0/pictures/Vitrail_ND_de_Strasbourg.jpg
Cathédrale_Notre-Dame_de_Strasbourg,25880,10,commons/Stained_glass_windows_(Nave_of_Notre-Dame_de_Strasbourg)/0/pictures/StrasbourgCath_BasCoteS_20a.jpg
Cathédrale_Notre-Dame_de_Strasbourg,25880,10,commons/Stained_glass_windows_(Nave_of_Notre-Dame_de_Strasbourg)/0/pictures/StrasbourgCath_BasCoteS_17a.jpg
Cathédrale_Notre-Dame_de_Strasbourg,25880,10,commons/Stained_glass_windows_(Nave_of_Notre-Dame_de_Strasbourg)/0/pictures/StrasbourgCath_BasCoteS_20.JPG
Cathédrale_Notre-Dame_de_Strasbourg,25880,10,commons/Stained_glass_windows_(Nave_of_Notre-Dame_de_Strasbourg)/0/pictures/Strasbourg_cathedrale_vitrail_(5891510578).jpg
Cathédrale_Notre-Dame_de_Strasbourg,25880,10,commons/Stained_glass_windows_(Nave_of_Notre-Dame_de_Strasbourg)/0/pictures/Strasbourg_-_Notre-Dame_de_Strasbourg_-_Southern_side_nave_-_14th_century_stained_glass_windows_on_the_south_side_-_Scenes_from_the_life_of_the_Virgin_and_Christ_07.jpg
Cathédrale_Notre-Dame_de_Strasbourg,25880,10,"commons/Gothic_stained_glass_windows_of_Notre-Dame_de_Strasbourg/0/pictures/Bas-côté_sud,_vitrail_gothique,_cathédrale_de_Strasbourg,_1.jpg"
Cathédrale_Notre-Dame_de_Strasbourg,25880,10,"commons/Stained_glass_windows_(Nave_of_Notre-Dame_de_Strasbourg)/0/pictures/Strasbourg,_verrière_gothique_du_bas-côté_sud_de_la_cathédrale_(_détail_).jpg"
Cathédrale_Notre-Dame_de_Strasbourg,25880,10,commons/Gothic_stained_glass_windows_of_Notre-Dame_de_Strasbourg/0/pictures/Strasbourg_(Bas-Rhin)_-_Cathédrale_Notre-Dame_-_Verrières_basses_coté_sud_(baie_14)_-_La_Vie_glorieuse_du_Christ.jpg
Cathédrale_Notre-Dame_de_Strasbourg,25880,10,commons/Gothic_stained_glass_windows_of_Notre-Dame_de_Strasbourg/0/pictures/Buntglasfenster_Straßburger_Münster_2014.jpg
Cathédrale_Notre-Dame_de_Strasbourg,25880,10,commons/Gothic_stained_glass_windows_of_Notre-Dame_de_Strasbourg/0/pictures/Strasbourg_-_Cathedrale_-_Vitrail_01.jpg
Cathédrale_Notre-Dame_de_Strasbourg,25880,10,"commons/Gothic_stained_glass_windows_of_Notre-Dame_de_Strasbourg/0/pictures/Strasbourg,_verrière_gothique_du_bas-côté_sud_de_la_cathédrale_(_détail_).jpg"
Cathédrale_Notre-Dame_de_Strasbourg,25880,10,commons/Gothic_stained_glass_windows_of_Notre-Dame_de_Strasbourg/0/pictures/StrasbourgCath_BasCoteS_20.JPG
Cathédrale_Notre-Dame_de_Strasbourg,25880,10,commons/Gothic_stained_glass_windows_of_Notre-Dame_de_Strasbourg/0/pictures/StrasbourgCath_BasCoteS_17a.jpg
Cathédrale_Notre-Dame_de_Strasbourg,25880,10,commons/Gothic_stained_glass_windows_of_Notre-Dame_de_Strasbourg/0/pictures/StrasbourgCath_BasCoteS_20a.jpg
Cathédrale_Notre-Dame_de_Strasbourg,25880,10,commons/Gothic_stained_glass_windows_of_Notre-Dame_de_Strasbourg/0/pictures/Straßburg_Cathédrale_Notre-Dame_Innen_Buntglasfenster_3.jpg
Cathédrale_Notre-Dame_de_Strasbourg,25880,10,commons/Stained_glass_windows_(Nave_of_Notre-Dame_de_Strasbourg)/0/pictures/Strasbourg_-_Cathedrale_-_Vitrail_01.jpg
Cathédrale_Notre-Dame_de_Strasbourg,25880,10,"commons/Stained_glass_windows_(Nave_of_Notre-Dame_de_Strasbourg)/0/pictures/Bas-côté_sud,_vitrail_gothique,_cathédrale_de_Strasbourg,_1.jpg"
Cathédrale_Notre-Dame_de_Strasbourg,25880,10,commons/Gothic_stained_glass_windows_of_Notre-Dame_de_Strasbourg/0/pictures/Vitrail_ND_de_Strasbourg.jpg
Cathédrale_Notre-Dame_de_Strasbourg,25880,10,commons/Stained_glass_windows_(Nave_of_Notre-Dame_de_Strasbourg)/0/pictures/Strasbourg_(Bas-Rhin)_-_Cathédrale_Notre-Dame_-_Verrières_basses_coté_sud_(baie_14)_-_La_Vie_glorieuse_du_Christ.jpg
Cathédrale_Notre-Dame_de_Strasbourg,25880,10,commons/Stained_glass_windows_(Nave_of_Notre-Dame_de_Strasbourg)/0/pictures/Straßburg_Cathédrale_Notre-Dame_Innen_Buntglasfenster_3.jpg
Cathédrale_Notre-Dame_de_Strasbourg,25880,10,commons/Stained_glass_windows_(Nave_of_Notre-Dame_de_Strasbourg)/0/pictures/CathéStras_CIMG8413_(46897829102).jpg
Cathédrale_Notre-Dame_de_Strasbourg,25880,11,commons/Central_portal_of_the_western_facade_of_Notre-Dame_de_Strasbourg/0/pictures/Strassburg-Muenster-152-Westfassade-Hauptportal-2017-gje.jpg
Cathédrale_Notre-Dame_de_Strasbourg,25880,11,commons/Central_portal_of_the_western_facade_of_Notre-Dame_de_Strasbourg/0/pictures/Strassburg-Muenster-150-Westfassade-Hauptportal-2017-gje.jpg
Cathédrale_Notre-Dame_de_Strasbourg,25880,11,commons/Central_portal_of_the_western_facade_of_Notre-Dame_de_Strasbourg/0/pictures/StrasbourgCathFacaW_45.jpg
Cathédrale_Notre-Dame_de_Strasbourg,25880,11,"commons/Central_portal_of_the_western_facade_of_Notre-Dame_de_Strasbourg/0/pictures/Strasbourg,_décembre_2018_(46338148041).jpg"
Cathédrale_Notre-Dame_de_Strasbourg,25880,11,commons/Central_portal_of_the_western_facade_of_Notre-Dame_de_Strasbourg/0/pictures/Strasbourg_Cathédrale_façade_portail_central.jpg
Cathédrale_Notre-Dame_de_Strasbourg,25880,11,commons/Central_portal_of_the_western_facade_of_Notre-Dame_de_Strasbourg/0/pictures/Strasbourg_Cathedral_-_Central_Doors_(7684375380).jpg
Cathédrale_Notre-Dame_de_Strasbourg,25880,11,commons/Central_portal_of_the_western_facade_of_Notre-Dame_de_Strasbourg/0/pictures/Strasbourg_-_Notre-Dame_de_Strasbourg_(1015-1439)_-_Central_Portal_-_Depiction_of_Redemption_08.jpg
Cathédrale_Notre-Dame_de_Strasbourg,25880,11,commons/Central_portal_of_the_western_facade_of_Notre-Dame_de_Strasbourg/0/pictures/Cathédrale_Notre-Dame_de_Strasbourg_@_Strasbourg_(44705494015).jpg
Cathédrale_Notre-Dame_de_Strasbourg,25880,11,commons/Central_portal_of_the_western_facade_of_Notre-Dame_de_Strasbourg/0/pictures/Portail_central_ND_de_Strasbourg.jpg
Cathédrale_Notre-Dame_de_Strasbourg,25880,11,commons/Central_portal_of_the_western_facade_of_Notre-Dame_de_Strasbourg/0/pictures/Cathédrale_Notre-Dame_de_Strasbourg_@_Strasbourg_(44705516385).jpg
Cathédrale_Notre-Dame_de_Strasbourg,25880,11,commons/Central_portal_of_the_western_facade_of_Notre-Dame_de_Strasbourg/0/pictures/Main_gate_@_Cathédrale_Notre-Dame_de_Strasbourg_@_Strasbourg_(31746759678).jpg
Cathédrale_Notre-Dame_de_Strasbourg,25880,11,commons/Central_portal_of_the_western_facade_of_Notre-Dame_de_Strasbourg/0/pictures/Cathédrale_Notre-Dame_de_Strasbourg_@_Strasbourg_(44705518935).jpg
Cathédrale_Notre-Dame_de_Strasbourg,25880,11,commons/Central_portal_of_the_western_facade_of_Notre-Dame_de_Strasbourg/0/pictures/PortalCathedralStrasbourg.JPG
Cathédrale_Notre-Dame_de_Strasbourg,25880,11,"commons/Central_portal_of_the_western_facade_of_Notre-Dame_de_Strasbourg/0/pictures/Main_portal,_west_façade_of_Strasbourg_Cathedral.jpg"
Cathédrale_Notre-Dame_de_Strasbourg,25880,11,commons/Central_portal_of_the_western_facade_of_Notre-Dame_de_Strasbourg/0/pictures/Cathédrale_Notre-Dame_de_Strasbourg_-_Cathedral_of_Our_Lady_of_Strasbourg_-_كاتدرائية_ستراسبورغ_-_Liebfrauenmünster_zu_Straßburg_photo16.jpg
Cathédrale_Notre-Dame_de_Strasbourg,25880,11,commons/Central_portal_of_the_western_facade_of_Notre-Dame_de_Strasbourg/0/pictures/PM_150010_F_Strasbourg.jpg
Cathédrale_Notre-Dame_de_Strasbourg,25880,11,commons/Central_portal_of_the_western_facade_of_Notre-Dame_de_Strasbourg/0/pictures/Strasbourg_-_Notre-Dame_de_Strasbourg_(1015-1439)_-_Central_Portal_-_Depiction_of_Redemption_07.jpg
Cathédrale_Notre-Dame_de_Strasbourg,25880,11,"commons/Central_portal_of_the_western_facade_of_Notre-Dame_de_Strasbourg/0/pictures/Центральный_(западный)_фасад_Страсбургского_кафедрального_собора_(Straßburger_Münster_-_Liebfrauenmünster_zu_Straßburg,_Cathédrale_Notre-Dame_de_Strasbourg)_-_panoramio.jpg"
Cathédrale_Notre-Dame_de_Strasbourg,25880,11,commons/Central_portal_of_the_western_facade_of_Notre-Dame_de_Strasbourg/0/pictures/StrasbourgCathedralAnaglyph.jpg
Cathédrale_Notre-Dame_de_Strasbourg,25880,11,commons/Central_portal_of_the_western_facade_of_Notre-Dame_de_Strasbourg/0/pictures/Cathédrale_Notre-Dame_de_Strasbourg_-_Cathedral_of_Our_Lady_of_Strasbourg_-_كاتدرائية_ستراسبورغ_-_Liebfrauenmünster_zu_Straßburg_photo17.jpg
Cathédrale_Notre-Dame_de_Strasbourg,25880,11,commons/Central_portal_of_the_western_facade_of_Notre-Dame_de_Strasbourg/0/pictures/Strasbourg_-_Notre-Dame_de_Strasbourg_(1015-1439)_-_Central_Portal_-_Depiction_of_Redemption_09.jpg
Cathédrale_Notre-Dame_de_Strasbourg,25880,12,commons/Rose_window_of_Notre-Dame_de_Strasbourg_(interior_view)/0/pictures/Strasbourg_-_Notre-Dame_de_Strasbourg_-_Choir_-_Leica_Zoom_lens_panorama_of_the_Rose_Window_&_Cathedral_Organ_04.jpg
Cathédrale_Notre-Dame_de_Strasbourg,25880,12,commons/Strasbourg_Cathedral_organ/0/pictures/Strasbourg_-_Notre-Dame_de_Strasbourg_-_Choir_-_Leica_Zoom_lens_panorama_of_the_Rose_Window_&_Cathedral_Organ_04.jpg
Cathédrale_Notre-Dame_de_Strasbourg,25880,12,commons/Rose_window_of_Notre-Dame_de_Strasbourg_(interior_view)/0/pictures/Strasbourg_-_Notre-Dame_de_Strasbourg_-_Choir_-_Leica_Zoom_lens_panorama_of_the_Rose_Window_&_Cathedral_Organ_03.jpg
Cathédrale_Notre-Dame_de_Strasbourg,25880,12,commons/Rose_window_of_Notre-Dame_de_Strasbourg_(interior_view)/0/pictures/2010_06_24_canaltrip_strasbourg_283z_(22631974397).jpg
Cathédrale_Notre-Dame_de_Strasbourg,25880,12,commons/Rose_window_of_Notre-Dame_de_Strasbourg_(interior_view)/0/pictures/Rose_window_of_Notre-Dame_de_Strasbourg.jpg
Cathédrale_Notre-Dame_de_Strasbourg,25880,12,commons/Rose_window_of_Notre-Dame_de_Strasbourg_(interior_view)/0/pictures/Gros_plan_de_la_rosace_de_la_cathédrale_de_Strasbourg.jpg
Cathédrale_Notre-Dame_de_Strasbourg,25880,12,commons/Rose_window_of_Notre-Dame_de_Strasbourg_(interior_view)/0/pictures/Rosace_Cathédrale_de_Strabourg.jpg
Cathédrale_Notre-Dame_de_Strasbourg,25880,12,commons/Strasbourg_Cathedral_organ/0/pictures/Strasbourg_-_Notre-Dame_de_Strasbourg_-_Choir_-_Leica_Zoom_lens_panorama_of_the_Rose_Window_&_Cathedral_Organ_03.jpg
Cathédrale_Notre-Dame_de_Strasbourg,25880,12,commons/Rose_window_of_Notre-Dame_de_Strasbourg_(interior_view)/0/pictures/Strasbourg_-_La_rosace_de_la_cathédrale_(14218708987).jpg
Cathédrale_Notre-Dame_de_Strasbourg,25880,12,commons/Rose_window_of_Notre-Dame_de_Strasbourg_(interior_view)/0/pictures/La_cathédrale_de_strasbourg.JPG
Cathédrale_Notre-Dame_de_Strasbourg,25880,12,commons/Rose_window_of_Notre-Dame_de_Strasbourg_(interior_view)/0/pictures/Strasbourg_(Bas-Rhin)_-_Cathédrale_Notre-Dame_-_La_rose_d'Erwin_de_Steinbach_(façade_ouest)_-_52183983480.jpg
Cathédrale_Notre-Dame_de_Strasbourg,25880,12,commons/Rose_window_of_Notre-Dame_de_Strasbourg_(interior_view)/0/pictures/Straßburg_Cathédrale_Notre-Dame_Innen_Rosette_4a.jpg
Cathédrale_Notre-Dame_de_Strasbourg,25880,12,commons/Rose_window_of_Notre-Dame_de_Strasbourg_(interior_view)/0/pictures/MK09074_Cathédrale_Notre-Dame_de_Strasbourg_Grande_Rose.jpg
Cathédrale_Notre-Dame_de_Strasbourg,25880,12,commons/Rose_window_of_Notre-Dame_de_Strasbourg_(interior_view)/0/pictures/Straßburg_(46658869595).jpg
Cathédrale_Notre-Dame_de_Strasbourg,25880,12,commons/Rose_window_of_Notre-Dame_de_Strasbourg_(interior_view)/0/pictures/Rosace_cathedrale_strasbourg.jpg
Cathédrale_Notre-Dame_de_Strasbourg,25880,12,"commons/Rose_window_of_Notre-Dame_de_Strasbourg_(interior_view)/0/pictures/Cathédrale_de_Strasbourg,_intérieur,_rosace,_détail.jpg"
Cathédrale_Notre-Dame_de_Strasbourg,25880,12,commons/Rose_window_of_Notre-Dame_de_Strasbourg_(interior_view)/0/pictures/Strasbourg_-_Rose_Window_West_Façade_Cathedral.jpg
Cathédrale_Notre-Dame_de_Strasbourg,25880,12,"commons/Rose_window_of_Notre-Dame_de_Strasbourg_(interior_view)/0/pictures/Notre_Dame_rose_window,_Strasbourg_(15643970054).jpg"
Cathédrale_Notre-Dame_de_Strasbourg,25880,12,"commons/Rose_window_of_Notre-Dame_de_Strasbourg_(interior_view)/0/pictures/Stained_glass_window,_Cathedral_Notre_Dame,_Strasbourg.jpg"
Cathédrale_Notre-Dame_de_Strasbourg,25880,12,commons/Rose_window_of_Notre-Dame_de_Strasbourg_(interior_view)/0/pictures/Rosace_de_la_cathédrale_de_Strasbourg.jpg
Cathédrale_Notre-Dame_de_Strasbourg,25880,12,commons/Rose_window_of_Notre-Dame_de_Strasbourg_(interior_view)/0/pictures/Rosette_Straßburger_Dom_von_innen_2010.jpg
Cathédrale_Notre-Dame_de_Strasbourg,25880,13,commons/West_facade_of_Notre-Dame_de_Strasbourg/0/pictures/Strasbourg_2009_IMG_3778.JPG
Cathédrale_Notre-Dame_de_Strasbourg,25880,13,commons/West_facade_of_Notre-Dame_de_Strasbourg/0/pictures/Frontispice_cathédrale_Strasbourg.JPG
Cathédrale_Notre-Dame_de_Strasbourg,25880,13,commons/West_facade_of_Notre-Dame_de_Strasbourg/0/pictures/Cathédrale_de_Strasbourg_quality.jpg
Cathédrale_Notre-Dame_de_Strasbourg,25880,13,commons/West_facade_of_Notre-Dame_de_Strasbourg/0/pictures/Cathédrale_Notre-Dame_de_Strasbourg_@_Strasbourg_(45619630111).jpg
Cathédrale_Notre-Dame_de_Strasbourg,25880,13,commons/West_facade_of_Notre-Dame_de_Strasbourg/0/pictures/Cathédrale_Notre-Dame_de_Strasbourg_-_Cathedral_of_Our_Lady_of_Strasbourg_-_كاتدرائية_ستراسبورغ_-_Liebfrauenmünster_zu_Straßburg_photo14.jpg
Cathédrale_Notre-Dame_de_Strasbourg,25880,13,commons/West_facade_of_Notre-Dame_de_Strasbourg/0/pictures/Strasbourg_Cathedral_(52298549605).jpg
Cathédrale_Notre-Dame_de_Strasbourg,25880,13,commons/West_facade_of_Notre-Dame_de_Strasbourg/0/pictures/Straßburg_Cathédrale_Notre-Dame_Front_5.JPG
Cathédrale_Notre-Dame_de_Strasbourg,25880,13,commons/West_facade_of_Notre-Dame_de_Strasbourg/0/pictures/Паровозик_-_panoramio_(1).jpg
Cathédrale_Notre-Dame_de_Strasbourg,25880,13,commons/West_facade_of_Notre-Dame_de_Strasbourg/0/pictures/2018-08-24_Strasbourg_(11)_(43425032055).jpg
Cathédrale_Notre-Dame_de_Strasbourg,25880,13,commons/West_facade_of_Notre-Dame_de_Strasbourg/0/pictures/Strasbourg_02_(5479876446).jpg
Cathédrale_Notre-Dame_de_Strasbourg,25880,13,commons/Central_portal_of_the_western_facade_of_Notre-Dame_de_Strasbourg/0/pictures/2021-03-27_13-10-19_strasbourg.jpg
Cathédrale_Notre-Dame_de_Strasbourg,25880,13,commons/West_portals_of_Notre-Dame_de_Strasbourg/0/pictures/Frontispice_cathédrale_Strasbourg.JPG
Cathédrale_Notre-Dame_de_Strasbourg,25880,13,commons/Central_portal_of_the_western_facade_of_Notre-Dame_de_Strasbourg/0/pictures/Strasbourg_02_(5479876446).jpg
Cathédrale_Notre-Dame_de_Strasbourg,25880,13,commons/Central_portal_of_the_western_facade_of_Notre-Dame_de_Strasbourg/0/pictures/Strasbourg_Cathedral_(52298060573).jpg
Cathédrale_Notre-Dame_de_Strasbourg,25880,13,commons/Rose_window_of_Notre-Dame_de_Strasbourg_(exterior_view)/0/pictures/Cathédrale_Notre-Dame_de_Strasbourg_@_Strasbourg_(43752052660).jpg
Cathédrale_Notre-Dame_de_Strasbourg,25880,13,commons/West_facade_of_Notre-Dame_de_Strasbourg/0/pictures/Gothic.jpg
Cathédrale_Notre-Dame_de_Strasbourg,25880,13,commons/West_facade_of_Notre-Dame_de_Strasbourg/0/pictures/Cathedral_@_Strasbourg_(31647244758).jpg
Cathédrale_Notre-Dame_de_Strasbourg,25880,13,"commons/Rose_window_of_Notre-Dame_de_Strasbourg_(exterior_view)/0/pictures/Fensterrose,_Münster,_Straßburg_-_panoramio.jpg"
Cathédrale_Notre-Dame_de_Strasbourg,25880,13,commons/West_facade_of_Notre-Dame_de_Strasbourg/0/pictures/Cathédrale_Notre-Dame_de_Strasbourg_-_Cathedral_of_Our_Lady_of_Strasbourg_-_كاتدرائية_ستراسبورغ_-_Liebfrauenmünster_zu_Straßburg_photo12.jpg
Cathédrale_Notre-Dame_de_Strasbourg,25880,13,commons/West_facade_of_Notre-Dame_de_Strasbourg/0/pictures/Cathédrale_Notre-Dame_de_Strasbourg_-_Cathedral_of_Our_Lady_of_Strasbourg_-_كاتدرائية_ستراسبورغ_-_Liebfrauenmünster_zu_Straßburg_photo13.jpg
Cathédrale_Notre-Dame_de_Strasbourg,25880,14,commons/West_facade_of_Notre-Dame_de_Strasbourg_seen_from_rue_Mercière/0/pictures/Strasbourg_Cathedral_-_Rose_&_Grids_(7684395630).jpg
Cathédrale_Notre-Dame_de_Strasbourg,25880,14,commons/West_facade_of_Notre-Dame_de_Strasbourg/0/pictures/Cathédrale_Notre-Dame_de_Strasbourg_-_Cathedral_of_Our_Lady_of_Strasbourg_-_كاتدرائية_ستراسبورغ_-_Liebfrauenmünster_zu_Straßburg_photo13.jpg
Cathédrale_Notre-Dame_de_Strasbourg,25880,14,commons/West_facade_of_Notre-Dame_de_Strasbourg/0/pictures/Cathedral_@_Strasbourg_(31647244758).jpg
Cathédrale_Notre-Dame_de_Strasbourg,25880,14,commons/West_facade_of_Notre-Dame_de_Strasbourg/0/pictures/2018-08-24_Strasbourg_(11)_(43425032055).jpg
Cathédrale_Notre-Dame_de_Strasbourg,25880,14,commons/West_facade_of_Notre-Dame_de_Strasbourg/0/pictures/Straßburg_Cathédrale_Notre-Dame_Front_4.JPG
Cathédrale_Notre-Dame_de_Strasbourg,25880,14,commons/Rose_window_of_Notre-Dame_de_Strasbourg_(exterior_view)/0/pictures/Cathédrale_Notre-Dame_de_Strasbourg_@_Strasbourg_(43752052660).jpg
Cathédrale_Notre-Dame_de_Strasbourg,25880,14,commons/West_facade_of_Notre-Dame_de_Strasbourg/0/pictures/Straßburg_Cathédrale_Notre-Dame_Front_5.JPG
Cathédrale_Notre-Dame_de_Strasbourg,25880,14,commons/West_facade_of_Notre-Dame_de_Strasbourg_seen_from_rue_Mercière/0/pictures/Straßburger_Münster_-_panoramio_(5).jpg
Cathédrale_Notre-Dame_de_Strasbourg,25880,14,commons/West_facade_of_Notre-Dame_de_Strasbourg/0/pictures/Frontispice_cathédrale_Strasbourg.JPG
Cathédrale_Notre-Dame_de_Strasbourg,25880,14,commons/West_facade_of_Notre-Dame_de_Strasbourg_seen_from_rue_Mercière/0/pictures/Sous_la_protection_de_l'Eglise.JPG
Cathédrale_Notre-Dame_de_Strasbourg,25880,14,commons/West_facade_of_Notre-Dame_de_Strasbourg_seen_from_rue_Mercière/0/pictures/Strasbourg_-_Rue_Mercière_-_View_on_Cathedral_II.jpg
Cathédrale_Notre-Dame_de_Strasbourg,25880,14,commons/West_facade_of_Notre-Dame_de_Strasbourg/0/pictures/Cathédrale_Notre-Dame_de_Strasbourg_-_Cathedral_of_Our_Lady_of_Strasbourg_-_كاتدرائية_ستراسبورغ_-_Liebfrauenmünster_zu_Straßburg_photo14.jpg
Cathédrale_Notre-Dame_de_Strasbourg,25880,14,commons/West_facade_of_Notre-Dame_de_Strasbourg_seen_from_rue_Mercière/0/pictures/Strasbourg_-_Rue_Mercière_-_View_on_Cathedral_I.jpg
Cathédrale_Notre-Dame_de_Strasbourg,25880,14,commons/Central_portal_of_the_western_facade_of_Notre-Dame_de_Strasbourg/0/pictures/Strasbourg_02_(5479876446).jpg
Cathédrale_Notre-Dame_de_Strasbourg,25880,14,commons/Details_of_the_west_facade_of_Notre-Dame_de_Strasbourg/0/pictures/Cathédrale_Notre-Dame_façade_principale_Strasbourg_12.jpg
Cathédrale_Notre-Dame_de_Strasbourg,25880,14,commons/Rose_window_of_Notre-Dame_de_Strasbourg_(exterior_view)/0/pictures/Cathédrale_Notre-Dame_de_Strasbourg_@_Strasbourg_(44895152334).jpg
Cathédrale_Notre-Dame_de_Strasbourg,25880,14,commons/West_portals_of_Notre-Dame_de_Strasbourg/0/pictures/Frontispice_cathédrale_Strasbourg.JPG
Cathédrale_Notre-Dame_de_Strasbourg,25880,14,commons/Rose_window_of_Notre-Dame_de_Strasbourg_(exterior_view)/0/pictures/Strasbourg_Cathedral_-_Rose_&_Grids_(7684395630).jpg
Cathédrale_Notre-Dame_de_Strasbourg,25880,14,commons/West_facade_of_Notre-Dame_de_Strasbourg/0/pictures/Strasbourg_02_(5479876446).jpg
Cathédrale_Notre-Dame_de_Strasbourg,25880,14,commons/Rose_window_of_Notre-Dame_de_Strasbourg_(exterior_view)/0/pictures/Strasbourg_-_Rose_Window_Cathedral.jpg
Cathédrale_Notre-Dame_de_Strasbourg,25880,15,commons/Stained_glass_windows_(Nave_of_Notre-Dame_de_Strasbourg)/0/pictures/Strasbourg_Cathédrale_vitrail_bas-côté_sud.jpg
Cathédrale_Notre-Dame_de_Strasbourg,25880,15,commons/Stained_glass_windows_(Nave_of_Notre-Dame_de_Strasbourg)/0/pictures/Strasbourg_-_Cathedral_-_View_SE.jpg
Cathédrale_Notre-Dame_de_Strasbourg,25880,15,"commons/Stained_glass_windows_(Nave_of_Notre-Dame_de_Strasbourg)/0/pictures/Storytelling_stained_glass_inside_the_Cathedrale_Notre_Dame,_Strasbourg.jpg"
Cathédrale_Notre-Dame_de_Strasbourg,25880,15,commons/Stained_glass_windows_(Nave_of_Notre-Dame_de_Strasbourg)/0/pictures/PHB_Strasbourg_8023340.jpg
Cathédrale_Notre-Dame_de_Strasbourg,25880,15,"commons/Stained_glass_windows_(Nave_of_Notre-Dame_de_Strasbourg)/0/pictures/France_-_Alsace,_Strasbourg_-_panoramio_(22).jpg"
Cathédrale_Notre-Dame_de_Strasbourg,25880,15,commons/Stained_glass_windows_(Nave_of_Notre-Dame_de_Strasbourg)/0/pictures/Strasbourg_-_Notre-Dame_de_Strasbourg_-_Southern_side_nave_-_14th_century_stained_glass_windows_on_the_south_side_-_Scenes_from_the_life_of_the_Virgin_and_Christ_03.jpg
Cathédrale_Notre-Dame_de_Strasbourg,25880,15,commons/Stained_glass_windows_(Nave_of_Notre-Dame_de_Strasbourg)/0/pictures/Cathédrale_Notre_Dame_Strasbourg_20200124_034.jpg
Cathédrale_Notre-Dame_de_Strasbourg,25880,15,commons/Gothic_stained_glass_windows_of_Notre-Dame_de_Strasbourg/0/pictures/StrasbourgCath_BasCoteS_19a.jpg
Cathédrale_Notre-Dame_de_Strasbourg,25880,15,commons/Stained_glass_windows_(Nave_of_Notre-Dame_de_Strasbourg)/0/pictures/Strasbourg_-_Notre-Dame_de_Strasbourg_-_Southern_side_nave_-_14th_century_stained_glass_windows_on_the_south_side_-_Scenes_from_the_life_of_the_Virgin_and_Christ_04.jpg
Cathédrale_Notre-Dame_de_Strasbourg,25880,15,commons/Stained_glass_windows_(Nave_of_Notre-Dame_de_Strasbourg)/0/pictures/Cathédrale_Notre-Dame_de_Strasbourg_@_Strasbourg_(44844630424).jpg
Cathédrale_Notre-Dame_de_Strasbourg,25880,15,commons/Gothic_stained_glass_windows_of_Notre-Dame_de_Strasbourg/0/pictures/Cathédrale_Notre_Dame_Strasbourg_20200124_034.jpg
Cathédrale_Notre-Dame_de_Strasbourg,25880,15,commons/Gothic_stained_glass_windows_of_Notre-Dame_de_Strasbourg/0/pictures/Cathédrale_Notre-Dame_de_Strasbourg_@_Strasbourg_(44844630424).jpg
Cathédrale_Notre-Dame_de_Strasbourg,25880,15,commons/Gothic_stained_glass_windows_of_Notre-Dame_de_Strasbourg/0/pictures/PHB_Strasbourg_8023284.jpg
Cathédrale_Notre-Dame_de_Strasbourg,25880,15,commons/Gothic_stained_glass_windows_of_Notre-Dame_de_Strasbourg/0/pictures/Strasbourg_-_Notre-Dame_de_Strasbourg_-_Southern_side_nave_-_14th_century_stained_glass_windows_on_the_south_side_-_Scenes_from_the_life_of_the_Virgin_and_Christ_04.jpg
Cathédrale_Notre-Dame_de_Strasbourg,25880,15,commons/Stained_glass_windows_(Nave_of_Notre-Dame_de_Strasbourg)/0/pictures/Cathédrale_Notre_Dame_Strasbourg_20200124_035.jpg
Cathédrale_Notre-Dame_de_Strasbourg,25880,15,commons/Gothic_stained_glass_windows_of_Notre-Dame_de_Strasbourg/0/pictures/PHB_Strasbourg_8023340.jpg
Cathédrale_Notre-Dame_de_Strasbourg,25880,15,"commons/Gothic_stained_glass_windows_of_Notre-Dame_de_Strasbourg/0/pictures/Storytelling_stained_glass_inside_the_Cathedrale_Notre_Dame,_Strasbourg.jpg"
Cathédrale_Notre-Dame_de_Strasbourg,25880,15,commons/Stained_glass_windows_(Nave_of_Notre-Dame_de_Strasbourg)/0/pictures/PHB_Strasbourg_8023284.jpg
Cathédrale_Notre-Dame_de_Strasbourg,25880,15,commons/Gothic_stained_glass_windows_of_Notre-Dame_de_Strasbourg/0/pictures/Strasbourg_Cathédrale_vitrail_bas-côté_sud.jpg
Cathédrale_Notre-Dame_de_Strasbourg,25880,15,commons/Gothic_stained_glass_windows_of_Notre-Dame_de_Strasbourg/0/pictures/Strasbourg_(Bas-Rhin)_-_Cathédrale_Notre-Dame_-_Verrières_basses_coté_sud_(baie_10)_-_La_Vie_Publique_du_Christ.jpg
Cathédrale_Notre-Dame_de_Strasbourg,25880,15,"commons/Gothic_stained_glass_windows_of_Notre-Dame_de_Strasbourg/0/pictures/France_-_Alsace,_Strasbourg_-_panoramio_(22).jpg"
Cathédrale_Notre-Dame_de_Strasbourg,25880,15,commons/Gothic_stained_glass_windows_of_Notre-Dame_de_Strasbourg/0/pictures/Strasbourg_(Bas-Rhin)_-_Cathédrale_Notre-Dame_-_Verrières_basses_coté_sud_(baie_12)_-_La_Passion_du_Christ.jpg
Cathédrale_Notre-Dame_de_Strasbourg,25880,15,commons/Stained_glass_windows_(Nave_of_Notre-Dame_de_Strasbourg)/0/pictures/Strasbourg_(Bas-Rhin)_-_Cathédrale_Notre-Dame_-_Verrières_basses_coté_sud_(baie_10)_-_La_Vie_Publique_du_Christ.jpg
Cathédrale_Notre-Dame_de_Strasbourg,25880,15,commons/Gothic_stained_glass_windows_of_Notre-Dame_de_Strasbourg/0/pictures/Strasbourg_-_Notre-Dame_de_Strasbourg_-_Southern_side_nave_-_14th_century_stained_glass_windows_on_the_south_side_-_Scenes_from_the_life_of_the_Virgin_and_Christ_03.jpg
Cathédrale_Notre-Dame_de_Strasbourg,25880,15,commons/Gothic_stained_glass_windows_of_Notre-Dame_de_Strasbourg/0/pictures/Cathédrale_Notre_Dame_Strasbourg_20200124_035.jpg
Cathédrale_Notre-Dame_de_Strasbourg,25880,15,commons/Gothic_stained_glass_windows_of_Notre-Dame_de_Strasbourg/0/pictures/Strasbourg_Cathedral_016_9738.jpg
Cathédrale_Notre-Dame_de_Strasbourg,25880,16,commons/Details_of_the_west_facade_of_Notre-Dame_de_Strasbourg/0/pictures/Cathédrale_Notre-Dame_façade_principale_Strasbourg_11.jpg
Cathédrale_Notre-Dame_de_Strasbourg,25880,16,commons/Central_portal_of_the_western_facade_of_Notre-Dame_de_Strasbourg/0/pictures/Straßburg_im_Sommer_2013_(9982291134).jpg
Cathédrale_Notre-Dame_de_Strasbourg,25880,16,commons/Central_portal_of_the_western_facade_of_Notre-Dame_de_Strasbourg/0/pictures/Strassburg-Muenster-146-Westfassade-Hauptportal-1987-gje.jpg
Cathédrale_Notre-Dame_de_Strasbourg,25880,16,commons/Central_portal_of_the_western_facade_of_Notre-Dame_de_Strasbourg/0/pictures/StrasbourgCathFacaW_45.jpg
Cathédrale_Notre-Dame_de_Strasbourg,25880,16,"commons/Central_portal_of_the_western_facade_of_Notre-Dame_de_Strasbourg/0/pictures/Центральный_(западный)_фасад_Страсбургского_кафедрального_собора_(Straßburger_Münster_-_Liebfrauenmünster_zu_Straßburg,_Cathédrale_Notre-Dame_de_Strasbourg)_-_panoramio.jpg"
Cathédrale_Notre-Dame_de_Strasbourg,25880,16,commons/Central_portal_of_the_western_facade_of_Notre-Dame_de_Strasbourg/0/pictures/StrasbourgCathedralAnaglyph.jpg
Cathédrale_Notre-Dame_de_Strasbourg,25880,16,"commons/Central_portal_of_the_western_facade_of_Notre-Dame_de_Strasbourg/0/pictures/Strasbourg,_março_de_2005_-_panoramio.jpg"
Cathédrale_Notre-Dame_de_Strasbourg,25880,16,commons/West_facade_of_Notre-Dame_de_Strasbourg/0/pictures/Strassburg-Muenster-140-Westfassade-Hauptportal-2005-gje.jpg
Cathédrale_Notre-Dame_de_Strasbourg,25880,16,commons/Central_portal_of_the_western_facade_of_Notre-Dame_de_Strasbourg/0/pictures/Cathédrale_Notre-Dame_de_Strasbourg_@_Strasbourg_(44705494015).jpg
Cathédrale_Notre-Dame_de_Strasbourg,25880,16,commons/Central_portal_of_the_western_facade_of_Notre-Dame_de_Strasbourg/0/pictures/Portail_central_ND_de_Strasbourg.jpg
Cathédrale_Notre-Dame_de_Strasbourg,25880,16,commons/Central_portal_of_the_western_facade_of_Notre-Dame_de_Strasbourg/0/pictures/Cathédrale_Notre-Dame_de_Strasbourg_@_Strasbourg_(44705516385).jpg
Cathédrale_Notre-Dame_de_Strasbourg,25880,16,commons/Central_portal_of_the_western_facade_of_Notre-Dame_de_Strasbourg/0/pictures/Strasbourg_Cathedral_-_Central_Doors_(7684375380).jpg
Cathédrale_Notre-Dame_de_Strasbourg,25880,16,commons/Central_portal_of_the_western_facade_of_Notre-Dame_de_Strasbourg/0/pictures/Cathédrale_Notre-Dame_façade_principale_Strasbourg_11.jpg
Cathédrale_Notre-Dame_de_Strasbourg,25880,16,commons/Central_portal_of_the_western_facade_of_Notre-Dame_de_Strasbourg/0/pictures/Strassburg-Muenster-148-Westfassade-Hauptportal-2005-gje.jpg
Cathédrale_Notre-Dame_de_Strasbourg,25880,16,commons/Central_portal_of_the_western_facade_of_Notre-Dame_de_Strasbourg/0/pictures/Strasbourg_Cathédrale_façade_portail_central.jpg
Cathédrale_Notre-Dame_de_Strasbourg,25880,16,commons/Central_portal_of_the_western_facade_of_Notre-Dame_de_Strasbourg/0/pictures/Main_gate_@_Cathédrale_Notre-Dame_de_Strasbourg_@_Strasbourg_(31746759678).jpg
Cathédrale_Notre-Dame_de_Strasbourg,25880,16,commons/Central_portal_of_the_western_facade_of_Notre-Dame_de_Strasbourg/0/pictures/PM_150010_F_Strasbourg.jpg
Cathédrale_Notre-Dame_de_Strasbourg,25880,16,commons/Central_portal_of_the_western_facade_of_Notre-Dame_de_Strasbourg/0/pictures/Strassburg-Muenster-142-Westfassade-Hauptportal-2005-gje.jpg
Cathédrale_Notre-Dame_de_Strasbourg,25880,16,commons/Central_portal_of_the_western_facade_of_Notre-Dame_de_Strasbourg/0/pictures/Cathédrale_Notre-Dame_de_Strasbourg_@_Strasbourg_(44705518935).jpg
Cathédrale_Notre-Dame_de_Strasbourg,25880,16,commons/Central_portal_of_the_western_facade_of_Notre-Dame_de_Strasbourg/0/pictures/PortalCathedralStrasbourg.JPG
Cathédrale_Notre-Dame_de_Strasbourg,25880,16,"commons/Central_portal_of_the_western_facade_of_Notre-Dame_de_Strasbourg/0/pictures/Main_portal,_west_façade_of_Strasbourg_Cathedral.jpg"
Cathédrale_Notre-Dame_de_Strasbourg,25880,16,commons/Central_portal_of_the_western_facade_of_Notre-Dame_de_Strasbourg/0/pictures/Straßburg_Münster_(1).jpg
Cathédrale_Notre-Dame_de_Strasbourg,25880,16,"commons/Central_portal_of_the_western_facade_of_Notre-Dame_de_Strasbourg/0/pictures/Strasbourg,_décembre_2018_(46338148041).jpg"
Cathédrale_Notre-Dame_de_Strasbourg,25880,17,commons/West_facade_of_Notre-Dame_de_Strasbourg/0/pictures/Strasbourg_2009_IMG_3778.JPG
Cathédrale_Notre-Dame_de_Strasbourg,25880,17,commons/West_facade_of_Notre-Dame_de_Strasbourg/0/pictures/Frontispice_cathédrale_Strasbourg.JPG
Cathédrale_Notre-Dame_de_Strasbourg,25880,17,commons/West_facade_of_Notre-Dame_de_Strasbourg/0/pictures/Cathédrale_de_Strasbourg_quality.jpg
Cathédrale_Notre-Dame_de_Strasbourg,25880,17,commons/West_facade_of_Notre-Dame_de_Strasbourg/0/pictures/Cathédrale_Notre-Dame_de_Strasbourg_@_Strasbourg_(45619630111).jpg
Cathédrale_Notre-Dame_de_Strasbourg,25880,17,commons/West_facade_of_Notre-Dame_de_Strasbourg/0/pictures/Cathédrale_Notre-Dame_de_Strasbourg_-_Cathedral_of_Our_Lady_of_Strasbourg_-_كاتدرائية_ستراسبورغ_-_Liebfrauenmünster_zu_Straßburg_photo14.jpg
Cathédrale_Notre-Dame_de_Strasbourg,25880,17,commons/West_facade_of_Notre-Dame_de_Strasbourg/0/pictures/Cathédrale_Notre-Dame_de_Strasbourg_-_Cathedral_of_Our_Lady_of_Strasbourg_-_كاتدرائية_ستراسبورغ_-_Liebfrauenmünster_zu_Straßburg_photo13.jpg
Cathédrale_Notre-Dame_de_Strasbourg,25880,17,commons/West_facade_of_Notre-Dame_de_Strasbourg/0/pictures/Straßburg_Cathédrale_Notre-Dame_Front_4.JPG
Cathédrale_Notre-Dame_de_Strasbourg,25880,17,commons/Rose_window_of_Notre-Dame_de_Strasbourg_(exterior_view)/0/pictures/Cathédrale_Notre-Dame_de_Strasbourg_@_Strasbourg_(43752052660).jpg
Cathédrale_Notre-Dame_de_Strasbourg,25880,17,commons/West_facade_of_Notre-Dame_de_Strasbourg/0/pictures/Straßburg_Cathédrale_Notre-Dame_Front_5.JPG
Cathédrale_Notre-Dame_de_Strasbourg,25880,17,commons/West_facade_of_Notre-Dame_de_Strasbourg/0/pictures/Cathédrale_Notre-Dame_de_Strasbourg_-_Cathedral_of_Our_Lady_of_Strasbourg_-_كاتدرائية_ستراسبورغ_-_Liebfrauenmünster_zu_Straßburg_photo12.jpg
Cathédrale_Notre-Dame_de_Strasbourg,25880,17,"commons/Rose_window_of_Notre-Dame_de_Strasbourg_(exterior_view)/0/pictures/Fensterrose,_Münster,_Straßburg_-_panoramio.jpg"
Cathédrale_Notre-Dame_de_Strasbourg,25880,17,"commons/West_facade_of_Notre-Dame_de_Strasbourg_seen_from_rue_Mercière/0/pictures/J22_689e_Liebfrauenmünster,_Fassade_mit_Maßwerk.jpg"
Cathédrale_Notre-Dame_de_Strasbourg,25880,17,commons/West_facade_of_Notre-Dame_de_Strasbourg/0/pictures/Strasbourg_02_(5479876446).jpg
Cathédrale_Notre-Dame_de_Strasbourg,25880,17,commons/Central_portal_of_the_western_facade_of_Notre-Dame_de_Strasbourg/0/pictures/2021-03-27_13-10-19_strasbourg.jpg
Cathédrale_Notre-Dame_de_Strasbourg,25880,17,commons/West_portals_of_Notre-Dame_de_Strasbourg/0/pictures/Frontispice_cathédrale_Strasbourg.JPG
Cathédrale_Notre-Dame_de_Strasbourg,25880,17,commons/Central_portal_of_the_western_facade_of_Notre-Dame_de_Strasbourg/0/pictures/Strasbourg_02_(5479876446).jpg
Cathédrale_Notre-Dame_de_Strasbourg,25880,17,commons/Details_of_the_west_facade_of_Notre-Dame_de_Strasbourg/0/pictures/Cathédrale_Notre-Dame_façade_principale_Strasbourg_12.jpg
Cathédrale_Notre-Dame_de_Strasbourg,25880,17,commons/Rose_window_of_Notre-Dame_de_Strasbourg_(exterior_view)/0/pictures/Cathédrale_Notre-Dame_de_Strasbourg_@_Strasbourg_(44895152334).jpg
Cathédrale_Notre-Dame_de_Strasbourg,25880,17,commons/Rose_window_of_Notre-Dame_de_Strasbourg_(exterior_view)/0/pictures/Cathédrale_Notre-Dame_-_extérieur_-_rosace_(Strasbourg).jpg
Cathédrale_Notre-Dame_de_Strasbourg,25880,17,commons/West_facade_of_Notre-Dame_de_Strasbourg/0/pictures/2018-08-24_Strasbourg_(11)_(43425032055).jpg
Cathédrale_Notre-Dame_de_Strasbourg,25880,17,commons/West_facade_of_Notre-Dame_de_Strasbourg/0/pictures/Gothic.jpg
Cathédrale_Notre-Dame_de_Strasbourg,25880,17,commons/West_facade_of_Notre-Dame_de_Strasbourg/0/pictures/Cathedral_@_Strasbourg_(31647244758).jpg
Cathédrale_Notre-Dame_de_Strasbourg,25880,18,commons/Rose_window_of_Notre-Dame_de_Strasbourg_(interior_view)/0/pictures/Straßburg_Münster_2009-006.jpg
Cathédrale_Notre-Dame_de_Strasbourg,25880,18,commons/Rose_window_of_Notre-Dame_de_Strasbourg_(interior_view)/0/pictures/Straßburg_Cathédrale_Notre-Dame_Innen_Rosette_4a.jpg
Cathédrale_Notre-Dame_de_Strasbourg,25880,18,commons/Rose_window_of_Notre-Dame_de_Strasbourg_(interior_view)/0/pictures/Straßburg_Münster_2009-007.jpg
Cathédrale_Notre-Dame_de_Strasbourg,25880,18,commons/Rose_window_of_Notre-Dame_de_Strasbourg_(interior_view)/0/pictures/Strassburger-Muenster-Rosette.jpg
Cathédrale_Notre-Dame_de_Strasbourg,25880,18,commons/Rose_window_of_Notre-Dame_de_Strasbourg_(interior_view)/0/pictures/2010_06_24_canaltrip_strasbourg_283z_(22631974397).jpg
Cathédrale_Notre-Dame_de_Strasbourg,25880,18,commons/Rose_window_of_Notre-Dame_de_Strasbourg_(interior_view)/0/pictures/Rose_window_of_Notre-Dame_de_Strasbourg.jpg
Cathédrale_Notre-Dame_de_Strasbourg,25880,18,commons/Rose_window_of_Notre-Dame_de_Strasbourg_(interior_view)/0/pictures/Gros_plan_de_la_rosace_de_la_cathédrale_de_Strasbourg.jpg
Cathédrale_Notre-Dame_de_Strasbourg,25880,18,commons/Strasbourg_Cathedral_organ/0/pictures/Strasbourg_-_Notre-Dame_de_Strasbourg_-_Choir_-_Leica_Zoom_lens_panorama_of_the_Rose_Window_&_Cathedral_Organ_03.jpg
Cathédrale_Notre-Dame_de_Strasbourg,25880,18,commons/Rose_window_of_Notre-Dame_de_Strasbourg_(interior_view)/0/pictures/La_cathédrale_de_strasbourg.JPG
Cathédrale_Notre-Dame_de_Strasbourg,25880,18,"commons/Rose_window_of_Notre-Dame_de_Strasbourg_(interior_view)/0/pictures/Cathédrale_de_Strasbourg,_intérieur,_rosace.jpg"
Cathédrale_Notre-Dame_de_Strasbourg,25880,18,commons/Strasbourg_Cathedral_organ/0/pictures/Strasbourg_-_Notre-Dame_de_Strasbourg_-_Choir_-_Leica_Zoom_lens_panorama_of_the_Rose_Window_&_Cathedral_Organ_04.jpg
Cathédrale_Notre-Dame_de_Strasbourg,25880,18,commons/Rose_window_of_Notre-Dame_de_Strasbourg_(interior_view)/0/pictures/Strasbourg_-_Notre-Dame_de_Strasbourg_-_Choir_-_Leica_Zoom_lens_panorama_of_the_Rose_Window_&_Cathedral_Organ_03.jpg
Cathédrale_Notre-Dame_de_Strasbourg,25880,18,"commons/Rose_window_of_Notre-Dame_de_Strasbourg_(interior_view)/0/pictures/Cathédrale_de_Strasbourg,_intérieur,_rosace,_détail.jpg"
Cathédrale_Notre-Dame_de_Strasbourg,25880,18,"commons/Rose_window_of_Notre-Dame_de_Strasbourg_(interior_view)/0/pictures/Stained_glass_window,_Cathedral_Notre_Dame,_Strasbourg.jpg"
Cathédrale_Notre-Dame_de_Strasbourg,25880,18,commons/Rose_window_of_Notre-Dame_de_Strasbourg_(interior_view)/0/pictures/Straßburg_(46658869595).jpg
Cathédrale_Notre-Dame_de_Strasbourg,25880,18,commons/Rose_window_of_Notre-Dame_de_Strasbourg_(interior_view)/0/pictures/Rosace_cathedrale_strasbourg.jpg
Cathédrale_Notre-Dame_de_Strasbourg,25880,18,commons/Rose_window_of_Notre-Dame_de_Strasbourg_(interior_view)/0/pictures/Strasbourg_-_Notre-Dame_de_Strasbourg_-_Choir_-_Leica_Zoom_lens_panorama_of_the_Rose_Window_&_Cathedral_Organ_04.jpg
Cathédrale_Notre-Dame_de_Strasbourg,25880,18,"commons/Rose_window_of_Notre-Dame_de_Strasbourg_(interior_view)/0/pictures/Notre_Dame_rose_window,_Strasbourg_(15643970054).jpg"
Cathédrale_Notre-Dame_de_Strasbourg,25880,18,commons/Rose_window_of_Notre-Dame_de_Strasbourg_(interior_view)/0/pictures/Strasbourg_-_Rose_Window_West_Façade_Cathedral.jpg
Cathédrale_Notre-Dame_de_Strasbourg,25880,18,commons/Rose_window_of_Notre-Dame_de_Strasbourg_(interior_view)/0/pictures/Strasbourg_Cathedral_rose_window.jpg
Cathédrale_Notre-Dame_de_Strasbourg,25880,19,commons/Strasbourg_Cathedral_choir_organ/0/pictures/Choeur_(architecture)_de_la_cathédrale_de_Strasbourg.jpg
Cathédrale_Notre-Dame_de_Strasbourg,25880,19,commons/Strasbourg_Cathedral_choir_organ/0/pictures/Cathédrale_Notre-Dame_de_Strasbourg_@_Strasbourg_(45569510041).jpg
Cathédrale_Notre-Dame_de_Strasbourg,25880,19,commons/Stained_glass_windows_of_Notre-Dame_de_Strasbourg/0/pictures/Straßburg_Cathédrale_Notre-Dame_Innen_Chor_5.jpg
Cathédrale_Notre-Dame_de_Strasbourg,25880,19,commons/Stained_glass_windows_of_Notre-Dame_de_Strasbourg/0/pictures/Choeur_Cathedrale_Strasbourg.jpg
Cathédrale_Notre-Dame_de_Strasbourg,25880,19,commons/Dome_of_Notre-Dame_de_Strasbourg/0/pictures/StrasbourgCath_Choeur_15.JPG
Cathédrale_Notre-Dame_de_Strasbourg,25880,19,commons/Choir_(architecture)_of_Notre-Dame_de_Strasbourg/0/pictures/Inside_of_the_cathédrale_Notre-Dame_de_Strasbourg_photo10.jpg
Cathédrale_Notre-Dame_de_Strasbourg,25880,19,commons/Choir_(architecture)_of_Notre-Dame_de_Strasbourg/0/pictures/Chœur_de_la_cathédrale_de_Strasbourg.jpg
Cathédrale_Notre-Dame_de_Strasbourg,25880,19,commons/Choir_(architecture)_of_Notre-Dame_de_Strasbourg/0/pictures/Cathédrale_de_Strasbourg_13_(9389458163).jpg
Cathédrale_Notre-Dame_de_Strasbourg,25880,19,commons/Choir_(architecture)_of_Notre-Dame_de_Strasbourg/0/pictures/Choeur_-_Cathedrale_de_Strasbourg.jpg
Cathédrale_Notre-Dame_de_Strasbourg,25880,19,commons/Dome_of_Notre-Dame_de_Strasbourg/0/pictures/Cathédrale_Notre-Dame_de_Strasbourg_@_Strasbourg_(45519127442).jpg
Cathédrale_Notre-Dame_de_Strasbourg,25880,19,commons/Choir_(architecture)_of_Notre-Dame_de_Strasbourg/0/pictures/Straßburg_Cathédrale_Notre-Dame_Innen_Chor_2.jpg
Cathédrale_Notre-Dame_de_Strasbourg,25880,19,"commons/Choir_(architecture)_of_Notre-Dame_de_Strasbourg/0/pictures/Cathédrale_de_Strasbourg,_le_chœur_roman.jpg"
Cathédrale_Notre-Dame_de_Strasbourg,25880,19,commons/Choir_(architecture)_of_Notre-Dame_de_Strasbourg/0/pictures/Choeur_(architecture)_de_la_cathédrale_de_Strasbourg.jpg
Cathédrale_Notre-Dame_de_Strasbourg,25880,19,commons/Choir_(architecture)_of_Notre-Dame_de_Strasbourg/0/pictures/Cathédrale_Notre_Dame_Strasbourg_20200124_032.jpg
Cathédrale_Notre-Dame_de_Strasbourg,25880,19,commons/Choir_(architecture)_of_Notre-Dame_de_Strasbourg/0/pictures/Straßburg_Cathédrale_Notre-Dame_Innen_Chor_6.jpg
Cathédrale_Notre-Dame_de_Strasbourg,25880,19,commons/Choir_(architecture)_of_Notre-Dame_de_Strasbourg/0/pictures/Choeur_Cathedrale_Strasbourg.jpg
Cathédrale_Notre-Dame_de_Strasbourg,25880,19,commons/Choir_(architecture)_of_Notre-Dame_de_Strasbourg/0/pictures/Strasbourg_Cathedral_-_panoramio_(12).jpg
Cathédrale_Notre-Dame_de_Strasbourg,25880,19,commons/Stained_glass_windows_of_Notre-Dame_de_Strasbourg/0/pictures/Straßburg_Münster_2009-009.jpg
Cathédrale_Notre-Dame_de_Strasbourg,25880,19,commons/Choir_(architecture)_of_Notre-Dame_de_Strasbourg/0/pictures/Strasbourg_Cathédrale_interieur_(4).jpg
Cathédrale_Notre-Dame_de_Strasbourg,25880,19,commons/Choir_(architecture)_of_Notre-Dame_de_Strasbourg/0/pictures/Cathédrale_Notre-Dame_de_Strasbourg_@_Strasbourg_(45569510041).jpg
Cathédrale_Notre-Dame_de_Strasbourg,25880,19,commons/Strasbourg_Cathedral_choir_organ/0/pictures/Chœur_de_la_cathédrale_de_Strasbourg.jpg
Cathédrale_Notre-Dame_de_Strasbourg,25880,19,commons/Choir_(architecture)_of_Notre-Dame_de_Strasbourg/0/pictures/Le_dôme_du_choeur_de_la_cathédrale_de_Strasbourg.jpg
Cathédrale_Notre-Dame_de_Strasbourg,25880,19,commons/Choir_(architecture)_of_Notre-Dame_de_Strasbourg/0/pictures/Straßburg_Münster_2009-009.jpg
Cathédrale_Notre-Dame_de_Strasbourg,25880,19,commons/Choir_(architecture)_of_Notre-Dame_de_Strasbourg/0/pictures/Cathédrale_Notre-Dame_de_Strasbourg_@_Strasbourg_(45519127442).jpg
Cathédrale_Notre-Dame_de_Strasbourg,25880,19,commons/Choir_(architecture)_of_Notre-Dame_de_Strasbourg/0/pictures/Strasbourg_Cathedral_crossing_dome_and_apse.jpg
Cathédrale_Notre-Dame_de_Strasbourg,25880,19,commons/Stained_glass_windows_of_Notre-Dame_de_Strasbourg/0/pictures/Straßburg_Cathédrale_Notre-Dame_Innen_Chor_6.jpg
Cathédrale_Notre-Dame_de_Strasbourg,25880,19,commons/Choir_(architecture)_of_Notre-Dame_de_Strasbourg/0/pictures/Strasbourg_Cathédrale_Notre-Dame_pavoisement_du_chœur_novembre_2012.JPG
Cathédrale_Notre-Dame_de_Strasbourg,25880,19,commons/Dome_of_Notre-Dame_de_Strasbourg/0/pictures/Le_dôme_du_choeur_de_la_cathédrale_de_Strasbourg.jpg
Cathédrale_Notre-Dame_de_Strasbourg,25880,19,commons/Choir_(architecture)_of_Notre-Dame_de_Strasbourg/0/pictures/StrasbourgCath_Choeur_14.JPG
Cathédrale_Notre-Dame_de_Strasbourg,25880,19,commons/Choir_(architecture)_of_Notre-Dame_de_Strasbourg/0/pictures/Straßburg_im_Sommer_2013_(9982644405).jpg
Cathédrale_Notre-Dame_de_Strasbourg,25880,19,commons/Choir_(architecture)_of_Notre-Dame_de_Strasbourg/0/pictures/StrasbourgCath_Choeur_15.JPG
Cathédrale_Notre-Dame_de_Strasbourg,25880,19,commons/Choir_(architecture)_of_Notre-Dame_de_Strasbourg/0/pictures/Choir_(architecture)_of_Notre-Dame_de_Strasbourg.jpg
Cathédrale_Notre-Dame_de_Strasbourg,25880,19,commons/Choir_(architecture)_of_Notre-Dame_de_Strasbourg/0/pictures/Straßburg_Cathédrale_Notre-Dame_Innen_Chor_4.jpg
Cathédrale_Notre-Dame_de_Strasbourg,25880,19,commons/Choir_(architecture)_of_Notre-Dame_de_Strasbourg/0/pictures/Straßburg_Cathédrale_Notre-Dame_Innen_Chor_5.jpg
Cathédrale_Notre-Dame_de_Strasbourg,25880,19,commons/Choir_(architecture)_of_Notre-Dame_de_Strasbourg/0/pictures/La_Cathédrale_Notre_Dame_de_Strasbourg.JPG
Cathédrale_Notre-Dame_de_Strasbourg,25880,19,commons/Choir_(architecture)_of_Notre-Dame_de_Strasbourg/0/pictures/Straßburg_(DerHexer)_2010-12-20_065.jpg
Cathédrale_Notre-Dame_de_Strasbourg,25880,19,commons/Dome_of_Notre-Dame_de_Strasbourg/0/pictures/Strasbourg_Cathedral_crossing_dome_and_apse.jpg
Cathédrale_Notre-Dame_de_Strasbourg,25880,20,commons/Statues_of_Notre-Dame_de_Strasbourg_(Inside)/0/pictures/StrasbourgCath_BasCoteS_05.JPG
Cathédrale_Notre-Dame_de_Strasbourg,25880,20,commons/Statues_of_Notre-Dame_de_Strasbourg_(Inside)/0/pictures/StrasbourgCath_BasCoteS_04.JPG
Cathédrale_Notre-Dame_de_Strasbourg,25880,20,commons/Statues_of_Notre-Dame_de_Strasbourg_(Inside)/0/pictures/Strasbourg_-_Notre-Dame_de_Strasbourg_-_Southern_side_nave_-_Line-up_of_saint's_statues_and_a_depiction_of_the_Crucifixion_of_Christ_on_Golgotha_(Calvary)_with_Chapelle_Sainte-Catherine_in_the_back_03.jpg
Cathédrale_Notre-Dame_de_Strasbourg,25880,20,commons/Statues_of_Notre-Dame_de_Strasbourg_(Inside)/0/pictures/Strasbourg_cath_statues.jpg
Cathédrale_Notre-Dame_de_Strasbourg,25880,20,commons/Statues_of_Notre-Dame_de_Strasbourg_(Inside)/0/pictures/Strasbourg_-_Notre-Dame_de_Strasbourg_-_Southern_side_nave_-_Line-up_of_saint's_statues_and_a_depiction_of_the_Crucifixion_of_Christ_on_Golgotha_(Calvary)_with_Chapelle_Sainte-Catherine_in_the_back_02.jpg
Cathédrale_Notre-Dame_de_Strasbourg,25880,20,commons/Statues_of_Notre-Dame_de_Strasbourg_(Inside)/0/pictures/Strasbourg_(Bas-Rhin)_-_Cathédrale_Notre-Dame_-_Chapelle_Sainte-Catherine_(transept_sud)_-_Statues.jpg
Cathédrale_Notre-Dame_de_Strasbourg,25880,20,commons/Statues_of_Notre-Dame_de_Strasbourg_(Inside)/0/pictures/Chapelle_Sainte-Catherine_(Cathédrale_de_Strasbourg).jpg
Cathédrale_Notre-Dame_de_Strasbourg,25880,20,commons/Statues_of_Notre-Dame_de_Strasbourg_(Inside)/0/pictures/Cathedrale-de-Strasbourg-IMG_1226.jpg
Cathédrale_Notre-Dame_de_Strasbourg,25880,20,"commons/Statues_of_Notre-Dame_de_Strasbourg_(Inside)/0/pictures/Cathédrale_de_Strasbourg,_chapelle_Sainte-Catherine.jpg"
Cathédrale_Notre-Dame_de_Strasbourg,25880,20,"commons/Retable_du_Saint-Sauveur_(Notre-Dame_de_Strasbourg)/0/pictures/Strasbourg_-_Notre-Dame_de_Strasbourg_-_Chapelle_Sainte-Catherine_(1332-1349)_-_Stained_Glass_Windows,_Altarpiece_of_the_Holy_Savior_05.jpg"
Cathédrale_Notre-Dame_de_Strasbourg,25880,20,commons/Retable_du_Saint-Sauveur_(Notre-Dame_de_Strasbourg)/0/pictures/Retable_et_voûtes_de_la_chapelle_Sainte-Catherine_de_la_cathédrale_de_Strasbourg.jpg
Cathédrale_Notre-Dame_de_Strasbourg,25880,20,commons/Gothic_stained_glass_windows_of_Notre-Dame_de_Strasbourg/0/pictures/Vitraux_et_dormition_de_la_Vierge_de_la_chapelle_sainte-Catherine_de_la_Cathédrale_de_Strasbourg.jpg
Cathédrale_Notre-Dame_de_Strasbourg,25880,20,"commons/Interior_of_Chapelle_Sainte-Catherine_(Notre-Dame_de_Strasbourg)/0/pictures/Cathédrale_de_Strasbourg,_chapelle_Sainte-Catherine.jpg"
Cathédrale_Notre-Dame_de_Strasbourg,25880,20,commons/Interior_of_Chapelle_Sainte-Catherine_(Notre-Dame_de_Strasbourg)/0/pictures/Cathédrale_Notre-Dame_de_Strasbourg_@_Strasbourg_(45519125562).jpg
Cathédrale_Notre-Dame_de_Strasbourg,25880,20,commons/Gothic_statues_of_Notre-Dame_de_Strasbourg/0/pictures/Strasbourg_(Bas-Rhin)_-_Cathédrale_Notre-Dame_-_Chapelle_Sainte-Catherine_(transept_sud)_-_Statues.jpg
Cathédrale_Notre-Dame_de_Strasbourg,25880,20,commons/Retable_du_Saint-Sauveur_(Notre-Dame_de_Strasbourg)/0/pictures/Looking_up_-)_(10041036135).jpg
Cathédrale_Notre-Dame_de_Strasbourg,25880,20,commons/Interior_of_Chapelle_Sainte-Catherine_(Notre-Dame_de_Strasbourg)/0/pictures/StrasbourgCath_BasCoteS_05.JPG
Cathédrale_Notre-Dame_de_Strasbourg,25880,20,"commons/Gothic_statues_of_Notre-Dame_de_Strasbourg/0/pictures/Cathédrale_de_Strasbourg,_chapelle_Sainte-Catherine.jpg"
Cathédrale_Notre-Dame_de_Strasbourg,25880,20,"commons/Gothic_stained_glass_windows_of_Notre-Dame_de_Strasbourg/0/pictures/Strasbourg_-_Notre-Dame_de_Strasbourg_-_Chapelle_Sainte-Catherine_(1332-1349)_-_Stained_Glass_Windows,_Altarpiece_of_the_Holy_Savior_03.jpg"
Cathédrale_Notre-Dame_de_Strasbourg,25880,20,commons/Gothic_stained_glass_windows_of_Notre-Dame_de_Strasbourg/0/pictures/Strasbourg_-_Notre-Dame_de_Strasbourg_-_Southern_side_nave_-_Line-up_of_saint's_statues_and_a_depiction_of_the_Crucifixion_of_Christ_on_Golgotha_(Calvary)_with_Chapelle_Sainte-Catherine_in_the_back_03.jpg
Cathédrale_Notre-Dame_de_Strasbourg,25880,20,commons/Gothic_stained_glass_windows_of_Notre-Dame_de_Strasbourg/0/pictures/Vitraux_dans_la_chapelle_Sainte-Catherine_de_la_cathédrale_de_Strasbourg.jpg
Cathédrale_Notre-Dame_de_Strasbourg,25880,20,commons/Gothic_stained_glass_windows_of_Notre-Dame_de_Strasbourg/0/pictures/Strasbourg_-_Notre-Dame_de_Strasbourg_-_Southern_side_nave_-_Line-up_of_saint's_statues_and_a_depiction_of_the_Crucifixion_of_Christ_on_Golgotha_(Calvary)_with_Chapelle_Sainte-Catherine_in_the_back_02.jpg
Cathédrale_Notre-Dame_de_Strasbourg,25880,20,"commons/Interior_of_Chapelle_Sainte-Catherine_(Notre-Dame_de_Strasbourg)/0/pictures/Strasbourg_-_Notre-Dame_de_Strasbourg_-_Chapelle_Sainte-Catherine_(1332-1349)_-_Stained_Glass_Windows,_Altarpiece_of_the_Holy_Savior_01.jpg"
Cathédrale_Notre-Dame_de_Strasbourg,25880,20,"commons/Gothic_stained_glass_windows_of_Notre-Dame_de_Strasbourg/0/pictures/Autel_de_la_Pietà,_chapelle_Sainte-Catherine_de_la_cathédrale_de_Strasbourg.jpg"
Cathédrale_Notre-Dame_de_Strasbourg,25880,20,"commons/Gothic_stained_glass_windows_of_Notre-Dame_de_Strasbourg/0/pictures/Strasbourg_-_Notre-Dame_de_Strasbourg_-_Chapelle_Sainte-Catherine_(1332-1349)_-_Stained_Glass_Windows,_Altarpiece_of_the_Holy_Savior_02.jpg"
Cathédrale_Notre-Dame_de_Strasbourg,25880,20,commons/Interior_of_Chapelle_Sainte-Catherine_(Notre-Dame_de_Strasbourg)/0/pictures/Cathedrale-de-Strasbourg-IMG_1226.jpg
Cathédrale_Notre-Dame_de_Strasbourg,25880,20,"commons/Gothic_stained_glass_windows_of_Notre-Dame_de_Strasbourg/0/pictures/Cathédrale_de_Strasbourg,_chapelle_Sainte-Catherine.jpg"
Cathédrale_Notre-Dame_de_Strasbourg,25880,20,commons/Interior_of_Chapelle_Sainte-Catherine_(Notre-Dame_de_Strasbourg)/0/pictures/Cathedral_of_Notre-Dame4.jpg
Cathédrale_Notre-Dame_de_Strasbourg,25880,20,commons/Interior_of_Chapelle_Sainte-Catherine_(Notre-Dame_de_Strasbourg)/0/pictures/Strasbourg_Cathedral_(52298044561).jpg
Cathédrale_Notre-Dame_de_Strasbourg,25880,20,commons/Gothic_stained_glass_windows_of_Notre-Dame_de_Strasbourg/0/pictures/Chapelle_Sainte-Catherine_(Cathédrale_de_Strasbourg).jpg
Cathédrale_Notre-Dame_de_Strasbourg,25880,20,"commons/Gothic_stained_glass_windows_of_Notre-Dame_de_Strasbourg/0/pictures/Strasbourg_-_Notre-Dame_de_Strasbourg_-_Chapelle_Sainte-Catherine_(1332-1349)_-_Stained_Glass_Windows,_Altarpiece_of_the_Holy_Savior_05.jpg"
Cathédrale_Notre-Dame_de_Strasbourg,25880,20,commons/Nave_of_Notre-Dame_de_Strasbourg/0/pictures/Strasbourg_-_Notre-Dame_de_Strasbourg_-_Southern_side_nave_-_Line-up_of_saint's_statues_and_a_depiction_of_the_Crucifixion_of_Christ_on_Golgotha_(Calvary)_with_Chapelle_Sainte-Catherine_in_the_back_03.jpg
Cathédrale_Notre-Dame_de_Strasbourg,25880,20,commons/Nave_of_Notre-Dame_de_Strasbourg/0/pictures/Strasbourg_cath_statues.jpg
Cathédrale_Notre-Dame_de_Strasbourg,25880,20,commons/Gothic_stained_glass_windows_of_Notre-Dame_de_Strasbourg/0/pictures/Descending_colors_(41608428230).jpg
Cathédrale_Notre-Dame_de_Strasbourg,25880,20,commons/Interior_of_Chapelle_Sainte-Catherine_(Notre-Dame_de_Strasbourg)/0/pictures/Looking_up_-)_(10041036135).jpg
Cathédrale_Notre-Dame_de_Strasbourg,25880,20,"commons/Gothic_stained_glass_windows_of_Notre-Dame_de_Strasbourg/0/pictures/Strasbourg_-_Notre-Dame_de_Strasbourg_-_Gothic_stained_glass_windows_1348_by_Johannes_de_Kirchheim,_depicting_the_Twelve_Apostles,_Mary_of_Magdala_&_Martha_01.jpg"
Cathédrale_Notre-Dame_de_Strasbourg,25880,20,commons/Interior_of_Chapelle_Sainte-Catherine_(Notre-Dame_de_Strasbourg)/0/pictures/Strasbourg_(Bas-Rhin)_-_Cathédrale_Notre-Dame_-_Chapelle_Sainte-Catherine_(transept_sud)_-_Vitraux.jpg
Cathédrale_Notre-Dame_de_Strasbourg,25880,20,commons/Gothic_stained_glass_windows_of_Notre-Dame_de_Strasbourg/0/pictures/Obsèques_d’André_Bord_cathédrale_de_Strasbourg_18_mai_2013_15.jpg
Cathédrale_Notre-Dame_de_Strasbourg,25880,20,"commons/Interior_of_Chapelle_Sainte-Catherine_(Notre-Dame_de_Strasbourg)/0/pictures/Strasbourg_-_Notre-Dame_de_Strasbourg_-_Chapelle_Sainte-Catherine_(1332-1349)_-_Stained_Glass_Windows,_Altarpiece_of_the_Holy_Savior_03.jpg"
Cathédrale_Notre-Dame_de_Strasbourg,25880,20,commons/Gothic_stained_glass_windows_of_Notre-Dame_de_Strasbourg/0/pictures/Looking_up_-)_(10041036135).jpg
Cathédrale_Notre-Dame_de_Strasbourg,25880,20,commons/Gothic_statues_of_Notre-Dame_de_Strasbourg/0/pictures/Chapelle_Sainte-Catherine_(Cathédrale_de_Strasbourg).jpg
Cathédrale_Notre-Dame_de_Strasbourg,25880,20,commons/Gothic_stained_glass_windows_of_Notre-Dame_de_Strasbourg/0/pictures/Retable_et_voûtes_de_la_chapelle_Sainte-Catherine_de_la_cathédrale_de_Strasbourg.jpg
Cathédrale_Notre-Dame_de_Strasbourg,25880,20,commons/Gothic_statues_of_Notre-Dame_de_Strasbourg/0/pictures/Cathedrale-de-Strasbourg-IMG_1226.jpg
Cathédrale_Notre-Dame_de_Strasbourg,25880,20,"commons/Retable_du_Saint-Sauveur_(Notre-Dame_de_Strasbourg)/0/pictures/Strasbourg_-_Notre-Dame_de_Strasbourg_-_Chapelle_Sainte-Catherine_(1332-1349)_-_Stained_Glass_Windows,_Altarpiece_of_the_Holy_Savior_01.jpg"
Cathédrale_Notre-Dame_de_Strasbourg,25880,20,"commons/Gothic_stained_glass_windows_of_Notre-Dame_de_Strasbourg/0/pictures/Strasbourg_-_Notre-Dame_de_Strasbourg_-_Chapelle_Sainte-Catherine_(1332-1349)_-_Stained_Glass_Windows,_Altarpiece_of_the_Holy_Savior_01.jpg"
Cathédrale_Notre-Dame_de_Strasbourg,25880,20,commons/Interior_of_Chapelle_Sainte-Catherine_(Notre-Dame_de_Strasbourg)/0/pictures/Retable_dans_la_chapelle_Sainte-Catherine_de_la_cathédrale_de_Strasbourg.jpg
Cathédrale_Notre-Dame_de_Strasbourg,25880,20,"commons/Interior_of_Chapelle_Sainte-Catherine_(Notre-Dame_de_Strasbourg)/0/pictures/Autel_de_la_Pietà,_chapelle_Sainte-Catherine_de_la_cathédrale_de_Strasbourg.jpg"
Cathédrale_Notre-Dame_de_Strasbourg,25880,20,commons/Gothic_stained_glass_windows_of_Notre-Dame_de_Strasbourg/0/pictures/Retable_dans_la_chapelle_Sainte-Catherine_de_la_cathédrale_de_Strasbourg.jpg
Cathédrale_Notre-Dame_de_Strasbourg,25880,20,commons/Interior_of_Chapelle_Sainte-Catherine_(Notre-Dame_de_Strasbourg)/0/pictures/Cathédrale_de_Strasbourg_-_Intérieur_d'une_chapelle_-_20170213_154421.jpg
Cathédrale_Notre-Dame_de_Strasbourg,25880,20,commons/Gothic_statues_of_Notre-Dame_de_Strasbourg/0/pictures/StrasbourgCath_BasCoteS_05.JPG
Cathédrale_Notre-Dame_de_Strasbourg,25880,20,commons/Gothic_stained_glass_windows_of_Notre-Dame_de_Strasbourg/0/pictures/Retable_dans_la_chapelle_Sainte-Catherine_de_la_cathédrale_de_Strasbourg_(2).jpg
Cathédrale_Notre-Dame_de_Strasbourg,25880,20,commons/Interior_of_Chapelle_Sainte-Catherine_(Notre-Dame_de_Strasbourg)/0/pictures/Descending_colors_(41608428230).jpg
Cathédrale_Notre-Dame_de_Strasbourg,25880,20,commons/Gothic_stained_glass_windows_of_Notre-Dame_de_Strasbourg/0/pictures/Strasbourg_(Bas-Rhin)_-_Cathédrale_Notre-Dame_-_Chapelle_Sainte-Catherine_(transept_sud)_-_Vitraux_(détail)_(52171498959).jpg
Cathédrale_Notre-Dame_de_Strasbourg,25880,20,commons/Interior_of_Chapelle_Sainte-Catherine_(Notre-Dame_de_Strasbourg)/0/pictures/Chapelle_Sainte-Catherine_(Cathédrale_de_Strasbourg).jpg
Cathédrale_Notre-Dame_de_Strasbourg,25880,20,commons/Interior_of_Chapelle_Sainte-Catherine_(Notre-Dame_de_Strasbourg)/0/pictures/Retable_et_voûtes_de_la_chapelle_Sainte-Catherine_de_la_cathédrale_de_Strasbourg.jpg
Cathédrale_Notre-Dame_de_Strasbourg,25880,20,commons/Nave_of_Notre-Dame_de_Strasbourg/0/pictures/Strasbourg_-_Notre-Dame_de_Strasbourg_-_Southern_side_nave_-_Line-up_of_saint's_statues_and_a_depiction_of_the_Crucifixion_of_Christ_on_Golgotha_(Calvary)_with_Chapelle_Sainte-Catherine_in_the_back_02.jpg
Cathédrale_Notre-Dame_de_Strasbourg,25880,20,commons/Gothic_stained_glass_windows_of_Notre-Dame_de_Strasbourg/0/pictures/Strasbourg_TodorBozhinov_(27).JPG
Cathédrale_Notre-Dame_de_Strasbourg,25880,20,"commons/Interior_of_Chapelle_Sainte-Catherine_(Notre-Dame_de_Strasbourg)/0/pictures/Strasbourg_-_Notre-Dame_de_Strasbourg_-_Chapelle_Sainte-Catherine_(1332-1349)_-_Stained_Glass_Windows,_Altarpiece_of_the_Holy_Savior_02.jpg"
Cathédrale_Notre-Dame_de_Strasbourg,25880,20,commons/Gothic_stained_glass_windows_of_Notre-Dame_de_Strasbourg/0/pictures/Strasbourg_(Bas-Rhin)_-_Cathédrale_Notre-Dame_-_Chapelle_Sainte-Catherine_(transept_sud)_-_Vitraux.jpg
Cathédrale_Notre-Dame_de_Strasbourg,25880,20,commons/Interior_of_Chapelle_Sainte-Catherine_(Notre-Dame_de_Strasbourg)/0/pictures/Strasbourg_(Bas-Rhin)_-_Cathédrale_Notre-Dame_-_Chapelle_Sainte-Catherine_(transept_sud)_-_Vitraux_(détail)_(52171498959).jpg
Cathédrale_Notre-Dame_de_Strasbourg,25880,20,"commons/Interior_of_Chapelle_Sainte-Catherine_(Notre-Dame_de_Strasbourg)/0/pictures/Strasbourg_-_Notre-Dame_de_Strasbourg_-_Chapelle_Sainte-Catherine_(1332-1349)_-_Stained_Glass_Windows,_Altarpiece_of_the_Holy_Savior_05.jpg"
Cathédrale_Notre-Dame_de_Strasbourg,25880,20,"commons/Interior_of_Chapelle_Sainte-Catherine_(Notre-Dame_de_Strasbourg)/0/pictures/Strasbourg_-_Notre-Dame_de_Strasbourg_-_Gothic_stained_glass_windows_1348_by_Johannes_de_Kirchheim,_depicting_the_Twelve_Apostles,_Mary_of_Magdala_&_Martha_01.jpg"
Cathédrale_Notre-Dame_de_Strasbourg,25880,20,commons/Interior_of_Chapelle_Sainte-Catherine_(Notre-Dame_de_Strasbourg)/0/pictures/Strasbourg_-_Notre-Dame_de_Strasbourg_-_Southern_side_nave_-_Line-up_of_saint's_statues_and_a_depiction_of_the_Crucifixion_of_Christ_on_Golgotha_(Calvary)_with_Chapelle_Sainte-Catherine_in_the_back_02.jpg
Cathédrale_Notre-Dame_de_Strasbourg,25880,20,commons/Interior_of_Chapelle_Sainte-Catherine_(Notre-Dame_de_Strasbourg)/0/pictures/Strasbourg_-_Notre-Dame_de_Strasbourg_-_Southern_side_nave_-_Line-up_of_saint's_statues_and_a_depiction_of_the_Crucifixion_of_Christ_on_Golgotha_(Calvary)_with_Chapelle_Sainte-Catherine_in_the_back_03.jpg
Cathédrale_Notre-Dame_de_Strasbourg,25880,20,commons/Interior_of_Chapelle_Sainte-Catherine_(Notre-Dame_de_Strasbourg)/0/pictures/Strasbourg_cath_statues.jpg
Cathédrale_Notre-Dame_de_Strasbourg,25880,20,commons/Retable_du_Saint-Sauveur_(Notre-Dame_de_Strasbourg)/0/pictures/Retable_dans_la_chapelle_Sainte-Catherine_de_la_cathédrale_de_Strasbourg.jpg
Cathédrale_Notre-Dame_de_Strasbourg,25880,20,commons/Interior_of_Chapelle_Sainte-Catherine_(Notre-Dame_de_Strasbourg)/0/pictures/Strasbourg_TodorBozhinov_(27).JPG
Cathédrale_Notre-Dame_de_Strasbourg,25880,20,commons/Retable_du_Saint-Sauveur_(Notre-Dame_de_Strasbourg)/0/pictures/Retable_dans_la_chapelle_Sainte-Catherine_de_la_cathédrale_de_Strasbourg_(2).jpg
Cathédrale_Notre-Dame_de_Strasbourg,25880,20,commons/Interior_of_Chapelle_Sainte-Catherine_(Notre-Dame_de_Strasbourg)/0/pictures/StrasbourgCath_BasCoteS_04.JPG
Cathédrale_Notre-Dame_de_Strasbourg,25880,20,commons/Interior_of_Chapelle_Sainte-Catherine_(Notre-Dame_de_Strasbourg)/0/pictures/Vitraux_dans_la_chapelle_Sainte-Catherine_de_la_cathédrale_de_Strasbourg.jpg
Cathédrale_Notre-Dame_de_Strasbourg,25880,20,commons/Interior_of_Chapelle_Sainte-Catherine_(Notre-Dame_de_Strasbourg)/0/pictures/Straßburg_Münster_2009-010.jpg
Cathédrale_Notre-Dame_de_Strasbourg,25880,20,commons/Interior_of_Chapelle_Sainte-Catherine_(Notre-Dame_de_Strasbourg)/0/pictures/Vitraux_et_dormition_de_la_Vierge_de_la_chapelle_sainte-Catherine_de_la_Cathédrale_de_Strasbourg.jpg
Cathédrale_Notre-Dame_de_Strasbourg,25880,21,commons/Stained_glass_windows_(Nave_of_Notre-Dame_de_Strasbourg)/0/pictures/StrasbourgCath_BasCoteS_20a.jpg
Cathédrale_Notre-Dame_de_Strasbourg,25880,21,commons/Stained_glass_windows_(Nave_of_Notre-Dame_de_Strasbourg)/0/pictures/Strasbourg_-_Notre-Dame_de_Strasbourg_-_Southern_side_nave_-_14th_century_stained_glass_windows_on_the_south_side_-_Scenes_from_the_life_of_the_Virgin_and_Christ_15_-_Leica_zoom_lens_details.jpg
Cathédrale_Notre-Dame_de_Strasbourg,25880,21,commons/Stained_glass_windows_(Nave_of_Notre-Dame_de_Strasbourg)/0/pictures/Strasbourg_-_Notre-Dame_de_Strasbourg_-_Southern_side_nave_-_14th_century_stained_glass_windows_on_the_south_side_-_Scenes_from_the_life_of_the_Virgin_and_Christ_16_-_Leica_zoom_lens_details.jpg
Cathédrale_Notre-Dame_de_Strasbourg,25880,21,commons/Stained_glass_windows_(Nave_of_Notre-Dame_de_Strasbourg)/0/pictures/Strasbourg_-_Notre-Dame_de_Strasbourg_-_Southern_side_nave_-_14th_century_stained_glass_windows_on_the_south_side_-_Scenes_from_the_life_of_the_Virgin_and_Christ_14_-_Leica_zoom_lens_details.jpg
Cathédrale_Notre-Dame_de_Strasbourg,25880,21,commons/Stained_glass_windows_(Nave_of_Notre-Dame_de_Strasbourg)/0/pictures/Strasbourg_-_Notre-Dame_de_Strasbourg_-_Southern_side_nave_-_14th_century_stained_glass_windows_on_the_south_side_-_Scenes_from_the_life_of_the_Virgin_and_Christ_09.jpg
Cathédrale_Notre-Dame_de_Strasbourg,25880,21,commons/Stained_glass_windows_(Nave_of_Notre-Dame_de_Strasbourg)/0/pictures/PHB_Strasbourg_8023342.jpg
Cathédrale_Notre-Dame_de_Strasbourg,25880,21,commons/Stained_glass_windows_(Nave_of_Notre-Dame_de_Strasbourg)/0/pictures/StrasbourgCath_BasCoteS_17a.jpg
Cathédrale_Notre-Dame_de_Strasbourg,25880,21,commons/Gothic_stained_glass_windows_of_Notre-Dame_de_Strasbourg/0/pictures/Strasbourg_(Bas-Rhin)_-_Cathédrale_Notre-Dame_-_Verrières_basses_coté_sud_(baie_16)_-_Le_Jugement_dernier.jpg
Cathédrale_Notre-Dame_de_Strasbourg,25880,21,commons/Stained_glass_windows_(Nave_of_Notre-Dame_de_Strasbourg)/0/pictures/Strasbourg_-_Notre-Dame_de_Strasbourg_-_Southern_side_nave_-_14th_century_stained_glass_windows_on_the_south_side_-_Scenes_from_the_life_of_the_Virgin_and_Christ_13_-_Leica_zoom_lens_details.jpg
Cathédrale_Notre-Dame_de_Strasbourg,25880,21,commons/Gothic_stained_glass_windows_of_Notre-Dame_de_Strasbourg/0/pictures/StrasbourgCath_BasCoteS_20.JPG
Cathédrale_Notre-Dame_de_Strasbourg,25880,21,commons/Gothic_stained_glass_windows_of_Notre-Dame_de_Strasbourg/0/pictures/PHB_Strasbourg_8023342.jpg
Cathédrale_Notre-Dame_de_Strasbourg,25880,21,commons/Gothic_stained_glass_windows_of_Notre-Dame_de_Strasbourg/0/pictures/Strasbourg_-_Notre-Dame_de_Strasbourg_-_Southern_side_nave_-_14th_century_stained_glass_windows_on_the_south_side_-_Scenes_from_the_life_of_the_Virgin_and_Christ_13_-_Leica_zoom_lens_details.jpg
Cathédrale_Notre-Dame_de_Strasbourg,25880,21,commons/Gothic_stained_glass_windows_of_Notre-Dame_de_Strasbourg/0/pictures/Strasbourg_-_Notre-Dame_de_Strasbourg_-_Southern_side_nave_-_14th_century_stained_glass_windows_on_the_south_side_-_Scenes_from_the_life_of_the_Virgin_and_Christ_07.jpg
Cathédrale_Notre-Dame_de_Strasbourg,25880,21,commons/Gothic_stained_glass_windows_of_Notre-Dame_de_Strasbourg/0/pictures/Cathédrale_Notre-Dame_de_Strasbourg_@_Strasbourg_(43752026280).jpg
Cathédrale_Notre-Dame_de_Strasbourg,25880,21,commons/Rose_window_of_Notre-Dame_de_Strasbourg_(interior_view)/0/pictures/Strasbourg_-_Notre-Dame_de_Strasbourg_-_Southern_side_nave_-_14th_century_stained_glass_windows_on_the_south_side_-_Scenes_from_the_life_of_the_Virgin_and_Christ_16_-_Leica_zoom_lens_details.jpg
Cathédrale_Notre-Dame_de_Strasbourg,25880,21,commons/Stained_glass_windows_(Nave_of_Notre-Dame_de_Strasbourg)/0/pictures/Strasbourg_(Bas-Rhin)_-_Cathédrale_Notre-Dame_-_Verrières_basses_coté_sud_(baie_16)_-_Le_Jugement_dernier.jpg
Cathédrale_Notre-Dame_de_Strasbourg,25880,21,commons/Gothic_stained_glass_windows_of_Notre-Dame_de_Strasbourg/0/pictures/Strasbourg_-_Notre-Dame_de_Strasbourg_-_Southern_side_nave_-_14th_century_stained_glass_windows_on_the_south_side_-_Scenes_from_the_life_of_the_Virgin_and_Christ_09.jpg
Cathédrale_Notre-Dame_de_Strasbourg,25880,21,commons/Gothic_stained_glass_windows_of_Notre-Dame_de_Strasbourg/0/pictures/Strasbourg_-_Notre-Dame_de_Strasbourg_-_Southern_side_nave_-_14th_century_stained_glass_windows_on_the_south_side_-_Scenes_from_the_life_of_the_Virgin_and_Christ_14_-_Leica_zoom_lens_details.jpg
Cathédrale_Notre-Dame_de_Strasbourg,25880,21,commons/Gothic_stained_glass_windows_of_Notre-Dame_de_Strasbourg/0/pictures/StrasbourgCath_BasCoteS_20a.jpg
Cathédrale_Notre-Dame_de_Strasbourg,25880,21,commons/Stained_glass_windows_(Nave_of_Notre-Dame_de_Strasbourg)/0/pictures/Cathédrale_Notre-Dame_de_Strasbourg_@_Strasbourg_(43752026280).jpg
Cathédrale_Notre-Dame_de_Strasbourg,25880,21,commons/Gothic_stained_glass_windows_of_Notre-Dame_de_Strasbourg/0/pictures/Strasbourg_-_Notre-Dame_de_Strasbourg_-_Southern_side_nave_-_14th_century_stained_glass_windows_on_the_south_side_-_Scenes_from_the_life_of_the_Virgin_and_Christ_16_-_Leica_zoom_lens_details.jpg
Cathédrale_Notre-Dame_de_Strasbourg,25880,21,commons/Gothic_stained_glass_windows_of_Notre-Dame_de_Strasbourg/0/pictures/StrasbourgCath_BasCoteS_17a.jpg
Cathédrale_Notre-Dame_de_Strasbourg,25880,22,commons/Statues_of_Notre-Dame_de_Strasbourg_(Inside)/0/pictures/Strasbourg_-_Notre-Dame_de_Strasbourg_-_Northern_side_nave_-_Late_Gothic_Chapelle_Saint-Laurent_1495-1505_by_Jakob_von_Landshut_(1450-1509)_07.jpg
Cathédrale_Notre-Dame_de_Strasbourg,25880,22,commons/Statues_of_Notre-Dame_de_Strasbourg_(Inside)/0/pictures/Strasbourg_-_Notre-Dame_de_Strasbourg_-_Northern_side_nave_-_Late_Gothic_Chapelle_Saint-Laurent_1495-1505_by_Jakob_von_Landshut_(1450-1509)_05.jpg
Cathédrale_Notre-Dame_de_Strasbourg,25880,22,commons/Statues_of_Notre-Dame_de_Strasbourg_(Inside)/0/pictures/Strasbourg_-_Notre-Dame_de_Strasbourg_-_Northern_side_nave_-_Late_Gothic_Chapelle_Saint-Laurent_1495-1505_by_Jakob_von_Landshut_(1450-1509)_01.jpg
Cathédrale_Notre-Dame_de_Strasbourg,25880,22,commons/Interior_of_Notre-Dame_de_Strasbourg/0/pictures/Cathédrale_Notre-Dame_de_Strasbourg_@_Strasbourg_(44844624244).jpg
Cathédrale_Notre-Dame_de_Strasbourg,25880,22,commons/Interior_of_Chapelle_Saint-Laurent_(Notre-Dame_de_Strasbourg)/0/pictures/Strasbourg_-_Notre-Dame_de_Strasbourg_-_Northern_side_nave_-_Late_Gothic_Chapelle_Saint-Laurent_1495-1505_by_Jakob_von_Landshut_(1450-1509)_07.jpg
Cathédrale_Notre-Dame_de_Strasbourg,25880,22,commons/Interior_of_Chapelle_Saint-Laurent_(Notre-Dame_de_Strasbourg)/0/pictures/Strasbourg_Cathedral_Stained_Glass.jpg
Cathédrale_Notre-Dame_de_Strasbourg,25880,22,"commons/Gothic_stained_glass_windows_of_Notre-Dame_de_Strasbourg/0/pictures/Chapelle_Saint-Laurent,_Cathédrale_de_Strasbourg.jpg"
Cathédrale_Notre-Dame_de_Strasbourg,25880,22,commons/Interior_of_Chapelle_Saint-Laurent_(Notre-Dame_de_Strasbourg)/0/pictures/Strasbourg_-_Notre-Dame_de_Strasbourg_-_Northern_side_nave_-_Late_Gothic_Chapelle_Saint-Laurent_1495-1505_by_Jakob_von_Landshut_(1450-1509)_01.jpg
Cathédrale_Notre-Dame_de_Strasbourg,25880,22,commons/Gothic_stained_glass_windows_of_Notre-Dame_de_Strasbourg/0/pictures/Strasbourg_-_Notre-Dame_de_Strasbourg_-_Northern_side_nave_-_Late_Gothic_Chapelle_Saint-Laurent_1495-1505_by_Jakob_von_Landshut_(1450-1509)_01.jpg
Cathédrale_Notre-Dame_de_Strasbourg,25880,22,commons/Interior_of_Chapelle_Saint-Laurent_(Notre-Dame_de_Strasbourg)/0/pictures/Strasbourg_-_Notre-Dame_de_Strasbourg_-_Northern_side_nave_-_Late_Gothic_Chapelle_Saint-Laurent_1495-1505_by_Jakob_von_Landshut_(1450-1509)_02.jpg
Cathédrale_Notre-Dame_de_Strasbourg,25880,22,commons/Gothic_stained_glass_windows_of_Notre-Dame_de_Strasbourg/0/pictures/Strasbourg_-_Notre-Dame_de_Strasbourg_-_Northern_side_nave_-_Late_Gothic_Chapelle_Saint-Laurent_1495-1505_by_Jakob_von_Landshut_(1450-1509)_02.jpg
Cathédrale_Notre-Dame_de_Strasbourg,25880,22,"commons/Interior_of_Chapelle_Saint-Laurent_(Notre-Dame_de_Strasbourg)/0/pictures/Chapelle_Saint-Laurent,_Cathédrale_de_Strasbourg.jpg"
Cathédrale_Notre-Dame_de_Strasbourg,25880,22,commons/Interior_of_Chapelle_Saint-Laurent_(Notre-Dame_de_Strasbourg)/0/pictures/Strasbourg_-_Notre-Dame_de_Strasbourg_-_Northern_side_nave_-_Late_Gothic_Chapelle_Saint-Laurent_1495-1505_by_Jakob_von_Landshut_(1450-1509)_06.jpg
Cathédrale_Notre-Dame_de_Strasbourg,25880,22,commons/Gothic_stained_glass_windows_of_Notre-Dame_de_Strasbourg/0/pictures/Strasbourg_-_Notre-Dame_de_Strasbourg_-_Northern_side_nave_-_Late_Gothic_Chapelle_Saint-Laurent_1495-1505_by_Jakob_von_Landshut_(1450-1509)_05.jpg
Cathédrale_Notre-Dame_de_Strasbourg,25880,22,commons/Gothic_stained_glass_windows_of_Notre-Dame_de_Strasbourg/0/pictures/Strasbourg_-_Notre-Dame_de_Strasbourg_-_Northern_side_nave_-_Late_Gothic_Chapelle_Saint-Laurent_1495-1505_by_Jakob_von_Landshut_(1450-1509)_07.jpg
Cathédrale_Notre-Dame_de_Strasbourg,25880,22,commons/Gothic_stained_glass_windows_of_Notre-Dame_de_Strasbourg/0/pictures/Strasbourg_-_Notre-Dame_de_Strasbourg_-_Northern_side_nave_-_Late_Gothic_Chapelle_Saint-Laurent_1495-1505_by_Jakob_von_Landshut_(1450-1509)_06.jpg
Cathédrale_Notre-Dame_de_Strasbourg,25880,22,commons/Interior_of_Chapelle_Saint-Laurent_(Notre-Dame_de_Strasbourg)/0/pictures/2021-03-27_13-27-45_strasbourg.jpg
Cathédrale_Notre-Dame_de_Strasbourg,25880,22,commons/Gothic_stained_glass_windows_of_Notre-Dame_de_Strasbourg/0/pictures/Strasbourg_Cathedral_Stained_Glass.jpg
Cathédrale_Notre-Dame_de_Strasbourg,25880,22,commons/Interior_of_Chapelle_Saint-Laurent_(Notre-Dame_de_Strasbourg)/0/pictures/Strasbourg_-_Notre-Dame_de_Strasbourg_-_Northern_side_nave_-_Late_Gothic_Chapelle_Saint-Laurent_1495-1505_by_Jakob_von_Landshut_(1450-1509)_05.jpg
Cathédrale_Notre-Dame_de_Strasbourg,25880,23,commons/Stained_glass_windows_(Nave_of_Notre-Dame_de_Strasbourg)/0/pictures/Strasbourg_Cathédrale_vitrail_bas-côté_sud.jpg
Cathédrale_Notre-Dame_de_Strasbourg,25880,23,commons/Stained_glass_windows_(Nave_of_Notre-Dame_de_Strasbourg)/0/pictures/Strasbourg_-_Cathedral_-_View_SE.jpg
Cathédrale_Notre-Dame_de_Strasbourg,25880,23,"commons/Stained_glass_windows_(Nave_of_Notre-Dame_de_Strasbourg)/0/pictures/Storytelling_stained_glass_inside_the_Cathedrale_Notre_Dame,_Strasbourg.jpg"
Cathédrale_Notre-Dame_de_Strasbourg,25880,23,commons/Stained_glass_windows_(Nave_of_Notre-Dame_de_Strasbourg)/0/pictures/PHB_Strasbourg_8023340.jpg
Cathédrale_Notre-Dame_de_Strasbourg,25880,23,"commons/Stained_glass_windows_(Nave_of_Notre-Dame_de_Strasbourg)/0/pictures/France_-_Alsace,_Strasbourg_-_panoramio_(22).jpg"
Cathédrale_Notre-Dame_de_Strasbourg,25880,23,commons/Gothic_stained_glass_windows_of_Notre-Dame_de_Strasbourg/0/pictures/Cathédrale_Notre_Dame_Strasbourg_20200124_035.jpg
Cathédrale_Notre-Dame_de_Strasbourg,25880,23,commons/Gothic_stained_glass_windows_of_Notre-Dame_de_Strasbourg/0/pictures/Strasbourg_-_Notre-Dame_de_Strasbourg_-_Southern_side_nave_-_14th_century_stained_glass_windows_on_the_south_side_-_Scenes_from_the_life_of_the_Virgin_and_Christ_04.jpg
Cathédrale_Notre-Dame_de_Strasbourg,25880,23,"commons/Gothic_stained_glass_windows_of_Notre-Dame_de_Strasbourg/0/pictures/France_-_Alsace,_Strasbourg_-_panoramio_(22).jpg"
Cathédrale_Notre-Dame_de_Strasbourg,25880,23,commons/Stained_glass_windows_(Nave_of_Notre-Dame_de_Strasbourg)/0/pictures/Cathédrale_Notre_Dame_Strasbourg_20200124_035.jpg
Cathédrale_Notre-Dame_de_Strasbourg,25880,23,commons/Gothic_stained_glass_windows_of_Notre-Dame_de_Strasbourg/0/pictures/PHB_Strasbourg_8023340.jpg
Cathédrale_Notre-Dame_de_Strasbourg,25880,23,"commons/Gothic_stained_glass_windows_of_Notre-Dame_de_Strasbourg/0/pictures/Storytelling_stained_glass_inside_the_Cathedrale_Notre_Dame,_Strasbourg.jpg"
Cathédrale_Notre-Dame_de_Strasbourg,25880,23,commons/Gothic_stained_glass_windows_of_Notre-Dame_de_Strasbourg/0/pictures/Strasbourg_Cathédrale_vitrail_bas-côté_sud.jpg
Cathédrale_Notre-Dame_de_Strasbourg,25880,23,commons/Stained_glass_windows_(Nave_of_Notre-Dame_de_Strasbourg)/0/pictures/Strasbourg_-_Notre-Dame_de_Strasbourg_-_Southern_side_nave_-_14th_century_stained_glass_windows_on_the_south_side_-_Scenes_from_the_life_of_the_Virgin_and_Christ_04.jpg
Cathédrale_Notre-Dame_de_Strasbourg,25880,23,commons/Gothic_stained_glass_windows_of_Notre-Dame_de_Strasbourg/0/pictures/Cathédrale_Notre_Dame_Strasbourg_20200124_034.jpg
Cathédrale_Notre-Dame_de_Strasbourg,25880,23,commons/Stained_glass_windows_(Nave_of_Notre-Dame_de_Strasbourg)/0/pictures/Cathédrale_Notre-Dame_de_Strasbourg_@_Strasbourg_(44844630424).jpg
Cathédrale_Notre-Dame_de_Strasbourg,25880,23,commons/Gothic_stained_glass_windows_of_Notre-Dame_de_Strasbourg/0/pictures/Strasbourg_-_Notre-Dame_de_Strasbourg_-_Southern_side_nave_-_14th_century_stained_glass_windows_on_the_south_side_-_Scenes_from_the_life_of_the_Virgin_and_Christ_03.jpg
Cathédrale_Notre-Dame_de_Strasbourg,25880,23,commons/Gothic_stained_glass_windows_of_Notre-Dame_de_Strasbourg/0/pictures/Cathédrale_Notre-Dame_de_Strasbourg_@_Strasbourg_(44844630424).jpg
Cathédrale_Notre-Dame_de_Strasbourg,25880,23,commons/Gothic_stained_glass_windows_of_Notre-Dame_de_Strasbourg/0/pictures/Straßburg_Cathédrale_Notre-Dame_Innen_Langhaus_1.jpg
Cathédrale_Notre-Dame_de_Strasbourg,25880,23,commons/Stained_glass_windows_(Nave_of_Notre-Dame_de_Strasbourg)/0/pictures/Strasbourg_-_Notre-Dame_de_Strasbourg_-_Southern_side_nave_-_14th_century_stained_glass_windows_on_the_south_side_-_Scenes_from_the_life_of_the_Virgin_and_Christ_03.jpg
Cathédrale_Notre-Dame_de_Strasbourg,25880,23,commons/Stained_glass_windows_(Nave_of_Notre-Dame_de_Strasbourg)/0/pictures/Cathédrale_Notre_Dame_Strasbourg_20200124_034.jpg
Cathédrale_Notre-Dame_de_Strasbourg,25880,24,commons/Ten_virgins_of_Notre-Dame_de_Strasbourg_(Musée_de_l'Œuvre)/0/pictures/StrasbourgMuséeOeuvreNotreDameStatuesCathédrale_(2).JPG
Cathédrale_Notre-Dame_de_Strasbourg,25880,24,commons/Ten_virgins_of_Notre-Dame_de_Strasbourg_(Musée_de_l'Œuvre)/0/pictures/MOND_-_Salle_du_jubé_de_Notre-Dame.jpg
Cathédrale_Notre-Dame_de_Strasbourg,25880,24,"commons/Ten_virgins_of_Notre-Dame_de_Strasbourg_(Musée_de_l'Œuvre)/0/pictures/Interior_of_Musée_de_l'Oeuvre_Notre-Dame,_Strasbourg_(7).jpg"
Cathédrale_Notre-Dame_de_Strasbourg,25880,24,commons/Statues_of_Notre-Dame_de_Strasbourg_(Musée_de_l'Œuvre)/0/pictures/Strasbourg_2009_IMG_3880.jpg
Cathédrale_Notre-Dame_de_Strasbourg,25880,24,commons/Statues_of_Notre-Dame_de_Strasbourg_(Musée_de_l'Œuvre)/0/pictures/Strasbourg_2009_IMG_3870.jpg
Cathédrale_Notre-Dame_de_Strasbourg,25880,24,commons/Statues_of_Notre-Dame_de_Strasbourg_(Musée_de_l'Œuvre)/0/pictures/Strasbourg_2009_IMG_3875.jpg
Cathédrale_Notre-Dame_de_Strasbourg,25880,24,commons/Statues_of_Notre-Dame_de_Strasbourg_(Musée_de_l'Œuvre)/0/pictures/Strasbourg_2009_IMG_3860.jpg
Cathédrale_Notre-Dame_de_Strasbourg,25880,24,commons/Statues_of_Notre-Dame_de_Strasbourg_(Musée_de_l'Œuvre)/0/pictures/Strasbourg_2009_IMG_3859.jpg
Cathédrale_Notre-Dame_de_Strasbourg,25880,24,commons/Statues_of_Notre-Dame_de_Strasbourg_(Musée_de_l'Œuvre)/0/pictures/Strasbourg_2009_IMG_3858.jpg
Cathédrale_Notre-Dame_de_Strasbourg,25880,24,commons/Statues_of_Notre-Dame_de_Strasbourg_(Musée_de_l'Œuvre)/0/pictures/Strasbourg_-_2016_(29355191313).jpg
Cathédrale_Notre-Dame_de_Strasbourg,25880,24,commons/Statues_of_Notre-Dame_de_Strasbourg_(Musée_de_l'Œuvre)/0/pictures/StrasbourgMuséeOeuvreNotreDameStatuesCathédrale_(2).JPG
Cathédrale_Notre-Dame_de_Strasbourg,25880,24,commons/Statues_of_Notre-Dame_de_Strasbourg_(Musée_de_l'Œuvre)/0/pictures/MOND_-_Salle_du_jubé_de_Notre-Dame.jpg
Cathédrale_Notre-Dame_de_Strasbourg,25880,24,"commons/Ecclesia_and_Synagoga_of_Strasbourg_Cathedral_(Musée_de_l'Œuvre)/0/pictures/Interior_of_Musée_de_l'Oeuvre_Notre-Dame,_Strasbourg_(7).jpg"
Cathédrale_Notre-Dame_de_Strasbourg,25880,24,commons/Wimperg_of_Notre-Dame_de_Strasbourg_(Musée_de_l'Œuvre)/0/pictures/Strasbourg_2009_IMG_3860.jpg
Cathédrale_Notre-Dame_de_Strasbourg,25880,24,commons/Statues_of_Notre-Dame_de_Strasbourg_(Musée_de_l'Œuvre)/0/pictures/Strasbourg_(Bas-Rhin)_-_Musée_de_l'Œuvre_Notre-Dame_-_52431529128.jpg
Cathédrale_Notre-Dame_de_Strasbourg,25880,24,commons/Ecclesia_and_Synagoga_of_Strasbourg_Cathedral_(Musée_de_l'Œuvre)/0/pictures/Strasbourg_-_2016_(29947715086).jpg
Cathédrale_Notre-Dame_de_Strasbourg,25880,24,commons/Ecclesia_and_Synagoga_of_Strasbourg_Cathedral_(Musée_de_l'Œuvre)/0/pictures/Ecclesia_and_Synagoga_05.jpg
Cathédrale_Notre-Dame_de_Strasbourg,25880,24,commons/Wimperg_of_Notre-Dame_de_Strasbourg_(Musée_de_l'Œuvre)/0/pictures/Strasbourg_2009_IMG_3864.jpg
Cathédrale_Notre-Dame_de_Strasbourg,25880,24,commons/Ecclesia_and_Synagoga_of_Strasbourg_Cathedral_(Musée_de_l'Œuvre)/0/pictures/Ecclesia_and_Synagoga_03.jpg
Cathédrale_Notre-Dame_de_Strasbourg,25880,24,commons/Ecclesia_and_Synagoga_of_Strasbourg_Cathedral_(Musée_de_l'Œuvre)/0/pictures/Ecclesia_and_Synagoga_04.jpg
Cathédrale_Notre-Dame_de_Strasbourg,25880,24,commons/Wimperg_of_Notre-Dame_de_Strasbourg_(Musée_de_l'Œuvre)/0/pictures/Strasbourg_-_2016_(29355191313).jpg
Cathédrale_Notre-Dame_de_Strasbourg,25880,24,commons/Wimperg_of_Notre-Dame_de_Strasbourg_(Musée_de_l'Œuvre)/0/pictures/MOND_-_Salle_du_jubé_de_Notre-Dame.jpg
Cathédrale_Notre-Dame_de_Strasbourg,25880,24,commons/Wimperg_of_Notre-Dame_de_Strasbourg_(Musée_de_l'Œuvre)/0/pictures/Straßburg_Frauenhausmuseum_-_Westportal_Wimperg_3_Löwen.jpg
Cathédrale_Notre-Dame_de_Strasbourg,25880,24,commons/Ecclesia_and_Synagoga_of_Strasbourg_Cathedral_(Musée_de_l'Œuvre)/0/pictures/Ecclesia_and_Synagoga_08.jpg
Cathédrale_Notre-Dame_de_Strasbourg,25880,24,commons/Wimperg_of_Notre-Dame_de_Strasbourg_(Musée_de_l'Œuvre)/0/pictures/Musee-de-l-Oeuvre-Notre-Dame-Strasbourg-IMG_4022.jpg
Cathédrale_Notre-Dame_de_Strasbourg,25880,24,commons/Wimperg_of_Notre-Dame_de_Strasbourg_(Musée_de_l'Œuvre)/0/pictures/Strasbourg_2009_IMG_3881.jpg
Cathédrale_Notre-Dame_de_Strasbourg,25880,24,commons/Wimperg_of_Notre-Dame_de_Strasbourg_(Musée_de_l'Œuvre)/0/pictures/Gâble_du_portail_central-Musée_de_l'Oeuvre_Notre-Dame.jpg
Cathédrale_Notre-Dame_de_Strasbourg,25880,24,"commons/Ecclesia_and_Synagoga_of_Strasbourg_Cathedral_(Musée_de_l'Œuvre)/0/pictures/L'Église_et_la_Synagogue_(musée_de_l'Oeuvre_Notre-Dame,_Strasbourg)_(36139926335).jpg"
Cathédrale_Notre-Dame_de_Strasbourg,25880,24,commons/Wimperg_of_Notre-Dame_de_Strasbourg_(Musée_de_l'Œuvre)/0/pictures/Collections_of_Musée_de_l'Œuvre_Notre-Dame_de_Strasbourg_07.JPG
Cathédrale_Notre-Dame_de_Strasbourg,25880,24,commons/Statues_of_Notre-Dame_de_Strasbourg_(Musée_de_l'Œuvre)/0/pictures/Collections_of_Musée_de_l'Œuvre_Notre-Dame_de_Strasbourg_06.JPG
Cathédrale_Notre-Dame_de_Strasbourg,25880,24,commons/Wimperg_of_Notre-Dame_de_Strasbourg_(Musée_de_l'Œuvre)/0/pictures/StrasbourgMuséeOeuvreNotreDameStatuesCathédrale_(2).JPG
Cathédrale_Notre-Dame_de_Strasbourg,25880,24,commons/Ecclesia_and_Synagoga_of_Strasbourg_Cathedral_(Musée_de_l'Œuvre)/0/pictures/Ecclesia_and_Synagoga_07.jpg
Cathédrale_Notre-Dame_de_Strasbourg,25880,24,"commons/Statues_of_Notre-Dame_de_Strasbourg_(Musée_de_l'Œuvre)/0/pictures/Interior_of_Musée_de_l'Oeuvre_Notre-Dame,_Strasbourg_(7).jpg"
Cathédrale_Notre-Dame_de_Strasbourg,25880,24,commons/Wimperg_of_Notre-Dame_de_Strasbourg_(Musée_de_l'Œuvre)/0/pictures/Strasbourg_2009_IMG_3880.jpg
Cathédrale_Notre-Dame_de_Strasbourg,25880,24,commons/Ecclesia_and_Synagoga_of_Strasbourg_Cathedral_(Musée_de_l'Œuvre)/0/pictures/MOND_-_Salle_du_jubé_de_Notre-Dame.jpg
Cathédrale_Notre-Dame_de_Strasbourg,25880,24,commons/Le_Tentateur_of_Strasbourg_Cathedral_(Musée_de_l'Œuvre)/0/pictures/MOND_-_Salle_du_jubé_de_Notre-Dame.jpg
Cathédrale_Notre-Dame_de_Strasbourg,25880,24,"commons/Ecclesia_and_Synagoga_of_Strasbourg_Cathedral_(Musée_de_l'Œuvre)/0/pictures/Statue_""L'Église""_de_la_Cathédrale_de_Strasbourg,_original_gothique_conservé_au_Musée_de_l'Oeuvre_Notre-Dame.jpg"
Cathédrale_Notre-Dame_de_Strasbourg,25880,24,commons/Ecclesia_and_Synagoga_of_Strasbourg_Cathedral_(Musée_de_l'Œuvre)/0/pictures/Strasbourg_-_2016_(29355191313).jpg
Cathédrale_Notre-Dame_de_Strasbourg,25880,24,commons/Ecclesia_and_Synagoga_of_Strasbourg_Cathedral_(Musée_de_l'Œuvre)/0/pictures/Strasbourg_-_2016_(29981852495).jpg
Cathédrale_Notre-Dame_de_Strasbourg,25880,24,commons/Ecclesia_and_Synagoga_of_Strasbourg_Cathedral_(Musée_de_l'Œuvre)/0/pictures/Strasbourg_(Bas-Rhin)_-_Musée_de_l'Œuvre_Notre-Dame_-_L'Église_et_la_Synagogue.jpg
Cathédrale_Notre-Dame_de_Strasbourg,25880,24,"commons/Ecclesia_and_Synagoga_of_Strasbourg_Cathedral_(Musée_de_l'Œuvre)/0/pictures/Statues_'L'Église'_et_'La_Synagogue'_de_la_Cathédrale_de_Strasbourg,_original_gothique_conservé_au_Musée_de_l'Oeuvre_Notre-Dame.JPG"
Cathédrale_Notre-Dame_de_Strasbourg,25880,24,"commons/Ecclesia_and_Synagoga_of_Strasbourg_Cathedral_(Musée_de_l'Œuvre)/0/pictures/Statues_'L'Église'_et_'La_Synagogue'_de_la_Cathédrale_de_Strasbourg,_original_gothique_conservé_au_Musée_de_l'Oeuvre_Notre-Dame-2.jpg"
Cathédrale_Notre-Dame_de_Strasbourg,25880,24,commons/Ecclesia_and_Synagoga_of_Strasbourg_Cathedral_(Musée_de_l'Œuvre)/0/pictures/Straßburg_Frauenhausmuseum_-_Ekklesia_1.jpg
Cathédrale_Notre-Dame_de_Strasbourg,25880,24,commons/Ecclesia_and_Synagoga_of_Strasbourg_Cathedral_(Musée_de_l'Œuvre)/0/pictures/Straßburg_Frauenhausmuseum_-_Ekklesia_2.jpg
Cathédrale_Notre-Dame_de_Strasbourg,25880,25,commons/Gothic_stained_glass_windows_of_Notre-Dame_de_Strasbourg/0/pictures/Strasbourg_(Bas-Rhin)_-_Cathédrale_Notre-Dame_-_Verrières_basses_coté_sud_(baie_16)_-_Le_Jugement_dernier_-_52188348910.jpg
Cathédrale_Notre-Dame_de_Strasbourg,25880,25,commons/Gothic_stained_glass_windows_of_Notre-Dame_de_Strasbourg/0/pictures/Strasbourg_(Bas-Rhin)_-_Cathédrale_Notre-Dame_-_Verrières_basses_coté_sud_(baie_16)_-_Le_Jugement_dernier.jpg
Cathédrale_Notre-Dame_de_Strasbourg,25880,25,commons/Gothic_stained_glass_windows_of_Notre-Dame_de_Strasbourg/0/pictures/Strasbourg_-_Notre-Dame_de_Strasbourg_-_Southern_side_nave_-_14th_century_stained_glass_windows_on_the_south_side_-_Scenes_from_the_life_of_the_Virgin_and_Christ_16_-_Leica_zoom_lens_details.jpg
Cathédrale_Notre-Dame_de_Strasbourg,25880,25,commons/Rose_window_of_Notre-Dame_de_Strasbourg_(interior_view)/0/pictures/Strasbourg_-_Notre-Dame_de_Strasbourg_-_Southern_side_nave_-_14th_century_stained_glass_windows_on_the_south_side_-_Scenes_from_the_life_of_the_Virgin_and_Christ_16_-_Leica_zoom_lens_details.jpg
Cathédrale_Notre-Dame_de_Strasbourg,25880,25,commons/Stained_glass_windows_(Nave_of_Notre-Dame_de_Strasbourg)/0/pictures/Strasbourg_-_Notre-Dame_de_Strasbourg_-_Southern_side_nave_-_14th_century_stained_glass_windows_on_the_south_side_-_Scenes_from_the_life_of_the_Virgin_and_Christ_17_-_Leica_zoom_lens_details.jpg
Cathédrale_Notre-Dame_de_Strasbourg,25880,25,commons/Gothic_stained_glass_windows_of_Notre-Dame_de_Strasbourg/0/pictures/StrasbourgCath_BasCoteS_21a.jpg
Cathédrale_Notre-Dame_de_Strasbourg,25880,25,commons/Stained_glass_windows_(Nave_of_Notre-Dame_de_Strasbourg)/0/pictures/Strasbourg_-_Notre-Dame_de_Strasbourg_-_Southern_side_nave_-_14th_century_stained_glass_windows_on_the_south_side_-_Scenes_from_the_life_of_the_Virgin_and_Christ_16_-_Leica_zoom_lens_details.jpg
Cathédrale_Notre-Dame_de_Strasbourg,25880,25,commons/Gothic_stained_glass_windows_of_Notre-Dame_de_Strasbourg/0/pictures/Strasbourg_-_Notre-Dame_de_Strasbourg_-_Southern_side_nave_-_14th_century_stained_glass_windows_on_the_south_side_-_Scenes_from_the_life_of_the_Virgin_and_Christ_10.jpg
Cathédrale_Notre-Dame_de_Strasbourg,25880,25,commons/Rose_window_of_Notre-Dame_de_Strasbourg_(interior_view)/0/pictures/Strasbourg_-_Notre-Dame_de_Strasbourg_-_Southern_side_nave_-_14th_century_stained_glass_windows_on_the_south_side_-_Scenes_from_the_life_of_the_Virgin_and_Christ_17_-_Leica_zoom_lens_details.jpg
Cathédrale_Notre-Dame_de_Strasbourg,25880,25,commons/Stained_glass_windows_(Nave_of_Notre-Dame_de_Strasbourg)/0/pictures/Strasbourg_(Bas-Rhin)_-_Cathédrale_Notre-Dame_-_Verrières_basses_coté_sud_(baie_16)_-_Le_Jugement_dernier_-_52188348910.jpg
Cathédrale_Notre-Dame_de_Strasbourg,25880,25,commons/Stained_glass_windows_(Nave_of_Notre-Dame_de_Strasbourg)/0/pictures/StrasbourgCath_BasCoteS_21a.jpg
Cathédrale_Notre-Dame_de_Strasbourg,25880,25,commons/Stained_glass_windows_(Nave_of_Notre-Dame_de_Strasbourg)/0/pictures/Strasbourg_(Bas-Rhin)_-_Cathédrale_Notre-Dame_-_Verrières_basses_coté_sud_(baie_16)_-_Le_Jugement_dernier.jpg
Cathédrale_Notre-Dame_de_Strasbourg,25880,25,commons/Gothic_stained_glass_windows_of_Notre-Dame_de_Strasbourg/0/pictures/Strasbourg_-_Notre-Dame_de_Strasbourg_-_Southern_side_nave_-_14th_century_stained_glass_windows_on_the_south_side_-_Scenes_from_the_life_of_the_Virgin_and_Christ_17_-_Leica_zoom_lens_details.jpg
Cathédrale_Notre-Dame_de_Strasbourg,25880,25,commons/Stained_glass_windows_(Nave_of_Notre-Dame_de_Strasbourg)/0/pictures/Strasbourg_-_Notre-Dame_de_Strasbourg_-_Southern_side_nave_-_14th_century_stained_glass_windows_on_the_south_side_-_Scenes_from_the_life_of_the_Virgin_and_Christ_10.jpg
Cathédrale_Notre-Dame_de_Strasbourg,25880,26,commons/Stained_glass_windows_of_Notre-Dame_de_Strasbourg/0/pictures/Straßburg_Cathédrale_Notre-Dame_Innen_Chor_3.jpg
Cathédrale_Notre-Dame_de_Strasbourg,25880,26,commons/Stained_glass_windows_of_Notre-Dame_de_Strasbourg/0/pictures/StrasbourgCath_Choeur_03.JPG
Cathédrale_Notre-Dame_de_Strasbourg,25880,26,commons/Dome_of_Notre-Dame_de_Strasbourg/0/pictures/Strasbourg_Cathedral_crossing_dome_and_apse.jpg
Cathédrale_Notre-Dame_de_Strasbourg,25880,26,commons/Choir_(architecture)_of_Notre-Dame_de_Strasbourg/0/pictures/Straßburg_im_Sommer_2013_(9982644405).jpg
Cathédrale_Notre-Dame_de_Strasbourg,25880,26,commons/Choir_(architecture)_of_Notre-Dame_de_Strasbourg/0/pictures/Straßburg_Cathédrale_Notre-Dame_Innen_Chor_3.jpg
Cathédrale_Notre-Dame_de_Strasbourg,25880,26,commons/Dome_of_Notre-Dame_de_Strasbourg/0/pictures/Cathédrale_Notre-Dame_de_Strasbourg_@_Strasbourg_(45519127442).jpg
Cathédrale_Notre-Dame_de_Strasbourg,25880,26,commons/Choir_(architecture)_of_Notre-Dame_de_Strasbourg/0/pictures/Straßburg_Cathédrale_Notre-Dame_Innen_Chor_1.jpg
Cathédrale_Notre-Dame_de_Strasbourg,25880,26,commons/Choir_(architecture)_of_Notre-Dame_de_Strasbourg/0/pictures/Cathédrale_Notre-Dame_de_Strasbourg_@_Strasbourg_(45569510041).jpg
Cathédrale_Notre-Dame_de_Strasbourg,25880,26,commons/Choir_(architecture)_of_Notre-Dame_de_Strasbourg/0/pictures/Straßburg_Cathédrale_Notre-Dame_Innen_Chor_4.jpg
Cathédrale_Notre-Dame_de_Strasbourg,25880,26,commons/Choir_(architecture)_of_Notre-Dame_de_Strasbourg/0/pictures/Straßburg_Cathédrale_Notre-Dame_Innen_Chor_6.jpg
Cathédrale_Notre-Dame_de_Strasbourg,25880,26,commons/Choir_(architecture)_of_Notre-Dame_de_Strasbourg/0/pictures/Cathédrale_Notre_Dame_Strasbourg_20200124_032.jpg
Cathédrale_Notre-Dame_de_Strasbourg,25880,26,commons/Choir_(architecture)_of_Notre-Dame_de_Strasbourg/0/pictures/Choeur_(architecture)_de_la_cathédrale_de_Strasbourg.jpg
Cathédrale_Notre-Dame_de_Strasbourg,25880,26,commons/Strasbourg_Cathedral_choir_organ/0/pictures/Choeur_(architecture)_de_la_cathédrale_de_Strasbourg.jpg
Cathédrale_Notre-Dame_de_Strasbourg,25880,26,commons/Stained_glass_windows_of_Notre-Dame_de_Strasbourg/0/pictures/Straßburg_Cathédrale_Notre-Dame_Innen_Chor_6.jpg
Cathédrale_Notre-Dame_de_Strasbourg,25880,26,"commons/Choir_(architecture)_of_Notre-Dame_de_Strasbourg/0/pictures/Cathédrale_de_Strasbourg,_le_chœur_roman.jpg"
Cathédrale_Notre-Dame_de_Strasbourg,25880,26,commons/Choir_(architecture)_of_Notre-Dame_de_Strasbourg/0/pictures/Cathédrale_de_Strasbourg_11_(9389430323).jpg
Cathédrale_Notre-Dame_de_Strasbourg,25880,26,commons/Choir_(architecture)_of_Notre-Dame_de_Strasbourg/0/pictures/Cathédrale_de_Strasbourg_13_(9389458163).jpg
Cathédrale_Notre-Dame_de_Strasbourg,25880,26,commons/Choir_(architecture)_of_Notre-Dame_de_Strasbourg/0/pictures/La_Cathédrale_Notre_Dame_de_Strasbourg.JPG
Cathédrale_Notre-Dame_de_Strasbourg,25880,26,commons/Choir_(architecture)_of_Notre-Dame_de_Strasbourg/0/pictures/Strasbourg_Cathedral_-_panoramio_(12).jpg
Cathédrale_Notre-Dame_de_Strasbourg,25880,26,commons/Choir_(architecture)_of_Notre-Dame_de_Strasbourg/0/pictures/StrasbourgCath_Choeur_03.JPG
Cathédrale_Notre-Dame_de_Strasbourg,25880,26,commons/Strasbourg_Cathedral_choir_organ/0/pictures/Cathédrale_Notre-Dame_de_Strasbourg_@_Strasbourg_(45569510041).jpg
Cathédrale_Notre-Dame_de_Strasbourg,25880,26,commons/Stained_glass_windows_of_Notre-Dame_de_Strasbourg/0/pictures/Straßburg_Münster_2009-003.jpg
Cathédrale_Notre-Dame_de_Strasbourg,25880,26,commons/Choir_(architecture)_of_Notre-Dame_de_Strasbourg/0/pictures/Cathédrale_Notre-Dame_de_Strasbourg_@_Strasbourg_(45519127442).jpg
Cathédrale_Notre-Dame_de_Strasbourg,25880,26,commons/Choir_(architecture)_of_Notre-Dame_de_Strasbourg/0/pictures/Strasbourg_Cathédrale_interieur_(4).jpg
Cathédrale_Notre-Dame_de_Strasbourg,25880,26,commons/Choir_(architecture)_of_Notre-Dame_de_Strasbourg/0/pictures/Straßburg_Münster_2009-003.jpg
Cathédrale_Notre-Dame_de_Strasbourg,25880,26,commons/Choir_(architecture)_of_Notre-Dame_de_Strasbourg/0/pictures/Strasbourg_Cathedral_crossing_dome_and_apse.jpg
Cathédrale_Notre-Dame_de_Strasbourg,25880,27,commons/Nave_of_Notre-Dame_de_Strasbourg/0/pictures/Strasbourg.cathédrale.effet_de_lumière.jpg
Cathédrale_Notre-Dame_de_Strasbourg,25880,27,commons/Nave_of_Notre-Dame_de_Strasbourg/0/pictures/Strasbourg_Cathédrale_interieur_(2).jpg
Cathédrale_Notre-Dame_de_Strasbourg,25880,27,commons/Nave_of_Notre-Dame_de_Strasbourg/0/pictures/Strasbourg_Cathedral_in_July_2022_19.jpg
Cathédrale_Notre-Dame_de_Strasbourg,25880,27,commons/Nave_of_Notre-Dame_de_Strasbourg/0/pictures/Strasbourg_Cathedral_-_panoramio_(5).jpg
Cathédrale_Notre-Dame_de_Strasbourg,25880,27,commons/Nave_of_Notre-Dame_de_Strasbourg/0/pictures/Strasbourg_Cathedral_-_panoramio.jpg
Cathédrale_Notre-Dame_de_Strasbourg,25880,27,commons/Nave_of_Notre-Dame_de_Strasbourg/0/pictures/Straßburg_Cathédrale_Notre-Dame_Innen_Langhaus.JPG
Cathédrale_Notre-Dame_de_Strasbourg,25880,27,commons/Nave_of_Notre-Dame_de_Strasbourg/0/pictures/00_1006_Strasbourg_-_La_Cathédrale_Notre-Dame.jpg
Cathédrale_Notre-Dame_de_Strasbourg,25880,27,commons/Nave_of_Notre-Dame_de_Strasbourg/0/pictures/Cathédrale_Notre-Dame_(5938240016).jpg
Cathédrale_Notre-Dame_de_Strasbourg,25880,27,commons/Nave_of_Notre-Dame_de_Strasbourg/0/pictures/Strasbourg_Cathédrale_interieur_(1).jpg
Cathédrale_Notre-Dame_de_Strasbourg,25880,27,commons/Nave_of_Notre-Dame_de_Strasbourg/0/pictures/Cathédrale_Notre-Dame_de_Strasbourg_@_Strasbourg_(31697059128).jpg
Cathédrale_Notre-Dame_de_Strasbourg,25880,27,commons/Strasbourg_Cathedral_organ/0/pictures/Cathédrale_Notre-Dame_de_Strasbourg_@_Strasbourg_(43752051040).jpg
Cathédrale_Notre-Dame_de_Strasbourg,25880,27,commons/Nave_of_Notre-Dame_de_Strasbourg/0/pictures/Strasbourg_Cathedral_-_panoramio_(2).jpg
Cathédrale_Notre-Dame_de_Strasbourg,25880,27,commons/Nave_of_Notre-Dame_de_Strasbourg/0/pictures/Cathédrale_Notre-Dame_de_Strasbourg_@_Strasbourg_(43752051040).jpg
Cathédrale_Notre-Dame_de_Strasbourg,25880,27,commons/Nave_of_Notre-Dame_de_Strasbourg/0/pictures/Nave_of_Notre-Dame_de_Strasbourg_interior_02.jpg
Cathédrale_Notre-Dame_de_Strasbourg,25880,27,commons/Nave_of_Notre-Dame_de_Strasbourg/0/pictures/Cathédrale_Notre-Dame_de_Strasbourg._Nave_1.jpg
Cathédrale_Notre-Dame_de_Strasbourg,25880,27,commons/Nave_of_Notre-Dame_de_Strasbourg/0/pictures/L'intérieur_de_la_Cathédrale.jpg
Cathédrale_Notre-Dame_de_Strasbourg,25880,27,commons/Nave_of_Notre-Dame_de_Strasbourg/0/pictures/Notre-Dame_Cathedral_-_Strasbourg_-_France_(5_of_6)_(38557728421).jpg
Cathédrale_Notre-Dame_de_Strasbourg,25880,27,commons/Nave_of_Notre-Dame_de_Strasbourg/0/pictures/Nef_cathédrale_Strasbourg.jpg
Cathédrale_Notre-Dame_de_Strasbourg,25880,27,commons/Nave_of_Notre-Dame_de_Strasbourg/0/pictures/Strasbourg_2009_IMG_3792.jpg
Cathédrale_Notre-Dame_de_Strasbourg,25880,27,commons/Nave_of_Notre-Dame_de_Strasbourg/0/pictures/Nave_of_Notre-Dame_de_Strasbourg_interior_01.jpg
Cathédrale_Notre-Dame_de_Strasbourg,25880,27,commons/Nave_of_Notre-Dame_de_Strasbourg/0/pictures/Strasbourg_Cathedral_(52298547510).jpg
Cathédrale_Notre-Dame_de_Strasbourg,25880,28,commons/Stained_glass_windows_(Nave_of_Notre-Dame_de_Strasbourg)/0/pictures/Strasbourg_-_la_cathédrale_(14209728929).jpg
Cathédrale_Notre-Dame_de_Strasbourg,25880,28,commons/Stained_glass_windows_(Nave_of_Notre-Dame_de_Strasbourg)/0/pictures/Strasbourg_-_Notre-Dame_de_Strasbourg_-_Southern_side_nave_-_14th_century_stained_glass_windows_on_the_south_side_-_Scenes_from_the_life_of_the_Virgin_and_Christ_02.jpg
Cathédrale_Notre-Dame_de_Strasbourg,25880,28,commons/Stained_glass_windows_(Nave_of_Notre-Dame_de_Strasbourg)/0/pictures/Strasbourg_-_Notre-Dame_de_Strasbourg_-_Southern_side_nave_-_14th_century_stained_glass_windows_on_the_south_side_-_Scenes_from_the_life_of_the_Virgin_and_Christ_01.jpg
Cathédrale_Notre-Dame_de_Strasbourg,25880,28,commons/Gothic_stained_glass_windows_of_Notre-Dame_de_Strasbourg/0/pictures/Cathédrale_Notre_Dame_Strasbourg_20200124_034.jpg
Cathédrale_Notre-Dame_de_Strasbourg,25880,28,commons/Gothic_stained_glass_windows_of_Notre-Dame_de_Strasbourg/0/pictures/Cathédrale_Notre_Dame_Strasbourg_20200124_036.jpg
Cathédrale_Notre-Dame_de_Strasbourg,25880,28,commons/Gothic_stained_glass_windows_of_Notre-Dame_de_Strasbourg/0/pictures/Straßburg_Cathédrale_Notre-Dame_Innen_Langhaus_1.jpg
Cathédrale_Notre-Dame_de_Strasbourg,25880,28,commons/Stained_glass_windows_(Nave_of_Notre-Dame_de_Strasbourg)/0/pictures/Straßburg_Cathédrale_Notre-Dame_Innen_Langhaus_1.jpg
Cathédrale_Notre-Dame_de_Strasbourg,25880,28,commons/Stained_glass_windows_(Nave_of_Notre-Dame_de_Strasbourg)/0/pictures/Strasbourg_(Bas-Rhin)_-_Cathédrale_Notre-Dame_-_Verrières_basses_coté_sud_(baie_8)_-_Vie_de_la_Vierge_et_Enfance_du_Christ.jpg
Cathédrale_Notre-Dame_de_Strasbourg,25880,28,commons/Gothic_stained_glass_windows_of_Notre-Dame_de_Strasbourg/0/pictures/Notre-Dame_de_Strasbourg_stained_glass.jpg
Cathédrale_Notre-Dame_de_Strasbourg,25880,28,commons/Gothic_stained_glass_windows_of_Notre-Dame_de_Strasbourg/0/pictures/Strasbourg_(Bas-Rhin)_-_Cathédrale_Notre-Dame_-_Verrières_basses_coté_sud_(baie_8)_-_Vie_de_la_Vierge_et_Enfance_du_Christ.jpg
Cathédrale_Notre-Dame_de_Strasbourg,25880,28,commons/Gothic_stained_glass_windows_of_Notre-Dame_de_Strasbourg/0/pictures/Strasbourg_-_Notre-Dame_de_Strasbourg_-_Southern_side_nave_-_14th_century_stained_glass_windows_on_the_south_side_-_Scenes_from_the_life_of_the_Virgin_and_Christ_01.jpg
Cathédrale_Notre-Dame_de_Strasbourg,25880,28,commons/Stained_glass_windows_(Nave_of_Notre-Dame_de_Strasbourg)/0/pictures/Notre-Dame_de_Strasbourg_stained_glass.jpg
Cathédrale_Notre-Dame_de_Strasbourg,25880,28,commons/Gothic_stained_glass_windows_of_Notre-Dame_de_Strasbourg/0/pictures/Strasbourg_-_la_cathédrale_(14209728929).jpg
Cathédrale_Notre-Dame_de_Strasbourg,25880,28,commons/Nave_of_Notre-Dame_de_Strasbourg/0/pictures/Straßburg_Cathédrale_Notre-Dame_Innen_Langhaus_1.jpg
Cathédrale_Notre-Dame_de_Strasbourg,25880,28,commons/Stained_glass_windows_(Nave_of_Notre-Dame_de_Strasbourg)/0/pictures/Cathédrale_Notre_Dame_Strasbourg_20200124_034.jpg
Cathédrale_Notre-Dame_de_Strasbourg,25880,28,commons/Gothic_stained_glass_windows_of_Notre-Dame_de_Strasbourg/0/pictures/Strasbourg_-_Notre-Dame_de_Strasbourg_-_Southern_side_nave_-_14th_century_stained_glass_windows_on_the_south_side_-_Scenes_from_the_life_of_the_Virgin_and_Christ_02.jpg
Cathédrale_Notre-Dame_de_Strasbourg,25880,28,commons/Stained_glass_windows_(Nave_of_Notre-Dame_de_Strasbourg)/0/pictures/Cathédrale_Notre_Dame_Strasbourg_20200124_036.jpg
Cathédrale_Notre-Dame_de_Strasbourg,25880,29,commons/Strasbourg_Cathedral_organ/0/pictures/Cathédrale_de_Strasbourg_Orgue_Silbermann_en_nid_d'hirondelle.jpg
Cathédrale_Notre-Dame_de_Strasbourg,25880,29,commons/Gothic_stained_glass_windows_of_Notre-Dame_de_Strasbourg/0/pictures/Cathédrale_de_Strasbourg_Orgue_Silbermann_en_nid_d'hirondelle.jpg
Cathédrale_Notre-Dame_de_Strasbourg,25880,29,commons/Emperor_windows_of_Strasbourg_Cathedral/0/pictures/Strasburgo-31072016_HDR16bit-04_(29898360221).jpg
Cathédrale_Notre-Dame_de_Strasbourg,25880,29,commons/Emperor_windows_of_Strasbourg_Cathedral/0/pictures/StrasbourgCath_BasCoteN_03.JPG
Cathédrale_Notre-Dame_de_Strasbourg,25880,29,commons/Emperor_windows_of_Strasbourg_Cathedral/0/pictures/Strasbourg_-_Notre-Dame_de_Strasbourg_-_Northern_side_nave_-_Second_Stained_Glass_Emperor_Window_02.jpg
Cathédrale_Notre-Dame_de_Strasbourg,25880,29,commons/Emperor_windows_of_Strasbourg_Cathedral/0/pictures/Strasbourg_-_Notre-Dame_de_Strasbourg_-_Northern_side_nave_-_Second_Stained_Glass_Emperor_Window_03.jpg
Cathédrale_Notre-Dame_de_Strasbourg,25880,29,commons/Emperor_windows_of_Strasbourg_Cathedral/0/pictures/Strasbourg_-_2016_(29355141283).jpg
Cathédrale_Notre-Dame_de_Strasbourg,25880,29,"commons/Emperor_windows_of_Strasbourg_Cathedral/0/pictures/Bas-côté_nord,_baie_VI_Otto_III_Rex_(dernier_tiers_XIIe).jpg"
Cathédrale_Notre-Dame_de_Strasbourg,25880,29,commons/Emperor_windows_of_Strasbourg_Cathedral/0/pictures/CathéStras_CIMG8414_(46035874905).jpg
Cathédrale_Notre-Dame_de_Strasbourg,25880,29,commons/Emperor_windows_of_Strasbourg_Cathedral/0/pictures/Notre_dame_(4).jpg
Cathédrale_Notre-Dame_de_Strasbourg,25880,29,commons/Nave_of_Notre-Dame_de_Strasbourg/0/pictures/Strasbourg_Cathedral_-_panoramio_(6).jpg
Cathédrale_Notre-Dame_de_Strasbourg,25880,29,commons/Emperor_windows_of_Strasbourg_Cathedral/0/pictures/2018-08-24_Strasbourg_(13)_(44282481582).jpg
Cathédrale_Notre-Dame_de_Strasbourg,25880,29,commons/Emperor_windows_of_Strasbourg_Cathedral/0/pictures/Straßburg_im_Sommer_2013_(9982467533).jpg
Cathédrale_Notre-Dame_de_Strasbourg,25880,29,commons/Emperor_windows_of_Strasbourg_Cathedral/0/pictures/Strasbourg_-_2016_(29981796065).jpg
Cathédrale_Notre-Dame_de_Strasbourg,25880,29,commons/Emperor_windows_of_Strasbourg_Cathedral/0/pictures/Strasbourg_-_Notre-Dame_de_Strasbourg_-_Northern_side_nave_-_Third_Stained_Glass_Emperor_Window_02.jpg
Cathédrale_Notre-Dame_de_Strasbourg,25880,29,commons/Emperor_windows_of_Strasbourg_Cathedral/0/pictures/CathéStras_CIMG8409_(46949915291).jpg
Cathédrale_Notre-Dame_de_Strasbourg,25880,29,"commons/Emperor_windows_of_Strasbourg_Cathedral/0/pictures/Strasbourg_(Bas-Rhin)_-_Cathédrale_Notre-Dame_-_Verrières_basses_coté_nord_(baie_13)_-_Otton_Ier,_Otton_II,_Otton_III,_Conrad_II.jpg"
Cathédrale_Notre-Dame_de_Strasbourg,25880,29,commons/Emperor_windows_of_Strasbourg_Cathedral/0/pictures/Finestra_cattedrale_di_Strasburgo.jpg
Cathédrale_Notre-Dame_de_Strasbourg,25880,29,"commons/Emperor_windows_of_Strasbourg_Cathedral/0/pictures/Otto,_Otto,_Otto,_Conrad.jpg"
Cathédrale_Notre-Dame_de_Strasbourg,25880,29,"commons/Emperor_windows_of_Strasbourg_Cathedral/0/pictures/Bas-côté_nord,_baie_VI_Otto_Rex_(dernier_tiers_XIIe).jpg"
Cathédrale_Notre-Dame_de_Strasbourg,25880,29,"commons/Emperor_windows_of_Strasbourg_Cathedral/0/pictures/Example_of_the_stunning_stained_glass_windows_inside_the_Cathedrale_Notre_Dame,_Strasbourg.jpg"
Cathédrale_Notre-Dame_de_Strasbourg,25880,29,commons/Emperor_windows_of_Strasbourg_Cathedral/0/pictures/Strasbourg_-_Notre-Dame_de_Strasbourg_-_Northern_side_nave_-_Second_Stained_Glass_Emperor_Window_01.jpg
Cathédrale_Notre-Dame_de_Strasbourg,25880,30,commons/Statues_of_Notre-Dame_de_Strasbourg_(Outside)/0/pictures/Statues_de_l'ébrasement_droit_du_portail_principal_de_la_Cathédrale_de_Strasbourg.jpg
Cathédrale_Notre-Dame_de_Strasbourg,25880,30,commons/Central_portal_of_the_western_facade_of_Notre-Dame_de_Strasbourg/0/pictures/Straßburg_Cathédrale_Notre-Dame_Portal_3.jpg
Cathédrale_Notre-Dame_de_Strasbourg,25880,30,commons/Nave_of_Notre-Dame_de_Strasbourg/0/pictures/Nef_de_la_cathédrale_de_Strasbourg_vue_par_le_portail_central_ouvert_06.jpg
Cathédrale_Notre-Dame_de_Strasbourg,25880,30,commons/Central_portal_of_the_western_facade_of_Notre-Dame_de_Strasbourg/0/pictures/Strasbourg_cathedrale_5_(5891474852).jpg
Cathédrale_Notre-Dame_de_Strasbourg,25880,30,commons/Central_portal_of_the_western_facade_of_Notre-Dame_de_Strasbourg/0/pictures/Cathedrale-de-Strasbourg-IMG_1184.jpg
Cathédrale_Notre-Dame_de_Strasbourg,25880,30,commons/Central_portal_of_the_western_facade_of_Notre-Dame_de_Strasbourg/0/pictures/PM_150025_F_Strasbourg.jpg
Cathédrale_Notre-Dame_de_Strasbourg,25880,30,commons/Statues_of_Notre-Dame_de_Strasbourg_(Outside)/0/pictures/PM_150025_F_Strasbourg.jpg
Cathédrale_Notre-Dame_de_Strasbourg,25880,30,commons/Central_portal_of_the_western_facade_of_Notre-Dame_de_Strasbourg/0/pictures/Strasbourg_75.jpg
Cathédrale_Notre-Dame_de_Strasbourg,25880,30,commons/Central_portal_of_the_western_facade_of_Notre-Dame_de_Strasbourg/0/pictures/Cathédrale_Notre-Dame_de_Strasbourg_@_Strasbourg_(30639644817).jpg
Cathédrale_Notre-Dame_de_Strasbourg,25880,30,commons/Statues_of_Notre-Dame_de_Strasbourg_(Outside)/0/pictures/PM_150031_F_Strasbourg.jpg
Cathédrale_Notre-Dame_de_Strasbourg,25880,30,commons/Central_portal_of_the_western_facade_of_Notre-Dame_de_Strasbourg/0/pictures/Nef_de_la_cathédrale_de_Strasbourg_vue_par_le_portail_central_ouvert_05.jpg
Cathédrale_Notre-Dame_de_Strasbourg,25880,30,commons/Central_portal_of_the_western_facade_of_Notre-Dame_de_Strasbourg/0/pictures/Statues_de_l'ébrasement_droit_du_portail_principal_de_la_Cathédrale_de_Strasbourg.jpg
Cathédrale_Notre-Dame_de_Strasbourg,25880,30,commons/Central_portal_of_the_western_facade_of_Notre-Dame_de_Strasbourg/0/pictures/Cathédrale_Notre-Dame_de_Strasbourg_@_Strasbourg_(44705505925).jpg
Cathédrale_Notre-Dame_de_Strasbourg,25880,30,commons/Central_portal_of_the_western_facade_of_Notre-Dame_de_Strasbourg/0/pictures/Nef_de_la_cathédrale_de_Strasbourg_vue_par_le_portail_central_ouvert_06.jpg
Cathédrale_Notre-Dame_de_Strasbourg,25880,30,commons/Central_portal_of_the_western_facade_of_Notre-Dame_de_Strasbourg/0/pictures/PM_150027_F_Strasbourg.jpg
Cathédrale_Notre-Dame_de_Strasbourg,25880,30,commons/Central_portal_of_the_western_facade_of_Notre-Dame_de_Strasbourg/0/pictures/Portal_zum_Straßburger_Münster.jpg
Cathédrale_Notre-Dame_de_Strasbourg,25880,30,commons/Statues_of_Notre-Dame_de_Strasbourg_(Outside)/0/pictures/PM_150027_F_Strasbourg.jpg
Cathédrale_Notre-Dame_de_Strasbourg,25880,30,commons/Central_portal_of_the_western_facade_of_Notre-Dame_de_Strasbourg/0/pictures/PM_150031_F_Strasbourg.jpg
Cathédrale_Notre-Dame_de_Strasbourg,25880,30,commons/Central_portal_of_the_western_facade_of_Notre-Dame_de_Strasbourg/0/pictures/Strasbourg_42.jpg
Cathédrale_Notre-Dame_de_Strasbourg,25880,30,commons/Central_portal_of_the_western_facade_of_Notre-Dame_de_Strasbourg/0/pictures/Strasbourg_39.jpg
Cathédrale_Notre-Dame_de_Strasbourg,25880,31,commons/Statues_of_Notre-Dame_de_Strasbourg_(Inside)/0/pictures/Strasbourg_-_Notre-Dame_de_Strasbourg_-_Nave_-_Pulpit_1485_by_Hans_Hammer_03.jpg
Cathédrale_Notre-Dame_de_Strasbourg,25880,31,commons/Statues_of_Notre-Dame_de_Strasbourg_(Inside)/0/pictures/Strasbourg_-_Notre-Dame_de_Strasbourg_-_Nave_-_Pulpit_1485_by_Hans_Hammer_01.jpg
Cathédrale_Notre-Dame_de_Strasbourg,25880,31,commons/Statues_of_Notre-Dame_de_Strasbourg_(Inside)/0/pictures/Strasbourg_-_Notre-Dame_de_Strasbourg_-_Nave_-_Pulpit_1485_by_Hans_Hammer_02.jpg
Cathédrale_Notre-Dame_de_Strasbourg,25880,31,commons/Pulpit_of_Notre-Dame_de_Strasbourg/0/pictures/Strasbourg_-_Notre-Dame_de_Strasbourg_-_Nave_-_Pulpit_1485_by_Hans_Hammer_05.jpg
Cathédrale_Notre-Dame_de_Strasbourg,25880,31,commons/Pulpit_of_Notre-Dame_de_Strasbourg/0/pictures/Strasbourg_-_Notre-Dame_de_Strasbourg_-_Nave_-_Pulpit_1485_by_Hans_Hammer_04.jpg
Cathédrale_Notre-Dame_de_Strasbourg,25880,31,commons/Statues_of_Notre-Dame_de_Strasbourg_(Inside)/0/pictures/Strasbourg_-_Notre-Dame_de_Strasbourg_-_Nave_-_Pulpit_1485_by_Hans_Hammer_05.jpg
Cathédrale_Notre-Dame_de_Strasbourg,25880,31,commons/Pulpit_of_Notre-Dame_de_Strasbourg/0/pictures/Strasbourg_-_Notre-Dame_de_Strasbourg_-_Nave_-_Pulpit_1485_by_Hans_Hammer_01.jpg
Cathédrale_Notre-Dame_de_Strasbourg,25880,31,commons/Pulpit_of_Notre-Dame_de_Strasbourg/0/pictures/Strasbourg_-_Notre-Dame_de_Strasbourg_-_Nave_-_Pulpit_1485_by_Hans_Hammer_03.jpg
Cathédrale_Notre-Dame_de_Strasbourg,25880,31,commons/Statues_of_Notre-Dame_de_Strasbourg_(Inside)/0/pictures/Strasbourg_-_Notre-Dame_de_Strasbourg_-_Nave_-_Pulpit_1485_by_Hans_Hammer_04.jpg
Cathédrale_Notre-Dame_de_Strasbourg,25880,31,commons/Pulpit_of_Notre-Dame_de_Strasbourg/0/pictures/Strasbourg_-_Notre-Dame_de_Strasbourg_-_Nave_-_Pulpit_1485_by_Hans_Hammer_02.jpg
Cathédrale_Notre-Dame_de_Strasbourg,25880,32,commons/Strasbourg_Cathedral_organ/0/pictures/Straßburger_Muenster_4.jpg
Cathédrale_Notre-Dame_de_Strasbourg,25880,32,commons/Strasbourg_Cathedral_organ/0/pictures/Straßburg_Cathédrale_Notre-Dame_Innen_Orgel_8.jpg
Cathédrale_Notre-Dame_de_Strasbourg,25880,32,commons/Strasbourg_Cathedral_organ/0/pictures/Straßburg_Cathédrale_Notre-Dame_Innen_Orgel_4.jpg
Cathédrale_Notre-Dame_de_Strasbourg,25880,32,commons/Strasbourg_Cathedral_organ/0/pictures/Strassburger_Muenster_Cathedrale_Strasbourg_Schwalbennestorgel_frontal_Brunswyk_(2014).JPG
Cathédrale_Notre-Dame_de_Strasbourg,25880,32,commons/Strasbourg_Cathedral_organ/0/pictures/StrasbourgCathOrgue_12.JPG
Cathédrale_Notre-Dame_de_Strasbourg,25880,32,commons/Strasbourg_Cathedral_organ/0/pictures/Strasbourg_cathedral_Silbermann_organ_front_below.jpg
Cathédrale_Notre-Dame_de_Strasbourg,25880,32,commons/Gothic_stained_glass_windows_of_Notre-Dame_de_Strasbourg/0/pictures/Cathédrale_de_Strasbourg_Orgue_Silbermann_en_nid_d'hirondelle.jpg
Cathédrale_Notre-Dame_de_Strasbourg,25880,32,commons/Strasbourg_Cathedral_organ/0/pictures/Straßburg_Cathédrale_Notre-Dame_Innen_Orgel_7.jpg
Cathédrale_Notre-Dame_de_Strasbourg,25880,32,commons/Nave_of_Notre-Dame_de_Strasbourg/0/pictures/Pipe_organ_@_Cathédrale_Notre-Dame_de_Strasbourg_@_Strasbourg_(45519124292).jpg
Cathédrale_Notre-Dame_de_Strasbourg,25880,32,commons/Strasbourg_Cathedral_organ/0/pictures/Strassburg-Muenster-332-Orgel-2017-gje.jpg
Cathédrale_Notre-Dame_de_Strasbourg,25880,32,commons/Strasbourg_Cathedral_organ/0/pictures/2021-03-27_13-31-59_strasbourg.jpg
Cathédrale_Notre-Dame_de_Strasbourg,25880,32,commons/Strasbourg_Cathedral_organ/0/pictures/Cathédrale_de_Strasbourg_Orgue_Silbermann_en_nid_d'hirondelle.jpg
Cathédrale_Notre-Dame_de_Strasbourg,25880,32,commons/Strasbourg_Cathedral_organ/0/pictures/Strasbourg_cath_orgue.JPG
Cathédrale_Notre-Dame_de_Strasbourg,25880,32,"commons/Strasbourg_Cathedral_organ/0/pictures/France_-_Alsace,_Strasbourg_-_panoramio_(24).jpg"
Cathédrale_Notre-Dame_de_Strasbourg,25880,32,commons/Strasbourg_Cathedral_organ/0/pictures/Straßburg_Cathédrale_Notre-Dame_Innen_Orgel_3.jpg
Cathédrale_Notre-Dame_de_Strasbourg,25880,32,commons/Strasbourg_Cathedral_organ/0/pictures/Cathédrale_de_Strasbourg_15_(9389480013).jpg
Cathédrale_Notre-Dame_de_Strasbourg,25880,32,commons/Strasbourg_Cathedral_organ/0/pictures/Strasbourg_(Bas-Rhin)_-_Cathédrale_Notre-Dame_-_Grand_orgue_-_52176117738.jpg
Cathédrale_Notre-Dame_de_Strasbourg,25880,32,commons/Strasbourg_Cathedral_organ/0/pictures/Strasbourg_Cathedral_organ_(1).JPG
Cathédrale_Notre-Dame_de_Strasbourg,25880,32,commons/Strasbourg_Cathedral_organ/0/pictures/StrasbourgCathOrgue_06.JPG
Cathédrale_Notre-Dame_de_Strasbourg,25880,32,commons/Strasbourg_Cathedral_organ/0/pictures/Strasbourg_(Bas-Rhin)_-_Cathédrale_Notre-Dame_-_Grand_orgue.jpg
Cathédrale_Notre-Dame_de_Strasbourg,25880,32,commons/Strasbourg_Cathedral_organ/0/pictures/Strasbourg_2009_IMG_3830.jpg
Cathédrale_Notre-Dame_de_Strasbourg,25880,32,commons/Strasbourg_Cathedral_organ/0/pictures/Strasbourg_Cathedral_pipe_organ_full_frontal.jpg
Cathédrale_Notre-Dame_de_Strasbourg,25880,33,commons/West_facade_of_Notre-Dame_de_Strasbourg/0/pictures/Cathédrale_Notre_Dame_de_Strasbourg_2020_contrechamps.jpg
Cathédrale_Notre-Dame_de_Strasbourg,25880,33,commons/Details_of_the_west_facade_of_Notre-Dame_de_Strasbourg/0/pictures/Strassburg-Muenster-182-Westfassade-Detail-2005-gje.jpg
Cathédrale_Notre-Dame_de_Strasbourg,25880,33,commons/Central_portal_of_the_western_facade_of_Notre-Dame_de_Strasbourg/0/pictures/Straßburg_im_Sommer_2013_(9982291134).jpg
Cathédrale_Notre-Dame_de_Strasbourg,25880,33,commons/Central_portal_of_the_western_facade_of_Notre-Dame_de_Strasbourg/0/pictures/Strassburg-Muenster-152-Westfassade-Hauptportal-2017-gje.jpg
Cathédrale_Notre-Dame_de_Strasbourg,25880,33,commons/Central_portal_of_the_western_facade_of_Notre-Dame_de_Strasbourg/0/pictures/Strasbourg_Cathédrale_façade_portail_central.jpg
Cathédrale_Notre-Dame_de_Strasbourg,25880,33,commons/Central_portal_of_the_western_facade_of_Notre-Dame_de_Strasbourg/0/pictures/Strassburg-Muenster-156-Westfassade-Hauptportal-2005-gje.jpg
Cathédrale_Notre-Dame_de_Strasbourg,25880,33,commons/Central_portal_of_the_western_facade_of_Notre-Dame_de_Strasbourg/0/pictures/Strasbourg_Cathedral_-_Central_Doors_(7684375380).jpg
Cathédrale_Notre-Dame_de_Strasbourg,25880,33,commons/Central_portal_of_the_western_facade_of_Notre-Dame_de_Strasbourg/0/pictures/Cathédrale_Notre_Dame_de_Strasbourg_2020_contrechamps.jpg
Cathédrale_Notre-Dame_de_Strasbourg,25880,33,commons/Central_portal_of_the_western_facade_of_Notre-Dame_de_Strasbourg/0/pictures/Cathédrale_Notre_Dame_Strasbourg_20200124_016.jpg
Cathédrale_Notre-Dame_de_Strasbourg,25880,33,commons/Central_portal_of_the_western_facade_of_Notre-Dame_de_Strasbourg/0/pictures/Cathédrale_Notre_Dame_Strasbourg_20200124_017.jpg
Cathédrale_Notre-Dame_de_Strasbourg,25880,33,commons/Central_portal_of_the_western_facade_of_Notre-Dame_de_Strasbourg/0/pictures/Cathédrale_Notre_Dame_Strasbourg_20200124_021.jpg
Cathédrale_Notre-Dame_de_Strasbourg,25880,33,commons/Central_portal_of_the_western_facade_of_Notre-Dame_de_Strasbourg/0/pictures/PortalCathedralStrasbourg.JPG
Cathédrale_Notre-Dame_de_Strasbourg,25880,33,commons/Central_portal_of_the_western_facade_of_Notre-Dame_de_Strasbourg/0/pictures/2021-03-27_13-10-27_strasbourg.jpg
Cathédrale_Notre-Dame_de_Strasbourg,25880,33,commons/Central_portal_of_the_western_facade_of_Notre-Dame_de_Strasbourg/0/pictures/Cathédrale_Notre-Dame_de_Strasbourg_@_Strasbourg_(44705518935).jpg
Cathédrale_Notre-Dame_de_Strasbourg,25880,33,commons/Central_portal_of_the_western_facade_of_Notre-Dame_de_Strasbourg/0/pictures/Cathédrale_Notre_Dame_Strasbourg_20200124_023.jpg
Cathédrale_Notre-Dame_de_Strasbourg,25880,33,commons/Central_portal_of_the_western_facade_of_Notre-Dame_de_Strasbourg/0/pictures/Cathédrale_Notre-Dame_de_Strasbourg_-_Cathedral_of_Our_Lady_of_Strasbourg_-_كاتدرائية_ستراسبورغ_-_Liebfrauenmünster_zu_Straßburg_photo16.jpg
Cathédrale_Notre-Dame_de_Strasbourg,25880,33,"commons/Central_portal_of_the_western_facade_of_Notre-Dame_de_Strasbourg/0/pictures/Центральный_(западный)_фасад_Страсбургского_кафедрального_собора_(Straßburger_Münster_-_Liebfrauenmünster_zu_Straßburg,_Cathédrale_Notre-Dame_de_Strasbourg)_-_panoramio.jpg"
Cathédrale_Notre-Dame_de_Strasbourg,25880,33,commons/Central_portal_of_the_western_facade_of_Notre-Dame_de_Strasbourg/0/pictures/Cathédrale_Notre-Dame_de_Strasbourg_-_Cathedral_of_Our_Lady_of_Strasbourg_-_كاتدرائية_ستراسبورغ_-_Liebfrauenmünster_zu_Straßburg_photo17.jpg
Cathédrale_Notre-Dame_de_Strasbourg,25880,33,commons/Central_portal_of_the_western_facade_of_Notre-Dame_de_Strasbourg/0/pictures/Cathédrale_Notre-Dame_de_Strasbourg_@_Strasbourg_(44705494015).jpg
Cathédrale_Notre-Dame_de_Strasbourg,25880,33,commons/Central_portal_of_the_western_facade_of_Notre-Dame_de_Strasbourg/0/pictures/Cathédrale_Notre-Dame_de_Strasbourg_@_Strasbourg_(44705516385).jpg
Cathédrale_Notre-Dame_de_Strasbourg,25880,33,commons/Central_portal_of_the_western_facade_of_Notre-Dame_de_Strasbourg/0/pictures/Portail_central_ND_de_Strasbourg.jpg
Cathédrale_Notre-Dame_de_Strasbourg,25880,33,commons/Central_portal_of_the_western_facade_of_Notre-Dame_de_Strasbourg/0/pictures/Main_gate_@_Cathédrale_Notre-Dame_de_Strasbourg_@_Strasbourg_(31746759678).jpg
Cathédrale_Notre-Dame_de_Strasbourg,25880,34,commons/Statues_of_Notre-Dame_de_Strasbourg_(Outside)/0/pictures/Statues_of_Notre-Dame_de_Strasbourg_(Outside)-3.jpg
Cathédrale_Notre-Dame_de_Strasbourg,25880,34,commons/Statues_of_Notre-Dame_de_Strasbourg_(Outside)/0/pictures/PM_150021_F_Strasbourg.jpg
Cathédrale_Notre-Dame_de_Strasbourg,25880,34,commons/Statues_of_Notre-Dame_de_Strasbourg_(Outside)/0/pictures/PM_150018_F_Strasbourg.jpg
Cathédrale_Notre-Dame_de_Strasbourg,25880,34,commons/Statues_of_Notre-Dame_de_Strasbourg_(Outside)/0/pictures/Cathedrale-de-Strasbourg-IMG_1183.jpg
Cathédrale_Notre-Dame_de_Strasbourg,25880,34,commons/Central_portal_of_the_western_facade_of_Notre-Dame_de_Strasbourg/0/pictures/Cathedrale-de-Strasbourg-IMG_1183.jpg
Cathédrale_Notre-Dame_de_Strasbourg,25880,34,commons/Gothic_statues_of_Notre-Dame_de_Strasbourg/0/pictures/Cathedrale-de-Strasbourg-IMG_1183.jpg
Cathédrale_Notre-Dame_de_Strasbourg,25880,34,commons/Central_portal_of_the_western_facade_of_Notre-Dame_de_Strasbourg/0/pictures/Cathédrale_-_Strasbourg_-_2014-02-02-_P1760467.jpg
Cathédrale_Notre-Dame_de_Strasbourg,25880,34,commons/Central_portal_of_the_western_facade_of_Notre-Dame_de_Strasbourg/0/pictures/PM_150021_F_Strasbourg.jpg
Cathédrale_Notre-Dame_de_Strasbourg,25880,34,commons/Nave_of_Notre-Dame_de_Strasbourg/0/pictures/Nef_de_la_cathédrale_de_Strasbourg_vue_par_le_portail_central_ouvert_06.jpg
Cathédrale_Notre-Dame_de_Strasbourg,25880,34,commons/Central_portal_of_the_western_facade_of_Notre-Dame_de_Strasbourg/0/pictures/Strasbourg_cathedrale_5_(5891474852).jpg
Cathédrale_Notre-Dame_de_Strasbourg,25880,34,commons/Central_portal_of_the_western_facade_of_Notre-Dame_de_Strasbourg/0/pictures/Nef_de_la_cathédrale_de_Strasbourg_vue_par_le_portail_central_ouvert_06.jpg
Cathédrale_Notre-Dame_de_Strasbourg,25880,34,commons/Statues_of_Notre-Dame_de_Strasbourg_(Outside)/0/pictures/PM_150015_F_Strasbourg.jpg
Cathédrale_Notre-Dame_de_Strasbourg,25880,34,commons/Central_portal_of_the_western_facade_of_Notre-Dame_de_Strasbourg/0/pictures/Cathédrale_Notre-Dame_de_Strasbourg_@_Strasbourg_(44705504145).jpg
Cathédrale_Notre-Dame_de_Strasbourg,25880,34,commons/Central_portal_of_the_western_facade_of_Notre-Dame_de_Strasbourg/0/pictures/PM_150015_F_Strasbourg.jpg
Cathédrale_Notre-Dame_de_Strasbourg,25880,34,commons/Central_portal_of_the_western_facade_of_Notre-Dame_de_Strasbourg/0/pictures/PM_150018_F_Strasbourg.jpg
Cathédrale_Notre-Dame_de_Strasbourg,25880,34,commons/Central_portal_of_the_western_facade_of_Notre-Dame_de_Strasbourg/0/pictures/Straßburg_Münster_2009-015.jpg
Cathédrale_Notre-Dame_de_Strasbourg,25880,34,commons/Central_portal_of_the_western_facade_of_Notre-Dame_de_Strasbourg/0/pictures/Cathédrale_-_Strasbourg_-_2014-02-02-_P1760468.jpg
Cathédrale_Notre-Dame_de_Strasbourg,25880,34,commons/Central_portal_of_the_western_facade_of_Notre-Dame_de_Strasbourg/0/pictures/Strasbourg_-_Cathedral's_Main_Entrance_VII.jpg
Cathédrale_Notre-Dame_de_Strasbourg,25880,34,commons/Central_portal_of_the_western_facade_of_Notre-Dame_de_Strasbourg/0/pictures/Straßburg_Cathédrale_Notre-Dame_Portal_3.jpg
Cathédrale_Notre-Dame_de_Strasbourg,25880,34,commons/Central_portal_of_the_western_facade_of_Notre-Dame_de_Strasbourg/0/pictures/Straßburg_im_Sommer_2013_(9982311734).jpg
Cathédrale_Notre-Dame_de_Strasbourg,25880,35,commons/Views_from_Notre-Dame_de_Strasbourg_in_2022/0/pictures/Une_vue_de_Strasbourg_depuis_la_plateforme_de_la_cathédrale_01.jpg
Cathédrale_Notre-Dame_de_Strasbourg,25880,35,commons/Views_from_Notre-Dame_de_Strasbourg_in_2022/0/pictures/Strasbourg_Cathedral_in_July_2022_11.jpg
Cathédrale_Notre-Dame_de_Strasbourg,25880,35,commons/Views_from_Notre-Dame_de_Strasbourg_in_2022/0/pictures/Strasbourg_Cathedral_in_July_2022_12.jpg
Cathédrale_Notre-Dame_de_Strasbourg,25880,35,commons/Views_from_Notre-Dame_de_Strasbourg_in_2022/0/pictures/Strasbourg_Cathedral_(52298047478).jpg
Cathédrale_Notre-Dame_de_Strasbourg,25880,35,commons/Views_from_Notre-Dame_de_Strasbourg_in_2018/0/pictures/Vue_plongeante_sur_la_place.jpg
Cathédrale_Notre-Dame_de_Strasbourg,25880,35,commons/Views_from_Notre-Dame_de_Strasbourg_in_2018/0/pictures/Observatory_@_Cathédrale_Notre-Dame_de_Strasbourg_@_Strasbourg_(44856052754).jpg
Cathédrale_Notre-Dame_de_Strasbourg,25880,35,commons/Views_from_Notre-Dame_de_Strasbourg_in_2018/0/pictures/Observatory_@_Cathédrale_Notre-Dame_de_Strasbourg_@_Strasbourg_(44856048584).jpg
Cathédrale_Notre-Dame_de_Strasbourg,25880,35,commons/Views_from_Notre-Dame_de_Strasbourg_in_2018/0/pictures/Observatory_@_Cathédrale_Notre-Dame_de_Strasbourg_@_Strasbourg_(44666902095).jpg
Cathédrale_Notre-Dame_de_Strasbourg,25880,35,commons/Views_from_Notre-Dame_de_Strasbourg_in_2018/0/pictures/Observatory_@_Cathédrale_Notre-Dame_de_Strasbourg_@_Strasbourg_(43763495290).jpg
Cathédrale_Notre-Dame_de_Strasbourg,25880,35,commons/Views_from_Notre-Dame_de_Strasbourg_in_2018/0/pictures/Observatory_@_Cathédrale_Notre-Dame_de_Strasbourg_@_Strasbourg_(43763496030).jpg
Cathédrale_Notre-Dame_de_Strasbourg,25880,35,commons/Views_from_Notre-Dame_de_Strasbourg_in_2018/0/pictures/Observatory_@_Cathédrale_Notre-Dame_de_Strasbourg_@_Strasbourg_(31708483798).jpg
Cathédrale_Notre-Dame_de_Strasbourg,25880,35,commons/Views_from_Notre-Dame_de_Strasbourg_in_2018/0/pictures/Observatory_@_Cathédrale_Notre-Dame_de_Strasbourg_@_Strasbourg_(30639702237).jpg
Cathédrale_Notre-Dame_de_Strasbourg,25880,35,commons/Views_from_Notre-Dame_de_Strasbourg_in_2018/0/pictures/Observatory_@_Cathédrale_Notre-Dame_de_Strasbourg_@_Strasbourg_(30639639397).jpg
Cathédrale_Notre-Dame_de_Strasbourg,25880,35,commons/Views_from_Notre-Dame_de_Strasbourg_in_2018/0/pictures/Medieval_city_@_Observatory_@_Cathédrale_Notre-Dame_de_Strasbourg_@_Strasbourg_(43763485250).jpg
Cathédrale_Notre-Dame_de_Strasbourg,25880,35,commons/Views_from_Notre-Dame_de_Strasbourg_in_2017/0/pictures/Strasbourg_Juillet_2017_dsc_9495_34961907913_o_(49078066522).jpg
Cathédrale_Notre-Dame_de_Strasbourg,25880,35,commons/Views_from_Notre-Dame_de_Strasbourg_in_2013/0/pictures/20130711_0110-_Strasbourg_von_oben.jpg
Cathédrale_Notre-Dame_de_Strasbourg,25880,35,commons/Views_from_Notre-Dame_de_Strasbourg_in_2015/0/pictures/Straßburg_Blick_vom_Münster_8.jpg
Cathédrale_Notre-Dame_de_Strasbourg,25880,35,commons/Views_from_Notre-Dame_de_Strasbourg_in_2011/0/pictures/Vue_abas-sons.JPG
Cathédrale_Notre-Dame_de_Strasbourg,25880,35,commons/Views_from_Notre-Dame_de_Strasbourg_in_2013/0/pictures/IMGP3994_(9235642835).jpg
Cathédrale_Notre-Dame_de_Strasbourg,25880,35,commons/Views_from_Notre-Dame_de_Strasbourg_in_2006/0/pictures/Cathedrale-de-Strasbourg-IMG_1342.jpg
Cathédrale_Notre-Dame_de_Strasbourg,25880,35,commons/Views_from_Notre-Dame_de_Strasbourg_in_2015/0/pictures/Straßburg_Blick_vom_Münster_6a.jpg
Cathédrale_Notre-Dame_de_Strasbourg,25880,35,commons/Views_from_Notre-Dame_de_Strasbourg_in_2018/0/pictures/Observatory_@_Cathédrale_Notre-Dame_de_Strasbourg_@_Strasbourg_(30639711217).jpg
Cathédrale_Notre-Dame_de_Strasbourg,25880,35,"commons/Views_from_Notre-Dame_de_Strasbourg_in_2011/0/pictures/Strasburg,_France,_2011_(6345746476).jpg"
Cathédrale_Notre-Dame_de_Strasbourg,25880,35,commons/Views_from_Notre-Dame_de_Strasbourg_in_2011/0/pictures/Strasbourg_Roofs.jpg
Cathédrale_Notre-Dame_de_Strasbourg,25880,35,commons/Views_from_Notre-Dame_de_Strasbourg_in_2011/0/pictures/German_soldier_in_Strasbourg_-_panoramio.jpg
Cathédrale_Notre-Dame_de_Strasbourg,25880,35,commons/Views_from_Notre-Dame_de_Strasbourg_in_2011/0/pictures/Place_Gutenberg_from_the_Cathedral_-_panoramio.jpg
Cathédrale_Notre-Dame_de_Strasbourg,25880,35,commons/Views_from_Notre-Dame_de_Strasbourg_in_2011/0/pictures/2011.09.17.155408_View_west_cathedral_Strasbourg.jpg
Cathédrale_Notre-Dame_de_Strasbourg,25880,35,commons/Views_from_Notre-Dame_de_Strasbourg_in_2013/0/pictures/Strasbourg_vu_de_la_Cathédrale_vers_la_Place_Gutenberg.jpg
Cathédrale_Notre-Dame_de_Strasbourg,25880,35,commons/Views_from_Notre-Dame_de_Strasbourg_in_2011/0/pictures/2011.09.17.155201_View_south_cathedral_Strasbourg.jpg
Cathédrale_Notre-Dame_de_Strasbourg,25880,35,commons/Views_from_Notre-Dame_de_Strasbourg_in_2013/0/pictures/Strasbourg_vu_de_la_Cathédrale_en_direction_de_la_rue_de_la_Division_Leclerc.jpg
Cathédrale_Notre-Dame_de_Strasbourg,25880,35,commons/Views_from_Notre-Dame_de_Strasbourg_in_2016/0/pictures/Strasbourg_-_2016_(29867916482).jpg
Cathédrale_Notre-Dame_de_Strasbourg,25880,35,commons/Views_from_Notre-Dame_de_Strasbourg_in_2013/0/pictures/IMGP4003_(9238370968).jpg
Cathédrale_Notre-Dame_de_Strasbourg,25880,35,commons/Views_from_Notre-Dame_de_Strasbourg_in_2009/0/pictures/Straßburg_Münster_2009-030.jpg
Cathédrale_Notre-Dame_de_Strasbourg,25880,35,commons/Views_from_Notre-Dame_de_Strasbourg_in_2014/0/pictures/Statue_sous_la_plate_forme_supérieure_(cathédrale_de_Strasbourg)_3.jpg
Cathédrale_Notre-Dame_de_Strasbourg,25880,35,commons/Views_from_Notre-Dame_de_Strasbourg_in_2011/0/pictures/Strasbourg_chCommindustr_01.jpg
Cathédrale_Notre-Dame_de_Strasbourg,25880,35,commons/Views_from_Notre-Dame_de_Strasbourg_in_2011/0/pictures/2011.09.17.155352_View_west_cathedral_Strasbourg.jpg
Cathédrale_Notre-Dame_de_Strasbourg,25880,35,commons/Details_of_the_west_facade_of_Notre-Dame_de_Strasbourg/0/pictures/Vue_plongeante_sur_la_place.jpg
Cathédrale_Notre-Dame_de_Strasbourg,25880,35,commons/Views_from_Notre-Dame_de_Strasbourg_in_2015/0/pictures/Straßburg_Blick_vom_Münster_auf_St._Thomas.jpg
Cathédrale_Notre-Dame_de_Strasbourg,25880,35,commons/Views_from_Notre-Dame_de_Strasbourg_in_2004/0/pictures/Views_from_Notre-Dame_de_Strasbourg_in_2004_(378719978).jpg
Cathédrale_Notre-Dame_de_Strasbourg,25880,35,commons/Views_from_Notre-Dame_de_Strasbourg_in_2007/0/pictures/Blick_vom_Straßburger_Münster.JPG
Cathédrale_Notre-Dame_de_Strasbourg,25880,35,commons/Views_from_Notre-Dame_de_Strasbourg_in_2013/0/pictures/IMGP4012_(9238344092).jpg
Cathédrale_Notre-Dame_de_Strasbourg,25880,35,commons/Views_from_Notre-Dame_de_Strasbourg_in_2015/0/pictures/View_from_Strasbourg_Cathedral_(18334860515).jpg
Cathédrale_Notre-Dame_de_Strasbourg,25880,35,commons/Platform_of_Notre-Dame_de_Strasbourg/0/pictures/Cathedrale-de-Strasbourg-IMG_1342.jpg
Cathédrale_Notre-Dame_de_Strasbourg,25880,35,commons/Views_from_Notre-Dame_de_Strasbourg_in_2022/0/pictures/Strasbourg_Cathedral_in_July_2022_13.jpg
Cathédrale_Notre-Dame_de_Strasbourg,25880,35,commons/Views_from_Notre-Dame_de_Strasbourg_in_2009/0/pictures/Straßburg_Münster_2009-021.jpg
Cathédrale_Notre-Dame_de_Strasbourg,25880,35,commons/Views_from_Notre-Dame_de_Strasbourg_in_2013/0/pictures/Strasbourg14Mai2013(1).jpg
Cathédrale_Notre-Dame_de_Strasbourg,25880,35,commons/Views_from_Notre-Dame_de_Strasbourg_in_2016/0/pictures/Strasbourg_-_2016_(29947624336).jpg
Cathédrale_Notre-Dame_de_Strasbourg,25880,35,commons/Tower_of_Notre-Dame_de_Strasbourg/0/pictures/Statue_sous_la_plate_forme_supérieure_(cathédrale_de_Strasbourg)_3.jpg
Cathédrale_Notre-Dame_de_Strasbourg,25880,35,commons/Views_from_Notre-Dame_de_Strasbourg_in_2013/0/pictures/IMGP4002_(9235593917).jpg
Cathédrale_Notre-Dame_de_Strasbourg,25880,35,commons/Views_from_Notre-Dame_de_Strasbourg_in_2015/0/pictures/View_from_Strasbourg_Cathedral_(18308416236).jpg
Cathédrale_Notre-Dame_de_Strasbourg,25880,35,commons/Views_from_Notre-Dame_de_Strasbourg_in_2011/0/pictures/Strasbourg_PanoO4.jpg
Cathédrale_Notre-Dame_de_Strasbourg,25880,35,commons/Views_from_Notre-Dame_de_Strasbourg_in_2004/0/pictures/Le_Marche_de_Noel_de_Strasbourg.jpg
Cathédrale_Notre-Dame_de_Strasbourg,25880,35,commons/Views_from_Notre-Dame_de_Strasbourg_in_2011/0/pictures/City_Center_-_panoramio_(5).jpg
Cathédrale_Notre-Dame_de_Strasbourg,25880,35,commons/Views_from_Notre-Dame_de_Strasbourg_in_2018/0/pictures/Observatory_@_Cathédrale_Notre-Dame_de_Strasbourg_@_Strasbourg_(45580846621).jpg
Cathédrale_Notre-Dame_de_Strasbourg,25880,35,commons/Views_from_Notre-Dame_de_Strasbourg_in_2013/0/pictures/Strasbourg14Mai2013(2).jpg
Cathédrale_Notre-Dame_de_Strasbourg,25880,35,commons/Views_from_Notre-Dame_de_Strasbourg_in_2015/0/pictures/View_on_Strasbourg.jpg
Cathédrale_Notre-Dame_de_Strasbourg,25880,35,"commons/Views_from_Notre-Dame_de_Strasbourg_in_2008/0/pictures/Strasbourg_seen_from_above,_May_2008,_1.jpg"
Cathédrale_Notre-Dame_de_Strasbourg,25880,35,commons/Views_from_Notre-Dame_de_Strasbourg_in_2011/0/pictures/2011.09.17.155630_View_west_cathedral_Strasbourg.jpg
Cathédrale_Notre-Dame_de_Strasbourg,25880,35,commons/Views_from_Notre-Dame_de_Strasbourg_in_2013/0/pictures/Strasbourg_vu_depuis_la_cathédrale_en_regardant_vers_l'église_St_Thomas.jpg
Cathédrale_Notre-Dame_de_Strasbourg,25880,35,commons/Views_from_Notre-Dame_de_Strasbourg_in_2018/0/pictures/Observatory_@_Cathédrale_Notre-Dame_de_Strasbourg_@_Strasbourg_(43763494470).jpg
Cathédrale_Notre-Dame_de_Strasbourg,25880,35,commons/Views_from_Notre-Dame_de_Strasbourg_in_2005/0/pictures/Über_den_Dächern_Straßburgs.jpg
Cathédrale_Notre-Dame_de_Strasbourg,25880,35,commons/Views_from_Notre-Dame_de_Strasbourg_in_2015/0/pictures/Straßburg_Blick_vom_Münster_2a.jpg
Cathédrale_Notre-Dame_de_Strasbourg,25880,35,"commons/Views_from_Notre-Dame_de_Strasbourg_in_2007/0/pictures/View_from_Notre-Dame_de_Strasbourg,_2007.jpg"
Cathédrale_Notre-Dame_de_Strasbourg,25880,35,commons/Views_from_Notre-Dame_de_Strasbourg_in_2018/0/pictures/Observatory_@_Cathédrale_Notre-Dame_de_Strasbourg_@_Strasbourg_(45580846151).jpg
Cathédrale_Notre-Dame_de_Strasbourg,25880,35,commons/Views_from_Notre-Dame_de_Strasbourg_in_2013/0/pictures/IMGP4009_(9235572253).jpg
Cathédrale_Notre-Dame_de_Strasbourg,25880,35,commons/Views_from_Notre-Dame_de_Strasbourg_in_2016/0/pictures/Strasbourg_04.jpg
Cathédrale_Notre-Dame_de_Strasbourg,25880,35,commons/Views_from_Notre-Dame_de_Strasbourg_in_2018/0/pictures/Observatory_@_Cathédrale_Notre-Dame_de_Strasbourg_@_Strasbourg_(44856053714).jpg
Cathédrale_Notre-Dame_de_Strasbourg,25880,35,commons/Views_from_Notre-Dame_de_Strasbourg_in_2013/0/pictures/IMGP4008_(9235575153).jpg
Cathédrale_Notre-Dame_de_Strasbourg,25880,35,"commons/Views_from_Notre-Dame_de_Strasbourg_in_2007/0/pictures/Strasbourg_seen_from_above_in_2007,_7.jpg"
Cathédrale_Notre-Dame_de_Strasbourg,25880,35,commons/Statues_of_Notre-Dame_de_Strasbourg_(Outside)/0/pictures/Statue_sous_la_plate_forme_supérieure_(cathédrale_de_Strasbourg)_3.jpg
Cathédrale_Notre-Dame_de_Strasbourg,25880,35,commons/Views_from_Notre-Dame_de_Strasbourg_in_2013/0/pictures/Strasbourg15Mai2013Pano_(2).jpg
Cathédrale_Notre-Dame_de_Strasbourg,25880,35,commons/Views_from_Notre-Dame_de_Strasbourg_in_2014/0/pictures/Vue_du_parvis_de_la_cathédrale_de_Strasbourg.jpg
Cathédrale_Notre-Dame_de_Strasbourg,25880,35,commons/Views_from_Notre-Dame_de_Strasbourg_in_2015/0/pictures/Strasbourg_-_Neue_Bau_1.jpg
Cathédrale_Notre-Dame_de_Strasbourg,25880,35,commons/Views_from_Notre-Dame_de_Strasbourg_in_2015/0/pictures/Strasbourg_-_Neue_Bau_2.jpg
Cathédrale_Notre-Dame_de_Strasbourg,25880,35,commons/Views_from_Notre-Dame_de_Strasbourg_in_2015/0/pictures/Straßburg_Blick_vom_Münster_4a.jpg
Cathédrale_Notre-Dame_de_Strasbourg,25880,35,commons/Views_from_Notre-Dame_de_Strasbourg_in_2022/0/pictures/Une_vue_de_Strasbourg_depuis_la_plateforme_de_la_cathédrale_02.jpg
Cathédrale_Notre-Dame_de_Strasbourg,25880,35,commons/Miscellaneous_architectural_details_of_Notre-Dame_de_Strasbourg/0/pictures/Vue_abas-sons.JPG
Cathédrale_Notre-Dame_de_Strasbourg,25880,35,commons/Views_from_Notre-Dame_de_Strasbourg_in_2015/0/pictures/Straßburg_Blick_vom_Münster_3a.jpg
Cathédrale_Notre-Dame_de_Strasbourg,25880,35,commons/Views_from_Notre-Dame_de_Strasbourg_in_2015/0/pictures/Straßburg_Blick_vom_Münster_5a.jpg
Cathédrale_Notre-Dame_de_Strasbourg,25880,35,commons/Views_from_Notre-Dame_de_Strasbourg_in_2015/0/pictures/Straßburg_Blick_vom_Münster_7a.jpg
Cathédrale_Notre-Dame_de_Strasbourg,25880,35,commons/Views_from_Notre-Dame_de_Strasbourg_in_2017/0/pictures/-strasbourg_-cathedrale_-architecture_(33955853515).jpg
Cathédrale_Notre-Dame_de_Strasbourg,25880,36,commons/Platform_of_Notre-Dame_de_Strasbourg/0/pictures/Plateforme_de_la_cathédrale_de_Strasbourg_-_Graffiti_1774.jpg
Cathédrale_Notre-Dame_de_Strasbourg,25880,36,commons/Platform_of_Notre-Dame_de_Strasbourg/0/pictures/2010_06_24_canaltrip_strasbourg_481_(22429094133).jpg
Cathédrale_Notre-Dame_de_Strasbourg,25880,36,commons/Ancient_graffiti_on_Notre-Dame_de_Strasbourg/0/pictures/2010_06_24_canaltrip_strasbourg_482_(23050256685).jpg
Cathédrale_Notre-Dame_de_Strasbourg,25880,36,commons/Ancient_graffiti_on_Notre-Dame_de_Strasbourg/0/pictures/2010_06_24_canaltrip_strasbourg_481_(22429094133).jpg
Cathédrale_Notre-Dame_de_Strasbourg,25880,36,commons/Ancient_graffiti_on_Notre-Dame_de_Strasbourg/0/pictures/2010_06_24_canaltrip_strasbourg_480_(22427486584).jpg
Cathédrale_Notre-Dame_de_Strasbourg,25880,36,commons/Ancient_graffiti_on_Notre-Dame_de_Strasbourg/0/pictures/Observatory_@_Cathédrale_Notre-Dame_de_Strasbourg_@_Strasbourg_(45580848541).jpg
Cathédrale_Notre-Dame_de_Strasbourg,25880,36,commons/Miscellaneous_architectural_details_of_Notre-Dame_de_Strasbourg/0/pictures/Toits_de_la_Cathédrale_8_(9392462638).jpg
Cathédrale_Notre-Dame_de_Strasbourg,25880,36,commons/Ancient_graffiti_on_Notre-Dame_de_Strasbourg/0/pictures/Plateforme_de_la_cathédrale_de_Strasbourg_-_Graffiti_1774.jpg
Cathédrale_Notre-Dame_de_Strasbourg,25880,36,commons/Platform_of_Notre-Dame_de_Strasbourg/0/pictures/Observatory_@_Cathédrale_Notre-Dame_de_Strasbourg_@_Strasbourg_(45580848541).jpg
Cathédrale_Notre-Dame_de_Strasbourg,25880,36,commons/Platform_of_Notre-Dame_de_Strasbourg/0/pictures/2010_06_24_canaltrip_strasbourg_483_(22631894528).jpg
Cathédrale_Notre-Dame_de_Strasbourg,25880,36,commons/Ancient_graffiti_on_Notre-Dame_de_Strasbourg/0/pictures/2010_06_24_canaltrip_strasbourg_478_(23024185556).jpg
Cathédrale_Notre-Dame_de_Strasbourg,25880,36,commons/Platform_of_Notre-Dame_de_Strasbourg/0/pictures/2010_06_24_canaltrip_strasbourg_478_(23024185556).jpg
Cathédrale_Notre-Dame_de_Strasbourg,25880,36,commons/Platform_of_Notre-Dame_de_Strasbourg/0/pictures/2010_06_24_canaltrip_strasbourg_482_(23050256685).jpg
Cathédrale_Notre-Dame_de_Strasbourg,25880,36,commons/Ancient_graffiti_on_Notre-Dame_de_Strasbourg/0/pictures/2010_06_24_canaltrip_strasbourg_483_(22631894528).jpg
Cathédrale_Notre-Dame_de_Strasbourg,25880,36,commons/Platform_of_Notre-Dame_de_Strasbourg/0/pictures/2010_06_24_canaltrip_strasbourg_480_(22427486584).jpg
Cathédrale_Notre-Dame_de_Strasbourg,25880,37,commons/Stained_glass_windows_(Nave_of_Notre-Dame_de_Strasbourg)/0/pictures/Strasbourg_Cathedral_-_Stained_glass_window_(7684415280).jpg
Cathédrale_Notre-Dame_de_Strasbourg,25880,37,commons/Stained_glass_windows_(Nave_of_Notre-Dame_de_Strasbourg)/0/pictures/PHB_Strasbourg_8023264.jpg
Cathédrale_Notre-Dame_de_Strasbourg,25880,37,commons/Narthex_of_Notre-Dame_de_Strasbourg/0/pictures/Strasbourg_-_Notre-Dame_de_Strasbourg_-_Narthex_-_Stained_Glass_Window_on_the_South_side_01.jpg
Cathédrale_Notre-Dame_de_Strasbourg,25880,37,commons/Narthex_of_Notre-Dame_de_Strasbourg/0/pictures/Strasbourg_-_Notre-Dame_de_Strasbourg_-_Narthex_-_Stained_Glass_Window_on_the_South_side_03.jpg
Cathédrale_Notre-Dame_de_Strasbourg,25880,37,commons/Gothic_stained_glass_windows_of_Notre-Dame_de_Strasbourg/0/pictures/Cathédrale_Notre_Dame_de_Strasbourg_2020_vitrail.jpg
Cathédrale_Notre-Dame_de_Strasbourg,25880,37,commons/Gothic_stained_glass_windows_of_Notre-Dame_de_Strasbourg/0/pictures/Strasbourg_-_Notre-Dame_de_Strasbourg_-_Narthex_-_Stained_Glass_Window_on_the_South_side_02.jpg
Cathédrale_Notre-Dame_de_Strasbourg,25880,37,commons/Gothic_stained_glass_windows_of_Notre-Dame_de_Strasbourg/0/pictures/Strasbourg_Cathedral_-_Stained_glass_window_(7684415280).jpg
Cathédrale_Notre-Dame_de_Strasbourg,25880,37,commons/Narthex_of_Notre-Dame_de_Strasbourg/0/pictures/Cathédrale_Notre_Dame_de_Strasbourg_2020_vitrail.jpg
Cathédrale_Notre-Dame_de_Strasbourg,25880,37,commons/Gothic_stained_glass_windows_of_Notre-Dame_de_Strasbourg/0/pictures/PHB_Strasbourg_8023264.jpg
Cathédrale_Notre-Dame_de_Strasbourg,25880,37,commons/Narthex_of_Notre-Dame_de_Strasbourg/0/pictures/PHB_Strasbourg_8023264.jpg
Cathédrale_Notre-Dame_de_Strasbourg,25880,37,commons/Gothic_stained_glass_windows_of_Notre-Dame_de_Strasbourg/0/pictures/Strasbourg_-_Notre-Dame_de_Strasbourg_-_Narthex_-_Stained_Glass_Window_on_the_South_side_03.jpg
Cathédrale_Notre-Dame_de_Strasbourg,25880,37,commons/Millénaire_des_fondations_de_la_cathédrale_Notre-Dame_de_Strasbourg/0/pictures/Millénaire_des_fondations_de_la_Cathédrale_Notre-Dame_de_Strasbourg_19_septembre_2014.jpg
Cathédrale_Notre-Dame_de_Strasbourg,25880,37,commons/Narthex_of_Notre-Dame_de_Strasbourg/0/pictures/Strasbourg_(Bas-Rhin)_-_Cathédrale_Notre-Dame_-_Echelle_Gugumus_-_52192450343.jpg
Cathédrale_Notre-Dame_de_Strasbourg,25880,37,commons/Narthex_of_Notre-Dame_de_Strasbourg/0/pictures/Strasbourg_-_Notre-Dame_de_Strasbourg_-_Narthex_-_Stained_Glass_Window_on_the_South_side_02.jpg
Cathédrale_Notre-Dame_de_Strasbourg,25880,37,commons/Gothic_stained_glass_windows_of_Notre-Dame_de_Strasbourg/0/pictures/Strasbourg_(Bas-Rhin)_-_Cathédrale_Notre-Dame_-_Verrières_basses_coté_sud_(baie_18)_-_Le_Jugement_dernier_et_les_Oeuvres_de_Miséricorde.jpg
Cathédrale_Notre-Dame_de_Strasbourg,25880,37,commons/Narthex_of_Notre-Dame_de_Strasbourg/0/pictures/Narthex_cathédrale_de_Strasbourg.jpg
Cathédrale_Notre-Dame_de_Strasbourg,25880,37,commons/Gothic_stained_glass_windows_of_Notre-Dame_de_Strasbourg/0/pictures/Strasbourg_-_Notre-Dame_de_Strasbourg_-_Narthex_-_Stained_Glass_Window_on_the_South_side_01.jpg
Cathédrale_Notre-Dame_de_Strasbourg,25880,37,commons/Narthex_of_Notre-Dame_de_Strasbourg/0/pictures/Strasbourg_(Bas-Rhin)_-_Cathédrale_Notre-Dame_-_Verrières_basses_coté_sud_(baie_18)_-_Le_Jugement_dernier_et_les_Oeuvres_de_Miséricorde.jpg
Cathédrale_Notre-Dame_de_Strasbourg,25880,38,commons/Stained_glass_windows_of_Notre-Dame_de_Strasbourg/0/pictures/Straßburg_(47574302701).jpg
Cathédrale_Notre-Dame_de_Strasbourg,25880,38,commons/Stained_glass_windows_(Nave_of_Notre-Dame_de_Strasbourg)/0/pictures/Vitraux-5.jpg
Cathédrale_Notre-Dame_de_Strasbourg,25880,38,commons/Stained_glass_windows_(Nave_of_Notre-Dame_de_Strasbourg)/0/pictures/Strasbourg_-_Notre-Dame_de_Strasbourg_-_Southern_side_nave_-_Gothic_stained_glass_windows_on_the_north_side_of_the_central_nave_01.jpg
Cathédrale_Notre-Dame_de_Strasbourg,25880,38,commons/Stained_glass_windows_(Nave_of_Notre-Dame_de_Strasbourg)/0/pictures/Stained_glass_windows_in_Notre-Dame_de_Strasbourg.jpg
Cathédrale_Notre-Dame_de_Strasbourg,25880,38,commons/Stained_glass_windows_(Nave_of_Notre-Dame_de_Strasbourg)/0/pictures/Detail_vitrail_cathedrale_strasbourg.jpg
Cathédrale_Notre-Dame_de_Strasbourg,25880,38,commons/Nave_of_Notre-Dame_de_Strasbourg/0/pictures/Strasbourg_-_Notre-Dame_de_Strasbourg_-_Southern_side_nave_-_Gothic_stained_glass_windows_on_the_north_side_of_the_central_nave_01.jpg
Cathédrale_Notre-Dame_de_Strasbourg,25880,38,commons/Nave_of_Notre-Dame_de_Strasbourg/0/pictures/Stained_glass_windows_in_Notre-Dame_de_Strasbourg.jpg
Cathédrale_Notre-Dame_de_Strasbourg,25880,38,commons/Stained_glass_windows_(Nave_of_Notre-Dame_de_Strasbourg)/0/pictures/Straßburg_(47574302701).jpg
Cathédrale_Notre-Dame_de_Strasbourg,25880,38,commons/Gothic_stained_glass_windows_of_Notre-Dame_de_Strasbourg/0/pictures/Vue-de-la-nef.jpg
Cathédrale_Notre-Dame_de_Strasbourg,25880,38,commons/Emperor_windows_of_Strasbourg_Cathedral/0/pictures/2010_06_24_canaltrip_strasbourg_256z_(22657992899).jpg
Cathédrale_Notre-Dame_de_Strasbourg,25880,38,commons/Nave_of_Notre-Dame_de_Strasbourg/0/pictures/Straßburg_(47574302701).jpg
Cathédrale_Notre-Dame_de_Strasbourg,25880,38,"commons/Emperor_windows_of_Strasbourg_Cathedral/0/pictures/Buntglasfenster_Straßburger_Münster_2005_(Kaiserfenster,_Sp1221).jpg"
Cathédrale_Notre-Dame_de_Strasbourg,25880,38,commons/Emperor_windows_of_Strasbourg_Cathedral/0/pictures/Emperors_in_Strasbourg_(3).JPG
Cathédrale_Notre-Dame_de_Strasbourg,25880,38,commons/Emperor_windows_of_Strasbourg_Cathedral/0/pictures/Strasbourg_-_Notre-Dame_de_Strasbourg_-_Northern_side_nave_-_Fifth_Stained_Glass_Emperor_Window_01.jpg
Cathédrale_Notre-Dame_de_Strasbourg,25880,38,commons/Gothic_stained_glass_windows_of_Notre-Dame_de_Strasbourg/0/pictures/Strasbourg_-_Notre-Dame_de_Strasbourg_-_Southern_side_nave_-_Gothic_stained_glass_windows_on_the_north_side_of_the_central_nave_01.jpg
Cathédrale_Notre-Dame_de_Strasbourg,25880,38,commons/Nave_of_Notre-Dame_de_Strasbourg/0/pictures/Vue-de-la-nef.jpg
Cathédrale_Notre-Dame_de_Strasbourg,25880,38,commons/Emperor_windows_of_Strasbourg_Cathedral/0/pictures/StrasbourgCath_BasCoteN_06.JPG
Cathédrale_Notre-Dame_de_Strasbourg,25880,38,"commons/Emperor_windows_of_Strasbourg_Cathedral/0/pictures/Emperor_windows,_Strasbourg.jpg"
Cathédrale_Notre-Dame_de_Strasbourg,25880,38,commons/Emperor_windows_of_Strasbourg_Cathedral/0/pictures/Vitrail_de_la_série_des_empereurs_dans_la_Cathédrale_de_Strasbourg.jpg
Cathédrale_Notre-Dame_de_Strasbourg,25880,38,commons/Gothic_stained_glass_windows_of_Notre-Dame_de_Strasbourg/0/pictures/Detail_vitrail_cathedrale_strasbourg.jpg
Cathédrale_Notre-Dame_de_Strasbourg,25880,38,commons/Gothic_stained_glass_windows_of_Notre-Dame_de_Strasbourg/0/pictures/Stained_glass_windows_in_Notre-Dame_de_Strasbourg.jpg
Cathédrale_Notre-Dame_de_Strasbourg,25880,38,commons/Stained_glass_windows_(Nave_of_Notre-Dame_de_Strasbourg)/0/pictures/Strasbourg_-_Notre-Dame_de_Strasbourg_-_Southern_side_nave_-_Gothic_stained_glass_windows_on_the_north_side_of_the_central_nave_02.jpg
Cathédrale_Notre-Dame_de_Strasbourg,25880,38,commons/Emperor_windows_of_Strasbourg_Cathedral/0/pictures/2010_06_24_canaltrip_strasbourg_255_(23050304825).jpg
Cathédrale_Notre-Dame_de_Strasbourg,25880,38,commons/Gothic_stained_glass_windows_of_Notre-Dame_de_Strasbourg/0/pictures/Strasbourg_-_Notre-Dame_de_Strasbourg_-_Southern_side_nave_-_Gothic_stained_glass_windows_on_the_north_side_of_the_central_nave_02.jpg
Cathédrale_Notre-Dame_de_Strasbourg,25880,38,commons/Gothic_stained_glass_windows_of_Notre-Dame_de_Strasbourg/0/pictures/Vitraux-5.jpg
Cathédrale_Notre-Dame_de_Strasbourg,25880,39,commons/Statues_of_Notre-Dame_de_Strasbourg_(Inside)/0/pictures/Strasbourg_(Bas-Rhin)_-_Cathédrale_Notre-Dame_-_Chapelle_Sainte-Catherine_(transept_sud)_-_Statues.jpg
Cathédrale_Notre-Dame_de_Strasbourg,25880,39,commons/Statues_of_Notre-Dame_de_Strasbourg_(Inside)/0/pictures/Chapelle_Sainte-Catherine_(Cathédrale_de_Strasbourg).jpg
Cathédrale_Notre-Dame_de_Strasbourg,25880,39,commons/Nave_of_Notre-Dame_de_Strasbourg/0/pictures/Strasbourg_cath_statues.jpg
Cathédrale_Notre-Dame_de_Strasbourg,25880,39,commons/Nave_of_Notre-Dame_de_Strasbourg/0/pictures/Strasbourg_-_Notre-Dame_de_Strasbourg_-_Southern_side_nave_-_Line-up_of_saint's_statues_and_a_depiction_of_the_Crucifixion_of_Christ_on_Golgotha_(Calvary)_with_Chapelle_Sainte-Catherine_in_the_back_02.jpg
Cathédrale_Notre-Dame_de_Strasbourg,25880,39,commons/Interior_of_Chapelle_Sainte-Catherine_(Notre-Dame_de_Strasbourg)/0/pictures/Strasbourg_Cathedral_(52298044561).jpg
Cathédrale_Notre-Dame_de_Strasbourg,25880,39,commons/Statues_of_Notre-Dame_de_Strasbourg_(Inside)/0/pictures/Strasbourg_-_Notre-Dame_de_Strasbourg_-_Southern_side_nave_-_Line-up_of_saint's_statues_and_a_depiction_of_the_Crucifixion_of_Christ_on_Golgotha_(Calvary)_with_Chapelle_Sainte-Catherine_in_the_back_02.jpg
Cathédrale_Notre-Dame_de_Strasbourg,25880,39,"commons/Interior_of_Chapelle_Sainte-Catherine_(Notre-Dame_de_Strasbourg)/0/pictures/Strasbourg_-_Notre-Dame_de_Strasbourg_-_Gothic_stained_glass_windows_1348_by_Johannes_de_Kirchheim,_depicting_the_Twelve_Apostles,_Mary_of_Magdala_&_Martha_01.jpg"
Cathédrale_Notre-Dame_de_Strasbourg,25880,39,"commons/Interior_of_Chapelle_Sainte-Catherine_(Notre-Dame_de_Strasbourg)/0/pictures/Strasbourg_-_Notre-Dame_de_Strasbourg_-_Gothic_stained_glass_windows_1348_by_Johannes_de_Kirchheim,_depicting_the_Twelve_Apostles,_Mary_of_Magdala_&_Martha_04.jpg"
Cathédrale_Notre-Dame_de_Strasbourg,25880,39,commons/Interior_of_Chapelle_Sainte-Catherine_(Notre-Dame_de_Strasbourg)/0/pictures/Strasbourg_(Bas-Rhin)_-_Cathédrale_Notre-Dame_-_Chapelle_Sainte-Catherine_(transept_sud)_-_Vitraux_(52171254468).jpg
Cathédrale_Notre-Dame_de_Strasbourg,25880,39,commons/Interior_of_Chapelle_Sainte-Catherine_(Notre-Dame_de_Strasbourg)/0/pictures/Chapelle_Sainte-Catherine_(Cathédrale_de_Strasbourg).jpg
Cathédrale_Notre-Dame_de_Strasbourg,25880,39,"commons/Gothic_stained_glass_windows_of_Notre-Dame_de_Strasbourg/0/pictures/Strasbourg_-_Notre-Dame_de_Strasbourg_-_Gothic_stained_glass_windows_1348_by_Johannes_de_Kirchheim,_depicting_the_Twelve_Apostles,_Mary_of_Magdala_&_Martha_01.jpg"
Cathédrale_Notre-Dame_de_Strasbourg,25880,39,"commons/Gothic_stained_glass_windows_of_Notre-Dame_de_Strasbourg/0/pictures/Autel_de_la_Pietà,_chapelle_Sainte-Catherine_de_la_cathédrale_de_Strasbourg.jpg"
Cathédrale_Notre-Dame_de_Strasbourg,25880,39,commons/Gothic_stained_glass_windows_of_Notre-Dame_de_Strasbourg/0/pictures/Strasbourg_(Bas-Rhin)_-_Cathédrale_Notre-Dame_-_Chapelle_Sainte-Catherine_(transept_sud)_-_Vitraux_(52171254468).jpg
Cathédrale_Notre-Dame_de_Strasbourg,25880,39,"commons/Gothic_stained_glass_windows_of_Notre-Dame_de_Strasbourg/0/pictures/Strasbourg_-_Notre-Dame_de_Strasbourg_-_Gothic_stained_glass_windows_1348_by_Johannes_de_Kirchheim,_depicting_the_Twelve_Apostles,_Mary_of_Magdala_&_Martha_02.jpg"
Cathédrale_Notre-Dame_de_Strasbourg,25880,39,commons/Interior_of_Chapelle_Sainte-Catherine_(Notre-Dame_de_Strasbourg)/0/pictures/Cathédrale_Notre-Dame_de_Strasbourg_@_Strasbourg_(45519125562).jpg
Cathédrale_Notre-Dame_de_Strasbourg,25880,39,commons/Interior_of_Chapelle_Sainte-Catherine_(Notre-Dame_de_Strasbourg)/0/pictures/Vitraux_et_dormition_de_la_Vierge_de_la_chapelle_sainte-Catherine_de_la_Cathédrale_de_Strasbourg.jpg
Cathédrale_Notre-Dame_de_Strasbourg,25880,39,commons/Gothic_stained_glass_windows_of_Notre-Dame_de_Strasbourg/0/pictures/Vitraux_et_dormition_de_la_Vierge_de_la_chapelle_sainte-Catherine_de_la_Cathédrale_de_Strasbourg.jpg
Cathédrale_Notre-Dame_de_Strasbourg,25880,39,"commons/Gothic_stained_glass_windows_of_Notre-Dame_de_Strasbourg/0/pictures/Strasbourg_-_Notre-Dame_de_Strasbourg_-_Gothic_stained_glass_windows_1348_by_Johannes_de_Kirchheim,_depicting_the_Twelve_Apostles,_Mary_of_Magdala_&_Martha_04.jpg"
Cathédrale_Notre-Dame_de_Strasbourg,25880,39,commons/Gothic_stained_glass_windows_of_Notre-Dame_de_Strasbourg/0/pictures/Strasbourg_-_Notre-Dame_de_Strasbourg_-_Southern_side_nave_-_Line-up_of_saint's_statues_and_a_depiction_of_the_Crucifixion_of_Christ_on_Golgotha_(Calvary)_with_Chapelle_Sainte-Catherine_in_the_back_02.jpg
Cathédrale_Notre-Dame_de_Strasbourg,25880,39,"commons/Interior_of_Chapelle_Sainte-Catherine_(Notre-Dame_de_Strasbourg)/0/pictures/Strasbourg_-_Notre-Dame_de_Strasbourg_-_Gothic_stained_glass_windows_1348_by_Johannes_de_Kirchheim,_depicting_the_Twelve_Apostles,_Mary_of_Magdala_&_Martha_02.jpg"
Cathédrale_Notre-Dame_de_Strasbourg,25880,39,commons/Gothic_statues_of_Notre-Dame_de_Strasbourg/0/pictures/Chapelle_Sainte-Catherine_(Cathédrale_de_Strasbourg).jpg
Cathédrale_Notre-Dame_de_Strasbourg,25880,39,commons/Interior_of_Chapelle_Sainte-Catherine_(Notre-Dame_de_Strasbourg)/0/pictures/Strasbourg_-_Notre-Dame_de_Strasbourg_-_Southern_side_nave_-_Line-up_of_saint's_statues_and_a_depiction_of_the_Crucifixion_of_Christ_on_Golgotha_(Calvary)_with_Chapelle_Sainte-Catherine_in_the_back_02.jpg
Cathédrale_Notre-Dame_de_Strasbourg,25880,39,commons/Gothic_stained_glass_windows_of_Notre-Dame_de_Strasbourg/0/pictures/Chapelle_Sainte-Catherine_(Cathédrale_de_Strasbourg).jpg
Cathédrale_Notre-Dame_de_Strasbourg,25880,39,"commons/Interior_of_Chapelle_Sainte-Catherine_(Notre-Dame_de_Strasbourg)/0/pictures/Autel_de_la_Pietà,_chapelle_Sainte-Catherine_de_la_cathédrale_de_Strasbourg.jpg"
Cathédrale_Notre-Dame_de_Strasbourg,25880,39,commons/Gothic_statues_of_Notre-Dame_de_Strasbourg/0/pictures/Strasbourg_(Bas-Rhin)_-_Cathédrale_Notre-Dame_-_Chapelle_Sainte-Catherine_(transept_sud)_-_Statues.jpg
Cathédrale_Notre-Dame_de_Strasbourg,25880,39,commons/Interior_of_Chapelle_Sainte-Catherine_(Notre-Dame_de_Strasbourg)/0/pictures/Cathédrale_de_Strasbourg_-_Intérieur_d'une_chapelle_-_20170213_154421.jpg
Cathédrale_Notre-Dame_de_Strasbourg,25880,40,commons/West_facade_of_Notre-Dame_de_Strasbourg/0/pictures/Strasbourg_2009_IMG_3778.JPG
Cathédrale_Notre-Dame_de_Strasbourg,25880,40,commons/West_facade_of_Notre-Dame_de_Strasbourg/0/pictures/Strasbourg_02_(5479876446).jpg
Cathédrale_Notre-Dame_de_Strasbourg,25880,40,commons/West_facade_of_Notre-Dame_de_Strasbourg/0/pictures/Frontispice_cathédrale_Strasbourg.JPG
Cathédrale_Notre-Dame_de_Strasbourg,25880,40,commons/West_facade_of_Notre-Dame_de_Strasbourg/0/pictures/Cathédrale_de_Strasbourg_quality.jpg
Cathédrale_Notre-Dame_de_Strasbourg,25880,40,commons/West_facade_of_Notre-Dame_de_Strasbourg/0/pictures/Cathédrale_Notre-Dame_de_Strasbourg_@_Strasbourg_(45619630111).jpg
Cathédrale_Notre-Dame_de_Strasbourg,25880,40,commons/West_facade_of_Notre-Dame_de_Strasbourg/0/pictures/Cathédrale_Notre-Dame_de_Strasbourg_-_Cathedral_of_Our_Lady_of_Strasbourg_-_كاتدرائية_ستراسبورغ_-_Liebfrauenmünster_zu_Straßburg_photo13.jpg
Cathédrale_Notre-Dame_de_Strasbourg,25880,40,commons/West_facade_of_Notre-Dame_de_Strasbourg/0/pictures/Straßburg_Cathédrale_Notre-Dame_Front_4.JPG
Cathédrale_Notre-Dame_de_Strasbourg,25880,40,commons/Rose_window_of_Notre-Dame_de_Strasbourg_(exterior_view)/0/pictures/Cathédrale_Notre-Dame_de_Strasbourg_@_Strasbourg_(43752052660).jpg
Cathédrale_Notre-Dame_de_Strasbourg,25880,40,commons/West_facade_of_Notre-Dame_de_Strasbourg/0/pictures/Straßburg_Cathédrale_Notre-Dame_Front_5.JPG
Cathédrale_Notre-Dame_de_Strasbourg,25880,40,commons/West_facade_of_Notre-Dame_de_Strasbourg_seen_from_rue_Mercière/0/pictures/Strasbourg_-_Rue_Mercière_-_View_on_Cathedral_II.jpg
Cathédrale_Notre-Dame_de_Strasbourg,25880,40,commons/West_facade_of_Notre-Dame_de_Strasbourg/0/pictures/Cathedral_@_Strasbourg_(31647244758).jpg
Cathédrale_Notre-Dame_de_Strasbourg,25880,40,"commons/Rose_window_of_Notre-Dame_de_Strasbourg_(exterior_view)/0/pictures/Fensterrose,_Münster,_Straßburg_-_panoramio.jpg"
Cathédrale_Notre-Dame_de_Strasbourg,25880,40,commons/West_facade_of_Notre-Dame_de_Strasbourg/0/pictures/Cathédrale_Notre-Dame_de_Strasbourg_-_Cathedral_of_Our_Lady_of_Strasbourg_-_كاتدرائية_ستراسبورغ_-_Liebfrauenmünster_zu_Straßburg_photo12.jpg
Cathédrale_Notre-Dame_de_Strasbourg,25880,40,commons/West_facade_of_Notre-Dame_de_Strasbourg/0/pictures/Cathédrale_Notre-Dame_de_Strasbourg_-_Cathedral_of_Our_Lady_of_Strasbourg_-_كاتدرائية_ستراسبورغ_-_Liebfrauenmünster_zu_Straßburg_photo14.jpg
Cathédrale_Notre-Dame_de_Strasbourg,25880,40,commons/West_facade_of_Notre-Dame_de_Strasbourg_seen_from_rue_Mercière/0/pictures/Strasbourg_-_Rue_Mercière_-_View_on_Cathedral_I.jpg
Cathédrale_Notre-Dame_de_Strasbourg,25880,40,commons/West_portals_of_Notre-Dame_de_Strasbourg/0/pictures/Frontispice_cathédrale_Strasbourg.JPG
Cathédrale_Notre-Dame_de_Strasbourg,25880,40,commons/Central_portal_of_the_western_facade_of_Notre-Dame_de_Strasbourg/0/pictures/Strasbourg_02_(5479876446).jpg
Cathédrale_Notre-Dame_de_Strasbourg,25880,40,commons/Details_of_the_west_facade_of_Notre-Dame_de_Strasbourg/0/pictures/Cathédrale_Notre-Dame_façade_principale_Strasbourg_12.jpg
Cathédrale_Notre-Dame_de_Strasbourg,25880,40,commons/Rose_window_of_Notre-Dame_de_Strasbourg_(exterior_view)/0/pictures/Cathédrale_Notre-Dame_de_Strasbourg_@_Strasbourg_(44895152334).jpg
Cathédrale_Notre-Dame_de_Strasbourg,25880,40,commons/West_facade_of_Notre-Dame_de_Strasbourg/0/pictures/2018-08-24_Strasbourg_(11)_(43425032055).jpg
Cathédrale_Notre-Dame_de_Strasbourg,25880,41,commons/Stained_glass_windows_(Nave_of_Notre-Dame_de_Strasbourg)/0/pictures/Voûtes_cathédrale_Strasbourg.jpg
Cathédrale_Notre-Dame_de_Strasbourg,25880,41,commons/Stained_glass_windows_(Nave_of_Notre-Dame_de_Strasbourg)/0/pictures/Straßburg_Cathédrale_Notre-Dame_Innen_Obergaden_1.jpg
Cathédrale_Notre-Dame_de_Strasbourg,25880,41,commons/Stained_glass_windows_(Nave_of_Notre-Dame_de_Strasbourg)/0/pictures/Cathédrale_Notre-Dame_de_Strasbourg_@_Strasbourg_(44844622344).jpg
Cathédrale_Notre-Dame_de_Strasbourg,25880,41,commons/Nave_of_Notre-Dame_de_Strasbourg/0/pictures/Voûtes_cathédrale_Strasbourg.jpg
Cathédrale_Notre-Dame_de_Strasbourg,25880,41,commons/Nave_of_Notre-Dame_de_Strasbourg/0/pictures/Straßburg_Cathédrale_Notre-Dame_Innen_Obergaden_1.jpg
Cathédrale_Notre-Dame_de_Strasbourg,25880,41,commons/Nave_of_Notre-Dame_de_Strasbourg/0/pictures/Straßburg_Cathédrale_Notre-Dame_Innen_Gewölbe.jpg
Cathédrale_Notre-Dame_de_Strasbourg,25880,41,commons/Nave_of_Notre-Dame_de_Strasbourg/0/pictures/Innenraum_Straßburger_Münster_2018.jpg
Cathédrale_Notre-Dame_de_Strasbourg,25880,41,commons/Nave_of_Notre-Dame_de_Strasbourg/0/pictures/Cathédrale_Notre-Dame_de_Strasbourg_@_Strasbourg_(44844622344).jpg
Cathédrale_Notre-Dame_de_Strasbourg,25880,41,commons/Stained_glass_windows_(Nave_of_Notre-Dame_de_Strasbourg)/0/pictures/CathéStras_CIMG8417_(33074429398).jpg
Cathédrale_Notre-Dame_de_Strasbourg,25880,41,commons/Gothic_stained_glass_windows_of_Notre-Dame_de_Strasbourg/0/pictures/Straßburg_Cathédrale_Notre-Dame_Innen_Obergaden_1.jpg
Cathédrale_Notre-Dame_de_Strasbourg,25880,42,commons/Rose_window_of_Notre-Dame_de_Strasbourg_(exterior_view)/0/pictures/Strasbourg_-_Notre-Dame_de_Strasbourg_(1015-1439)_-_Central_Portal_-_Depiction_of_Redemption_05.jpg
Cathédrale_Notre-Dame_de_Strasbourg,25880,42,commons/Nave_of_Notre-Dame_de_Strasbourg/0/pictures/Nef_de_la_cathédrale_de_Strasbourg_vue_par_le_portail_central_ouvert_06.jpg
Cathédrale_Notre-Dame_de_Strasbourg,25880,42,commons/Central_portal_of_the_western_facade_of_Notre-Dame_de_Strasbourg/0/pictures/Strasbourg_cathedrale_5_(5891474852).jpg
Cathédrale_Notre-Dame_de_Strasbourg,25880,42,commons/Central_portal_of_the_western_facade_of_Notre-Dame_de_Strasbourg/0/pictures/Cathédrale_Notre-Dame_de_Strasbourg_@_Strasbourg_(30639644817).jpg
Cathédrale_Notre-Dame_de_Strasbourg,25880,42,commons/Central_portal_of_the_western_facade_of_Notre-Dame_de_Strasbourg/0/pictures/Cathédrale_Notre-Dame_de_Strasbourg_@_Strasbourg_(44705505925).jpg
Cathédrale_Notre-Dame_de_Strasbourg,25880,42,commons/Central_portal_of_the_western_facade_of_Notre-Dame_de_Strasbourg/0/pictures/Strasbourg_-_Notre-Dame_de_Strasbourg_(1015-1439)_-_Central_Portal_-_Depiction_of_Redemption_04.jpg
Cathédrale_Notre-Dame_de_Strasbourg,25880,42,commons/Central_portal_of_the_western_facade_of_Notre-Dame_de_Strasbourg/0/pictures/Cathédrale_Notre-Dame_façade_principale_Strasbourg_21.jpg
Cathédrale_Notre-Dame_de_Strasbourg,25880,42,commons/Details_of_the_west_facade_of_Notre-Dame_de_Strasbourg/0/pictures/Strasbourg_-_Cathedral's_Main_Entrance.jpg
Cathédrale_Notre-Dame_de_Strasbourg,25880,42,commons/Central_portal_of_the_western_facade_of_Notre-Dame_de_Strasbourg/0/pictures/Straßburg_Cathédrale_Notre-Dame_Portal_2.jpg
Cathédrale_Notre-Dame_de_Strasbourg,25880,42,commons/Central_portal_of_the_western_facade_of_Notre-Dame_de_Strasbourg/0/pictures/Facade_of_strasbourg_cathedral.jpg
Cathédrale_Notre-Dame_de_Strasbourg,25880,42,commons/Central_portal_of_the_western_facade_of_Notre-Dame_de_Strasbourg/0/pictures/Straßburg_Cathédrale_Notre-Dame_Portal_3.jpg
Cathédrale_Notre-Dame_de_Strasbourg,25880,42,commons/Central_portal_of_the_western_facade_of_Notre-Dame_de_Strasbourg/0/pictures/Strasbourg_-_Cathedral's_Main_Entrance_IV.jpg
Cathédrale_Notre-Dame_de_Strasbourg,25880,42,commons/Central_portal_of_the_western_facade_of_Notre-Dame_de_Strasbourg/0/pictures/Strasbourg_-_Notre-Dame_de_Strasbourg_(1015-1439)_-_Central_Portal_-_Depiction_of_Redemption_09.jpg
Cathédrale_Notre-Dame_de_Strasbourg,25880,42,commons/Central_portal_of_the_western_facade_of_Notre-Dame_de_Strasbourg/0/pictures/Strasbourg_-_Notre-Dame_de_Strasbourg_(1015-1439)_-_Central_Portal_-_Depiction_of_Redemption_05.jpg
Cathédrale_Notre-Dame_de_Strasbourg,25880,42,commons/Central_portal_of_the_western_facade_of_Notre-Dame_de_Strasbourg/0/pictures/Strasbourg_75.jpg
Cathédrale_Notre-Dame_de_Strasbourg,25880,42,commons/Central_portal_of_the_western_facade_of_Notre-Dame_de_Strasbourg/0/pictures/Nef_de_la_cathédrale_de_Strasbourg_vue_par_le_portail_central_ouvert_06.jpg
Cathédrale_Notre-Dame_de_Strasbourg,25880,42,commons/Central_portal_of_the_western_facade_of_Notre-Dame_de_Strasbourg/0/pictures/Strasbourg_-_Cathedral's_Main_Entrance_V.jpg
Cathédrale_Notre-Dame_de_Strasbourg,25880,42,commons/Central_portal_of_the_western_facade_of_Notre-Dame_de_Strasbourg/0/pictures/Strasbourg_-_Notre-Dame_de_Strasbourg_(1015-1439)_-_Central_Portal_-_Depiction_of_Redemption_08.jpg
Cathédrale_Notre-Dame_de_Strasbourg,25880,42,commons/Central_portal_of_the_western_facade_of_Notre-Dame_de_Strasbourg/0/pictures/Strasbourg_42.jpg
Cathédrale_Notre-Dame_de_Strasbourg,25880,42,commons/Central_portal_of_the_western_facade_of_Notre-Dame_de_Strasbourg/0/pictures/Strasbourg_39.jpg
Cathédrale_Notre-Dame_de_Strasbourg,25880,43,commons/Statues_of_Notre-Dame_de_Strasbourg_(Inside)/0/pictures/Strasbourg_(Bas-Rhin)_-_Cathédrale_Notre-Dame_-_Chapelle_Sainte-Catherine_(transept_sud)_-_Statues.jpg
Cathédrale_Notre-Dame_de_Strasbourg,25880,43,commons/Statues_of_Notre-Dame_de_Strasbourg_(Inside)/0/pictures/Chapelle_Sainte-Catherine_(Cathédrale_de_Strasbourg).jpg
Cathédrale_Notre-Dame_de_Strasbourg,25880,43,commons/Nave_of_Notre-Dame_de_Strasbourg/0/pictures/Strasbourg_-_Notre-Dame_de_Strasbourg_-_Southern_side_nave_-_Line-up_of_saint's_statues_and_a_depiction_of_the_Crucifixion_of_Christ_on_Golgotha_(Calvary)_with_Chapelle_Sainte-Catherine_in_the_back_02.jpg
Cathédrale_Notre-Dame_de_Strasbourg,25880,43,commons/Interior_of_Chapelle_Sainte-Catherine_(Notre-Dame_de_Strasbourg)/0/pictures/Vitraux_et_dormition_de_la_Vierge_de_la_chapelle_sainte-Catherine_de_la_Cathédrale_de_Strasbourg.jpg
Cathédrale_Notre-Dame_de_Strasbourg,25880,43,commons/Gothic_stained_glass_windows_of_Notre-Dame_de_Strasbourg/0/pictures/Vitraux_et_dormition_de_la_Vierge_de_la_chapelle_sainte-Catherine_de_la_Cathédrale_de_Strasbourg.jpg
Cathédrale_Notre-Dame_de_Strasbourg,25880,43,"commons/Gothic_stained_glass_windows_of_Notre-Dame_de_Strasbourg/0/pictures/Strasbourg_-_Notre-Dame_de_Strasbourg_-_Gothic_stained_glass_windows_1348_by_Johannes_de_Kirchheim,_depicting_the_Twelve_Apostles,_Mary_of_Magdala_&_Martha_01.jpg"
Cathédrale_Notre-Dame_de_Strasbourg,25880,43,"commons/Gothic_stained_glass_windows_of_Notre-Dame_de_Strasbourg/0/pictures/Strasbourg_-_Notre-Dame_de_Strasbourg_-_Gothic_stained_glass_windows_1348_by_Johannes_de_Kirchheim,_depicting_the_Twelve_Apostles,_Mary_of_Magdala_&_Martha_04.jpg"
Cathédrale_Notre-Dame_de_Strasbourg,25880,43,commons/Gothic_stained_glass_windows_of_Notre-Dame_de_Strasbourg/0/pictures/Strasbourg_-_Notre-Dame_de_Strasbourg_-_Southern_side_nave_-_Line-up_of_saint's_statues_and_a_depiction_of_the_Crucifixion_of_Christ_on_Golgotha_(Calvary)_with_Chapelle_Sainte-Catherine_in_the_back_02.jpg
Cathédrale_Notre-Dame_de_Strasbourg,25880,43,commons/Gothic_statues_of_Notre-Dame_de_Strasbourg/0/pictures/Chapelle_Sainte-Catherine_(Cathédrale_de_Strasbourg).jpg
Cathédrale_Notre-Dame_de_Strasbourg,25880,43,commons/Gothic_statues_of_Notre-Dame_de_Strasbourg/0/pictures/Strasbourg_(Bas-Rhin)_-_Cathédrale_Notre-Dame_-_Chapelle_Sainte-Catherine_(transept_sud)_-_Statues.jpg
Cathédrale_Notre-Dame_de_Strasbourg,25880,43,commons/Interior_of_Chapelle_Sainte-Catherine_(Notre-Dame_de_Strasbourg)/0/pictures/Cathédrale_de_Strasbourg_-_Intérieur_d'une_chapelle_-_20170213_154421.jpg
Cathédrale_Notre-Dame_de_Strasbourg,25880,43,commons/Statues_of_Notre-Dame_de_Strasbourg_(Inside)/0/pictures/Strasbourg_-_Notre-Dame_de_Strasbourg_-_Southern_side_nave_-_Line-up_of_saint's_statues_and_a_depiction_of_the_Crucifixion_of_Christ_on_Golgotha_(Calvary)_with_Chapelle_Sainte-Catherine_in_the_back_02.jpg
Cathédrale_Notre-Dame_de_Strasbourg,25880,43,"commons/Interior_of_Chapelle_Sainte-Catherine_(Notre-Dame_de_Strasbourg)/0/pictures/Strasbourg_-_Notre-Dame_de_Strasbourg_-_Gothic_stained_glass_windows_1348_by_Johannes_de_Kirchheim,_depicting_the_Twelve_Apostles,_Mary_of_Magdala_&_Martha_01.jpg"
Cathédrale_Notre-Dame_de_Strasbourg,25880,43,commons/Interior_of_Chapelle_Sainte-Catherine_(Notre-Dame_de_Strasbourg)/0/pictures/Chapelle_Sainte-Catherine_(Cathédrale_de_Strasbourg).jpg
Cathédrale_Notre-Dame_de_Strasbourg,25880,43,"commons/Interior_of_Chapelle_Sainte-Catherine_(Notre-Dame_de_Strasbourg)/0/pictures/Strasbourg_-_Notre-Dame_de_Strasbourg_-_Gothic_stained_glass_windows_1348_by_Johannes_de_Kirchheim,_depicting_the_Twelve_Apostles,_Mary_of_Magdala_&_Martha_04.jpg"
Cathédrale_Notre-Dame_de_Strasbourg,25880,43,commons/Gothic_stained_glass_windows_of_Notre-Dame_de_Strasbourg/0/pictures/Chapelle_Sainte-Catherine_(Cathédrale_de_Strasbourg).jpg
Cathédrale_Notre-Dame_de_Strasbourg,25880,43,commons/Interior_of_Chapelle_Sainte-Catherine_(Notre-Dame_de_Strasbourg)/0/pictures/Strasbourg_-_Notre-Dame_de_Strasbourg_-_Southern_side_nave_-_Line-up_of_saint's_statues_and_a_depiction_of_the_Crucifixion_of_Christ_on_Golgotha_(Calvary)_with_Chapelle_Sainte-Catherine_in_the_back_02.jpg
Cathédrale_Notre-Dame_de_Strasbourg,25880,43,commons/Interior_of_Chapelle_Sainte-Catherine_(Notre-Dame_de_Strasbourg)/0/pictures/Strasbourg_Cathedral_(52298044561).jpg
Cathédrale_Notre-Dame_de_Strasbourg,25880,44,commons/Statues_of_Notre-Dame_de_Strasbourg_(Inside)/0/pictures/Strasbourg_(Bas-Rhin)_-_Cathédrale_Notre-Dame_-_Chapelle_Sainte-Catherine_(transept_sud)_-_Statues.jpg
Cathédrale_Notre-Dame_de_Strasbourg,25880,44,commons/Statues_of_Notre-Dame_de_Strasbourg_(Inside)/0/pictures/Chapelle_Sainte-Catherine_(Cathédrale_de_Strasbourg).jpg
Cathédrale_Notre-Dame_de_Strasbourg,25880,44,commons/Nave_of_Notre-Dame_de_Strasbourg/0/pictures/Strasbourg_-_Notre-Dame_de_Strasbourg_-_Southern_side_nave_-_Line-up_of_saint's_statues_and_a_depiction_of_the_Crucifixion_of_Christ_on_Golgotha_(Calvary)_with_Chapelle_Sainte-Catherine_in_the_back_02.jpg
Cathédrale_Notre-Dame_de_Strasbourg,25880,44,commons/Interior_of_Chapelle_Sainte-Catherine_(Notre-Dame_de_Strasbourg)/0/pictures/Strasbourg_Cathedral_(52298044561).jpg
Cathédrale_Notre-Dame_de_Strasbourg,25880,44,commons/Interior_of_Chapelle_Sainte-Catherine_(Notre-Dame_de_Strasbourg)/0/pictures/Strasbourg_-_Notre-Dame_de_Strasbourg_-_Southern_side_nave_-_Line-up_of_saint's_statues_and_a_depiction_of_the_Crucifixion_of_Christ_on_Golgotha_(Calvary)_with_Chapelle_Sainte-Catherine_in_the_back_02.jpg
Cathédrale_Notre-Dame_de_Strasbourg,25880,44,commons/Gothic_stained_glass_windows_of_Notre-Dame_de_Strasbourg/0/pictures/Chapelle_Sainte-Catherine_(Cathédrale_de_Strasbourg).jpg
Cathédrale_Notre-Dame_de_Strasbourg,25880,44,commons/Interior_of_Chapelle_Sainte-Catherine_(Notre-Dame_de_Strasbourg)/0/pictures/Strasbourg_(Bas-Rhin)_-_Cathédrale_Notre-Dame_-_Chapelle_Sainte-Catherine_(transept_sud)_-_Vitraux_(52171254468).jpg
Cathédrale_Notre-Dame_de_Strasbourg,25880,44,commons/Gothic_stained_glass_windows_of_Notre-Dame_de_Strasbourg/0/pictures/Strasbourg_(Bas-Rhin)_-_Cathédrale_Notre-Dame_-_Chapelle_Sainte-Catherine_(transept_sud)_-_Vitraux_(52171254468).jpg
Cathédrale_Notre-Dame_de_Strasbourg,25880,44,commons/Interior_of_Chapelle_Sainte-Catherine_(Notre-Dame_de_Strasbourg)/0/pictures/Chapelle_Sainte-Catherine_(Cathédrale_de_Strasbourg).jpg
Cathédrale_Notre-Dame_de_Strasbourg,25880,44,"commons/Gothic_stained_glass_windows_of_Notre-Dame_de_Strasbourg/0/pictures/Strasbourg_-_Notre-Dame_de_Strasbourg_-_Gothic_stained_glass_windows_1348_by_Johannes_de_Kirchheim,_depicting_the_Twelve_Apostles,_Mary_of_Magdala_&_Martha_02.jpg"
Cathédrale_Notre-Dame_de_Strasbourg,25880,44,"commons/Gothic_stained_glass_windows_of_Notre-Dame_de_Strasbourg/0/pictures/Strasbourg_-_Notre-Dame_de_Strasbourg_-_Gothic_stained_glass_windows_1348_by_Johannes_de_Kirchheim,_depicting_the_Twelve_Apostles,_Mary_of_Magdala_&_Martha_01.jpg"
Cathédrale_Notre-Dame_de_Strasbourg,25880,44,commons/Gothic_stained_glass_windows_of_Notre-Dame_de_Strasbourg/0/pictures/Strasbourg_-_Notre-Dame_de_Strasbourg_-_Southern_side_nave_-_Line-up_of_saint's_statues_and_a_depiction_of_the_Crucifixion_of_Christ_on_Golgotha_(Calvary)_with_Chapelle_Sainte-Catherine_in_the_back_02.jpg
Cathédrale_Notre-Dame_de_Strasbourg,25880,44,commons/Interior_of_Chapelle_Sainte-Catherine_(Notre-Dame_de_Strasbourg)/0/pictures/Vitraux_et_dormition_de_la_Vierge_de_la_chapelle_sainte-Catherine_de_la_Cathédrale_de_Strasbourg.jpg
Cathédrale_Notre-Dame_de_Strasbourg,25880,44,commons/Gothic_stained_glass_windows_of_Notre-Dame_de_Strasbourg/0/pictures/Vitraux_et_dormition_de_la_Vierge_de_la_chapelle_sainte-Catherine_de_la_Cathédrale_de_Strasbourg.jpg
Cathédrale_Notre-Dame_de_Strasbourg,25880,44,commons/Gothic_statues_of_Notre-Dame_de_Strasbourg/0/pictures/Strasbourg_(Bas-Rhin)_-_Cathédrale_Notre-Dame_-_Chapelle_Sainte-Catherine_(transept_sud)_-_Statues.jpg
Cathédrale_Notre-Dame_de_Strasbourg,25880,44,commons/Interior_of_Chapelle_Sainte-Catherine_(Notre-Dame_de_Strasbourg)/0/pictures/Cathédrale_de_Strasbourg_-_Intérieur_d'une_chapelle_-_20170213_154421.jpg
Cathédrale_Notre-Dame_de_Strasbourg,25880,44,commons/Statues_of_Notre-Dame_de_Strasbourg_(Inside)/0/pictures/Strasbourg_-_Notre-Dame_de_Strasbourg_-_Southern_side_nave_-_Line-up_of_saint's_statues_and_a_depiction_of_the_Crucifixion_of_Christ_on_Golgotha_(Calvary)_with_Chapelle_Sainte-Catherine_in_the_back_02.jpg
Cathédrale_Notre-Dame_de_Strasbourg,25880,44,"commons/Interior_of_Chapelle_Sainte-Catherine_(Notre-Dame_de_Strasbourg)/0/pictures/Strasbourg_-_Notre-Dame_de_Strasbourg_-_Gothic_stained_glass_windows_1348_by_Johannes_de_Kirchheim,_depicting_the_Twelve_Apostles,_Mary_of_Magdala_&_Martha_01.jpg"
Cathédrale_Notre-Dame_de_Strasbourg,25880,44,commons/Gothic_statues_of_Notre-Dame_de_Strasbourg/0/pictures/Chapelle_Sainte-Catherine_(Cathédrale_de_Strasbourg).jpg
Cathédrale_Notre-Dame_de_Strasbourg,25880,44,"commons/Interior_of_Chapelle_Sainte-Catherine_(Notre-Dame_de_Strasbourg)/0/pictures/Strasbourg_-_Notre-Dame_de_Strasbourg_-_Gothic_stained_glass_windows_1348_by_Johannes_de_Kirchheim,_depicting_the_Twelve_Apostles,_Mary_of_Magdala_&_Martha_02.jpg"
Cathédrale_Notre-Dame_de_Strasbourg,25880,45,commons/Statues_of_Notre-Dame_de_Strasbourg_(Inside)/0/pictures/Strasbourg_(Bas-Rhin)_-_Cathédrale_Notre-Dame_-_Chapelle_Sainte-Catherine_(transept_sud)_-_Statues.jpg
Cathédrale_Notre-Dame_de_Strasbourg,25880,45,commons/Statues_of_Notre-Dame_de_Strasbourg_(Inside)/0/pictures/Chapelle_Sainte-Catherine_(Cathédrale_de_Strasbourg).jpg
Cathédrale_Notre-Dame_de_Strasbourg,25880,45,commons/Nave_of_Notre-Dame_de_Strasbourg/0/pictures/Strasbourg_-_Notre-Dame_de_Strasbourg_-_Southern_side_nave_-_Line-up_of_saint's_statues_and_a_depiction_of_the_Crucifixion_of_Christ_on_Golgotha_(Calvary)_with_Chapelle_Sainte-Catherine_in_the_back_02.jpg
Cathédrale_Notre-Dame_de_Strasbourg,25880,45,commons/Interior_of_Chapelle_Sainte-Catherine_(Notre-Dame_de_Strasbourg)/0/pictures/Strasbourg_Cathedral_(52298044561).jpg
Cathédrale_Notre-Dame_de_Strasbourg,25880,45,commons/Interior_of_Chapelle_Sainte-Catherine_(Notre-Dame_de_Strasbourg)/0/pictures/Strasbourg_-_Notre-Dame_de_Strasbourg_-_Southern_side_nave_-_Line-up_of_saint's_statues_and_a_depiction_of_the_Crucifixion_of_Christ_on_Golgotha_(Calvary)_with_Chapelle_Sainte-Catherine_in_the_back_02.jpg
Cathédrale_Notre-Dame_de_Strasbourg,25880,45,commons/Gothic_stained_glass_windows_of_Notre-Dame_de_Strasbourg/0/pictures/Chapelle_Sainte-Catherine_(Cathédrale_de_Strasbourg).jpg
Cathédrale_Notre-Dame_de_Strasbourg,25880,45,"commons/Gothic_stained_glass_windows_of_Notre-Dame_de_Strasbourg/0/pictures/Strasbourg_-_Notre-Dame_de_Strasbourg_-_Gothic_stained_glass_windows_1348_by_Johannes_de_Kirchheim,_depicting_the_Twelve_Apostles,_Mary_of_Magdala_&_Martha_02.jpg"
Cathédrale_Notre-Dame_de_Strasbourg,25880,45,commons/Interior_of_Chapelle_Sainte-Catherine_(Notre-Dame_de_Strasbourg)/0/pictures/Vitraux_et_dormition_de_la_Vierge_de_la_chapelle_sainte-Catherine_de_la_Cathédrale_de_Strasbourg.jpg
Cathédrale_Notre-Dame_de_Strasbourg,25880,45,commons/Gothic_stained_glass_windows_of_Notre-Dame_de_Strasbourg/0/pictures/Vitraux_et_dormition_de_la_Vierge_de_la_chapelle_sainte-Catherine_de_la_Cathédrale_de_Strasbourg.jpg
Cathédrale_Notre-Dame_de_Strasbourg,25880,45,"commons/Gothic_stained_glass_windows_of_Notre-Dame_de_Strasbourg/0/pictures/Strasbourg_-_Notre-Dame_de_Strasbourg_-_Gothic_stained_glass_windows_1348_by_Johannes_de_Kirchheim,_depicting_the_Twelve_Apostles,_Mary_of_Magdala_&_Martha_01.jpg"
Cathédrale_Notre-Dame_de_Strasbourg,25880,45,"commons/Gothic_stained_glass_windows_of_Notre-Dame_de_Strasbourg/0/pictures/Strasbourg_-_Notre-Dame_de_Strasbourg_-_Gothic_stained_glass_windows_1348_by_Johannes_de_Kirchheim,_depicting_the_Twelve_Apostles,_Mary_of_Magdala_&_Martha_04.jpg"
Cathédrale_Notre-Dame_de_Strasbourg,25880,45,commons/Gothic_stained_glass_windows_of_Notre-Dame_de_Strasbourg/0/pictures/Strasbourg_-_Notre-Dame_de_Strasbourg_-_Southern_side_nave_-_Line-up_of_saint's_statues_and_a_depiction_of_the_Crucifixion_of_Christ_on_Golgotha_(Calvary)_with_Chapelle_Sainte-Catherine_in_the_back_02.jpg
Cathédrale_Notre-Dame_de_Strasbourg,25880,45,commons/Gothic_statues_of_Notre-Dame_de_Strasbourg/0/pictures/Strasbourg_(Bas-Rhin)_-_Cathédrale_Notre-Dame_-_Chapelle_Sainte-Catherine_(transept_sud)_-_Statues.jpg
Cathédrale_Notre-Dame_de_Strasbourg,25880,45,commons/Interior_of_Chapelle_Sainte-Catherine_(Notre-Dame_de_Strasbourg)/0/pictures/Cathédrale_de_Strasbourg_-_Intérieur_d'une_chapelle_-_20170213_154421.jpg
Cathédrale_Notre-Dame_de_Strasbourg,25880,45,commons/Statues_of_Notre-Dame_de_Strasbourg_(Inside)/0/pictures/Strasbourg_-_Notre-Dame_de_Strasbourg_-_Southern_side_nave_-_Line-up_of_saint's_statues_and_a_depiction_of_the_Crucifixion_of_Christ_on_Golgotha_(Calvary)_with_Chapelle_Sainte-Catherine_in_the_back_02.jpg
Cathédrale_Notre-Dame_de_Strasbourg,25880,45,"commons/Interior_of_Chapelle_Sainte-Catherine_(Notre-Dame_de_Strasbourg)/0/pictures/Strasbourg_-_Notre-Dame_de_Strasbourg_-_Gothic_stained_glass_windows_1348_by_Johannes_de_Kirchheim,_depicting_the_Twelve_Apostles,_Mary_of_Magdala_&_Martha_01.jpg"
Cathédrale_Notre-Dame_de_Strasbourg,25880,45,commons/Interior_of_Chapelle_Sainte-Catherine_(Notre-Dame_de_Strasbourg)/0/pictures/Chapelle_Sainte-Catherine_(Cathédrale_de_Strasbourg).jpg
Cathédrale_Notre-Dame_de_Strasbourg,25880,45,commons/Gothic_statues_of_Notre-Dame_de_Strasbourg/0/pictures/Chapelle_Sainte-Catherine_(Cathédrale_de_Strasbourg).jpg
Cathédrale_Notre-Dame_de_Strasbourg,25880,45,"commons/Interior_of_Chapelle_Sainte-Catherine_(Notre-Dame_de_Strasbourg)/0/pictures/Strasbourg_-_Notre-Dame_de_Strasbourg_-_Gothic_stained_glass_windows_1348_by_Johannes_de_Kirchheim,_depicting_the_Twelve_Apostles,_Mary_of_Magdala_&_Martha_02.jpg"
Cathédrale_Notre-Dame_de_Strasbourg,25880,45,"commons/Interior_of_Chapelle_Sainte-Catherine_(Notre-Dame_de_Strasbourg)/0/pictures/Strasbourg_-_Notre-Dame_de_Strasbourg_-_Gothic_stained_glass_windows_1348_by_Johannes_de_Kirchheim,_depicting_the_Twelve_Apostles,_Mary_of_Magdala_&_Martha_04.jpg"
Cathédrale_Notre-Dame_de_Strasbourg,25880,46,commons/Statues_of_Notre-Dame_de_Strasbourg_(Inside)/0/pictures/Strasbourg_(Bas-Rhin)_-_Cathédrale_Notre-Dame_-_Chapelle_Sainte-Catherine_(transept_sud)_-_Statues.jpg
Cathédrale_Notre-Dame_de_Strasbourg,25880,46,commons/Statues_of_Notre-Dame_de_Strasbourg_(Inside)/0/pictures/Chapelle_Sainte-Catherine_(Cathédrale_de_Strasbourg).jpg
Cathédrale_Notre-Dame_de_Strasbourg,25880,46,commons/Nave_of_Notre-Dame_de_Strasbourg/0/pictures/Strasbourg_-_Notre-Dame_de_Strasbourg_-_Southern_side_nave_-_Line-up_of_saint's_statues_and_a_depiction_of_the_Crucifixion_of_Christ_on_Golgotha_(Calvary)_with_Chapelle_Sainte-Catherine_in_the_back_02.jpg
Cathédrale_Notre-Dame_de_Strasbourg,25880,46,commons/Interior_of_Chapelle_Sainte-Catherine_(Notre-Dame_de_Strasbourg)/0/pictures/Strasbourg_Cathedral_(52298044561).jpg
Cathédrale_Notre-Dame_de_Strasbourg,25880,46,"commons/Gothic_stained_glass_windows_of_Notre-Dame_de_Strasbourg/0/pictures/Autel_de_la_Pietà,_chapelle_Sainte-Catherine_de_la_cathédrale_de_Strasbourg.jpg"
Cathédrale_Notre-Dame_de_Strasbourg,25880,46,"commons/Gothic_stained_glass_windows_of_Notre-Dame_de_Strasbourg/0/pictures/Strasbourg_-_Notre-Dame_de_Strasbourg_-_Gothic_stained_glass_windows_1348_by_Johannes_de_Kirchheim,_depicting_the_Twelve_Apostles,_Mary_of_Magdala_&_Martha_01.jpg"
Cathédrale_Notre-Dame_de_Strasbourg,25880,46,"commons/Gothic_stained_glass_windows_of_Notre-Dame_de_Strasbourg/0/pictures/Strasbourg_-_Notre-Dame_de_Strasbourg_-_Gothic_stained_glass_windows_1348_by_Johannes_de_Kirchheim,_depicting_the_Twelve_Apostles,_Mary_of_Magdala_&_Martha_02.jpg"
Cathédrale_Notre-Dame_de_Strasbourg,25880,46,commons/Gothic_stained_glass_windows_of_Notre-Dame_de_Strasbourg/0/pictures/Strasbourg_-_Notre-Dame_de_Strasbourg_-_Southern_side_nave_-_Line-up_of_saint's_statues_and_a_depiction_of_the_Crucifixion_of_Christ_on_Golgotha_(Calvary)_with_Chapelle_Sainte-Catherine_in_the_back_02.jpg
Cathédrale_Notre-Dame_de_Strasbourg,25880,46,commons/Interior_of_Chapelle_Sainte-Catherine_(Notre-Dame_de_Strasbourg)/0/pictures/Vitraux_et_dormition_de_la_Vierge_de_la_chapelle_sainte-Catherine_de_la_Cathédrale_de_Strasbourg.jpg
Cathédrale_Notre-Dame_de_Strasbourg,25880,46,commons/Gothic_stained_glass_windows_of_Notre-Dame_de_Strasbourg/0/pictures/Vitraux_et_dormition_de_la_Vierge_de_la_chapelle_sainte-Catherine_de_la_Cathédrale_de_Strasbourg.jpg
Cathédrale_Notre-Dame_de_Strasbourg,25880,46,commons/Interior_of_Chapelle_Sainte-Catherine_(Notre-Dame_de_Strasbourg)/0/pictures/Strasbourg_-_Notre-Dame_de_Strasbourg_-_Southern_side_nave_-_Line-up_of_saint's_statues_and_a_depiction_of_the_Crucifixion_of_Christ_on_Golgotha_(Calvary)_with_Chapelle_Sainte-Catherine_in_the_back_02.jpg
Cathédrale_Notre-Dame_de_Strasbourg,25880,46,commons/Gothic_stained_glass_windows_of_Notre-Dame_de_Strasbourg/0/pictures/Chapelle_Sainte-Catherine_(Cathédrale_de_Strasbourg).jpg
Cathédrale_Notre-Dame_de_Strasbourg,25880,46,"commons/Interior_of_Chapelle_Sainte-Catherine_(Notre-Dame_de_Strasbourg)/0/pictures/Autel_de_la_Pietà,_chapelle_Sainte-Catherine_de_la_cathédrale_de_Strasbourg.jpg"
Cathédrale_Notre-Dame_de_Strasbourg,25880,46,commons/Gothic_statues_of_Notre-Dame_de_Strasbourg/0/pictures/Strasbourg_(Bas-Rhin)_-_Cathédrale_Notre-Dame_-_Chapelle_Sainte-Catherine_(transept_sud)_-_Statues.jpg
Cathédrale_Notre-Dame_de_Strasbourg,25880,46,commons/Interior_of_Chapelle_Sainte-Catherine_(Notre-Dame_de_Strasbourg)/0/pictures/Cathédrale_de_Strasbourg_-_Intérieur_d'une_chapelle_-_20170213_154421.jpg
Cathédrale_Notre-Dame_de_Strasbourg,25880,46,commons/Statues_of_Notre-Dame_de_Strasbourg_(Inside)/0/pictures/Strasbourg_-_Notre-Dame_de_Strasbourg_-_Southern_side_nave_-_Line-up_of_saint's_statues_and_a_depiction_of_the_Crucifixion_of_Christ_on_Golgotha_(Calvary)_with_Chapelle_Sainte-Catherine_in_the_back_02.jpg
Cathédrale_Notre-Dame_de_Strasbourg,25880,46,"commons/Interior_of_Chapelle_Sainte-Catherine_(Notre-Dame_de_Strasbourg)/0/pictures/Strasbourg_-_Notre-Dame_de_Strasbourg_-_Gothic_stained_glass_windows_1348_by_Johannes_de_Kirchheim,_depicting_the_Twelve_Apostles,_Mary_of_Magdala_&_Martha_01.jpg"
Cathédrale_Notre-Dame_de_Strasbourg,25880,46,commons/Interior_of_Chapelle_Sainte-Catherine_(Notre-Dame_de_Strasbourg)/0/pictures/Chapelle_Sainte-Catherine_(Cathédrale_de_Strasbourg).jpg
Cathédrale_Notre-Dame_de_Strasbourg,25880,46,commons/Gothic_statues_of_Notre-Dame_de_Strasbourg/0/pictures/Chapelle_Sainte-Catherine_(Cathédrale_de_Strasbourg).jpg
Cathédrale_Notre-Dame_de_Strasbourg,25880,46,"commons/Interior_of_Chapelle_Sainte-Catherine_(Notre-Dame_de_Strasbourg)/0/pictures/Strasbourg_-_Notre-Dame_de_Strasbourg_-_Gothic_stained_glass_windows_1348_by_Johannes_de_Kirchheim,_depicting_the_Twelve_Apostles,_Mary_of_Magdala_&_Martha_02.jpg"
Cathédrale_Notre-Dame_de_Strasbourg,25880,47,"commons/Narthex_of_Notre-Dame_de_Strasbourg/0/pictures/Verrière_gothique_de_la_cathédrale,_Strasbourg.jpg"
Cathédrale_Notre-Dame_de_Strasbourg,25880,47,commons/Narthex_of_Notre-Dame_de_Strasbourg/0/pictures/Strasbourg_-_Notre-Dame_de_Strasbourg_-_Narthex_-_Stained_Glass_Window_on_North_side_02.jpg
Cathédrale_Notre-Dame_de_Strasbourg,25880,47,commons/Narthex_of_Notre-Dame_de_Strasbourg/0/pictures/Strasbourg_-_Notre-Dame_de_Strasbourg_-_Narthex_-_Stained_Glass_Window_on_North_side_04.jpg
Cathédrale_Notre-Dame_de_Strasbourg,25880,47,commons/Narthex_of_Notre-Dame_de_Strasbourg/0/pictures/Verrière_gothique_de_la_cathédrale_de_Strasbourg_HDR.jpg
Cathédrale_Notre-Dame_de_Strasbourg,25880,47,"commons/Narthex_of_Notre-Dame_de_Strasbourg/0/pictures/Strasbourg_-_Notre-Dame_de_Strasbourg_-_Narthex_-_Leica_zoom_lens_panorama_of_northern_stained_glass_window,_depicting_the_first_chapters_of_Genesis_02.jpg"
Cathédrale_Notre-Dame_de_Strasbourg,25880,47,commons/Narthex_of_Notre-Dame_de_Strasbourg/0/pictures/Verrière_gothique_de_la_cathédrale_de_Strasbourg.jpg
Cathédrale_Notre-Dame_de_Strasbourg,25880,47,"commons/Narthex_of_Notre-Dame_de_Strasbourg/0/pictures/Strasbourg_-_Notre-Dame_de_Strasbourg_-_Narthex_-_Leica_zoom_lens_panorama_of_northern_stained_glass_window,_depicting_the_first_chapters_of_Genesis_04.jpg"
Cathédrale_Notre-Dame_de_Strasbourg,25880,47,commons/Narthex_of_Notre-Dame_de_Strasbourg/0/pictures/Strasbourg_(Bas-Rhin)_-_Cathédrale_Notre-Dame_-_Verrières_basses_coté_nord_(baie_17)_-_La_Genèse.jpg
Cathédrale_Notre-Dame_de_Strasbourg,25880,47,commons/Narthex_of_Notre-Dame_de_Strasbourg/0/pictures/Straßburg_Cathédrale_Notre-Dame_Innen_Buntglasfenster_1.jpg
Cathédrale_Notre-Dame_de_Strasbourg,25880,47,commons/Gothic_stained_glass_windows_of_Notre-Dame_de_Strasbourg/0/pictures/Strasbourg_(Bas-Rhin)_-_Cathédrale_Notre-Dame_-_Verrières_basses_coté_nord_(baie_17)_-_La_Genèse_-_52190445065.jpg
Cathédrale_Notre-Dame_de_Strasbourg,25880,47,commons/Gothic_stained_glass_windows_of_Notre-Dame_de_Strasbourg/0/pictures/Strasbourg_-_Notre-Dame_de_Strasbourg_-_Narthex_-_Stained_Glass_Window_on_North_side_04.jpg
Cathédrale_Notre-Dame_de_Strasbourg,25880,47,"commons/Narthex_of_Notre-Dame_de_Strasbourg/0/pictures/Strasbourg_-_Notre-Dame_de_Strasbourg_-_Narthex_-_Leica_zoom_lens_panorama_of_northern_stained_glass_window,_depicting_the_first_chapters_of_Genesis_03.jpg"
Cathédrale_Notre-Dame_de_Strasbourg,25880,47,commons/Gothic_stained_glass_windows_of_Notre-Dame_de_Strasbourg/0/pictures/Strasbourg_(Bas-Rhin)_-_Cathédrale_Notre-Dame_-_Verrières_basses_coté_nord_(baie_17)_-_La_Genèse_-_52189959921.jpg
Cathédrale_Notre-Dame_de_Strasbourg,25880,47,commons/Gothic_stained_glass_windows_of_Notre-Dame_de_Strasbourg/0/pictures/Strasbourg_(Bas-Rhin)_-_Cathédrale_Notre-Dame_-_Verrières_basses_coté_nord_(baie_17)_-_La_Genèse.jpg
Cathédrale_Notre-Dame_de_Strasbourg,25880,47,commons/Narthex_of_Notre-Dame_de_Strasbourg/0/pictures/Strasbourg_-_Notre-Dame_de_Strasbourg_-_Narthex_-_Stained_Glass_Window_on_North_side_03.jpg
Cathédrale_Notre-Dame_de_Strasbourg,25880,47,"commons/Gothic_stained_glass_windows_of_Notre-Dame_de_Strasbourg/0/pictures/Strasbourg_-_Notre-Dame_de_Strasbourg_-_Narthex_-_Leica_zoom_lens_panorama_of_northern_stained_glass_window,_depicting_the_first_chapters_of_Genesis_04.jpg"
Cathédrale_Notre-Dame_de_Strasbourg,25880,47,commons/Narthex_of_Notre-Dame_de_Strasbourg/0/pictures/Strasbourg_(Bas-Rhin)_-_Cathédrale_Notre-Dame_-_Verrières_basses_coté_nord_(baie_17)_-_La_Genèse_-_52189959921.jpg
Cathédrale_Notre-Dame_de_Strasbourg,25880,47,commons/Gothic_stained_glass_windows_of_Notre-Dame_de_Strasbourg/0/pictures/Strasbourg_-_Notre-Dame_de_Strasbourg_-_Narthex_-_Stained_Glass_Window_on_North_side_02.jpg
Cathédrale_Notre-Dame_de_Strasbourg,25880,47,"commons/Narthex_of_Notre-Dame_de_Strasbourg/0/pictures/Strasbourg_-_Notre-Dame_de_Strasbourg_-_Narthex_-_Leica_zoom_lens_panorama_of_northern_stained_glass_window,_depicting_the_first_chapters_of_Genesis_01.jpg"
Cathédrale_Notre-Dame_de_Strasbourg,25880,47,commons/Gothic_stained_glass_windows_of_Notre-Dame_de_Strasbourg/0/pictures/Strasbourg_-_Notre-Dame_de_Strasbourg_-_Narthex_-_Stained_Glass_Window_on_North_side_03.jpg
Cathédrale_Notre-Dame_de_Strasbourg,25880,47,commons/Gothic_stained_glass_windows_of_Notre-Dame_de_Strasbourg/0/pictures/Verrière_gothique_de_la_cathédrale_de_Strasbourg.jpg
Cathédrale_Notre-Dame_de_Strasbourg,25880,47,commons/Gothic_stained_glass_windows_of_Notre-Dame_de_Strasbourg/0/pictures/Straßburg_Cathédrale_Notre-Dame_Innen_Buntglasfenster_1.jpg
Cathédrale_Notre-Dame_de_Strasbourg,25880,47,"commons/Gothic_stained_glass_windows_of_Notre-Dame_de_Strasbourg/0/pictures/Strasbourg_-_Notre-Dame_de_Strasbourg_-_Narthex_-_Leica_zoom_lens_panorama_of_northern_stained_glass_window,_depicting_the_first_chapters_of_Genesis_01.jpg"
Cathédrale_Notre-Dame_de_Strasbourg,25880,47,"commons/Gothic_stained_glass_windows_of_Notre-Dame_de_Strasbourg/0/pictures/Verrière_gothique_de_la_cathédrale,_Strasbourg.jpg"
Cathédrale_Notre-Dame_de_Strasbourg,25880,47,"commons/Gothic_stained_glass_windows_of_Notre-Dame_de_Strasbourg/0/pictures/Strasbourg_-_Notre-Dame_de_Strasbourg_-_Narthex_-_Leica_zoom_lens_panorama_of_northern_stained_glass_window,_depicting_the_first_chapters_of_Genesis_03.jpg"
Cathédrale_Notre-Dame_de_Strasbourg,25880,47,commons/Narthex_of_Notre-Dame_de_Strasbourg/0/pictures/Strasbourg_(Bas-Rhin)_-_Cathédrale_Notre-Dame_-_Verrières_basses_coté_nord_(baie_17)_-_La_Genèse_-_52190445065.jpg
Cathédrale_Notre-Dame_de_Strasbourg,25880,48,commons/Romanesque_stained_glass_windows_of_Notre-Dame_de_Strasbourg/0/pictures/Strasbourg_cathedral_crypt_angel_stained_glass_window_situation.jpg
Cathédrale_Notre-Dame_de_Strasbourg,25880,48,commons/Crypt_of_Notre-Dame_de_Strasbourg/0/pictures/Vitrail_chœur_crypte_Cathédrale_Notre-Dame_de_Strasbourg_nov_2014.jpg
Cathédrale_Notre-Dame_de_Strasbourg,25880,48,commons/Romanesque_stained_glass_windows_of_Notre-Dame_de_Strasbourg/0/pictures/Strasbourg_cathedral_crypt_angel_stained_glass_window.jpg
Cathédrale_Notre-Dame_de_Strasbourg,25880,48,commons/Crypt_of_Notre-Dame_de_Strasbourg/0/pictures/Voûte_crypte_Cathédrale_Notre-Dame_de_Strasbourg_nov_2014_01.jpg
Cathédrale_Notre-Dame_de_Strasbourg,25880,48,commons/Romanesque_stained_glass_windows_of_Notre-Dame_de_Strasbourg/0/pictures/Vitrail_chœur_crypte_Cathédrale_Notre-Dame_de_Strasbourg_nov_2014.jpg
Cathédrale_Notre-Dame_de_Strasbourg,25880,48,commons/Crypt_of_Notre-Dame_de_Strasbourg/0/pictures/Strasbourg_cathedral_crypt_angel_stained_glass_window.jpg
Cathédrale_Notre-Dame_de_Strasbourg,25880,48,commons/Crypt_of_Notre-Dame_de_Strasbourg/0/pictures/Crypte_cathédrale_Notre-Dame_de_Strasbourg_nov_2014.jpg
Cathédrale_Notre-Dame_de_Strasbourg,25880,48,commons/Crypt_of_Notre-Dame_de_Strasbourg/0/pictures/Strasbourg_cathedral_crypt_angel_stained_glass_window_situation.jpg
Cathédrale_Notre-Dame_de_Strasbourg,25880,48,commons/Crypt_of_Notre-Dame_de_Strasbourg/0/pictures/Crypte_strasbourg.jpg
Cathédrale_Notre-Dame_de_Strasbourg,25880,48,commons/Romanesque_stained_glass_windows_of_Notre-Dame_de_Strasbourg/0/pictures/Cath_Crypte_b.jpg
Cathédrale_Notre-Dame_de_Strasbourg,25880,48,commons/Crypt_of_Notre-Dame_de_Strasbourg/0/pictures/Cath_Crypte_b.jpg
Cathédrale_Notre-Dame_de_Strasbourg,25880,48,commons/Crypt_of_Notre-Dame_de_Strasbourg/0/pictures/Cath_Crypte_a.jpg
Cathédrale_Notre-Dame_de_Strasbourg,25880,49,commons/Statues_of_Notre-Dame_de_Strasbourg_(Inside)/0/pictures/Strasbourg_-_Notre-Dame_de_Strasbourg_-_Northern_side_nave_-_Late_Gothic_Chapelle_Saint-Laurent_1495-1505_by_Jakob_von_Landshut_(1450-1509)_07.jpg
Cathédrale_Notre-Dame_de_Strasbourg,25880,49,commons/Statues_of_Notre-Dame_de_Strasbourg_(Inside)/0/pictures/Strasbourg_-_Notre-Dame_de_Strasbourg_-_Northern_side_nave_-_Late_Gothic_Chapelle_Saint-Laurent_1495-1505_by_Jakob_von_Landshut_(1450-1509)_05.jpg
Cathédrale_Notre-Dame_de_Strasbourg,25880,49,commons/Statues_of_Notre-Dame_de_Strasbourg_(Inside)/0/pictures/Strasbourg_-_Notre-Dame_de_Strasbourg_-_Northern_side_nave_-_Late_Gothic_Chapelle_Saint-Laurent_1495-1505_by_Jakob_von_Landshut_(1450-1509)_01.jpg
Cathédrale_Notre-Dame_de_Strasbourg,25880,49,commons/Statues_of_Notre-Dame_de_Strasbourg_(Inside)/0/pictures/Strasbourg_-_Notre-Dame_de_Strasbourg_-_Northern_side_nave_-_Late_Gothic_Chapelle_Saint-Laurent_1495-1505_by_Jakob_von_Landshut_(1450-1509)_04.jpg
Cathédrale_Notre-Dame_de_Strasbourg,25880,49,commons/Interior_of_Notre-Dame_de_Strasbourg/0/pictures/Cathédrale_Notre-Dame_de_Strasbourg_@_Strasbourg_(44844624244).jpg
Cathédrale_Notre-Dame_de_Strasbourg,25880,49,commons/Interior_of_Chapelle_Saint-Laurent_(Notre-Dame_de_Strasbourg)/0/pictures/Strasbourg_-_Notre-Dame_de_Strasbourg_-_Northern_side_nave_-_Late_Gothic_Chapelle_Saint-Laurent_1495-1505_by_Jakob_von_Landshut_(1450-1509)_07.jpg
Cathédrale_Notre-Dame_de_Strasbourg,25880,49,commons/Interior_of_Chapelle_Saint-Laurent_(Notre-Dame_de_Strasbourg)/0/pictures/Strasbourg_Cathedral_Stained_Glass.jpg
Cathédrale_Notre-Dame_de_Strasbourg,25880,49,commons/Interior_of_Chapelle_Saint-Laurent_(Notre-Dame_de_Strasbourg)/0/pictures/Stained_glass_windows_of_Notre-Dame_de_Strasbourg_5751.jpg
Cathédrale_Notre-Dame_de_Strasbourg,25880,49,commons/Interior_of_Chapelle_Saint-Laurent_(Notre-Dame_de_Strasbourg)/0/pictures/Strasbourg_-_Notre-Dame_de_Strasbourg_-_Northern_side_nave_-_Late_Gothic_Chapelle_Saint-Laurent_1495-1505_by_Jakob_von_Landshut_(1450-1509)_05.jpg
Cathédrale_Notre-Dame_de_Strasbourg,25880,49,commons/Interior_of_Chapelle_Saint-Laurent_(Notre-Dame_de_Strasbourg)/0/pictures/Strasbourg_-_Notre-Dame_de_Strasbourg_-_Northern_side_nave_-_Late_Gothic_Chapelle_Saint-Laurent_1495-1505_by_Jakob_von_Landshut_(1450-1509)_02.jpg
Cathédrale_Notre-Dame_de_Strasbourg,25880,49,commons/Interior_of_Chapelle_Saint-Laurent_(Notre-Dame_de_Strasbourg)/0/pictures/Strasbourg_-_Notre-Dame_de_Strasbourg_-_Northern_side_nave_-_Late_Gothic_Chapelle_Saint-Laurent_1495-1505_by_Jakob_von_Landshut_(1450-1509)_03.jpg
Cathédrale_Notre-Dame_de_Strasbourg,25880,49,"commons/Gothic_stained_glass_windows_of_Notre-Dame_de_Strasbourg/0/pictures/Chapelle_Saint-Laurent,_Cathédrale_de_Strasbourg.jpg"
Cathédrale_Notre-Dame_de_Strasbourg,25880,49,commons/Interior_of_Chapelle_Saint-Laurent_(Notre-Dame_de_Strasbourg)/0/pictures/Strasbourg_-_Notre-Dame_de_Strasbourg_-_Northern_side_nave_-_Late_Gothic_Chapelle_Saint-Laurent_1495-1505_by_Jakob_von_Landshut_(1450-1509)_01.jpg
Cathédrale_Notre-Dame_de_Strasbourg,25880,49,commons/Gothic_stained_glass_windows_of_Notre-Dame_de_Strasbourg/0/pictures/Stained_glass_windows_of_Notre-Dame_de_Strasbourg_5751.jpg
Cathédrale_Notre-Dame_de_Strasbourg,25880,49,commons/Gothic_stained_glass_windows_of_Notre-Dame_de_Strasbourg/0/pictures/Strasbourg_-_Notre-Dame_de_Strasbourg_-_Northern_side_nave_-_Late_Gothic_Chapelle_Saint-Laurent_1495-1505_by_Jakob_von_Landshut_(1450-1509)_01.jpg
Cathédrale_Notre-Dame_de_Strasbourg,25880,49,commons/Gothic_stained_glass_windows_of_Notre-Dame_de_Strasbourg/0/pictures/Strasbourg_-_Notre-Dame_de_Strasbourg_-_Northern_side_nave_-_Late_Gothic_Chapelle_Saint-Laurent_1495-1505_by_Jakob_von_Landshut_(1450-1509)_04.jpg
Cathédrale_Notre-Dame_de_Strasbourg,25880,49,commons/Gothic_stained_glass_windows_of_Notre-Dame_de_Strasbourg/0/pictures/Strasbourg_-_Notre-Dame_de_Strasbourg_-_Northern_side_nave_-_Late_Gothic_Chapelle_Saint-Laurent_1495-1505_by_Jakob_von_Landshut_(1450-1509)_03.jpg
Cathédrale_Notre-Dame_de_Strasbourg,25880,49,commons/Gothic_stained_glass_windows_of_Notre-Dame_de_Strasbourg/0/pictures/Strasbourg_-_Notre-Dame_de_Strasbourg_-_Northern_side_nave_-_Late_Gothic_Chapelle_Saint-Laurent_1495-1505_by_Jakob_von_Landshut_(1450-1509)_05.jpg
Cathédrale_Notre-Dame_de_Strasbourg,25880,49,commons/Gothic_stained_glass_windows_of_Notre-Dame_de_Strasbourg/0/pictures/Strasbourg_-_Notre-Dame_de_Strasbourg_-_Northern_side_nave_-_Late_Gothic_Chapelle_Saint-Laurent_1495-1505_by_Jakob_von_Landshut_(1450-1509)_07.jpg
Cathédrale_Notre-Dame_de_Strasbourg,25880,49,commons/Interior_of_Chapelle_Saint-Laurent_(Notre-Dame_de_Strasbourg)/0/pictures/2021-03-27_13-27-45_strasbourg.jpg
Cathédrale_Notre-Dame_de_Strasbourg,25880,49,commons/Gothic_stained_glass_windows_of_Notre-Dame_de_Strasbourg/0/pictures/Strasbourg_Cathedral_Stained_Glass.jpg
Cathédrale_Notre-Dame_de_Strasbourg,25880,49,commons/Gothic_stained_glass_windows_of_Notre-Dame_de_Strasbourg/0/pictures/Strasbourg_-_Notre-Dame_de_Strasbourg_-_Northern_side_nave_-_Late_Gothic_Chapelle_Saint-Laurent_1495-1505_by_Jakob_von_Landshut_(1450-1509)_02.jpg
Cathédrale_Notre-Dame_de_Strasbourg,25880,49,"commons/Interior_of_Chapelle_Saint-Laurent_(Notre-Dame_de_Strasbourg)/0/pictures/Chapelle_Saint-Laurent,_Cathédrale_de_Strasbourg.jpg"
Cathédrale_Notre-Dame_de_Strasbourg,25880,49,commons/Interior_of_Chapelle_Saint-Laurent_(Notre-Dame_de_Strasbourg)/0/pictures/Strasbourg_-_Notre-Dame_de_Strasbourg_-_Northern_side_nave_-_Late_Gothic_Chapelle_Saint-Laurent_1495-1505_by_Jakob_von_Landshut_(1450-1509)_04.jpg
