scene,scene_id,model,image
Statue_of_Liberty,260909,0,commons/WLMUS_2017_images_of_the_Statue_of_Liberty/0/pictures/DSC_0114-10.jpg
Statue_of_Liberty,260909,0,commons/WLMUS_2012_images_of_the_Statue_of_Liberty/0/pictures/Ellis_Island_and_Liberty_08.jpg
Statue_of_Liberty,260909,0,commons/Upshots_of_the_Statue_of_Liberty/0/pictures/Statueofliberty.jpg
Statue_of_Liberty,260909,0,commons/Upshots_of_the_Statue_of_Liberty/0/pictures/Statue_of_Liberty_frontal_2.jpg
Statue_of_Liberty,260909,0,commons/Upshots_of_the_Statue_of_Liberty/0/pictures/Statue_of_Liberty_18.JPG
Statue_of_Liberty,260909,0,commons/Upshots_of_the_Statue_of_Liberty/0/pictures/Statue_of_Liberty_2017.jpg
Statue_of_Liberty,260909,0,commons/Upshots_of_the_Statue_of_Liberty/0/pictures/Statue_of_Liberty_10.JPG
Statue_of_Liberty,260909,0,commons/Upshots_of_the_Statue_of_Liberty/0/pictures/Statue_of_liberty_2.jpg
Statue_of_Liberty,260909,0,commons/Upshots_of_the_Statue_of_Liberty/0/pictures/Statue_of_Liberty_GS.jpg
Statue_of_Liberty,260909,0,commons/Upshots_of_the_Statue_of_Liberty/0/pictures/Statue_of_Liberty_01.jpg
Statue_of_Liberty,260909,0,commons/Upshots_of_the_Statue_of_Liberty/0/pictures/Shine_of_Statue_of_Liberty.jpg
Statue_of_Liberty,260909,0,commons/Upshots_of_the_Statue_of_Liberty/0/pictures/Statue_of_Liberty_6a.jpg
Statue_of_Liberty,260909,0,commons/Upshots_of_the_Statue_of_Liberty/0/pictures/Statue_of_Liberty_(left_side_view)_september_2014.JPG
Statue_of_Liberty,260909,0,commons/Upshots_of_the_Statue_of_Liberty/0/pictures/NYC_12_1_(6628717057).jpg
Statue_of_Liberty,260909,0,commons/Upshots_of_the_Statue_of_Liberty/0/pictures/Statue_of_Liberty_2001.jpg
Statue_of_Liberty,260909,0,commons/Upshots_of_the_Statue_of_Liberty/0/pictures/Statue_Of_Liberty_Close_Up_3.jpg
Statue_of_Liberty,260909,0,commons/Upshots_of_the_Statue_of_Liberty/0/pictures/Statue_of_Liberty_-_04.jpg
Statue_of_Liberty,260909,0,commons/Upshots_of_the_Statue_of_Liberty/0/pictures/Statue_of_Liberty_002.jpg
Statue_of_Liberty,260909,0,commons/Upshots_of_the_Statue_of_Liberty/0/pictures/Statue_of_Liberty_2011a.jpg
Statue_of_Liberty,260909,0,commons/Upshots_of_the_Statue_of_Liberty/0/pictures/Statue_of_Liberty_(6279783404).jpg
Statue_of_Liberty,260909,0,commons/Upshots_of_the_Statue_of_Liberty/0/pictures/NYC_14_1_(6628744017).jpg
Statue_of_Liberty,260909,0,commons/Upshots_of_the_Statue_of_Liberty/0/pictures/Statue_of_Liberty_14.jpg
Statue_of_Liberty,260909,0,commons/Upshots_of_the_Statue_of_Liberty/0/pictures/Statue_of_Liberty_001.jpg
Statue_of_Liberty,260909,0,commons/Upshots_of_the_Statue_of_Liberty/0/pictures/NYC_13_1_(6628729225).jpg
Statue_of_Liberty,260909,0,commons/Upshots_of_the_Statue_of_Liberty/0/pictures/Statue_of_Liberty_(23201716352).jpg
Statue_of_Liberty,260909,0,commons/Upshots_of_the_Statue_of_Liberty/0/pictures/Statue_of_Lady_Liberty.jpg
Statue_of_Liberty,260909,0,commons/Upshots_of_the_Statue_of_Liberty/0/pictures/Sol12.jpg
Statue_of_Liberty,260909,0,commons/Upshots_of_the_Statue_of_Liberty/0/pictures/Statue_Of_Liberty_Close_Up_1.jpg
Statue_of_Liberty,260909,0,commons/Upshots_of_the_Statue_of_Liberty/0/pictures/STATUE_OF_LIBERTY.jpg
Statue_of_Liberty,260909,0,commons/Upshots_of_the_Statue_of_Liberty/0/pictures/Mrs._Liberty_-_panoramio.jpg
Statue_of_Liberty,260909,0,commons/Upshots_of_the_Statue_of_Liberty/0/pictures/Mrs._Liberty_(Near)_-_panoramio.jpg
Statue_of_Liberty,260909,0,commons/Upshots_of_the_Statue_of_Liberty/0/pictures/Statue_of_Liberty_(6279262751).jpg
Statue_of_Liberty,260909,0,commons/Upshots_of_the_Statue_of_Liberty/0/pictures/NYC_Liberty_6.JPG
Statue_of_Liberty,260909,0,commons/Upshots_of_the_Statue_of_Liberty/0/pictures/Miss_Liberty2.JPG
Statue_of_Liberty,260909,0,commons/Upshots_of_the_Statue_of_Liberty/0/pictures/Majestic_Liberty.jpg
Statue_of_Liberty,260909,0,commons/Upshots_of_the_Statue_of_Liberty/0/pictures/NYC_Liberty_5.JPG
Statue_of_Liberty,260909,0,"commons/Upshots_of_the_Statue_of_Liberty/0/pictures/Liberty_Island,_New_York,_NJ,_USA_-_panoramio_(3).jpg"
Statue_of_Liberty,260909,0,commons/Upshots_of_the_Statue_of_Liberty/0/pictures/Manhattan_-_New_York_City_(4855487304).jpg
Statue_of_Liberty,260909,0,commons/Upshots_of_the_Statue_of_Liberty/0/pictures/Lady_liberty_up_close.jpg
Statue_of_Liberty,260909,0,commons/Upshots_of_the_Statue_of_Liberty/0/pictures/Euskal_Diaspora._New_York.jpg
Statue_of_Liberty,260909,0,commons/Upshots_of_the_Statue_of_Liberty/0/pictures/NewYork_LibertyStatue.jpg
Statue_of_Liberty,260909,0,commons/Upshots_of_the_Statue_of_Liberty/0/pictures/Liberty’s_Light.png
Statue_of_Liberty,260909,0,commons/Upshots_of_the_Statue_of_Liberty/0/pictures/LadyLiberty03.jpg
Statue_of_Liberty,260909,0,commons/Upshots_of_the_Statue_of_Liberty/0/pictures/Liberty-statue-from-below.jpg
Statue_of_Liberty,260909,0,commons/Upshots_of_the_Statue_of_Liberty/0/pictures/Lady_Liberty_2015.jpg
Statue_of_Liberty,260909,0,commons/Upshots_of_the_Statue_of_Liberty/0/pictures/FlamesOfLiberty.jpg
Statue_of_Liberty,260909,0,commons/Upshots_of_the_Statue_of_Liberty/0/pictures/Copper_Lady.jpg
Statue_of_Liberty,260909,0,commons/Upshots_of_the_Statue_of_Liberty/0/pictures/Looking_at_Freedom.jpg
Statue_of_Liberty,260909,0,commons/Upshots_of_the_Statue_of_Liberty/0/pictures/Anthony_DELANOIX_2015-04-13_(Unsplash).jpg
Statue_of_Liberty,260909,0,commons/Upshots_of_the_Statue_of_Liberty/0/pictures/Liberty_Statue_(16841011).jpeg
Statue_of_Liberty,260909,0,commons/Upshots_of_the_Statue_of_Liberty/0/pictures/LadyLiberty01.jpg
Statue_of_Liberty,260909,0,"commons/Upshots_of_the_Statue_of_Liberty/0/pictures/Assignment-_48-DPA-SOI_K_NY_2006_S)_Visit_of_Secretary-designate_Dirk_Kempthorne_(and_aides)_to_New_York_City,_New_York,_(for_touring,_discussions_with_National_Park_Service_staff_a_-_DPLA_-_a160da90e13adb92e604fc70d569ac6f.JPG"
Statue_of_Liberty,260909,0,commons/Upshots_of_the_Statue_of_Liberty/0/pictures/La_iluminada_libertad_-_panoramio.jpg
Statue_of_Liberty,260909,0,commons/Upshots_of_the_Statue_of_Liberty/0/pictures/Liberty+Albrecht.jpg
Statue_of_Liberty,260909,0,commons/Upshots_of_the_Statue_of_Liberty/0/pictures/Liberty_State_Park.jpg
Statue_of_Liberty,260909,0,commons/Upshots_of_the_Statue_of_Liberty/0/pictures/Flickr_-_Official_U.S._Navy_Imagery_-_Sailors_assist_with_Hurricane_Sandy_clean-up._(9).jpg
Statue_of_Liberty,260909,0,commons/Upshots_of_the_Statue_of_Liberty/0/pictures/Ariel_en_new_york.jpg
Statue_of_Liberty,260909,0,commons/Upshots_of_the_Statue_of_Liberty/0/pictures/500px_photo_(28952193).jpeg
Statue_of_Liberty,260909,0,commons/Upshots_of_the_Statue_of_Liberty/0/pictures/Beautiful_details_of_the_Statue_of_Liberty.jpg
Statue_of_Liberty,260909,0,commons/Upshots_of_the_Statue_of_Liberty/0/pictures/Adk6.jpg
Statue_of_Liberty,260909,0,commons/Upshots_of_the_Statue_of_Liberty/0/pictures/Adk10.jpg
Statue_of_Liberty,260909,0,commons/Upshots_of_the_Statue_of_Liberty/0/pictures/Freedom_At_A_Glance.jpg
Statue_of_Liberty,260909,0,commons/Upshots_of_the_Statue_of_Liberty/0/pictures/Flickr_-_The_U.S._Army_-_The_Golden_Knights_land_at_Statue_of_Liberty_in_New_York_City_(3).jpg
Statue_of_Liberty,260909,0,commons/Upshots_of_the_Statue_of_Liberty/0/pictures/116_NYC_(Liberty_Island).jpg
Statue_of_Liberty,260909,0,commons/Upshots_of_the_Statue_of_Liberty/0/pictures/Freiheit_2013-10-22_22-29.jpg
Statue_of_Liberty,260909,0,commons/Upshots_of_the_Statue_of_Liberty/0/pictures/Lady_Liberty_From_NirmalyaOne.jpg
Statue_of_Liberty,260909,0,commons/Torch_of_the_Statue_of_Liberty/0/pictures/Statue_of_Liberty_--_Liberty_Island_(NY)_April_2016_(26714239335).jpg
Statue_of_Liberty,260909,0,"commons/Upshots_of_the_Statue_of_Liberty/0/pictures/3_New_York,_Statue_of_Liberty.jpg"
Statue_of_Liberty,260909,0,commons/Upshots_of_the_Statue_of_Liberty/0/pictures/B&W_Statue_of_Liberty.jpg
Statue_of_Liberty,260909,0,commons/Upshots_of_the_Statue_of_Liberty/0/pictures/B&W_Statue_of_Liberty_crop.jpg
Statue_of_Liberty,260909,0,commons/Tablet_of_the_Statue_of_Liberty/0/pictures/Statue_liberty22.jpg
Statue_of_Liberty,260909,0,"commons/Statue_of_Liberty_in_the_2000s/0/pictures/Cities-_New_York_City,_New_York_-_DPLA_-_0b6739510062ea9a527d88553ce1435d.jpg"
Statue_of_Liberty,260909,0,commons/Statue_of_Liberty_in_the_21st_century/0/pictures/Statue_of_liberty_pedestal_and_liberty_island.jpg
Statue_of_Liberty,260909,0,commons/Statue_of_Liberty_in_the_1990s/0/pictures/Statue_of_Liberty_(NY)_September_1990_(24473669581).jpg
Statue_of_Liberty,260909,0,commons/Statue_of_Liberty_in_September_2017/0/pictures/FlamesOfLiberty.jpg
Statue_of_Liberty,260909,0,commons/Statue_of_Liberty_in_September_2017/0/pictures/Statue_of_Liberty_GS.jpg
Statue_of_Liberty,260909,0,commons/Statue_of_Liberty_in_September_2013/0/pictures/Statue_of_Liberty_from_front.jpg
Statue_of_Liberty,260909,0,commons/Statue_of_Liberty_in_September_2013/0/pictures/Statue_of_Liberty_and_base.JPG
Statue_of_Liberty,260909,0,commons/Statue_of_Liberty_in_September_2017/0/pictures/Adk7.jpg
Statue_of_Liberty,260909,0,commons/Statue_of_Liberty_in_September_2017/0/pictures/Adk6.jpg
Statue_of_Liberty,260909,0,commons/Statue_of_Liberty_in_September_2017/0/pictures/Adk8.jpg
Statue_of_Liberty,260909,0,commons/Statue_of_Liberty_in_September_2017/0/pictures/Statue_of_Liberty_view_by_Dalel.jpg
Statue_of_Liberty,260909,0,commons/Statue_of_Liberty_in_September_2017/0/pictures/Adk9.jpg
Statue_of_Liberty,260909,0,commons/Statue_of_Liberty_in_September_2017/0/pictures/Adk4.jpg
Statue_of_Liberty,260909,0,commons/Statue_of_Liberty_in_May_2012/0/pictures/Statue_of_Liberty_(7433296166).jpg
Statue_of_Liberty,260909,0,commons/Statue_of_Liberty_in_September_2017/0/pictures/Adk5.jpg
Statue_of_Liberty,260909,0,commons/Statue_of_Liberty_in_September_2017/0/pictures/Adk2.jpg
Statue_of_Liberty,260909,0,commons/Statue_of_Liberty_in_September_2017/0/pictures/Adk1.jpg
Statue_of_Liberty,260909,0,commons/Statue_of_Liberty_in_September_2005/0/pictures/Statuefront.jpg
Statue_of_Liberty,260909,0,commons/Statue_of_Liberty_in_September_2017/0/pictures/Adk10.jpg
Statue_of_Liberty,260909,0,commons/Statue_of_Liberty_in_September_2005/0/pictures/Statueofliberty.jpg
Statue_of_Liberty,260909,0,commons/Statue_of_Liberty_in_September_2005/0/pictures/Statue-de-la-liberte-new-york.jpg
Statue_of_Liberty,260909,0,commons/Statue_of_Liberty_in_September_2017/0/pictures/5DM44136.jpg
Statue_of_Liberty,260909,0,commons/Statue_of_Liberty_in_September_2005/0/pictures/Majestic_Liberty.jpg
Statue_of_Liberty,260909,0,commons/Statue_of_Liberty_in_September_2004/0/pictures/Liberty-statue-with-manhattan.jpg
Statue_of_Liberty,260909,0,commons/Statue_of_Liberty_in_September_2004/0/pictures/Liberty-statue-from-front2.jpg
Statue_of_Liberty,260909,0,commons/Statue_of_Liberty_in_September_2004/0/pictures/Liberty-statue-from-front.jpg
Statue_of_Liberty,260909,0,commons/Statue_of_Liberty_in_September_2004/0/pictures/US_Navy_030902-C-3948H-510_A_U.S._Coast_Guard_Rigid_Hull_Inflatable_Boat_(RHIB)_conducts_a_Homeland_Security_patrol_near_the_Statue_of_Liberty.jpg
Statue_of_Liberty,260909,0,commons/Statue_of_Liberty_in_September_2004/0/pictures/Liberty-statue-from-front2_crop.jpg
Statue_of_Liberty,260909,0,commons/Statue_of_Liberty_in_May_2012/0/pictures/Flickr_-_DVIDSHUB_-_Fleet_Week_New_York_2012_(Image_7_of_17).jpg
Statue_of_Liberty,260909,0,commons/Statue_of_Liberty_in_September_2004/0/pictures/Liberty-statue-from-below.jpg
Statue_of_Liberty,260909,0,commons/Statue_of_Liberty_in_May_2012/0/pictures/Statue_of_Liberty-New_York.jpg
Statue_of_Liberty,260909,0,"commons/Statue_of_Liberty_in_June_2012/0/pictures/NY,_Statue_of_Liberty_-_panoramio.jpg"
Statue_of_Liberty,260909,0,commons/Statue_of_Liberty_in_September_2013/0/pictures/Lady_Liberty_in_NY.jpg
Statue_of_Liberty,260909,0,commons/Statue_of_Liberty_in_September_2004/0/pictures/Statue-of-liberty_tysto.jpg
Statue_of_Liberty,260909,0,commons/Statue_of_Liberty_in_September_2004/0/pictures/Statue_liberty24.jpg
Statue_of_Liberty,260909,0,commons/Statue_of_Liberty_in_June_2012/0/pictures/Die_Freiheitsstatue_-_ein_Geschenk_Frankreichs_1886_an_die_USA_-_panoramio.jpg
Statue_of_Liberty,260909,0,commons/Statue_of_Liberty_in_September_2004/0/pictures/Liberty_By_VEG.jpg
Statue_of_Liberty,260909,0,commons/Statue_of_Liberty_in_May_2012/0/pictures/Liberty_NYC.JPG
Statue_of_Liberty,260909,0,commons/Statue_of_Liberty_in_June_2013/0/pictures/Liberty_from_ferry_P6150346.jpg
Statue_of_Liberty,260909,0,commons/Statue_of_Liberty_in_June_2012/0/pictures/Miss_Liberty_Gives_You_Goose_Bumps.jpg
Statue_of_Liberty,260909,0,commons/Statue_of_Liberty_in_June_2013/0/pictures/Liberty_12_(9201149496).jpg
Statue_of_Liberty,260909,0,commons/Statue_of_Liberty_in_June_2012/0/pictures/Lady_Liberty_-_die_Türsteherin_von_New_York_-_panoramio.jpg
Statue_of_Liberty,260909,0,commons/Statue_of_Liberty_in_June_2013/0/pictures/Liberty_from_Ferry_P6150349.jpg
Statue_of_Liberty,260909,0,commons/Statue_of_Liberty_in_May_2012/0/pictures/Liberty_Island_(7231533478).jpg
Statue_of_Liberty,260909,0,commons/Statue_of_Liberty_in_September_2005/0/pictures/Majestic_Liberty_Large.jpg
Statue_of_Liberty,260909,0,"commons/Statue_of_Liberty_in_July_2012/0/pictures/New_York_City_(New_York,_USA),_Statue_of_Liberty_--_2012_--_6818.jpg"
Statue_of_Liberty,260909,0,commons/Statue_of_Liberty_in_July_2018/0/pictures/Lady_Liberty_in_New_York_Harbor.jpg
Statue_of_Liberty,260909,0,commons/Statue_of_Liberty_in_July_2012/0/pictures/Statue_of_Libery.jpg
Statue_of_Liberty,260909,0,commons/Statue_of_Liberty_in_May_2006/0/pictures/Statue_liberty23.jpg
Statue_of_Liberty,260909,0,commons/Statue_of_Liberty_in_July_2018/0/pictures/LadyLiberty03.jpg
Statue_of_Liberty,260909,0,commons/Statue_of_Liberty_in_June_2012/0/pictures/Statue_of_Liberty_(8926521873).jpg
Statue_of_Liberty,260909,0,commons/Statue_of_Liberty_in_July_2018/0/pictures/LadyLiberty02.jpg
Statue_of_Liberty,260909,0,commons/Statue_of_Liberty_in_July_2018/0/pictures/LadyLiberty01.jpg
Statue_of_Liberty,260909,0,commons/Statue_of_Liberty_in_June_2012/0/pictures/The_Statue_and_the_Ship_-_panoramio.jpg
Statue_of_Liberty,260909,0,commons/Statue_of_Liberty_in_July_2012/0/pictures/Statue_of_Liberty_3a.jpg
Statue_of_Liberty,260909,0,commons/Statue_of_Liberty_in_July_2012/0/pictures/Statue_of_Liberty_6a.jpg
Statue_of_Liberty,260909,0,commons/Statue_of_Liberty_in_June_2012/0/pictures/Statue_of_Liberty_(7628968638).jpg
Statue_of_Liberty,260909,0,commons/Statue_of_Liberty_in_July_2018/0/pictures/The_Lady_of_Ellis_Island.jpg
Statue_of_Liberty,260909,0,commons/Statue_of_Liberty_in_July_2012/0/pictures/Statue_of_Liberty_1a.jpg
Statue_of_Liberty,260909,0,commons/Statue_of_Liberty_in_July_2018/0/pictures/Statue_of_liberty_new_york.jpg
Statue_of_Liberty,260909,0,commons/Statue_of_Liberty_in_July_2012/0/pictures/Statue_of_Liberty_2a.jpg
Statue_of_Liberty,260909,0,commons/Statue_of_Liberty_in_July_2012/0/pictures/Statue_of_Liberty_4a.jpg
Statue_of_Liberty,260909,0,commons/Statue_of_Liberty_in_June_2012/0/pictures/Castellers_de_Vilafranca_a_l'Estatua_de_la_LLibertat.jpg
Statue_of_Liberty,260909,0,commons/Statue_of_Liberty_in_July_2000/0/pictures/Defense.gov_News_Photo_000707-N-1110A-506.jpg
Statue_of_Liberty,260909,0,commons/Statue_of_Liberty_in_July_2012/0/pictures/Liberty_island.JPG
Statue_of_Liberty,260909,0,"commons/Statue_of_Liberty_in_July_2010/0/pictures/Statue_of_Liberty,_New_York,_USA-30July2010_(1).jpg"
Statue_of_Liberty,260909,0,"commons/Statue_of_Liberty_in_July_2010/0/pictures/Statue_of_Liberty,_New_York,_USA-30July2010.jpg"
Statue_of_Liberty,260909,0,commons/Statue_of_Liberty_in_July_2010/0/pictures/Manhattan_-_New_York_City_(4855480530).jpg
Statue_of_Liberty,260909,0,commons/Statue_of_Liberty_in_July_2010/0/pictures/Manhattan_-_New_York_City_(4855479148).jpg
Statue_of_Liberty,260909,0,commons/Statue_of_Liberty_in_July_2010/0/pictures/Manhattan_-_New_York_City_(4854857303).jpg
Statue_of_Liberty,260909,0,"commons/Statue_of_Liberty_in_July_2012/0/pictures/Richard_Noble,_finishes_walk_across_America._WAAEvents.jpg"
Statue_of_Liberty,260909,0,commons/Statue_of_Liberty_in_July_2010/0/pictures/Manhattan_-_New_York_City_(4855478528).jpg
Statue_of_Liberty,260909,0,commons/Statue_of_Liberty_in_July_2010/0/pictures/Manhattan_-_New_York_City_(4855487304).jpg
Statue_of_Liberty,260909,0,commons/Statue_of_Liberty_in_July_2010/0/pictures/Statue_of_Liberty_straight_front_shot_distance.JPG
Statue_of_Liberty,260909,0,commons/Statue_of_Liberty_in_July_2010/0/pictures/Statue_of_Liberty_front_shot.JPG
Statue_of_Liberty,260909,0,commons/Statue_of_Liberty_in_July_2010/0/pictures/Statue_of_Liberty_diagonal_front_shot.JPG
Statue_of_Liberty,260909,0,commons/Statue_of_Liberty_in_July_2010/0/pictures/Statue_of_Liberty_side_shot_2.JPG
Statue_of_Liberty,260909,0,"commons/Statue_of_Liberty_in_July_2010/0/pictures/Statue_of_Liberty_2,_New_York_City.jpg"
Statue_of_Liberty,260909,0,commons/Statue_of_Liberty_in_2023/0/pictures/Statue_of_Liberty_New_York_view.jpg
Statue_of_Liberty,260909,0,commons/Statue_of_Liberty_in_July_2000/0/pictures/Maria_Navarro_2000_(cropped).jpg
Statue_of_Liberty,260909,0,commons/Statue_of_Liberty_in_January_2020/0/pictures/Statue_of_liberty_on_a_murky_day_(49400166288).jpg
Statue_of_Liberty,260909,0,commons/Statue_of_Liberty_in_July_2000/0/pictures/Statue_of_Liberty_in_2000.jpg
Statue_of_Liberty,260909,0,commons/Statue_of_Liberty_in_July_2010/0/pictures/Manhattan_-_New_York_City_(4854866785).jpg
Statue_of_Liberty,260909,0,"commons/Statue_of_Liberty_in_2023/0/pictures/Statue_of_Liberty,_May_2023.jpg"
Statue_of_Liberty,260909,0,commons/Statue_of_Liberty_in_July_2010/0/pictures/Lady_Liberty_from_Staten_Island_Ferry.jpg
Statue_of_Liberty,260909,0,commons/Statue_of_Liberty_in_August_2017/0/pictures/The_Statue_of_Liberty_(from_below_pedestal).jpg
Statue_of_Liberty,260909,0,commons/Statue_of_Liberty_in_August_2017/0/pictures/Statue_of_Liberty_Island_Aug_2017.jpg
Statue_of_Liberty,260909,0,commons/Statue_of_Liberty_in_August_2017/0/pictures/Statue_of_Liberty_Attraction.jpg
Statue_of_Liberty,260909,0,commons/Statue_of_Liberty_in_August_2014/0/pictures/自由の女神.JPG
Statue_of_Liberty,260909,0,commons/Statue_of_Liberty_in_2023/0/pictures/Statue_of_liberty_front.jpg
Statue_of_Liberty,260909,0,commons/Statue_of_Liberty_in_August_2017/0/pictures/8-7-16-Statue-of-Liberty-XT2-6100-copy-small.jpg
Statue_of_Liberty,260909,0,commons/Statue_of_Liberty_in_August_2017/0/pictures/HIghsmith_2017_LOC_Statue_of_Liberty_NY_Harbor.jpg
Statue_of_Liberty,260909,0,commons/Statue_of_Liberty_in_2022/0/pictures/Statue_of_Liberty_(094513571).jpg
Statue_of_Liberty,260909,0,commons/Statue_of_Liberty_in_August_2017/0/pictures/DSC_0114-10.jpg
Statue_of_Liberty,260909,0,commons/Statue_of_Liberty_in_August_2017/0/pictures/I_Spy_Liberty.jpg
Statue_of_Liberty,260909,0,commons/Statue_of_Liberty_in_2023/0/pictures/Statue_of_Liberty_NYC_(52689230213).jpg
Statue_of_Liberty,260909,0,commons/Statue_of_Liberty_in_2021/0/pictures/Statue_of_Liberty_New_York_2021_(cropped).jpg
Statue_of_Liberty,260909,0,commons/Statue_of_Liberty_in_2019/0/pictures/Statue_of_Liberty_2019_front.jpg
Statue_of_Liberty,260909,0,commons/Statue_of_Liberty_in_August_2014/0/pictures/Statue_of_Liberty_(Liberty_Island).JPG
Statue_of_Liberty,260909,0,commons/Statue_of_Liberty_in_2021/0/pictures/Statue_of_Liberty_New_York_2021.jpg
Statue_of_Liberty,260909,0,commons/Statue_of_Liberty_in_August_2014/0/pictures/Statue_of_Liberty_(5).JPG
Statue_of_Liberty,260909,0,commons/Statue_of_Liberty_in_August_2014/0/pictures/Statue_of_Liberty_(3).JPG
Statue_of_Liberty,260909,0,"commons/Statue_of_Liberty_in_2019/0/pictures/New_York,_2019_(48621792047).jpg"
Statue_of_Liberty,260909,0,commons/Statue_of_Liberty_in_August_2014/0/pictures/Statue_of_Liberty_(2).JPG
Statue_of_Liberty,260909,0,commons/Statue_of_Liberty_in_2019/0/pictures/The_Statue_of_Liberty_on_a_sunny_day.jpg
Statue_of_Liberty,260909,0,commons/Statue_of_Liberty_in_August_2014/0/pictures/Statue_of_Liberty_(1).JPG
Statue_of_Liberty,260909,0,commons/Statue_of_Liberty_in_2021/0/pictures/Siteny_new_york_2.jpg
Statue_of_Liberty,260909,0,commons/Statue_of_Liberty_in_2019/0/pictures/Statue_of_liberty_on_31st_may_2019.jpg
Statue_of_Liberty,260909,0,commons/Statue_of_Liberty_in_2019/0/pictures/Statue_of_Liberty_2019.jpg
Statue_of_Liberty,260909,0,commons/Statue_of_Liberty_in_2020/0/pictures/Liberty’s_Light.png
Statue_of_Liberty,260909,0,commons/Statue_of_Liberty_in_2019/0/pictures/Sailing_Lady_Liberty.jpg
Statue_of_Liberty,260909,0,commons/Statue_of_Liberty_in_August_2014/0/pictures/Statue_of_Liberty_(4).JPG
Statue_of_Liberty,260909,0,"commons/Statue_of_Liberty_in_2020/0/pictures/Estatua_de_la_libertad_al_sur_de_la_isla_de_Manhattan,_Nueva_York,_USA.jpg"
Statue_of_Liberty,260909,0,"commons/Statue_of_Liberty_in_2020/0/pictures/Estatua_de_la_libertad,_Liberty_Island,New_york_City,_Estados_Unidos.jpg"
Statue_of_Liberty,260909,0,commons/Statue_of_Liberty_in_2019/0/pictures/StatueOfLiberty-4.jpg
Statue_of_Liberty,260909,0,commons/Statue_of_Liberty_in_2019/0/pictures/Liberty_Statue.jpg
Statue_of_Liberty,260909,0,commons/Statue_of_Liberty_in_2019/0/pictures/Statue_of_Liberty_SEP2019.jpg
Statue_of_Liberty,260909,0,commons/Statue_of_Liberty_in_2019/0/pictures/WeChat_Image_20190306140702.jpg
Statue_of_Liberty,260909,0,"commons/Statue_of_Liberty_in_2019/0/pictures/New_York,_2019_(48621798062).jpg"
Statue_of_Liberty,260909,0,commons/Statue_of_Liberty_in_2019/0/pictures/A_close-up_of_Lady_Liberty.jpg
Statue_of_Liberty,260909,0,commons/Statue_of_Liberty_in_2019/0/pictures/Statue_of_Liberty_under_a_blue_sky.jpg
Statue_of_Liberty,260909,0,commons/Statue_of_Liberty_in_2019/0/pictures/Statue_of_Liberty_Liberty_Island.jpg
Statue_of_Liberty,260909,0,commons/Statue_of_Liberty_in_2018/0/pictures/The_Statue_of_Liberty_National_Monument_5.jpg
Statue_of_Liberty,260909,0,commons/Statue_of_Liberty_in_2018/0/pictures/The_Statue_of_Liberty_National_Monument_6.jpg
Statue_of_Liberty,260909,0,commons/Statue_of_Liberty_in_2018/0/pictures/Statue_of_Liberty-_Lady_Liberty_8AB787B9-7E3E-478A-B747-1C047CB65A0C.jpg
Statue_of_Liberty,260909,0,commons/Statue_of_Liberty_in_2018/0/pictures/The_Statue_of_Liberty_National_Monument_4.jpg
Statue_of_Liberty,260909,0,commons/Statue_of_Liberty_in_2018/0/pictures/Lady_Liberty_at_dusk.jpg
Statue_of_Liberty,260909,0,commons/Statue_of_Liberty_in_2018/0/pictures/The_Statue_of_Liberty_National_Monument_3.jpg
Statue_of_Liberty,260909,0,commons/Statue_of_Liberty_in_2018/0/pictures/The_Statue_of_Liberty_National_Monument_2.jpg
Statue_of_Liberty,260909,0,commons/Statue_of_Liberty_in_2019/0/pictures/Liberty_kiss.jpg
Statue_of_Liberty,260909,0,commons/Statue_of_Liberty_in_2018/0/pictures/New_York_National_Guard_(41273694455).jpg
Statue_of_Liberty,260909,0,commons/Statue_of_Liberty_in_2018/0/pictures/Statue_of_Liberty_view_from_the_Ferry.jpg
Statue_of_Liberty,260909,0,commons/Statue_of_Liberty_in_2018/0/pictures/Statue_of_liberty_in_the_morning_1663.jpg
Statue_of_Liberty,260909,0,commons/Statue_of_Liberty_in_2018/0/pictures/Statue_of_Liberty_(New_York)_(45192659862).jpg
Statue_of_Liberty,260909,0,commons/Statue_of_Liberty_in_2018/0/pictures/Statue_of_Liberty_IMG_1996.jpg
Statue_of_Liberty,260909,0,commons/Statue_of_Liberty_in_2018/0/pictures/Statue_of_Liberty_IMG_1994.jpg
Statue_of_Liberty,260909,0,commons/Statue_of_Liberty_in_2018/0/pictures/Statue_of_liberty_from_on_the_island.jpg
Statue_of_Liberty,260909,0,commons/Statue_of_Liberty_in_2018/0/pictures/Statue_of_Liberty_Aglow.jpg
Statue_of_Liberty,260909,0,commons/Statue_of_Liberty_in_2017/0/pictures/Statue_of_Liberty_Island.jpg
Statue_of_Liberty,260909,0,commons/Statue_of_Liberty_in_2018/0/pictures/Liberty_&_Freedom.jpg
Statue_of_Liberty,260909,0,commons/Statue_of_Liberty_in_2018/0/pictures/Statue_of_Liberty_IMG_1967.jpg
Statue_of_Liberty,260909,0,commons/Statue_of_Liberty_in_2018/0/pictures/Statue_of_Liberty_Lit_by_Sunset.jpg
Statue_of_Liberty,260909,0,commons/Statue_of_Liberty_in_2018/0/pictures/Statue_of_Liberty_01.jpg
Statue_of_Liberty,260909,0,commons/Statue_of_Liberty_in_2018/0/pictures/Statuephoto135790.jpg
Statue_of_Liberty,260909,0,commons/Statue_of_Liberty_in_2018/0/pictures/Statue_of_Liberty_3_(New_York)_(44520010864).jpg
Statue_of_Liberty,260909,0,commons/Statue_of_Liberty_in_2017/0/pictures/The_statue_of_liberty.jpg
Statue_of_Liberty,260909,0,commons/Statue_of_Liberty_in_2018/0/pictures/Lady_Liberty_yellow_sky.jpg
Statue_of_Liberty,260909,0,commons/Statue_of_Liberty_in_2018/0/pictures/Remote_view_of_USS_Arlington_(LPD-24)_entering_the_Hudson_Fleet_Week_New_York_180523-N-UN744-0209.jpg
Statue_of_Liberty,260909,0,commons/Statue_of_Liberty_in_2018/0/pictures/Lady_Liberty_and_clouds.jpg
Statue_of_Liberty,260909,0,commons/Statue_of_Liberty_in_2018/0/pictures/Lady_Liberty_and_lady_bird.jpg
Statue_of_Liberty,260909,0,commons/Statue_of_Liberty_in_2017/0/pictures/Statue_of_Liberty_Island_3.jpg
Statue_of_Liberty,260909,0,commons/Statue_of_Liberty_in_2018/0/pictures/IMG_20180818_162654730_HDR-EFFECTS.jpg
Statue_of_Liberty,260909,0,commons/Statue_of_Liberty_in_2018/0/pictures/Madam_Liberty.jpg
Statue_of_Liberty,260909,0,commons/Statue_of_Liberty_in_2017/0/pictures/The_Statue_of_Liberty_from_afar.jpg
Statue_of_Liberty,260909,0,commons/Statue_of_Liberty_in_2017/0/pictures/Statue_of_Liberty_(Unsplash_UGi_Ng56FRI).jpg
Statue_of_Liberty,260909,0,commons/Statue_of_Liberty_in_2017/0/pictures/مجسمه_ازادى.jpg
Statue_of_Liberty,260909,0,commons/Statue_of_Liberty_in_2017/0/pictures/Statue_of_liberty_best_photo_online.jpg
Statue_of_Liberty,260909,0,commons/Statue_of_Liberty_in_2018/0/pictures/Looking_at_Freedom.jpg
Statue_of_Liberty,260909,0,commons/Statue_of_Liberty_in_2017/0/pictures/Shine_of_Statue_of_Liberty.jpg
Statue_of_Liberty,260909,0,commons/Statue_of_Liberty_in_2017/0/pictures/Statute_of_Liberty.jpg
Statue_of_Liberty,260909,0,commons/Statue_of_Liberty_in_2017/0/pictures/Statue_of_Liberty_at_sunset_01.jpg
Statue_of_Liberty,260909,0,commons/Statue_of_Liberty_in_2018/0/pictures/Statue_of_Liberty_NY.jpg
Statue_of_Liberty,260909,0,commons/Statue_of_Liberty_in_2017/0/pictures/Statuelibertyy.jpg
Statue_of_Liberty,260909,0,commons/Statue_of_Liberty_in_2018/0/pictures/Freedom_At_A_Glance.jpg
Statue_of_Liberty,260909,0,commons/Statue_of_Liberty_in_2018/0/pictures/At_A_Glance_Freedom.jpg
Statue_of_Liberty,260909,0,commons/Statue_of_Liberty_in_2017/0/pictures/Statue_of_Liberty-_NYC.jpg
Statue_of_Liberty,260909,0,commons/Statue_of_Liberty_in_2016/0/pictures/Statue_of_Liberty_(NY)_Apri_2016_(27661955151).jpg
Statue_of_Liberty,260909,0,commons/Statue_of_Liberty_in_2017/0/pictures/Statue_of_Liberty_Picture.jpg
Statue_of_Liberty,260909,0,commons/Statue_of_Liberty_in_2017/0/pictures/Statue_of_Liberty_Island_9.jpg
Statue_of_Liberty,260909,0,commons/Statue_of_Liberty_in_2017/0/pictures/Statue_of_Liberty_20170311.jpg
Statue_of_Liberty,260909,0,commons/Statue_of_Liberty_in_2017/0/pictures/Statue_of_Liberty_002.jpg
Statue_of_Liberty,260909,0,commons/Statue_of_Liberty_in_2017/0/pictures/Statue_of_Liberty_American_Twilight.jpg
Statue_of_Liberty,260909,0,commons/Statue_of_Liberty_in_2017/0/pictures/Sol12.jpg
Statue_of_Liberty,260909,0,commons/Statue_of_Liberty_in_2017/0/pictures/Statue_of_Liberty_Island_11.jpg
Statue_of_Liberty,260909,0,commons/Statue_of_Liberty_in_2017/0/pictures/Statue_of_Liberty_003.jpg
Statue_of_Liberty,260909,0,commons/Statue_of_Liberty_in_2017/0/pictures/Statue_of_Liberty_001.jpg
Statue_of_Liberty,260909,0,commons/Statue_of_Liberty_in_2017/0/pictures/State_of_liberty_through_my_eyes.jpg
Statue_of_Liberty,260909,0,commons/Statue_of_Liberty_in_2017/0/pictures/Statue_Of_Liberty_Close_Up_3.jpg
Statue_of_Liberty,260909,0,commons/Statue_of_Liberty_in_2017/0/pictures/Statue_Of_Liberty_Close_Up_1.jpg
Statue_of_Liberty,260909,0,commons/Statue_of_Liberty_in_2017/0/pictures/Liberty_City_(Unsplash).jpg
Statue_of_Liberty,260909,0,commons/Statue_of_Liberty_in_2017/0/pictures/Close_up_of_the_Statue_of_Liberty.jpg
Statue_of_Liberty,260909,0,"commons/Statue_of_Liberty_in_2017/0/pictures/Lady_Liberty,_Soon_to_be_Redacted.jpg"
Statue_of_Liberty,260909,0,commons/Statue_of_Liberty_in_2016/0/pictures/Triumphant_Statue_of_Liberty.jpg
Statue_of_Liberty,260909,0,commons/Statue_of_Liberty_in_2017/0/pictures/Liberty_(25391396248).jpg
Statue_of_Liberty,260909,0,commons/Statue_of_Liberty_in_2017/0/pictures/Beautiful_details_of_the_Statue_of_Liberty.jpg
Statue_of_Liberty,260909,0,commons/Statue_of_Liberty_in_2016/0/pictures/Statue_of_Liberty_--_Liberty_Island_New_York_Harbor_(NY)_April_2016_(26714239775).jpg
Statue_of_Liberty,260909,0,commons/Statue_of_Liberty_in_2017/0/pictures/Amazing_View_of_Statue_of_Liberty_and_One_world_Trade.jpg
Statue_of_Liberty,260909,0,commons/Statue_of_Liberty_in_2016/0/pictures/The_Statue_of_Liberty_Enlightening_the_World.jpg
Statue_of_Liberty,260909,0,commons/Statue_of_Liberty_in_2016/0/pictures/Up_close_lady_liberty.jpg
Statue_of_Liberty,260909,0,commons/Statue_of_Liberty_in_2017/0/pictures/170524-N-UN744-064_(34562223310).jpg
Statue_of_Liberty,260909,0,commons/Statue_of_Liberty_in_2016/0/pictures/Statue_of_Liberty_at_Sunset.jpg
Statue_of_Liberty,260909,0,"commons/Statue_of_Liberty_in_2016/0/pictures/The_Statue_of_Liberty,_New_York_City.jpg"
Statue_of_Liberty,260909,0,commons/Statue_of_Liberty_in_2017/0/pictures/I_lift_my_lamp_beside_the_golden_door_(Unsplash).jpg
Statue_of_Liberty,260909,0,commons/Statue_of_Liberty_in_2016/0/pictures/The_Statue_of_Liberty_2016_07.jpg
Statue_of_Liberty,260909,0,commons/Statue_of_Liberty_in_2017/0/pictures/Beacon_Of_Hope_(Unsplash).jpg
Statue_of_Liberty,260909,0,commons/Statue_of_Liberty_in_2017/0/pictures/Lady_of_Freedom.jpg
Statue_of_Liberty,260909,0,commons/Statue_of_Liberty_in_2016/0/pictures/Statue_of_liberty123.jpg
Statue_of_Liberty,260909,0,commons/Statue_of_Liberty_in_2016/0/pictures/The_Statue_of_Liberty_--_Liberty_Island_(NY)_April_2016_(26952943150).jpg
Statue_of_Liberty,260909,0,commons/Statue_of_Liberty_in_2016/0/pictures/The_Statue_of_Liberty_-_New_York1.jpg
Statue_of_Liberty,260909,0,commons/Statue_of_Liberty_in_2016/0/pictures/Statue_of_Liberty_by_Amp25.93.jpg
Statue_of_Liberty,260909,0,commons/Statue_of_Liberty_in_2016/0/pictures/The_Statue_of_Liberty_2016.jpg
Statue_of_Liberty,260909,0,commons/Statue_of_Liberty_in_2016/0/pictures/The_Statue_of_Liberty_2016_08.jpg
Statue_of_Liberty,260909,0,commons/Statue_of_Liberty_in_2016/0/pictures/The_Statue_of_Liberty_-_New_York.jpg
Statue_of_Liberty,260909,0,commons/Statue_of_Liberty_in_2016/0/pictures/Statue_of_liberty_sunset2.jpg
Statue_of_Liberty,260909,0,commons/Statue_of_Liberty_in_2016/0/pictures/Sunless_Summer_Sunday_Spectating_Spectacular_Sites.jpg
Statue_of_Liberty,260909,0,commons/Statue_of_Liberty_in_2016/0/pictures/The_Statue_of_Liberty_2016_03.JPG
Statue_of_Liberty,260909,0,commons/Statue_of_Liberty_in_2016/0/pictures/The_Statue_From_The_Boat_(176115133).jpeg
Statue_of_Liberty,260909,0,commons/Statue_of_Liberty_in_2016/0/pictures/Statue_of_liberty_national_monument.jpg
Statue_of_Liberty,260909,0,commons/Statue_of_Liberty_in_2016/0/pictures/Sunset_In_New_York.jpg
Statue_of_Liberty,260909,0,commons/Statue_of_Liberty_in_2016/0/pictures/The_Statue_of_Liberty_2016_02.JPG
Statue_of_Liberty,260909,0,commons/Statue_of_Liberty_in_2016/0/pictures/The_Statue_of_Liberty_2016_04.JPG
Statue_of_Liberty,260909,0,"commons/Statue_of_Liberty_in_2016/0/pictures/Statue_of_Liberty,_New_York_City,_NY.jpg"
Statue_of_Liberty,260909,0,"commons/Statue_of_Liberty_in_2016/0/pictures/Statue_of_Liberty,_overcast_spring_day_April_2016.jpg"
Statue_of_Liberty,260909,0,"commons/Statue_of_Liberty_in_2016/0/pictures/Statue_of_Liberty,_New_York_City,_New_York.jpg"
Statue_of_Liberty,260909,0,commons/Statue_of_Liberty_in_2016/0/pictures/The_Statue_of_Liberty_2016_01.JPG
Statue_of_Liberty,260909,0,commons/Statue_of_Liberty_in_2016/0/pictures/Statue_of_Liberty_from_Fort_Wood.jpg
Statue_of_Liberty,260909,0,commons/Statue_of_Liberty_in_2016/0/pictures/Statue_of_Liberty_--_Liberty_Island_(NY)_April_2016_(26714239335).jpg
Statue_of_Liberty,260909,0,commons/Statue_of_Liberty_in_2016/0/pictures/Statue_of_Liberty_of_New_York_City.jpg
Statue_of_Liberty,260909,0,commons/Statue_of_Liberty_in_2016/0/pictures/Statue_of_Liberty_with_Sailboat.jpg
Statue_of_Liberty,260909,0,commons/Statue_of_Liberty_in_2016/0/pictures/Statue_of_Liberty_--_Liberty_Island_(NY)_April_2016_(26621104432).jpg
Statue_of_Liberty,260909,0,commons/Statue_of_Liberty_in_2016/0/pictures/Statue_of_Liberty_--_Liberty_Island_New_York_Harbor_(NY)_April_2016_(26442612310).jpg
Statue_of_Liberty,260909,0,commons/Statue_of_Liberty_in_2016/0/pictures/Statue_of_Lady_Liberty.jpg
Statue_of_Liberty,260909,0,commons/Statue_of_Liberty_in_2016/0/pictures/Lady_liberty_from_ferry.jpg
Statue_of_Liberty,260909,0,commons/Statue_of_Liberty_in_2016/0/pictures/Statue_of_Liberty_2017.jpg
Statue_of_Liberty,260909,0,commons/Statue_of_Liberty_in_2016/0/pictures/The_Statue_of_Liberty_2016_09.JPG
Statue_of_Liberty,260909,0,commons/Statue_of_Liberty_in_2016/0/pictures/Statue_of_Liberty_&_New_York.jpg
Statue_of_Liberty,260909,0,commons/Statue_of_Liberty_in_2016/0/pictures/Old_Statue_of_Liberty.jpg
Statue_of_Liberty,260909,0,commons/Statue_of_Liberty_in_2016/0/pictures/Lady_Liberty_Front_View.jpg
Statue_of_Liberty,260909,0,commons/Statue_of_Liberty_in_2015/0/pictures/Statue_of_Liberty_of_New_York.jpg
Statue_of_Liberty,260909,0,commons/Statue_of_Liberty_in_2016/0/pictures/FREEDOM_FOR_ALL!.jpg
Statue_of_Liberty,260909,0,commons/Statue_of_Liberty_in_2016/0/pictures/Lady_Liberty_ablaze_in_all_her_glory.jpg
Statue_of_Liberty,260909,0,commons/Statue_of_Liberty_in_2015/0/pictures/Statue_of_Liberty_and_Ellis_Island.jpg
Statue_of_Liberty,260909,0,"commons/Statue_of_Liberty_in_2016/0/pictures/Freiheitsstatur_Miss_Liberty,_New_York,_USA_(26504796102).jpg"
Statue_of_Liberty,260909,0,"commons/Statue_of_Liberty_in_2015/0/pictures/Statue_of_Liberty_-_Staten_Island_Ferry,_New_York,_NY,_USA_-_August_19,_2015_06.jpg"
Statue_of_Liberty,260909,0,commons/Statue_of_Liberty_in_2016/0/pictures/Lady_Liberty_From_NirmalyaOne.jpg
Statue_of_Liberty,260909,0,"commons/Statue_of_Liberty_in_2015/0/pictures/Statue_of_Liberty_-_Staten_Island_Ferry,_New_York,_NY,_USA_-_August_19,_2015_03.jpg"
Statue_of_Liberty,260909,0,commons/Statue_of_Liberty_in_2016/0/pictures/500px_photo_(203162779).jpeg
Statue_of_Liberty,260909,0,commons/Statue_of_Liberty_in_2015/0/pictures/Ximena_Torres_Rodríguez_2015_(Unsplash).jpg
Statue_of_Liberty,260909,0,"commons/Statue_of_Liberty_in_2016/0/pictures/Battery_Park_City,_New_York,_United_States_(Unsplash).jpg"
Statue_of_Liberty,260909,0,commons/Statue_of_Liberty_in_2016/0/pictures/Liberty_State_Park.jpg
Statue_of_Liberty,260909,0,commons/Statue_of_Liberty_in_2016/0/pictures/All_in_One.jpg
Statue_of_Liberty,260909,0,commons/Statue_of_Liberty_in_2015/0/pictures/Statue.png
Statue_of_Liberty,260909,0,"commons/Statue_of_Liberty_in_2015/0/pictures/Statue_of_Liberty_-_Staten_Island_Ferry,_New_York,_NY,_USA_-_August_19,_2015_04.jpg"
Statue_of_Liberty,260909,0,commons/Statue_of_Liberty_in_2015/0/pictures/The_Statute_of_Liberty_National_Monument.jpg
Statue_of_Liberty,260909,0,commons/Statue_of_Liberty_in_2015/0/pictures/Lady_liberty_up_close.jpg
Statue_of_Liberty,260909,0,"commons/Statue_of_Liberty_in_2015/0/pictures/Statue_of_Liberty,_Liberty_Island,_New_York.jpg"
Statue_of_Liberty,260909,0,commons/Statue_of_Liberty_in_2016/0/pictures/Lady_Liberty_2015.jpg
Statue_of_Liberty,260909,0,commons/Statue_of_Liberty_in_2015/0/pictures/Statute_of_Liberty_and_New_York.jpg
Statue_of_Liberty,260909,0,commons/Statue_of_Liberty_in_2015/0/pictures/StatueLibertyonFerry.JPG
Statue_of_Liberty,260909,0,commons/Statue_of_Liberty_in_2015/0/pictures/Statue_of_Liberty_blue_sky.JPG
Statue_of_Liberty,260909,0,commons/Statue_of_Liberty_in_2015/0/pictures/The_Statue_Of_Liberty_-_panoramio.jpg
Statue_of_Liberty,260909,0,commons/Statue_of_Liberty_in_2015/0/pictures/Statue_of_Liberty_National_Monument_New_York.jpg
Statue_of_Liberty,260909,0,commons/Statue_of_Liberty_in_2015/0/pictures/NYC-liberty-statue-01.jpg
Statue_of_Liberty,260909,0,"commons/Statue_of_Liberty_in_2015/0/pictures/Statue_of_Liberty,_by_Anthony_DELANOIX_2015-06-20_(Unsplash).jpg"
Statue_of_Liberty,260909,0,commons/Statue_of_Liberty_in_2015/0/pictures/Statue_of_liberty_and_nyc_skyline.jpg
Statue_of_Liberty,260909,0,commons/Statue_of_Liberty_in_2015/0/pictures/NYC-liberty-statue.jpg
Statue_of_Liberty,260909,0,"commons/Statue_of_Liberty_in_2015/0/pictures/Statue_of_Liberty,_New_York_City.jpg"
Statue_of_Liberty,260909,0,commons/Statue_of_Liberty_in_2015/0/pictures/RAMJEEVAN.jpg
Statue_of_Liberty,260909,0,commons/Statue_of_Liberty_in_2015/0/pictures/Lady_Liberty_under_a_blue_sky_(cropped).jpg
Statue_of_Liberty,260909,0,"commons/Statue_of_Liberty_in_2015/0/pictures/Statue_of_Liberty_7,_New_York_City.jpg"
Statue_of_Liberty,260909,0,commons/Statue_of_Liberty_in_2015/0/pictures/STOLIB.jpg
Statue_of_Liberty,260909,0,commons/Statue_of_Liberty_in_2015/0/pictures/Lady_Liberty_under_a_blue_sky_(cropped)_(cropped).jpg
Statue_of_Liberty,260909,0,"commons/Statue_of_Liberty_in_2015/0/pictures/Statue_of_Liberty_3,_New_York_City.jpg"
Statue_of_Liberty,260909,0,"commons/Statue_of_Liberty_in_2015/0/pictures/Statue_of_Liberty_6,_New_York_City.jpg"
Statue_of_Liberty,260909,0,commons/Statue_of_Liberty_in_2015/0/pictures/Statue_of_Liberty_(22682717893).jpg
Statue_of_Liberty,260909,0,"commons/Statue_of_Liberty_in_2015/0/pictures/Statue_of_Liberty_-_Staten_Island_Ferry,_New_York,_NY,_USA_-_August_19,_2015_-_panoramio.jpg"
Statue_of_Liberty,260909,0,"commons/Statue_of_Liberty_in_2015/0/pictures/Statue_of_Liberty_2,_New_York_City.jpg"
Statue_of_Liberty,260909,0,commons/Statue_of_Liberty_in_2015/0/pictures/Statue_of_Liberty_(23201716352).jpg
Statue_of_Liberty,260909,0,commons/Statue_of_Liberty_in_2015/0/pictures/Statue_of_Liberty_(22942115439).jpg
Statue_of_Liberty,260909,0,commons/Statue_of_Liberty_in_2015/0/pictures/Statue_of_Liberty_(22941884789).jpg
Statue_of_Liberty,260909,0,commons/Statue_of_Liberty_in_2015/0/pictures/Anthony_DELANOIX_2015-04-13_(Unsplash).jpg
Statue_of_Liberty,260909,0,commons/Statue_of_Liberty_in_2015/0/pictures/Statue_of_Liberty_(28054469136).jpg
Statue_of_Liberty,260909,0,commons/Statue_of_Liberty_in_2015/0/pictures/Statue_of_Liberty_(Fall_2015).jpg
Statue_of_Liberty,260909,0,commons/Statue_of_Liberty_in_2015/0/pictures/P8150044_(20006455323).jpg
Statue_of_Liberty,260909,0,commons/Statue_of_Liberty_in_2015/0/pictures/P8150043_(20439355498).jpg
Statue_of_Liberty,260909,0,commons/Statue_of_Liberty_in_2015/0/pictures/Lady_Liberty_under_a_blue_sky.jpg
Statue_of_Liberty,260909,0,commons/Statue_of_Liberty_in_2015/0/pictures/P8150012_(20440688049).jpg
Statue_of_Liberty,260909,0,commons/Statue_of_Liberty_in_2015/0/pictures/NEW_YORK_Nicolas_Pamart.jpg
Statue_of_Liberty,260909,0,commons/Statue_of_Liberty_in_2015/0/pictures/Statue_Of_Liberty_(23478051151).jpg
Statue_of_Liberty,260909,0,"commons/Statue_of_Liberty_in_2015/0/pictures/Jersey_City,_NJ,_USA_-_panoramio_(18).jpg"
Statue_of_Liberty,260909,0,commons/Statue_of_Liberty_in_2015/0/pictures/Libertyglory03.jpg
Statue_of_Liberty,260909,0,"commons/Statue_of_Liberty_in_2015/0/pictures/Statue_of_Liberty_-_Staten_Island_Ferry,_New_York,_NY,_USA_-_August_19,_2015_05.jpg"
Statue_of_Liberty,260909,0,"commons/Statue_of_Liberty_in_2015/0/pictures/Jersey_City,_NJ,_USA_-_panoramio_(17).jpg"
Statue_of_Liberty,260909,0,commons/Statue_of_Liberty_in_2015/0/pictures/Fire_boat_new_york_harbor_fdny_statue_of_liberty.jpg
Statue_of_Liberty,260909,0,commons/Statue_of_Liberty_in_2014/0/pictures/Statue--of--Liberty.jpg
Statue_of_Liberty,260909,0,commons/Statue_of_Liberty_in_2015/0/pictures/Liberty_Leading_the_City.jpg
Statue_of_Liberty,260909,0,commons/Statue_of_Liberty_in_2014/0/pictures/Statue_of_liberty_blue.jpg
Statue_of_Liberty,260909,0,commons/Statue_of_Liberty_in_2015/0/pictures/Ariel_en_new_york.jpg
Statue_of_Liberty,260909,0,"commons/Statue_of_Liberty_in_2015/0/pictures/Jersey_City_-_Staten_Island_Ferry,_New_York,_NY,_USA_-_August_19,_2015.jpg"
Statue_of_Liberty,260909,0,commons/Statue_of_Liberty_in_2015/0/pictures/Fire_Fighter_II_at_the_Statue_of_Liberty.jpg
Statue_of_Liberty,260909,0,commons/Statue_of_Liberty_in_2014/0/pictures/Statue_of_Liberty_-_Wonders_of_the_world.jpg
Statue_of_Liberty,260909,0,commons/Statue_of_Liberty_in_2014/0/pictures/Statue_of_Liberty_National_Monument_-_New_York_-_USA_-_panoramio_(6).jpg
Statue_of_Liberty,260909,0,"commons/Statue_of_Liberty_in_2015/0/pictures/4_New_York,_Statue_of_Liberty.jpg"
Statue_of_Liberty,260909,0,commons/Statue_of_Liberty_in_2014/0/pictures/Twilight's_Last_Gleaming_(19632426235).jpg
Statue_of_Liberty,260909,0,"commons/Statue_of_Liberty_in_2015/0/pictures/3_New_York,_Statue_of_Liberty.jpg"
Statue_of_Liberty,260909,0,commons/Statue_of_Liberty_in_2014/0/pictures/Statue_of_Liberty_on_Liberty_Island_NY.jpg
Statue_of_Liberty,260909,0,commons/Statue_of_Liberty_in_2014/0/pictures/NYC_Liberty_2.JPG
Statue_of_Liberty,260909,0,commons/Statue_of_Liberty_in_2014/0/pictures/Statue_of_Liberty_from_Staten_Island_ferry_(2).jpg
Statue_of_Liberty,260909,0,commons/Statue_of_Liberty_in_2014/0/pictures/Statue_of_Liberty_from_Staten_Island_ferry_(3).jpg
Statue_of_Liberty,260909,0,commons/Statue_of_Liberty_in_2014/0/pictures/NYC_Liberty.JPG
Statue_of_Liberty,260909,0,"commons/Statue_of_Liberty_in_2015/0/pictures/1_New_York,_Statue_of_Liberty.jpg"
Statue_of_Liberty,260909,0,commons/Statue_of_Liberty_in_2014/0/pictures/Statue_of_Liberty_(New_York).jpg
Statue_of_Liberty,260909,0,"commons/Statue_of_Liberty_in_2015/0/pictures/Estatua_de_la_libertad,_Nueva_York.jpg"
Statue_of_Liberty,260909,0,commons/Statue_of_Liberty_in_2014/0/pictures/Statue_of_Liberty_National_Monument_-_New_York_-_USA_-_panoramio.jpg
Statue_of_Liberty,260909,0,commons/Statue_of_Liberty_in_2014/0/pictures/Statue_of_Liberty_with_One_World_Trade_Center.jpg
Statue_of_Liberty,260909,0,commons/Statue_of_Liberty_in_2014/0/pictures/Statue_of_Liberty_(left_side_view)_september_2014.JPG
Statue_of_Liberty,260909,0,commons/Statue_of_Liberty_in_2014/0/pictures/Statue_of_Liberty_-_New_York.jpg
Statue_of_Liberty,260909,0,commons/Statue_of_Liberty_in_2014/0/pictures/Statue_of_Liberty_National_Monument_-_New_York_-_USA_-_panoramio_(2).jpg
Statue_of_Liberty,260909,0,commons/Statue_of_Liberty_in_2014/0/pictures/Statue_of_Liberty_(13365000123).jpg
Statue_of_Liberty,260909,0,commons/Statue_of_Liberty_in_2014/0/pictures/Women_Can_Rule_The_World.jpg
Statue_of_Liberty,260909,0,commons/Statue_of_Liberty_in_2014/0/pictures/Statue_of_Liberty_(13365248864).jpg
Statue_of_Liberty,260909,0,commons/Statue_of_Liberty_in_2014/0/pictures/Statue_of_Liberty_National_Monument_-_New_York_-_USA_-_panoramio_(1).jpg
Statue_of_Liberty,260909,0,commons/Statue_of_Liberty_in_2014/0/pictures/Statue_of_Liberty_(13365028933).jpg
Statue_of_Liberty,260909,0,commons/Statue_of_Liberty_in_2014/0/pictures/140606-N-LR347-006_(14367252996).jpg
Statue_of_Liberty,260909,0,commons/Statue_of_Liberty_in_2014/0/pictures/Statue_of_Liberty_2014.jpg
Statue_of_Liberty,260909,0,commons/Statue_of_Liberty_in_2014/0/pictures/STATUE_OF_LIBERTY_(14387714597).jpg
Statue_of_Liberty,260909,0,commons/Statue_of_Liberty_in_2014/0/pictures/Statue_of_liberty_2.jpg
Statue_of_Liberty,260909,0,commons/Statue_of_Liberty_in_2014/0/pictures/Liberty02.jpg
Statue_of_Liberty,260909,0,"commons/Statue_of_Liberty_in_2015/0/pictures/2_New_York,_Statue_of_Liberty.jpg"
Statue_of_Liberty,260909,0,"commons/Statue_of_Liberty_in_2014/0/pictures/Liberty_Island,_New_York,_NJ,_USA_-_panoramio_(3).jpg"
Statue_of_Liberty,260909,0,commons/Statue_of_Liberty_in_2014/0/pictures/Copper_Lady.jpg
Statue_of_Liberty,260909,0,commons/Statue_of_Liberty_in_2014/0/pictures/New_York_-_panoramio_(143).jpg
Statue_of_Liberty,260909,0,commons/Statue_of_Liberty_in_2014/0/pictures/New_York_-_panoramio_(142).jpg
Statue_of_Liberty,260909,0,commons/Statue_of_Liberty_in_2014/0/pictures/New_York_-_panoramio_(144).jpg
Statue_of_Liberty,260909,0,commons/Statue_of_Liberty_in_2014/0/pictures/N.Y._-_panoramio_(1).jpg
Statue_of_Liberty,260909,0,commons/Statue_of_Liberty_in_2014/0/pictures/NYC_Liberty_6.JPG
Statue_of_Liberty,260909,0,commons/Statue_of_Liberty_in_2014/0/pictures/Miss_Liberty2.JPG
Statue_of_Liberty,260909,0,commons/Statue_of_Liberty_in_2014/0/pictures/NYC_Liberty_4.JPG
Statue_of_Liberty,260909,0,commons/Statue_of_Liberty_in_2014/0/pictures/Liberty10.jpg
Statue_of_Liberty,260909,0,commons/Statue_of_Liberty_in_2013/0/pictures/USA-NYC-Statue_of_Liberty.jpg
Statue_of_Liberty,260909,0,commons/Statue_of_Liberty_in_2014/0/pictures/NYC_Liberty_Island.JPG
Statue_of_Liberty,260909,0,commons/Statue_of_Liberty_in_2014/0/pictures/NYC_Liberty_5.JPG
Statue_of_Liberty,260909,0,commons/Statue_of_Liberty_in_2014/0/pictures/Liberty01.jpg
Statue_of_Liberty,260909,0,"commons/Statue_of_Liberty_in_2013/0/pictures/Jersey_City,_NJ,_USA_-_panoramio_(3).jpg"
Statue_of_Liberty,260909,0,commons/Statue_of_Liberty_in_2013/0/pictures/Statueofliberty_nps.jpg
Statue_of_Liberty,260909,0,commons/Statue_of_Liberty_in_2014/0/pictures/Looking_up_at_the_Statue_of_Liberty.jpg
Statue_of_Liberty,260909,0,commons/Statue_of_Liberty_in_2014/0/pictures/Liberty_Island_photo_D_Ramey_Logan.jpg
Statue_of_Liberty,260909,0,commons/Statue_of_Liberty_in_2013/0/pictures/Passengers_travel_next_to_Statue_of_Liberty.JPG
Statue_of_Liberty,260909,0,commons/Statue_of_Liberty_in_2014/0/pictures/Liberty_(16404640053).jpg
Statue_of_Liberty,260909,0,commons/Statue_of_Liberty_in_2013/0/pictures/The_Statue_of_Liberty_(11654894206).jpg
Statue_of_Liberty,260909,0,commons/Statue_of_Liberty_in_2014/0/pictures/NYC_Liberty_3.JPG
Statue_of_Liberty,260909,0,"commons/Statue_of_Liberty_in_2013/0/pictures/Jersey_City,_NJ,_USA_-_panoramio_(4).jpg"
Statue_of_Liberty,260909,0,commons/Statue_of_Liberty_in_2013/0/pictures/Statue_of_Liberty_New_York_2013.jpg
Statue_of_Liberty,260909,0,commons/Statue_of_Liberty_in_2013/0/pictures/The_Statue_of_Liberty_(11654093695).jpg
Statue_of_Liberty,260909,0,commons/Statue_of_Liberty_in_2013/0/pictures/Statueofliberty_(149376519).jpeg
Statue_of_Liberty,260909,0,commons/Statue_of_Liberty_in_2013/0/pictures/USA-NYC-Liberty_Island.JPG
Statue_of_Liberty,260909,0,commons/Statue_of_Liberty_in_2013/0/pictures/Statue_of_Liberty_2013-1.jpg
Statue_of_Liberty,260909,0,commons/Statue_of_Liberty_in_2013/0/pictures/The_Statue_of_Liberty_(11654041155).jpg
Statue_of_Liberty,260909,0,commons/Statue_of_Liberty_in_2013/0/pictures/Miss_Liberty.JPG
Statue_of_Liberty,260909,0,"commons/Statue_of_Liberty_in_2013/0/pictures/1_Liberty_Island_-_Ellis_Island,_New_York,_NY_10004,_USA_-_panoramio_(1).jpg"
Statue_of_Liberty,260909,0,commons/Statue_of_Liberty_in_2013/0/pictures/New_York_(191217205).jpeg
Statue_of_Liberty,260909,0,commons/Statue_of_Liberty_in_2013/0/pictures/Huddled_Masses_NYC.jpg
Statue_of_Liberty,260909,0,"commons/Statue_of_Liberty_in_2013/0/pictures/Jersey_City,_NJ,_USA_-_panoramio_(8).jpg"
Statue_of_Liberty,260909,0,"commons/Statue_of_Liberty_in_2013/0/pictures/Jersey_City,_NJ,_USA_-_panoramio_(7).jpg"
Statue_of_Liberty,260909,0,commons/Statue_of_Liberty_in_2012/0/pictures/Statue-Of-Liberty.jpg
Statue_of_Liberty,260909,0,commons/Statue_of_Liberty_in_2013/0/pictures/Clouds_over_Lady_Liberty.jpg
Statue_of_Liberty,260909,0,commons/Statue_of_Liberty_in_2013/0/pictures/Estatue_of_Liberty.jpg
Statue_of_Liberty,260909,0,commons/Statue_of_Liberty_in_2012/0/pictures/Statue_of_Liberty_200012.jpg
Statue_of_Liberty,260909,0,commons/Statue_of_Liberty_in_2012/0/pictures/Statue_of_Liberty_2018.jpg
Statue_of_Liberty,260909,0,commons/Statue_of_Liberty_in_2012/0/pictures/Statue_of_Liberty_221.JPG
Statue_of_Liberty,260909,0,commons/Statue_of_Liberty_in_2012/0/pictures/Statue_of_Liberty_-_13.jpg
Statue_of_Liberty,260909,0,commons/Statue_of_Liberty_in_2013/0/pictures/Liberty_12_(9201149496).jpg
Statue_of_Liberty,260909,0,commons/Statue_of_Liberty_in_2013/0/pictures/Freiheit_2013-10-22_22-29.jpg
Statue_of_Liberty,260909,0,commons/Statue_of_Liberty_in_2012/0/pictures/Žába_with_Statue_of_Liberty_-_panoramio.jpg
Statue_of_Liberty,260909,0,commons/Statue_of_Liberty_in_2012/0/pictures/The_Statue_of_Liberty_as_a_Storm_Breaks.JPG
Statue_of_Liberty,260909,0,commons/Statue_of_Liberty_in_2012/0/pictures/Statue_of_Liberty_taken_from_ferry.jpg
Statue_of_Liberty,260909,0,commons/Statue_of_Liberty_in_2012/0/pictures/自由女神、Statue_of_Liberty、自由の女神、Statue_of_Liberty、자유의_여신상تمثال_الحرية、_-_panoramio.jpg
Statue_of_Liberty,260909,0,"commons/Statue_of_Liberty_in_2012/0/pictures/Statue_of_Liberty,_close_up.jpg"
Statue_of_Liberty,260909,0,commons/Statue_of_Liberty_in_2012/0/pictures/US_Park_Police_Aviation_Unit_Statue_Liberty.jpg
Statue_of_Liberty,260909,0,commons/Statue_of_Liberty_in_2012/0/pictures/Statue_of_Liberty-2012.jpg
Statue_of_Liberty,260909,0,commons/Statue_of_Liberty_in_2012/0/pictures/Statue_of_Liberty_National.JPG
Statue_of_Liberty,260909,0,commons/Statue_of_Liberty_in_2012/0/pictures/Statue_of_Liberty_5a.jpg
Statue_of_Liberty,260909,0,commons/Statue_of_Liberty_in_2012/0/pictures/Statue_of_Liberty_-_New_York_Harbor_-_2_Sept._2012_-_(1).jpg
Statue_of_Liberty,260909,0,commons/Statue_of_Liberty_in_2012/0/pictures/NYC_2012_IMG_3060_(5503632254).jpg
Statue_of_Liberty,260909,0,commons/Statue_of_Liberty_in_2012/0/pictures/Statue_of_Liberty_-_12.jpg
Statue_of_Liberty,260909,0,commons/Statue_of_Liberty_in_2012/0/pictures/Statue_of_Liberty_1_New_York.JPG
Statue_of_Liberty,260909,0,commons/Statue_of_Liberty_in_2012/0/pictures/Liberty_Enlightening_the_World.jpg
Statue_of_Liberty,260909,0,commons/Statue_of_Liberty_in_2012/0/pictures/Statue_of_Liberty_-_01.jpg
Statue_of_Liberty,260909,0,commons/Statue_of_Liberty_in_2012/0/pictures/Statue_of_Liberty_-_03.jpg
Statue_of_Liberty,260909,0,commons/Statue_of_Liberty_in_2012/0/pictures/Statue_of_Liberty_-_10.jpg
Statue_of_Liberty,260909,0,"commons/Statue_of_Liberty_in_2012/0/pictures/Statue_of_Liberty,_front_from_below,_April_2012.jpg"
Statue_of_Liberty,260909,0,commons/Statue_of_Liberty_in_2012/0/pictures/Statue_of_Liberty_-_02.jpg
Statue_of_Liberty,260909,0,commons/Statue_of_Liberty_in_2012/0/pictures/Statue_of_Liberty_-_04.jpg
Statue_of_Liberty,260909,0,commons/Statue_of_Liberty_in_2012/0/pictures/NY_statue_lib_coast_guards.JPG
Statue_of_Liberty,260909,0,commons/Statue_of_Liberty_in_2012/0/pictures/Statue_of_Liberty_-_06.jpg
Statue_of_Liberty,260909,0,commons/Statue_of_Liberty_in_2012/0/pictures/Statue_of_Liberty_-_05.jpg
Statue_of_Liberty,260909,0,commons/Statue_of_Liberty_in_2012/0/pictures/Space_Shuttle_Enterprise_Move_to_Intrepid_(201206060002HQ)_DVIDS723744.jpg
Statue_of_Liberty,260909,0,"commons/Statue_of_Liberty_in_2012/0/pictures/Jersey_City,_NJ,_USA_-_panoramio_(11).jpg"
Statue_of_Liberty,260909,0,commons/Statue_of_Liberty_in_2012/0/pictures/NY_statue_lib_coast_guards_2.JPG
Statue_of_Liberty,260909,0,commons/Statue_of_Liberty_in_2012/0/pictures/MH-65-Statue_of_Liberty_120604-G-NB914-114.jpg
Statue_of_Liberty,260909,0,commons/Statue_of_Liberty_in_2012/0/pictures/NYC_2012_IMG_3067_(5503637264).jpg
Statue_of_Liberty,260909,0,commons/Statue_of_Liberty_in_2012/0/pictures/MH-65-_Statue_of_Liberty_120606-G-NB914-013.jpg
Statue_of_Liberty,260909,0,commons/Statue_of_Liberty_in_2012/0/pictures/Lady_Liberty_(8026582082)_(2).jpg
Statue_of_Liberty,260909,0,commons/Statue_of_Liberty_in_2012/0/pictures/NYC_2012_IMG_3076_(5503643082).jpg
Statue_of_Liberty,260909,0,commons/Statue_of_Liberty_in_2012/0/pictures/NYC_2012_IMG_3061_(5503044149).jpg
Statue_of_Liberty,260909,0,commons/Statue_of_Liberty_in_2012/0/pictures/New_York_City-012_(7124411675).jpg
Statue_of_Liberty,260909,0,"commons/Statue_of_Liberty_in_2012/0/pictures/Jersey_City,_NJ,_USA_-_panoramio_(9).jpg"
Statue_of_Liberty,260909,0,"commons/Statue_of_Liberty_in_2012/0/pictures/Jersey_City,_NJ,_USA_-_panoramio_(6).jpg"
Statue_of_Liberty,260909,0,"commons/Statue_of_Liberty_in_2012/0/pictures/Estatua_de_la_Libertad_(Nueva_York,_Estados_Unidos)_001.JPG"
Statue_of_Liberty,260909,0,commons/Statue_of_Liberty_in_2012/0/pictures/Flame_of_freedom_(Juan_Luis_Rocha_G).JPG
Statue_of_Liberty,260909,0,commons/Statue_of_Liberty_in_2012/0/pictures/Flickr_-_Official_U.S._Navy_Imagery_-_Sailors_assist_with_Hurricane_Sandy_clean-up._(9).jpg
Statue_of_Liberty,260909,0,"commons/Statue_of_Liberty_in_2012/0/pictures/Jersey_City,_NJ,_USA_-_panoramio_(12).jpg"
Statue_of_Liberty,260909,0,"commons/Statue_of_Liberty_in_2012/0/pictures/Jersey_City,_NJ,_USA_-_panoramio_(10).jpg"
Statue_of_Liberty,260909,0,commons/Statue_of_Liberty_in_2012/0/pictures/NY_Statue_of_Liberty.jpg
Statue_of_Liberty,260909,0,commons/Statue_of_Liberty_in_2011/0/pictures/Statue_of_liberty_1.jpg
Statue_of_Liberty,260909,0,commons/Statue_of_Liberty_in_2012/0/pictures/Ellis_Island_and_Liberty_11.jpg
Statue_of_Liberty,260909,0,commons/Statue_of_Liberty_in_2012/0/pictures/26th_MEU_Hurricane_Sandy_Response_121103-M-SO289-014.jpg
Statue_of_Liberty,260909,0,commons/Statue_of_Liberty_in_2012/0/pictures/Blue_liberty.JPG
Statue_of_Liberty,260909,0,commons/Statue_of_Liberty_in_2011/0/pictures/Statue_of_Liberty_(9609938716).jpg
Statue_of_Liberty,260909,0,commons/Statue_of_Liberty_in_2012/0/pictures/121106-N-KA456-032_(25728078126).jpg
Statue_of_Liberty,260909,0,commons/Statue_of_Liberty_in_2011/0/pictures/حاتم_موبايل_12_2011_038.jpg
Statue_of_Liberty,260909,0,commons/Statue_of_Liberty_in_2011/0/pictures/Statue_of_Liberty_-_Estatua_de_la_Libertad_(HDR)_-_panoramio.jpg
Statue_of_Liberty,260909,0,commons/Statue_of_Liberty_in_2011/0/pictures/Statue_of_Liberty_and_NYC_view_-_panoramio.jpg
Statue_of_Liberty,260909,0,commons/Statue_of_Liberty_in_2011/0/pictures/Statue_of_Liberty101.JPG
Statue_of_Liberty,260909,0,"commons/Statue_of_Liberty_in_2011/0/pictures/USA_-_NY,_Manhattan_-_Statue_of_Liberty_-_panoramio.jpg"
Statue_of_Liberty,260909,0,commons/Statue_of_Liberty_in_2011/0/pictures/Statue_of_Liberty_United_States_of_America_-_USA_(9897974764).jpg
Statue_of_Liberty,260909,0,commons/Statue_of_Liberty_in_2011/0/pictures/Statue_of_Liberty_United_States_of_America_-_USA_(9898204863).jpg
Statue_of_Liberty,260909,0,commons/Statue_of_Liberty_in_2012/0/pictures/Ellis_Island_and_Liberty_08.jpg
Statue_of_Liberty,260909,0,commons/Statue_of_Liberty_in_2012/0/pictures/Ellis_Island_and_Liberty_04.jpg
Statue_of_Liberty,260909,0,commons/Statue_of_Liberty_in_2011/0/pictures/Statue_of_Liberty_United_States_of_America_-_USA_(9897936123).jpg
Statue_of_Liberty,260909,0,commons/Statue_of_Liberty_in_2011/0/pictures/Statue_of_Liberty_2011.jpg
Statue_of_Liberty,260909,0,commons/Statue_of_Liberty_in_2011/0/pictures/Statue_of_Liberty_(6279262473).jpg
Statue_of_Liberty,260909,0,commons/Statue_of_Liberty_in_2011/0/pictures/Liberty_Enlightening_the_World_-_panoramio.jpg
Statue_of_Liberty,260909,0,commons/Statue_of_Liberty_in_2011/0/pictures/Statue_of_Liberty_2011c.jpg
Statue_of_Liberty,260909,0,commons/Statue_of_Liberty_in_2011/0/pictures/Statue_of_Liberty_2011b.jpg
Statue_of_Liberty,260909,0,commons/Statue_of_Liberty_in_2011/0/pictures/Statue_of_Liberty_(6279783404).jpg
Statue_of_Liberty,260909,0,commons/Statue_of_Liberty_in_2011/0/pictures/Statue_of_Liberty_(6279781188).jpg
Statue_of_Liberty,260909,0,commons/Statue_of_Liberty_in_2011/0/pictures/Statue_of_Liberty_(6279263165).jpg
Statue_of_Liberty,260909,0,commons/Statue_of_Liberty_in_2011/0/pictures/Statue_of_Liberty_(6279781268).jpg
Statue_of_Liberty,260909,0,commons/Statue_of_Liberty_in_2011/0/pictures/Statue_of_Liberty_(6279261057).jpg
Statue_of_Liberty,260909,0,commons/Statue_of_Liberty_in_2011/0/pictures/Statue_of_Liberty_2011a.jpg
Statue_of_Liberty,260909,0,commons/Statue_of_Liberty_in_2011/0/pictures/Statue_of_Liberty_(6279263029).jpg
Statue_of_Liberty,260909,0,commons/Statue_of_Liberty_in_2011/0/pictures/New_York_City_2011_084_(10077717476).jpg
Statue_of_Liberty,260909,0,commons/Statue_of_Liberty_in_2010/0/pictures/Statue_of_liberty_nyc_(cropped).jpg
Statue_of_Liberty,260909,0,commons/Statue_of_Liberty_in_2011/0/pictures/New_York_City_(6279261283).jpg
Statue_of_Liberty,260909,0,commons/Statue_of_Liberty_in_2011/0/pictures/NYC_Statue_de_la_Liberté.JPG
Statue_of_Liberty,260909,0,commons/Statue_of_Liberty_in_2011/0/pictures/Liberty_Statue_-_panoramio.jpg
Statue_of_Liberty,260909,0,commons/Statue_of_Liberty_in_2011/0/pictures/Arrivo_alla_Libertà_-_panoramio.jpg
Statue_of_Liberty,260909,0,commons/Statue_of_Liberty_in_2011/0/pictures/Statue_of_Liberty_(6279783138).jpg
Statue_of_Liberty,260909,0,commons/Statue_of_Liberty_in_2011/0/pictures/500px_photo_(28952193).jpeg
Statue_of_Liberty,260909,0,commons/Statue_of_Liberty_in_2011/0/pictures/Statue_of_Liberty_(6279271781).jpg
Statue_of_Liberty,260909,0,commons/Statue_of_Liberty_in_2011/0/pictures/Statue_of_Liberty_(6279262751).jpg
Statue_of_Liberty,260909,0,commons/Statue_of_Liberty_in_2010/0/pictures/Statue_of_Liberty_6.jpg
Statue_of_Liberty,260909,0,commons/Statue_of_Liberty_in_2011/0/pictures/Liberty_-_Flickr_-_Mobilus_In_Mobili.jpg
Statue_of_Liberty,260909,0,commons/Statue_of_Liberty_in_2011/0/pictures/Coast_Guard_Cutter_Eagle_arrives_in_New_York_on_Coast_Guard_Day_DVIDS1105123.jpg
Statue_of_Liberty,260909,0,commons/Statue_of_Liberty_in_2010/0/pictures/Statua_della_Libertà_-_panoramio_(1).jpg
Statue_of_Liberty,260909,0,commons/Statue_of_Liberty_in_2011/0/pictures/New_York_City_2011_087_(10077768183).jpg
Statue_of_Liberty,260909,0,commons/Statue_of_Liberty_in_2010/0/pictures/Либерти_айленд_вид_с_парома_Стейтен_Айленд-Манхеттен_-_panoramio.jpg
Statue_of_Liberty,260909,0,commons/Statue_of_Liberty_in_2011/0/pictures/Coast_Guard_Cutter_Eagle_arrives_in_New_York_on_Coast_Guard_Day_DVIDS1105124.jpg
Statue_of_Liberty,260909,0,commons/Statue_of_Liberty_in_2010/0/pictures/Statue_of_LibertyMay10.jpg
Statue_of_Liberty,260909,0,commons/Statue_of_Liberty_in_2011/0/pictures/Statue_of_Liberty_-_header.jpg
Statue_of_Liberty,260909,0,"commons/Statue_of_Liberty_in_2010/0/pictures/Statue-of-Liberty,_New_York.jpg"
Statue_of_Liberty,260909,0,commons/Statue_of_Liberty_in_2010/0/pictures/Statue_of_LibertyMay10_4.jpg
Statue_of_Liberty,260909,0,commons/Statue_of_Liberty_in_2010/0/pictures/S_of_L.JPG
Statue_of_Liberty,260909,0,commons/Statue_of_Liberty_in_2010/0/pictures/NYC_12_1_(6628717057).jpg
Statue_of_Liberty,260909,0,commons/Statue_of_Liberty_in_2010/0/pictures/NYC_8_1_(6628647379).jpg
Statue_of_Liberty,260909,0,commons/Statue_of_Liberty_in_2010/0/pictures/Statue_of_Liberty_7.jpg
Statue_of_Liberty,260909,0,commons/Statue_of_Liberty_in_2010/0/pictures/Statue_of_Liberty_Close.jpg
Statue_of_Liberty,260909,0,"commons/Statue_of_Liberty_in_2010/0/pictures/Statue_of_Liberty,_New_York,_USA-30July2010.jpg"
Statue_of_Liberty,260909,0,commons/Statue_of_Liberty_in_2011/0/pictures/B&W_Statue_of_Liberty_crop.jpg
Statue_of_Liberty,260909,0,commons/Statue_of_Liberty_in_2010/0/pictures/NYC_14_1_(6628744017).jpg
Statue_of_Liberty,260909,0,commons/Statue_of_Liberty_in_2010/0/pictures/Statue_of_Liberty_-_panoramio_(4).jpg
Statue_of_Liberty,260909,0,commons/Statue_of_Liberty_in_2010/0/pictures/Statue_of_Liberty_National_Monument.JPG
Statue_of_Liberty,260909,0,"commons/Statue_of_Liberty_in_2010/0/pictures/Statue_of_Liberty,_NYC_(яіску_ѕнояе)_-_Flickr.jpeg"
Statue_of_Liberty,260909,0,commons/Statue_of_Liberty_in_2010/0/pictures/Statue_of_Liberty_-_panoramio_(2).jpg
Statue_of_Liberty,260909,0,commons/Statue_of_Liberty_in_2009/0/pictures/Statue_of_Liberty_25.jpg
Statue_of_Liberty,260909,0,commons/Statue_of_Liberty_in_2009/0/pictures/US_-_Liberty_Island_-_07.JPG
Statue_of_Liberty,260909,0,"commons/Statue_of_Liberty_in_2009/0/pictures/US_Navy_090327-N-8467N-001_Lt._Scott_Woods,_left,_administers_the_oath_of_enlistment_to_Machinist's_Mate_1st_Class_Adam_Bunker-Worley.jpg"
Statue_of_Liberty,260909,0,commons/Statue_of_Liberty_in_2009/0/pictures/Statue-of-liberty.jpg
Statue_of_Liberty,260909,0,commons/Statue_of_Liberty_in_2009/0/pictures/Statue_of_Liberty_11.jpg
Statue_of_Liberty,260909,0,"commons/Statue_of_Liberty_in_2009/0/pictures/Statue_of_Liberty,_NY_-_panoramio.jpg"
Statue_of_Liberty,260909,0,commons/Statue_of_Liberty_in_2009/0/pictures/Statue_of_Liberty_23.JPG
Statue_of_Liberty,260909,0,commons/Statue_of_Liberty_in_2009/0/pictures/Statue_of_Liberty_2009_1.jpg
Statue_of_Liberty,260909,0,commons/Statue_of_Liberty_in_2009/0/pictures/Statue_of_Liberty_22.jpg
Statue_of_Liberty,260909,0,commons/Statue_of_Liberty_in_2009/0/pictures/Staten_Island_Ferry_security_escort_(5551461955).jpg
Statue_of_Liberty,260909,0,commons/Statue_of_Liberty_in_2009/0/pictures/The_light_of_Liberty_01.JPG
Statue_of_Liberty,260909,0,commons/Statue_of_Liberty_in_2009/0/pictures/Mrs._Liberty_(Near)_-_panoramio.jpg
Statue_of_Liberty,260909,0,commons/Statue_of_Liberty_in_2009/0/pictures/Manhattan_New_York_City_2009_PD_20091129_165.JPG
Statue_of_Liberty,260909,0,commons/Statue_of_Liberty_in_2009/0/pictures/Lady_Liberty_silhouette.jpg
Statue_of_Liberty,260909,0,commons/Statue_of_Liberty_in_2009/0/pictures/Manhattan_New_York_City_2009_PD_20091129_162.JPG
Statue_of_Liberty,260909,0,commons/Statue_of_Liberty_in_2009/0/pictures/Statue_of_Liberty_(3550844944).jpg
Statue_of_Liberty,260909,0,commons/Statue_of_Liberty_in_2008/0/pictures/Statue_of_Liberty_frontal.jpg
Statue_of_Liberty,260909,0,commons/Statue_of_Liberty_in_2009/0/pictures/Manhattan_New_York_City_2009_PD_20091129_157.JPG
Statue_of_Liberty,260909,0,commons/Statue_of_Liberty_in_2009/0/pictures/Statue_Of_Liberty_And_Lower_Manhattan.jpg
Statue_of_Liberty,260909,0,commons/Statue_of_Liberty_in_2009/0/pictures/Estatua_de_la_Libertad_(de_frente)_-_panoramio.jpg
Statue_of_Liberty,260909,0,commons/Statue_of_Liberty_in_2009/0/pictures/Freiheitsstatue_NY_Mai_2009_PD_010.JPG
Statue_of_Liberty,260909,0,commons/Statue_of_Liberty_in_2009/0/pictures/Edit_Prince_Harry_tours_New_York_Harbor_with_a_Coast_Guard_Station_New_York_boat_crew_DVIDS1107057.jpg
Statue_of_Liberty,260909,0,commons/Statue_of_Liberty_in_2008/0/pictures/Me-silviya2.JPG
Statue_of_Liberty,260909,0,commons/Statue_of_Liberty_in_2009/0/pictures/7.6.09StatueOfLibertyByLuigiNovi2.jpg
Statue_of_Liberty,260909,0,commons/Statue_of_Liberty_in_2009/0/pictures/7.6.09StatueOfLibertyByLuigiNovi3.jpg
Statue_of_Liberty,260909,0,commons/Statue_of_Liberty_in_2009/0/pictures/7.6.09StatueOfLibertyByLuigiNovi1.jpg
Statue_of_Liberty,260909,0,commons/Statue_of_Liberty_in_2009/0/pictures/Flickr_-_The_U.S._Army_-_The_Golden_Knights_land_at_Statue_of_Liberty_in_New_York_City_(3).jpg
Statue_of_Liberty,260909,0,commons/Statue_of_Liberty_in_2008/0/pictures/Statue_of_Liberty_2008.JPG
Statue_of_Liberty,260909,0,commons/Statue_of_Liberty_in_2008/0/pictures/Liberty_Island_2008_PD_03.JPG
Statue_of_Liberty,260909,0,commons/Statue_of_Liberty_in_2008/0/pictures/Statue_of_Liberty_-_panoramio_-_Gabriele_Giuseppini_(1).jpg
Statue_of_Liberty,260909,0,commons/Statue_of_Liberty_in_2008/0/pictures/Liberty_Island_2008_PD_06.JPG
Statue_of_Liberty,260909,0,commons/Statue_of_Liberty_in_2007/0/pictures/Statue_of_Liberty_5.jpg
Statue_of_Liberty,260909,0,commons/Statue_of_Liberty_in_2007/0/pictures/Us-ny-statue-of-liberty_croped-brightened_from_photo_by_Chris_Woods.jpg
Statue_of_Liberty,260909,0,commons/Statue_of_Liberty_in_2007/0/pictures/ESTATUA_DE_LA_LIBERTAD_-_panoramio.jpg
Statue_of_Liberty,260909,0,commons/Statue_of_Liberty_in_2007/0/pictures/New_York_City_skyline_-_Flickr_-_wilhelmja.jpg
Statue_of_Liberty,260909,0,commons/WLMUS_2019_images_of_the_Statue_of_Liberty/0/pictures/Liberty_kiss.jpg
Statue_of_Liberty,260909,0,commons/Statue_of_Liberty_in_2007/0/pictures/0326New_York_City_Statue_of_Liberty.JPG
Statue_of_Liberty,260909,0,"commons/Statue_of_Liberty_in_2007/0/pictures/Statue_of_Liberty_(March_26,_2007).jpg"
Statue_of_Liberty,260909,0,"commons/Statue_of_Liberty_in_2006/0/pictures/Assignment-_48-DPA-SOI_K_NY_2006_S)_Visit_of_Secretary-designate_Dirk_Kempthorne_(and_aides)_to_New_York_City,_New_York,_(for_touring,_discussions_with_National_Park_Service_staff_a_-_DPLA_-_a160da90e13adb92e604fc70d569ac6f.JPG"
Statue_of_Liberty,260909,0,commons/Statue_of_Liberty_in_2005/0/pictures/Liberty_2005_3.jpg
Statue_of_Liberty,260909,0,commons/Statue_of_Liberty_in_2006/0/pictures/US_New_York_0603_189_(17249693205).jpg
Statue_of_Liberty,260909,0,commons/Front_right_views_of_the_Statue_of_Liberty/0/pictures/Huddled_Masses_NYC.jpg
Statue_of_Liberty,260909,0,commons/Quality_images_of_the_Statue_of_Liberty/0/pictures/Statue_of_Liberty_-_01.jpg
Statue_of_Liberty,260909,0,commons/Front_right_views_of_the_Statue_of_Liberty/0/pictures/Lady_Liberty_at_dusk.jpg
Statue_of_Liberty,260909,0,commons/Upshots_of_the_Statue_of_Liberty/0/pictures/Statueofliberty_nps.jpg
Statue_of_Liberty,260909,0,commons/Statue_of_Liberty_from_Staten_Island_Ferry/0/pictures/Coast_Guard_patrol_boat_passing_the_Statue_of_Liberty_2.jpg
Statue_of_Liberty,260909,0,commons/Front_right_views_of_the_Statue_of_Liberty/0/pictures/Lady_Liberty_and_clouds.jpg
Statue_of_Liberty,260909,0,commons/WLMUS_2016_images_of_the_Statue_of_Liberty/0/pictures/Liberty_State_Park.jpg
Statue_of_Liberty,260909,0,commons/Front_right_views_of_the_Statue_of_Liberty/0/pictures/Flickr_-_Official_U.S._Navy_Imagery_-_Sailors_assist_with_Hurricane_Sandy_clean-up._(9).jpg
Statue_of_Liberty,260909,0,commons/Front_right_views_of_the_Statue_of_Liberty/0/pictures/Adk6.jpg
Statue_of_Liberty,260909,0,commons/Front_right_views_of_the_Statue_of_Liberty/0/pictures/LibertyStatue.JPG
Statue_of_Liberty,260909,0,commons/Front_right_views_of_the_Statue_of_Liberty/0/pictures/Adk8.jpg
Statue_of_Liberty,260909,0,commons/Front_right_views_of_the_Statue_of_Liberty/0/pictures/5DM44136.jpg
Statue_of_Liberty,260909,0,commons/Front_left_views_of_the_Statue_of_Liberty/0/pictures/USA-NYC-Liberty_Island.JPG
Statue_of_Liberty,260909,0,commons/Upshots_of_the_Statue_of_Liberty/0/pictures/Statue_of_Liberty_--_Liberty_Island_New_York_Harbor_(NY)_April_2016_(26714239775).jpg
Statue_of_Liberty,260909,0,commons/Statue_of_Liberty_at_dusk/0/pictures/Manhattan_New_York_City_2009_PD_20091129_162.JPG
Statue_of_Liberty,260909,0,commons/Front_left_views_of_the_Statue_of_Liberty/0/pictures/The_Statute_of_Liberty_National_Monument.jpg
Statue_of_Liberty,260909,0,"commons/Front_left_views_of_the_Statue_of_Liberty/0/pictures/The_Statue_of_Liberty,New_York.jpg"
Statue_of_Liberty,260909,0,commons/Front_right_views_of_the_Statue_of_Liberty/0/pictures/Adk7.jpg
Statue_of_Liberty,260909,0,commons/Front_left_views_of_the_Statue_of_Liberty/0/pictures/The_Statue_of_Liberty_Enlightening_the_World.jpg
Statue_of_Liberty,260909,0,commons/Front_left_views_of_the_Statue_of_Liberty/0/pictures/The_Statue_of_Liberty_National_Monument_2.jpg
Statue_of_Liberty,260909,0,commons/Front_left_views_of_the_Statue_of_Liberty/0/pictures/Te_Statue_of_Liberty_(8403835876).jpg
Statue_of_Liberty,260909,0,commons/Front_left_views_of_the_Statue_of_Liberty/0/pictures/Statue_of_Liberty_from_Cruise_-_panoramio.jpg
Statue_of_Liberty,260909,0,commons/Front_left_views_of_the_Statue_of_Liberty/0/pictures/Statue_of_liberty_best_photo_online.jpg
Statue_of_Liberty,260909,0,commons/Front_left_views_of_the_Statue_of_Liberty/0/pictures/Statue_of_liberty_in_a_sunny_day.jpg
Statue_of_Liberty,260909,0,commons/Front_left_views_of_the_Statue_of_Liberty/0/pictures/The_Statue_of_Liberty_2016_01.JPG
Statue_of_Liberty,260909,0,commons/Front_left_views_of_the_Statue_of_Liberty/0/pictures/Statue_of_Liberty_at_Sunset.jpg
Statue_of_Liberty,260909,0,commons/Front_left_views_of_the_Statue_of_Liberty/0/pictures/Statue_of_Liberty_25.jpg
Statue_of_Liberty,260909,0,commons/Statue_of_Liberty_from_Staten_Island_Ferry/0/pictures/Liberty_from_Ferry_P6150349.jpg
Statue_of_Liberty,260909,0,"commons/Front_left_views_of_the_Statue_of_Liberty/0/pictures/Statue_of_Liberty,_Pedestal,_and_Fort.jpg"
Statue_of_Liberty,260909,0,commons/Front_left_views_of_the_Statue_of_Liberty/0/pictures/Statue_of_Liberty_Island_3.jpg
Statue_of_Liberty,260909,0,commons/Upshots_of_the_Statue_of_Liberty/0/pictures/مجسمه_ازادى.jpg
Statue_of_Liberty,260909,0,commons/Front_left_views_of_the_Statue_of_Liberty/0/pictures/StatueOfLiberty01.jpg
Statue_of_Liberty,260909,0,commons/WLMUS_2012_images_of_the_Statue_of_Liberty/0/pictures/The_Statue_of_Liberty_in_New_York.jpg
Statue_of_Liberty,260909,0,commons/Front_left_views_of_the_Statue_of_Liberty/0/pictures/Statue_of_Liberty_Lit_by_Sunset.jpg
Statue_of_Liberty,260909,0,commons/Front_left_views_of_the_Statue_of_Liberty/0/pictures/Statue_of_Liberty-_NYC.jpg
Statue_of_Liberty,260909,0,commons/Statue_of_Liberty_from_Staten_Island_Ferry/0/pictures/Coast_Guard_patrol_boat_passing_the_Statue_of_Liberty_1.jpg
Statue_of_Liberty,260909,0,"commons/Front_left_views_of_the_Statue_of_Liberty/0/pictures/Statue_of_Liberty,_New_York_-_panoramio.jpg"
Statue_of_Liberty,260909,0,commons/Statue_of_Liberty_in_2008/0/pictures/Pedestal-of-Statue-of-Liberty.png
Statue_of_Liberty,260909,0,commons/WLMUS_2021_images_of_the_Statue_of_Liberty/0/pictures/Lady_Liberty_yellow_sky.jpg
Statue_of_Liberty,260909,0,commons/Front_views_of_the_Statue_of_Liberty/0/pictures/美國紐約20.jpg
Statue_of_Liberty,260909,0,commons/Front_left_views_of_the_Statue_of_Liberty/0/pictures/Statue.jp.jpg
Statue_of_Liberty,260909,0,"commons/Front_left_views_of_the_Statue_of_Liberty/0/pictures/Statue_of_Liberty,_NY_(cropped).jpg"
Statue_of_Liberty,260909,0,commons/WLMUS_2019_images_of_the_Statue_of_Liberty/0/pictures/LadyLiberty01.jpg
Statue_of_Liberty,260909,0,commons/Front_left_views_of_the_Statue_of_Liberty/0/pictures/Statue_of_Liberty.jpg
Statue_of_Liberty,260909,0,commons/Front_views_of_the_Statue_of_Liberty/0/pictures/US_-_Liberty_Island_-_04.JPG
Statue_of_Liberty,260909,0,commons/Front_views_of_the_Statue_of_Liberty/0/pictures/The_Statue_of_Liberty_(11654894206).jpg
Statue_of_Liberty,260909,0,commons/Front_left_views_of_the_Statue_of_Liberty/0/pictures/Statue_of_Liberty_United_States_of_America_-_USA_(9898076126).jpg
Statue_of_Liberty,260909,0,commons/Statue_of_Liberty_in_2008/0/pictures/Liberty_(2533774053).jpg
Statue_of_Liberty,260909,0,"commons/WLMUS_2021_images_of_the_Statue_of_Liberty/0/pictures/Statue_of_Liberty_(March_26,_2007).jpg"
Statue_of_Liberty,260909,0,commons/Front_left_views_of_the_Statue_of_Liberty/0/pictures/Statue_of_Liberty_National_Monument_STLI_02-04.jpg
Statue_of_Liberty,260909,0,commons/Statue_of_Liberty_in_2010/0/pictures/Euskal_Diaspora._New_York.jpg
Statue_of_Liberty,260909,0,commons/Front_views_of_the_Statue_of_Liberty/0/pictures/The_Statue_of_Liberty_on_a_Cloudy_Day.jpg
Statue_of_Liberty,260909,0,commons/Statue_of_Liberty_in_2010/0/pictures/WorkandTravel.jpg
Statue_of_Liberty,260909,0,commons/Front_views_of_the_Statue_of_Liberty/0/pictures/The_Statue_of_Liberty_(11654041155).jpg
Statue_of_Liberty,260909,0,commons/WLMUS_2019_images_of_the_Statue_of_Liberty/0/pictures/Statue_of_Liberty_overlooking_lower_Manhattan.jpg
Statue_of_Liberty,260909,0,commons/Upshots_of_the_Statue_of_Liberty/0/pictures/Statue_of_liberty_1.jpg
Statue_of_Liberty,260909,0,commons/Front_left_views_of_the_Statue_of_Liberty/0/pictures/Statue_of_Liberty_IMG_1994.jpg
Statue_of_Liberty,260909,0,commons/Front_views_of_the_Statue_of_Liberty/0/pictures/The_Statue_of_Liberty_-_New_York.jpg
Statue_of_Liberty,260909,0,commons/Front_left_views_of_the_Statue_of_Liberty/0/pictures/Statue_of_Liberty_Attraction.jpg
Statue_of_Liberty,260909,0,"commons/Statue_of_Liberty_in_2007/0/pictures/Statue_of_Liberty,_NY_(cropped).jpg"
Statue_of_Liberty,260909,0,commons/WLMUS_2019_images_of_the_Statue_of_Liberty/0/pictures/LadyLiberty02.jpg
Statue_of_Liberty,260909,0,commons/Statue_of_Liberty_in_2010/0/pictures/Ship1382_-_Flickr_-_NOAA_Photo_Library.jpg
Statue_of_Liberty,260909,0,commons/Front_views_of_the_Statue_of_Liberty/0/pictures/Statue.png
Statue_of_Liberty,260909,0,commons/Statue_of_Liberty_in_2010/0/pictures/Statue_of_Liberty_with_Birds.jpg
Statue_of_Liberty,260909,0,commons/Front_views_of_the_Statue_of_Liberty/0/pictures/Statue-of-liberty.jpg
Statue_of_Liberty,260909,0,commons/Statue_of_Liberty_in_2010/0/pictures/New_York_2010_-_panoramio.jpg
Statue_of_Liberty,260909,0,commons/Front_views_of_the_Statue_of_Liberty/0/pictures/Us-ny-statue-of-liberty.jpg
Statue_of_Liberty,260909,0,commons/Front_left_views_of_the_Statue_of_Liberty/0/pictures/Statue_of_Liberty_05_(9439882841).jpg
Statue_of_Liberty,260909,0,"commons/Statue_of_Liberty_in_2010/0/pictures/New_York_City,NewYork,USA._-_panoramio.jpg"
Statue_of_Liberty,260909,0,commons/Front_views_of_the_Statue_of_Liberty/0/pictures/Us-ny-statue-of-liberty_croped-brightened_from_photo_by_Chris_Woods.jpg
Statue_of_Liberty,260909,0,commons/Statue_of_Liberty_in_2010/0/pictures/Manhattan_-_New_York_City_(4854857303).jpg
Statue_of_Liberty,260909,0,commons/Front_views_of_the_Statue_of_Liberty/0/pictures/Statue_of_Liberty_and_Ellis_Island.jpg
Statue_of_Liberty,260909,0,commons/Statue_of_Liberty_in_2010/0/pictures/Manhattan_-_New_York_City_(4855480530).jpg
Statue_of_Liberty,260909,0,commons/Front_views_of_the_Statue_of_Liberty/0/pictures/The_Statue_of_Liberty_2016_02.JPG
Statue_of_Liberty,260909,0,commons/Front_right_views_of_the_Statue_of_Liberty/0/pictures/Statue_of_Liberty_(2).JPG
Statue_of_Liberty,260909,0,commons/Statue_of_Liberty_in_2010/0/pictures/NYC_11_1_(6628702153).jpg
Statue_of_Liberty,260909,0,"commons/Front_views_of_the_Statue_of_Liberty/0/pictures/Statue-of-Liberty,_New_York.jpg"
Statue_of_Liberty,260909,0,commons/Statue_of_Liberty_in_2007/0/pictures/Statueofliberty.JPG
Statue_of_Liberty,260909,0,commons/WLMUS_2018_images_of_the_Statue_of_Liberty/0/pictures/The_Statue_of_Liberty_(from_below_pedestal).jpg
Statue_of_Liberty,260909,0,commons/Statue_of_Liberty_in_2010/0/pictures/Manhattan_-_New_York_City_(4855487304).jpg
Statue_of_Liberty,260909,0,commons/Front_views_of_the_Statue_of_Liberty/0/pictures/Statue_of_LibertyMay10_4.jpg
Statue_of_Liberty,260909,0,commons/Statue_of_Liberty_in_2007/0/pictures/Estatua_de_la_Libertad_Nueva_York6721.JPG
Statue_of_Liberty,260909,0,commons/WLMUS_2019_images_of_the_Statue_of_Liberty/0/pictures/Beautiful_details_of_the_Statue_of_Liberty.jpg
Statue_of_Liberty,260909,0,commons/Front_views_of_the_Statue_of_Liberty/0/pictures/Statue_of_Liberty1.jpg
Statue_of_Liberty,260909,0,commons/Statue_of_Liberty_in_2007/0/pictures/0327New_York_City_Statue_of_Liberty.JPG
Statue_of_Liberty,260909,0,commons/WLMUS_2018_images_of_the_Statue_of_Liberty/0/pictures/The_Statue_of_Liberty_National_Monument_5.jpg
Statue_of_Liberty,260909,0,commons/Statue_of_Liberty_in_2007/0/pictures/Statueofliberty2.JPG
Statue_of_Liberty,260909,0,commons/WLMUS_2018_images_of_the_Statue_of_Liberty/0/pictures/The_Statue_of_Liberty_Enlightening_the_World.jpg
Statue_of_Liberty,260909,0,commons/Statue_of_Liberty_in_2010/0/pictures/Statue_of_Liberty_-_panoramio_(1).jpg
Statue_of_Liberty,260909,0,commons/Front_views_of_the_Statue_of_Liberty/0/pictures/Statue_of_Liberty_2019_front.jpg
Statue_of_Liberty,260909,0,commons/Statue_of_Liberty_in_2007/0/pictures/Me_&_Lady_Liberty_(973669035).jpg
Statue_of_Liberty,260909,0,commons/WLMUS_2018_images_of_the_Statue_of_Liberty/0/pictures/The_Statue_of_Liberty_National_Monument_6.jpg
Statue_of_Liberty,260909,0,"commons/Statue_of_Liberty_in_2009/0/pictures/Statue_of_Liberty,_Jersey_City_-_panoramio.jpg"
Statue_of_Liberty,260909,0,"commons/Front_views_of_the_Statue_of_Liberty/0/pictures/Statue_of_Liberty,_New_York_City,_New_York.jpg"
Statue_of_Liberty,260909,0,commons/Front_right_views_of_the_Statue_of_Liberty/0/pictures/Qwertyliberty123.jpg
Statue_of_Liberty,260909,0,commons/Upshots_of_the_Statue_of_Liberty/0/pictures/Statue-Of-Liberty.jpg
Statue_of_Liberty,260909,0,commons/Statue_of_Liberty_from_Staten_Island_Ferry/0/pictures/Lady_Liberty_from_Staten_Island_Ferry.jpg
Statue_of_Liberty,260909,0,commons/Statue_of_Liberty_in_2009/0/pictures/Statue_of_liberty_28.jpg
Statue_of_Liberty,260909,0,commons/Front_views_of_the_Statue_of_Liberty/0/pictures/Statue_of_Liberty_taken_from_ferry.jpg
Statue_of_Liberty,260909,0,commons/Front_right_views_of_the_Statue_of_Liberty/0/pictures/Freiheitsstatue_NY_Mai_2009_PD_006.JPG
Statue_of_Liberty,260909,0,commons/Upshots_of_the_Statue_of_Liberty/0/pictures/Vrijheidsbeeld.JPG
Statue_of_Liberty,260909,0,commons/Front_left_views_of_the_Statue_of_Liberty/0/pictures/Statue_of_Liberty_221.JPG
Statue_of_Liberty,260909,0,"commons/Statue_of_Liberty_from_Staten_Island_Ferry/0/pictures/Jersey_City_-_Staten_Island_Ferry,_New_York,_NY,_USA_-_August_19,_2015.jpg"
Statue_of_Liberty,260909,0,commons/Statue_of_Liberty_in_2007/0/pictures/0325New_York_City_Statue_of_Liberty.JPG
Statue_of_Liberty,260909,0,commons/WLMUS_2018_images_of_the_Statue_of_Liberty/0/pictures/Statue_of_Liberty_New_York_2013.jpg
Statue_of_Liberty,260909,0,commons/Statue_of_Liberty_in_2010/0/pictures/Estatua_de_la_libertad.JPG
Statue_of_Liberty,260909,0,commons/Front_views_of_the_Statue_of_Liberty/0/pictures/Statue_of_Liberty_view_from_the_Ferry.jpg
Statue_of_Liberty,260909,0,commons/Front_right_views_of_the_Statue_of_Liberty/0/pictures/IMG_20180818_162654730_HDR-EFFECTS.jpg
Statue_of_Liberty,260909,0,commons/Front_views_of_the_Statue_of_Liberty/0/pictures/Statueofliberty2.JPG
Statue_of_Liberty,260909,0,commons/WLMUS_2018_images_of_the_Statue_of_Liberty/0/pictures/Statue_of_liberty_in_a_sunny_day.jpg
Statue_of_Liberty,260909,0,commons/Statue_of_Liberty_in_2009/0/pictures/Statue_of_Liberty_from_Cruise_-_panoramio.jpg
Statue_of_Liberty,260909,0,commons/Front_views_of_the_Statue_of_Liberty/0/pictures/Statue_of_Liberty_by_Amp25.93.jpg
Statue_of_Liberty,260909,0,commons/Quality_images_of_the_Statue_of_Liberty/0/pictures/Statue_of_Liberty_-_02.jpg
Statue_of_Liberty,260909,0,commons/Front_views_of_the_Statue_of_Liberty/0/pictures/Statue_of_Liberty_May_2010.jpg
Statue_of_Liberty,260909,0,commons/Front_right_views_of_the_Statue_of_Liberty/0/pictures/Maria_Navarro_2000_(cropped).jpg
Statue_of_Liberty,260909,0,commons/Front_views_of_the_Statue_of_Liberty/0/pictures/Statue-of-liberty_tysto.jpg
Statue_of_Liberty,260909,0,commons/Upshots_of_the_Statue_of_Liberty/0/pictures/Lady_Liberty_in_NY.jpg
Statue_of_Liberty,260909,0,commons/Statue_of_Liberty/0/pictures/Statue_of_Liberty_viewed_from_front_in_February_2019.jpg
Statue_of_Liberty,260909,0,commons/WLMUS_2018_images_of_the_Statue_of_Liberty/0/pictures/Statue_of_Liberty_view_from_the_Ferry.jpg
Statue_of_Liberty,260909,0,commons/Statue_of_Liberty_in_2010/0/pictures/Lady_Liberty_from_Staten_Island_Ferry.jpg
Statue_of_Liberty,260909,0,"commons/Front_views_of_the_Statue_of_Liberty/0/pictures/Statue_of_Liberty,_by_Anthony_DELANOIX_2015-06-20_(Unsplash).jpg"
Statue_of_Liberty,260909,0,commons/Quality_images_of_the_Statue_of_Liberty/0/pictures/Statue_of_Liberty_-_04.jpg
Statue_of_Liberty,260909,0,commons/WLMUS_2018_images_of_the_Statue_of_Liberty/0/pictures/Statue_of_Liberty_From_the_Bay.jpg
Statue_of_Liberty,260909,0,commons/Front_views_of_the_Statue_of_Liberty/0/pictures/Statue_of_Liberty_with_Sailboat.jpg
Statue_of_Liberty,260909,0,"commons/Quality_images_of_the_Statue_of_Liberty/0/pictures/New_York_City_(New_York,_USA),_Statue_of_Liberty_--_2012_--_6660.jpg"
Statue_of_Liberty,260909,0,"commons/Statue_of_Liberty_at_dusk/0/pictures/New_York_City_(New_York,_USA),_Statue_of_Liberty_--_2012_--_6818.jpg"
Statue_of_Liberty,260909,0,commons/Front_views_of_the_Statue_of_Liberty/0/pictures/Statue_of_Liberty_Island.jpg
Statue_of_Liberty,260909,0,commons/Front_views_of_the_Statue_of_Liberty/0/pictures/Statue_of_liberty_side.jpg
Statue_of_Liberty,260909,0,commons/Upshots_of_the_Statue_of_Liberty/0/pictures/Statue_of_Liberty_Island_Aug_2017.jpg
Statue_of_Liberty,260909,0,commons/Front_left_views_of_the_Statue_of_Liberty/0/pictures/Statue_of_Liberty_10.JPG
Statue_of_Liberty,260909,0,commons/WLMUS_2018_images_of_the_Statue_of_Liberty/0/pictures/STOLIB.jpg
Statue_of_Liberty,260909,0,commons/Statue_of_Liberty_in_2009/0/pictures/US_-_Liberty_Island_-_05.JPG
Statue_of_Liberty,260909,0,commons/Front_views_of_the_Statue_of_Liberty/0/pictures/Statue_of_liberty_2.jpg
Statue_of_Liberty,260909,0,commons/WLMUS_2018_images_of_the_Statue_of_Liberty/0/pictures/Women_Can_Rule_The_World.jpg
Statue_of_Liberty,260909,0,commons/Front_views_of_the_Statue_of_Liberty/0/pictures/Statue_of_Liberty_United_States_of_America_-_USA_(9897973336).jpg
Statue_of_Liberty,260909,0,"commons/WLMUS_2016_images_of_the_Statue_of_Liberty/0/pictures/Statue_of_Liberty_3,_New_York_City.jpg"
Statue_of_Liberty,260909,0,commons/Front_right_views_of_the_Statue_of_Liberty/0/pictures/P8150043_(20439355498).jpg
Statue_of_Liberty,260909,0,commons/Front_views_of_the_Statue_of_Liberty/0/pictures/Statue_of_liberty_04.jpg
Statue_of_Liberty,260909,0,commons/WLMUS_2018_images_of_the_Statue_of_Liberty/0/pictures/IMG_20180818_162654730_HDR-EFFECTS.jpg
Statue_of_Liberty,260909,0,commons/Front_views_of_the_Statue_of_Liberty/0/pictures/Statue_of_Liberty_United_States_of_America_-_USA_(9898112803).jpg
Statue_of_Liberty,260909,0,commons/Statue_of_Liberty_in_2009/0/pictures/US_-_Liberty_Island_-_06.JPG
Statue_of_Liberty,260909,0,commons/Front_views_of_the_Statue_of_Liberty/0/pictures/Statue_of_Liberty_at_sunset_01.jpg
Statue_of_Liberty,260909,0,commons/Statue_of_Liberty_in_2009/0/pictures/US_-_Liberty_Island_-_02.JPG
Statue_of_Liberty,260909,0,commons/Front_views_of_the_Statue_of_Liberty/0/pictures/Statue_of_Liberty_(NY)_Apri_2016_(27661955151).jpg
Statue_of_Liberty,260909,0,commons/Upshots_of_the_Statue_of_Liberty/0/pictures/Statue_of_Liberty_light_banner.jpg
Statue_of_Liberty,260909,0,commons/Front_left_views_of_the_Statue_of_Liberty/0/pictures/NYC_14_1_(6628744017).jpg
Statue_of_Liberty,260909,0,commons/Front_views_of_the_Statue_of_Liberty/0/pictures/Statue_of_Liberty_New_York_2013.jpg
Statue_of_Liberty,260909,0,commons/Upshots_of_the_Statue_of_Liberty/0/pictures/Statue_of_Liberty_4.jpg
Statue_of_Liberty,260909,0,commons/Front_left_views_of_the_Statue_of_Liberty/0/pictures/PORT_SECURITY_DVIDS1074903.jpg
Statue_of_Liberty,260909,0,commons/Upshots_of_the_Statue_of_Liberty/0/pictures/Statue_of_Liberty_2009_1.jpg
Statue_of_Liberty,260909,0,commons/Front_left_views_of_the_Statue_of_Liberty/0/pictures/Statue_of_Liberty_-_header.jpg
Statue_of_Liberty,260909,0,commons/WLMUS_2018_images_of_the_Statue_of_Liberty/0/pictures/State_of_liberty_through_my_eyes.jpg
Statue_of_Liberty,260909,0,commons/Front_views_of_the_Statue_of_Liberty/0/pictures/Statue_of_Liberty_United_States_of_America_-_USA_(9897979665).jpg
Statue_of_Liberty,260909,0,commons/Upshots_of_the_Statue_of_Liberty/0/pictures/Statue_of_Liberty_-_03.jpg
Statue_of_Liberty,260909,0,commons/Front_left_views_of_the_Statue_of_Liberty/0/pictures/Space_Shuttle_Enterprise_Move_to_Intrepid_(201206060002HQ)_DVIDS723744.jpg
Statue_of_Liberty,260909,0,commons/Upshots_of_the_Statue_of_Liberty/0/pictures/Statue_of_Liberty_2011c.jpg
Statue_of_Liberty,260909,0,commons/Front_left_views_of_the_Statue_of_Liberty/0/pictures/PORT_SECURITY_DVIDS1075236.jpg
Statue_of_Liberty,260909,0,commons/Front_left_views_of_the_Statue_of_Liberty/0/pictures/Old_Statue_of_Liberty.jpg
Statue_of_Liberty,260909,0,commons/Upshots_of_the_Statue_of_Liberty/0/pictures/Statue_of_Liberty_--_Liberty_Island_(NY)_April_2016_(26714239335).jpg
Statue_of_Liberty,260909,0,commons/Front_left_views_of_the_Statue_of_Liberty/0/pictures/New_York_(191217205).jpeg
Statue_of_Liberty,260909,0,commons/Upshots_of_the_Statue_of_Liberty/0/pictures/Estatua_de_la_libertad_de_cerca_-_panoramio.jpg
Statue_of_Liberty,260909,0,commons/Statue_of_Liberty/0/pictures/Statue_of_Liberty_viewed_from_base_in_February_2019.jpg
Statue_of_Liberty,260909,0,commons/Upshots_of_the_Statue_of_Liberty/0/pictures/Statue_of_Liberty_2.JPG
Statue_of_Liberty,260909,0,commons/Front_left_views_of_the_Statue_of_Liberty/0/pictures/Statue_of_Liberty_(6279783138).jpg
Statue_of_Liberty,260909,0,commons/Upshots_of_the_Statue_of_Liberty/0/pictures/S_of_L.JPG
Statue_of_Liberty,260909,0,commons/Front_left_views_of_the_Statue_of_Liberty/0/pictures/Statue_Of_Liberty_Close_Up_3.jpg
Statue_of_Liberty,260909,0,commons/Statue_of_Liberty_in_2009/0/pictures/US_Navy_090521-N-4856C-320_A_Sailor_assigned_to_Helicopter_Mine_Countermeasures_Squadron_(HM)_14_tours_Liberty_Island_during_Fleet_Week_New_York_City_2009.jpg
Statue_of_Liberty,260909,0,commons/Front_views_of_the_Statue_of_Liberty/0/pictures/Statue_of_Liberty_--_Liberty_Island_New_York_Harbor_(NY)_April_2016_(26714239775).jpg
Statue_of_Liberty,260909,0,commons/Upshots_of_the_Statue_of_Liberty/0/pictures/Statue_of_Liberty_-_10.jpg
Statue_of_Liberty,260909,0,commons/Front_left_views_of_the_Statue_of_Liberty/0/pictures/Statue_Of_Liberty_Close_Up_1.jpg
Statue_of_Liberty,260909,0,commons/Front_views_of_the_Statue_of_Liberty/0/pictures/Statue_of_Liberty2.jpg
Statue_of_Liberty,260909,0,commons/Upshots_of_the_Statue_of_Liberty/0/pictures/Statue_of_Liberty_2011b.jpg
Statue_of_Liberty,260909,0,commons/Front_left_views_of_the_Statue_of_Liberty/0/pictures/Statue_of_Liberty_(6279271781).jpg
Statue_of_Liberty,260909,0,commons/Upshots_of_the_Statue_of_Liberty/0/pictures/Statue_of_Liberty_April_2008.JPG
Statue_of_Liberty,260909,0,commons/Front_left_views_of_the_Statue_of_Liberty/0/pictures/Statue_of_Liberty_(6279262751).jpg
Statue_of_Liberty,260909,0,commons/Statue_of_Liberty/0/pictures/Statue_of_Liberty_in_February_2019.jpg
Statue_of_Liberty,260909,0,commons/Upshots_of_the_Statue_of_Liberty/0/pictures/Statue_of_Liberty_(New_York).jpg
Statue_of_Liberty,260909,0,commons/Front_left_views_of_the_Statue_of_Liberty/0/pictures/Statue_Of_Liberty_(23478051151).jpg
Statue_of_Liberty,260909,0,commons/Front_views_of_the_Statue_of_Liberty/0/pictures/Statue_of_Liberty_National_Monument_New_York.jpg
Statue_of_Liberty,260909,0,commons/Statue_of_Liberty_in_July_2010/0/pictures/Statue_of_Liberty_side_shot.JPG
Statue_of_Liberty,260909,0,commons/Remote_views_of_the_Statue_of_Liberty/0/pictures/US_-_Liberty_Island_-_02.JPG
Statue_of_Liberty,260909,0,"commons/Upshots_of_the_Statue_of_Liberty/0/pictures/Statue_of_Liberty_(March_26,_2007).jpg"
Statue_of_Liberty,260909,0,commons/Front_left_views_of_the_Statue_of_Liberty/0/pictures/Miss_Liberty_Gives_You_Goose_Bumps.jpg
Statue_of_Liberty,260909,0,commons/Front_right_views_of_the_Statue_of_Liberty/0/pictures/0333New_York_City_Statue_of_Liberty.JPG
Statue_of_Liberty,260909,0,commons/Front_views_of_the_Statue_of_Liberty/0/pictures/Statue_of_Liberty_GS.jpg
Statue_of_Liberty,260909,0,commons/Upshots_of_the_Statue_of_Liberty/0/pictures/Statue_of_Liberty_-_panoramio_(8).jpg
Statue_of_Liberty,260909,0,commons/Front_left_views_of_the_Statue_of_Liberty/0/pictures/Mrs._Liberty_-_panoramio.jpg
Statue_of_Liberty,260909,0,"commons/Front_right_views_of_the_Statue_of_Liberty/0/pictures/Estatua_de_la_libertad_al_sur_de_la_isla_de_Manhattan,_Nueva_York,_USA.jpg"
Statue_of_Liberty,260909,0,commons/Front_left_views_of_the_Statue_of_Liberty/0/pictures/NYC_Liberty_6.JPG
Statue_of_Liberty,260909,0,commons/Statue_of_Liberty_in_2009/0/pictures/Statue_of_Liberty_21.jpg
Statue_of_Liberty,260909,0,commons/Front_views_of_the_Statue_of_Liberty/0/pictures/Statue_of_Liberty_National_Monument_STLI2260.jpg
Statue_of_Liberty,260909,0,commons/Upshots_of_the_Statue_of_Liberty/0/pictures/Statue_of_Liberty_shadow_banner.jpg
Statue_of_Liberty,260909,0,commons/Front_left_views_of_the_Statue_of_Liberty/0/pictures/Liberty_Enlightening_the_World_-_panoramio.jpg
Statue_of_Liberty,260909,0,commons/Front_right_views_of_the_Statue_of_Liberty/0/pictures/7.6.09StatueOfLibertyByLuigiNovi3.jpg
Statue_of_Liberty,260909,0,commons/Front_views_of_the_Statue_of_Liberty/0/pictures/Statue_of_Liberty_Close.jpg
Statue_of_Liberty,260909,0,commons/Statue_of_Liberty_in_2009/0/pictures/Statue_of_Liberty_effect.JPG
Statue_of_Liberty,260909,0,"commons/Front_views_of_the_Statue_of_Liberty/0/pictures/Statue_of_Liberty_-_Staten_Island_Ferry,_New_York,_NY,_USA_-_August_19,_2015_03.jpg"
Statue_of_Liberty,260909,0,commons/Upshots_of_the_Statue_of_Liberty/0/pictures/Statue_of_Liberty_-_Freiheitsstatue_-_New_York.JPG
Statue_of_Liberty,260909,0,"commons/Front_left_views_of_the_Statue_of_Liberty/0/pictures/Jersey_City,_NJ,_USA_-_panoramio_(4).jpg"
Statue_of_Liberty,260909,0,commons/Upshots_of_the_Statue_of_Liberty/0/pictures/Statue_of_Liberty_--_Liberty_Island_New_York_Harbor_(NY)_April_2016_(26442612310).jpg
Statue_of_Liberty,260909,0,commons/Front_left_views_of_the_Statue_of_Liberty/0/pictures/Miss_Liberty.JPG
Statue_of_Liberty,260909,0,commons/Upshots_of_the_Statue_of_Liberty/0/pictures/Statue_of_Liberty_Close-Up.JPG
Statue_of_Liberty,260909,0,commons/Front_left_views_of_the_Statue_of_Liberty/0/pictures/New_York_-_panoramio_(144).jpg
Statue_of_Liberty,260909,0,commons/Front_views_of_the_Statue_of_Liberty/0/pictures/Statue_of_Liberty_(7433296166).jpg
Statue_of_Liberty,260909,0,commons/Statue_of_Liberty_in_August_2017/0/pictures/Scaling_photography.jpg
Statue_of_Liberty,260909,0,commons/Remote_views_of_the_Statue_of_Liberty/0/pictures/The_Statue_of_Liberty_as_a_Storm_Breaks.JPG
Statue_of_Liberty,260909,0,"commons/Remote_views_of_the_Statue_of_Liberty/0/pictures/The_Statue_of_Liberty,_New_York_City.jpg"
Statue_of_Liberty,260909,0,"commons/Front_views_of_the_Statue_of_Liberty/0/pictures/Statue_of_Liberty_-_Staten_Island_Ferry,_New_York,_NY,_USA_-_August_19,_2015_04.jpg"
Statue_of_Liberty,260909,0,commons/Statue_of_Liberty_in_2009/0/pictures/Statue_of_Liberty_14.jpg
Statue_of_Liberty,260909,0,commons/Front_views_of_the_Statue_of_Liberty/0/pictures/Statue_of_Liberty_Close-Up.JPG
Statue_of_Liberty,260909,0,commons/Front_views_of_the_Statue_of_Liberty/0/pictures/Statue_of_Liberty_Island_11.jpg
Statue_of_Liberty,260909,0,commons/Upshots_of_the_Statue_of_Liberty/0/pictures/Statue_of_Liberty_(6279262473).jpg
Statue_of_Liberty,260909,0,commons/Front_left_views_of_the_Statue_of_Liberty/0/pictures/Nyfräiheetstatu.jpg
Statue_of_Liberty,260909,0,"commons/Upshots_of_the_Statue_of_Liberty/0/pictures/NY,_Statue_of_Liberty_-_panoramio.jpg"
Statue_of_Liberty,260909,0,commons/Front_left_views_of_the_Statue_of_Liberty/0/pictures/Liberty_Island_2008_PD_04.JPG
Statue_of_Liberty,260909,0,commons/Statue_of_Liberty_in_2009/0/pictures/Statue_of_Liberty_Hecate_(cropped).jpg
Statue_of_Liberty,260909,0,commons/Front_views_of_the_Statue_of_Liberty/0/pictures/Statue_of_Liberty_2a.jpg
Statue_of_Liberty,260909,0,commons/Statue_of_Liberty_in_2009/0/pictures/Statue_of_Liberty_Bright_Blue.jpg
Statue_of_Liberty,260909,0,commons/Front_views_of_the_Statue_of_Liberty/0/pictures/Statue_of_Liberty_4a.jpg
Statue_of_Liberty,260909,0,commons/Upshots_of_the_Statue_of_Liberty/0/pictures/Statue_of_Liberty_(6279263165).jpg
Statue_of_Liberty,260909,0,commons/Front_left_views_of_the_Statue_of_Liberty/0/pictures/Manhattan_-_New_York_City_(4854857303).jpg
Statue_of_Liberty,260909,0,commons/Front_views_of_the_Statue_of_Liberty/0/pictures/Liberty_Island_2008_PD_06.JPG
Statue_of_Liberty,260909,0,commons/Statue_of_Liberty_in_2008/0/pictures/080524-N-4205W-001_(25728066976).jpg
Statue_of_Liberty,260909,0,commons/Front_views_of_the_Statue_of_Liberty/0/pictures/Liberty-statue-from-front2.jpg
Statue_of_Liberty,260909,0,commons/Black_and_white_photographs_of_the_Statue_of_Liberty/0/pictures/Scaling_photography.jpg
Statue_of_Liberty,260909,0,commons/WLMUS_2013_images_of_the_Statue_of_Liberty/0/pictures/Estatue_of_Liberty.jpg
Statue_of_Liberty,260909,0,"commons/Statue_of_Liberty_in_2007/0/pictures/New_York,_statua_della_libertà_-_panoramio.jpg"
Statue_of_Liberty,260909,0,commons/WLMUS_2019_images_of_the_Statue_of_Liberty/0/pictures/Sailing_Lady_Liberty.jpg
Statue_of_Liberty,260909,0,commons/Front_views_of_the_Statue_of_Liberty/0/pictures/Liberty-AL.jpg
Statue_of_Liberty,260909,0,"commons/Statue_of_Liberty_in_2010/0/pictures/Statue_of_Liberty,_New_York,_USA-30July2010_(1).jpg"
Statue_of_Liberty,260909,0,commons/Front_views_of_the_Statue_of_Liberty/0/pictures/US_Park_Police_Aviation_Unit_Statue_Liberty.jpg
Statue_of_Liberty,260909,0,commons/Black_and_white_photographs_of_the_Statue_of_Liberty/0/pictures/New_York_(191217205).jpeg
Statue_of_Liberty,260909,0,commons/WLMUS_2012_images_of_the_Statue_of_Liberty/0/pictures/Statue_of_Liberty_-_03.jpg
Statue_of_Liberty,260909,0,commons/WLMUS_2019_images_of_the_Statue_of_Liberty/0/pictures/Lady_Liberty_under_a_blue_sky_(cropped).jpg
Statue_of_Liberty,260909,0,commons/Front_views_of_the_Statue_of_Liberty/0/pictures/Freiheitsstatue_NY_Mai_2009_PD_003.JPG
Statue_of_Liberty,260909,0,commons/WLMUS_2012_images_of_the_Statue_of_Liberty/0/pictures/Statue_Of_Liberty_And_Lower_Manhattan.jpg
Statue_of_Liberty,260909,0,commons/WLMUS_2019_images_of_the_Statue_of_Liberty/0/pictures/Statue_of_Liberty_2019.jpg
Statue_of_Liberty,260909,0,commons/Black_and_white_photographs_of_the_Statue_of_Liberty/0/pictures/Statue_of_Liberty_(13365248864).jpg
Statue_of_Liberty,260909,0,commons/Statue_of_Liberty_in_2011/0/pictures/Coast_Guard_patrol_boat_passing_the_Statue_of_Liberty_2.jpg
Statue_of_Liberty,260909,0,commons/Front_views_of_the_Statue_of_Liberty/0/pictures/自由の女神.JPG
Statue_of_Liberty,260909,0,commons/WLMUS_2012_images_of_the_Statue_of_Liberty/0/pictures/Lady_Liberty_The_Mother_of_Exiles.jpg
Statue_of_Liberty,260909,0,commons/Statue_of_Liberty_in_2007/0/pictures/Statue_of_Liberty_-_panoramio_-_kajikawa.jpg
Statue_of_Liberty,260909,0,commons/Front_views_of_the_Statue_of_Liberty/0/pictures/Adk2.jpg
Statue_of_Liberty,260909,0,commons/Remote_views_of_the_Statue_of_Liberty/0/pictures/Liberty_Island_(2842284461).jpg
Statue_of_Liberty,260909,0,commons/Upshots_of_the_Statue_of_Liberty/0/pictures/Statue_of_Liberty_AB.jpg
Statue_of_Liberty,260909,0,commons/Front_left_views_of_the_Statue_of_Liberty/0/pictures/NYC_6_1_(6628590865).jpg
Statue_of_Liberty,260909,0,commons/WLMUS_2019_images_of_the_Statue_of_Liberty/0/pictures/The_Statue_of_Liberty_from_afar.jpg
Statue_of_Liberty,260909,0,commons/Statue_of_Liberty_in_2010/0/pictures/NYC_13_1_(6628729225).jpg
Statue_of_Liberty,260909,0,"commons/Front_views_of_the_Statue_of_Liberty/0/pictures/Statue_of_Liberty,_Jersey_City_-_panoramio.jpg"
Statue_of_Liberty,260909,0,commons/Aerial_photographs_of_the_Statue_of_Liberty_and_Liberty_Island/0/pictures/Statue_of_Liberty_New_York_view.jpg
Statue_of_Liberty,260909,0,commons/Upshots_of_the_Statue_of_Liberty/0/pictures/Statue_of_Liberty_3a.jpg
Statue_of_Liberty,260909,0,commons/Front_left_views_of_the_Statue_of_Liberty/0/pictures/New-York-City---Liberty-Island---Statue-of-Liberty---(Gentry).jpg
Statue_of_Liberty,260909,0,commons/WLMUS_2018_images_of_the_Statue_of_Liberty/0/pictures/The_Statue_of_Liberty_National_Monument_2.jpg
Statue_of_Liberty,260909,0,commons/Front_left_views_of_the_Statue_of_Liberty/0/pictures/Statue_of_liberty_in_the_morning_1663.jpg
Statue_of_Liberty,260909,0,commons/Upshots_of_the_Statue_of_Liberty/0/pictures/Statue_of_Liberty_(NY)_Apri_2016_(27661955151).jpg
Statue_of_Liberty,260909,0,commons/Front_left_views_of_the_Statue_of_Liberty/0/pictures/The_Statue_From_The_Boat_(176115133).jpeg
Statue_of_Liberty,260909,0,commons/WLMUS_2012_images_of_the_Statue_of_Liberty/0/pictures/Statue_of_Liberty_-_01.jpg
Statue_of_Liberty,260909,0,commons/Black_and_white_photographs_of_the_Statue_of_Liberty/0/pictures/Statue_Of_Liberty_(23478051151).jpg
Statue_of_Liberty,260909,0,"commons/Views_from_the_Statue_of_Liberty/0/pictures/New_York_City,_Manhattan_Downtown.JPG"
Statue_of_Liberty,260909,0,commons/Statue_of_Liberty_in_2007/0/pictures/0328Jersey_City_Statue_of_Liberty.JPG
Statue_of_Liberty,260909,0,commons/Front_views_of_the_Statue_of_Liberty/0/pictures/Edit_Prince_Harry_tours_New_York_Harbor_with_a_Coast_Guard_Station_New_York_boat_crew_DVIDS1107057.jpg
Statue_of_Liberty,260909,0,commons/Statue_of_Liberty_in_2007/0/pictures/0333New_York_City_Statue_of_Liberty.JPG
Statue_of_Liberty,260909,0,commons/Front_right_views_of_the_Statue_of_Liberty/0/pictures/Statue_of_Liberty_of_New_York.jpg
Statue_of_Liberty,260909,0,commons/Upshots_of_the_Statue_of_Liberty/0/pictures/RAMJEEVAN.jpg
Statue_of_Liberty,260909,0,commons/Front_left_views_of_the_Statue_of_Liberty/0/pictures/New_York_City-012_(7124411675).jpg
Statue_of_Liberty,260909,0,"commons/Front_left_views_of_the_Statue_of_Liberty/0/pictures/Statue_of_Liberty,_New_York,_USA-30July2010.jpg"
Statue_of_Liberty,260909,0,commons/Upshots_of_the_Statue_of_Liberty/0/pictures/Žába_with_Statue_of_Liberty_-_panoramio.jpg
Statue_of_Liberty,260909,0,commons/Upshots_of_the_Statue_of_Liberty/0/pictures/Statue_of_Liberty_(5).JPG
Statue_of_Liberty,260909,0,commons/Front_left_views_of_the_Statue_of_Liberty/0/pictures/Liberty_from_Ferry_P6150349.jpg
Statue_of_Liberty,260909,0,commons/Silhouette_of_the_Statue_of_Liberty/0/pictures/Statue_of_Liberty_at_sunset_01.jpg
Statue_of_Liberty,260909,0,commons/Upshots_of_the_Statue_of_Liberty/0/pictures/The_Statue_of_Liberty_(from_below_pedestal).jpg
Statue_of_Liberty,260909,0,commons/Statue_of_Liberty_in_2006/0/pictures/Statueoflibertywithbluesky.jpg
Statue_of_Liberty,260909,0,"commons/Front_views_of_the_Statue_of_Liberty/0/pictures/2_New_York,_Statue_of_Liberty.jpg"
Statue_of_Liberty,260909,0,commons/Statue_of_Liberty_in_2016/0/pictures/Statue.jp.jpg
Statue_of_Liberty,260909,0,"commons/Quality_images_of_the_Statue_of_Liberty/0/pictures/New_York_City_(New_York,_USA),_Statue_of_Liberty_--_2012_--_6818.jpg"
Statue_of_Liberty,260909,0,commons/Black_and_white_photographs_of_the_Statue_of_Liberty/0/pictures/B&W_Statue_of_Liberty_crop.jpg
Statue_of_Liberty,260909,0,commons/Upshots_of_the_Statue_of_Liberty/0/pictures/NP-liberty.jpg
Statue_of_Liberty,260909,0,commons/Front_left_views_of_the_Statue_of_Liberty/0/pictures/Liberty_Statue_-_panoramio.jpg
Statue_of_Liberty,260909,0,commons/Upshots_of_the_Statue_of_Liberty/0/pictures/Statue_of_liberty_national_monument.jpg
Statue_of_Liberty,260909,0,commons/WLMUS_2018_images_of_the_Statue_of_Liberty/0/pictures/Statue.jp.jpg
Statue_of_Liberty,260909,0,commons/Front_right_views_of_the_Statue_of_Liberty/0/pictures/حاتم_موبايل_12_2011_038.jpg
Statue_of_Liberty,260909,0,commons/Aerial_photographs_of_the_Statue_of_Liberty_and_Liberty_Island/0/pictures/Coast_Guard_Cutter_Eagle_arrives_in_New_York_on_Coast_Guard_Day_DVIDS1105124.jpg
Statue_of_Liberty,260909,0,commons/Front_right_views_of_the_Statue_of_Liberty/0/pictures/0328Jersey_City_Statue_of_Liberty.JPG
Statue_of_Liberty,260909,0,commons/Front_views_of_the_Statue_of_Liberty/0/pictures/Statue_of_Liberty_in_2000.jpg
Statue_of_Liberty,260909,0,commons/Front_left_views_of_the_Statue_of_Liberty/0/pictures/Liberty’s_Light.png
Statue_of_Liberty,260909,0,commons/Front_left_views_of_the_Statue_of_Liberty/0/pictures/Statue_of_Liberty_United_States_of_America_-_USA_(9898037753).jpg
Statue_of_Liberty,260909,0,commons/Upshots_of_the_Statue_of_Liberty/0/pictures/The_Statue_of_Liberty_National_Monument_4.jpg
Statue_of_Liberty,260909,0,commons/Front_right_views_of_the_Statue_of_Liberty/0/pictures/US_-_Liberty_Island_-_07.JPG
Statue_of_Liberty,260909,0,commons/Statue_of_Liberty_in_2005/0/pictures/Statue_of_liberty_side.jpg
Statue_of_Liberty,260909,0,commons/Front_right_views_of_the_Statue_of_Liberty/0/pictures/Statue_of_Liberty_(1).JPG
Statue_of_Liberty,260909,0,commons/Front_views_of_the_Statue_of_Liberty/0/pictures/Statue_of_Liberty_from_front.jpg
Statue_of_Liberty,260909,0,commons/Aerial_photographs_of_the_Statue_of_Liberty_and_Liberty_Island/0/pictures/USMC-20484.jpg
Statue_of_Liberty,260909,0,commons/Statue_of_Liberty_in_2006/0/pictures/US_New_York_0603_192_(17042261057).jpg
Statue_of_Liberty,260909,0,commons/WLMUS_2018_images_of_the_Statue_of_Liberty/0/pictures/Huddled_Masses_NYC.jpg
Statue_of_Liberty,260909,0,commons/Front_right_views_of_the_Statue_of_Liberty/0/pictures/Statue_of_liberty_1.jpg
Statue_of_Liberty,260909,0,commons/Front_views_of_the_Statue_of_Liberty/0/pictures/The_Statue_of_Liberty_National_Monument_6.jpg
Statue_of_Liberty,260909,0,commons/Upshots_of_the_Statue_of_Liberty/0/pictures/The_Statue_of_Liberty_(11654093695).jpg
Statue_of_Liberty,260909,0,commons/Statue_of_Liberty_in_2006/0/pictures/US_New_York_0603_191_(17061909778).jpg
Statue_of_Liberty,260909,0,commons/Front_right_views_of_the_Statue_of_Liberty/0/pictures/The_Statue_of_Liberty_National_Monument_3.jpg
Statue_of_Liberty,260909,0,commons/Front_right_views_of_the_Statue_of_Liberty/0/pictures/Looking_up_at_the_Statue_of_Liberty.jpg
Statue_of_Liberty,260909,0,commons/Statue_of_Liberty_in_2004/0/pictures/Statue_liberty22.jpg
Statue_of_Liberty,260909,0,commons/Front_left_views_of_the_Statue_of_Liberty/0/pictures/Statue_of_Liberty_National_Monument_-_New_York_-_USA_-_panoramio.jpg
Statue_of_Liberty,260909,0,commons/Upshots_of_the_Statue_of_Liberty/0/pictures/The_Statue_of_Liberty_National_Monument_2.jpg
Statue_of_Liberty,260909,0,commons/Statue_of_Liberty_in_2005/0/pictures/Liberty_(123880850).jpg
Statue_of_Liberty,260909,0,commons/WLMUS_2017_images_of_the_Statue_of_Liberty/0/pictures/Statue_of_Liberty_of_New_York_City.jpg
Statue_of_Liberty,260909,0,commons/Front_right_views_of_the_Statue_of_Liberty/0/pictures/The_Lady_of_Ellis_Island.jpg
Statue_of_Liberty,260909,0,commons/Front_left_views_of_the_Statue_of_Liberty/0/pictures/La_señorita_Libertdad_en_su_isla._-_panoramio.jpg
Statue_of_Liberty,260909,0,commons/Upshots_of_the_Statue_of_Liberty/0/pictures/The_light_of_Liberty_01.JPG
Statue_of_Liberty,260909,0,commons/Statue_of_Liberty_in_2006/0/pictures/Statue_of_liberty_dk.jpg
Statue_of_Liberty,260909,0,commons/WLMUS_2018_images_of_the_Statue_of_Liberty/0/pictures/Clouds_over_Lady_Liberty.jpg
Statue_of_Liberty,260909,0,commons/Front_right_views_of_the_Statue_of_Liberty/0/pictures/Statueofliberty_nps.jpg
Statue_of_Liberty,260909,0,commons/Front_right_views_of_the_Statue_of_Liberty/0/pictures/Estatua_libertad_-_panoramio.jpg
Statue_of_Liberty,260909,0,commons/Statue_of_Liberty_in_2003/0/pictures/Statue_of_Liberty_-_USA.jpg
Statue_of_Liberty,260909,0,commons/Front_left_views_of_the_Statue_of_Liberty/0/pictures/Liberty_State_Park.jpg
Statue_of_Liberty,260909,0,"commons/Left_side_views_of_the_Statue_of_Liberty/0/pictures/Statue_of_Liberty,_NY_-_panoramio.jpg"
Statue_of_Liberty,260909,0,commons/Front_left_views_of_the_Statue_of_Liberty/0/pictures/Statue_of_Liberty_Aglow.jpg
Statue_of_Liberty,260909,0,commons/Upshots_of_the_Statue_of_Liberty/0/pictures/Statue-of-liberty.jpg
Statue_of_Liberty,260909,0,commons/Front_left_views_of_the_Statue_of_Liberty/0/pictures/La_iluminada_libertad_-_panoramio.jpg
Statue_of_Liberty,260909,0,commons/Upshots_of_the_Statue_of_Liberty/0/pictures/Freiheitsstatue_NY_Mai_2009_PD_008.JPG
Statue_of_Liberty,260909,0,commons/Front_left_views_of_the_Statue_of_Liberty/0/pictures/Liberty_City_(Unsplash).jpg
Statue_of_Liberty,260909,0,commons/Front_left_views_of_the_Statue_of_Liberty/0/pictures/Statue_of_Liberty_IMG_1967.jpg
Statue_of_Liberty,260909,0,commons/Upshots_of_the_Statue_of_Liberty/0/pictures/The_Statue_of_Liberty_2016.jpg
Statue_of_Liberty,260909,0,commons/WLMUS_2012_images_of_the_Statue_of_Liberty/0/pictures/Statue_of_Liberty_National_Monument.JPG
Statue_of_Liberty,260909,0,commons/Front_left_views_of_the_Statue_of_Liberty/0/pictures/Ellis_Island_and_Liberty_11.jpg
Statue_of_Liberty,260909,0,commons/Upshots_of_the_Statue_of_Liberty/0/pictures/Statue_of_Liberty_19.jpg
Statue_of_Liberty,260909,0,commons/Front_left_views_of_the_Statue_of_Liberty/0/pictures/Statue_of_Liberty_-_panoramio_(1).jpg
Statue_of_Liberty,260909,0,commons/Front_views_of_the_Statue_of_Liberty/0/pictures/Lady_Liberty_From_NirmalyaOne.jpg
Statue_of_Liberty,260909,0,commons/Statue_of_Liberty_at_dusk/0/pictures/Manhattan_New_York_City_2009_PD_20091129_159.JPG
Statue_of_Liberty,260909,0,commons/Upshots_of_the_Statue_of_Liberty/0/pictures/Statue_of_Liberty_-_Estatua_de_la_Libertad_(HDR)_-_panoramio.jpg
Statue_of_Liberty,260909,0,commons/Front_left_views_of_the_Statue_of_Liberty/0/pictures/StatueofLiberty_flip666.jpg
Statue_of_Liberty,260909,0,commons/Statue_of_Liberty/0/pictures/Statue_of_liberty_(transparent).png
Statue_of_Liberty,260909,0,commons/WLMUS_2012_images_of_the_Statue_of_Liberty/0/pictures/Statue_of_Liberty_-_06.jpg
Statue_of_Liberty,260909,0,commons/Statue_of_Liberty_in_2007/0/pictures/Statue_of_Liberty_(8402743131)_(2).jpg
Statue_of_Liberty,260909,0,commons/Front_views_of_the_Statue_of_Liberty/0/pictures/ESTATUA_DE_LA_LIBERTAD_-_panoramio.jpg
Statue_of_Liberty,260909,0,commons/Upshots_of_the_Statue_of_Liberty/0/pictures/Statue_of_Liberty_from_base.jpeg
Statue_of_Liberty,260909,0,commons/Front_left_views_of_the_Statue_of_Liberty/0/pictures/Flickr_-_DVIDSHUB_-_U.S._Army_Parachute_Team_makes_historical_jump.jpg
Statue_of_Liberty,260909,0,commons/Upshots_of_the_Statue_of_Liberty/0/pictures/Statue_of_Liberty_-_panoramio.jpg
Statue_of_Liberty,260909,0,commons/Front_left_views_of_the_Statue_of_Liberty/0/pictures/Statue_of_Lady_Liberty.jpg
Statue_of_Liberty,260909,0,"commons/Statue_of_Liberty_in_2007/0/pictures/Statue_of_Liberty,_New_York_-_panoramio.jpg"
Statue_of_Liberty,260909,0,commons/WLMUS_2019_images_of_the_Statue_of_Liberty/0/pictures/Statue_of_Liberty-_NYC.jpg
Statue_of_Liberty,260909,0,commons/Front_views_of_the_Statue_of_Liberty/0/pictures/Liberty_-_panoramio_-_Art_Anderson.jpg
Statue_of_Liberty,260909,0,commons/WLMUS_2017_images_of_the_Statue_of_Liberty/0/pictures/Adk4.jpg
Statue_of_Liberty,260909,0,commons/Front_views_of_the_Statue_of_Liberty/0/pictures/Statue_of_Liberty_(13365028933).jpg
Statue_of_Liberty,260909,0,commons/Upshots_of_the_Statue_of_Liberty/0/pictures/Statue_of_Liberty_with_cloudburst.jpg
Statue_of_Liberty,260909,0,commons/Front_right_views_of_the_Statue_of_Liberty/0/pictures/Scaling_photography.jpg
Statue_of_Liberty,260909,0,commons/Front_left_views_of_the_Statue_of_Liberty/0/pictures/StatueLibertyonFerry.JPG
Statue_of_Liberty,260909,0,commons/Front_views_of_the_Statue_of_Liberty/0/pictures/Statue_of_Liberty_(6279263029).jpg
Statue_of_Liberty,260909,0,commons/Black_and_white_photographs_of_the_Statue_of_Liberty/0/pictures/Statue_of_Liberty_and_NYC_view_-_panoramio.jpg
Statue_of_Liberty,260909,0,commons/Upshots_of_the_Statue_of_Liberty/0/pictures/Liberty_kiss.jpg
Statue_of_Liberty,260909,0,"commons/Front_left_views_of_the_Statue_of_Liberty/0/pictures/Estatua_de_la_libertad,_Liberty_Island,New_york_City,_Estados_Unidos.jpg"
Statue_of_Liberty,260909,0,commons/WLMUS_2012_images_of_the_Statue_of_Liberty/0/pictures/NY_Statue_of_Liberty.jpg
Statue_of_Liberty,260909,0,commons/Front_left_views_of_the_Statue_of_Liberty/0/pictures/Statue_of_LibertyMay10.jpg
Statue_of_Liberty,260909,0,commons/Statue_of_Liberty_in_2009/0/pictures/Statue_of_Liberty_10.JPG
Statue_of_Liberty,260909,0,commons/Front_views_of_the_Statue_of_Liberty/0/pictures/Statue_of_Liberty_-_panoramio_-_Gabriele_Giuseppini_(1).jpg
Statue_of_Liberty,260909,0,commons/Remote_views_of_the_Statue_of_Liberty/0/pictures/Statue_of_Liberty_United_States_of_America_-_USA_(9897952584).jpg
Statue_of_Liberty,260909,0,commons/Upshots_of_the_Statue_of_Liberty/0/pictures/Statue_of_Liberty_Island_11.jpg
Statue_of_Liberty,260909,0,commons/Front_left_views_of_the_Statue_of_Liberty/0/pictures/Statue_of_Liberty_2.JPG
Statue_of_Liberty,260909,0,"commons/Front_views_of_the_Statue_of_Liberty/0/pictures/Jersey_City,_NJ,_USA_-_panoramio_(17).jpg"
Statue_of_Liberty,260909,0,commons/Front_left_views_of_the_Statue_of_Liberty/0/pictures/Shine_of_Statue_of_Liberty.jpg
Statue_of_Liberty,260909,0,"commons/Upshots_of_the_Statue_of_Liberty/0/pictures/Statue_of_Liberty,_New_York,_USA-30July2010.jpg"
Statue_of_Liberty,260909,0,commons/Front_left_views_of_the_Statue_of_Liberty/0/pictures/Statue_of_liberty_sunset2.jpg
Statue_of_Liberty,260909,0,commons/WLMUS_2017_images_of_the_Statue_of_Liberty/0/pictures/Lady_Liberty_From_NirmalyaOne.jpg
Statue_of_Liberty,260909,0,commons/Statue_of_Liberty_in_2009/0/pictures/Freiheitsstatue_NY_Mai_2009_PD_005.JPG
Statue_of_Liberty,260909,0,commons/Front_views_of_the_Statue_of_Liberty/0/pictures/Statue_of_Liberty_-_USA.jpg
Statue_of_Liberty,260909,0,commons/Front_left_views_of_the_Statue_of_Liberty/0/pictures/Statue_of_Liberty_(425366624).jpg
Statue_of_Liberty,260909,0,commons/WLMUS_2019_images_of_the_Statue_of_Liberty/0/pictures/StatueOfLiberty-4.jpg
Statue_of_Liberty,260909,0,commons/Front_views_of_the_Statue_of_Liberty/0/pictures/Liberty+Albrecht.jpg
Statue_of_Liberty,260909,0,commons/Statue_of_Liberty_at_dusk/0/pictures/Manhattan_New_York_City_2009_PD_20091129_158.JPG
Statue_of_Liberty,260909,0,"commons/Upshots_of_the_Statue_of_Liberty/0/pictures/Statue_of_Liberty,_May_2023.jpg"
Statue_of_Liberty,260909,0,commons/WLMUS_2017_images_of_the_Statue_of_Liberty/0/pictures/Adk7.jpg
Statue_of_Liberty,260909,0,commons/Front_views_of_the_Statue_of_Liberty/0/pictures/Statue_of_Liberty_(094513571).jpg
Statue_of_Liberty,260909,0,commons/Front_left_views_of_the_Statue_of_Liberty/0/pictures/Statue_of_Liberty_(22941884789).jpg
Statue_of_Liberty,260909,0,commons/Upshots_of_the_Statue_of_Liberty/0/pictures/Statue_of_liberty_from_on_the_island.jpg
Statue_of_Liberty,260909,0,commons/Upshots_of_the_Statue_of_Liberty/0/pictures/Looking_up_at_the_Statue_of_Liberty.jpg
Statue_of_Liberty,260909,0,commons/Black_and_white_photographs_of_the_Statue_of_Liberty/0/pictures/Statue_of_Liberty_200012.jpg
Statue_of_Liberty,260909,0,"commons/Left_side_views_of_the_Statue_of_Liberty/0/pictures/Statue_of_Liberty_3,_New_York_City.jpg"
Statue_of_Liberty,260909,0,commons/Front_right_views_of_the_Statue_of_Liberty/0/pictures/Beautiful_details_of_the_Statue_of_Liberty.jpg
Statue_of_Liberty,260909,0,"commons/Statue_of_Liberty_from_Staten_Island_Ferry/0/pictures/Statue_of_Liberty_-_Staten_Island_Ferry,_New_York,_NY,_USA_-_August_19,_2015_03.jpg"
Statue_of_Liberty,260909,0,commons/Front_right_views_of_the_Statue_of_Liberty/0/pictures/自由女神、Statue_of_Liberty、自由の女神、Statue_of_Liberty、자유의_여신상تمثال_الحرية、_-_panoramio.jpg
Statue_of_Liberty,260909,0,commons/WLMUS_2018_images_of_the_Statue_of_Liberty/0/pictures/Statue_Of_Liberty_Close_Up_3.jpg
Statue_of_Liberty,260909,0,commons/Front_left_views_of_the_Statue_of_Liberty/0/pictures/Statue_of_Liberty_in_1955.jpg
Statue_of_Liberty,260909,0,commons/Upshots_of_the_Statue_of_Liberty/0/pictures/The_Statue_of_Liberty_National_Monument_6.jpg
Statue_of_Liberty,260909,0,commons/Front_right_views_of_the_Statue_of_Liberty/0/pictures/The_Statue_of_Liberty_from_afar.jpg
Statue_of_Liberty,260909,0,commons/Upshots_of_the_Statue_of_Liberty/0/pictures/Liberty02.jpg
Statue_of_Liberty,260909,0,commons/Front_left_views_of_the_Statue_of_Liberty/0/pictures/Copper_Lady.jpg
Statue_of_Liberty,260909,0,commons/Upshots_of_the_Statue_of_Liberty/0/pictures/Liberty_island.JPG
Statue_of_Liberty,260909,0,commons/Front_left_views_of_the_Statue_of_Liberty/0/pictures/Adk10.jpg
Statue_of_Liberty,260909,0,commons/Statue_of_Liberty_in_2012/0/pictures/Statue_of_Liberty_-_New_York_Harbor_-_2_Sept._2012.jpg
Statue_of_Liberty,260909,0,commons/Left_side_views_of_the_Statue_of_Liberty/0/pictures/Statue_of_Liberty_3a.jpg
Statue_of_Liberty,260909,0,commons/Upshots_of_the_Statue_of_Liberty/0/pictures/Adk7.jpg
Statue_of_Liberty,260909,0,commons/Front_left_views_of_the_Statue_of_Liberty/0/pictures/B&W_Statue_of_Liberty.jpg
Statue_of_Liberty,260909,0,commons/Right_side_views_of_the_Statue_of_Liberty/0/pictures/Statue_of_Liberty_with_One_World_Trade_Center.jpg
Statue_of_Liberty,260909,0,commons/Upshots_of_the_Statue_of_Liberty/0/pictures/Statue_of_Liberty_frontal.jpg
Statue_of_Liberty,260909,0,commons/Statue_of_Liberty_in_2006/0/pictures/US_New_York_0603_161_(17063478459).jpg
Statue_of_Liberty,260909,0,commons/Front_right_views_of_the_Statue_of_Liberty/0/pictures/Statue_of_Liberty_United_States_of_America_-_USA_(9897832975).jpg
Statue_of_Liberty,260909,0,commons/Upshots_of_the_Statue_of_Liberty/0/pictures/Statue_of_Liberty_from_Fort_Wood.jpg
Statue_of_Liberty,260909,0,commons/Upshots_of_the_Statue_of_Liberty/0/pictures/Libertyglory03.jpg
Statue_of_Liberty,260909,0,commons/Front_left_views_of_the_Statue_of_Liberty/0/pictures/Looking_at_Freedom.jpg
Statue_of_Liberty,260909,0,commons/Front_left_views_of_the_Statue_of_Liberty/0/pictures/Statue_of_liberty_on_a_murky_day_(49400166288).jpg
Statue_of_Liberty,260909,0,commons/Upshots_of_the_Statue_of_Liberty/0/pictures/Adk9.jpg
Statue_of_Liberty,260909,0,commons/Front_left_views_of_the_Statue_of_Liberty/0/pictures/Arrivo_alla_Libertà_-_panoramio.jpg
Statue_of_Liberty,260909,0,commons/Right_side_views_of_the_Statue_of_Liberty/0/pictures/Statue_of_Liberty_United_States_of_America_-_USA_(9897846575).jpg
Statue_of_Liberty,260909,0,commons/Upshots_of_the_Statue_of_Liberty/0/pictures/Statue_of_Liberty_straight_front_shot_distance.JPG
Statue_of_Liberty,260909,0,commons/Front_left_views_of_the_Statue_of_Liberty/0/pictures/StatueOfLiberty.jpg
Statue_of_Liberty,260909,0,commons/WLMUS_2016_images_of_the_Statue_of_Liberty/0/pictures/Statue_of_liberty_sunset2.jpg
Statue_of_Liberty,260909,0,commons/Front_left_views_of_the_Statue_of_Liberty/0/pictures/Либерти_айленд_вид_с_парома_Стейтен_Айленд-Манхеттен_-_panoramio.jpg
Statue_of_Liberty,260909,0,commons/Upshots_of_the_Statue_of_Liberty/0/pictures/Statue_of_Liberty_2019_front.jpg
Statue_of_Liberty,260909,0,commons/Statue_of_Liberty_in_2004/0/pictures/Statue_of_Liberty2.jpg
Statue_of_Liberty,260909,0,commons/WLMUS_2017_images_of_the_Statue_of_Liberty/0/pictures/8-7-16-Statue-of-Liberty-XT2-6100-copy-small.jpg
Statue_of_Liberty,260909,0,commons/Statue_of_Liberty_in_2009/0/pictures/Manhattan_New_York_City_2009_PD_20091129_159.JPG
Statue_of_Liberty,260909,0,commons/Front_views_of_the_Statue_of_Liberty/0/pictures/Statue_of_Liberty_(1877091710).jpg
Statue_of_Liberty,260909,0,commons/Front_left_views_of_the_Statue_of_Liberty/0/pictures/Statue_of_Liberty_on_Liberty_Island_NY.jpg
Statue_of_Liberty,260909,0,commons/WLMUS_2016_images_of_the_Statue_of_Liberty/0/pictures/Liberty_By_VEG.jpg
Statue_of_Liberty,260909,0,commons/Front_left_views_of_the_Statue_of_Liberty/0/pictures/0325New_York_City_Statue_of_Liberty.JPG
Statue_of_Liberty,260909,0,commons/Upshots_of_the_Statue_of_Liberty/0/pictures/Statue_of_Liberty_diagonal_front_shot.JPG
Statue_of_Liberty,260909,0,commons/Upshots_of_the_Statue_of_Liberty/0/pictures/Statue_of_Liberty_2009_2.jpg
Statue_of_Liberty,260909,0,commons/Front_left_views_of_the_Statue_of_Liberty/0/pictures/Statue_of_Liberty_(7628968638).jpg
Statue_of_Liberty,260909,0,"commons/WLMUS_2012_images_of_the_Statue_of_Liberty/0/pictures/Estatua_de_la_Libertad_(Nueva_York,_Estados_Unidos)_001.JPG"
Statue_of_Liberty,260909,0,commons/WLMUS_2017_images_of_the_Statue_of_Liberty/0/pictures/Adk8.jpg
Statue_of_Liberty,260909,0,"commons/Front_right_views_of_the_Statue_of_Liberty/0/pictures/NY,_Statue_of_Liberty_-_panoramio.jpg"
Statue_of_Liberty,260909,0,commons/Statue_of_Liberty_in_2005/0/pictures/Liberty-AL.jpg
Statue_of_Liberty,260909,0,commons/Front_left_views_of_the_Statue_of_Liberty/0/pictures/NYC_Liberty.JPG
Statue_of_Liberty,260909,0,commons/Upshots_of_the_Statue_of_Liberty/0/pictures/Statue_of_Liberty_Bright_Blue.jpg
Statue_of_Liberty,260909,0,commons/Upshots_of_the_Statue_of_Liberty/0/pictures/Ximena_Torres_Rodríguez_2015_(Unsplash).jpg
Statue_of_Liberty,260909,0,commons/Front_left_views_of_the_Statue_of_Liberty/0/pictures/Statuephoto135790.jpg
Statue_of_Liberty,260909,0,commons/Statue_of_Liberty_in_2008/0/pictures/Statue_of_Liberty_frontal_2_crop.JPG
Statue_of_Liberty,260909,0,commons/Front_views_of_the_Statue_of_Liberty/0/pictures/NYC-liberty-statue.jpg
Statue_of_Liberty,260909,0,commons/Front_left_views_of_the_Statue_of_Liberty/0/pictures/Statue_of_Liberty_(22682717893).jpg
Statue_of_Liberty,260909,0,commons/Upshots_of_the_Statue_of_Liberty/0/pictures/Statue_of_Liberty_Picture.jpg
Statue_of_Liberty,260909,0,commons/Front_right_views_of_the_Statue_of_Liberty/0/pictures/Statue_of_Liberty_-_02.jpg
Statue_of_Liberty,260909,0,commons/WLMUS_2012_images_of_the_Statue_of_Liberty/0/pictures/Statue_of_Liberty_-_05.jpg
Statue_of_Liberty,260909,0,commons/Statue_of_Liberty_from_Staten_Island_Ferry/0/pictures/Statue_of_Liberty_from_Staten_Island_ferry_(3).jpg
Statue_of_Liberty,260909,0,commons/Upshots_of_the_Statue_of_Liberty/0/pictures/Close_up_of_the_Statue_of_Liberty.jpg
Statue_of_Liberty,260909,0,commons/Silhouette_of_the_Statue_of_Liberty/0/pictures/Sunset_Statue_of_Liberty.jpg
Statue_of_Liberty,260909,0,commons/Front_left_views_of_the_Statue_of_Liberty/0/pictures/Ellis_Island_and_Liberty_08.jpg
Statue_of_Liberty,260909,0,"commons/Aerial_photographs_of_the_Statue_of_Liberty_and_Liberty_Island/0/pictures/USA_-_NY,_Manhattan_-_Statue_of_Liberty_-_panoramio.jpg"
Statue_of_Liberty,260909,0,commons/Right_side_views_of_the_Statue_of_Liberty/0/pictures/Statue_of_Liberty_-_10.jpg
Statue_of_Liberty,260909,0,commons/Front_left_views_of_the_Statue_of_Liberty/0/pictures/Statue_of_Liberty_(6279781188).jpg
Statue_of_Liberty,260909,0,commons/Upshots_of_the_Statue_of_Liberty/0/pictures/Statue_of_Liberty_--_Liberty_Island_(NY)_April_2016_(26621104432).jpg
Statue_of_Liberty,260909,0,commons/Detail_of_the_Statue_of_Liberty/0/pictures/Ximena_Torres_Rodríguez_2015_(Unsplash).jpg
Statue_of_Liberty,260909,0,commons/Statue_of_Liberty_in_2009/0/pictures/Manhattan_New_York_City_2009_PD_20091129_158.JPG
Statue_of_Liberty,260909,0,"commons/Front_views_of_the_Statue_of_Liberty/0/pictures/New_York,_statua_della_libertà_-_panoramio.jpg"
Statue_of_Liberty,260909,0,"commons/Aerial_photographs_of_the_Statue_of_Liberty_and_Liberty_Island/0/pictures/Cities-_New_York_City,_New_York_-_DPLA_-_0b6739510062ea9a527d88553ce1435d.jpg"
Statue_of_Liberty,260909,0,"commons/Upshots_of_the_Statue_of_Liberty/0/pictures/Lady_Liberty,_Soon_to_be_Redacted.jpg"
Statue_of_Liberty,260909,0,commons/Front_left_views_of_the_Statue_of_Liberty/0/pictures/Flickr_-_The_U.S._Army_-_The_Golden_Knights_land_at_Statue_of_Liberty_in_New_York_City_(3).jpg
Statue_of_Liberty,260909,0,commons/Front_left_views_of_the_Statue_of_Liberty/0/pictures/Statue_of_Liberty_(13365000123).jpg
Statue_of_Liberty,260909,0,"commons/Upshots_of_the_Statue_of_Liberty/0/pictures/Statue_of_Liberty,_front_from_below,_April_2012.jpg"
Statue_of_Liberty,260909,0,commons/Front_right_views_of_the_Statue_of_Liberty/0/pictures/Statue_of_Liberty_4.jpg
Statue_of_Liberty,260909,0,commons/Statue_of_Liberty/0/pictures/No_Known_Restrictions_Statue_of_Liberty_(Highsmith_LOC)_(6718404145).jpg
Statue_of_Liberty,260909,0,commons/Front_left_views_of_the_Statue_of_Liberty/0/pictures/At_A_Glance_Freedom.jpg
Statue_of_Liberty,260909,0,commons/Statue_of_Liberty_in_2012/0/pictures/Statue_of_Liberty_231.JPG
Statue_of_Liberty,260909,0,commons/Left_side_views_of_the_Statue_of_Liberty/0/pictures/Statue_of_Liberty_2013-1.jpg
Statue_of_Liberty,260909,0,commons/Right_side_views_of_the_Statue_of_Liberty/0/pictures/The_Statue_Of_Liberty_-_panoramio.jpg
Statue_of_Liberty,260909,0,"commons/Front_left_views_of_the_Statue_of_Liberty/0/pictures/Statue_of_Liberty,_NY.jpg"
Statue_of_Liberty,260909,0,commons/WLMUS_2016_images_of_the_Statue_of_Liberty/0/pictures/Statue_of_Liberty_taken_from_ferry.jpg
Statue_of_Liberty,260909,0,commons/Statue_of_Liberty_in_2009/0/pictures/La_señorita_Libertdad_en_su_isla._-_panoramio.jpg
Statue_of_Liberty,260909,0,commons/Front_views_of_the_Statue_of_Liberty/0/pictures/Statue_of_Liberty_(8926521873).jpg
Statue_of_Liberty,260909,0,commons/Right_side_views_of_the_Statue_of_Liberty/0/pictures/Amazing_View_of_Statue_of_Liberty_and_One_world_Trade.jpg
Statue_of_Liberty,260909,0,commons/Upshots_of_the_Statue_of_Liberty/0/pictures/Statue_of_Liberty_with_Birds.jpg
Statue_of_Liberty,260909,0,commons/Front_left_views_of_the_Statue_of_Liberty/0/pictures/500px_photo_(203162779).jpeg
Statue_of_Liberty,260909,0,commons/Front_left_views_of_the_Statue_of_Liberty/0/pictures/The_light_of_Liberty_01.JPG
Statue_of_Liberty,260909,0,commons/Front_views_of_the_Statue_of_Liberty/0/pictures/Statue_of_Liberty_2011a.jpg
Statue_of_Liberty,260909,0,commons/Upshots_of_the_Statue_of_Liberty/0/pictures/Statueofliberty2.JPG
Statue_of_Liberty,260909,0,"commons/Front_left_views_of_the_Statue_of_Liberty/0/pictures/Statue_of_Liberty_-_Staten_Island_Ferry,_New_York,_NY,_USA_-_August_19,_2015_-_panoramio.jpg"
Statue_of_Liberty,260909,0,commons/Upshots_of_the_Statue_of_Liberty/0/pictures/Statue_of_Liberty_IMG_1994.jpg
Statue_of_Liberty,260909,0,commons/Front_left_views_of_the_Statue_of_Liberty/0/pictures/Fire_Fighter_II_at_the_Statue_of_Liberty.jpg
Statue_of_Liberty,260909,0,commons/Statue_of_Liberty_in_2006/0/pictures/Estatua_libertad_-_panoramio.jpg
Statue_of_Liberty,260909,0,commons/Front_right_views_of_the_Statue_of_Liberty/0/pictures/Statue_of_Liberty_-_USA_crop.jpg
Statue_of_Liberty,260909,0,commons/WLMUS_2016_images_of_the_Statue_of_Liberty/0/pictures/Statue_of_liberty123.jpg
Statue_of_Liberty,260909,0,commons/Upshots_of_the_Statue_of_Liberty/0/pictures/A_close-up_of_Lady_Liberty.jpg
Statue_of_Liberty,260909,0,commons/Black_and_white_photographs_of_the_Statue_of_Liberty/0/pictures/Anthony_DELANOIX_2015-04-13_(Unsplash).jpg
Statue_of_Liberty,260909,0,commons/Right_side_views_of_the_Statue_of_Liberty/0/pictures/Liberty-statue-with-manhattan.jpg
Statue_of_Liberty,260909,0,commons/Front_left_views_of_the_Statue_of_Liberty/0/pictures/NYC_8_1_(6628647379).jpg
Statue_of_Liberty,260909,0,"commons/Front_left_views_of_the_Statue_of_Liberty/0/pictures/US_Navy_090327-N-8467N-001_Lt._Scott_Woods,_left,_administers_the_oath_of_enlistment_to_Machinist's_Mate_1st_Class_Adam_Bunker-Worley.jpg"
Statue_of_Liberty,260909,0,commons/WLMUS_2012_images_of_the_Statue_of_Liberty/0/pictures/Statue_of_Liberty_-_04.jpg
Statue_of_Liberty,260909,0,commons/WLMUS_2019_images_of_the_Statue_of_Liberty/0/pictures/Liberty_Statue.jpg
Statue_of_Liberty,260909,0,commons/Front_views_of_the_Statue_of_Liberty/0/pictures/Liberty_(2533774053).jpg
Statue_of_Liberty,260909,0,commons/WLMUS_2018_images_of_the_Statue_of_Liberty/0/pictures/FREEDOM_FOR_ALL!.jpg
Statue_of_Liberty,260909,0,commons/Statue_of_Liberty_in_2009/0/pictures/US_-_Liberty_Island_-_01.JPG
Statue_of_Liberty,260909,0,"commons/Front_views_of_the_Statue_of_Liberty/0/pictures/Statue_of_Liberty,_front_from_below,_April_2012.jpg"
Statue_of_Liberty,260909,0,commons/Upshots_of_the_Statue_of_Liberty/0/pictures/Statue_of_Liberty_(6279271781).jpg
Statue_of_Liberty,260909,0,commons/Front_left_views_of_the_Statue_of_Liberty/0/pictures/Liberty_from_ferry_P6150346.jpg
Statue_of_Liberty,260909,0,commons/Front_left_views_of_the_Statue_of_Liberty/0/pictures/Statue_of_Liberty_AB.jpg
Statue_of_Liberty,260909,0,commons/Upshots_of_the_Statue_of_Liberty/0/pictures/Statuephoto135790.jpg
Statue_of_Liberty,260909,0,commons/WLMUS_2012_images_of_the_Statue_of_Liberty/0/pictures/US_-_Liberty_Island_-_02.JPG
Statue_of_Liberty,260909,0,commons/Statue_of_Liberty_from_Staten_Island_Ferry/0/pictures/Statue_of_Liberty_taken_from_ferry.jpg
Statue_of_Liberty,260909,0,"commons/Front_left_views_of_the_Statue_of_Liberty/0/pictures/3_New_York,_Statue_of_Liberty.jpg"
Statue_of_Liberty,260909,0,commons/Left_side_views_of_the_Statue_of_Liberty/0/pictures/Statue_of_Liberty_23.JPG
Statue_of_Liberty,260909,0,commons/Front_left_views_of_the_Statue_of_Liberty/0/pictures/The_light_of_Liberty_02.JPG
Statue_of_Liberty,260909,0,commons/WLMUS_2017_images_of_the_Statue_of_Liberty/0/pictures/Liberty_Leading_the_City.jpg
Statue_of_Liberty,260909,0,commons/Statue_of_Liberty_at_dusk/0/pictures/Manhattan_New_York_City_2009_PD_20091129_165.JPG
Statue_of_Liberty,260909,0,commons/Upshots_of_the_Statue_of_Liberty/0/pictures/Statue_of_Liberty_(Unsplash_UGi_Ng56FRI).jpg
Statue_of_Liberty,260909,0,commons/Front_left_views_of_the_Statue_of_Liberty/0/pictures/Sunless_Summer_Sunday_Spectating_Spectacular_Sites.jpg
Statue_of_Liberty,260909,0,commons/Front_right_views_of_the_Statue_of_Liberty/0/pictures/Statue_of_Liberty_18.JPG
Statue_of_Liberty,260909,0,commons/WLMUS_2017_images_of_the_Statue_of_Liberty/0/pictures/Adk2.jpg
Statue_of_Liberty,260909,0,commons/Statue_of_Liberty_in_2008/0/pictures/Sunset_Statue_of_Liberty.jpg
Statue_of_Liberty,260909,0,commons/Front_views_of_the_Statue_of_Liberty/0/pictures/Statue_of_Liberty_-_Freiheitsstatue_-_New_York.JPG
Statue_of_Liberty,260909,0,commons/Front_left_views_of_the_Statue_of_Liberty/0/pictures/Statue_liberty.jpg
Statue_of_Liberty,260909,0,commons/Upshots_of_the_Statue_of_Liberty/0/pictures/Statue_of_Liberty_and_base.JPG
Statue_of_Liberty,260909,0,commons/Front_left_views_of_the_Statue_of_Liberty/0/pictures/Statue_of_Liberty_(New_York).jpg
Statue_of_Liberty,260909,0,commons/Upshots_of_the_Statue_of_Liberty/0/pictures/Statue_of_Liberty_Aglow.jpg
Statue_of_Liberty,260909,0,commons/Front_right_views_of_the_Statue_of_Liberty/0/pictures/Statue_of_Liberty_IMG_1996.jpg
Statue_of_Liberty,260909,0,"commons/Upshots_of_the_Statue_of_Liberty/0/pictures/Statue_of_Liberty,_by_Anthony_DELANOIX_2015-06-20_(Unsplash).jpg"
Statue_of_Liberty,260909,0,commons/Front_right_views_of_the_Statue_of_Liberty/0/pictures/Statue_of_Liberty_19.jpg
Statue_of_Liberty,260909,0,commons/Upshots_of_the_Statue_of_Liberty/0/pictures/LadyLiberty02.jpg
Statue_of_Liberty,260909,0,commons/Front_left_views_of_the_Statue_of_Liberty/0/pictures/A_close-up_of_Lady_Liberty.jpg
Statue_of_Liberty,260909,0,"commons/Left_side_views_of_the_Statue_of_Liberty/0/pictures/Statue_of_Liberty,_New_York_City,_NY.jpg"
Statue_of_Liberty,260909,0,commons/Front_left_views_of_the_Statue_of_Liberty/0/pictures/NYC_7_1_(6628625277).jpg
Statue_of_Liberty,260909,0,commons/Front_left_views_of_the_Statue_of_Liberty/0/pictures/The_Statue_of_Liberty_2016_09.JPG
Statue_of_Liberty,260909,0,commons/WLMUS_2012_images_of_the_Statue_of_Liberty/0/pictures/Liberty_island.JPG
Statue_of_Liberty,260909,0,commons/Front_views_of_the_Statue_of_Liberty/0/pictures/Lady_Liberty_and_lady_bird.jpg
Statue_of_Liberty,260909,0,commons/Front_left_views_of_the_Statue_of_Liberty/0/pictures/Statue_of_liberty123.jpg
Statue_of_Liberty,260909,0,commons/Front_right_views_of_the_Statue_of_Liberty/0/pictures/Statue_of_Liberty_5.jpg
Statue_of_Liberty,260909,0,commons/WLMUS_2016_images_of_the_Statue_of_Liberty/0/pictures/Statue_of_liberty_blue.jpg
Statue_of_Liberty,260909,0,commons/Statue_of_Liberty_in_2009/0/pictures/Freiheitsstatue_NY_Mai_2009_PD_006.JPG
Statue_of_Liberty,260909,0,commons/Front_views_of_the_Statue_of_Liberty/0/pictures/Statue_of_Liberty_001.jpg
Statue_of_Liberty,260909,0,commons/Front_left_views_of_the_Statue_of_Liberty/0/pictures/Statueoflibertywithbluesky.jpg
Statue_of_Liberty,260909,0,commons/WLMUS_2016_images_of_the_Statue_of_Liberty/0/pictures/Statue_of_Libery.jpg
Statue_of_Liberty,260909,0,commons/Statue_of_Liberty_in_2009/0/pictures/New_York_City_Mai_2009_PD_028.JPG
Statue_of_Liberty,260909,0,commons/Front_views_of_the_Statue_of_Liberty/0/pictures/Statue_of_Liberty_-_panoramio_-_kajikawa.jpg
Statue_of_Liberty,260909,0,commons/Statue_of_Liberty_from_Staten_Island_Ferry/0/pictures/Liberty_from_ferry_P6150346.jpg
Statue_of_Liberty,260909,0,commons/WLMUS_2012_images_of_the_Statue_of_Liberty/0/pictures/Statue_of_Liberty_-_02.jpg
Statue_of_Liberty,260909,0,commons/Front_views_of_the_Statue_of_Liberty/0/pictures/140606-N-LR347-006_(14367252996).jpg
Statue_of_Liberty,260909,0,commons/Front_left_views_of_the_Statue_of_Liberty/0/pictures/The_Statue_of_Liberty_-_New_York1.jpg
Statue_of_Liberty,260909,0,commons/Upshots_of_the_Statue_of_Liberty/0/pictures/Statue_of_Liberty_1a.jpg
Statue_of_Liberty,260909,0,"commons/Front_left_views_of_the_Statue_of_Liberty/0/pictures/Statue_of_Liberty_(March_26,_2007).jpg"
Statue_of_Liberty,260909,0,commons/Statue_of_Liberty_at_dusk/0/pictures/Manhattan_New_York_City_2009_PD_20091129_160.JPG
Statue_of_Liberty,260909,0,commons/Front_views_of_the_Statue_of_Liberty/0/pictures/Statue_of_Liberty_(8402743131)_(2).jpg
Statue_of_Liberty,260909,0,commons/Front_right_views_of_the_Statue_of_Liberty/0/pictures/Lady_Liberty_from_Staten_Island_Ferry.jpg
Statue_of_Liberty,260909,0,commons/Right_side_views_of_the_Statue_of_Liberty/0/pictures/New_York_2010_-_panoramio.jpg
Statue_of_Liberty,260909,0,commons/Aerial_photographs_of_the_Statue_of_Liberty_and_Liberty_Island/0/pictures/MH-65-_Statue_of_Liberty_120606-G-NB914-013.jpg
Statue_of_Liberty,260909,0,commons/Upshots_of_the_Statue_of_Liberty/0/pictures/Statue_Of_Liberty_(23478051151).jpg
Statue_of_Liberty,260909,0,commons/Front_left_views_of_the_Statue_of_Liberty/0/pictures/LibertyStatueLongView.JPG
Statue_of_Liberty,260909,0,commons/Front_left_views_of_the_Statue_of_Liberty/0/pictures/Statue_of_Liberty_(6279781268).jpg
Statue_of_Liberty,260909,0,commons/Front_left_views_of_the_Statue_of_Liberty/0/pictures/Yacht_Vava_II_NY2.jpg
Statue_of_Liberty,260909,0,commons/WLMUS_2012_images_of_the_Statue_of_Liberty/0/pictures/Statue_of_Liberty_-_10.jpg
Statue_of_Liberty,260909,0,commons/Front_views_of_the_Statue_of_Liberty/0/pictures/Liberty_Island2.JPG
Statue_of_Liberty,260909,0,commons/Statue_of_Liberty_in_2006/0/pictures/US_New_York_0603_131_(17247939622).jpg
Statue_of_Liberty,260909,0,commons/Front_left_views_of_the_Statue_of_Liberty/0/pictures/Statue_of_Liberty_2014.jpg
Statue_of_Liberty,260909,0,commons/Upshots_of_the_Statue_of_Liberty/0/pictures/Statue_of_Liberty_2018.jpg
Statue_of_Liberty,260909,0,commons/Front_left_views_of_the_Statue_of_Liberty/0/pictures/Statue_of_Libery.jpg
Statue_of_Liberty,260909,0,commons/Front_right_views_of_the_Statue_of_Liberty/0/pictures/Statue_of_Liberty_From_Boat.JPG
Statue_of_Liberty,260909,0,"commons/WLMUS_2017_images_of_the_Statue_of_Liberty/0/pictures/Lady_Liberty,_Soon_to_be_Redacted.jpg"
Statue_of_Liberty,260909,0,commons/Front_views_of_the_Statue_of_Liberty/0/pictures/Staten_Island_Ferry_security_escort_(5551461955).jpg
Statue_of_Liberty,260909,0,commons/Front_left_views_of_the_Statue_of_Liberty/0/pictures/US_-_Liberty_Island_-_01.JPG
Statue_of_Liberty,260909,0,commons/WLMUS_2013_images_of_the_Statue_of_Liberty/0/pictures/The_light_of_Liberty_01.JPG
Statue_of_Liberty,260909,0,"commons/Views_from_the_Statue_of_Liberty/0/pictures/NYC_skyline,_from_Statue_of_Libarty.jpg"
Statue_of_Liberty,260909,0,commons/Statue_of_Liberty_in_2007/0/pictures/New-York-City---Liberty-Island---Statue-of-Liberty---(Gentry).jpg
Statue_of_Liberty,260909,0,commons/WLMUS_2018_images_of_the_Statue_of_Liberty/0/pictures/Old_Statue_of_Liberty.jpg
Statue_of_Liberty,260909,0,commons/Front_views_of_the_Statue_of_Liberty/0/pictures/170524-N-UN744-064_(34562223310).jpg
Statue_of_Liberty,260909,0,commons/Statue_of_Liberty_in_2004/0/pictures/Statue_of_Liberty_National_Monument_STLI_02-05.jpg
Statue_of_Liberty,260909,0,commons/Upshots_of_the_Statue_of_Liberty/0/pictures/New_York_Freiheitsstatue_1971_02.jpg
Statue_of_Liberty,260909,0,commons/Front_left_views_of_the_Statue_of_Liberty/0/pictures/Liberty22.jpg
Statue_of_Liberty,260909,0,commons/Upshots_of_the_Statue_of_Liberty/0/pictures/Liberty01.jpg
Statue_of_Liberty,260909,0,commons/Front_left_views_of_the_Statue_of_Liberty/0/pictures/Clouds_over_Lady_Liberty.jpg
Statue_of_Liberty,260909,0,commons/Silhouette_of_the_Statue_of_Liberty/0/pictures/Sl-shadow.jpg
Statue_of_Liberty,260909,0,"commons/Front_left_views_of_the_Statue_of_Liberty/0/pictures/The_Statue_of_Liberty,_New_York_City.jpg"
Statue_of_Liberty,260909,0,commons/Front_right_views_of_the_Statue_of_Liberty/0/pictures/Statue_of_Liberty_Island_Aug_2017.jpg
Statue_of_Liberty,260909,0,commons/WLMUS_2017_images_of_the_Statue_of_Liberty/0/pictures/Liberty01.jpg
Statue_of_Liberty,260909,0,commons/Front_views_of_the_Statue_of_Liberty/0/pictures/Statue_of_Liberty_2011b.jpg
Statue_of_Liberty,260909,0,commons/Front_left_views_of_the_Statue_of_Liberty/0/pictures/NYC_Liberty_2.JPG
Statue_of_Liberty,260909,0,commons/WLMUS_2013_images_of_the_Statue_of_Liberty/0/pictures/The_light_of_Liberty_02.JPG
Statue_of_Liberty,260909,0,commons/Statue_of_Liberty_in_2008/0/pictures/Il_bel_simbolo_della_libertà_-_panoramio.jpg
Statue_of_Liberty,260909,0,commons/WLMUS_2019_images_of_the_Statue_of_Liberty/0/pictures/New_York_Statue.jpg
Statue_of_Liberty,260909,0,commons/Front_views_of_the_Statue_of_Liberty/0/pictures/FlamesOfLiberty.jpg
Statue_of_Liberty,260909,0,commons/Front_left_views_of_the_Statue_of_Liberty/0/pictures/Statue_of_Liberty_231.JPG
Statue_of_Liberty,260909,0,commons/Upshots_of_the_Statue_of_Liberty/0/pictures/Statue_of_liberty_new_york.jpg
Statue_of_Liberty,260909,0,"commons/Front_right_views_of_the_Statue_of_Liberty/0/pictures/Statue_of_Liberty,_May_2023.jpg"
Statue_of_Liberty,260909,0,commons/Front_left_views_of_the_Statue_of_Liberty/0/pictures/Triumphant_Statue_of_Liberty.jpg
Statue_of_Liberty,260909,0,commons/Statue_of_Liberty_in_2000/0/pictures/Statue_of_Liberty_in_2000.jpg
Statue_of_Liberty,260909,0,commons/WLMUS_2012_images_of_the_Statue_of_Liberty/0/pictures/US_-_Liberty_Island_-_01.JPG
Statue_of_Liberty,260909,0,commons/Front_views_of_the_Statue_of_Liberty/0/pictures/Liberty-statue-from-below.jpg
Statue_of_Liberty,260909,0,commons/Front_views_of_the_Statue_of_Liberty/0/pictures/Statue_of_Liberty_from_Staten_Island_ferry_(3).jpg
Statue_of_Liberty,260909,0,"commons/Front_left_views_of_the_Statue_of_Liberty/0/pictures/Jersey_City,_NJ,_USA_-_panoramio_(11).jpg"
Statue_of_Liberty,260909,0,commons/Front_left_views_of_the_Statue_of_Liberty/0/pictures/Statue_of_Liberty_-_New_York_Harbor_-_2_Sept._2012_-_(1).jpg
Statue_of_Liberty,260909,0,"commons/Upshots_of_the_Statue_of_Liberty/0/pictures/Statue_of_Liberty,_close_up.jpg"
Statue_of_Liberty,260909,0,commons/Statue_of_Liberty_in_2003/0/pictures/NP-liberty.jpg
Statue_of_Liberty,260909,0,commons/Front_right_views_of_the_Statue_of_Liberty/0/pictures/Defense.gov_News_Photo_000707-N-1110A-506.jpg
Statue_of_Liberty,260909,0,commons/Statue_of_Liberty_in_2007/0/pictures/New_york_-_panoramio.jpg
Statue_of_Liberty,260909,0,commons/Front_views_of_the_Statue_of_Liberty/0/pictures/0327New_York_City_Statue_of_Liberty.JPG
Statue_of_Liberty,260909,0,commons/WLMUS_2017_images_of_the_Statue_of_Liberty/0/pictures/Statue_of_Liberty_and_Ellis_Island.jpg
Statue_of_Liberty,260909,0,commons/Front_views_of_the_Statue_of_Liberty/0/pictures/Statue_of_Liberty_straight_front_shot_distance.JPG
Statue_of_Liberty,260909,0,commons/Upshots_of_the_Statue_of_Liberty/0/pictures/Statue_of_Liberty_(28054469136).jpg
Statue_of_Liberty,260909,0,commons/Front_left_views_of_the_Statue_of_Liberty/0/pictures/French_Gift..jpg
Statue_of_Liberty,260909,0,commons/Front_left_views_of_the_Statue_of_Liberty/0/pictures/Statue_of_Liberty_-_Estatua_de_la_Libertad_(HDR)_-_panoramio.jpg
Statue_of_Liberty,260909,0,commons/Upshots_of_the_Statue_of_Liberty/0/pictures/Statue_of_Liberty_IMG_1967.jpg
Statue_of_Liberty,260909,0,commons/Front_right_views_of_the_Statue_of_Liberty/0/pictures/Statue_of_Liberty_United_States_of_America_-_USA_(9897867936).jpg
Statue_of_Liberty,260909,0,"commons/Upshots_of_the_Statue_of_Liberty/0/pictures/4_New_York,_Statue_of_Liberty.jpg"
Statue_of_Liberty,260909,0,commons/Front_left_views_of_the_Statue_of_Liberty/0/pictures/2008-08-25_Statue_of_Liberty.jpg
Statue_of_Liberty,260909,0,commons/Right_side_views_of_the_Statue_of_Liberty/0/pictures/Statue_Of_Liberty_And_Lower_Manhattan.jpg
Statue_of_Liberty,260909,0,commons/Front_left_views_of_the_Statue_of_Liberty/0/pictures/Statue_of_Liberty_United_States_of_America_-_USA_(9897935324).jpg
Statue_of_Liberty,260909,0,commons/Statue_of_Liberty_in_2008/0/pictures/Statue_of_Liberty_-_Freiheitsstatue_-_New_York.JPG
Statue_of_Liberty,260909,0,commons/Front_views_of_the_Statue_of_Liberty/0/pictures/Lady_liberty_up_close.jpg
Statue_of_Liberty,260909,0,commons/Front_left_views_of_the_Statue_of_Liberty/0/pictures/Statue_of_liberty_national_monument.jpg
Statue_of_Liberty,260909,0,commons/Front_right_views_of_the_Statue_of_Liberty/0/pictures/Statue_of_Liberty_21.jpg
Statue_of_Liberty,260909,0,commons/WLMUS_2018_images_of_the_Statue_of_Liberty/0/pictures/At_A_Glance_Freedom.jpg
Statue_of_Liberty,260909,0,commons/Front_views_of_the_Statue_of_Liberty/0/pictures/Statue_of_Liberty_04_(9442675882).jpg
Statue_of_Liberty,260909,0,commons/Statue_of_Liberty_at_dusk/0/pictures/Manhattan_New_York_City_2009_PD_20091129_157.JPG
Statue_of_Liberty,260909,0,commons/Upshots_of_the_Statue_of_Liberty/0/pictures/Statue_of_Liberty_blue_sky.JPG
Statue_of_Liberty,260909,0,commons/Front_left_views_of_the_Statue_of_Liberty/0/pictures/Statue_of_Liberty_(6279262473).jpg
Statue_of_Liberty,260909,0,commons/Front_left_views_of_the_Statue_of_Liberty/0/pictures/US_-_Liberty_Island_-_02.JPG
Statue_of_Liberty,260909,0,commons/WLMUS_2012_images_of_the_Statue_of_Liberty/0/pictures/US_-_Liberty_Island_-_06.JPG
Statue_of_Liberty,260909,0,commons/Statue_of_Liberty_in_2006/0/pictures/New_York_City34.jpg
Statue_of_Liberty,260909,0,"commons/Upshots_of_the_Statue_of_Liberty/0/pictures/Richard_Noble,_finishes_walk_across_America._WAAEvents.jpg"
Statue_of_Liberty,260909,0,"commons/Front_left_views_of_the_Statue_of_Liberty/0/pictures/Jersey_City,_NJ,_USA_-_panoramio_(6).jpg"
Statue_of_Liberty,260909,0,commons/Upshots_of_the_Statue_of_Liberty/0/pictures/Statue_of_Liberty_6.jpg
Statue_of_Liberty,260909,0,commons/WLMUS_2018_images_of_the_Statue_of_Liberty/0/pictures/Looking_at_Freedom.jpg
Statue_of_Liberty,260909,0,commons/Front_right_views_of_the_Statue_of_Liberty/0/pictures/Statue_of_Liberty_United_States_of_America_-_USA_(9897848066).jpg
Statue_of_Liberty,260909,0,commons/WLMUS_2013_images_of_the_Statue_of_Liberty/0/pictures/Lady_Liberty_in_NY.jpg
Statue_of_Liberty,260909,0,commons/Front_left_views_of_the_Statue_of_Liberty/0/pictures/The_Statue_of_Liberty_National_Monument_5.jpg
Statue_of_Liberty,260909,0,commons/Front_views_of_the_Statue_of_Liberty/0/pictures/Statue_of_Liberty_-_01.jpg
Statue_of_Liberty,260909,0,commons/Remote_views_of_the_Statue_of_Liberty/0/pictures/Statue_of_Liberty_view_by_Dalel.jpg
Statue_of_Liberty,260909,0,commons/Left_side_views_of_the_Statue_of_Liberty/0/pictures/Statue_of_Liberty_United_States_of_America_-_USA_(9897936123).jpg
Statue_of_Liberty,260909,0,commons/Front_left_views_of_the_Statue_of_Liberty/0/pictures/Statue_of_Liberty_02_(9442691430).jpg
Statue_of_Liberty,260909,0,commons/Upshots_of_the_Statue_of_Liberty/0/pictures/Statue_of_liberty_side.jpg
Statue_of_Liberty,260909,0,commons/Front_left_views_of_the_Statue_of_Liberty/0/pictures/Statue_of_Liberty_002.jpg
Statue_of_Liberty,260909,0,commons/Statue_of_Liberty/0/pictures/Statue_of_Liberty_-_New_York_City.jpg
Statue_of_Liberty,260909,0,commons/Front_right_views_of_the_Statue_of_Liberty/0/pictures/Lady_Liberty_The_Mother_of_Exiles.jpg
Statue_of_Liberty,260909,0,commons/WLMUS_2012_images_of_the_Statue_of_Liberty/0/pictures/US_-_Liberty_Island_-_07.JPG
Statue_of_Liberty,260909,0,commons/Statue_of_Liberty_in_2007/0/pictures/Te_Statue_of_Liberty_(8403835876).jpg
Statue_of_Liberty,260909,0,commons/Front_views_of_the_Statue_of_Liberty/0/pictures/LadyLiberty02.jpg
Statue_of_Liberty,260909,0,"commons/Front_left_views_of_the_Statue_of_Liberty/0/pictures/Jersey_City,_NJ,_USA_-_panoramio_(9).jpg"
Statue_of_Liberty,260909,0,commons/Upshots_of_the_Statue_of_Liberty/0/pictures/Statue_of_Liberty_National_Monument_STLI4930.jpg
Statue_of_Liberty,260909,0,commons/WLMUS_2017_images_of_the_Statue_of_Liberty/0/pictures/Statue_of_Liberty_Attraction.jpg
Statue_of_Liberty,260909,0,commons/Front_left_views_of_the_Statue_of_Liberty/0/pictures/FREEDOM_FOR_ALL!.jpg
Statue_of_Liberty,260909,0,commons/Black_and_white_photographs_of_the_Statue_of_Liberty/0/pictures/Old_Statue_of_Liberty.jpg
Statue_of_Liberty,260909,0,commons/Silhouette_of_the_Statue_of_Liberty/0/pictures/Manhattan_New_York_City_2009_PD_20091129_158.JPG
Statue_of_Liberty,260909,0,commons/Front_left_views_of_the_Statue_of_Liberty/0/pictures/Statue_of_Liberty_2009_2.jpg
Statue_of_Liberty,260909,0,commons/Upshots_of_the_Statue_of_Liberty/0/pictures/StatueOfLiberty.jpg
Statue_of_Liberty,260909,0,commons/Statue_of_Liberty_from_Staten_Island_Ferry/0/pictures/美國紐約16.jpg
Statue_of_Liberty,260909,0,commons/Front_left_views_of_the_Statue_of_Liberty/0/pictures/Lady_of_Freedom.jpg
Statue_of_Liberty,260909,0,commons/WLMUS_2017_images_of_the_Statue_of_Liberty/0/pictures/Statue_of_Liberty_Island_Aug_2017.jpg
Statue_of_Liberty,260909,0,commons/Front_views_of_the_Statue_of_Liberty/0/pictures/Statue_of_Liberty_1_New_York.JPG
Statue_of_Liberty,260909,0,commons/Front_left_views_of_the_Statue_of_Liberty/0/pictures/Statue_of_Liberty_Hecate_(cropped).jpg
Statue_of_Liberty,260909,0,commons/Upshots_of_the_Statue_of_Liberty/0/pictures/WorkandTravel.jpg
Statue_of_Liberty,260909,0,commons/WLMUS_2017_images_of_the_Statue_of_Liberty/0/pictures/FlamesOfLiberty.jpg
Statue_of_Liberty,260909,0,commons/Front_right_views_of_the_Statue_of_Liberty/0/pictures/Statue_of_liberty_new_york.jpg
Statue_of_Liberty,260909,0,commons/WLMUS_2017_images_of_the_Statue_of_Liberty/0/pictures/Liberty10.jpg
Statue_of_Liberty,260909,0,commons/Statue_of_Liberty_in_2009/0/pictures/Statue_of_Liberty_2009_2.jpg
Statue_of_Liberty,260909,0,commons/Front_views_of_the_Statue_of_Liberty/0/pictures/Statue_of_Liberty_NY.jpg
Statue_of_Liberty,260909,0,commons/Front_left_views_of_the_Statue_of_Liberty/0/pictures/Liberty_(25391396248).jpg
Statue_of_Liberty,260909,0,commons/Silhouette_of_the_Statue_of_Liberty/0/pictures/Statue_of_Liberty_(3550844944).jpg
Statue_of_Liberty,260909,0,commons/Upshots_of_the_Statue_of_Liberty/0/pictures/Statue_of_liberty_28.jpg
Statue_of_Liberty,260909,0,commons/Statue_of_Liberty_in_2006/0/pictures/US_New_York_0603_165_(17063478199).jpg
Statue_of_Liberty,260909,0,commons/WLMUS_2017_images_of_the_Statue_of_Liberty/0/pictures/Triumphant_Statue_of_Liberty.jpg
Statue_of_Liberty,260909,0,commons/Front_right_views_of_the_Statue_of_Liberty/0/pictures/Statue_of_liberty_dk.jpg
Statue_of_Liberty,260909,0,commons/Upshots_of_the_Statue_of_Liberty/0/pictures/Liberty-1536x2304.jpg
Statue_of_Liberty,260909,0,commons/Front_left_views_of_the_Statue_of_Liberty/0/pictures/Flame_of_freedom_(Juan_Luis_Rocha_G).JPG
Statue_of_Liberty,260909,0,commons/Left_side_views_of_the_Statue_of_Liberty/0/pictures/Statue_of_Liberty_-_12.jpg
Statue_of_Liberty,260909,0,commons/WLMUS_2016_images_of_the_Statue_of_Liberty/0/pictures/Lady_Liberty_2015.jpg
Statue_of_Liberty,260909,0,commons/WLMUS_2016_images_of_the_Statue_of_Liberty/0/pictures/Statue_of_Liberty_of_New_York.jpg
Statue_of_Liberty,260909,0,commons/Front_right_views_of_the_Statue_of_Liberty/0/pictures/Statue_of_Liberty_from_Fort_Wood.jpg
Statue_of_Liberty,260909,0,commons/Statue_of_Liberty_in_2006/0/pictures/US_New_York_0603_150_(17247938312).jpg
Statue_of_Liberty,260909,0,commons/Upshots_of_the_Statue_of_Liberty/0/pictures/Statueofliberty.JPG
Statue_of_Liberty,260909,0,commons/Front_left_views_of_the_Statue_of_Liberty/0/pictures/Statue_of_Liberty_2001.jpg
Statue_of_Liberty,260909,0,commons/Front_left_views_of_the_Statue_of_Liberty/0/pictures/Žába_with_Statue_of_Liberty_-_panoramio.jpg
Statue_of_Liberty,260909,0,commons/WLMUS_2012_images_of_the_Statue_of_Liberty/0/pictures/US_-_Liberty_Island_-_05.JPG
Statue_of_Liberty,260909,0,commons/Upshots_of_the_Statue_of_Liberty/0/pictures/Statue_of_Liberty_under_a_blue_sky.jpg
Statue_of_Liberty,260909,0,commons/Front_left_views_of_the_Statue_of_Liberty/0/pictures/Statue_of_Liberty_-_panoramio_(3).jpg
Statue_of_Liberty,260909,0,"commons/WLMUS_2016_images_of_the_Statue_of_Liberty/0/pictures/2_New_York,_Statue_of_Liberty.jpg"
Statue_of_Liberty,260909,0,commons/Front_views_of_the_Statue_of_Liberty/0/pictures/NY_Statue_of_Liberty.jpg
Statue_of_Liberty,260909,0,commons/Upshots_of_the_Statue_of_Liberty/0/pictures/5DM44136.jpg
Statue_of_Liberty,260909,0,commons/Detail_of_the_Statue_of_Liberty/0/pictures/Old_Statue_of_Liberty.jpg
Statue_of_Liberty,260909,0,commons/Statue_of_Liberty_in_the_1970s/0/pictures/New_York_-_Statue_of_Liberty_(4628635143).jpg
Statue_of_Liberty,260909,0,commons/Aerial_photographs_of_the_Statue_of_Liberty_and_Liberty_Island/0/pictures/Remote_view_of_USS_Arlington_(LPD-24)_entering_the_Hudson_Fleet_Week_New_York_180523-N-UN744-0209.jpg
Statue_of_Liberty,260909,0,commons/Right_side_views_of_the_Statue_of_Liberty/0/pictures/StatueofLibertyRMH.jpg
Statue_of_Liberty,260909,0,commons/Upshots_of_the_Statue_of_Liberty/0/pictures/Statue_of_Libery.jpg
Statue_of_Liberty,260909,0,commons/Front_left_views_of_the_Statue_of_Liberty/0/pictures/Statue_of_Liberty_2011c.jpg
Statue_of_Liberty,260909,0,commons/Front_left_views_of_the_Statue_of_Liberty/0/pictures/Vrijheidsbeeld.JPG
Statue_of_Liberty,260909,0,"commons/WLMUS_2016_images_of_the_Statue_of_Liberty/0/pictures/3_New_York,_Statue_of_Liberty.jpg"
Statue_of_Liberty,260909,0,commons/Statue_of_Liberty_in_2008/0/pictures/LibertyStatueLongView.JPG
Statue_of_Liberty,260909,0,commons/Front_views_of_the_Statue_of_Liberty/0/pictures/Lady_Liberty_in_New_York_Harbor.jpg
Statue_of_Liberty,260909,0,commons/WLMUS_2018_images_of_the_Statue_of_Liberty/0/pictures/Lady_of_Freedom.jpg
Statue_of_Liberty,260909,0,commons/Front_right_views_of_the_Statue_of_Liberty/0/pictures/Women_Can_Rule_The_World.jpg
Statue_of_Liberty,260909,0,commons/Statue_of_Liberty_in_2006/0/pictures/US_New_York_0603_153_(17249133581).jpg
Statue_of_Liberty,260909,0,commons/Front_left_views_of_the_Statue_of_Liberty/0/pictures/Freiheit_2013-10-22_22-29.jpg
Statue_of_Liberty,260909,0,commons/Right_side_views_of_the_Statue_of_Liberty/0/pictures/Liberty_NYC.JPG
Statue_of_Liberty,260909,0,"commons/WLMUS_2016_images_of_the_Statue_of_Liberty/0/pictures/Statue_of_Liberty,_New_York_City.jpg"
Statue_of_Liberty,260909,0,commons/Front_views_of_the_Statue_of_Liberty/0/pictures/Statue_liberty23.jpg
Statue_of_Liberty,260909,0,commons/Statue_of_Liberty_in_2008/0/pictures/Liberty_Island_2008_PD_02.JPG
Statue_of_Liberty,260909,0,commons/Front_views_of_the_Statue_of_Liberty/0/pictures/Liberty_Island_2008_PD_05.JPG
Statue_of_Liberty,260909,0,commons/Statue_of_Liberty_from_Staten_Island_Ferry/0/pictures/美國紐約20.jpg
Statue_of_Liberty,260909,0,commons/WLMUS_2012_images_of_the_Statue_of_Liberty/0/pictures/Liberty_Enlightening_the_World.jpg
Statue_of_Liberty,260909,0,commons/WLMUS_2018_images_of_the_Statue_of_Liberty/0/pictures/Lady_Liberty_and_clouds.jpg
Statue_of_Liberty,260909,0,commons/Front_right_views_of_the_Statue_of_Liberty/0/pictures/Statue_of_Liberty3.jpg
Statue_of_Liberty,260909,0,commons/Statue_of_Liberty_in_2006/0/pictures/US_New_York_0603_157_(16627224874).jpg
Statue_of_Liberty,260909,0,commons/Detail_of_the_Statue_of_Liberty/0/pictures/Statue_of_Liberty_(13365248864).jpg
Statue_of_Liberty,260909,0,commons/Left_side_views_of_the_Statue_of_Liberty/0/pictures/Liberty_Island_2008_PD_03.JPG
Statue_of_Liberty,260909,0,"commons/Right_side_views_of_the_Statue_of_Liberty/0/pictures/Statue_of_Liberty-_Photo_by_Yasser_Alizadeh,_2014.JPG"
Statue_of_Liberty,260909,0,commons/Front_left_views_of_the_Statue_of_Liberty/0/pictures/Statue_of_Liberty_2009_1.jpg
Statue_of_Liberty,260909,0,commons/Front_right_views_of_the_Statue_of_Liberty/0/pictures/500px_photo_(28952193).jpeg
Statue_of_Liberty,260909,0,commons/Statue_of_Liberty_in_2003/0/pictures/Statue_of_Liberty_-_USA_crop.jpg
Statue_of_Liberty,260909,0,commons/WLMUS_2016_images_of_the_Statue_of_Liberty/0/pictures/All_in_One.jpg
Statue_of_Liberty,260909,0,commons/Statue_of_Liberty_in_2008/0/pictures/Hudson_River_-_panoramio_-_Jorge_Campos_Pérez.jpg
Statue_of_Liberty,260909,0,commons/Front_views_of_the_Statue_of_Liberty/0/pictures/Manhattan_New_York_City_2009_PD_20091129_165.JPG
Statue_of_Liberty,260909,0,commons/Black_and_white_photographs_of_the_Statue_of_Liberty/0/pictures/Statue_of_Liberty_2018.jpg
Statue_of_Liberty,260909,0,"commons/Right_side_views_of_the_Statue_of_Liberty/0/pictures/Statue_of_Liberty,_New_York,_USA-30July2010_(1).jpg"
Statue_of_Liberty,260909,0,commons/Upshots_of_the_Statue_of_Liberty/0/pictures/Adk8.jpg
Statue_of_Liberty,260909,0,commons/Statue_of_Liberty/0/pictures/Visit_to_Liberty_Island_(5910734469).jpg
Statue_of_Liberty,260909,0,commons/Front_left_views_of_the_Statue_of_Liberty/0/pictures/B&W_Statue_of_Liberty_crop.jpg
Statue_of_Liberty,260909,0,commons/Statue_of_Liberty_at_dusk/0/pictures/Sunset_In_New_York.jpg
Statue_of_Liberty,260909,0,commons/Upshots_of_the_Statue_of_Liberty/0/pictures/Statue_of_liberty_dk.jpg
Statue_of_Liberty,260909,0,commons/Front_left_views_of_the_Statue_of_Liberty/0/pictures/Statue_of_Liberty_14.jpg
Statue_of_Liberty,260909,0,commons/WLMUS_2012_images_of_the_Statue_of_Liberty/0/pictures/Statue_of_Liberty_-_13.jpg
Statue_of_Liberty,260909,0,commons/Front_views_of_the_Statue_of_Liberty/0/pictures/Liberty_2005_3.jpg
Statue_of_Liberty,260909,0,commons/Front_left_views_of_the_Statue_of_Liberty/0/pictures/Statue_of_Liberty_Island_9.jpg
Statue_of_Liberty,260909,0,commons/Statue_of_Liberty_in_2008/0/pictures/Statue_of_Liberty_light_banner.jpg
Statue_of_Liberty,260909,0,commons/Front_views_of_the_Statue_of_Liberty/0/pictures/NYC_Liberty_5.JPG
Statue_of_Liberty,260909,0,commons/Front_right_views_of_the_Statue_of_Liberty/0/pictures/Die_Freiheitsstatue_-_ein_Geschenk_Frankreichs_1886_an_die_USA_-_panoramio.jpg
Statue_of_Liberty,260909,0,commons/WLMUS_2012_images_of_the_Statue_of_Liberty/0/pictures/Statue_of_Liberty_-_12.jpg
Statue_of_Liberty,260909,0,commons/Upshots_of_the_Statue_of_Liberty/0/pictures/FREEDOM_FOR_ALL!.jpg
Statue_of_Liberty,260909,0,commons/Front_left_views_of_the_Statue_of_Liberty/0/pictures/Ellis_Island_and_Liberty_04.jpg
Statue_of_Liberty,260909,0,commons/Statue_of_Liberty_in_2012/0/pictures/Liberty_Statue_(16841011).jpeg
Statue_of_Liberty,260909,0,commons/Left_side_views_of_the_Statue_of_Liberty/0/pictures/Statue_of_Liberty_2008.JPG
Statue_of_Liberty,260909,0,commons/Right_side_views_of_the_Statue_of_Liberty/0/pictures/Statue_of_Liberty_-_panoramio_(4).jpg
Statue_of_Liberty,260909,0,commons/Front_left_views_of_the_Statue_of_Liberty/0/pictures/Statue_of_Liberty_and_base.JPG
Statue_of_Liberty,260909,0,commons/Statue_of_Liberty_in_2009/0/pictures/Freiheitsstatue_NY_Mai_2009_PD_004.JPG
Statue_of_Liberty,260909,0,commons/Front_views_of_the_Statue_of_Liberty/0/pictures/NYC-liberty-statue-01.jpg
Statue_of_Liberty,260909,0,commons/Upshots_of_the_Statue_of_Liberty/0/pictures/Statue_of_liberty_in_a_sunny_day.jpg
Statue_of_Liberty,260909,0,commons/Front_left_views_of_the_Statue_of_Liberty/0/pictures/Statue_of_Liberty_National_Monument_STLI_02-05.jpg
Statue_of_Liberty,260909,0,commons/WLMUS_2013_images_of_the_Statue_of_Liberty/0/pictures/Statue_of_Liberty_and_base.JPG
Statue_of_Liberty,260909,0,commons/Statue_of_Liberty_in_2008/0/pictures/Liberty_Island_2008_PD_01.JPG
Statue_of_Liberty,260909,0,commons/Front_views_of_the_Statue_of_Liberty/0/pictures/Lady_Liberty_under_a_blue_sky.jpg
Statue_of_Liberty,260909,0,commons/Upshots_of_the_Statue_of_Liberty/0/pictures/Statue_of_Liberty_Island_3.jpg
Statue_of_Liberty,260909,0,"commons/Front_left_views_of_the_Statue_of_Liberty/0/pictures/Statue_of_Liberty,_overcast_spring_day_April_2016.jpg"
Statue_of_Liberty,260909,0,commons/Front_right_views_of_the_Statue_of_Liberty/0/pictures/Majestic_Liberty_Large.jpg
Statue_of_Liberty,260909,0,commons/WLMUS_2013_images_of_the_Statue_of_Liberty/0/pictures/Statue_of_Liberty_231.JPG
Statue_of_Liberty,260909,0,commons/Front_views_of_the_Statue_of_Liberty/0/pictures/NP-liberty.jpg
Statue_of_Liberty,260909,0,commons/Upshots_of_the_Statue_of_Liberty/0/pictures/Statue_of_liberty_New_York.jpg
Statue_of_Liberty,260909,0,commons/Front_left_views_of_the_Statue_of_Liberty/0/pictures/Statue_of_Liberty_7.jpg
Statue_of_Liberty,260909,0,"commons/WLMUS_2016_images_of_the_Statue_of_Liberty/0/pictures/Statue_of_Liberty_6,_New_York_City.jpg"
Statue_of_Liberty,260909,0,commons/Front_left_views_of_the_Statue_of_Liberty/0/pictures/Statue_of_Liberty_(Fall_2015).jpg
Statue_of_Liberty,260909,0,commons/Upshots_of_the_Statue_of_Liberty/0/pictures/Statue_of_Liberty_2a.jpg
Statue_of_Liberty,260909,0,commons/Upshots_of_the_Statue_of_Liberty/0/pictures/0333New_York_City_Statue_of_Liberty.JPG
Statue_of_Liberty,260909,0,commons/Front_left_views_of_the_Statue_of_Liberty/0/pictures/7.6.09StatueOfLibertyByLuigiNovi1.jpg
Statue_of_Liberty,260909,0,commons/Left_side_views_of_the_Statue_of_Liberty/0/pictures/Statue_of_Liberty_side_shot_2.JPG
Statue_of_Liberty,260909,0,commons/Front_views_of_the_Statue_of_Liberty/0/pictures/NP-liberty2.jpg
Statue_of_Liberty,260909,0,commons/Front_left_views_of_the_Statue_of_Liberty/0/pictures/Statue_of_Liberty_01.jpg
Statue_of_Liberty,260909,0,commons/Upshots_of_the_Statue_of_Liberty/0/pictures/Statue_of_Liberty_5.jpg
Statue_of_Liberty,260909,0,commons/Upshots_of_the_Statue_of_Liberty/0/pictures/Lady_Liberty_The_Mother_of_Exiles.jpg
Statue_of_Liberty,260909,0,"commons/Front_left_views_of_the_Statue_of_Liberty/0/pictures/4_New_York,_Statue_of_Liberty.jpg"
Statue_of_Liberty,260909,0,commons/Front_views_of_the_Statue_of_Liberty/0/pictures/NYC_Liberty_4.JPG
Statue_of_Liberty,260909,0,commons/Front_right_views_of_the_Statue_of_Liberty/0/pictures/Madam_Liberty.jpg
Statue_of_Liberty,260909,0,commons/WLMUS_2016_images_of_the_Statue_of_Liberty/0/pictures/The_Statue_of_Liberty_-_New_York.jpg
Statue_of_Liberty,260909,0,commons/Statue_of_Liberty_in_2008/0/pictures/Liberty_Island_2008_PD_05.JPG
Statue_of_Liberty,260909,0,commons/Front_views_of_the_Statue_of_Liberty/0/pictures/NYC_Freiheitsstatue.JPG
Statue_of_Liberty,260909,0,commons/Front_views_of_the_Statue_of_Liberty/0/pictures/NYC_Statue_de_la_Liberté.JPG
Statue_of_Liberty,260909,0,"commons/Front_right_views_of_the_Statue_of_Liberty/0/pictures/Lady_Liberty,_Soon_to_be_Redacted.jpg"
Statue_of_Liberty,260909,0,"commons/WLMUS_2016_images_of_the_Statue_of_Liberty/0/pictures/The_Statue_of_Liberty,_New_York_City.jpg"
Statue_of_Liberty,260909,0,commons/Upshots_of_the_Statue_of_Liberty/0/pictures/The_Statue_of_Liberty_National_Monument_5.jpg
Statue_of_Liberty,260909,0,commons/Front_left_views_of_the_Statue_of_Liberty/0/pictures/Statue_of_Liberty_United_States_of_America_-_USA_(9897933755).jpg
Statue_of_Liberty,260909,0,commons/Front_right_views_of_the_Statue_of_Liberty/0/pictures/Lady_liberty_from_ferry.jpg
Statue_of_Liberty,260909,0,commons/WLMUS_2013_images_of_the_Statue_of_Liberty/0/pictures/Statue_of_Liberty_221.JPG
Statue_of_Liberty,260909,0,commons/Front_views_of_the_Statue_of_Liberty/0/pictures/Me-silviya2.JPG
Statue_of_Liberty,260909,0,commons/Front_left_views_of_the_Statue_of_Liberty/0/pictures/Statue_of_Liberty_(216759898).jpg
Statue_of_Liberty,260909,0,commons/Upshots_of_the_Statue_of_Liberty/0/pictures/Statue_of_Liberty_11.jpg
Statue_of_Liberty,260909,0,commons/WLMUS_2012_images_of_the_Statue_of_Liberty/0/pictures/Statue_of_Liberty_with_cloudburst.jpg
Statue_of_Liberty,260909,0,commons/Statue_of_Liberty_from_Staten_Island_Ferry/0/pictures/Statue_of_Liberty_from_Staten_Island_ferry_(2).jpg
Statue_of_Liberty,260909,0,commons/Front_left_views_of_the_Statue_of_Liberty/0/pictures/Freedom_At_A_Glance.jpg
Statue_of_Liberty,260909,0,commons/WLMUS_2012_images_of_the_Statue_of_Liberty/0/pictures/Ellis_Island_and_Liberty_11.jpg
Statue_of_Liberty,260909,0,commons/Front_left_views_of_the_Statue_of_Liberty/0/pictures/Statueofliberty.jpg
Statue_of_Liberty,260909,0,commons/Front_views_of_the_Statue_of_Liberty/0/pictures/Statue_of_Liberty_(6279783404).jpg
Statue_of_Liberty,260909,0,commons/WLMUS_2013_images_of_the_Statue_of_Liberty/0/pictures/Passengers_travel_next_to_Statue_of_Liberty.JPG
Statue_of_Liberty,260909,0,commons/Statue_of_Liberty_in_2009/0/pictures/New_York_Statue_of_Liberty_-_panoramio.jpg
Statue_of_Liberty,260909,0,"commons/Front_views_of_the_Statue_of_Liberty/0/pictures/New_York_City,NewYork,USA._-_panoramio.jpg"
Statue_of_Liberty,260909,0,commons/Upshots_of_the_Statue_of_Liberty/0/pictures/Statue_of_Liberty_of_New_York.jpg
Statue_of_Liberty,260909,0,commons/Front_left_views_of_the_Statue_of_Liberty/0/pictures/Statue_of_Liberty_United_States_of_America_-_USA_(9897941094).jpg
Statue_of_Liberty,260909,0,commons/Statue_of_Liberty_in_2004/0/pictures/PORT_SECURITY_DVIDS1075236.jpg
Statue_of_Liberty,260909,0,commons/WLMUS_2016_images_of_the_Statue_of_Liberty/0/pictures/Looking_up_at_the_Statue_of_Liberty.jpg
Statue_of_Liberty,260909,0,commons/Front_right_views_of_the_Statue_of_Liberty/0/pictures/Majestic_Liberty.jpg
Statue_of_Liberty,260909,0,commons/WLMUS_2016_images_of_the_Statue_of_Liberty/0/pictures/Statue_of_Liberty_-_New_York.jpg
Statue_of_Liberty,260909,0,commons/WLMUS_2012_images_of_the_Statue_of_Liberty/0/pictures/US_-_Liberty_Island_-_03.JPG
Statue_of_Liberty,260909,0,commons/Statue_of_Liberty_in_2008/0/pictures/Statue_of_Liberty_(2934626028).jpg
Statue_of_Liberty,260909,0,commons/Front_views_of_the_Statue_of_Liberty/0/pictures/Statue_liberty24.jpg
Statue_of_Liberty,260909,0,commons/Front_right_views_of_the_Statue_of_Liberty/0/pictures/STATUE_OF_LIBERTY.jpg
Statue_of_Liberty,260909,0,commons/WLMUS_2016_images_of_the_Statue_of_Liberty/0/pictures/Statue_of_Liberty_with_Birds.jpg
Statue_of_Liberty,260909,0,"commons/Front_left_views_of_the_Statue_of_Liberty/0/pictures/Statue_of_Liberty,_New_York_City.jpg"
Statue_of_Liberty,260909,0,commons/Front_views_of_the_Statue_of_Liberty/0/pictures/Statue_Of_Liberty_(974532084).jpg
Statue_of_Liberty,260909,0,commons/Front_left_views_of_the_Statue_of_Liberty/0/pictures/Statue_of_Liberty_(left_side_view)_september_2014.JPG
Statue_of_Liberty,260909,0,commons/Upshots_of_the_Statue_of_Liberty/0/pictures/Statueliberty.JPG
Statue_of_Liberty,260909,0,commons/Statue_of_Liberty_in_2006/0/pictures/US_New_York_0603_132_(16629409603).jpg
Statue_of_Liberty,260909,0,commons/Front_right_views_of_the_Statue_of_Liberty/0/pictures/Statue_of_Liberty_United_States_of_America_-_USA_(9897853296).jpg
Statue_of_Liberty,260909,0,commons/Upshots_of_the_Statue_of_Liberty/0/pictures/Majestic_Liberty_Large.jpg
Statue_of_Liberty,260909,0,commons/Front_left_views_of_the_Statue_of_Liberty/0/pictures/I_lift_my_lamp_beside_the_golden_door_(Unsplash).jpg
Statue_of_Liberty,260909,0,commons/Front_left_views_of_the_Statue_of_Liberty/0/pictures/Statue_of_Liberty_with_cloudburst.jpg
Statue_of_Liberty,260909,0,commons/Front_right_views_of_the_Statue_of_Liberty/0/pictures/P8150044_(20006455323).jpg
Statue_of_Liberty,260909,0,commons/WLMUS_2017_images_of_the_Statue_of_Liberty/0/pictures/I_Spy_Liberty.jpg
Statue_of_Liberty,260909,0,commons/Front_views_of_the_Statue_of_Liberty/0/pictures/STATUE_OF_LIBERTY_(14387714597).jpg
Statue_of_Liberty,260909,0,commons/Upshots_of_the_Statue_of_Liberty/0/pictures/Statue_of_Liberty1.jpg
Statue_of_Liberty,260909,0,commons/Statue_of_Liberty_in_2006/0/pictures/US_New_York_0603_143_(16629409493).jpg
Statue_of_Liberty,260909,0,commons/Front_right_views_of_the_Statue_of_Liberty/0/pictures/Statue_of_Liberty_United_States_of_America_-_USA_(9897914514).jpg
Statue_of_Liberty,260909,0,commons/WLMUS_2012_images_of_the_Statue_of_Liberty/0/pictures/US_-_Liberty_Island_-_04.JPG
Statue_of_Liberty,260909,0,commons/Statue_of_Liberty_in_2001/0/pictures/Statue_of_liberty.jpg
Statue_of_Liberty,260909,0,"commons/Front_left_views_of_the_Statue_of_Liberty/0/pictures/Jersey_City,_NJ,_USA_-_panoramio_(8).jpg"
Statue_of_Liberty,260909,0,commons/Statue_of_Liberty_in_2006/0/pictures/US_New_York_0603_142_(17042266217).jpg
Statue_of_Liberty,260909,0,commons/Front_right_views_of_the_Statue_of_Liberty/0/pictures/Statue_of_Liberty_effect.JPG
Statue_of_Liberty,260909,0,"commons/WLMUS_2016_images_of_the_Statue_of_Liberty/0/pictures/1_New_York,_Statue_of_Liberty.jpg"
Statue_of_Liberty,260909,0,commons/Statue_of_Liberty_in_2002/0/pictures/Us-ny-statue-of-liberty.jpg
Statue_of_Liberty,260909,0,"commons/Front_left_views_of_the_Statue_of_Liberty/0/pictures/Jersey_City,_NJ,_USA_-_panoramio_(12).jpg"
Statue_of_Liberty,260909,0,commons/Left_side_views_of_the_Statue_of_Liberty/0/pictures/Statue_of_Liberty_-_13.jpg
Statue_of_Liberty,260909,0,commons/WLMUS_2012_images_of_the_Statue_of_Liberty/0/pictures/Statue_of_Liberty_Bright_Blue.jpg
Statue_of_Liberty,260909,0,commons/Front_left_views_of_the_Statue_of_Liberty/0/pictures/The_Statue_and_the_Ship_-_panoramio.jpg
Statue_of_Liberty,260909,0,commons/Front_right_views_of_the_Statue_of_Liberty/0/pictures/Statue_of_Liberty_front_shot.JPG
Statue_of_Liberty,260909,0,commons/Statue_of_Liberty_in_2006/0/pictures/US_New_York_0603_130_(17247939712).jpg
Statue_of_Liberty,260909,0,commons/WLMUS_2016_images_of_the_Statue_of_Liberty/0/pictures/Lady_liberty_up_close.jpg
Statue_of_Liberty,260909,0,commons/Front_views_of_the_Statue_of_Liberty/0/pictures/Statue_of_Liberty_-_New_York_Harbor_-_2_Sept._2012.jpg
Statue_of_Liberty,260909,0,commons/Statue_of_Liberty_in_2009/0/pictures/Estatua_de_la_libertad_de_cerca_-_panoramio.jpg
Statue_of_Liberty,260909,0,commons/Front_views_of_the_Statue_of_Liberty/0/pictures/StatuadellaLibertà.JPG
Statue_of_Liberty,260909,0,commons/Statue_of_Liberty_in_2009/0/pictures/Freiheitsstatue_NY_Mai_2009_PD_003.JPG
Statue_of_Liberty,260909,0,commons/Front_views_of_the_Statue_of_Liberty/0/pictures/Statue_de_la_liberte_vue_navette.jpg
Statue_of_Liberty,260909,0,commons/Upshots_of_the_Statue_of_Liberty/0/pictures/Statofliberty.jpg
Statue_of_Liberty,260909,0,commons/Front_left_views_of_the_Statue_of_Liberty/0/pictures/Liberty_kiss.jpg
Statue_of_Liberty,260909,0,commons/Upshots_of_the_Statue_of_Liberty/0/pictures/Statue_of_Liberty_frontal_2_crop.JPG
Statue_of_Liberty,260909,0,commons/WLMUS_2017_images_of_the_Statue_of_Liberty/0/pictures/The_Statute_of_Liberty_National_Monument.jpg
Statue_of_Liberty,260909,0,commons/Statue_of_Liberty_in_2006/0/pictures/US_New_York_0603_160_(17247861502).jpg
Statue_of_Liberty,260909,0,commons/Front_right_views_of_the_Statue_of_Liberty/0/pictures/Statue_of_Liberty_under_a_blue_sky.jpg
Statue_of_Liberty,260909,0,commons/Front_left_views_of_the_Statue_of_Liberty/0/pictures/US_-_Liberty_Island_-_03.JPG
Statue_of_Liberty,260909,0,"commons/WLMUS_2016_images_of_the_Statue_of_Liberty/0/pictures/4_New_York,_Statue_of_Liberty.jpg"
Statue_of_Liberty,260909,0,commons/Statue_of_Liberty_in_2003/0/pictures/Statue_of_Liberty_AB.jpg
Statue_of_Liberty,260909,0,commons/Front_left_views_of_the_Statue_of_Liberty/0/pictures/Lady_Liberty_-_die_Türsteherin_von_New_York_-_panoramio.jpg
Statue_of_Liberty,260909,0,commons/Front_left_views_of_the_Statue_of_Liberty/0/pictures/Lady_Liberty_(8026582082)_(2).jpg
Statue_of_Liberty,260909,0,commons/Front_left_views_of_the_Statue_of_Liberty/0/pictures/Statue_of_Liberty_National.JPG
Statue_of_Liberty,260909,0,commons/Upshots_of_the_Statue_of_Liberty/0/pictures/Sunless_Summer_Sunday_Spectating_Spectacular_Sites.jpg
Statue_of_Liberty,260909,0,commons/Statue_of_Liberty_in_2006/0/pictures/US_New_York_0603_190_(17063475009).jpg
Statue_of_Liberty,260909,0,commons/Front_right_views_of_the_Statue_of_Liberty/0/pictures/The_Statue_of_Liberty_--_Liberty_Island_(NY)_April_2016_(26952943150).jpg
Statue_of_Liberty,260909,0,commons/Upshots_of_the_Statue_of_Liberty/0/pictures/NP-liberty2.jpg
Statue_of_Liberty,260909,0,commons/Front_left_views_of_the_Statue_of_Liberty/0/pictures/Liberty_By_VEG.jpg
Statue_of_Liberty,260909,0,commons/Upshots_of_the_Statue_of_Liberty/0/pictures/Statueoflibertywithbluesky.jpg
Statue_of_Liberty,260909,0,commons/Statue_of_Liberty_in_2007/0/pictures/Liberty_-_panoramio.jpg
Statue_of_Liberty,260909,0,commons/WLMUS_2017_images_of_the_Statue_of_Liberty/0/pictures/Statue_of_Liberty_GS.jpg
Statue_of_Liberty,260909,0,commons/Front_right_views_of_the_Statue_of_Liberty/0/pictures/The_Statue_of_Liberty_2016_07.jpg
Statue_of_Liberty,260909,0,commons/Upshots_of_the_Statue_of_Liberty/0/pictures/Liberty_Enlightening_the_World_(30248512896).jpg
Statue_of_Liberty,260909,0,commons/Front_left_views_of_the_Statue_of_Liberty/0/pictures/Liberty_Statue_(16841011).jpeg
Statue_of_Liberty,260909,0,commons/Statue_of_Liberty_in_the_2000s/0/pictures/Statue_liberty.jpg
Statue_of_Liberty,260909,0,commons/Silhouette_of_the_Statue_of_Liberty/0/pictures/Manhattan_New_York_City_2009_PD_20091129_157.JPG
Statue_of_Liberty,260909,0,commons/Upshots_of_the_Statue_of_Liberty/0/pictures/The_Statue_of_Liberty_(11654041155).jpg
Statue_of_Liberty,260909,0,commons/Front_right_views_of_the_Statue_of_Liberty/0/pictures/New_York_Statue.jpg
Statue_of_Liberty,260909,0,commons/Statue_of_Liberty_in_2003/0/pictures/PORT_SECURITY_DVIDS1074903.jpg
Statue_of_Liberty,260909,0,commons/Front_left_views_of_the_Statue_of_Liberty/0/pictures/Liberty-statue-from-front2_crop.jpg
Statue_of_Liberty,260909,0,commons/Front_left_views_of_the_Statue_of_Liberty/0/pictures/Statue_of_Liberty_by_Corey_Hines.jpg
Statue_of_Liberty,260909,0,commons/Upshots_of_the_Statue_of_Liberty/0/pictures/The_Statue_of_Liberty_from_afar.jpg
Statue_of_Liberty,260909,0,commons/WLMUS_2018_images_of_the_Statue_of_Liberty/0/pictures/Lady_Liberty_and_lady_bird.jpg
Statue_of_Liberty,260909,0,commons/Front_views_of_the_Statue_of_Liberty/0/pictures/Castellers_de_Vilafranca_a_l'Estatua_de_la_LLibertat.jpg
Statue_of_Liberty,260909,0,commons/Upshots_of_the_Statue_of_Liberty/0/pictures/Statue_of_Liberty_-_header.jpg
Statue_of_Liberty,260909,0,commons/Front_left_views_of_the_Statue_of_Liberty/0/pictures/Euskal_Diaspora._New_York.jpg
Statue_of_Liberty,260909,0,commons/Front_left_views_of_the_Statue_of_Liberty/0/pictures/Statue_of_liberty.jpg
Statue_of_Liberty,260909,0,commons/Upshots_of_the_Statue_of_Liberty/0/pictures/Statue_of_Liberty_IMG_1996.jpg
Statue_of_Liberty,260909,0,commons/WLMUS_2018_images_of_the_Statue_of_Liberty/0/pictures/Statue_of_liberty_and_nyc_skyline.jpg
Statue_of_Liberty,260909,0,commons/Front_views_of_the_Statue_of_Liberty/0/pictures/116_NYC_(Liberty_Island).jpg
Statue_of_Liberty,260909,0,commons/Front_left_views_of_the_Statue_of_Liberty/0/pictures/Manhattan_-_New_York_City_(4855487304).jpg
Statue_of_Liberty,260909,0,commons/Front_right_views_of_the_Statue_of_Liberty/0/pictures/Statue_of_Liberty_6a.jpg
Statue_of_Liberty,260909,0,commons/WLMUS_2018_images_of_the_Statue_of_Liberty/0/pictures/Freedom_At_A_Glance.jpg
Statue_of_Liberty,260909,0,commons/Front_views_of_the_Statue_of_Liberty/0/pictures/Statue_of_Liberty_--_Liberty_Island_(NY)_April_2016_(26621104432).jpg
Statue_of_Liberty,260909,0,commons/WLMUS_2012_images_of_the_Statue_of_Liberty/0/pictures/Lady_Liberty_silhouette.jpg
Statue_of_Liberty,260909,0,commons/Front_left_views_of_the_Statue_of_Liberty/0/pictures/Zeitgeist-Erlebnisreisen-Gruppenreisen-nach-NewYork-USA-Freheitsstatue-Statue-of-Liberty.jpg
Statue_of_Liberty,260909,0,commons/Front_right_views_of_the_Statue_of_Liberty/0/pictures/Statue_of_Liberty_(6279263165).jpg
Statue_of_Liberty,260909,0,commons/WLMUS_2017_images_of_the_Statue_of_Liberty/0/pictures/Statue_of_Liberty_Picture.jpg
Statue_of_Liberty,260909,0,commons/Front_views_of_the_Statue_of_Liberty/0/pictures/Statue_of_Liberty_(New_York)_(45192659862).jpg
Statue_of_Liberty,260909,0,commons/Remote_views_of_the_Statue_of_Liberty/0/pictures/Sunset_In_New_York.jpg
Statue_of_Liberty,260909,0,commons/Front_left_views_of_the_Statue_of_Liberty/0/pictures/Statue_of_Liberty_blue_sky.JPG
Statue_of_Liberty,260909,0,commons/WLMUS_2012_images_of_the_Statue_of_Liberty/0/pictures/Ellis_Island_and_Liberty_04.jpg
Statue_of_Liberty,260909,0,commons/Remote_views_of_the_Statue_of_Liberty/0/pictures/Freiheitsstatue_NY_Mai_2009_PD_010.JPG
Statue_of_Liberty,260909,0,commons/Upshots_of_the_Statue_of_Liberty/0/pictures/Statue_of_Liberty_(22941884789).jpg
Statue_of_Liberty,260909,0,commons/Front_left_views_of_the_Statue_of_Liberty/0/pictures/New_york_-_panoramio.jpg
Statue_of_Liberty,260909,0,commons/Upshots_of_the_Statue_of_Liberty/0/pictures/Manhattan_-_New_York_City_(4854866785).jpg
Statue_of_Liberty,260909,0,commons/Front_left_views_of_the_Statue_of_Liberty/0/pictures/Manhattan_-_New_York_City_(4854866785).jpg
Statue_of_Liberty,260909,0,commons/Upshots_of_the_Statue_of_Liberty/0/pictures/Statue_of_Liberty_(22942115439).jpg
Statue_of_Liberty,260909,0,commons/Front_left_views_of_the_Statue_of_Liberty/0/pictures/NewYork_LibertyStatue.jpg
Statue_of_Liberty,260909,0,"commons/Silhouette_of_the_Statue_of_Liberty/0/pictures/Jersey_City,_NJ,_USA_-_panoramio_(4).jpg"
Statue_of_Liberty,260909,0,commons/Upshots_of_the_Statue_of_Liberty/0/pictures/Me-silviya2.JPG
Statue_of_Liberty,260909,0,commons/Front_left_views_of_the_Statue_of_Liberty/0/pictures/Freiheitsstatue_NY_Mai_2009_PD_008.JPG
Statue_of_Liberty,260909,0,commons/Front_left_views_of_the_Statue_of_Liberty/0/pictures/Manhattan_New_York_City_2009_PD_20091129_157.JPG
Statue_of_Liberty,260909,0,commons/Silhouette_of_the_Statue_of_Liberty/0/pictures/Statue_of_Liberty_(Unsplash_UGi_Ng56FRI).jpg
Statue_of_Liberty,260909,0,commons/Front_right_views_of_the_Statue_of_Liberty/0/pictures/Statue_of_Liberty_(5).JPG
Statue_of_Liberty,260909,0,commons/Statue_of_Liberty_in_2006/0/pictures/US_New_York_0603_128_(17247939872).jpg
Statue_of_Liberty,260909,0,commons/WLMUS_2017_images_of_the_Statue_of_Liberty/0/pictures/5DM44136.jpg
Statue_of_Liberty,260909,0,commons/Front_right_views_of_the_Statue_of_Liberty/0/pictures/Liberty_Enlightning_the_World.jpg
Statue_of_Liberty,260909,0,commons/Statue_of_Liberty_in_2004/0/pictures/Statue_of_Liberty1.jpg
Statue_of_Liberty,260909,0,commons/Front_right_views_of_the_Statue_of_Liberty/0/pictures/Statue_of_Liberty_-_panoramio.jpg
Statue_of_Liberty,260909,0,commons/WLMUS_2016_images_of_the_Statue_of_Liberty/0/pictures/The_Statue_of_Liberty_-_New_York1.jpg
Statue_of_Liberty,260909,0,commons/Front_right_views_of_the_Statue_of_Liberty/0/pictures/Ship1382_-_Flickr_-_NOAA_Photo_Library.jpg
Statue_of_Liberty,260909,0,commons/Front_left_views_of_the_Statue_of_Liberty/0/pictures/The_Statue_of_Liberty_2016.jpg
Statue_of_Liberty,260909,0,"commons/Statue_of_Liberty_from_Staten_Island_Ferry/0/pictures/Statue_of_Liberty_-_Staten_Island_Ferry,_New_York,_NY,_USA_-_August_19,_2015_05.jpg"
Statue_of_Liberty,260909,0,commons/Statue_of_Liberty_in_2005/0/pictures/Statue_of_Liberty_4.jpg
Statue_of_Liberty,260909,0,"commons/Front_right_views_of_the_Statue_of_Liberty/0/pictures/Liberty_Island,_New_York,_NJ,_USA_-_panoramio_(3).jpg"
Statue_of_Liberty,260909,0,commons/Front_left_views_of_the_Statue_of_Liberty/0/pictures/The_Statue_of_Liberty_2016_08.jpg
Statue_of_Liberty,260909,0,"commons/Upshots_of_the_Statue_of_Liberty/0/pictures/US_Navy_090327-N-8467N-001_Lt._Scott_Woods,_left,_administers_the_oath_of_enlistment_to_Machinist's_Mate_1st_Class_Adam_Bunker-Worley.jpg"
Statue_of_Liberty,260909,0,"commons/Statue_of_Liberty_at_night/0/pictures/New_York_City_(New_York,_USA),_Statue_of_Liberty_--_2012_--_6818.jpg"
Statue_of_Liberty,260909,0,commons/Statue_of_Liberty_in_2003/0/pictures/US_Navy_030902-C-3948H-507_A_U.S._Coast_Guard_boat_patrols_the_in_New_York_Harbor_by_the_Statue_of_Liberty_as_part_of_their_Homeland_Security_mission.jpg
Statue_of_Liberty,260909,0,commons/Front_right_views_of_the_Statue_of_Liberty/0/pictures/Statue_of_Liberty_(28054469136).jpg
Statue_of_Liberty,260909,0,commons/Front_right_views_of_the_Statue_of_Liberty/0/pictures/Statue_of_Liberty_-_05.jpg
Statue_of_Liberty,260909,0,commons/Front_right_views_of_the_Statue_of_Liberty/0/pictures/STOLIB.jpg
Statue_of_Liberty,260909,0,commons/WLMUS_2017_images_of_the_Statue_of_Liberty/0/pictures/Adk10.jpg
Statue_of_Liberty,260909,0,commons/Front_right_views_of_the_Statue_of_Liberty/0/pictures/Statue_Of_Liberty_(54616434).jpeg
Statue_of_Liberty,260909,0,commons/Front_right_views_of_the_Statue_of_Liberty/0/pictures/RAMJEEVAN.jpg
Statue_of_Liberty,260909,0,commons/WLMUS_2017_images_of_the_Statue_of_Liberty/0/pictures/Lady_Liberty_from_Staten_Island_Ferry.jpg
Statue_of_Liberty,260909,0,commons/Front_right_views_of_the_Statue_of_Liberty/0/pictures/Statue_of_Liberty_Liberty_Island.jpg
Statue_of_Liberty,260909,0,"commons/Front_right_views_of_the_Statue_of_Liberty/0/pictures/New_York,_2019_(48621792047).jpg"
Statue_of_Liberty,260909,0,commons/WLMUS_2017_images_of_the_Statue_of_Liberty/0/pictures/Adk6.jpg
Statue_of_Liberty,260909,0,commons/Front_right_views_of_the_Statue_of_Liberty/0/pictures/Statue_of_Liberty_United_States_of_America_-_USA_(9898204863).jpg
Statue_of_Liberty,260909,0,"commons/WLMUS_2016_images_of_the_Statue_of_Liberty/0/pictures/Statue_of_Liberty,_Pedestal,_and_Fort.jpg"
Statue_of_Liberty,260909,0,"commons/Front_right_views_of_the_Statue_of_Liberty/0/pictures/Statue_of_Liberty_6,_New_York_City.jpg"
Statue_of_Liberty,260909,0,commons/Statue_of_Liberty_in_2005/0/pictures/StatueofLiberty_flip666.jpg
Statue_of_Liberty,260909,0,"commons/Front_right_views_of_the_Statue_of_Liberty/0/pictures/New_York,_2019_(48621289623).jpg"
Statue_of_Liberty,260909,0,commons/WLMUS_2017_images_of_the_Statue_of_Liberty/0/pictures/Statute_of_Liberty_and_New_York.jpg
Statue_of_Liberty,260909,0,commons/Front_right_views_of_the_Statue_of_Liberty/0/pictures/Statue_of_Liberty_American_Twilight.jpg
Statue_of_Liberty,260909,0,"commons/Statue_of_Liberty_from_Staten_Island_Ferry/0/pictures/Statue_of_Liberty_-_Staten_Island_Ferry,_New_York,_NY,_USA_-_August_19,_2015_04.jpg"
Statue_of_Liberty,260909,0,commons/WLMUS_2012_images_of_the_Statue_of_Liberty/0/pictures/French_Gift..jpg
Statue_of_Liberty,260909,0,commons/Statue_of_Liberty_in_2002/0/pictures/Sl-shadow.jpg
Statue_of_Liberty,260909,0,commons/WLMUS_2018_images_of_the_Statue_of_Liberty/0/pictures/Amazing_View_of_Statue_of_Liberty_and_One_world_Trade.jpg
Statue_of_Liberty,260909,0,commons/Front_right_views_of_the_Statue_of_Liberty/0/pictures/The_Statue_of_Liberty_2016_03.JPG
Statue_of_Liberty,260909,0,commons/WLMUS_2017_images_of_the_Statue_of_Liberty/0/pictures/Liberty02.jpg
Statue_of_Liberty,260909,0,"commons/Front_right_views_of_the_Statue_of_Liberty/0/pictures/Statue_of_Liberty,_Liberty_Island,_New_York.jpg"
Statue_of_Liberty,260909,0,commons/Front_right_views_of_the_Statue_of_Liberty/0/pictures/US_Navy_090521-N-4856C-320_A_Sailor_assigned_to_Helicopter_Mine_Countermeasures_Squadron_(HM)_14_tours_Liberty_Island_during_Fleet_Week_New_York_City_2009.jpg
Statue_of_Liberty,260909,0,commons/Front_right_views_of_the_Statue_of_Liberty/0/pictures/Liberty-statue-from-front.jpg
Statue_of_Liberty,260909,0,commons/Statue_of_Liberty_in_2001/0/pictures/Statue_of_Liberty_2001.jpg
Statue_of_Liberty,260909,0,commons/WLMUS_2018_images_of_the_Statue_of_Liberty/0/pictures/Madam_Liberty.jpg
Statue_of_Liberty,260909,0,commons/Front_right_views_of_the_Statue_of_Liberty/0/pictures/Statue_of_Liberty_National_Monument_STLI4930.jpg
Statue_of_Liberty,260909,0,"commons/Statue_of_Liberty_from_Staten_Island_Ferry/0/pictures/Statue_of_Liberty_-_Staten_Island_Ferry,_New_York,_NY,_USA_-_August_19,_2015_06.jpg"
Statue_of_Liberty,260909,0,commons/Front_right_views_of_the_Statue_of_Liberty/0/pictures/The_Statue_of_Liberty_National_Monument_4.jpg
Statue_of_Liberty,260909,0,commons/WLMUS_2018_images_of_the_Statue_of_Liberty/0/pictures/Statue_of_Liberty_NY.jpg
Statue_of_Liberty,260909,0,commons/Front_right_views_of_the_Statue_of_Liberty/0/pictures/US_-_Liberty_Island_-_06.JPG
Statue_of_Liberty,260909,0,commons/WLMUS_2013_images_of_the_Statue_of_Liberty/0/pictures/Statue_of_Liberty_from_front.jpg
Statue_of_Liberty,260909,0,commons/Statue_of_Liberty_from_Staten_Island_Ferry/0/pictures/美國紐約9.jpg
Statue_of_Liberty,260909,0,commons/WLMUS_2018_images_of_the_Statue_of_Liberty/0/pictures/Statue_Of_Liberty_Close_Up_1.jpg
Statue_of_Liberty,260909,0,"commons/Front_views_of_the_Statue_of_Liberty/0/pictures/1_New_York,_Statue_of_Liberty.jpg"
Statue_of_Liberty,260909,0,commons/WLMUS_2018_images_of_the_Statue_of_Liberty/0/pictures/Statuephoto135790.jpg
Statue_of_Liberty,260909,0,commons/Front_views_of_the_Statue_of_Liberty/0/pictures/161110-N-QJ850-298_(31017244951).jpg
Statue_of_Liberty,260909,0,commons/Front_left_views_of_the_Statue_of_Liberty/0/pictures/USA-NYC-Statue_of_Liberty.jpg
Statue_of_Liberty,260909,0,"commons/WLMUS_2016_images_of_the_Statue_of_Liberty/0/pictures/Statue_of_Liberty_7,_New_York_City.jpg"
Statue_of_Liberty,260909,0,commons/Statue_of_Liberty_in_2003/0/pictures/NP-liberty2.jpg
Statue_of_Liberty,260909,0,commons/WLMUS_2018_images_of_the_Statue_of_Liberty/0/pictures/Statue_of_Liberty_American_Twilight.jpg
Statue_of_Liberty,260909,0,commons/Front_right_views_of_the_Statue_of_Liberty/0/pictures/مجسمه_ازادى.jpg
Statue_of_Liberty,260909,0,commons/Statue_of_Liberty_in_2001/0/pictures/US_Navy_010917-N-7479T-512_World_Trade_Center_collapse.jpg
Statue_of_Liberty,260909,0,commons/WLMUS_2018_images_of_the_Statue_of_Liberty/0/pictures/Statue_of_Liberty_with_Sailboat.jpg
Statue_of_Liberty,260909,0,commons/Front_views_of_the_Statue_of_Liberty/0/pictures/080524-N-4205W-001_(25728066976).jpg
Statue_of_Liberty,260909,0,commons/Front_views_of_the_Statue_of_Liberty/0/pictures/0326New_York_City_Statue_of_Liberty.JPG
Statue_of_Liberty,260909,0,commons/WLMUS_2018_images_of_the_Statue_of_Liberty/0/pictures/Statue_of_Liberty_by_Corey_Hines.jpg
Statue_of_Liberty,260909,0,commons/Front_views_of_the_Statue_of_Liberty/0/pictures/Coast_Guard_patrol_boat_passing_the_Statue_of_Liberty_2.jpg
Statue_of_Liberty,260909,0,commons/Front_right_views_of_the_Statue_of_Liberty/0/pictures/Freiheitsstatue_NY_Mai_2009_PD_005.JPG
Statue_of_Liberty,260909,0,commons/WLMUS_2016_images_of_the_Statue_of_Liberty/0/pictures/Libertyglory03.jpg
Statue_of_Liberty,260909,0,commons/Statue_of_Liberty_in_2004/0/pictures/Statue_of_Liberty_National_Monument_STLI2260.jpg
Statue_of_Liberty,260909,0,commons/Statue_of_Liberty_in_2007/0/pictures/Statue_Of_Liberty_(974532084).jpg
Statue_of_Liberty,260909,0,commons/Front_views_of_the_Statue_of_Liberty/0/pictures/26th_MEU_Hurricane_Sandy_Response_121103-M-SO289-014.jpg
Statue_of_Liberty,260909,0,commons/Front_right_views_of_the_Statue_of_Liberty/0/pictures/Lady_Liberty_yellow_sky.jpg
Statue_of_Liberty,260909,0,commons/WLMUS_2016_images_of_the_Statue_of_Liberty/0/pictures/Lady_Liberty_in_the_Harbor_-_The_Guardian_of_Human_Freedom.jpg
Statue_of_Liberty,260909,0,commons/Statue_of_Liberty_in_2004/0/pictures/Liberty-1536x2304.jpg
Statue_of_Liberty,260909,0,"commons/WLMUS_2018_images_of_the_Statue_of_Liberty/0/pictures/Statue_of_Liberty,_overcast_spring_day_April_2016.jpg"
Statue_of_Liberty,260909,0,commons/Front_views_of_the_Statue_of_Liberty/0/pictures/7.6.09StatueOfLibertyByLuigiNovi2.jpg
Statue_of_Liberty,260909,0,commons/WLMUS_2018_images_of_the_Statue_of_Liberty/0/pictures/Statue_of_Liberty_01.jpg
Statue_of_Liberty,260909,0,commons/Front_views_of_the_Statue_of_Liberty/0/pictures/Coast_Guard_patrol_boat_passing_the_Statue_of_Liberty_1.jpg
Statue_of_Liberty,260909,0,commons/WLMUS_2018_images_of_the_Statue_of_Liberty/0/pictures/Liberty_&_Freedom.jpg
Statue_of_Liberty,260909,0,"commons/Front_views_of_the_Statue_of_Liberty/0/pictures/Estatua_de_la_libertad,_Nueva_York.jpg"
Statue_of_Liberty,260909,0,commons/Front_right_views_of_the_Statue_of_Liberty/0/pictures/New_York_City34.jpg
Statue_of_Liberty,260909,0,commons/Statue_of_Liberty_in_2004/0/pictures/Statue_of_Liberty_National_Monument_STLI_02-02.jpg
Statue_of_Liberty,260909,0,commons/WLMUS_2018_images_of_the_Statue_of_Liberty/0/pictures/Statue_of_Liberty_Aglow.jpg
Statue_of_Liberty,260909,0,commons/Front_views_of_the_Statue_of_Liberty/0/pictures/8-7-16-Statue-of-Liberty-XT2-6100-copy-small.jpg
Statue_of_Liberty,260909,0,commons/Front_right_views_of_the_Statue_of_Liberty/0/pictures/Liberty-1536x2304.jpg
Statue_of_Liberty,260909,0,commons/Statue_of_Liberty_in_2004/0/pictures/Statue_of_Liberty_National_Monument_STLI_02-04.jpg
Statue_of_Liberty,260909,0,commons/Statue_of_Liberty_in_2006/0/pictures/美國紐約16.jpg
Statue_of_Liberty,260909,0,"commons/WLMUS_2018_images_of_the_Statue_of_Liberty/0/pictures/Statue_of_Liberty,_close_up.jpg"
Statue_of_Liberty,260909,0,commons/Front_views_of_the_Statue_of_Liberty/0/pictures/Antiliberal.png
Statue_of_Liberty,260909,0,commons/Statue_of_Liberty_in_2006/0/pictures/美國紐約9.jpg
Statue_of_Liberty,260909,0,commons/WLMUS_2018_images_of_the_Statue_of_Liberty/0/pictures/Lady_Liberty_in_New_York_Harbor.jpg
Statue_of_Liberty,260909,0,commons/Front_views_of_the_Statue_of_Liberty/0/pictures/Blue_liberty.JPG
Statue_of_Liberty,260909,0,commons/Statue_of_Liberty_in_2006/0/pictures/美國紐約20.jpg
Statue_of_Liberty,260909,0,commons/WLMUS_2018_images_of_the_Statue_of_Liberty/0/pictures/Statue_of_Liberty-_Lady_Liberty_8AB787B9-7E3E-478A-B747-1C047CB65A0C.jpg
Statue_of_Liberty,260909,0,commons/Front_views_of_the_Statue_of_Liberty/0/pictures/DSC_0114-10.jpg
Statue_of_Liberty,260909,0,commons/Front_right_views_of_the_Statue_of_Liberty/0/pictures/The_statue_of_liberty.jpg
Statue_of_Liberty,260909,0,commons/Statue_of_Liberty_in_2007/0/pictures/Liberty_Island2.JPG
Statue_of_Liberty,260909,0,commons/WLMUS_2018_images_of_the_Statue_of_Liberty/0/pictures/The_Statue_of_Liberty_National_Monument_3.jpg
Statue_of_Liberty,260909,0,commons/Front_views_of_the_Statue_of_Liberty/0/pictures/Adk9.jpg
Statue_of_Liberty,260909,0,commons/Front_right_views_of_the_Statue_of_Liberty/0/pictures/LadyLiberty03.jpg
Statue_of_Liberty,260909,0,commons/Statue_of_Liberty_in_2006/0/pictures/Statue_of_Liberty_(216759898).jpg
Statue_of_Liberty,260909,0,commons/Statue_of_Liberty_in_2007/0/pictures/0332New_York_City_Statue_of_Liberty.JPG
Statue_of_Liberty,260909,0,commons/WLMUS_2018_images_of_the_Statue_of_Liberty/0/pictures/The_Statue_of_Liberty_National_Monument_4.jpg
Statue_of_Liberty,260909,0,commons/Front_right_views_of_the_Statue_of_Liberty/0/pictures/US_Navy_030902-C-3948H-507_A_U.S._Coast_Guard_boat_patrols_the_in_New_York_Harbor_by_the_Statue_of_Liberty_as_part_of_their_Homeland_Security_mission.jpg
Statue_of_Liberty,260909,0,commons/WLMUS_2020_images_of_the_Statue_of_Liberty/0/pictures/Liberty’s_Light.png
Statue_of_Liberty,260909,0,commons/Front_right_views_of_the_Statue_of_Liberty/0/pictures/Up_close_lady_liberty.jpg
Statue_of_Liberty,260909,0,"commons/WLMUS_2016_images_of_the_Statue_of_Liberty/0/pictures/Statue_of_Liberty_2,_New_York_City.jpg"
Statue_of_Liberty,260909,0,commons/Statue_of_Liberty_in_2004/0/pictures/Statue_of_Liberty_NYC_3_-_panoramio.jpg
Statue_of_Liberty,260909,0,commons/Statue_of_Liberty_in_2007/0/pictures/Statue_of_Liberty_(1877091710).jpg
Statue_of_Liberty,260909,0,commons/WLMUS_2018_images_of_the_Statue_of_Liberty/0/pictures/Shine_of_Statue_of_Liberty.jpg
Statue_of_Liberty,260909,0,commons/Front_views_of_the_Statue_of_Liberty/0/pictures/Adk1.jpg
Statue_of_Liberty,260909,0,commons/WLMUS_2016_images_of_the_Statue_of_Liberty/0/pictures/Statue_of_Liberty_by_Amp25.93.jpg
Statue_of_Liberty,260909,0,commons/Front_right_views_of_the_Statue_of_Liberty/0/pictures/Lady_Liberty_Front_View.jpg
Statue_of_Liberty,260909,0,commons/Statue_of_Liberty_in_2004/0/pictures/Statue_of_Liberty3.jpg
Statue_of_Liberty,260909,0,commons/Front_views_of_the_Statue_of_Liberty/0/pictures/Lady_Liberty_in_NY.jpg
Statue_of_Liberty,260909,0,commons/Front_views_of_the_Statue_of_Liberty/0/pictures/Lady_Liberty_2015.jpg
Statue_of_Liberty,260909,0,"commons/Front_right_views_of_the_Statue_of_Liberty/0/pictures/Assignment-_48-DPA-SOI_K_NY_2006_S)_Visit_of_Secretary-designate_Dirk_Kempthorne_(and_aides)_to_New_York_City,_New_York,_(for_touring,_discussions_with_National_Park_Service_staff_a_-_DPLA_-_a160da90e13adb92e604fc70d569ac6f.JPG"
Statue_of_Liberty,260909,0,commons/Statue_of_Liberty_in_2004/0/pictures/USMC-20484.jpg
Statue_of_Liberty,260909,0,commons/WLMUS_2018_images_of_the_Statue_of_Liberty/0/pictures/مجسمه_ازادى.jpg
Statue_of_Liberty,260909,0,commons/Front_views_of_the_Statue_of_Liberty/0/pictures/Estatue_of_Liberty.jpg
Statue_of_Liberty,260909,0,commons/WLMUS_2016_images_of_the_Statue_of_Liberty/0/pictures/Sunless_Summer_Sunday_Spectating_Spectacular_Sites.jpg
Statue_of_Liberty,260909,0,commons/Front_right_views_of_the_Statue_of_Liberty/0/pictures/Statue_of_Liberty_003.jpg
Statue_of_Liberty,260909,0,commons/Statue_of_Liberty_in_2005/0/pictures/Statue_of_Liberty_From_Boat.JPG
Statue_of_Liberty,260909,0,commons/WLMUS_2019_images_of_the_Statue_of_Liberty/0/pictures/Close_up_of_the_Statue_of_Liberty.jpg
Statue_of_Liberty,260909,0,"commons/Front_views_of_the_Statue_of_Liberty/0/pictures/Estatua_de_la_Libertad_(Nueva_York,_Estados_Unidos)_001.JPG"
Statue_of_Liberty,260909,0,commons/WLMUS_2018_images_of_the_Statue_of_Liberty/0/pictures/Statue_of_Liberty_at_Sunset.jpg
Statue_of_Liberty,260909,0,commons/Front_views_of_the_Statue_of_Liberty/0/pictures/Estatua_de_la_Libertad_(de_frente)_-_panoramio.jpg
Statue_of_Liberty,260909,0,commons/WLMUS_2018_images_of_the_Statue_of_Liberty/0/pictures/Statue_of_Liberty_2018.jpg
Statue_of_Liberty,260909,0,commons/Front_right_views_of_the_Statue_of_Liberty/0/pictures/USMC-091102-M-5645B-054.jpg
Statue_of_Liberty,260909,0,commons/WLMUS_2019_images_of_the_Statue_of_Liberty/0/pictures/Statue_of_Liberty_Liberty_Island.jpg
Statue_of_Liberty,260909,0,"commons/Front_views_of_the_Statue_of_Liberty/0/pictures/Jersey_City,_NJ,_USA_-_panoramio_(7).jpg"
Statue_of_Liberty,260909,0,commons/Statue_of_Liberty_in_2007/0/pictures/Statue_of_Liberty_(425366624).jpg
Statue_of_Liberty,260909,0,commons/Front_views_of_the_Statue_of_Liberty/0/pictures/Estatua_de_la_libertad.JPG
Statue_of_Liberty,260909,0,commons/WLMUS_2017_images_of_the_Statue_of_Liberty/0/pictures/Adk5.jpg
Statue_of_Liberty,260909,0,commons/Statue_of_Liberty_in_2006/0/pictures/Nyfräiheetstatu.jpg
Statue_of_Liberty,260909,0,commons/Front_views_of_the_Statue_of_Liberty/0/pictures/Il_bel_simbolo_della_libertà_-_panoramio.jpg
Statue_of_Liberty,260909,0,commons/Statue_of_Liberty_in_2007/0/pictures/Statue_de_la_liberte_vue_navette.jpg
Statue_of_Liberty,260909,0,"commons/Front_views_of_the_Statue_of_Liberty/0/pictures/1_Liberty_Island_-_Ellis_Island,_New_York,_NY_10004,_USA_-_panoramio_(1).jpg"
Statue_of_Liberty,260909,0,commons/WLMUS_2017_images_of_the_Statue_of_Liberty/0/pictures/Adk9.jpg
Statue_of_Liberty,260909,0,commons/Front_right_views_of_the_Statue_of_Liberty/0/pictures/Statue_of_Liberty_April_2008.JPG
Statue_of_Liberty,260909,0,commons/Statue_of_Liberty_in_2006/0/pictures/New_York_(1425074070).jpg
Statue_of_Liberty,260909,0,commons/Front_views_of_the_Statue_of_Liberty/0/pictures/Liberty_-_panoramio.jpg
Statue_of_Liberty,260909,0,"commons/Front_views_of_the_Statue_of_Liberty/0/pictures/Jersey_City,_NJ,_USA_-_panoramio_(10).jpg"
Statue_of_Liberty,260909,0,commons/Front_views_of_the_Statue_of_Liberty/0/pictures/07.13_「自由民主永續之旅」總統遊覽哈得遜河_(48278092612).jpg
Statue_of_Liberty,260909,0,commons/WLMUS_2018_images_of_the_Statue_of_Liberty/0/pictures/Statue_of_Liberty_200012.jpg
Statue_of_Liberty,260909,0,commons/Front_views_of_the_Statue_of_Liberty/0/pictures/Estatua_de_la_libertad_de_cerca_-_panoramio.jpg
Statue_of_Liberty,260909,0,commons/Statue_of_Liberty_in_2008/0/pictures/2008-08-25_Statue_of_Liberty.jpg
Statue_of_Liberty,260909,0,commons/Front_views_of_the_Statue_of_Liberty/0/pictures/Estatua_de_la_Libertad_Nueva_York6721.JPG
Statue_of_Liberty,260909,0,commons/Statue_of_Liberty_in_2007/0/pictures/Statue_of_Liberty_from_ferry.JPG
Statue_of_Liberty,260909,0,commons/WLMUS_2019_images_of_the_Statue_of_Liberty/0/pictures/Lady_Liberty_under_a_blue_sky.jpg
Statue_of_Liberty,260909,0,commons/Front_views_of_the_Statue_of_Liberty/0/pictures/Fire_boat_new_york_harbor_fdny_statue_of_liberty.jpg
Statue_of_Liberty,260909,0,commons/Statue_of_Liberty_in_2008/0/pictures/Liberty_-_panoramio_-_Art_Anderson.jpg
Statue_of_Liberty,260909,0,commons/WLMUS_2019_images_of_the_Statue_of_Liberty/0/pictures/LadyLiberty03.jpg
Statue_of_Liberty,260909,0,commons/Front_views_of_the_Statue_of_Liberty/0/pictures/Liberty_Island_(7231533478).jpg
Statue_of_Liberty,260909,0,commons/Front_views_of_the_Statue_of_Liberty/0/pictures/Me_&_Lady_Liberty_(973669035).jpg
Statue_of_Liberty,260909,0,"commons/Statue_of_Liberty_in_2007/0/pictures/Statue_of_Liberty,_NY.jpg"
Statue_of_Liberty,260909,0,commons/WLMUS_2020_images_of_the_Statue_of_Liberty/0/pictures/STATUE_OF_LIBERTY.jpg
Statue_of_Liberty,260909,0,commons/Front_views_of_the_Statue_of_Liberty/0/pictures/Liberty_-_Flickr_-_Mobilus_In_Mobili.jpg
Statue_of_Liberty,260909,0,commons/Statue_of_Liberty_in_2008/0/pictures/161110-N-QJ850-298_(31017244951).jpg
Statue_of_Liberty,260909,0,commons/WLMUS_2019_images_of_the_Statue_of_Liberty/0/pictures/Statue_of_Liberty_SEP2019.jpg
Statue_of_Liberty,260909,0,commons/Front_views_of_the_Statue_of_Liberty/0/pictures/Lady_Liberty_ablaze_in_all_her_glory.jpg
Statue_of_Liberty,260909,0,commons/Front_views_of_the_Statue_of_Liberty/0/pictures/Flickr_-_DVIDSHUB_-_Fleet_Week_New_York_2012_(Image_7_of_17).jpg
Statue_of_Liberty,260909,0,commons/Front_right_views_of_the_Statue_of_Liberty/0/pictures/S_of_L.JPG
Statue_of_Liberty,260909,0,commons/Statue_of_Liberty_in_2006/0/pictures/US_New_York_0603_129_(17063481189).jpg
Statue_of_Liberty,260909,0,commons/WLMUS_2019_images_of_the_Statue_of_Liberty/0/pictures/Lady_Liberty_under_a_blue_sky_(cropped)_(cropped).jpg
Statue_of_Liberty,260909,0,commons/Front_views_of_the_Statue_of_Liberty/0/pictures/Lady_Liberty_in_the_Harbor_-_The_Guardian_of_Human_Freedom.jpg
Statue_of_Liberty,260909,0,commons/Front_right_views_of_the_Statue_of_Liberty/0/pictures/Statue_of_Liberty_2019.jpg
Statue_of_Liberty,260909,0,commons/Statue_of_Liberty_in_2006/0/pictures/S-o-L-close.jpg
Statue_of_Liberty,260909,0,commons/Front_views_of_the_Statue_of_Liberty/0/pictures/LadyLiberty01.jpg
Statue_of_Liberty,260909,0,commons/WLMUS_2020_images_of_the_Statue_of_Liberty/0/pictures/A_close-up_of_Lady_Liberty.jpg
Statue_of_Liberty,260909,0,commons/Front_views_of_the_Statue_of_Liberty/0/pictures/Manhattan_New_York_City_2009_PD_20091129_159.JPG
Statue_of_Liberty,260909,0,commons/Statue_of_Liberty_in_2006/0/pictures/Statue_of_Liberty_2.JPG
Statue_of_Liberty,260909,0,commons/Statue_of_Liberty_in_2008/0/pictures/Liberty_Island_2008_PD_04.JPG
Statue_of_Liberty,260909,0,commons/WLMUS_2020_images_of_the_Statue_of_Liberty/0/pictures/Statue_of_Liberty_under_a_blue_sky.jpg
Statue_of_Liberty,260909,0,commons/Front_views_of_the_Statue_of_Liberty/0/pictures/Manhattan_-_New_York_City_(4855478528).jpg
Statue_of_Liberty,260909,0,commons/WLMUS_2021_images_of_the_Statue_of_Liberty/0/pictures/Statue_of_liberty_from_on_the_island.jpg
Statue_of_Liberty,260909,0,commons/Front_views_of_the_Statue_of_Liberty/0/pictures/Manhattan_-_New_York_City_(4855479148).jpg
Statue_of_Liberty,260909,0,commons/WLMUS_2017_images_of_the_Statue_of_Liberty/0/pictures/Statue_of_Lady_Liberty.jpg
Statue_of_Liberty,260909,0,commons/Front_right_views_of_the_Statue_of_Liberty/0/pictures/Statue_of_Liberty_United_States_of_America_-_USA_(9897908934).jpg
Statue_of_Liberty,260909,0,commons/Statue_of_Liberty_in_2006/0/pictures/US_New_York_0603_144_(16629487663).jpg
Statue_of_Liberty,260909,0,commons/Front_views_of_the_Statue_of_Liberty/0/pictures/Manhattan_New_York_City_2009_PD_20091129_160.JPG
Statue_of_Liberty,260909,0,commons/Front_views_of_the_Statue_of_Liberty/0/pictures/Manhattan_New_York_City_2009_PD_20091129_158.JPG
Statue_of_Liberty,260909,0,commons/WLMUS_2018_images_of_the_Statue_of_Liberty/0/pictures/Fire_Fighter_II_at_the_Statue_of_Liberty.jpg
Statue_of_Liberty,260909,0,commons/Front_right_views_of_the_Statue_of_Liberty/0/pictures/WorkandTravel.jpg
Statue_of_Liberty,260909,0,commons/Statue_of_Liberty_in_2006/0/pictures/US_New_York_0603_145_(17249133941).jpg
Statue_of_Liberty,260909,0,commons/WLMUS_2021_images_of_the_Statue_of_Liberty/0/pictures/Lady_Liberty_at_dusk.jpg
Statue_of_Liberty,260909,0,commons/Front_views_of_the_Statue_of_Liberty/0/pictures/Manhattan_New_York_City_2009_PD_20091129_162.JPG
Statue_of_Liberty,260909,0,commons/WLMUS_2020_images_of_the_Statue_of_Liberty/0/pictures/Statue_of_liberty_national_monument.jpg
Statue_of_Liberty,260909,0,commons/Front_views_of_the_Statue_of_Liberty/0/pictures/Lady_Liberty_under_a_blue_sky_(cropped).jpg
Statue_of_Liberty,260909,0,commons/WLMUS_2017_images_of_the_Statue_of_Liberty/0/pictures/Statue_of_Liberty_at_sunset_01.jpg
Statue_of_Liberty,260909,0,commons/Front_right_views_of_the_Statue_of_Liberty/0/pictures/Statue_of_Liberty101.JPG
Statue_of_Liberty,260909,0,commons/Statue_of_Liberty_in_2006/0/pictures/US_New_York_0603_156_(17223714646).jpg
Statue_of_Liberty,260909,0,commons/Front_views_of_the_Statue_of_Liberty/0/pictures/Lady_Liberty_under_a_blue_sky_(cropped)_(cropped).jpg
Statue_of_Liberty,260909,0,commons/Front_right_views_of_the_Statue_of_Liberty/0/pictures/Statue_of_Liberty_from_Staten_Island_ferry_(2).jpg
Statue_of_Liberty,260909,0,commons/Statue_of_Liberty_in_2006/0/pictures/US_New_York_0603_159_(17061913528).jpg
Statue_of_Liberty,260909,0,commons/Front_views_of_the_Statue_of_Liberty/0/pictures/Liberty_enlightening_the_world.JPG
Statue_of_Liberty,260909,0,commons/Statue_of_Liberty_in_2008/0/pictures/New_York_Statue.jpg
Statue_of_Liberty,260909,0,commons/Front_views_of_the_Statue_of_Liberty/0/pictures/Miss_Liberty2.JPG
Statue_of_Liberty,260909,0,commons/Front_right_views_of_the_Statue_of_Liberty/0/pictures/Statue_of_Liberty_2018.jpg
Statue_of_Liberty,260909,0,commons/Statue_of_Liberty_in_2006/0/pictures/US_New_York_0603_162_(17042264787).jpg
Statue_of_Liberty,260909,0,commons/Front_views_of_the_Statue_of_Liberty/0/pictures/Liberty_Statue.jpg
Statue_of_Liberty,260909,0,commons/Statue_of_Liberty_in_2008/0/pictures/2008_New_York_City_Statue_of_Liberty.jpg
Statue_of_Liberty,260909,0,commons/Front_views_of_the_Statue_of_Liberty/0/pictures/New_York_(1425074070).jpg
Statue_of_Liberty,260909,0,commons/Statue_of_Liberty_in_2008/0/pictures/LibertyStatue.JPG
Statue_of_Liberty,260909,0,commons/Front_views_of_the_Statue_of_Liberty/0/pictures/New_York_Statue_of_Liberty_-_panoramio.jpg
Statue_of_Liberty,260909,0,commons/Statue_of_Liberty_in_2008/0/pictures/Statue_of_Liberty_April_2008.JPG
Statue_of_Liberty,260909,0,commons/Front_views_of_the_Statue_of_Liberty/0/pictures/N.Y._-_panoramio_(1).jpg
Statue_of_Liberty,260909,0,commons/Statue_of_Liberty_in_2007/0/pictures/Statue-of-Liberty-May-2007.jpg
Statue_of_Liberty,260909,0,commons/Front_views_of_the_Statue_of_Liberty/0/pictures/Mrs._Liberty_(Near)_-_panoramio.jpg
Statue_of_Liberty,260909,0,commons/Statue_of_Liberty_in_2008/0/pictures/Statue_of_Liberty_-_panoramio_-_Gabriele_Giuseppini.jpg
Statue_of_Liberty,260909,0,commons/Front_views_of_the_Statue_of_Liberty/0/pictures/New_York_-_Statue_of_Liberty_(4628635143).jpg
Statue_of_Liberty,260909,0,commons/Statue_of_Liberty_in_2019/0/pictures/Statue_of_Liberty_overlooking_lower_Manhattan.jpg
Statue_of_Liberty,260909,0,commons/Remote_views_of_the_Statue_of_Liberty/0/pictures/Statue_of_Liberty_From_Boat.JPG
Statue_of_Liberty,260909,0,commons/Front_views_of_the_Statue_of_Liberty/0/pictures/NP-liberty4.jpg
Statue_of_Liberty,260909,0,"commons/Front_views_of_the_Statue_of_Liberty/0/pictures/Richard_Noble,_finishes_walk_across_America._WAAEvents.jpg"
Statue_of_Liberty,260909,0,commons/Front_views_of_the_Statue_of_Liberty/0/pictures/Statofliberty.jpg
Statue_of_Liberty,260909,0,commons/Front_views_of_the_Statue_of_Liberty/0/pictures/Liberty_Enlightening_the_World.jpg
Statue_of_Liberty,260909,0,commons/Front_views_of_the_Statue_of_Liberty/0/pictures/NYC_9_1_(6628674237).jpg
Statue_of_Liberty,260909,0,commons/Front_views_of_the_Statue_of_Liberty/0/pictures/NY_statue_lib_coast_guards_2.JPG
Statue_of_Liberty,260909,0,commons/Statue_of_Liberty_in_2008/0/pictures/StatuadellaLibertà.JPG
Statue_of_Liberty,260909,0,commons/Front_views_of_the_Statue_of_Liberty/0/pictures/NYC_Liberty_3.JPG
Statue_of_Liberty,260909,0,commons/Front_views_of_the_Statue_of_Liberty/0/pictures/NY_statue_lib_coast_guards.JPG
Statue_of_Liberty,260909,0,commons/Front_views_of_the_Statue_of_Liberty/0/pictures/P8150012_(20440688049).jpg
Statue_of_Liberty,260909,0,commons/Statue_of_Liberty_in_2008/0/pictures/Statue_de_la_liberté.jpg
Statue_of_Liberty,260909,0,commons/Front_views_of_the_Statue_of_Liberty/0/pictures/Statue_of_Liberty_(2934626028).jpg
Statue_of_Liberty,260909,0,commons/Front_views_of_the_Statue_of_Liberty/0/pictures/NYC_13_1_(6628729225).jpg
Statue_of_Liberty,260909,0,commons/Statue_of_Liberty_in_2008/0/pictures/Zeitgeist-Erlebnisreisen-Gruppenreisen-nach-NewYork-USA-Freheitsstatue-Statue-of-Liberty.jpg
Statue_of_Liberty,260909,0,commons/Front_views_of_the_Statue_of_Liberty/0/pictures/Sol12.jpg
Statue_of_Liberty,260909,0,commons/Statue_of_Liberty_in_2008/0/pictures/Statue_of_Liberty_frontal_2.jpg
Statue_of_Liberty,260909,0,commons/Front_views_of_the_Statue_of_Liberty/0/pictures/Statue_of_Liberty_(7628968638).jpg
Statue_of_Liberty,260909,0,commons/Statue_of_Liberty_in_2009/0/pictures/La_iluminada_libertad_-_panoramio.jpg
Statue_of_Liberty,260909,0,commons/Front_views_of_the_Statue_of_Liberty/0/pictures/NYC_12_1_(6628717057).jpg
Statue_of_Liberty,260909,0,"commons/Front_views_of_the_Statue_of_Liberty/0/pictures/New_York_City_(New_York,_USA),_Statue_of_Liberty_--_2012_--_6818.jpg"
Statue_of_Liberty,260909,0,commons/Front_views_of_the_Statue_of_Liberty/0/pictures/Statue_of_Liberty_(22942115439).jpg
Statue_of_Liberty,260909,0,"commons/Statue_of_Liberty_in_August_2014/0/pictures/Statue_of_Liberty-_Photo_by_Yasser_Alizadeh,_2014.JPG"
Statue_of_Liberty,260909,0,commons/Remote_views_of_the_Statue_of_Liberty/0/pictures/Statue_of_Liberty_United_States_of_America_-_USA_(9898019663).jpg
Statue_of_Liberty,260909,0,commons/Statue_of_Liberty_in_2009/0/pictures/Statue_of_Liberty_15.JPG
Statue_of_Liberty,260909,0,commons/Front_views_of_the_Statue_of_Liberty/0/pictures/Statue_de_la_liberté.jpg
Statue_of_Liberty,260909,0,commons/Front_views_of_the_Statue_of_Liberty/0/pictures/Statue_of_Liberty_(23201716352).jpg
Statue_of_Liberty,260909,0,commons/Front_views_of_the_Statue_of_Liberty/0/pictures/Statue_of_Liberty_-_panoramio_-_Gabriele_Giuseppini.jpg
Statue_of_Liberty,260909,0,commons/Statue_of_Liberty_in_2009/0/pictures/Statue_of_Liberty_19.jpg
Statue_of_Liberty,260909,0,commons/Front_views_of_the_Statue_of_Liberty/0/pictures/Statue_of_Liberty_(3550844944).jpg
Statue_of_Liberty,260909,0,commons/Statue_of_Liberty_in_2009/0/pictures/Liberty_enlightening_the_world.JPG
Statue_of_Liberty,260909,0,commons/Front_views_of_the_Statue_of_Liberty/0/pictures/Statue_of_Liberty_(6279261057).jpg
Statue_of_Liberty,260909,0,commons/Front_views_of_the_Statue_of_Liberty/0/pictures/Passengers_travel_next_to_Statue_of_Liberty.JPG
Statue_of_Liberty,260909,0,commons/Statue_of_Liberty_in_2009/0/pictures/Mrs._Liberty_-_panoramio.jpg
Statue_of_Liberty,260909,0,"commons/Front_views_of_the_Statue_of_Liberty/0/pictures/Statue_of_Liberty_-_Staten_Island_Ferry,_New_York,_NY,_USA_-_August_19,_2015_05.jpg"
Statue_of_Liberty,260909,0,commons/Front_views_of_the_Statue_of_Liberty/0/pictures/Statue_of_Liberty_-_panoramio_(8).jpg
Statue_of_Liberty,260909,0,commons/Front_views_of_the_Statue_of_Liberty/0/pictures/Statue_of_Liberty_--_Liberty_Island_New_York_Harbor_(NY)_April_2016_(26442612310).jpg
Statue_of_Liberty,260909,0,commons/Statue_of_Liberty_in_2009/0/pictures/NY_I_AM_SECOND.jpg
Statue_of_Liberty,260909,0,commons/Front_views_of_the_Statue_of_Liberty/0/pictures/Statue_of_Liberty_01_(9442699826).jpg
Statue_of_Liberty,260909,0,commons/Statue_of_Liberty_in_2009/0/pictures/Statue_Of_Liberty_(54616434).jpeg
Statue_of_Liberty,260909,0,commons/Front_views_of_the_Statue_of_Liberty/0/pictures/Statue_of_Liberty_-_03.jpg
Statue_of_Liberty,260909,0,commons/Statue_of_Liberty_in_2009/0/pictures/Manhattan_New_York_City_2009_PD_20091129_160.JPG
Statue_of_Liberty,260909,0,commons/Front_views_of_the_Statue_of_Liberty/0/pictures/Statue_of_Liberty_22.jpg
Statue_of_Liberty,260909,0,commons/Front_views_of_the_Statue_of_Liberty/0/pictures/Statue_of_Liberty_United_States_of_America_-_USA_(9897974764).jpg
Statue_of_Liberty,260909,0,commons/Statue_of_Liberty_in_2009/0/pictures/Statue_of_Liberty_18.JPG
Statue_of_Liberty,260909,0,commons/Front_views_of_the_Statue_of_Liberty/0/pictures/Statue_of_Liberty_2011.jpg
Statue_of_Liberty,260909,0,commons/Statue_of_Liberty_in_2009/0/pictures/Freiheitsstatue_NY_Mai_2009_PD_008.JPG
Statue_of_Liberty,260909,0,commons/Front_views_of_the_Statue_of_Liberty/0/pictures/Statue_of_Liberty_--_Liberty_Island_(NY)_April_2016_(26714239335).jpg
Statue_of_Liberty,260909,0,commons/Front_views_of_the_Statue_of_Liberty/0/pictures/Statue_of_Liberty_1a.jpg
Statue_of_Liberty,260909,0,commons/Front_views_of_the_Statue_of_Liberty/0/pictures/Statue_of_Liberty_3_(New_York)_(44520010864).jpg
Statue_of_Liberty,260909,0,commons/Front_views_of_the_Statue_of_Liberty/0/pictures/Statue_of_Liberty_-_04.jpg
Statue_of_Liberty,260909,0,commons/Front_views_of_the_Statue_of_Liberty/0/pictures/Statue_of_Liberty_Bright_Blue.jpg
Statue_of_Liberty,260909,0,commons/Front_views_of_the_Statue_of_Liberty/0/pictures/Statue_of_Liberty_5a.jpg
Statue_of_Liberty,260909,0,commons/Remote_views_of_the_Statue_of_Liberty/0/pictures/Statue_of_Liberty_-_12.jpg
Statue_of_Liberty,260909,0,commons/Statue_of_Liberty_in_2009/0/pictures/The_light_of_Liberty_02.JPG
Statue_of_Liberty,260909,0,commons/Front_views_of_the_Statue_of_Liberty/0/pictures/Statue_of_Liberty_Picture.jpg
Statue_of_Liberty,260909,0,commons/Statue_of_Liberty_in_2009/0/pictures/StatueOfLiberty.jpg
Statue_of_Liberty,260909,0,commons/Front_views_of_the_Statue_of_Liberty/0/pictures/Statue_of_Liberty_National_Monument_-_New_York_-_USA_-_panoramio_(1).jpg
Statue_of_Liberty,260909,0,commons/Front_views_of_the_Statue_of_Liberty/0/pictures/Statue_of_Liberty_National_Monument_STLI_02-02.jpg
Statue_of_Liberty,260909,0,commons/Front_views_of_the_Statue_of_Liberty/0/pictures/Statue_of_Liberty_United_States_of_America_-_USA_(9897955333).jpg
Statue_of_Liberty,260909,0,commons/Remote_views_of_the_Statue_of_Liberty/0/pictures/US_Navy_030902-C-3948H-510_A_U.S._Coast_Guard_Rigid_Hull_Inflatable_Boat_(RHIB)_conducts_a_Homeland_Security_patrol_near_the_Statue_of_Liberty.jpg
Statue_of_Liberty,260909,0,commons/Front_views_of_the_Statue_of_Liberty/0/pictures/Statue_of_Liberty_NYC_3_-_panoramio.jpg
Statue_of_Liberty,260909,0,commons/Front_views_of_the_Statue_of_Liberty/0/pictures/Statue_of_Liberty_200012.jpg
Statue_of_Liberty,260909,0,commons/Front_views_of_the_Statue_of_Liberty/0/pictures/Statue_of_Liberty_approach.jpg
Statue_of_Liberty,260909,0,commons/Front_views_of_the_Statue_of_Liberty/0/pictures/Statue_of_Liberty_from_ferry.JPG
Statue_of_Liberty,260909,0,commons/Statue_of_Liberty_in_2009/0/pictures/US_-_Liberty_Island_-_04.JPG
Statue_of_Liberty,260909,0,commons/Front_views_of_the_Statue_of_Liberty/0/pictures/Statue_of_Liberty_6.jpg
Statue_of_Liberty,260909,0,"commons/Statue_of_Liberty_in_July_2012/0/pictures/New_York_City_(New_York,_USA),_Statue_of_Liberty_--_2012_--_6660.jpg"
Statue_of_Liberty,260909,0,commons/Remote_views_of_the_Statue_of_Liberty/0/pictures/美國紐約9.jpg
Statue_of_Liberty,260909,0,commons/Front_views_of_the_Statue_of_Liberty/0/pictures/Statue_of_Liberty_with_Birds.jpg
Statue_of_Liberty,260909,0,commons/Front_views_of_the_Statue_of_Liberty/0/pictures/Statue_of_Liberty_view_by_Dalel.jpg
Statue_of_Liberty,260909,0,commons/Statue_of_Liberty_in_2010/0/pictures/Lady_Liberty_The_Mother_of_Exiles.jpg
Statue_of_Liberty,260909,0,commons/Front_views_of_the_Statue_of_Liberty/0/pictures/Statueofliberty.JPG
Statue_of_Liberty,260909,0,commons/Statue_of_Liberty_in_2009/0/pictures/US_-_Liberty_Island_-_03.JPG
Statue_of_Liberty,260909,0,commons/Front_views_of_the_Statue_of_Liberty/0/pictures/Statue_of_liberty_pedestal_and_liberty_island.jpg
Statue_of_Liberty,260909,0,commons/Front_views_of_the_Statue_of_Liberty/0/pictures/Statue_of_Liberty.JPG
Statue_of_Liberty,260909,0,commons/Front_views_of_the_Statue_of_Liberty/0/pictures/The_Statue_of_Liberty_in_New_York.jpg
Statue_of_Liberty,260909,0,commons/Statue_of_Liberty_in_2010/0/pictures/Manhattan_-_New_York_City_(4854866785).jpg
Statue_of_Liberty,260909,0,commons/Front_views_of_the_Statue_of_Liberty/0/pictures/StatueOfLiberty-4.jpg
Statue_of_Liberty,260909,0,commons/Front_views_of_the_Statue_of_Liberty/0/pictures/Statue_of_liberty_front.jpg
Statue_of_Liberty,260909,0,commons/Statue_of_Liberty_in_2010/0/pictures/NYC_10_1_(6628689283).jpg
Statue_of_Liberty,260909,0,commons/Front_views_of_the_Statue_of_Liberty/0/pictures/Statue_of_Liberty-_Lady_Liberty_8AB787B9-7E3E-478A-B747-1C047CB65A0C.jpg
Statue_of_Liberty,260909,0,commons/Statue_of_Liberty_in_2010/0/pictures/Manhattan_-_New_York_City_(4855478528).jpg
Statue_of_Liberty,260909,0,commons/Front_views_of_the_Statue_of_Liberty/0/pictures/Statuelibertyy.jpg
Statue_of_Liberty,260909,0,commons/Statue_of_Liberty_in_2010/0/pictures/Manhattan_-_New_York_City_(4855479148).jpg
Statue_of_Liberty,260909,0,commons/Front_views_of_the_Statue_of_Liberty/0/pictures/Statue_of_liberty_nyc.jpg
Statue_of_Liberty,260909,0,commons/Front_views_of_the_Statue_of_Liberty/0/pictures/Statue-de-la-liberte-new-york.jpg
Statue_of_Liberty,260909,0,commons/Statue_of_Liberty_in_2010/0/pictures/NYC_6_1_(6628590865).jpg
Statue_of_Liberty,260909,0,commons/Front_views_of_the_Statue_of_Liberty/0/pictures/Statue_of_Liberty_frontal_2_crop.JPG
Statue_of_Liberty,260909,0,commons/Front_views_of_the_Statue_of_Liberty/0/pictures/Statue_of_Liberty_frontal_2.jpg
Statue_of_Liberty,260909,0,commons/Statue_of_Liberty_in_2010/0/pictures/NYC_9_1_(6628674237).jpg
Statue_of_Liberty,260909,0,commons/Front_views_of_the_Statue_of_Liberty/0/pictures/Statue_of_liberty_nyc_(cropped).jpg
Statue_of_Liberty,260909,0,commons/Statue_of_Liberty_in_2010/0/pictures/Statue_of_Liberty_-_panoramio_(3).jpg
Statue_of_Liberty,260909,0,commons/Front_views_of_the_Statue_of_Liberty/0/pictures/Statue_of_Liberty_United_States_of_America_-_USA_(9898043796).jpg
Statue_of_Liberty,260909,0,commons/Statue_of_Liberty_in_2009/0/pictures/USMC-091102-M-5645B-054.jpg
Statue_of_Liberty,260909,0,commons/Front_views_of_the_Statue_of_Liberty/0/pictures/Statue_of_Liberty_in_New_York_City.JPG
Statue_of_Liberty,260909,0,commons/Statue_of_Liberty_in_2010/0/pictures/Statue_of_Liberty_with_cloudburst.jpg
Statue_of_Liberty,260909,0,commons/Front_views_of_the_Statue_of_Liberty/0/pictures/Statue_of_Liberty_frontal.jpg
Statue_of_Liberty,260909,0,commons/Front_views_of_the_Statue_of_Liberty/0/pictures/Statueofliberty_(149376519).jpeg
Statue_of_Liberty,260909,0,commons/Front_views_of_the_Statue_of_Liberty/0/pictures/The_Statue_of_Liberty_(11654093695).jpg
Statue_of_Liberty,260909,0,commons/Statue_of_Liberty_in_2010/0/pictures/Statue_of_Liberty_-_panoramio_(8).jpg
Statue_of_Liberty,260909,0,commons/Front_views_of_the_Statue_of_Liberty/0/pictures/Statue_of_liberty_blue.jpg
Statue_of_Liberty,260909,0,commons/Front_views_of_the_Statue_of_Liberty/0/pictures/Statuefront.jpg
Statue_of_Liberty,260909,0,commons/Front_views_of_the_Statue_of_Liberty/0/pictures/The_Statue_of_Liberty_(from_below_pedestal).jpg
Statue_of_Liberty,260909,0,commons/Statue_of_Liberty_in_2011/0/pictures/B&W_Statue_of_Liberty.jpg
Statue_of_Liberty,260909,0,commons/Front_views_of_the_Statue_of_Liberty/0/pictures/USMC-20484.jpg
Statue_of_Liberty,260909,0,commons/Statue_of_Liberty_in_2010/0/pictures/NYC_7_1_(6628625277).jpg
Statue_of_Liberty,260909,0,commons/Front_views_of_the_Statue_of_Liberty/0/pictures/US_-_Liberty_Island_-_06.JPG
Statue_of_Liberty,260909,0,commons/Front_views_of_the_Statue_of_Liberty/0/pictures/US_-_Liberty_Island_-_05.JPG
Statue_of_Liberty,260909,0,commons/Statue_of_Liberty_in_2011/0/pictures/Coast_Guard_patrol_boat_passing_the_Statue_of_Liberty_1.jpg
Statue_of_Liberty,260909,0,commons/Front_views_of_the_Statue_of_Liberty/0/pictures/WeChat_Image_20190306140702.jpg
Statue_of_Liberty,260909,0,commons/Front_views_of_the_Statue_of_Liberty/0/pictures/美國紐約16.jpg
Statue_of_Liberty,260909,0,commons/Head_of_the_Statue_of_Liberty/0/pictures/Liberty01.jpg
Statue_of_Liberty,260909,0,commons/Head_of_the_Statue_of_Liberty/0/pictures/Statue_of_Liberty_(Fall_2015).jpg
Statue_of_Liberty,260909,0,commons/Head_of_the_Statue_of_Liberty/0/pictures/Statue_of_Liberty_--_Liberty_Island_(NY)_April_2016_(26621104432).jpg
Statue_of_Liberty,260909,0,commons/Head_of_the_Statue_of_Liberty/0/pictures/Statue_of_Liberty_15.JPG
Statue_of_Liberty,260909,0,commons/Statue_of_Liberty_in_2010/0/pictures/Statue_of_liberty_nyc.jpg
Statue_of_Liberty,260909,0,commons/Head_of_the_Statue_of_Liberty/0/pictures/Liberty02.jpg
Statue_of_Liberty,260909,0,commons/Head_of_the_Statue_of_Liberty/0/pictures/FlamesOfLiberty.jpg
Statue_of_Liberty,260909,0,commons/Head_of_the_Statue_of_Liberty/0/pictures/Statue_of_Liberty_--_Liberty_Island_(NY)_April_2016_(26714239335).jpg
Statue_of_Liberty,260909,0,commons/Head_of_the_Statue_of_Liberty/0/pictures/Statue_of_Liberty_(Unsplash_UGi_Ng56FRI).jpg
Statue_of_Liberty,260909,0,commons/Head_of_the_Statue_of_Liberty/0/pictures/Statue_of_Liberty_11.jpg
Statue_of_Liberty,260909,0,commons/Left_side_views_of_the_Statue_of_Liberty/0/pictures/Beacon_Of_Hope_(Unsplash).jpg
Statue_of_Liberty,260909,0,commons/Left_side_views_of_the_Statue_of_Liberty/0/pictures/Liberty_Island_2008_PD_01.JPG
Statue_of_Liberty,260909,0,commons/Right_side_views_of_the_Statue_of_Liberty/0/pictures/Adk4.jpg
Statue_of_Liberty,260909,0,commons/Left_side_views_of_the_Statue_of_Liberty/0/pictures/NYC_Liberty_Island.JPG
Statue_of_Liberty,260909,0,commons/Right_side_views_of_the_Statue_of_Liberty/0/pictures/NYC_11_1_(6628702153).jpg
Statue_of_Liberty,260909,0,commons/Left_side_views_of_the_Statue_of_Liberty/0/pictures/Lady_Liberty_silhouette.jpg
Statue_of_Liberty,260909,0,commons/Aerial_photographs_of_the_Statue_of_Liberty_and_Liberty_Island/0/pictures/Coast_Guard_Cutter_Eagle_arrives_in_New_York_on_Coast_Guard_Day_DVIDS1105123.jpg
Statue_of_Liberty,260909,0,commons/Right_side_views_of_the_Statue_of_Liberty/0/pictures/State_of_liberty_through_my_eyes.jpg
Statue_of_Liberty,260909,0,commons/Left_side_views_of_the_Statue_of_Liberty/0/pictures/Liberty_12_(9201149496).jpg
Statue_of_Liberty,260909,0,commons/Right_side_views_of_the_Statue_of_Liberty/0/pictures/New_York_City_skyline_-_Flickr_-_wilhelmja.jpg
Statue_of_Liberty,260909,0,commons/Left_side_views_of_the_Statue_of_Liberty/0/pictures/Liberty_Island_2008_PD_02.JPG
Statue_of_Liberty,260909,0,commons/Statue_of_Liberty_in_the_1990s/0/pictures/NewYork_LibertyStatue.jpg
Statue_of_Liberty,260909,0,commons/Right_side_views_of_the_Statue_of_Liberty/0/pictures/New_York_-_panoramio_(143).jpg
Statue_of_Liberty,260909,0,commons/Left_side_views_of_the_Statue_of_Liberty/0/pictures/New_York_-_panoramio_(142).jpg
Statue_of_Liberty,260909,0,commons/Statue_of_Liberty_in_2012/0/pictures/French_Gift..jpg
Statue_of_Liberty,260909,0,commons/Left_side_views_of_the_Statue_of_Liberty/0/pictures/Statue_of_Liberty_National_Monument_-_New_York_-_USA_-_panoramio_(6).jpg
Statue_of_Liberty,260909,0,commons/Right_side_views_of_the_Statue_of_Liberty/0/pictures/Statue_of_Liberty_-_panoramio_(2).jpg
Statue_of_Liberty,260909,0,commons/Left_side_views_of_the_Statue_of_Liberty/0/pictures/Statue_of_Liberty_-_New_York.jpg
Statue_of_Liberty,260909,0,commons/Right_side_views_of_the_Statue_of_Liberty/0/pictures/Statue_of_Liberty_-_07.jpg
Statue_of_Liberty,260909,0,"commons/Left_side_views_of_the_Statue_of_Liberty/0/pictures/New_York_City_(New_York,_USA),_Statue_of_Liberty_--_2012_--_6660.jpg"
Statue_of_Liberty,260909,0,commons/Left_side_views_of_the_Statue_of_Liberty/0/pictures/The_Statue_of_Liberty_2016_04.JPG
Statue_of_Liberty,260909,0,commons/Statue_of_Liberty_in_2012/0/pictures/Piles_of_wind_strewn_pavers_fence_is_from_renovation.jpg
Statue_of_Liberty,260909,0,"commons/Left_side_views_of_the_Statue_of_Liberty/0/pictures/Statue_of_Liberty,_close_up.jpg"
Statue_of_Liberty,260909,0,commons/Statue_of_Liberty_in_2012/0/pictures/Statue_of_Liberty_-_07.jpg
Statue_of_Liberty,260909,0,"commons/Left_side_views_of_the_Statue_of_Liberty/0/pictures/Jersey_City,_NJ,_USA_-_panoramio_(3).jpg"
Statue_of_Liberty,260909,0,commons/Statue_of_Liberty_in_2016/0/pictures/STATUE_OF_LIBERTY.jpg
Statue_of_Liberty,260909,0,commons/Pedestal_of_the_Statue_of_Liberty/0/pictures/Pedestal-of-Statue-of-Liberty.png
Statue_of_Liberty,260909,0,commons/Quality_images_of_the_Statue_of_Liberty/0/pictures/Statue_of_Liberty_-_03.jpg
Statue_of_Liberty,260909,0,commons/Quality_images_of_the_Statue_of_Liberty/0/pictures/Statue_of_Liberty_frontal_2.jpg
Statue_of_Liberty,260909,0,"commons/Statue_of_Liberty_in_2016/0/pictures/Statue_of_Liberty,_Pedestal,_and_Fort.jpg"
Statue_of_Liberty,260909,0,commons/Quality_images_of_the_Statue_of_Liberty/0/pictures/Statue_of_Liberty_-_07.jpg
Statue_of_Liberty,260909,0,"commons/Remote_views_of_the_Statue_of_Liberty/0/pictures/Jersey_City_-_Staten_Island_Ferry,_New_York,_NY,_USA_-_August_19,_2015.jpg"
Statue_of_Liberty,260909,0,commons/Remote_views_of_the_Statue_of_Liberty/0/pictures/Ship1382_-_Flickr_-_NOAA_Photo_Library.jpg
Statue_of_Liberty,260909,0,"commons/Statue_of_Liberty_in_2019/0/pictures/New_York,_2019_(48621289623).jpg"
Statue_of_Liberty,260909,0,commons/Remote_views_of_the_Statue_of_Liberty/0/pictures/Statue_of_Liberty_United_States_of_America_-_USA_(9897830106).jpg
Statue_of_Liberty,260909,0,commons/Remote_views_of_the_Statue_of_Liberty/0/pictures/Statue_of_Liberty_United_States_of_America_-_USA_(9898021905).jpg
Statue_of_Liberty,260909,0,"commons/Remote_views_of_the_Statue_of_Liberty/0/pictures/Statue_of_Liberty_-_Staten_Island_Ferry,_New_York,_NY,_USA_-_August_19,_2015_06.jpg"
Statue_of_Liberty,260909,0,commons/Right_side_views_of_the_Statue_of_Liberty/0/pictures/Adk5.jpg
Statue_of_Liberty,260909,0,commons/Right_side_views_of_the_Statue_of_Liberty/0/pictures/All_in_One.jpg
Statue_of_Liberty,260909,0,commons/Right_side_views_of_the_Statue_of_Liberty/0/pictures/I_Spy_Liberty.jpg
Statue_of_Liberty,260909,0,commons/Right_side_views_of_the_Statue_of_Liberty/0/pictures/Freiheitsstatue_NY_Mai_2009_PD_010.JPG
Statue_of_Liberty,260909,0,commons/Right_side_views_of_the_Statue_of_Liberty/0/pictures/Statue_of_Liberty_(Liberty_Island).JPG
Statue_of_Liberty,260909,0,commons/Right_side_views_of_the_Statue_of_Liberty/0/pictures/0332New_York_City_Statue_of_Liberty.JPG
Statue_of_Liberty,260909,0,commons/Right_side_views_of_the_Statue_of_Liberty/0/pictures/Liberty_Leading_the_City.jpg
Statue_of_Liberty,260909,0,commons/Right_side_views_of_the_Statue_of_Liberty/0/pictures/Liberty10.jpg
Statue_of_Liberty,260909,0,commons/Aerial_photographs_of_the_Statue_of_Liberty_and_Liberty_Island/0/pictures/HIghsmith_2017_LOC_Statue_of_Liberty_NY_Harbor.jpg
Statue_of_Liberty,260909,0,commons/Right_side_views_of_the_Statue_of_Liberty/0/pictures/Statue_of_Liberty_(4).JPG
Statue_of_Liberty,260909,0,"commons/Right_side_views_of_the_Statue_of_Liberty/0/pictures/Jersey_City,_NJ,_USA_-_panoramio_(18).jpg"
Statue_of_Liberty,260909,0,commons/Aerial_photographs_of_the_Statue_of_Liberty_and_Liberty_Island/0/pictures/26th_MEU_Hurricane_Sandy_Response_121103-M-SO289-014.jpg
Statue_of_Liberty,260909,0,commons/Right_side_views_of_the_Statue_of_Liberty/0/pictures/NYC_10_1_(6628689283).jpg
Statue_of_Liberty,260909,0,"commons/Aerial_photographs_of_the_Statue_of_Liberty_and_Liberty_Island/0/pictures/Manhattan_&_Liberty_Island,_New_York.jpg"
Statue_of_Liberty,260909,0,commons/Right_side_views_of_the_Statue_of_Liberty/0/pictures/Libertyglory03.jpg
Statue_of_Liberty,260909,0,commons/Right_side_views_of_the_Statue_of_Liberty/0/pictures/New_York_City_Mai_2009_PD_028.JPG
Statue_of_Liberty,260909,0,commons/Right_side_views_of_the_Statue_of_Liberty/0/pictures/Manhattan_-_New_York_City_(4855480530).jpg
Statue_of_Liberty,260909,0,commons/Right_side_views_of_the_Statue_of_Liberty/0/pictures/NEW_YORK_Nicolas_Pamart.jpg
Statue_of_Liberty,260909,0,commons/Aerial_photographs_of_the_Statue_of_Liberty_and_Liberty_Island/0/pictures/Liberty_Island_photo_D_Ramey_Logan.jpg
Statue_of_Liberty,260909,0,commons/Right_side_views_of_the_Statue_of_Liberty/0/pictures/Statue_of_Liberty_&_New_York.jpg
Statue_of_Liberty,260909,0,commons/Aerial_photographs_of_the_Statue_of_Liberty_and_Liberty_Island/0/pictures/MH-65-Statue_of_Liberty_120604-G-NB914-114.jpg
Statue_of_Liberty,260909,0,commons/Right_side_views_of_the_Statue_of_Liberty/0/pictures/Statue_of_Liberty_-_06.jpg
Statue_of_Liberty,260909,0,commons/Right_side_views_of_the_Statue_of_Liberty/0/pictures/New_York_City_(6279261283).jpg
Statue_of_Liberty,260909,0,commons/Right_side_views_of_the_Statue_of_Liberty/0/pictures/Remote_view_of_USS_Arlington_(LPD-24)_entering_the_Hudson_Fleet_Week_New_York_180523-N-UN744-0209.jpg
Statue_of_Liberty,260909,0,commons/Right_side_views_of_the_Statue_of_Liberty/0/pictures/Liberty_&_Freedom.jpg
Statue_of_Liberty,260909,0,commons/Right_side_views_of_the_Statue_of_Liberty/0/pictures/New_York_Freiheitsstatue_1971_01.jpg
Statue_of_Liberty,260909,0,"commons/Right_side_views_of_the_Statue_of_Liberty/0/pictures/Statue_of_Liberty_2,_New_York_City.jpg"
Statue_of_Liberty,260909,0,commons/Aerial_photographs_of_the_Statue_of_Liberty_and_Liberty_Island/0/pictures/Statue_of_Liberty_(1877091710).jpg
Statue_of_Liberty,260909,0,"commons/Right_side_views_of_the_Statue_of_Liberty/0/pictures/Statue_of_Liberty_7,_New_York_City.jpg"
Statue_of_Liberty,260909,0,commons/Aerial_photographs_of_the_Statue_of_Liberty_and_Liberty_Island/0/pictures/Flickr_-_DVIDSHUB_-_Fleet_Week_New_York_2012_(Image_7_of_17).jpg
Statue_of_Liberty,260909,0,commons/Right_side_views_of_the_Statue_of_Liberty/0/pictures/Sailing_Lady_Liberty.jpg
Statue_of_Liberty,260909,0,commons/Right_side_views_of_the_Statue_of_Liberty/0/pictures/Statue_of_liberty_and_nyc_skyline.jpg
Statue_of_Liberty,260909,0,commons/Right_side_views_of_the_Statue_of_Liberty/0/pictures/Statue_of_Liberty_side_shot.JPG
Statue_of_Liberty,260909,0,commons/Right_side_views_of_the_Statue_of_Liberty/0/pictures/Statue_of_Liberty_-_Wonders_of_the_world.jpg
Statue_of_Liberty,260909,0,commons/Right_side_views_of_the_Statue_of_Liberty/0/pictures/Statue_of_Liberty_of_New_York_City.jpg
Statue_of_Liberty,260909,0,commons/Right_side_views_of_the_Statue_of_Liberty/0/pictures/Statue_of_Liberty_SEP2019.jpg
Statue_of_Liberty,260909,0,commons/Right_side_views_of_the_Statue_of_Liberty/0/pictures/Statue_of_Liberty_overlooking_lower_Manhattan.jpg
Statue_of_Liberty,260909,0,commons/Aerial_photographs_of_the_Statue_of_Liberty_and_Liberty_Island/0/pictures/New_York_National_Guard_(41273694455).jpg
Statue_of_Liberty,260909,0,commons/Right_side_views_of_the_Statue_of_Liberty/0/pictures/Statue_of_Liberty_From_the_Bay.jpg
Statue_of_Liberty,260909,0,commons/Right_side_views_of_the_Statue_of_Liberty/0/pictures/Statue_of_Liberty_and_NYC_view_-_panoramio.jpg
Statue_of_Liberty,260909,0,commons/Right_side_views_of_the_Statue_of_Liberty/0/pictures/Statue_of_Liberty-New_York.jpg
Statue_of_Liberty,260909,0,commons/Black_and_white_photographs_of_the_Statue_of_Liberty/0/pictures/B&W_Statue_of_Liberty.jpg
Statue_of_Liberty,260909,0,commons/Right_side_views_of_the_Statue_of_Liberty/0/pictures/Statute_of_Liberty_and_New_York.jpg
Statue_of_Liberty,260909,0,commons/Right_side_views_of_the_Statue_of_Liberty/0/pictures/Statute_of_Liberty.jpg
Statue_of_Liberty,260909,0,commons/Right_side_views_of_the_Statue_of_Liberty/0/pictures/US_Navy_010917-N-7479T-512_World_Trade_Center_collapse.jpg
Statue_of_Liberty,260909,0,commons/Right_side_views_of_the_Statue_of_Liberty/0/pictures/Statue_of_Liberty_National_Monument_-_New_York_-_USA_-_panoramio_(2).jpg
Statue_of_Liberty,260909,0,commons/Silhouette_of_the_Statue_of_Liberty/0/pictures/Statue_of_Liberty_(4).JPG
Statue_of_Liberty,260909,0,commons/Silhouette_of_the_Statue_of_Liberty/0/pictures/Liberty’s_Light.png
Statue_of_Liberty,260909,0,"commons/Silhouette_of_the_Statue_of_Liberty/0/pictures/Jersey_City,_NJ,_USA_-_panoramio_(8).jpg"
Statue_of_Liberty,260909,0,"commons/Black_and_white_photographs_of_the_Statue_of_Liberty/0/pictures/New_York,_2019_(48621792047).jpg"
Statue_of_Liberty,260909,0,commons/Silhouette_of_the_Statue_of_Liberty/0/pictures/Statue_of_Liberty_shadow_banner.jpg
Statue_of_Liberty,260909,0,commons/Silhouette_of_the_Statue_of_Liberty/0/pictures/The_light_of_Liberty_01.JPG
Statue_of_Liberty,260909,0,commons/Black_and_white_photographs_of_the_Statue_of_Liberty/0/pictures/Statue_of_Liberty_From_the_Bay.jpg
Statue_of_Liberty,260909,0,commons/Silhouette_of_the_Statue_of_Liberty/0/pictures/Statue_of_Liberty_14.jpg
Statue_of_Liberty,260909,0,commons/Silhouette_of_the_Statue_of_Liberty/0/pictures/Statue_of_liberty_sunset2.jpg
Statue_of_Liberty,260909,0,commons/Upshots_of_the_Statue_of_Liberty/0/pictures/Castellers_de_Vilafranca_a_l'Estatua_de_la_LLibertat.jpg
Statue_of_Liberty,260909,0,commons/Silhouette_of_the_Statue_of_Liberty/0/pictures/Triumphant_Statue_of_Liberty.jpg
Statue_of_Liberty,260909,0,"commons/Upshots_of_the_Statue_of_Liberty/0/pictures/2_New_York,_Statue_of_Liberty.jpg"
Statue_of_Liberty,260909,0,commons/Black_and_white_photographs_of_the_Statue_of_Liberty/0/pictures/Statue_of_Liberty_(Unsplash_UGi_Ng56FRI).jpg
Statue_of_Liberty,260909,0,commons/Silhouette_of_the_Statue_of_Liberty/0/pictures/The_light_of_Liberty_02.JPG
Statue_of_Liberty,260909,0,commons/Statue_of_Liberty/0/pictures/Flickr_-_The_U.S._Army_-_Oath_at_the_Statue_of_Liberty.jpg
Statue_of_Liberty,260909,0,commons/Front_left_views_of_the_Statue_of_Liberty/0/pictures/Statua_della_Libertà_-_panoramio_(1).jpg
Statue_of_Liberty,260909,0,commons/Upshots_of_the_Statue_of_Liberty/0/pictures/StatueOfLiberty01.jpg
Statue_of_Liberty,260909,0,commons/Statue_of_Liberty_at_dusk/0/pictures/Lady_Liberty_at_dusk.jpg
Statue_of_Liberty,260909,0,commons/WLMUS_2012_images_of_the_Statue_of_Liberty/0/pictures/Blue_liberty.JPG
Statue_of_Liberty,260909,0,commons/Front_left_views_of_the_Statue_of_Liberty/0/pictures/Statue_of_liberty_28.jpg
Statue_of_Liberty,260909,0,commons/Statue_of_Liberty_from_Staten_Island_Ferry/0/pictures/Statue_of_Liberty_(3550844944).jpg
Statue_of_Liberty,260909,0,commons/Front_right_views_of_the_Statue_of_Liberty/0/pictures/2008_New_York_City_Statue_of_Liberty.jpg
Statue_of_Liberty,260909,0,commons/WLMUS_2012_images_of_the_Statue_of_Liberty/0/pictures/Statue_of_Liberty_-_07.jpg
Statue_of_Liberty,260909,0,commons/Statue_of_Liberty_in_2002/0/pictures/Liberty22.jpg
Statue_of_Liberty,260909,0,commons/WLMUS_2016_images_of_the_Statue_of_Liberty/0/pictures/Lady_Liberty_ablaze_in_all_her_glory.jpg
Statue_of_Liberty,260909,0,commons/Statue_of_Liberty_in_2003/0/pictures/NP-liberty4.jpg
Statue_of_Liberty,260909,0,commons/Front_right_views_of_the_Statue_of_Liberty/0/pictures/Liberty_island.JPG
Statue_of_Liberty,260909,0,commons/WLMUS_2016_images_of_the_Statue_of_Liberty/0/pictures/Statue_of_Liberty_-_Wonders_of_the_world.jpg
Statue_of_Liberty,260909,0,commons/Statue_of_Liberty_in_2004/0/pictures/StatueofLibertyRMH.jpg
Statue_of_Liberty,260909,0,commons/Front_right_views_of_the_Statue_of_Liberty/0/pictures/Close_up_of_the_Statue_of_Liberty.jpg
Statue_of_Liberty,260909,0,commons/WLMUS_2013_images_of_the_Statue_of_Liberty/0/pictures/S_of_L.JPG
Statue_of_Liberty,260909,0,commons/Statue_of_Liberty_in_2004/0/pictures/NYC_Freiheitsstatue.JPG
Statue_of_Liberty,260909,0,commons/Front_right_views_of_the_Statue_of_Liberty/0/pictures/Anthony_DELANOIX_2015-04-13_(Unsplash).jpg
Statue_of_Liberty,260909,0,commons/Statue_of_Liberty_in_2005/0/pictures/LadyLiberty.jpg
Statue_of_Liberty,260909,0,commons/Front_right_views_of_the_Statue_of_Liberty/0/pictures/S-o-L-close.jpg
Statue_of_Liberty,260909,0,commons/WLMUS_2016_images_of_the_Statue_of_Liberty/0/pictures/Statue_of_Liberty_National_Monument_New_York.jpg
Statue_of_Liberty,260909,0,commons/Statue_of_Liberty_in_2004/0/pictures/Statue_of_Liberty_From_the_Bay.jpg
Statue_of_Liberty,260909,0,commons/Front_right_views_of_the_Statue_of_Liberty/0/pictures/Freiheitsstatue_NY_Mai_2009_PD_004.JPG
Statue_of_Liberty,260909,0,commons/Statue_of_Liberty_in_2005/0/pictures/Statue_of_Liberty.jpg
Statue_of_Liberty,260909,0,commons/WLMUS_2016_images_of_the_Statue_of_Liberty/0/pictures/Lady_Liberty_Front_View.jpg
Statue_of_Liberty,260909,0,commons/Front_right_views_of_the_Statue_of_Liberty/0/pictures/Statue_of_Liberty_(3).JPG
Statue_of_Liberty,260909,0,commons/Statue_of_Liberty_in_2006/0/pictures/116_NYC_(Liberty_Island).jpg
Statue_of_Liberty,260909,0,"commons/WLMUS_2016_images_of_the_Statue_of_Liberty/0/pictures/The_Statue_of_Liberty,New_York.jpg"
Statue_of_Liberty,260909,0,commons/Front_right_views_of_the_Statue_of_Liberty/0/pictures/Statue_of_Liberty_2017.jpg
Statue_of_Liberty,260909,0,commons/Statue_of_Liberty_in_2005/0/pictures/StatueOfLiberty01.jpg
Statue_of_Liberty,260909,0,commons/WLMUS_2017_images_of_the_Statue_of_Liberty/0/pictures/Adk1.jpg
Statue_of_Liberty,260909,0,commons/Front_right_views_of_the_Statue_of_Liberty/0/pictures/Statue_of_Liberty_United_States_of_America_-_USA_(9897872285).jpg
Statue_of_Liberty,260909,0,commons/Statue_of_Liberty_in_2006/0/pictures/Statue_of_Liberty_-_panoramio.jpg
Statue_of_Liberty,260909,0,commons/WLMUS_2017_images_of_the_Statue_of_Liberty/0/pictures/Statue_of_Liberty_2017.jpg
Statue_of_Liberty,260909,0,commons/Front_right_views_of_the_Statue_of_Liberty/0/pictures/Statue_of_Liberty_National_Monument.JPG
Statue_of_Liberty,260909,0,commons/Statue_of_Liberty_in_2004/0/pictures/Statue_of_Liberty_National_Monument_STLI4930.jpg
Statue_of_Liberty,260909,0,commons/WLMUS_2017_images_of_the_Statue_of_Liberty/0/pictures/Statute_of_Liberty.jpg
Statue_of_Liberty,260909,0,commons/Statue_of_Liberty_in_2006/0/pictures/US_New_York_0603_158_(17063478669).jpg
Statue_of_Liberty,260909,1,commons/Statue_of_Liberty_in_September_2017/0/pictures/The_Statue_of_Liberty_at_Night.jpg
Statue_of_Liberty,260909,1,commons/Statue_of_Liberty_in_2018/0/pictures/Nightime_Lady_Liberty_WIDE.jpg
Statue_of_Liberty,260909,1,commons/Statue_of_Liberty_at_night/0/pictures/Nighttime_Lady_Liberty.jpg
Statue_of_Liberty,260909,1,commons/Statue_of_Liberty_at_night/0/pictures/The_Statue_of_Liberty_at_Night.jpg
Statue_of_Liberty,260909,1,commons/Front_views_of_the_Statue_of_Liberty/0/pictures/Nighttime_Lady_Liberty.jpg
Statue_of_Liberty,260909,1,commons/Front_views_of_the_Statue_of_Liberty/0/pictures/Nightime_Lady_Liberty_WIDE.jpg
Statue_of_Liberty,260909,1,commons/WLMUS_2018_images_of_the_Statue_of_Liberty/0/pictures/Nighttime_Lady_Liberty.jpg
Statue_of_Liberty,260909,1,commons/Statue_of_Liberty_in_2018/0/pictures/Nighttime_Lady_Liberty.jpg
Statue_of_Liberty,260909,1,commons/Statue_of_Liberty_at_night/0/pictures/Nightime_Lady_Liberty_WIDE.jpg
Statue_of_Liberty,260909,1,commons/WLMUS_2018_images_of_the_Statue_of_Liberty/0/pictures/Nightime_Lady_Liberty_WIDE.jpg
Statue_of_Liberty,260909,1,commons/WLMUS_2017_images_of_the_Statue_of_Liberty/0/pictures/The_Statue_of_Liberty_at_Night.jpg
Statue_of_Liberty,260909,2,commons/Upshots_of_the_Statue_of_Liberty/0/pictures/Statue_of_Liberty_2.JPG
Statue_of_Liberty,260909,2,"commons/Upshots_of_the_Statue_of_Liberty/0/pictures/Statue_of_Liberty_(March_26,_2007).jpg"
Statue_of_Liberty,260909,2,commons/Statue_of_Liberty_in_September_2013/0/pictures/Statue_of_Liberty_and_base.JPG
Statue_of_Liberty,260909,2,commons/Statue_of_Liberty_in_2012/0/pictures/Žába_with_Statue_of_Liberty_-_panoramio.jpg
Statue_of_Liberty,260909,2,commons/Statue_of_Liberty_in_2008/0/pictures/Statue_de_la_liberté.jpg
Statue_of_Liberty,260909,2,"commons/Statue_of_Liberty_in_2007/0/pictures/Statue_of_Liberty_(March_26,_2007).jpg"
Statue_of_Liberty,260909,2,commons/Upshots_of_the_Statue_of_Liberty/0/pictures/Statue_of_Liberty_IMG_1967.jpg
Statue_of_Liberty,260909,2,commons/Front_left_views_of_the_Statue_of_Liberty/0/pictures/Žába_with_Statue_of_Liberty_-_panoramio.jpg
Statue_of_Liberty,260909,2,commons/Upshots_of_the_Statue_of_Liberty/0/pictures/Statue_of_Liberty_and_base.JPG
Statue_of_Liberty,260909,2,commons/WLMUS_2013_images_of_the_Statue_of_Liberty/0/pictures/Statue_of_Liberty_and_base.JPG
Statue_of_Liberty,260909,2,commons/Statue_of_Liberty_in_2007/0/pictures/New-York-City---Liberty-Island---Statue-of-Liberty---(Gentry).jpg
Statue_of_Liberty,260909,2,commons/Front_left_views_of_the_Statue_of_Liberty/0/pictures/New-York-City---Liberty-Island---Statue-of-Liberty---(Gentry).jpg
Statue_of_Liberty,260909,2,"commons/Front_left_views_of_the_Statue_of_Liberty/0/pictures/Statue_of_Liberty_(March_26,_2007).jpg"
Statue_of_Liberty,260909,2,commons/Front_left_views_of_the_Statue_of_Liberty/0/pictures/Statue_of_Liberty_IMG_1967.jpg
Statue_of_Liberty,260909,2,commons/Statue_of_Liberty_in_2018/0/pictures/Statue_of_Liberty_IMG_1967.jpg
Statue_of_Liberty,260909,2,commons/Upshots_of_the_Statue_of_Liberty/0/pictures/Žába_with_Statue_of_Liberty_-_panoramio.jpg
Statue_of_Liberty,260909,2,"commons/WLMUS_2021_images_of_the_Statue_of_Liberty/0/pictures/Statue_of_Liberty_(March_26,_2007).jpg"
Statue_of_Liberty,260909,2,commons/Front_left_views_of_the_Statue_of_Liberty/0/pictures/Statue_of_Liberty_and_base.JPG
Statue_of_Liberty,260909,2,commons/Front_views_of_the_Statue_of_Liberty/0/pictures/Statue_de_la_liberté.jpg
Statue_of_Liberty,260909,2,commons/Statue_of_Liberty/0/pictures/Flickr_-_The_U.S._Army_-_Oath_at_the_Statue_of_Liberty.jpg
Statue_of_Liberty,260909,3,commons/Statue_of_Liberty_in_2017/0/pictures/The_statue_of_liberty.jpg
Statue_of_Liberty,260909,3,commons/Statue_of_Liberty_in_2007/0/pictures/ESTATUA_DE_LA_LIBERTAD_-_panoramio.jpg
Statue_of_Liberty,260909,3,commons/Statue_of_Liberty_in_2012/0/pictures/Statue_of_Liberty_200012.jpg
Statue_of_Liberty,260909,3,commons/Statue_of_Liberty_in_2007/0/pictures/New-York-City---Liberty-Island---Statue-of-Liberty---(Gentry).jpg
Statue_of_Liberty,260909,3,commons/Front_left_views_of_the_Statue_of_Liberty/0/pictures/New-York-City---Liberty-Island---Statue-of-Liberty---(Gentry).jpg
Statue_of_Liberty,260909,3,commons/Upshots_of_the_Statue_of_Liberty/0/pictures/Statue_of_Liberty_2.JPG
Statue_of_Liberty,260909,3,commons/Front_left_views_of_the_Statue_of_Liberty/0/pictures/Statue_of_Liberty_2.JPG
Statue_of_Liberty,260909,3,commons/Black_and_white_photographs_of_the_Statue_of_Liberty/0/pictures/Statue_of_Liberty_200012.jpg
Statue_of_Liberty,260909,3,commons/Front_left_views_of_the_Statue_of_Liberty/0/pictures/Statue_of_Liberty_7.jpg
Statue_of_Liberty,260909,3,commons/WLMUS_2018_images_of_the_Statue_of_Liberty/0/pictures/Statue_of_Liberty_200012.jpg
Statue_of_Liberty,260909,3,commons/Front_right_views_of_the_Statue_of_Liberty/0/pictures/The_statue_of_liberty.jpg
Statue_of_Liberty,260909,3,commons/Front_views_of_the_Statue_of_Liberty/0/pictures/ESTATUA_DE_LA_LIBERTAD_-_panoramio.jpg
Statue_of_Liberty,260909,3,commons/Statue_of_Liberty_in_2015/0/pictures/Statue.png
Statue_of_Liberty,260909,3,commons/Front_views_of_the_Statue_of_Liberty/0/pictures/Statue_of_Liberty_200012.jpg
Statue_of_Liberty,260909,3,commons/Statue_of_Liberty_in_2010/0/pictures/Statue_of_Liberty_7.jpg
Statue_of_Liberty,260909,3,commons/Statue_of_Liberty/0/pictures/Statue_of_liberty_(transparent).png
Statue_of_Liberty,260909,3,commons/Statue_of_Liberty_in_2004/0/pictures/NYC_Freiheitsstatue.JPG
Statue_of_Liberty,260909,3,commons/Front_views_of_the_Statue_of_Liberty/0/pictures/NYC_Freiheitsstatue.JPG
Statue_of_Liberty,260909,3,commons/Statue_of_Liberty_in_2006/0/pictures/Statue_of_Liberty_2.JPG
Statue_of_Liberty,260909,3,commons/Front_views_of_the_Statue_of_Liberty/0/pictures/Statue.png
Statue_of_Liberty,260909,4,commons/Statue_of_Liberty_in_2008/0/pictures/Statue_de_la_liberté.jpg
Statue_of_Liberty,260909,4,commons/Statue_of_Liberty_in_2007/0/pictures/ESTATUA_DE_LA_LIBERTAD_-_panoramio.jpg
Statue_of_Liberty,260909,4,commons/Statue_of_Liberty_in_2012/0/pictures/Statue_of_Liberty_200012.jpg
Statue_of_Liberty,260909,4,commons/Statue_of_Liberty_in_2007/0/pictures/New-York-City---Liberty-Island---Statue-of-Liberty---(Gentry).jpg
Statue_of_Liberty,260909,4,commons/Front_left_views_of_the_Statue_of_Liberty/0/pictures/New-York-City---Liberty-Island---Statue-of-Liberty---(Gentry).jpg
Statue_of_Liberty,260909,4,commons/Front_views_of_the_Statue_of_Liberty/0/pictures/Statue_de_la_liberté.jpg
Statue_of_Liberty,260909,4,commons/Upshots_of_the_Statue_of_Liberty/0/pictures/Statue_of_Liberty_2.JPG
Statue_of_Liberty,260909,4,commons/Front_left_views_of_the_Statue_of_Liberty/0/pictures/Statue_of_Liberty_2.JPG
Statue_of_Liberty,260909,4,commons/Black_and_white_photographs_of_the_Statue_of_Liberty/0/pictures/Statue_of_Liberty_200012.jpg
Statue_of_Liberty,260909,4,commons/Front_left_views_of_the_Statue_of_Liberty/0/pictures/Statue_of_Liberty_7.jpg
Statue_of_Liberty,260909,4,commons/WLMUS_2018_images_of_the_Statue_of_Liberty/0/pictures/Statue_of_Liberty_200012.jpg
Statue_of_Liberty,260909,4,commons/Front_views_of_the_Statue_of_Liberty/0/pictures/ESTATUA_DE_LA_LIBERTAD_-_panoramio.jpg
Statue_of_Liberty,260909,4,commons/Statue_of_Liberty_in_2015/0/pictures/Statue.png
Statue_of_Liberty,260909,4,commons/Front_views_of_the_Statue_of_Liberty/0/pictures/Statue_of_Liberty_200012.jpg
Statue_of_Liberty,260909,4,commons/Statue_of_Liberty_in_2010/0/pictures/Statue_of_Liberty_7.jpg
Statue_of_Liberty,260909,4,commons/Statue_of_Liberty/0/pictures/Statue_of_liberty_(transparent).png
Statue_of_Liberty,260909,4,commons/Statue_of_Liberty_in_2004/0/pictures/NYC_Freiheitsstatue.JPG
Statue_of_Liberty,260909,4,commons/Front_views_of_the_Statue_of_Liberty/0/pictures/NYC_Freiheitsstatue.JPG
Statue_of_Liberty,260909,4,commons/Statue_of_Liberty_in_2006/0/pictures/Statue_of_Liberty_2.JPG
Statue_of_Liberty,260909,4,commons/Front_views_of_the_Statue_of_Liberty/0/pictures/Statue.png
Statue_of_Liberty,260909,5,commons/Statue_of_Liberty_in_2008/0/pictures/Statue_de_la_liberté.jpg
Statue_of_Liberty,260909,5,commons/Statue_of_Liberty_in_2011/0/pictures/New_York_(290).jpg
Statue_of_Liberty,260909,5,commons/Statue_of_Liberty_in_2007/0/pictures/ESTATUA_DE_LA_LIBERTAD_-_panoramio.jpg
Statue_of_Liberty,260909,5,commons/Front_views_of_the_Statue_of_Liberty/0/pictures/Statue_de_la_liberté.jpg
Statue_of_Liberty,260909,5,commons/Upshots_of_the_Statue_of_Liberty/0/pictures/Statue_of_Liberty_2.JPG
Statue_of_Liberty,260909,5,commons/Front_left_views_of_the_Statue_of_Liberty/0/pictures/Statue_of_Liberty_2.JPG
Statue_of_Liberty,260909,5,commons/Black_and_white_photographs_of_the_Statue_of_Liberty/0/pictures/Statue_of_Liberty_200012.jpg
Statue_of_Liberty,260909,5,commons/Front_left_views_of_the_Statue_of_Liberty/0/pictures/Statue_of_Liberty_7.jpg
Statue_of_Liberty,260909,5,commons/WLMUS_2018_images_of_the_Statue_of_Liberty/0/pictures/Statue_of_Liberty_200012.jpg
Statue_of_Liberty,260909,5,commons/Front_left_views_of_the_Statue_of_Liberty/0/pictures/Statue_of_Liberty_Island_3.jpg
Statue_of_Liberty,260909,5,commons/Front_views_of_the_Statue_of_Liberty/0/pictures/ESTATUA_DE_LA_LIBERTAD_-_panoramio.jpg
Statue_of_Liberty,260909,5,commons/Statue_of_Liberty_in_2012/0/pictures/Statue_of_Liberty_200012.jpg
Statue_of_Liberty,260909,5,commons/Statue_of_Liberty_in_2007/0/pictures/New-York-City---Liberty-Island---Statue-of-Liberty---(Gentry).jpg
Statue_of_Liberty,260909,5,commons/Front_left_views_of_the_Statue_of_Liberty/0/pictures/New-York-City---Liberty-Island---Statue-of-Liberty---(Gentry).jpg
Statue_of_Liberty,260909,5,commons/Front_views_of_the_Statue_of_Liberty/0/pictures/New_York_(290).jpg
Statue_of_Liberty,260909,5,commons/Statue_of_Liberty_in_2006/0/pictures/Statue_of_Liberty_2.JPG
Statue_of_Liberty,260909,5,commons/Front_views_of_the_Statue_of_Liberty/0/pictures/NYC_Freiheitsstatue.JPG
Statue_of_Liberty,260909,5,commons/Front_views_of_the_Statue_of_Liberty/0/pictures/Statue.png
Statue_of_Liberty,260909,5,commons/Statue_of_Liberty_in_2015/0/pictures/Statue.png
Statue_of_Liberty,260909,5,commons/Front_views_of_the_Statue_of_Liberty/0/pictures/Statue_of_Liberty_200012.jpg
Statue_of_Liberty,260909,5,commons/Statue_of_Liberty_in_2010/0/pictures/Statue_of_Liberty_7.jpg
Statue_of_Liberty,260909,5,commons/Statue_of_Liberty_in_2004/0/pictures/NYC_Freiheitsstatue.JPG
Statue_of_Liberty,260909,6,commons/Upshots_of_the_Statue_of_Liberty/0/pictures/Liberty-statue-from-behind.jpg
Statue_of_Liberty,260909,6,commons/Upshots_of_the_Statue_of_Liberty/0/pictures/La_Statua_della_Libertà_vista_dal_retro..JPG
Statue_of_Liberty,260909,6,commons/Statue_of_Liberty_in_May_2019/0/pictures/Marine_Corps_Silent_Drill_platoon_parade_the_national_ensign_during_a_performance_at_the_Statue_of_Liberty_National_Park_during_Fleet_Week_New_York_2019_-_2.jpg
Statue_of_Liberty,260909,6,commons/Statue_of_Liberty_in_May_2019/0/pictures/Marine_Corps_Silent_Drill_platoon_parade_the_national_ensign_during_a_performance_at_the_Statue_of_Liberty_National_Park_during_Fleet_Week_New_York_2019_-_1.jpg
Statue_of_Liberty,260909,6,commons/Statue_of_Liberty_in_July_2019/0/pictures/Liberty_Island_Jul_2019_36.jpg
Statue_of_Liberty,260909,6,commons/Statue_of_Liberty_in_July_2019/0/pictures/Liberty_Island_Jul_2019_35.jpg
Statue_of_Liberty,260909,6,commons/Rear_views_of_the_Statue_of_Liberty/0/pictures/The_Statue_of_Liberty_(back_view)_september_2014.JPG
Statue_of_Liberty,260909,6,commons/Rear_views_of_the_Statue_of_Liberty/0/pictures/Statue_of_Liberty_-_panoramio_(5).jpg
Statue_of_Liberty,260909,6,"commons/Rear_views_of_the_Statue_of_Liberty/0/pictures/Statue_of_Liberty,_New_York_City,_USA.JPG"
Statue_of_Liberty,260909,6,commons/Rear_views_of_the_Statue_of_Liberty/0/pictures/مجسمه_ازادی.jpg
Statue_of_Liberty,260909,6,commons/Rear_views_of_the_Statue_of_Liberty/0/pictures/Flip_side_of_liberty.jpg
Statue_of_Liberty,260909,6,commons/Statue_of_Liberty_in_2014/0/pictures/Statue_of_Liberty_National_Monument_-_New_York_-_USA_-_panoramio_(3).jpg
Statue_of_Liberty,260909,6,commons/Upshots_of_the_Statue_of_Liberty/0/pictures/Marine_Corps_Silent_Drill_platoon_parade_the_national_ensign_during_a_performance_at_the_Statue_of_Liberty_National_Park_during_Fleet_Week_New_York_2019_-_1.jpg
Statue_of_Liberty,260909,6,commons/Rear_views_of_the_Statue_of_Liberty/0/pictures/Johnsonliberty.jpg
Statue_of_Liberty,260909,6,commons/Rear_views_of_the_Statue_of_Liberty/0/pictures/Liberty-statue-from-behind.jpg
Statue_of_Liberty,260909,6,commons/Rear_views_of_the_Statue_of_Liberty/0/pictures/LibertyBack.JPG
Statue_of_Liberty,260909,6,commons/WLMUS_2012_images_of_the_Statue_of_Liberty/0/pictures/US_-_Liberty_Island_-_08.JPG
Statue_of_Liberty,260909,6,commons/Rear_views_of_the_Statue_of_Liberty/0/pictures/Marine_Corps_Silent_Drill_platoon_parade_the_national_ensign_during_a_performance_at_the_Statue_of_Liberty_National_Park_during_Fleet_Week_New_York_2019_-_1.jpg
Statue_of_Liberty,260909,6,commons/Rear_views_of_the_Statue_of_Liberty/0/pictures/Back_View_of_the_Statue_of_Liberty_-_panoramio.jpg
Statue_of_Liberty,260909,6,commons/Statue_of_Liberty_in_2009/0/pictures/US_-_Liberty_Island_-_08.JPG
Statue_of_Liberty,260909,6,commons/Rear_views_of_the_Statue_of_Liberty/0/pictures/Liberty_Island_Jul_2019_30.jpg
Statue_of_Liberty,260909,6,commons/WLMUS_2018_images_of_the_Statue_of_Liberty/0/pictures/Flip_side_of_liberty.jpg
Statue_of_Liberty,260909,6,commons/Statue_of_Liberty_in_the_1960s/0/pictures/Johnsonliberty.jpg
Statue_of_Liberty,260909,6,commons/Rear_views_of_the_Statue_of_Liberty/0/pictures/Marine_Corps_Silent_Drill_platoon_parade_the_national_ensign_during_a_performance_at_the_Statue_of_Liberty_National_Park_during_Fleet_Week_New_York_2019_-_2.jpg
Statue_of_Liberty,260909,6,commons/Statue_of_Liberty_in_2010/0/pictures/Statue_of_Liberty_-_panoramio_(5).jpg
Statue_of_Liberty,260909,6,commons/Rear_views_of_the_Statue_of_Liberty/0/pictures/Statue_of_Liberty_(6279783758).jpg
Statue_of_Liberty,260909,6,commons/WLMUS_2016_images_of_the_Statue_of_Liberty/0/pictures/Lady_Liberty_Rear_View.jpg
Statue_of_Liberty,260909,6,commons/Statue_of_Liberty_in_September_2004/0/pictures/Liberty-statue-from-behind.jpg
Statue_of_Liberty,260909,6,commons/Rear_views_of_the_Statue_of_Liberty/0/pictures/Statue_of_Liberty_back_1.jpg
Statue_of_Liberty,260909,6,commons/Statue_of_Liberty_Museum/0/pictures/Liberty_Island_Jul_2019_35.jpg
Statue_of_Liberty,260909,6,commons/WLMUS_2018_images_of_the_Statue_of_Liberty/0/pictures/Welcome_center_and_rear_view_of_the_Statue_of_Liberty.jpg
Statue_of_Liberty,260909,6,"commons/Statue_of_Liberty_in_2012/0/pictures/Statue_of_Liberty,_New_York_City,_USA.JPG"
Statue_of_Liberty,260909,6,commons/Upshots_of_the_Statue_of_Liberty/0/pictures/Frihetsgudinnen_bakfra.JPG
Statue_of_Liberty,260909,6,commons/Rear_views_of_the_Statue_of_Liberty/0/pictures/Liberty_Island_Jul_2019_31.jpg
Statue_of_Liberty,260909,6,commons/Statue_of_Liberty_in_2011/0/pictures/Statue_of_Liberty_(6279782226).jpg
Statue_of_Liberty,260909,6,commons/Statue_of_Liberty_in_2009/0/pictures/Statue_of_Liberty_-_panoramio_(6).jpg
Statue_of_Liberty,260909,6,commons/Rear_views_of_the_Statue_of_Liberty/0/pictures/Statue_of_Liberty_(6279782226).jpg
Statue_of_Liberty,260909,6,commons/Statue_of_Liberty_in_2014/0/pictures/The_Statue_of_Liberty_(back_view)_september_2014.JPG
Statue_of_Liberty,260909,6,"commons/Statue_of_Liberty_in_the_1960s/0/pictures/“Give_us_your_tired,_your_poor…”_(7222963676).jpg"
Statue_of_Liberty,260909,6,commons/WLMUS_2012_images_of_the_Statue_of_Liberty/0/pictures/The_Statue_of_Liberty_Backside.JPG
Statue_of_Liberty,260909,6,commons/Statue_of_Liberty_in_July_2019/0/pictures/Liberty_Island_Jul_2019_30.jpg
Statue_of_Liberty,260909,6,commons/Rear_views_of_the_Statue_of_Liberty/0/pictures/Frihetsgudinnen_bakfra.JPG
Statue_of_Liberty,260909,6,"commons/Rear_views_of_the_Statue_of_Liberty/0/pictures/“Give_us_your_tired,_your_poor…”_(7222963676).jpg"
Statue_of_Liberty,260909,6,commons/Rear_views_of_the_Statue_of_Liberty/0/pictures/500px_photo_(203162775).jpeg
Statue_of_Liberty,260909,6,commons/Rear_views_of_the_Statue_of_Liberty/0/pictures/Liberty_Island_Jul_2019_35.jpg
Statue_of_Liberty,260909,6,commons/Rear_views_of_the_Statue_of_Liberty/0/pictures/Statue_of_Liberty_back_shot.JPG
Statue_of_Liberty,260909,6,commons/Statue_of_Liberty_in_2005/0/pictures/The_Statue_of_Liberty_Backside.JPG
Statue_of_Liberty,260909,6,commons/Statue_of_Liberty_in_2012/0/pictures/Frihetsgudinnen_bakfra.JPG
Statue_of_Liberty,260909,6,commons/Rear_views_of_the_Statue_of_Liberty/0/pictures/La_Statua_della_Libertà_vista_dal_retro..JPG
Statue_of_Liberty,260909,6,commons/Statue_of_Liberty_in_July_2012/0/pictures/Statue_of_Liberty_back_1.jpg
Statue_of_Liberty,260909,6,commons/Rear_views_of_the_Statue_of_Liberty/0/pictures/Lady_Liberty_Rear_View.jpg
Statue_of_Liberty,260909,6,"commons/Rear_views_of_the_Statue_of_Liberty/0/pictures/Statue_of_Liberty_(Liberty_Island,_New_York_-_USA)_-_panoramio.jpg"
Statue_of_Liberty,260909,6,commons/Rear_views_of_the_Statue_of_Liberty/0/pictures/The_Statue_of_Liberty_Backside.JPG
Statue_of_Liberty,260909,6,commons/Rear_views_of_the_Statue_of_Liberty/0/pictures/US_-_Liberty_Island_-_08.JPG
Statue_of_Liberty,260909,6,commons/Rear_views_of_the_Statue_of_Liberty/0/pictures/Statue_of_Liberty_-_panoramio_(6).jpg
Statue_of_Liberty,260909,6,commons/Rear_views_of_the_Statue_of_Liberty/0/pictures/Welcome_center_and_rear_view_of_the_Statue_of_Liberty.jpg
Statue_of_Liberty,260909,6,"commons/Statue_of_Liberty/0/pictures/Liberty_Island,_New_York,_United_States_(Unsplash_JSvSIKCd9j4).jpg"
Statue_of_Liberty,260909,6,commons/Rear_views_of_the_Statue_of_Liberty/0/pictures/Statue_of_Liberty_National_Monument_-_New_York_-_USA_-_panoramio_(3).jpg
Statue_of_Liberty,260909,6,"commons/Statue_of_Liberty_in_2003/0/pictures/Statue_of_Liberty_(Liberty_Island,_New_York_-_USA)_-_panoramio.jpg"
Statue_of_Liberty,260909,6,commons/Statue_of_Liberty_in_2009/0/pictures/Back_View_of_the_Statue_of_Liberty_-_panoramio.jpg
Statue_of_Liberty,260909,6,commons/Rear_views_of_the_Statue_of_Liberty/0/pictures/USMC-090704-M-4003C-107.jpg
Statue_of_Liberty,260909,6,commons/Statue_of_Liberty_in_2008/0/pictures/LibertyBack.JPG
Statue_of_Liberty,260909,6,commons/Rear_views_of_the_Statue_of_Liberty/0/pictures/Liberty_Island_Jul_2019_36.jpg
Statue_of_Liberty,260909,6,commons/Statue_of_Liberty_in_2009/0/pictures/USMC-090704-M-4003C-107.jpg
Statue_of_Liberty,260909,6,commons/Statue_of_Liberty_in_July_2010/0/pictures/Statue_of_Liberty_back_shot.JPG
Statue_of_Liberty,260909,6,commons/Statue_of_Liberty_in_2016/0/pictures/Welcome_center_and_rear_view_of_the_Statue_of_Liberty.jpg
Statue_of_Liberty,260909,6,commons/Statue_of_Liberty_in_2011/0/pictures/Statue_of_Liberty_(6279783758).jpg
Statue_of_Liberty,260909,6,commons/Statue_of_Liberty_in_2014/0/pictures/La_Statua_della_Libertà_vista_dal_retro..JPG
Statue_of_Liberty,260909,6,commons/Statue_of_Liberty_in_July_2019/0/pictures/Liberty_Island_Jul_2019_31.jpg
Statue_of_Liberty,260909,6,commons/Statue_of_Liberty_in_2014/0/pictures/مجسمه_ازادی.jpg
Statue_of_Liberty,260909,6,commons/Statue_of_Liberty_in_2016/0/pictures/500px_photo_(203162775).jpeg
Statue_of_Liberty,260909,6,commons/Statue_of_Liberty_in_2018/0/pictures/Flip_side_of_liberty.jpg
Statue_of_Liberty,260909,7,commons/Statue_of_Liberty_in_September_2004/0/pictures/REPUBLICAN_NATIONAL_CONVENTION_(3060708414).jpg
Statue_of_Liberty,260909,7,commons/Statue_of_Liberty_in_June_2013/0/pictures/Liberty_9_(9201149016).jpg
Statue_of_Liberty,260909,7,commons/Statue_of_Liberty_in_June_2013/0/pictures/Liberty_5_(9146159768).png
Statue_of_Liberty,260909,7,commons/Statue_of_Liberty_in_2013/0/pictures/Liberty_9_(9201149016).jpg
Statue_of_Liberty,260909,7,commons/Front_left_views_of_the_Statue_of_Liberty/0/pictures/Freiheitsstatue_NY_Mai_2009_PD_001.JPG
Statue_of_Liberty,260909,7,commons/Left_side_views_of_the_Statue_of_Liberty/0/pictures/REPUBLICAN_NATIONAL_CONVENTION_(3060708414).jpg
Statue_of_Liberty,260909,7,commons/Statue_of_Liberty_in_2011/0/pictures/Statue_of_Liberty_(6279259673).jpg
Statue_of_Liberty,260909,7,commons/Left_side_views_of_the_Statue_of_Liberty/0/pictures/Liberty_1_(9146159178).png
Statue_of_Liberty,260909,7,commons/Left_side_views_of_the_Statue_of_Liberty/0/pictures/Liberty_9_(9201149016).jpg
Statue_of_Liberty,260909,7,commons/Left_side_views_of_the_Statue_of_Liberty/0/pictures/Liberty_5_(9146159768).png
Statue_of_Liberty,260909,7,commons/Statue_of_Liberty_in_September_2004/0/pictures/USCG_defender_class_NY_harbor.jpg
Statue_of_Liberty,260909,7,commons/Left_side_views_of_the_Statue_of_Liberty/0/pictures/Statue_of_Liberty_(6279259673).jpg
Statue_of_Liberty,260909,7,commons/Statue_of_Liberty/0/pictures/Fleet_Week_2012_-Image_1_of_7-_(7268775984).jpg
Statue_of_Liberty,260909,7,commons/Statue_of_Liberty_in_2009/0/pictures/Freiheitsstatue_NY_Mai_2009_PD_001.JPG
Statue_of_Liberty,260909,7,commons/Left_side_views_of_the_Statue_of_Liberty/0/pictures/Liberty_14_(9198371079).jpg
Statue_of_Liberty,260909,7,commons/Statue_of_Liberty_in_June_2013/0/pictures/Liberty_1_(9146159178).png
Statue_of_Liberty,260909,7,commons/Left_side_views_of_the_Statue_of_Liberty/0/pictures/USCG_defender_class_NY_harbor.jpg
Statue_of_Liberty,260909,7,commons/Statue_of_Liberty_in_2013/0/pictures/Liberty_5_(9146159768).png
Statue_of_Liberty,260909,7,commons/Statue_of_Liberty_in_2013/0/pictures/Liberty_1_(9146159178).png
Statue_of_Liberty,260909,8,commons/Upshots_of_the_Statue_of_Liberty/0/pictures/Statue_of_Liberty_4.jpg
Statue_of_Liberty,260909,8,commons/Statue_of_Liberty_in_2017/0/pictures/The_statue_of_liberty.jpg
Statue_of_Liberty,260909,8,commons/Statue_of_Liberty_in_2018/0/pictures/Madam_Liberty.jpg
Statue_of_Liberty,260909,8,commons/Statue_of_Liberty_in_2012/0/pictures/Statue_of_Liberty_-_New_York_Harbor_-_2_Sept._2012.jpg
Statue_of_Liberty,260909,8,commons/Front_views_of_the_Statue_of_Liberty/0/pictures/Statue_of_Liberty_-_New_York_Harbor_-_2_Sept._2012.jpg
Statue_of_Liberty,260909,8,commons/Upshots_of_the_Statue_of_Liberty/0/pictures/The_Statue_of_Liberty_(from_below_pedestal).jpg
Statue_of_Liberty,260909,8,commons/WLMUS_2018_images_of_the_Statue_of_Liberty/0/pictures/Madam_Liberty.jpg
Statue_of_Liberty,260909,8,commons/WLMUS_2018_images_of_the_Statue_of_Liberty/0/pictures/The_Statue_of_Liberty_(from_below_pedestal).jpg
Statue_of_Liberty,260909,8,commons/Statue_of_Liberty_in_2008/0/pictures/Pedestal-of-Statue-of-Liberty.png
Statue_of_Liberty,260909,8,commons/Statue_of_Liberty_in_2005/0/pictures/Statue_of_Liberty_4.jpg
Statue_of_Liberty,260909,8,commons/Front_right_views_of_the_Statue_of_Liberty/0/pictures/Madam_Liberty.jpg
Statue_of_Liberty,260909,8,commons/Pedestal_of_the_Statue_of_Liberty/0/pictures/Pedestal-of-Statue-of-Liberty.png
Statue_of_Liberty,260909,8,commons/Front_right_views_of_the_Statue_of_Liberty/0/pictures/Statue_of_Liberty_front_shot.JPG
Statue_of_Liberty,260909,8,commons/Statue_of_Liberty_in_August_2017/0/pictures/The_Statue_of_Liberty_(from_below_pedestal).jpg
Statue_of_Liberty,260909,8,commons/Front_right_views_of_the_Statue_of_Liberty/0/pictures/The_statue_of_liberty.jpg
Statue_of_Liberty,260909,8,commons/Front_views_of_the_Statue_of_Liberty/0/pictures/Liberty_2005_3.jpg
Statue_of_Liberty,260909,8,commons/Statue_of_Liberty_in_July_2010/0/pictures/Statue_of_Liberty_front_shot.JPG
Statue_of_Liberty,260909,8,commons/Front_right_views_of_the_Statue_of_Liberty/0/pictures/Statue_of_Liberty_4.jpg
Statue_of_Liberty,260909,8,commons/Front_views_of_the_Statue_of_Liberty/0/pictures/The_Statue_of_Liberty_(from_below_pedestal).jpg
Statue_of_Liberty,260909,8,commons/Statue_of_Liberty_in_2005/0/pictures/Liberty_2005_3.jpg
Statue_of_Liberty,260909,9,commons/Statue_of_Liberty_in_July_2010/0/pictures/Statue_of_Liberty_front_shot.JPG
Statue_of_Liberty,260909,9,commons/Statue_of_Liberty_in_2018/0/pictures/Madam_Liberty.jpg
Statue_of_Liberty,260909,9,commons/Statue_of_Liberty_in_2013/0/pictures/Estatue_of_Liberty.jpg
Statue_of_Liberty,260909,9,commons/Statue_of_Liberty_in_2012/0/pictures/Statue_of_Liberty_-_New_York_Harbor_-_2_Sept._2012.jpg
Statue_of_Liberty,260909,9,commons/Statue_of_Liberty_in_2012/0/pictures/Statue_of_Liberty_Ellis_Island.JPG
Statue_of_Liberty,260909,9,commons/WLMUS_2013_images_of_the_Statue_of_Liberty/0/pictures/Estatue_of_Liberty.jpg
Statue_of_Liberty,260909,9,commons/Front_right_views_of_the_Statue_of_Liberty/0/pictures/Statue_of_Liberty_front_shot.JPG
Statue_of_Liberty,260909,9,commons/Front_right_views_of_the_Statue_of_Liberty/0/pictures/Dsc_0514_Jpg_(163916337).jpeg
Statue_of_Liberty,260909,9,commons/Front_views_of_the_Statue_of_Liberty/0/pictures/Statue_of_Liberty_-_New_York_Harbor_-_2_Sept._2012.jpg
Statue_of_Liberty,260909,9,commons/Front_right_views_of_the_Statue_of_Liberty/0/pictures/Statue_of_Liberty_Ellis_Island.JPG
Statue_of_Liberty,260909,9,commons/Front_views_of_the_Statue_of_Liberty/0/pictures/Statue.png
Statue_of_Liberty,260909,9,commons/Front_left_views_of_the_Statue_of_Liberty/0/pictures/美國紐約19.jpg
Statue_of_Liberty,260909,9,commons/Front_views_of_the_Statue_of_Liberty/0/pictures/Estatue_of_Liberty.jpg
Statue_of_Liberty,260909,9,commons/Statue_of_Liberty_in_2006/0/pictures/美國紐約19.jpg
Statue_of_Liberty,260909,9,commons/Statue_of_Liberty_from_Staten_Island_Ferry/0/pictures/美國紐約18.jpg
Statue_of_Liberty,260909,9,commons/Statue_of_Liberty_in_2016/0/pictures/Dsc_0514_Jpg_(163916337).jpeg
Statue_of_Liberty,260909,9,commons/Front_right_views_of_the_Statue_of_Liberty/0/pictures/Statue_of_Liberty_003.jpg
Statue_of_Liberty,260909,9,commons/Statue_of_Liberty_from_Staten_Island_Ferry/0/pictures/美國紐約19.jpg
Statue_of_Liberty,260909,9,commons/Statue_of_Liberty_in_2006/0/pictures/美國紐約18.jpg
Statue_of_Liberty,260909,10,commons/Upshots_of_the_Statue_of_Liberty/0/pictures/S_of_L.JPG
Statue_of_Liberty,260909,10,commons/Statue_of_Liberty_in_2015/0/pictures/STOLIB.jpg
Statue_of_Liberty,260909,10,commons/Statue_of_Liberty_in_2010/0/pictures/S_of_L.JPG
Statue_of_Liberty,260909,10,commons/Statue_of_Liberty_in_2009/0/pictures/Freiheitsstatue_NY_Mai_2009_PD_005.JPG
Statue_of_Liberty,260909,10,commons/Statue_of_Liberty_in_2009/0/pictures/US_-_Liberty_Island_-_04.JPG
Statue_of_Liberty,260909,10,commons/WLMUS_2012_images_of_the_Statue_of_Liberty/0/pictures/US_-_Liberty_Island_-_04.JPG
Statue_of_Liberty,260909,10,commons/WLMUS_2012_images_of_the_Statue_of_Liberty/0/pictures/US_-_Liberty_Island_-_05.JPG
Statue_of_Liberty,260909,10,commons/Front_views_of_the_Statue_of_Liberty/0/pictures/US_-_Liberty_Island_-_05.JPG
Statue_of_Liberty,260909,10,commons/Front_right_views_of_the_Statue_of_Liberty/0/pictures/Freiheitsstatue_NY_Mai_2009_PD_006.JPG
Statue_of_Liberty,260909,10,commons/Front_right_views_of_the_Statue_of_Liberty/0/pictures/Freiheitsstatue_NY_Mai_2009_PD_005.JPG
Statue_of_Liberty,260909,10,commons/Statue_of_Liberty_in_2009/0/pictures/US_-_Liberty_Island_-_05.JPG
Statue_of_Liberty,260909,10,commons/Front_right_views_of_the_Statue_of_Liberty/0/pictures/Freiheitsstatue_NY_Mai_2009_PD_004.JPG
Statue_of_Liberty,260909,10,commons/Front_right_views_of_the_Statue_of_Liberty/0/pictures/S_of_L.JPG
Statue_of_Liberty,260909,10,commons/WLMUS_2018_images_of_the_Statue_of_Liberty/0/pictures/STOLIB.jpg
Statue_of_Liberty,260909,10,commons/Front_right_views_of_the_Statue_of_Liberty/0/pictures/STOLIB.jpg
Statue_of_Liberty,260909,10,commons/Statue_of_Liberty_in_2009/0/pictures/Freiheitsstatue_NY_Mai_2009_PD_006.JPG
Statue_of_Liberty,260909,10,commons/Front_views_of_the_Statue_of_Liberty/0/pictures/US_-_Liberty_Island_-_04.JPG
Statue_of_Liberty,260909,10,commons/WLMUS_2013_images_of_the_Statue_of_Liberty/0/pictures/S_of_L.JPG
Statue_of_Liberty,260909,10,commons/Statue_of_Liberty_in_2005/0/pictures/StatueOfLiberty01.jpg
Statue_of_Liberty,260909,10,commons/Statue_of_Liberty_in_2009/0/pictures/Freiheitsstatue_NY_Mai_2009_PD_004.JPG
Statue_of_Liberty,260909,11,commons/Statue_of_Liberty_in_July_2012/0/pictures/Liberty_island_dal_battello.JPG
Statue_of_Liberty,260909,11,commons/WLMUS_2012_images_of_the_Statue_of_Liberty/0/pictures/Liberty_island_dal_battello.JPG
Statue_of_Liberty,260909,11,commons/Statue_of_Liberty_in_2012/0/pictures/Statue_of_Liberty_-_08.jpg
Statue_of_Liberty,260909,11,commons/WLMUS_2012_images_of_the_Statue_of_Liberty/0/pictures/Statue_of_Liberty_-_09.jpg
Statue_of_Liberty,260909,11,commons/Statue_of_Liberty_in_2012/0/pictures/Statue_of_Liberty_-_09.jpg
Statue_of_Liberty,260909,11,commons/Rear_views_of_the_Statue_of_Liberty/0/pictures/Liberty_Statue_back_-_panoramio.jpg
Statue_of_Liberty,260909,11,commons/Right_side_views_of_the_Statue_of_Liberty/0/pictures/Mrs._Liberty_side_view_-_panoramio.jpg
Statue_of_Liberty,260909,11,commons/Statue_of_Liberty_in_2009/0/pictures/Mrs._Liberty_side_view_-_panoramio.jpg
Statue_of_Liberty,260909,11,commons/Right_rear_views_of_the_Statue_of_Liberty/0/pictures/Statue_of_Liberty_-_09.jpg
Statue_of_Liberty,260909,11,commons/Right_rear_views_of_the_Statue_of_Liberty/0/pictures/Statue_of_Liberty_-_08.jpg
Statue_of_Liberty,260909,11,commons/WLMUS_2012_images_of_the_Statue_of_Liberty/0/pictures/Statue_of_Liberty_-_08.jpg
Statue_of_Liberty,260909,11,commons/Right_rear_views_of_the_Statue_of_Liberty/0/pictures/Liberty_island_dal_battello.JPG
Statue_of_Liberty,260909,11,commons/Statue_of_Liberty/0/pictures/Promoting_freedom_-_panoramio.jpg
Statue_of_Liberty,260909,11,commons/Statue_of_Liberty_in_2009/0/pictures/Liberty_Statue_back_-_panoramio.jpg
