scene,scene_id,model,image
Grand_Central_Terminal,260911,0,commons/Grand_Central_Terminal_in_the_1910s/0/pictures/Grand_Central_Station_-_DPLA_-_bc12d2338ec78aada2ad07e7069a76fa.jpg
Grand_Central_Terminal,260911,0,commons/Grand_Central_Terminal_in_2023/0/pictures/Wildfire_Smoke.jpg
Grand_Central_Terminal,260911,0,commons/Grand_Central_Terminal_in_2023/0/pictures/MTA_Celebrates_110th_Anniversary_of_Grand_Central_Terminal_(52665533479).jpg
Grand_Central_Terminal,260911,0,commons/Grand_Central_Terminal_in_2023/0/pictures/At_New_York_City_2023_165.jpg
Grand_Central_Terminal,260911,0,commons/Grand_Central_Terminal_in_2023/0/pictures/At_New_York_City_2023_154.jpg
Grand_Central_Terminal,260911,0,commons/Grand_Central_Terminal_in_2023/0/pictures/At_New_York_City_2023_156.jpg
Grand_Central_Terminal,260911,0,commons/Grand_Central_Terminal_in_2023/0/pictures/At_New_York_City_2023_155.jpg
Grand_Central_Terminal,260911,0,commons/Grand_Central_Terminal_in_2023/0/pictures/At_New_York_City_2023_153.jpg
Grand_Central_Terminal,260911,0,commons/Grand_Central_Terminal_in_2023/0/pictures/At_New_York_City_2023_163.jpg
Grand_Central_Terminal,260911,0,commons/Grand_Central_Terminal_in_2022/0/pictures/NYC_GC.jpg
Grand_Central_Terminal,260911,0,commons/Grand_Central_Terminal_in_2022/0/pictures/Metro-North_Railroad_and_City_Experiences_Announce_Walks_as_New_Official_Operator_of_Grand_Central_Terminal_Tours_(52537008518).jpg
Grand_Central_Terminal,260911,0,commons/Grand_Central_Terminal_in_2022/0/pictures/Grand_Central_Terminal_December_2022_005.jpg
Grand_Central_Terminal,260911,0,commons/Grand_Central_Terminal_in_2022/0/pictures/GCT_tour_crop.jpg
Grand_Central_Terminal,260911,0,commons/Grand_Central_Terminal_in_2021/0/pictures/Park_Av_Jul_2021_02.jpg
Grand_Central_Terminal,260911,0,commons/Grand_Central_Terminal_in_2021/0/pictures/Park_Av_Jul_2021_05.jpg
Grand_Central_Terminal,260911,0,commons/Grand_Central_Terminal_in_2021/0/pictures/Park_Av_Jul_2021_08.jpg
Grand_Central_Terminal,260911,0,commons/Grand_Central_Terminal_in_2021/0/pictures/Park_Av_Jul_2021_07.jpg
Grand_Central_Terminal,260911,0,commons/Grand_Central_Terminal_in_2021/0/pictures/Grand_Central_facade_detail_09.jpg
Grand_Central_Terminal,260911,0,commons/Grand_Central_Terminal_in_2021/0/pictures/Grand_Central_Terminal_August_2021.jpg
Grand_Central_Terminal,260911,0,commons/Grand_Central_Terminal_in_2020/0/pictures/Metro-North_Railroad_Lights_Up_Pershing_Square_Bridge_to_Honor_Anniversary_of_Stonewall_Uprising_(50044648387).jpg
Grand_Central_Terminal,260911,0,commons/Grand_Central_Terminal_in_2020/0/pictures/Metro-North_Railroad_Lights_Up_Pershing_Square_Bridge_to_Honor_Anniversary_of_Stonewall_Uprising_(50043828803).jpg
Grand_Central_Terminal,260911,0,commons/Grand_Central_Terminal_in_2020/0/pictures/MTA_Responds_to_Winter_Storm_(50728452151).jpg
Grand_Central_Terminal,260911,0,commons/Grand_Central_Terminal_in_2020/0/pictures/Grand_Central_Station_Christmas_Wreath_Snowstorm_2020_(50733349071).jpg
Grand_Central_Terminal,260911,0,"commons/Grand_Central_Terminal_in_2019/0/pictures/Park_Avenue_towards_Grand_Central_Terminal,_New_York_City,_NY_-_48046224386.jpg"
Grand_Central_Terminal,260911,0,"commons/Grand_Central_Terminal_in_2019/0/pictures/Park_Avenue_towards_Grand_Central_Terminal,_New_York_City,_NY.jpg"
Grand_Central_Terminal,260911,0,commons/Grand_Central_Terminal_in_2019/0/pictures/Grand_Central_exterior_02.jpg
Grand_Central_Terminal,260911,0,commons/Grand_Central_Terminal_in_2019/0/pictures/Grand_Central_exterior_01.jpg
Grand_Central_Terminal,260911,0,"commons/Grand_Central_Terminal_in_2019/0/pictures/Grand_Central_Terminal_from_42nd_Street,_New_York_City,_NY.jpg"
Grand_Central_Terminal,260911,0,"commons/Grand_Central_Terminal_in_2019/0/pictures/Grand_Central_Terminal,_New_York_City,_NY_-_48046496462.jpg"
Grand_Central_Terminal,260911,0,"commons/Grand_Central_Terminal_in_2019/0/pictures/Grand_Central_Terminal,_New_York_City,_NY.jpg"
Grand_Central_Terminal,260911,0,"commons/Grand_Central_Terminal_in_2019/0/pictures/Grand_Central_Terminal_from_42nd_Street,_New_York_City,_NY_-_48046297887.jpg"
Grand_Central_Terminal,260911,0,"commons/Grand_Central_Terminal_in_2019/0/pictures/Grand_Central_Terminal_from_42nd_Street,_New_York_City,_NY_-_48046248218.jpg"
Grand_Central_Terminal,260911,0,"commons/Grand_Central_Terminal_in_2019/0/pictures/Grand_Central_Terminal_from_42nd_Street,_New_York_City,_NY_-_48046212836.jpg"
Grand_Central_Terminal,260911,0,commons/Grand_Central_Terminal_in_2019/0/pictures/Grand_Central_(12).jpg
Grand_Central_Terminal,260911,0,commons/Grand_Central_Terminal_in_2019/0/pictures/GCT_November_2019_13.jpg
Grand_Central_Terminal,260911,0,commons/Grand_Central_Terminal_in_2019/0/pictures/GCT_exterior.jpg
Grand_Central_Terminal,260911,0,commons/Grand_Central_Terminal_in_2018/0/pictures/NYC_Grand_Central_Station.jpg
Grand_Central_Terminal,260911,0,commons/Grand_Central_Terminal_in_2018/0/pictures/Manhattan_-_Grand_Central_Terminal_-_20180821114031.jpg
Grand_Central_Terminal,260911,0,commons/Grand_Central_Terminal_in_2018/0/pictures/Grand_Central_Terminal_and_Chrysler_Building_(30757166007).jpg
Grand_Central_Terminal,260911,0,commons/Grand_Central_Terminal_in_2018/0/pictures/GrandCentralTerminal_091818.jpg
Grand_Central_Terminal,260911,0,"commons/Grand_Central_Terminal_in_2018/0/pictures/Grand_Central_Terminal,_MetLife_and_Chrysler_Building_(44783534335).jpg"
Grand_Central_Terminal,260911,0,commons/Grand_Central_Terminal_in_2018/0/pictures/Grand_Central_Taxis_(44972942804).jpg
Grand_Central_Terminal,260911,0,commons/Grand_Central_Terminal_in_2018/0/pictures/Grand_Central_Station_Terminal.jpg
Grand_Central_Terminal,260911,0,commons/Grand_Central_Terminal_in_2018/0/pictures/Grand_Central_Station_(40429587805).jpg
Grand_Central_Terminal,260911,0,commons/Grand_Central_Terminal_in_2018/0/pictures/Grand_Central_Taxis_Waiting_(31825337478).jpg
Grand_Central_Terminal,260911,0,commons/Grand_Central_Terminal_in_2018/0/pictures/Grand_Central_Station_(40430009615).jpg
Grand_Central_Terminal,260911,0,"commons/Grand_Central_Terminal_in_2018/0/pictures/GCT_Dec_4,_2018_(31236600767).jpg"
Grand_Central_Terminal,260911,0,commons/Grand_Central_Terminal_in_2017/0/pictures/View_of_the_Grand_Central_Terminal.jpg
Grand_Central_Terminal,260911,0,commons/Grand_Central_Terminal_in_2016/0/pictures/Gloomy_Grand_Central.jpg
Grand_Central_Terminal,260911,0,commons/Grand_Central_Terminal_in_2016/0/pictures/East_42nd_(29679419866).jpg
Grand_Central_Terminal,260911,0,"commons/Grand_Central_Terminal_in_2015/0/pictures/Murray_Hill,_New_York,_NY,_USA_-_panoramio_(2).jpg"
Grand_Central_Terminal,260911,0,commons/Grand_Central_Terminal_in_2014/0/pictures/Park_Avenue_Viaduct_Pershing_Square_from_west.jpg
Grand_Central_Terminal,260911,0,commons/Grand_Central_Terminal_in_2014/0/pictures/Grand_Central_Terminal_Cooling_Towers_(14242638303).jpg
Grand_Central_Terminal,260911,0,commons/Grand_Central_Terminal_in_2014/0/pictures/Grand_Central_Terminal_(4).JPG
Grand_Central_Terminal,260911,0,commons/Grand_Central_Terminal_in_2019/0/pictures/Grand_Central_entrance.jpg
Grand_Central_Terminal,260911,0,commons/Grand_Central_Terminal_in_2014/0/pictures/Grand_Central_(2).jpg
Grand_Central_Terminal,260911,0,commons/Grand_Central_Terminal_in_2014/0/pictures/Grand_Central_(4).jpg
Grand_Central_Terminal,260911,0,commons/Grand_Central_Terminal_in_2014/0/pictures/75._Tiffany_(13978722723).jpg
Grand_Central_Terminal,260911,0,commons/Grand_Central_Terminal_in_2023/0/pictures/At_New_York_City_2023_164.jpg
Grand_Central_Terminal,260911,0,commons/Grand_Central_Terminal_in_2013/0/pictures/Park_Av_41St_bike_station_east_GCT_jeh.jpg
Grand_Central_Terminal,260911,0,commons/Grand_Central_Terminal_in_2023/0/pictures/At_New_York_City_2023_152.jpg
Grand_Central_Terminal,260911,0,commons/Grand_Central_Terminal_in_2013/0/pictures/MercuryClock2013.jpg
Grand_Central_Terminal,260911,0,"commons/Grand_Central_Terminal_in_2013/0/pictures/Midtown,_New_York,_NY,_USA_-_panoramio_(16).jpg"
Grand_Central_Terminal,260911,0,commons/Grand_Central_Terminal_in_2013/0/pictures/Grand_Central_Terminal.JPG
Grand_Central_Terminal,260911,0,commons/Grand_Central_Terminal_in_2013/0/pictures/Grand_Central_Terminal_(9074218008).jpg
Grand_Central_Terminal,260911,0,commons/Grand_Central_Terminal_in_2013/0/pictures/Grand_Central_(32738821).jpeg
Grand_Central_Terminal,260911,0,commons/Grand_Central_Terminal_in_2012/0/pictures/Park_Avenue_Area_on_a_Sunday_Morning_-_panoramio_(20).jpg
Grand_Central_Terminal,260911,0,commons/Grand_Central_Terminal_in_2012/0/pictures/Grand_central_Terminal.jpg
Grand_Central_Terminal,260911,0,commons/Grand_Central_Terminal_in_2012/0/pictures/Grand_Central_Terminal_Park_Ave_viaduct_Summer_Streets.jpg
Grand_Central_Terminal,260911,0,commons/Grand_Central_Terminal_in_the_2000s/0/pictures/Grand_central_chrysler.jpg
Grand_Central_Terminal,260911,0,commons/Grand_Central_Terminal_in_2012/0/pictures/Grand_Central_Terminal_MetLife_Building_Park_Ave_viaduct_Summer_Streets.jpg
Grand_Central_Terminal,260911,0,commons/Grand_Central_Terminal_in_2012/0/pictures/Grand_Central_Terminal_Clock_Detail.jpg
Grand_Central_Terminal,260911,0,commons/Grand_Central_Terminal_in_2012/0/pictures/Grand_Central_Terminal_-_01.jpg
Grand_Central_Terminal,260911,0,"commons/Grand_Central_Terminal_in_2011/0/pictures/New_York_City,_Manhattan,_Midtown_East,_E_42nd_St._-_Grand_Central_Terminal_1871_&_Chrysler_Bldg_1928-30.jpg"
Grand_Central_Terminal,260911,0,commons/Grand_Central_Terminal_in_2011/0/pictures/NYC_2012_IMG_3342_(5503856180).jpg
Grand_Central_Terminal,260911,0,commons/Grand_Central_Terminal_in_2011/0/pictures/Grand_Central_Terminal_&_Viaduct.JPG
Grand_Central_Terminal,260911,0,commons/Grand_Central_Terminal_in_2011/0/pictures/12.1.11GrandCentralTerminalByLuigiNovi2.jpg
Grand_Central_Terminal,260911,0,commons/Grand_Central_Terminal_in_2009/0/pictures/Skyscaper_Reflection_(8355400872).jpg
Grand_Central_Terminal,260911,0,commons/Grand_Central_Terminal_in_2009/0/pictures/Park_Av_viaduct_&_GCT_from_40th_St_jeh.jpg
Grand_Central_Terminal,260911,0,commons/Grand_Central_Terminal_in_2021/0/pictures/Grand_Central_facade_detail_04.jpg
Grand_Central_Terminal,260911,0,commons/Grand_Central_Terminal_in_2009/0/pictures/MetLife_(3375456693).jpg
Grand_Central_Terminal,260911,0,commons/Grand_Central_Terminal_in_2023/0/pictures/Wildfire_Smoke_-_52958907889.jpg
Grand_Central_Terminal,260911,0,commons/Grand_Central_Terminal_in_2009/0/pictures/Grand_Central_Terminal_(3376311410).jpg
Grand_Central_Terminal,260911,0,commons/Grand_Central_Terminal_in_2020/0/pictures/Metro-North_Railroad_Lights_Up_Pershing_Square_Bridge_to_Honor_Anniversary_of_Stonewall_Uprising_(50043828843).jpg
Grand_Central_Terminal,260911,0,commons/Grand_Central_Terminal_in_2008/0/pictures/Grand_central_Station_Outside_Night_2_crop.jpg
Grand_Central_Terminal,260911,0,commons/Grand_Central_Terminal_in_2007/0/pictures/MetLife_Building_towering_over_Grand_Central_Station_(1628487795).jpg
Grand_Central_Terminal,260911,0,commons/Grand_Central_Terminal_in_2011/0/pictures/12.1.11ChryslerGrandCentralByLuigiNovi.jpg
Grand_Central_Terminal,260911,0,"commons/Exterior_of_Grand_Central_Terminal/0/pictures/New_York_City,_Manhattan,_Midtown_East,_E_42nd_St._-_Grand_Central_Terminal_1871,_Metlife_Bldg_1963,_Chrysler_Bldg_1930.jpg"
Grand_Central_Terminal,260911,0,commons/Grand_Central_Terminal_at_night/0/pictures/Metro-North_Railroad_Lights_Up_Pershing_Square_Bridge_to_Honor_Anniversary_of_Stonewall_Uprising_(50044648377).jpg
Grand_Central_Terminal,260911,0,commons/Grand_Central_Terminal_in_2011/0/pictures/12.1.11GrandCentralTerminalByLuigiNovi1.jpg
Grand_Central_Terminal,260911,0,commons/Exterior_of_Grand_Central_Terminal/0/pictures/Outside_Grand_Central_(2119218223).jpg
Grand_Central_Terminal,260911,0,commons/Grand_Central_Terminal_in_2019/0/pictures/GCT_November_2019_18.jpg
Grand_Central_Terminal,260911,0,commons/Grand_Central_Terminal_at_night/0/pictures/Metro-North_Railroad_Lights_Up_Pershing_Square_Bridge_to_Honor_Anniversary_of_Stonewall_Uprising_(50044390971).jpg
Grand_Central_Terminal,260911,0,commons/Grand_Central_Terminal_in_2016/0/pictures/Nyc_12_(192101447).jpeg
Grand_Central_Terminal,260911,0,"commons/Exterior_of_Grand_Central_Terminal/0/pictures/New_York_City,_Manhattan,_Midtown_East,_E_42nd_St._-_Grand_Central_Terminal_1871_&_Chrysler_Bldg_1928-30.jpg"
Grand_Central_Terminal,260911,0,commons/Grand_Central_Terminal_in_2019/0/pictures/GCT_November_2019_17.jpg
Grand_Central_Terminal,260911,0,commons/Grand_Central_Terminal_at_night/0/pictures/Metro-North_Railroad_Lights_Up_Pershing_Square_Bridge_to_Honor_Anniversary_of_Stonewall_Uprising_(50044390966).jpg
Grand_Central_Terminal,260911,0,"commons/Exterior_of_Grand_Central_Terminal/0/pictures/New_York,_USA_(50914570768).jpg"
Grand_Central_Terminal,260911,0,commons/Grand_Central_Terminal_at_night/0/pictures/Metlife_and_Grand_Central_(12686297575).jpg
Grand_Central_Terminal,260911,0,commons/Grand_Central_Terminal_at_night/0/pictures/Grand_central_Station_Outside_Night_2.jpg
Grand_Central_Terminal,260911,0,"commons/Grand_Central_Terminal_in_2017/0/pictures/At_New_York,_USA_2017_029.jpg"
Grand_Central_Terminal,260911,0,commons/Exterior_of_Grand_Central_Terminal/0/pictures/Metro-North_Railroad_Lights_Up_Pershing_Square_Bridge_to_Honor_Anniversary_of_Stonewall_Uprising_(50044390966).jpg
Grand_Central_Terminal,260911,0,commons/Exterior_of_Grand_Central_Terminal/0/pictures/Metro-North_Railroad_Lights_Up_Pershing_Square_Bridge_to_Honor_Anniversary_of_Stonewall_Uprising_(50043828843).jpg
Grand_Central_Terminal,260911,0,"commons/Grand_Central_Terminal_in_2017/0/pictures/At_New_York,_USA_2017_026.jpg"
Grand_Central_Terminal,260911,0,commons/Exterior_of_Grand_Central_Terminal/0/pictures/Metro-North_Railroad_Lights_Up_Pershing_Square_Bridge_to_Honor_Anniversary_of_Stonewall_Uprising_(50043828803).jpg
Grand_Central_Terminal,260911,0,commons/Grand_Central_Terminal_in_2021/0/pictures/Park_Av_Jul_2021_01.jpg
Grand_Central_Terminal,260911,0,commons/Exterior_of_Grand_Central_Terminal/0/pictures/Historical_Photos_of_Grand_Central_Terminal_(52663237962).jpg
Grand_Central_Terminal,260911,0,commons/Exterior_of_Grand_Central_Terminal/0/pictures/Manhattan_-_Grand_Central_Terminal_-_20180821114031.jpg
Grand_Central_Terminal,260911,0,commons/Exterior_of_Grand_Central_Terminal/0/pictures/MTA_Responds_to_Winter_Storm_(50728452151).jpg
Grand_Central_Terminal,260911,0,commons/Grand_Central_Terminal_in_2021/0/pictures/Park_Av_Jul_2021_06.jpg
Grand_Central_Terminal,260911,0,commons/Exterior_of_Grand_Central_Terminal/0/pictures/MTA_Celebrates_110th_Anniversary_of_Grand_Central_Terminal_(52665241686).jpg
Grand_Central_Terminal,260911,0,commons/Exterior_of_Grand_Central_Terminal/0/pictures/Image-Grand_central_Station_Outside_Night_2.jpg
Grand_Central_Terminal,260911,0,"commons/Exterior_of_Grand_Central_Terminal/0/pictures/GrandCentral_Terminal,_NY,_USA_-_panoramio.jpg"
Grand_Central_Terminal,260911,0,commons/Grand_Central_Terminal_at_night/0/pictures/Grand_Central_Terminal_-_panoramio_(1).jpg
Grand_Central_Terminal,260911,0,commons/Exterior_of_Grand_Central_Terminal/0/pictures/Grand_central_chrysler.jpg
Grand_Central_Terminal,260911,0,commons/Exterior_of_Grand_Central_Terminal/0/pictures/Grand_central_Terminal.jpg
Grand_Central_Terminal,260911,0,commons/Grand_Central_Terminal_at_night/0/pictures/Grand_Central_Station_New_York_City_Pride_2021_(51276514923).jpg
Grand_Central_Terminal,260911,0,commons/Exterior_of_Grand_Central_Terminal/0/pictures/Grand_Central_in_1914.jpg
Grand_Central_Terminal,260911,0,commons/Grand_Central_Terminal_at_night/0/pictures/Grand_Central_(10).jpg
Grand_Central_Terminal,260911,0,commons/Exterior_of_Grand_Central_Terminal/0/pictures/Grand_Central_facade_detail_13.jpg
Grand_Central_Terminal,260911,0,commons/Grand_Central_Terminal_at_night/0/pictures/GCT_Night.jpg
Grand_Central_Terminal,260911,0,commons/Exterior_of_Grand_Central_Terminal/0/pictures/Grand_Central_exterior.jpg
Grand_Central_Terminal,260911,0,"commons/Exterior_of_Grand_Central_Terminal/0/pictures/Grand_Central_Terminal,_New_York_City.jpg"
Grand_Central_Terminal,260911,0,commons/Grand_Central_Terminal_in_the_1910s/0/pictures/Grand_Central_in_1914.jpg
Grand_Central_Terminal,260911,0,"commons/Exterior_of_Grand_Central_Terminal/0/pictures/Grand_Central_Terminal_from_42nd_Street,_New_York_City,_NY_-_48046248218.jpg"
Grand_Central_Terminal,260911,0,commons/Grand_Central_Terminal_in_2021/0/pictures/Grand_Central_facade_detail_12.jpg
Grand_Central_Terminal,260911,0,commons/Exterior_of_Grand_Central_Terminal/0/pictures/Grand_Central_Terminal_December_2022_004.jpg
Grand_Central_Terminal,260911,0,commons/Grand_Central_Terminal_in_2021/0/pictures/Grand_Central_facade_detail_11.jpg
Grand_Central_Terminal,260911,0,commons/Exterior_of_Grand_Central_Terminal/0/pictures/Grand_Central_Terminal_Park_Ave_viaduct_Summer_Streets.jpg
Grand_Central_Terminal,260911,0,commons/Grand_Central_Terminal_in_2021/0/pictures/Grand_Central_facade_detail_10.jpg
Grand_Central_Terminal,260911,0,commons/Exterior_of_Grand_Central_Terminal/0/pictures/Grand_Central_Terminal_MetLife_Building_Park_Ave_viaduct_Summer_Streets.jpg
Grand_Central_Terminal,260911,0,commons/Grand_Central_Terminal_in_2021/0/pictures/Grand_Central_facade_detail_02.jpg
Grand_Central_Terminal,260911,0,"commons/Grand_Central_Terminal_in_2009/0/pictures/Rain_and_First_Snow_of_the_Season_in_Manhattan,_New_York_(4164321078).jpg"
Grand_Central_Terminal,260911,0,commons/Exterior_of_Grand_Central_Terminal/0/pictures/Grand_Central_Terminal_December_2022.jpg
Grand_Central_Terminal,260911,0,commons/Grand_Central_Terminal_in_2008/0/pictures/Friday_Evening_trip_into_NYC_for_some_photos._(3110381024).jpg
Grand_Central_Terminal,260911,0,"commons/Grand_Central_Terminal_in_2009/0/pictures/Rain_and_First_Snow_of_the_Season_in_Manhattan,_New_York_(4163560499).jpg"
Grand_Central_Terminal,260911,0,commons/Exterior_of_Grand_Central_Terminal/0/pictures/Grand_Central_Terminal_December_2022_005.jpg
Grand_Central_Terminal,260911,0,commons/Grand_Central_Terminal_in_2021/0/pictures/Grand_Central_facade_detail_01.jpg
Grand_Central_Terminal,260911,0,commons/Exterior_of_Grand_Central_Terminal/0/pictures/Grand_Central_Terminal_December_2022_002.jpg
Grand_Central_Terminal,260911,0,commons/Grand_Central_Terminal_in_2021/0/pictures/Grand_Central_facade_detail_03.jpg
Grand_Central_Terminal,260911,0,commons/Exterior_of_Grand_Central_Terminal/0/pictures/Grand_Central_Terminal_December_2022_001.jpg
Grand_Central_Terminal,260911,0,commons/Grand_Central_Terminal_in_2009/0/pictures/Group_of_statues_and_clock_on_the_facade_(Grand_Central_Terminal)_-_panoramio.jpg
Grand_Central_Terminal,260911,0,commons/Exterior_of_Grand_Central_Terminal/0/pictures/Grand_Central_Terminal_(4).JPG
Grand_Central_Terminal,260911,0,commons/Exterior_of_Grand_Central_Terminal/0/pictures/Grand_Central_Terminal_December_2022_003.jpg
Grand_Central_Terminal,260911,0,"commons/Grand_Central_Terminal_in_2015/0/pictures/Murray_Hill,_New_York,_NY,_USA_-_panoramio_(4).jpg"
Grand_Central_Terminal,260911,0,commons/Exterior_of_Grand_Central_Terminal/0/pictures/Grand_Central_Terminal_-_panoramio_(1).jpg
Grand_Central_Terminal,260911,0,commons/Exterior_of_Grand_Central_Terminal/0/pictures/Grand_Central_Terminal_(50618204538).jpg
Grand_Central_Terminal,260911,0,commons/Grand_Central_Terminal_in_2021/0/pictures/Grand_Central_Terminal_&_Met_Life_Building.jpg
Grand_Central_Terminal,260911,0,commons/Exterior_of_Grand_Central_Terminal/0/pictures/Grand_Central_Terminal_August_2021.jpg
Grand_Central_Terminal,260911,0,commons/Exterior_of_Grand_Central_Terminal/0/pictures/Grand_Central_Terminal_(30536457052).jpg
Grand_Central_Terminal,260911,0,commons/Exterior_of_Grand_Central_Terminal/0/pictures/Chrysler_Building_with_Grand_Central_Terminal.jpg
Grand_Central_Terminal,260911,0,"commons/Glory_of_Commerce_statues_and_clock,_Grand_Central_Terminal/0/pictures/Grand_Central_Mercury_(32319005452).jpg"
Grand_Central_Terminal,260911,0,commons/Exterior_of_Grand_Central_Terminal/0/pictures/Grand_Central_facade_detail_12.jpg
Grand_Central_Terminal,260911,0,"commons/Exterior_of_Grand_Central_Terminal/0/pictures/At_New_York,_USA_2017_032.jpg"
Grand_Central_Terminal,260911,0,"commons/Grand_Central_Terminal_in_2011/0/pictures/New_York_City,_Manhattan,_Midtown_East,_E_42nd_St._-_Grand_Central_Terminal_1871_&_MetLife_Bldg_1963.jpg"
Grand_Central_Terminal,260911,0,"commons/Glory_of_Commerce_statues_and_clock,_Grand_Central_Terminal/0/pictures/Grand_Central_(4).jpg"
Grand_Central_Terminal,260911,0,commons/Exterior_of_Grand_Central_Terminal/0/pictures/Grand_Central_Station_42nd_St_(1629376912).jpg
Grand_Central_Terminal,260911,0,"commons/Grand_Central_Terminal_in_2007/0/pictures/42nd_Street_^_Park_Avenue,_New_York_City_-_Tourists_Approaching_Grand_Central_Terminal,_2007_-_panoramio.jpg"
Grand_Central_Terminal,260911,0,commons/Exterior_of_Grand_Central_Terminal/0/pictures/Grand_Central_facade_detail_11.jpg
Grand_Central_Terminal,260911,0,commons/Grand_Central_Terminal_at_night/0/pictures/Friday_Evening_trip_into_NYC_for_some_photos._(3110381024).jpg
Grand_Central_Terminal,260911,0,commons/Exterior_of_Grand_Central_Terminal/0/pictures/Brandon_Nickerson_2015_(Unsplash).jpg
Grand_Central_Terminal,260911,0,commons/Grand_Central_Terminal_in_2020/0/pictures/Midtown_-_NYC_(49400647271).jpg
Grand_Central_Terminal,260911,0,commons/Grand_Central_Terminal_in_2015/0/pictures/Blizzard_of_2015-_Empty_Grand_Central_Terminal_(16375702732).jpg
Grand_Central_Terminal,260911,0,commons/Exterior_of_Grand_Central_Terminal/0/pictures/Grand_Central_Station_-_DPLA_-_bc12d2338ec78aada2ad07e7069a76fa.jpg
Grand_Central_Terminal,260911,0,"commons/Exterior_of_Grand_Central_Terminal/0/pictures/Grand_Central_Terminal,_71-105_E._42nd_St._New_York.jpg"
Grand_Central_Terminal,260911,0,commons/Grand_Central_Terminal_at_night/0/pictures/Friday_Evening_trip_into_NYC_for_some_photos._(3109549657).jpg
Grand_Central_Terminal,260911,0,"commons/Exterior_of_Grand_Central_Terminal/0/pictures/At_New_York,_USA_2017_028.jpg"
Grand_Central_Terminal,260911,0,commons/Grand_Central_Terminal_in_the_1970s/0/pictures/Historical_Photos_of_Grand_Central_Terminal_(52663237962).jpg
Grand_Central_Terminal,260911,0,"commons/Glory_of_Commerce_statues_and_clock,_Grand_Central_Terminal/0/pictures/GCT_November_2019_18.jpg"
Grand_Central_Terminal,260911,0,"commons/Grand_Central_Terminal_in_2017/0/pictures/At_New_York,_USA_2017_021.jpg"
Grand_Central_Terminal,260911,0,commons/Exterior_of_Grand_Central_Terminal/0/pictures/New_York_Grand_Central_Station_-_panoramio.jpg
Grand_Central_Terminal,260911,0,commons/Grand_Central_Terminal_in_2020/0/pictures/Metro-North_Railroad_Lights_Up_Pershing_Square_Bridge_to_Honor_Anniversary_of_Stonewall_Uprising_(50044648382).jpg
Grand_Central_Terminal,260911,0,commons/Exterior_of_Grand_Central_Terminal/0/pictures/Grand_Central_Station_Christmas_Wreath_Snowstorm_2020_(50733349071).jpg
Grand_Central_Terminal,260911,0,commons/Grand_Central_Terminal_in_2020/0/pictures/Grand_Central_Terminal_(50618204538).jpg
Grand_Central_Terminal,260911,0,"commons/Exterior_of_Grand_Central_Terminal/0/pictures/At_New_York,_USA_2017_072.jpg"
Grand_Central_Terminal,260911,0,"commons/Glory_of_Commerce_statues_and_clock,_Grand_Central_Terminal/0/pictures/Grand_Central_Mercury.JPG"
Grand_Central_Terminal,260911,0,commons/Grand_Central_Terminal_in_2020/0/pictures/Metro-North_Railroad_Lights_Up_Pershing_Square_Bridge_to_Honor_Anniversary_of_Stonewall_Uprising_(50044648377).jpg
Grand_Central_Terminal,260911,0,commons/Grand_Central_Terminal_in_2008/0/pictures/Image-Grand_central_Station_Outside_Night_2.jpg
Grand_Central_Terminal,260911,0,commons/Exterior_of_Grand_Central_Terminal/0/pictures/Grand_Central_Station_(248839885).jpeg
Grand_Central_Terminal,260911,0,commons/Exterior_of_Grand_Central_Terminal/0/pictures/Grand_Central_exterior_02.jpg
Grand_Central_Terminal,260911,0,commons/Grand_Central_Terminal_at_night/0/pictures/Brandon_Nickerson_2015_(Unsplash).jpg
Grand_Central_Terminal,260911,0,commons/Grand_Central_Terminal_in_2023/0/pictures/Grand_Central_Terminal_January_2023_010.jpg
Grand_Central_Terminal,260911,0,"commons/Exterior_of_Grand_Central_Terminal/0/pictures/At_New_York,_USA_2017_029.jpg"
Grand_Central_Terminal,260911,0,commons/Exterior_of_Grand_Central_Terminal/0/pictures/NYC_Grand_Central_Station.jpg
Grand_Central_Terminal,260911,0,commons/Grand_Central_Terminal_at_night/0/pictures/Image-Grand_central_Station_Outside_Night_2.jpg
Grand_Central_Terminal,260911,0,commons/Grand_Central_Terminal_in_2020/0/pictures/Metro-North_Railroad_Lights_Up_Pershing_Square_Bridge_to_Honor_Anniversary_of_Stonewall_Uprising_(50044390966).jpg
Grand_Central_Terminal,260911,0,commons/Grand_Central_Terminal_in_2015/0/pictures/Brandon_Nickerson_2015_(Unsplash).jpg
Grand_Central_Terminal,260911,0,commons/Grand_Central_Terminal_in_2008/0/pictures/Grand_central_Station_Outside_Night_2.jpg
Grand_Central_Terminal,260911,0,commons/Exterior_of_Grand_Central_Terminal/0/pictures/Grand_Central_Station_(2111503680).jpg
Grand_Central_Terminal,260911,0,commons/Grand_Central_Terminal_and_the_COVID-19_pandemic/0/pictures/Grand_Central_Station_Empty_Streets_New_York_City_COVID19.jpg
Grand_Central_Terminal,260911,0,"commons/Glory_of_Commerce_statues_and_clock,_Grand_Central_Terminal/0/pictures/Skyscaper_Reflection_(8355400872).jpg"
Grand_Central_Terminal,260911,0,commons/Exterior_of_Grand_Central_Terminal/0/pictures/Grand_Central_exterior_01.jpg
Grand_Central_Terminal,260911,0,"commons/Exterior_of_Grand_Central_Terminal/0/pictures/At_New_York,_USA_2017_019.jpg"
Grand_Central_Terminal,260911,0,"commons/Glory_of_Commerce_statues_and_clock,_Grand_Central_Terminal/0/pictures/GCT_November_2019_13.jpg"
Grand_Central_Terminal,260911,0,"commons/Exterior_of_Grand_Central_Terminal/0/pictures/Grand_Central_Terminal,_New_York_City,_NY_-_48046496462.jpg"
Grand_Central_Terminal,260911,0,commons/Exterior_of_Grand_Central_Terminal/0/pictures/Blizzard_of_2015-_Empty_Grand_Central_Terminal_(16375702732).jpg
Grand_Central_Terminal,260911,0,"commons/Glory_of_Commerce_statues_and_clock,_Grand_Central_Terminal/0/pictures/Grand_Central_(2).jpg"
Grand_Central_Terminal,260911,0,commons/Exterior_of_Grand_Central_Terminal/0/pictures/Grand_Central_facade_detail_10.jpg
Grand_Central_Terminal,260911,0,"commons/Exterior_of_Grand_Central_Terminal/0/pictures/At_New_York,_USA_2017_026.jpg"
Grand_Central_Terminal,260911,0,"commons/Glory_of_Commerce_statues_and_clock,_Grand_Central_Terminal/0/pictures/East_42nd_(29679419866).jpg"
Grand_Central_Terminal,260911,0,commons/Grand_Central_Terminal_in_2021/0/pictures/Grand_Central_facade_detail_13.jpg
Grand_Central_Terminal,260911,0,"commons/Exterior_of_Grand_Central_Terminal/0/pictures/Grand_Central_Terminal_from_42nd_Street,_New_York_City,_NY_-_48046212836.jpg"
Grand_Central_Terminal,260911,0,commons/Exterior_of_Grand_Central_Terminal/0/pictures/12.1.11GrandCentralTerminalByLuigiNovi3.jpg
Grand_Central_Terminal,260911,0,commons/Exterior_of_Grand_Central_Terminal/0/pictures/Grand_Central_Terminal.JPG
Grand_Central_Terminal,260911,0,commons/Grand_Central_Terminal_in_2014/0/pictures/Grand_Central_Terminal_Exterior.jpg
Grand_Central_Terminal,260911,0,"commons/Exterior_of_Grand_Central_Terminal/0/pictures/At_New_York,_USA_2017_029_cropped2.jpg"
Grand_Central_Terminal,260911,0,commons/Exterior_of_Grand_Central_Terminal/0/pictures/NYC_Grand_Central.JPG
Grand_Central_Terminal,260911,0,commons/Exterior_of_Grand_Central_Terminal/0/pictures/Grand_Central_Station_(1628487013).jpg
Grand_Central_Terminal,260911,0,"commons/Grand_Central_Terminal_in_the_1980s/0/pictures/Statuary_by_Jules_Alexis_Coutan_atop_Grand_Central_Terminal,_New_York_City.jpg"
Grand_Central_Terminal,260911,0,"commons/Grand_Central_Terminal_in_2011/0/pictures/New_York_City,_Manhattan,_Midtown_East,_E_42nd_St._-_Grand_Central_Terminal_1871,_Metlife_Bldg_1963,_Chrysler_Bldg_1930.jpg"
Grand_Central_Terminal,260911,0,"commons/Glory_of_Commerce_statues_and_clock,_Grand_Central_Terminal/0/pictures/Grand_Central_Terminal_(3376311410).jpg"
Grand_Central_Terminal,260911,0,"commons/Exterior_of_Grand_Central_Terminal/0/pictures/New_York,_USA_(50915259336).jpg"
Grand_Central_Terminal,260911,0,commons/Grand_Central_Terminal_at_night/0/pictures/NYC_GC.jpg
Grand_Central_Terminal,260911,0,commons/Grand_Central_Terminal_in_2023/0/pictures/Wildfire_Smoke_-_52959112245.jpg
Grand_Central_Terminal,260911,0,commons/Exterior_of_Grand_Central_Terminal/0/pictures/Grand_Central_Station_Terminal.jpg
Grand_Central_Terminal,260911,0,"commons/Exterior_of_Grand_Central_Terminal/0/pictures/Grand_Central_Terminal_from_42nd_Street,_New_York_City,_NY_-_48046297887.jpg"
Grand_Central_Terminal,260911,0,"commons/Grand_Central_Terminal_in_2019/0/pictures/Park_Avenue_towards_Grand_Central_Terminal,_New_York_City,_NY_-_48046227271.jpg"
Grand_Central_Terminal,260911,0,commons/Exterior_of_Grand_Central_Terminal/0/pictures/12.1.11ChryslerGrandCentralByLuigiNovi.jpg
Grand_Central_Terminal,260911,0,"commons/Grand_Central_Terminal_in_2014/0/pictures/GrandCentral_Terminal,_NY,_USA_-_panoramio.jpg"
Grand_Central_Terminal,260911,0,commons/Exterior_of_Grand_Central_Terminal/0/pictures/12.1.11GrandCentralTerminalByLuigiNovi1.jpg
Grand_Central_Terminal,260911,0,"commons/Glory_of_Commerce_statues_and_clock,_Grand_Central_Terminal/0/pictures/GCT_November_2019_17.jpg"
Grand_Central_Terminal,260911,0,commons/Exterior_of_Grand_Central_Terminal/0/pictures/Grand_Central_(6).jpg
Grand_Central_Terminal,260911,0,commons/Exterior_of_Grand_Central_Terminal/0/pictures/E_42nd_St_Jul_2021_03.jpg
Grand_Central_Terminal,260911,0,"commons/Glory_of_Commerce_statues_and_clock,_Grand_Central_Terminal/0/pictures/Grand_Central_Terminal_-_01.jpg"
Grand_Central_Terminal,260911,0,commons/Exterior_of_Grand_Central_Terminal/0/pictures/Nyc_12_(192101447).jpeg
Grand_Central_Terminal,260911,0,commons/Exterior_of_Grand_Central_Terminal/0/pictures/Grand_Central_Station_and_MetLife_Building_(1629378576).jpg
Grand_Central_Terminal,260911,0,"commons/Exterior_of_Grand_Central_Terminal/0/pictures/Grand_Central_Terminal_from_42nd_Street,_New_York_City,_NY.jpg"
Grand_Central_Terminal,260911,0,"commons/Exterior_of_Grand_Central_Terminal/0/pictures/42nd_Street_^_Park_Avenue,_New_York_City_-_Tourists_Approaching_Grand_Central_Terminal,_2007_-_panoramio.jpg"
Grand_Central_Terminal,260911,0,commons/Exterior_of_Grand_Central_Terminal/0/pictures/View_of_the_Grand_Central_Terminal.jpg
Grand_Central_Terminal,260911,0,commons/Exterior_of_Grand_Central_Terminal/0/pictures/Metro-North_Railroad_Lights_Up_Pershing_Square_Bridge_to_Honor_Anniversary_of_Stonewall_Uprising_(50044390971).jpg
Grand_Central_Terminal,260911,0,commons/Exterior_of_Grand_Central_Terminal/0/pictures/Gloomy_Grand_Central.jpg
Grand_Central_Terminal,260911,0,commons/Exterior_of_Grand_Central_Terminal/0/pictures/12.1.11GrandCentralTerminalByLuigiNovi2.jpg
Grand_Central_Terminal,260911,0,commons/Exterior_of_Grand_Central_Terminal/0/pictures/The_New_York_Grand_Central_Terminal.jpg
Grand_Central_Terminal,260911,0,commons/Exterior_of_Grand_Central_Terminal/0/pictures/Der_Grand_Central_Terminal_an_der_Ecke_42dn_Street_Park_Avenue_-_panoramio.jpg
Grand_Central_Terminal,260911,0,"commons/Glory_of_Commerce_statues_and_clock,_Grand_Central_Terminal/0/pictures/Grand_Central_Terminal_Clock_Detail.jpg"
Grand_Central_Terminal,260911,0,commons/Exterior_of_Grand_Central_Terminal/0/pictures/Grand_Central_Station_New_York_City_Pride_2021_(51276514923).jpg
Grand_Central_Terminal,260911,0,commons/Grand_Central_Terminal_in_2007/0/pictures/Grand_Central_Terminal_Entrance.jpg
Grand_Central_Terminal,260911,0,commons/Exterior_of_Grand_Central_Terminal/0/pictures/2012_Grand_Central_Terminal.JPG
Grand_Central_Terminal,260911,0,commons/Grand_Central_Terminal_in_2022/0/pictures/Grand_Central_Terminal_December_2022_001.jpg
Grand_Central_Terminal,260911,0,"commons/Glory_of_Commerce_statues_and_clock,_Grand_Central_Terminal/0/pictures/The_clock_at_Grand_Central_Station_New_York_-_panoramio.jpg"
Grand_Central_Terminal,260911,0,commons/Exterior_of_Grand_Central_Terminal/0/pictures/Grand_Central_Terminal_with_Chrysler_Building.jpg
Grand_Central_Terminal,260911,0,commons/Grand_Central_Terminal_in_2014/0/pictures/Grand_Central_Terminal_-_New_York_USA_-_panoramio_(6).jpg
Grand_Central_Terminal,260911,0,commons/Exterior_of_Grand_Central_Terminal/0/pictures/4.29.11ChryslerBuildingByLuigiNovi.jpg
Grand_Central_Terminal,260911,0,commons/Grand_Central_Terminal_in_2008/0/pictures/Friday_Evening_trip_into_NYC_for_some_photos._(3109550283).jpg
Grand_Central_Terminal,260911,0,commons/Exterior_of_Grand_Central_Terminal/0/pictures/GCT_tour_crop.jpg
Grand_Central_Terminal,260911,0,commons/Grand_Central_Terminal_in_the_2000s/0/pictures/Grand_central_terminal_exterior.jpg
Grand_Central_Terminal,260911,0,commons/Grand_Central_Terminal_in_2022/0/pictures/Grand_Central_Terminal_December_2022.jpg
Grand_Central_Terminal,260911,0,"commons/Glory_of_Commerce_statues_and_clock,_Grand_Central_Terminal/0/pictures/Pan_Am_Building,_NYC,_1980s.jpg"
Grand_Central_Terminal,260911,0,commons/Grand_Central_Terminal_in_2007/0/pictures/Grand_Central_Station_(1628487013).jpg
Grand_Central_Terminal,260911,0,commons/Exterior_of_Grand_Central_Terminal/0/pictures/Friday_Evening_trip_into_NYC_for_some_photos._(3109549657).jpg
Grand_Central_Terminal,260911,0,"commons/Glory_of_Commerce_statues_and_clock,_Grand_Central_Terminal/0/pictures/Grand_Central_Terminal_Cooling_Towers_(14242638303).jpg"
Grand_Central_Terminal,260911,0,commons/Grand_Central_Terminal_in_2023/0/pictures/Wildfire_Smoke_(52958129007).jpg
Grand_Central_Terminal,260911,0,commons/Exterior_of_Grand_Central_Terminal/0/pictures/Grand_Central_Terminal_&_Met_Life_Building.jpg
Grand_Central_Terminal,260911,0,commons/Grand_Central_Terminal_in_2007/0/pictures/Grand_Central_Station_42nd_St_(1629376912).jpg
Grand_Central_Terminal,260911,0,commons/Exterior_of_Grand_Central_Terminal/0/pictures/4.29.11GrandCentralStationByLuigiNovi1.jpg
Grand_Central_Terminal,260911,0,commons/Exterior_of_Grand_Central_Terminal/0/pictures/Grand_central_Station_Outside_Night_2_crop.jpg
Grand_Central_Terminal,260911,0,commons/Exterior_of_Grand_Central_Terminal/0/pictures/Friday_Evening_trip_into_NYC_for_some_photos._(3109550283).jpg
Grand_Central_Terminal,260911,0,"commons/Glory_of_Commerce_statues_and_clock,_Grand_Central_Terminal/0/pictures/Grand_Central_Terminal_Entrance.jpg"
Grand_Central_Terminal,260911,0,commons/Exterior_of_Grand_Central_Terminal/0/pictures/Grand_Central_Station_of_New_York_-_NYC_-_USA_-_panoramio.jpg
Grand_Central_Terminal,260911,0,commons/Exterior_of_Grand_Central_Terminal/0/pictures/Grand_Central_e_Chrysler_-_panoramio.jpg
Grand_Central_Terminal,260911,0,commons/Grand_Central_Terminal_in_2014/0/pictures/Grand_Central_Terminal_Cooling_Towers_(14035883367).jpg
Grand_Central_Terminal,260911,0,commons/Exterior_of_Grand_Central_Terminal/0/pictures/4.29.11GrandCentralStationByLuigiNovi2.jpg
Grand_Central_Terminal,260911,0,commons/Grand_Central_Terminal_in_2021/0/pictures/MTAPD_Top_Dog_(51748917788).jpg
Grand_Central_Terminal,260911,0,commons/Exterior_of_Grand_Central_Terminal/0/pictures/Grand_central_Station_Outside_Night_2.jpg
Grand_Central_Terminal,260911,0,"commons/Exterior_of_Grand_Central_Terminal/0/pictures/GCT_Dec_4,_2018_(31236601207).jpg"
Grand_Central_Terminal,260911,0,commons/Grand_Central_Terminal_in_2012/0/pictures/Grand_Central_Mercury.JPG
Grand_Central_Terminal,260911,0,"commons/Glory_of_Commerce_statues_and_clock,_Grand_Central_Terminal/0/pictures/Grand_Central_Terminal_Exterior.jpg"
Grand_Central_Terminal,260911,0,"commons/Grand_Central_Terminal_in_2015/0/pictures/New_York,_USA_(50914570768).jpg"
Grand_Central_Terminal,260911,0,commons/Exterior_of_Grand_Central_Terminal/0/pictures/Grand_Central_entrance.jpg
Grand_Central_Terminal,260911,0,"commons/Exterior_of_Grand_Central_Terminal/0/pictures/At_New_York,_USA_2017_021.jpg"
Grand_Central_Terminal,260911,0,"commons/Glory_of_Commerce_statues_and_clock,_Grand_Central_Terminal/0/pictures/GCT_Night.jpg"
Grand_Central_Terminal,260911,0,"commons/Grand_Central_Terminal_in_2015/0/pictures/New_York,_USA_(50915259336).jpg"
Grand_Central_Terminal,260911,0,"commons/Exterior_of_Grand_Central_Terminal/0/pictures/Grand_Central_Terminal,_New_York_City,_NY.jpg"
Grand_Central_Terminal,260911,0,commons/Exterior_of_Grand_Central_Terminal/0/pictures/75._Tiffany_(13978722723).jpg
Grand_Central_Terminal,260911,0,commons/Exterior_of_Grand_Central_Terminal/0/pictures/Grand_Central_(9).jpg
Grand_Central_Terminal,260911,0,commons/Grand_Central_Terminal_in_2012/0/pictures/Park_Avenue_(formerly_Fourth_Avenue)_-_panoramio_(5).jpg
Grand_Central_Terminal,260911,0,"commons/Glory_of_Commerce_statues_and_clock,_Grand_Central_Terminal/0/pictures/Statuary_by_Jules_Alexis_Coutan_atop_Grand_Central_Terminal,_New_York_City.jpg"
Grand_Central_Terminal,260911,0,commons/Exterior_of_Grand_Central_Terminal/0/pictures/Grand_central_terminal_exterior.jpg
Grand_Central_Terminal,260911,0,commons/Grand_Central_Terminal_at_night/0/pictures/Grand_Central_Terminal_(30536457052).jpg
Grand_Central_Terminal,260911,0,commons/Grand_Central_Terminal_in_2007/0/pictures/Grand_Central_Station_and_MetLife_Building_(1629378576).jpg
Grand_Central_Terminal,260911,0,"commons/Exterior_of_Grand_Central_Terminal/0/pictures/GCT_Dec_4,_2018_(31236600947).jpg"
Grand_Central_Terminal,260911,0,commons/Grand_Central_Terminal_in_2012/0/pictures/Der_Grand_Central_Terminal_an_der_Ecke_42dn_Street_Park_Avenue_-_panoramio.jpg
Grand_Central_Terminal,260911,0,"commons/Glory_of_Commerce_statues_and_clock,_Grand_Central_Terminal/0/pictures/Grand_Central_Terminal_Cooling_Towers_(14035883367).jpg"
Grand_Central_Terminal,260911,0,commons/Exterior_of_Grand_Central_Terminal/0/pictures/Grand_Central_Terminal_-_New_York_USA_-_panoramio_(6).jpg
Grand_Central_Terminal,260911,0,"commons/Exterior_of_Grand_Central_Terminal/0/pictures/At_New_York,_USA_2017_020.jpg"
Grand_Central_Terminal,260911,0,"commons/Grand_Central_Terminal_in_2017/0/pictures/At_New_York,_USA_2017_020.jpg"
Grand_Central_Terminal,260911,0,commons/Exterior_of_Grand_Central_Terminal/0/pictures/Metro-North_Railroad_Lights_Up_Pershing_Square_Bridge_to_Honor_Anniversary_of_Stonewall_Uprising_(50044648387).jpg
Grand_Central_Terminal,260911,0,commons/Exterior_of_Grand_Central_Terminal/0/pictures/Grand_Central_(32738821).jpeg
Grand_Central_Terminal,260911,0,"commons/Glory_of_Commerce_statues_and_clock,_Grand_Central_Terminal/0/pictures/Grand_Central_Terminal,_New_York_City_(22773712841).jpg"
Grand_Central_Terminal,260911,0,commons/Exterior_of_Grand_Central_Terminal/0/pictures/GrandCentralTerminal_091818.jpg
Grand_Central_Terminal,260911,0,commons/Grand_Central_Terminal_at_night/0/pictures/Grand_Central_Terminal_-_panoramio_(3).jpg
Grand_Central_Terminal,260911,0,commons/Grand_Central_Terminal_in_the_2000s/0/pictures/Grand_Central_facade.jpg
Grand_Central_Terminal,260911,0,"commons/Glory_of_Commerce_statues_and_clock,_Grand_Central_Terminal/0/pictures/Group_of_statues_and_clock_on_the_facade_(Grand_Central_Terminal)_-_panoramio.jpg"
Grand_Central_Terminal,260911,0,commons/Exterior_of_Grand_Central_Terminal/0/pictures/GCT_exterior.jpg
Grand_Central_Terminal,260911,0,commons/Exterior_of_Grand_Central_Terminal/0/pictures/GCT_and_Met_Life_August_2019.agr.jpg
Grand_Central_Terminal,260911,0,"commons/Grand_Central_Terminal_in_2012/0/pictures/Grand_Central_Terminal,_New_York_City_(22773712841).jpg"
Grand_Central_Terminal,260911,0,"commons/Glory_of_Commerce_statues_and_clock,_Grand_Central_Terminal/0/pictures/Grand_Central_facade.jpg"
Grand_Central_Terminal,260911,0,commons/Exterior_of_Grand_Central_Terminal/0/pictures/GCT_colonnade_jeh.JPG
Grand_Central_Terminal,260911,0,"commons/Glory_of_Commerce_statues_and_clock,_Grand_Central_Terminal/0/pictures/MetLife_(3375456693).jpg"
Grand_Central_Terminal,260911,0,commons/Exterior_of_Grand_Central_Terminal/0/pictures/Grand_Cental_Terminal2007.jpg
Grand_Central_Terminal,260911,0,"commons/Grand_Central_Terminal_in_2012/0/pictures/Grand_Central_Terminal,_71-105_E._42nd_St._New_York.jpg"
Grand_Central_Terminal,260911,0,"commons/Glory_of_Commerce_statues_and_clock,_Grand_Central_Terminal/0/pictures/MetLife_Building_-_New_York,_NY,_USA_-_August_18,_2015_01.jpg"
Grand_Central_Terminal,260911,0,"commons/Grand_Central_Terminal_in_2017/0/pictures/At_New_York,_USA_2017_019.jpg"
Grand_Central_Terminal,260911,0,"commons/Exterior_of_Grand_Central_Terminal/0/pictures/IGrand_Central_Terminal,_71-105_E._42nd_St._New_York.jpg"
Grand_Central_Terminal,260911,0,commons/Grand_Central_Terminal_at_night/0/pictures/Grand_central_terminal_exterior.jpg
Grand_Central_Terminal,260911,0,commons/Grand_Central_Terminal_in_2020/0/pictures/Metro-North_Railroad_Lights_Up_Pershing_Square_Bridge_to_Honor_Anniversary_of_Stonewall_Uprising_(50044390971).jpg
Grand_Central_Terminal,260911,0,commons/Exterior_of_Grand_Central_Terminal/0/pictures/Grand_Central_Station_(2111627374).jpg
Grand_Central_Terminal,260911,0,commons/Grand_Central_Terminal_in_2011/0/pictures/4.29.11GrandCentralStationByLuigiNovi2.jpg
Grand_Central_Terminal,260911,0,commons/Exterior_of_Grand_Central_Terminal/0/pictures/Near_the_Grand_Central_Terminal.jpg
Grand_Central_Terminal,260911,0,commons/Grand_Central_Terminal_at_night/0/pictures/Metro-North_Railroad_Lights_Up_Pershing_Square_Bridge_to_Honor_Anniversary_of_Stonewall_Uprising_(50044648382).jpg
Grand_Central_Terminal,260911,0,commons/Exterior_of_Grand_Central_Terminal/0/pictures/Grand_Central_Station_Empty_Streets_New_York_City_COVID19_-_49784186398.jpg
Grand_Central_Terminal,260911,0,commons/Grand_Central_Terminal_in_2007/0/pictures/Grand_Cental_Terminal2007.jpg
Grand_Central_Terminal,260911,0,commons/Grand_Central_Terminal_in_2010/0/pictures/Rat_in_the_NY_Grand_Central_Station.jpg
Grand_Central_Terminal,260911,0,"commons/Exterior_of_Grand_Central_Terminal/0/pictures/Murray_Hill,_New_York,_NY,_USA_-_panoramio_(2).jpg"
Grand_Central_Terminal,260911,0,commons/Grand_Central_Terminal_at_night/0/pictures/Metro-North_Railroad_Lights_Up_Pershing_Square_Bridge_to_Honor_Anniversary_of_Stonewall_Uprising_(50044648387).jpg
Grand_Central_Terminal,260911,0,commons/Exterior_of_Grand_Central_Terminal/0/pictures/Grand_Central_Station_Empty_Streets_New_York_City_COVID19.jpg
Grand_Central_Terminal,260911,0,commons/Exterior_of_Grand_Central_Terminal/0/pictures/Grand_Central_Terminal_(9074218008).jpg
Grand_Central_Terminal,260911,0,commons/Grand_Central_Terminal_in_2021/0/pictures/Grand_Central_Station_New_York_City_Pride_2021_(51276514923).jpg
Grand_Central_Terminal,260911,0,commons/Exterior_of_Grand_Central_Terminal/0/pictures/Grand_Central_Terminal_(203306885).jpeg
Grand_Central_Terminal,260911,0,commons/Grand_Central_Terminal_in_2011/0/pictures/4.29.11ChryslerBuildingByLuigiNovi.jpg
Grand_Central_Terminal,260911,0,"commons/Exterior_of_Grand_Central_Terminal/0/pictures/New_York_City,_Manhattan,_Midtown_East,_E_42nd_St._-_Grand_Central_Terminal_1871_&_MetLife_Bldg_1963.jpg"
Grand_Central_Terminal,260911,0,"commons/Grand_Central_Terminal_at_night/0/pictures/New_York,_USA_(50914570768).jpg"
Grand_Central_Terminal,260911,0,commons/Grand_Central_Terminal_in_2011/0/pictures/4.29.11GrandCentralStationByLuigiNovi1.jpg
Grand_Central_Terminal,260911,0,commons/Exterior_of_Grand_Central_Terminal/0/pictures/Outside_Grand_Central_(2119995954).jpg
Grand_Central_Terminal,260911,0,"commons/Grand_Central_Terminal_at_night/0/pictures/New_York,_USA_(50915259336).jpg"
Grand_Central_Terminal,260911,0,commons/Grand_Central_Terminal_in_2011/0/pictures/12.1.11GrandCentralTerminalByLuigiNovi3.jpg
Grand_Central_Terminal,260911,0,commons/Exterior_of_Grand_Central_Terminal/0/pictures/Park_Av_Jul_2021_08.jpg
Grand_Central_Terminal,260911,0,commons/Exterior_of_Grand_Central_Terminal/0/pictures/Park_Av_41St_bike_station_east_GCT_jeh.jpg
Grand_Central_Terminal,260911,0,commons/Grand_Central_Terminal_in_the_1940s/0/pictures/The_New_York_Grand_Central_Terminal.jpg
Grand_Central_Terminal,260911,0,commons/Grand_Central_Terminal_in_2011/0/pictures/Chrysler_Building_with_Grand_Central_Terminal.jpg
Grand_Central_Terminal,260911,0,commons/Exterior_of_Grand_Central_Terminal/0/pictures/Park_Av_Jul_2021_01.jpg
Grand_Central_Terminal,260911,0,commons/Grand_Central_Terminal_in_2017/0/pictures/Grand_Central_Mercury_(32319005452).jpg
Grand_Central_Terminal,260911,0,commons/Exterior_of_Grand_Central_Terminal/0/pictures/Park_Av_Jul_2021_02.jpg
Grand_Central_Terminal,260911,0,commons/Exterior_of_Grand_Central_Terminal/0/pictures/Metro-North_Railroad_Lights_Up_Pershing_Square_Bridge_to_Honor_Anniversary_of_Stonewall_Uprising_(50044648377).jpg
Grand_Central_Terminal,260911,0,commons/Grand_Central_Station_eagles_at_Grand_Central_Terminal/0/pictures/Grand_Central_Terminal_January_2023_010.jpg
Grand_Central_Terminal,260911,0,commons/Exterior_of_Grand_Central_Terminal/0/pictures/Park_Av_Jul_2021_06.jpg
Grand_Central_Terminal,260911,0,commons/Grand_Central_Terminal_in_2011/0/pictures/Grand_Central_Terminal_276.JPG
Grand_Central_Terminal,260911,0,commons/Exterior_of_Grand_Central_Terminal/0/pictures/Park_Av_Jul_2021_07.jpg
Grand_Central_Terminal,260911,0,commons/Exterior_of_Grand_Central_Terminal/0/pictures/Metro-North_Railroad_and_City_Experiences_Announce_Walks_as_New_Official_Operator_of_Grand_Central_Terminal_Tours_(52537008618).jpg
Grand_Central_Terminal,260911,0,commons/Grand_Central_Station_eagles_at_Grand_Central_Terminal/0/pictures/Grand_Central_entrance.jpg
Grand_Central_Terminal,260911,0,commons/Exterior_of_Grand_Central_Terminal/0/pictures/Park_Av_Jul_2021_23.jpg
Grand_Central_Terminal,260911,0,commons/Exterior_of_Grand_Central_Terminal/0/pictures/Park_Av_Jul_2021_05.jpg
Grand_Central_Terminal,260911,0,"commons/Grand_Central_Terminal_in_2017/0/pictures/At_New_York,_USA_2017_072.jpg"
Grand_Central_Terminal,260911,0,commons/Exterior_of_Grand_Central_Terminal/0/pictures/Metro-North_Railroad_Lights_Up_Pershing_Square_Bridge_to_Honor_Anniversary_of_Stonewall_Uprising_(50044648382).jpg
Grand_Central_Terminal,260911,0,commons/Grand_Central_Station_eagles_at_Grand_Central_Terminal/0/pictures/Grand_Central_facade_detail_04.jpg
Grand_Central_Terminal,260911,0,commons/Exterior_of_Grand_Central_Terminal/0/pictures/Park_Av_viaduct_&_GCT_from_40th_St_jeh.jpg
Grand_Central_Terminal,260911,0,commons/Exterior_of_Grand_Central_Terminal/0/pictures/Park_Avenue_(formerly_Fourth_Avenue)_-_panoramio_(5).jpg
Grand_Central_Terminal,260911,0,commons/Exterior_of_Grand_Central_Terminal/0/pictures/Park_Avenue_Area_on_a_Sunday_Morning_-_panoramio_(20).jpg
Grand_Central_Terminal,260911,0,commons/Exterior_of_Grand_Central_Terminal/0/pictures/Park_Av_Jul_2021_14.jpg
Grand_Central_Terminal,260911,0,commons/Exterior_of_Grand_Central_Terminal/0/pictures/Park_Av_Jul_2021_17.jpg
Grand_Central_Terminal,260911,0,commons/Exterior_of_Grand_Central_Terminal/0/pictures/Park_Avenue_Viaduct_Pershing_Square_from_west.jpg
Grand_Central_Terminal,260911,0,commons/Grand_Central_Terminal_in_2011/0/pictures/Grand_Central_Terminal_Park_Avenue_Viaduct_273.JPG
Grand_Central_Terminal,260911,0,"commons/Exterior_of_Grand_Central_Terminal/0/pictures/Park_Avenue_towards_Grand_Central_Terminal,_New_York_City,_NY_-_48046224386.jpg"
Grand_Central_Terminal,260911,0,commons/Grand_Central_Terminal_in_2011/0/pictures/Grand_Central_Terminal_with_Chrysler_Building.jpg
Grand_Central_Terminal,260911,0,"commons/Exterior_of_Grand_Central_Terminal/0/pictures/Park_Avenue_towards_Grand_Central_Terminal,_New_York_City,_NY_-_48046227271.jpg"
Grand_Central_Terminal,260911,0,"commons/Exterior_of_Grand_Central_Terminal/0/pictures/Park_Avenue_towards_Grand_Central_Terminal,_New_York_City,_NY.jpg"
Grand_Central_Terminal,260911,0,"commons/Exterior_of_Grand_Central_Terminal/0/pictures/Rain_and_First_Snow_of_the_Season_in_Manhattan,_New_York_(4163560499).jpg"
Grand_Central_Terminal,260911,0,commons/Grand_Central_Terminal_in_2017/0/pictures/Near_the_Grand_Central_Terminal.jpg
Grand_Central_Terminal,260911,0,"commons/Exterior_of_Grand_Central_Terminal/0/pictures/Rain_and_First_Snow_of_the_Season_in_Manhattan,_New_York_(4164321078).jpg"
Grand_Central_Terminal,260911,0,commons/Exterior_of_Grand_Central_Terminal/0/pictures/Rat_in_the_NY_Grand_Central_Station.jpg
Grand_Central_Terminal,260911,0,commons/Exterior_of_Grand_Central_Terminal/0/pictures/Skyscaper_Reflection_(8355400872).jpg
Grand_Central_Terminal,260911,0,commons/Exterior_of_Grand_Central_Terminal/0/pictures/Summer_Streets_meet_GCT_(6044367970).jpg
Grand_Central_Terminal,260911,0,"commons/Glory_of_Commerce_statues_and_clock,_Grand_Central_Terminal/0/pictures/Brandon_Nickerson_2015_(Unsplash).jpg"
Grand_Central_Terminal,260911,0,"commons/Glory_of_Commerce_statues_and_clock,_Grand_Central_Terminal/0/pictures/Glass_clock_and_statue_of_Minerva,_Hercules,_and_Mercury_(Jules-Alexis_Coutan,_sculptor),_42nd_Street_entrance,_Grand_Central_Terminal,_Midtown,_Manhattan.jpg"
Grand_Central_Terminal,260911,0,"commons/Grand_Central_Terminal_in_2018/0/pictures/GCT_Dec_4,_2018_(31236600947).jpg"
Grand_Central_Terminal,260911,0,"commons/Glory_of_Commerce_statues_and_clock,_Grand_Central_Terminal/0/pictures/GCT_evening_(367466502).jpg"
Grand_Central_Terminal,260911,0,"commons/Glory_of_Commerce_statues_and_clock,_Grand_Central_Terminal/0/pictures/Grand_Central_(82520921).jpeg"
Grand_Central_Terminal,260911,0,"commons/Glory_of_Commerce_statues_and_clock,_Grand_Central_Terminal/0/pictures/Glory_of_Commence_.jpg"
Grand_Central_Terminal,260911,0,"commons/Grand_Central_Terminal_in_2018/0/pictures/GCT_Dec_4,_2018_(31236601207).jpg"
Grand_Central_Terminal,260911,0,commons/Grand_Central_Terminal_in_2011/0/pictures/Summer_Streets_meet_GCT_(6044367970).jpg
Grand_Central_Terminal,260911,0,"commons/Glory_of_Commerce_statues_and_clock,_Grand_Central_Terminal/0/pictures/Grand_Central_Station_Empty_Streets_New_York_City_COVID19_-_49785046417.jpg"
Grand_Central_Terminal,260911,0,"commons/Grand_Central_Terminal_in_the_1980s/0/pictures/Pan_Am_Building,_NYC,_1980s.jpg"
Grand_Central_Terminal,260911,0,commons/Grand_Central_Terminal_in_2011/0/pictures/The_clock_at_Grand_Central_Station_New_York_-_panoramio.jpg
Grand_Central_Terminal,260911,0,"commons/Glory_of_Commerce_statues_and_clock,_Grand_Central_Terminal/0/pictures/Grand_Central_Station_(7162427141).jpg"
Grand_Central_Terminal,260911,0,commons/Grand_Central_Terminal_in_2012/0/pictures/2012_Grand_Central_Terminal.JPG
Grand_Central_Terminal,260911,0,"commons/Glory_of_Commerce_statues_and_clock,_Grand_Central_Terminal/0/pictures/Grand_Central_Terminal_276.JPG"
Grand_Central_Terminal,260911,0,"commons/Glory_of_Commerce_statues_and_clock,_Grand_Central_Terminal/0/pictures/Grand_Central_Terminal_NY_Mercury_Statue.jpg"
Grand_Central_Terminal,260911,0,"commons/Glory_of_Commerce_statues_and_clock,_Grand_Central_Terminal/0/pictures/Grand_Central_Terminal_clockface.jpg"
Grand_Central_Terminal,260911,0,"commons/Glory_of_Commerce_statues_and_clock,_Grand_Central_Terminal/0/pictures/Grand_Central_facade_detail_09.jpg"
Grand_Central_Terminal,260911,0,"commons/Glory_of_Commerce_statues_and_clock,_Grand_Central_Terminal/0/pictures/MTA_Celebrates_110th_Anniversary_of_Grand_Central_Terminal_(52665533479).jpg"
Grand_Central_Terminal,260911,0,"commons/Glory_of_Commerce_statues_and_clock,_Grand_Central_Terminal/0/pictures/MercuryClock2013.jpg"
Grand_Central_Terminal,260911,0,"commons/Glory_of_Commerce_statues_and_clock,_Grand_Central_Terminal/0/pictures/Grand_central_Station_Outside_Night_2.jpg"
Grand_Central_Terminal,260911,0,"commons/Glory_of_Commerce_statues_and_clock,_Grand_Central_Terminal/0/pictures/Metro-North_Railroad_and_City_Experiences_Announce_Walks_as_New_Official_Operator_of_Grand_Central_Terminal_Tours_(52537008518).jpg"
Grand_Central_Terminal,260911,0,"commons/Grand_Central_Terminal_in_2012/0/pictures/IGrand_Central_Terminal,_71-105_E._42nd_St._New_York.jpg"
Grand_Central_Terminal,260911,0,"commons/Glory_of_Commerce_statues_and_clock,_Grand_Central_Terminal/0/pictures/Metro-North_Railroad_and_City_Experiences_Announce_Walks_as_New_Official_Operator_of_Grand_Central_Terminal_Tours_(52537008518)_(cropped).jpg"
Grand_Central_Terminal,260911,0,"commons/Glory_of_Commerce_statues_and_clock,_Grand_Central_Terminal/0/pictures/Image-Grand_central_Station_Outside_Night_2.jpg"
Grand_Central_Terminal,260911,0,commons/Grand_Central_Terminal_in_2022/0/pictures/Grand_Central_Terminal_December_2022_003.jpg
Grand_Central_Terminal,260911,0,"commons/Glory_of_Commerce_statues_and_clock,_Grand_Central_Terminal/0/pictures/Park_Avenue_(formerly_Fourth_Avenue)_-_panoramio_(7).jpg"
Grand_Central_Terminal,260911,0,commons/Grand_Central_Terminal_in_2022/0/pictures/Grand_Central_Terminal_December_2022_002.jpg
Grand_Central_Terminal,260911,0,commons/Grand_Central_Terminal_in_2012/0/pictures/Park_Avenue_(formerly_Fourth_Avenue)_-_panoramio_(7).jpg
Grand_Central_Terminal,260911,0,"commons/Glory_of_Commerce_statues_and_clock,_Grand_Central_Terminal/0/pictures/New_York_City_(8896185539).jpg"
Grand_Central_Terminal,260911,0,commons/Exterior_of_Grand_Central_Terminal/0/pictures/MetLife_Building_towering_over_Grand_Central_Station_(1628487795).jpg
Grand_Central_Terminal,260911,0,"commons/Grand_Central_Station_eagles_at_Grand_Central_Terminal/0/pictures/GCT_Dec_4,_2018_(31236600767).jpg"
Grand_Central_Terminal,260911,0,commons/Grand_Central_Terminal_at_night/0/pictures/New_York_Grand_Central_Station_-_panoramio.jpg
Grand_Central_Terminal,260911,0,commons/Grand_Central_Terminal_in_2010/0/pictures/Grand_Central_Station_of_New_York_-_NYC_-_USA_-_panoramio.jpg
Grand_Central_Terminal,260911,0,commons/Grand_Central_Station_eagles_at_Grand_Central_Terminal/0/pictures/Grand_Central_facade_detail_02.jpg
Grand_Central_Terminal,260911,0,"commons/Grand_Central_Terminal_in_2017/0/pictures/At_New_York,_USA_2017_028.jpg"
Grand_Central_Terminal,260911,0,"commons/Exterior_of_Grand_Central_Terminal/0/pictures/Murray_Hill,_New_York,_NY,_USA_-_panoramio_(4).jpg"
Grand_Central_Terminal,260911,0,commons/Grand_Central_Station_eagles_at_Grand_Central_Terminal/0/pictures/Grand_Central_facade_detail_01.jpg
Grand_Central_Terminal,260911,0,"commons/Grand_Central_Terminal_in_2017/0/pictures/At_New_York,_USA_2017_032.jpg"
Grand_Central_Terminal,260911,0,commons/Exterior_of_Grand_Central_Terminal/0/pictures/NYC_2012_IMG_3342_(5503856180).jpg
Grand_Central_Terminal,260911,0,commons/Grand_Central_Station_eagles_at_Grand_Central_Terminal/0/pictures/Grand_Central_facade_detail_03.jpg
Grand_Central_Terminal,260911,0,commons/Grand_Central_Terminal_in_2022/0/pictures/Grand_Central_Terminal_December_2022_004.jpg
Grand_Central_Terminal,260911,0,commons/Grand_Central_Terminal_and_the_COVID-19_pandemic/0/pictures/Grand_Central_Station_Empty_Streets_New_York_City_COVID19_-_49784186398.jpg
Grand_Central_Terminal,260911,0,commons/Grand_Central_Terminal_at_night/0/pictures/Chrysler_Building_(1)_10.jpg
Grand_Central_Terminal,260911,0,commons/Grand_Central_Terminal_at_night/0/pictures/Friday_Evening_trip_into_NYC_for_some_photos._(3109550283).jpg
Grand_Central_Terminal,260911,0,commons/Grand_Central_Terminal_at_night/0/pictures/GCT_evening_(367466502).jpg
Grand_Central_Terminal,260911,0,commons/Grand_Central_Terminal_at_night/0/pictures/Gloomy_Grand_Central.jpg
Grand_Central_Terminal,260911,0,commons/Grand_Central_Terminal_in_2022/0/pictures/Metro-North_Railroad_and_City_Experiences_Announce_Walks_as_New_Official_Operator_of_Grand_Central_Terminal_Tours_(52537008518)_(cropped).jpg
Grand_Central_Terminal,260911,0,commons/Grand_Central_Terminal_at_night/0/pictures/Grand_Central_(12).jpg
Grand_Central_Terminal,260911,0,commons/Grand_Central_Terminal_in_2022/0/pictures/Metro-North_Railroad_and_City_Experiences_Announce_Walks_as_New_Official_Operator_of_Grand_Central_Terminal_Tours_(52537008618).jpg
Grand_Central_Terminal,260911,0,commons/Grand_Central_Terminal_at_night/0/pictures/Grand_Central_(32738821).jpeg
Grand_Central_Terminal,260911,0,commons/Grand_Central_Terminal_at_night/0/pictures/Grand_Central_(9).jpg
Grand_Central_Terminal,260911,0,commons/Grand_Central_Terminal_at_night/0/pictures/Grand_Central_Station_Christmas_Wreath_Snowstorm_2020_(50733349071).jpg
Grand_Central_Terminal,260911,0,commons/Grand_Central_Terminal_at_night/0/pictures/Grand_Central_Terminal_(50618204538).jpg
Grand_Central_Terminal,260911,0,commons/Grand_Central_Terminal_at_night/0/pictures/Grand_central_Station_Outside_Night_2_crop.jpg
Grand_Central_Terminal,260911,0,"commons/Grand_Central_Terminal_at_night/0/pictures/GrandCentral_Terminal,_NY,_USA_-_panoramio.jpg"
Grand_Central_Terminal,260911,0,commons/Grand_Central_Terminal_at_night/0/pictures/Metro-North_Railroad_Lights_Up_Pershing_Square_Bridge_to_Honor_Anniversary_of_Stonewall_Uprising_(50043828803).jpg
Grand_Central_Terminal,260911,0,commons/Grand_Central_Terminal_at_night/0/pictures/Metro-North_Railroad_Lights_Up_Pershing_Square_Bridge_to_Honor_Anniversary_of_Stonewall_Uprising_(50043828843).jpg
Grand_Central_Terminal,260911,0,commons/Exterior_of_Grand_Central_Terminal/0/pictures/E_42nd_St_Jul_2021_02.jpg
Grand_Central_Terminal,260911,0,commons/Grand_Central_Terminal_in_2007/0/pictures/GCT_Night.jpg
Grand_Central_Terminal,260911,0,commons/Grand_Central_Terminal_in_2007/0/pictures/GCT_evening_(367466502).jpg
Grand_Central_Terminal,260911,0,commons/Grand_Central_Terminal_in_2007/0/pictures/Grand_Central_Station_(2111627374).jpg
Grand_Central_Terminal,260911,0,commons/Grand_Central_Terminal_in_2023/0/pictures/MTA_Celebrates_110th_Anniversary_of_Grand_Central_Terminal_(52665241686).jpg
Grand_Central_Terminal,260911,0,commons/Exterior_of_Grand_Central_Terminal/0/pictures/Friday_Evening_trip_into_NYC_for_some_photos._(3110381024).jpg
Grand_Central_Terminal,260911,0,commons/Grand_Central_Terminal_in_2007/0/pictures/Grand_Central_Terminal_-_panoramio_(1).jpg
Grand_Central_Terminal,260911,0,commons/Grand_Central_Terminal_in_2007/0/pictures/Grand_Central_Station_(2111503680).jpg
Grand_Central_Terminal,260911,0,commons/Exterior_of_Grand_Central_Terminal/0/pictures/GCT_Night.jpg
Grand_Central_Terminal,260911,0,commons/Grand_Central_Terminal_in_2007/0/pictures/Grand_Central_Terminal_NY_Mercury_Statue.jpg
Grand_Central_Terminal,260911,0,commons/Grand_Central_Terminal_in_2014/0/pictures/NYC_Grand_Central.JPG
Grand_Central_Terminal,260911,0,commons/Exterior_of_Grand_Central_Terminal/0/pictures/Grand_Central_(10).jpg
Grand_Central_Terminal,260911,0,commons/Grand_Central_Terminal_in_2008/0/pictures/GCT_colonnade_jeh.JPG
Grand_Central_Terminal,260911,0,commons/Exterior_of_Grand_Central_Terminal/0/pictures/Grand_Central_(12).jpg
Grand_Central_Terminal,260911,0,commons/Grand_Central_Terminal_in_2008/0/pictures/Friday_Evening_trip_into_NYC_for_some_photos._(3109549657).jpg
Grand_Central_Terminal,260911,1,commons/Grand_Central_Terminal_in_the_2000s/0/pictures/Grand_central_terminal_exterior.jpg
Grand_Central_Terminal,260911,1,commons/Grand_Central_Terminal_in_2020/0/pictures/Metro-North_Railroad_Lights_Up_Pershing_Square_Bridge_to_Honor_Anniversary_of_Stonewall_Uprising_(50044390966).jpg
Grand_Central_Terminal,260911,1,commons/Grand_Central_Terminal_in_2020/0/pictures/Metro-North_Railroad_Lights_Up_Pershing_Square_Bridge_to_Honor_Anniversary_of_Stonewall_Uprising_(50043828803).jpg
Grand_Central_Terminal,260911,1,commons/Grand_Central_Terminal_in_2013/0/pictures/Grand_Central_(32738821).jpeg
Grand_Central_Terminal,260911,1,commons/Grand_Central_Terminal_in_2008/0/pictures/Grand_central_Station_Outside_Night_2.jpg
Grand_Central_Terminal,260911,1,commons/Exterior_of_Grand_Central_Terminal/0/pictures/Grand_Central_(32738821).jpeg
Grand_Central_Terminal,260911,1,commons/Grand_Central_Terminal_at_night/0/pictures/Metro-North_Railroad_Lights_Up_Pershing_Square_Bridge_to_Honor_Anniversary_of_Stonewall_Uprising_(50044390966).jpg
Grand_Central_Terminal,260911,1,commons/Exterior_of_Grand_Central_Terminal/0/pictures/Grand_central_Station_Outside_Night_2.jpg
Grand_Central_Terminal,260911,1,commons/Exterior_of_Grand_Central_Terminal/0/pictures/Grand_central_terminal_exterior.jpg
Grand_Central_Terminal,260911,1,commons/Exterior_of_Grand_Central_Terminal/0/pictures/Metro-North_Railroad_Lights_Up_Pershing_Square_Bridge_to_Honor_Anniversary_of_Stonewall_Uprising_(50044390966).jpg
Grand_Central_Terminal,260911,1,"commons/Glory_of_Commerce_statues_and_clock,_Grand_Central_Terminal/0/pictures/Grand_central_Station_Outside_Night_2.jpg"
Grand_Central_Terminal,260911,1,commons/Grand_Central_Terminal_in_2008/0/pictures/Grand_central_Station_Outside_Night_2_crop.jpg
Grand_Central_Terminal,260911,1,"commons/Glory_of_Commerce_statues_and_clock,_Grand_Central_Terminal/0/pictures/Grand_Central_Terminal_-_01.jpg"
Grand_Central_Terminal,260911,1,commons/Grand_Central_Terminal_at_night/0/pictures/Grand_Central_(32738821).jpeg
Grand_Central_Terminal,260911,1,commons/Grand_Central_Terminal_at_night/0/pictures/Grand_Central_Terminal_-_panoramio_(3).jpg
Grand_Central_Terminal,260911,1,commons/Grand_Central_Terminal_at_night/0/pictures/Grand_central_Station_Outside_Night_2_crop.jpg
Grand_Central_Terminal,260911,1,commons/Grand_Central_Terminal_in_2012/0/pictures/Grand_Central_Terminal_-_01.jpg
Grand_Central_Terminal,260911,1,commons/Grand_Central_Terminal_at_night/0/pictures/Grand_central_Station_Outside_Night_2.jpg
Grand_Central_Terminal,260911,1,commons/Exterior_of_Grand_Central_Terminal/0/pictures/Grand_central_Station_Outside_Night_2_crop.jpg
Grand_Central_Terminal,260911,1,commons/Grand_Central_Terminal_at_night/0/pictures/Grand_central_terminal_exterior.jpg
Grand_Central_Terminal,260911,2,commons/Grand_Central_Terminal_in_the_2000s/0/pictures/Grand_central_terminal_exterior.jpg
Grand_Central_Terminal,260911,2,commons/Grand_Central_Terminal_in_2020/0/pictures/Grand_Central_Terminal_(50618204538).jpg
Grand_Central_Terminal,260911,2,commons/Grand_Central_Terminal_in_2007/0/pictures/Grand_Central_Terminal_-_panoramio_(1).jpg
Grand_Central_Terminal,260911,2,commons/Grand_Central_Terminal_in_2007/0/pictures/GCT_evening_(367466502).jpg
Grand_Central_Terminal,260911,2,commons/Grand_Central_Terminal_in_2007/0/pictures/GCT_Night.jpg
Grand_Central_Terminal,260911,2,commons/Grand_Central_Terminal_in_2012/0/pictures/Grand_Central_Terminal_-_01.jpg
Grand_Central_Terminal,260911,2,commons/Exterior_of_Grand_Central_Terminal/0/pictures/GCT_Night.jpg
Grand_Central_Terminal,260911,2,"commons/Glory_of_Commerce_statues_and_clock,_Grand_Central_Terminal/0/pictures/GCT_Night.jpg"
Grand_Central_Terminal,260911,2,"commons/Glory_of_Commerce_statues_and_clock,_Grand_Central_Terminal/0/pictures/GCT_evening_(367466502).jpg"
Grand_Central_Terminal,260911,2,commons/Grand_Central_Terminal_at_night/0/pictures/Grand_Central_Terminal_-_panoramio_(1).jpg
Grand_Central_Terminal,260911,2,commons/Grand_Central_Terminal_at_night/0/pictures/Grand_central_terminal_exterior.jpg
Grand_Central_Terminal,260911,2,commons/Exterior_of_Grand_Central_Terminal/0/pictures/Grand_Central_Terminal_(50618204538).jpg
Grand_Central_Terminal,260911,2,"commons/Glory_of_Commerce_statues_and_clock,_Grand_Central_Terminal/0/pictures/Grand_Central_Terminal_-_01.jpg"
Grand_Central_Terminal,260911,2,commons/Exterior_of_Grand_Central_Terminal/0/pictures/Grand_Central_Terminal_-_panoramio_(1).jpg
Grand_Central_Terminal,260911,2,commons/Grand_Central_Terminal_at_night/0/pictures/Grand_Central_Terminal_(50618204538).jpg
Grand_Central_Terminal,260911,2,commons/Exterior_of_Grand_Central_Terminal/0/pictures/Grand_central_terminal_exterior.jpg
Grand_Central_Terminal,260911,2,commons/Grand_Central_Terminal_at_night/0/pictures/GCT_Night.jpg
Grand_Central_Terminal,260911,2,commons/Exterior_of_Grand_Central_Terminal/0/pictures/Outside_Grand_Central_(2119995954).jpg
Grand_Central_Terminal,260911,2,commons/Grand_Central_Terminal_at_night/0/pictures/GCT_evening_(367466502).jpg
Grand_Central_Terminal,260911,2,commons/Grand_Central_Terminal_at_night/0/pictures/Grand_Central_Terminal_-_panoramio_(3).jpg
Grand_Central_Terminal,260911,3,commons/TRAVELS_FAR_memorial_at_Grand_Central_Terminal/0/pictures/MTA_Expands_'TRAVELS_FAR'_Memorial_to_Grand_Central_and_Moynihan_Train_Hall_(50885064907).jpg
Grand_Central_Terminal,260911,3,commons/Photographs_of_flags_of_the_United_States_at_Grand_Central_Terminal/0/pictures/Redstone_in_Grand_Central_Station_July_7_1957.jpg
Grand_Central_Terminal,260911,3,commons/Photographs_of_flags_of_the_United_States_at_Grand_Central_Terminal/0/pictures/Nueva_York7108.JPG
Grand_Central_Terminal,260911,3,commons/Photographs_of_flags_of_the_United_States_at_Grand_Central_Terminal/0/pictures/Grand_Central_Station_-_panoramio.jpg
Grand_Central_Terminal,260911,3,commons/Photographs_of_flags_of_the_United_States_at_Grand_Central_Terminal/0/pictures/American_flag_in_Grand_Central_Terminal.jpg
Grand_Central_Terminal,260911,3,"commons/Photographs_of_flags_of_the_United_States_at_Grand_Central_Terminal/0/pictures/NYC,_Grand_Central,_USA_Flag.jpg"
Grand_Central_Terminal,260911,3,commons/Photographs_of_flags_of_the_United_States_at_Grand_Central_Terminal/0/pictures/Christmas_In_The_Grand_Central_Terminal_(200281713).jpeg
Grand_Central_Terminal,260911,3,commons/Main_Concourse_(Grand_Central_Terminal)_panoramas/0/pictures/Grand_Central_Station_panorama_(51800068015).jpg
Grand_Central_Terminal,260911,3,"commons/Main_Concourse_(Grand_Central_Terminal)_panoramas/0/pictures/Grand_Central_Terminal,_New_York_2017_49.jpg"
Grand_Central_Terminal,260911,3,"commons/Main_Concourse_(Grand_Central_Terminal)_panoramas/0/pictures/-2-_Time_Machine_Backups,_2,_55_images,_DSC0023_-_DSC0077_-_11972x4145_-_SCUL-Smartblend.jpg"
Grand_Central_Terminal,260911,3,commons/Main_Concourse_(Grand_Central_Terminal)_information_booth/0/pictures/MTA_Celebrates_110th_Anniversary_of_Grand_Central_Terminal_(52665533744).jpg
Grand_Central_Terminal,260911,3,commons/Main_Concourse_(Grand_Central_Terminal)_information_booth/0/pictures/Life_in_the_time_of_Covid_(50323434437).jpg
Grand_Central_Terminal,260911,3,commons/Main_Concourse_(Grand_Central_Terminal)_clock/0/pictures/Oonee_Bike_Storage_Pod_Pilot_(51874606435).jpg
Grand_Central_Terminal,260911,3,commons/Main_Concourse_(Grand_Central_Terminal)_clock/0/pictures/The_Clock_at_Grand_Central_Terminal.jpg
Grand_Central_Terminal,260911,3,commons/Main_Concourse_(Grand_Central_Terminal)_clock/0/pictures/Grand_Central_Terminal_285.JPG
Grand_Central_Terminal,260911,3,commons/Main_Concourse_(Grand_Central_Terminal)_clock/0/pictures/GCT_November_2019_01.jpg
Grand_Central_Terminal,260911,3,commons/Main_Concourse_(Grand_Central_Terminal)_ceiling/0/pictures/New_York_City_am_19.4.2014_20.jpg
Grand_Central_Terminal,260911,3,"commons/Main_Concourse_(Grand_Central_Terminal)_ceiling/0/pictures/Grand_Central_Terminal_and_Vanderbilt_Hall_Christmas_Market,_New_York_(4163525139).jpg"
Grand_Central_Terminal,260911,3,commons/Main_Concourse_(Grand_Central_Terminal)_ceiling/0/pictures/Grand_Central_Terminal_May_2022.jpg
Grand_Central_Terminal,260911,3,commons/Main_Concourse_(Grand_Central_Terminal)_ceiling/0/pictures/Manhattan_-_Grand_Central_Terminal_-_20180808105211.jpg
Grand_Central_Terminal,260911,3,"commons/Main_Concourse_(Grand_Central_Terminal)_ceiling/0/pictures/Detail,_Grand_Central_Station's_Main_Concourse.jpg"
Grand_Central_Terminal,260911,3,"commons/Main_Concourse_(Grand_Central_Terminal)_ceiling/0/pictures/Grand_Central_Terminal,_New_York_2017_08.jpg"
Grand_Central_Terminal,260911,3,commons/Main_Concourse_(Grand_Central_Terminal)_ceiling/0/pictures/Ceiling_of_the_Hall_of_Grand_Central_Terminal.jpg
Grand_Central_Terminal,260911,3,commons/Main_Concourse_(Grand_Central_Terminal)_ceiling/0/pictures/Cancer_Crab_Grand_Central_by_David_Shankbone.jpg
Grand_Central_Terminal,260911,3,commons/Main_Concourse_(Grand_Central_Terminal)/0/pictures/USA-NYC-Grand_Central_Terminal2.JPG
Grand_Central_Terminal,260911,3,commons/Main_Concourse_(Grand_Central_Terminal)/0/pictures/Veterans_Day_Ceremony_2017_(38360628762).jpg
Grand_Central_Terminal,260911,3,commons/Main_Concourse_(Grand_Central_Terminal)/0/pictures/Vanderbilt_Hall_II_(50618204768).jpg
Grand_Central_Terminal,260911,3,commons/Main_Concourse_(Grand_Central_Terminal)_ceiling/0/pictures/At_New_York_City_2023_004.jpg
Grand_Central_Terminal,260911,3,commons/Main_Concourse_(Grand_Central_Terminal)/0/pictures/TrainTime_App_(52292875360).jpg
Grand_Central_Terminal,260911,3,commons/Main_Concourse_(Grand_Central_Terminal)/0/pictures/Record_Ridership_(52085145329).jpg
Grand_Central_Terminal,260911,3,commons/Main_Concourse_(Grand_Central_Terminal)/0/pictures/Record_Ridership_(52084925273).jpg
Grand_Central_Terminal,260911,3,commons/Main_Concourse_(Grand_Central_Terminal)/0/pictures/TrainTime_App_(52292391186).jpg
Grand_Central_Terminal,260911,3,commons/Main_Concourse_(Grand_Central_Terminal)/0/pictures/The_Grand_Central_Terminal_In_New_York_City_(196943651).jpeg
Grand_Central_Terminal,260911,3,commons/Main_Concourse_(Grand_Central_Terminal)/0/pictures/Record_Ridership_(52085398510).jpg
Grand_Central_Terminal,260911,3,commons/Main_Concourse_(Grand_Central_Terminal)/0/pictures/Record_Ridership_(52085145559).jpg
Grand_Central_Terminal,260911,3,commons/Main_Concourse_(Grand_Central_Terminal)/0/pictures/Record_Ridership_(52085145469).jpg
Grand_Central_Terminal,260911,3,commons/Main_Concourse_(Grand_Central_Terminal)/0/pictures/Samsebeskazal-02149.jpg
Grand_Central_Terminal,260911,3,commons/Main_Concourse_(Grand_Central_Terminal)/0/pictures/Record_Ridership_(52085145349).jpg
Grand_Central_Terminal,260911,3,commons/Main_Concourse_(Grand_Central_Terminal)/0/pictures/Record_Ridership_(52084925043).jpg
Grand_Central_Terminal,260911,3,commons/Main_Concourse_(Grand_Central_Terminal)/0/pictures/Oonee_Bike_Storage_Pod_Pilot_(51873001837).jpg
Grand_Central_Terminal,260911,3,commons/Main_Concourse_(Grand_Central_Terminal)/0/pictures/Record_Ridership_(52083868537).jpg
Grand_Central_Terminal,260911,3,commons/Main_Concourse_(Grand_Central_Terminal)/0/pictures/New_York_Grand_Central_Terminal_June_2013_-_5_(9153404692).jpg
Grand_Central_Terminal,260911,3,commons/Main_Concourse_(Grand_Central_Terminal)/0/pictures/NYPA_Earth_Day_Event_at_Grand_Central_Terminal_(17038454849).jpg
Grand_Central_Terminal,260911,3,commons/Main_Concourse_(Grand_Central_Terminal)/0/pictures/New_York_-_panoramio_(175).jpg
Grand_Central_Terminal,260911,3,"commons/Main_Concourse_(Grand_Central_Terminal)/0/pictures/New_York_City,_Manhattan,_Midtown_East_-_Grand_Central_Terminal,_Main_Concourse.1903_-_5461075174.jpg"
Grand_Central_Terminal,260911,3,commons/Main_Concourse_(Grand_Central_Terminal)/0/pictures/Main_Concourse_in_Grand_Central_Terminal.jpg
Grand_Central_Terminal,260911,3,commons/Main_Concourse_(Grand_Central_Terminal)/0/pictures/NYPA_Earth_Day_Event_at_Grand_Central_Terminal_(17037094360).jpg
Grand_Central_Terminal,260911,3,commons/Main_Concourse_(Grand_Central_Terminal)/0/pictures/NYC_CentralStation_amk.jpg
Grand_Central_Terminal,260911,3,commons/Main_Concourse_(Grand_Central_Terminal)/0/pictures/Grand_Central.jpg
Grand_Central_Terminal,260911,3,"commons/Main_Concourse_(Grand_Central_Terminal)/0/pictures/Grand_Central_Terminal,_New_York_2017_39.jpg"
Grand_Central_Terminal,260911,3,"commons/Main_Concourse_(Grand_Central_Terminal)/0/pictures/Grand_Central_Terminal,_New_York_2017_30.jpg"
Grand_Central_Terminal,260911,3,"commons/Main_Concourse_(Grand_Central_Terminal)/0/pictures/Grand_Central_Terminal,_New_York_2017_13.jpg"
Grand_Central_Terminal,260911,3,commons/Main_Concourse_(Grand_Central_Terminal)/0/pictures/Grand_Central_Terminal_61.jpg
Grand_Central_Terminal,260911,3,"commons/Main_Concourse_(Grand_Central_Terminal)/0/pictures/Grand_Central_Terminal,_New_York_2017_11.jpg"
Grand_Central_Terminal,260911,3,"commons/Main_Concourse_(Grand_Central_Terminal)/0/pictures/Grand_Central_Terminal,_New_York_2017_07.jpg"
Grand_Central_Terminal,260911,3,commons/Main_Concourse_(Grand_Central_Terminal)/0/pictures/Grand_Central_Terminal_May_2022_002.jpg
Grand_Central_Terminal,260911,3,"commons/Main_Concourse_(Grand_Central_Terminal)/0/pictures/Grand_Central_Terminal,_New_York_2017_33.jpg"
Grand_Central_Terminal,260911,3,commons/Main_Concourse_(Grand_Central_Terminal)/0/pictures/Grand_Central_Terminal_overlook_from_stairs.jpg
Grand_Central_Terminal,260911,3,commons/Main_Concourse_(Grand_Central_Terminal)/0/pictures/Grand_Central_Terminal_main_concourse.jpg
Grand_Central_Terminal,260911,3,commons/Main_Concourse_(Grand_Central_Terminal)/0/pictures/Grand_Central_Terminal_information_desk_at_night.gk.jpg
Grand_Central_Terminal,260911,3,"commons/Main_Concourse_(Grand_Central_Terminal)/0/pictures/Grand_Central_Terminal,_New_York_2017_22.jpg"
Grand_Central_Terminal,260911,3,"commons/Main_Concourse_(Grand_Central_Terminal)/0/pictures/Grand_Central_Terminal,_New_York_2017_14.jpg"
Grand_Central_Terminal,260911,3,commons/Main_Concourse_(Grand_Central_Terminal)/0/pictures/Grand_Central_Terminal_Interior_December_2021_001.jpg
Grand_Central_Terminal,260911,3,commons/Main_Concourse_(Grand_Central_Terminal)/0/pictures/Grand_Central_Terminal_Main_Concourse_2019-10-03_20-02.jpg
Grand_Central_Terminal,260911,3,commons/Main_Concourse_(Grand_Central_Terminal)/0/pictures/Grand_Central_Terminal_Main_Concourse_2015.JPG
Grand_Central_Terminal,260911,3,commons/Main_Concourse_(Grand_Central_Terminal)/0/pictures/Grand_Central_Terminal_interior_-_DSC06459.JPG
Grand_Central_Terminal,260911,3,commons/Main_Concourse_(Grand_Central_Terminal)/0/pictures/Grand_Central_Terminal_Main_Concourse_1.jpg
Grand_Central_Terminal,260911,3,commons/Main_Concourse_(Grand_Central_Terminal)/0/pictures/Grand_Central_Terminal_Lobby.jpg
Grand_Central_Terminal,260911,3,commons/Main_Concourse_(Grand_Central_Terminal)/0/pictures/Grand_Central_Terminal_January_2023.jpg
Grand_Central_Terminal,260911,3,commons/Main_Concourse_(Grand_Central_Terminal)/0/pictures/Grand_Central_Terminal_January_2023_006.jpg
Grand_Central_Terminal,260911,3,commons/Main_Concourse_(Grand_Central_Terminal)/0/pictures/Grand_Central_Terminal_January_2023_003.jpg
Grand_Central_Terminal,260911,3,commons/Main_Concourse_(Grand_Central_Terminal)/0/pictures/Grand_Central_Terminal_ceiling_view.jpg
Grand_Central_Terminal,260911,3,commons/Main_Concourse_(Grand_Central_Terminal)/0/pictures/Grand_Central_Terminal_60.jpg
Grand_Central_Terminal,260911,3,commons/Main_Concourse_(Grand_Central_Terminal)/0/pictures/Grand_Central_Terminal_May_2022_004.jpg
Grand_Central_Terminal,260911,3,commons/Main_Concourse_(Grand_Central_Terminal)/0/pictures/Grand_Central_Terminal_May_2022_003.jpg
Grand_Central_Terminal,260911,3,commons/Main_Concourse_(Grand_Central_Terminal)/0/pictures/Grand_Central_Terminal_February_2023_004.jpg
Grand_Central_Terminal,260911,3,commons/Main_Concourse_(Grand_Central_Terminal)/0/pictures/Grand_Central_Terminal_February_2023_003.jpg
Grand_Central_Terminal,260911,3,commons/Main_Concourse_(Grand_Central_Terminal)/0/pictures/Grand_Central_Terminal_February_2023_002.jpg
Grand_Central_Terminal,260911,3,commons/Main_Concourse_(Grand_Central_Terminal)/0/pictures/Grand_Central_Terminal_February_2023_001.jpg
Grand_Central_Terminal,260911,3,commons/Main_Concourse_(Grand_Central_Terminal)/0/pictures/Grand_Central_Terminal_Commute.jpg
Grand_Central_Terminal,260911,3,commons/Main_Concourse_(Grand_Central_Terminal)/0/pictures/Grand_Central_Terminal_January_2023_004.jpg
Grand_Central_Terminal,260911,3,commons/Main_Concourse_(Grand_Central_Terminal)/0/pictures/Grand_Central_Terminal_62.jpg
Grand_Central_Terminal,260911,3,commons/Main_Concourse_(Grand_Central_Terminal)/0/pictures/Grand_Central_Terminal_January_2023_002.jpg
Grand_Central_Terminal,260911,3,commons/Main_Concourse_(Grand_Central_Terminal)/0/pictures/Grand_Central_Terminal_Interior_December_2021.jpg
Grand_Central_Terminal,260911,3,commons/Main_Concourse_(Grand_Central_Terminal)/0/pictures/Grand_Central_Terminal_Interior_December_2021_003.jpg
Grand_Central_Terminal,260911,3,commons/Main_Concourse_(Grand_Central_Terminal)/0/pictures/Grand_Central_Terminal_-_New_York_USA_-_panoramio_(2).jpg
Grand_Central_Terminal,260911,3,commons/Main_Concourse_(Grand_Central_Terminal)/0/pictures/Grand_Central_Terminal_288.JPG
Grand_Central_Terminal,260911,3,commons/Main_Concourse_(Grand_Central_Terminal)/0/pictures/Grand_Central_Terminal_2017_(38116476404).jpg
Grand_Central_Terminal,260911,3,commons/Main_Concourse_(Grand_Central_Terminal)/0/pictures/Grand_Central_Terminal_2006.jpg
Grand_Central_Terminal,260911,3,commons/Main_Concourse_(Grand_Central_Terminal)/0/pictures/Grand_Central_Terminal_105.jpg
Grand_Central_Terminal,260911,3,commons/Main_Concourse_(Grand_Central_Terminal)/0/pictures/Grand_Central_Terminal_103.jpg
Grand_Central_Terminal,260911,3,commons/Main_Concourse_(Grand_Central_Terminal)/0/pictures/Grand_Central_Terminal_(3).JPG
Grand_Central_Terminal,260911,3,commons/Main_Concourse_(Grand_Central_Terminal)/0/pictures/Grand_Central_Terminal_101.jpg
Grand_Central_Terminal,260911,3,commons/Main_Concourse_(Grand_Central_Terminal)/0/pictures/Grand_Central_Terminal_-_panoramio.jpg
Grand_Central_Terminal,260911,3,commons/Main_Concourse_(Grand_Central_Terminal)/0/pictures/Grand_Central_Terminal_-_panoramio_-_Javier_G._R..jpg
Grand_Central_Terminal,260911,3,commons/Main_Concourse_(Grand_Central_Terminal)/0/pictures/Grand_Central_Terminal_(14627p).jpg
Grand_Central_Terminal,260911,3,commons/Main_Concourse_(Grand_Central_Terminal)/0/pictures/Grand_Central_Terminal_-_panoramio_(2).jpg
Grand_Central_Terminal,260911,3,commons/Main_Concourse_(Grand_Central_Terminal)/0/pictures/Grand_Central_Terminal_-_New_York_-_USA_-_panoramio.jpg
Grand_Central_Terminal,260911,3,commons/Main_Concourse_(Grand_Central_Terminal)/0/pictures/Grand_Central_(6817944890).jpg
Grand_Central_Terminal,260911,3,commons/Main_Concourse_(Grand_Central_Terminal)/0/pictures/Grand_Central_Terminal_(4408013754).jpg
Grand_Central_Terminal,260911,3,commons/Main_Concourse_(Grand_Central_Terminal)/0/pictures/Grand_Central_Terminal_102.jpg
Grand_Central_Terminal,260911,3,commons/Main_Concourse_(Grand_Central_Terminal)/0/pictures/Grand_Central_Station_Aug_2017.jpg
Grand_Central_Terminal,260911,3,commons/Main_Concourse_(Grand_Central_Terminal)/0/pictures/Grand_Central_Terminal_(22314807029).jpg
Grand_Central_Terminal,260911,3,commons/Main_Concourse_(Grand_Central_Terminal)/0/pictures/Grand_Central_Terminal_(2).JPG
Grand_Central_Terminal,260911,3,commons/Main_Concourse_(Grand_Central_Terminal)/0/pictures/Grand_Central_Terminal_(11654714495).jpg
Grand_Central_Terminal,260911,3,commons/Main_Concourse_(Grand_Central_Terminal)/0/pictures/Grand_Central_Station_(8403828892).jpg
Grand_Central_Terminal,260911,3,commons/Main_Concourse_(Grand_Central_Terminal)/0/pictures/Grand_Central_Station_(2110946961).jpg
Grand_Central_Terminal,260911,3,commons/Main_Concourse_(Grand_Central_Terminal)/0/pictures/Grand_Central_Station_Flag_&_Ceiling.jpg
Grand_Central_Terminal,260911,3,commons/Main_Concourse_(Grand_Central_Terminal)/0/pictures/Grand_Central_Station_2_(4684776348).jpg
Grand_Central_Terminal,260911,3,commons/Main_Concourse_(Grand_Central_Terminal)/0/pictures/Grand_Central_Terminal_(12686309625).jpg
Grand_Central_Terminal,260911,3,commons/Main_Concourse_(Grand_Central_Terminal)/0/pictures/Grand_Central_Catwalk_View.jpg
Grand_Central_Terminal,260911,3,commons/Main_Concourse_(Grand_Central_Terminal)/0/pictures/Grand_Central_Station_movement.JPG
Grand_Central_Terminal,260911,3,commons/Main_Concourse_(Grand_Central_Terminal)/0/pictures/Grand_Central_Station_(3415998911).jpg
Grand_Central_Terminal,260911,3,commons/Main_Concourse_(Grand_Central_Terminal)/0/pictures/Grand_Central_Station_Lobby.jpg
Grand_Central_Terminal,260911,3,commons/Main_Concourse_(Grand_Central_Terminal)/0/pictures/Grand_Central_Station_Inside.JPG
Grand_Central_Terminal,260911,3,commons/Main_Concourse_(Grand_Central_Terminal)/0/pictures/Grand_Central_Station_(2110728699).jpg
Grand_Central_Terminal,260911,3,commons/Main_Concourse_(Grand_Central_Terminal)/0/pictures/Grand_Central_Station_3_(4684772158).jpg
Grand_Central_Terminal,260911,3,commons/Main_Concourse_(Grand_Central_Terminal)/0/pictures/Grand_Central_Frozen_(15518898025).jpg
Grand_Central_Terminal,260911,3,commons/Main_Concourse_(Grand_Central_Terminal)/0/pictures/Grand_Central_Concourse_Windows.JPG
Grand_Central_Terminal,260911,3,commons/Main_Concourse_(Grand_Central_Terminal)/0/pictures/Grand_Central_Concourse_Flag.JPG
Grand_Central_Terminal,260911,3,commons/Main_Concourse_(Grand_Central_Terminal)/0/pictures/Gct.jpg
Grand_Central_Terminal,260911,3,commons/Main_Concourse_(Grand_Central_Terminal)/0/pictures/Grand_Central_Station_(6999057132).jpg
Grand_Central_Terminal,260911,3,commons/Main_Concourse_(Grand_Central_Terminal)/0/pictures/Grand_Central_Balcony_(50630464587).jpg
Grand_Central_Terminal,260911,3,commons/Main_Concourse_(Grand_Central_Terminal)/0/pictures/Grand_Central_Station_(60472176).jpeg
Grand_Central_Terminal,260911,3,commons/Main_Concourse_(Grand_Central_Terminal)/0/pictures/Grand_Central_Station_(4548513801).jpg
Grand_Central_Terminal,260911,3,commons/Main_Concourse_(Grand_Central_Terminal)/0/pictures/Grand_Central_100_Anniversary_-_panoramio.jpg
Grand_Central_Terminal,260911,3,commons/Main_Concourse_(Grand_Central_Terminal)/0/pictures/Grand_Central_Station_(2110948291).jpg
Grand_Central_Terminal,260911,3,commons/Main_Concourse_(Grand_Central_Terminal)/0/pictures/Grand_Central_(32738813).jpeg
Grand_Central_Terminal,260911,3,commons/Main_Concourse_(Grand_Central_Terminal)/0/pictures/Grand_Central_(29489995815).jpg
Grand_Central_Terminal,260911,3,commons/Main_Concourse_(Grand_Central_Terminal)/0/pictures/Grand_Central_(13).jpg
Grand_Central_Terminal,260911,3,commons/Main_Concourse_(Grand_Central_Terminal)/0/pictures/Gct3.jpg
Grand_Central_Terminal,260911,3,commons/Main_Concourse_(Grand_Central_Terminal)/0/pictures/Grand_Central_Centennial_(8434668003).jpg
Grand_Central_Terminal,260911,3,commons/Main_Concourse_(Grand_Central_Terminal)/0/pictures/At_New_York_City_2023_002.jpg
Grand_Central_Terminal,260911,3,commons/Main_Concourse_(Grand_Central_Terminal)/0/pictures/Friday_Evening_trip_into_NYC_for_some_photos._(3109551321).jpg
Grand_Central_Terminal,260911,3,commons/Main_Concourse_(Grand_Central_Terminal)/0/pictures/Estación_central_(4436563499).jpg
Grand_Central_Terminal,260911,3,commons/Main_Concourse_(Grand_Central_Terminal)/0/pictures/GCT_east_windows.jpg
Grand_Central_Terminal,260911,3,commons/Main_Concourse_(Grand_Central_Terminal)/0/pictures/GCT_Main_Concourse.jpg
Grand_Central_Terminal,260911,3,commons/Main_Concourse_(Grand_Central_Terminal)/0/pictures/Die_Haupthalle_des_Grand_Central_Terminals_in_Manhattan_-_panoramio.jpg
Grand_Central_Terminal,260911,3,commons/Main_Concourse_(Grand_Central_Terminal)/0/pictures/At_New_York_City_2023_010.jpg
Grand_Central_Terminal,260911,3,commons/Main_Concourse_(Grand_Central_Terminal)/0/pictures/Golden_Grand_Central_Station_(Unsplash).jpg
Grand_Central_Terminal,260911,3,commons/Main_Concourse_(Grand_Central_Terminal)/0/pictures/Gct_(8437215228).jpg
Grand_Central_Terminal,260911,3,commons/Main_Concourse_(Grand_Central_Terminal)/0/pictures/GCT_north_face.jpg
Grand_Central_Terminal,260911,3,commons/Main_Concourse_(Grand_Central_Terminal)/0/pictures/GCT_in_Blizzard_of_2015.jpg
Grand_Central_Terminal,260911,3,commons/Main_Concourse_(Grand_Central_Terminal)/0/pictures/Estacion_Central_-_panoramio_-_Gustavo_Facci.jpg
Grand_Central_Terminal,260911,3,commons/Main_Concourse_(Grand_Central_Terminal)/0/pictures/At_New_York_City_2023_006.jpg
Grand_Central_Terminal,260911,3,commons/Main_Concourse_(Grand_Central_Terminal)/0/pictures/Busy_Grand_Central_Station_in_the_Afternoon.jpg
Grand_Central_Terminal,260911,3,commons/Main_Concourse_(Grand_Central_Terminal)/0/pictures/Blizzard_of_2015-_Empty_Grand_Central_Terminal_(16377099101).jpg
Grand_Central_Terminal,260911,3,commons/Main_Concourse_(Grand_Central_Terminal)/0/pictures/Blizzard_of_2015-_Empty_Grand_Central_Terminal_(16192599239).jpg
Grand_Central_Terminal,260911,3,commons/Main_Concourse_(Grand_Central_Terminal)/0/pictures/Blizzard_of_2015_Empty_Grand_Central_Terminal.jpg
Grand_Central_Terminal,260911,3,commons/Main_Concourse_(Grand_Central_Terminal)/0/pictures/At_New_York_City_2023_127.jpg
Grand_Central_Terminal,260911,3,commons/Main_Concourse_(Grand_Central_Terminal)/0/pictures/At_New_York_City_2023_013.jpg
Grand_Central_Terminal,260911,3,commons/Main_Concourse_(Grand_Central_Terminal)/0/pictures/At_New_York_City_2023_008.jpg
Grand_Central_Terminal,260911,3,commons/Main_Concourse_(Grand_Central_Terminal)/0/pictures/CombinedGCS_(31298612281).jpg
Grand_Central_Terminal,260911,3,commons/Main_Concourse_(Grand_Central_Terminal)/0/pictures/Christmas_In_The_Grand_Central_Terminal_(200281713).jpeg
Grand_Central_Terminal,260911,3,commons/Main_Concourse_(Grand_Central_Terminal)/0/pictures/Catherine_Rinaldi_to_Serve_as_Interim_President_of_MTA_Long_Island_Rail_Road_(51874315419).jpg
Grand_Central_Terminal,260911,3,commons/Main_Concourse_(Grand_Central_Terminal)/0/pictures/At_New_York_City_2023_001.jpg
Grand_Central_Terminal,260911,3,commons/Main_Concourse_(Grand_Central_Terminal)/0/pictures/Another_Entrance_at_Grand_Central.JPG
Grand_Central_Terminal,260911,3,commons/Main_Concourse_(Grand_Central_Terminal)/0/pictures/American_flag_in_Grand_Central_Terminal.jpg
Grand_Central_Terminal,260911,3,commons/Main_Concourse_(Grand_Central_Terminal)/0/pictures/500px_photo_(203162609).jpeg
Grand_Central_Terminal,260911,3,commons/Main_Concourse_(Grand_Central_Terminal)/0/pictures/2016-11_Grand_Central_Terminal.jpg
Grand_Central_Terminal,260911,3,commons/Main_Concourse_(Grand_Central_Terminal)/0/pictures/At_New_York_City_2023_005.jpg
Grand_Central_Terminal,260911,3,commons/Main_Concourse_(Grand_Central_Terminal)/0/pictures/2007_New_York_City_Grand_Central_Terminal.jpg
Grand_Central_Terminal,260911,3,commons/Main_Concourse_(Grand_Central_Terminal)/0/pictures/2004-12-11_-_New_York_(34).jpg
Grand_Central_Terminal,260911,3,commons/Main_Concourse_(Grand_Central_Terminal)/0/pictures/100Years_5261_(8450397119).jpg
Grand_Central_Terminal,260911,3,commons/Main_Concourse_(Grand_Central_Terminal)/0/pictures/Assisting_Customers_at_Grand_Central_Terminal_(13107914673).jpg
Grand_Central_Terminal,260911,3,commons/Main_Concourse_(Grand_Central_Terminal)/0/pictures/100Years_5289_(8451485062).jpg
Grand_Central_Terminal,260911,3,commons/Main_Concourse_(Grand_Central_Terminal)/0/pictures/100Years_5241_(8451484948).jpg
Grand_Central_Terminal,260911,3,commons/Jacqueline_Kennedy_Onassis_Foyer_(Grand_Central_Terminal)/0/pictures/Jacqueline_Kennedy_Onassis_Grand_Central_Entry_Dedication_(14358315119).jpg
Grand_Central_Terminal,260911,3,commons/Interior_of_Grand_Central_Terminal/0/pictures/Samsebeskazal-02100.jpg
Grand_Central_Terminal,260911,3,commons/Interior_of_Grand_Central_Terminal/0/pictures/Grand_Central_Terminal_278.JPG
Grand_Central_Terminal,260911,3,commons/Interior_of_Grand_Central_Terminal/0/pictures/Grand_Central_Terminal_279.JPG
Grand_Central_Terminal,260911,3,commons/Historical_views_of_Main_Concourse_(Grand_Central_Terminal)/0/pictures/Grand_Central_light_rays-magazine_cover.jpg
Grand_Central_Terminal,260911,3,"commons/Grand_Central_Terminal_ticket_windows/0/pictures/Grand_Central_Terminal,_NYC_1_12_18_-grandcentralterminal_-betransported_(26605552198).jpg"
Grand_Central_Terminal,260911,3,commons/Main_Concourse_(Grand_Central_Terminal)_clock/0/pictures/Clock_in_BandW_at_Grand_Central.JPG
Grand_Central_Terminal,260911,3,commons/Grand_Central_Terminal_ticket_windows/0/pictures/Grand_Central_Station_(2110732145).jpg
Grand_Central_Terminal,260911,3,commons/Main_Concourse_(Grand_Central_Terminal)_ceiling/0/pictures/Grand_Central_Station_Flag_and_Ceiling_(8372019352).jpg
Grand_Central_Terminal,260911,3,commons/Grand_Central_Terminal_ticket_windows/0/pictures/Manhattan_-_Grand_Central_Terminal_-_20180821112609.jpg
Grand_Central_Terminal,260911,3,commons/Main_Concourse_(Grand_Central_Terminal)_clock/0/pictures/20140211_NewYork_3787_(14528753534).jpg
Grand_Central_Terminal,260911,3,commons/Grand_Central_Terminal_ticket_windows/0/pictures/Grand_Central_Terminal_68.jpg
Grand_Central_Terminal,260911,3,commons/Grand_Central_Terminal_ticket_windows/0/pictures/Samsebeskazal-02140.jpg
Grand_Central_Terminal,260911,3,commons/Grand_Central_Terminal_ticket_windows/0/pictures/Grand_Central_Station_(2110727021).jpg
Grand_Central_Terminal,260911,3,commons/Main_Concourse_(Grand_Central_Terminal)_ceiling/0/pictures/Historical_Photos_of_Grand_Central_Terminal_(52664236883).jpg
Grand_Central_Terminal,260911,3,commons/Grand_Central_Terminal_special_events/0/pictures/Veterans_Day_Ceremony_2017_(38360634552).jpg
Grand_Central_Terminal,260911,3,commons/Grand_Central_Terminal_special_events/0/pictures/Veterans_Day_Ceremony_2017_(38360634092).jpg
Grand_Central_Terminal,260911,3,commons/Main_Concourse_(Grand_Central_Terminal)_ceiling/0/pictures/Grand_Central_ceiling.png
Grand_Central_Terminal,260911,3,commons/Grand_Central_Terminal_special_events/0/pictures/Veterans_Day_Ceremony_2017_(38360628762).jpg
Grand_Central_Terminal,260911,3,"commons/Main_Concourse_(Grand_Central_Terminal)_ceiling/0/pictures/Grand_Central_Terminal,_New_York_2017_25.jpg"
Grand_Central_Terminal,260911,3,commons/Grand_Central_Terminal_special_events/0/pictures/TrainTime_App_(52292670028).jpg
Grand_Central_Terminal,260911,3,commons/Grand_Central_Terminal_special_events/0/pictures/TrainTime_App_(52292654519).jpg
Grand_Central_Terminal,260911,3,commons/Main_Concourse_(Grand_Central_Terminal)_ceiling/0/pictures/Grand_Central_AT.jpg
Grand_Central_Terminal,260911,3,commons/Grand_Central_Terminal_special_events/0/pictures/Presser-_Cardiac_Save_at_Grand_Central_(16427571081).jpg
Grand_Central_Terminal,260911,3,commons/Main_Concourse_(Grand_Central_Terminal)_ceiling/0/pictures/GCT_ceiling_East_jeh.jpg
Grand_Central_Terminal,260911,3,commons/Grand_Central_Terminal_special_events/0/pictures/TrainTime_App_(52292875360).jpg
Grand_Central_Terminal,260911,3,commons/Main_Concourse_(Grand_Central_Terminal)/0/pictures/Žába_na_Hlaváku_-_panoramio.jpg
Grand_Central_Terminal,260911,3,commons/Grand_Central_Terminal_special_events/0/pictures/Presser-_Cardiac_Save_at_Grand_Central_(16427569491).jpg
Grand_Central_Terminal,260911,3,commons/Grand_Central_Terminal_special_events/0/pictures/MTA_To_Lift_Bike_Permit_Requirement_on_Commuter_Railroads_(51373728891).jpg
Grand_Central_Terminal,260911,3,commons/Grand_Central_Terminal_special_events/0/pictures/MTA_To_Lift_Bike_Permit_Requirement_on_Commuter_Railroads_(51374733905).jpg
Grand_Central_Terminal,260911,3,commons/Grand_Central_Terminal_special_events/0/pictures/MTA_To_Lift_Bike_Permit_Requirement_on_Commuter_Railroads_(51374462364).jpg
Grand_Central_Terminal,260911,3,commons/Main_Concourse_(Grand_Central_Terminal)/0/pictures/Oonee_Bike_Storage_Pod_Pilot_(51874281339).jpg
Grand_Central_Terminal,260911,3,commons/Grand_Central_Terminal_special_events/0/pictures/MTA_To_Lift_Bike_Permit_Requirement_on_Commuter_Railroads_(51374462349).jpg
Grand_Central_Terminal,260911,3,commons/Grand_Central_Terminal_special_events/0/pictures/MTA_To_Lift_Bike_Permit_Requirement_on_Commuter_Railroads_(51374462314).jpg
Grand_Central_Terminal,260911,3,commons/Main_Concourse_(Grand_Central_Terminal)/0/pictures/Samsebeskazal-02124.jpg
Grand_Central_Terminal,260911,3,commons/Grand_Central_Terminal_special_events/0/pictures/MTA_To_Lift_Bike_Permit_Requirement_on_Commuter_Railroads_(51374462299).jpg
Grand_Central_Terminal,260911,3,commons/Grand_Central_Terminal_special_events/0/pictures/MTA_To_Lift_Bike_Permit_Requirement_on_Commuter_Railroads_(51373960273).jpg
Grand_Central_Terminal,260911,3,commons/Main_Concourse_(Grand_Central_Terminal)/0/pictures/Record_Ridership_(52085397945).jpg
Grand_Central_Terminal,260911,3,commons/Grand_Central_Terminal_special_events/0/pictures/MTA_To_Lift_Bike_Permit_Requirement_on_Commuter_Railroads_(51372969197).jpg
Grand_Central_Terminal,260911,3,commons/Grand_Central_Terminal_special_events/0/pictures/Grand_Central_Veterans_Day_ceremony_(10819114803).jpg
Grand_Central_Terminal,260911,3,commons/Main_Concourse_(Grand_Central_Terminal)/0/pictures/The_Busyness_of_Grand_Central_Station.jpg
Grand_Central_Terminal,260911,3,commons/Grand_Central_Terminal_special_events/0/pictures/MTA_To_Lift_Bike_Permit_Requirement_on_Commuter_Railroads_(51374462374).jpg
Grand_Central_Terminal,260911,3,commons/Main_Concourse_(Grand_Central_Terminal)/0/pictures/Record_Ridership_(52085145034).jpg
Grand_Central_Terminal,260911,3,commons/Grand_Central_Terminal_special_events/0/pictures/Grand_central_station_windows.jpg
Grand_Central_Terminal,260911,3,commons/Main_Concourse_(Grand_Central_Terminal)/0/pictures/Record_Ridership_(52084902301).jpg
Grand_Central_Terminal,260911,3,commons/Grand_Central_Terminal_special_events/0/pictures/MTA_To_Lift_Bike_Permit_Requirement_on_Commuter_Railroads_(51373728851).jpg
Grand_Central_Terminal,260911,3,commons/Grand_Central_Terminal_in_the_1990s/0/pictures/Historical_Photos_of_Grand_Central_Terminal_(52664179545).jpg
Grand_Central_Terminal,260911,3,"commons/Main_Concourse_(Grand_Central_Terminal)/0/pictures/Grand_Central_Terminal,_New_York_2017_34.jpg"
Grand_Central_Terminal,260911,3,commons/Grand_Central_Terminal_in_the_1930s/0/pictures/Grand_Central_rays_of_light.jpg
Grand_Central_Terminal,260911,3,commons/Main_Concourse_(Grand_Central_Terminal)/0/pictures/Grand_Central_Station_lobby.jpg
Grand_Central_Terminal,260911,3,commons/Grand_Central_Terminal_in_2023/0/pictures/New-York_city_in_November_2022_file_32.jpg
Grand_Central_Terminal,260911,3,commons/Main_Concourse_(Grand_Central_Terminal)/0/pictures/Grand_Central_6-21_03.jpg
Grand_Central_Terminal,260911,3,commons/Grand_Central_Terminal_in_2023/0/pictures/New-York_city_in_November_2022_file_33.jpg
Grand_Central_Terminal,260911,3,commons/Grand_Central_Terminal_in_2023/0/pictures/New-York_city_in_November_2022_file_30.jpg
Grand_Central_Terminal,260911,3,commons/Main_Concourse_(Grand_Central_Terminal)/0/pictures/Grand_Central_Station_(2110730547).jpg
Grand_Central_Terminal,260911,3,commons/Grand_Central_Terminal_in_2023/0/pictures/New-York_city_in_November_2022_file_31.jpg
Grand_Central_Terminal,260911,3,commons/Main_Concourse_(Grand_Central_Terminal)/0/pictures/Grand_Central_Concourse.JPG
Grand_Central_Terminal,260911,3,commons/Grand_Central_Terminal_in_2023/0/pictures/MTA_Reopens_Biltmore_Room_at_Grand_Central_Terminal_-_52881175095.jpg
Grand_Central_Terminal,260911,3,commons/Main_Concourse_(Grand_Central_Terminal)/0/pictures/Grand_Central_Station_(2111727756).jpg
Grand_Central_Terminal,260911,3,commons/Grand_Central_Terminal_in_2023/0/pictures/MTA_Reopens_Biltmore_Room_at_Grand_Central_Terminal_-_52880221462.jpg
Grand_Central_Terminal,260911,3,commons/Main_Concourse_(Grand_Central_Terminal)/0/pictures/Grand_Central_(5).jpg
Grand_Central_Terminal,260911,3,commons/Grand_Central_Terminal_in_2023/0/pictures/MTA_Celebrates_110th_Anniversary_of_Grand_Central_Terminal_(52665741063).jpg
Grand_Central_Terminal,260911,3,commons/Grand_Central_Terminal_in_2023/0/pictures/MTA_Celebrates_110th_Anniversary_of_Grand_Central_Terminal_(52665740853).jpg
Grand_Central_Terminal,260911,3,commons/Main_Concourse_(Grand_Central_Terminal)/0/pictures/Grand_Central_(2120002156).jpg
Grand_Central_Terminal,260911,3,commons/Grand_Central_Terminal_in_2023/0/pictures/MTA_Celebrates_110th_Anniversary_of_Grand_Central_Terminal_(52665533489).jpg
Grand_Central_Terminal,260911,3,commons/Main_Concourse_(Grand_Central_Terminal)/0/pictures/Gct2.jpg
Grand_Central_Terminal,260911,3,commons/Grand_Central_Terminal_in_2023/0/pictures/MTA_Celebrates_110th_Anniversary_of_Grand_Central_Terminal_(52665533744).jpg
Grand_Central_Terminal,260911,3,commons/Main_Concourse_(Grand_Central_Terminal)/0/pictures/Grand_(15554186808).jpg
Grand_Central_Terminal,260911,3,commons/Grand_Central_Terminal_in_2023/0/pictures/Information_Booth_(52663763956).jpg
Grand_Central_Terminal,260911,3,commons/Grand_Central_Terminal_in_2023/0/pictures/Grand_Central_Terminal_February_2023.jpg
Grand_Central_Terminal,260911,3,commons/Main_Concourse_(Grand_Central_Terminal)/0/pictures/Flickr_-_Shinrya_-_Grand_Central_Station_HDR.jpg
Grand_Central_Terminal,260911,3,commons/Grand_Central_Terminal_in_2023/0/pictures/Grand_Central_Terminal_January_2023_006.jpg
Grand_Central_Terminal,260911,3,commons/Main_Concourse_(Grand_Central_Terminal)/0/pictures/Estacion_Central_-_panoramio.jpg
Grand_Central_Terminal,260911,3,commons/Grand_Central_Terminal_in_2023/0/pictures/Grand_Central_Terminal_January_2023.jpg
Grand_Central_Terminal,260911,3,commons/Main_Concourse_(Grand_Central_Terminal)/0/pictures/GCT_Centennial_Sign_at_Night.JPG
Grand_Central_Terminal,260911,3,commons/Grand_Central_Terminal_in_2023/0/pictures/Grand_Central_Terminal_January_2023_003.jpg
Grand_Central_Terminal,260911,3,commons/Grand_Central_Terminal_in_2023/0/pictures/Grand_Central_Terminal_January_2023_002.jpg
Grand_Central_Terminal,260911,3,commons/Main_Concourse_(Grand_Central_Terminal)/0/pictures/Concourse_of_Grand_Central_Terminal_NY.JPG
Grand_Central_Terminal,260911,3,commons/Grand_Central_Terminal_in_2023/0/pictures/Grand_Central_Terminal_January_2023_001.jpg
Grand_Central_Terminal,260911,3,commons/Main_Concourse_(Grand_Central_Terminal)/0/pictures/At_New_York_City_2023_007.jpg
Grand_Central_Terminal,260911,3,commons/Grand_Central_Terminal_in_2023/0/pictures/Grand_Central_Terminal_January_2023_004.jpg
Grand_Central_Terminal,260911,3,commons/Main_Concourse_(Grand_Central_Terminal)/0/pictures/Central_Station_(8868722095).jpg
Grand_Central_Terminal,260911,3,commons/Grand_Central_Terminal_in_2023/0/pictures/Grand_Central_Terminal_February_2023_005.jpg
Grand_Central_Terminal,260911,3,commons/Main_Concourse_(Grand_Central_Terminal)/0/pictures/At_New_York_City_2023_003.jpg
Grand_Central_Terminal,260911,3,commons/Grand_Central_Terminal_in_2023/0/pictures/Grand_Central_Terminal_February_2023_004.jpg
Grand_Central_Terminal,260911,3,commons/Grand_Central_Terminal_in_2023/0/pictures/Grand_Central_Terminal_February_2023_003.jpg
Grand_Central_Terminal,260911,3,commons/Grand_Central_Terminal_in_2023/0/pictures/Grand_Central_Terminal_February_2023_002.jpg
Grand_Central_Terminal,260911,3,commons/Grand_Central_Terminal_in_2023/0/pictures/Grand_Central_Terminal_February_2023_001.jpg
Grand_Central_Terminal,260911,3,commons/Grand_Central_Terminal_in_2023/0/pictures/At_New_York_City_2023_128.jpg
Grand_Central_Terminal,260911,3,commons/Grand_Central_Terminal_in_2023/0/pictures/At_New_York_City_2023_127.jpg
Grand_Central_Terminal,260911,3,commons/Grand_Central_Terminal_in_2023/0/pictures/At_New_York_City_2023_013.jpg
Grand_Central_Terminal,260911,3,commons/Grand_Central_Terminal_in_2023/0/pictures/At_New_York_City_2023_008.jpg
Grand_Central_Terminal,260911,3,commons/Grand_Central_Terminal_in_2023/0/pictures/At_New_York_City_2023_007.jpg
Grand_Central_Terminal,260911,3,commons/Grand_Central_Terminal_in_2023/0/pictures/At_New_York_City_2023_005.jpg
Grand_Central_Terminal,260911,3,commons/Grand_Central_Terminal_in_2023/0/pictures/At_New_York_City_2023_012.jpg
Grand_Central_Terminal,260911,3,commons/Grand_Central_Terminal_in_2023/0/pictures/At_New_York_City_2023_011.jpg
Grand_Central_Terminal,260911,3,commons/Grand_Central_Terminal_in_2023/0/pictures/At_New_York_City_2023_006.jpg
Grand_Central_Terminal,260911,3,commons/Grand_Central_Terminal_in_2023/0/pictures/At_New_York_City_2023_009.jpg
Grand_Central_Terminal,260911,3,commons/Grand_Central_Terminal_in_2023/0/pictures/At_New_York_City_2023_003.jpg
Grand_Central_Terminal,260911,3,commons/Grand_Central_Terminal_in_2022/0/pictures/TrainTime_App_(52292654519).jpg
Grand_Central_Terminal,260911,3,commons/Grand_Central_Terminal_in_2022/0/pictures/TrainTime_App_(52292875360).jpg
Grand_Central_Terminal,260911,3,commons/Grand_Central_Terminal_in_2023/0/pictures/At_New_York_City_2023_001.jpg
Grand_Central_Terminal,260911,3,commons/Grand_Central_Terminal_in_2022/0/pictures/TrainTime_App_(52292670028).jpg
Grand_Central_Terminal,260911,3,commons/Grand_Central_Terminal_in_2022/0/pictures/TrainTime_App_(52292391186).jpg
Grand_Central_Terminal,260911,3,commons/Grand_Central_Terminal_in_2022/0/pictures/Record_Ridership_(52085398470).jpg
Grand_Central_Terminal,260911,3,commons/Grand_Central_Terminal_in_2022/0/pictures/R62A_Times_Square_Shuttle_021.jpg
Grand_Central_Terminal,260911,3,commons/Grand_Central_Terminal_in_2022/0/pictures/PHOTOS_MTA_Leaders_Welcome_Customers_Back_to_Transit_System_(52339416853).jpg
Grand_Central_Terminal,260911,3,commons/Grand_Central_Terminal_in_2022/0/pictures/Metro-North_Railroad_and_City_Experiences_Announce_Walks_as_New_Official_Operator_of_Grand_Central_Terminal_Tours_(52537008703).jpg
Grand_Central_Terminal,260911,3,commons/Grand_Central_Terminal_in_2022/0/pictures/Metro-North_Railroad_and_City_Experiences_Announce_Walks_as_New_Official_Operator_of_Grand_Central_Terminal_Tours_(52536750369).jpg
Grand_Central_Terminal,260911,3,commons/Grand_Central_Terminal_in_2022/0/pictures/Grand_Central_Terminal_May_2022_008.jpg
Grand_Central_Terminal,260911,3,commons/Grand_Central_Terminal_in_2022/0/pictures/MTA_Moving_Forward_on_Two-Year_Anniversary_of_Start_of_Pandemic_in_New_York_(51942861395).jpg
Grand_Central_Terminal,260911,3,commons/Grand_Central_Terminal_in_2022/0/pictures/MTA_Moving_Forward_on_Two-Year_Anniversary_of_Start_of_Pandemic_in_New_York_(51941259827).jpg
Grand_Central_Terminal,260911,3,commons/Grand_Central_Terminal_in_2022/0/pictures/Grand_Central_Terminal_May_2022.jpg
Grand_Central_Terminal,260911,3,commons/Grand_Central_Terminal_in_2022/0/pictures/Grand_Central_Terminal_May_2022_003.jpg
Grand_Central_Terminal,260911,3,commons/Grand_Central_Terminal_in_2022/0/pictures/Grand_Central_Terminal_May_2022_006.jpg
Grand_Central_Terminal,260911,3,commons/Photographs_of_flags_of_the_United_States_at_Grand_Central_Terminal/0/pictures/GodBlessAmerica.jpg
Grand_Central_Terminal,260911,3,commons/Grand_Central_Terminal_in_2022/0/pictures/Grand_Central_Terminal_May_2022_001.jpg
Grand_Central_Terminal,260911,3,commons/Grand_Central_Terminal_in_2022/0/pictures/Grand_Central_Terminal_May_2022_002.jpg
Grand_Central_Terminal,260911,3,commons/Grand_Central_Terminal_in_2022/0/pictures/Grand_Central_42nd_Street_Station_Sign.jpg
Grand_Central_Terminal,260911,3,commons/Grand_Central_Terminal_in_2022/0/pictures/Grand_Central_Terminal_(14627p).jpg
Grand_Central_Terminal,260911,3,commons/Grand_Central_Terminal_in_2022/0/pictures/Catherine_Rinaldi_to_Serve_as_Interim_President_of_MTA_Long_Island_Rail_Road_(51874641165).jpg
Grand_Central_Terminal,260911,3,commons/Grand_Central_Terminal_in_2022/0/pictures/Catherine_Rinaldi_to_Serve_as_Interim_President_of_MTA_Long_Island_Rail_Road_(51874315424).jpg
Grand_Central_Terminal,260911,3,commons/Grand_Central_Terminal_in_2022/0/pictures/Catherine_Rinaldi_to_Serve_as_Interim_President_of_MTA_Long_Island_Rail_Road_(51874315419).jpg
Grand_Central_Terminal,260911,3,commons/Grand_Central_Terminal_in_2022/0/pictures/Busy_Grand_Central_Station_in_the_Afternoon.jpg
Grand_Central_Terminal,260911,3,commons/Grand_Central_Terminal_in_2022/0/pictures/Catherine_Rinaldi_to_Serve_as_Interim_President_of_MTA_Long_Island_Rail_Road_(51873036702).jpg
Grand_Central_Terminal,260911,3,commons/Grand_Central_Terminal_in_2021/0/pictures/The_Grand_Central_Terminal_interior_detail_01.jpg
Grand_Central_Terminal,260911,3,commons/Historical_views_of_Main_Concourse_(Grand_Central_Terminal)/0/pictures/Grand_Central_light_rays.jpg
Grand_Central_Terminal,260911,3,commons/Grand_Central_Terminal_in_2021/0/pictures/Metro-North_Summer_Getaways_(51310291330).jpg
Grand_Central_Terminal,260911,3,commons/Grand_Central_Terminal_in_2021/0/pictures/Metro-North_Summer_Getaways_(51310290940).jpg
Grand_Central_Terminal,260911,3,commons/Grand_Central_Terminal_in_2021/0/pictures/Metro-North_Summer_Getaways_(51310290855).jpg
Grand_Central_Terminal,260911,3,commons/Grand_Central_Terminal_in_2021/0/pictures/Metro-North_Summer_Getaways_(51310008209).jpg
Grand_Central_Terminal,260911,3,commons/Grand_Central_Terminal_in_2021/0/pictures/Metro-North_Summer_Getaways_(51310291180).jpg
Grand_Central_Terminal,260911,3,commons/Grand_Central_Terminal_in_2021/0/pictures/Metro-North_Summer_Getaways_(51310291075).jpg
Grand_Central_Terminal,260911,3,commons/Grand_Central_Terminal_in_2021/0/pictures/Metro-North_Summer_Getaways_(51310290810).jpg
Grand_Central_Terminal,260911,3,commons/Grand_Central_Terminal_in_2021/0/pictures/Metro-North_Summer_Getaways_(51310008039).jpg
Grand_Central_Terminal,260911,3,commons/Grand_Central_Terminal_in_2021/0/pictures/Metro-North_Summer_Getaways_(51310007909).jpg
Grand_Central_Terminal,260911,3,commons/Grand_Central_Terminal_in_2021/0/pictures/Metro-North_Summer_Getaways_(51310008719).jpg
Grand_Central_Terminal,260911,3,commons/Grand_Central_Terminal_in_2021/0/pictures/Metro-North_Summer_Getaways_(51308545502).jpg
Grand_Central_Terminal,260911,3,commons/Historical_views_of_Main_Concourse_(Grand_Central_Terminal)/0/pictures/Grand_Central_ceiling.png
Grand_Central_Terminal,260911,3,commons/Grand_Central_Terminal_in_2021/0/pictures/Metro-North_Summer_Getaways_(51309288491).jpg
Grand_Central_Terminal,260911,3,commons/Grand_Central_Terminal_in_2021/0/pictures/Metro-North_Summer_Getaways_(51309288436).jpg
Grand_Central_Terminal,260911,3,commons/Grand_Central_Terminal_in_2021/0/pictures/MTA_‘Mask_Force_X’_Distributes_Reusable_Masks_in_Honor_of_Earth_Day_(51132288214).jpg
Grand_Central_Terminal,260911,3,commons/Grand_Central_Terminal_in_2021/0/pictures/MTA_‘Mask_Force_X’_Distributes_Reusable_Masks_in_Honor_of_Earth_Day_(51131722848).jpg
Grand_Central_Terminal,260911,3,commons/Grand_Central_Terminal_in_2021/0/pictures/Grand_Central_Terminal_Interior_December_2021.jpg
Grand_Central_Terminal,260911,3,commons/Grand_Central_Terminal_in_2021/0/pictures/Grand_Central_Terminal_Interior_December_2021_003.jpg
Grand_Central_Terminal,260911,3,commons/Grand_Central_Terminal_in_2021/0/pictures/Grand_Central_Terminal_Interior_December_2021_002.jpg
Grand_Central_Terminal,260911,3,commons/Grand_Central_Terminal_in_2021/0/pictures/Grand_Central_Terminal_(51214194734).jpg
Grand_Central_Terminal,260911,3,commons/Grand_Central_Terminal_in_2021/0/pictures/Grand_Central_Station_panorama_(51800068015).jpg
Grand_Central_Terminal,260911,3,commons/Grand_Central_Terminal_in_2020/0/pictures/GrandCentralTerminalbyGC(1).jpg
Grand_Central_Terminal,260911,3,commons/Main_Concourse_(Grand_Central_Terminal)_information_booth/0/pictures/Grand_Central_Terminal_63.jpg
Grand_Central_Terminal,260911,3,"commons/Grand_Central_Terminal_in_2019/0/pictures/Windows,_Main_Concourse,_Grand_Central_Terminal,_New_York_City,_NY.jpg"
Grand_Central_Terminal,260911,3,commons/Grand_Central_Terminal_in_2019/0/pictures/Main_Concourse.jpg
Grand_Central_Terminal,260911,3,commons/Main_Concourse_(Grand_Central_Terminal)_clock/0/pictures/Grand_Central_Terminal_Clock_-_panoramio.jpg
Grand_Central_Terminal,260911,3,"commons/Grand_Central_Terminal_in_2019/0/pictures/Main_Concourse,_Grand_Central_Terminal,_New_York_City,_NY_-_48046500922.jpg"
Grand_Central_Terminal,260911,3,commons/Grand_Central_Terminal_in_2019/0/pictures/Grand_Central_Terminal_70.jpg
Grand_Central_Terminal,260911,3,commons/Grand_Central_Terminal_in_2019/0/pictures/Grand_Central_Terminal_69.jpg
Grand_Central_Terminal,260911,3,commons/Grand_Central_Terminal_in_2019/0/pictures/Grand_Central_Terminal_Main_Concourse_2019-10-03_20-02.jpg
Grand_Central_Terminal,260911,3,commons/Grand_Central_Terminal_in_2019/0/pictures/Grand_Central_Terminal_64.jpg
Grand_Central_Terminal,260911,3,commons/Grand_Central_Terminal_ticket_windows/0/pictures/MTA_To_Lift_Bike_Permit_Requirement_on_Commuter_Railroads_(51374462334).jpg
Grand_Central_Terminal,260911,3,commons/Grand_Central_Terminal_in_2019/0/pictures/Grand_Central_Terminal_60.jpg
Grand_Central_Terminal,260911,3,commons/Main_Concourse_(Grand_Central_Terminal)_clock/0/pictures/GCT_November_2019_03.jpg
Grand_Central_Terminal,260911,3,commons/Grand_Central_Terminal_in_2019/0/pictures/Grand_Central_Terminal_50.jpg
Grand_Central_Terminal,260911,3,commons/Main_Concourse_(Grand_Central_Terminal)_clock/0/pictures/GCT_November_2019_02.jpg
Grand_Central_Terminal,260911,3,commons/Grand_Central_Terminal_ticket_windows/0/pictures/Grand_Central_Station_-_Board_Departures.jpg
Grand_Central_Terminal,260911,3,commons/Grand_Central_Terminal_in_2019/0/pictures/Grand_Central_6-21_07.jpg
Grand_Central_Terminal,260911,3,commons/Main_Concourse_(Grand_Central_Terminal)_clock/0/pictures/Central_Station_(New_York)_(44329742995).jpg
Grand_Central_Terminal,260911,3,commons/Grand_Central_Terminal_in_2019/0/pictures/Grand_Central_6-21_03.jpg
Grand_Central_Terminal,260911,3,"commons/Main_Concourse_(Grand_Central_Terminal)_ceiling/0/pictures/Midtown_East,_New_York,_NY,_USA_-_panoramio_(38).jpg"
Grand_Central_Terminal,260911,3,commons/Grand_Central_Terminal_ticket_windows/0/pictures/Blizzard_of_2015-_Empty_Grand_Central_Terminal_(16191192448).jpg
Grand_Central_Terminal,260911,3,commons/Grand_Central_Terminal_in_2019/0/pictures/Grand_Central_6-21_04a.jpg
Grand_Central_Terminal,260911,3,commons/Main_Concourse_(Grand_Central_Terminal)_ceiling/0/pictures/Grand_Central_Terminal_(1).JPG
Grand_Central_Terminal,260911,3,commons/Grand_Central_Terminal_in_2019/0/pictures/Grand_Central_6-21_04.jpg
Grand_Central_Terminal,260911,3,commons/Grand_Central_Terminal_in_2019/0/pictures/Grand_Central_6-21_06.jpg
Grand_Central_Terminal,260911,3,commons/Grand_Central_Terminal_in_2019/0/pictures/Grand_Central_(13).jpg
Grand_Central_Terminal,260911,3,commons/Main_Concourse_(Grand_Central_Terminal)_ceiling/0/pictures/Grand_Central_Terminal-954.jpg
Grand_Central_Terminal,260911,3,commons/Grand_Central_Terminal_special_events/0/pictures/Subway_Time_(8319191528).jpg
Grand_Central_Terminal,260911,3,commons/Grand_Central_Terminal_in_2019/0/pictures/GCT_east_windows.jpg
Grand_Central_Terminal,260911,3,commons/Main_Concourse_(Grand_Central_Terminal)_ceiling/0/pictures/Grand_Central_Terminal-953.jpg
Grand_Central_Terminal,260911,3,commons/Grand_Central_Terminal_in_2019/0/pictures/GCT_west_windows.jpg
Grand_Central_Terminal,260911,3,"commons/Main_Concourse_(Grand_Central_Terminal)_ceiling/0/pictures/Ceiling,_Main_Concourse,_Grand_Central_Terminal,_New_York_City,_NY_-_48046497637.jpg"
Grand_Central_Terminal,260911,3,commons/Grand_Central_Terminal_in_2019/0/pictures/Grand_Central_(11).jpg
Grand_Central_Terminal,260911,3,commons/Main_Concourse_(Grand_Central_Terminal)_ceiling/0/pictures/Manhattan_-_Grand_Central_Terminal_-_20180808105238.jpg
Grand_Central_Terminal,260911,3,commons/Grand_Central_Terminal_in_2019/0/pictures/GCT_north_face.jpg
Grand_Central_Terminal,260911,3,commons/Main_Concourse_(Grand_Central_Terminal)/0/pictures/Veterans_Day_Ceremony_2017_(38360634092).jpg
Grand_Central_Terminal,260911,3,commons/Grand_Central_Terminal_special_events/0/pictures/Presser-_Cardiac_Save_at_Grand_Central_(16241925280).jpg
Grand_Central_Terminal,260911,3,commons/Grand_Central_Terminal_in_2019/0/pictures/GCT_November_2019_01.jpg
Grand_Central_Terminal,260911,3,commons/Main_Concourse_(Grand_Central_Terminal)/0/pictures/TrainTime_App_(52292654519).jpg
Grand_Central_Terminal,260911,3,commons/Grand_Central_Terminal_in_2019/0/pictures/GCT_Main_Concourse.jpg
Grand_Central_Terminal,260911,3,commons/Main_Concourse_(Grand_Central_Terminal)/0/pictures/Vantage_Point.jpg
Grand_Central_Terminal,260911,3,commons/Grand_Central_Terminal_in_2019/0/pictures/GCT_November_2019_03.jpg
Grand_Central_Terminal,260911,3,commons/Grand_Central_Terminal_special_events/0/pictures/MTA_To_Lift_Bike_Permit_Requirement_on_Commuter_Railroads_(51374462329).jpg
Grand_Central_Terminal,260911,3,commons/Grand_Central_Terminal_in_2019/0/pictures/GCT_Main_Concourse_2.jpg
Grand_Central_Terminal,260911,3,commons/Grand_Central_Terminal_in_2019/0/pictures/GCT_Info_Booth_3.jpg
Grand_Central_Terminal,260911,3,commons/Main_Concourse_(Grand_Central_Terminal)/0/pictures/Record_Ridership_(52085398010).jpg
Grand_Central_Terminal,260911,3,commons/Grand_Central_Terminal_in_2019/0/pictures/GCT_Cancer_crab.jpg
Grand_Central_Terminal,260911,3,commons/Main_Concourse_(Grand_Central_Terminal)/0/pictures/POL_8639_(5815232646).jpg
Grand_Central_Terminal,260911,3,"commons/Grand_Central_Terminal_in_2019/0/pictures/Ceiling,_Main_Concourse,_Grand_Central_Terminal,_New_York_City,_NY.jpg"
Grand_Central_Terminal,260911,3,commons/Grand_Central_Terminal_in_2019/0/pictures/GCT_1996_board.jpg
Grand_Central_Terminal,260911,3,commons/Grand_Central_Terminal_special_events/0/pictures/MTA_To_Lift_Bike_Permit_Requirement_on_Commuter_Railroads_(51373728941).jpg
Grand_Central_Terminal,260911,3,"commons/Grand_Central_Terminal_in_2019/0/pictures/Ceiling,_Main_Concourse,_Grand_Central_Terminal,_New_York_City,_NY_01.jpg"
Grand_Central_Terminal,260911,3,"commons/Grand_Central_Terminal_in_2019/0/pictures/Ceiling,_Main_Concourse,_Grand_Central_Terminal,_New_York_City,_NY_-_48046497637.jpg"
Grand_Central_Terminal,260911,3,commons/Main_Concourse_(Grand_Central_Terminal)/0/pictures/People_fleeing_Grand_Central_Station._-_panoramio.jpg
Grand_Central_Terminal,260911,3,commons/Grand_Central_Terminal_in_2018/0/pictures/The_iconic_clock.jpg
Grand_Central_Terminal,260911,3,"commons/Main_Concourse_(Grand_Central_Terminal)/0/pictures/New_York_City,_Manhattan,_Midtown_East_-_Grand_Central_Terminal,_Main_Concourse.1903.jpg"
Grand_Central_Terminal,260911,3,commons/Grand_Central_Terminal_in_2018/0/pictures/Manhattan_-_Grand_Central_Terminal_-_20180808105238.jpg
Grand_Central_Terminal,260911,3,commons/Main_Concourse_(Grand_Central_Terminal)/0/pictures/Oonee_Bike_Storage_Pod_Pilot_(51874281439).jpg
Grand_Central_Terminal,260911,3,commons/Grand_Central_Terminal_special_events/0/pictures/Grand_Central_Veterans_Day_ceremony_(10818839675).jpg
Grand_Central_Terminal,260911,3,commons/Grand_Central_Terminal_in_2018/0/pictures/The_Busyness_of_Grand_Central_Station.jpg
Grand_Central_Terminal,260911,3,commons/Grand_Central_Terminal_special_events/0/pictures/Grand_Central_Veterans_Day_ceremony_(10819114173).jpg
Grand_Central_Terminal,260911,3,commons/Grand_Central_Terminal_in_2018/0/pictures/Manhattan_-_Grand_Central_Terminal_-_20180808105211.jpg
Grand_Central_Terminal,260911,3,"commons/Grand_Central_Terminal_in_2018/0/pictures/Grand_central_station,_nyc.jpg"
Grand_Central_Terminal,260911,3,commons/Main_Concourse_(Grand_Central_Terminal)/0/pictures/New_York_City_am_19.4.2014_16.jpg
Grand_Central_Terminal,260911,3,commons/Grand_Central_Terminal_in_2018/0/pictures/Grand_Central_Terminal_104.jpg
Grand_Central_Terminal,260911,3,commons/Grand_Central_Terminal_in_2017/0/pictures/Windows_of_Grand_Central_Station_(Unsplash).jpg
Grand_Central_Terminal,260911,3,commons/Grand_Central_Terminal_Centennial/0/pictures/100Years_5926_(8435665231).jpg
Grand_Central_Terminal,260911,3,commons/Grand_Central_Terminal_in_2017/0/pictures/Grand_Central_Terminal_Main_Concourse_2.jpg
Grand_Central_Terminal,260911,3,commons/Grand_Central_Terminal_in_2023/0/pictures/At_New_York_City_2023_002.jpg
Grand_Central_Terminal,260911,3,"commons/Grand_Central_(42nd_Street_Shuttle)/0/pictures/MTA_Celebrates_Opening_of_Brand_New_42_Street_Shuttle,_Launch_Welcome_Back_Campaign_(51442436287).jpg"
Grand_Central_Terminal,260911,3,commons/Main_Concourse_(Grand_Central_Terminal)/0/pictures/NYC_Grand_Central_4.JPG
Grand_Central_Terminal,260911,3,commons/TRAVELS_FAR_memorial_at_Grand_Central_Terminal/0/pictures/MTA_Expands_'TRAVELS_FAR'_Memorial_to_Grand_Central_and_Moynihan_Train_Hall_(50885064747).jpg
Grand_Central_Terminal,260911,3,commons/Main_Concourse_(Grand_Central_Terminal)_clock/0/pictures/A_quarter_past_six_(7893545060).jpg
Grand_Central_Terminal,260911,3,commons/Grand_Central_Terminal_in_2019/0/pictures/Grand_Central_Terminal_61.jpg
Grand_Central_Terminal,260911,3,commons/Grand_Central_Terminal_departure_boards/0/pictures/2016-11_Grand_Central_Terminal.jpg
Grand_Central_Terminal,260911,3,commons/Grand_Central_Terminal_in_2013/0/pictures/New_York_Grand_Central_Terminal_June_2013_-_5_(9153404692).jpg
Grand_Central_Terminal,260911,3,commons/Main_Concourse_(Grand_Central_Terminal)_information_booth/0/pictures/Metro-North_Railroad_Announces_Service_Increase_in_June_21_Timetables_(51247284868).jpg
Grand_Central_Terminal,260911,3,commons/Main_Concourse_(Grand_Central_Terminal)_clock/0/pictures/Grand_Central_Terminal_286.JPG
Grand_Central_Terminal,260911,3,commons/Main_Concourse_(Grand_Central_Terminal)_ceiling/0/pictures/Grand_Central_Terminal_May_2022_006.jpg
Grand_Central_Terminal,260911,3,commons/Main_Concourse_(Grand_Central_Terminal)/0/pictures/Record_Ridership_(52085397975).jpg
Grand_Central_Terminal,260911,3,commons/Main_Concourse_(Grand_Central_Terminal)_clock/0/pictures/GCT_information_booth.jpg
Grand_Central_Terminal,260911,3,commons/Grand_Central_Terminal_in_2019/0/pictures/Grand_Central_Terminal_55.jpg
Grand_Central_Terminal,260911,3,commons/Grand_Central_Terminal_departure_boards/0/pictures/2004-12-11_-_New_York_(34).jpg
Grand_Central_Terminal,260911,3,commons/Main_Concourse_(Grand_Central_Terminal)/0/pictures/Samsebeskazal-02126.jpg
Grand_Central_Terminal,260911,3,commons/Main_Concourse_(Grand_Central_Terminal)/0/pictures/Rush_hour_in_Grand_Central_(Unsplash).jpg
Grand_Central_Terminal,260911,3,commons/Main_Concourse_(Grand_Central_Terminal)/0/pictures/Wiki-Travel-white-NYC-GrandCentral.jpg
Grand_Central_Terminal,260911,3,commons/Grand_Central_Terminal_special_events/0/pictures/Presser-_Cardiac_Save_at_Grand_Central_(16241926720).jpg
Grand_Central_Terminal,260911,3,commons/Grand_Central_Terminal_at_night/0/pictures/Grand_Central_Terminal_Centennial_-_Night_(8437355169).jpg
Grand_Central_Terminal,260911,3,"commons/Main_Concourse_(Grand_Central_Terminal)/0/pictures/New_York_City,_May_2014_-_088.JPG"
Grand_Central_Terminal,260911,3,commons/Main_Concourse_(Grand_Central_Terminal)_ceiling/0/pictures/Grand_Central_(11).jpg
Grand_Central_Terminal,260911,3,commons/Grand_Central_Terminal_in_2019/0/pictures/GCT_November_2019_02.jpg
Grand_Central_Terminal,260911,3,commons/Grand_Central_Terminal_at_night/0/pictures/Grand_Central_Terminal_Centennial_-_Night_(8437354891).jpg
Grand_Central_Terminal,260911,3,commons/Historical_views_of_Main_Concourse_(Grand_Central_Terminal)/0/pictures/Grand_Central_rays_of_light.jpg
Grand_Central_Terminal,260911,3,commons/Biltmore_Room_(Grand_Central_Terminal)/0/pictures/MTA_Reopens_Biltmore_Room_at_Grand_Central_Terminal_-_52881175095.jpg
Grand_Central_Terminal,260911,3,commons/Main_Concourse_(Grand_Central_Terminal)/0/pictures/Metropolitan_Transportation_Authority_(New_York)-_IMG00099-20110827-1545_(6086574053).jpg
Grand_Central_Terminal,260911,3,commons/Main_Concourse_(Grand_Central_Terminal)/0/pictures/NYC_2012_IMG_2907_(5502892625).jpg
Grand_Central_Terminal,260911,3,commons/Main_Concourse_(Grand_Central_Terminal)/0/pictures/NYPA_Earth_Day_Event_at_Grand_Central_Terminal_(17224068461).jpg
Grand_Central_Terminal,260911,3,commons/Main_Concourse_(Grand_Central_Terminal)/0/pictures/Metro-North_Railroad_Announces_Service_Increase_in_June_21_Timetables_(51247844154).jpg
Grand_Central_Terminal,260911,3,commons/Main_Concourse_(Grand_Central_Terminal)_clock/0/pictures/Presser-_Cardiac_Save_at_Grand_Central_(16243430137).jpg
Grand_Central_Terminal,260911,3,commons/Main_Concourse_(Grand_Central_Terminal)/0/pictures/Midday_at_Grand_Central_Terminal_25_December_2012.jpg
Grand_Central_Terminal,260911,3,commons/Main_Concourse_(Grand_Central_Terminal)/0/pictures/Metropolitan_Transportation_Authority_(New_York)-_013_(8133423271).jpg
Grand_Central_Terminal,260911,3,commons/Main_Concourse_(Grand_Central_Terminal)/0/pictures/Grand_Central_Terminal_-_panoramio_(4).jpg
Grand_Central_Terminal,260911,3,"commons/Grand_Central_Terminal_in_2014/0/pictures/New_York_City,_May_2014_-_088.JPG"
Grand_Central_Terminal,260911,3,"commons/Main_Concourse_(Grand_Central_Terminal)/0/pictures/Main_Concourse,_Grand_Central_Terminal,_New_York_City,_NY_-_48046500922.jpg"
Grand_Central_Terminal,260911,3,commons/Grand_Central_Terminal_in_2012/0/pictures/Žába_na_Hlaváku_-_panoramio.jpg
Grand_Central_Terminal,260911,3,"commons/Main_Concourse_(Grand_Central_Terminal)/0/pictures/Main_Concourse,_Grand_Central_Terminal,_New_York_City,_NY_-_48046206776.jpg"
Grand_Central_Terminal,260911,3,commons/Grand_Central_Terminal_in_2008/0/pictures/Grand_Central_Concourse.JPG
Grand_Central_Terminal,260911,3,commons/Main_Concourse_(Grand_Central_Terminal)/0/pictures/Grand_Central_Station_long_exposure.jpg
Grand_Central_Terminal,260911,3,commons/Grand_Central_Terminal_in_2014/0/pictures/New_York_City_am_19.4.2014_19.jpg
Grand_Central_Terminal,260911,3,commons/Main_Concourse_(Grand_Central_Terminal)_clock/0/pictures/The_iconic_clock.jpg
Grand_Central_Terminal,260911,3,commons/Main_Concourse_(Grand_Central_Terminal)/0/pictures/Grand_Central_Station_(6058899012).jpg
Grand_Central_Terminal,260911,3,commons/Grand_Central_Terminal_in_2014/0/pictures/New_York_City_am_19.4.2014_18.jpg
Grand_Central_Terminal,260911,3,commons/Main_Concourse_(Grand_Central_Terminal)/0/pictures/TrainTime_App_(52292391606).jpg
Grand_Central_Terminal,260911,3,commons/Grand_Central_Terminal_at_night/0/pictures/Grand_Central_Terminal_Centennial_-_Night_(8437354431).jpg
Grand_Central_Terminal,260911,3,commons/Grand_Central_Terminal_in_2020/0/pictures/Grand_Central_Balcony_(50630464587).jpg
Grand_Central_Terminal,260911,3,commons/Main_Concourse_(Grand_Central_Terminal)_clock/0/pictures/The_Grand_Central_Terminal_interior_detail_01.jpg
Grand_Central_Terminal,260911,3,commons/Main_Concourse_(Grand_Central_Terminal)/0/pictures/Grand_Central_Station_in_New_York_City.jpg
Grand_Central_Terminal,260911,3,commons/Grand_Central_Terminal_in_2014/0/pictures/New_York_City_am_19.4.2014_17.jpg
Grand_Central_Terminal,260911,3,commons/Grand_Central_Terminal_in_2019/0/pictures/GCT_Info_Booth.jpg
Grand_Central_Terminal,260911,3,commons/Grand_Central_Terminal_at_night/0/pictures/Grand_Central_Terminal_Centennial_-_Night_(8437354193).jpg
Grand_Central_Terminal,260911,3,commons/Main_Concourse_(Grand_Central_Terminal)/0/pictures/MTA_To_Lift_Bike_Permit_Requirement_on_Commuter_Railroads_(51374462364).jpg
Grand_Central_Terminal,260911,3,commons/Grand_Central_Terminal_and_the_COVID-19_pandemic/0/pictures/MTA_‘Mask_Force_X’_Distributes_Reusable_Masks_in_Honor_of_Earth_Day_(51132288214).jpg
Grand_Central_Terminal,260911,3,commons/Black_Lives_Matter_at_Grand_Central_Terminal/0/pictures/-BlackLivesMatter-Happy_New_Years_action-I_CAN'T_BREATHE-SING_IN_@_Grand_Central_Station_(16169302042).jpg
Grand_Central_Terminal,260911,3,commons/Black_Lives_Matter_at_Grand_Central_Terminal/0/pictures/-BlackLivesMatter-Happy_New_Years_action-I_CAN'T_BREATHE-SING_IN_@_Grand_Central_Station_(16144269576).jpg
Grand_Central_Terminal,260911,3,commons/Main_Concourse_(Grand_Central_Terminal)/0/pictures/Grand_Central_Terminal_64.jpg
Grand_Central_Terminal,260911,3,commons/Grand_Central_Terminal_in_2015/0/pictures/NYPA_Earth_Day_Event_at_Grand_Central_Terminal_(17224068461).jpg
Grand_Central_Terminal,260911,3,commons/Black_Lives_Matter_at_Grand_Central_Terminal/0/pictures/-BlackLivesMatter-Happy_New_Years_action-I_CAN'T_BREATHE-SING_IN_@_Grand_Central_Station_(16144259606).jpg
Grand_Central_Terminal,260911,3,commons/Black_Lives_Matter_at_Grand_Central_Terminal/0/pictures/-BlackLivesMatter-Happy_New_Years_action-I_CAN'T_BREATHE-SING_IN_@_Grand_Central_Station_(16144242816).jpg
Grand_Central_Terminal,260911,3,commons/Black_Lives_Matter_at_Grand_Central_Terminal/0/pictures/-BlackLivesMatter-Happy_New_Years_action-I_CAN'T_BREATHE-SING_IN_@_Grand_Central_Station_(16169310412).jpg
Grand_Central_Terminal,260911,3,commons/Main_Concourse_(Grand_Central_Terminal)/0/pictures/Manhattan_-_Grand_Central_Terminal_-_20180808105201.jpg
Grand_Central_Terminal,260911,3,commons/Main_Concourse_(Grand_Central_Terminal)/0/pictures/Presser-_Cardiac_Save_at_Grand_Central_(16243430137).jpg
Grand_Central_Terminal,260911,3,commons/Grand_Central_Terminal_special_events/0/pictures/GCT_2670_(8410709569).jpg
Grand_Central_Terminal,260911,3,commons/Grand_Central_Terminal_and_the_COVID-19_pandemic/0/pictures/MTA_‘Mask_Force_X’_Distributes_Reusable_Masks_in_Honor_of_Earth_Day_(51130835737).jpg
Grand_Central_Terminal,260911,3,commons/Ramps_in_Grand_Central_Terminal/0/pictures/Interior_of_Grand_Central_Station_-_Manhattan_-_New_York_City_-_USA_-_01_(25006324426).jpg
Grand_Central_Terminal,260911,3,commons/Grand_Central_Terminal_in_2012/0/pictures/Subway_Time_(8318135385).jpg
Grand_Central_Terminal,260911,3,commons/Main_Concourse_(Grand_Central_Terminal)/0/pictures/Newyork_grandcentralterminal.jpg
Grand_Central_Terminal,260911,3,commons/Historical_views_of_Main_Concourse_(Grand_Central_Terminal)/0/pictures/Historical_Photos_of_Grand_Central_Terminal_(52664236883).jpg
Grand_Central_Terminal,260911,3,commons/Black_Lives_Matter_at_Grand_Central_Terminal/0/pictures/-BlackLivesMatter-Happy_New_Years_action-I_CAN'T_BREATHE-SING_IN_@_Grand_Central_Station_(15984258457).jpg
Grand_Central_Terminal,260911,3,commons/Artistic_photographs_of_Main_Concourse_(Grand_Central_Terminal)/0/pictures/Grand_Central_Station_bw_(4777967388).jpg
Grand_Central_Terminal,260911,3,commons/Main_Concourse_(Grand_Central_Terminal)/0/pictures/Grand_Central_Terminal_(25535979325).jpg
Grand_Central_Terminal,260911,3,"commons/Grand_Central_Terminal_in_2014/0/pictures/Midtown_East,_New_York,_NY,_USA_-_panoramio_(13).jpg"
Grand_Central_Terminal,260911,3,commons/Grand_Central_Terminal_in_2012/0/pictures/Subway_Time_(8319191528).jpg
Grand_Central_Terminal,260911,3,commons/Black_Lives_Matter_at_Grand_Central_Terminal/0/pictures/-BlackLivesMatter-Happy_New_Years_action-I_CAN'T_BREATHE-SING_IN_@_Grand_Central_Station_(15982603598).jpg
Grand_Central_Terminal,260911,3,commons/Black_Lives_Matter_at_Grand_Central_Terminal/0/pictures/-BlackLivesMatter-Happy_New_Years_action-I_CAN'T_BREATHE-SING_IN_@_Grand_Central_Station_(15983990759).jpg
Grand_Central_Terminal,260911,3,"commons/Main_Concourse_(Grand_Central_Terminal)/0/pictures/Main_Concourse,_Grand_Central_Terminal,_New_York_City,_NY_02.jpg"
Grand_Central_Terminal,260911,3,commons/Black_Lives_Matter_at_Grand_Central_Terminal/0/pictures/-BlackLivesMatter-Happy_New_Years_action-I_CAN'T_BREATHE-SING_IN_@_Grand_Central_Station_(15982738200).jpg
Grand_Central_Terminal,260911,3,commons/Main_Concourse_(Grand_Central_Terminal)/0/pictures/Grand_Central_Terminal_Inside_New_York_City.jpg
Grand_Central_Terminal,260911,3,commons/Grand_Central_Terminal_in_2015/0/pictures/NYPA_Earth_Day_Event_at_Grand_Central_Terminal_(17038454849).jpg
Grand_Central_Terminal,260911,3,commons/Main_Concourse_(Grand_Central_Terminal)/0/pictures/New_York_Grand_Central_Terminal_June_2013_-_6_(9153406202).jpg
Grand_Central_Terminal,260911,3,commons/Black_Lives_Matter_at_Grand_Central_Terminal/0/pictures/-BlackLivesMatter-Happy_New_Years_action-I_CAN'T_BREATHE-SING_IN_@_Grand_Central_Station_(15984262787).jpg
Grand_Central_Terminal,260911,3,commons/Main_Concourse_(Grand_Central_Terminal)/0/pictures/Grand_Central_Terminal_Inside_New_York_City_Long.jpg
Grand_Central_Terminal,260911,3,commons/Grand_Central_Terminal_in_2015/0/pictures/NYPA_Earth_Day_Event_at_Grand_Central_Terminal_(17037094700).jpg
Grand_Central_Terminal,260911,3,commons/Black_Lives_Matter_at_Grand_Central_Terminal/0/pictures/-BlackLivesMatter-Happy_New_Years_action-I_CAN'T_BREATHE-SING_IN_@_Grand_Central_Station_(15982607838).jpg
Grand_Central_Terminal,260911,3,commons/Main_Concourse_(Grand_Central_Terminal)/0/pictures/Grand_Central_Terminal_February_2023.jpg
Grand_Central_Terminal,260911,3,commons/Grand_Central_Terminal_in_2015/0/pictures/NYPA_Earth_Day_Event_at_Grand_Central_Terminal_(17037094470).jpg
Grand_Central_Terminal,260911,3,commons/Main_Concourse_(Grand_Central_Terminal)/0/pictures/Grand_Central_flag.jpg
Grand_Central_Terminal,260911,3,commons/Main_Concourse_(Grand_Central_Terminal)/0/pictures/Metro-North_Railroad_and_City_Experiences_Announce_Walks_as_New_Official_Operator_of_Grand_Central_Terminal_Tours_(52536750369).jpg
Grand_Central_Terminal,260911,3,commons/Grand_Central_Terminal_Centennial/0/pictures/Gct_(8437214836).jpg
Grand_Central_Terminal,260911,3,"commons/Grand_Central_Terminal_in_2011/0/pictures/New_York_City,_Manhattan,_Midtown_East_-_Grand_Central_Terminal,_Main_Concourse.1903_-_5461074724.jpg"
Grand_Central_Terminal,260911,3,commons/Main_Concourse_(Grand_Central_Terminal)/0/pictures/GrandCentralTerminalbyGC(1).jpg
Grand_Central_Terminal,260911,3,commons/Main_Concourse_(Grand_Central_Terminal)/0/pictures/GrandCentralTerminalEmpty.jpg
Grand_Central_Terminal,260911,3,"commons/Main_Concourse_(Grand_Central_Terminal)/0/pictures/Main_Concourse,_Grand_Central_Terminal,_New_York_City,_NY_-_48046294922.jpg"
Grand_Central_Terminal,260911,3,commons/Grand_Central_Terminal_Centennial/0/pictures/Gct_(8437213866).jpg
Grand_Central_Terminal,260911,3,"commons/Grand_Central_Terminal_in_2011/0/pictures/New_York_City,_Manhattan,_Midtown_East_-_Grand_Central_Terminal,_Main_Concourse.1903_-_5460469795.jpg"
Grand_Central_Terminal,260911,3,commons/Main_Concourse_(Grand_Central_Terminal)/0/pictures/GrandCentralTerminal.JPG
Grand_Central_Terminal,260911,3,commons/Main_Concourse_(Grand_Central_Terminal)/0/pictures/NY_Central_Station.jpg
Grand_Central_Terminal,260911,3,commons/Grand_Central_Terminal_Centennial/0/pictures/Gct_(8437213786).jpg
Grand_Central_Terminal,260911,3,commons/Main_Concourse_(Grand_Central_Terminal)/0/pictures/Grand-Central_Terminal.jpg
Grand_Central_Terminal,260911,3,commons/Main_Concourse_(Grand_Central_Terminal)/0/pictures/Mirando_-_panoramio.jpg
Grand_Central_Terminal,260911,3,commons/Grand_Central_Terminal_Centennial/0/pictures/Gct_(8437213564).jpg
Grand_Central_Terminal,260911,3,commons/Main_Concourse_(Grand_Central_Terminal)/0/pictures/Grand_central_nyc-2.jpg
Grand_Central_Terminal,260911,3,commons/Main_Concourse_(Grand_Central_Terminal)/0/pictures/Main_Concourse.jpg
Grand_Central_Terminal,260911,3,commons/Grand_Central_Terminal_Centennial/0/pictures/Gct_(8436131219).jpg
Grand_Central_Terminal,260911,3,"commons/Main_Concourse_(Grand_Central_Terminal)/0/pictures/Grand_central_terminal,_NY_-_panoramio.jpg"
Grand_Central_Terminal,260911,3,commons/Photographs_of_flags_of_the_United_States_at_Grand_Central_Terminal/0/pictures/Grand_Central_Station_Flag_&_Ceiling.jpg
Grand_Central_Terminal,260911,3,"commons/Grand_Central_Terminal_in_2011/0/pictures/New_York_City,_Manhattan,_Midtown_East_-_Grand_Central_Terminal,_Main_Concourse.1903_-_5461074938.jpg"
Grand_Central_Terminal,260911,3,commons/Main_Concourse_(Grand_Central_Terminal)/0/pictures/Grand_Terminal.JPG
Grand_Central_Terminal,260911,3,"commons/Main_Concourse_(Grand_Central_Terminal)/0/pictures/Main_Concourse,_Grand_Central_Terminal,_New_York_City,_NY.jpg"
Grand_Central_Terminal,260911,3,commons/Grand_Central_Terminal_Centennial/0/pictures/Gct_(8436130929).jpg
Grand_Central_Terminal,260911,3,commons/Main_Concourse_(Grand_Central_Terminal)/0/pictures/Grand_central_terminal_(16366015895).jpg
Grand_Central_Terminal,260911,3,"commons/Grand_Central_Terminal_in_2019/0/pictures/Main_Concourse,_Grand_Central_Terminal,_New_York_City,_NY_02.jpg"
Grand_Central_Terminal,260911,3,commons/Main_Concourse_(Grand_Central_Terminal)_clock/0/pictures/Record_Ridership_(52083868517).jpg
Grand_Central_Terminal,260911,3,commons/Artistic_photographs_of_Main_Concourse_(Grand_Central_Terminal)/0/pictures/2005-08-03_-_United_States_-_New_York_-_New_York_City_-_Manhattan_-_Grand_Central_Terminal_-_Print_c_4887615375.jpg
Grand_Central_Terminal,260911,3,commons/Grand_Central_Terminal_in_2020/0/pictures/Metro-North_Advances_CSI_Project_(50723235316).jpg
Grand_Central_Terminal,260911,3,commons/Grand_Central_Terminal_in_2007/0/pictures/Grand_Central_Terminal_NYC_2.jpg
Grand_Central_Terminal,260911,3,commons/Artistic_photographs_of_Main_Concourse_(Grand_Central_Terminal)/0/pictures/Grand_Central_Terminal_2013.jpg
Grand_Central_Terminal,260911,3,commons/Main_Concourse_(Grand_Central_Terminal)/0/pictures/Grand_Central_Station_2002.jpg
Grand_Central_Terminal,260911,3,commons/Grand_Central_Terminal_in_2014/0/pictures/NYC_Grand_Central_1.JPG
Grand_Central_Terminal,260911,3,commons/Main_Concourse_(Grand_Central_Terminal)/0/pictures/Historical_Photos_of_Grand_Central_Terminal_(52663741881).jpg
Grand_Central_Terminal,260911,3,"commons/Grand_Central_Terminal_in_2019/0/pictures/Main_Concourse,_Grand_Central_Terminal,_New_York_City,_NY_-_48046451113.jpg"
Grand_Central_Terminal,260911,3,commons/Main_Concourse_(Grand_Central_Terminal)_clock/0/pictures/A_rare_visit_to_GCT_(25988514412).jpg
Grand_Central_Terminal,260911,3,commons/Apple_Grand_Central/0/pictures/At_New_York_City_2023_128.jpg
Grand_Central_Terminal,260911,3,commons/Artistic_photographs_of_Main_Concourse_(Grand_Central_Terminal)/0/pictures/Clock_in_BandW_at_Grand_Central.JPG
Grand_Central_Terminal,260911,3,commons/Main_Concourse_(Grand_Central_Terminal)/0/pictures/Grand_Central_Station_(898189318).jpg
Grand_Central_Terminal,260911,3,"commons/Grand_Central_Terminal_in_2014/0/pictures/Midtown_East,_New_York,_NY,_USA_-_panoramio_(12).jpg"
Grand_Central_Terminal,260911,3,commons/Main_Concourse_(Grand_Central_Terminal)_clock/0/pictures/Grand_Central_Terminal_284.JPG
Grand_Central_Terminal,260911,3,"commons/Main_Concourse_(Grand_Central_Terminal)_ceiling/0/pictures/Grand_Central_Terminal_and_Vanderbilt_Hall_Christmas_Market,_New_York_(4164285120).jpg"
Grand_Central_Terminal,260911,3,"commons/Grand_Central_Terminal_in_2019/0/pictures/Main_Concourse,_Grand_Central_Terminal,_New_York_City,_NY_-_48046497232.jpg"
Grand_Central_Terminal,260911,3,commons/Grand_Central_Terminal_departure_boards/0/pictures/Grand_Central_Station_-_Board_Departures.jpg
Grand_Central_Terminal,260911,3,commons/Main_Concourse_(Grand_Central_Terminal)/0/pictures/Grand_Station_2014.jpg
Grand_Central_Terminal,260911,3,commons/Artistic_photographs_of_Main_Concourse_(Grand_Central_Terminal)/0/pictures/Grand_Central_Terminal_Grand_Concourse_New_York_City.JPG
Grand_Central_Terminal,260911,3,commons/Grand_Central_Terminal_in_2020/0/pictures/Vanderbilt_Hall_II_(50618204768).jpg
Grand_Central_Terminal,260911,3,commons/Grand_Central_Terminal_in_2008/0/pictures/Dan_Goldman_by_Seth_Kushner.jpg
Grand_Central_Terminal,260911,3,commons/Main_Concourse_(Grand_Central_Terminal)/0/pictures/GrandCtrlTermNYC7.jpg
Grand_Central_Terminal,260911,3,"commons/Main_Concourse_(Grand_Central_Terminal)/0/pictures/Main_Concourse,_Grand_Central_Terminal,_New_York_City,_NY_-_48046497232.jpg"
Grand_Central_Terminal,260911,3,commons/Grand_Central_Terminal_Centennial/0/pictures/Gct_(8436130243).jpg
Grand_Central_Terminal,260911,3,commons/Main_Concourse_(Grand_Central_Terminal)/0/pictures/GrandCtrlTermNYC6.jpg
Grand_Central_Terminal,260911,3,commons/Main_Concourse_(Grand_Central_Terminal)/0/pictures/Metropolitan_Transportation_Authority_(New_York)-_014_(8133423125).jpg
Grand_Central_Terminal,260911,3,commons/Grand_Central_Terminal_Centennial/0/pictures/GCT_Centennial_Sign_at_Night.JPG
Grand_Central_Terminal,260911,3,commons/Interior_of_Grand_Central_Terminal/0/pictures/Grand_Central_Photo_NY_County_NY.JPG
Grand_Central_Terminal,260911,3,commons/Grand_Central_Terminal_in_2011/0/pictures/NYC_2012_IMG_3093_(5503069081).jpg
Grand_Central_Terminal,260911,3,commons/Main_Concourse_(Grand_Central_Terminal)/0/pictures/Grand_Central_windows.jpg
Grand_Central_Terminal,260911,3,"commons/Main_Concourse_(Grand_Central_Terminal)/0/pictures/Main_Concourse,_Grand_Central_Terminal,_New_York_City,_NY_-_48046452033.jpg"
Grand_Central_Terminal,260911,3,commons/Grand_Central_Terminal_Centennial/0/pictures/Cynthia_Nixon_-_Grand_Central_Terminal_100_Years.jpg
Grand_Central_Terminal,260911,3,commons/Advertisements_on_trains_at_Grand_Central_(42nd_Street_Shuttle)_subway_station/0/pictures/Victoria_Beckham_becomes_international_ambassador_for_GREAT_campaign_(6886222987).jpg
Grand_Central_Terminal,260911,3,commons/Main_Concourse_(Grand_Central_Terminal)/0/pictures/Grand_Central_Terminal-_Glass_Catwalk_Window_View.jpg
Grand_Central_Terminal,260911,3,commons/Main_Concourse_(Grand_Central_Terminal)/0/pictures/Grand_Central_Window_(8036485829).jpg
Grand_Central_Terminal,260911,3,commons/Main_Concourse_(Grand_Central_Terminal)_ceiling/0/pictures/Grand_Central_-_View_from_the_Catwalk_-_Details.jpg
Grand_Central_Terminal,260911,3,commons/Main_Concourse_(Grand_Central_Terminal)/0/pictures/Grand_Central_Terminal-955.jpg
Grand_Central_Terminal,260911,3,commons/Grand_Central_Terminal_in_2011/0/pictures/NYC_2012_IMG_3086_(5503649838).jpg
Grand_Central_Terminal,260911,3,commons/Grand_Central_Terminal_in_2011/0/pictures/Grand_Central_Terminal_286.JPG
Grand_Central_Terminal,260911,3,commons/Grand_Central_Terminal_in_2011/0/pictures/Grand_Central_Terminal_284.JPG
Grand_Central_Terminal,260911,3,"commons/Main_Concourse_(Grand_Central_Terminal)/0/pictures/Grand_Central_Terminal,_New_York_2017_32.jpg"
Grand_Central_Terminal,260911,3,commons/TRAVELS_FAR_memorial_at_Grand_Central_Terminal/0/pictures/MTA_Expands_'TRAVELS_FAR'_Memorial_to_Grand_Central_and_Moynihan_Train_Hall_(50884961711).jpg
Grand_Central_Terminal,260911,3,commons/Grand_Central_Terminal_catwalks/0/pictures/Grand_Central_-_View_from_the_Catwalk_-_Details.jpg
Grand_Central_Terminal,260911,3,commons/Grand_Central_Terminal_in_2013/0/pictures/New_York_(11599850684).jpg
Grand_Central_Terminal,260911,3,"commons/Main_Concourse_(Grand_Central_Terminal)/0/pictures/Grand_Central_Terminal,_New_York_2017_31.jpg"
Grand_Central_Terminal,260911,3,commons/Grand_Central_Terminal_Centennial/0/pictures/100Years_6038_(8436749356).jpg
Grand_Central_Terminal,260911,3,"commons/Main_Concourse_(Grand_Central_Terminal)_ceiling/0/pictures/Ceiling,_Main_Concourse,_Grand_Central_Terminal,_New_York_City,_NY.jpg"
Grand_Central_Terminal,260911,3,"commons/Main_Concourse_(Grand_Central_Terminal)/0/pictures/Grand_Central_Terminal,_New_York_2017_28.jpg"
Grand_Central_Terminal,260911,3,commons/Grand_Central_Terminal_Centennial/0/pictures/100Years_6011_(8435665085).jpg
Grand_Central_Terminal,260911,3,commons/Grand_Central_Terminal_in_2011/0/pictures/Grand_Central_Terminal_278.JPG
Grand_Central_Terminal,260911,3,"commons/Main_Concourse_(Grand_Central_Terminal)/0/pictures/Grand_Central_Terminal,_New_York_2017_24.jpg"
Grand_Central_Terminal,260911,3,"commons/Main_Concourse_(Grand_Central_Terminal)/0/pictures/Windows,_Main_Concourse,_Grand_Central_Terminal,_New_York_City,_NY.jpg"
Grand_Central_Terminal,260911,3,commons/Main_Concourse_(Grand_Central_Terminal)/0/pictures/A_quarter_past_six_(7893545060).jpg
Grand_Central_Terminal,260911,3,commons/Grand_Central_Terminal_in_2013/0/pictures/USA-NYC-Grand_Central_Terminalp0.JPG
Grand_Central_Terminal,260911,3,"commons/Main_Concourse_(Grand_Central_Terminal)/0/pictures/Grand_Central_Terminal,_New_York_2017_37.jpg"
Grand_Central_Terminal,260911,3,commons/Grand_Central_Terminal_in_2011/0/pictures/Grand_Central_Terminal_288.JPG
Grand_Central_Terminal,260911,3,commons/Main_Concourse_(Grand_Central_Terminal)/0/pictures/Grand_Central_Terminal_in_motion_(2)_(8028383097)_(4).jpg
Grand_Central_Terminal,260911,3,commons/Main_Concourse_(Grand_Central_Terminal)/0/pictures/Grand_Central_Terminal-948.jpg
Grand_Central_Terminal,260911,3,commons/Grand_Central_Terminal_in_2011/0/pictures/NYC_2012_IMG_2912_(5502899991).jpg
Grand_Central_Terminal,260911,3,commons/Grand_Central_Terminal_in_2017/0/pictures/The_Grand_Central_Terminal_In_New_York_City_(196943651).jpeg
Grand_Central_Terminal,260911,3,commons/Grand_Central_Terminal_Centennial/0/pictures/100Years_5800_(8436749906).jpg
Grand_Central_Terminal,260911,3,commons/Grand_Central_Terminal_special_events/0/pictures/Presser-_Cardiac_Save_at_Grand_Central_(16243430137).jpg
Grand_Central_Terminal,260911,3,commons/Main_Concourse_(Grand_Central_Terminal)/0/pictures/Windows_of_Grand_Central_Station_(Unsplash).jpg
Grand_Central_Terminal,260911,3,"commons/Main_Concourse_(Grand_Central_Terminal)/0/pictures/Grand_Central_Terminal,_New_York_2017_36.jpg"
Grand_Central_Terminal,260911,3,commons/Grand_Central_Terminal_Centennial/0/pictures/100Years_6143_(8435664747).jpg
Grand_Central_Terminal,260911,3,commons/Grand_Central_Terminal_in_2011/0/pictures/Grand_Central_Terminal_287.JPG
Grand_Central_Terminal,260911,3,commons/Main_Concourse_(Grand_Central_Terminal)/0/pictures/USA-NYC-Grand_Central_Terminalp0.JPG
Grand_Central_Terminal,260911,3,commons/TRAVELS_FAR_memorial_at_Grand_Central_Terminal/0/pictures/MTA_Expands_'TRAVELS_FAR'_Memorial_to_Grand_Central_and_Moynihan_Train_Hall_(50885065147).jpg
Grand_Central_Terminal,260911,3,commons/Main_Concourse_(Grand_Central_Terminal)/0/pictures/Grand_Central_Terminal_in_New_York_City_2020.jpg
Grand_Central_Terminal,260911,3,commons/Main_Concourse_(Grand_Central_Terminal)_clock/0/pictures/Grand_Central_Terminal_-_New_York_USA_-_panoramio.jpg
Grand_Central_Terminal,260911,3,commons/Artistic_photographs_of_Main_Concourse_(Grand_Central_Terminal)/0/pictures/Grand_Central_Terminal_-_Flickr_-_beltz6.jpg
Grand_Central_Terminal,260911,3,commons/Grand_Central_Terminal_in_2007/0/pictures/Grand_Central_Terminal_NYC.jpg
Grand_Central_Terminal,260911,3,commons/TRAVELS_FAR_memorial_at_Grand_Central_Terminal/0/pictures/MTA_Expands_'TRAVELS_FAR'_Memorial_to_Grand_Central_and_Moynihan_Train_Hall_(50885065102).jpg
Grand_Central_Terminal,260911,3,commons/Grand_Central_Terminal_in_2016/0/pictures/Interior_of_Grand_Central_Station_-_Manhattan_-_New_York_City_-_USA_-_01_(25006324426).jpg
Grand_Central_Terminal,260911,3,"commons/Main_Concourse_(Grand_Central_Terminal)/0/pictures/Grand_Central_Terminal,_New_York_2017_38.jpg"
Grand_Central_Terminal,260911,3,commons/Main_Concourse_(Grand_Central_Terminal)_ceiling/0/pictures/Grand_Central_Terminal_104.jpg
Grand_Central_Terminal,260911,3,commons/Main_Concourse_(Grand_Central_Terminal)/0/pictures/Grand_Central_commuters_(4512312036).jpg
Grand_Central_Terminal,260911,3,commons/Grand_Central_Terminal_Centennial/0/pictures/100Years_6230_(8436749002).jpg
Grand_Central_Terminal,260911,3,commons/Grand_Central_Terminal_special_events/0/pictures/Presser-_Cardiac_Save_at_Grand_Central_(16429338085).jpg
Grand_Central_Terminal,260911,3,commons/Main_Concourse_(Grand_Central_Terminal)_ceiling/0/pictures/Grand_Central_Terminal_Interior.jpg
Grand_Central_Terminal,260911,3,commons/Main_Concourse_(Grand_Central_Terminal)_ceiling/0/pictures/Zodiac_(28991648683).jpg
Grand_Central_Terminal,260911,3,commons/Grand_Central_Terminal_departure_boards/0/pictures/GCT_Main_Concourse_2.jpg
Grand_Central_Terminal,260911,3,commons/Grand_Central_Terminal_in_2013/0/pictures/Суматоха_Центральный_вокзал_Нью-Йорка.jpg
Grand_Central_Terminal,260911,3,commons/Grand_Central_Terminal_Centennial/0/pictures/100Years_6242_(8436748974).jpg
Grand_Central_Terminal,260911,3,commons/Grand_Central_Terminal_special_events/0/pictures/Presser-_Cardiac_Save_at_Grand_Central_(16429338365).jpg
Grand_Central_Terminal,260911,3,commons/Main_Concourse_(Grand_Central_Terminal)_ceiling/0/pictures/Grand_Central_Terminal_January_2023_001.jpg
Grand_Central_Terminal,260911,3,commons/Grand_Central_Terminal_in_2013/0/pictures/Часы_Центральный_вокзал_Нью-Йорка.jpg
Grand_Central_Terminal,260911,3,"commons/Main_Concourse_(Grand_Central_Terminal)/0/pictures/Grand_Central_photographers,_New_York,_April_2011_-_Flickr_-_PhillipC.jpg"
Grand_Central_Terminal,260911,3,commons/Main_Concourse_(Grand_Central_Terminal)_ceiling/0/pictures/At_New_York_City_2023_009.jpg
Grand_Central_Terminal,260911,3,"commons/Main_Concourse_(Grand_Central_Terminal)/0/pictures/Grand_Central_Terminal,_New_York_City_(4057300224).jpg"
Grand_Central_Terminal,260911,3,"commons/Main_Concourse_(Grand_Central_Terminal)/0/pictures/Grand_Central_Terminal,_New_York_City_(5903663780).jpg"
Grand_Central_Terminal,260911,3,commons/Main_Concourse_(Grand_Central_Terminal)_ceiling/0/pictures/Ceiling_of_Grand_Central_Station_(6058350883).jpg
Grand_Central_Terminal,260911,3,commons/Main_Concourse_(Grand_Central_Terminal)/0/pictures/Grand_Central_Terminal_inside.jpg
Grand_Central_Terminal,260911,3,commons/Grand_Central_Terminal_Centennial/0/pictures/100Years_6318_(8436748762).jpg
Grand_Central_Terminal,260911,3,commons/Grand_Central_Terminal_in_the_1940s/0/pictures/Grand_Central_ceiling.png
Grand_Central_Terminal,260911,3,"commons/Main_Concourse_(Grand_Central_Terminal)/0/pictures/Grand_Central_Terminal,_New_York,_USA_(32731642928).jpg"
Grand_Central_Terminal,260911,3,commons/Grand_Central_Terminal_in_the_2000s/0/pictures/Grand_Central_Terminal_clock_2.jpg
Grand_Central_Terminal,260911,3,commons/Grand_Central_Terminal_Centennial/0/pictures/100Years_6333_(8436748714).jpg
Grand_Central_Terminal,260911,3,commons/Grand_Central_Terminal_special_events/0/pictures/Subway_Time_(8318135385).jpg
Grand_Central_Terminal,260911,3,"commons/Main_Concourse_(Grand_Central_Terminal)_ceiling/0/pictures/Grand_Central_Terminal,_New_York_2017_26.jpg"
Grand_Central_Terminal,260911,3,commons/Main_Concourse_(Grand_Central_Terminal)/0/pictures/Central_Station_(5153354588).jpg
Grand_Central_Terminal,260911,3,commons/Grand_Central_Terminal_in_2014/0/pictures/Ceiling_of_the_Hall_of_Grand_Central_Terminal.jpg
Grand_Central_Terminal,260911,3,"commons/Main_Concourse_(Grand_Central_Terminal)/0/pictures/Grand_Central_Terminal,_New_York,_United_States_(Unsplash_R01A9PJQNIM).jpg"
Grand_Central_Terminal,260911,3,commons/Grand_Central_Terminal_in_2011/0/pictures/Metropolitan_Transportation_Authority_(New_York)-_IMG00099-20110827-1545_(6086574053).jpg
Grand_Central_Terminal,260911,3,commons/Main_Concourse_(Grand_Central_Terminal)/0/pictures/Grand_central_terminal_(16178640060).jpg
Grand_Central_Terminal,260911,3,commons/Grand_Central_Terminal_Centennial/0/pictures/100Years_6354_(8436748660).jpg
Grand_Central_Terminal,260911,3,commons/Grand_Central_Terminal_in_2011/0/pictures/NYC_2012_IMG_2907_(5502892625).jpg
Grand_Central_Terminal,260911,3,"commons/Main_Concourse_(Grand_Central_Terminal)/0/pictures/Grand_Central_Terminal,_New_York.jpg"
Grand_Central_Terminal,260911,3,commons/Grand_Central_Terminal_in_2011/0/pictures/NYC_2012_IMG_2909_(5502894565).jpg
Grand_Central_Terminal,260911,3,commons/Grand_Central_Terminal_special_events/0/pictures/TrainTime_App_(52292391186).jpg
Grand_Central_Terminal,260911,3,commons/Main_Concourse_(Grand_Central_Terminal)_ceiling/0/pictures/NYC_Grand_Central_Terminal_ceiling.jpg
Grand_Central_Terminal,260911,3,commons/Grand_Central_Terminal_in_2017/0/pictures/Grand_Central_Terminal_-_Main_Concourse.jpg
Grand_Central_Terminal,260911,3,commons/Main_Concourse_(Grand_Central_Terminal)/0/pictures/GrandCtrlTermNYC5.jpg
Grand_Central_Terminal,260911,3,commons/Main_Concourse_(Grand_Central_Terminal)/0/pictures/Metropolitan_Transportation_Authority_(New_York)-_012_(8133423439).jpg
Grand_Central_Terminal,260911,3,commons/Grand_Central_Terminal_Centennial/0/pictures/Gct_(8437215004).jpg
Grand_Central_Terminal,260911,3,"commons/Grand_Central_Terminal_in_2011/0/pictures/New_York_City,_Manhattan,_Midtown_East_-_Grand_Central_Terminal,_Main_Concourse.1903_-_5461075174.jpg"
Grand_Central_Terminal,260911,3,"commons/Main_Concourse_(Grand_Central_Terminal)/0/pictures/Grand_Central_Terminal,_New_York_City_(4056561669).jpg"
Grand_Central_Terminal,260911,3,commons/Photographs_of_flags_of_the_United_States_at_Grand_Central_Terminal/0/pictures/20140211_NewYork_3787_(14528753534).jpg
Grand_Central_Terminal,260911,3,"commons/Grand_Central_Terminal_in_2011/0/pictures/New_York_City,_Manhattan,_Midtown_East_-_Grand_Central_Terminal,_Main_Concourse.1903.jpg"
Grand_Central_Terminal,260911,3,"commons/Main_Concourse_(Grand_Central_Terminal)/0/pictures/Grand_Central,_Manhattan_(4511670603).jpg"
Grand_Central_Terminal,260911,3,commons/Grand_Central_Terminal_rays_of_light_photographs/0/pictures/Grand_Central_light_rays-magazine_cover.jpg
Grand_Central_Terminal,260911,3,commons/Main_Concourse_(Grand_Central_Terminal)/0/pictures/Metropolitan_Transportation_Authority_(New_York)-_016_(8133423037).jpg
Grand_Central_Terminal,260911,3,commons/Grand_Central_Terminal_Centennial/0/pictures/Gct_(8437215228).jpg
Grand_Central_Terminal,260911,3,commons/Grand_Central_Terminal_in_the_1950s/0/pictures/Redstone_in_Grand_Central_Station_July_7_1957.jpg
Grand_Central_Terminal,260911,3,commons/Main_Concourse_(Grand_Central_Terminal)/0/pictures/Historical_Photos_of_Grand_Central_Terminal_(52663238022).jpg
Grand_Central_Terminal,260911,3,commons/Grand_Central_Terminal_rays_of_light_photographs/0/pictures/Grand_Central_rays_of_light.jpg
Grand_Central_Terminal,260911,3,commons/Grand_Central_Terminal_Centennial/0/pictures/Gct_(8437215566).jpg
Grand_Central_Terminal,260911,3,commons/Grand_Central_Terminal_in_2011/0/pictures/Traffic_in_Grand_Central_Terminal_(5903676176).jpg
Grand_Central_Terminal,260911,3,commons/Main_Concourse_(Grand_Central_Terminal)/0/pictures/Historical_Photos_of_Grand_Central_Terminal_(52663238267).jpg
Grand_Central_Terminal,260911,3,"commons/Main_Concourse_(Grand_Central_Terminal)/0/pictures/Grand_central_station,_nyc.jpg"
Grand_Central_Terminal,260911,3,"commons/Main_Concourse_(Grand_Central_Terminal)/0/pictures/Midtown_East,_New_York,_NY,_USA_-_panoramio_(12).jpg"
Grand_Central_Terminal,260911,3,commons/Grand_Central_Terminal_Centennial/0/pictures/Grand_Central_100_Anniversary_-_panoramio.jpg
Grand_Central_Terminal,260911,3,commons/Grand_Central_Terminal_in_2011/0/pictures/People_fleeing_Grand_Central_Station._-_panoramio.jpg
Grand_Central_Terminal,260911,3,commons/Main_Concourse_(Grand_Central_Terminal)/0/pictures/MTA_Celebrates_110th_Anniversary_of_Grand_Central_Terminal_(52665533489).jpg
Grand_Central_Terminal,260911,3,commons/Grand_Central_Terminal_rays_of_light_photographs/0/pictures/Historical_Photos_of_Grand_Central_Terminal_(52663238267).jpg
Grand_Central_Terminal,260911,3,"commons/Main_Concourse_(Grand_Central_Terminal)/0/pictures/Midtown_East,_New_York,_NY,_USA_-_panoramio_(13).jpg"
Grand_Central_Terminal,260911,3,commons/Grand_Central_Terminal_Centennial/0/pictures/Grand_Central_Centennial_(8434668003).jpg
Grand_Central_Terminal,260911,3,"commons/Grand_Central_Terminal_in_2017/0/pictures/Grand_Central_Terminal,_New_York_2017_08.jpg"
Grand_Central_Terminal,260911,3,commons/Main_Concourse_(Grand_Central_Terminal)/0/pictures/MTA_Celebrates_110th_Anniversary_of_Grand_Central_Terminal_(52665740853).jpg
Grand_Central_Terminal,260911,3,commons/Main_Concourse_(Grand_Central_Terminal)/0/pictures/Grand_central_terminal_(16365115692).jpg
Grand_Central_Terminal,260911,3,commons/Grand_Central_Terminal_rays_of_light_photographs/0/pictures/Redstone_in_Grand_Central_Station_July_7_1957.jpg
Grand_Central_Terminal,260911,3,"commons/Main_Concourse_(Grand_Central_Terminal)/0/pictures/Midtown_East,_New_York,_NY,_USA_-_panoramio_(5).jpg"
Grand_Central_Terminal,260911,3,commons/Grand_Central_Terminal_Centennial/0/pictures/Grand_Central_Terminal_Centennial_-_Night_(8437353743).jpg
Grand_Central_Terminal,260911,3,"commons/Grand_Central_Terminal_in_2017/0/pictures/Grand_Central_Terminal,_New_York_2017_25.jpg"
Grand_Central_Terminal,260911,3,commons/Main_Concourse_(Grand_Central_Terminal)/0/pictures/In_the_main_concourse_of_Grand_Central_Terminal.jpg
Grand_Central_Terminal,260911,3,"commons/Main_Concourse_(Grand_Central_Terminal)/0/pictures/Midtown_East,_New_York,_NY,_USA_-_panoramio_(6).jpg"
Grand_Central_Terminal,260911,3,commons/Grand_Central_Terminal_Centennial/0/pictures/Grand_Central_Terminal_Centennial_-_Night_(8437353843).jpg
Grand_Central_Terminal,260911,3,commons/Grand_Central_Terminal_in_2017/0/pictures/In_the_main_concourse_of_Grand_Central_Terminal.jpg
Grand_Central_Terminal,260911,3,commons/Grand_Central_Terminal/0/pictures/Grand_Central_Station_(6861717930).jpg
Grand_Central_Terminal,260911,3,commons/Main_Concourse_(Grand_Central_Terminal)/0/pictures/Inside_Grand_Central.JPG
Grand_Central_Terminal,260911,3,commons/Main_Concourse_(Grand_Central_Terminal)/0/pictures/Information_Booth_(52663763956).jpg
Grand_Central_Terminal,260911,3,commons/Grand_Central_Terminal_Centennial/0/pictures/Grand_Central_Terminal_Centennial_-_Night_(8437354193).jpg
Grand_Central_Terminal,260911,3,commons/Advertisements_on_trains_at_Grand_Central_(42nd_Street_Shuttle)_subway_station/0/pictures/New_York_Subway_Shuttle_-_AMC_The_Walking_Dead.jpg
Grand_Central_Terminal,260911,3,commons/Main_Concourse_(Grand_Central_Terminal)_panoramas/0/pictures/New_York_Grand_Central_Station_-_panoramio_(1).jpg
Grand_Central_Terminal,260911,3,commons/Grand_Central_Terminal_in_1923/0/pictures/Grand_Central_light_rays-magazine_cover.jpg
Grand_Central_Terminal,260911,3,commons/Grand_Central_Terminal_in_2014/0/pictures/Jacqueline_Kennedy_Onassis_Grand_Central_Entry_Dedication_(14358315119).jpg
Grand_Central_Terminal,260911,3,commons/Grand_Central_Terminal_Centennial/0/pictures/100Years_5671_(8436750182).jpg
Grand_Central_Terminal,260911,3,commons/Main_Concourse_(Grand_Central_Terminal)/0/pictures/Interior_of_Grand_Central_Station_-_Manhattan_-_New_York_City_-_USA_(41147021495).jpg
Grand_Central_Terminal,260911,3,commons/Main_Concourse_(Grand_Central_Terminal)/0/pictures/Interior_of_Grand_Central_Station_-_New_York_City_-_New_York_-_USA_-_01_(10389281865).jpg
Grand_Central_Terminal,260911,3,commons/Grand_Central_Terminal_Centennial/0/pictures/Grand_Central_Terminal_Centennial_-_Night_(8437354891).jpg
Grand_Central_Terminal,260911,3,commons/Grand_Central_Terminal_Centennial/0/pictures/100Years_5749_(8435665631).jpg
Grand_Central_Terminal,260911,3,commons/Main_Concourse_(Grand_Central_Terminal)/0/pictures/Interior_of_Grand_Central_Station_-_New_York_City_-_New_York_-_USA_-_02_(10389286816).jpg
Grand_Central_Terminal,260911,3,commons/Main_Concourse_(Grand_Central_Terminal)/0/pictures/Interior_of_Grand_Central_Station_with_Sign_for_Harlem_Line_Departures_-_New_York_City_-_New_York_-_USA_(10389237764).jpg
Grand_Central_Terminal,260911,3,commons/Grand_Central_Terminal_Centennial/0/pictures/100Years_5900_(8435665301).jpg
Grand_Central_Terminal,260911,3,commons/Main_Concourse_(Grand_Central_Terminal)/0/pictures/MTA_Celebrates_110th_Anniversary_of_Grand_Central_Terminal_(52665741063).jpg
Grand_Central_Terminal,260911,3,commons/Grand_Central_Terminal_in_2022/0/pictures/Grand_Central_Terminal_May_2022_005.jpg
Grand_Central_Terminal,260911,3,commons/Grand_Central_Terminal_in_2012/0/pictures/Grand_Central_Terminal_Clock_-_panoramio.jpg
Grand_Central_Terminal,260911,3,"commons/Grand_Central_Terminal_in_2017/0/pictures/Grand_Central_Terminal,_New_York_2017_49.jpg"
Grand_Central_Terminal,260911,3,commons/Main_Concourse_(Grand_Central_Terminal)/0/pictures/Inside_the_Grand_Central_Station_of_New_York_-_NYC_-_USA_-_panoramio.jpg
Grand_Central_Terminal,260911,3,commons/Grand_Central_Terminal_Centennial/0/pictures/100Years_5241_(8451484948).jpg
Grand_Central_Terminal,260911,3,commons/Grand_Central_Terminal_Centennial/0/pictures/100Years_5914_(8435665279).jpg
Grand_Central_Terminal,260911,3,commons/Main_Concourse_(Grand_Central_Terminal)/0/pictures/MTA_Moving_Forward_on_Two-Year_Anniversary_of_Start_of_Pandemic_in_New_York_(51942572719).jpg
Grand_Central_Terminal,260911,3,commons/Main_Concourse_(Grand_Central_Terminal)/0/pictures/Interior_Grand_Central_2015_2.JPG
Grand_Central_Terminal,260911,3,commons/Grand_Central_Terminal_Centennial/0/pictures/100Years_5261_(8450397119).jpg
Grand_Central_Terminal,260911,3,commons/Grand_Central_Terminal_Centennial/0/pictures/100Years_5918_(8435665271).jpg
Grand_Central_Terminal,260911,3,commons/Main_Concourse_(Grand_Central_Terminal)/0/pictures/MTA_Moving_Forward_on_Two-Year_Anniversary_of_Start_of_Pandemic_in_New_York_(51941260037).jpg
Grand_Central_Terminal,260911,3,"commons/Main_Concourse_(Grand_Central_Terminal)/0/pictures/GCT,_women,_hair._(28991648013).jpg"
Grand_Central_Terminal,260911,3,commons/Vanderbilt_Hall_(Grand_Central_Terminal)/0/pictures/MNR_40th_Anniversary_(52621443024).jpg
Grand_Central_Terminal,260911,3,commons/Historical_views_of_Main_Concourse_(Grand_Central_Terminal)/0/pictures/Historical_Photos_of_Grand_Central_Terminal_(52664179545).jpg
Grand_Central_Terminal,260911,3,commons/Biltmore_Room_(Grand_Central_Terminal)/0/pictures/MTA_Reopens_Biltmore_Room_at_Grand_Central_Terminal_-_52880221462.jpg
Grand_Central_Terminal,260911,3,commons/Grand_Central_Terminal_in_2009/0/pictures/Grand_Central_Station_(3415998911).jpg
Grand_Central_Terminal,260911,3,commons/Main_Concourse_(Grand_Central_Terminal)/0/pictures/Grand_Central_Terminal_-_New_York_USA_-_panoramio_(3).jpg
Grand_Central_Terminal,260911,3,commons/Grand_Central_Terminal_in_2015/0/pictures/Grand_Central_Terminal_(25535979325).jpg
Grand_Central_Terminal,260911,3,"commons/Grand_Central_Terminal_in_2017/0/pictures/Grand_Central_Terminal,_New_York_2017_26.jpg"
Grand_Central_Terminal,260911,3,commons/Grand_Central_Terminal_Centennial/0/pictures/100Years_5289_(8451485062).jpg
Grand_Central_Terminal,260911,3,commons/Main_Concourse_(Grand_Central_Terminal)/0/pictures/Historical_Photos_of_Grand_Central_Terminal_(52663742381).jpg
Grand_Central_Terminal,260911,3,commons/Grand_Central_Terminal_in_2017/0/pictures/Grand_Central_(5).jpg
Grand_Central_Terminal,260911,3,commons/Grand_Central_Terminal_in_2017/0/pictures/Veterans_Day_Ceremony_2017_(38360634092).jpg
Grand_Central_Terminal,260911,3,commons/Grand_Central_Terminal_Centennial/0/pictures/100Years_5942_(8436749538).jpg
Grand_Central_Terminal,260911,3,commons/Main_Concourse_(Grand_Central_Terminal)/0/pictures/MTA_Moving_Forward_on_Two-Year_Anniversary_of_Start_of_Pandemic_in_New_York_(51941260232).jpg
Grand_Central_Terminal,260911,3,commons/Grand_Central_Terminal_in_2017/0/pictures/Veterans_Day_Ceremony_2017_(38360634552).jpg
Grand_Central_Terminal,260911,3,commons/Grand_Central_Terminal_Centennial/0/pictures/100Years_5983_(8435665163).jpg
Grand_Central_Terminal,260911,3,commons/Main_Concourse_(Grand_Central_Terminal)/0/pictures/MTA_Moving_Forward_on_Two-Year_Anniversary_of_Start_of_Pandemic_in_New_York_(51942250376).jpg
Grand_Central_Terminal,260911,3,commons/Grand_Central_Terminal_Centennial/0/pictures/100Years_5792_(8435665563).jpg
Grand_Central_Terminal,260911,3,commons/Main_Concourse_(Grand_Central_Terminal)_clock/0/pictures/Grand_Central_Clock_(8036487923).jpg
Grand_Central_Terminal,260911,3,commons/Grand_Central_Terminal_in_2007/0/pictures/2007_New_York_City_Grand_Central_Terminal.jpg
Grand_Central_Terminal,260911,3,"commons/Main_Concourse_(Grand_Central_Terminal)/0/pictures/Midtown_East,_New_York,_NY,_USA_-_panoramio_(35).jpg"
Grand_Central_Terminal,260911,3,commons/Main_Concourse_(Grand_Central_Terminal)/0/pictures/MTA_Moving_Forward_on_Two-Year_Anniversary_of_Start_of_Pandemic_in_New_York_(51942333793).jpg
Grand_Central_Terminal,260911,3,commons/Grand_Central_Terminal_Centennial/0/pictures/100Years_5811_(8436749868).jpg
Grand_Central_Terminal,260911,3,"commons/Grand_Central_Terminal_in_2019/0/pictures/Main_Concourse,_Grand_Central_Terminal,_New_York_City,_NY_-_48046452033.jpg"
Grand_Central_Terminal,260911,3,commons/Main_Concourse_(Grand_Central_Terminal)_clock/0/pictures/Grand_Central_Terminal_Main_Concourse_2.jpg
Grand_Central_Terminal,260911,3,commons/Grand_Central_Terminal_Centennial/0/pictures/100Years_6072_(8435664949).jpg
Grand_Central_Terminal,260911,3,commons/Main_Concourse_(Grand_Central_Terminal)/0/pictures/MTA_Moving_Forward_on_Two-Year_Anniversary_of_Start_of_Pandemic_in_New_York_(51942333433).jpg
Grand_Central_Terminal,260911,3,commons/Grand_Central_Terminal_Centennial/0/pictures/Grand_Central_Terminal_Centennial_-_Night_(8437354431).jpg
Grand_Central_Terminal,260911,3,commons/Main_Concourse_(Grand_Central_Terminal)/0/pictures/NYC_2012_IMG_2909_(5502894565).jpg
Grand_Central_Terminal,260911,3,commons/Grand_Central_Terminal_in_2021/0/pictures/Metro-North_Summer_Getaways_(51310291415).jpg
Grand_Central_Terminal,260911,3,commons/Black_Lives_Matter_at_Grand_Central_Terminal/0/pictures/-BlackLivesMatter-Happy_New_Years_action-I_CAN'T_BREATHE-SING_IN_@_Grand_Central_Station_(15547686044).jpg
Grand_Central_Terminal,260911,3,commons/Grand_Central_Terminal_in_2017/0/pictures/Veterans_Day_Ceremony_2017_(38360628762).jpg
Grand_Central_Terminal,260911,3,commons/Grand_Central_Terminal_Centennial/0/pictures/100Years_5859_(8435665403).jpg
Grand_Central_Terminal,260911,3,commons/Artistic_photographs_of_Main_Concourse_(Grand_Central_Terminal)/0/pictures/Grand_Central_Station_Labor_Day_2017.jpg
Grand_Central_Terminal,260911,3,"commons/Main_Concourse_(Grand_Central_Terminal)/0/pictures/Grand_Central_Terminal,_New_York,_United_States_(Unsplash).jpg"
Grand_Central_Terminal,260911,3,commons/Grand_Central_Terminal_Centennial/0/pictures/100Years_5866_(8435665373).jpg
Grand_Central_Terminal,260911,3,commons/Grand_Central_Terminal_in_the_1990s/0/pictures/Historical_Photos_of_Grand_Central_Terminal_(52663238022).jpg
Grand_Central_Terminal,260911,3,commons/Grand_Central_Terminal_Centennial/0/pictures/100Years_6132_(8435664779).jpg
Grand_Central_Terminal,260911,3,commons/Main_Concourse_(Grand_Central_Terminal)/0/pictures/MTA_To_Lift_Bike_Permit_Requirement_on_Commuter_Railroads_(51373960273).jpg
Grand_Central_Terminal,260911,3,commons/Artistic_photographs_of_Main_Concourse_(Grand_Central_Terminal)/0/pictures/GodBlessAmerica.jpg
Grand_Central_Terminal,260911,3,commons/Main_Concourse_(Grand_Central_Terminal)_clock/0/pictures/Record_Ridership_(52083868602).jpg
Grand_Central_Terminal,260911,3,commons/Grand_Central_Terminal_in_2007/0/pictures/Historical_Photos_of_Grand_Central_Terminal_(52663238267).jpg
Grand_Central_Terminal,260911,3,commons/Grand_Central_Terminal_in_the_1990s/0/pictures/New_York_(3936191085).jpg
Grand_Central_Terminal,260911,3,commons/Grand_Central_Terminal_Centennial/0/pictures/100Years_6198_(8436749038).jpg
Grand_Central_Terminal,260911,3,commons/Main_Concourse_(Grand_Central_Terminal)/0/pictures/MTA_To_Lift_Bike_Permit_Requirement_on_Commuter_Railroads_(51374733905).jpg
Grand_Central_Terminal,260911,3,commons/Grand_Central_Terminal_in_2022/0/pictures/MTA_Moving_Forward_on_Two-Year_Anniversary_of_Start_of_Pandemic_in_New_York_(51942861520).jpg
Grand_Central_Terminal,260911,3,commons/Grand_Central_Terminal_in_2012/0/pictures/Metropolitan_Transportation_Authority_(New_York)-_012_(8133423439).jpg
Grand_Central_Terminal,260911,3,commons/Artistic_photographs_of_Main_Concourse_(Grand_Central_Terminal)/0/pictures/Grand_Central_Station_-_panoramio.jpg
Grand_Central_Terminal,260911,3,commons/Grand_Central_Terminal_in_the_2000s/0/pictures/Main_Concourse_in_Grand_Central_Terminal.jpg
Grand_Central_Terminal,260911,3,commons/Main_Concourse_(Grand_Central_Terminal)/0/pictures/MTA_Moving_Forward_on_Two-Year_Anniversary_of_Start_of_Pandemic_in_New_York_(51941259812).jpg
Grand_Central_Terminal,260911,3,"commons/Main_Concourse_(Grand_Central_Terminal)/0/pictures/NYC,_Grand_Central,_USA_Flag.jpg"
Grand_Central_Terminal,260911,3,commons/Black_Lives_Matter_at_Grand_Central_Terminal/0/pictures/-BlackLivesMatter-Happy_New_Years_action-I_CAN'T_BREATHE-SING_IN_@_Grand_Central_Station_(15550260903).jpg
Grand_Central_Terminal,260911,3,commons/Main_Concourse_(Grand_Central_Terminal)_clock/0/pictures/Grand_Central_Terminal_69.jpg
Grand_Central_Terminal,260911,3,commons/Grand_Central_Terminal_in_the_2000s/0/pictures/Grand_Central_Station_-_panoramio.jpg
Grand_Central_Terminal,260911,3,commons/Grand_Central_Terminal_Centennial/0/pictures/100Years_6286_(8436748856).jpg
Grand_Central_Terminal,260911,3,commons/Main_Concourse_(Grand_Central_Terminal)/0/pictures/MTA_Moving_Forward_on_Two-Year_Anniversary_of_Start_of_Pandemic_in_New_York_(51942861295).jpg
Grand_Central_Terminal,260911,3,commons/Grand_Central_Terminal_in_2012/0/pictures/Midday_at_Grand_Central_Terminal_25_December_2012.jpg
Grand_Central_Terminal,260911,3,commons/Black_Lives_Matter_at_Grand_Central_Terminal/0/pictures/-BlackLivesMatter-Happy_New_Years_action-I_CAN'T_BREATHE-SING_IN_@_Grand_Central_Station_(15550280993).jpg
Grand_Central_Terminal,260911,3,"commons/Grand_Central_Terminal_in_2019/0/pictures/Main_Concourse,_Grand_Central_Terminal,_New_York_City,_NY_-_48046206776.jpg"
Grand_Central_Terminal,260911,3,commons/Grand_Central_Terminal_departure_boards/0/pictures/GCT_Main_Concourse.jpg
Grand_Central_Terminal,260911,3,commons/Main_Concourse_(Grand_Central_Terminal)_clock/0/pictures/NYC_Grand_Central_3.JPG
Grand_Central_Terminal,260911,3,commons/Grand_Central_Terminal_Centennial/0/pictures/100Years_6301_(8435664443).jpg
Grand_Central_Terminal,260911,3,commons/Main_Concourse_(Grand_Central_Terminal)/0/pictures/MTA_Moving_Forward_on_Two-Year_Anniversary_of_Start_of_Pandemic_in_New_York_(51942861330).jpg
Grand_Central_Terminal,260911,3,"commons/Main_Concourse_(Grand_Central_Terminal)/0/pictures/New_York_City,_Manhattan,_Midtown_East_-_Grand_Central_Terminal,_Main_Concourse.1903_-_5460469795.jpg"
Grand_Central_Terminal,260911,3,"commons/Grand_Central_Terminal_in_2018/0/pictures/Grand_Central_Terminal,_New_York,_USA_(32731642928).jpg"
Grand_Central_Terminal,260911,3,commons/Grand_Central_Terminal_Centennial/0/pictures/New_York_(11599727923).jpg
Grand_Central_Terminal,260911,3,commons/Black_Lives_Matter_at_Grand_Central_Terminal/0/pictures/-BlackLivesMatter-Happy_New_Years_action-I_CAN'T_BREATHE-SING_IN_@_Grand_Central_Station_(15550290403).jpg
Grand_Central_Terminal,260911,3,commons/Grand_Central_Terminal_Centennial/0/pictures/100Years_6303_(8435664409).jpg
Grand_Central_Terminal,260911,3,commons/Main_Concourse_(Grand_Central_Terminal)/0/pictures/MTA_Moving_Forward_on_Two-Year_Anniversary_of_Start_of_Pandemic_in_New_York_(51942861520).jpg
Grand_Central_Terminal,260911,3,"commons/Main_Concourse_(Grand_Central_Terminal)/0/pictures/New_York_City,_Manhattan,_Midtown_East_-_Grand_Central_Terminal,_Main_Concourse.1903_-_5461074724.jpg"
Grand_Central_Terminal,260911,3,commons/Grand_Central_Terminal_Centennial/0/pictures/New_York_Grand_Central_Terminal_June_2013_-_5_(9153404692).jpg
Grand_Central_Terminal,260911,3,commons/Grand_Central_Terminal_in_2012/0/pictures/Metropolitan_Transportation_Authority_(New_York)-_013_(8133423271).jpg
Grand_Central_Terminal,260911,3,commons/Grand_Central_Terminal_in_2018/0/pictures/Grand_Central_Station_(39516186020).jpg
Grand_Central_Terminal,260911,3,commons/Main_Concourse_(Grand_Central_Terminal)/0/pictures/NYPA_Earth_Day_Event_at_Grand_Central_Terminal_(17037094470).jpg
Grand_Central_Terminal,260911,3,commons/Black_Lives_Matter_at_Grand_Central_Terminal/0/pictures/-BlackLivesMatter-Happy_New_Years_action-I_CAN'T_BREATHE-SING_IN_@_Grand_Central_Station_(15982591798).jpg
Grand_Central_Terminal,260911,3,commons/Grand_Central_Terminal_in_2018/0/pictures/Manhattan_-_Grand_Central_Terminal_-_20180808105201.jpg
Grand_Central_Terminal,260911,3,commons/Grand_Central_Terminal_Centennial/0/pictures/Sarah_Charness_-_Grand_Central_Terminal_100_Years_(2).jpg
Grand_Central_Terminal,260911,3,commons/Main_Concourse_(Grand_Central_Terminal)/0/pictures/NYC_–_Grand_Central_Terminal_-_inside_-_panoramio.jpg
Grand_Central_Terminal,260911,3,commons/Main_Concourse_(Grand_Central_Terminal)/0/pictures/Record_Ridership_(52085145529).jpg
Grand_Central_Terminal,260911,3,commons/Grand_Central_Terminal_at_night/0/pictures/GCT_Centennial_Sign_at_Night.JPG
Grand_Central_Terminal,260911,3,commons/Grand_Central_Terminal_in_2021/0/pictures/The_Grand_Central_Terminal_interior_detail_02.jpg
Grand_Central_Terminal,260911,3,commons/Black_Lives_Matter_at_Grand_Central_Terminal/0/pictures/-BlackLivesMatter-Happy_New_Years_action-I_CAN'T_BREATHE-SING_IN_@_Grand_Central_Station_(15982595628).jpg
Grand_Central_Terminal,260911,3,"commons/Grand_Central_Terminal_in_2015/0/pictures/Midtown_East,_New_York,_NY,_USA_-_panoramio_(35).jpg"
Grand_Central_Terminal,260911,3,"commons/Grand_Central_Terminal_in_2019/0/pictures/Main_Concourse,_Grand_Central_Terminal,_New_York_City,_NY_-_48046294922.jpg"
Grand_Central_Terminal,260911,3,commons/Main_Concourse_(Grand_Central_Terminal)_clock/0/pictures/Grand_Central_Terminal_clock_2.jpg
Grand_Central_Terminal,260911,3,commons/Artistic_photographs_of_Main_Concourse_(Grand_Central_Terminal)/0/pictures/Grand_Central_Terminal_Main_Concourse.JPG
Grand_Central_Terminal,260911,3,commons/Grand_Central_Terminal_Centennial/0/pictures/100Years_6341_(8435664263).jpg
Grand_Central_Terminal,260911,3,commons/Main_Concourse_(Grand_Central_Terminal)/0/pictures/MTA_To_Lift_Bike_Permit_Requirement_on_Commuter_Railroads_(51373728851).jpg
Grand_Central_Terminal,260911,3,commons/Black_Lives_Matter_at_Grand_Central_Terminal/0/pictures/-BlackLivesMatter-Happy_New_Years_action-I_CAN'T_BREATHE-SING_IN_@_Grand_Central_Station_(15982627998).jpg
Grand_Central_Terminal,260911,3,commons/Main_Concourse_(Grand_Central_Terminal)/0/pictures/Grand_Central_Terminal_Empty.jpg
Grand_Central_Terminal,260911,3,"commons/Grand_Central_Terminal_in_2015/0/pictures/Midtown_East,_New_York,_NY,_USA_-_panoramio_(38).jpg"
Grand_Central_Terminal,260911,3,commons/Artistic_photographs_of_Main_Concourse_(Grand_Central_Terminal)/0/pictures/Суматоха_Центральный_вокзал_Нью-Йорка.jpg
Grand_Central_Terminal,260911,3,commons/Main_Concourse_(Grand_Central_Terminal)/0/pictures/MTA_To_Lift_Bike_Permit_Requirement_on_Commuter_Railroads_(51373728891).jpg
Grand_Central_Terminal,260911,3,commons/Black_Lives_Matter_at_Grand_Central_Terminal/0/pictures/-BlackLivesMatter-Happy_New_Years_action-I_CAN'T_BREATHE-SING_IN_@_Grand_Central_Station_(15982610238).jpg
Grand_Central_Terminal,260911,3,commons/Grand_Central_Terminal_in_2021/0/pictures/MTA_‘Mask_Force_X’_Distributes_Reusable_Masks_in_Honor_of_Earth_Day_(51130835737).jpg
Grand_Central_Terminal,260911,3,"commons/Artistic_photographs_of_Main_Concourse_(Grand_Central_Terminal)/0/pictures/Grand_Central_Terminal,_New_York_City_(24031927426).jpg"
Grand_Central_Terminal,260911,3,commons/Main_Concourse_(Grand_Central_Terminal)/0/pictures/Grand_Central_Station_4_(4684780106).jpg
Grand_Central_Terminal,260911,3,commons/Grand_Central_Terminal_in_2014/0/pictures/NYC_Grand_Central_3.JPG
Grand_Central_Terminal,260911,3,commons/Main_Concourse_(Grand_Central_Terminal)/0/pictures/MTA_To_Lift_Bike_Permit_Requirement_on_Commuter_Railroads_(51373728941).jpg
Grand_Central_Terminal,260911,3,commons/Black_Lives_Matter_at_Grand_Central_Terminal/0/pictures/-BlackLivesMatter-Happy_New_Years_action-I_CAN'T_BREATHE-SING_IN_@_Grand_Central_Station_(15982613248).jpg
Grand_Central_Terminal,260911,3,commons/Main_Concourse_(Grand_Central_Terminal)/0/pictures/NYPA_Earth_Day_Event_at_Grand_Central_Terminal_(17037094700).jpg
Grand_Central_Terminal,260911,3,commons/Black_Lives_Matter_at_Grand_Central_Terminal/0/pictures/-BlackLivesMatter-Happy_New_Years_action-I_CAN'T_BREATHE-SING_IN_@_Grand_Central_Station_(15982593528).jpg
Grand_Central_Terminal,260911,3,commons/Main_Concourse_(Grand_Central_Terminal)/0/pictures/MTA_Moving_Forward_on_Two-Year_Anniversary_of_Start_of_Pandemic_in_New_York_(51942333678).jpg
Grand_Central_Terminal,260911,3,commons/Historical_views_of_Main_Concourse_(Grand_Central_Terminal)/0/pictures/Redstone_in_Grand_Central_Station_July_7_1957.jpg
Grand_Central_Terminal,260911,3,commons/Black_Lives_Matter_at_Grand_Central_Terminal/0/pictures/-BlackLivesMatter-Happy_New_Years_action-I_CAN'T_BREATHE-SING_IN_@_Grand_Central_Station_(15982602748).jpg
Grand_Central_Terminal,260911,3,commons/Grand_Central_Terminal_in_2021/0/pictures/MTA_‘Mask_Force_X’_Distributes_Reusable_Masks_in_Honor_of_Earth_Day_(51131511561).jpg
Grand_Central_Terminal,260911,3,commons/Grand_Central_Terminal_in_2009/0/pictures/Newyork_grandcentralterminal.jpg
Grand_Central_Terminal,260911,3,commons/Main_Concourse_(Grand_Central_Terminal)/0/pictures/MTA_To_Lift_Bike_Permit_Requirement_on_Commuter_Railroads_(51374462299).jpg
Grand_Central_Terminal,260911,3,commons/Grand_Central_Terminal_in_2012/0/pictures/New_York_-_Grand_Central_Terminal_-_panoramio.jpg
Grand_Central_Terminal,260911,3,"commons/Main_Concourse_(Grand_Central_Terminal)/0/pictures/New_York_City,_May_2014_-_089.JPG"
Grand_Central_Terminal,260911,3,commons/Black_Lives_Matter_at_Grand_Central_Terminal/0/pictures/-BlackLivesMatter-Happy_New_Years_action-I_CAN'T_BREATHE-SING_IN_@_Grand_Central_Station_(15984249877).jpg
Grand_Central_Terminal,260911,3,commons/Main_Concourse_(Grand_Central_Terminal)/0/pictures/Grand_Central_Terminal_287.JPG
Grand_Central_Terminal,260911,3,commons/Grand_Central_Terminal_in_2015/0/pictures/NYPA_Earth_Day_Event_at_Grand_Central_Terminal_(17037094360).jpg
Grand_Central_Terminal,260911,3,commons/Black_Lives_Matter_at_Grand_Central_Terminal/0/pictures/-BlackLivesMatter-Happy_New_Years_action-I_CAN'T_BREATHE-SING_IN_@_Grand_Central_Station_(15982619318).jpg
Grand_Central_Terminal,260911,3,commons/Artistic_photographs_of_Main_Concourse_(Grand_Central_Terminal)/0/pictures/Grand-central_3x2_800w_02.jpg
Grand_Central_Terminal,260911,3,commons/Main_Concourse_(Grand_Central_Terminal)/0/pictures/Metro-North_Railroad_Announces_Service_Increase_in_June_21_Timetables_(51247284873).jpg
Grand_Central_Terminal,260911,3,commons/Main_Concourse_(Grand_Central_Terminal)/0/pictures/New_York_National_Guard_at_Grand_Central_Station.png
Grand_Central_Terminal,260911,3,commons/Grand_Central_Terminal_and_the_COVID-19_pandemic/0/pictures/Grand_Central_Terminal_(51214194734).jpg
Grand_Central_Terminal,260911,3,commons/Grand_Central_Terminal_in_2021/0/pictures/MTA_‘Mask_Force_X’_Distributes_Reusable_Masks_in_Honor_of_Earth_Day_(51132288179).jpg
Grand_Central_Terminal,260911,3,commons/Artistic_photographs_of_Main_Concourse_(Grand_Central_Terminal)/0/pictures/Karel_GrandCental_nb10023.jpg
Grand_Central_Terminal,260911,3,commons/Main_Concourse_(Grand_Central_Terminal)/0/pictures/Grand_Central_Terminal_(51214194734).jpg
Grand_Central_Terminal,260911,3,commons/Grand_Central_Terminal_in_2014/0/pictures/New_York_-_panoramio_(173).jpg
Grand_Central_Terminal,260911,3,commons/Main_Concourse_(Grand_Central_Terminal)/0/pictures/MTA_Moving_Forward_on_Two-Year_Anniversary_of_Start_of_Pandemic_in_New_York_(51942572484).jpg
Grand_Central_Terminal,260911,3,commons/Main_Concourse_(Grand_Central_Terminal)/0/pictures/New_York_City_am_19.4.2014_19.jpg
Grand_Central_Terminal,260911,3,commons/Grand_Central_Terminal_and_the_COVID-19_pandemic/0/pictures/Grand_Central_Terminal_-_Flickr_-_beltz6.jpg
Grand_Central_Terminal,260911,3,commons/Black_Lives_Matter_at_Grand_Central_Terminal/0/pictures/-BlackLivesMatter-Happy_New_Years_action-I_CAN'T_BREATHE-SING_IN_@_Grand_Central_Station_(15982717530).jpg
Grand_Central_Terminal,260911,3,commons/Grand_Central_Terminal_Centennial/0/pictures/Caroline_Kennedy_-_Grand_Central_Terminal_100_Years_(1).jpg
Grand_Central_Terminal,260911,3,commons/Main_Concourse_(Grand_Central_Terminal)/0/pictures/Metro-North_Railroad_Announces_Service_Increase_in_June_21_Timetables_(51247844189).jpg
Grand_Central_Terminal,260911,3,commons/Main_Concourse_(Grand_Central_Terminal)/0/pictures/Nueva_York7108.JPG
Grand_Central_Terminal,260911,3,commons/Grand_Central_Terminal_in_2018/0/pictures/Manhattan_-_Grand_Central_Terminal_-_20180821112609.jpg
Grand_Central_Terminal,260911,3,commons/Grand_Central_Terminal_and_the_COVID-19_pandemic/0/pictures/Life_in_the_time_of_Covid_(50323434437).jpg
Grand_Central_Terminal,260911,3,commons/Grand_Central_Terminal_in_2021/0/pictures/MTA_‘Mask_Force_X’_Distributes_Reusable_Masks_in_Honor_of_Earth_Day_(51130835797).jpg
Grand_Central_Terminal,260911,3,commons/Artistic_photographs_of_Main_Concourse_(Grand_Central_Terminal)/0/pictures/Traffic_in_Grand_Central_Terminal_(5903676176).jpg
Grand_Central_Terminal,260911,3,commons/Grand_Central_Terminal_in_2007/0/pictures/NYC_CentralStation_amk.jpg
Grand_Central_Terminal,260911,3,commons/Main_Concourse_(Grand_Central_Terminal)/0/pictures/Grand_Central_Station_Main_Concourse_Rectilinear_projection_Jan_2006.jpg
Grand_Central_Terminal,260911,3,commons/Grand_Central_Terminal_in_2014/0/pictures/New_York_-_panoramio_(175).jpg
Grand_Central_Terminal,260911,3,commons/Grand_Central_Terminal_in_2012/0/pictures/Subway_Time_(8319191062).jpg
Grand_Central_Terminal,260911,3,commons/Main_Concourse_(Grand_Central_Terminal)/0/pictures/Interior_of_Grand_Central_Station_-_Manhattan_-_New_York_City_-_USA_-_02_(24914573462).jpg
Grand_Central_Terminal,260911,3,commons/Grand_Central_Terminal_Centennial/0/pictures/100Years_6030_(8436749428).jpg
Grand_Central_Terminal,260911,3,commons/Grand_Central_Terminal_in_2011/0/pictures/Grand_Central_Terminal_279.JPG
Grand_Central_Terminal,260911,3,commons/Main_Concourse_(Grand_Central_Terminal)/0/pictures/MTA_Moving_Forward_on_Two-Year_Anniversary_of_Start_of_Pandemic_in_New_York_(51942333598).jpg
Grand_Central_Terminal,260911,3,commons/Grand_Central_Terminal_Centennial/0/pictures/100Years_6079_(8435664925).jpg
Grand_Central_Terminal,260911,3,commons/Grand_Central_Terminal_in_2011/0/pictures/Grand_Central_Terminal_285.JPG
Grand_Central_Terminal,260911,3,"commons/Grand_Central_Terminal_in_the_2000s/0/pictures/Grand_Central_Terminal_and_Vanderbilt_Hall_Christmas_Market,_New_York_(4164285120).jpg"
Grand_Central_Terminal,260911,3,commons/Main_Concourse_(Grand_Central_Terminal)/0/pictures/MTA_To_Lift_Bike_Permit_Requirement_on_Commuter_Railroads_(51372969152).jpg
Grand_Central_Terminal,260911,3,commons/Grand_Central_Terminal_Centennial/0/pictures/100Years_6328_(8435664349).jpg
Grand_Central_Terminal,260911,3,commons/Main_Concourse_(Grand_Central_Terminal)/0/pictures/Metro-North_Railroad_Announces_Service_Increase_in_June_21_Timetables_(51247844239).jpg
Grand_Central_Terminal,260911,3,commons/Grand_Central_Terminal_Centennial/0/pictures/Caroline_Kennedy_-_Grand_Central_Terminal_100_Years_(2).jpg
Grand_Central_Terminal,260911,3,commons/Grand_Central_Terminal_in_2011/0/pictures/NYC_2012_IMG_3088_(5503653464).jpg
Grand_Central_Terminal,260911,3,commons/Grand_Central_Terminal_Centennial/0/pictures/Caroline_Kennedy_-_Grand_Central_Terminal_100_Years_(3).jpg
Grand_Central_Terminal,260911,3,"commons/Main_Concourse_(Grand_Central_Terminal)/0/pictures/Main_Concourse,_Grand_Central_Terminal,_New_York_City,_NY_-_48046451113.jpg"
Grand_Central_Terminal,260911,3,commons/Grand_Central_Terminal_Centennial/0/pictures/Cynthia_Nixon_-_Grand_Central_Terminal_100_Years_(cropped).jpg
Grand_Central_Terminal,260911,3,commons/Grand_Central_Terminal_in_2011/0/pictures/NYC_2012_IMG_3090_(5503655664).jpg
Grand_Central_Terminal,260911,3,commons/Grand_Central_Terminal_Centennial/0/pictures/Gct_(8436132211).jpg
Grand_Central_Terminal,260911,3,commons/Grand_Central_Terminal_Centennial/0/pictures/Gct_(8436132295).jpg
Grand_Central_Terminal,260911,3,commons/Grand_Central_Terminal_rays_of_light_photographs/0/pictures/Grand_Central_light_rays.jpg
Grand_Central_Terminal,260911,3,commons/Main_Concourse_(Grand_Central_Terminal)/0/pictures/NYC_Grand_Central_2.JPG
Grand_Central_Terminal,260911,3,commons/Grand_Central_Terminal_Centennial/0/pictures/Gct_(8437215314).jpg
Grand_Central_Terminal,260911,3,commons/Main_Concourse_(Grand_Central_Terminal)/0/pictures/NYC_Grand_Central_1.JPG
Grand_Central_Terminal,260911,3,commons/Grand_Central_Terminal_Centennial/0/pictures/Grand_Central_Terminal_Centennial_-_Night_(8437355169).jpg
Grand_Central_Terminal,260911,3,commons/Main_Concourse_(Grand_Central_Terminal)/0/pictures/New_York_(11599727923).jpg
Grand_Central_Terminal,260911,3,commons/Grand_Central_Terminal_Centennial/0/pictures/Grand_Central_Terminal_Centennial_-_Night_(8438438818).jpg
Grand_Central_Terminal,260911,3,commons/Grand_Central_Terminal_in_2012/0/pictures/Grand_Central_Clock_(8036487923).jpg
Grand_Central_Terminal,260911,3,commons/Main_Concourse_(Grand_Central_Terminal)/0/pictures/New_York_(11600279956).jpg
Grand_Central_Terminal,260911,3,commons/Grand_Central_Terminal_Centennial/0/pictures/Interior_of_Grand_Central_Station_-_New_York_City_-_New_York_-_USA_-_02_(10389286816).jpg
Grand_Central_Terminal,260911,3,commons/Main_Concourse_(Grand_Central_Terminal)/0/pictures/New_York_Grand_Central_Terminal.JPG
Grand_Central_Terminal,260911,3,"commons/Grand_Central_Terminal_Centennial/0/pictures/Midtown_East,_New_York,_NY,_USA_-_panoramio_(5).jpg"
Grand_Central_Terminal,260911,3,commons/Grand_Central_Terminal_in_2012/0/pictures/Metropolitan_Transportation_Authority_(New_York)-_016_(8133423037).jpg
Grand_Central_Terminal,260911,3,commons/Main_Concourse_(Grand_Central_Terminal)/0/pictures/New_York_City_am_19.4.2014_18.jpg
Grand_Central_Terminal,260911,3,"commons/Grand_Central_Terminal_Centennial/0/pictures/Midtown_East,_New_York,_NY,_USA_-_panoramio_(6).jpg"
Grand_Central_Terminal,260911,3,commons/Grand_Central_Terminal_in_2022/0/pictures/MTA_Moving_Forward_on_Two-Year_Anniversary_of_Start_of_Pandemic_in_New_York_(51941259812).jpg
Grand_Central_Terminal,260911,3,commons/Grand_Central_Terminal_in_2012/0/pictures/Grand_Central_Window_(8036485829).jpg
Grand_Central_Terminal,260911,3,commons/Main_Concourse_(Grand_Central_Terminal)/0/pictures/New_York_(11599655033).jpg
Grand_Central_Terminal,260911,3,commons/Grand_Central_Terminal_Centennial/0/pictures/Sarah_Charness_-_Grand_Central_Terminal_100_Years_(1).jpg
Grand_Central_Terminal,260911,3,commons/Main_Concourse_(Grand_Central_Terminal)/0/pictures/New_York_(11599850684).jpg
Grand_Central_Terminal,260911,3,commons/Grand_Central_Terminal_Centennial/0/pictures/Sarah_Charness_-_Grand_Central_Terminal_100_Years_(3).jpg
Grand_Central_Terminal,260911,3,commons/Main_Concourse_(Grand_Central_Terminal)/0/pictures/New_York_(3936191085).jpg
Grand_Central_Terminal,260911,3,commons/Grand_Central_Terminal_and_the_COVID-19_pandemic/0/pictures/GCT_information_booth.jpg
Grand_Central_Terminal,260911,3,commons/Grand_Central_Terminal_in_2018/0/pictures/One_Brick_Grand_Central_Terminal_(45697835401).jpg
Grand_Central_Terminal,260911,3,commons/Grand_Central_Terminal_and_the_COVID-19_pandemic/0/pictures/MTA_‘Mask_Force_X’_Distributes_Reusable_Masks_in_Honor_of_Earth_Day_(51130835797).jpg
Grand_Central_Terminal,260911,3,commons/Main_Concourse_(Grand_Central_Terminal)/0/pictures/New_York_City_016_-_Grand_Central_Station.jpg
Grand_Central_Terminal,260911,3,commons/Grand_Central_Terminal_in_2018/0/pictures/The_Clock_at_Grand_Central_Terminal.jpg
Grand_Central_Terminal,260911,3,commons/Grand_Central_Terminal_and_the_COVID-19_pandemic/0/pictures/MTA_‘Mask_Force_X’_Distributes_Reusable_Masks_in_Honor_of_Earth_Day_(51131511561).jpg
Grand_Central_Terminal,260911,3,commons/Main_Concourse_(Grand_Central_Terminal)/0/pictures/New_York_Grand_Central_Terminal_June_2013_-_7_(9153407636).jpg
Grand_Central_Terminal,260911,3,commons/Grand_Central_Terminal_and_the_COVID-19_pandemic/0/pictures/MTA_‘Mask_Force_X’_Distributes_Reusable_Masks_in_Honor_of_Earth_Day_(51131722848).jpg
Grand_Central_Terminal,260911,3,commons/Main_Concourse_(Grand_Central_Terminal)/0/pictures/New_York_City_am_19.4.2014_17.jpg
Grand_Central_Terminal,260911,3,commons/Grand_Central_Terminal_and_the_COVID-19_pandemic/0/pictures/MTA_‘Mask_Force_X’_Distributes_Reusable_Masks_in_Honor_of_Earth_Day_(51132288179).jpg
Grand_Central_Terminal,260911,3,commons/Main_Concourse_(Grand_Central_Terminal)/0/pictures/TrainTime_App_(52292670028).jpg
Grand_Central_Terminal,260911,3,commons/Grand_Central_Terminal_special_events/0/pictures/MTA_To_Lift_Bike_Permit_Requirement_on_Commuter_Railroads_(51374462334).jpg
Grand_Central_Terminal,260911,3,commons/Grand_Central_Terminal_at_night/0/pictures/Christmas_In_The_Grand_Central_Terminal_(200281713).jpeg
Grand_Central_Terminal,260911,3,commons/Grand_Central_Terminal_at_night/0/pictures/Grand_Central_Terminal_Centennial_-_Night_(8437353843).jpg
Grand_Central_Terminal,260911,3,"commons/Main_Concourse_(Grand_Central_Terminal)_ceiling/0/pictures/Ceiling,_Main_Concourse,_Grand_Central_Terminal,_New_York_City,_NY_01.jpg"
Grand_Central_Terminal,260911,3,commons/Grand_Central_Terminal_special_events/0/pictures/Presser-_Cardiac_Save_at_Grand_Central_(16241925360).jpg
Grand_Central_Terminal,260911,3,commons/Grand_Central_Terminal_at_night/0/pictures/Grand_Central_Terminal_Centennial_-_Night_(8438438818).jpg
Grand_Central_Terminal,260911,3,commons/Grand_Central_Terminal_special_events/0/pictures/Subway_Time_(8319191062).jpg
Grand_Central_Terminal,260911,3,commons/Main_Concourse_(Grand_Central_Terminal)_ceiling/0/pictures/GCT_Cancer_crab.jpg
Grand_Central_Terminal,260911,3,commons/Grand_Central_Terminal_at_night/0/pictures/Grand_Central_Terminal_in_New_York_City_2020.jpg
Grand_Central_Terminal,260911,3,commons/Grand_Central_Terminal_in_2013/0/pictures/Grand_Central_Photo_NY_County_NY.JPG
Grand_Central_Terminal,260911,3,commons/Main_Concourse_(Grand_Central_Terminal)_ceiling/0/pictures/GCT_ceiling_West_jeh.jpg
Grand_Central_Terminal,260911,3,commons/Grand_Central_Terminal_at_night/0/pictures/Grand_Central_Terminal_information_desk_at_night.gk.jpg
Grand_Central_Terminal,260911,3,commons/Grand_Central_Terminal_ticket_windows/0/pictures/Grand_Central_Board.jpg
Grand_Central_Terminal,260911,3,commons/Grand_Central_Terminal_in_2019/0/pictures/Grand_Central_Terminal_54.jpg
Grand_Central_Terminal,260911,3,commons/Grand_Central_Terminal_at_night/0/pictures/Часы_Центральный_вокзал_Нью-Йорка.jpg
Grand_Central_Terminal,260911,3,commons/Main_Concourse_(Grand_Central_Terminal)_ceiling/0/pictures/GrandCtrlTermNYC4.jpg
Grand_Central_Terminal,260911,3,commons/Grand_Central_Terminal_departure_boards/0/pictures/2007_New_York_City_Grand_Central_Terminal.jpg
Grand_Central_Terminal,260911,3,commons/Grand_Central_Terminal_in_2013/0/pictures/New_York_Grand_Central_Terminal_June_2013_-_7_(9153407636).jpg
Grand_Central_Terminal,260911,3,commons/Grand_Central_Terminal_ticket_windows/0/pictures/Metropolitan_Transportation_Authority_(New_York)-_016_(8133423037).jpg
Grand_Central_Terminal,260911,3,commons/Grand_Central_Terminal_in_2019/0/pictures/Grand_Central_Terminal_62.jpg
Grand_Central_Terminal,260911,3,commons/Grand_Central_Terminal_departure_boards/0/pictures/500px_photo_(203162609).jpeg
Grand_Central_Terminal,260911,3,commons/Main_Concourse_(Grand_Central_Terminal)/0/pictures/20080720_china_town-_noho-_bryant_park-grand_central_station-bubba_gump_0327.jpg
Grand_Central_Terminal,260911,3,commons/Grand_Central_Terminal_in_2013/0/pictures/New_York_(11600279956).jpg
Grand_Central_Terminal,260911,3,commons/Main_Concourse_(Grand_Central_Terminal)_clock/0/pictures/Catherine_Rinaldi_to_Serve_as_Interim_President_of_MTA_Long_Island_Rail_Road_(51873036702).jpg
Grand_Central_Terminal,260911,3,commons/Grand_Central_Terminal_departure_boards/0/pictures/500px_photo_(203162587).jpeg
Grand_Central_Terminal,260911,3,commons/Main_Concourse_(Grand_Central_Terminal)/0/pictures/2019_GCT_Main_Concourse_from_Apple_Store.agr.jpg
Grand_Central_Terminal,260911,3,commons/Grand_Central_Terminal_in_2013/0/pictures/New_York_Grand_Central_Terminal_June_2013_-_6_(9153406202).jpg
Grand_Central_Terminal,260911,3,commons/Main_Concourse_(Grand_Central_Terminal)_ceiling/0/pictures/New_York_-_panoramio_(173).jpg
Grand_Central_Terminal,260911,3,commons/Grand_Central_Terminal_ticket_windows/0/pictures/New_York_Grand_Central_Terminal_June_2013_-_6_(9153406202).jpg
Grand_Central_Terminal,260911,3,commons/Grand_Central_Terminal_departure_boards/0/pictures/At_New_York_City_2023_011.jpg
Grand_Central_Terminal,260911,3,commons/Grand_Central_Terminal_in_2013/0/pictures/New_York_(11599655033).jpg
Grand_Central_Terminal,260911,3,commons/Main_Concourse_(Grand_Central_Terminal)_clock/0/pictures/Clock_In_Grand_Central_Station_(116533739).jpeg
Grand_Central_Terminal,260911,3,commons/Grand_Central_Terminal_departure_boards/0/pictures/At_New_York_City_2023_012.jpg
Grand_Central_Terminal,260911,3,commons/Grand_Central_Terminal_in_2019/0/pictures/Grand_Central_Terminal_68.jpg
Grand_Central_Terminal,260911,3,commons/Grand_Central_Terminal_departure_boards/0/pictures/Blizzard_of_2015-_Empty_Grand_Central_Terminal_(16191192448).jpg
Grand_Central_Terminal,260911,3,commons/Grand_Central_Terminal_departure_boards/0/pictures/CombinedGCS_(31298612281).jpg
Grand_Central_Terminal,260911,3,commons/Grand_Central_Terminal_departure_boards/0/pictures/Christmas_In_The_Grand_Central_Terminal_(200281713).jpeg
Grand_Central_Terminal,260911,3,commons/Grand_Central_Terminal_departure_boards/0/pictures/Blizzard_of_2015-_Empty_Grand_Central_Terminal_(16192938517).jpg
Grand_Central_Terminal,260911,3,commons/Grand_Central_Terminal_departure_boards/0/pictures/GCT_1996_board.jpg
Grand_Central_Terminal,260911,3,"commons/Grand_Central_Terminal_in_2019/0/pictures/Main_Concourse,_Grand_Central_Terminal,_New_York_City,_NY.jpg"
Grand_Central_Terminal,260911,3,commons/Grand_Central_Terminal_departure_boards/0/pictures/Grand_Central_6-21_04a.jpg
Grand_Central_Terminal,260911,3,"commons/Grand_Central_Terminal_in_2019/0/pictures/NYC,_Grand_Central,_USA_Flag.jpg"
Grand_Central_Terminal,260911,3,commons/Grand_Central_Terminal_departure_boards/0/pictures/Grand_Central_(29489995815).jpg
Grand_Central_Terminal,260911,3,commons/Grand_Central_Terminal_in_2019/0/pictures/New_Electronic_Departure_Boards_At_Grand_Central_Terminal.jpg
Grand_Central_Terminal,260911,3,commons/Main_Concourse_(Grand_Central_Terminal)_clock/0/pictures/Samsebeskazal-02086.jpg
Grand_Central_Terminal,260911,3,commons/Grand_Central_Terminal_departure_boards/0/pictures/Grand_Central_6-21_07.jpg
Grand_Central_Terminal,260911,3,commons/Main_Concourse_(Grand_Central_Terminal)/0/pictures/Crowded_Grand_Central_Terminal.jpg
Grand_Central_Terminal,260911,3,commons/Grand_Central_Terminal_in_2014/0/pictures/Grand_(15554186808).jpg
Grand_Central_Terminal,260911,3,commons/Grand_Central_Terminal_departure_boards/0/pictures/Grand_Central_6-21_06.jpg
Grand_Central_Terminal,260911,3,commons/Grand_Central_Terminal_departure_boards/0/pictures/Grand_Central_6-21_04.jpg
Grand_Central_Terminal,260911,3,commons/Grand_Central_Terminal_departure_boards/0/pictures/Grand_Central_Board.jpg
Grand_Central_Terminal,260911,3,commons/Main_Concourse_(Grand_Central_Terminal)_clock/0/pictures/Grand_Central_Terminal_Clock_-_panoramio_(1).jpg
Grand_Central_Terminal,260911,3,commons/Grand_Central_Terminal_departure_boards/0/pictures/Grand_Central_Station_(2110727021).jpg
Grand_Central_Terminal,260911,3,commons/Grand_Central_Terminal_departure_boards/0/pictures/Grand_Central_Station_(2110732145).jpg
Grand_Central_Terminal,260911,3,commons/Grand_Central_Terminal_departure_boards/0/pictures/Grand_Central_Station_(898190856).jpg
Grand_Central_Terminal,260911,3,commons/Main_Concourse_(Grand_Central_Terminal)_information_booth/0/pictures/GCT_Info_Booth_3.jpg
Grand_Central_Terminal,260911,3,commons/Grand_Central_Terminal_departure_boards/0/pictures/Grand_Central_Station_2_(4684776348).jpg
Grand_Central_Terminal,260911,3,commons/Grand_Central_Terminal_in_2020/0/pictures/Grand_Central_(49400645946).jpg
Grand_Central_Terminal,260911,3,commons/Main_Concourse_(Grand_Central_Terminal)_information_booth/0/pictures/GCT_Info_Booth.jpg
Grand_Central_Terminal,260911,3,commons/Grand_Central_Terminal_departure_boards/0/pictures/Grand_Central_Terminal_-_New_York_USA_-_panoramio_(2).jpg
Grand_Central_Terminal,260911,3,commons/Grand_Central_–_42nd_Street_(New_York_City_Subway)/0/pictures/Grand_Central_42nd_Street_Station_Sign.jpg
Grand_Central_Terminal,260911,3,commons/Grand_Central_Terminal_in_2020/0/pictures/Grand_Central_(49400847602).jpg
Grand_Central_Terminal,260911,3,commons/Main_Concourse_(Grand_Central_Terminal)_information_booth/0/pictures/GCT_Main_Concourse_2.jpg
Grand_Central_Terminal,260911,3,commons/Grand_Central_Terminal_departure_boards/0/pictures/Grand_Central_Terminal_Empty.jpg
Grand_Central_Terminal,260911,3,"commons/Grand_Central_Terminal_departure_boards/0/pictures/Grand_Central_Terminal,_New_York_2017_29.jpg"
Grand_Central_Terminal,260911,3,commons/Grand_Central_Terminal_departure_boards/0/pictures/Grand_Central_Terminal_inside.jpg
Grand_Central_Terminal,260911,3,commons/Grand_Central_Terminal_in_2020/0/pictures/Grand_Central_(49400848077).jpg
Grand_Central_Terminal,260911,3,commons/Main_Concourse_(Grand_Central_Terminal)_clock/0/pictures/Kishen's_Lensography_2.jpg
Grand_Central_Terminal,260911,3,commons/Grand_Central_Terminal_departure_boards/0/pictures/Harlem_Line_Train_Departures_Grand_Central.JPG
Grand_Central_Terminal,260911,3,commons/Main_Concourse_(Grand_Central_Terminal)_clock/0/pictures/The_Grand_Central_Terminal_interior_detail_02.jpg
Grand_Central_Terminal,260911,3,commons/Grand_Central_Terminal_departure_boards/0/pictures/GrandCtrlTermNYC9.jpg
Grand_Central_Terminal,260911,3,commons/Main_Concourse_(Grand_Central_Terminal)_information_booth/0/pictures/MTA_To_Lift_Bike_Permit_Requirement_on_Commuter_Railroads_(51374462349).jpg
Grand_Central_Terminal,260911,3,"commons/Grand_Central_Terminal_departure_boards/0/pictures/Grand_Central_Terminal,_NYC_1_12_18_-grandcentralterminal_-betransported_(26605552198).jpg"
Grand_Central_Terminal,260911,3,commons/Main_Concourse_(Grand_Central_Terminal)_clock/0/pictures/Grand_Central_Terminal_70.jpg
Grand_Central_Terminal,260911,3,commons/Grand_Central_Terminal_departure_boards/0/pictures/Manhattan_-_Grand_Central_Terminal_-_20180821112609.jpg
Grand_Central_Terminal,260911,3,commons/Grand_Central_Terminal_in_2020/0/pictures/Grand_Central_Terminal_63.jpg
Grand_Central_Terminal,260911,3,commons/Main_Concourse_(Grand_Central_Terminal)_clock/0/pictures/Часы_Центральный_вокзал_Нью-Йорка.jpg
Grand_Central_Terminal,260911,3,commons/Grand_Central_Terminal_departure_boards/0/pictures/Metro-North_Advances_CSI_Project_(50723235316).jpg
Grand_Central_Terminal,260911,3,commons/Main_Concourse_(Grand_Central_Terminal)_clock/0/pictures/Oonee_Bike_Storage_Pod_Pilot_(51874281389).jpg
Grand_Central_Terminal,260911,3,commons/Grand_Central_Terminal_departure_boards/0/pictures/Interior_of_Grand_Central_Station_with_Sign_for_Harlem_Line_Departures_-_New_York_City_-_New_York_-_USA_(10389237764).jpg
Grand_Central_Terminal,260911,3,commons/Main_Concourse_(Grand_Central_Terminal)_information_booth/0/pictures/GCT_information_booth.jpg
Grand_Central_Terminal,260911,3,commons/Grand_Central_Terminal_departure_boards/0/pictures/Mirando_-_panoramio.jpg
Grand_Central_Terminal,260911,3,commons/Main_Concourse_(Grand_Central_Terminal)_information_booth/0/pictures/Grand_Central_Terminal_50.jpg
Grand_Central_Terminal,260911,3,commons/Grand_Central_Terminal_departure_boards/0/pictures/Metropolitan_Transportation_Authority_(New_York)-_012_(8133423439).jpg
Grand_Central_Terminal,260911,3,commons/Grand_Central_Terminal_departure_boards/0/pictures/New_Electronic_Departure_Boards_At_Grand_Central_Terminal.jpg
Grand_Central_Terminal,260911,3,commons/Grand_Central_Terminal_departure_boards/0/pictures/Metropolitan_Transportation_Authority_(New_York)-_016_(8133423037).jpg
Grand_Central_Terminal,260911,3,commons/Main_Concourse_(Grand_Central_Terminal)_information_booth/0/pictures/MTA_To_Lift_Bike_Permit_Requirement_on_Commuter_Railroads_(51374462314).jpg
Grand_Central_Terminal,260911,3,commons/Grand_Central_Terminal_departure_boards/0/pictures/Metropolitan_Transportation_Authority_(New_York)-_014_(8133423125).jpg
Grand_Central_Terminal,260911,3,commons/Main_Concourse_(Grand_Central_Terminal)/0/pictures/Grand_Central_(28867398003).jpg
Grand_Central_Terminal,260911,3,commons/Grand_Central_Terminal_in_2014/0/pictures/Grand_Central_Terminal_Main_Concourse_May_2014_-_2.jpg
Grand_Central_Terminal,260911,3,"commons/Grand_Central_Terminal_departure_boards/0/pictures/New_York_City,_Manhattan,_Midtown_East_-_Grand_Central_Terminal,_Main_Concourse.1903_-_5461074938.jpg"
Grand_Central_Terminal,260911,3,commons/Main_Concourse_(Grand_Central_Terminal)_information_booth/0/pictures/MTA_To_Lift_Bike_Permit_Requirement_on_Commuter_Railroads_(51374462374).jpg
Grand_Central_Terminal,260911,3,commons/Grand_Central_Terminal_departure_boards/0/pictures/New_York_Grand_Central_Terminal_June_2013_-_6_(9153406202).jpg
Grand_Central_Terminal,260911,3,commons/Main_Concourse_(Grand_Central_Terminal)_information_booth/0/pictures/Metro-North_Railroad_Announces_Service_Increase_in_June_21_Timetables_(51247284888).jpg
Grand_Central_Terminal,260911,3,commons/Grand_Central_Terminal_departure_boards/0/pictures/NYC_Grand_Central_1.JPG
Grand_Central_Terminal,260911,3,commons/Grand_Central_Terminal_departure_boards/0/pictures/Samsebeskazal-02140.jpg
Grand_Central_Terminal,260911,3,commons/Main_Concourse_(Grand_Central_Terminal)/0/pictures/GCT_west_windows.jpg
Grand_Central_Terminal,260911,3,commons/Grand_Central_Terminal_in_2014/0/pictures/Grand_Central_Terminal_-_New_York_USA_-_panoramio.jpg
Grand_Central_Terminal,260911,3,commons/Main_Concourse_(Grand_Central_Terminal)_panoramas/0/pictures/Grand_Central_Hauptbahnhof_in_New_York_(26561066921).jpg
Grand_Central_Terminal,260911,3,commons/Grand_Central_Terminal_departure_boards/0/pictures/USA-NYC-Grand_Central_Terminalp0.JPG
Grand_Central_Terminal,260911,3,commons/Grand_Central_Terminal_in_2014/0/pictures/Grand_Central_Terminal_Main_Concourse_May_2014.jpg
Grand_Central_Terminal,260911,3,commons/Main_Concourse_(Grand_Central_Terminal)_panoramas/0/pictures/Grand_Central_Station_-_panoramio_(1).jpg
Grand_Central_Terminal,260911,3,commons/Grand_Central_Terminal_departure_boards/0/pictures/Solari_board.jpg
Grand_Central_Terminal,260911,3,commons/Main_Concourse_(Grand_Central_Terminal)/0/pictures/Gct_(8437213456).jpg
Grand_Central_Terminal,260911,3,commons/Grand_Central_Terminal_in_2014/0/pictures/Inside_Grand_Central.JPG
Grand_Central_Terminal,260911,3,commons/Grand_Central_Terminal_departure_boards/0/pictures/Trains_Boarding_at_Grand_Central_in_New_York.JPG
Grand_Central_Terminal,260911,3,commons/Main_Concourse_(Grand_Central_Terminal)_panoramas/0/pictures/Grand_Central_Terminal_(3045303147).jpg
Grand_Central_Terminal,260911,3,commons/Grand_Central_Terminal_departure_boards/0/pictures/USA-NYC-Grand_Central_Terminal2.JPG
Grand_Central_Terminal,260911,3,commons/Main_Concourse_(Grand_Central_Terminal)_panoramas/0/pictures/New_York_-_Grand_Central_Terminal_-_panoramio.jpg
Grand_Central_Terminal,260911,3,commons/Grand_Central_Terminal_in_2007/0/pictures/Cancer_Crab_Grand_Central_by_David_Shankbone.jpg
Grand_Central_Terminal,260911,3,commons/Main_Concourse_(Grand_Central_Terminal)_panoramas/0/pictures/Panorama_of_Interior_of_Grand_Central_Station_-_New_York_City_-_New_York_-_USA_-_01_(10389387093).jpg
Grand_Central_Terminal,260911,3,commons/Grand_Central_Terminal_in_1923/0/pictures/Grand_Central_light_rays.jpg
Grand_Central_Terminal,260911,3,commons/Grand_Central_Terminal_in_2004/0/pictures/Historical_Photos_of_Grand_Central_Terminal_(52663741881).jpg
Grand_Central_Terminal,260911,3,commons/Main_Concourse_(Grand_Central_Terminal)_panoramas/0/pictures/Panorama_of_the_Hall_of_Grand_Central_Terminal.jpg
Grand_Central_Terminal,260911,3,commons/Grand_Central_Terminal_in_2004/0/pictures/Karel_GrandCental_nb10023.jpg
Grand_Central_Terminal,260911,3,commons/Grand_Central_Terminal_in_2007/0/pictures/Grand_Central_Station_(2110727021).jpg
Grand_Central_Terminal,260911,3,commons/Grand_Central_Terminal_in_2007/0/pictures/Historical_Photos_of_Grand_Central_Terminal_(52663742381).jpg
Grand_Central_Terminal,260911,3,commons/Grand_Central_Terminal_in_2007/0/pictures/Nueva_York7108.JPG
Grand_Central_Terminal,260911,3,commons/Grand_Central_Terminal_in_2021/0/pictures/Grand_Central_Terminal_Interior_December_2021_001.jpg
Grand_Central_Terminal,260911,3,commons/Grand_Central_Terminal_in_2008/0/pictures/NYC_Grand_Central_Terminal_ceiling.jpg
Grand_Central_Terminal,260911,3,commons/Grand_Central_Terminal_in_2021/0/pictures/Grand_Central_Terminal_Interior.jpg
Grand_Central_Terminal,260911,3,"commons/Grand_Central_Terminal_in_2009/0/pictures/-2-_Time_Machine_Backups,_2,_55_images,_DSC0023_-_DSC0077_-_11972x4145_-_SCUL-Smartblend.jpg"
Grand_Central_Terminal,260911,3,commons/Main_Concourse_(Grand_Central_Terminal)/0/pictures/Grand_Central_Terminal_-_Main_Concourse.jpg
Grand_Central_Terminal,260911,3,commons/Grand_Central_Terminal_in_2014/0/pictures/New_York_City_am_19.4.2014_16.jpg
Grand_Central_Terminal,260911,3,commons/Artistic_photographs_of_Main_Concourse_(Grand_Central_Terminal)/0/pictures/Grand_Central_Station_New_York_Black_And_White_Street_Photography_(237505303).jpeg
Grand_Central_Terminal,260911,3,"commons/Grand_Central_Terminal_in_2009/0/pictures/Grand_Central_Terminal_and_Vanderbilt_Hall_Christmas_Market,_New_York_(4163525139).jpg"
Grand_Central_Terminal,260911,3,commons/Main_Concourse_(Grand_Central_Terminal)/0/pictures/Grand_Central_Terminal_100.jpg
Grand_Central_Terminal,260911,3,commons/Grand_Central_Terminal_in_2015/0/pictures/Grand_central_terminal_(16365115692).jpg
Grand_Central_Terminal,260911,3,commons/Artistic_photographs_of_Main_Concourse_(Grand_Central_Terminal)/0/pictures/Grand_Central_Terminal_NYC_2.jpg
Grand_Central_Terminal,260911,3,commons/Grand_Central_Terminal_in_2009/0/pictures/Grand_Central_Terminal-953.jpg
Grand_Central_Terminal,260911,3,commons/Artistic_photographs_of_Main_Concourse_(Grand_Central_Terminal)/0/pictures/Grand_Central_Terminal_NYC.jpg
Grand_Central_Terminal,260911,3,commons/Grand_Central_Terminal_in_2009/0/pictures/Grand_Central_Terminal-954.jpg
Grand_Central_Terminal,260911,3,commons/Main_Concourse_(Grand_Central_Terminal)/0/pictures/Grand_Central_Terminal_55.jpg
Grand_Central_Terminal,260911,3,commons/Grand_Central_Terminal_in_2015/0/pictures/Kishen's_Lensography_2.jpg
Grand_Central_Terminal,260911,3,commons/Black_Lives_Matter_at_Grand_Central_Terminal/0/pictures/-BlackLivesMatter-Happy_New_Years_action-I_CAN'T_BREATHE-SING_IN_@_Grand_Central_Station_(15982733140).jpg
Grand_Central_Terminal,260911,3,commons/Grand_Central_Terminal_in_2009/0/pictures/Wiki-Travel-white-NYC-GrandCentral.jpg
Grand_Central_Terminal,260911,3,commons/Black_Lives_Matter_at_Grand_Central_Terminal/0/pictures/-BlackLivesMatter-Happy_New_Years_action-I_CAN'T_BREATHE-SING_IN_@_Grand_Central_Station_(16170053085).jpg
Grand_Central_Terminal,260911,3,commons/Grand_Central_Terminal_in_2010/0/pictures/Central_Station_(5153354588).jpg
Grand_Central_Terminal,260911,3,commons/Black_Lives_Matter_at_Grand_Central_Terminal/0/pictures/-BlackLivesMatter-Happy_New_Years_action-I_CAN'T_BREATHE-SING_IN_@_Grand_Central_Station_(16170055585).jpg
Grand_Central_Terminal,260911,3,commons/Grand_Central_Terminal_in_2010/0/pictures/GCT_ceiling_West_jeh.jpg
Grand_Central_Terminal,260911,3,commons/Grand_Central_Terminal_in_2010/0/pictures/GCT_ceiling_East_jeh.jpg
Grand_Central_Terminal,260911,3,commons/Grand_Central_Terminal_in_2010/0/pictures/Grand_Central_Terminal_(4408013754).jpg
Grand_Central_Terminal,260911,3,commons/Grand_Central_Terminal_in_2010/0/pictures/Inside_the_Grand_Central_Station_of_New_York_-_NYC_-_USA_-_panoramio.jpg
Grand_Central_Terminal,260911,3,commons/Grand_Central_Terminal_in_2010/0/pictures/NY_Central_Station.jpg
Grand_Central_Terminal,260911,3,commons/Grand_Central_Terminal_in_2010/0/pictures/New_York_Grand_Central_Station_-_panoramio_(1).jpg
Grand_Central_Terminal,260911,3,commons/Grand_Central_Terminal_in_2011/0/pictures/NYC_2012_IMG_3087_(5503651312).jpg
Grand_Central_Terminal,260911,3,commons/Grand_Central_Terminal_in_2022/0/pictures/Grand_Central_Terminal_May_2022_004.jpg
Grand_Central_Terminal,260911,3,commons/Grand_Central_Terminal_in_2012/0/pictures/Grand_Central_Terminal_Clock_-_panoramio_(1).jpg
Grand_Central_Terminal,260911,3,commons/Grand_Central_Terminal_in_2012/0/pictures/Metropolitan_Transportation_Authority_(New_York)-_014_(8133423125).jpg
Grand_Central_Terminal,260911,3,commons/TRAVELS_FAR_memorial_at_Grand_Central_Terminal/0/pictures/MTA_Expands_'TRAVELS_FAR'_Memorial_to_Grand_Central_and_Moynihan_Train_Hall_(50885064837).jpg
Grand_Central_Terminal,260911,3,commons/Grand_Central_Terminal_in_2013/0/pictures/Another_Entrance_at_Grand_Central.JPG
Grand_Central_Terminal,260911,3,commons/Grand_Central_Terminal_in_2013/0/pictures/Clock_in_BandW_at_Grand_Central.JPG
Grand_Central_Terminal,260911,3,commons/Grand_Central_Terminal_in_2023/0/pictures/At_New_York_City_2023_004.jpg
Grand_Central_Terminal,260911,3,commons/Grand_Central_Terminal_in_2013/0/pictures/GCT_2670_(8410709569).jpg
Grand_Central_Terminal,260911,3,commons/Grand_Central_Terminal_in_2023/0/pictures/At_New_York_City_2023_010.jpg
Grand_Central_Terminal,260911,3,commons/Grand_Central_Terminal_in_2013/0/pictures/GCT_Centennial_Sign_at_Night.JPG
Grand_Central_Terminal,260911,3,commons/Grand_Central_Terminal_in_2013/0/pictures/Grand_Central_Veterans_Day_ceremony_(10818839675).jpg
Grand_Central_Terminal,260911,3,commons/Grand_Central_Terminal_in_2013/0/pictures/Grand_Central_Veterans_Day_ceremony_(10819114173).jpg
Grand_Central_Terminal,260911,3,commons/Grand_Central_Terminal_in_2013/0/pictures/Grand_Central_Veterans_Day_ceremony_(10819114803).jpg
Grand_Central_Terminal,260911,3,commons/Grand_Central_Terminal_in_2013/0/pictures/Interior_of_Grand_Central_Station_with_Sign_for_Harlem_Line_Departures_-_New_York_City_-_New_York_-_USA_(10389237764).jpg
Grand_Central_Terminal,260911,3,commons/Grand_Central_Terminal_in_2013/0/pictures/Interior_of_Grand_Central_Station_-_New_York_City_-_New_York_-_USA_-_02_(10389286816).jpg
Grand_Central_Terminal,260911,3,"commons/Grand_Central_Terminal_in_2013/0/pictures/Midtown_East,_New_York,_NY,_USA_-_panoramio_(5).jpg"
Grand_Central_Terminal,260911,3,"commons/Grand_Central_Terminal_in_2013/0/pictures/Midtown_East,_New_York,_NY,_USA_-_panoramio_(6).jpg"
Grand_Central_Terminal,260911,3,commons/Grand_Central_Terminal_in_2013/0/pictures/POL_8639_(5815232646).jpg
Grand_Central_Terminal,260911,3,commons/Grand_Central_Terminal_in_2013/0/pictures/Panorama_of_Interior_of_Grand_Central_Station_-_New_York_City_-_New_York_-_USA_-_01_(10389387093).jpg
Grand_Central_Terminal,260911,3,commons/Main_Concourse_(Grand_Central_Terminal)/0/pictures/4.29.11GrandCentralStationByLuigiNovi3.jpg
Grand_Central_Terminal,260911,3,commons/Grand_Central_Terminal_in_2013/0/pictures/Trains_Boarding_at_Grand_Central_in_New_York.JPG
Grand_Central_Terminal,260911,3,commons/Main_Concourse_(Grand_Central_Terminal)/0/pictures/500px_photo_(203162587).jpeg
Grand_Central_Terminal,260911,3,commons/Grand_Central_Terminal_in_2013/0/pictures/USA-NYC-Grand_Central_Terminal2.JPG
Grand_Central_Terminal,260911,3,commons/Grand_Central_Terminal_in_2014/0/pictures/20140211_NewYork_3787_(14528753534).jpg
Grand_Central_Terminal,260911,3,commons/Grand_Central_Terminal_in_2014/0/pictures/Crowded_Grand_Central_Terminal.jpg
Grand_Central_Terminal,260911,3,commons/Main_Concourse_(Grand_Central_Terminal)/0/pictures/GCT_1996_board.jpg
Grand_Central_Terminal,260911,3,commons/Grand_Central_Terminal_in_2014/0/pictures/Grand_Central_Terminal_(12686309625).jpg
Grand_Central_Terminal,260911,3,commons/Main_Concourse_(Grand_Central_Terminal)/0/pictures/Grand_Central_Station_(898190856).jpg
Grand_Central_Terminal,260911,3,commons/Grand_Central_Terminal_in_2014/0/pictures/NYC_Grand_Central_4.JPG
Grand_Central_Terminal,260911,3,commons/Main_Concourse_(Grand_Central_Terminal)/0/pictures/Grand_Central_Station_Main_Concourse_Jan_2006.jpg
Grand_Central_Terminal,260911,3,commons/Grand_Central_Terminal_in_2014/0/pictures/New_York_City_am_19.4.2014_20.jpg
Grand_Central_Terminal,260911,3,commons/Main_Concourse_(Grand_Central_Terminal)/0/pictures/Grand_Central_Terminal_-_panoramio_(6).jpg
Grand_Central_Terminal,260911,3,"commons/Grand_Central_Terminal_in_2014/0/pictures/New_York_City,_May_2014_-_089.JPG"
Grand_Central_Terminal,260911,3,commons/Main_Concourse_(Grand_Central_Terminal)/0/pictures/Grand_Central_Terminal_(2012).jpg
Grand_Central_Terminal,260911,3,commons/Grand_Central_Terminal_in_2014/0/pictures/NYC_Grand_Central_2.JPG
Grand_Central_Terminal,260911,3,commons/Grand_Central_Terminal_in_2014/0/pictures/New_York_Grand_Central_Terminal.JPG
Grand_Central_Terminal,260911,3,commons/Main_Concourse_(Grand_Central_Terminal)/0/pictures/Grand_Central_Terminal_(9071977643).jpg
Grand_Central_Terminal,260911,3,commons/Grand_Central_Terminal_in_2014/0/pictures/Panorama_of_the_Hall_of_Grand_Central_Terminal.jpg
Grand_Central_Terminal,260911,3,commons/Main_Concourse_(Grand_Central_Terminal)/0/pictures/Grand_Central_Terminal_-_New_York_USA_-_panoramio_(1).jpg
Grand_Central_Terminal,260911,3,commons/Grand_Central_Terminal_in_2015/0/pictures/GCT_in_Blizzard_of_2015.jpg
Grand_Central_Terminal,260911,3,commons/Main_Concourse_(Grand_Central_Terminal)/0/pictures/Grand_Central_Terminal_54.jpg
Grand_Central_Terminal,260911,3,commons/Grand_Central_Terminal_in_2015/0/pictures/Grand_Central_Terminal_(22314807029).jpg
Grand_Central_Terminal,260911,3,"commons/Grand_Central_Terminal_in_2015/0/pictures/Detail,_Grand_Central_Station's_Main_Concourse.jpg"
Grand_Central_Terminal,260911,3,commons/Main_Concourse_(Grand_Central_Terminal)/0/pictures/Grand_Central_Station_1_(4684766494).jpg
Grand_Central_Terminal,260911,3,commons/Grand_Central_Terminal_in_2015/0/pictures/Grand_central_terminal_(16178640060).jpg
Grand_Central_Terminal,260911,3,commons/Main_Concourse_(Grand_Central_Terminal)/0/pictures/Grand_Central_Terminal_2017.jpg
Grand_Central_Terminal,260911,3,commons/Grand_Central_Terminal_in_2015/0/pictures/Interior_Grand_Central_2015_2.JPG
Grand_Central_Terminal,260911,3,commons/Main_Concourse_(Grand_Central_Terminal)/0/pictures/Grand_Central_Terminal_February_2023_005.jpg
Grand_Central_Terminal,260911,3,commons/Grand_Central_Terminal_in_2015/0/pictures/Grand_central_terminal_(16366015895).jpg
Grand_Central_Terminal,260911,3,commons/Main_Concourse_(Grand_Central_Terminal)/0/pictures/Grand_Central_Terminal_Main_Concourse_May_2014_-_2.jpg
Grand_Central_Terminal,260911,3,commons/Grand_Central_Terminal_in_2015/0/pictures/Presser-_Cardiac_Save_at_Grand_Central_(16241925280).jpg
Grand_Central_Terminal,260911,3,"commons/Main_Concourse_(Grand_Central_Terminal)/0/pictures/Grand_Central_Terminal,_NY_-_panoramio.jpg"
Grand_Central_Terminal,260911,3,commons/Grand_Central_Terminal_in_2015/0/pictures/Presser-_Cardiac_Save_at_Grand_Central_(16241925360).jpg
Grand_Central_Terminal,260911,3,commons/Main_Concourse_(Grand_Central_Terminal)/0/pictures/Grand_Central_Terminal_Main_Concourse_May_2014.jpg
Grand_Central_Terminal,260911,3,commons/Grand_Central_Terminal_in_2015/0/pictures/Presser-_Cardiac_Save_at_Grand_Central_(16241926720).jpg
Grand_Central_Terminal,260911,3,"commons/Main_Concourse_(Grand_Central_Terminal)/0/pictures/Grand_Central_Terminal,_New_York_2016-04-11.jpg"
Grand_Central_Terminal,260911,3,commons/Grand_Central_Terminal_in_2015/0/pictures/Presser-_Cardiac_Save_at_Grand_Central_(16243430137).jpg
Grand_Central_Terminal,260911,3,commons/Main_Concourse_(Grand_Central_Terminal)/0/pictures/Grand_Central_Terminal_Interior_December_2021_002.jpg
Grand_Central_Terminal,260911,3,commons/Grand_Central_Terminal_in_2015/0/pictures/Presser-_Cardiac_Save_at_Grand_Central_(16427569491).jpg
Grand_Central_Terminal,260911,3,commons/Main_Concourse_(Grand_Central_Terminal)/0/pictures/Grand_Central_Terminal_May_2022_005.jpg
Grand_Central_Terminal,260911,3,commons/Grand_Central_Terminal_in_2015/0/pictures/Presser-_Cardiac_Save_at_Grand_Central_(16427571081).jpg
Grand_Central_Terminal,260911,3,commons/Main_Concourse_(Grand_Central_Terminal)/0/pictures/Grand_Central_Terminal_May_2022_008.jpg
Grand_Central_Terminal,260911,3,commons/Grand_Central_Terminal_in_2015/0/pictures/Presser-_Cardiac_Save_at_Grand_Central_(16429338085).jpg
Grand_Central_Terminal,260911,3,"commons/Main_Concourse_(Grand_Central_Terminal)/0/pictures/Grand_Central_Terminal,_New_York_2017_12.jpg"
Grand_Central_Terminal,260911,3,commons/Grand_Central_Terminal_in_2015/0/pictures/Presser-_Cardiac_Save_at_Grand_Central_(16429338365).jpg
Grand_Central_Terminal,260911,3,commons/Main_Concourse_(Grand_Central_Terminal)/0/pictures/Grand_Central_Terminal_concourse_September_2019.jpeg
Grand_Central_Terminal,260911,3,commons/Grand_Central_Terminal_in_2015/0/pictures/Rush_hour_in_Grand_Central_(Unsplash).jpg
Grand_Central_Terminal,260911,3,"commons/Main_Concourse_(Grand_Central_Terminal)/0/pictures/Grand_Central_Terminal,_New_York_2017_27.jpg"
Grand_Central_Terminal,260911,3,commons/Grand_Central_Terminal_in_2016/0/pictures/2016-11_Grand_Central_Terminal.jpg
Grand_Central_Terminal,260911,3,"commons/Main_Concourse_(Grand_Central_Terminal)/0/pictures/Grand_Central_Terminal,_Commuter_Railroad_Terminal.jpg"
Grand_Central_Terminal,260911,3,commons/Grand_Central_Terminal_in_2016/0/pictures/Grand_Central_-_View_from_the_Catwalk_-_Details.jpg
Grand_Central_Terminal,260911,3,"commons/Main_Concourse_(Grand_Central_Terminal)/0/pictures/Grand_Central_Terminal,_New_York_2017_09.jpg"
Grand_Central_Terminal,260911,3,commons/Grand_Central_Terminal_in_2016/0/pictures/Grand_Central_(29489995815).jpg
Grand_Central_Terminal,260911,3,"commons/Main_Concourse_(Grand_Central_Terminal)/0/pictures/Grand_Central_Terminal,_New_York_2017_23.jpg"
Grand_Central_Terminal,260911,3,commons/Grand_Central_Terminal_in_2016/0/pictures/Grand_Central_Terminal-_Glass_Catwalk_Window_View.jpg
Grand_Central_Terminal,260911,3,"commons/Main_Concourse_(Grand_Central_Terminal)/0/pictures/Grand_Central_Terminal,_New_York_City..JPG"
Grand_Central_Terminal,260911,3,commons/Grand_Central_Terminal_in_2016/0/pictures/Grand_Central_Hauptbahnhof_in_New_York_(26561066921).jpg
Grand_Central_Terminal,260911,3,"commons/Main_Concourse_(Grand_Central_Terminal)/0/pictures/Grand_Central_Terminal,_New_York_2017_29.jpg"
Grand_Central_Terminal,260911,3,"commons/Grand_Central_Terminal_in_2016/0/pictures/Grand_Central_Terminal,_New_York_2016-04-11.jpg"
Grand_Central_Terminal,260911,3,commons/Main_Concourse_(Grand_Central_Terminal)/0/pictures/Grand_Central_Terminal_May_2022_001.jpg
Grand_Central_Terminal,260911,3,commons/Grand_Central_Terminal_in_2016/0/pictures/Interior_of_Grand_Central_Station_-_Manhattan_-_New_York_City_-_USA_-_02_(24914573462).jpg
Grand_Central_Terminal,260911,3,"commons/Main_Concourse_(Grand_Central_Terminal)/0/pictures/Grand_Central_Terminal,_New_York_2017_35.jpg"
Grand_Central_Terminal,260911,3,commons/Grand_Central_Terminal_in_2016/0/pictures/New_York_City_016_-_Grand_Central_Station.jpg
Grand_Central_Terminal,260911,3,"commons/Main_Concourse_(Grand_Central_Terminal)/0/pictures/Grand_Central_Terminal,_New_York_2017_40.jpg"
Grand_Central_Terminal,260911,3,commons/Grand_Central_Terminal_in_2016/0/pictures/NYC_–_Grand_Central_Terminal_-_inside_-_panoramio.jpg
Grand_Central_Terminal,260911,3,"commons/Main_Concourse_(Grand_Central_Terminal)/0/pictures/Grand_Central_Terminal,_New_York_City_(4057300140).jpg"
Grand_Central_Terminal,260911,3,commons/Grand_Central_Terminal_in_2016/0/pictures/New_York_National_Guard_at_Grand_Central_Station.png
Grand_Central_Terminal,260911,3,commons/Main_Concourse_(Grand_Central_Terminal)/0/pictures/Grand_Central_Terminal-949.jpg
Grand_Central_Terminal,260911,3,commons/Grand_Central_Terminal_in_2016/0/pictures/Vantage_Point.jpg
Grand_Central_Terminal,260911,4,commons/Grand_Central_Terminal_in_2023/0/pictures/MTA_Reopens_Biltmore_Room_at_Grand_Central_Terminal_-_52881245863.jpg
Grand_Central_Terminal,260911,4,commons/Grand_Central_Terminal_in_2017/0/pictures/GCT_Biltmore_Room;_March_2017;_Old_NH_Trains.jpg
Grand_Central_Terminal,260911,4,commons/Clocks_at_Grand_Central_Terminal/0/pictures/Biltmore_Room_02_jeh.jpg
Grand_Central_Terminal,260911,4,commons/Grand_Central_Terminal_departure_boards/0/pictures/GCT_Biltmore_Room;_March_2017;_Old_NH_Trains.jpg
Grand_Central_Terminal,260911,4,commons/Grand_Central_Terminal_in_2017/0/pictures/Biltmore_Room_02_jeh.jpg
Grand_Central_Terminal,260911,4,commons/Clocks_at_Grand_Central_Terminal/0/pictures/Biltmore_Room_03_jeh.jpg
Grand_Central_Terminal,260911,4,commons/Biltmore_Room_(Grand_Central_Terminal)/0/pictures/Biltmore_Room_2017_01.jpg
Grand_Central_Terminal,260911,4,commons/Biltmore_Room_(Grand_Central_Terminal)/0/pictures/MTA_Reopens_Biltmore_Room_at_Grand_Central_Terminal_-_52881245863.jpg
Grand_Central_Terminal,260911,4,commons/Biltmore_Room_(Grand_Central_Terminal)/0/pictures/Biltmore_Room_2017_03.jpg
Grand_Central_Terminal,260911,4,commons/Grand_Central_Terminal_departure_boards/0/pictures/Biltmore_Room_2017_03.jpg
Grand_Central_Terminal,260911,4,commons/Clocks_at_Grand_Central_Terminal/0/pictures/Biltmore_Room_05_jeh.jpg
Grand_Central_Terminal,260911,4,commons/Grand_Central_Terminal_in_2023/0/pictures/MTA_Reopens_Biltmore_Room_at_Grand_Central_Terminal_-_52880798866.jpg
Grand_Central_Terminal,260911,4,commons/Grand_Central_Terminal_in_2017/0/pictures/Biltmore_Room_05_jeh.jpg
Grand_Central_Terminal,260911,4,commons/Grand_Central_Terminal_in_2017/0/pictures/Biltmore_Room_2017_02.jpg
Grand_Central_Terminal,260911,4,commons/Biltmore_Room_(Grand_Central_Terminal)/0/pictures/GCT_Biltmore_Room;_March_2017;_Old_NH_Trains.jpg
Grand_Central_Terminal,260911,4,commons/Biltmore_Room_(Grand_Central_Terminal)/0/pictures/Biltmore_Room_02_jeh.jpg
Grand_Central_Terminal,260911,4,commons/Grand_Central_Terminal_departure_boards/0/pictures/Biltmore_Room_05_jeh.jpg
Grand_Central_Terminal,260911,4,commons/Grand_Central_Terminal_in_2017/0/pictures/Biltmore_Room_2017_01.jpg
Grand_Central_Terminal,260911,4,commons/Biltmore_Room_(Grand_Central_Terminal)/0/pictures/GCT_Biltmore_Room;_June_2016;_Old_NYC_Trains.jpg
Grand_Central_Terminal,260911,4,commons/Biltmore_Room_(Grand_Central_Terminal)/0/pictures/Biltmore_Room_2017_02.jpg
Grand_Central_Terminal,260911,4,commons/Biltmore_Room_(Grand_Central_Terminal)/0/pictures/Biltmore_Room_05_jeh.jpg
Grand_Central_Terminal,260911,4,commons/Grand_Central_Terminal_departure_boards/0/pictures/Biltmore_Room_03_jeh.jpg
Grand_Central_Terminal,260911,4,commons/Biltmore_Room_(Grand_Central_Terminal)/0/pictures/MTA_Reopens_Biltmore_Room_at_Grand_Central_Terminal_-_52880798866.jpg
Grand_Central_Terminal,260911,4,commons/Clocks_at_Grand_Central_Terminal/0/pictures/Biltmore_Room_2017_02.jpg
Grand_Central_Terminal,260911,4,commons/Clocks_at_Grand_Central_Terminal/0/pictures/MTA_Reopens_Biltmore_Room_at_Grand_Central_Terminal_-_52880798866.jpg
Grand_Central_Terminal,260911,4,commons/Clocks_at_Grand_Central_Terminal/0/pictures/MTA_Reopens_Biltmore_Room_at_Grand_Central_Terminal_-_52881245863.jpg
Grand_Central_Terminal,260911,4,commons/Grand_Central_Terminal_in_2016/0/pictures/GCT_Biltmore_Room;_June_2016;_Old_NYC_Trains.jpg
Grand_Central_Terminal,260911,4,commons/Grand_Central_Terminal_departure_boards/0/pictures/Biltmore_Room_02_jeh.jpg
Grand_Central_Terminal,260911,4,commons/Grand_Central_Terminal_in_2017/0/pictures/Biltmore_Room_2017_03.jpg
Grand_Central_Terminal,260911,4,commons/Grand_Central_Terminal_departure_boards/0/pictures/MTA_Reopens_Biltmore_Room_at_Grand_Central_Terminal_-_52880798866.jpg
Grand_Central_Terminal,260911,4,commons/Grand_Central_Terminal_departure_boards/0/pictures/Biltmore_Room_2017_02.jpg
Grand_Central_Terminal,260911,4,commons/Grand_Central_Terminal_departure_boards/0/pictures/GCT_Biltmore_Room;_June_2016;_Old_NYC_Trains.jpg
Grand_Central_Terminal,260911,4,commons/Grand_Central_Terminal_departure_boards/0/pictures/MTA_Reopens_Biltmore_Room_at_Grand_Central_Terminal_-_52881245863.jpg
Grand_Central_Terminal,260911,4,commons/Biltmore_Room_(Grand_Central_Terminal)/0/pictures/Biltmore_Room_03_jeh.jpg
Grand_Central_Terminal,260911,4,commons/Grand_Central_Terminal_in_2017/0/pictures/Biltmore_Room_03_jeh.jpg
Grand_Central_Terminal,260911,5,commons/Grand_Central_Terminal_in_2021/0/pictures/The_Grand_Central_Terminal_interior_detail_14.jpg
Grand_Central_Terminal,260911,5,commons/Grand_Central_Terminal_in_2021/0/pictures/The_Grand_Central_Terminal_interior_detail_15.jpg
Grand_Central_Terminal,260911,5,"commons/Grand_Central_Terminal_in_2018/0/pictures/GCT_Dec_4,_2018_(45452013804).jpg"
Grand_Central_Terminal,260911,5,"commons/Grand_Central_Terminal_in_2014/0/pictures/Track_entrance_at_Grand_Central_Terminal_(Manhattan,_New_York)_001.jpg"
Grand_Central_Terminal,260911,5,commons/Grand_Central_Terminal_in_2014/0/pictures/New_York_-_panoramio_(174).jpg
Grand_Central_Terminal,260911,5,commons/Grand_Central_Terminal_in_2008/0/pictures/GCT_dining_train_gates.jpg
Grand_Central_Terminal,260911,5,"commons/Grand_Central_Terminal_in_2018/0/pictures/GCT_Dec_4,_2018_(45263403935).jpg"
Grand_Central_Terminal,260911,5,commons/Grand_Central_Terminal_departure_boards/0/pictures/Samsebeskazal-02156.jpg
Grand_Central_Terminal,260911,5,commons/Dining_Concourse_(Grand_Central_Terminal)/0/pictures/Awesome_track_number_inside_the_Grand_Central_Station_-_panoramio.jpg
Grand_Central_Terminal,260911,5,"commons/Grand_Central_Terminal_departure_boards/0/pictures/GCT_Dec_4,_2018_(45263403935).jpg"
Grand_Central_Terminal,260911,5,commons/Grand_Central_Terminal_in_2009/0/pictures/Awesome_track_number_inside_the_Grand_Central_Station_-_panoramio.jpg
Grand_Central_Terminal,260911,5,"commons/Dining_Concourse_(Grand_Central_Terminal)/0/pictures/GCT_Dec_4,_2018_(45263400355).jpg"
Grand_Central_Terminal,260911,5,"commons/Dining_Concourse_(Grand_Central_Terminal)/0/pictures/GCT_Dec_4,_2018_(45452013804).jpg"
Grand_Central_Terminal,260911,5,commons/Dining_Concourse_(Grand_Central_Terminal)/0/pictures/The_Grand_Central_Terminal_interior_detail_14.jpg
Grand_Central_Terminal,260911,5,commons/Grand_Central_Terminal_in_2021/0/pictures/The_Grand_Central_Terminal_interior_detail_13.jpg
Grand_Central_Terminal,260911,5,"commons/Dining_Concourse_(Grand_Central_Terminal)/0/pictures/GCT_Dec_4,_2018_(45263403935).jpg"
Grand_Central_Terminal,260911,5,commons/Grand_Central_Terminal_departure_boards/0/pictures/GCT_dining_train_gates.jpg
Grand_Central_Terminal,260911,5,commons/Grand_Central_(Metro-North_station)/0/pictures/Samsebeskazal-02156.jpg
Grand_Central_Terminal,260911,5,"commons/Grand_Central_Terminal_departure_boards/0/pictures/GCT_Dec_4,_2018_(45452013804).jpg"
Grand_Central_Terminal,260911,5,commons/Dining_Concourse_(Grand_Central_Terminal)/0/pictures/New_York_-_panoramio_(174).jpg
Grand_Central_Terminal,260911,5,commons/Dining_Concourse_(Grand_Central_Terminal)/0/pictures/GCT_dining_train_gates.jpg
Grand_Central_Terminal,260911,5,commons/Dining_Concourse_(Grand_Central_Terminal)/0/pictures/Samsebeskazal-02156.jpg
Grand_Central_Terminal,260911,5,commons/Dining_Concourse_(Grand_Central_Terminal)/0/pictures/The_Grand_Central_Terminal_interior_detail_15.jpg
Grand_Central_Terminal,260911,5,"commons/Grand_Central_Terminal_in_2018/0/pictures/GCT_Dec_4,_2018_(45263400355).jpg"
Grand_Central_Terminal,260911,5,"commons/Dining_Concourse_(Grand_Central_Terminal)/0/pictures/Track_entrance_at_Grand_Central_Terminal_(Manhattan,_New_York)_001.jpg"
Grand_Central_Terminal,260911,6,"commons/Vanderbilt_Hall_(Grand_Central_Terminal)/0/pictures/Vanderbilt_Hall,_Grand_Central_Terminal,_New_York_City,_NY_-_48046207521.jpg"
Grand_Central_Terminal,260911,6,commons/Vanderbilt_Hall_(Grand_Central_Terminal)/0/pictures/Vanderbilt_Hall_059.JPG
Grand_Central_Terminal,260911,6,commons/Vanderbilt_Hall_(Grand_Central_Terminal)/0/pictures/Vanderbilt_Hall_01_jeh.jpg
Grand_Central_Terminal,260911,6,commons/Vanderbilt_Hall_(Grand_Central_Terminal)/0/pictures/The_Grand_Central_Terminal_interior_detail_28.jpg
Grand_Central_Terminal,260911,6,"commons/Vanderbilt_Hall_(Grand_Central_Terminal)/0/pictures/Vanderbilt_Hall,_Grand_Central_Terminal,_New_York_City,_NY.jpg"
Grand_Central_Terminal,260911,6,"commons/Vanderbilt_Hall_(Grand_Central_Terminal)/0/pictures/New_York_City,_Manhattan,_Midtown_East_-_Grand_Central_Terminal_-_""_Filming_"".jpg"
Grand_Central_Terminal,260911,6,commons/Vanderbilt_Hall_(Grand_Central_Terminal)/0/pictures/Inside_the_Grand_Central_Station_-_panoramio.jpg
Grand_Central_Terminal,260911,6,"commons/Vanderbilt_Hall_(Grand_Central_Terminal)/0/pictures/Grand_Central_Terminal,_New_York_2017_01.jpg"
Grand_Central_Terminal,260911,6,"commons/Grand_Central_Terminal_in_2015/0/pictures/Midtown_East,_New_York,_NY,_USA_-_panoramio_(37).jpg"
Grand_Central_Terminal,260911,6,"commons/Vanderbilt_Hall_(Grand_Central_Terminal)/0/pictures/Grand_Central_Terminal,_New_York_2017_04.jpg"
Grand_Central_Terminal,260911,6,commons/Grand_Central_Terminal_in_2014/0/pictures/Grand_Central_Holiday_Fair_2014_(15798192916).jpg
Grand_Central_Terminal,260911,6,commons/Vanderbilt_Hall_(Grand_Central_Terminal)/0/pictures/Grand_Central_Terminal-958.jpg
Grand_Central_Terminal,260911,6,commons/Grand_Central_Terminal_in_2009/0/pictures/Grand_Central_Terminal-958.jpg
Grand_Central_Terminal,260911,6,"commons/Vanderbilt_Hall_(Grand_Central_Terminal)/0/pictures/Midtown_East,_New_York,_NY,_USA_-_panoramio_(37).jpg"
Grand_Central_Terminal,260911,6,commons/Grand_Central_Terminal_in_2014/0/pictures/Jacqueline_Kennedy_Onassis_Grand_Central_Entry_Dedication_(14358456587).jpg
Grand_Central_Terminal,260911,6,commons/Grand_Central_Terminal_in_2013/0/pictures/AFT_1887_(8593319268).jpg
Grand_Central_Terminal,260911,6,commons/Grand_Central_Terminal_in_2013/0/pictures/AFT_1922_(8593319142).jpg
Grand_Central_Terminal,260911,6,"commons/Vanderbilt_Hall_(Grand_Central_Terminal)/0/pictures/Grand_Central_Terminal,_New_York_2017_05.jpg"
Grand_Central_Terminal,260911,6,commons/Interior_of_Grand_Central_Terminal/0/pictures/At_New_York_City_2023_018.jpg
Grand_Central_Terminal,260911,6,"commons/Grand_Central_Terminal_in_2011/0/pictures/New_York_City,_Manhattan,_Midtown_East_-_Grand_Central_Terminal_-_""_Filming_"".jpg"
Grand_Central_Terminal,260911,6,commons/Grand_Central_Terminal_in_2013/0/pictures/Empty_Space-_Grand_Central_Terminal_NY.JPG
Grand_Central_Terminal,260911,6,commons/Grand_Central_Terminal_special_events/0/pictures/AFT_1887_(8593319268).jpg
Grand_Central_Terminal,260911,6,commons/Grand_Central_Terminal_in_2010/0/pictures/Grand_Central_Station_7_(4684159103).jpg
Grand_Central_Terminal,260911,6,commons/Vanderbilt_Hall_(Grand_Central_Terminal)/0/pictures/Interior_Grand_Central_2015.JPG
Grand_Central_Terminal,260911,6,commons/Grand_Central_Terminal_in_2009/0/pictures/Inside_the_Grand_Central_Station_-_panoramio.jpg
Grand_Central_Terminal,260911,6,commons/Grand_Central_Terminal_in_2012/0/pictures/VanderbiltHall_GrandCentral.jpg
Grand_Central_Terminal,260911,6,commons/Vanderbilt_Hall_(Grand_Central_Terminal)/0/pictures/Central_Station_3_(New_York)_(31366283828).jpg
Grand_Central_Terminal,260911,6,commons/Vanderbilt_Hall_(Grand_Central_Terminal)/0/pictures/West_end_of_Vanderbilt_Hall_2021_jeh.jpg
Grand_Central_Terminal,260911,6,commons/Grand_Central_Terminal_in_2012/0/pictures/Vanderbilt_Hall_059.JPG
Grand_Central_Terminal,260911,6,commons/Vanderbilt_Hall_(Grand_Central_Terminal)/0/pictures/Grand_Central_Holiday_Fair_2014_(15798192916).jpg
Grand_Central_Terminal,260911,6,commons/Vanderbilt_Hall_(Grand_Central_Terminal)/0/pictures/GCT_GNFC_1.jpg
Grand_Central_Terminal,260911,6,commons/Grand_Central_Terminal_in_2015/0/pictures/Interior_Grand_Central_2015.JPG
Grand_Central_Terminal,260911,6,commons/Grand_Central_Terminal_in_2014/0/pictures/Grand_Central_Holiday_Fair_2014_(15200938434).jpg
Grand_Central_Terminal,260911,6,"commons/Grand_Central_Terminal_in_2017/0/pictures/Grand_Central_Terminal,_New_York_2017_02.jpg"
Grand_Central_Terminal,260911,6,commons/Vanderbilt_Hall_(Grand_Central_Terminal)/0/pictures/Great_Northern_Food_Hall_(29455353146).jpg
Grand_Central_Terminal,260911,6,commons/Grand_Central_Terminal_in_2016/0/pictures/Great_Northern_Food_Hall_(29455353146).jpg
Grand_Central_Terminal,260911,6,commons/Vanderbilt_Hall_(Grand_Central_Terminal)/0/pictures/Empty_Space-_Grand_Central_Terminal_NY.JPG
Grand_Central_Terminal,260911,6,commons/Vanderbilt_Hall_(Grand_Central_Terminal)/0/pictures/VanderbiltHall_GrandCentral.jpg
Grand_Central_Terminal,260911,6,commons/Vanderbilt_Hall_(Grand_Central_Terminal)/0/pictures/2005-08-03_-_United_States_-_New_York_-_New_York_City_-_Manhattan_-_Grand_Central_Terminal_1_4887616801.jpg
Grand_Central_Terminal,260911,6,commons/Vanderbilt_Hall_(Grand_Central_Terminal)/0/pictures/Grand_Central_Holiday_Fair_2014_(15201891804).jpg
Grand_Central_Terminal,260911,6,"commons/Grand_Central_Terminal_in_2017/0/pictures/Grand_Central_Terminal,_New_York_2017_03.jpg"
Grand_Central_Terminal,260911,6,commons/Grand_Central_Terminal_in_2014/0/pictures/Grand_Central_Holiday_Fair_2014_(15200938884).jpg
Grand_Central_Terminal,260911,6,commons/Vanderbilt_Hall_(Grand_Central_Terminal)/0/pictures/Grand_Central_Holiday_Fair_2014_(15200938434).jpg
Grand_Central_Terminal,260911,6,commons/Vanderbilt_Hall_(Grand_Central_Terminal)/0/pictures/GranCentral_Vanderbilt_Hall.jpg
Grand_Central_Terminal,260911,6,"commons/Grand_Central_Terminal_in_2017/0/pictures/Grand_Central_Terminal,_New_York_2017_04.jpg"
Grand_Central_Terminal,260911,6,commons/Grand_Central_Terminal_and_the_COVID-19_pandemic/0/pictures/West_end_of_Vanderbilt_Hall_2021_jeh.jpg
Grand_Central_Terminal,260911,6,"commons/Grand_Central_Terminal_in_2017/0/pictures/Grand_Central_Terminal,_New_York_2017_01.jpg"
Grand_Central_Terminal,260911,6,"commons/Vanderbilt_Hall_(Grand_Central_Terminal)/0/pictures/Grand_Central_Terminal,_New_York_2017_06.jpg"
Grand_Central_Terminal,260911,6,commons/Grand_Central_Terminal_in_2021/0/pictures/The_Grand_Central_Terminal_interior_detail_28.jpg
Grand_Central_Terminal,260911,6,commons/Grand_Central_Terminal_in_2014/0/pictures/Grand_Central_Holiday_Fair_2014_(15201891804).jpg
Grand_Central_Terminal,260911,6,commons/Grand_Central_Terminal_in_2023/0/pictures/At_New_York_City_2023_017.jpg
Grand_Central_Terminal,260911,6,commons/Vanderbilt_Hall_(Grand_Central_Terminal)/0/pictures/Grand_Central_Station_7_(4684159103).jpg
Grand_Central_Terminal,260911,6,"commons/Grand_Central_Terminal_in_2017/0/pictures/Grand_Central_Terminal,_New_York_2017_05.jpg"
Grand_Central_Terminal,260911,6,commons/Grand_Central_Terminal_in_2019/0/pictures/GCT_GNFC_2.jpg
Grand_Central_Terminal,260911,6,"commons/Vanderbilt_Hall_(Grand_Central_Terminal)/0/pictures/Grand_Central_Terminal,_New_York_2017_03.jpg"
Grand_Central_Terminal,260911,6,commons/Grand_Central_Terminal_in_2017/0/pictures/Vanderbilt_Hall_01_jeh.jpg
Grand_Central_Terminal,260911,6,commons/Vanderbilt_Hall_(Grand_Central_Terminal)/0/pictures/Grand_Central_Holiday_Fair_2014_(15200938884).jpg
Grand_Central_Terminal,260911,6,commons/Grand_Central_Terminal_in_2018/0/pictures/Central_Station_3_(New_York)_(31366283828).jpg
Grand_Central_Terminal,260911,6,commons/Grand_Central_Terminal_in_2019/0/pictures/GCT_GNFC_1.jpg
Grand_Central_Terminal,260911,6,commons/Grand_Central_Terminal_in_2016/0/pictures/GranCentral_Vanderbilt_Hall.jpg
Grand_Central_Terminal,260911,6,"commons/Grand_Central_Terminal_in_2019/0/pictures/Vanderbilt_Hall,_Grand_Central_Terminal,_New_York_City,_NY_-_48046207521.jpg"
Grand_Central_Terminal,260911,6,"commons/Grand_Central_Terminal_in_2019/0/pictures/Vanderbilt_Hall,_Grand_Central_Terminal,_New_York_City,_NY.jpg"
Grand_Central_Terminal,260911,6,"commons/Vanderbilt_Hall_(Grand_Central_Terminal)/0/pictures/Grand_Central_Terminal,_New_York_2017_02.jpg"
Grand_Central_Terminal,260911,6,commons/Grand_Central_Terminal_in_2019/0/pictures/Grand_Central_Terminal_66.jpg
Grand_Central_Terminal,260911,6,commons/Jacqueline_Kennedy_Onassis_Foyer_(Grand_Central_Terminal)/0/pictures/Jacqueline_Kennedy_Onassis_Grand_Central_Entry_Dedication_(14358456587).jpg
Grand_Central_Terminal,260911,6,commons/Grand_Central_Terminal_in_2021/0/pictures/West_end_of_Vanderbilt_Hall_2021_jeh.jpg
Grand_Central_Terminal,260911,6,commons/Grand_Central_Terminal_special_events/0/pictures/AFT_1922_(8593319142).jpg
Grand_Central_Terminal,260911,6,commons/Grand_Central_Terminal_special_events/0/pictures/Vanderbilt_Hall_059.JPG
Grand_Central_Terminal,260911,6,commons/Interior_of_Grand_Central_Terminal/0/pictures/At_New_York_City_2023_017.jpg
Grand_Central_Terminal,260911,6,commons/Vanderbilt_Hall_(Grand_Central_Terminal)/0/pictures/GCT_GNFC_2.jpg
Grand_Central_Terminal,260911,6,commons/Grand_Central_Terminal_in_2023/0/pictures/At_New_York_City_2023_018.jpg
Grand_Central_Terminal,260911,6,"commons/Grand_Central_Terminal_in_2017/0/pictures/Grand_Central_Terminal,_New_York_2017_06.jpg"
Grand_Central_Terminal,260911,6,commons/Grand_Central_Terminal_in_the_2000s/0/pictures/2005-08-03_-_United_States_-_New_York_-_New_York_City_-_Manhattan_-_Grand_Central_Terminal_1_4887616801.jpg
Grand_Central_Terminal,260911,6,commons/Vanderbilt_Hall_(Grand_Central_Terminal)/0/pictures/Grand_Central_Terminal_66.jpg
Grand_Central_Terminal,260911,7,"commons/Grand_Central_Terminal_in_2009/0/pictures/The_Oyster_Bar,_Grand_Central_Terminal,_New_York,_NY._The_oldest_operating_restaurant_in_Grand_Central._(4163350800).jpg"
Grand_Central_Terminal,260911,7,"commons/Grand_Central_Terminal_in_2009/0/pictures/The_Oyster_Bar,_Grand_Central_Terminal,_New_York,_NY._The_oldest_operating_restaurant_in_Grand_Central._(4163344950).jpg"
Grand_Central_Terminal,260911,7,"commons/Grand_Central_Terminal_in_2009/0/pictures/The_Oyster_Bar,_Grand_Central_Terminal,_New_York,_NY._The_oldest_operating_restaurant_in_Grand_Central._(4163344316).jpg"
Grand_Central_Terminal,260911,7,"commons/Grand_Central_Terminal_in_2009/0/pictures/The_Oyster_Bar,_Grand_Central_Terminal,_New_York,_NY._The_oldest_operating_restaurant_in_Grand_Central._(4163343978).jpg"
Grand_Central_Terminal,260911,7,"commons/Grand_Central_Terminal_in_2009/0/pictures/The_Oyster_Bar,_Grand_Central_Terminal,_New_York,_NY._The_oldest_operating_restaurant_in_Grand_Central._(4163343840).jpg"
Grand_Central_Terminal,260911,7,"commons/Grand_Central_Terminal_in_2009/0/pictures/The_Oyster_Bar,_Grand_Central_Terminal,_New_York,_NY._The_oldest_operating_restaurant_in_Grand_Central._(4162590039).jpg"
Grand_Central_Terminal,260911,7,"commons/Grand_Central_Terminal_in_2009/0/pictures/The_Oyster_Bar,_Grand_Central_Terminal,_New_York,_NY._The_oldest_operating_restaurant_in_Grand_Central._(4162587255).jpg"
Grand_Central_Terminal,260911,7,"commons/Grand_Central_Terminal_in_2009/0/pictures/The_Oyster_Bar,_Grand_Central_Terminal,_New_York,_NY._The_oldest_operating_restaurant_in_Grand_Central._(4162585217).jpg"
Grand_Central_Terminal,260911,7,"commons/Grand_Central_Terminal_in_2009/0/pictures/The_Oyster_Bar,_Grand_Central_Terminal,_New_York,_NY._The_oldest_operating_restaurant_in_Grand_Central._(4162584693).jpg"
Grand_Central_Terminal,260911,7,"commons/Grand_Central_Terminal_in_2009/0/pictures/The_Oyster_Bar,_Grand_Central_Terminal,_New_York,_NY._The_oldest_operating_restaurant_in_Grand_Central._(4162584551).jpg"
Grand_Central_Terminal,260911,8,commons/Vanderbilt_Hall_(Grand_Central_Terminal)/0/pictures/Grand_Central_Holiday_Fair_2014_(15822466002).jpg
Grand_Central_Terminal,260911,8,commons/Vanderbilt_Hall_(Grand_Central_Terminal)/0/pictures/Grand_Central_(7).jpg
Grand_Central_Terminal,260911,8,commons/Ramps_in_Grand_Central_Terminal/0/pictures/Grand_Central_Terminal_-_New_York_USA_-_panoramio_(5).jpg
Grand_Central_Terminal,260911,8,"commons/Grand_Central_Terminal_in_2022/0/pictures/Grand_Chandelier,_Grand_Central_Station,_Dec_23_2022.jpg"
Grand_Central_Terminal,260911,8,commons/Grand_Central_Terminal_in_2013/0/pictures/GCT_2413_(8411806298).jpg
Grand_Central_Terminal,260911,8,commons/Grand_Central_Terminal_in_2022/0/pictures/Grand_Central_Terminal_May_2022_009.jpg
Grand_Central_Terminal,260911,8,commons/Grand_Central_Terminal_in_2015/0/pictures/Interior_of_a_train_station_(Unsplash).jpg
Grand_Central_Terminal,260911,8,commons/Grand_Central_Terminal_in_2013/0/pictures/Panorama_of_Interior_of_Grand_Central_Station_-_New_York_City_-_New_York_-_USA_-_02_(10389203445).jpg
Grand_Central_Terminal,260911,8,commons/Ramps_in_Grand_Central_Terminal/0/pictures/Grand_Central_Terminal-2.jpg
Grand_Central_Terminal,260911,8,"commons/Grand_Central_Terminal_in_2015/0/pictures/Grand_Central_Terminal,_NYC.jpg"
Grand_Central_Terminal,260911,8,commons/Grand_Central_Terminal_in_2018/0/pictures/The_grand_chandeliers_at_Grand_Central_Terminal.jpg
Grand_Central_Terminal,260911,8,commons/Grand_Central_Terminal_in_2015/0/pictures/Grand_central_terminal_(16178635920).jpg
Grand_Central_Terminal,260911,8,commons/Grand_Central_Terminal_in_2014/0/pictures/Grand_Central_Terminal_-_New_York_USA_-_panoramio_(5).jpg
Grand_Central_Terminal,260911,8,commons/Grand_Central_Terminal_in_2013/0/pictures/GCT_2415_(8411806102).jpg
Grand_Central_Terminal,260911,8,commons/Grand_Central_Terminal_in_2022/0/pictures/Grand_Central_Terminal_May_2022_010.jpg
Grand_Central_Terminal,260911,8,commons/Ramps_in_Grand_Central_Terminal/0/pictures/Interior_of_a_train_station_(Unsplash).jpg
Grand_Central_Terminal,260911,8,commons/Grand_Central_Terminal_in_2010/0/pictures/Grand_Central_Station_6_(4684154011).jpg
Grand_Central_Terminal,260911,8,commons/Grand_Central_Terminal_in_2016/0/pictures/Interior_of_Grand_Central_Station_-_Manhattan_-_New_York_City_-_USA_-_01_(25006324426).jpg
Grand_Central_Terminal,260911,8,"commons/Vanderbilt_Hall_(Grand_Central_Terminal)/0/pictures/Grand_Chandelier,_Grand_Central_Station,_Dec_23_2022.jpg"
Grand_Central_Terminal,260911,8,commons/Vanderbilt_Hall_(Grand_Central_Terminal)/0/pictures/The_grand_chandeliers_at_Grand_Central_Terminal.jpg
Grand_Central_Terminal,260911,8,"commons/Ramps_in_Grand_Central_Terminal/0/pictures/Grand_Central_Terminal,_NYC.jpg"
Grand_Central_Terminal,260911,8,commons/Grand_Central_Terminal_in_2018/0/pictures/Grand_Central_Terminal-2.jpg
Grand_Central_Terminal,260911,8,commons/Main_Concourse_(Grand_Central_Terminal)/0/pictures/GCT_2415_(8411806102).jpg
Grand_Central_Terminal,260911,8,commons/Grand_Central_Terminal_in_2011/0/pictures/Grand_Central_Terminal_288.JPG
Grand_Central_Terminal,260911,8,commons/Grand_Central_Terminal_in_2009/0/pictures/Grand_Central_Terminal-957.jpg
Grand_Central_Terminal,260911,8,commons/Grand_Central_Terminal_in_2014/0/pictures/Grand_Central_Holiday_Fair_2014_(15822466002).jpg
Grand_Central_Terminal,260911,8,commons/Grand_Central_Terminal_in_2013/0/pictures/Interior_of_Grand_Central_Station_-_New_York_City_-_New_York_-_USA_-_04_(10389428503).jpg
Grand_Central_Terminal,260911,8,commons/Grand_Central_Terminal_special_events/0/pictures/GCT_2415_(8411806102).jpg
Grand_Central_Terminal,260911,8,commons/Grand_Central_Terminal_in_2010/0/pictures/Grand_Central_Station_9_(4684798428).jpg
Grand_Central_Terminal,260911,8,commons/Grand_Central_Terminal_in_2013/0/pictures/GCT_2422_(8411805942).jpg
Grand_Central_Terminal,260911,8,commons/Ramps_in_Grand_Central_Terminal/0/pictures/Grand_Central_Terminal_280.JPG
Grand_Central_Terminal,260911,8,commons/Grand_Central_Terminal_in_2011/0/pictures/Grand_Central_Terminal_280.JPG
Grand_Central_Terminal,260911,8,commons/Grand_Central_Terminal_in_2013/0/pictures/Gct_(8437213204).jpg
Grand_Central_Terminal,260911,8,commons/Grand_Central_Terminal_in_2022/0/pictures/Grand_Central_ramp_to_lower_concourse_(14615).jpg
Grand_Central_Terminal,260911,8,commons/Ramps_in_Grand_Central_Terminal/0/pictures/Grand_Central_ramp_to_lower_concourse_(14615).jpg
Grand_Central_Terminal,260911,8,commons/Grand_Central_Terminal_in_2013/0/pictures/Corridor_at_Grand_Central_Terminal_NY.JPG
Grand_Central_Terminal,260911,8,commons/Interior_of_Grand_Central_Terminal/0/pictures/At_New_York_City_2023_016.jpg
Grand_Central_Terminal,260911,8,commons/Grand_Central_Terminal_in_2011/0/pictures/Grand_Central_Terminal_281.JPG
Grand_Central_Terminal,260911,8,commons/Grand_Central_Terminal_in_2023/0/pictures/At_New_York_City_2023_016.jpg
Grand_Central_Terminal,260911,8,commons/Grand_Central_Terminal_in_2011/0/pictures/Grand_Central_Terminal_278.JPG
Grand_Central_Terminal,260911,8,commons/Ramps_in_Grand_Central_Terminal/0/pictures/Grand_Central_Station_9_(4684798428).jpg
Grand_Central_Terminal,260911,8,commons/Grand_Central_Terminal_special_events/0/pictures/GCT_2422_(8411805942).jpg
Grand_Central_Terminal,260911,8,commons/Interior_of_Grand_Central_Terminal/0/pictures/Grand_Central_Terminal_May_2022_010.jpg
Grand_Central_Terminal,260911,8,commons/Grand_Central_Terminal_in_2016/0/pictures/Within_Our_Palace_Walls_(29622842873).jpg
Grand_Central_Terminal,260911,8,commons/Grand_Central_Terminal_special_events/0/pictures/GCT_2413_(8411806298).jpg
Grand_Central_Terminal,260911,8,commons/Ramps_in_Grand_Central_Terminal/0/pictures/Grand_Central_Station_6_(4684154011).jpg
Grand_Central_Terminal,260911,8,commons/Interior_of_Grand_Central_Terminal/0/pictures/Grand_Central_Terminal_May_2022_009.jpg
Grand_Central_Terminal,260911,8,commons/Ramps_in_Grand_Central_Terminal/0/pictures/Interior_of_Grand_Central_Station_-_Manhattan_-_New_York_City_-_USA_-_01_(25006324426).jpg
Grand_Central_Terminal,260911,8,commons/Interior_of_Grand_Central_Terminal/0/pictures/Grand_Central_Terminal_278.JPG
Grand_Central_Terminal,260911,8,commons/Main_Concourse_(Grand_Central_Terminal)/0/pictures/GCT_2422_(8411805942).jpg
Grand_Central_Terminal,260911,8,commons/Photographs_of_flags_of_the_United_States_at_Grand_Central_Terminal/0/pictures/Panorama_of_Interior_of_Grand_Central_Station_-_New_York_City_-_New_York_-_USA_-_02_(10389203445).jpg
Grand_Central_Terminal,260911,8,commons/Main_Concourse_(Grand_Central_Terminal)/0/pictures/Grand_Central_Terminal_288.JPG
Grand_Central_Terminal,260911,8,commons/Main_Concourse_(Grand_Central_Terminal)_panoramas/0/pictures/Panorama_of_Interior_of_Grand_Central_Station_-_New_York_City_-_New_York_-_USA_-_02_(10389203445).jpg
Grand_Central_Terminal,260911,8,commons/Interior_of_Grand_Central_Terminal/0/pictures/Grand_Central_Terminal_281.JPG
Grand_Central_Terminal,260911,8,commons/Ramps_in_Grand_Central_Terminal/0/pictures/Central_Station_2_(New_York)_(31366281628).jpg
Grand_Central_Terminal,260911,8,commons/Ramps_in_Grand_Central_Terminal/0/pictures/Corridor_at_Grand_Central_Terminal_NY.JPG
Grand_Central_Terminal,260911,8,commons/Ramps_in_Grand_Central_Terminal/0/pictures/Gct_(8437213204).jpg
Grand_Central_Terminal,260911,8,commons/Main_Concourse_(Grand_Central_Terminal)/0/pictures/GCT_2413_(8411806298).jpg
Grand_Central_Terminal,260911,8,commons/Ramps_in_Grand_Central_Terminal/0/pictures/Vertical_Panorama_of_Interior_of_Grand_Central_Station_-_Manhattan_-_New_York_City_-_USA_(41147017735).jpg
Grand_Central_Terminal,260911,8,commons/Ramps_in_Grand_Central_Terminal/0/pictures/Interior_of_Grand_Central_Station_-_New_York_City_-_New_York_-_USA_-_04_(10389428503).jpg
Grand_Central_Terminal,260911,8,commons/Ramps_in_Grand_Central_Terminal/0/pictures/Grand_Central_Terminal-957.jpg
Grand_Central_Terminal,260911,8,commons/Ramps_in_Grand_Central_Terminal/0/pictures/Grand_central_terminal_(16178635920).jpg
Grand_Central_Terminal,260911,9,commons/Jacqueline_Kennedy_Onassis_Foyer_(Grand_Central_Terminal)/0/pictures/Jacqueline_Kennedy_Onassis_Grand_Central_Entry_Dedication_(14565032913).jpg
Grand_Central_Terminal,260911,9,commons/Jacqueline_Kennedy_Onassis_Foyer_(Grand_Central_Terminal)/0/pictures/Historical_Photos_of_Grand_Central_Terminal_(52664237058).jpg
Grand_Central_Terminal,260911,9,commons/Jacqueline_Kennedy_Onassis_Foyer_(Grand_Central_Terminal)/0/pictures/Jacqueline_Kennedy_Onassis_Grand_Central_Entry_Dedication_(14565033143).jpg
Grand_Central_Terminal,260911,9,commons/Jacqueline_Kennedy_Onassis_Foyer_(Grand_Central_Terminal)/0/pictures/Jacqueline_Kennedy_Onassis_Grand_Central_Entry_Dedication_(14358335238).jpg
Grand_Central_Terminal,260911,9,commons/Grand_Central_Terminal_in_2008/0/pictures/Friday_Evening_trip_into_NYC_for_some_photos._(3110382586).jpg
Grand_Central_Terminal,260911,9,commons/Grand_Central_Terminal_in_2014/0/pictures/Jacqueline_Kennedy_Onassis_Grand_Central_Entry_Dedication_(14358335238).jpg
Grand_Central_Terminal,260911,9,"commons/Jacqueline_Kennedy_Onassis_Foyer_(Grand_Central_Terminal)/0/pictures/42nd_Street_Entrance,_Grand_Central_Terminal,_New_York_City,_NY.jpg"
Grand_Central_Terminal,260911,9,commons/Grand_Central_Terminal_in_2014/0/pictures/Jacqueline_Kennedy_Onassis_Grand_Central_Entry_Dedication_(14358314429).jpg
Grand_Central_Terminal,260911,9,commons/Jacqueline_Kennedy_Onassis_Foyer_(Grand_Central_Terminal)/0/pictures/Grand_Central_Terminal_Onassis_Foyer_2019-10-03_19-10.jpg
Grand_Central_Terminal,260911,9,commons/Grand_Central_Terminal_in_2014/0/pictures/Jacqueline_Kennedy_Onassis_Grand_Central_Entry_Dedication_(14565032913).jpg
Grand_Central_Terminal,260911,9,commons/Grand_Central_Terminal_in_2014/0/pictures/Jacqueline_Kennedy_Onassis_Grand_Central_Entry_Dedication_(14565033143).jpg
Grand_Central_Terminal,260911,9,commons/Grand_Central_Terminal_in_2019/0/pictures/Grand_Central_Terminal_67.jpg
Grand_Central_Terminal,260911,9,commons/Jacqueline_Kennedy_Onassis_Foyer_(Grand_Central_Terminal)/0/pictures/Jacqueline_Kennedy_Onassis_Grand_Central_Entry_Dedication_(14358314429).jpg
Grand_Central_Terminal,260911,9,commons/Grand_Central_Terminal_in_2019/0/pictures/Grand_Central_Terminal_Onassis_Foyer_2019-10-03_19-10.jpg
Grand_Central_Terminal,260911,9,commons/Jacqueline_Kennedy_Onassis_Foyer_(Grand_Central_Terminal)/0/pictures/Friday_Evening_trip_into_NYC_for_some_photos._(3110382586).jpg
Grand_Central_Terminal,260911,9,"commons/Grand_Central_Terminal_in_2019/0/pictures/42nd_Street_Entrance,_Grand_Central_Terminal,_New_York_City,_NY.jpg"
Grand_Central_Terminal,260911,9,commons/Jacqueline_Kennedy_Onassis_Foyer_(Grand_Central_Terminal)/0/pictures/Grand_Central_Terminal_67.jpg
Grand_Central_Terminal,260911,10,commons/Main_Concourse_(Grand_Central_Terminal)/0/pictures/Record_Ridership_(52084925273).jpg
Grand_Central_Terminal,260911,10,commons/Main_Concourse_(Grand_Central_Terminal)/0/pictures/Record_Ridership_(52084902116).jpg
Grand_Central_Terminal,260911,10,commons/Main_Concourse_(Grand_Central_Terminal)/0/pictures/Record_Ridership_(52085145034).jpg
Grand_Central_Terminal,260911,10,commons/Grand_Central_Terminal_special_events/0/pictures/Presser-_Cardiac_Save_at_Grand_Central_(16241925360).jpg
Grand_Central_Terminal,260911,10,commons/Grand_Central_Terminal_special_events/0/pictures/Presser-_Cardiac_Save_at_Grand_Central_(16429338365).jpg
Grand_Central_Terminal,260911,10,commons/Main_Concourse_(Grand_Central_Terminal)/0/pictures/Presser-_Cardiac_Save_at_Grand_Central_(16243430137).jpg
Grand_Central_Terminal,260911,10,commons/Grand_Central_Terminal_special_events/0/pictures/Presser-_Cardiac_Save_at_Grand_Central_(16243430137).jpg
Grand_Central_Terminal,260911,10,commons/Main_Concourse_(Grand_Central_Terminal)/0/pictures/MTA_Moving_Forward_on_Two-Year_Anniversary_of_Start_of_Pandemic_in_New_York_(51942572394).jpg
Grand_Central_Terminal,260911,10,commons/Main_Concourse_(Grand_Central_Terminal)/0/pictures/TrainTime_App_(52292391606).jpg
Grand_Central_Terminal,260911,10,commons/Main_Concourse_(Grand_Central_Terminal)/0/pictures/TrainTime_App_(52292670573).jpg
Grand_Central_Terminal,260911,10,commons/Grand_Central_Terminal_special_events/0/pictures/Presser-_Cardiac_Save_at_Grand_Central_(16427569491).jpg
Grand_Central_Terminal,260911,10,commons/Grand_Central_Terminal_in_2022/0/pictures/TrainTime_App_(52292670573).jpg
Grand_Central_Terminal,260911,10,commons/Main_Concourse_(Grand_Central_Terminal)/0/pictures/MTA_Moving_Forward_on_Two-Year_Anniversary_of_Start_of_Pandemic_in_New_York_(51942572484).jpg
Grand_Central_Terminal,260911,10,commons/Grand_Central_Terminal_special_events/0/pictures/Presser-_Cardiac_Save_at_Grand_Central_(16427571081).jpg
Grand_Central_Terminal,260911,10,commons/Grand_Central_Terminal_in_2015/0/pictures/Presser-_Cardiac_Save_at_Grand_Central_(16427571081).jpg
Grand_Central_Terminal,260911,10,commons/Main_Concourse_(Grand_Central_Terminal)_clock/0/pictures/Grand_Central_Terminal_69.jpg
Grand_Central_Terminal,260911,10,commons/Grand_Central_Terminal_in_2015/0/pictures/Presser-_Cardiac_Save_at_Grand_Central_(16243430137).jpg
Grand_Central_Terminal,260911,10,commons/Main_Concourse_(Grand_Central_Terminal)_clock/0/pictures/Presser-_Cardiac_Save_at_Grand_Central_(16243430137).jpg
Grand_Central_Terminal,260911,10,commons/Grand_Central_Terminal_in_2015/0/pictures/Presser-_Cardiac_Save_at_Grand_Central_(16427569491).jpg
Grand_Central_Terminal,260911,10,commons/Grand_Central_Terminal_special_events/0/pictures/TrainTime_App_(52292670573).jpg
Grand_Central_Terminal,260911,10,commons/Grand_Central_Terminal_in_2015/0/pictures/Presser-_Cardiac_Save_at_Grand_Central_(16241925280).jpg
Grand_Central_Terminal,260911,10,commons/Grand_Central_Terminal_special_events/0/pictures/Presser-_Cardiac_Save_at_Grand_Central_(16241925280).jpg
Grand_Central_Terminal,260911,10,commons/Grand_Central_Terminal_in_2015/0/pictures/Presser-_Cardiac_Save_at_Grand_Central_(16241925360).jpg
Grand_Central_Terminal,260911,10,commons/Grand_Central_Terminal_in_2015/0/pictures/Presser-_Cardiac_Save_at_Grand_Central_(16429338365).jpg
Grand_Central_Terminal,260911,10,commons/Grand_Central_Terminal_in_2019/0/pictures/Grand_Central_Terminal_69.jpg
Grand_Central_Terminal,260911,11,commons/Vanderbilt_Hall_(Grand_Central_Terminal)/0/pictures/Grand_Central_Holiday_Fair_2014_(15635104339).jpg
Grand_Central_Terminal,260911,11,commons/Vanderbilt_Hall_(Grand_Central_Terminal)/0/pictures/GCT_-_Vanderbilt_Hall_Entrance.jpg
Grand_Central_Terminal,260911,11,commons/Grand_Central_Terminal_in_2019/0/pictures/Grand_Central_Terminal_55.jpg
Grand_Central_Terminal,260911,11,commons/Grand_Central_Terminal_in_2015/0/pictures/GrandCtrlTermNYC10.jpg
Grand_Central_Terminal,260911,11,commons/Grand_Central_Terminal_in_2014/0/pictures/Grand_Central_Holiday_Fair_2014_(15635104339).jpg
Grand_Central_Terminal,260911,11,commons/Grand_Central_Terminal_in_2013/0/pictures/Interior_of_Grand_Central_Station_-_New_York_City_-_New_York_-_USA_-_03_(10389277876).jpg
Grand_Central_Terminal,260911,11,commons/Grand_Central_Terminal_in_2020/0/pictures/Grand_Central_(49400167413).jpg
Grand_Central_Terminal,260911,11,"commons/Grand_Central_Terminal_in_2009/0/pictures/Grand_Central_Terminal_and_Vanderbilt_Hall_Christmas_Market,_New_York_(4164283396).jpg"
Grand_Central_Terminal,260911,11,commons/Grand_Central_Terminal_in_2009/0/pictures/Grand_Central_Terminal-956.jpg
Grand_Central_Terminal,260911,11,commons/Grand_Central_Terminal_in_2013/0/pictures/Gct_(8437213330).jpg
Grand_Central_Terminal,260911,11,commons/Apple_Grand_Central/0/pictures/Grand_Central_Apple_Store.jpg
Grand_Central_Terminal,260911,11,commons/Grand_Central_Terminal_in_2017/0/pictures/GCT_-_Vanderbilt_Hall_Entrance.jpg
Grand_Central_Terminal,260911,11,commons/Grand_Central_Terminal_and_the_COVID-19_pandemic/0/pictures/Grand_Central_Apple_Store.jpg
Grand_Central_Terminal,260911,11,commons/Grand_Central_Terminal_in_2023/0/pictures/At_New_York_City_2023_014.jpg
Grand_Central_Terminal,260911,11,commons/Grand_Central_Terminal_in_2014/0/pictures/Grand_Central_Holiday_Fair_2014_(15798190056).jpg
Grand_Central_Terminal,260911,11,"commons/Vanderbilt_Hall_(Grand_Central_Terminal)/0/pictures/Grand_Central_Terminal_and_Vanderbilt_Hall_Christmas_Market,_New_York_(4164283396).jpg"
Grand_Central_Terminal,260911,11,commons/Main_Concourse_(Grand_Central_Terminal)/0/pictures/Interior_of_Grand_Central_Station_-_New_York_City_-_New_York_-_USA_-_03_(10389277876).jpg
Grand_Central_Terminal,260911,11,commons/Grand_Central_Terminal_special_events/0/pictures/Grand_Central_Holiday_Fair_2014_(15798190056).jpg
Grand_Central_Terminal,260911,11,commons/Main_Concourse_(Grand_Central_Terminal)/0/pictures/Grand_Central_Terminal_55.jpg
Grand_Central_Terminal,260911,11,commons/Grand_Central_Terminal_in_2022/0/pictures/GCT_Holiday_Fair_(52499831121).jpg
Grand_Central_Terminal,260911,11,commons/Grand_Central_Terminal_in_2022/0/pictures/Grand_Central_Terminal_May_2022_007.jpg
Grand_Central_Terminal,260911,11,commons/Grand_Central_Terminal_in_2023/0/pictures/At_New_York_City_2023_015.jpg
Grand_Central_Terminal,260911,11,commons/Grand_Central_Terminal_in_2023/0/pictures/Grand_Central_Terminal_January_2023_005.jpg
Grand_Central_Terminal,260911,11,commons/Interior_of_Grand_Central_Terminal/0/pictures/Grand_Central_Terminal_January_2023_005.jpg
Grand_Central_Terminal,260911,11,commons/Main_Concourse_(Grand_Central_Terminal)/0/pictures/GrandCtrlTermNYC10.jpg
Grand_Central_Terminal,260911,11,commons/Grand_Central_Terminal_ticket_windows/0/pictures/Grand_Central_Station_5_(4684150225).jpg
Grand_Central_Terminal,260911,11,commons/Grand_Central_Terminal_in_2020/0/pictures/Grand_Central_Apple_Store.jpg
Grand_Central_Terminal,260911,11,commons/Interior_of_Grand_Central_Terminal/0/pictures/At_New_York_City_2023_015.jpg
Grand_Central_Terminal,260911,11,commons/Interior_of_Grand_Central_Terminal/0/pictures/At_New_York_City_2023_014.jpg
Grand_Central_Terminal,260911,11,commons/Main_Concourse_(Grand_Central_Terminal)/0/pictures/Gct_(8437213330).jpg
Grand_Central_Terminal,260911,11,commons/Interior_of_Grand_Central_Terminal/0/pictures/Grand_Central_Terminal-956.jpg
Grand_Central_Terminal,260911,11,commons/Interior_of_Grand_Central_Terminal/0/pictures/Grand_Central_Terminal_May_2022_007.jpg
Grand_Central_Terminal,260911,12,commons/Grand_Central_Terminal_in_2020/0/pictures/Metro-North_Railroad_Lights_Up_Pershing_Square_Bridge_to_Honor_Anniversary_of_Stonewall_Uprising_(50044390971).jpg
Grand_Central_Terminal,260911,12,commons/Grand_Central_Terminal_in_2020/0/pictures/Metro-North_Railroad_Lights_Up_Pershing_Square_Bridge_to_Honor_Anniversary_of_Stonewall_Uprising_(50044390966).jpg
Grand_Central_Terminal,260911,12,commons/Grand_Central_Terminal_in_2020/0/pictures/Metro-North_Railroad_Lights_Up_Pershing_Square_Bridge_to_Honor_Anniversary_of_Stonewall_Uprising_(50043828843).jpg
Grand_Central_Terminal,260911,12,commons/Grand_Central_Terminal_in_2020/0/pictures/Metro-North_Railroad_Lights_Up_Pershing_Square_Bridge_to_Honor_Anniversary_of_Stonewall_Uprising_(50043828803).jpg
Grand_Central_Terminal,260911,12,commons/Grand_Central_Terminal_in_2013/0/pictures/Grand_Central_(32738821).jpeg
Grand_Central_Terminal,260911,12,commons/Grand_Central_Terminal_in_2013/0/pictures/Grand_Central_(32738817).jpeg
Grand_Central_Terminal,260911,12,commons/Exterior_of_Grand_Central_Terminal/0/pictures/Metro-North_Railroad_Lights_Up_Pershing_Square_Bridge_to_Honor_Anniversary_of_Stonewall_Uprising_(50044390966).jpg
Grand_Central_Terminal,260911,12,commons/Exterior_of_Grand_Central_Terminal/0/pictures/Metro-North_Railroad_Lights_Up_Pershing_Square_Bridge_to_Honor_Anniversary_of_Stonewall_Uprising_(50043828843).jpg
Grand_Central_Terminal,260911,12,commons/Exterior_of_Grand_Central_Terminal/0/pictures/Metro-North_Railroad_Lights_Up_Pershing_Square_Bridge_to_Honor_Anniversary_of_Stonewall_Uprising_(50044390971).jpg
Grand_Central_Terminal,260911,12,commons/Grand_Central_Terminal_in_2018/0/pictures/Grand_Central_Station_(40429587805).jpg
Grand_Central_Terminal,260911,12,commons/Exterior_of_Grand_Central_Terminal/0/pictures/Grand_Central_(32738821).jpeg
Grand_Central_Terminal,260911,12,"commons/Grand_Central_Terminal_in_2012/0/pictures/Vanderbilt_Ave,_NYC_(6917552938).jpg"
Grand_Central_Terminal,260911,12,"commons/Exterior_of_Grand_Central_Terminal/0/pictures/Vanderbilt_Ave,_NYC_(6917552938).jpg"
Grand_Central_Terminal,260911,12,commons/Grand_Central_Terminal_at_night/0/pictures/Metro-North_Railroad_Lights_Up_Pershing_Square_Bridge_to_Honor_Anniversary_of_Stonewall_Uprising_(50043828843).jpg
Grand_Central_Terminal,260911,12,commons/Grand_Central_Terminal_in_2023/0/pictures/New-York_city_in_November_2022_file_34.jpg
Grand_Central_Terminal,260911,12,commons/Exterior_of_Grand_Central_Terminal/0/pictures/Grand_Central_New_York_-_panoramio.jpg
Grand_Central_Terminal,260911,12,commons/Exterior_of_Grand_Central_Terminal/0/pictures/Grand_Central_(9).jpg
Grand_Central_Terminal,260911,12,"commons/Grand_Central_Terminal_at_night/0/pictures/Vanderbilt_Ave,_NYC_(6917552938).jpg"
Grand_Central_Terminal,260911,12,commons/Exterior_of_Grand_Central_Terminal/0/pictures/Grand_Central_III.jpg
Grand_Central_Terminal,260911,12,commons/Grand_Central_Terminal_in_2008/0/pictures/STRONGER_(3093426293).jpg
Grand_Central_Terminal,260911,12,commons/Exterior_of_Grand_Central_Terminal/0/pictures/Grand_Central_(32738817).jpeg
Grand_Central_Terminal,260911,12,commons/Exterior_of_Grand_Central_Terminal/0/pictures/Grand_Central_New_York_-_panoramio_(1).jpg
Grand_Central_Terminal,260911,12,commons/Exterior_of_Grand_Central_Terminal/0/pictures/STRONGER_(3093426293).jpg
Grand_Central_Terminal,260911,12,commons/Exterior_of_Grand_Central_Terminal/0/pictures/Metro-North_Railroad_Lights_Up_Pershing_Square_Bridge_to_Honor_Anniversary_of_Stonewall_Uprising_(50043828803).jpg
Grand_Central_Terminal,260911,12,commons/Exterior_of_Grand_Central_Terminal/0/pictures/Grand_Central_(10).jpg
Grand_Central_Terminal,260911,12,commons/Grand_Central_Terminal_at_night/0/pictures/Grand_Central_(10).jpg
Grand_Central_Terminal,260911,12,commons/Grand_Central_Terminal_at_night/0/pictures/Grand_Central_(32738817).jpeg
Grand_Central_Terminal,260911,12,commons/Grand_Central_Terminal_at_night/0/pictures/Grand_Central_(32738821).jpeg
Grand_Central_Terminal,260911,12,commons/Grand_Central_Terminal_at_night/0/pictures/Grand_Central_(9).jpg
Grand_Central_Terminal,260911,12,commons/Grand_Central_Terminal_at_night/0/pictures/Grand_Central_New_York_-_panoramio_(1).jpg
Grand_Central_Terminal,260911,12,commons/Grand_Central_Terminal_at_night/0/pictures/Grand_Central_Station_&_Chrysler_Building-JSP.jpg
Grand_Central_Terminal,260911,12,commons/Grand_Central_Terminal_at_night/0/pictures/Grand_Central_New_York_-_panoramio.jpg
Grand_Central_Terminal,260911,12,commons/Grand_Central_Terminal_at_night/0/pictures/STRONGER_(3093426293).jpg
Grand_Central_Terminal,260911,12,commons/Grand_Central_Terminal_at_night/0/pictures/Metro-North_Railroad_Lights_Up_Pershing_Square_Bridge_to_Honor_Anniversary_of_Stonewall_Uprising_(50043828803).jpg
Grand_Central_Terminal,260911,12,commons/Grand_Central_Terminal_in_2008/0/pictures/Grand_Central_New_York_-_panoramio_(1).jpg
Grand_Central_Terminal,260911,12,commons/Grand_Central_Terminal_at_night/0/pictures/Metro-North_Railroad_Lights_Up_Pershing_Square_Bridge_to_Honor_Anniversary_of_Stonewall_Uprising_(50044390966).jpg
Grand_Central_Terminal,260911,12,commons/Grand_Central_Terminal_in_2008/0/pictures/Grand_Central_New_York_-_panoramio.jpg
Grand_Central_Terminal,260911,12,commons/Grand_Central_Terminal_at_night/0/pictures/Metro-North_Railroad_Lights_Up_Pershing_Square_Bridge_to_Honor_Anniversary_of_Stonewall_Uprising_(50044390971).jpg
Grand_Central_Terminal,260911,13,commons/Grand_Central_Terminal_ticket_windows/0/pictures/GCT_Info_Booth_DCa.jpg
Grand_Central_Terminal,260911,13,commons/Clocks_at_Grand_Central_Terminal/0/pictures/GCT_Info_Booth_DCa.jpg
Grand_Central_Terminal,260911,13,"commons/Dining_Concourse_(Grand_Central_Terminal)/0/pictures/GCT_Dec_4,_2018_(45263400035).jpg"
Grand_Central_Terminal,260911,13,commons/Grand_Central_Terminal_in_2012/0/pictures/Grand_Central_Dining_Concourse_Info.jpg
Grand_Central_Terminal,260911,13,"commons/Grand_Central_Terminal_in_2018/0/pictures/GCT_Dec_4,_2018_(45263400035).jpg"
Grand_Central_Terminal,260911,13,commons/Grand_Central_Terminal_in_2019/0/pictures/GCT_Info_Booth_DC.jpg
Grand_Central_Terminal,260911,13,commons/Dining_Concourse_(Grand_Central_Terminal)/0/pictures/GCT_Info_Booth_DC.jpg
Grand_Central_Terminal,260911,13,commons/Dining_Concourse_(Grand_Central_Terminal)/0/pictures/GCT_Info_Booth_DCa.jpg
Grand_Central_Terminal,260911,13,"commons/Grand_Central_Terminal_in_2019/0/pictures/Old_Information_Booth,_Grand_Central_Terminal,_New_York_City,_NY.jpg"
Grand_Central_Terminal,260911,13,"commons/Grand_Central_Terminal_in_2018/0/pictures/GCT_Dec_4,_2018_(45263399675).jpg"
Grand_Central_Terminal,260911,13,commons/Grand_Central_Terminal_in_2019/0/pictures/GCT_Info_Booth_DCa.jpg
Grand_Central_Terminal,260911,13,commons/Dining_Concourse_(Grand_Central_Terminal)/0/pictures/Grand_Central_Dining_Concourse_Info.jpg
Grand_Central_Terminal,260911,13,"commons/Dining_Concourse_(Grand_Central_Terminal)/0/pictures/Old_Information_Booth,_Grand_Central_Terminal,_New_York_City,_NY.jpg"
Grand_Central_Terminal,260911,13,"commons/Dining_Concourse_(Grand_Central_Terminal)/0/pictures/GCT_Dec_4,_2018_(45263399675).jpg"
Grand_Central_Terminal,260911,13,commons/Grand_Central_Terminal_departure_boards/0/pictures/Grand_Central_Dining_Concourse_Info.jpg
Grand_Central_Terminal,260911,14,"commons/Grand_Central_Terminal_in_2009/0/pictures/The_Oyster_Bar,_Grand_Central_Terminal,_New_York,_NY._The_oldest_operating_restaurant_in_Grand_Central._(4163350800).jpg"
Grand_Central_Terminal,260911,14,"commons/Grand_Central_Terminal_in_2009/0/pictures/The_Oyster_Bar,_Grand_Central_Terminal,_New_York,_NY._The_oldest_operating_restaurant_in_Grand_Central._(4163350664).jpg"
Grand_Central_Terminal,260911,14,"commons/Grand_Central_Terminal_in_2009/0/pictures/The_Oyster_Bar,_Grand_Central_Terminal,_New_York,_NY._The_oldest_operating_restaurant_in_Grand_Central._(4163345876).jpg"
Grand_Central_Terminal,260911,14,"commons/Grand_Central_Terminal_in_2009/0/pictures/The_Oyster_Bar,_Grand_Central_Terminal,_New_York,_NY._The_oldest_operating_restaurant_in_Grand_Central._(4163345650).jpg"
Grand_Central_Terminal,260911,14,"commons/Grand_Central_Terminal_in_2009/0/pictures/The_Oyster_Bar,_Grand_Central_Terminal,_New_York,_NY._The_oldest_operating_restaurant_in_Grand_Central._(4163345528).jpg"
Grand_Central_Terminal,260911,14,"commons/Grand_Central_Terminal_in_2009/0/pictures/The_Oyster_Bar,_Grand_Central_Terminal,_New_York,_NY._The_oldest_operating_restaurant_in_Grand_Central._(4163345310).jpg"
Grand_Central_Terminal,260911,14,"commons/Grand_Central_Terminal_in_2009/0/pictures/The_Oyster_Bar,_Grand_Central_Terminal,_New_York,_NY._The_oldest_operating_restaurant_in_Grand_Central._(4163344950).jpg"
Grand_Central_Terminal,260911,14,"commons/Grand_Central_Terminal_in_2009/0/pictures/The_Oyster_Bar,_Grand_Central_Terminal,_New_York,_NY._The_oldest_operating_restaurant_in_Grand_Central._(4163344316).jpg"
Grand_Central_Terminal,260911,14,"commons/Grand_Central_Terminal_in_2009/0/pictures/The_Oyster_Bar,_Grand_Central_Terminal,_New_York,_NY._The_oldest_operating_restaurant_in_Grand_Central._(4163343978).jpg"
Grand_Central_Terminal,260911,14,"commons/Grand_Central_Terminal_in_2009/0/pictures/The_Oyster_Bar,_Grand_Central_Terminal,_New_York,_NY._The_oldest_operating_restaurant_in_Grand_Central._(4163346024).jpg"
Grand_Central_Terminal,260911,14,"commons/Grand_Central_Terminal_in_2009/0/pictures/The_Oyster_Bar,_Grand_Central_Terminal,_New_York,_NY._The_oldest_operating_restaurant_in_Grand_Central._(4162584203).jpg"
Grand_Central_Terminal,260911,14,"commons/Grand_Central_Terminal_in_2009/0/pictures/The_Oyster_Bar,_Grand_Central_Terminal,_New_York,_NY._The_oldest_operating_restaurant_in_Grand_Central._(4162590347).jpg"
Grand_Central_Terminal,260911,14,"commons/Grand_Central_Terminal_in_2009/0/pictures/The_Oyster_Bar,_Grand_Central_Terminal,_New_York,_NY._The_oldest_operating_restaurant_in_Grand_Central._(4163346448).jpg"
Grand_Central_Terminal,260911,14,"commons/Grand_Central_Terminal_in_2009/0/pictures/The_Oyster_Bar,_Grand_Central_Terminal,_New_York,_NY._The_oldest_operating_restaurant_in_Grand_Central._(4162584551).jpg"
Grand_Central_Terminal,260911,14,"commons/Grand_Central_Terminal_in_2009/0/pictures/The_Oyster_Bar,_Grand_Central_Terminal,_New_York,_NY._The_oldest_operating_restaurant_in_Grand_Central._(4162591161).jpg"
Grand_Central_Terminal,260911,14,"commons/Grand_Central_Terminal_in_2009/0/pictures/The_Oyster_Bar,_Grand_Central_Terminal,_New_York,_NY._The_oldest_operating_restaurant_in_Grand_Central._(4163347342).jpg"
Grand_Central_Terminal,260911,14,"commons/Grand_Central_Terminal_in_2009/0/pictures/The_Oyster_Bar,_Grand_Central_Terminal,_New_York,_NY._The_oldest_operating_restaurant_in_Grand_Central._(4162584693).jpg"
Grand_Central_Terminal,260911,14,"commons/Grand_Central_Terminal_in_2009/0/pictures/The_Oyster_Bar,_Grand_Central_Terminal,_New_York,_NY._The_oldest_operating_restaurant_in_Grand_Central._(4163347460).jpg"
Grand_Central_Terminal,260911,14,"commons/Grand_Central_Terminal_in_2009/0/pictures/The_Oyster_Bar,_Grand_Central_Terminal,_New_York,_NY._The_oldest_operating_restaurant_in_Grand_Central._(4162585217).jpg"
Grand_Central_Terminal,260911,14,"commons/Grand_Central_Terminal_in_2009/0/pictures/The_Oyster_Bar,_Grand_Central_Terminal,_New_York,_NY._The_oldest_operating_restaurant_in_Grand_Central._(4162586239).jpg"
Grand_Central_Terminal,260911,14,"commons/Grand_Central_Terminal_in_2009/0/pictures/The_Oyster_Bar,_Grand_Central_Terminal,_New_York,_NY._The_oldest_operating_restaurant_in_Grand_Central._(4162587085).jpg"
Grand_Central_Terminal,260911,14,"commons/Grand_Central_Terminal_in_2009/0/pictures/The_Oyster_Bar,_Grand_Central_Terminal,_New_York,_NY._The_oldest_operating_restaurant_in_Grand_Central._(4163350436).jpg"
Grand_Central_Terminal,260911,14,"commons/Grand_Central_Terminal_in_2009/0/pictures/The_Oyster_Bar,_Grand_Central_Terminal,_New_York,_NY._The_oldest_operating_restaurant_in_Grand_Central._(4162587255).jpg"
Grand_Central_Terminal,260911,14,"commons/Grand_Central_Terminal_in_2009/0/pictures/The_Oyster_Bar,_Grand_Central_Terminal,_New_York,_NY._The_oldest_operating_restaurant_in_Grand_Central._(4163349582).jpg"
Grand_Central_Terminal,260911,14,"commons/Grand_Central_Terminal_in_2009/0/pictures/The_Oyster_Bar,_Grand_Central_Terminal,_New_York,_NY._The_oldest_operating_restaurant_in_Grand_Central._(4162589401).jpg"
Grand_Central_Terminal,260911,14,"commons/Grand_Central_Terminal_in_2009/0/pictures/The_Oyster_Bar,_Grand_Central_Terminal,_New_York,_NY._The_oldest_operating_restaurant_in_Grand_Central._(4162589605).jpg"
Grand_Central_Terminal,260911,14,"commons/Grand_Central_Terminal_in_2009/0/pictures/The_Oyster_Bar,_Grand_Central_Terminal,_New_York,_NY._The_oldest_operating_restaurant_in_Grand_Central._(4162590039).jpg"
Grand_Central_Terminal,260911,14,"commons/Grand_Central_Terminal_in_2009/0/pictures/The_Oyster_Bar,_Grand_Central_Terminal,_New_York,_NY._The_oldest_operating_restaurant_in_Grand_Central._(4163343840).jpg"
Grand_Central_Terminal,260911,15,commons/Grand_Central_Terminal_in_2014/0/pictures/Jacqueline_Kennedy_Onassis_Grand_Central_Entry_Dedication_(14358315049).jpg
Grand_Central_Terminal,260911,15,commons/Grand_Central_Terminal_in_2014/0/pictures/Jacqueline_Kennedy_Onassis_Grand_Central_Entry_Dedication_(14358457157).jpg
Grand_Central_Terminal,260911,15,commons/Grand_Central_Terminal_in_2014/0/pictures/Jacqueline_Kennedy_Onassis_Grand_Central_Entry_Dedication_(14358315119).jpg
Grand_Central_Terminal,260911,15,commons/Grand_Central_Terminal_in_2014/0/pictures/Jacqueline_Kennedy_Onassis_Grand_Central_Entry_Dedication_(14358457077).jpg
Grand_Central_Terminal,260911,15,commons/Grand_Central_Terminal_in_2014/0/pictures/Jacqueline_Kennedy_Onassis_Grand_Central_Entry_Dedication_(14541525151).jpg
Grand_Central_Terminal,260911,15,commons/Jacqueline_Kennedy_Onassis_Foyer_(Grand_Central_Terminal)/0/pictures/Jacqueline_Kennedy_Onassis_Grand_Central_Entry_Dedication_(14358315049).jpg
Grand_Central_Terminal,260911,15,commons/Grand_Central_Terminal_in_2014/0/pictures/Jacqueline_Kennedy_Onassis_Grand_Central_Entry_Dedication_(14544918975).jpg
Grand_Central_Terminal,260911,15,commons/Jacqueline_Kennedy_Onassis_Foyer_(Grand_Central_Terminal)/0/pictures/Jacqueline_Kennedy_Onassis_Grand_Central_Entry_Dedication_(14358457157).jpg
Grand_Central_Terminal,260911,15,commons/Grand_Central_Terminal_in_2014/0/pictures/Jacqueline_Kennedy_Onassis_Grand_Central_Entry_Dedication_(14565032693).jpg
Grand_Central_Terminal,260911,15,commons/Jacqueline_Kennedy_Onassis_Foyer_(Grand_Central_Terminal)/0/pictures/Jacqueline_Kennedy_Onassis_Grand_Central_Entry_Dedication_(14358315119).jpg
Grand_Central_Terminal,260911,15,commons/Jacqueline_Kennedy_Onassis_Foyer_(Grand_Central_Terminal)/0/pictures/Jacqueline_Kennedy_Onassis_Grand_Central_Entry_Dedication_(14565032693).jpg
Grand_Central_Terminal,260911,15,commons/Jacqueline_Kennedy_Onassis_Foyer_(Grand_Central_Terminal)/0/pictures/Jacqueline_Kennedy_Onassis_Grand_Central_Entry_Dedication_(14358457077).jpg
Grand_Central_Terminal,260911,15,commons/Jacqueline_Kennedy_Onassis_Foyer_(Grand_Central_Terminal)/0/pictures/Jacqueline_Kennedy_Onassis_Grand_Central_Entry_Dedication_(14541525151).jpg
Grand_Central_Terminal,260911,15,commons/Jacqueline_Kennedy_Onassis_Foyer_(Grand_Central_Terminal)/0/pictures/Jacqueline_Kennedy_Onassis_Grand_Central_Entry_Dedication_(14544918975).jpg
Grand_Central_Terminal,260911,16,commons/Main_Concourse_(Grand_Central_Terminal)_information_booth/0/pictures/Life_in_the_time_of_Covid_(50323434437).jpg
Grand_Central_Terminal,260911,16,commons/Main_Concourse_(Grand_Central_Terminal)_information_booth/0/pictures/GCT_Info_Booth_3.jpg
Grand_Central_Terminal,260911,16,commons/Main_Concourse_(Grand_Central_Terminal)_clock/0/pictures/GCT_information_booth.jpg
Grand_Central_Terminal,260911,16,commons/Main_Concourse_(Grand_Central_Terminal)/0/pictures/GCT_north_face.jpg
Grand_Central_Terminal,260911,16,commons/Main_Concourse_(Grand_Central_Terminal)/0/pictures/4.29.11GrandCentralStationByLuigiNovi3.jpg
Grand_Central_Terminal,260911,16,commons/Main_Concourse_(Grand_Central_Terminal)/0/pictures/Assisting_Customers_at_Grand_Central_Terminal_(13107914673).jpg
Grand_Central_Terminal,260911,16,"commons/Grand_Central_Terminal_in_2019/0/pictures/Main_Concourse,_Grand_Central_Terminal,_New_York_City,_NY_-_48046294922.jpg"
Grand_Central_Terminal,260911,16,"commons/Grand_Central_Terminal_in_2019/0/pictures/Main_Concourse,_Grand_Central_Terminal,_New_York_City,_NY_-_48046206776.jpg"
Grand_Central_Terminal,260911,16,commons/Main_Concourse_(Grand_Central_Terminal)/0/pictures/Interior_Grand_Central_2015_2.JPG
Grand_Central_Terminal,260911,16,"commons/Main_Concourse_(Grand_Central_Terminal)/0/pictures/Main_Concourse,_Grand_Central_Terminal,_New_York_City,_NY_-_48046294922.jpg"
Grand_Central_Terminal,260911,16,commons/Main_Concourse_(Grand_Central_Terminal)_clock/0/pictures/Grand_Central_Terminal_Main_Concourse_2.jpg
Grand_Central_Terminal,260911,16,commons/Grand_Central_Terminal_in_2017/0/pictures/Grand_Central_Terminal_Main_Concourse_2.jpg
Grand_Central_Terminal,260911,16,commons/Main_Concourse_(Grand_Central_Terminal)_clock/0/pictures/MTA_Expands_'TRAVELS_FAR'_Memorial_to_Grand_Central_and_Moynihan_Train_Hall_(50884961931).jpg
Grand_Central_Terminal,260911,16,commons/Main_Concourse_(Grand_Central_Terminal)_information_booth/0/pictures/GCT_information_booth.jpg
Grand_Central_Terminal,260911,16,commons/Grand_Central_Terminal_and_the_COVID-19_pandemic/0/pictures/GCT_information_booth.jpg
Grand_Central_Terminal,260911,16,commons/TRAVELS_FAR_memorial_at_Grand_Central_Terminal/0/pictures/MTA_Expands_'TRAVELS_FAR'_Memorial_to_Grand_Central_and_Moynihan_Train_Hall_(50884961931).jpg
Grand_Central_Terminal,260911,16,commons/Grand_Central_Terminal_in_2019/0/pictures/GCT_Info_Booth_3.jpg
Grand_Central_Terminal,260911,16,commons/Grand_Central_Terminal_and_the_COVID-19_pandemic/0/pictures/Life_in_the_time_of_Covid_(50323434437).jpg
Grand_Central_Terminal,260911,16,commons/Grand_Central_Terminal_in_2015/0/pictures/Interior_Grand_Central_2015_2.JPG
Grand_Central_Terminal,260911,16,commons/Grand_Central_Terminal_in_2019/0/pictures/GCT_Info_Booth.jpg
Grand_Central_Terminal,260911,16,"commons/Main_Concourse_(Grand_Central_Terminal)/0/pictures/Main_Concourse,_Grand_Central_Terminal,_New_York_City,_NY_-_48046206776.jpg"
Grand_Central_Terminal,260911,16,commons/Grand_Central_Terminal_in_2019/0/pictures/GCT_north_face.jpg
Grand_Central_Terminal,260911,17,commons/Jacqueline_Kennedy_Onassis_Foyer_(Grand_Central_Terminal)/0/pictures/Jacqueline_Kennedy_Onassis_Grand_Central_Entry_Dedication_(14541524901).jpg
Grand_Central_Terminal,260911,17,commons/Jacqueline_Kennedy_Onassis_Foyer_(Grand_Central_Terminal)/0/pictures/Jacqueline_Kennedy_Onassis_Grand_Central_Entry_Dedication_(14358456327).jpg
Grand_Central_Terminal,260911,17,commons/Jacqueline_Kennedy_Onassis_Foyer_(Grand_Central_Terminal)/0/pictures/Jacqueline_Kennedy_Onassis_Grand_Central_Entry_Dedication_(14358335578).jpg
Grand_Central_Terminal,260911,17,commons/Grand_Central_Terminal_in_2014/0/pictures/Jacqueline_Kennedy_Onassis_Grand_Central_Entry_Dedication_(14543396884).jpg
Grand_Central_Terminal,260911,17,commons/Jacqueline_Kennedy_Onassis_Foyer_(Grand_Central_Terminal)/0/pictures/Jacqueline_Kennedy_Onassis_Grand_Central_Entry_Dedication_(14358456807).jpg
Grand_Central_Terminal,260911,17,commons/Grand_Central_Terminal_in_2014/0/pictures/Jacqueline_Kennedy_Onassis_Grand_Central_Entry_Dedication_(14541524901).jpg
Grand_Central_Terminal,260911,17,commons/Jacqueline_Kennedy_Onassis_Foyer_(Grand_Central_Terminal)/0/pictures/Jacqueline_Kennedy_Onassis_Grand_Central_Entry_Dedication_(14543396884).jpg
Grand_Central_Terminal,260911,17,commons/Grand_Central_Terminal_in_2014/0/pictures/Jacqueline_Kennedy_Onassis_Grand_Central_Entry_Dedication_(14358456807).jpg
Grand_Central_Terminal,260911,17,commons/Grand_Central_Terminal_in_2014/0/pictures/Jacqueline_Kennedy_Onassis_Grand_Central_Entry_Dedication_(14358456327).jpg
Grand_Central_Terminal,260911,17,commons/Grand_Central_Terminal_in_2014/0/pictures/Jacqueline_Kennedy_Onassis_Grand_Central_Entry_Dedication_(14358335578).jpg
Grand_Central_Terminal,260911,18,commons/Interior_of_Grand_Central_Terminal/0/pictures/Grand_Central_Station_Decoration_(4684174043).jpg
Grand_Central_Terminal,260911,18,commons/Grand_Central_Terminal_in_2021/0/pictures/The_Grand_Central_Terminal_interior_detail_16.jpg
Grand_Central_Terminal,260911,18,"commons/Grand_Central_Terminal_in_2018/0/pictures/GCT_Dec_4,_2018_(45452011674).jpg"
Grand_Central_Terminal,260911,18,commons/Grand_Central_Terminal_in_2010/0/pictures/Grand_Central_Station_Decoration_(4684174043).jpg
Grand_Central_Terminal,260911,18,commons/Dining_Concourse_(Grand_Central_Terminal)/0/pictures/The_Grand_Central_Terminal_interior_detail_16.jpg
Grand_Central_Terminal,260911,18,commons/Dining_Concourse_(Grand_Central_Terminal)/0/pictures/The_Grand_Central_Terminal_interior_detail_17.jpg
Grand_Central_Terminal,260911,18,"commons/Grand_Central_Terminal_in_2018/0/pictures/GCT_Dec_4,_2018_(45452011944).jpg"
Grand_Central_Terminal,260911,18,"commons/Dining_Concourse_(Grand_Central_Terminal)/0/pictures/GCT_Dec_4,_2018_(45452011944).jpg"
Grand_Central_Terminal,260911,18,commons/Grand_Central_Terminal_in_2021/0/pictures/The_Grand_Central_Terminal_interior_detail_17.jpg
Grand_Central_Terminal,260911,18,"commons/Dining_Concourse_(Grand_Central_Terminal)/0/pictures/GCT_Dec_4,_2018_(45452011674).jpg"
Grand_Central_Terminal,260911,19,commons/Grand_Central_Terminal_in_2022/0/pictures/GCT_Holiday_Fair_(52500386303).jpg
Grand_Central_Terminal,260911,19,commons/Grand_Central_Terminal_in_2022/0/pictures/GCT_Holiday_Fair_(52500311820).jpg
Grand_Central_Terminal,260911,19,commons/Grand_Central_Terminal_in_2017/0/pictures/GCT_Holiday_Fair_2017.jpg
Grand_Central_Terminal,260911,19,commons/Vanderbilt_Hall_(Grand_Central_Terminal)/0/pictures/GCT_Holiday_Fair_2017.jpg
Grand_Central_Terminal,260911,19,commons/Grand_Central_Terminal_in_2022/0/pictures/GCT_Holiday_Fair_(52499831161).jpg
Grand_Central_Terminal,260911,19,commons/Grand_Central_Terminal_in_2022/0/pictures/GCT_Holiday_Fair_(52500115854).jpg
Grand_Central_Terminal,260911,19,commons/Grand_Central_Terminal_in_2022/0/pictures/GCT_Holiday_Fair_(52499346017).jpg
Grand_Central_Terminal,260911,19,commons/Grand_Central_Terminal_in_2022/0/pictures/GCT_Holiday_Fair_(52499831221).jpg
Grand_Central_Terminal,260911,19,commons/Grand_Central_Terminal_in_2022/0/pictures/GCT_Holiday_Fair_(52499345867).jpg
Grand_Central_Terminal,260911,19,commons/Grand_Central_Terminal_in_2022/0/pictures/GCT_Holiday_Fair_(52499346052).jpg
Grand_Central_Terminal,260911,19,commons/Grand_Central_Terminal_in_2022/0/pictures/GCT_Holiday_Fair_(52500311420).jpg
Grand_Central_Terminal,260911,19,commons/Grand_Central_Terminal_in_2022/0/pictures/GCT_Holiday_Fair_(52499831121).jpg
Grand_Central_Terminal,260911,19,commons/Grand_Central_Terminal_in_2022/0/pictures/GCT_Holiday_Fair_(52500311450).jpg
Grand_Central_Terminal,260911,19,commons/Grand_Central_Terminal_in_2022/0/pictures/GCT_Holiday_Fair_(52499345912).jpg
Grand_Central_Terminal,260911,19,commons/Grand_Central_Terminal_in_2022/0/pictures/GCT_Holiday_Fair_(52500311470).jpg
Grand_Central_Terminal,260911,20,"commons/Grand_Central_Terminal_in_2009/0/pictures/The_Oyster_Bar,_Grand_Central_Terminal,_New_York,_NY._The_oldest_operating_restaurant_in_Grand_Central._(4163354190).jpg"
Grand_Central_Terminal,260911,20,"commons/Grand_Central_Terminal_in_2009/0/pictures/The_Oyster_Bar,_Grand_Central_Terminal,_New_York,_NY._The_oldest_operating_restaurant_in_Grand_Central._(4163353512).jpg"
Grand_Central_Terminal,260911,20,"commons/Grand_Central_Terminal_in_2009/0/pictures/The_Oyster_Bar,_Grand_Central_Terminal,_New_York,_NY._The_oldest_operating_restaurant_in_Grand_Central._(4163352852).jpg"
Grand_Central_Terminal,260911,20,"commons/Grand_Central_Terminal_in_2009/0/pictures/The_Oyster_Bar,_Grand_Central_Terminal,_New_York,_NY._The_oldest_operating_restaurant_in_Grand_Central._(4163352492).jpg"
Grand_Central_Terminal,260911,20,"commons/Grand_Central_Terminal_in_2009/0/pictures/The_Oyster_Bar,_Grand_Central_Terminal,_New_York,_NY._The_oldest_operating_restaurant_in_Grand_Central._(4163351498).jpg"
Grand_Central_Terminal,260911,20,"commons/Grand_Central_Terminal_in_2009/0/pictures/The_Oyster_Bar,_Grand_Central_Terminal,_New_York,_NY._The_oldest_operating_restaurant_in_Grand_Central._(4163353190).jpg"
Grand_Central_Terminal,260911,20,"commons/Grand_Central_Terminal_in_2009/0/pictures/The_Oyster_Bar,_Grand_Central_Terminal,_New_York,_NY._The_oldest_operating_restaurant_in_Grand_Central._(4162594035).jpg"
Grand_Central_Terminal,260911,20,"commons/Grand_Central_Terminal_in_2009/0/pictures/The_Oyster_Bar,_Grand_Central_Terminal,_New_York,_NY._The_oldest_operating_restaurant_in_Grand_Central._(4162588937).jpg"
Grand_Central_Terminal,260911,20,"commons/Grand_Central_Terminal_in_2009/0/pictures/The_Oyster_Bar,_Grand_Central_Terminal,_New_York,_NY._The_oldest_operating_restaurant_in_Grand_Central._(4163352200).jpg"
Grand_Central_Terminal,260911,20,"commons/Grand_Central_Terminal_in_2009/0/pictures/The_Oyster_Bar,_Grand_Central_Terminal,_New_York,_NY._The_oldest_operating_restaurant_in_Grand_Central._(4162588609).jpg"
Grand_Central_Terminal,260911,20,"commons/Grand_Central_Terminal_in_2009/0/pictures/The_Oyster_Bar,_Grand_Central_Terminal,_New_York,_NY._The_oldest_operating_restaurant_in_Grand_Central._(4163347882).jpg"
Grand_Central_Terminal,260911,20,"commons/Grand_Central_Terminal_in_2009/0/pictures/The_Oyster_Bar,_Grand_Central_Terminal,_New_York,_NY._The_oldest_operating_restaurant_in_Grand_Central._(4162587687).jpg"
Grand_Central_Terminal,260911,21,commons/Music_Under_New_York_auditions_at_Grand_Central_Terminal_(2018)/0/pictures/2018_Music_Under_New_York_auditions_(28283916188).jpg
Grand_Central_Terminal,260911,21,commons/Music_Under_New_York_auditions_at_Grand_Central_Terminal_(2014)/0/pictures/Music_Under_New_York_Auditions_(14224516654).jpg
Grand_Central_Terminal,260911,21,commons/Music_Under_New_York_auditions_at_Grand_Central_Terminal_(2015)/0/pictures/2015_Music_Under_New_York_Auditions_(17713802209)_(2).jpg
Grand_Central_Terminal,260911,21,commons/Music_Under_New_York_auditions_at_Grand_Central_Terminal_(2015)/0/pictures/2015_Music_Under_New_York_Auditions_(17712466450).jpg
Grand_Central_Terminal,260911,21,commons/Music_Under_New_York_auditions_at_Grand_Central_Terminal_(2018)/0/pictures/2018_Music_Under_New_York_auditions_(40349314960).jpg
Grand_Central_Terminal,260911,21,commons/Music_Under_New_York_auditions_at_Grand_Central_Terminal_(2015)/0/pictures/2015_Music_Under_New_York_Auditions_(17279594083).jpg
Grand_Central_Terminal,260911,21,commons/Music_Under_New_York_auditions_at_Grand_Central_Terminal_(2015)/0/pictures/2015_Music_Under_New_York_Auditions_(17277493054).jpg
Grand_Central_Terminal,260911,21,commons/Music_Under_New_York_auditions_at_Grand_Central_Terminal_(2014)/0/pictures/Music_Under_New_York_Auditions_(14222401302).jpg
Grand_Central_Terminal,260911,21,commons/Music_Under_New_York_auditions_at_Grand_Central_Terminal_(2014)/0/pictures/Music_Under_New_York_Auditions_(14222399762).jpg
Grand_Central_Terminal,260911,21,commons/Music_Under_New_York_auditions_at_Grand_Central_Terminal_(2014)/0/pictures/Music_Under_New_York_Auditions_(14222361962).jpg
Grand_Central_Terminal,260911,21,commons/Music_Under_New_York_auditions_at_Grand_Central_Terminal_(2014)/0/pictures/Music_Under_New_York_Auditions_(14222359382).jpg
Grand_Central_Terminal,260911,21,commons/Music_Under_New_York_auditions_at_Grand_Central_Terminal_(2014)/0/pictures/Music_Under_New_York_Auditions_(14224738155).jpg
Grand_Central_Terminal,260911,21,commons/Music_Under_New_York_auditions_at_Grand_Central_Terminal_(2014)/0/pictures/Music_Under_New_York_Auditions_(14244917133).jpg
Grand_Central_Terminal,260911,21,commons/Music_Under_New_York_auditions_at_Grand_Central_Terminal_(2014)/0/pictures/Music_Under_New_York_Auditions_(14038084988).jpg
Grand_Central_Terminal,260911,21,commons/Music_Under_New_York_auditions_at_Grand_Central_Terminal_(2014)/0/pictures/Music_Under_New_York_Auditions_(14221430861).jpg
Grand_Central_Terminal,260911,21,commons/Main_Concourse_(Grand_Central_Terminal)/0/pictures/MTA_Moving_Forward_on_Two-Year_Anniversary_of_Start_of_Pandemic_in_New_York_(51942333598).jpg
Grand_Central_Terminal,260911,21,commons/Music_Under_New_York_auditions_at_Grand_Central_Terminal_(2014)/0/pictures/Music_Under_New_York_Auditions_(14201596456).jpg
Grand_Central_Terminal,260911,21,commons/Music_Under_New_York_auditions_at_Grand_Central_Terminal_(2014)/0/pictures/Music_Under_New_York_Auditions_(14038122930).jpg
Grand_Central_Terminal,260911,21,"commons/Grand_Central_(42nd_Street_Shuttle)/0/pictures/MTA_Celebrates_Opening_of_Brand_New_42_Street_Shuttle,_Launch_Welcome_Back_Campaign_(51442436287).jpg"
Grand_Central_Terminal,260911,21,commons/Music_Under_New_York_auditions_at_Grand_Central_Terminal_(2014)/0/pictures/Music_Under_New_York_Auditions_(14224736515).jpg
Grand_Central_Terminal,260911,21,commons/Music_Under_New_York_auditions_at_Grand_Central_Terminal_(2014)/0/pictures/Music_Under_New_York_Auditions_(14244881243).jpg
Grand_Central_Terminal,260911,21,commons/Main_Concourse_(Grand_Central_Terminal)/0/pictures/MTA_Moving_Forward_on_Two-Year_Anniversary_of_Start_of_Pandemic_in_New_York_(51942333793).jpg
Grand_Central_Terminal,260911,21,commons/Music_Under_New_York_auditions_at_Grand_Central_Terminal_(2015)/0/pictures/2015_Music_Under_New_York_Auditions_(17279592593).jpg
Grand_Central_Terminal,260911,21,commons/Music_Under_New_York_auditions_at_Grand_Central_Terminal_(2014)/0/pictures/Music_Under_New_York_Auditions_(14222399812).jpg
Grand_Central_Terminal,260911,21,commons/Music_Under_New_York_auditions_at_Grand_Central_Terminal_(2014)/0/pictures/Music_Under_New_York_Auditions_(14244916993).jpg
Grand_Central_Terminal,260911,21,commons/Music_Under_New_York_auditions_at_Grand_Central_Terminal_(2014)/0/pictures/Music_Under_New_York_Auditions_(14038156867).jpg
Grand_Central_Terminal,260911,21,commons/Music_Under_New_York_auditions_at_Grand_Central_Terminal_(2018)/0/pictures/2018_Music_Under_New_York_auditions_(40349314570).jpg
Grand_Central_Terminal,260911,21,commons/Music_Under_New_York_auditions_at_Grand_Central_Terminal_(2014)/0/pictures/Music_Under_New_York_Auditions_(14244916533).jpg
Grand_Central_Terminal,260911,21,commons/Main_Concourse_(Grand_Central_Terminal)/0/pictures/MTA_Moving_Forward_on_Two-Year_Anniversary_of_Start_of_Pandemic_in_New_York_(51942572394).jpg
Grand_Central_Terminal,260911,21,commons/Music_Under_New_York_auditions_at_Grand_Central_Terminal_(2014)/0/pictures/Music_Under_New_York_Auditions_(14038084388).jpg
Grand_Central_Terminal,260911,21,commons/Music_Under_New_York_auditions_at_Grand_Central_Terminal_(2014)/0/pictures/Music_Under_New_York_Auditions_(14244921173).jpg
Grand_Central_Terminal,260911,21,commons/Music_Under_New_York_auditions_at_Grand_Central_Terminal_(2015)/0/pictures/2015_Music_Under_New_York_Auditions_(17897029432).jpg
Grand_Central_Terminal,260911,21,commons/Music_Under_New_York_auditions_at_Grand_Central_Terminal_(2014)/0/pictures/Music_Under_New_York_Auditions_(14038075599).jpg
Grand_Central_Terminal,260911,21,commons/Music_Under_New_York_auditions_at_Grand_Central_Terminal_(2014)/0/pictures/Music_Under_New_York_Auditions_(14224517664).jpg
Grand_Central_Terminal,260911,21,commons/Music_Under_New_York_auditions_at_Grand_Central_Terminal_(2014)/0/pictures/Music_Under_New_York_Auditions_(14038075929).jpg
Grand_Central_Terminal,260911,21,commons/Music_Under_New_York_auditions_at_Grand_Central_Terminal_(2014)/0/pictures/Music_Under_New_York_Auditions_(14224520674).jpg
Grand_Central_Terminal,260911,21,commons/Music_Under_New_York_auditions_at_Grand_Central_Terminal_(2014)/0/pictures/Music_Under_New_York_Auditions_(14222400752).jpg
Grand_Central_Terminal,260911,21,commons/Music_Under_New_York_auditions_at_Grand_Central_Terminal_(2014)/0/pictures/Music_Under_New_York_Auditions_(14244917123).jpg
Grand_Central_Terminal,260911,21,commons/Music_Under_New_York_auditions_at_Grand_Central_Terminal_(2014)/0/pictures/Music_Under_New_York_Auditions_(14038151477).jpg
Grand_Central_Terminal,260911,21,commons/Music_Under_New_York_auditions_at_Grand_Central_Terminal_(2014)/0/pictures/Music_Under_New_York_Auditions_(14244921453).jpg
Grand_Central_Terminal,260911,21,commons/Music_Under_New_York_auditions_at_Grand_Central_Terminal_(2014)/0/pictures/Music_Under_New_York_Auditions_(14224517104).jpg
Grand_Central_Terminal,260911,21,commons/Music_Under_New_York_auditions_at_Grand_Central_Terminal_(2014)/0/pictures/Music_Under_New_York_Auditions_(14221429321).jpg
Grand_Central_Terminal,260911,21,commons/Music_Under_New_York_auditions_at_Grand_Central_Terminal_(2014)/0/pictures/Music_Under_New_York_Auditions_(14224736595).jpg
Grand_Central_Terminal,260911,22,commons/Music_Under_New_York_auditions_at_Grand_Central_Terminal_(2012)/0/pictures/MUNY_Auditions_2012_-_Vanderbilt_Hall_-_GCT_(7217873788).jpg
Grand_Central_Terminal,260911,22,commons/Music_Under_New_York_auditions_at_Grand_Central_Terminal_(2012)/0/pictures/MUNY_Auditions_2012_-_Vanderbilt_Hall_-_GCT_(7217873490).jpg
Grand_Central_Terminal,260911,22,commons/Music_Under_New_York_auditions_at_Grand_Central_Terminal_(2012)/0/pictures/MUNY_Auditions_2012_-_Vanderbilt_Hall_-_GCT_(7217873446).jpg
Grand_Central_Terminal,260911,22,commons/Music_Under_New_York_auditions_at_Grand_Central_Terminal_(2012)/0/pictures/MUNY_Auditions_2012_-_Vanderbilt_Hall_-_GCT_(7217873244).jpg
Grand_Central_Terminal,260911,22,commons/Music_Under_New_York_auditions_at_Grand_Central_Terminal_(2012)/0/pictures/MUNY_Auditions_2012_-_Vanderbilt_Hall_-_GCT_(7217873608).jpg
Grand_Central_Terminal,260911,22,commons/Music_Under_New_York_auditions_at_Grand_Central_Terminal_(2012)/0/pictures/Chicken_Barn_Heroes_-_MUNY_2012_at_Vanderbilt_Hall_(7210632984).jpg
Grand_Central_Terminal,260911,22,commons/Music_Under_New_York_auditions_at_Grand_Central_Terminal_(2012)/0/pictures/MUNY_Auditions_2012_-_Vanderbilt_Hall_-_GCT_(7217873830).jpg
Grand_Central_Terminal,260911,22,commons/Music_Under_New_York_auditions_at_Grand_Central_Terminal_(2012)/0/pictures/AFT_4742_(7210653254).jpg
Grand_Central_Terminal,260911,22,commons/Music_Under_New_York_auditions_at_Grand_Central_Terminal_(2012)/0/pictures/MUNY_Auditions_2012_-_Vanderbilt_Hall_-_GCT_(7217872956).jpg
Grand_Central_Terminal,260911,22,commons/Music_Under_New_York_auditions_at_Grand_Central_Terminal_(2012)/0/pictures/AFT_4770_(7210642160).jpg
Grand_Central_Terminal,260911,22,commons/Music_Under_New_York_auditions_at_Grand_Central_Terminal_(2012)/0/pictures/AFT_4767_(7210645168).jpg
Grand_Central_Terminal,260911,22,commons/Music_Under_New_York_auditions_at_Grand_Central_Terminal_(2012)/0/pictures/MUNY_Auditions_2012_-_Vanderbilt_Hall_-_GCT_(7217873926).jpg
Grand_Central_Terminal,260911,22,commons/Music_Under_New_York_auditions_at_Grand_Central_Terminal_(2012)/0/pictures/AFT_4778_(7210639870).jpg
Grand_Central_Terminal,260911,23,commons/Music_Under_New_York_auditions_at_Grand_Central_Terminal_(2012)/0/pictures/MUNY_Auditions_2012_-_Vanderbilt_Hall_-_GCT_(7217873926).jpg
Grand_Central_Terminal,260911,23,commons/Music_Under_New_York_auditions_at_Grand_Central_Terminal_(2012)/0/pictures/MUNY_Auditions_2012_-_Vanderbilt_Hall_-_GCT_(7217873788).jpg
Grand_Central_Terminal,260911,23,commons/Music_Under_New_York_auditions_at_Grand_Central_Terminal_(2012)/0/pictures/MUNY_Auditions_2012_-_Vanderbilt_Hall_-_GCT_(7217873608).jpg
Grand_Central_Terminal,260911,23,commons/Music_Under_New_York_auditions_at_Grand_Central_Terminal_(2012)/0/pictures/MUNY_Auditions_2012_-_Vanderbilt_Hall_-_GCT_(7217873490).jpg
Grand_Central_Terminal,260911,23,commons/Music_Under_New_York_auditions_at_Grand_Central_Terminal_(2012)/0/pictures/MUNY_Auditions_2012_-_Vanderbilt_Hall_-_GCT_(7217873446).jpg
Grand_Central_Terminal,260911,23,commons/Music_Under_New_York_auditions_at_Grand_Central_Terminal_(2012)/0/pictures/AFT_4778_(7210639870).jpg
Grand_Central_Terminal,260911,23,commons/Music_Under_New_York_auditions_at_Grand_Central_Terminal_(2012)/0/pictures/AFT_4733_(7210655248).jpg
Grand_Central_Terminal,260911,23,commons/Music_Under_New_York_auditions_at_Grand_Central_Terminal_(2012)/0/pictures/MUNY_Auditions_2012_-_Vanderbilt_Hall_-_GCT_(7217873074).jpg
Grand_Central_Terminal,260911,23,commons/Music_Under_New_York_auditions_at_Grand_Central_Terminal_(2012)/0/pictures/AFT_4754_(7210648108).jpg
Grand_Central_Terminal,260911,23,commons/Music_Under_New_York_auditions_at_Grand_Central_Terminal_(2012)/0/pictures/AFT_4767_(7210645168).jpg
Grand_Central_Terminal,260911,23,commons/Music_Under_New_York_auditions_at_Grand_Central_Terminal_(2012)/0/pictures/MUNY_Auditions_2012_-_Vanderbilt_Hall_-_GCT_(7217873322).jpg
Grand_Central_Terminal,260911,23,commons/Music_Under_New_York_auditions_at_Grand_Central_Terminal_(2012)/0/pictures/Chicken_Barn_Heroes_-_MUNY_2012_at_Vanderbilt_Hall_(7210632984).jpg
Grand_Central_Terminal,260911,23,commons/Music_Under_New_York_auditions_at_Grand_Central_Terminal_(2012)/0/pictures/MUNY_Auditions_2012_-_Vanderbilt_Hall_-_GCT_(7217873244).jpg
Grand_Central_Terminal,260911,23,commons/Music_Under_New_York_auditions_at_Grand_Central_Terminal_(2012)/0/pictures/AFT_4770_(7210642160).jpg
Grand_Central_Terminal,260911,23,commons/Music_Under_New_York_auditions_at_Grand_Central_Terminal_(2012)/0/pictures/MUNY_Auditions_2012_-_Vanderbilt_Hall_-_GCT_(7217872956).jpg
Grand_Central_Terminal,260911,23,commons/Music_Under_New_York_auditions_at_Grand_Central_Terminal_(2012)/0/pictures/AFT_4742_(7210653254).jpg
Grand_Central_Terminal,260911,23,commons/Music_Under_New_York_auditions_at_Grand_Central_Terminal_(2012)/0/pictures/MUNY_Auditions_2012_-_Vanderbilt_Hall_-_GCT_(7217873158).jpg
Grand_Central_Terminal,260911,23,commons/Music_Under_New_York_auditions_at_Grand_Central_Terminal_(2012)/0/pictures/MUNY_Auditions_2012_-_Vanderbilt_Hall_-_GCT_(7217873830).jpg
Grand_Central_Terminal,260911,23,commons/Music_Under_New_York_auditions_at_Grand_Central_Terminal_(2012)/0/pictures/MUNY_Auditions_2012_-_Vanderbilt_Hall_-_GCT_(7217872850).jpg
Grand_Central_Terminal,260911,24,commons/Main_Concourse_(Grand_Central_Terminal)_clock/0/pictures/Anti-Hate_Campaign.jpg
Grand_Central_Terminal,260911,24,commons/Main_Concourse_(Grand_Central_Terminal)_clock/0/pictures/Anti-Hate_Campaign_-_49451669521.jpg
Grand_Central_Terminal,260911,24,commons/Main_Concourse_(Grand_Central_Terminal)_clock/0/pictures/GCT_information_booth.jpg
Grand_Central_Terminal,260911,24,commons/Main_Concourse_(Grand_Central_Terminal)_clock/0/pictures/Grand_Central_Terminal_Main_Concourse_2.jpg
Grand_Central_Terminal,260911,24,commons/Grand_Central_Terminal_in_2017/0/pictures/Grand_Central_Terminal_Main_Concourse_2.jpg
Grand_Central_Terminal,260911,24,commons/Main_Concourse_(Grand_Central_Terminal)/0/pictures/Record_Ridership_(52085145034).jpg
Grand_Central_Terminal,260911,24,commons/Grand_Central_Terminal_special_events/0/pictures/Presser-_Cardiac_Save_at_Grand_Central_(16241925360).jpg
Grand_Central_Terminal,260911,24,commons/Main_Concourse_(Grand_Central_Terminal)_clock/0/pictures/Anti-Hate_Campaign_-_49451185978.jpg
Grand_Central_Terminal,260911,24,commons/Main_Concourse_(Grand_Central_Terminal)_clock/0/pictures/MTA_Expands_'TRAVELS_FAR'_Memorial_to_Grand_Central_and_Moynihan_Train_Hall_(50884961931).jpg
Grand_Central_Terminal,260911,24,commons/Main_Concourse_(Grand_Central_Terminal)_information_booth/0/pictures/GCT_information_booth.jpg
Grand_Central_Terminal,260911,24,commons/Main_Concourse_(Grand_Central_Terminal)_clock/0/pictures/GCT_November_2019_07.jpg
Grand_Central_Terminal,260911,24,commons/Main_Concourse_(Grand_Central_Terminal)_clock/0/pictures/MTA_Celebrates_110th_Anniversary_of_Grand_Central_Terminal_(52665741043).jpg
Grand_Central_Terminal,260911,24,commons/Grand_Central_Terminal_and_the_COVID-19_pandemic/0/pictures/GCT_information_booth.jpg
Grand_Central_Terminal,260911,24,commons/TRAVELS_FAR_memorial_at_Grand_Central_Terminal/0/pictures/MTA_Expands_'TRAVELS_FAR'_Memorial_to_Grand_Central_and_Moynihan_Train_Hall_(50884961931).jpg
Grand_Central_Terminal,260911,24,commons/Grand_Central_Terminal_in_2023/0/pictures/MTA_Celebrates_110th_Anniversary_of_Grand_Central_Terminal_(52665741043).jpg
Grand_Central_Terminal,260911,24,commons/Grand_Central_Terminal_in_2015/0/pictures/Presser-_Cardiac_Save_at_Grand_Central_(16241925360).jpg
Grand_Central_Terminal,260911,24,commons/Grand_Central_Terminal_in_2019/0/pictures/GCT_November_2019_07.jpg
Grand_Central_Terminal,260911,24,commons/Main_Concourse_(Grand_Central_Terminal)_clock/0/pictures/Anti-Hate_Campaign_-_49451899847.jpg
