scene,scene_id,model,image
St._Paul's_Cathedral,27756,0,"commons/West_steps_of_St._Paul's_Cathedral/0/pictures/Steps_of_St_Paul's,_London-2106117800.jpg"
St._Paul's_Cathedral,27756,0,"commons/West_steps_of_St._Paul's_Cathedral/0/pictures/West_steps_of_St._Paul's_Cathedral,_London-9206779719.jpg"
St._Paul's_Cathedral,27756,0,"commons/West_steps_of_St._Paul's_Cathedral/0/pictures/Steps_of_St_Paul's,_London-1400427947.jpg"
St._Paul's_Cathedral,27756,0,"commons/St._Paul's_Cathedral/0/pictures/London_-_St_Paul's_Cathedral_1697_by_Sir_Christopher_Wren_-Panorama_Viewing_Down,_West_&_Up_at_the_Central_Front_Door_05.jpg"
St._Paul's_Cathedral,27756,0,commons/St._Paul's_Cathedral/0/pictures/London_-_New_Change_-_One_New_Change_2010_by_Jean_Nouvel_-_Panorama_View_from_the_Shard_London_Bridge_(310_m)_2012_by_Renzo_Piano_to_St_Paul's_Cathedral_1697_by_Sir_Christopher_Wren_03.jpg
St._Paul's_Cathedral,27756,0,commons/St._Paul's_Cathedral/0/pictures/DSC6186_-_Flickr_-_dconvertini.jpg
St._Paul's_Cathedral,27756,0,commons/St._Paul's_Cathedral/0/pictures/DSC6175_-_Flickr_-_dconvertini.jpg
St._Paul's_Cathedral,27756,0,"commons/St._Paul's_Cathedral/0/pictures/Exterieur_van_Saint_Paul's_Cathedral_in_Londen_St_Pauls_Cathedral_(titel_op_object),_RP-F-F00877-S.jpg"
St._Paul's_Cathedral,27756,0,commons/St._Paul's_Cathedral/0/pictures/DSC6197_-_Flickr_-_dconvertini.jpg
St._Paul's_Cathedral,27756,0,commons/St._Paul's_Cathedral/0/pictures/DSC6194_-_Flickr_-_dconvertini.jpg
St._Paul's_Cathedral,27756,0,commons/St._Paul's_Cathedral/0/pictures/DSC6184_-_Flickr_-_dconvertini.jpg
St._Paul's_Cathedral,27756,0,commons/St._Paul's_Cathedral/0/pictures/170803589_Jpg_(165463267).jpeg
St._Paul's_Cathedral,27756,0,commons/St._Paul's_Cathedral/0/pictures/170801961_Jpg_(165463269).jpeg
St._Paul's_Cathedral,27756,0,"commons/St._Paul's_Cathedral/0/pictures/Cathedrals,_abbeys_and_churches_of_England_and_Wales,_descriptive,_historical,_pictorial_(1896)_(14586980770).jpg"
St._Paul's_Cathedral,27756,0,commons/St._Paul's_Cathedral/0/pictures/170800779_Jpg_(165463271).jpeg
St._Paul's_Cathedral,27756,0,commons/South_facade_of_St._Paul's_Cathedral/0/pictures/Собор_святого_Павла_2014-05-21_21-59.jpg
St._Paul's_Cathedral,27756,0,commons/South_facade_of_St._Paul's_Cathedral/0/pictures/UK_-_London_(30474925056).jpg
St._Paul's_Cathedral,27756,0,commons/South_facade_of_St._Paul's_Cathedral/0/pictures/View_of_St._Paul's_Cathedral_from_the_Churchyard_-_geograph.org.uk_-_4675370.jpg
St._Paul's_Cathedral,27756,0,commons/South_facade_of_St._Paul's_Cathedral/0/pictures/View_of_St._Paul's_Cathedral_from_Cannon_Street_^4_-_geograph.org.uk_-_4675861.jpg
St._Paul's_Cathedral,27756,0,commons/South_facade_of_St._Paul's_Cathedral/0/pictures/UK_-_London_(30511206255).jpg
St._Paul's_Cathedral,27756,0,commons/South_facade_of_St._Paul's_Cathedral/0/pictures/UK_-_London_(30474909796).jpg
St._Paul's_Cathedral,27756,0,"commons/South_facade_of_St._Paul's_Cathedral/0/pictures/St._Pauls_Cathedral,_London,_England,_KW_(15539224489).jpg"
St._Paul's_Cathedral,27756,0,commons/South_facade_of_St._Paul's_Cathedral/0/pictures/View_of_St._Paul's_Cathedral_from_Cannon_Street_^3_-_geograph.org.uk_-_4675849.jpg
St._Paul's_Cathedral,27756,0,commons/South_facade_of_St._Paul's_Cathedral/0/pictures/United_Kingdom_Saint_Paul's_Cathedral_(_IMG_4018_)_(7991029754).jpg
St._Paul's_Cathedral,27756,0,commons/South_facade_of_St._Paul's_Cathedral/0/pictures/View_of_St._Paul's_Cathedral_from_Cannon_Street_-_geograph.org.uk_-_4675838.jpg
St._Paul's_Cathedral,27756,0,commons/South_facade_of_St._Paul's_Cathedral/0/pictures/View_of_St._Paul's_Cathedral_from_Cannon_Street_^2_-_geograph.org.uk_-_4675842.jpg
St._Paul's_Cathedral,27756,0,commons/South_facade_of_St._Paul's_Cathedral/0/pictures/UK_-_50_-_St._Pauls_Cathedral_(3063565352).jpg
St._Paul's_Cathedral,27756,0,commons/South_facade_of_St._Paul's_Cathedral/0/pictures/StPaul'sLondon.JPG
St._Paul's_Cathedral,27756,0,commons/South_facade_of_St._Paul's_Cathedral/0/pictures/St._Pauls_Cathedral_south_side._City_of_London.JPG
St._Paul's_Cathedral,27756,0,commons/South_facade_of_St._Paul's_Cathedral/0/pictures/The_south_side_of_St_Paul's_Cathedral_-_geograph.org.uk_-_2200676.jpg
St._Paul's_Cathedral,27756,0,commons/South_facade_of_St._Paul's_Cathedral/0/pictures/St.Paul's_from_the_South_-_geograph.org.uk_-_4149631.jpg
St._Paul's_Cathedral,27756,0,"commons/South_facade_of_St._Paul's_Cathedral/0/pictures/St._Paul's_Cathedral,_London.JPG"
St._Paul's_Cathedral,27756,0,"commons/South_facade_of_St._Paul's_Cathedral/0/pictures/St._Paul's_Cathedral,_London,_UK_-_south_facade.jpg"
St._Paul's_Cathedral,27756,0,commons/South_facade_of_St._Paul's_Cathedral/0/pictures/St._Paul's_Cathedral_(6).JPG
St._Paul's_Cathedral,27756,0,commons/South_facade_of_St._Paul's_Cathedral/0/pictures/St._Paul's_Cathedral_in_the_City_of_London.JPG
St._Paul's_Cathedral,27756,0,"commons/South_facade_of_St._Paul's_Cathedral/0/pictures/St._Paul's_Cathedral,_London,_England_-_south_facade_-_the_dome.jpg"
St._Paul's_Cathedral,27756,0,"commons/South_facade_of_St._Paul's_Cathedral/0/pictures/St._Paul's_Cathedral,_London,_England_-_south_facade.jpg"
St._Paul's_Cathedral,27756,0,commons/South_facade_of_St._Paul's_Cathedral/0/pictures/St._Paul's_Cathedral_black_white_and_red.jpg
St._Paul's_Cathedral,27756,0,commons/South_facade_of_St._Paul's_Cathedral/0/pictures/St._Paul's_from_the_southeast_-_geograph.org.uk_-_1499809.jpg
St._Paul's_Cathedral,27756,0,"commons/South_facade_of_St._Paul's_Cathedral/0/pictures/St._Paul's_Cathedral_at_night,_September_2022.jpg"
St._Paul's_Cathedral,27756,0,commons/South_facade_of_St._Paul's_Cathedral/0/pictures/St._Paul's_Cathedral_-_geograph.org.uk_-_4291711.jpg
St._Paul's_Cathedral,27756,0,commons/South_facade_of_St._Paul's_Cathedral/0/pictures/St._Paul's_Cathedral_-_geograph.org.uk_-_3229746.jpg
St._Paul's_Cathedral,27756,0,"commons/South_facade_of_St._Paul's_Cathedral/0/pictures/St_Pauls_Cathedral,_London.jpg"
St._Paul's_Cathedral,27756,0,commons/South_facade_of_St._Paul's_Cathedral/0/pictures/St._Paul's_Cathedral_(4).JPG
St._Paul's_Cathedral,27756,0,"commons/South_facade_of_St._Paul's_Cathedral/0/pictures/St._Paul's_Cathedral_II,_EC4_-_geograph.org.uk_-_920730.jpg"
St._Paul's_Cathedral,27756,0,commons/South_facade_of_St._Paul's_Cathedral/0/pictures/St._Paul's_Cathedral_-_geograph.org.uk_-_4772801.jpg
St._Paul's_Cathedral,27756,0,commons/South_facade_of_St._Paul's_Cathedral/0/pictures/St._Paul's_Cathedral_-_geograph.org.uk_-_4091549.jpg
St._Paul's_Cathedral,27756,0,commons/South_facade_of_St._Paul's_Cathedral/0/pictures/St._Paul's_Cathedral_(3).JPG
St._Paul's_Cathedral,27756,0,commons/South_facade_of_St._Paul's_Cathedral/0/pictures/St._Paul's_Cathedral_(4628644276).jpg
St._Paul's_Cathedral,27756,0,commons/South_facade_of_St._Paul's_Cathedral/0/pictures/St_Pauls_From_the_South.JPG
St._Paul's_Cathedral,27756,0,"commons/South_facade_of_St._Paul's_Cathedral/0/pictures/St_Pauls_Cathedral_with_bike,_taxi_&_bus,_5_May_2009.jpg"
St._Paul's_Cathedral,27756,0,"commons/South_facade_of_St._Paul's_Cathedral/0/pictures/St_Paul's_Cathedral,_London_Christmas_tree_(23741102432).jpg"
St._Paul's_Cathedral,27756,0,commons/South_facade_of_St._Paul's_Cathedral/0/pictures/St-pauls-cathedral.jpg
St._Paul's_Cathedral,27756,0,"commons/South_facade_of_St._Paul's_Cathedral/0/pictures/St_Paul's_Cathedral,_London,_UK_(2014)_-_29.JPG"
St._Paul's_Cathedral,27756,0,"commons/South_facade_of_St._Paul's_Cathedral/0/pictures/St_Paul's_Cathedral,_London,_UK_(2014)_-_28.JPG"
St._Paul's_Cathedral,27756,0,commons/South_facade_of_St._Paul's_Cathedral/0/pictures/St_Paul's_Cathedral_from_Millenium_Bridge_2020.jpg
St._Paul's_Cathedral,27756,0,"commons/South_facade_of_St._Paul's_Cathedral/0/pictures/St_Paul's_Cathedral,_London_(165454887).jpg"
St._Paul's_Cathedral,27756,0,commons/South_facade_of_St._Paul's_Cathedral/0/pictures/St_Pauls_Cathedral_-_geograph.org.uk_-_3776840.jpg
St._Paul's_Cathedral,27756,0,commons/South_facade_of_St._Paul's_Cathedral/0/pictures/St_Paul's_Cathedral_night.jpg
St._Paul's_Cathedral,27756,0,"commons/South_facade_of_St._Paul's_Cathedral/0/pictures/St_Paul's_Cathedral,_London,_EC2_-_geograph.org.uk_-_3209158.jpg"
St._Paul's_Cathedral,27756,0,commons/South_facade_of_St._Paul's_Cathedral/0/pictures/St_Paul's_Cathedral_2010-6.jpg
St._Paul's_Cathedral,27756,0,"commons/South_facade_of_St._Paul's_Cathedral/0/pictures/St_Paul's_Cathedral,_London_EC2_-_geograph.org.uk_-_3209385.jpg"
St._Paul's_Cathedral,27756,0,"commons/South_facade_of_St._Paul's_Cathedral/0/pictures/St_Paul's_Cathedral,_London_EC2_-_geograph.org.uk_-_1089406.jpg"
St._Paul's_Cathedral,27756,0,"commons/South_facade_of_St._Paul's_Cathedral/0/pictures/St_Paul's_Cathedral,_London_EC2_-_geograph.org.uk_-_1089408.jpg"
St._Paul's_Cathedral,27756,0,commons/South_facade_of_St._Paul's_Cathedral/0/pictures/St_Paul's_Cathedral_2009-1.jpg
St._Paul's_Cathedral,27756,0,commons/South_facade_of_St._Paul's_Cathedral/0/pictures/St_Paul's_Cathedral_2009.jpg
St._Paul's_Cathedral,27756,0,commons/South_facade_of_St._Paul's_Cathedral/0/pictures/St_Paul's_Cathedral_London_-_geograph.org.uk_-_5048751.jpg
St._Paul's_Cathedral,27756,0,commons/South_facade_of_St._Paul's_Cathedral/0/pictures/St_Paul's_Cathedral_from_the_Millennium_Bridge_-_panoramio.jpg
St._Paul's_Cathedral,27756,0,commons/South_facade_of_St._Paul's_Cathedral/0/pictures/St_Paul's_Cathedral_00_(9).JPG
St._Paul's_Cathedral,27756,0,commons/South_facade_of_St._Paul's_Cathedral/0/pictures/St_Paul's_Cathedral_00_(8).JPG
St._Paul's_Cathedral,27756,0,commons/South_facade_of_St._Paul's_Cathedral/0/pictures/St_Paul's_Cathedral_2003_crop.JPG
St._Paul's_Cathedral,27756,0,commons/South_facade_of_St._Paul's_Cathedral/0/pictures/St_Paul's_Cathedral_00_(6).JPG
St._Paul's_Cathedral,27756,0,commons/South_facade_of_St._Paul's_Cathedral/0/pictures/St_Paul's_Cathedral_2003.jpg
St._Paul's_Cathedral,27756,0,commons/South_facade_of_St._Paul's_Cathedral/0/pictures/St_Paul's_Cathedral_00_(21).JPG
St._Paul's_Cathedral,27756,0,commons/South_facade_of_St._Paul's_Cathedral/0/pictures/St_Paul's_Cathedral_00_(25).JPG
St._Paul's_Cathedral,27756,0,commons/South_facade_of_St._Paul's_Cathedral/0/pictures/St_Paul's_Cathedral_00_(27).JPG
St._Paul's_Cathedral,27756,0,commons/South_facade_of_St._Paul's_Cathedral/0/pictures/St_Paul's_Cathedral_00_(24).JPG
St._Paul's_Cathedral,27756,0,commons/South_facade_of_St._Paul's_Cathedral/0/pictures/St_Paul's_Cathedral_00_(23).JPG
St._Paul's_Cathedral,27756,0,commons/South_facade_of_St._Paul's_Cathedral/0/pictures/St_Paul's_Cathedral_00_(26).JPG
St._Paul's_Cathedral,27756,0,commons/South_facade_of_St._Paul's_Cathedral/0/pictures/St_Paul's_Cathedral_00_(22).JPG
St._Paul's_Cathedral,27756,0,commons/South_facade_of_St._Paul's_Cathedral/0/pictures/St_Paul's_Cathedral_00_(20).JPG
St._Paul's_Cathedral,27756,0,commons/South_facade_of_St._Paul's_Cathedral/0/pictures/St_Paul's_Cathedral_00_(15).JPG
St._Paul's_Cathedral,27756,0,commons/South_facade_of_St._Paul's_Cathedral/0/pictures/St_Paul's_Cathedral_00_(19).JPG
St._Paul's_Cathedral,27756,0,commons/South_facade_of_St._Paul's_Cathedral/0/pictures/St_Paul's_Cathedral_00_(18).JPG
St._Paul's_Cathedral,27756,0,commons/South_facade_of_St._Paul's_Cathedral/0/pictures/St_Paul's_Cathedral_00_(14).JPG
St._Paul's_Cathedral,27756,0,commons/South_facade_of_St._Paul's_Cathedral/0/pictures/St_Paul's_Cathedral_00_(2).JPG
St._Paul's_Cathedral,27756,0,commons/South_facade_of_St._Paul's_Cathedral/0/pictures/St_Paul's_Cathedral_00_(17).JPG
St._Paul's_Cathedral,27756,0,commons/South_facade_of_St._Paul's_Cathedral/0/pictures/St_Paul's_Cathedral_00_(16).JPG
St._Paul's_Cathedral,27756,0,commons/South_facade_of_St._Paul's_Cathedral/0/pictures/St_Paul's_Cathedral_00_(13).JPG
St._Paul's_Cathedral,27756,0,commons/South_facade_of_St._Paul's_Cathedral/0/pictures/St_Paul's_Cathedral_00_(12).JPG
St._Paul's_Cathedral,27756,0,commons/South_facade_of_St._Paul's_Cathedral/0/pictures/St_Paul's_Cathedral_00_(10).JPG
St._Paul's_Cathedral,27756,0,commons/South_facade_of_St._Paul's_Cathedral/0/pictures/St_Paul's_Cathedral_00_(11).JPG
St._Paul's_Cathedral,27756,0,"commons/South_facade_of_St._Paul's_Cathedral/0/pictures/Southwest_View_of_St_Paul's_Cathedral,_London.jpg"
St._Paul's_Cathedral,27756,0,commons/South_facade_of_St._Paul's_Cathedral/0/pictures/St_Paul's_Cathedral_(25582699077).jpg
St._Paul's_Cathedral,27756,0,commons/South_facade_of_St._Paul's_Cathedral/0/pictures/St_Paul's_Cathedral_00_(1).JPG
St._Paul's_Cathedral,27756,0,commons/South_facade_of_St._Paul's_Cathedral/0/pictures/St_Paul's_Cathedral_-_geograph.org.uk_-_4240055.jpg
St._Paul's_Cathedral,27756,0,"commons/South_facade_of_St._Paul's_Cathedral/0/pictures/S.Paul’s_Cathedral,_London.JPG"
St._Paul's_Cathedral,27756,0,commons/South_facade_of_St._Paul's_Cathedral/0/pictures/St_Paul's_Cathedral_-_geograph.org.uk_-_5146308.jpg
St._Paul's_Cathedral,27756,0,commons/South_facade_of_St._Paul's_Cathedral/0/pictures/ST_PAUL'S_CATHEDRAL.JPG
St._Paul's_Cathedral,27756,0,commons/South_facade_of_St._Paul's_Cathedral/0/pictures/St_Paul's_Cathedral_-_geograph.org.uk_-_5146306.jpg
St._Paul's_Cathedral,27756,0,commons/South_facade_of_St._Paul's_Cathedral/0/pictures/St_Paul's_Cathedral_-_geograph.org.uk_-_5143143.jpg
St._Paul's_Cathedral,27756,0,commons/South_facade_of_St._Paul's_Cathedral/0/pictures/St_Paul's_Cathedral_-_geograph.org.uk_-_4490530.jpg
St._Paul's_Cathedral,27756,0,"commons/South_facade_of_St._Paul's_Cathedral/0/pictures/Saint_Paul_Cathedral,_seen_from_the_Cannon_Street.jpg"
St._Paul's_Cathedral,27756,0,commons/South_facade_of_St._Paul's_Cathedral/0/pictures/St_Paul's_Cathedral_-_geograph.org.uk_-_4488052.jpg
St._Paul's_Cathedral,27756,0,commons/South_facade_of_St._Paul's_Cathedral/0/pictures/St_Paul's_Cathedral_-_geograph.org.uk_-_4454752.jpg
St._Paul's_Cathedral,27756,0,commons/South_facade_of_St._Paul's_Cathedral/0/pictures/St_Paul's_Cathedral_-_geograph.org.uk_-_2937334.jpg
St._Paul's_Cathedral,27756,0,commons/South_facade_of_St._Paul's_Cathedral/0/pictures/St_Paul's_Cathedral_-_geograph.org.uk_-_1623694.jpg
St._Paul's_Cathedral,27756,0,commons/South_facade_of_St._Paul's_Cathedral/0/pictures/St_Paul's_Cathedral_-_geograph.org.uk_-_1231390.jpg
St._Paul's_Cathedral,27756,0,commons/South_facade_of_St._Paul's_Cathedral/0/pictures/St_Paul's_Cathedral_-_geograph.org.uk_-_1231387.jpg
St._Paul's_Cathedral,27756,0,"commons/South_facade_of_St._Paul's_Cathedral/0/pictures/South_side,_St_Paul's_Cathedral,_London_EC2_-_geograph.org.uk_-_1089416.jpg"
St._Paul's_Cathedral,27756,0,"commons/South_facade_of_St._Paul's_Cathedral/0/pictures/London_,_City_of_London_-_St_Paul's_Cathedral_-_geograph.org.uk_-_4439039.jpg"
St._Paul's_Cathedral,27756,0,commons/South_facade_of_St._Paul's_Cathedral/0/pictures/London-32-2_(48189337936).jpg
St._Paul's_Cathedral,27756,0,"commons/South_facade_of_St._Paul's_Cathedral/0/pictures/South_side_of_St_Paul's_Cathedral,_London_EC2_-_geograph.org.uk_-_1089411.jpg"
St._Paul's_Cathedral,27756,0,commons/South_facade_of_St._Paul's_Cathedral/0/pictures/Línea_directa_Direct_line_(6867402004).jpg
St._Paul's_Cathedral,27756,0,commons/South_facade_of_St._Paul's_Cathedral/0/pictures/London_2408.JPG
St._Paul's_Cathedral,27756,0,commons/South_facade_of_St._Paul's_Cathedral/0/pictures/London_2409.JPG
St._Paul's_Cathedral,27756,0,commons/South_facade_of_St._Paul's_Cathedral/0/pictures/London_St_Paul's_Cathedral_-_panoramio_(7).jpg
St._Paul's_Cathedral,27756,0,commons/South_facade_of_St._Paul's_Cathedral/0/pictures/London_uponThames_fc04.jpg
St._Paul's_Cathedral,27756,0,commons/South_facade_of_St._Paul's_Cathedral/0/pictures/London_2406.JPG
St._Paul's_Cathedral,27756,0,commons/South_facade_of_St._Paul's_Cathedral/0/pictures/London_2405.JPG
St._Paul's_Cathedral,27756,0,commons/South_facade_of_St._Paul's_Cathedral/0/pictures/Facade_of_St._Paul's_Cathedral.jpg
St._Paul's_Cathedral,27756,0,commons/West_steps_of_St._Paul's_Cathedral/0/pictures/'THE_BARONESS'_-_Army_Photographic_Competition_2013_MOD_45157254.jpg
St._Paul's_Cathedral,27756,0,commons/South_facade_of_St._Paul's_Cathedral/0/pictures/Londen_2006_(275)_(2848093665).jpg
St._Paul's_Cathedral,27756,0,commons/West_steps_of_St._Paul's_Cathedral/0/pictures/London_2404.JPG
St._Paul's_Cathedral,27756,0,commons/South_facade_of_St._Paul's_Cathedral/0/pictures/Londen_2006_(274)_(2848093133).jpg
St._Paul's_Cathedral,27756,0,commons/West_steps_of_St._Paul's_Cathedral/0/pictures/St._Paul's_Cathedral_-_Entrance_-_geograph.org.uk_-_1287398.jpg
St._Paul's_Cathedral,27756,0,commons/South_facade_of_St._Paul's_Cathedral/0/pictures/Facade_of_St_Paul_IMG_9168.JPG
St._Paul's_Cathedral,27756,0,commons/West_facade_of_St._Paul's_Cathedral/0/pictures/Колонны_собора_Святого_Павла_-_panoramio.jpg
St._Paul's_Cathedral,27756,0,commons/South_facade_of_St._Paul's_Cathedral/0/pictures/Facade_of_St._Paul's_Cathedral_IMG_9163.JPG
St._Paul's_Cathedral,27756,0,commons/South_facade_of_St._Paul's_Cathedral/0/pictures/ENG_London_St_Paul_Churchyard_04.jpg
St._Paul's_Cathedral,27756,0,commons/South_facade_of_St._Paul's_Cathedral/0/pictures/Dome_of_St._Paul_IMG_9161.JPG
St._Paul's_Cathedral,27756,0,commons/West_steps_of_St._Paul's_Cathedral/0/pictures/London_St_Pauls_Westwerk_Treppe_201008.jpg
St._Paul's_Cathedral,27756,0,commons/South_facade_of_St._Paul's_Cathedral/0/pictures/Dome_of_St._Paul_IMG_9162.JPG
St._Paul's_Cathedral,27756,0,commons/South_facade_of_St._Paul's_Cathedral/0/pictures/Dome_of_St._Paul_IMG_9160.JPG
St._Paul's_Cathedral,27756,0,commons/West_facade_of_St._Paul's_Cathedral/0/pictures/Wikimania_2014_-_0804_-_Saint_Paul's220935.jpg
St._Paul's_Cathedral,27756,0,commons/South_facade_of_St._Paul's_Cathedral/0/pictures/City_of_London_-_St_Paul's_Cathedral_-_20150404115251.jpg
St._Paul's_Cathedral,27756,0,commons/South_facade_of_St._Paul's_Cathedral/0/pictures/Dome_of_St._Paul_IMG_9158.JPG
St._Paul's_Cathedral,27756,0,commons/South_facade_of_St._Paul's_Cathedral/0/pictures/Dome_of_St._Paul_IMG_9159.JPG
St._Paul's_Cathedral,27756,0,"commons/South_facade_of_St._Paul's_Cathedral/0/pictures/Catedral_de_San_Pablo,_Londres,_Inglaterra,_2014-08-11,_DD_129.JPG"
St._Paul's_Cathedral,27756,0,commons/West_facade_of_St._Paul's_Cathedral/0/pictures/West_side_of_St_Paul's_Cathedral_London.jpg
St._Paul's_Cathedral,27756,0,commons/South_facade_of_St._Paul's_Cathedral/0/pictures/Detail_of_south_front_of_St_Paul's_Cathedral.jpg
St._Paul's_Cathedral,27756,0,commons/West_facade_of_St._Paul's_Cathedral/0/pictures/West_facade_of_Saint_Paul's_Cathedral_-_20090408.jpg
St._Paul's_Cathedral,27756,0,commons/South_facade_of_St._Paul's_Cathedral/0/pictures/Couples_by_St_Pauls_(27722607346).jpg
St._Paul's_Cathedral,27756,0,commons/West_facade_of_St._Paul's_Cathedral/0/pictures/St._paul_cathedral_london-IMG_0373.jpg
St._Paul's_Cathedral,27756,0,"commons/South_facade_of_St._Paul's_Cathedral/0/pictures/City_of_London,_London,_UK_-_panoramio_(44).jpg"
St._Paul's_Cathedral,27756,0,commons/West_facade_of_St._Paul's_Cathedral/0/pictures/West_facade_of_St_Paul's_Cathedral_2011_detail01.jpg
St._Paul's_Cathedral,27756,0,commons/South_facade_of_St._Paul's_Cathedral/0/pictures/Cathedrale_St_Paul.jpg
St._Paul's_Cathedral,27756,0,commons/West_facade_of_St._Paul's_Cathedral/0/pictures/West_facade_of_St._Paul's_Cathedral.jpg
St._Paul's_Cathedral,27756,0,"commons/South_facade_of_St._Paul's_Cathedral/0/pictures/City_of_London,_London,_UK_-_panoramio_(9).jpg"
St._Paul's_Cathedral,27756,0,"commons/West_facade_of_St._Paul's_Cathedral/0/pictures/West_Face_of_St_Paul's_Cathedral,_London.jpg"
St._Paul's_Cathedral,27756,0,commons/South_facade_of_St._Paul's_Cathedral/0/pictures/Cue_Billy_Idol_-_geograph.org.uk_-_1707152.jpg
St._Paul's_Cathedral,27756,0,commons/West_facade_of_St._Paul's_Cathedral/0/pictures/Westportico-stpauls.jpg
St._Paul's_Cathedral,27756,0,"commons/South_facade_of_St._Paul's_Cathedral/0/pictures/City_of_London,_the_No_15_bus_passes_St._Paul's_Cathedral_-_geograph.org.uk_-_559838.jpg"
St._Paul's_Cathedral,27756,0,commons/West_facade_of_St._Paul's_Cathedral/0/pictures/West_facade_of_St._Paul's_Cathedral_(.jpg
St._Paul's_Cathedral,27756,0,"commons/South_facade_of_St._Paul's_Cathedral/0/pictures/Catedral_de_San_Pablo,_Londres,_Inglaterra,_2014-08-11,_DD_130.JPG"
St._Paul's_Cathedral,27756,0,"commons/West_facade_of_St._Paul's_Cathedral/0/pictures/West_Front,_St._Paul's_Cathedral_-_geograph.org.uk_-_2474783.jpg"
St._Paul's_Cathedral,27756,0,"commons/South_facade_of_St._Paul's_Cathedral/0/pictures/Cathédrale_St_Paul,_Londres.jpg"
St._Paul's_Cathedral,27756,0,commons/West_facade_of_St._Paul's_Cathedral/0/pictures/Weekend_in_the_city_-_panoramio_(26).jpg
St._Paul's_Cathedral,27756,0,"commons/South_facade_of_St._Paul's_Cathedral/0/pictures/Catedral_de_San_Pablo,_Londres,_Inglaterra,_2014-08-11,_DD_121.JPG"
St._Paul's_Cathedral,27756,0,commons/West_facade_of_St._Paul's_Cathedral/0/pictures/View_of_St._Paul's_Cathedral_from_Ludgate_Hill_-_geograph.org.uk_-_5165224.jpg
St._Paul's_Cathedral,27756,0,commons/South_facade_of_St._Paul's_Cathedral/0/pictures/A_view_of_St_Paul's_(2).jpg
St._Paul's_Cathedral,27756,0,commons/West_facade_of_St._Paul's_Cathedral/0/pictures/View_of_St._Paul's_Cathedral_from_Ludgate_Hill_^2_-_geograph.org.uk_-_5165229.jpg
St._Paul's_Cathedral,27756,0,commons/South_facade_of_St._Paul's_Cathedral/0/pictures/Autumn_in_London_(4038269350).jpg
St._Paul's_Cathedral,27756,0,"commons/West_facade_of_St._Paul's_Cathedral/0/pictures/VIEW_,_®'s_-_DigiGraf_-_Ð_-_┼_,_LONDON_ENGLAND_St._PAUL's_CATHEDRAL_-_panoramio.jpg"
St._Paul's_Cathedral,27756,0,commons/South_facade_of_St._Paul's_Cathedral/0/pictures/6.1.17_St_Pauls_London_3_(32128599906).jpg
St._Paul's_Cathedral,27756,0,commons/West_facade_of_St._Paul's_Cathedral/0/pictures/The_Columns_of_St_Paul's_(27451618231).jpg
St._Paul's_Cathedral,27756,0,commons/South_facade_of_St._Paul's_Cathedral/0/pictures/20110530_London_10.JPG
St._Paul's_Cathedral,27756,0,commons/West_facade_of_St._Paul's_Cathedral/0/pictures/West_Face_of_St_Paul's_Cathedral_-_geograph.org.uk_-_3776872.jpg
St._Paul's_Cathedral,27756,0,commons/South_facade_of_St._Paul's_Cathedral/0/pictures/006SFEC_ST.PAULS_CATHEDRAL-200705.JPG
St._Paul's_Cathedral,27756,0,commons/West_facade_of_St._Paul's_Cathedral/0/pictures/The_west_end_of_St_Paul's_Cathedral_-_geograph.org.uk_-_2200643.jpg
St._Paul's_Cathedral,27756,0,commons/South_facade_of_St._Paul's_Cathedral/0/pictures/004SFEC_ST.PAULS_CATHEDRAL-200705.JPG
St._Paul's_Cathedral,27756,0,commons/West_facade_of_St._Paul's_Cathedral/0/pictures/The_top_of_the_west_end_of_St_Paul's_Cathedral_-_geograph.org.uk_-_2200637.jpg
St._Paul's_Cathedral,27756,0,commons/South_facade_of_St._Paul's_Cathedral/0/pictures/2017_Exterior_of_St._Paul's_Cathedral_04.jpg
St._Paul's_Cathedral,27756,0,"commons/West_facade_of_St._Paul's_Cathedral/0/pictures/Thatchers_funeral,_Security_checks_all_night.jpg"
St._Paul's_Cathedral,27756,0,commons/South_facade_of_St._Paul's_Cathedral/0/pictures/2017_Exterior_of_St._Paul's_Cathedral_03.jpg
St._Paul's_Cathedral,27756,0,commons/West_facade_of_St._Paul's_Cathedral/0/pictures/StPauls3.jpg
St._Paul's_Cathedral,27756,0,commons/South_facade_of_St._Paul's_Cathedral/0/pictures/6.1.17_St_Pauls_London_1_(31325146504).jpg
St._Paul's_Cathedral,27756,0,commons/West_facade_of_St._Paul's_Cathedral/0/pictures/The_west_front_of_St._Paul's_Cathedral_-_geograph.org.uk_-_1274664.jpg
St._Paul's_Cathedral,27756,0,commons/South_facade_of_St._Paul's_Cathedral/0/pictures/2006-03-04_-_London_-_St_Pauls_Cathedral_-_Religion_-_Black_and_White_(4888155993).jpg
St._Paul's_Cathedral,27756,0,"commons/West_facade_of_St._Paul's_Cathedral/0/pictures/The_facade_of_St_Paul's_Cathedral,_St_Paul's_Churchyard_EC4_-_geograph.org.uk_-_1275100.jpg"
St._Paul's_Cathedral,27756,0,commons/Remote_views_of_St._Paul's_Cathedral/0/pictures/Wikimania_2014_-_0802_-_Saint_Paul's_across_the_Thames220203.jpg
St._Paul's_Cathedral,27756,0,"commons/West_facade_of_St._Paul's_Cathedral/0/pictures/St._Paul's_Cathedral,_EC4_-_geograph.org.uk_-_920722.jpg"
St._Paul's_Cathedral,27756,0,commons/Remote_views_of_St._Paul's_Cathedral/0/pictures/Собор_Святого_Павла_-_panoramio.jpg
St._Paul's_Cathedral,27756,0,commons/West_facade_of_St._Paul's_Cathedral/0/pictures/St._Paul's_Cathedral_-_panoramio.jpg
St._Paul's_Cathedral,27756,0,commons/Remote_views_of_St._Paul's_Cathedral/0/pictures/Wikimania_2014_-_0802_-_Blackfrairs_Bridge_and_City_of_London220174.jpg
St._Paul's_Cathedral,27756,0,commons/West_facade_of_St._Paul's_Cathedral/0/pictures/St._Paul's_Cathedral_IB10.jpg
St._Paul's_Cathedral,27756,0,commons/Remote_views_of_St._Paul's_Cathedral/0/pictures/Wikimania_2014_-_0802_-_Blackfrairs_Bridge_and_Saint_Paul's220169.jpg
St._Paul's_Cathedral,27756,0,commons/West_facade_of_St._Paul's_Cathedral/0/pictures/St._Paul's_Cathedral_West_Front.JPG
St._Paul's_Cathedral,27756,0,commons/Remote_views_of_St._Paul's_Cathedral/0/pictures/Vue_sur_Saint_Paul's_Cathedral_et_la_City.jpg
St._Paul's_Cathedral,27756,0,commons/West_facade_of_St._Paul's_Cathedral/0/pictures/St._Paul's_Cathedral_-_geograph.org.uk_-_4284908.jpg
St._Paul's_Cathedral,27756,0,commons/Remote_views_of_St._Paul's_Cathedral/0/pictures/View_of_St._Paul's_Cathedral_from_the_Thames_Beach_^4_-_geograph.org.uk_-_4050233.jpg
St._Paul's_Cathedral,27756,0,commons/West_facade_of_St._Paul's_Cathedral/0/pictures/St_paul's_cathedral_-_panoramio.jpg
St._Paul's_Cathedral,27756,0,commons/Remote_views_of_St._Paul's_Cathedral/0/pictures/View_of_St._Paul's_Cathedral_from_the_Thames_Beach_-_geograph.org.uk_-_4049871.jpg
St._Paul's_Cathedral,27756,0,commons/West_facade_of_St._Paul's_Cathedral/0/pictures/St_Pauls_Cathedral_Front_Elevation.jpg
St._Paul's_Cathedral,27756,0,commons/Remote_views_of_St._Paul's_Cathedral/0/pictures/View_of_St_Paul's_Cathedral_from_the_South_Bank_^3_-_geograph.org.uk_-_3833511.jpg
St._Paul's_Cathedral,27756,0,commons/West_facade_of_St._Paul's_Cathedral/0/pictures/St._Paul's_Cathedral_-_geograph.org.uk_-_998519.jpg
St._Paul's_Cathedral,27756,0,commons/Remote_views_of_St._Paul's_Cathedral/0/pictures/View_of_St_Paul's_Cathedral_from_the_rear_of_the_Founder's_Arms_-_geograph.org.uk_-_4049830.jpg
St._Paul's_Cathedral,27756,0,commons/West_facade_of_St._Paul's_Cathedral/0/pictures/St._Paul's_Cathedral_(4628644082).jpg
St._Paul's_Cathedral,27756,0,commons/Remote_views_of_St._Paul's_Cathedral/0/pictures/View_of_St_Paul's_Cathedral_from_the_South_Bank_^2_-_geograph.org.uk_-_3833504.jpg
St._Paul's_Cathedral,27756,0,commons/West_facade_of_St._Paul's_Cathedral/0/pictures/St._Paul's_Cathedral_(29055618633).jpg
St._Paul's_Cathedral,27756,0,commons/Remote_views_of_St._Paul's_Cathedral/0/pictures/View_of_St_Paul's_Cathedral_and_Thames_by_night.jpg
St._Paul's_Cathedral,27756,0,commons/West_facade_of_St._Paul's_Cathedral/0/pictures/St_Pauls_facade.jpg
St._Paul's_Cathedral,27756,0,commons/Remote_views_of_St._Paul's_Cathedral/0/pictures/View_of_St_Paul's_Cathedral_and_Thames_by_night_2.jpg
St._Paul's_Cathedral,27756,0,commons/West_facade_of_St._Paul's_Cathedral/0/pictures/St._Paul's_Cathedral_(4628042459).jpg
St._Paul's_Cathedral,27756,0,commons/Remote_views_of_St._Paul's_Cathedral/0/pictures/View_from_Waterloo_Bridge_(8120308789).jpg
St._Paul's_Cathedral,27756,0,commons/West_facade_of_St._Paul's_Cathedral/0/pictures/St_Pauls_facade_pan.jpg
St._Paul's_Cathedral,27756,0,commons/Remote_views_of_St._Paul's_Cathedral/0/pictures/Summer_Evening_with_St_Paul_Cathedral.jpg
St._Paul's_Cathedral,27756,0,commons/West_facade_of_St._Paul's_Cathedral/0/pictures/St_Pauls_cathedral_(2848321300).jpg
St._Paul's_Cathedral,27756,0,commons/Remote_views_of_St._Paul's_Cathedral/0/pictures/UK_-_35_-_St._Pauls_Catherdral_(2997872060).jpg
St._Paul's_Cathedral,27756,0,commons/West_facade_of_St._Paul's_Cathedral/0/pictures/St_Pauls_cathedral_(2847490057).jpg
St._Paul's_Cathedral,27756,0,commons/Remote_views_of_St._Paul's_Cathedral/0/pictures/UK_-_London_(30394672342).jpg
St._Paul's_Cathedral,27756,0,commons/West_facade_of_St._Paul's_Cathedral/0/pictures/St_Pauls_Cathedral_at_night.jpg
St._Paul's_Cathedral,27756,0,commons/Remote_views_of_St._Paul's_Cathedral/0/pictures/The_South_Bank_by_night_(14047058939).jpg
St._Paul's_Cathedral,27756,0,commons/Remote_views_of_St._Paul's_Cathedral/0/pictures/The_Millennium_Bridge_over_the_Thames_with_St_Paul's_Cathedral_in_the_background_-_geograph.org.uk_-_3203844.jpg
St._Paul's_Cathedral,27756,0,commons/West_facade_of_St._Paul's_Cathedral/0/pictures/St_Pauls_at_night.jpg
St._Paul's_Cathedral,27756,0,commons/Remote_views_of_St._Paul's_Cathedral/0/pictures/StPaulsFleetSt.JPG
St._Paul's_Cathedral,27756,0,commons/West_facade_of_St._Paul's_Cathedral/0/pictures/St_Pauls_Cathedral_Front_Elevation_Detail.jpg
St._Paul's_Cathedral,27756,0,commons/Remote_views_of_St._Paul's_Cathedral/0/pictures/St._Pauls_Cathedral_from_the_South_Bank._City_of_London.jpg
St._Paul's_Cathedral,27756,0,commons/West_facade_of_St._Paul's_Cathedral/0/pictures/St_Pauls_Cathedral_2_(8013471656).jpg
St._Paul's_Cathedral,27756,0,commons/Remote_views_of_St._Paul's_Cathedral/0/pictures/St._Pauls_Cathedral_(10125451155).jpg
St._Paul's_Cathedral,27756,0,commons/West_facade_of_St._Paul's_Cathedral/0/pictures/St_Pauls_Cathedral_-New_Years_Day_-_panoramio.jpg
St._Paul's_Cathedral,27756,0,commons/Remote_views_of_St._Paul's_Cathedral/0/pictures/Thames_at_Blackfriars_Reach_-_geograph.org.uk_-_464698.jpg
St._Paul's_Cathedral,27756,0,commons/West_facade_of_St._Paul's_Cathedral/0/pictures/St_Pauls_2_(4868087711).jpg
St._Paul's_Cathedral,27756,0,commons/Remote_views_of_St._Paul's_Cathedral/0/pictures/St._Paul's_Cathedral0145.JPG
St._Paul's_Cathedral,27756,0,commons/West_facade_of_St._Paul's_Cathedral/0/pictures/St_Pauls_1_(13414064655).jpg
St._Paul's_Cathedral,27756,0,commons/Remote_views_of_St._Paul's_Cathedral/0/pictures/St._Paul's_cathedral_from_Tate_Modern.jpg
St._Paul's_Cathedral,27756,0,"commons/West_facade_of_St._Paul's_Cathedral/0/pictures/St_Paul's_cathedral_london,_Ludgate_Hill,_City_of_London,_London,_England,_UK_-_panoramio.jpg"
St._Paul's_Cathedral,27756,0,"commons/Remote_views_of_St._Paul's_Cathedral/0/pictures/St._Paul's_Cathedral_at_night,_September_2022.jpg"
St._Paul's_Cathedral,27756,0,commons/West_facade_of_St._Paul's_Cathedral/0/pictures/St_Paul's_west_entrance_-_geograph.org.uk_-_1492614.jpg
St._Paul's_Cathedral,27756,0,commons/Remote_views_of_St._Paul's_Cathedral/0/pictures/St._Paul_Cathedral_-_panoramio.jpg
St._Paul's_Cathedral,27756,0,commons/Remote_views_of_St._Paul's_Cathedral/0/pictures/St._Paul's_Cathedral_from_the_south_bank_of_the_Thames_-_geograph.org.uk_-_838004.jpg
St._Paul's_Cathedral,27756,0,"commons/West_facade_of_St._Paul's_Cathedral/0/pictures/St_Paul's_Cathedral,_west_front_in_1965_-_geograph.org.uk_-_2057216.jpg"
St._Paul's_Cathedral,27756,0,commons/Remote_views_of_St._Paul's_Cathedral/0/pictures/St-Pauls-Cathedral.jpg
St._Paul's_Cathedral,27756,0,"commons/West_facade_of_St._Paul's_Cathedral/0/pictures/St_Paul's_Cathedral,_London,_2016-6.jpg"
St._Paul's_Cathedral,27756,0,commons/Remote_views_of_St._Paul's_Cathedral/0/pictures/St_Pauls_viewed_from_Eversheds_Sutherland_roof_garden_(2).jpg
St._Paul's_Cathedral,27756,0,commons/Remote_views_of_St._Paul's_Cathedral/0/pictures/St_Pauls_viewed_from_Eversheds_Sutherland_roof_garden_(1).jpg
St._Paul's_Cathedral,27756,0,"commons/West_facade_of_St._Paul's_Cathedral/0/pictures/St_Paul's_Cathedral,_London,_2016-5.jpg"
St._Paul's_Cathedral,27756,0,commons/Remote_views_of_St._Paul's_Cathedral/0/pictures/St_Puals_IJA.PNG
St._Paul's_Cathedral,27756,0,commons/Remote_views_of_St._Paul's_Cathedral/0/pictures/St_Pauls_through_Olympic_rings.jpg
St._Paul's_Cathedral,27756,0,"commons/West_facade_of_St._Paul's_Cathedral/0/pictures/St_Paul's_Cathedral,_1_May_2017.jpg"
St._Paul's_Cathedral,27756,0,commons/Remote_views_of_St._Paul's_Cathedral/0/pictures/St_pauls_london.JPG
St._Paul's_Cathedral,27756,0,commons/West_facade_of_St._Paul's_Cathedral/0/pictures/St_Paul's_Cathedral_–_West_front.jpg
St._Paul's_Cathedral,27756,0,commons/Remote_views_of_St._Paul's_Cathedral/0/pictures/St_Pauls_at_Night.jpg
St._Paul's_Cathedral,27756,0,commons/West_facade_of_St._Paul's_Cathedral/0/pictures/St_Paul's_Cathedral_West_Facade_Night_2020.jpg
St._Paul's_Cathedral,27756,0,commons/Remote_views_of_St._Paul's_Cathedral/0/pictures/St_Pauls_From_the_South.JPG
St._Paul's_Cathedral,27756,0,"commons/West_facade_of_St._Paul's_Cathedral/0/pictures/St_Paul's_Cathedral,_London_-_geograph.org.uk_-_908688.jpg"
St._Paul's_Cathedral,27756,0,"commons/Remote_views_of_St._Paul's_Cathedral/0/pictures/St_Paul's,_reflected_-_geograph.org.uk_-_2266028.jpg"
St._Paul's_Cathedral,27756,0,commons/West_facade_of_St._Paul's_Cathedral/0/pictures/St_Paul's_Cathedral_Dusk.JPG
St._Paul's_Cathedral,27756,0,commons/Remote_views_of_St._Paul's_Cathedral/0/pictures/St_Paul's_cathedral_photo.JPG
St._Paul's_Cathedral,27756,0,commons/West_facade_of_St._Paul's_Cathedral/0/pictures/St_Paul's_Cathedral_from_Ludgate_Hill_-_geograph.org.uk_-_1570371.jpg
St._Paul's_Cathedral,27756,0,commons/Remote_views_of_St._Paul's_Cathedral/0/pictures/St_Paul's_from_Bankside_(2959340324).jpg
St._Paul's_Cathedral,27756,0,commons/West_facade_of_St._Paul's_Cathedral/0/pictures/St_Paul's_Cathedral_down_Ludgate_Hill_-_geograph.org.uk_-_4287002.jpg
St._Paul's_Cathedral,27756,0,commons/Remote_views_of_St._Paul's_Cathedral/0/pictures/St_Paul's_Cathedral_from_Waterloo_Bridge_(29671992165).jpg
St._Paul's_Cathedral,27756,0,commons/West_facade_of_St._Paul's_Cathedral/0/pictures/St_Paul's_Cathedral_-_panoramio_(1).jpg
St._Paul's_Cathedral,27756,0,commons/Remote_views_of_St._Paul's_Cathedral/0/pictures/St_Paul's_Cathedral_seen_from_Tate_Modern.jpg
St._Paul's_Cathedral,27756,0,commons/West_facade_of_St._Paul's_Cathedral/0/pictures/St_Paul's_Cathedral_&_Queen_Anne's_Monument_(2013).JPG
St._Paul's_Cathedral,27756,0,commons/Remote_views_of_St._Paul's_Cathedral/0/pictures/St_Paul's_Cathedral_from_Tate_Modern_2018-01-31.jpg
St._Paul's_Cathedral,27756,0,commons/West_facade_of_St._Paul's_Cathedral/0/pictures/St_Paul's_Cathedral_20160829.jpg
St._Paul's_Cathedral,27756,0,commons/Remote_views_of_St._Paul's_Cathedral/0/pictures/St_Paul's_Cathedral_from_Waterloo_Bridge_(29610163831).jpg
St._Paul's_Cathedral,27756,0,commons/West_facade_of_St._Paul's_Cathedral/0/pictures/St_Paul's_Cathedral_00_(35).JPG
St._Paul's_Cathedral,27756,0,commons/Remote_views_of_St._Paul's_Cathedral/0/pictures/South_Bank_Mars_2014_01.jpg
St._Paul's_Cathedral,27756,0,commons/West_facade_of_St._Paul's_Cathedral/0/pictures/St_Paul's_Cathedral_00_(34).JPG
St._Paul's_Cathedral,27756,0,commons/Remote_views_of_St._Paul's_Cathedral/0/pictures/St_Paul's_Cathedral_from_South_bank_-_2014-08-03.jpg
St._Paul's_Cathedral,27756,0,commons/West_facade_of_St._Paul's_Cathedral/0/pictures/Southwestern_Tower_of_St._Paul's_Cathedral.jpg
St._Paul's_Cathedral,27756,0,commons/Remote_views_of_St._Paul's_Cathedral/0/pictures/St_Paul's_Cathedral_from_the_top_floor_cafe_of_Tate_Modern_-_geograph.org.uk_-_1601176.jpg
St._Paul's_Cathedral,27756,0,commons/West_facade_of_St._Paul's_Cathedral/0/pictures/St_Paul_Cathedral_London01.jpg
St._Paul's_Cathedral,27756,0,commons/Remote_views_of_St._Paul's_Cathedral/0/pictures/St_Paul's_Cathedral_London_UK_Ank_Kumar_Infosys_Limited_05.jpg
St._Paul's_Cathedral,27756,0,commons/West_facade_of_St._Paul's_Cathedral/0/pictures/St_Paul's_Cathedral_-_City_of_London.jpg
St._Paul's_Cathedral,27756,0,commons/Remote_views_of_St._Paul's_Cathedral/0/pictures/St_Paul's_Cathedral_London_UK_Ank_Kumar_Infosys_Limited_02.jpg
St._Paul's_Cathedral,27756,0,commons/West_facade_of_St._Paul's_Cathedral/0/pictures/St_Paul's_Cathedral_-_geograph.org.uk_-_5146330.jpg
St._Paul's_Cathedral,27756,0,commons/Remote_views_of_St._Paul's_Cathedral/0/pictures/St_Paul's_Cathedral_from_Blackfriars_Station_-_panoramio.jpg
St._Paul's_Cathedral,27756,0,commons/West_facade_of_St._Paul's_Cathedral/0/pictures/St_Paul's_Cathedral_-_geograph.org.uk_-_4490523.jpg
St._Paul's_Cathedral,27756,0,commons/Remote_views_of_St._Paul's_Cathedral/0/pictures/St_Paul's_Cathedral_London_UK_Ank_Kumar_Infosys_Limited_01.jpg
St._Paul's_Cathedral,27756,0,commons/West_facade_of_St._Paul's_Cathedral/0/pictures/St_Paul's_Cathedral_-_geograph.org.uk_-_2912879.jpg
St._Paul's_Cathedral,27756,0,commons/Remote_views_of_St._Paul's_Cathedral/0/pictures/St_Paul's_Cathedral_dome_and_spire.jpg
St._Paul's_Cathedral,27756,0,commons/West_facade_of_St._Paul's_Cathedral/0/pictures/St_Paul's_Cathedral_-_geograph.org.uk_-_1887508.jpg
St._Paul's_Cathedral,27756,0,commons/Remote_views_of_St._Paul's_Cathedral/0/pictures/St_Paul's_Cathedra_Millennium_Bridge_JBU04.jpg
St._Paul's_Cathedral,27756,0,commons/West_facade_of_St._Paul's_Cathedral/0/pictures/Saint_Paul's_Cathedral.004_-_London.JPG
St._Paul's_Cathedral,27756,0,commons/Remote_views_of_St._Paul's_Cathedral/0/pictures/St_Paul's_-_geograph.org.uk_-_5302653.jpg
St._Paul's_Cathedral,27756,0,commons/West_facade_of_St._Paul's_Cathedral/0/pictures/Saint_Paul's_Cathedral.006_-_London.jpg
St._Paul's_Cathedral,27756,0,commons/Remote_views_of_St._Paul's_Cathedral/0/pictures/St_Paul's_Cathedral_-_geograph.org.uk_-_2238659.jpg
St._Paul's_Cathedral,27756,0,"commons/West_facade_of_St._Paul's_Cathedral/0/pictures/Queen_Anne_by_Francis_Bird,_reproduction_of_original_erected_1712,_St_Paul's_Cathedral,_London..jpg"
St._Paul's_Cathedral,27756,0,commons/Remote_views_of_St._Paul's_Cathedral/0/pictures/St_Paul's_Cathedral_-_geograph.org.uk_-_2238656.jpg
St._Paul's_Cathedral,27756,0,commons/West_facade_of_St._Paul's_Cathedral/0/pictures/STːPAULs_CATHEDRAL.JPG
St._Paul's_Cathedral,27756,0,commons/Remote_views_of_St._Paul's_Cathedral/0/pictures/St_Paul's_Cathedral_-_geograph.org.uk_-_2162652.jpg
St._Paul's_Cathedral,27756,0,commons/West_facade_of_St._Paul's_Cathedral/0/pictures/STː_PAULS_CATHEDRAL.JPG
St._Paul's_Cathedral,27756,0,commons/Remote_views_of_St._Paul's_Cathedral/0/pictures/Southwark_Bridge_Mars_2014.jpg
St._Paul's_Cathedral,27756,0,"commons/West_facade_of_St._Paul's_Cathedral/0/pictures/Northwest_Tower_of_St_Paul's_Cathedral,_London.jpg"
St._Paul's_Cathedral,27756,0,"commons/Remote_views_of_St._Paul's_Cathedral/0/pictures/Queen_Victoria_Street_at_junction_with_Puddle_Dock,_London_-_2022-10-14.jpg"
St._Paul's_Cathedral,27756,0,"commons/Remote_views_of_St._Paul's_Cathedral/0/pictures/River_Thames,_London,_England_2008-01-19_(2274706547).jpg"
St._Paul's_Cathedral,27756,0,commons/Remote_views_of_St._Paul's_Cathedral/0/pictures/Paints_of_the_night_city_-_panoramio.jpg
St._Paul's_Cathedral,27756,0,commons/West_facade_of_St._Paul's_Cathedral/0/pictures/Londres_-_panoramio_(7).jpg
St._Paul's_Cathedral,27756,0,commons/Remote_views_of_St._Paul's_Cathedral/0/pictures/Panorama_from_Tate_Modern.jpg
St._Paul's_Cathedral,27756,0,commons/West_facade_of_St._Paul's_Cathedral/0/pictures/Ludgate_Hill_-_geograph.org.uk_-_2590741.jpg
St._Paul's_Cathedral,27756,0,commons/Remote_views_of_St._Paul's_Cathedral/0/pictures/Millennium_bridge_-_geograph.org.uk_-_2912857.jpg
St._Paul's_Cathedral,27756,0,commons/West_facade_of_St._Paul's_Cathedral/0/pictures/London_St_Paul's_Cathedral_-_panoramio_(3).jpg
St._Paul's_Cathedral,27756,0,commons/Remote_views_of_St._Paul's_Cathedral/0/pictures/London_in_Motion_(4898272118).jpg
St._Paul's_Cathedral,27756,0,commons/West_facade_of_St._Paul's_Cathedral/0/pictures/London_St_Paul's_Cathedral_-_panoramio.jpg
St._Paul's_Cathedral,27756,0,commons/Remote_views_of_St._Paul's_Cathedral/0/pictures/Londres_127..jpg
St._Paul's_Cathedral,27756,0,commons/West_facade_of_St._Paul's_Cathedral/0/pictures/London_St_Paul's_Cathedral_-_panoramio_(6).jpg
St._Paul's_Cathedral,27756,0,commons/Remote_views_of_St._Paul's_Cathedral/0/pictures/Londres_-_panoramio_-_isol.jpg
St._Paul's_Cathedral,27756,0,commons/Remote_views_of_St._Paul's_Cathedral/0/pictures/Londres_-_panoramio.jpg
St._Paul's_Cathedral,27756,0,commons/West_facade_of_St._Paul's_Cathedral/0/pictures/London_2403.JPG
St._Paul's_Cathedral,27756,0,commons/Remote_views_of_St._Paul's_Cathedral/0/pictures/London_Thames_St._Paul's_2013.JPG
St._Paul's_Cathedral,27756,0,commons/West_facade_of_St._Paul's_Cathedral/0/pictures/London_-_St._Paul's_Cathedral_1675-1710_-_ICE_Fisheye.jpg
St._Paul's_Cathedral,27756,0,commons/Remote_views_of_St._Paul's_Cathedral/0/pictures/London_Bridge_and_St._Paul's_(33401912211).jpg
St._Paul's_Cathedral,27756,0,commons/West_facade_of_St._Paul's_Cathedral/0/pictures/London_-_St._Paul's_Cathedral_XII.jpg
St._Paul's_Cathedral,27756,0,commons/Remote_views_of_St._Paul's_Cathedral/0/pictures/London_MMB_»0W3_River_Thames_and_St_Paul's_Cathedral.jpg
St._Paul's_Cathedral,27756,0,commons/West_facade_of_St._Paul's_Cathedral/0/pictures/London_-_St.Paul's_Cathedral_from_St.Paul's_Church_Yard_-_panoramio.jpg
St._Paul's_Cathedral,27756,0,commons/Remote_views_of_St._Paul's_Cathedral/0/pictures/London_-_St_Pauls_von_Südosten.jpg
St._Paul's_Cathedral,27756,0,commons/West_facade_of_St._Paul's_Cathedral/0/pictures/London_-_St_Paul's_Churchyard_-_View_ESE_on_St_Paul's_Cathedral_1697_by_Sir_Christopher_Wren.jpg
St._Paul's_Cathedral,27756,0,commons/Remote_views_of_St._Paul's_Cathedral/0/pictures/London_-_St._Paul's_Cathedral_-_The_City.jpg
St._Paul's_Cathedral,27756,0,commons/West_facade_of_St._Paul's_Cathedral/0/pictures/London_-_St_Paul's_Churchyard_-_Panorama_Viewing_East_&_Up_on_St_Paul's_Cathedral_1697_by_Sir_Christopher_Wren_02.jpg
St._Paul's_Cathedral,27756,0,commons/Remote_views_of_St._Paul's_Cathedral/0/pictures/London_-_Peter's_Hill_-_View_North_-_St._Paul's_Cathedral.jpg
St._Paul's_Cathedral,27756,0,commons/West_facade_of_St._Paul's_Cathedral/0/pictures/Londen_2006_(89)_(2848068785).jpg
St._Paul's_Cathedral,27756,0,commons/Remote_views_of_St._Paul's_Cathedral/0/pictures/London_(12586656894).jpg
St._Paul's_Cathedral,27756,0,commons/West_facade_of_St._Paul's_Cathedral/0/pictures/Londen_2006_(90)_(2848901240).jpg
St._Paul's_Cathedral,27756,0,commons/Remote_views_of_St._Paul's_Cathedral/0/pictures/London_(12586655744).jpg
St._Paul's_Cathedral,27756,0,commons/West_facade_of_St._Paul's_Cathedral/0/pictures/Londen_2006_(264)_(2848919116).jpg
St._Paul's_Cathedral,27756,0,commons/Remote_views_of_St._Paul's_Cathedral/0/pictures/Golden_angels_of_St_Paul's.jpg
St._Paul's_Cathedral,27756,0,commons/Remote_views_of_St._Paul's_Cathedral/0/pictures/Flickr_-_Duncan~_-_Orange.jpg
St._Paul's_Cathedral,27756,0,commons/West_facade_of_St._Paul's_Cathedral/0/pictures/Enterance_to_St._Paul's_Cathedral_IMG_9208.JPG
St._Paul's_Cathedral,27756,0,"commons/Remote_views_of_St._Paul's_Cathedral/0/pictures/Entrance_to_Bankside_Pier,_London_-_geograph.org.uk_-_1772338.jpg"
St._Paul's_Cathedral,27756,0,commons/West_facade_of_St._Paul's_Cathedral/0/pictures/Enterance_to_St._Paul's_Cathedral_IMG_9206.JPG
St._Paul's_Cathedral,27756,0,commons/Remote_views_of_St._Paul's_Cathedral/0/pictures/ENG_London_Millennium_Bridge_03.jpg
St._Paul's_Cathedral,27756,0,commons/West_facade_of_St._Paul's_Cathedral/0/pictures/Enterance_to_St._Paul's_Cathedral_IMG_9207.JPG
St._Paul's_Cathedral,27756,0,commons/Remote_views_of_St._Paul's_Cathedral/0/pictures/City_of_London_School_-_DSC08162.JPG
St._Paul's_Cathedral,27756,0,commons/West_facade_of_St._Paul's_Cathedral/0/pictures/Day_69_2012_Olympic_Torch_Relay_-_St_Pauls_(7652433566).jpg
St._Paul's_Cathedral,27756,0,"commons/Remote_views_of_St._Paul's_Cathedral/0/pictures/Die_Türme_der_St_Paul's_Cathedral_hinter_Wohnbauten_am_Themseufer,_London.JPG"
St._Paul's_Cathedral,27756,0,commons/West_facade_of_St._Paul's_Cathedral/0/pictures/Enterance_to_St._Paul's_Cathedral_IMG_9201.JPG
St._Paul's_Cathedral,27756,0,commons/Remote_views_of_St._Paul's_Cathedral/0/pictures/Cappuccino_with_a_View.jpg
St._Paul's_Cathedral,27756,0,commons/West_facade_of_St._Paul's_Cathedral/0/pictures/ENG_London_St_Paul_Churchyard_02.jpg
St._Paul's_Cathedral,27756,0,commons/Remote_views_of_St._Paul's_Cathedral/0/pictures/Dome_of_St_Paul's_Cathedral_-_geograph.org.uk_-_1231360.jpg
St._Paul's_Cathedral,27756,0,"commons/West_facade_of_St._Paul's_Cathedral/0/pictures/City_of_London,_London,_UK_-_panoramio_(62).jpg"
St._Paul's_Cathedral,27756,0,commons/Remote_views_of_St._Paul's_Cathedral/0/pictures/Bloomberg_London_pantry.jpg
St._Paul's_Cathedral,27756,0,commons/West_facade_of_St._Paul's_Cathedral/0/pictures/DSC6181_-_Flickr_-_dconvertini.jpg
St._Paul's_Cathedral,27756,0,commons/Remote_views_of_St._Paul's_Cathedral/0/pictures/City_Of_London_-_geograph.org.uk_-_922455.jpg
St._Paul's_Cathedral,27756,0,"commons/Remote_views_of_St._Paul's_Cathedral/0/pictures/Bridge_House,_Blackfriars_Station_-_St_Paul's_-_London.jpg"
St._Paul's_Cathedral,27756,0,commons/West_facade_of_St._Paul's_Cathedral/0/pictures/Cathedral_saint_paul_facade_ouest.jpg
St._Paul's_Cathedral,27756,0,commons/Remote_views_of_St._Paul's_Cathedral/0/pictures/Blackfriars_Bridge_and_St_Paul's_Cathedral_-_geograph.org.uk_-_4416766.jpg
St._Paul's_Cathedral,27756,0,commons/Remote_views_of_St._Paul's_Cathedral/0/pictures/Blackfriars_Bridge_and_St_Paul's_-_geograph.org.uk_-_2629639.jpg
St._Paul's_Cathedral,27756,0,commons/West_facade_of_St._Paul's_Cathedral/0/pictures/Cathedral_Church_of_St_Paul_20130324_113.JPG
St._Paul's_Cathedral,27756,0,"commons/Remote_views_of_St._Paul's_Cathedral/0/pictures/Blackfriars_Bridge,_River_Thames,_London,_with_St_Pauls_Cathedral.jpg"
St._Paul's_Cathedral,27756,0,commons/West_facade_of_St._Paul's_Cathedral/0/pictures/9A-st._paul_cathedral-IMG_0381.jpg
St._Paul's_Cathedral,27756,0,"commons/Remote_views_of_St._Paul's_Cathedral/0/pictures/30_Cannon_Street,_City_of_London_10_August_2014.jpg"
St._Paul's_Cathedral,27756,0,commons/Remote_views_of_St._Paul's_Cathedral/0/pictures/2017_St._Paul's_Cathedral_from_the_south.jpg
St._Paul's_Cathedral,27756,0,commons/West_facade_of_St._Paul's_Cathedral/0/pictures/2017_Exterior_of_St._Paul's_Cathedral_01.jpg
St._Paul's_Cathedral,27756,0,commons/Remote_views_of_St._Paul's_Cathedral/0/pictures/Blackfriars_Bridge_-_geograph.org.uk_-_3154656.jpg
St._Paul's_Cathedral,27756,0,commons/Remote_views_of_St._Paul's_Cathedral/0/pictures/Across_the_Thames_to_St._Paul's_cathedral_-_geograph.org.uk_-_1498620.jpg
St._Paul's_Cathedral,27756,0,commons/West_facade_of_St._Paul's_Cathedral/0/pictures/014_-_St_Pauls_Cathedral.JPG
St._Paul's_Cathedral,27756,0,commons/Remote_views_of_St._Paul's_Cathedral/0/pictures/2012_-_panoramio_(252).jpg
St._Paul's_Cathedral,27756,0,commons/North_facade_of_St._Paul's_Cathedral/0/pictures/View_of_St._Paul's_Cathedral_from_Cheapside_^2_-_geograph.org.uk_-_5123983.jpg
St._Paul's_Cathedral,27756,0,commons/North_facade_of_St._Paul's_Cathedral/0/pictures/A_tight_squeeze.JPG
St._Paul's_Cathedral,27756,0,commons/North_facade_of_St._Paul's_Cathedral/0/pictures/London_-_St._Paul's_Churchyard_-_Cathedral_Steps_-_View_South_on_St_Paul's_Cathedral_1697_by_Sir_Christopher_Wren.jpg
St._Paul's_Cathedral,27756,0,commons/North_facade_of_St._Paul's_Cathedral/0/pictures/North_facade_of_St._Paul's_Cathedral.jpg
St._Paul's_Cathedral,27756,0,commons/North_facade_of_St._Paul's_Cathedral/0/pictures/Dome_of_St._Paul_IMG_9182.JPG
St._Paul's_Cathedral,27756,0,commons/London_Millennium_Bridge_with_St_Paul's/0/pictures/Сент-Пол_и_мост_Миллениум_-_panoramio.jpg
St._Paul's_Cathedral,27756,0,commons/London_Millennium_Bridge_with_St_Paul's/0/pictures/Wikimania_2014_-_0802_-_Saint_Paul's_and_Millenium_Bridge220157.jpg
St._Paul's_Cathedral,27756,0,commons/St_Paul's_Cathedral_in_2014/0/pictures/Wikimania_2014_-_0802_-_Millenium_Bridge220263.jpg
St._Paul's_Cathedral,27756,0,commons/London_Millennium_Bridge_with_St_Paul's/0/pictures/Wikimania_2014_-_0802_-_Saint_Paul's_accross_Millenium_Bridge220146.jpg
St._Paul's_Cathedral,27756,0,commons/St_Paul's_Cathedral_in_2014/0/pictures/Wikimania_2014_-_0802_-_Millenium_Bridge220327.jpg
St._Paul's_Cathedral,27756,0,commons/London_Millennium_Bridge_with_St_Paul's/0/pictures/Wikimania_2014_-_0802_-_Saint_Paul's_accross_Millenium_Bridge_-_Night220352.jpg
St._Paul's_Cathedral,27756,0,commons/St_Paul's_Cathedral_in_2014/0/pictures/Wikimania_2014_-_0802_-_Blackfrairs_Bridge_and_Saint_Paul's220169.jpg
St._Paul's_Cathedral,27756,0,commons/London_Millennium_Bridge_with_St_Paul's/0/pictures/Wikimania_2014_-_0802_-_Millenium_Bridge220263.jpg
St._Paul's_Cathedral,27756,0,commons/St_Paul's_Cathedral_in_2014/0/pictures/Wikimania_2014_-_0802_-_Saint_Paul's_accross_Millenium_Bridge_-_Night220352.jpg
St._Paul's_Cathedral,27756,0,commons/London_Millennium_Bridge_with_St_Paul's/0/pictures/Walking_on_Water_-_geograph.org.uk_-_2315672.jpg
St._Paul's_Cathedral,27756,0,commons/London_Millennium_Bridge_with_St_Paul's/0/pictures/Views_of_London0113.JPG
St._Paul's_Cathedral,27756,0,"commons/St_Paul's_Cathedral_in_2014/0/pictures/VIEW_,_®'s_-_DigiGraf_-_Ð_-_┼_,_LONDON_ENGLAND_St._PAUL's_CATHEDRAL_-_panoramio.jpg"
St._Paul's_Cathedral,27756,0,commons/London_Millennium_Bridge_with_St_Paul's/0/pictures/View_of_St._Paul's_Cathedral_from_the_Millennium_Bridge_^4_-_geograph.org.uk_-_5123512.jpg
St._Paul's_Cathedral,27756,0,"commons/St_Paul's_Cathedral_in_2014/0/pictures/VIEW_,_®'s_-_DigiGraf_-_Ð_-_┼_,_LONDON_ENGLAND_St._PAUL's_CATHEDRAL_-_panoramio_(1).jpg"
St._Paul's_Cathedral,27756,0,"commons/London_Millennium_Bridge_with_St_Paul's/0/pictures/The_Millennium_Bridge,_London_-_geograph.org.uk_-_2693423.jpg"
St._Paul's_Cathedral,27756,0,"commons/St_Paul's_Cathedral_in_2014/0/pictures/St_Paul's_Cathedral,_London,_UK_(2014)_-_12.JPG"
St._Paul's_Cathedral,27756,0,commons/London_Millennium_Bridge_with_St_Paul's/0/pictures/The_Millennium_Bridge_looking_towards_St_Paul's_-_geograph.org.uk_-_2010702.jpg
St._Paul's_Cathedral,27756,0,commons/London_Millennium_Bridge_with_St_Paul's/0/pictures/The_Millennium_Bridge_and_St_Paul's_-_geograph.org.uk_-_3247611.jpg
St._Paul's_Cathedral,27756,0,commons/London_Millennium_Bridge_with_St_Paul's/0/pictures/The_Millennium_Bridge_(229926652).jpg
St._Paul's_Cathedral,27756,0,commons/London_Millennium_Bridge_with_St_Paul's/0/pictures/The_Millennium_Bridge_and_St_Paul's_Cathedral_-_geograph.org.uk_-_2629804.jpg
St._Paul's_Cathedral,27756,0,commons/London_Millennium_Bridge_with_St_Paul's/0/pictures/The_Millennium_Bridge_-_geograph.org.uk_-_4517409.jpg
St._Paul's_Cathedral,27756,0,"commons/St_Paul's_Cathedral_in_2014/0/pictures/St_Paul's_Cathedral,_London,_UK_(2014)_-_04.JPG"
St._Paul's_Cathedral,27756,0,commons/London_Millennium_Bridge_with_St_Paul's/0/pictures/The_Millennium_Bridge_and_St_Paul's_Cathedral_-_geograph.org.uk_-_3825743.jpg
St._Paul's_Cathedral,27756,0,"commons/St_Paul's_Cathedral_in_2014/0/pictures/St_Paul's_Cathedral,_London,_UK_(2014)_-_03.JPG"
St._Paul's_Cathedral,27756,0,commons/London_Millennium_Bridge_with_St_Paul's/0/pictures/Thames_and_St._Pauls_Cathedral.jpg
St._Paul's_Cathedral,27756,0,"commons/St_Paul's_Cathedral_in_2014/0/pictures/St_Paul's_Cathedral,_London,_UK_(2014)_-_01.JPG"
St._Paul's_Cathedral,27756,0,commons/London_Millennium_Bridge_with_St_Paul's/0/pictures/Thames_view_from_Tate.jpg
St._Paul's_Cathedral,27756,0,"commons/St_Paul's_Cathedral_in_2014/0/pictures/St_Paul's_Cathedral,_London,_UK_(2014)_-_02.JPG"
St._Paul's_Cathedral,27756,0,commons/London_Millennium_Bridge_with_St_Paul's/0/pictures/The_Millennium_Bridge_-_geograph.org.uk_-_4517402.jpg
St._Paul's_Cathedral,27756,0,commons/St_Paul's_Cathedral_in_2014/0/pictures/St_Paul's_Cathedral_from_Monument_2014.jpg
St._Paul's_Cathedral,27756,0,commons/London_Millennium_Bridge_with_St_Paul's/0/pictures/The_Millennium_Bridge_and_St_Paul's_Cathedral_-_geograph.org.uk_-_1268518.jpg
St._Paul's_Cathedral,27756,0,commons/London_Millennium_Bridge_with_St_Paul's/0/pictures/The_Millennium_Bridge_-_geograph.org.uk_-_3883204.jpg
St._Paul's_Cathedral,27756,0,commons/St_Paul's_Cathedral_in_2014/0/pictures/St_Paul's_Cathedral_in_December_2014.JPG
St._Paul's_Cathedral,27756,0,commons/London_Millennium_Bridge_with_St_Paul's/0/pictures/St._paul_cathedral_-_panoramio.jpg
St._Paul's_Cathedral,27756,0,commons/London_Millennium_Bridge_with_St_Paul's/0/pictures/The_Millennium_Bridge_-_geograph.org.uk_-_605020.jpg
St._Paul's_Cathedral,27756,0,commons/St_Paul's_Cathedral_in_2014/0/pictures/St_Paul's_Cathedral_from_South_bank_-_2014-08-03.jpg
St._Paul's_Cathedral,27756,0,commons/London_Millennium_Bridge_with_St_Paul's/0/pictures/Tate_modern_london_2001_06.jpg
St._Paul's_Cathedral,27756,0,commons/London_Millennium_Bridge_with_St_Paul's/0/pictures/Tate_modern_london_2001_07.jpg
St._Paul's_Cathedral,27756,0,commons/St_Paul's_Cathedral_in_2014/0/pictures/St_Paul's_Cathedral_seen_from_Tate_Modern.jpg
St._Paul's_Cathedral,27756,0,commons/London_Millennium_Bridge_with_St_Paul's/0/pictures/The_Millennium_Bridge_-_geograph.org.uk_-_1612755.jpg
St._Paul's_Cathedral,27756,0,commons/London_Millennium_Bridge_with_St_Paul's/0/pictures/The_Millennium_Bridge_-_geograph.org.uk_-_1281489.jpg
St._Paul's_Cathedral,27756,0,commons/London_Millennium_Bridge_with_St_Paul's/0/pictures/The_Millennium_Bridge_-_geograph.org.uk_-_1281487.jpg
St._Paul's_Cathedral,27756,0,commons/London_Millennium_Bridge_with_St_Paul's/0/pictures/The_Millennium_Bridge_-_geograph.org.uk_-_1270181.jpg
St._Paul's_Cathedral,27756,0,commons/London_Millennium_Bridge_with_St_Paul's/0/pictures/The_Dome_of_St_Paul's_Cathedral_-_geograph.org.uk_-_396716.jpg
St._Paul's_Cathedral,27756,0,commons/London_Millennium_Bridge_with_St_Paul's/0/pictures/Thames_Ibaia_-_panoramio.jpg
St._Paul's_Cathedral,27756,0,commons/London_Millennium_Bridge_with_St_Paul's/0/pictures/St._Paul's_Cathedral_with_Millennium_Bridge_in_spring_2013_(2).JPG
St._Paul's_Cathedral,27756,0,commons/London_Millennium_Bridge_with_St_Paul's/0/pictures/St.Paul's_Cathedral.JPG
St._Paul's_Cathedral,27756,0,commons/St_Paul's_Cathedral_in_2014/0/pictures/St_Paul's_Cathedral_00_(5).JPG
St._Paul's_Cathedral,27756,0,commons/London_Millennium_Bridge_with_St_Paul's/0/pictures/Thames_and_Millennium_Footbridge_-_geograph.org.uk_-_1325727.jpg
St._Paul's_Cathedral,27756,0,commons/St_Paul's_Cathedral_in_2014/0/pictures/St_Paul's_Cathedral_00_(4).JPG
St._Paul's_Cathedral,27756,0,commons/London_Millennium_Bridge_with_St_Paul's/0/pictures/St._pauls_cathedral_-_panoramio.jpg
St._Paul's_Cathedral,27756,0,commons/St_Paul's_Cathedral_in_2014/0/pictures/St_Paul's_Cathedral_00_(37).JPG
St._Paul's_Cathedral,27756,0,"commons/London_Millennium_Bridge_with_St_Paul's/0/pictures/St._Paul's,_London_April_2006_115.jpg"
St._Paul's_Cathedral,27756,0,commons/St_Paul's_Cathedral_in_2014/0/pictures/St_Paul's_Cathedral_00_(36).JPG
St._Paul's_Cathedral,27756,0,commons/London_Millennium_Bridge_with_St_Paul's/0/pictures/St._Pauls_seen_from_Tate_Modern.jpg
St._Paul's_Cathedral,27756,0,commons/St_Paul's_Cathedral_in_2014/0/pictures/St_Paul's_Cathedral_00_(39).JPG
St._Paul's_Cathedral,27756,0,"commons/London_Millennium_Bridge_with_St_Paul's/0/pictures/St._Paul's,_London_April_2006_109.jpg"
St._Paul's_Cathedral,27756,0,commons/St_Paul's_Cathedral_in_2014/0/pictures/St_Paul's_Cathedral_00_(35).JPG
St._Paul's_Cathedral,27756,0,"commons/London_Millennium_Bridge_with_St_Paul's/0/pictures/St.Paul's,_the_Millennium_Bridge,_the_Thames_and_bicycles_-_geograph.org.uk_-_1452149.jpg"
St._Paul's_Cathedral,27756,0,commons/St_Paul's_Cathedral_in_2014/0/pictures/St_Paul's_Cathedral_00_(38).JPG
St._Paul's_Cathedral,27756,0,commons/London_Millennium_Bridge_with_St_Paul's/0/pictures/St._Pauls_Cathedral_(10125452815).jpg
St._Paul's_Cathedral,27756,0,commons/London_Millennium_Bridge_with_St_Paul's/0/pictures/St._Pauls_from_Bankside_-_panoramio.jpg
St._Paul's_Cathedral,27756,0,commons/St_Paul's_Cathedral_in_2014/0/pictures/St_Paul's_Cathedral_00_(34).JPG
St._Paul's_Cathedral,27756,0,"commons/London_Millennium_Bridge_with_St_Paul's/0/pictures/St._Paul's,_London_April_2006_104.jpg"
St._Paul's_Cathedral,27756,0,commons/London_Millennium_Bridge_with_St_Paul's/0/pictures/St._Pauls_Cathedral_(174729436).jpg
St._Paul's_Cathedral,27756,0,commons/London_Millennium_Bridge_with_St_Paul's/0/pictures/St._Paul's_Cathedral_with_Millennium_Bridge_in_spring_2013_(1).JPG
St._Paul's_Cathedral,27756,0,commons/St_Paul's_Cathedral_in_2014/0/pictures/St_Paul's_Cathedra_Millennium_Bridge_JBU08.jpg
St._Paul's_Cathedral,27756,0,commons/London_Millennium_Bridge_with_St_Paul's/0/pictures/St._Paul's_Cathedral_from_Millennium_Bridge_-_panoramio.jpg
St._Paul's_Cathedral,27756,0,commons/St_Paul's_Cathedral_in_2014/0/pictures/St_Paul's_Cathedra_Millennium_Bridge_JBU06.jpg
St._Paul's_Cathedral,27756,0,commons/London_Millennium_Bridge_with_St_Paul's/0/pictures/St._Paul's_Cathedral_from_the_Millennium_Bridge.jpg
St._Paul's_Cathedral,27756,0,commons/London_Millennium_Bridge_with_St_Paul's/0/pictures/St._Paul's_Cathedral_from_London_Millennium_Bridge_at_night.jpg
St._Paul's_Cathedral,27756,0,commons/London_Millennium_Bridge_with_St_Paul's/0/pictures/St._Paul's_from_The_Millennium_Bridge_-_geograph.org.uk_-_3511194.jpg
St._Paul's_Cathedral,27756,0,commons/St_Paul's_Cathedral_in_2014/0/pictures/St_Paul's_Cathedral_00_(27).JPG
St._Paul's_Cathedral,27756,0,commons/London_Millennium_Bridge_with_St_Paul's/0/pictures/St._Paul's_and_the_Bridge_-_geograph.org.uk_-_1013405.jpg
St._Paul's_Cathedral,27756,0,commons/St_Paul's_Cathedral_in_2014/0/pictures/St_Paul's_Cathedra_Millennium_Bridge_JBU02.jpg
St._Paul's_Cathedral,27756,0,commons/London_Millennium_Bridge_with_St_Paul's/0/pictures/St-Pauls-Cathedral2.jpg
St._Paul's_Cathedral,27756,0,commons/St_Paul's_Cathedral_in_2014/0/pictures/St_Paul's_Cathedra_Millennium_Bridge_JBU07.jpg
St._Paul's_Cathedral,27756,0,commons/London_Millennium_Bridge_with_St_Paul's/0/pictures/St_pauls_and_millennium_bridge.jpg
St._Paul's_Cathedral,27756,0,commons/London_Millennium_Bridge_with_St_Paul's/0/pictures/St_Paul's_from_Millennium_Bridge.jpg
St._Paul's_Cathedral,27756,0,commons/St_Paul's_Cathedral_in_2014/0/pictures/St_Paul's_Cathedral_00_(26).JPG
St._Paul's_Cathedral,27756,0,commons/London_Millennium_Bridge_with_St_Paul's/0/pictures/St_Pauls_from_the_Tate.jpg
St._Paul's_Cathedral,27756,0,commons/St_Paul's_Cathedral_in_2014/0/pictures/St_Paul's_Cathedral_-_panoramio_(6).jpg
St._Paul's_Cathedral,27756,0,commons/London_Millennium_Bridge_with_St_Paul's/0/pictures/St._Paul's_Cathedral_from_Southbank_-_geograph.org.uk_-_1376056.jpg
St._Paul's_Cathedral,27756,0,commons/St_Paul's_Cathedral_in_2014/0/pictures/St_Paul's_Cathedra_Millennium_Bridge_JBU03.jpg
St._Paul's_Cathedral,27756,0,commons/London_Millennium_Bridge_with_St_Paul's/0/pictures/St_Pauls_and_Millennium_Bridge.jpg
St._Paul's_Cathedral,27756,0,commons/St_Paul's_Cathedral_in_2014/0/pictures/St_Paul's_Cathedra_Millennium_Bridge_JBU04.jpg
St._Paul's_Cathedral,27756,0,commons/London_Millennium_Bridge_with_St_Paul's/0/pictures/St_pauls_from_under_millenium_bridge.jpg
St._Paul's_Cathedral,27756,0,commons/St_Paul's_Cathedral_in_2014/0/pictures/St_Paul's_Cathedra_Millennium_Bridge_JBU01.jpg
St._Paul's_Cathedral,27756,0,commons/London_Millennium_Bridge_with_St_Paul's/0/pictures/St_Pauls_from_Millennium_Bridge.jpg
St._Paul's_Cathedral,27756,0,commons/St_Paul's_Cathedral_in_2014/0/pictures/Southwark_Bridge_Mars_2014.jpg
St._Paul's_Cathedral,27756,0,commons/London_Millennium_Bridge_with_St_Paul's/0/pictures/St_Pauls_and_Millennium_Bridge_at_night.jpg
St._Paul's_Cathedral,27756,0,commons/St_Paul's_Cathedral_in_2014/0/pictures/Saint_Paul's_Cathedral_by_night.JPG
St._Paul's_Cathedral,27756,0,commons/London_Millennium_Bridge_with_St_Paul's/0/pictures/St_pauls_london.JPG
St._Paul's_Cathedral,27756,0,"commons/St_Paul's_Cathedral_in_2014/0/pictures/Estatua_de_la_Reina_Ana,_Catedral_de_San_Pablo,_Londres,_Inglaterra,_2014-08-11,_DD_132.JPG"
St._Paul's_Cathedral,27756,0,commons/London_Millennium_Bridge_with_St_Paul's/0/pictures/St_Pauls_and_Millenium_Bridge_bw_(5653923162).jpg
St._Paul's_Cathedral,27756,0,"commons/St_Paul's_Cathedral_in_2014/0/pictures/Orilla_Norte_del_Támesis_desde_Tate_Modern,_Londres,_Inglaterra,_2014-08-11,_DD_123.JPG"
St._Paul's_Cathedral,27756,0,commons/London_Millennium_Bridge_with_St_Paul's/0/pictures/St_Pauls_over_the_Millennium_footbridge_-_geograph.org.uk_-_932916.jpg
St._Paul's_Cathedral,27756,0,"commons/St_Paul's_Cathedral_in_2014/0/pictures/Orilla_Norte_del_Támesis_desde_Tate_Modern,_Londres,_Inglaterra,_2014-08-11,_DD_119.JPG"
St._Paul's_Cathedral,27756,0,commons/London_Millennium_Bridge_with_St_Paul's/0/pictures/St_Pauls_and_Millenium_Bridge_2_(5140863618).jpg
St._Paul's_Cathedral,27756,0,"commons/St_Paul's_Cathedral_in_2014/0/pictures/Puente_Millennium,_Londres,_Inglaterra,_2014-08-11,_DD_114.JPG"
St._Paul's_Cathedral,27756,0,commons/London_Millennium_Bridge_with_St_Paul's/0/pictures/St_Pauls_Cathedral_and_Millennium_Bridge.jpg
St._Paul's_Cathedral,27756,0,commons/London_Millennium_Bridge_with_St_Paul's/0/pictures/St_Paul's_from_Millenium_Bridge_(82558439).jpg
St._Paul's_Cathedral,27756,0,"commons/St_Paul's_Cathedral_in_2014/0/pictures/Orilla_Norte_del_Támesis_desde_Tate_Modern,_Londres,_Inglaterra,_2014-08-11,_DD_118.JPG"
St._Paul's_Cathedral,27756,0,"commons/London_Millennium_Bridge_with_St_Paul's/0/pictures/St_Paul's_Cathedral,_London.jpg"
St._Paul's_Cathedral,27756,0,"commons/London_Millennium_Bridge_with_St_Paul's/0/pictures/St_Pauls_Cathedral_from_the_Millennium_bridge,_Central_London._-_geograph.org.uk_-_52.jpg"
St._Paul's_Cathedral,27756,0,commons/St_Paul's_Cathedral_in_2014/0/pictures/London_(12716143275).jpg
St._Paul's_Cathedral,27756,0,commons/London_Millennium_Bridge_with_St_Paul's/0/pictures/St_Paul's_Cathedral_night_2.jpg
St._Paul's_Cathedral,27756,0,"commons/London_Millennium_Bridge_with_St_Paul's/0/pictures/St_Paul's_Cathedral,_behind_Millennium_Bridge_-_panoramio.jpg"
St._Paul's_Cathedral,27756,0,commons/London_Millennium_Bridge_with_St_Paul's/0/pictures/St_Paul's_and_the_Garbage_Boat_-_geograph.org.uk_-_3660016.jpg
St._Paul's_Cathedral,27756,0,commons/St_Paul's_Cathedral_in_2014/0/pictures/Catedral_de_San_Pablo.jpg
St._Paul's_Cathedral,27756,0,commons/London_Millennium_Bridge_with_St_Paul's/0/pictures/St_Paul's_Cathedral_from_the_Wobbly_Bridge.jpg
St._Paul's_Cathedral,27756,0,commons/St_Paul's_Cathedral_in_2014/0/pictures/Approaching_St_Paul's_(12308665754).jpg
St._Paul's_Cathedral,27756,0,commons/London_Millennium_Bridge_with_St_Paul's/0/pictures/St_Paul's_Cathedral_and_the_Millennium_Footbridge_-_geograph.org.uk_-_2851569.jpg
St._Paul's_Cathedral,27756,0,"commons/St_Paul's_Cathedral_in_2014/0/pictures/2014,_St._Paul's_from_Millenium_Bridge_-_panoramio.jpg"
St._Paul's_Cathedral,27756,0,commons/London_Millennium_Bridge_with_St_Paul's/0/pictures/St_Paul's_Cathedra_Millennium_Bridge_JBU08.jpg
St._Paul's_Cathedral,27756,0,"commons/London_Millennium_Bridge_with_St_Paul's/0/pictures/St_Paul's_Cathedral_from_the_Millennium_Bridge,_London,_SE1_-_geograph.org.uk_-_3820963.jpg"
St._Paul's_Cathedral,27756,0,"commons/London_Millennium_Bridge_with_St_Paul's/0/pictures/St_Paul's_Cathedral_from_the_Millennium_Bridge,_London,_SE1_-_geograph.org.uk_-_3820959.jpg"
St._Paul's_Cathedral,27756,0,commons/St._Paul's_Cathedral_in_the_snow/0/pictures/St_Paul's_cathedral_photo.JPG
St._Paul's_Cathedral,27756,0,"commons/London_Millennium_Bridge_with_St_Paul's/0/pictures/St_Paul's_Cathedral_and_the_London_Millennium_Bridge,_UK_-_20130627.jpg"
St._Paul's_Cathedral,27756,0,commons/London_Millennium_Bridge_with_St_Paul's/0/pictures/St_Paul's_Cathedra_Millennium_Bridge_JBU06.jpg
St._Paul's_Cathedral,27756,0,commons/St._Paul's_Cathedral_in_the_snow/0/pictures/St_Pauls_on_a_snowy_day_-_geograph.org.uk_-_1145224.jpg
St._Paul's_Cathedral,27756,0,commons/London_Millennium_Bridge_with_St_Paul's/0/pictures/St_Paul's_Cathedral_from_Millennium_bridge_-_geograph.org.uk_-_3102964.jpg
St._Paul's_Cathedral,27756,0,commons/London_Millennium_Bridge_with_St_Paul's/0/pictures/St_Paul's_Cathedral_from_the_Millennium_Bridge_-_geograph.org.uk_-_659697.jpg
St._Paul's_Cathedral,27756,0,commons/St._Paul's_Cathedral_in_2023/0/pictures/Paternoster_Square_panorama.jpg
St._Paul's_Cathedral,27756,0,commons/London_Millennium_Bridge_with_St_Paul's/0/pictures/St_Paul's_Cathedral_from_the_Millennium_Bridge_-_geograph.org.uk_-_659696.jpg
St._Paul's_Cathedral,27756,0,commons/London_Millennium_Bridge_with_St_Paul's/0/pictures/St_Paul's_Cathedral_from_The_Millennium_Bridge_-_geograph.org.uk_-_3677598.jpg
St._Paul's_Cathedral,27756,0,commons/London_Millennium_Bridge_with_St_Paul's/0/pictures/St_Paul's_Cathedral_London_UK_Ank_Kumar_Infosys_Limited_04.jpg
St._Paul's_Cathedral,27756,0,commons/London_Millennium_Bridge_with_St_Paul's/0/pictures/St_Paul's_Cathedral_as_seen_from_the_Tate.jpg
St._Paul's_Cathedral,27756,0,commons/London_Millennium_Bridge_with_St_Paul's/0/pictures/St_Paul's_Cathedra_Millennium_Bridge_JBU07.jpg
St._Paul's_Cathedral,27756,0,commons/London_Millennium_Bridge_with_St_Paul's/0/pictures/St_Paul's_Cathedra_Millennium_Bridge_JBU02.jpg
St._Paul's_Cathedral,27756,0,"commons/London_Millennium_Bridge_with_St_Paul's/0/pictures/St_Paul's_Cathedral_and_Millennium_Bridge,_London.jpg"
St._Paul's_Cathedral,27756,0,commons/London_Millennium_Bridge_with_St_Paul's/0/pictures/St_Paul's_Cathedral_(10132623455).jpg
St._Paul's_Cathedral,27756,0,commons/St._Paul's_Cathedral_in_2023/0/pictures/St._Paul's_Cathedral_15_January_2023.jpg
St._Paul's_Cathedral,27756,0,commons/London_Millennium_Bridge_with_St_Paul's/0/pictures/St_Paul_MBSE.JPG
St._Paul's_Cathedral,27756,0,commons/London_Millennium_Bridge_with_St_Paul's/0/pictures/St_Paul's_Cathedral_-_geograph.org.uk_-_455405.jpg
St._Paul's_Cathedral,27756,0,commons/London_Millennium_Bridge_with_St_Paul's/0/pictures/St_Paul's_Cathedra_Millennium_Bridge_JBU03.jpg
St._Paul's_Cathedral,27756,0,commons/London_Millennium_Bridge_with_St_Paul's/0/pictures/St_Paul's_(246336553).jpg
St._Paul's_Cathedral,27756,0,commons/St._Paul's_Cathedral_in_2022/0/pictures/St._Pauls_Cathedral_(4).jpg
St._Paul's_Cathedral,27756,0,commons/London_Millennium_Bridge_with_St_Paul's/0/pictures/St_Paul's_Cathedra_Millennium_Bridge_JBU01.jpg
St._Paul's_Cathedral,27756,0,commons/St._Paul's_Cathedral_in_2022/0/pictures/St._Pauls_Cathedral_(3).jpg
St._Paul's_Cathedral,27756,0,commons/London_Millennium_Bridge_with_St_Paul's/0/pictures/St_Paul_S_Cathedral_From_Millennium_Bridge_(195520013).jpeg
St._Paul's_Cathedral,27756,0,commons/St._Paul's_Cathedral_in_2022/0/pictures/St._Pauls_Cathedral_(1).jpg
St._Paul's_Cathedral,27756,0,commons/London_Millennium_Bridge_with_St_Paul's/0/pictures/St_Paul_S_Cathedral_(96814535).jpeg
St._Paul's_Cathedral,27756,0,"commons/St._Paul's_Cathedral_in_2022/0/pictures/St._Paul's_Cathedral_at_night,_September_2022.jpg"
St._Paul's_Cathedral,27756,0,commons/London_Millennium_Bridge_with_St_Paul's/0/pictures/St_Paul_and_Millennium_Bridge.JPG
St._Paul's_Cathedral,27756,0,commons/London_Millennium_Bridge_with_St_Paul's/0/pictures/St_Paul_4_Feb_2008.JPG
St._Paul's_Cathedral,27756,0,commons/London_Millennium_Bridge_with_St_Paul's/0/pictures/St_Paul_Cathedral_-_View_from_Tate_Modern_Extension.jpg
St._Paul's_Cathedral,27756,0,commons/London_Millennium_Bridge_with_St_Paul's/0/pictures/Scan0024b.jpg
St._Paul's_Cathedral,27756,0,commons/London_Millennium_Bridge_with_St_Paul's/0/pictures/St_Paul_Cathedral_Sunset_02.jpg
St._Paul's_Cathedral,27756,0,commons/London_Millennium_Bridge_with_St_Paul's/0/pictures/Saint_Paul's_Cathedral_from_Tate_Modern.jpg
St._Paul's_Cathedral,27756,0,commons/London_Millennium_Bridge_with_St_Paul's/0/pictures/St_Paul_Cathedral_-_Thames_Night_Long_Exposure_02.jpg
St._Paul's_Cathedral,27756,0,commons/London_Millennium_Bridge_with_St_Paul's/0/pictures/St_Paul_Cathedral_Sunset_01.jpg
St._Paul's_Cathedral,27756,0,commons/London_Millennium_Bridge_with_St_Paul's/0/pictures/St_Paul_Cathedral_-_Thames_Night_Long_Exposure_01.jpg
St._Paul's_Cathedral,27756,0,commons/London_Millennium_Bridge_with_St_Paul's/0/pictures/Rain_(22675786133).jpg
St._Paul's_Cathedral,27756,0,commons/London_Millennium_Bridge_with_St_Paul's/0/pictures/Saint_Paul's_Cathedral_And_The_City_Of_London._(5198463513).jpg
St._Paul's_Cathedral,27756,0,commons/London_Millennium_Bridge_with_St_Paul's/0/pictures/Southwark_footbridge_-_geograph.org.uk_-_1145595.jpg
St._Paul's_Cathedral,27756,0,commons/London_Millennium_Bridge_with_St_Paul's/0/pictures/MillenniumBridge1_ST_08.JPG
St._Paul's_Cathedral,27756,0,commons/London_Millennium_Bridge_with_St_Paul's/0/pictures/Saint_Paul's_Cathedral_from_Millennium_Bridge.jpg
St._Paul's_Cathedral,27756,0,commons/London_Millennium_Bridge_with_St_Paul's/0/pictures/Rain_At_St_Paul_(45812350).jpeg
St._Paul's_Cathedral,27756,0,commons/London_Millennium_Bridge_with_St_Paul's/0/pictures/Puente_del_milenio.jpg
St._Paul's_Cathedral,27756,0,commons/London_Millennium_Bridge_with_St_Paul's/0/pictures/River_Thames_-_geograph.org.uk_-_2315623.jpg
St._Paul's_Cathedral,27756,0,"commons/London_Millennium_Bridge_with_St_Paul's/0/pictures/Puente_Millennium,_Londres,_Inglaterra,_2014-08-11,_DD_126.JPG"
St._Paul's_Cathedral,27756,0,commons/London_Millennium_Bridge_with_St_Paul's/0/pictures/Riverboat_Passing_St_Paul's_Cathedral._-_geograph.org.uk_-_123537.jpg
St._Paul's_Cathedral,27756,0,"commons/London_Millennium_Bridge_with_St_Paul's/0/pictures/Puente_Millennium,_Londres,_Inglaterra,_2014-08-11,_DD_114.JPG"
St._Paul's_Cathedral,27756,0,"commons/London_Millennium_Bridge_with_St_Paul's/0/pictures/Orilla_Norte_del_Támesis_desde_Tate_Modern,_Londres,_Inglaterra,_2014-08-11,_DD_119.JPG"
St._Paul's_Cathedral,27756,0,commons/London_Millennium_Bridge_with_St_Paul's/0/pictures/Millenniumbridge.jpg
St._Paul's_Cathedral,27756,0,"commons/London_Millennium_Bridge_with_St_Paul's/0/pictures/Orilla_Norte_del_Támesis_desde_Tate_Modern,_Londres,_Inglaterra,_2014-08-11,_DD_118.JPG"
St._Paul's_Cathedral,27756,0,commons/London_Millennium_Bridge_with_St_Paul's/0/pictures/On_the_Millennium_Bridge_-_geograph.org.uk_-_2257713.jpg
St._Paul's_Cathedral,27756,0,commons/London_Millennium_Bridge_with_St_Paul's/0/pictures/People_walking_across_Millennium_Bridge_-_geograph.org.uk_-_4235883.jpg
St._Paul's_Cathedral,27756,0,commons/London_Millennium_Bridge_with_St_Paul's/0/pictures/On_the_Millennium_Footbridge_-_geograph.org.uk_-_3830185.jpg
St._Paul's_Cathedral,27756,0,commons/London_Millennium_Bridge_with_St_Paul's/0/pictures/Millennium-Bridge-St-Pauls-20040918-007.jpg
St._Paul's_Cathedral,27756,0,commons/London_Millennium_Bridge_with_St_Paul's/0/pictures/Old-Mutual-Place.jpg
St._Paul's_Cathedral,27756,0,commons/London_Millennium_Bridge_with_St_Paul's/0/pictures/Millennium_bridge_saint_paul.jpg
St._Paul's_Cathedral,27756,0,commons/London_Millennium_Bridge_with_St_Paul's/0/pictures/Millennium_bridge_saint_paul_cote.jpg
St._Paul's_Cathedral,27756,0,commons/London_Millennium_Bridge_with_St_Paul's/0/pictures/Millennium_Footbridge_with_view_of_St_Paul's_-_geograph.org.uk_-_1859715.jpg
St._Paul's_Cathedral,27756,0,commons/London_Millennium_Bridge_with_St_Paul's/0/pictures/Millennium_Footbridge_-_geograph.org.uk_-_2858170.jpg
St._Paul's_Cathedral,27756,0,commons/London_Millennium_Bridge_with_St_Paul's/0/pictures/Millennium_Bridge750pix.jpg
St._Paul's_Cathedral,27756,0,commons/London_Millennium_Bridge_with_St_Paul's/0/pictures/Millennium_Bridge-St_Pauls_-_geograph.org.uk_-_1201821.jpg
St._Paul's_Cathedral,27756,0,"commons/London_Millennium_Bridge_with_St_Paul's/0/pictures/Millennium_Bridge,_South_Bank_Ramps_-_geograph.org.uk_-_850402.jpg"
St._Paul's_Cathedral,27756,0,"commons/London_Millennium_Bridge_with_St_Paul's/0/pictures/Millennium_Bridge,_London_-_geograph.org.uk_-_3872321.jpg"
St._Paul's_Cathedral,27756,0,"commons/London_Millennium_Bridge_with_St_Paul's/0/pictures/Millennium_Bridge,_London_SE1_-_geograph.org.uk_-_1089431.jpg"
St._Paul's_Cathedral,27756,0,"commons/London_Millennium_Bridge_with_St_Paul's/0/pictures/Millennium_Bridge,_London_-_Flickr_-_Steven_Penton.jpg"
St._Paul's_Cathedral,27756,0,"commons/London_Millennium_Bridge_with_St_Paul's/0/pictures/Millennium_Bridge,_London_SE1_-_geograph.org.uk_-_1089429.jpg"
St._Paul's_Cathedral,27756,0,commons/London_Millennium_Bridge_with_St_Paul's/0/pictures/Millennium_Bridge_with_St._Paul's_Cathedral_(21000917708).jpg
St._Paul's_Cathedral,27756,0,commons/London_Millennium_Bridge_with_St_Paul's/0/pictures/Millennium_Bridge_from_Bankside_20220810_4960.jpg
St._Paul's_Cathedral,27756,0,commons/London_Millennium_Bridge_with_St_Paul's/0/pictures/Millennium_Bridge_rup11.jpg
St._Paul's_Cathedral,27756,0,commons/North_facade_of_St._Paul's_Cathedral/0/pictures/Looking_up_at_St._Paul's_Cathedral_from_Paternoster_Row_-_geograph.org.uk_-_5114671.jpg
St._Paul's_Cathedral,27756,0,commons/Exterior_of_St._Paul's_Cathedral/0/pictures/St_Pauls_Cathedral_(16608019397).jpg
St._Paul's_Cathedral,27756,0,commons/St._Paul's_Cathedral/0/pictures/London_-_Millennium_Bridge_-_Jubilee_Walkway_-_Panorama_View_North_from_St_Paul's_Cathedral_to_the_Shard_02.jpg
St._Paul's_Cathedral,27756,0,commons/London_Millennium_Bridge_with_St_Paul's/0/pictures/Bridge_To_St_Pauls_(2866900631).jpg
St._Paul's_Cathedral,27756,0,commons/North_facade_of_St._Paul's_Cathedral/0/pictures/St_Paul's_Cathedral_-_geograph.org.uk_-_1140443.jpg
St._Paul's_Cathedral,27756,0,commons/Exterior_of_St._Paul's_Cathedral/0/pictures/St_Pauls_Cathedral_(10408473875).jpg
St._Paul's_Cathedral,27756,0,"commons/London_Millennium_Bridge_with_St_Paul's/0/pictures/Catedral_de_San_Pablo,_Londres,_Inglaterra,_2014-08-11,_DD_122.JPG"
St._Paul's_Cathedral,27756,0,commons/North_facade_of_St._Paul's_Cathedral/0/pictures/Saint_Pauls_Cathedral_as_seen_from_Paternoster_Row_-_geograph.org.uk_-_77268.jpg
St._Paul's_Cathedral,27756,0,commons/Exterior_of_St._Paul's_Cathedral/0/pictures/St_Pauls_(6465420717).jpg
St._Paul's_Cathedral,27756,0,commons/St._Paul's_Cathedral_dome_(exterior)/0/pictures/The_cross_and_apex_of_the_dome_on_St_Paul's_Cathedral.jpg
St._Paul's_Cathedral,27756,0,commons/St._Paul's_Cathedral/0/pictures/London_-_Millennium_Bridge_-_Jubilee_Walkway_-_Panorama_View_North_from_St_Paul's_Cathedral_to_the_Shard_01.jpg
St._Paul's_Cathedral,27756,0,"commons/London_Millennium_Bridge_with_St_Paul's/0/pictures/Catedral_de_San_Pablo,_Londres,_Inglaterra,_2014-08-11,_DD_125.JPG"
St._Paul's_Cathedral,27756,0,commons/St._Paul's_Cathedral_in_2013/0/pictures/EH1079157_St_Paul's_Cathedral_10.jpg
St._Paul's_Cathedral,27756,0,commons/North_facade_of_St._Paul's_Cathedral/0/pictures/Londen_2006_(87)_(2848067229).jpg
St._Paul's_Cathedral,27756,0,commons/Exterior_of_St._Paul's_Cathedral/0/pictures/St_Pauls_2_(13414174313).jpg
St._Paul's_Cathedral,27756,0,commons/St._Paul's_Cathedral_dome_(exterior)/0/pictures/St.Paul's_Cathedral_-_geograph.org.uk_-_4517365.jpg
St._Paul's_Cathedral,27756,0,commons/London_Millennium_Bridge_with_St_Paul's/0/pictures/CATHEDRAL_CHURCH_OF_ST_PAUL_DSC_7027.jpg
St._Paul's_Cathedral,27756,0,commons/St._Paul's_Cathedral_in_2013/0/pictures/EH1079157_St_Paul's_Cathedral_09.jpg
St._Paul's_Cathedral,27756,0,"commons/North_facade_of_St._Paul's_Cathedral/0/pictures/North-west_corner_of_St_Paul's,_London_EC2_-_geograph.org.uk_-_1089179.jpg"
St._Paul's_Cathedral,27756,0,"commons/Exterior_of_St._Paul's_Cathedral/0/pictures/St_Paul's_from_Blavatnik_Building,_Tate_Modern.jpg"
St._Paul's_Cathedral,27756,0,commons/St._Paul's_Cathedral_dome_(exterior)/0/pictures/The_dome_of_St_Paul's_Cathedral_-_geograph.org.uk_-_2200650.jpg
St._Paul's_Cathedral,27756,0,commons/St._Paul's_Cathedral/0/pictures/London_-_King_Edward_Street_-_View_South_towards_St_Paul's_Cathedral.jpg
St._Paul's_Cathedral,27756,0,"commons/London_Millennium_Bridge_with_St_Paul's/0/pictures/City_of_London,_London,_UK_-_panoramio_(11).jpg"
St._Paul's_Cathedral,27756,0,commons/St._Paul's_Cathedral_in_2013/0/pictures/EH1079157_St_Paul's_Cathedral_19.jpg
St._Paul's_Cathedral,27756,0,commons/North_facade_of_St._Paul's_Cathedral/0/pictures/Londres_-_panoramio_(6).jpg
St._Paul's_Cathedral,27756,0,commons/Exterior_of_St._Paul's_Cathedral/0/pictures/St_Paul's_and_Gardens_(8076953038).jpg
St._Paul's_Cathedral,27756,0,commons/St._Paul's_Cathedral_dome_(exterior)/0/pictures/View_from_the_terrace_of_the_Madison_Restaurant_-_geograph.org.uk_-_4388798.jpg
St._Paul's_Cathedral,27756,0,commons/St._Paul's_Cathedral/0/pictures/London_-_Cannon_Street_-_St_Paul's_Cathedral_1697_by_Sir_Christopher_Wren_-_Panorama_View_14.jpg
St._Paul's_Cathedral,27756,0,commons/London_Millennium_Bridge_with_St_Paul's/0/pictures/Autumn_in_London_(4038264766).jpg
St._Paul's_Cathedral,27756,0,commons/North_facade_of_St._Paul's_Cathedral/0/pictures/Londen_2006_(85)_(2848066045).jpg
St._Paul's_Cathedral,27756,0,"commons/Exterior_of_St._Paul's_Cathedral/0/pictures/St_Paul's_Cathedral,_London,_UK_(2014)_-_25.JPG"
St._Paul's_Cathedral,27756,0,commons/St._Paul's_Cathedral/0/pictures/London_-_Cannon_Street_-_St_Paul's_Cathedral_1697_by_Sir_Christopher_Wren_-_View_ENE.jpg
St._Paul's_Cathedral,27756,0,commons/London_Millennium_Bridge_with_St_Paul's/0/pictures/Blue_lines_(44396758680).jpg
St._Paul's_Cathedral,27756,0,commons/Exterior_of_St._Paul's_Cathedral/0/pictures/St_Paul's_from_the_south_-_geograph.org.uk_-_2871568.jpg
St._Paul's_Cathedral,27756,0,commons/St._Paul's_Cathedral_dome_(exterior)/0/pictures/The_dome_of_St_Paul's_Cathedral_-_geograph.org.uk_-_54002.jpg
St._Paul's_Cathedral,27756,0,commons/London_Millennium_Bridge_with_St_Paul's/0/pictures/Along_the_Millenium_Bridge_(246337183).jpg
St._Paul's_Cathedral,27756,0,commons/North_facade_of_St._Paul's_Cathedral/0/pictures/Londen_2006_(260)_(2848917030).jpg
St._Paul's_Cathedral,27756,0,"commons/Exterior_of_St._Paul's_Cathedral/0/pictures/St_Paul's_Cathedral,_London,_UK_(2014)_-_26.JPG"
St._Paul's_Cathedral,27756,0,commons/St._Paul's_Cathedral_dome_(exterior)/0/pictures/St._Pauls_Cathedral_-_panoramio_(2).jpg
St._Paul's_Cathedral,27756,0,commons/St._Paul's_Cathedral/0/pictures/London_-_Cannon_Street_-_St_Paul's_Cathedral_1697_by_Sir_Christopher_Wren_-_Panorama_View_13.jpg
St._Paul's_Cathedral,27756,0,commons/London_Millennium_Bridge_with_St_Paul's/0/pictures/Aerial_View_of_Millennium_Bridge_and_St_Pauls.JPG
St._Paul's_Cathedral,27756,0,commons/North_facade_of_St._Paul's_Cathedral/0/pictures/Dome_of_St._Paul_IMG_9184.JPG
St._Paul's_Cathedral,27756,0,"commons/Exterior_of_St._Paul's_Cathedral/0/pictures/St_Paul's_Cathedral,_London,_UK_(2014)_-_27.JPG"
St._Paul's_Cathedral,27756,0,commons/St._Paul's_Cathedral_dome_(exterior)/0/pictures/St._Pauls_dome_-_panoramio.jpg
St._Paul's_Cathedral,27756,0,commons/St._Paul's_Cathedral/0/pictures/London_-_Cannon_Street_-_St_Paul's_Cathedral_1697_by_Sir_Christopher_Wren_-_View_NW.jpg
St._Paul's_Cathedral,27756,0,commons/London_Millennium_Bridge_with_St_Paul's/0/pictures/Autumn_in_London_(4038256944).jpg
St._Paul's_Cathedral,27756,0,commons/North_facade_of_St._Paul's_Cathedral/0/pictures/Londen_2006_(261)_(2848086323).jpg
St._Paul's_Cathedral,27756,0,commons/Exterior_of_St._Paul's_Cathedral/0/pictures/St_Paul's_Cathedral01.jpeg
St._Paul's_Cathedral,27756,0,commons/St._Paul's_Cathedral/0/pictures/London_-_Cannon_Street_-_St_Paul's_Cathedral_1697_by_Sir_Christopher_Wren_-_Panorama_View_12.jpg
St._Paul's_Cathedral,27756,0,commons/London_Millennium_Bridge_with_St_Paul's/0/pictures/Alone_in_the_Millennium_Bridge_(262789027).jpg
St._Paul's_Cathedral,27756,0,"commons/Exterior_of_St._Paul's_Cathedral/0/pictures/St_Paul's_Cathedral,_London,_UK_(2014)_-_09.JPG"
St._Paul's_Cathedral,27756,0,commons/St._Paul's_Cathedral_dome_(exterior)/0/pictures/The_Dome_of_St_Paul's_Cathedral_-_geograph.org.uk_-_923078.jpg
St._Paul's_Cathedral,27756,0,commons/St._Paul's_Cathedral/0/pictures/London_-_Cannon_Street_-_St_Paul's_Cathedral_1697_by_Sir_Christopher_Wren_-_Panorama_View_11.jpg
St._Paul's_Cathedral,27756,0,commons/London_Millennium_Bridge_with_St_Paul's/0/pictures/468SFEC_LONDON-20070917.JPG
St._Paul's_Cathedral,27756,0,commons/Exterior_of_St._Paul's_Cathedral/0/pictures/St_Paul's_cathedral_from_Paternoster_Square_-_geograph.org.uk_-_2162663.jpg
St._Paul's_Cathedral,27756,0,commons/St._Paul's_Cathedral_dome_(exterior)/0/pictures/StPaulsCathedral.jpg
St._Paul's_Cathedral,27756,0,commons/St._Paul's_Cathedral/0/pictures/London_-_Cannon_Street_-_St_Paul's_Cathedral_1697_by_Sir_Christopher_Wren_-_View_North_&_Up.jpg
St._Paul's_Cathedral,27756,0,commons/London_Millennium_Bridge_with_St_Paul's/0/pictures/A_Postcard_from_London_-_panoramio.jpg
St._Paul's_Cathedral,27756,0,"commons/St._Paul's_Cathedral_in_2013/0/pictures/Columns_at_St_Paul's_Cathedral,_St_Paul's_in_spring_2013_(1).JPG"
St._Paul's_Cathedral,27756,0,commons/Exterior_of_St._Paul's_Cathedral/0/pictures/St_Paul's_behind_St_Augustine's_-_geograph.org.uk_-_922108.jpg
St._Paul's_Cathedral,27756,0,commons/St._Paul's_Cathedral_dome_(exterior)/0/pictures/The_Dome_of_St_Paul's_Cathedral_-_geograph.org.uk_-_3399827.jpg
St._Paul's_Cathedral,27756,0,commons/St._Paul's_Cathedral/0/pictures/London_-_Cannon_Street_-_St_Paul's_Cathedral_1697_by_Sir_Christopher_Wren_-_Panorama_View_09.jpg
St._Paul's_Cathedral,27756,0,commons/London_Millennium_Bridge_with_St_Paul's/0/pictures/6.1.17_St_Pauls_London_8_(32166956095).jpg
St._Paul's_Cathedral,27756,0,commons/St._Paul's_Cathedral_in_2013/0/pictures/EH1079157_St_Paul's_Cathedral_06.jpg
St._Paul's_Cathedral,27756,0,"commons/Exterior_of_St._Paul's_Cathedral/0/pictures/St_Paul's_Cathedral,_London,_UK_(2014)_-_18.JPG"
St._Paul's_Cathedral,27756,0,commons/St._Paul's_Cathedral_dome_(exterior)/0/pictures/Stpauls_from_paternoster_sq.jpg
St._Paul's_Cathedral,27756,0,commons/St._Paul's_Cathedral/0/pictures/London_-_Cannon_Street_-_St_Paul's_Cathedral_1697_by_Sir_Christopher_Wren_-_Panorama_View_08.jpg
St._Paul's_Cathedral,27756,0,"commons/London_Millennium_Bridge_with_St_Paul's/0/pictures/Across_the_Millennium_Bridge,_London,_SE1_-_geograph.org.uk_-_3820823.jpg"
St._Paul's_Cathedral,27756,0,"commons/Exterior_of_St._Paul's_Cathedral/0/pictures/St_Paul's_Cathedral,_London,_UK_(2014)_-_14.JPG"
St._Paul's_Cathedral,27756,0,commons/St._Paul's_Cathedral_dome_(exterior)/0/pictures/St.Paul's_Cathedral_-_geograph.org.uk_-_3872385.jpg
St._Paul's_Cathedral,27756,0,commons/St._Paul's_Cathedral/0/pictures/London_-_Cannon_Street_-_St_Paul's_Cathedral_1697_by_Sir_Christopher_Wren_-_Panorama_View_05.jpg
St._Paul's_Cathedral,27756,0,"commons/London_Millennium_Bridge_with_St_Paul's/0/pictures/Across_the_Millennium_Bridge,_London,_SE1_-_geograph.org.uk_-_3820822.jpg"
St._Paul's_Cathedral,27756,0,"commons/Exterior_of_St._Paul's_Cathedral/0/pictures/St_Paul's_Cathedral,_St_Paul's_Churchyard_-_geograph.org.uk_-_2504016.jpg"
St._Paul's_Cathedral,27756,0,commons/St._Paul's_Cathedral_dome_(exterior)/0/pictures/Stpaulstube.jpg
St._Paul's_Cathedral,27756,0,commons/St._Paul's_Cathedral/0/pictures/London_-_Cannon_Street_-_St_Paul's_Cathedral_1697_by_Sir_Christopher_Wren_-_Panorama_View_07.jpg
St._Paul's_Cathedral,27756,0,commons/London_Millennium_Bridge_with_St_Paul's/0/pictures/20110530_London_29.JPG
St._Paul's_Cathedral,27756,0,commons/St._Paul's_Cathedral_in_2013/0/pictures/EH1079157_St_Paul's_Cathedral_02.jpg
St._Paul's_Cathedral,27756,0,"commons/Exterior_of_St._Paul's_Cathedral/0/pictures/St_Paul's_Cathedral,_London,_England_-_Jan_2010.jpg"
St._Paul's_Cathedral,27756,0,commons/St._Paul's_Cathedral/0/pictures/London_-_Cannon_Street_-_St_Paul's_Cathedral_1697_by_Sir_Christopher_Wren_-_Panorama_View_06.jpg
St._Paul's_Cathedral,27756,0,commons/London_Millennium_Bridge_with_St_Paul's/0/pictures/2017_London_Millennium_Bridge_from_tour_boat_01.jpg
St._Paul's_Cathedral,27756,0,commons/St._Paul's_Cathedral_in_2013/0/pictures/Dark_Wet_Days_-_panoramio.jpg
St._Paul's_Cathedral,27756,0,"commons/Exterior_of_St._Paul's_Cathedral/0/pictures/St_Paul's_Cathedral,_London,_England_-_Jan_2010_edit.jpg"
St._Paul's_Cathedral,27756,0,commons/St._Paul's_Cathedral_dome_(exterior)/0/pictures/St._Paul's_Cathedral_Dome_(exterior).jpg
St._Paul's_Cathedral,27756,0,commons/St._Paul's_Cathedral/0/pictures/London_-_Cannon_Street_-_St_Paul's_Cathedral_1697_by_Sir_Christopher_Wren_-_Panorama_View_04.jpg
St._Paul's_Cathedral,27756,0,commons/London_Millennium_Bridge_with_St_Paul's/0/pictures/6.1.17_St_Pauls_London_6_(32048580011).jpg
St._Paul's_Cathedral,27756,0,"commons/St._Paul's_Cathedral_in_2013/0/pictures/Die_Türme_der_St_Paul's_Cathedral_hinter_Wohnbauten_am_Themseufer,_London.JPG"
St._Paul's_Cathedral,27756,0,"commons/Exterior_of_St._Paul's_Cathedral/0/pictures/St_Paul's_Cathedral,_London,_England_-_Jan_2010_tower_adjusted_2.jpg"
St._Paul's_Cathedral,27756,0,commons/St._Paul's_Cathedral/0/pictures/London_-_Cannon_Street_-_St_Paul's_Cathedral_1697_by_Sir_Christopher_Wren_-_Panorama_View_10.jpg
St._Paul's_Cathedral,27756,0,commons/London_Millennium_Bridge_with_St_Paul's/0/pictures/A_dull_Spring_day_near_The_Millennium_Bridge_-_geograph.org.uk_-_1258870.jpg
St._Paul's_Cathedral,27756,0,"commons/St._Paul's_Cathedral_in_2013/0/pictures/City_of_London,_London,_UK_-_panoramio_(52).jpg"
St._Paul's_Cathedral,27756,0,"commons/Exterior_of_St._Paul's_Cathedral/0/pictures/St_Paul's_Cathedral,_photographed_from_TATE_Modern_Gallery,_London.jpg"
St._Paul's_Cathedral,27756,0,commons/St._Paul's_Cathedral_dome_(exterior)/0/pictures/St._Paul's_from_the_Paternoster_Square_-_panoramio.jpg
St._Paul's_Cathedral,27756,0,commons/St._Paul's_Cathedral/0/pictures/London_-_Cannon_Street_-_St_Paul's_Cathedral_1697_by_Sir_Christopher_Wren_-_Panorama_View_03.jpg
St._Paul's_Cathedral,27756,0,commons/London_Millennium_Bridge_with_St_Paul's/0/pictures/6.1.17_St_Pauls_London_7_(31325429804).jpg
St._Paul's_Cathedral,27756,0,"commons/St._Paul's_Cathedral_in_2013/0/pictures/City_of_London,_London,_UK_-_panoramio_(55).jpg"
St._Paul's_Cathedral,27756,0,"commons/Exterior_of_St._Paul's_Cathedral/0/pictures/St_Paul's_Cathedral,_London_EC4,_March_2015_(01).JPG"
St._Paul's_Cathedral,27756,0,commons/St._Paul's_Cathedral/0/pictures/DSC6202_-_Flickr_-_dconvertini.jpg
St._Paul's_Cathedral,27756,0,"commons/London_Millennium_Bridge_with_St_Paul's/0/pictures/2014,_St._Paul's_from_Millenium_Bridge_-_panoramio.jpg"
St._Paul's_Cathedral,27756,0,"commons/St._Paul's_Cathedral_in_2013/0/pictures/City_of_London,_London,_UK_-_panoramio_(51).jpg"
St._Paul's_Cathedral,27756,0,commons/Exterior_of_St._Paul's_Cathedral/0/pictures/St_Paul's_Cathedral_2014.JPG
St._Paul's_Cathedral,27756,0,commons/St._Paul's_Cathedral_dome_(exterior)/0/pictures/St._Pauls_Cathedral_-_detalhe_(1878452217).jpg
St._Paul's_Cathedral,27756,0,commons/St._Paul's_Cathedral/0/pictures/London_(6063453407).jpg
St._Paul's_Cathedral,27756,0,commons/London_Millennium_Bridge_with_St_Paul's/0/pictures/21st_century_London_-_geograph.org.uk_-_1825832.jpg
St._Paul's_Cathedral,27756,0,"commons/Exterior_of_St._Paul's_Cathedral/0/pictures/St_Paul's_Cathedral,_26_August_2012_(2).jpg"
St._Paul's_Cathedral,27756,0,"commons/St._Paul's_Cathedral_dome_(exterior)/0/pictures/St._Paul's_Cathedral,_London,_United_Kingdom_(Unsplash).jpg"
St._Paul's_Cathedral,27756,0,"commons/Exterior_of_St._Paul's_Cathedral/0/pictures/St_Paul's_Cathedral,_London_EC2_-_geograph.org.uk_-_2339009.jpg"
St._Paul's_Cathedral,27756,0,"commons/St._Paul's_Cathedral_dome_(exterior)/0/pictures/St._Paul's_Cathedral,_London_-_panoramio.jpg"
St._Paul's_Cathedral,27756,0,commons/St._Paul's_Cathedral/0/pictures/London_-_Cannon_Street_-_New_Change_-_Festival_Gardens_-_View_WNW_on_St_Paul's_Cathedral_1697_by_Sir_Christopher_Wren_-_St_Augustine_Watling_Street.jpg
St._Paul's_Cathedral,27756,0,commons/London_Millennium_Bridge_with_St_Paul's/0/pictures/2009-07-22_Millennium_Bridge_(London).jpg
St._Paul's_Cathedral,27756,0,"commons/St._Paul's_Cathedral_in_2013/0/pictures/City_of_London,_London,_UK_-_panoramio_(45).jpg"
St._Paul's_Cathedral,27756,0,"commons/Exterior_of_St._Paul's_Cathedral/0/pictures/St_Paul's_Cathedral,_2017-05-27.jpg"
St._Paul's_Cathedral,27756,0,"commons/Exterior_of_St._Paul's_Cathedral/0/pictures/St_Paul's_Cathedral,_London_-_geograph.org.uk_-_674537.jpg"
St._Paul's_Cathedral,27756,0,commons/St._Paul's_Cathedral_dome_(exterior)/0/pictures/St._Paul's_Dome_From_The_Monument_-_geograph.org.uk_-_1281822.jpg
St._Paul's_Cathedral,27756,0,commons/Exterior_of_St._Paul's_Cathedral/0/pictures/St_Paul's_Cathedral_from_The_south_east.jpg
St._Paul's_Cathedral,27756,0,commons/St._Paul's_Cathedral_dome_(exterior)/0/pictures/St_Pauls_Cathedral_1_(8013452410).jpg
St._Paul's_Cathedral,27756,0,commons/Exterior_of_St._Paul's_Cathedral/0/pictures/St_Paul's_Cathedral_00_(7).JPG
St._Paul's_Cathedral,27756,0,commons/Exterior_of_St._Paul's_Cathedral/0/pictures/St_Paul's_Cathedral_-_2022-10-14.jpg
St._Paul's_Cathedral,27756,0,commons/St._Paul's_Cathedral_dome_(exterior)/0/pictures/St._Paul's_Cathedral_(5987375674).jpg
St._Paul's_Cathedral,27756,0,commons/Exterior_of_St._Paul's_Cathedral/0/pictures/St_Paul's_Cathedral_00_(3).JPG
St._Paul's_Cathedral,27756,0,commons/St._Paul's_Cathedral_dome_(exterior)/0/pictures/St._Paul_-_panoramio.jpg
St._Paul's_Cathedral,27756,0,commons/Exterior_of_St._Paul's_Cathedral/0/pictures/St_Paul's_Cathedral_-_panoramio_(6).jpg
St._Paul's_Cathedral,27756,0,commons/St._Paul's_Cathedral_dome_(exterior)/0/pictures/St_Pauls_Cathedral_Dome_Detail_Night.jpg
St._Paul's_Cathedral,27756,0,commons/Exterior_of_St._Paul's_Cathedral/0/pictures/St_Paul's_Cathedral_-_statue_commemorating_firefighters.jpg
St._Paul's_Cathedral,27756,0,commons/Exterior_of_St._Paul's_Cathedral/0/pictures/St_Paul's_Cathedral_-_seen_from_below_-_geograph.org.uk_-_1570370.jpg
St._Paul's_Cathedral,27756,0,commons/St._Paul's_Cathedral_dome_(exterior)/0/pictures/St_Paul's_stn_entrance.JPG
St._Paul's_Cathedral,27756,0,commons/Exterior_of_St._Paul's_Cathedral/0/pictures/St_Paul's_Cathedral_-_geograph.org.uk_-_4271905.jpg
St._Paul's_Cathedral,27756,0,commons/Exterior_of_St._Paul's_Cathedral/0/pictures/St_Paul's_Cathedral_-_Joy_of_Museums.jpg
St._Paul's_Cathedral,27756,0,commons/Exterior_of_St._Paul's_Cathedral/0/pictures/St_Paul's_Cathedral_(London).jpg
St._Paul's_Cathedral,27756,0,commons/Exterior_of_St._Paul's_Cathedral/0/pictures/St_Paul's_Cathedral_-_geograph.org.uk_-_397139.jpg
St._Paul's_Cathedral,27756,0,commons/Exterior_of_St._Paul's_Cathedral/0/pictures/St_Paul's_Cathedral_-_geograph.org.uk_-_2937335.jpg
St._Paul's_Cathedral,27756,0,commons/Exterior_of_St._Paul's_Cathedral/0/pictures/St_Paul's_Cathedral_-_geograph.org.uk_-_2937318.jpg
St._Paul's_Cathedral,27756,0,commons/Exterior_of_St._Paul's_Cathedral/0/pictures/St_Paul's_Across_the_River_(8435489845).jpg
St._Paul's_Cathedral,27756,0,commons/St._Paul's_Cathedral_dome_(exterior)/0/pictures/St_Paul's_Dome_(cloudy).JPG
St._Paul's_Cathedral,27756,0,commons/Exterior_of_St._Paul's_Cathedral/0/pictures/St_Paul's_Cathedral_-_geograph.org.uk_-_2188729.jpg
St._Paul's_Cathedral,27756,0,commons/St._Paul's_Cathedral_dome_(exterior)/0/pictures/St_Paul's_Dome_-_geograph.org.uk_-_2701385.jpg
St._Paul's_Cathedral,27756,0,commons/Exterior_of_St._Paul's_Cathedral/0/pictures/St_Paul's_Cathedral_-_geograph.org.uk_-_1571909.jpg
St._Paul's_Cathedral,27756,0,commons/St._Paul's_Cathedral_dome_(exterior)/0/pictures/St_Paul's_Cathedral_Dome_from_One_New_Change.jpg
St._Paul's_Cathedral,27756,0,commons/Exterior_of_St._Paul's_Cathedral/0/pictures/St_Paul's_Cathedral_-_geograph.org.uk_-_1231391.jpg
St._Paul's_Cathedral,27756,0,commons/St._Paul's_Cathedral_dome_(exterior)/0/pictures/St_Paul's_Cathedral's_dome.jpg
St._Paul's_Cathedral,27756,0,"commons/Exterior_of_St._Paul's_Cathedral/0/pictures/Saint_Paul's_cathedral,_London_1.jpg"
St._Paul's_Cathedral,27756,0,commons/St._Paul's_Cathedral_dome_(exterior)/0/pictures/St_Paul's_Cathedral_from_Monument_2014.jpg
St._Paul's_Cathedral,27756,0,commons/Exterior_of_St._Paul's_Cathedral/0/pictures/St_Paul_S_Cathedral_London_(135223363).jpeg
St._Paul's_Cathedral,27756,0,commons/Exterior_of_St._Paul's_Cathedral/0/pictures/St_Paul_cathedral_London.jpg
St._Paul's_Cathedral,27756,0,commons/St._Paul's_Cathedral_dome_(exterior)/0/pictures/St_Paul's_Cathedral_Dome_from_One_New_Change_-_Square_Crop.jpg
St._Paul's_Cathedral,27756,0,commons/Exterior_of_St._Paul's_Cathedral/0/pictures/St_Paul's_-_geograph.org.uk_-_1629252.jpg
St._Paul's_Cathedral,27756,0,commons/St._Paul's_Cathedral_dome_(exterior)/0/pictures/St_Paul's_Cathedral_Dome_2020_Exterior_Ground.jpg
St._Paul's_Cathedral,27756,0,commons/Exterior_of_St._Paul's_Cathedral/0/pictures/Skyline_Of_The_City_-_panoramio.jpg
St._Paul's_Cathedral,27756,0,commons/St._Paul's_Cathedral_dome_(exterior)/0/pictures/St_Paul's_Cathedral_03.JPG
St._Paul's_Cathedral,27756,0,commons/Exterior_of_St._Paul's_Cathedral/0/pictures/Saint_Paul_Cathedral_-_London_2Aug2018.jpg
St._Paul's_Cathedral,27756,0,commons/St._Paul's_Cathedral_dome_(exterior)/0/pictures/St_Paul's_Cathedral_dome_from_Paternoster_Square_-_London_-_240404.jpg
St._Paul's_Cathedral,27756,0,commons/Exterior_of_St._Paul's_Cathedral/0/pictures/St_Augustine_with_St_Faith_Church_spire_with_St_Paul's_Cathedral_-_geograph.org.uk_-_1231374.jpg
St._Paul's_Cathedral,27756,0,commons/St._Paul's_Cathedral_dome_(exterior)/0/pictures/St_Paul's_Cathedral_00_(39).JPG
St._Paul's_Cathedral,27756,0,commons/Exterior_of_St._Paul's_Cathedral/0/pictures/Paul's_Cathedral_Dome_at_Sunset.jpg
St._Paul's_Cathedral,27756,0,commons/St._Paul's_Cathedral_dome_(exterior)/0/pictures/St_Paul's_Cathedral_-_geograph.org.uk_-_3706710.jpg
St._Paul's_Cathedral,27756,0,commons/Exterior_of_St._Paul's_Cathedral/0/pictures/Rear_of_St_Pauls_-_panoramio.jpg
St._Paul's_Cathedral,27756,0,commons/St._Paul's_Cathedral_dome_(exterior)/0/pictures/St_Paul's_Cathedral_Dome_-_geograph.org.uk_-_2952897.jpg
St._Paul's_Cathedral,27756,0,commons/Exterior_of_St._Paul's_Cathedral/0/pictures/Ludgate_Hill_(37145521291).jpg
St._Paul's_Cathedral,27756,0,commons/St._Paul's_Cathedral_dome_(exterior)/0/pictures/St_Paul's_Cathedral_-_geograph.org.uk_-_5028409.jpg
St._Paul's_Cathedral,27756,0,commons/Exterior_of_St._Paul's_Cathedral/0/pictures/Looking_up_at_St._Paul's_Cathedral_from_Paternoster_Row_^3_-_geograph.org.uk_-_5114698.jpg
St._Paul's_Cathedral,27756,0,commons/St._Paul's_Cathedral_dome_(exterior)/0/pictures/St_Paul's_Cathedral_00_(38).JPG
St._Paul's_Cathedral,27756,0,commons/Exterior_of_St._Paul's_Cathedral/0/pictures/Looking_up_at_St._Paul's_Cathedral_from_Paternoster_Row_^2_-_geograph.org.uk_-_5114675.jpg
St._Paul's_Cathedral,27756,0,commons/St._Paul's_Cathedral_dome_(exterior)/0/pictures/St_Paul's_Cathedral_-_Lantern_and_Ball_and_Cross.jpg
St._Paul's_Cathedral,27756,0,commons/Exterior_of_St._Paul's_Cathedral/0/pictures/London-44-2_(48189391222).jpg
St._Paul's_Cathedral,27756,0,commons/St._Paul's_Cathedral_dome_(exterior)/0/pictures/St_Paul's_Cathedral_-_geograph.org.uk_-_4774404.jpg
St._Paul's_Cathedral,27756,0,commons/Exterior_of_St._Paul's_Cathedral/0/pictures/London-31-2_(48189395452).jpg
St._Paul's_Cathedral,27756,0,commons/St._Paul's_Cathedral_dome_(exterior)/0/pictures/St_Paul's_(24435243845).jpg
St._Paul's_Cathedral,27756,0,commons/Exterior_of_St._Paul's_Cathedral/0/pictures/Londres_105..jpg
St._Paul's_Cathedral,27756,0,commons/St._Paul's_Cathedral_dome_(exterior)/0/pictures/St_Paul's_Cathedral_-_geograph.org.uk_-_4345538.jpg
St._Paul's_Cathedral,27756,0,commons/Exterior_of_St._Paul's_Cathedral/0/pictures/London_St_Paul's_Cathedral_-_panoramio_(1).jpg
St._Paul's_Cathedral,27756,0,commons/St._Paul's_Cathedral_dome_(exterior)/0/pictures/St_Paul's_Cathedral_-_geograph.org.uk_-_4345515.jpg
St._Paul's_Cathedral,27756,0,"commons/Exterior_of_St._Paul's_Cathedral/0/pictures/Looking_up_at_St_Paul's_Cathedral,_St_Paul's_Churchyard_EC4_-_geograph.org.uk_-_1275132.jpg"
St._Paul's_Cathedral,27756,0,commons/St._Paul's_Cathedral_dome_(exterior)/0/pictures/St_Paul's_Cathedral_-_geograph.org.uk_-_3822971.jpg
St._Paul's_Cathedral,27756,0,commons/Exterior_of_St._Paul's_Cathedral/0/pictures/London_-_panoramio_(222).jpg
St._Paul's_Cathedral,27756,0,commons/Exterior_of_St._Paul's_Cathedral/0/pictures/London_-_panoramio_(224).jpg
St._Paul's_Cathedral,27756,0,commons/St._Paul's_Cathedral_dome_(exterior)/0/pictures/St_Paul's_Cathedral_(12830839174).jpg
St._Paul's_Cathedral,27756,0,commons/Exterior_of_St._Paul's_Cathedral/0/pictures/London_-_panoramio_(221).jpg
St._Paul's_Cathedral,27756,0,commons/St._Paul's_Cathedral_dome_(exterior)/0/pictures/St_Paul's_Cathedral_-_geograph.org.uk_-_3677602.jpg
St._Paul's_Cathedral,27756,0,commons/Exterior_of_St._Paul's_Cathedral/0/pictures/London_-_St._Paul's_Cathedral_X.jpg
St._Paul's_Cathedral,27756,0,commons/Exterior_of_St._Paul's_Cathedral/0/pictures/London_-_St._Paul's_Cathedral_VII.jpg
St._Paul's_Cathedral,27756,0,commons/St._Paul's_Cathedral_dome_(exterior)/0/pictures/St_Paul_dome.jpeg
St._Paul's_Cathedral,27756,0,commons/Exterior_of_St._Paul's_Cathedral/0/pictures/London_-_St.Paul's_Cathedral_as_seen_from_Cathedral_Place_-_panoramio.jpg
St._Paul's_Cathedral,27756,0,"commons/St._Paul's_Cathedral_dome_(exterior)/0/pictures/Southwest_View_of_the_Dome_at_St_Paul's_Cathedral,_London_(02).jpg"
St._Paul's_Cathedral,27756,0,commons/Exterior_of_St._Paul's_Cathedral/0/pictures/London_-_St._Paul's_Cathedral_XV.jpg
St._Paul's_Cathedral,27756,0,"commons/St._Paul's_Cathedral_dome_(exterior)/0/pictures/Saint_Paul's_Cathedral,_London.jpg"
St._Paul's_Cathedral,27756,0,commons/Exterior_of_St._Paul's_Cathedral/0/pictures/London_-_St._Paul's_Cathedral_III.jpg
St._Paul's_Cathedral,27756,0,commons/St._Paul's_Cathedral_dome_(exterior)/0/pictures/St_Martin-within-Ludgate_-_geograph.org.uk_-_2197471.jpg
St._Paul's_Cathedral,27756,0,commons/Exterior_of_St._Paul's_Cathedral/0/pictures/London_-_Peter's_Hill_-_St._Paul's_Cathedral_-_Sir_Christopher_Wren_1708.jpg
St._Paul's_Cathedral,27756,0,commons/St._Paul's_Cathedral_dome_(exterior)/0/pictures/Paternoster_Square_(4868693916).jpg
St._Paul's_Cathedral,27756,0,commons/Exterior_of_St._Paul's_Cathedral/0/pictures/London_-_Cannon_Street_-_St._Paul's_Cathedral_V.jpg
St._Paul's_Cathedral,27756,0,commons/St._Paul's_Cathedral_dome_(exterior)/0/pictures/Saint_Paul's_Cathedral_(2012).jpg
St._Paul's_Cathedral,27756,0,commons/Exterior_of_St._Paul's_Cathedral/0/pictures/London_-_St_Paul's_Cathedral_(2).jpg
St._Paul's_Cathedral,27756,0,"commons/St._Paul's_Cathedral_dome_(exterior)/0/pictures/London,_EC4_-_Watling_St_-_geograph.org.uk_-_3186792.jpg"
St._Paul's_Cathedral,27756,0,commons/Exterior_of_St._Paul's_Cathedral/0/pictures/Londen_2006_(93)_(2848903294).jpg
St._Paul's_Cathedral,27756,0,commons/St._Paul's_Cathedral_dome_(exterior)/0/pictures/London-St-Pauls-Kathedrale.jpg
St._Paul's_Cathedral,27756,0,commons/Exterior_of_St._Paul's_Cathedral/0/pictures/Londen_2006_(84)_(2848896540).jpg
St._Paul's_Cathedral,27756,0,commons/St._Paul's_Cathedral_dome_(exterior)/0/pictures/Looking_up_at_St_Paul's_Cathedral_from_Distaff_Lane_-_geograph.org.uk_-_3090717.jpg
St._Paul's_Cathedral,27756,0,commons/Exterior_of_St._Paul's_Cathedral/0/pictures/Londen_2006_(98)_(2848075249).jpg
St._Paul's_Cathedral,27756,0,commons/St._Paul's_Cathedral_dome_(exterior)/0/pictures/Paternoster_Square_-_geograph.org.uk_-_49962.jpg
St._Paul's_Cathedral,27756,0,commons/Exterior_of_St._Paul's_Cathedral/0/pictures/Londen_2006_(277)_(2848094907).jpg
St._Paul's_Cathedral,27756,0,commons/Exterior_of_St._Paul's_Cathedral/0/pictures/Londen_2006_(273)_(2848092581).jpg
St._Paul's_Cathedral,27756,0,commons/St._Paul's_Cathedral_dome_(exterior)/0/pictures/London_MMB_«I9_St._Paul's_Cathedral_and_Blackfriars_station.jpg
St._Paul's_Cathedral,27756,0,commons/Exterior_of_St._Paul's_Cathedral/0/pictures/Londen_2006_(267)_(2848920560).jpg
St._Paul's_Cathedral,27756,0,commons/St._Paul's_Cathedral_dome_(exterior)/0/pictures/Londres_355..jpg
St._Paul's_Cathedral,27756,0,commons/Exterior_of_St._Paul's_Cathedral/0/pictures/Katedra_św._Pawła_w_Londynie.jpg
St._Paul's_Cathedral,27756,0,commons/Exterior_of_St._Paul's_Cathedral/0/pictures/Londen_2006_(262)_(2848086861).jpg
St._Paul's_Cathedral,27756,0,commons/St._Paul's_Cathedral_dome_(exterior)/0/pictures/London_-_St._Paul's_Cathedral_(28711508050).jpg
St._Paul's_Cathedral,27756,0,commons/Exterior_of_St._Paul's_Cathedral/0/pictures/Londen_2006_(259)_(2848085327).jpg
St._Paul's_Cathedral,27756,0,commons/St._Paul's_Cathedral_dome_(exterior)/0/pictures/London_-_Queenhithe_Dock.JPG
St._Paul's_Cathedral,27756,0,commons/Exterior_of_St._Paul's_Cathedral/0/pictures/Londen_2006_(258)_(2848084847).jpg
St._Paul's_Cathedral,27756,0,"commons/Exterior_of_St._Paul's_Cathedral/0/pictures/City_of_London,_London,_UK_-_panoramio_(52).jpg"
St._Paul's_Cathedral,27756,0,"commons/London_Millennium_Bridge_with_St_Paul's/0/pictures/Millennium_Bridge,_London,_United_Kingdom_(Unsplash_tvPvROBv0F4).jpg"
St._Paul's_Cathedral,27756,0,"commons/Anne_of_Great_Britain_statue,_St_Paul's/0/pictures/Statue_of_Queen_Anne.jpg"
St._Paul's_Cathedral,27756,0,commons/St._Paul's_Cathedral_at_night/0/pictures/St_Paul's_Cathedral_lighting_up_at_dusk_^2_-_geograph.org.uk_-_3090825.jpg
St._Paul's_Cathedral,27756,0,"commons/London_Millennium_Bridge_with_St_Paul's/0/pictures/Millennium_Bridge,_London,_England-25Sept2010.jpg"
St._Paul's_Cathedral,27756,0,"commons/Anne_of_Great_Britain_statue,_St_Paul's/0/pictures/Statue_of_Queen_Anne_at_St._Paul's.jpg"
St._Paul's_Cathedral,27756,0,commons/St._Paul's_Cathedral_at_night/0/pictures/St_Paul's_Cathedral_night_2.jpg
St._Paul's_Cathedral,27756,0,commons/London_Millennium_Bridge_with_St_Paul's/0/pictures/Millennium_Bridge_from_South_Bank.jpg
St._Paul's_Cathedral,27756,0,commons/Exterior_of_St._Paul's_Cathedral/0/pictures/London_-_Paternoster_Steps_-_St._Paul's_Cathedral_III.jpg
St._Paul's_Cathedral,27756,0,commons/St._Paul's_Cathedral_dome_(exterior)/0/pictures/Paternoster_Square_(4868693916)_(cropped).jpg
St._Paul's_Cathedral,27756,0,commons/London_Millennium_Bridge_with_St_Paul's/0/pictures/Millennium_Footbridge_-_geograph.org.uk_-_360987.jpg
St._Paul's_Cathedral,27756,0,"commons/Anne_of_Great_Britain_statue,_St_Paul's/0/pictures/Statue_of_Queen_Anne_in_front_of_St.Pauls_Cathedral,_London,_UK_KW_(15726671262).jpg"
St._Paul's_Cathedral,27756,0,commons/Exterior_of_St._Paul's_Cathedral/0/pictures/Londen_2006_(268)_(2848921030).jpg
St._Paul's_Cathedral,27756,0,commons/St._Paul's_Cathedral_dome_(exterior)/0/pictures/Londres_106..jpg
St._Paul's_Cathedral,27756,0,commons/London_Millennium_Bridge_with_St_Paul's/0/pictures/Millennium_Bridge_from_Bankside_20220810_13989.jpg
St._Paul's_Cathedral,27756,0,"commons/Anne_of_Great_Britain_statue,_St_Paul's/0/pictures/St._Paul's_Cathedral_(5987375918).jpg"
St._Paul's_Cathedral,27756,0,commons/Exterior_of_St._Paul's_Cathedral/0/pictures/Londen_2006_(265)_(2848088597).jpg
St._Paul's_Cathedral,27756,0,commons/St._Paul's_Cathedral_dome_(exterior)/0/pictures/London_IMG_9598_(45891564324).jpg
St._Paul's_Cathedral,27756,0,commons/London_Millennium_Bridge_with_St_Paul's/0/pictures/Millennium_Bridge_from_Bankside_20220810_0001.jpg
St._Paul's_Cathedral,27756,0,"commons/Anne_of_Great_Britain_statue,_St_Paul's/0/pictures/St_Pauls_at_night.jpg"
St._Paul's_Cathedral,27756,0,commons/History_of_St._Paul's_Cathedral/0/pictures/St_Pauls_Cathedral_in_1896.JPG
St._Paul's_Cathedral,27756,0,commons/St._Paul's_Cathedral_from_Peter's_Hill/0/pictures/South_facade_of_St_Paul's_Cathedral_2011_1.jpg
St._Paul's_Cathedral,27756,0,commons/Exterior_of_St._Paul's_Cathedral/0/pictures/Londen_2006_(257)_(2848084381).jpg
St._Paul's_Cathedral,27756,0,commons/St._Paul's_Cathedral_dome_(exterior)/0/pictures/Flickr_-_Duncan~_-_St_Paul's_Dome.jpg
St._Paul's_Cathedral,27756,0,commons/London_Millennium_Bridge_with_St_Paul's/0/pictures/Millennium_Bridge_with_Illuminated_River_artwork.jpg
St._Paul's_Cathedral,27756,0,"commons/Anne_of_Great_Britain_statue,_St_Paul's/0/pictures/Queen_Anne_by_Francis_Bird,_reproduction_of_original_erected_1712,_St_Paul's_Cathedral,_London..jpg"
St._Paul's_Cathedral,27756,0,commons/London_Millennium_Bridge_with_St_Paul's/0/pictures/Millennium_Bridge_in_London_(Unsplash).jpg
St._Paul's_Cathedral,27756,0,"commons/Anne_of_Great_Britain_statue,_St_Paul's/0/pictures/Queen_Anne_(8354697674).jpg"
St._Paul's_Cathedral,27756,0,"commons/History_of_St._Paul's_Cathedral/0/pictures/London._St._Paul's_Cathedral,_West_Front_(3610785549).jpg"
St._Paul's_Cathedral,27756,0,commons/St._Paul's_Cathedral_from_Peter's_Hill/0/pictures/St_Paul's_Cathedral_00_(5).JPG
St._Paul's_Cathedral,27756,0,commons/Exterior_of_St._Paul's_Cathedral/0/pictures/Jmw-StPaulsCathedral-2011-0001.JPG
St._Paul's_Cathedral,27756,0,commons/Remote_views_of_St._Paul's_Cathedral/0/pictures/City.of.london.school.arp.jpg
St._Paul's_Cathedral,27756,0,commons/West_facade_of_St._Paul's_Cathedral/0/pictures/DSC6183_-_Flickr_-_dconvertini.jpg
St._Paul's_Cathedral,27756,0,commons/History_of_St._Paul's_Cathedral/0/pictures/Brief_guide_to_London_(1908)_(14798530893).jpg
St._Paul's_Cathedral,27756,0,commons/St._Paul's_Cathedral_from_Peter's_Hill/0/pictures/Londres_-_Catedral_de_Saint_Paul_-_Llevant.JPG
St._Paul's_Cathedral,27756,0,commons/Remote_views_of_St._Paul's_Cathedral/0/pictures/Flats_by_the_Thames_-_geograph.org.uk_-_617543.jpg
St._Paul's_Cathedral,27756,0,commons/West_facade_of_St._Paul's_Cathedral/0/pictures/Enterance_to_St._Paul's_Cathedral_IMG_9202.JPG
St._Paul's_Cathedral,27756,0,commons/History_of_St._Paul's_Cathedral/0/pictures/Nulli_Secundus_I_over_St_Paul's_IWM_RAE-O_1069.jpg
St._Paul's_Cathedral,27756,0,commons/St._Paul's_Cathedral_from_Peter's_Hill/0/pictures/St_Paul's_Cathedral_(8061999166).jpg
St._Paul's_Cathedral,27756,0,commons/London_Millennium_Bridge_with_St_Paul's/0/pictures/Millennium_Bridge_at_night.jpg
St._Paul's_Cathedral,27756,0,"commons/Anne_of_Great_Britain_statue,_St_Paul's/0/pictures/Queen_Anne_Statue,_St_Paul's_Cathedral_-_geograph.org.uk_-_2942444.jpg"
St._Paul's_Cathedral,27756,0,commons/St._Paul's_Cathedral_at_night/0/pictures/St_Paul's_Cathedral_(10132623455).jpg
St._Paul's_Cathedral,27756,0,commons/History_of_St._Paul's_Cathedral/0/pictures/Nulli_Secundus_I_RAE-O998.jpg
St._Paul's_Cathedral,27756,0,commons/St._Paul's_Cathedral_from_Peter's_Hill/0/pictures/St_Paul's_Cathedral_-_geograph.org.uk_-_455405.jpg
St._Paul's_Cathedral,27756,0,"commons/Exterior_of_St._Paul's_Cathedral/0/pictures/City_of_London,_London,_UK_-_panoramio_(1).jpg"
St._Paul's_Cathedral,27756,0,commons/St._Paul's_Cathedral_dome_(exterior)/0/pictures/Londen_2006_(95)_(2848904444).jpg
St._Paul's_Cathedral,27756,0,commons/Exterior_of_St._Paul's_Cathedral/0/pictures/Elisabeth_Frink_Paternoster_Square_St_Paul's_dome.jpg
St._Paul's_Cathedral,27756,0,"commons/St._Paul's_Cathedral_dome_(exterior)/0/pictures/Dome,_St_Paul's_Cathedral_-_geograph.org.uk_-_5023869.jpg"
St._Paul's_Cathedral,27756,0,commons/London_Millennium_Bridge_with_St_Paul's/0/pictures/Millennium_Bridge_2009-2.jpg
St._Paul's_Cathedral,27756,0,commons/St._Paul's_Cathedral_in_2017/0/pictures/6.1.17_St_Pauls_London_3_(32128599906).jpg
St._Paul's_Cathedral,27756,0,commons/Remote_views_of_St._Paul's_Cathedral/0/pictures/Catedral_de_San_Pablo_2012.JPG
St._Paul's_Cathedral,27756,0,commons/West_facade_of_St._Paul's_Cathedral/0/pictures/Day_69_2012_Olympic_Torch_Relay_-_St_Pauls_(7652454770).jpg
St._Paul's_Cathedral,27756,0,commons/History_of_St._Paul's_Cathedral/0/pictures/1911_Britannica-Architecture-St_Paul's_Cathedral.png
St._Paul's_Cathedral,27756,0,commons/St._Paul's_Cathedral_from_Peter's_Hill/0/pictures/LONDON_2010_St_Paul's_Cathedral_-_panoramio.jpg
St._Paul's_Cathedral,27756,0,commons/London_Millennium_Bridge_with_St_Paul's/0/pictures/Millennium_Bridge_-_panoramio_(1).jpg
St._Paul's_Cathedral,27756,0,commons/St._Paul's_Cathedral_in_2017/0/pictures/6.1.17_St_Pauls_London_8_(32166956095).jpg
St._Paul's_Cathedral,27756,0,commons/Exterior_of_St._Paul's_Cathedral/0/pictures/Cathédrale_St_Paul.jpg
St._Paul's_Cathedral,27756,0,commons/London_Millennium_Bridge_with_St_Paul's/0/pictures/Millennium_Bridge_-_geograph.org.uk_-_4246600.jpg
St._Paul's_Cathedral,27756,0,commons/St._Paul's_Cathedral_in_2017/0/pictures/6.1.17_St_Pauls_London_6_(32048580011).jpg
St._Paul's_Cathedral,27756,0,commons/Exterior_of_St._Paul's_Cathedral/0/pictures/City_of_London_School_-_geograph.org.uk_-_2587233.jpg
St._Paul's_Cathedral,27756,0,"commons/St._Paul's_Cathedral_dome_(exterior)/0/pictures/Fires_Ancient,_public_art_projections_by_Martin_Firrell_onto_the_dome_of_St_Paul's_Cathedral.jpg"
St._Paul's_Cathedral,27756,0,commons/Exterior_of_St._Paul's_Cathedral/0/pictures/Cathedral_saint_paul_pied.jpg
St._Paul's_Cathedral,27756,0,"commons/St._Paul's_Cathedral_dome_(exterior)/0/pictures/King's_Reach,_River_Thames_-_geograph.org.uk_-_986837.jpg"
St._Paul's_Cathedral,27756,0,commons/London_Millennium_Bridge_with_St_Paul's/0/pictures/Millennium_Bridge_-_geograph.org.uk_-_98951.jpg
St._Paul's_Cathedral,27756,0,commons/St._Paul's_Cathedral_in_2016/0/pictures/UK_-_London_(30474925056).jpg
St._Paul's_Cathedral,27756,0,commons/Exterior_of_St._Paul's_Cathedral/0/pictures/Cattedrale_di_San_Paul_-_panoramio.jpg
St._Paul's_Cathedral,27756,0,commons/St._Paul's_Cathedral_dome_(exterior)/0/pictures/EH1079157_St_Paul's_Cathedral_14.jpg
St._Paul's_Cathedral,27756,0,"commons/Exterior_of_St._Paul's_Cathedral/0/pictures/St_Paul's_Cathedral,_London_003.JPG"
St._Paul's_Cathedral,27756,0,commons/St._Paul's_Cathedral/0/pictures/DSC6189_-_Flickr_-_dconvertini.jpg
St._Paul's_Cathedral,27756,0,commons/London_Millennium_Bridge_with_St_Paul's/0/pictures/20110530_London_27.JPG
St._Paul's_Cathedral,27756,0,"commons/St._Paul's_Cathedral_in_2013/0/pictures/City_of_London,_London,_UK_-_panoramio_(50).jpg"
St._Paul's_Cathedral,27756,0,commons/London_Millennium_Bridge_with_St_Paul's/0/pictures/St_Pauls_and_Millenium_Bridge_(246339394).jpg
St._Paul's_Cathedral,27756,0,"commons/St_Paul's_Cathedral_in_2014/0/pictures/Puente_Millennium,_Londres,_Inglaterra,_2014-08-11,_DD_126.JPG"
St._Paul's_Cathedral,27756,0,commons/Chapter_House_of_St._Paul's_Cathedral/0/pictures/Paternoster_Square_(4868693916).jpg
St._Paul's_Cathedral,27756,0,commons/Exterior_of_St._Paul's_Cathedral/0/pictures/Cathedral_of_st_Paul.jpg
St._Paul's_Cathedral,27756,0,commons/Exterior_of_St._Paul's_Cathedral/0/pictures/London_-_St_Paul's_Cathedral.jpg
St._Paul's_Cathedral,27756,0,"commons/London_Millennium_Bridge_with_St_Paul's/0/pictures/Millennium_Bridge,_London,_Royaume-Uni_(Unsplash).jpg"
St._Paul's_Cathedral,27756,0,"commons/Anne_of_Great_Britain_statue,_St_Paul's/0/pictures/St.Pauls_Cathedral_at_Christmas,_London,_UK,_KW_(15725120915).jpg"
St._Paul's_Cathedral,27756,0,"commons/St._Paul's_Cathedral_at_night/0/pictures/St_Paul's_Cathedral,_London_-_geograph.org.uk_-_674462.jpg"
St._Paul's_Cathedral,27756,0,"commons/Anne_of_Great_Britain_statue,_St_Paul's/0/pictures/Queen_Anne_statue,_EC4_-_geograph.org.uk_-_2192999.jpg"
St._Paul's_Cathedral,27756,0,commons/London_Millennium_Bridge_with_St_Paul's/0/pictures/Millennium_Bridge_from_the_Tate_Modern_-_geograph.org.uk_-_374756.jpg
St._Paul's_Cathedral,27756,0,commons/Exterior_of_St._Paul's_Cathedral/0/pictures/London_-_Cannon_Street_-_St._Paul's_Cathedral_IV.jpg
St._Paul's_Cathedral,27756,0,"commons/St._Paul's_Cathedral_dome_(exterior)/0/pictures/Saint_Paul's_Cathedral_Dome,_2_August_2002_-_panoramio.jpg"
St._Paul's_Cathedral,27756,0,"commons/London_Millennium_Bridge_with_St_Paul's/0/pictures/Millennium_Bridge,_London_2010.jpg"
St._Paul's_Cathedral,27756,0,"commons/Anne_of_Great_Britain_statue,_St_Paul's/0/pictures/Statues_of_Queen_Anne,_Britannia_and_a_personification_of_France.jpg"
St._Paul's_Cathedral,27756,0,"commons/St._Paul's_Cathedral_at_night/0/pictures/St_Paul's_Cathedral_from_the_end_of_Millennium_Bridge,_London,_EC4_-_geograph.org.uk_-_3821227.jpg"
St._Paul's_Cathedral,27756,0,commons/London_Millennium_Bridge_with_St_Paul's/0/pictures/Millennium_Bridge_from_Below_-_geograph.org.uk_-_921365.jpg
St._Paul's_Cathedral,27756,0,commons/St._Paul's_Cathedral_in_2020/0/pictures/St_Paul's_west_facade_2020.jpg
St._Paul's_Cathedral,27756,0,commons/London_Millennium_Bridge_with_St_Paul's/0/pictures/ЛОНДОН_2009_Millenium_Bridge_and_St_Paul's_Cathedral_-_panoramio.jpg
St._Paul's_Cathedral,27756,0,commons/St_Paul's_Cathedral_in_2014/0/pictures/Собор_Святого_Павла._Лондон.jpg
St._Paul's_Cathedral,27756,0,commons/Events_at_St._Paul's_Cathedral/0/pictures/Six_security_gates_grey_Thatcher_funeral.JPG
St._Paul's_Cathedral,27756,0,commons/London_Millennium_Bridge_with_St_Paul's/0/pictures/Millennium_Bridge_-_geograph.org.uk_-_1066317.jpg
St._Paul's_Cathedral,27756,0,commons/St._Paul's_Cathedral_in_2016/0/pictures/St._Paul's_Cathedral_(29117867393).jpg
St._Paul's_Cathedral,27756,0,commons/Events_at_St._Paul's_Cathedral/0/pictures/'THE_BARONESS'_-_Army_Photographic_Competition_2013_MOD_45157254.jpg
St._Paul's_Cathedral,27756,0,commons/St._Paul's_Cathedral_dome_(exterior)/0/pictures/City_of_London_School_-_geograph.org.uk_-_4345514.jpg
St._Paul's_Cathedral,27756,0,commons/Exterior_of_St._Paul's_Cathedral/0/pictures/Londen_2006_(86)_(2848897842).jpg
St._Paul's_Cathedral,27756,0,"commons/London_Millennium_Bridge_with_St_Paul's/0/pictures/Millennium_Bridge,_London_-_panoramio.jpg"
St._Paul's_Cathedral,27756,0,"commons/Anne_of_Great_Britain_statue,_St_Paul's/0/pictures/St_Paul's_Cathedral_&_Queen_Anne's_Monument_(2013).JPG"
St._Paul's_Cathedral,27756,0,"commons/St._Paul's_Cathedral_at_night/0/pictures/St_Paul's_Cathedral_from_the_Millennium_Bridge,_London,_SE1_-_geograph.org.uk_-_3820966.jpg"
St._Paul's_Cathedral,27756,0,"commons/Anne_of_Great_Britain_statue,_St_Paul's/0/pictures/Queen_Anne_Statue_outside_St_Paul's_Cathedral_EC4_-_geograph.org.uk_-_1316504.jpg"
St._Paul's_Cathedral,27756,0,commons/St._Paul's_Cathedral_at_night/0/pictures/St_Paul_and_Millennium_Bridge.JPG
St._Paul's_Cathedral,27756,0,commons/London_Millennium_Bridge_with_St_Paul's/0/pictures/Millennium_Bridge_and_St._Paul's_Cathedral_(5987376492).jpg
St._Paul's_Cathedral,27756,0,commons/St._Paul's_Cathedral_in_2021/0/pictures/City_of_London_-_St_Paul's_Cathedral_-_20210522202704.jpeg
St._Paul's_Cathedral,27756,0,commons/Exterior_of_St._Paul's_Cathedral/0/pictures/London_-_Cannon_Street_-_St._Paul's_Cathedral.jpg
St._Paul's_Cathedral,27756,0,commons/St._Paul's_Cathedral_dome_(exterior)/0/pictures/Pauls.jpg
St._Paul's_Cathedral,27756,0,"commons/London_Millennium_Bridge_with_St_Paul's/0/pictures/Millennium_Bridge,_London_-_panoramio_(5).jpg"
St._Paul's_Cathedral,27756,0,"commons/Anne_of_Great_Britain_statue,_St_Paul's/0/pictures/Statue_of_Queen_Anne,_St_Paul's_Cathedral_-_geograph.org.uk_-_2953280.jpg"
St._Paul's_Cathedral,27756,0,commons/St._Paul's_Cathedral_at_night/0/pictures/St_Paul's_Cathedral_at_Night.jpg
St._Paul's_Cathedral,27756,0,commons/London_Millennium_Bridge_with_St_Paul's/0/pictures/Millennium_Bridge_and_St_Paul's_Cathedral_from_the_Tate_Modern_-_geograph.org.uk_-_1882810.jpg
St._Paul's_Cathedral,27756,0,commons/St._Paul's_Cathedral_in_2021/0/pictures/Millenium_Bridge_amd_St._Paul's_Cathedral_-_51806842525.jpg
St._Paul's_Cathedral,27756,0,commons/London_Millennium_Bridge_with_St_Paul's/0/pictures/St_Paul's_Cathedral_London_UK_Ank_Kumar_Infosys_Limited_06.jpg
St._Paul's_Cathedral,27756,0,commons/Chapter_House_of_St._Paul's_Cathedral/0/pictures/A_shepherd_and_his_flock_in_Paternoster_Square_-_geograph.org.uk_-_1602094.jpg
St._Paul's_Cathedral,27756,0,commons/London_Millennium_Bridge_with_St_Paul's/0/pictures/Wikimania_2014_-_0802_-_Millenium_Bridge220327.jpg
St._Paul's_Cathedral,27756,0,commons/St_Paul's_Cathedral_in_2014/0/pictures/Wikimania_2014_-_0802_-_Blackfrairs_Bridge_and_City_of_London220174.jpg
St._Paul's_Cathedral,27756,0,commons/East_facade_of_St._Paul's_Cathedral/0/pictures/Собор_св.Павла.jpg
St._Paul's_Cathedral,27756,0,commons/St._Paul's_Cathedral_dome_(exterior)/0/pictures/8.4.16_London_Southbank_and_City_106_(26251095682).jpg
St._Paul's_Cathedral,27756,0,commons/Exterior_of_St._Paul's_Cathedral/0/pictures/Londen_2006_(96)_(2848073853).jpg
St._Paul's_Cathedral,27756,0,"commons/London_Millennium_Bridge_with_St_Paul's/0/pictures/Millennium_Bridge,_London_-_geograph.org.uk_-_1776250.jpg"
St._Paul's_Cathedral,27756,0,"commons/Anne_of_Great_Britain_statue,_St_Paul's/0/pictures/St_Paul's_Cathedral,_London,_UK_(2014)_-_04.JPG"
St._Paul's_Cathedral,27756,0,commons/St._Paul's_Cathedral_at_night/0/pictures/St_Paul's_Cathedral_2010-5.jpg
St._Paul's_Cathedral,27756,0,"commons/History_of_St._Paul's_Cathedral/0/pictures/Saint_Paul's_Cathedral,_1908.jpg"
St._Paul's_Cathedral,27756,0,commons/St._Paul's_Cathedral_from_Peter's_Hill/0/pictures/St_Pauls_cathedral.JPG
St._Paul's_Cathedral,27756,0,"commons/Anne_of_Great_Britain_statue,_St_Paul's/0/pictures/London_St_Paul's_Queen_Anne_01.jpg"
St._Paul's_Cathedral,27756,0,commons/St._Paul's_Cathedral_at_night/0/pictures/St_Paul_Cathedral_at_Sunset.jpg
St._Paul's_Cathedral,27756,0,commons/London_Millennium_Bridge_with_St_Paul's/0/pictures/Millennium_Bridge_and_St_Pauls_Cathedral_(16192973684).jpg
St._Paul's_Cathedral,27756,0,commons/St._Paul's_Cathedral_in_2020/0/pictures/Millenium_Bridge_and_St_Pauls_2.jpg
St._Paul's_Cathedral,27756,0,"commons/London_Millennium_Bridge_with_St_Paul's/0/pictures/Millenium_Bridge_and_St._Pauls_Cathedral,_London_-_panoramio.jpg"
St._Paul's_Cathedral,27756,0,"commons/St._Paul's_Cathedral_in_2016/0/pictures/St_Paul's_Cathedral,_London,_2016-6.jpg"
St._Paul's_Cathedral,27756,0,commons/Exterior_of_St._Paul's_Cathedral/0/pictures/Londen_2006_(276)_(2848925586).jpg
St._Paul's_Cathedral,27756,0,"commons/London_Millennium_Bridge_with_St_Paul's/0/pictures/Millennium_Bridge,_London_SE1_-_geograph.org.uk_-_1097506.jpg"
St._Paul's_Cathedral,27756,0,"commons/Anne_of_Great_Britain_statue,_St_Paul's/0/pictures/St._Paul_Church_-_London_(448013533).jpg"
St._Paul's_Cathedral,27756,0,"commons/Anne_of_Great_Britain_statue,_St_Paul's/0/pictures/London_city_(16).jpg"
St._Paul's_Cathedral,27756,0,commons/St._Paul's_Cathedral_at_night/0/pictures/SaintPaulsCathedral.jpg
St._Paul's_Cathedral,27756,0,commons/London_Millennium_Bridge_with_St_Paul's/0/pictures/Millennium_Bridge_and_St.Paul's_from_Tate_Modern_-_geograph.org.uk_-_2024159.jpg
St._Paul's_Cathedral,27756,0,commons/St._Paul's_Cathedral_in_2020/0/pictures/Millenium_Bridge_and_St_Pauls_1.jpg
St._Paul's_Cathedral,27756,0,commons/London_Millennium_Bridge_with_St_Paul's/0/pictures/Mill.bridge.from.tate.modern.arp.jpg
St._Paul's_Cathedral,27756,0,"commons/St._Paul's_Cathedral_in_2016/0/pictures/St_Paul's_Cathedral,_London,_2016-3.jpg"
St._Paul's_Cathedral,27756,0,commons/London_Millennium_Bridge_with_St_Paul's/0/pictures/Wide-angle_London_(51702636463).jpg
St._Paul's_Cathedral,27756,0,"commons/St_Paul's_Cathedral_in_2014/0/pictures/Wall_fountain_at_Festival_Gardens,_London_DSC5451_-_panoramio.jpg"
St._Paul's_Cathedral,27756,0,"commons/Events_at_St._Paul's_Cathedral/0/pictures/Fires_Ancient,_public_art_projections_by_Martin_Firrell_onto_the_dome_of_St_Paul's_Cathedral.jpg"
St._Paul's_Cathedral,27756,0,commons/St._Paul's_Cathedral_dome/0/pictures/DSC6196_-_Flickr_-_dconvertini.jpg
St._Paul's_Cathedral,27756,0,commons/Exterior_of_St._Paul's_Cathedral/0/pictures/Catedral_de_San_Pablo_-_Londres.jpg
St._Paul's_Cathedral,27756,0,commons/St._Paul's_Cathedral_dome_(exterior)/0/pictures/EH1079157_St_Paul's_Cathedral_01.jpg
St._Paul's_Cathedral,27756,0,"commons/Anne_of_Great_Britain_statue,_St_Paul's/0/pictures/City_of_London-St._Paul's_Cathedral-004.jpg"
St._Paul's_Cathedral,27756,0,commons/London_Millennium_Bridge_with_St_Paul's/0/pictures/Millennium_Bridge_-_geograph.org.uk_-_4345544.jpg
St._Paul's_Cathedral,27756,0,commons/St._Paul's_Cathedral_in_2016/0/pictures/UK_-_London_(30758010616).jpg
St._Paul's_Cathedral,27756,0,commons/Exterior_of_St._Paul's_Cathedral/0/pictures/Cathedral_Church_of_St_Paul_20130324_114.JPG
St._Paul's_Cathedral,27756,0,commons/St._Paul's_Cathedral_dome_(exterior)/0/pictures/Dome_of_St._Paul_IMG_9184.JPG
St._Paul's_Cathedral,27756,0,"commons/Anne_of_Great_Britain_statue,_St_Paul's/0/pictures/DSC6182_-_Flickr_-_dconvertini.jpg"
St._Paul's_Cathedral,27756,0,commons/St._Paul's_Cathedral_at_night/0/pictures/London_by_night_(8568902583).jpg
St._Paul's_Cathedral,27756,0,commons/London_Millennium_Bridge_with_St_Paul's/0/pictures/Millennium_Bridge_-_geograph.org.uk_-_4091537.jpg
St._Paul's_Cathedral,27756,0,commons/St._Paul's_Cathedral_in_2016/0/pictures/UK_-_London_(30474909796).jpg
St._Paul's_Cathedral,27756,0,commons/Exterior_of_St._Paul's_Cathedral/0/pictures/Londen_2006_(266)_(2848920110).jpg
St._Paul's_Cathedral,27756,0,commons/St._Paul's_Cathedral_dome_(exterior)/0/pictures/London_-_St._Paul's_Cathedral_(28868841012).jpg
St._Paul's_Cathedral,27756,0,commons/London_Millennium_Bridge_with_St_Paul's/0/pictures/Millennium_Bridge_side.JPG
St._Paul's_Cathedral,27756,0,"commons/Anne_of_Great_Britain_statue,_St_Paul's/0/pictures/St_Pauls_facade_-_Queen_Anne.jpg"
St._Paul's_Cathedral,27756,0,"commons/Anne_of_Great_Britain_statue,_St_Paul's/0/pictures/London_-_St_Paul's_Cathedral_1697_by_Sir_Christopher_Wren_-Panorama_Viewing_Down,_West_&_Up_at_the_Central_Front_Door_02.jpg"
St._Paul's_Cathedral,27756,0,commons/St._Paul's_Cathedral_at_night/0/pictures/Saint_Paul's_Cathedral.003_-_London.JPG
St._Paul's_Cathedral,27756,0,commons/London_Millennium_Bridge_with_St_Paul's/0/pictures/Millennium_Bridge_London.jpg
St._Paul's_Cathedral,27756,0,"commons/St._Paul's_Cathedral_in_2019/0/pictures/Millennium_Bridge,_London_-_Flickr_-_Steven_Penton.jpg"
St._Paul's_Cathedral,27756,0,commons/London_Millennium_Bridge_with_St_Paul's/0/pictures/Views_of_London0115.JPG
St._Paul's_Cathedral,27756,0,"commons/St_Paul's_Cathedral_in_2014/0/pictures/VIEW_,_®'s_-_DigiGraf_-_Ð_-_┼_,_LONDON_ENGLAND_St._PAUL's_CATHEDRAL_-_panoramio_(4).jpg"
St._Paul's_Cathedral,27756,0,commons/East_facade_of_St._Paul's_Cathedral/0/pictures/St._Paul's_Cathedral_(28645363176).jpg
St._Paul's_Cathedral,27756,0,commons/London_Millennium_Bridge_with_St_Paul's/0/pictures/London-St-Pauls-Kathedrale.jpg
St._Paul's_Cathedral,27756,0,commons/London_Millennium_Bridge_with_St_Paul's/0/pictures/View_of_St._Paul's_Cathedral_from_the_bottom_of_the_Millennium_Bridge_-_geograph.org.uk_-_4675964.jpg
St._Paul's_Cathedral,27756,0,commons/St_Paul's_Cathedral_in_2014/0/pictures/Summer_Evening_with_St_Paul_Cathedral.jpg
St._Paul's_Cathedral,27756,0,commons/East_facade_of_St._Paul's_Cathedral/0/pictures/Temporary_View_of_St_Pauls_Cathedral.jpg
St._Paul's_Cathedral,27756,0,commons/Exterior_of_St._Paul's_Cathedral/0/pictures/500px_photo_(140471663).jpeg
St._Paul's_Cathedral,27756,0,commons/St._Paul's_Cathedral_dome_(exterior)/0/pictures/Dome_of_St._Paul_IMG_9161.JPG
St._Paul's_Cathedral,27756,0,commons/London_Millennium_Bridge_with_St_Paul's/0/pictures/Millennium_Bridge_and_St_Paul's_Cathedral_-_geograph.org.uk_-_1829755.jpg
St._Paul's_Cathedral,27756,0,commons/St._Paul's_Cathedral_in_2018/0/pictures/Dome_of_St_Paul's_Cathedral_from_One_New_Change_02.jpg
St._Paul's_Cathedral,27756,0,"commons/Anne_of_Great_Britain_statue,_St_Paul's/0/pictures/London_-_St_Paul's_Churchyard_-_View_East_on_Queen_Anne_Statue_1712_(copy_of_1886)_by_Francis_Bird.jpg"
St._Paul's_Cathedral,27756,0,commons/Exterior_of_St._Paul's_Cathedral/0/pictures/London_-_St_Paul's_Cathedral_(1).jpg
St._Paul's_Cathedral,27756,0,commons/St._Paul's_Cathedral_dome_(exterior)/0/pictures/London_IMG_9624_(45891561584).jpg
St._Paul's_Cathedral,27756,0,"commons/London_Millennium_Bridge_with_St_Paul's/0/pictures/Millennium_Bridge,_London_2010-1.jpg"
St._Paul's_Cathedral,27756,0,"commons/Anne_of_Great_Britain_statue,_St_Paul's/0/pictures/St._Paul's_Cathedral_-_panoramio.jpg"
St._Paul's_Cathedral,27756,0,"commons/St._Paul's_Cathedral_at_night/0/pictures/St_Paul's_Cathedral_from_the_North_Bank_of_The_Thames,_London,_SE1_-_geograph.org.uk_-_3821229.jpg"
St._Paul's_Cathedral,27756,0,commons/Remote_views_of_St._Paul's_Cathedral/0/pictures/London_Birds.png
St._Paul's_Cathedral,27756,0,"commons/West_facade_of_St._Paul's_Cathedral/0/pictures/London_,_St.Pauls_-_panoramio_-_cisko66.jpg"
St._Paul's_Cathedral,27756,0,"commons/History_of_St._Paul's_Cathedral/0/pictures/St._Paul's_Cathedral,_London,_c._1913.jpg"
St._Paul's_Cathedral,27756,0,"commons/St._Paul's_Cathedral_from_Peter's_Hill/0/pictures/St._Paul's_Cathedral_IV,_EC4_-_geograph.org.uk_-_920751.jpg"
St._Paul's_Cathedral,27756,0,"commons/Anne_of_Great_Britain_statue,_St_Paul's/0/pictures/Queen_Anne_-_St_Pauls_Cathedral.jpg"
St._Paul's_Cathedral,27756,0,commons/London_Millennium_Bridge_with_St_Paul's/0/pictures/Millennium_Bridge_and_Thames_waterfront_-_geograph.org.uk_-_1892596.jpg
St._Paul's_Cathedral,27756,0,commons/St._Paul's_Cathedral_in_2021/0/pictures/Millenium_Bridge_and_St._Paul's_Cathedral.jpg
St._Paul's_Cathedral,27756,0,"commons/Anne_of_Great_Britain_statue,_St_Paul's/0/pictures/Detail_of_Anne_of_Great_Britain_statue,_St_Paul's_in_spring_2013_(2).JPG"
St._Paul's_Cathedral,27756,0,commons/St._Paul's_Cathedral_at_night/0/pictures/Millennium_Bridge_and_St_Pauls_Cathedral_(16192973684).jpg
St._Paul's_Cathedral,27756,0,commons/London_Millennium_Bridge_with_St_Paul's/0/pictures/Millenium_bridge_and_St._Paul's_Cathedral_-_panoramio.jpg
St._Paul's_Cathedral,27756,0,commons/St._Paul's_Cathedral_in_2016/0/pictures/St._Paul's_Cathedral_(29055618633).jpg
St._Paul's_Cathedral,27756,0,commons/London_Millennium_Bridge_with_St_Paul's/0/pictures/Millennium_Bridge_-_geograph.org.uk_-_4235892.jpg
St._Paul's_Cathedral,27756,0,"commons/St._Paul's_Cathedral_in_2017/0/pictures/""St.Paul's_Cathedral"",_London_(4).jpg"
St._Paul's_Cathedral,27756,0,"commons/Anne_of_Great_Britain_statue,_St_Paul's/0/pictures/Detail_of_Anne_of_Great_Britain_statue,_St_Paul's_in_spring_2013_(1).JPG"
St._Paul's_Cathedral,27756,0,commons/St._Paul's_Cathedral_at_night/0/pictures/Millennium_Bridge_by_night_-_geograph.org.uk_-_385359.jpg
St._Paul's_Cathedral,27756,0,commons/London_Millennium_Bridge_with_St_Paul's/0/pictures/Millenium_Bridge_and_St_Pauls_2.jpg
St._Paul's_Cathedral,27756,0,commons/London_Millennium_Bridge_with_St_Paul's/0/pictures/Wikimania_2014_-_0802_-_Saint_Paul's_from_Tate_Modern-_Blue_Hour220300.jpg
St._Paul's_Cathedral,27756,0,"commons/Exterior_of_St._Paul's_Cathedral/0/pictures/""St_Paul's_in_the_Green""_-_geograph.org.uk_-_870367.jpg"
St._Paul's_Cathedral,27756,0,commons/St._Paul's_Cathedral_dome_(exterior)/0/pictures/Cathedral_Church_of_St_Paul_20130324_119.JPG
St._Paul's_Cathedral,27756,0,commons/London_Millennium_Bridge_with_St_Paul's/0/pictures/Mill._bridge_from_Tate.jpg
St._Paul's_Cathedral,27756,0,commons/London_Millennium_Bridge_with_St_Paul's/0/pictures/View_of_St._Paul's_Cathedral_from_the_Millennium_Bridge_^5_-_geograph.org.uk_-_5123865.jpg
St._Paul's_Cathedral,27756,0,"commons/St_Paul's_Cathedral_in_2014/0/pictures/VIEW_,_®'s_-_DigiGraf_-_Ð_-_┼_,_LONDON_ENGLAND_St._PAUL's_CATHEDRAL_-_panoramio_(2).jpg"
St._Paul's_Cathedral,27756,0,commons/East_facade_of_St._Paul's_Cathedral/0/pictures/St._Pauls_Cathedral_(the_dome)._City_of_London.JPG
St._Paul's_Cathedral,27756,0,commons/Exterior_of_St._Paul's_Cathedral/0/pictures/Approaching_St_Paul's_Cathedral_from_the_southeast.jpg
St._Paul's_Cathedral,27756,0,"commons/St._Paul's_Cathedral_dome_(exterior)/0/pictures/Dome,_St_Paul's_Cathedral_-_geograph.org.uk_-_3966872.jpg"
St._Paul's_Cathedral,27756,0,commons/London_Millennium_Bridge_with_St_Paul's/0/pictures/Millennium_Bridge_-_geograph.org.uk_-_2871565.jpg
St._Paul's_Cathedral,27756,0,commons/St._Paul's_Cathedral_in_2016/0/pictures/UK_-_London_(30159283243).jpg
St._Paul's_Cathedral,27756,0,commons/London_Millennium_Bridge_with_St_Paul's/0/pictures/Millenium_Bridge_(15668137242).jpg
St._Paul's_Cathedral,27756,0,commons/London_Millennium_Bridge_with_St_Paul's/0/pictures/Looking_north_on_the_Millennium_Bridge_toward_Saint_Paul's_Cathedral.jpg
St._Paul's_Cathedral,27756,0,commons/St._Paul's_Cathedral_in_2016/0/pictures/St_Paul_Cathedral_-_View_from_Tate_Modern_Extension.jpg
St._Paul's_Cathedral,27756,0,commons/London_Millennium_Bridge_with_St_Paul's/0/pictures/View_of_St._Paul's_Cathedral_from_the_Millennium_Bridge_^2_-_geograph.org.uk_-_5123479.jpg
St._Paul's_Cathedral,27756,0,"commons/East_facade_of_St._Paul's_Cathedral/0/pictures/St_Pauls,One_Newchange_-_panoramio.jpg"
St._Paul's_Cathedral,27756,0,commons/Exterior_of_St._Paul's_Cathedral/0/pictures/St_Paul's_Cathedral_.jpg
St._Paul's_Cathedral,27756,0,commons/St._Paul's_Cathedral/0/pictures/Dome_of_St_Paul's_Cathedral_-_geograph.org.uk_-_4279000.jpg
St._Paul's_Cathedral,27756,0,commons/London_Millennium_Bridge_with_St_Paul's/0/pictures/(mentre_invece)_-_Flickr_-_fabbio.jpg
St._Paul's_Cathedral,27756,0,commons/St._Paul's_Cathedral_in_2012/0/pictures/View_From_Tate_Modern.jpg
St._Paul's_Cathedral,27756,0,commons/London_Millennium_Bridge_with_St_Paul's/0/pictures/St_Paul's_Cathedral_from_the_Millennium_Bridge.jpg
St._Paul's_Cathedral,27756,0,commons/Chapter_House_of_St._Paul's_Cathedral/0/pictures/St_paul's_-1-.jpg
St._Paul's_Cathedral,27756,0,"commons/Exterior_of_St._Paul's_Cathedral/0/pictures/""St.Paul's_Cathedral"",_London_(2).jpg"
St._Paul's_Cathedral,27756,0,commons/St._Paul's_Cathedral_dome_(exterior)/0/pictures/Blitz_-_The_United_Kingdom_Firefighters_National_Memorial_-_geograph.org.uk_-_3872373.jpg
St._Paul's_Cathedral,27756,0,commons/Exterior_of_St._Paul's_Cathedral/0/pictures/Londen_2006_(263)_(2848087307).jpg
St._Paul's_Cathedral,27756,0,commons/St._Paul's_Cathedral_dome_(exterior)/0/pictures/London_-_Domes_of_Saint_Paul’s_Cathedral_-_panoramio.jpg
St._Paul's_Cathedral,27756,0,commons/London_Millennium_Bridge_with_St_Paul's/0/pictures/UK_-_London_(30758010616).jpg
St._Paul's_Cathedral,27756,0,commons/St_Paul's_Cathedral_in_2014/0/pictures/St.Paul's_Cathedral_-_panoramio_(2).jpg
St._Paul's_Cathedral,27756,0,commons/East_facade_of_St._Paul's_Cathedral/0/pictures/St._Paul's_from_Watling_Street_-_geograph.org.uk_-_525142.jpg
St._Paul's_Cathedral,27756,0,commons/St._Paul's_Cathedral_dome/0/pictures/Sunset_behind_St_Paul's_Cathedral_-_geograph.org.uk_-_4388347.jpg
St._Paul's_Cathedral,27756,0,"commons/Exterior_of_St._Paul's_Cathedral/0/pictures/""St.Paul's_Cathedral"",_London_(4).jpg"
St._Paul's_Cathedral,27756,0,commons/Exterior_of_St._Paul's_Cathedral/0/pictures/London_-_Paternoster_Steps_-_St._Paul's_Cathedral_IV.jpg
St._Paul's_Cathedral,27756,0,"commons/London_Millennium_Bridge_with_St_Paul's/0/pictures/Millennium_Bridge,_London,_United_Kingdom_(Unsplash).jpg"
St._Paul's_Cathedral,27756,0,"commons/Anne_of_Great_Britain_statue,_St_Paul's/0/pictures/Victoria_(32181775491).jpg"
St._Paul's_Cathedral,27756,0,commons/St._Paul's_Cathedral_at_night/0/pictures/St_Paul's_Cathedral's_dome_at_night.JPG
St._Paul's_Cathedral,27756,0,"commons/Anne_of_Great_Britain_statue,_St_Paul's/0/pictures/St_Paul_Cathedral_-_panoramio.jpg"
St._Paul's_Cathedral,27756,0,commons/St._Paul's_Cathedral_at_night/0/pictures/St_Paul's_Cathedral_(29381936991).jpg
St._Paul's_Cathedral,27756,0,commons/London_Millennium_Bridge_with_St_Paul's/0/pictures/Millennium_Bridge_by_Yuan_Hsueh.jpg
St._Paul's_Cathedral,27756,0,commons/Exterior_of_St._Paul's_Cathedral/0/pictures/St_Paul's_Cathedral_-_panoramio_(2).jpg
St._Paul's_Cathedral,27756,0,commons/St._Paul's_Cathedral_dome_(exterior)/0/pictures/St_Paul's_in_London_(4898909605).jpg
St._Paul's_Cathedral,27756,0,"commons/London_Millennium_Bridge_with_St_Paul's/0/pictures/St_Paul's_Cathedral_from_the_Millennium_Bridge,_London,_SE1_-_geograph.org.uk_-_3820966.jpg"
St._Paul's_Cathedral,27756,0,commons/St_Paul's_Cathedral_in_2014/0/pictures/CATHEDRAL_CHURCH_OF_ST_PAUL_DSC_7027.jpg
St._Paul's_Cathedral,27756,0,commons/Chapter_House_of_St._Paul's_Cathedral/0/pictures/Dome_of_St._Paul_IMG_9182.JPG
St._Paul's_Cathedral,27756,0,commons/London_Millennium_Bridge_with_St_Paul's/0/pictures/Millennium_Bridge_2009-1.jpg
St._Paul's_Cathedral,27756,0,"commons/St._Paul's_Cathedral_in_2017/0/pictures/Bridge_House,_Blackfriars_Station_-_St_Paul's_-_London.jpg"
St._Paul's_Cathedral,27756,0,"commons/Anne_of_Great_Britain_statue,_St_Paul's/0/pictures/Hidden_Archaeology_of_the_City_of_London_17.jpg"
St._Paul's_Cathedral,27756,0,"commons/St._Paul's_Cathedral_at_night/0/pictures/Martin_Firrell_public_art_text_on_the_West_Front_of_St_Paul's_Cathedral_for_the_300th_anniversary_of_the_topping_out,_London_2008.jpg"
St._Paul's_Cathedral,27756,0,commons/London_Millennium_Bridge_with_St_Paul's/0/pictures/Millennium_Bridge_(29093002600).jpg
St._Paul's_Cathedral,27756,0,commons/St._Paul's_Cathedral_in_2016/0/pictures/St._Paul's_Cathedral_(29711825985).jpg
St._Paul's_Cathedral,27756,0,"commons/Exterior_of_St._Paul's_Cathedral/0/pictures/""St.Paul's_Cathedral"",_London_(1).jpg"
St._Paul's_Cathedral,27756,0,commons/London_Millennium_Bridge_with_St_Paul's/0/pictures/Millennium_Bridge_2.jpg
St._Paul's_Cathedral,27756,0,"commons/St._Paul's_Cathedral_in_2017/0/pictures/St_Paul's_Cathedral,_1_May_2017_0019.jpg"
St._Paul's_Cathedral,27756,0,"commons/Anne_of_Great_Britain_statue,_St_Paul's/0/pictures/ENG_London_St_Paul_Churchyard_03.jpg"
St._Paul's_Cathedral,27756,0,commons/St._Paul's_Cathedral_at_night/0/pictures/MillenniumBridge.jpg
St._Paul's_Cathedral,27756,0,commons/Exterior_of_St._Paul's_Cathedral/0/pictures/170798007_Jpg_(165463275).jpeg
St._Paul's_Cathedral,27756,0,commons/St._Paul's_Cathedral_dome_(exterior)/0/pictures/Character_of_Renaissance_Architecture_0283.jpg
St._Paul's_Cathedral,27756,0,commons/Exterior_of_St._Paul's_Cathedral/0/pictures/A_londoni_Szent_Pál-székesegyház_délkelet_felől.jpg
St._Paul's_Cathedral,27756,0,commons/St._Paul's_Cathedral_dome_(exterior)/0/pictures/Dome_of_St._Paul_IMG_9159.JPG
St._Paul's_Cathedral,27756,0,commons/London_Millennium_Bridge_with_St_Paul's/0/pictures/Millennium_Bridge_and_St_Paul's_-_geograph.org.uk_-_40281.jpg
St._Paul's_Cathedral,27756,0,commons/St._Paul's_Cathedral_in_2018/0/pictures/London_Millennium_Bridge_and_St_Paul's.jpg
St._Paul's_Cathedral,27756,0,"commons/Anne_of_Great_Britain_statue,_St_Paul's/0/pictures/Estatua_de_la_Reina_Ana,_Catedral_de_San_Pablo,_Londres,_Inglaterra,_2014-08-11,_DD_132.JPG"
St._Paul's_Cathedral,27756,0,commons/London_Millennium_Bridge_with_St_Paul's/0/pictures/Millennium_Bridge_-_geograph.org.uk_-_1572092.jpg
St._Paul's_Cathedral,27756,0,commons/St._Paul's_Cathedral_in_2016/0/pictures/St._paul_cathedral_-_panoramio.jpg
St._Paul's_Cathedral,27756,0,commons/London_Millennium_Bridge_with_St_Paul's/0/pictures/Millennium_Bridge_3.jpg
St._Paul's_Cathedral,27756,0,commons/St._Paul's_Cathedral_in_2017/0/pictures/St._Paul's_Cathedral_in_2017_at_night.jpg
St._Paul's_Cathedral,27756,0,"commons/Anne_of_Great_Britain_statue,_St_Paul's/0/pictures/Londen_2006_(91)_(2848901936).jpg"
St._Paul's_Cathedral,27756,0,"commons/St._Paul's_Cathedral_at_night/0/pictures/River_Thames,_London,_England_2008-01-19_(2274706547).jpg"
St._Paul's_Cathedral,27756,0,commons/Aerial_views_of_St._Paul's_Cathedral/0/pictures/Views_to_the_west_from_20_Fenchurch_Street_-_02.jpg
St._Paul's_Cathedral,27756,0,commons/St._Paul's_Cathedral_at_night/0/pictures/London_(10894031134).jpg
St._Paul's_Cathedral,27756,0,commons/London_Millennium_Bridge_with_St_Paul's/0/pictures/Millennium_Bridge_-_geograph.org.uk_-_1400627.jpg
St._Paul's_Cathedral,27756,0,commons/St._Paul's_Cathedral_in_2016/0/pictures/UK_-_London_(30159291853).jpg
St._Paul's_Cathedral,27756,0,commons/Exterior_of_St._Paul's_Cathedral/0/pictures/20110530_London_8.JPG
St._Paul's_Cathedral,27756,0,commons/St._Paul's_Cathedral_dome_(exterior)/0/pictures/Dome_of_St_Paul's_Cathedral_from_One_New_Change_01.jpg
St._Paul's_Cathedral,27756,0,commons/Exterior_of_St._Paul's_Cathedral/0/pictures/Batiment_-_panoramio.jpg
St._Paul's_Cathedral,27756,0,commons/St._Paul's_Cathedral_dome_(exterior)/0/pictures/Dome_of_St._Paul_IMG_9160.JPG
St._Paul's_Cathedral,27756,0,commons/London_Millennium_Bridge_with_St_Paul's/0/pictures/Millennium_Bridge_and_St_Paul's_-_geograph.org.uk_-_1629268.jpg
St._Paul's_Cathedral,27756,0,commons/St._Paul's_Cathedral_in_2017/0/pictures/Katedra_św._Pawła_w_Londynie.jpg
St._Paul's_Cathedral,27756,0,"commons/Anne_of_Great_Britain_statue,_St_Paul's/0/pictures/London_-_St.Paul's_Cathedral_-_statues_-_panoramio.jpg"
St._Paul's_Cathedral,27756,0,commons/St._Paul's_Cathedral_at_night/0/pictures/Saint_Paul's_Cathedral_by_night.JPG
St._Paul's_Cathedral,27756,0,"commons/Anne_of_Great_Britain_statue,_St_Paul's/0/pictures/Angled_view_of_Anne_of_Great_Britain_statue_at_St_Paul's.JPG"
St._Paul's_Cathedral,27756,0,commons/London_Millennium_Bridge_with_St_Paul's/0/pictures/Millennium_Bridge_-_geograph.org.uk_-_23393.jpg
St._Paul's_Cathedral,27756,0,commons/St._Paul's_Cathedral_in_2016/0/pictures/UK_-_London_(30424711001).jpg
St._Paul's_Cathedral,27756,0,commons/London_Millennium_Bridge_with_St_Paul's/0/pictures/Millennium_Bridge_^_River_Thames_-_geograph.org.uk_-_5178244.jpg
St._Paul's_Cathedral,27756,0,"commons/St._Paul's_Cathedral_in_2017/0/pictures/St_Paul's_Cathedral,_1_May_2017.jpg"
St._Paul's_Cathedral,27756,0,"commons/Anne_of_Great_Britain_statue,_St_Paul's/0/pictures/London_-_St_Paul's_Cathedral_1697_by_Sir_Christopher_Wren_-Panorama_Viewing_Down,_West_&_Up_at_the_Central_Front_Door_06.jpg"
St._Paul's_Cathedral,27756,0,"commons/St._Paul's_Cathedral_at_night/0/pictures/Queen_Anne_statue,_EC4_-_geograph.org.uk_-_2192999.jpg"
St._Paul's_Cathedral,27756,0,commons/Exterior_of_St._Paul's_Cathedral/0/pictures/2017_Exterior_of_St._Paul's_Cathedral_05.jpg
St._Paul's_Cathedral,27756,0,commons/St._Paul's_Cathedral_dome_(exterior)/0/pictures/Dome_of_St_Paul's_Cathedral_from_One_New_Change_02.jpg
St._Paul's_Cathedral,27756,0,commons/Exterior_of_St._Paul's_Cathedral/0/pictures/500px_photo_(140471653).jpeg
St._Paul's_Cathedral,27756,0,commons/St._Paul's_Cathedral_dome_(exterior)/0/pictures/Dome_of_St._Paul_IMG_9158.JPG
St._Paul's_Cathedral,27756,0,"commons/Anne_of_Great_Britain_statue,_St_Paul's/0/pictures/Anne_of_Great_Britain_St_Paul's.jpg"
St._Paul's_Cathedral,27756,0,"commons/St._Paul's_Cathedral_at_night/0/pictures/London,_west_front_of_St._Paul’s_Cathedral_by_night_-_geograph.org.uk_-_2748113.jpg"
St._Paul's_Cathedral,27756,0,commons/London_Millennium_Bridge_with_St_Paul's/0/pictures/Millennium_Bridge_-_geograph.org.uk_-_2590675.jpg
St._Paul's_Cathedral,27756,0,commons/St._Paul's_Cathedral_in_2016/0/pictures/UK_-_London_(30474682446).jpg
St._Paul's_Cathedral,27756,0,commons/London_Millennium_Bridge_with_St_Paul's/0/pictures/Millennium_Bridge_-_geograph.org.uk_-_200325.jpg
St._Paul's_Cathedral,27756,0,"commons/Exterior_of_St._Paul's_Cathedral/0/pictures/""St.Paul's_Cathedral"",_London_(3).jpg"
St._Paul's_Cathedral,27756,0,"commons/St._Paul's_Cathedral_dome_(exterior)/0/pictures/Dome,_St_Paul's_Cathedral_-_geograph.org.uk_-_3366847.jpg"
St._Paul's_Cathedral,27756,0,commons/Exterior_of_St._Paul's_Cathedral/0/pictures/Catedral_de_San_Pablo.jpg
St._Paul's_Cathedral,27756,0,commons/St._Paul's_Cathedral_dome_(exterior)/0/pictures/Dome_of_St._Paul_IMG_9162.JPG
St._Paul's_Cathedral,27756,0,commons/London_Millennium_Bridge_with_St_Paul's/0/pictures/Millennium_Bridge_London_June_2016_002.jpg
St._Paul's_Cathedral,27756,0,commons/St._Paul's_Cathedral_in_2018/0/pictures/St._paul_cathedral_london_IMG_0382.jpg
St._Paul's_Cathedral,27756,0,"commons/Anne_of_Great_Britain_statue,_St_Paul's/0/pictures/London_-_St_Paul's_Cathedral_1697_by_Sir_Christopher_Wren_-Panorama_Viewing_Down,_West_&_Up_at_the_Central_Front_Door_09.jpg"
St._Paul's_Cathedral,27756,0,"commons/Exterior_of_St._Paul's_Cathedral/0/pictures/St_Paul's_Cathedral,_26_August_2012_(1).jpg"
St._Paul's_Cathedral,27756,0,commons/St._Paul's_Cathedral_dome_(exterior)/0/pictures/St._Paul's_dome_-_geograph.org.uk_-_1492610.jpg
St._Paul's_Cathedral,27756,0,commons/St._Paul's_Cathedral/0/pictures/Fires_Ancient_light_installation_on_the_dome_of_St_Paul's_Cathedral_with_the_Firefighters_Memorial_in_the_foreground_during_the_350th_anniversary_of_the_Great_Fire_of_London.jpg
St._Paul's_Cathedral,27756,0,commons/London_Millennium_Bridge_with_St_Paul's/0/pictures/2005-01-07_-_United_Kingdom_-_England_-_London_-_Millennium_Bridge_and_St._Paul's_-_Miscellenaeous_4887146343.jpg
St._Paul's_Cathedral,27756,0,commons/St._Paul's_Cathedral_in_2012/0/pictures/Views_of_London0115.JPG
St._Paul's_Cathedral,27756,0,commons/London_Millennium_Bridge_with_St_Paul's/0/pictures/St_Paul's_and_the_Millennium_Bridge_-_geograph.org.uk_-_1710859.jpg
St._Paul's_Cathedral,27756,0,commons/St_Paul's_Cathedral_in_2014/0/pictures/London_MMB_»0W3_River_Thames_and_St_Paul's_Cathedral.jpg
St._Paul's_Cathedral,27756,0,commons/Chapter_House_of_St._Paul's_Cathedral/0/pictures/Paternoster_Square_(4868693916)_(cropped).jpg
St._Paul's_Cathedral,27756,0,commons/St._Paul's_Cathedral_at_night/0/pictures/StPauls_cathedral_tonemapped.jpg
St._Paul's_Cathedral,27756,0,commons/Exterior_of_St._Paul's_Cathedral/0/pictures/Cathedral_Church_of_St_Paul_20130324_115.JPG
St._Paul's_Cathedral,27756,0,commons/St._Paul's_Cathedral_dome_(exterior)/0/pictures/Dome_of_St._Paul_IMG_9182.JPG
St._Paul's_Cathedral,27756,0,"commons/Exterior_of_St._Paul's_Cathedral/0/pictures/St_Paul's_Cathedral,_London_EC2_-_geograph.org.uk_-_2338702.jpg"
St._Paul's_Cathedral,27756,0,commons/St._Paul's_Cathedral_dome_(exterior)/0/pictures/St._Paul's_Cathedral_(20293755966).jpg
St._Paul's_Cathedral,27756,0,"commons/London_Millennium_Bridge_with_St_Paul's/0/pictures/2016,_a_year_on_Geograph_(Day_325)_-_geograph.org.uk_-_5200476.jpg"
St._Paul's_Cathedral,27756,0,"commons/St._Paul's_Cathedral_in_2013/0/pictures/A_view_from_'The_Shard',_London._-_panoramio.jpg"
St._Paul's_Cathedral,27756,0,commons/Chapter_House_of_St._Paul's_Cathedral/0/pictures/St._Paul's_from_the_Paternoster_Square_-_panoramio.jpg
St._Paul's_Cathedral,27756,0,commons/St._Paul's_Cathedral_at_night/0/pictures/Time_-_panoramio_(4).jpg
St._Paul's_Cathedral,27756,0,commons/Exterior_of_St._Paul's_Cathedral/0/pictures/8.4.16_London_Southbank_and_City_108_(26343521675).jpg
St._Paul's_Cathedral,27756,0,commons/St._Paul's_Cathedral_dome_(exterior)/0/pictures/Domes_and_Towers_-_geograph.org.uk_-_2585916.jpg
St._Paul's_Cathedral,27756,0,"commons/London_Millennium_Bridge_with_St_Paul's/0/pictures/Millennium_Bridge_and_St_Paul's_Cathedral,_London_-_geograph.org.uk_-_4409905.jpg"
St._Paul's_Cathedral,27756,0,commons/St._Paul's_Cathedral_in_2019/0/pictures/London_St_Paul's_Cathedral_and_City_from_Thames_bank_2019-03.jpg
St._Paul's_Cathedral,27756,0,"commons/Anne_of_Great_Britain_statue,_St_Paul's/0/pictures/London_-_St_Paul's_Cathedral_1697_by_Sir_Christopher_Wren_-Panorama_Viewing_Down,_West_&_Up_at_the_Central_Front_Door_01.jpg"
St._Paul's_Cathedral,27756,0,commons/St._Paul's_Cathedral_at_night/0/pictures/Saint_Paul's_Cathedral.004_-_London.JPG
St._Paul's_Cathedral,27756,0,commons/London_Millennium_Bridge_with_St_Paul's/0/pictures/Millennium_Bridge_-_geograph.org.uk_-_2630127.jpg
St._Paul's_Cathedral,27756,0,commons/St._Paul's_Cathedral_in_2017/0/pictures/6.1.17_St_Pauls_London_1_(31325146504).jpg
St._Paul's_Cathedral,27756,0,"commons/Exterior_of_St._Paul's_Cathedral/0/pictures/Catedral_de_San_Pablo,_Londres.jpg"
St._Paul's_Cathedral,27756,0,commons/St._Paul's_Cathedral_dome_(exterior)/0/pictures/EH1079157_St_Paul's_Cathedral_18.jpg
St._Paul's_Cathedral,27756,0,"commons/Anne_of_Great_Britain_statue,_St_Paul's/0/pictures/Anne_of_Great_Britain_statue,_St_Paul's_in_spring_2013.JPG"
St._Paul's_Cathedral,27756,0,commons/St._Paul's_Cathedral_at_night/0/pictures/London_at_Night_(10491195253).jpg
St._Paul's_Cathedral,27756,0,commons/London_Millennium_Bridge_with_St_Paul's/0/pictures/Millennium_Bridge_-_geograph.org.uk_-_4345550.jpg
St._Paul's_Cathedral,27756,0,commons/St._Paul's_Cathedral_in_2016/0/pictures/UK_-_London_(30511206255).jpg
St._Paul's_Cathedral,27756,0,commons/Exterior_of_St._Paul's_Cathedral/0/pictures/London_-_St._Paul's_Cathedral_IX.jpg
St._Paul's_Cathedral,27756,0,commons/St._Paul's_Cathedral_dome_(exterior)/0/pictures/St_Paul_and_dome_cathedral_London.jpg
St._Paul's_Cathedral,27756,0,commons/London_Millennium_Bridge_with_St_Paul's/0/pictures/Millennium_Footbridge_over_the_River_Thames_-_geograph.org.uk_-_3843149.jpg
St._Paul's_Cathedral,27756,0,"commons/Anne_of_Great_Britain_statue,_St_Paul's/0/pictures/West_side_of_St_Paul's_Cathedral_London.jpg"
St._Paul's_Cathedral,27756,0,"commons/St._Paul's_Cathedral_at_night/0/pictures/St_Paul's_Cathedral,_Millenium_bridge_at_night.jpg"
St._Paul's_Cathedral,27756,0,commons/Exterior_of_St._Paul's_Cathedral/0/pictures/London_-_St._Paul's_Cathedral_I.jpg
St._Paul's_Cathedral,27756,0,commons/St._Paul's_Cathedral_dome_(exterior)/0/pictures/Shakespeare's_Globe_interval_2011.jpg
St._Paul's_Cathedral,27756,0,"commons/London_Millennium_Bridge_with_St_Paul's/0/pictures/Millennium_footbridge,_London_-_geograph.org.uk_-_2704120.jpg"
St._Paul's_Cathedral,27756,0,"commons/Anne_of_Great_Britain_statue,_St_Paul's/0/pictures/Statues,_St_Paul's_Cathedral,_London_-_DSC08167.JPG"
St._Paul's_Cathedral,27756,0,commons/St._Paul's_Cathedral_at_night/0/pictures/St_Paul's_Cathedral_night.jpg
St._Paul's_Cathedral,27756,0,commons/Exterior_of_St._Paul's_Cathedral/0/pictures/London_-_St._Paul's_Cathedral_IV.jpg
St._Paul's_Cathedral,27756,0,"commons/St._Paul's_Cathedral_dome_(exterior)/0/pictures/Saint_paul,_vista.JPG"
St._Paul's_Cathedral,27756,0,commons/London_Millennium_Bridge_with_St_Paul's/0/pictures/Millennium_Footbridge_-_geograph.org.uk_-_2701490.jpg
St._Paul's_Cathedral,27756,0,"commons/Anne_of_Great_Britain_statue,_St_Paul's/0/pictures/Victoria_StPaul.JPG"
St._Paul's_Cathedral,27756,0,commons/St._Paul's_Cathedral_at_night/0/pictures/St_Paul's_Dome_on_fire_(29445403975).jpg
St._Paul's_Cathedral,27756,0,commons/Exterior_of_St._Paul's_Cathedral/0/pictures/London_-_St.Paul's_Cathedral_-_panoramio.jpg
St._Paul's_Cathedral,27756,0,commons/St._Paul's_Cathedral_dome_(exterior)/0/pictures/St_Paul's_Cathedra_Millennium_Bridge_JBU04.jpg
St._Paul's_Cathedral,27756,0,commons/London_Millennium_Bridge_with_St_Paul's/0/pictures/MillenniumBridge.jpg
St._Paul's_Cathedral,27756,0,commons/Architectural_sculptures_of_St_Paul's_Cathedral/0/pictures/Detail_of_south_front_of_St_Paul's_Cathedral.jpg
St._Paul's_Cathedral,27756,0,commons/St._Paul's_Cathedral_at_night/0/pictures/St_Paul's_at_night_(30360519474).jpg
St._Paul's_Cathedral,27756,0,commons/Exterior_of_St._Paul's_Cathedral/0/pictures/London_-_St._Paul's_Cathedral_V.jpg
St._Paul's_Cathedral,27756,0,"commons/St._Paul's_Cathedral_dome_(exterior)/0/pictures/Southwest_View_of_the_Dome_at_St_Paul's_Cathedral,_London_(01).jpg"
St._Paul's_Cathedral,27756,0,commons/London_Millennium_Bridge_with_St_Paul's/0/pictures/Millennium-Bridge-St-Pauls-20040918-008.jpg
St._Paul's_Cathedral,27756,0,"commons/Anne_of_Great_Britain_statue,_St_Paul's/0/pictures/Wikimania_2014_-_0804_-_Victoria_at_Saint_Paul's220938.jpg"
St._Paul's_Cathedral,27756,0,commons/St._Paul's_Cathedral_at_night/0/pictures/St_Paul's_cathedral_photo.JPG
St._Paul's_Cathedral,27756,0,commons/Exterior_of_St._Paul's_Cathedral/0/pictures/London_-_St._Paul's_Cathedral_XI.jpg
St._Paul's_Cathedral,27756,0,commons/St._Paul's_Cathedral_dome_(exterior)/0/pictures/St_Paul's_Cathedral_-_geograph.org.uk_-_1623694.jpg
St._Paul's_Cathedral,27756,0,commons/London_Millennium_Bridge_with_St_Paul's/0/pictures/On_the_Millennium_Bridge_-_geograph.org.uk_-_2630129.jpg
St._Paul's_Cathedral,27756,0,commons/Architectural_sculptures_of_St_Paul's_Cathedral/0/pictures/EH1079157_St_Paul's_Cathedral_22.jpg
St._Paul's_Cathedral,27756,0,commons/St._Paul's_Cathedral_at_night/0/pictures/St_Paul's_by_night_-_geograph.org.uk_-_3765284.jpg
St._Paul's_Cathedral,27756,0,commons/Exterior_of_St._Paul's_Cathedral/0/pictures/London_Cathedrale_Saint-Paul_08052004_-_panoramio.jpg
St._Paul's_Cathedral,27756,0,commons/St._Paul's_Cathedral_dome_(exterior)/0/pictures/St_Paul's_(23807036364).jpg
St._Paul's_Cathedral,27756,0,"commons/London_Millennium_Bridge_with_St_Paul's/0/pictures/Orilla_Norte_del_Támesis_desde_Tate_Modern,_Londres,_Inglaterra,_2014-08-11,_DD_123.JPG"
St._Paul's_Cathedral,27756,0,commons/Architectural_sculptures_of_St_Paul's_Cathedral/0/pictures/Pediment_of_St_Paul's_Cathedral_with_statue_of_St_Paul.jpg
St._Paul's_Cathedral,27756,0,commons/St._Paul's_Cathedral_at_night/0/pictures/St_Pauls_Cathedral_Jack_Slater.jpg
St._Paul's_Cathedral,27756,0,"commons/London_Millennium_Bridge_with_St_Paul's/0/pictures/The_Millennium_Bridge,_London_-_geograph.org.uk_-_2694339.jpg"
St._Paul's_Cathedral,27756,0,"commons/St_Paul's_Cathedral_in_2014/0/pictures/St_Paul's_Cathedral,_London,_UK_(2014)_-_21.JPG"
St._Paul's_Cathedral,27756,0,"commons/East_facade_of_St._Paul's_Cathedral/0/pictures/London,_United_Kingdom_(Unsplash_4eDiRuTHU30).jpg"
St._Paul's_Cathedral,27756,0,commons/St._Paul's_Cathedral_detail/0/pictures/London_-_St.Paul's_Cathedral_-_corinthian_columns_-_panoramio.jpg
St._Paul's_Cathedral,27756,0,commons/London_Millennium_Bridge_with_St_Paul's/0/pictures/Ramp_onto_Millennium_Bridge_-_geograph.org.uk_-_4091535.jpg
St._Paul's_Cathedral,27756,0,commons/Architectural_sculptures_of_St_Paul's_Cathedral/0/pictures/London_-_St._Paul's_Cathedral_VI.jpg
St._Paul's_Cathedral,27756,0,commons/St._Paul's_Cathedral_at_night/0/pictures/St_Pauls_Cathedral_Dome_Detail_Night.jpg
St._Paul's_Cathedral,27756,0,commons/London_Millennium_Bridge_with_St_Paul's/0/pictures/The_southern_approach_to_the_Millennium_Footbridge_-_geograph.org.uk_-_4258345.jpg
St._Paul's_Cathedral,27756,0,"commons/St_Paul's_Cathedral_in_2014/0/pictures/St_Paul's_Cathedral,_London,_UK_(2014)_-_22.JPG"
St._Paul's_Cathedral,27756,0,commons/East_facade_of_St._Paul's_Cathedral/0/pictures/London_-_New_Change_-_One_New_Change_2010_by_Jean_Nouvel_-_View_West_towards_St_Paul's_Cathedral_-_'The_Nail'_2011_by_Gavin_Turk.jpg
St._Paul's_Cathedral,27756,0,"commons/Exterior_of_St._Paul's_Cathedral/0/pictures/Paternoster_Square,_London_-_2020-09-20.jpg"
St._Paul's_Cathedral,27756,0,commons/St._Paul's_Cathedral_dome_(exterior)/0/pictures/St_Paul's_Cathedral_00_(1).JPG
St._Paul's_Cathedral,27756,0,commons/London_Millennium_Bridge_with_St_Paul's/0/pictures/Saint_Paul's_Cathedral_by_night.JPG
St._Paul's_Cathedral,27756,0,commons/Architectural_sculptures_of_St_Paul's_Cathedral/0/pictures/West_facade_of_St_Paul's_Cathedral_2011_detail01.jpg
St._Paul's_Cathedral,27756,0,commons/St._Paul's_Cathedral_at_night/0/pictures/St_Pauls_at_night_(962544553).jpg
St._Paul's_Cathedral,27756,0,commons/London_Millennium_Bridge_with_St_Paul's/0/pictures/UK_-_London_(30424711001).jpg
St._Paul's_Cathedral,27756,0,commons/St_Paul's_Cathedral_in_2014/0/pictures/St._Paul's_Cathedral_at_Night_-_panoramio.jpg
St._Paul's_Cathedral,27756,0,"commons/East_facade_of_St._Paul's_Cathedral/0/pictures/St_Paul's_Cathedral,_London_EC2_-_geograph.org.uk_-_2339010.jpg"
St._Paul's_Cathedral,27756,0,commons/St._Paul's_Cathedral_detail/0/pictures/St_Paul's_Cathedral_00_(27).JPG
St._Paul's_Cathedral,27756,0,commons/Exterior_of_St._Paul's_Cathedral/0/pictures/St_Paul's_Cathedral_from_Festival_Gardens_-_geograph.org.uk_-_1570366.jpg
St._Paul's_Cathedral,27756,0,commons/St._Paul's_Cathedral_dome_(exterior)/0/pictures/St_Pauls_Dome.JPG
St._Paul's_Cathedral,27756,0,commons/London_Millennium_Bridge_with_St_Paul's/0/pictures/St_Paul's_Cathedral_London_UK_Ank_Kumar_Infosys_Limited_03.jpg
St._Paul's_Cathedral,27756,0,commons/St._Paul's_Cathedral_in_the_snow/0/pictures/St_Pauls_in_the_snow_-_geograph.org.uk_-_1145221.jpg
St._Paul's_Cathedral,27756,0,commons/Chapter_House_of_St._Paul's_Cathedral/0/pictures/EH1358896_Chapter_House_of_St_Paul's_Cathedral_01.jpg
St._Paul's_Cathedral,27756,0,commons/London_Millennium_Bridge_with_St_Paul's/0/pictures/Millennium_Bridge_2015.jpg
St._Paul's_Cathedral,27756,0,commons/St._Paul's_Cathedral_in_2018/0/pictures/20180504_175726-stpauls-pano-horiz.jpg
St._Paul's_Cathedral,27756,0,"commons/Anne_of_Great_Britain_statue,_St_Paul's/0/pictures/ENG_London_St_Paul_Churchyard_02.jpg"
St._Paul's_Cathedral,27756,0,commons/London_Millennium_Bridge_with_St_Paul's/0/pictures/Millennium_Bridge_&_St._Pauls1.jpg
St._Paul's_Cathedral,27756,0,commons/Exterior_of_St._Paul's_Cathedral/0/pictures/2009-07-22_Millennium_Bridge_(London).jpg
St._Paul's_Cathedral,27756,0,commons/St._Paul's_Cathedral_dome_(exterior)/0/pictures/City_saint_paul_london_tamise.jpg
St._Paul's_Cathedral,27756,0,"commons/London_Millennium_Bridge_with_St_Paul's/0/pictures/The_Millennium_Bridge_and_the_dome_of_St_Paul's,_London_-_geograph.org.uk_-_2161158.jpg"
St._Paul's_Cathedral,27756,0,"commons/St_Paul's_Cathedral_in_2014/0/pictures/St_Paul's_Cathedral,_London,_UK_(2014)_-_09.JPG"
St._Paul's_Cathedral,27756,0,commons/East_facade_of_St._Paul's_Cathedral/0/pictures/500px_photo_(156751381).jpeg
St._Paul's_Cathedral,27756,0,"commons/St._Paul's_Cathedral_detail/0/pictures/Columns_at_St_Paul's_Cathedral,_St_Paul's_in_spring_2013_(2).JPG"
St._Paul's_Cathedral,27756,0,commons/London_Millennium_Bridge_with_St_Paul's/0/pictures/The_Millennium_Bridge_and_St_Pauls_(7327478166).jpg
St._Paul's_Cathedral,27756,0,"commons/St_Paul's_Cathedral_in_2014/0/pictures/St_Paul's_Cathedral,_London,_UK_(2014)_-_13.JPG"
St._Paul's_Cathedral,27756,0,commons/East_facade_of_St._Paul's_Cathedral/0/pictures/London_-_New_Change_-_One_New_Change_2010_by_Jean_Nouvel_-_View_West_towards_St_Paul's_Cathedral_-_'The_Nail'_2011_by_Gavin_Turk_II.jpg
St._Paul's_Cathedral,27756,0,"commons/London_Millennium_Bridge_with_St_Paul's/0/pictures/The_Millennium_Bridge,_London_-_geograph.org.uk_-_774347.jpg"
St._Paul's_Cathedral,27756,0,"commons/St_Paul's_Cathedral_in_2014/0/pictures/St_Paul's_Cathedral,_London,_UK_(2014)_-_16.JPG"
St._Paul's_Cathedral,27756,0,commons/East_facade_of_St._Paul's_Cathedral/0/pictures/London_-_New_Change_-_One_New_Change_2010_by_Jean_Nouvel_-_View_West_towards_St_Paul's_Cathedral_-_'The_Nail'_2011_by_Gavin_Turk_III.jpg
St._Paul's_Cathedral,27756,0,"commons/London_Millennium_Bridge_with_St_Paul's/0/pictures/The_Millennium_Bridge,_The_Thames_and_St._Paul's_Cathedral_-_geograph.org.uk_-_4037347.jpg"
St._Paul's_Cathedral,27756,0,"commons/St_Paul's_Cathedral_in_2014/0/pictures/St_Paul's_Cathedral,_London,_UK_(2014)_-_14.JPG"
St._Paul's_Cathedral,27756,0,commons/East_facade_of_St._Paul's_Cathedral/0/pictures/Londen_2006_(278)_(2848926654).jpg
St._Paul's_Cathedral,27756,0,"commons/London_Millennium_Bridge_with_St_Paul's/0/pictures/The_Millennium_Bridge,_London_-_geograph.org.uk_-_2694116.jpg"
St._Paul's_Cathedral,27756,0,"commons/St_Paul's_Cathedral_in_2014/0/pictures/St_Paul's_Cathedral,_London,_UK_(2014)_-_17.JPG"
St._Paul's_Cathedral,27756,0,commons/East_facade_of_St._Paul's_Cathedral/0/pictures/Londen_2006_(99)_(2848907982).jpg
St._Paul's_Cathedral,27756,0,"commons/London_Millennium_Bridge_with_St_Paul's/0/pictures/The_Millennium_Bridge,_and_St_Paul's_Cathedral_-_geograph.org.uk_-_884799.jpg"
St._Paul's_Cathedral,27756,0,"commons/St_Paul's_Cathedral_in_2014/0/pictures/St_Paul's_Cathedral,_London,_UK_(2014)_-_18.JPG"
St._Paul's_Cathedral,27756,0,"commons/East_facade_of_St._Paul's_Cathedral/0/pictures/Side_of_St_Paul's_Cathedral,_New_Change_EC4_-_geograph.org.uk_-_2765202.jpg"
St._Paul's_Cathedral,27756,0,commons/London_Millennium_Bridge_with_St_Paul's/0/pictures/The_Millennium_Footbridge_-_geograph.org.uk_-_4258343.jpg
St._Paul's_Cathedral,27756,0,"commons/St_Paul's_Cathedral_in_2014/0/pictures/St_Paul's_Cathedral,_London,_UK_(2014)_-_19.JPG"
St._Paul's_Cathedral,27756,0,commons/East_facade_of_St._Paul's_Cathedral/0/pictures/East_facade_of_St._Paul's_Cathedral.jpg
St._Paul's_Cathedral,27756,0,commons/St._Paul's_Cathedral_detail/0/pictures/EH1079157_St_Paul's_Cathedral_19.jpg
St._Paul's_Cathedral,27756,0,commons/London_Millennium_Bridge_with_St_Paul's/0/pictures/The_Millennium_footbridge_-_geograph.org.uk_-_1376058.jpg
St._Paul's_Cathedral,27756,0,"commons/St_Paul's_Cathedral_in_2014/0/pictures/St_Paul's_Cathedral,_London,_UK_(2014)_-_20.JPG"
St._Paul's_Cathedral,27756,0,commons/East_facade_of_St._Paul's_Cathedral/0/pictures/St_Paul's_Cathedral_-_geograph.org.uk_-_4278994.jpg
St._Paul's_Cathedral,27756,0,commons/London_Millennium_Bridge_with_St_Paul's/0/pictures/The_Millennium_Footbridge_over_the_Thames_-_geograph.org.uk_-_3780214.jpg
St._Paul's_Cathedral,27756,0,commons/East_facade_of_St._Paul's_Cathedral/0/pictures/St_Paul's_Cathedral_-_geograph.org.uk_-_4454740.jpg
St._Paul's_Cathedral,27756,0,commons/St._Paul's_Cathedral_detail/0/pictures/EH1079157_St_Paul's_Cathedral_09.jpg
St._Paul's_Cathedral,27756,0,commons/London_Millennium_Bridge_with_St_Paul's/0/pictures/The_Millennium_Bridge_and_St_Pauls_(7327476114).jpg
St._Paul's_Cathedral,27756,0,"commons/St_Paul's_Cathedral_in_2014/0/pictures/St_Paul's_Cathedral,_London,_UK_(2014)_-_25.JPG"
St._Paul's_Cathedral,27756,0,commons/East_facade_of_St._Paul's_Cathedral/0/pictures/St_Paul_Cathedral_-_Sunset.jpg
St._Paul's_Cathedral,27756,0,commons/St._Paul's_Cathedral_detail/0/pictures/EH1079157_St_Paul's_Cathedral_10.jpg
St._Paul's_Cathedral,27756,0,"commons/London_Millennium_Bridge_with_St_Paul's/0/pictures/The_Millennium_Bridge,_London_-_geograph.org.uk_-_2331303.jpg"
St._Paul's_Cathedral,27756,0,"commons/St_Paul's_Cathedral_in_2014/0/pictures/St_Paul's_Cathedral,_London,_UK_(2014)_-_30.JPG"
St._Paul's_Cathedral,27756,0,commons/East_facade_of_St._Paul's_Cathedral/0/pictures/St_Paul_Cathedral_-_Reflections_01.jpg
St._Paul's_Cathedral,27756,0,"commons/St._Paul's_Cathedral_detail/0/pictures/St_Paul's_Cathedral,_London,_EC2_-_geograph.org.uk_-_3209178.jpg"
St._Paul's_Cathedral,27756,0,"commons/London_Millennium_Bridge_with_St_Paul's/0/pictures/The_Millennium_Bridge,_London_-_geograph.org.uk_-_2694345.jpg"
St._Paul's_Cathedral,27756,0,commons/St_Paul's_Cathedral_in_2014/0/pictures/St_Paul-s_Cathedral_(12008327503).jpg
St._Paul's_Cathedral,27756,0,commons/East_facade_of_St._Paul's_Cathedral/0/pictures/St_Paul_Cathedral_-_Reflections_02.jpg
St._Paul's_Cathedral,27756,0,"commons/London_Millennium_Bridge_with_St_Paul's/0/pictures/The_River_Thames,_Saint_Paul's_Cathedral,_and_the_Millennium_Bridge.jpg"
St._Paul's_Cathedral,27756,0,"commons/St_Paul's_Cathedral_in_2014/0/pictures/St_Paul's_Cathedral,_London,_UK_(2014)_-_28.JPG"
St._Paul's_Cathedral,27756,0,commons/East_facade_of_St._Paul's_Cathedral/0/pictures/London_-_New_Change_-_One_New_Change_2010_by_Jean_Nouvel_-_View_West_on_St_Paul's_Cathedral_1697_by_Sir_Christopher_Wren.jpg
St._Paul's_Cathedral,27756,0,commons/St._Paul's_Cathedral_detail/0/pictures/Looking_up_at_the_dome_of_St_Pauls.jpg
St._Paul's_Cathedral,27756,0,commons/London_Millennium_Bridge_with_St_Paul's/0/pictures/The_Thames_and_St.Pauls_Cathedral_at_Night_-_geograph.org.uk_-_2257940.jpg
St._Paul's_Cathedral,27756,0,"commons/St_Paul's_Cathedral_in_2014/0/pictures/St_Paul's_Cathedral,_London,_UK_(2014)_-_26.JPG"
St._Paul's_Cathedral,27756,0,commons/East_facade_of_St._Paul's_Cathedral/0/pictures/St_Paul's_Cathedral_06.JPG
St._Paul's_Cathedral,27756,0,commons/St._Paul's_Cathedral_detail/0/pictures/St._Paul's_Cathedral_-_Entrance_-_geograph.org.uk_-_1287398.jpg
St._Paul's_Cathedral,27756,0,commons/London_Millennium_Bridge_with_St_Paul's/0/pictures/UK_-_London_(29879039683).jpg
St._Paul's_Cathedral,27756,0,"commons/St_Paul's_Cathedral_in_2014/0/pictures/St_Paul's_Cathedral,_London,_UK_(2014)_-_29.JPG"
St._Paul's_Cathedral,27756,0,commons/East_facade_of_St._Paul's_Cathedral/0/pictures/Outside_View_of_St._Paul's_Cathedral.jpg
St._Paul's_Cathedral,27756,0,commons/St._Paul's_Cathedral_detail/0/pictures/St_Paul's_Cathedral_00_(26).JPG
St._Paul's_Cathedral,27756,0,"commons/London_Millennium_Bridge_with_St_Paul's/0/pictures/The_Millennium_Bridge,_London_-_geograph.org.uk_-_2331317.jpg"
St._Paul's_Cathedral,27756,0,"commons/St_Paul's_Cathedral_in_2014/0/pictures/St_Paul's_Cathedral,_London,_UK_(2014)_-_27.JPG"
St._Paul's_Cathedral,27756,0,commons/East_facade_of_St._Paul's_Cathedral/0/pictures/St_Paul's_Cathedral_04.JPG
St._Paul's_Cathedral,27756,0,"commons/St._Paul's_Cathedral_detail/0/pictures/St_Paul's_Cathedral,_London,_UK_(2014)_-_21.JPG"
St._Paul's_Cathedral,27756,0,commons/London_Millennium_Bridge_with_St_Paul's/0/pictures/UK_-_London_(30474682446).jpg
St._Paul's_Cathedral,27756,0,"commons/St_Paul's_Cathedral_in_2014/0/pictures/St_Pauls,One_Newchange_-_panoramio.jpg"
St._Paul's_Cathedral,27756,0,commons/East_facade_of_St._Paul's_Cathedral/0/pictures/St_Paul's_Cathedral_01.JPG
St._Paul's_Cathedral,27756,0,commons/London_Millennium_Bridge_with_St_Paul's/0/pictures/Veduta_dal_tamigi_presso_millennium_bridge_01.jpg
St._Paul's_Cathedral,27756,0,commons/St_Paul's_Cathedral_in_2014/0/pictures/St._Paul_Cathedral_-_panoramio_(1).jpg
St._Paul's_Cathedral,27756,0,commons/East_facade_of_St._Paul's_Cathedral/0/pictures/St_Paul's_Cathedral_reflections_at_One_New_Change_01.jpg
St._Paul's_Cathedral,27756,0,commons/London_Millennium_Bridge_with_St_Paul's/0/pictures/View_From_Tate_Modern.jpg
St._Paul's_Cathedral,27756,0,commons/St_Paul's_Cathedral_in_2014/0/pictures/St._Paul's_Cathedral_from_Millennium_Bridge_-_panoramio.jpg
St._Paul's_Cathedral,27756,0,"commons/East_facade_of_St._Paul's_Cathedral/0/pictures/St_Paul's_Cathedral,_London_EC2_-_geograph.org.uk_-_2339015.jpg"
St._Paul's_Cathedral,27756,0,commons/London_Millennium_Bridge_with_St_Paul's/0/pictures/UnitedKingdom-9_(29368039884).jpg
St._Paul's_Cathedral,27756,0,commons/St_Paul's_Cathedral_in_2014/0/pictures/St._Paul_Cathedral_-_panoramio.jpg
St._Paul's_Cathedral,27756,0,commons/East_facade_of_St._Paul's_Cathedral/0/pictures/St_Paul's_Cathedral_02.JPG
St._Paul's_Cathedral,27756,0,"commons/London_Millennium_Bridge_with_St_Paul's/0/pictures/View_From_Tate_Modern,_London_-_geograph.org.uk_-_1772317.jpg"
St._Paul's_Cathedral,27756,0,commons/St_Paul's_Cathedral_in_2014/0/pictures/St._Pauls_Cathedral.jpg
St._Paul's_Cathedral,27756,0,commons/East_facade_of_St._Paul's_Cathedral/0/pictures/St_Paul's_Cathedral_London.jpg
St._Paul's_Cathedral,27756,0,commons/London_Millennium_Bridge_with_St_Paul's/0/pictures/View_north_from_Tate_Modern_in_December_2011.JPG
St._Paul's_Cathedral,27756,0,commons/St_Paul's_Cathedral_in_2014/0/pictures/St_paul's_cathedral_-_panoramio.jpg
St._Paul's_Cathedral,27756,0,commons/East_facade_of_St._Paul's_Cathedral/0/pictures/St_Paul's_in_Triplicate_(49181731748).jpg
St._Paul's_Cathedral,27756,0,commons/London_Millennium_Bridge_with_St_Paul's/0/pictures/View_from_the_cells_(246336685).jpg
St._Paul's_Cathedral,27756,0,commons/St_Paul's_Cathedral_in_2014/0/pictures/The_Millennium_Bridge_-_geograph.org.uk_-_3883204.jpg
St._Paul's_Cathedral,27756,0,commons/East_facade_of_St._Paul's_Cathedral/0/pictures/St_Paul's_Cathedral_reflections_at_One_New_Change_02.jpg
St._Paul's_Cathedral,27756,0,commons/St._Paul's_Cathedral_dome/0/pictures/City_of_London_School_-_geograph.org.uk_-_3103246.jpg
St._Paul's_Cathedral,27756,0,commons/London_Millennium_Bridge_with_St_Paul's/0/pictures/UK_-_London_(30474723186).jpg
St._Paul's_Cathedral,27756,0,commons/St_Paul's_Cathedral_in_2014/0/pictures/St.Paul_Cathedral_-_panoramio.jpg
St._Paul's_Cathedral,27756,0,commons/East_facade_of_St._Paul's_Cathedral/0/pictures/St_Pauls_-_Flickr_-_concrete^fells.jpg
St._Paul's_Cathedral,27756,0,commons/London_Millennium_Bridge_with_St_Paul's/0/pictures/View_of_St_Paul's_Cathedral_from_the_Millennium_Bridge_-_geograph.org.uk_-_2753063.jpg
St._Paul's_Cathedral,27756,0,commons/St_Paul's_Cathedral_in_2014/0/pictures/St.Pauls_Cathedral_-_panoramio.jpg
St._Paul's_Cathedral,27756,0,commons/East_facade_of_St._Paul's_Cathedral/0/pictures/St_Paul's_East_End1.jpg
St._Paul's_Cathedral,27756,0,commons/London_Millennium_Bridge_with_St_Paul's/0/pictures/View_of_St_Paul's_Cathedral_and_the_Millennium_Bridge_from_the_South_Bank_-_geograph.org.uk_-_3833510.jpg
St._Paul's_Cathedral,27756,0,commons/East_facade_of_St._Paul's_Cathedral/0/pictures/St_Paul's_East_End2.jpg
St._Paul's_Cathedral,27756,0,commons/St._Paul's_Cathedral_detail/0/pictures/St._Paul's_in_London_(4898920365).jpg
St._Paul's_Cathedral,27756,0,commons/London_Millennium_Bridge_with_St_Paul's/0/pictures/Millennium_Bridge_-_geograph.org.uk_-_1400616.jpg
St._Paul's_Cathedral,27756,0,commons/St._Paul's_Cathedral_in_2016/0/pictures/St._pauls_cathedral_-_panoramio.jpg
St._Paul's_Cathedral,27756,0,"commons/Anne_of_Great_Britain_statue,_St_Paul's/0/pictures/(Replica)_statue_of_Queen_Anne_at_the_west_front_of_St._Paul's_Cathedral_-_geograph.org.uk_-_1274675.jpg"
St._Paul's_Cathedral,27756,0,"commons/St._Paul's_Cathedral_at_night/0/pictures/London_,_St.Pauls_-_panoramio_-_cisko66.jpg"
St._Paul's_Cathedral,27756,0,commons/London_Millennium_Bridge_with_St_Paul's/0/pictures/London-Tate-Gallery-2.jpg
St._Paul's_Cathedral,27756,0,commons/St._Paul's_Cathedral_in_2016/0/pictures/8.4.16_London_Southbank_and_City_108_(26343521675).jpg
St._Paul's_Cathedral,27756,0,commons/London_Millennium_Bridge_with_St_Paul's/0/pictures/View_of_St._Paul's_Cathedral_from_the_Millennium_Bridge_-_geograph.org.uk_-_5123470.jpg
St._Paul's_Cathedral,27756,0,commons/St_Paul's_Cathedral_in_2014/0/pictures/St._Pauls_Cathedral_on_a_Winter's_Night_-_panoramio.jpg
St._Paul's_Cathedral,27756,0,commons/East_facade_of_St._Paul's_Cathedral/0/pictures/St_Paul's_from_One_New_Change_(35198709786).jpg
St._Paul's_Cathedral,27756,0,commons/St._Paul's_Cathedral_dome/0/pictures/DSC6185_-_Flickr_-_dconvertini.jpg
St._Paul's_Cathedral,27756,0,commons/London_Millennium_Bridge_with_St_Paul's/0/pictures/View_of_St._Paul's_Cathedral_from_the_Millennium_Bridge_^3_-_geograph.org.uk_-_5123490.jpg
St._Paul's_Cathedral,27756,0,commons/St_Paul's_Cathedral_in_2014/0/pictures/The_cross_and_apex_of_the_dome_on_St_Paul's_Cathedral.jpg
St._Paul's_Cathedral,27756,0,commons/East_facade_of_St._Paul's_Cathedral/0/pictures/St._Pauls_Cathedral.jpg
St._Paul's_Cathedral,27756,0,commons/London_Millennium_Bridge_with_St_Paul's/0/pictures/Vista_de_Londres_Thames.jpg
St._Paul's_Cathedral,27756,0,"commons/St_Paul's_Cathedral_in_2014/0/pictures/VIEW_,_®'s_-_DigiGraf_-_Ð_-_┼_,_LONDON_ENGLAND_St._PAUL's_CATHEDRAL_-_panoramio_(3).jpg"
St._Paul's_Cathedral,27756,0,commons/Events_at_St._Paul's_Cathedral/0/pictures/Cue_Billy_Idol_-_geograph.org.uk_-_1707152.jpg
St._Paul's_Cathedral,27756,0,commons/St._Paul's_Cathedral_dome_(exterior)/0/pictures/2017_-_St._Paul's_Cathedral.jpg
St._Paul's_Cathedral,27756,0,commons/London_Millennium_Bridge_with_St_Paul's/0/pictures/Millennium_Bridge_-_geograph.org.uk_-_2940706.jpg
St._Paul's_Cathedral,27756,0,commons/St._Paul's_Cathedral_in_2016/0/pictures/UK_-_London_(30212991600).jpg
St._Paul's_Cathedral,27756,0,"commons/Anne_of_Great_Britain_statue,_St_Paul's/0/pictures/Anne_of_Great_Britain_St_Paul's_2.jpg"
St._Paul's_Cathedral,27756,0,commons/St._Paul's_Cathedral_at_night/0/pictures/Londres_-_panoramio.jpg
St._Paul's_Cathedral,27756,0,commons/London_Millennium_Bridge_with_St_Paul's/0/pictures/Millenium_Bridge_to_St.Paul_-_Flickr_-_bru76.jpg
St._Paul's_Cathedral,27756,0,"commons/St._Paul's_Cathedral_in_2016/0/pictures/St_Paul's_Cathedral,_London,_2016-5.jpg"
St._Paul's_Cathedral,27756,0,commons/London_Millennium_Bridge_with_St_Paul's/0/pictures/Wobbly_Bridge_at_dusk.jpg
St._Paul's_Cathedral,27756,0,commons/Events_at_St._Paul's_Cathedral/0/pictures/JPP_4660_(8658993474).jpg
St._Paul's_Cathedral,27756,0,commons/St._Paul's_Cathedral_dome/0/pictures/St_Paul's_from_Paternoster_Square_(20332739558).jpg
St._Paul's_Cathedral,27756,0,commons/London_Millennium_Bridge_with_St_Paul's/0/pictures/Millennium_Bridge_-_geograph.org.uk_-_4235899.jpg
St._Paul's_Cathedral,27756,0,"commons/St._Paul's_Cathedral_in_2017/0/pictures/""St.Paul's_Cathedral"",_London_(2).jpg"
St._Paul's_Cathedral,27756,0,"commons/Anne_of_Great_Britain_statue,_St_Paul's/0/pictures/Anne_of_Great_Britain,_St_Paul's_Cathedral,_London,_England,_GB,_IMG_5190_edit.jpg"
St._Paul's_Cathedral,27756,0,commons/London_Millennium_Bridge_with_St_Paul's/0/pictures/Millenium_Bridge_and_St_Pauls_1.jpg
St._Paul's_Cathedral,27756,0,commons/London_Millennium_Bridge_with_St_Paul's/0/pictures/Wikimania_2014_-_0802_-_Saint_Paul's_accross_Millenium_Bridge220148.jpg
St._Paul's_Cathedral,27756,0,commons/St_Paul's_Cathedral_in_2014/0/pictures/Wikimania_2014_-_0802_-_Saint_Paul's_from_Tate_Modern-_Blue_Hour220300.jpg
St._Paul's_Cathedral,27756,0,commons/Events_at_St._Paul's_Cathedral/0/pictures/Security_gates_thatcher_funeral_yellow_close.JPG
St._Paul's_Cathedral,27756,0,commons/Exterior_of_St._Paul's_Cathedral/0/pictures/St_Pauls_Cathedral_(10408488625).jpg
St._Paul's_Cathedral,27756,0,commons/St._Paul's_Cathedral_dome_(exterior)/0/pictures/View_of_St._Paul's_Cathedral_from_St._Martin's-le-Grand_-_geograph.org.uk_-_5147927.jpg
St._Paul's_Cathedral,27756,0,commons/St._Paul's_Cathedral/0/pictures/London_-_Millennium_Bridge_-_Jubilee_Walkway_-_Panorama_View_North_from_St_Paul's_Cathedral_to_the_Shard_03.jpg
St._Paul's_Cathedral,27756,0,commons/London_Millennium_Bridge_with_St_Paul's/0/pictures/Comings_and_Goings_(Explored_-_26-05-15)_-_Flickr_-_dolbinator1000.jpg
St._Paul's_Cathedral,27756,0,"commons/North_facade_of_St._Paul's_Cathedral/0/pictures/St_Paul's_Cathedral,_London,_EC2_-_geograph.org.uk_-_3209151.jpg"
St._Paul's_Cathedral,27756,0,commons/Exterior_of_St._Paul's_Cathedral/0/pictures/St_Pauls_3_(4868072873).jpg
St._Paul's_Cathedral,27756,0,commons/St._Paul's_Cathedral_dome_(exterior)/0/pictures/View_of_St._Paul's_Cathedral_from_the_South_Bank_-_geograph.org.uk_-_5123458.jpg
St._Paul's_Cathedral,27756,0,commons/St._Paul's_Cathedral/0/pictures/London_-_Millennium_Bridge_-_Jubilee_Walkway_-_Panorama_View_North_from_St_Paul's_Cathedral_to_the_Shard_05.jpg
St._Paul's_Cathedral,27756,0,commons/London_Millennium_Bridge_with_St_Paul's/0/pictures/England_2008-01-19_(2275500924).jpg
St._Paul's_Cathedral,27756,0,commons/St._Paul's_Cathedral_in_2013/0/pictures/EH1079157_St_Paul's_Cathedral_20.jpg
St._Paul's_Cathedral,27756,0,commons/North_facade_of_St._Paul's_Cathedral/0/pictures/Saint_Paul's_Cathedral_2004_LTT_03_006.jpg
St._Paul's_Cathedral,27756,0,"commons/Exterior_of_St._Paul's_Cathedral/0/pictures/St_Pauls_Cathedral,_London,_2013.jpg"
St._Paul's_Cathedral,27756,0,commons/St._Paul's_Cathedral_dome_(exterior)/0/pictures/View_of_St._Paul's_Cathedral_from_St._Martin's-le-Grand_^2_-_geograph.org.uk_-_5147929.jpg
St._Paul's_Cathedral,27756,0,commons/St._Paul's_Cathedral/0/pictures/London_-_Millennium_Bridge_-_Jubilee_Walkway_-_Panorama_View_North_from_St_Paul's_Cathedral_to_the_Shard_04.jpg
St._Paul's_Cathedral,27756,0,commons/London_Millennium_Bridge_with_St_Paul's/0/pictures/City-night-evening-river_(24326542355).jpg
St._Paul's_Cathedral,27756,0,"commons/North_facade_of_St._Paul's_Cathedral/0/pictures/St_Paul's_from_Paternoster_Square,_London_EC2_-_geograph.org.uk_-_1092284.jpg"
St._Paul's_Cathedral,27756,0,commons/Exterior_of_St._Paul's_Cathedral/0/pictures/St_Pauls_Cathedral_7_(8013468218).jpg
St._Paul's_Cathedral,27756,0,commons/St._Paul's_Cathedral_dome_(exterior)/0/pictures/View_of_St._Paul's_Cathedral_from_the_South_Bank_^2_-_geograph.org.uk_-_5124069.jpg
St._Paul's_Cathedral,27756,0,commons/St._Paul's_Cathedral/0/pictures/London_-_Millennium_Bridge_-_Jubilee_Walkway_-_Panorama_View_North_from_St_Paul's_Cathedral_to_the_Shard_06.jpg
St._Paul's_Cathedral,27756,0,commons/London_Millennium_Bridge_with_St_Paul's/0/pictures/England_2008-01-19_(2274706949).jpg
St._Paul's_Cathedral,27756,0,commons/North_facade_of_St._Paul's_Cathedral/0/pictures/London_-_Queens_Head_Passage_-_View_South_on_St_Paul's_Cathedral_1697_by_Sir_Christopher_Wren.jpg
St._Paul's_Cathedral,27756,0,commons/Exterior_of_St._Paul's_Cathedral/0/pictures/St_Pauls_Cathedral_3_(8013450111).jpg
St._Paul's_Cathedral,27756,0,commons/St._Paul's_Cathedral_dome_(exterior)/0/pictures/View_of_St._Paul's_Cathedral_from_the_South_Bank_^3_-_geograph.org.uk_-_5146852.jpg
St._Paul's_Cathedral,27756,0,commons/St._Paul's_Cathedral/0/pictures/London_-_Millennium_Bridge_-_Jubilee_Walkway_-_Panorama_View_North_from_St_Paul's_Cathedral_to_the_Shard_07.jpg
St._Paul's_Cathedral,27756,0,commons/London_Millennium_Bridge_with_St_Paul's/0/pictures/City_of_London_-_St_Paul's_Cathedral_-_20210522202704.jpeg
St._Paul's_Cathedral,27756,0,commons/St._Paul's_Cathedral_in_2013/0/pictures/EH1358873_Footings_of_Destroyed_Cloister_and_Chapter_House_05.jpg
St._Paul's_Cathedral,27756,0,commons/North_facade_of_St._Paul's_Cathedral/0/pictures/St_Paul's_Cathedral_and_Church_London.jpg
St._Paul's_Cathedral,27756,0,commons/Exterior_of_St._Paul's_Cathedral/0/pictures/St_Pauls_cathedral_(2848318412).jpg
St._Paul's_Cathedral,27756,0,commons/St._Paul's_Cathedral/0/pictures/London_-_Millennium_Bridge_-_Jubilee_Walkway_-_Panorama_View_towards_St_Paul's_Cathedral_01.jpg
St._Paul's_Cathedral,27756,0,commons/London_Millennium_Bridge_with_St_Paul's/0/pictures/England_2008-01-19_(2280106232).jpg
St._Paul's_Cathedral,27756,0,commons/St._Paul's_Cathedral_in_2013/0/pictures/London_(10491119445).jpg
St._Paul's_Cathedral,27756,0,commons/North_facade_of_St._Paul's_Cathedral/0/pictures/St._Paul's_seen_from_Paternoster_Square_-_geograph.org.uk_-_53995.jpg
St._Paul's_Cathedral,27756,0,commons/Exterior_of_St._Paul's_Cathedral/0/pictures/St_Pauls_Cathedral_at_an_angle..jpg
St._Paul's_Cathedral,27756,0,commons/St._Paul's_Cathedral/0/pictures/London_-_Millennium_Bridge_-_Jubilee_Walkway_-_Panorama_View_towards_St_Paul's_Cathedral_02.jpg
St._Paul's_Cathedral,27756,0,commons/London_Millennium_Bridge_with_St_Paul's/0/pictures/Crowded_Millennium_Bridge_(16832734241).jpg
St._Paul's_Cathedral,27756,0,"commons/North_facade_of_St._Paul's_Cathedral/0/pictures/St._Paul's,_London._-_geograph.org.uk_-_37317.jpg"
St._Paul's_Cathedral,27756,0,commons/Exterior_of_St._Paul's_Cathedral/0/pictures/St_Pauls_dome.jpg
St._Paul's_Cathedral,27756,0,commons/St._Paul's_Cathedral_dome_(exterior)/0/pictures/View_of_St._Paul's_Cathedral_from_the_roof_of_One_New_Change_shopping_centre_-_geograph.org.uk_-_4675390.jpg
St._Paul's_Cathedral,27756,0,commons/St._Paul's_Cathedral/0/pictures/London_-_Millennium_Bridge_-_Jubilee_Walkway_-_Panorama_View_towards_St_Paul's_Cathedral_03.jpg
St._Paul's_Cathedral,27756,0,commons/London_Millennium_Bridge_with_St_Paul's/0/pictures/DCS_0844_(3947390315).jpg
St._Paul's_Cathedral,27756,0,commons/St._Paul's_Cathedral_in_2013/0/pictures/EH1358896_Chapter_House_of_St_Paul's_Cathedral_01.jpg
St._Paul's_Cathedral,27756,0,"commons/North_facade_of_St._Paul's_Cathedral/0/pictures/St_Paul's_Cathedral,_London,_UK_(2014)_-_12.JPG"
St._Paul's_Cathedral,27756,0,commons/Exterior_of_St._Paul's_Cathedral/0/pictures/St_Pauls_Cathedral._Viewing_the_dome..jpg
St._Paul's_Cathedral,27756,0,commons/St._Paul's_Cathedral_dome_(exterior)/0/pictures/View_of_St._Paul's_Cathedral_from_the_roof_of_One_New_Change_shopping_centre_^2_-_geograph.org.uk_-_4675543.jpg
St._Paul's_Cathedral,27756,0,commons/St._Paul's_Cathedral/0/pictures/London_-_New_Change_-_One_New_Change_2010_by_Jean_Nouvel_-_Panorama_View_from_the_Shard_London_Bridge_(310_m)_2012_by_Renzo_Piano_to_St_Paul's_Cathedral_1697_by_Sir_Christopher_Wren_01.jpg
St._Paul's_Cathedral,27756,0,commons/London_Millennium_Bridge_with_St_Paul's/0/pictures/Fullers_on_the_Thames_-_geograph.org.uk_-_3294805.jpg
St._Paul's_Cathedral,27756,0,"commons/North_facade_of_St._Paul's_Cathedral/0/pictures/St_Paul's_Cathedral,_London,_UK_(2014)_-_13.JPG"
St._Paul's_Cathedral,27756,0,commons/Exterior_of_St._Paul's_Cathedral/0/pictures/St_Pauls_and_The_eye_leo_london.jpg
St._Paul's_Cathedral,27756,0,commons/St._Paul's_Cathedral_dome_(exterior)/0/pictures/View_of_St._Paul's_Cathedral_from_the_garden_at_the_top_of_Watling_Street_^2_-_geograph.org.uk_-_4675569.jpg
St._Paul's_Cathedral,27756,0,commons/St._Paul's_Cathedral/0/pictures/London_-_New_Change_-_One_New_Change_2010_by_Jean_Nouvel_-_Panorama_View_from_the_Shard_London_Bridge_(310_m)_2012_by_Renzo_Piano_to_St_Paul's_Cathedral_1697_by_Sir_Christopher_Wren_02.jpg
St._Paul's_Cathedral,27756,0,commons/London_Millennium_Bridge_with_St_Paul's/0/pictures/Dark_Wet_Days_-_panoramio.jpg
St._Paul's_Cathedral,27756,0,"commons/North_facade_of_St._Paul's_Cathedral/0/pictures/London_,_Southwark_-_St_Paul's_Cathedral_-_geograph.org.uk_-_4449958.jpg"
St._Paul's_Cathedral,27756,0,commons/Exterior_of_St._Paul's_Cathedral/0/pictures/St_Pauls_Cathedral_(2853436937).jpg
St._Paul's_Cathedral,27756,0,commons/St._Paul's_Cathedral_dome_(exterior)/0/pictures/View_of_St._Paul's_Cathedral_from_the_roof_of_One_New_Change_shopping_centre_^3_-_geograph.org.uk_-_5123946.jpg
St._Paul's_Cathedral,27756,0,commons/North_facade_of_St._Paul's_Cathedral/0/pictures/St_Paul's_Cathedral_-_geograph.org.uk_-_4235144.jpg
St._Paul's_Cathedral,27756,0,commons/Exterior_of_St._Paul's_Cathedral/0/pictures/St_Pauls_flowers_(13414204863).jpg
St._Paul's_Cathedral,27756,0,commons/St._Paul's_Cathedral_dome_(exterior)/0/pictures/View_of_St._Paul's_Cathedral_from_the_garden_at_the_top_of_Watling_Street_-_geograph.org.uk_-_4675365.jpg
St._Paul's_Cathedral,27756,0,commons/St._Paul's_Cathedral/0/pictures/London_-_New_Change_-_One_New_Change_2010_by_Jean_Nouvel_-_Panorama_View_from_the_Shard_London_Bridge_(310_m)_2012_by_Renzo_Piano_to_St_Paul's_Cathedral_1697_by_Sir_Christopher_Wren_04.jpg
St._Paul's_Cathedral,27756,0,commons/London_Millennium_Bridge_with_St_Paul's/0/pictures/Journey_to_St_Paul's_Cathedral.jpg
St._Paul's_Cathedral,27756,0,commons/St._Paul's_Cathedral_in_2013/0/pictures/London_Birds.png
St._Paul's_Cathedral,27756,0,commons/North_facade_of_St._Paul's_Cathedral/0/pictures/View_of_St._Paul's_Cathedral_from_Cheapside_-_geograph.org.uk_-_5123981.jpg
St._Paul's_Cathedral,27756,0,commons/Exterior_of_St._Paul's_Cathedral/0/pictures/St_paul_-_panoramio.jpg
St._Paul's_Cathedral,27756,0,commons/St._Paul's_Cathedral/0/pictures/London_-_New_Change_-_One_New_Change_2010_by_Jean_Nouvel_-_Panorama_View_from_the_Shard_London_Bridge_(310_m)_2012_by_Renzo_Piano_to_St_Paul's_Cathedral_1697_by_Sir_Christopher_Wren_05.jpg
St._Paul's_Cathedral,27756,0,commons/London_Millennium_Bridge_with_St_Paul's/0/pictures/LMBP0033.JPG
St._Paul's_Cathedral,27756,0,commons/St._Paul's_Cathedral_in_2013/0/pictures/London_-_Domes_of_Saint_Paul’s_Cathedral_-_panoramio_(2).jpg
St._Paul's_Cathedral,27756,0,commons/North_facade_of_St._Paul's_Cathedral/0/pictures/St_Paul_S_Cathedral_From_The_North_(87570635).jpeg
St._Paul's_Cathedral,27756,0,commons/Exterior_of_St._Paul's_Cathedral/0/pictures/St_Pauls_Down_the_Street_(27682298221).jpg
St._Paul's_Cathedral,27756,0,commons/St._Paul's_Cathedral/0/pictures/London_-_New_Change_-_One_New_Change_2010_by_Jean_Nouvel_-_View_West_on_St_Paul's_Cathedral_1697_by_Sir_Christopher_Wren_III.jpg
St._Paul's_Cathedral,27756,0,commons/London_Millennium_Bridge_with_St_Paul's/0/pictures/Flickr_-_Duncan~_-_Red_Umbrella.jpg
St._Paul's_Cathedral,27756,0,commons/Exterior_of_St._Paul's_Cathedral/0/pictures/St._Paul_cathedral_(2931885097).jpg
St._Paul's_Cathedral,27756,0,commons/St._Paul's_Cathedral_dome_(exterior)/0/pictures/View_of_the_spire_of_St._Paul's_Cathedral_peeking_above_the_trees_on_Newgate_Street_^2_-_geograph.org.uk_-_4018321.jpg
St._Paul's_Cathedral,27756,0,commons/St._Paul's_Cathedral/0/pictures/London_-_Paternoster_Square_-_Panorama_View_-_St_Paul's_Cathedral_-_Paternoster_Square_Column_(ventilation_shaft)_2003_by_Richard_Parry_01.jpg
St._Paul's_Cathedral,27756,0,commons/London_Millennium_Bridge_with_St_Paul's/0/pictures/LONDON_2010_Millenium_bridge_and_St_Paul's_Cathedral_-_panoramio_(1).jpg
St._Paul's_Cathedral,27756,0,commons/Exterior_of_St._Paul's_Cathedral/0/pictures/St-pauls-cathedral-2015.jpg
St._Paul's_Cathedral,27756,0,commons/St._Paul's_Cathedral/0/pictures/London_-_New_Change_-_One_New_Change_2010_by_Jean_Nouvel_-_View_West_towards_St_Paul's_Cathedral.jpg
St._Paul's_Cathedral,27756,0,commons/London_Millennium_Bridge_with_St_Paul's/0/pictures/London_(10491119445).jpg
St._Paul's_Cathedral,27756,0,commons/Exterior_of_St._Paul's_Cathedral/0/pictures/St._Paul_Londoneko_Katedralea_-_panoramio.jpg
St._Paul's_Cathedral,27756,0,commons/St._Paul's_Cathedral/0/pictures/London_-_Paternoster_Square_-_Panorama_View_-_St_Paul's_Cathedral_-_Paternoster_Square_Column_(ventilation_shaft)_2003_by_Richard_Parry_02.jpg
St._Paul's_Cathedral,27756,0,commons/London_Millennium_Bridge_with_St_Paul's/0/pictures/LONDON_2010_Millenium_bridge_and_St_Paul's_Cathedral_-_panoramio.jpg
St._Paul's_Cathedral,27756,0,commons/St._Paul's_Cathedral_in_2013/0/pictures/London_-_Domes_of_Saint_Paul’s_Cathedral_-_panoramio.jpg
St._Paul's_Cathedral,27756,0,commons/Exterior_of_St._Paul's_Cathedral/0/pictures/St._Paul_scenic.jpg
St._Paul's_Cathedral,27756,0,commons/St._Paul's_Cathedral/0/pictures/London_-_Paternoster_Square_-_Panorama_View_-_St_Paul's_Cathedral_-_Paternoster_Square_Column_(ventilation_shaft)_2003_by_Richard_Parry_04.jpg
St._Paul's_Cathedral,27756,0,commons/London_Millennium_Bridge_with_St_Paul's/0/pictures/London_(16641236047).jpg
St._Paul's_Cathedral,27756,0,commons/St._Paul's_Cathedral_in_2013/0/pictures/London_MMB_«I9_St._Paul's_Cathedral_and_Blackfriars_station.jpg
St._Paul's_Cathedral,27756,0,"commons/Exterior_of_St._Paul's_Cathedral/0/pictures/St_Pauls,_London_(11588846515).jpg"
St._Paul's_Cathedral,27756,0,"commons/St._Paul's_Cathedral_dome_(exterior)/0/pictures/Wikimania_2014,_London,_DSC_5791.jpg"
St._Paul's_Cathedral,27756,0,commons/St._Paul's_Cathedral/0/pictures/London_-_Paternoster_Square_-_Panorama_View_-_St_Paul's_Cathedral_-_Paternoster_Square_Column_(ventilation_shaft)_2003_by_Richard_Parry_05.jpg
St._Paul's_Cathedral,27756,0,commons/London_Millennium_Bridge_with_St_Paul's/0/pictures/London_(16619507487).jpg
St._Paul's_Cathedral,27756,0,commons/St._Paul's_Cathedral_in_2013/0/pictures/Millennium_Bridge_London_(224473803).jpeg
St._Paul's_Cathedral,27756,0,commons/Exterior_of_St._Paul's_Cathedral/0/pictures/St._Paul's_Cathedral_(5986816587).jpg
St._Paul's_Cathedral,27756,0,commons/St._Paul's_Cathedral/0/pictures/London_-_New_Change_-_One_New_Change_2010_by_Jean_Nouvel_-_View_West_from_the_Elevator_on_St_Paul's_Cathedral_1697_by_Sir_Christopher_Wren.jpg
St._Paul's_Cathedral,27756,0,commons/London_Millennium_Bridge_with_St_Paul's/0/pictures/London_(10893950726).jpg
St._Paul's_Cathedral,27756,0,commons/St._Paul's_Cathedral_in_2013/0/pictures/London_uponThames_fc04.jpg
St._Paul's_Cathedral,27756,0,commons/Exterior_of_St._Paul's_Cathedral/0/pictures/St._Paul's_Cathedral_(5987375970).jpg
St._Paul's_Cathedral,27756,0,commons/St._Paul's_Cathedral/0/pictures/London_-_Paternoster_Square_-_Panorama_View_-_St_Paul's_Cathedral_-_Paternoster_Square_Column_(ventilation_shaft)_2003_by_Richard_Parry_06.jpg
St._Paul's_Cathedral,27756,0,commons/London_Millennium_Bridge_with_St_Paul's/0/pictures/London_(30104823255).jpg
St._Paul's_Cathedral,27756,0,commons/Exterior_of_St._Paul's_Cathedral/0/pictures/St._Paul's_Cathedra;.jpg
St._Paul's_Cathedral,27756,0,commons/St._Paul's_Cathedral/0/pictures/London_-_New_Change_-_One_New_Change_2010_by_Jean_Nouvel_-_View_West_on_St_Paul's_Cathedral_1697_by_Sir_Christopher_Wren_II.jpg
St._Paul's_Cathedral,27756,0,commons/London_Millennium_Bridge_with_St_Paul's/0/pictures/London_(12716143275).jpg
St._Paul's_Cathedral,27756,0,commons/St._Paul's_Cathedral_in_2013/0/pictures/St_Paul_and_Millennium_Bridge.JPG
St._Paul's_Cathedral,27756,0,commons/Exterior_of_St._Paul's_Cathedral/0/pictures/St._Paul's_Cathedral_(5986816641).jpg
St._Paul's_Cathedral,27756,0,commons/St._Paul's_Cathedral/0/pictures/London_-_Paternoster_Square_-_Panorama_View_-_St_Paul's_Cathedral_-_Paternoster_Square_Column_(ventilation_shaft)_2003_by_Richard_Parry_07.jpg
St._Paul's_Cathedral,27756,0,commons/London_Millennium_Bridge_with_St_Paul's/0/pictures/London_(30105215025).jpg
St._Paul's_Cathedral,27756,0,commons/St._Paul's_Cathedral_in_2013/0/pictures/St_Paul_(54387752).jpeg
St._Paul's_Cathedral,27756,0,commons/Exterior_of_St._Paul's_Cathedral/0/pictures/St._Paul's_Cathedral_-_geograph.org.uk_-_1287390.jpg
St._Paul's_Cathedral,27756,0,commons/St._Paul's_Cathedral/0/pictures/London_-_Paternoster_Square_-_Temple_Bar_1672_Sir_Christopher_Wren_-_View_SE_on_St_Paul's_Cathedral.jpg
St._Paul's_Cathedral,27756,0,commons/London_Millennium_Bridge_with_St_Paul's/0/pictures/London_(26407650848).jpg
St._Paul's_Cathedral,27756,0,commons/Exterior_of_St._Paul's_Cathedral/0/pictures/St._Paul's_Cathedral_-_geograph.org.uk_-_1287381.jpg
St._Paul's_Cathedral,27756,0,commons/St._Paul's_Cathedral/0/pictures/London_-_Paternoster_Square_-_View_SSE_on_'Shepherd_and_Sheep'_1975_by_Dame_Elisabeth_Jean_Frink_02.jpg
St._Paul's_Cathedral,27756,0,commons/London_Millennium_Bridge_with_St_Paul's/0/pictures/London_(25371286787).jpg
St._Paul's_Cathedral,27756,0,commons/St._Paul's_Cathedral_in_2013/0/pictures/St_Paul's_Cathedral_(10132623455).jpg
St._Paul's_Cathedral,27756,0,commons/Exterior_of_St._Paul's_Cathedral/0/pictures/St._Paul's_-_panoramio_(1).jpg
St._Paul's_Cathedral,27756,0,commons/St._Paul's_Cathedral/0/pictures/London_-_Peter's_Hill_-_Carter_Lane_-_National_Firefighters_Memorial_'Blitz'_1990_by_John_William_Mills_-_View_North.jpg
St._Paul's_Cathedral,27756,0,"commons/London_Millennium_Bridge_with_St_Paul's/0/pictures/London_,_Southwark_-_St_Paul's_Cathedral_^_Millennium_Bridge_-_geograph.org.uk_-_4439033.jpg"
St._Paul's_Cathedral,27756,0,commons/Exterior_of_St._Paul's_Cathedral/0/pictures/St._Paul's_Cathedral_15_January_2023.jpg
St._Paul's_Cathedral,27756,0,commons/St._Paul's_Cathedral/0/pictures/London_-_Peter's_Hill_-_View_North_towards_St_Paul's_Cathedral_III.jpg
St._Paul's_Cathedral,27756,0,"commons/London_Millennium_Bridge_with_St_Paul's/0/pictures/London_,_The_City_-_Millennium_Bridge_^_St_Paul's_-_geograph.org.uk_-_2055795.jpg"
St._Paul's_Cathedral,27756,0,commons/St._Paul's_Cathedral_in_2013/0/pictures/St_Paul's_Cathedral's_dome_at_night.JPG
St._Paul's_Cathedral,27756,0,commons/Exterior_of_St._Paul's_Cathedral/0/pictures/St._Paul's_Cathedral_(29711825985).jpg
St._Paul's_Cathedral,27756,0,commons/St._Paul's_Cathedral/0/pictures/London_-_Peter's_Hill_-_View_North_towards_St_Paul's_Cathedral.jpg
St._Paul's_Cathedral,27756,0,commons/London_Millennium_Bridge_with_St_Paul's/0/pictures/London_-_April_2009_(3496248703).jpg
St._Paul's_Cathedral,27756,0,commons/St._Paul's_Cathedral_in_2013/0/pictures/St_Paul's_Cathedral_by_night.JPG
St._Paul's_Cathedral,27756,0,commons/Exterior_of_St._Paul's_Cathedral/0/pictures/St._Paul's_Cathedral_from_Cannon_Street_-_geograph.org.uk_-_525139.jpg
St._Paul's_Cathedral,27756,0,commons/St._Paul's_Cathedral/0/pictures/London_-_Paternoster_Square_-_View_SSW_towards_St_Paul's_Cathedral.jpg
St._Paul's_Cathedral,27756,0,commons/London_Millennium_Bridge_with_St_Paul's/0/pictures/London_-_Millennium_Bridge_&_Saint_Paul_Cathedral.jpg
St._Paul's_Cathedral,27756,0,commons/St._Paul's_Cathedral_in_2013/0/pictures/St_Paul's_Cathedral_Front_View.jpg
St._Paul's_Cathedral,27756,0,commons/Exterior_of_St._Paul's_Cathedral/0/pictures/St._Paul's_Cathedral_(5987376310).jpg
St._Paul's_Cathedral,27756,0,commons/St._Paul's_Cathedral/0/pictures/London_-_St_Paul's_Cathedral_1697_by_Sir_Christopher_Wren_-_View_East_&_Up_into_the_Portico_at_the_Central_Front_Door.jpg
St._Paul's_Cathedral,27756,0,commons/London_Millennium_Bridge_with_St_Paul's/0/pictures/London_-_Bankside_-_Jubilee_Walkway_-_Panorama_View_on_St_Paul's_Cathedral_&_Millennium_Bridge_06.jpg
St._Paul's_Cathedral,27756,0,commons/St._Paul's_Cathedral_in_2013/0/pictures/St_Paul's_Cathedral_&_Queen_Anne's_Monument_(2013).JPG
St._Paul's_Cathedral,27756,0,commons/Exterior_of_St._Paul's_Cathedral/0/pictures/St._Paul's_Cathedral_and_Nice_Sky.jpg
St._Paul's_Cathedral,27756,0,commons/St._Paul's_Cathedral/0/pictures/London_-_Peter's_Hill_-_National_Firefighters_Memorial_'Blitz'_1990_by_John_William_Mills_-_View_North.jpg
St._Paul's_Cathedral,27756,0,commons/London_Millennium_Bridge_with_St_Paul's/0/pictures/London_-_Bankside_-_Jubilee_Walkway_-_View_NNE_on_St_Paul's_Cathedral_&_Millennium_Bridge.jpg
St._Paul's_Cathedral,27756,0,commons/Exterior_of_St._Paul's_Cathedral/0/pictures/St._Paul's_Cathedral_and_Nice_Cloud.jpg
St._Paul's_Cathedral,27756,0,commons/St._Paul's_Cathedral/0/pictures/London_-_Paternoster_Steps_-_ICE_Fisheye.jpg
St._Paul's_Cathedral,27756,0,commons/London_Millennium_Bridge_with_St_Paul's/0/pictures/London_-_Bankside_Millennium_Bridge.jpg
St._Paul's_Cathedral,27756,0,"commons/St._Paul's_Cathedral_in_2013/0/pictures/St._Paul's_Cathedral,_23_June_2013_-_panoramio_(1524).jpg"
St._Paul's_Cathedral,27756,0,"commons/Exterior_of_St._Paul's_Cathedral/0/pictures/St._Paul's_Cathedral_in_Londen,_RP-F-F16353.jpg"
St._Paul's_Cathedral,27756,0,commons/London_Millennium_Bridge_with_St_Paul's/0/pictures/London_-_Millennium_Bridge_(46662716954).jpg
St._Paul's_Cathedral,27756,0,"commons/Exterior_of_St._Paul's_Cathedral/0/pictures/St._Paul's_Cathedral_in_Londen_St._Paul's_Cathedral_(titel_op_object),_RP-F-F16352.jpg"
St._Paul's_Cathedral,27756,0,commons/St._Paul's_Cathedral/0/pictures/London_-_Peter's_Hill_-_View_North_towards_St_Paul's_Cathedral_IV.jpg
St._Paul's_Cathedral,27756,0,commons/London_Millennium_Bridge_with_St_Paul's/0/pictures/London_-_Millennium_Bridge_(47386023311).jpg
St._Paul's_Cathedral,27756,0,"commons/St._Paul's_Cathedral_in_2013/0/pictures/St_Paul's_cathedral_london,_Ludgate_Hill,_City_of_London,_London,_England,_UK_-_panoramio.jpg"
St._Paul's_Cathedral,27756,0,commons/Exterior_of_St._Paul's_Cathedral/0/pictures/St._Paul's_Cathedral_on_a_cloudy_day_(Unsplash).jpg
St._Paul's_Cathedral,27756,0,"commons/Exterior_of_St._Paul's_Cathedral/0/pictures/St._Paul's_Cathedral_in_Londen,_RP-F-1997-101.jpg"
St._Paul's_Cathedral,27756,0,"commons/St._Paul's_Cathedral/0/pictures/London_-_St_Paul's_Cathedral_1697_by_Sir_Christopher_Wren_-Panorama_Viewing_Down,_West_&_Up_at_the_Central_Front_Door_04.jpg"
St._Paul's_Cathedral,27756,0,commons/London_Millennium_Bridge_with_St_Paul's/0/pictures/London_-_Millennium_Bridge_-_Jubilee_Walkway_-_View_North_towards_St_Paul's_Cathedral_02.jpg
St._Paul's_Cathedral,27756,0,commons/St._Paul's_Cathedral_in_2015/0/pictures/Cathedral_of_st._Paul.JPG
St._Paul's_Cathedral,27756,0,"commons/Exterior_of_St._Paul's_Cathedral/0/pictures/St._Paul's_Cathedral,_Londen_St_Paul's_London_(titel_op_object),_RP-F-F16354.jpg"
St._Paul's_Cathedral,27756,0,"commons/St._Paul's_Cathedral/0/pictures/London_-_St_Paul's_Cathedral_1697_by_Sir_Christopher_Wren_-_View_West_towards_Anne_of_Great_Britain_statue,_St_Paul's.jpg"
St._Paul's_Cathedral,27756,0,commons/London_Millennium_Bridge_with_St_Paul's/0/pictures/London_1044_05.jpg
St._Paul's_Cathedral,27756,0,"commons/Exterior_of_St._Paul's_Cathedral/0/pictures/St._Paul's_Cathedral_in_Londen,_RP-F-F16355.jpg"
St._Paul's_Cathedral,27756,0,commons/St._Paul's_Cathedral/0/pictures/London_-_St_Paul's_Cathedral_1697_by_Sir_Christopher_Wren_-_View_South_along_the_Corinthian_Columns_at_the_Front.jpg
St._Paul's_Cathedral,27756,0,commons/London_Millennium_Bridge_with_St_Paul's/0/pictures/London_0049.JPG
St._Paul's_Cathedral,27756,0,commons/St._Paul's_Cathedral_in_2013/0/pictures/St._Pauls_Cathedral_(10125452815).jpg
St._Paul's_Cathedral,27756,0,commons/Exterior_of_St._Paul's_Cathedral/0/pictures/St._Paul's_from_the_southeast_-_geograph.org.uk_-_1499871.jpg
St._Paul's_Cathedral,27756,0,commons/London_Millennium_Bridge_with_St_Paul's/0/pictures/London_Calling_(22744709).jpeg
St._Paul's_Cathedral,27756,0,"commons/Exterior_of_St._Paul's_Cathedral/0/pictures/St._Paul's_Cathedral,_Londen,_Engeland,_RP-F-00-6306.jpg"
St._Paul's_Cathedral,27756,0,"commons/St._Paul's_Cathedral/0/pictures/London_-_St_Paul's_Cathedral_1697_by_Sir_Christopher_Wren_-Panorama_Viewing_Down,_West_&_Up_at_the_Central_Front_Door_06.jpg"
St._Paul's_Cathedral,27756,0,commons/London_Millennium_Bridge_with_St_Paul's/0/pictures/London_City_Scape_-_panoramio.jpg
St._Paul's_Cathedral,27756,0,commons/St._Paul's_Cathedral_in_2013/0/pictures/Собор_Святого_Павла_(Лондон).jpg
St._Paul's_Cathedral,27756,0,"commons/Exterior_of_St._Paul's_Cathedral/0/pictures/St._Paul's,_London._-_geograph.org.uk_-_37316.jpg"
St._Paul's_Cathedral,27756,0,"commons/St._Paul's_Cathedral/0/pictures/London_-_St_Paul's_Cathedral_1697_by_Sir_Christopher_Wren_-Panorama_Viewing_Down,_West_&_Up_at_the_Central_Front_Door_07.jpg"
St._Paul's_Cathedral,27756,0,"commons/London_Millennium_Bridge_with_St_Paul's/0/pictures/London_Cityscape_,_On_The_Millennium_Bridge_-_geograph.org.uk_-_4194301.jpg"
St._Paul's_Cathedral,27756,0,commons/St._Paul's_Cathedral_in_2013/0/pictures/St.Pauls-2_-_panoramio.jpg
St._Paul's_Cathedral,27756,0,"commons/Exterior_of_St._Paul's_Cathedral/0/pictures/St._Paul's,_London._-_geograph.org.uk_-_37322.jpg"
St._Paul's_Cathedral,27756,0,"commons/St._Paul's_Cathedral/0/pictures/London_-_St_Paul's_Cathedral_1697_by_Sir_Christopher_Wren_-Panorama_Viewing_Down,_West_&_Up_at_the_Central_Front_Door_02.jpg"
St._Paul's_Cathedral,27756,0,commons/London_Millennium_Bridge_with_St_Paul's/0/pictures/London_-_Millennium_Bridge_-_View_North_through_Peter's_Hill_towards_St_Paul's_Cathedral.jpg
St._Paul's_Cathedral,27756,0,commons/St._Paul's_Cathedral_in_2015/0/pictures/London_Millenium_Bridge_Tate_Modern_Museum_Saint_Paul's_Cathedral_Tamise_River_Night_Explore_Image_Picture_Long_pose_(16484823825).jpg
St._Paul's_Cathedral,27756,0,commons/Exterior_of_St._Paul's_Cathedral/0/pictures/St._Paul's_Cathedral0241.JPG
St._Paul's_Cathedral,27756,0,"commons/St._Paul's_Cathedral/0/pictures/London_-_St_Paul's_Cathedral_1697_by_Sir_Christopher_Wren_-Panorama_Viewing_Down,_West_&_Up_at_the_Central_Front_Door_01.jpg"
St._Paul's_Cathedral,27756,0,commons/London_Millennium_Bridge_with_St_Paul's/0/pictures/London_-_View_on_The_City_from_Tate_Modern_-_St._Paul's_Cathedral.jpg
St._Paul's_Cathedral,27756,0,commons/St._Paul's_Cathedral_in_2015/0/pictures/Londres_-_panoramio_(6).jpg
St._Paul's_Cathedral,27756,0,commons/Exterior_of_St._Paul's_Cathedral/0/pictures/St._Pauls_Cathedral_(5341715312).jpg
St._Paul's_Cathedral,27756,0,"commons/St._Paul's_Cathedral/0/pictures/London_-_St_Paul's_Cathedral_1697_by_Sir_Christopher_Wren_-Panorama_Viewing_Down,_West_&_Up_at_the_Central_Front_Door_09.jpg"
St._Paul's_Cathedral,27756,0,commons/London_Millennium_Bridge_with_St_Paul's/0/pictures/London_1044_07.jpg
St._Paul's_Cathedral,27756,0,"commons/St._Paul's_Cathedral_in_2015/0/pictures/London,_UK_-_panoramio_(522).jpg"
St._Paul's_Cathedral,27756,0,commons/Exterior_of_St._Paul's_Cathedral/0/pictures/St._Paul`s_Cathedral_(8081574243).jpg
St._Paul's_Cathedral,27756,0,commons/St._Paul's_Cathedral/0/pictures/London_-_St_Paul's_Churchyard_-_View_East_on_Queen_Anne_Statue_1712_(copy_of_1886)_by_Francis_Bird.jpg
St._Paul's_Cathedral,27756,0,commons/London_Millennium_Bridge_with_St_Paul's/0/pictures/London_MBridgeUnder_By_DanBUK.jpg
St._Paul's_Cathedral,27756,0,commons/St._Paul's_Cathedral_in_2015/0/pictures/Millennium_Bridge_(29093002600).jpg
St._Paul's_Cathedral,27756,0,"commons/Exterior_of_St._Paul's_Cathedral/0/pictures/St._Paul's_Cathedral,_Londen_St_Paul's_Cathedral_(titel_op_object),_RP-F-F01855-B.jpg"
St._Paul's_Cathedral,27756,0,commons/St._Paul's_Cathedral/0/pictures/London_-_St._Paul's_Cathedral_-_Fisheye_ICE.jpg
St._Paul's_Cathedral,27756,0,commons/London_Millennium_Bridge_with_St_Paul's/0/pictures/London_IMG_9399_(31673762427).jpg
St._Paul's_Cathedral,27756,0,commons/St._Paul's_Cathedral_in_2015/0/pictures/Millennium_Bridge_2015.jpg
St._Paul's_Cathedral,27756,0,"commons/Exterior_of_St._Paul's_Cathedral/0/pictures/St._Paul's_Cathedral,_London_-_Flickr_-_Dimitry_B.jpg"
St._Paul's_Cathedral,27756,0,commons/St._Paul's_Cathedral/0/pictures/London_-_St_Paul's_Churchyard_-_Panorama_Viewing_East_&_Up_on_St_Paul's_Cathedral_1697_by_Sir_Christopher_Wren_01.jpg
St._Paul's_Cathedral,27756,0,commons/London_Millennium_Bridge_with_St_Paul's/0/pictures/London_Millennium_Bridge_St_Pauls.jpg
St._Paul's_Cathedral,27756,0,"commons/St._Paul's_Cathedral_in_2015/0/pictures/Millenium_Bridge_and_St._Pauls_Cathedral,_London_-_panoramio.jpg"
St._Paul's_Cathedral,27756,0,commons/Exterior_of_St._Paul's_Cathedral/0/pictures/St._Pauls_Cathedral_(1).jpg
St._Paul's_Cathedral,27756,0,commons/London_Millennium_Bridge_with_St_Paul's/0/pictures/London_Millennium_Bridge.jpg
St._Paul's_Cathedral,27756,0,commons/Exterior_of_St._Paul's_Cathedral/0/pictures/St._Pauls_cathedral.jpg
St._Paul's_Cathedral,27756,0,commons/St._Paul's_Cathedral/0/pictures/London_IMG_9394_(31673763307).jpg
St._Paul's_Cathedral,27756,0,commons/London_Millennium_Bridge_with_St_Paul's/0/pictures/London_Millennium_Bridge_(7757434770).jpg
St._Paul's_Cathedral,27756,0,commons/St._Paul's_Cathedral_in_2015/0/pictures/Millennium_Bridge_and_St_Pauls_Cathedral_(16192973684).jpg
St._Paul's_Cathedral,27756,0,commons/Exterior_of_St._Paul's_Cathedral/0/pictures/Stpaulscath.jpg
St._Paul's_Cathedral,27756,0,commons/St._Paul's_Cathedral/0/pictures/London_-_View_on_The_City_from_Tate_Modern_-_St._Paul's_Cathedral_-_ICE_Fisheye.jpg
St._Paul's_Cathedral,27756,0,commons/London_Millennium_Bridge_with_St_Paul's/0/pictures/London_Millennium_Bridge_with_St_Paul's_(7757429034).jpg
St._Paul's_Cathedral,27756,0,commons/Exterior_of_St._Paul's_Cathedral/0/pictures/StPauls.jpg
St._Paul's_Cathedral,27756,0,commons/London_Millennium_Bridge_with_St_Paul's/0/pictures/London_Millennium_Bridge_with_St_Paul's_(7757423812).jpg
St._Paul's_Cathedral,27756,0,commons/Exterior_of_St._Paul's_Cathedral/0/pictures/St._Paul’s_Cathedral_-_31.12.2009_-_panoramio.jpg
St._Paul's_Cathedral,27756,0,commons/St._Paul's_Cathedral/0/pictures/London_-_St._Paul's_Churchyard_-_Statue_of_St_Paul_1910_by_Bertram_Mackennal_-_St_Paul's_Cathedral.jpg
St._Paul's_Cathedral,27756,0,commons/London_Millennium_Bridge_with_St_Paul's/0/pictures/London_Millennium_Bridge_and_St_Paul's.jpg
St._Paul's_Cathedral,27756,0,commons/Exterior_of_St._Paul's_Cathedral/0/pictures/St._Paul´s_Cathedral.jpg
St._Paul's_Cathedral,27756,0,commons/St._Paul's_Cathedral/0/pictures/London_IMG_9396_(31673763047).jpg
St._Paul's_Cathedral,27756,0,commons/London_Millennium_Bridge_with_St_Paul's/0/pictures/London_Millennium_Bridge_with_St_Paul's_(7757422078).jpg
St._Paul's_Cathedral,27756,0,commons/St._Paul's_Cathedral_in_2015/0/pictures/Millennium_Bridge_in_London_(Unsplash).jpg
St._Paul's_Cathedral,27756,0,commons/Exterior_of_St._Paul's_Cathedral/0/pictures/St._paul's_cathedral.jpg
St._Paul's_Cathedral,27756,0,commons/St._Paul's_Cathedral/0/pictures/London_St_Paul's_7298.jpg
St._Paul's_Cathedral,27756,0,commons/London_Millennium_Bridge_with_St_Paul's/0/pictures/London_Millennium_Bridge_with_St_Paul's_(7757430862).jpg
St._Paul's_Cathedral,27756,0,"commons/St._Paul's_Cathedral_in_2015/0/pictures/Millennium_Bridge,_London,_Royaume-Uni_(Unsplash).jpg"
St._Paul's_Cathedral,27756,0,commons/Exterior_of_St._Paul's_Cathedral/0/pictures/St.Pauls_angles.jpg
St._Paul's_Cathedral,27756,0,commons/London_Millennium_Bridge_with_St_Paul's/0/pictures/London_Millennium_Bridge_from_Tate_Modern.JPG
St._Paul's_Cathedral,27756,0,"commons/St._Paul's_Cathedral_in_2015/0/pictures/City_of_London,_London,_UK_-_panoramio_(62).jpg"
St._Paul's_Cathedral,27756,0,commons/Exterior_of_St._Paul's_Cathedral/0/pictures/St.Paul_Cathedral_-_panoramio.jpg
St._Paul's_Cathedral,27756,0,commons/St._Paul's_Cathedral/0/pictures/London_-_St._Paul's_Churchyard_-_View_WSW_along_St_Paul's_Cathedral_1697_by_Sir_Christopher_Wren_-_Night_Watch_Memorial_for_the_volunteers_who_guarded_St_Paul_during_the_Blitz_1939-45.jpg
St._Paul's_Cathedral,27756,0,commons/London_Millennium_Bridge_with_St_Paul's/0/pictures/London_Millennium_Bridge2.jpg
St._Paul's_Cathedral,27756,0,commons/St._Paul's_Cathedral_in_2015/0/pictures/Millennium_Bridge_with_St._Paul's_Cathedral_(21000917708).jpg
St._Paul's_Cathedral,27756,0,commons/Exterior_of_St._Paul's_Cathedral/0/pictures/St.Pauls-2_-_panoramio.jpg
St._Paul's_Cathedral,27756,0,commons/London_Millennium_Bridge_with_St_Paul's/0/pictures/London_St_Pauls_Cathedral_with_Millennium_Bridge.jpg
St._Paul's_Cathedral,27756,0,commons/Exterior_of_St._Paul's_Cathedral/0/pictures/Temple_Bar_pedestrian_signage_St_Paul's_London.jpg
St._Paul's_Cathedral,27756,0,commons/London_Millennium_Bridge_with_St_Paul's/0/pictures/London_St_Pauls_Kuppel_Millenniumbrücke_201008.jpg
St._Paul's_Cathedral,27756,0,commons/St._Paul's_Cathedral_in_2015/0/pictures/St_Paul_Cathedral_(23282726741).jpg
St._Paul's_Cathedral,27756,0,"commons/Exterior_of_St._Paul's_Cathedral/0/pictures/Szent_Pál-székesegyház,_London.jpg"
St._Paul's_Cathedral,27756,0,commons/London_Millennium_Bridge_with_St_Paul's/0/pictures/London_Millennium_bridge_-_geograph.org.uk_-_2103369.jpg
St._Paul's_Cathedral,27756,0,"commons/St._Paul's_Cathedral_in_2015/0/pictures/St_Paul's_Cathedral,_London_(21973632545).jpg"
St._Paul's_Cathedral,27756,0,"commons/Exterior_of_St._Paul's_Cathedral/0/pictures/That's_St_Paul's,_Over_There_(12054982586).jpg"
St._Paul's_Cathedral,27756,0,commons/London_Millennium_Bridge_with_St_Paul's/0/pictures/London_Millennium_Footbridge_-_geograph.org.uk_-_2587188.jpg
St._Paul's_Cathedral,27756,0,commons/St._Paul's_Cathedral_in_2015/0/pictures/St._Paul's_Cathedral_(3).JPG
St._Paul's_Cathedral,27756,0,"commons/Exterior_of_St._Paul's_Cathedral/0/pictures/The_commanding_view_of_St_Paul's_Cathedral,_London._DSC_0178_-_(2).jpg"
St._Paul's_Cathedral,27756,0,commons/London_Millennium_Bridge_with_St_Paul's/0/pictures/London_Thames_Millennium_Bridge_2013.JPG
St._Paul's_Cathedral,27756,0,commons/St._Paul's_Cathedral_in_2015/0/pictures/St._Paul's_Cathedral_(4).JPG
St._Paul's_Cathedral,27756,0,commons/Exterior_of_St._Paul's_Cathedral/0/pictures/UK_-_London_(30159291853).jpg
St._Paul's_Cathedral,27756,0,commons/London_Millennium_Bridge_with_St_Paul's/0/pictures/London_from_Tate_Modern_-_panoramio.jpg
St._Paul's_Cathedral,27756,0,commons/St._Paul's_Cathedral_in_2015/0/pictures/St._Paul's_Cathedral_(8).JPG
St._Paul's_Cathedral,27756,0,"commons/Exterior_of_St._Paul's_Cathedral/0/pictures/VIEW_,_®'s_-_DigiGraf_-_Ð_-_┼_,_LONDON_ENGLAND_St._PAUL's_CATHEDRAL_-_panoramio_(1).jpg"
St._Paul's_Cathedral,27756,0,commons/St._Paul's_Cathedral_from_Ludgate_Hill/0/pictures/2006-03-04_-_United_Kingdom_-_England_-_London_-_St_Paul's_Cathedral_-_Religion_-_Black_and_White_4888745836.jpg
St._Paul's_Cathedral,27756,0,"commons/London_Millennium_Bridge_with_St_Paul's/0/pictures/London,_EC1_-_Millennium_Bridge_-_geograph.org.uk_-_3189052.jpg"
St._Paul's_Cathedral,27756,0,"commons/Exterior_of_St._Paul's_Cathedral/0/pictures/VIEW_,_®'s_-_DigiGraf_-_Ð_-_┼_,_LONDON_ENGLAND_St._PAUL's_CATHEDRAL_-_panoramio_(2).jpg"
St._Paul's_Cathedral,27756,0,commons/St._Paul's_Cathedral_from_Ludgate_Hill/0/pictures/Catedral_de_San_Pablo_-_panoramio.jpg
St._Paul's_Cathedral,27756,0,"commons/London_Millennium_Bridge_with_St_Paul's/0/pictures/London,_UK_-_panoramio_-_IIya_Kuzhekin_(6).jpg"
St._Paul's_Cathedral,27756,0,"commons/Exterior_of_St._Paul's_Cathedral/0/pictures/VIEW_,_®'s_-_DigiGraf_-_Ð_-_┼_,_LONDON_ENGLAND_St._PAUL's_CATHEDRAL_-_panoramio_(3).jpg"
St._Paul's_Cathedral,27756,0,"commons/St._Paul's_Cathedral_from_Ludgate_Hill/0/pictures/City_of_London,_London,_UK_-_panoramio_(45).jpg"
St._Paul's_Cathedral,27756,0,"commons/London_Millennium_Bridge_with_St_Paul's/0/pictures/London,_UK_-_panoramio_(26).jpg"
St._Paul's_Cathedral,27756,0,commons/St._Paul's_Cathedral_in_2015/0/pictures/View_from_the_Shard_(19697001064).jpg
St._Paul's_Cathedral,27756,0,"commons/Exterior_of_St._Paul's_Cathedral/0/pictures/Watling_Street,_London_-_geograph.org.uk_-_1286719.jpg"
St._Paul's_Cathedral,27756,0,"commons/St._Paul's_Cathedral_from_Ludgate_Hill/0/pictures/City_of_London,_London,_UK_-_panoramio_(55).jpg"
St._Paul's_Cathedral,27756,0,"commons/London_Millennium_Bridge_with_St_Paul's/0/pictures/London,_UK_-_panoramio_(27).jpg"
St._Paul's_Cathedral,27756,0,commons/St._Paul's_Cathedral_in_2015/0/pictures/St._Paul's_Cathedral_(6).JPG
St._Paul's_Cathedral,27756,0,commons/Exterior_of_St._Paul's_Cathedral/0/pictures/View_of_St._Paul's_Cathedral_from_the_Thames_Beach_^2_-_geograph.org.uk_-_4050165.jpg
St._Paul's_Cathedral,27756,0,"commons/St._Paul's_Cathedral_from_Ludgate_Hill/0/pictures/City_of_London,_London,_UK_-_panoramio_(50).jpg"
St._Paul's_Cathedral,27756,0,"commons/London_Millennium_Bridge_with_St_Paul's/0/pictures/London,_UK_-_panoramio_(28).jpg"
St._Paul's_Cathedral,27756,0,commons/St._Paul's_Cathedral_in_2016/0/pictures/Couples_by_St_Pauls_(27722607346).jpg
St._Paul's_Cathedral,27756,0,"commons/Exterior_of_St._Paul's_Cathedral/0/pictures/VIEW_,_®'s_-_DigiGraf_-_Ð_-_┼_,_LONDON_ENGLAND_St._PAUL's_CATHEDRAL_-_panoramio_(4).jpg"
St._Paul's_Cathedral,27756,0,commons/St._Paul's_Cathedral_from_Ludgate_Hill/0/pictures/EH1079157_St_Paul's_Cathedral_21.jpg
St._Paul's_Cathedral,27756,0,"commons/London_Millennium_Bridge_with_St_Paul's/0/pictures/London,_UK_-_panoramio_(522).jpg"
St._Paul's_Cathedral,27756,0,commons/Exterior_of_St._Paul's_Cathedral/0/pictures/View_of_St._Paul's_Cathedral_from_the_Thames_Beach_^3_-_geograph.org.uk_-_4050176.jpg
St._Paul's_Cathedral,27756,0,commons/St._Paul's_Cathedral_from_Ludgate_Hill/0/pictures/008SFEC_ST.PAULS_CATHEDRAL-200705.JPG
St._Paul's_Cathedral,27756,0,"commons/London_Millennium_Bridge_with_St_Paul's/0/pictures/London,_UK_-_panoramio_-_IIya_Kuzhekin_(72).jpg"
St._Paul's_Cathedral,27756,0,commons/St._Paul's_Cathedral_in_2016/0/pictures/Bread_Street_EC4_(27115626826).jpg
St._Paul's_Cathedral,27756,0,"commons/Exterior_of_St._Paul's_Cathedral/0/pictures/Wenlock,_Olympic_Mascot_-_St_Paul's_cathedral_-_geograph.org.uk_-_3087717.jpg"
St._Paul's_Cathedral,27756,0,commons/St._Paul's_Cathedral_from_Ludgate_Hill/0/pictures/Looking_eastwards_along_Ludgate_Hill_-_geograph.org.uk_-_894198.jpg
St._Paul's_Cathedral,27756,0,commons/Exterior_of_St._Paul's_Cathedral/0/pictures/UK_-_London_(30212991600).jpg
St._Paul's_Cathedral,27756,0,commons/St._Paul's_Cathedral_from_Ludgate_Hill/0/pictures/London_2396.JPG
St._Paul's_Cathedral,27756,0,commons/London_Millennium_Bridge_with_St_Paul's/0/pictures/Londres_361..jpg
St._Paul's_Cathedral,27756,0,commons/St._Paul's_Cathedral_in_2016/0/pictures/Cathedrale_St_Paul.jpg
St._Paul's_Cathedral,27756,0,"commons/Exterior_of_St._Paul's_Cathedral/0/pictures/Zonder_titel_PK-F-MM.1160,_PK-F-MM.1159.jpg"
St._Paul's_Cathedral,27756,0,commons/St._Paul's_Cathedral_from_Ludgate_Hill/0/pictures/London_2400.JPG
St._Paul's_Cathedral,27756,0,commons/London_Millennium_Bridge_with_St_Paul's/0/pictures/Londres_362..jpg
St._Paul's_Cathedral,27756,0,commons/St._Paul's_Cathedral_in_2016/0/pictures/St_Paul_Cathedral_-_Thames_Night_Long_Exposure_01.jpg
St._Paul's_Cathedral,27756,0,"commons/Exterior_of_St._Paul's_Cathedral/0/pictures/Wall_fountain_at_Festival_Gardens,_London_DSC5451_-_panoramio.jpg"
St._Paul's_Cathedral,27756,0,commons/St._Paul's_Cathedral_from_Ludgate_Hill/0/pictures/London_2399.JPG
St._Paul's_Cathedral,27756,0,commons/London_Millennium_Bridge_with_St_Paul's/0/pictures/Looking_northwards_from_Millennium_Footbridge_-_geograph.org.uk_-_908707.jpg
St._Paul's_Cathedral,27756,0,commons/St._Paul's_Cathedral_in_2016/0/pictures/St_Paul_Cathedral_-_Thames_Night_Long_Exposure_02.jpg
St._Paul's_Cathedral,27756,0,commons/Exterior_of_St._Paul's_Cathedral/0/pictures/View_of_the_National_Firefighters_Monument_and_St_Paul's_Cathedral.jpg
St._Paul's_Cathedral,27756,0,commons/London_Millennium_Bridge_with_St_Paul's/0/pictures/Londres_094.jpg
St._Paul's_Cathedral,27756,0,"commons/St._Paul's_Cathedral_in_2016/0/pictures/City_of_London,_London,_UK_-_panoramio_(74).jpg"
St._Paul's_Cathedral,27756,0,commons/Remote_views_of_St._Paul's_Cathedral/0/pictures/London_(12586323073).jpg
St._Paul's_Cathedral,27756,0,commons/West_facade_of_St._Paul's_Cathedral/0/pictures/JPP_4660_(8658993474).jpg
St._Paul's_Cathedral,27756,0,"commons/History_of_St._Paul's_Cathedral/0/pictures/Saint_Paul's_Cathedral,_London_(3611499546).jpg"
St._Paul's_Cathedral,27756,0,"commons/St._Paul's_Cathedral_from_Peter's_Hill/0/pictures/St_Pauls_Cathedral,_London_-_geograph.org.uk_-_426569.jpg"
St._Paul's_Cathedral,27756,0,"commons/Anne_of_Great_Britain_statue,_St_Paul's/0/pictures/London_city_(15).jpg"
St._Paul's_Cathedral,27756,0,commons/St._Paul's_Cathedral_at_night/0/pictures/St_Paul_(54387752).jpeg
St._Paul's_Cathedral,27756,0,commons/London_Millennium_Bridge_with_St_Paul's/0/pictures/Millennium_Bridge_2009.jpg
St._Paul's_Cathedral,27756,0,commons/St._Paul's_Cathedral_in_2018/0/pictures/St._Paul's_Cathedral_from_Ludgate_Hill.jpg
St._Paul's_Cathedral,27756,0,"commons/St._Paul's_Cathedral/0/pictures/EC4M_8AD,_St._Paul`s_Cathedral,_view_from_courtyard,_London.jpg"
St._Paul's_Cathedral,27756,0,commons/London_Millennium_Bridge_with_St_Paul's/0/pictures/05_2023_London_Millennium_Bridge_with_St_Paul's_IMG_7483.jpg
St._Paul's_Cathedral,27756,0,commons/St._Paul's_Cathedral_in_2012/0/pictures/StPaul'sLondon.JPG
St._Paul's_Cathedral,27756,0,commons/St._Paul's_Cathedral/0/pictures/London_-_Cannon_Street_-_St_Paul's_Cathedral_1697_by_Sir_Christopher_Wren_-_Panorama_View_02.jpg
St._Paul's_Cathedral,27756,0,commons/London_Millennium_Bridge_with_St_Paul's/0/pictures/20110530_London_26.JPG
St._Paul's_Cathedral,27756,0,"commons/St._Paul's_Cathedral_in_2013/0/pictures/City_of_London,_London,_UK_-_panoramio_(46).jpg"
St._Paul's_Cathedral,27756,0,"commons/St._Paul's_Cathedral/0/pictures/London_-_Cannon_Street_-_View_WNW_on_St_Lawrence_and_Mary_Magdalene_Drinking_Fountain_(1886,_installed_here_in_2010)_&_St_Paul's_Cathedral_1697_by_Sir_Christopher_Wren.jpg"
St._Paul's_Cathedral,27756,0,commons/London_Millennium_Bridge_with_St_Paul's/0/pictures/Autumn_in_London_(4037503295).jpg
St._Paul's_Cathedral,27756,0,"commons/St._Paul's_Cathedral_in_2013/0/pictures/Columns_at_St_Paul's_Cathedral,_St_Paul's_in_spring_2013_(2).JPG"
St._Paul's_Cathedral,27756,0,commons/St._Paul's_Cathedral/0/pictures/London_-_Carter_Lane_-_View_NNW_on_St_Paul's_Cathedral_1697_by_Sir_Christopher_Wren.jpg
St._Paul's_Cathedral,27756,0,"commons/London_Millennium_Bridge_with_St_Paul's/0/pictures/City_of_London,_Millennium_Bridge_and_St._Paul's_Cathedral_-_geograph.org.uk_-_611409.jpg"
St._Paul's_Cathedral,27756,0,commons/London_Millennium_Bridge_with_St_Paul's/0/pictures/Bridge_to_St_Paul's_(6283137736).jpg
St._Paul's_Cathedral,27756,0,commons/St._Paul's_Cathedral/0/pictures/London_-_Millennium_Bridge_-_Focus_on_St_Paul's_Cathedral.jpg
St._Paul's_Cathedral,27756,0,commons/London_Millennium_Bridge_with_St_Paul's/0/pictures/Bridge_and_old_st_Pauls_church.jpg
St._Paul's_Cathedral,27756,0,commons/St._Paul's_Cathedral_in_2013/0/pictures/EH1079157_St_Paul's_Cathedral_22.jpg
St._Paul's_Cathedral,27756,0,commons/St._Paul's_Cathedral/0/pictures/London_-_Millennium_Bridge_-_Jubilee_Walkway_-_View_North_towards_St_Paul's_Cathedral_01.jpg
St._Paul's_Cathedral,27756,0,commons/London_Millennium_Bridge_with_St_Paul's/0/pictures/Fifty_Shades_of_Grey_-_geograph.org.uk_-_5280162.jpg
St._Paul's_Cathedral,27756,0,commons/St._Paul's_Cathedral_in_2013/0/pictures/London_-_Domes_of_Saint_Paul’s_Cathedral_-_panoramio_(1).jpg
St._Paul's_Cathedral,27756,0,commons/St._Paul's_Cathedral/0/pictures/London_-_Paternoster_Square_-_Panorama_View_-_St_Paul's_Cathedral_-_Paternoster_Square_Column_(ventilation_shaft)_2003_by_Richard_Parry_03.jpg
St._Paul's_Cathedral,27756,0,"commons/London_Millennium_Bridge_with_St_Paul's/0/pictures/In_motion,_the_River_Thames,_london._DSC_0256_(2).jpg"
St._Paul's_Cathedral,27756,0,commons/St._Paul's_Cathedral/0/pictures/London_-_Paternoster_Square_-_View_SSE_on_'Shepherd_and_Sheep'_1975_by_Dame_Elisabeth_Jean_Frink_01.jpg
St._Paul's_Cathedral,27756,0,commons/London_Millennium_Bridge_with_St_Paul's/0/pictures/London_-_Millennium_Bridge_(47386023591).jpg
St._Paul's_Cathedral,27756,0,commons/St._Paul's_Cathedral/0/pictures/London_-_Peter's_Hill_-_View_North_towards_St_Paul's_Cathedral_!!.jpg
St._Paul's_Cathedral,27756,0,commons/London_Millennium_Bridge_with_St_Paul's/0/pictures/London_-_April_2009_(3496249475).jpg
St._Paul's_Cathedral,27756,0,"commons/St._Paul's_Cathedral/0/pictures/London_-_St_Paul's_Cathedral_1697_by_Sir_Christopher_Wren_-Panorama_Viewing_Down,_West_&_Up_at_the_Central_Front_Door_03.jpg"
St._Paul's_Cathedral,27756,0,commons/London_Millennium_Bridge_with_St_Paul's/0/pictures/London_-_April_2009_(3497068638).jpg
St._Paul's_Cathedral,27756,0,commons/St._Paul's_Cathedral_in_2013/0/pictures/St._Pauls_Cathedral_(10125451155).jpg
St._Paul's_Cathedral,27756,0,"commons/St._Paul's_Cathedral/0/pictures/London_-_St_Paul's_Cathedral_1697_by_Sir_Christopher_Wren_-Panorama_Viewing_Down,_West_&_Up_at_the_Central_Front_Door_08.jpg"
St._Paul's_Cathedral,27756,0,"commons/London_Millennium_Bridge_with_St_Paul's/0/pictures/London_Cityscape_,_Two_Red_Balloons_-_geograph.org.uk_-_4194305.jpg"
St._Paul's_Cathedral,27756,0,commons/St._Paul's_Cathedral/0/pictures/London_-_St._Paul's_Churchyard_-_View_ESE_on_St_Paul's_Cathedral.jpg
St._Paul's_Cathedral,27756,0,commons/London_Millennium_Bridge_with_St_Paul's/0/pictures/London_-_Millennium_Bridge_-_St._Paul's_Cathedral.jpg
St._Paul's_Cathedral,27756,0,commons/St._Paul's_Cathedral_in_2015/0/pictures/Londres_-_panoramio_(4).jpg
St._Paul's_Cathedral,27756,0,commons/St._Paul's_Cathedral/0/pictures/London_-_St._Paul's_Churchyard_-_View_SSW_on_St_Paul's_Cathedral_1697_by_Sir_Christopher_Wren.jpg
St._Paul's_Cathedral,27756,0,commons/London_Millennium_Bridge_with_St_Paul's/0/pictures/London_1044_08.jpg
St._Paul's_Cathedral,27756,0,commons/St._Paul's_Cathedral_in_2015/0/pictures/Londres_-_panoramio_(7).jpg
St._Paul's_Cathedral,27756,0,commons/London_Millennium_Bridge_with_St_Paul's/0/pictures/London_Millenium_Bridge_Tate_Modern_Museum_Saint_Paul's_Cathedral_Tamise_River_Night_Explore_Image_Picture_Long_pose_(16484823825).jpg
St._Paul's_Cathedral,27756,0,commons/London_Millennium_Bridge_with_St_Paul's/0/pictures/London_millennium_wobbly_bridge.jpg
St._Paul's_Cathedral,27756,0,"commons/London_Millennium_Bridge_with_St_Paul's/0/pictures/London,_Old_and_New_-_geograph.org.uk_-_2315662.jpg"
St._Paul's_Cathedral,27756,0,"commons/London_Millennium_Bridge_with_St_Paul's/0/pictures/London,_UK_-_panoramio_-_IIya_Kuzhekin_(73).jpg"
St._Paul's_Cathedral,27756,0,commons/London_Millennium_Bridge_with_St_Paul's/0/pictures/Looking_along_the_Millennium_Bridge_towards_Saint_Paul's_Cathedral.jpg
St._Paul's_Cathedral,27756,0,commons/St._Paul's_Cathedral_in_2016/0/pictures/8.4.16_London_Southbank_and_City_106_(26251095682).jpg
St._Paul's_Cathedral,27756,0,commons/London_Millennium_Bridge_with_St_Paul's/0/pictures/London2007more_img_5530.jpg
St._Paul's_Cathedral,27756,0,commons/St._Paul's_Cathedral_in_2016/0/pictures/St_Paul's_Cathedral_20160829.jpg
St._Paul's_Cathedral,27756,0,commons/London_Millennium_Bridge_with_St_Paul's/0/pictures/Milennium_Bridge_-_panoramio.jpg
St._Paul's_Cathedral,27756,0,commons/St._Paul's_Cathedral_in_2016/0/pictures/St_Paul's_Cathedral_from_Waterloo_Bridge_(29671992165).jpg
St._Paul's_Cathedral,27756,0,commons/London_Millennium_Bridge_with_St_Paul's/0/pictures/Millenium_Bridge_(1878436901).jpg
St._Paul's_Cathedral,27756,0,commons/St._Paul's_Cathedral_in_2016/0/pictures/St_Paul's_Cathedral_from_Waterloo_Bridge_(29610163831).jpg
St._Paul's_Cathedral,27756,0,"commons/London_Millennium_Bridge_with_St_Paul's/0/pictures/MILLENNIUM_BRIDGE_-_London,_UK_-_May_1,_2009_-_panoramio.jpg"
St._Paul's_Cathedral,27756,0,commons/London_Millennium_Bridge_with_St_Paul's/0/pictures/Millenium_Bridge_-_panoramio_-_Валерий_Дед.jpg
St._Paul's_Cathedral,27756,0,commons/St._Paul's_Cathedral_in_2016/0/pictures/St_Paul's_Cathedral_-_London.jpg
St._Paul's_Cathedral,27756,0,"commons/London_Millennium_Bridge_with_St_Paul's/0/pictures/Looking_along_the_Millennium_Bridge_toward_Saint_Paul's_Cathedral,_with_construction_on_the_right.jpg"
St._Paul's_Cathedral,27756,0,commons/London_Millennium_Bridge_with_St_Paul's/0/pictures/Millenium_Bridge_-_panoramio_(4).jpg
St._Paul's_Cathedral,27756,0,"commons/London_Millennium_Bridge_with_St_Paul's/0/pictures/Millenium_Bridge,_with_St._Paul's_Cathedral.jpg"
St._Paul's_Cathedral,27756,0,commons/London_Millennium_Bridge_with_St_Paul's/0/pictures/Millennium_Bridge_-_geograph.org.uk_-_1066316.jpg
St._Paul's_Cathedral,27756,0,commons/St._Paul's_Cathedral_in_2016/0/pictures/St_Pauls_Cathedral_September_2016.jpg
St._Paul's_Cathedral,27756,0,commons/London_Millennium_Bridge_with_St_Paul's/0/pictures/Millennium_Bridge_-_geograph.org.uk_-_1400610.jpg
St._Paul's_Cathedral,27756,0,commons/St._Paul's_Cathedral_in_2016/0/pictures/St._Paul's_Cathedral_from_the_Millennium_Bridge.jpg
St._Paul's_Cathedral,27756,0,commons/London_Millennium_Bridge_with_St_Paul's/0/pictures/Millennium_Bridge_(165454921).jpg
St._Paul's_Cathedral,27756,0,commons/London_Millennium_Bridge_with_St_Paul's/0/pictures/Millennium_Bridge_-_geograph.org.uk_-_1400611.jpg
St._Paul's_Cathedral,27756,0,commons/St._Paul's_Cathedral_in_2016/0/pictures/St_Paul's_from_Millennium_Bridge.jpg
St._Paul's_Cathedral,27756,0,commons/London_Millennium_Bridge_with_St_Paul's/0/pictures/Millennium_Bridge_&_St._Pauls.jpg
St._Paul's_Cathedral,27756,0,commons/St._Paul's_Cathedral_in_2016/0/pictures/UK_-_London_(29879039683).jpg
St._Paul's_Cathedral,27756,0,"commons/Anne_of_Great_Britain_statue,_St_Paul's/0/pictures/ENG_London_St_Paul_Churchyard_01.jpg"
St._Paul's_Cathedral,27756,0,commons/St._Paul's_Cathedral_at_night/0/pictures/Millennium_Bridge_with_Illuminated_River_artwork.jpg
St._Paul's_Cathedral,27756,0,commons/London_Millennium_Bridge_with_St_Paul's/0/pictures/Millennium_Bridge_&_St._Pauls2.jpg
St._Paul's_Cathedral,27756,0,commons/London_Millennium_Bridge_with_St_Paul's/0/pictures/Millennium_Bridge_-London_-18Dec2006.jpg
St._Paul's_Cathedral,27756,0,"commons/St._Paul's_Cathedral_in_2017/0/pictures/Millennium_Bridge,_London,_United_Kingdom_(Unsplash).jpg"
St._Paul's_Cathedral,27756,0,"commons/Anne_of_Great_Britain_statue,_St_Paul's/0/pictures/London_-_St_Paul's_Cathedral_1697_by_Sir_Christopher_Wren_-Panorama_Viewing_Down,_West_&_Up_at_the_Central_Front_Door_07.jpg"
St._Paul's_Cathedral,27756,0,commons/London_Millennium_Bridge_with_St_Paul's/0/pictures/Millennium_Bridge_HDR_(6234958128).jpg
St._Paul's_Cathedral,27756,0,commons/St._Paul's_Cathedral_in_2018/0/pictures/Saint_Paul_Cathedral_-_London_2Aug2018.jpg
St._Paul's_Cathedral,27756,0,"commons/Anne_of_Great_Britain_statue,_St_Paul's/0/pictures/London_-_St_Paul's_Cathedral_1697_by_Sir_Christopher_Wren_-_View_West_towards_Anne_of_Great_Britain_statue,_St_Paul's.jpg"
St._Paul's_Cathedral,27756,0,commons/St._Paul's_Cathedral_at_night/0/pictures/Replica_Spitfire_Outside_St_Paul's_Cathedral_to_Commemorate_the_70th_Anniversary_of_the_Blitz_in_London_MOD_45151816.jpg
St._Paul's_Cathedral,27756,0,commons/London_Millennium_Bridge_with_St_Paul's/0/pictures/Millennium_Bridge_London_(224473803).jpeg
St._Paul's_Cathedral,27756,0,commons/St._Paul's_Cathedral_in_2018/0/pictures/Dome_of_St_Paul's_Cathedral_from_One_New_Change_01.jpg
St._Paul's_Cathedral,27756,0,"commons/Anne_of_Great_Britain_statue,_St_Paul's/0/pictures/London_-_St_Paul's_Cathedral_1697_by_Sir_Christopher_Wren_-Panorama_Viewing_Down,_West_&_Up_at_the_Central_Front_Door_08.jpg"
St._Paul's_Cathedral,27756,0,commons/London_Millennium_Bridge_with_St_Paul's/0/pictures/Millennium_Bridge_London_June_2016_001.jpg
St._Paul's_Cathedral,27756,0,commons/St._Paul's_Cathedral_in_2018/0/pictures/St_Paul's_Cathedral_reflections_at_One_New_Change_01.jpg
St._Paul's_Cathedral,27756,0,"commons/Anne_of_Great_Britain_statue,_St_Paul's/0/pictures/London_England_Victor_Grigas_2011-18.jpg"
St._Paul's_Cathedral,27756,0,"commons/St._Paul's_Cathedral_at_night/0/pictures/Queen_Victoria_Street_at_junction_with_Puddle_Dock,_London_-_2022-10-14.jpg"
St._Paul's_Cathedral,27756,0,"commons/London_Millennium_Bridge_with_St_Paul's/0/pictures/Millennium_Bridge_and_St_Paul's,_London_-_geograph.org.uk_-_1089425.jpg"
St._Paul's_Cathedral,27756,0,"commons/Anne_of_Great_Britain_statue,_St_Paul's/0/pictures/London_St._Paul's_Cathedral_Statue_(9816171204).jpg"
St._Paul's_Cathedral,27756,0,commons/St._Paul's_Cathedral_at_night/0/pictures/Southwark_Bridge_Mars_2014.jpg
St._Paul's_Cathedral,27756,0,commons/London_Millennium_Bridge_with_St_Paul's/0/pictures/Millennium_Bridge_^_St._Paul's_-_geograph.org.uk_-_4026312.jpg
St._Paul's_Cathedral,27756,0,commons/St._Paul's_Cathedral_in_2018/0/pictures/St_Paul's_Cathedral_reflections_at_One_New_Change_02.jpg
St._Paul's_Cathedral,27756,0,"commons/Anne_of_Great_Britain_statue,_St_Paul's/0/pictures/Londres_113..jpg"
St._Paul's_Cathedral,27756,0,commons/St._Paul's_Cathedral_at_night/0/pictures/St_Paul_Cathedral_-_Thames_Night_Long_Exposure_01.jpg
St._Paul's_Cathedral,27756,0,"commons/London_Millennium_Bridge_with_St_Paul's/0/pictures/Millennium_Bridge_and_St_Paul's_Cathedral,_London_-_geograph.org.uk_-_4416720.jpg"
St._Paul's_Cathedral,27756,0,commons/St._Paul's_Cathedral_in_2018/0/pictures/South_facade_of_St_Paul's_Cathedral.jpg
St._Paul's_Cathedral,27756,0,"commons/Anne_of_Great_Britain_statue,_St_Paul's/0/pictures/Outside_St_Pauls_-_geograph.org.uk_-_1107295.jpg"
St._Paul's_Cathedral,27756,0,commons/St._Paul's_Cathedral_at_night/0/pictures/Saint_Paul's_Cathedral.002_-_London.JPG
St._Paul's_Cathedral,27756,0,commons/London_Millennium_Bridge_with_St_Paul's/0/pictures/Millennium_Bridge_and_St._Paul's_Cathedral_-_geograph.org.uk_-_1803692.jpg
St._Paul's_Cathedral,27756,0,"commons/Anne_of_Great_Britain_statue,_St_Paul's/0/pictures/Londres_-_panoramio_(7).jpg"
St._Paul's_Cathedral,27756,0,commons/St._Paul's_Cathedral_at_night/0/pictures/St_Paul_Cathedral_-_Thames_Night_Long_Exposure_02.jpg
St._Paul's_Cathedral,27756,0,commons/London_Millennium_Bridge_with_St_Paul's/0/pictures/Millennium_Bridge_and_St_Paul's.jpg
St._Paul's_Cathedral,27756,0,"commons/Anne_of_Great_Britain_statue,_St_Paul's/0/pictures/London_St_Paul's_Queen_Anne_02.jpg"
St._Paul's_Cathedral,27756,0,commons/London_Millennium_Bridge_with_St_Paul's/0/pictures/Millennium_Bridge_by_night_-_geograph.org.uk_-_385359.jpg
St._Paul's_Cathedral,27756,0,"commons/Anne_of_Great_Britain_statue,_St_Paul's/0/pictures/Quarter_To_Five_(70517019).jpeg"
St._Paul's_Cathedral,27756,0,commons/St._Paul's_Cathedral_at_night/0/pictures/St_Paul's_Cathedral_-_geograph.org.uk_-_3781575.jpg
St._Paul's_Cathedral,27756,0,commons/London_Millennium_Bridge_with_St_Paul's/0/pictures/Millennium_Bridge_and_St._Paul's_Cathedral_(5986817257).jpg
St._Paul's_Cathedral,27756,0,commons/St._Paul's_Cathedral_in_2021/0/pictures/Millenium_Bridge_amd_St._Paul's_Cathedral.jpg
St._Paul's_Cathedral,27756,0,"commons/Anne_of_Great_Britain_statue,_St_Paul's/0/pictures/Paternoster_Square_IMG_9205.JPG"
St._Paul's_Cathedral,27756,0,commons/St._Paul's_Cathedral_at_night/0/pictures/St_Paul's_Cathedral_(29381937521).jpg
St._Paul's_Cathedral,27756,0,commons/London_Millennium_Bridge_with_St_Paul's/0/pictures/Millennium_Bridge_and_St._Pauls_-_London_-_Flickr_-_BenCremin.jpg
St._Paul's_Cathedral,27756,0,"commons/Anne_of_Great_Britain_statue,_St_Paul's/0/pictures/Queen_Anne's_statue_outside_St_Paul's_Cathedral_-_geograph.org.uk_-_2200593.jpg"
St._Paul's_Cathedral,27756,0,commons/St._Paul's_Cathedral_at_night/0/pictures/St_Paul's_Cathedral_-_panoramio_(5).jpg
St._Paul's_Cathedral,27756,0,commons/London_Millennium_Bridge_with_St_Paul's/0/pictures/Millennium_Bridge_in_grainy_B+W_(50966677263).jpg
St._Paul's_Cathedral,27756,0,commons/London_Millennium_Bridge_with_St_Paul's/0/pictures/Millennium_Bridge_from_Bankside_20220810_6288.jpg
St._Paul's_Cathedral,27756,0,commons/St._Paul's_Cathedral/0/pictures/London_St_Paul's_7300.jpg
St._Paul's_Cathedral,27756,0,commons/St._Paul's_Cathedral/0/pictures/London_St_Paul's_7301.jpg
St._Paul's_Cathedral,27756,0,commons/St._Paul's_Cathedral/0/pictures/London_St_Paul's_7302.jpg
St._Paul's_Cathedral,27756,0,commons/St._Paul's_Cathedral/0/pictures/London_St_Paul's_7303.jpg
St._Paul's_Cathedral,27756,0,commons/St._Paul's_Cathedral/0/pictures/London_St_Paul's_7304.jpg
St._Paul's_Cathedral,27756,0,commons/St._Paul's_Cathedral/0/pictures/London_IMG_9397_(46614904651).jpg
St._Paul's_Cathedral,27756,0,commons/St._Paul's_Cathedral/0/pictures/London_St_Paul's_7306.jpg
St._Paul's_Cathedral,27756,0,commons/St._Paul's_Cathedral/0/pictures/London_St._Paul's_Cathedral_(9816178155).jpg
St._Paul's_Cathedral,27756,0,commons/St._Paul's_Cathedral/0/pictures/London_St._Paul's_Cathedral_(50593185431).jpg
St._Paul's_Cathedral,27756,0,commons/St._Paul's_Cathedral/0/pictures/London_St_Paul's_7305.jpg
St._Paul's_Cathedral,27756,0,commons/St._Paul's_Cathedral/0/pictures/London_St_Paul's_7307.jpg
St._Paul's_Cathedral,27756,0,commons/St._Paul's_Cathedral/0/pictures/London_Wedding_(27823272148).jpg
St._Paul's_Cathedral,27756,0,commons/St._Paul's_Cathedral/0/pictures/London's_St_Paul's_Cathedral.jpg
St._Paul's_Cathedral,27756,0,commons/St._Paul's_Cathedral/0/pictures/London_cityscape_(165454893).jpg
St._Paul's_Cathedral,27756,0,commons/St._Paul's_Cathedral/0/pictures/Saint_Paul`s_Cathedral_view_from_St._Paul`s_Churchyard_street.jpg
St._Paul's_Cathedral,27756,0,commons/St._Paul's_Cathedral/0/pictures/St_Paul_(45812360).jpeg
St._Paul's_Cathedral,27756,0,"commons/St._Paul's_Cathedral/0/pictures/Saint_Paul`s_Cathedral,_London_EC4M_8AD.jpg"
St._Paul's_Cathedral,27756,0,commons/St._Paul's_Cathedral/0/pictures/St_Paul's_-_geograph.org.uk_-_2665714.jpg
St._Paul's_Cathedral,27756,0,commons/St._Paul's_Cathedral/0/pictures/St_Paul's_-_geograph.org.uk_-_4252225.jpg
St._Paul's_Cathedral,27756,0,commons/St._Paul's_Cathedral/0/pictures/SheilaGallagherLollipopLadyStPauls.jpg
St._Paul's_Cathedral,27756,0,commons/St._Paul's_Cathedral/0/pictures/Old_St_Paul's_Cathedral_(27746638957).jpg
St._Paul's_Cathedral,27756,0,commons/St._Paul's_Cathedral/0/pictures/St_Paul's_(14580467244).jpg
St._Paul's_Cathedral,27756,0,commons/St._Paul's_Cathedral/0/pictures/St_Paul's_Cathedral_(4316325075).jpg
St._Paul's_Cathedral,27756,0,commons/St._Paul's_Cathedral/0/pictures/St_Paul's_Cathedral_(29949753596).jpg
St._Paul's_Cathedral,27756,0,commons/St._Paul's_Cathedral/0/pictures/St_Paul's_Cathedral_-_1983_-_geograph.org.uk_-_3242061.jpg
St._Paul's_Cathedral,27756,0,commons/St._Paul's_Cathedral/0/pictures/St_Paul's_(24435246305).jpg
St._Paul's_Cathedral,27756,0,commons/St._Paul's_Cathedral/0/pictures/St_Paul's_(34215922733).jpg
St._Paul's_Cathedral,27756,0,commons/St._Paul's_Cathedral/0/pictures/St_Paul's_Cathedral_-_geograph.org.uk_-_2640903.jpg
St._Paul's_Cathedral,27756,0,commons/St._Paul's_Cathedral/0/pictures/St_Paul's_Cathedral_-_geograph.org.uk_-_4279002.jpg
St._Paul's_Cathedral,27756,0,commons/St._Paul's_Cathedral/0/pictures/St_Paul's_Cathedral_-_geograph.org.uk_-_4279007.jpg
St._Paul's_Cathedral,27756,0,commons/St._Paul's_Cathedral/0/pictures/St_Paul's_Cathedral_(9338036572).jpg
St._Paul's_Cathedral,27756,0,commons/St._Paul's_Cathedral/0/pictures/St_Paul's_Cathedral_-_geograph.org.uk_-_4279016.jpg
St._Paul's_Cathedral,27756,0,commons/St._Paul's_Cathedral/0/pictures/St_Paul's_Cathedral_-_geograph.org.uk_-_4279017.jpg
St._Paul's_Cathedral,27756,0,commons/St._Paul's_Cathedral/0/pictures/St_Paul's_Cathedral_-_geograph.org.uk_-_3087668.jpg
St._Paul's_Cathedral,27756,0,commons/St._Paul's_Cathedral/0/pictures/St_Paul's_Cathedral_-_geograph.org.uk_-_2080869.jpg
St._Paul's_Cathedral,27756,0,commons/St._Paul's_Cathedral/0/pictures/St_Paul's_Cathedral_-_geograph.org.uk_-_3960447.jpg
St._Paul's_Cathedral,27756,0,commons/St._Paul's_Cathedral/0/pictures/St_Paul's_Cathedral_in_1966_-_geograph.org.uk_-_2085530.jpg
St._Paul's_Cathedral,27756,0,commons/St._Paul's_Cathedral/0/pictures/St_Paul's_Cathedral_at_night_-_geograph.org.uk_-_2082586.jpg
St._Paul's_Cathedral,27756,0,commons/St._Paul's_Cathedral/0/pictures/St_Paul's_Cathedral_1.jpg
St._Paul's_Cathedral,27756,0,commons/St._Paul's_Cathedral/0/pictures/St_Paul's_Cathedral_in_London_city.jpg
St._Paul's_Cathedral,27756,0,commons/St._Paul's_Cathedral/0/pictures/St_Paul's_Cathedral_1951.jpg
St._Paul's_Cathedral,27756,0,commons/St._Paul's_Cathedral/0/pictures/St_Paul's_Cathedral_at_night_-_geograph.org.uk_-_3868582.jpg
St._Paul's_Cathedral,27756,0,"commons/St._Paul's_Cathedral/0/pictures/St_Paul's_Churchyard,_London,_EC4M_8AD,_viewed_from_south_aisle.jpg"
St._Paul's_Cathedral,27756,0,"commons/St._Paul's_Cathedral/0/pictures/St_Paul's_Cathedral,_London_(8287719102).jpg"
St._Paul's_Cathedral,27756,0,commons/St._Paul's_Cathedral/0/pictures/St_Paul's_Dome_from_Paternoster_Row_-_geograph.org.uk_-_2672517.jpg
St._Paul's_Cathedral,27756,0,commons/St._Paul's_Cathedral/0/pictures/St_Paul's_cathedral_-_geograph.org.uk_-_3087679.jpg
St._Paul's_Cathedral,27756,0,commons/St._Paul's_Cathedral/0/pictures/St_Paul's_from_Bread_Street_(34458760883).jpg
St._Paul's_Cathedral,27756,0,commons/St._Paul's_Cathedral/0/pictures/St_Paul's_and_Distaff_Lane_(49570672468).jpg
St._Paul's_Cathedral,27756,0,commons/St._Paul's_Cathedral/0/pictures/St_Paul's_from_across_the_Thames_(50099730808).jpg
St._Paul's_Cathedral,27756,0,commons/St._Paul's_Cathedral/0/pictures/St_Paul's_from_Lugate_Hill_(17346222056).jpg
St._Paul's_Cathedral,27756,0,commons/St._Paul's_Cathedral/0/pictures/St_Paul's_from_Paternoster_14_September_2023.jpg
St._Paul's_Cathedral,27756,0,commons/St._Paul's_Cathedral/0/pictures/St_Pauls_Cathedral_Dome_(8921137261).jpg
St._Paul's_Cathedral,27756,0,commons/St._Paul's_Cathedral/0/pictures/St._Paul_Church_-_London_(448013533).jpg
St._Paul's_Cathedral,27756,0,commons/St._Paul's_Cathedral/0/pictures/St_Paul's_from_Pilgrim_Street_(21390836699).jpg
St._Paul's_Cathedral,27756,0,commons/St._Paul's_Cathedral/0/pictures/St._Paul's_Cathedral_&_The_Millennium_Bridge_view_from_the_South_Bank_(16422708578).jpg
St._Paul's_Cathedral,27756,0,commons/St._Paul's_Cathedral/0/pictures/St._Paul's_Cathedral_(8921135011).jpg
St._Paul's_Cathedral,27756,0,commons/St._Paul's_Cathedral/0/pictures/St._Paul's_Cathedral_(8921749282).jpg
St._Paul's_Cathedral,27756,0,"commons/St._Paul's_Cathedral/0/pictures/St._Paul's_Cathedral_Churchyard,_London_EC4M_8AD.jpg"
St._Paul's_Cathedral,27756,0,"commons/St._Paul's_Cathedral/0/pictures/St._Paul's_Cathedral,_London.jpg"
St._Paul's_Cathedral,27756,0,commons/St._Paul's_Cathedral/0/pictures/St._Paul's_from_Newgate_-_geograph.org.uk_-_3015044.jpg
St._Paul's_Cathedral,27756,0,commons/St._Paul's_Cathedral/0/pictures/St._Paul's_Cathedral_view_from_Temple_Bar_London.jpg
St._Paul's_Cathedral,27756,0,"commons/St._Paul's_Cathedral/0/pictures/St._Paul's_Cathedral,_London_EC2R_8AH,_.west_entrance_ceiling.jpg"
St._Paul's_Cathedral,27756,0,commons/St._Paul's_Cathedral/0/pictures/St._Paul's_Cathedral_west_entrance.jpg
St._Paul's_Cathedral,27756,0,"commons/St._Paul's_Cathedral/0/pictures/St._Paul's_Churchyard,_London_EC4M_8AD,_Courtyard_view.jpg"
St._Paul's_Cathedral,27756,0,commons/St._Paul's_Cathedral/0/pictures/St.Paul's_and_Damien_-_geograph.org.uk_-_2981605.jpg
St._Paul's_Cathedral,27756,0,commons/St._Paul's_Cathedral/0/pictures/St.Paul's_from_Waterloo_Bridge_-_geograph.org.uk_-_2891135.jpg
St._Paul's_Cathedral,27756,0,"commons/St._Paul's_Cathedral/0/pictures/St._Paul`s_Cathedral,_London,_ceiling_view_between_columns.jpg"
St._Paul's_Cathedral,27756,0,commons/St._Paul's_Cathedral/0/pictures/St._Paul`s_Cathedral.jpg
St._Paul's_Cathedral,27756,0,"commons/St._Paul's_Cathedral/0/pictures/St._Paul`s_Cathedral,_view_from_Reflection_Garden.jpg"
St._Paul's_Cathedral,27756,0,"commons/St._Paul's_Cathedral/0/pictures/St.Paul's_View,_London_-_geograph.org.uk_-_2688354.jpg"
St._Paul's_Cathedral,27756,0,commons/St._Paul's_Cathedral/0/pictures/St._Paul's_and_the_moon_(3630562696).jpg
St._Paul's_Cathedral,27756,0,commons/St._Paul's_Cathedral/0/pictures/View_across_the_river_towards_St_Paul's_Cathedral_-_geograph.org.uk_-_2092641.jpg
St._Paul's_Cathedral,27756,0,commons/St._Paul's_Cathedral/0/pictures/StPaulsCathedral_Dusk.jpg
St._Paul's_Cathedral,27756,0,commons/St._Paul's_Cathedral/0/pictures/St’Paul.jpg
St._Paul's_Cathedral,27756,0,commons/St._Paul's_Cathedral/0/pictures/View_of_St_Paul's_Cathedral_from_the_Thames_Path_-_geograph.org.uk_-_1882801.jpg
St._Paul's_Cathedral,27756,0,commons/St._Paul's_Cathedral/0/pictures/View_of_St_Paul's_Cathedral_from_the_Thames_-_geograph.org.uk_-_2133896.jpg
St._Paul's_Cathedral,27756,0,commons/St._Paul's_Cathedral/0/pictures/View_of_St_Paul's_Cathedral_from_the_Thames_^2_-_geograph.org.uk_-_2133920.jpg
St._Paul's_Cathedral,27756,0,"commons/St._Paul's_Cathedral/0/pictures/St._Paul’s_Cathedral,_London.jpg"
St._Paul's_Cathedral,27756,0,"commons/St._Paul's_Cathedral/0/pictures/The_dome_of_St._Paul's,_seen_from_Southbank_in_the_evening.jpg"
St._Paul's_Cathedral,27756,0,commons/St._Paul's_Cathedral/0/pictures/To_yonder_soaring_dome_-_Flickr_-_sagesolar.jpg
St._Paul's_Cathedral,27756,0,commons/St._Paul's_Cathedral/0/pictures/View_of_St._Paul's_Cathedral.jpg
St._Paul's_Cathedral,27756,0,commons/St._Paul's_Cathedral/0/pictures/View_of_St_Paul's_from_Fleet_Street_-_2022-09-10.jpg
St._Paul's_Cathedral,27756,0,commons/St._Paul's_Cathedral_Churchyard/0/pictures/EH1358873_Footings_of_Destroyed_Cloister_and_Chapter_House_02.jpg
St._Paul's_Cathedral,27756,0,commons/St._Paul's_Cathedral_Churchyard/0/pictures/EH1358873_Footings_of_Destroyed_Cloister_and_Chapter_House_01.jpg
St._Paul's_Cathedral,27756,0,commons/St._Paul's_Cathedral_Churchyard/0/pictures/EH1358873_Footings_of_Destroyed_Cloister_and_Chapter_House_05.jpg
St._Paul's_Cathedral,27756,0,commons/St._Paul's_Cathedral_Churchyard/0/pictures/Flickr_-_Duncan~_-_St_Paul's_Roses.jpg
St._Paul's_Cathedral,27756,0,commons/St._Paul's_Cathedral_Churchyard/0/pictures/Wenlock_^_Mandeville_outside_St_Paul's_-_geograph.org.uk_-_3103396.jpg
St._Paul's_Cathedral,27756,0,commons/St._Paul's_Cathedral_at_night/0/pictures/2012_-_panoramio_(252).jpg
St._Paul's_Cathedral,27756,0,"commons/St._Paul's_Cathedral_School/0/pictures/View_of_Shell_House,_Big_Ben,_the_London_Eye_and_the_Oxo_Tower_from_Madison's_bar_-_geograph.org.uk_-_3090732.jpg"
St._Paul's_Cathedral,27756,0,commons/St._Paul's_Cathedral_School/0/pictures/St._Paul's_Cathedral_School_IMG_9176.JPG
St._Paul's_Cathedral,27756,0,commons/St._Paul's_Cathedral_at_night/0/pictures/CATHEDRAL_CHURCH_OF_ST_PAUL_DSC_7027.jpg
St._Paul's_Cathedral,27756,0,commons/St._Paul's_Cathedral_at_night/0/pictures/Classic_St._Paul_(29528360470).jpg
St._Paul's_Cathedral,27756,0,commons/St._Paul's_Cathedral_at_night/0/pictures/DCS_0844_(3947390315).jpg
St._Paul's_Cathedral,27756,0,commons/St._Paul's_Cathedral_at_night/0/pictures/DCS_0825_(3948167854).jpg
St._Paul's_Cathedral,27756,0,"commons/St._Paul's_Cathedral_at_night/0/pictures/Fires_Ancient,_public_art_projections_by_Martin_Firrell_onto_the_dome_of_St_Paul's_Cathedral.jpg"
St._Paul's_Cathedral,27756,0,commons/St._Paul's_Cathedral_at_night/0/pictures/Flickr_-_Duncan~_-_St_Paul's_at_Night.jpg
St._Paul's_Cathedral,27756,0,commons/St._Paul's_Cathedral_at_night/0/pictures/London_(10893950726).jpg
St._Paul's_Cathedral,27756,0,commons/St._Paul's_Cathedral_at_night/0/pictures/CATHEDRAL_CHURCH_OF_ST_PAUL_DSC_7037.jpg
St._Paul's_Cathedral,27756,0,commons/St._Paul's_Cathedral_at_night/0/pictures/London_(10893819894).jpg
St._Paul's_Cathedral,27756,0,commons/St._Paul's_Cathedral_at_night/0/pictures/London_(3592983725).jpg
St._Paul's_Cathedral,27756,0,commons/St._Paul's_Cathedral_at_night/0/pictures/London_Bridge_and_St._Paul's_(33401912211).jpg
St._Paul's_Cathedral,27756,0,commons/St._Paul's_Cathedral_at_night/0/pictures/London_by_night.jpg
St._Paul's_Cathedral,27756,0,commons/St._Paul's_Cathedral_at_night/0/pictures/London_Millenium_Bridge_Tate_Modern_Museum_Saint_Paul's_Cathedral_Tamise_River_Night_Explore_Image_Picture_Long_pose_(16484823825).jpg
St._Paul's_Cathedral,27756,0,commons/St._Paul's_Cathedral_at_night/0/pictures/London_Legal_Walk_(14047393657).jpg
St._Paul's_Cathedral,27756,0,commons/St._Paul's_Cathedral_at_night/0/pictures/Millenium_Bridge_to_St.Paul_-_Flickr_-_bru76.jpg
St._Paul's_Cathedral,27756,0,commons/St._Paul's_Cathedral_at_night/0/pictures/Millennium_Bridge_2015.jpg
St._Paul's_Cathedral,27756,0,commons/St._Paul's_Cathedral_at_night/0/pictures/Millennium_Bridge_at_night.jpg
St._Paul's_Cathedral,27756,0,commons/St._Paul's_Cathedral_at_night/0/pictures/Millennium_Bridge_rup11.jpg
St._Paul's_Cathedral,27756,0,"commons/St._Paul's_Cathedral_at_night/0/pictures/Millennium_Bridge,_London_2010-1.jpg"
St._Paul's_Cathedral,27756,0,commons/St._Paul's_Cathedral_at_night/0/pictures/Paints_of_the_night_city_-_panoramio.jpg
St._Paul's_Cathedral,27756,0,"commons/St._Paul's_Cathedral_at_night/0/pictures/Saint_paul,_vista.JPG"
St._Paul's_Cathedral,27756,0,commons/St._Paul's_Cathedral_at_night/0/pictures/St_Paul's_Cathedral_(29353385082).jpg
St._Paul's_Cathedral,27756,0,commons/St._Paul's_Cathedral_at_night/0/pictures/St_Paul's_Cathedral_2010-4.jpg
St._Paul's_Cathedral,27756,0,commons/St._Paul's_Cathedral_at_night/0/pictures/St_Paul's_At_Night_(4420010048).jpg
St._Paul's_Cathedral,27756,0,commons/St._Paul's_Cathedral_at_night/0/pictures/St_Paul's_Cathedral_at_night_-_geograph.org.uk_-_5419507.jpg
St._Paul's_Cathedral,27756,0,commons/St._Paul's_Cathedral_at_night/0/pictures/St_Paul's_Cathedral_at_night_-_geograph.org.uk_-_3211326.jpg
St._Paul's_Cathedral,27756,0,"commons/St._Paul's_Cathedral_at_night/0/pictures/St_Paul's_Cathedral_from_the_Millennium_Bridge,_London,_SE1_-_geograph.org.uk_-_3820963.jpg"
St._Paul's_Cathedral,27756,0,commons/St._Paul's_Cathedral_at_night/0/pictures/St_Paul's_Cathedral_by_night.JPG
St._Paul's_Cathedral,27756,0,commons/St._Paul's_Cathedral_at_night/0/pictures/St_Paul's_Cathedral_2010-6.jpg
St._Paul's_Cathedral,27756,0,commons/St._Paul's_Cathedral_at_night/0/pictures/St_Paul's_at_night_-_geograph.org.uk_-_1545497.jpg
St._Paul's_Cathedral,27756,0,commons/St._Paul's_Cathedral_at_night/0/pictures/St_Paul's_Dome_on_fire_(29157081860).jpg
St._Paul's_Cathedral,27756,0,"commons/St._Paul's_Cathedral_at_night/0/pictures/St_Paul's_Cathedral,_30_October_2013.jpg"
St._Paul's_Cathedral,27756,0,commons/St._Paul's_Cathedral_at_night/0/pictures/St_Paul-s_Cathedral_(12008327503).jpg
St._Paul's_Cathedral,27756,0,commons/St._Paul's_Cathedral_at_night/0/pictures/St_Paul's_after_dark_(49558676646).jpg
St._Paul's_Cathedral,27756,0,"commons/St._Paul's_Cathedral_at_night/0/pictures/St_Paul's_Cathedral,_London_Christmas_tree_(23741102432).jpg"
St._Paul's_Cathedral,27756,0,commons/St._Paul's_Cathedral_at_night/0/pictures/St_Pauls_Cathedral_-_panoramio.jpg
St._Paul's_Cathedral,27756,0,commons/St._Paul's_Cathedral_at_night/0/pictures/St_Pauls_(8151709366).jpg
St._Paul's_Cathedral,27756,0,commons/St._Paul's_Cathedral_at_night/0/pictures/St_Pauls_Cathedral_Street_Night_Cannon_Street.jpg
St._Paul's_Cathedral,27756,0,commons/St._Paul's_Cathedral_at_night/0/pictures/St_Pauls_Cathedral_Street_Night_Ludgate_Hill.jpg
St._Paul's_Cathedral,27756,0,commons/St._Paul's_Cathedral_at_night/0/pictures/St_Pauls_Cathedral_by_Conradsphotos.jpg
St._Paul's_Cathedral,27756,0,commons/St._Paul's_Cathedral_at_night/0/pictures/St_Pauls_Church_traffic_lights_(Unsplash).jpg
St._Paul's_Cathedral,27756,0,commons/St._Paul's_Cathedral_at_night/0/pictures/St_Pauls_and_Millennium_Bridge_at_night.jpg
St._Paul's_Cathedral,27756,0,commons/St._Paul's_Cathedral_at_night/0/pictures/St_Pauls_at_Night.jpg
St._Paul's_Cathedral,27756,0,commons/St._Paul's_Cathedral_at_night/0/pictures/St_Pauls_Cathedral_at_night.jpg
St._Paul's_Cathedral,27756,0,commons/St._Paul's_Cathedral_at_night/0/pictures/St_Pauls_at_night_2.jpg
St._Paul's_Cathedral,27756,0,commons/St._Paul's_Cathedral_at_night/0/pictures/St_Pauls_at_night_1.jpg
St._Paul's_Cathedral,27756,0,commons/St._Paul's_Cathedral_at_night/0/pictures/St_pauls_london.JPG
St._Paul's_Cathedral,27756,0,commons/St._Paul's_Cathedral_at_night/0/pictures/St_Pauls_at_night.jpg
St._Paul's_Cathedral,27756,0,commons/St._Paul's_Cathedral_at_night/0/pictures/St_Pauls_at_night_3.jpg
St._Paul's_Cathedral,27756,0,commons/St._Paul's_Cathedral_at_night/0/pictures/St_Pauls_at_night_4.jpg
St._Paul's_Cathedral,27756,0,commons/St._Paul's_Cathedral_at_night/0/pictures/St_Pauls_at_night_BW_(3049706909).jpg
St._Paul's_Cathedral,27756,0,commons/St._Paul's_Cathedral_at_night/0/pictures/St_pauls_and_millennium_bridge.jpg
St._Paul's_Cathedral,27756,0,commons/St._Paul's_Cathedral_at_night/0/pictures/St-Pauls-Cathedral.jpg
St._Paul's_Cathedral,27756,0,commons/St._Paul's_Cathedral_at_night/0/pictures/St._Paul's_Cathedral_(1).jpg
St._Paul's_Cathedral,27756,0,commons/St._Paul's_Cathedral_at_night/0/pictures/St._Paul_Long_Exposure_(29528363330).jpg
St._Paul's_Cathedral,27756,0,commons/St._Paul's_Cathedral_at_night/0/pictures/St._Paul's_Cathedral_(11).jpg
St._Paul's_Cathedral,27756,0,commons/St._Paul's_Cathedral_at_night/0/pictures/St._Paul's_Cathedral_(2).jpg
St._Paul's_Cathedral,27756,0,commons/St._Paul's_Cathedral_at_night/0/pictures/St._Paul's_Cathedral_(4).jpg
St._Paul's_Cathedral,27756,0,commons/St._Paul's_Cathedral_at_night/0/pictures/St._Paul's_Cathedral_(5).jpg
St._Paul's_Cathedral,27756,0,commons/St._Paul's_Cathedral_at_night/0/pictures/St._Paul's_Cathedral_(7).jpg
St._Paul's_Cathedral,27756,0,commons/St._Paul's_Cathedral_at_night/0/pictures/St._Paul's_Cathedral_(6).jpg
St._Paul's_Cathedral,27756,0,commons/St._Paul's_Cathedral_at_night/0/pictures/St._Paul's_Cathedral_at_night.JPG
St._Paul's_Cathedral,27756,0,commons/St._Paul's_Cathedral_at_night/0/pictures/St._Paul's_Cathedral_at_Night_-_panoramio.jpg
St._Paul's_Cathedral,27756,0,"commons/St._Paul's_Cathedral_at_night/0/pictures/St._Paul's_Cathedral_at_night,_September_2022.jpg"
St._Paul's_Cathedral,27756,0,"commons/St._Paul's_Cathedral_at_night/0/pictures/St._Paul's_Cathedral,_London,_England_2008-01-19_(2279316379).jpg"
St._Paul's_Cathedral,27756,0,commons/St._Paul's_Cathedral_at_night/0/pictures/St._Paul's_Cathedral_from_Millennium_Bridge_-_panoramio.jpg
St._Paul's_Cathedral,27756,0,"commons/St._Paul's_Cathedral_at_night/0/pictures/St._Paul's_Cathedral,_EC4_-_geograph.org.uk_-_2187574.jpg"
St._Paul's_Cathedral,27756,0,commons/St._Paul's_Cathedral_at_night/0/pictures/St._Paul's_Cathedral_-_geograph.org.uk_-_3739073.jpg
St._Paul's_Cathedral,27756,0,commons/St._Paul's_Cathedral_at_night/0/pictures/St._Paul's_Cathedral_in_2017_at_night.jpg
St._Paul's_Cathedral,27756,0,"commons/St._Paul's_Cathedral_at_night/0/pictures/St._Paul's_Cathedral,_London,_England_2008-01-19_(2280106372).jpg"
St._Paul's_Cathedral,27756,0,commons/St._Paul's_Cathedral_at_night/0/pictures/St._Paul's_at_night.JPG
St._Paul's_Cathedral,27756,0,commons/St._Paul's_Cathedral_at_night/0/pictures/St._Paul's_cathedral_-_geograph.org.uk_-_2704116.jpg
St._Paul's_Cathedral,27756,0,commons/St._Paul's_Cathedral_at_night/0/pictures/St._Pauls_Cathedral_(10125452815).jpg
St._Paul's_Cathedral,27756,0,commons/St._Paul's_Cathedral_at_night/0/pictures/St._Paul’s_Cathedral_at_night_-_panoramio.jpg
St._Paul's_Cathedral,27756,0,commons/St._Paul's_Cathedral_at_night/0/pictures/St._Pauls_Cathedral_(10125451155).jpg
St._Paul's_Cathedral,27756,0,commons/St._Paul's_Cathedral_at_night/0/pictures/St._Paul's_from_Ludgate_Hill_-_geograph.org.uk_-_2704105.jpg
St._Paul's_Cathedral,27756,0,commons/St._Paul's_Cathedral_at_night/0/pictures/The_south_tower_and_clock_on_the_west_front_of_St._Paul's_Cathedral_-_geograph.org.uk_-_1274687.jpg
St._Paul's_Cathedral,27756,0,commons/St._Paul's_Cathedral_at_night/0/pictures/The_west_front_of_St._Paul's_Cathedral_-_geograph.org.uk_-_1274664.jpg
St._Paul's_Cathedral,27756,0,commons/St._Paul's_Cathedral_at_night/0/pictures/The_South_Bank_by_night_(14047058939).jpg
St._Paul's_Cathedral,27756,0,"commons/St._Paul's_Cathedral_at_night/0/pictures/Thatchers_funeral,_Security_checks_all_night.jpg"
St._Paul's_Cathedral,27756,0,commons/St._Paul's_Cathedral_at_night/0/pictures/View_of_St._Paul's_Cathedral_at_night_from_the_north_end_of_the_Millennium_Bridge_-_geograph.org.uk_-_1502639.jpg
St._Paul's_Cathedral,27756,0,commons/St._Paul's_Cathedral_at_night/0/pictures/Сабор_Святога_Паўла_ўначы_01.JPG
St._Paul's_Cathedral,27756,0,commons/St._Paul's_Cathedral_at_night/0/pictures/View_of_St_Paul's_Cathedral_and_Thames_by_night_2.jpg
St._Paul's_Cathedral,27756,0,commons/St._Paul's_Cathedral_at_night/0/pictures/View_of_St_Paul's_Cathedral_and_Thames_by_night.jpg
St._Paul's_Cathedral,27756,0,commons/St._Paul's_Cathedral_at_night/0/pictures/Wikimania_2014_-_0802_-_Saint_Paul's_accross_Millenium_Bridge_-_Night220352.jpg
St._Paul's_Cathedral,27756,0,commons/St._Paul's_Cathedral_at_night/0/pictures/Собор_Святого_Павла._Лондон.jpg
St._Paul's_Cathedral,27756,0,"commons/St._Paul's_Cathedral_at_sunset/0/pictures/Blackfriars_Bridge,_River_Thames,_London,_with_St_Pauls_Cathedral.jpg"
St._Paul's_Cathedral,27756,0,commons/St._Paul's_Cathedral_at_night/0/pictures/St._Pauls_Cathedral_on_a_Winter's_Night_-_panoramio.jpg
St._Paul's_Cathedral,27756,0,commons/St._Paul's_Cathedral_at_night/0/pictures/View_from_Waterloo_Bridge_(8120308789).jpg
St._Paul's_Cathedral,27756,0,commons/St._Paul's_Cathedral_at_sunset/0/pictures/Flats_by_the_Thames_-_geograph.org.uk_-_617543.jpg
St._Paul's_Cathedral,27756,0,commons/St._Paul's_Cathedral_at_night/0/pictures/Сабор_Святога_Паўла_ўначы_03.JPG
St._Paul's_Cathedral,27756,0,commons/St._Paul's_Cathedral_at_sunset/0/pictures/St_Paul_Cathedral_-_Sunset.jpg
St._Paul's_Cathedral,27756,0,commons/St._Paul's_Cathedral_at_night/0/pictures/Собор_Святого_Павла_(Лондон).jpg
St._Paul's_Cathedral,27756,0,commons/St._Paul's_Cathedral_at_sunset/0/pictures/2017_St._Paul's_Cathedral_from_the_south.jpg
St._Paul's_Cathedral,27756,0,commons/St._Paul's_Cathedral_at_sunset/0/pictures/London_(12586655744).jpg
St._Paul's_Cathedral,27756,0,commons/St._Paul's_Cathedral_at_sunset/0/pictures/Looking_up_at_St_Paul's_Cathedral_from_Distaff_Lane_-_geograph.org.uk_-_3090717.jpg
St._Paul's_Cathedral,27756,0,commons/St._Paul's_Cathedral_at_sunset/0/pictures/London_St_Paul.jpg
St._Paul's_Cathedral,27756,0,commons/St._Paul's_Cathedral_at_sunset/0/pictures/St_Paul's_Cathedral_-_geograph.org.uk_-_3125711.jpg
St._Paul's_Cathedral,27756,0,commons/St._Paul's_Cathedral_at_sunset/0/pictures/St_Paul's_Cathedral_at_sunset_-_geograph.org.uk_-_3090727.jpg
St._Paul's_Cathedral,27756,0,commons/St._Paul's_Cathedral_at_sunset/0/pictures/St_Paul's_Cathedral_from_Tate_Modern_2018-01-31.jpg
St._Paul's_Cathedral,27756,0,commons/St._Paul's_Cathedral_at_sunset/0/pictures/St_Paul's_Cathedral_and_Church_London.jpg
St._Paul's_Cathedral,27756,0,commons/St._Paul's_Cathedral_at_sunset/0/pictures/St_Paul's_Cathedral_lighting_up_at_dusk_-_geograph.org.uk_-_3090801.jpg
St._Paul's_Cathedral,27756,0,commons/St._Paul's_Cathedral_at_sunset/0/pictures/St_Pauls_Cathedral_Dome_at_Sunset.jpg
St._Paul's_Cathedral,27756,0,commons/St._Paul's_Cathedral_at_sunset/0/pictures/Sunset_behind_St_Paul's_Cathedral_-_geograph.org.uk_-_4388347.jpg
St._Paul's_Cathedral,27756,0,commons/St._Paul's_Cathedral_at_sunset/0/pictures/St_Paul's_Cathedral_-_2022-10-14.jpg
St._Paul's_Cathedral,27756,0,commons/St._Paul's_Cathedral_at_sunset/0/pictures/St_Paul's_at_sunset.jpg
St._Paul's_Cathedral,27756,0,commons/St._Paul's_Cathedral_at_sunset/0/pictures/View_from_the_terrace_of_the_Madison_Restaurant_-_geograph.org.uk_-_4388798.jpg
St._Paul's_Cathedral,27756,0,commons/St._Paul's_Cathedral_at_sunset/0/pictures/Sunset_over_St_Paul's_Cathedral_and_City_of_London_(49172078228).jpg
St._Paul's_Cathedral,27756,0,commons/St._Paul's_Cathedral_at_sunset/0/pictures/UK_-_35_-_St._Pauls_Catherdral_(2997872060).jpg
St._Paul's_Cathedral,27756,0,"commons/St._Paul's_Cathedral_detail/0/pictures/Columns_at_St_Paul's_Cathedral,_St_Paul's_Churchyard_EC4_-_geograph.org.uk_-_1272017.jpg"
St._Paul's_Cathedral,27756,0,commons/St._Paul's_Cathedral_at_sunset/0/pictures/Summer_Evening_with_St_Paul_Cathedral.jpg
St._Paul's_Cathedral,27756,0,commons/St._Paul's_Cathedral_detail/0/pictures/Anne_of_Great_Britain_St_Paul's.jpg
St._Paul's_Cathedral,27756,0,commons/St._Paul's_Cathedral_detail/0/pictures/005SFEC_ST.PAULS_CATHEDRAL-200705.JPG
St._Paul's_Cathedral,27756,0,commons/St._Paul's_Cathedral_detail/0/pictures/Anne_of_Great_Britain_St_Paul's_2.jpg
St._Paul's_Cathedral,27756,0,"commons/St._Paul's_Cathedral_detail/0/pictures/Corinthian_columns,_St_Paul's_Cathedral_-_geograph.org.uk_-_4173778.jpg"
St._Paul's_Cathedral,27756,0,commons/St._Paul's_Cathedral_detail/0/pictures/A_view_of_St_Paul's.jpg
St._Paul's_Cathedral,27756,0,commons/St._Paul's_Cathedral_detail/0/pictures/EH1079157_St_Paul's_Cathedral_02.jpg
St._Paul's_Cathedral,27756,0,commons/St._Paul's_Cathedral_detail/0/pictures/'THE_BARONESS'_-_Army_Photographic_Competition_2013_MOD_45157254.jpg
St._Paul's_Cathedral,27756,0,commons/St._Paul's_Cathedral_detail/0/pictures/EH1079157_St_Paul's_Cathedral_06.jpg
St._Paul's_Cathedral,27756,0,"commons/St._Paul's_Cathedral_detail/0/pictures/Columns_at_St_Paul's_Cathedral,_St_Paul's_in_spring_2013_(1).JPG"
St._Paul's_Cathedral,27756,0,commons/St._Paul's_Cathedral_dome_(exterior)/0/pictures/2017_Exterior_of_St._Paul's_Cathedral_02.jpg
St._Paul's_Cathedral,27756,0,commons/St._Paul's_Cathedral_dome_(exterior)/0/pictures/001SFEC_ST.PAULS_CATHEDRAL-200705.JPG
St._Paul's_Cathedral,27756,0,commons/St._Paul's_Cathedral_dome_(exterior)/0/pictures/Catedral_de_St_Paul.jpg
St._Paul's_Cathedral,27756,0,commons/St._Paul's_Cathedral_dome_(exterior)/0/pictures/Bread_Street_EC4_(27115626826).jpg
St._Paul's_Cathedral,27756,0,commons/St._Paul's_Cathedral_dome_(exterior)/0/pictures/Baroque_Symmetry_-_geograph.org.uk_-_2701396.jpg
St._Paul's_Cathedral,27756,0,commons/St._Paul's_Cathedral_dome_(exterior)/0/pictures/City_of_London_School_and_St_Paul's_Cathedral_-_geograph.org.uk_-_4345521.jpg
St._Paul's_Cathedral,27756,0,commons/St._Paul's_Cathedral_dome_(exterior)/0/pictures/Cattedrale_di_San_Paul_-_panoramio_(1).jpg
St._Paul's_Cathedral,27756,0,commons/St._Paul's_Cathedral_dome_(exterior)/0/pictures/Cathédrale_St-Paul_-_coupole.jpg
St._Paul's_Cathedral,27756,0,"commons/St._Paul's_Cathedral_dome_(exterior)/0/pictures/London_,_City_of_London_-_Saint_Paul's_Cathedral_-_geograph.org.uk_-_1225316.jpg"
St._Paul's_Cathedral,27756,0,commons/St._Paul's_Cathedral_dome_(exterior)/0/pictures/John_Donne_at_St_Paul's_(41617651930).jpg
St._Paul's_Cathedral,27756,0,"commons/St._Paul's_Cathedral_dome_(exterior)/0/pictures/Fleet_Street,_London_-_geograph.org.uk_-_4759341.jpg"
St._Paul's_Cathedral,27756,0,commons/St._Paul's_Cathedral_dome_(exterior)/0/pictures/London_-_Domes_of_Saint_Paul’s_Cathedral_-_panoramio_(1).jpg
St._Paul's_Cathedral,27756,0,commons/St._Paul's_Cathedral_dome_(exterior)/0/pictures/London_-_Domes_of_Saint_Paul’s_Cathedral_-_panoramio_(2).jpg
St._Paul's_Cathedral,27756,0,"commons/St._Paul's_Cathedral_dome_(exterior)/0/pictures/Saint_Paul's_cathedral,_London.jpg"
St._Paul's_Cathedral,27756,0,commons/St._Paul's_Cathedral_dome_(exterior)/0/pictures/Sing_if_You_Like_Church!_(4899504266).jpg
St._Paul's_Cathedral,27756,0,commons/St._Paul's_Cathedral_dome_(exterior)/0/pictures/St_Paul's_Cathedral_-_geograph.org.uk_-_4455130.jpg
St._Paul's_Cathedral,27756,0,commons/St._Paul's_Cathedral_dome_(exterior)/0/pictures/St_Paul's_Cathedral_-_geograph.org.uk_-_4455137.jpg
St._Paul's_Cathedral,27756,0,commons/St._Paul's_Cathedral_dome_(exterior)/0/pictures/St_Paul's_Cathedral_-_London.jpg
St._Paul's_Cathedral,27756,0,commons/St._Paul's_Cathedral_dome_(exterior)/0/pictures/St_Paul's_Cathedral_00_(40).JPG
St._Paul's_Cathedral,27756,0,commons/St._Paul's_Cathedral_dome_(exterior)/0/pictures/St_Paul's_Cathedral_05.JPG
St._Paul's_Cathedral,27756,0,commons/St._Paul's_Cathedral_dome_(exterior)/0/pictures/St_Paul's_Cathedral_Dome_-_geograph.org.uk_-_2701241.jpg
St._Paul's_Cathedral,27756,0,"commons/St._Paul's_Cathedral_dome_(exterior)/0/pictures/St_Paul's_Cathedral,_City_of_London_-_geograph.org.uk_-_4540549.jpg"
St._Paul's_Cathedral,27756,0,commons/St._Paul's_Cathedral_dome_(exterior)/0/pictures/St_Paul's_Cathedral_lighting_up_at_dusk_-_geograph.org.uk_-_3090801.jpg
St._Paul's_Cathedral,27756,0,"commons/St._Paul's_Cathedral_dome_(exterior)/0/pictures/St_Paul's_Cathedral,_London,_UK_(2014)_-_02.JPG"
St._Paul's_Cathedral,27756,0,commons/St._Paul's_Cathedral_dome_(exterior)/0/pictures/St_Paul's_Dome_(sunny).JPG
St._Paul's_Cathedral,27756,0,commons/St._Paul's_Cathedral_dome_(exterior)/0/pictures/St_Paul's_from_Millennium_Bridge.jpg
St._Paul's_Cathedral,27756,0,commons/St._Paul's_Cathedral_dome_(exterior)/0/pictures/St_Pauls_Cathedral_in_London.jpg
St._Paul's_Cathedral,27756,0,commons/St._Paul's_Cathedral_dome_(exterior)/0/pictures/St_paul's_-1-.jpg
St._Paul's_Cathedral,27756,0,commons/St._Paul's_Cathedral_dome_(exterior)/0/pictures/St._Paul's_Cathedral_-_geograph.org.uk_-_1400555.jpg
St._Paul's_Cathedral,27756,0,"commons/St._Paul's_Cathedral_dome_(exterior)/0/pictures/St._Paul's_Cathedral_III,_EC4_-_geograph.org.uk_-_920743.jpg"
St._Paul's_Cathedral,27756,0,commons/St._Paul's_Cathedral_dome_(exterior)/0/pictures/St._Pauls_Cathedral_-_panoramio_(1).jpg
St._Paul's_Cathedral,27756,0,commons/St._Paul's_Cathedral_dome_(exterior)/0/pictures/Sunset_over_St_Paul's_Cathedral_and_City_of_London_(49172078228).jpg
St._Paul's_Cathedral,27756,0,commons/St._Paul's_Cathedral_dome_(exterior)/0/pictures/The_spires_and_dome_of_St_Paul's_Cathedral_-_geograph.org.uk_-_2198258.jpg
St._Paul's_Cathedral,27756,0,commons/St._Paul's_Cathedral_dome_(exterior)/0/pictures/View_of_St_Paul's_Cathedral_from_Paternoster_Square_-_geograph.org.uk_-_4017997.jpg
St._Paul's_Cathedral,27756,0,commons/St._Paul's_Cathedral_dome_(exterior)/0/pictures/View_of_St._Paul's_Cathedral_from_Cheapside_^3_-_geograph.org.uk_-_5147938.jpg
St._Paul's_Cathedral,27756,0,"commons/St._Paul's_Cathedral_from_Ludgate_Hill/0/pictures/Cathedral_Church_of_St_Paul,_2001.jpg"
St._Paul's_Cathedral,27756,0,commons/St._Paul's_Cathedral_from_Ludgate_Hill/0/pictures/London-StPaulsClockTower.jpg
St._Paul's_Cathedral,27756,0,commons/St._Paul's_Cathedral_from_Ludgate_Hill/0/pictures/Flickr_-_Duncan~_-_St_Paul's_steps_^1.jpg
St._Paul's_Cathedral,27756,0,commons/St._Paul's_Cathedral_from_Ludgate_Hill/0/pictures/Ludgate_Hill_EC4_and_St_Paul's_Cathedral_-_geograph.org.uk_-_1275116.jpg
St._Paul's_Cathedral,27756,0,commons/St._Paul's_Cathedral_from_Ludgate_Hill/0/pictures/Ludgate_Hill_-_geograph.org.uk_-_982.jpg
St._Paul's_Cathedral,27756,0,"commons/St._Paul's_Cathedral_from_Ludgate_Hill/0/pictures/Ludgate_Hill,_EC4_-_geograph.org.uk_-_701849.jpg"
St._Paul's_Cathedral,27756,0,commons/St._Paul's_Cathedral_from_Ludgate_Hill/0/pictures/St_Paul's_Cathedral_-_geograph.org.uk_-_2952893.jpg
St._Paul's_Cathedral,27756,0,commons/St._Paul's_Cathedral_from_Ludgate_Hill/0/pictures/Saint.pauls.from.ludgate.hill.arp.750pix.jpg
St._Paul's_Cathedral,27756,0,commons/St._Paul's_Cathedral_from_Ludgate_Hill/0/pictures/EH1079157_St_Paul's_Cathedral_20.jpg
St._Paul's_Cathedral,27756,0,commons/St._Paul's_Cathedral_from_Ludgate_Hill/0/pictures/Looking_up_Ludgate_Hill_to_St_Paul's_Cathedral_-_geograph.org.uk_-_2198252.jpg
St._Paul's_Cathedral,27756,0,commons/St._Paul's_Cathedral_from_Ludgate_Hill/0/pictures/Looking_up_Ludgate_Hill_to_St_Paul's_Cathedral_-_geograph.org.uk_-_2198251.jpg
St._Paul's_Cathedral,27756,0,commons/St._Paul's_Cathedral_from_Ludgate_Hill/0/pictures/London_-_Ludgate_Hill_-_View_on_St._Paul's_Cathedral.jpg
St._Paul's_Cathedral,27756,0,commons/St._Paul's_Cathedral_from_Ludgate_Hill/0/pictures/London_St_Paul's_Cathedral_-_panoramio_(2).jpg
St._Paul's_Cathedral,27756,0,commons/St._Paul's_Cathedral_from_Ludgate_Hill/0/pictures/St_Paul's_Cathedral_2012.jpg
St._Paul's_Cathedral,27756,0,commons/St._Paul's_Cathedral_from_Ludgate_Hill/0/pictures/St_Paul's_Cathedral_-_panoramio.jpg
St._Paul's_Cathedral,27756,0,"commons/St._Paul's_Cathedral_from_Ludgate_Hill/0/pictures/St_Paul's_Cathedral,_London,_UK_(2014)_-_01.JPG"
St._Paul's_Cathedral,27756,0,commons/St._Paul's_Cathedral_from_Ludgate_Hill/0/pictures/St_Paul's_Cathedral.JPG
St._Paul's_Cathedral,27756,0,commons/St._Paul's_Cathedral_from_Ludgate_Hill/0/pictures/St._Paul's_Cathedral_-_geograph.org.uk_-_1287407.jpg
St._Paul's_Cathedral,27756,0,"commons/St._Paul's_Cathedral_from_Ludgate_Hill/0/pictures/St_Paul's_Cathedral,_London,_UK_(2014)_-_02.JPG"
St._Paul's_Cathedral,27756,0,"commons/St._Paul's_Cathedral_from_Ludgate_Hill/0/pictures/St._Paul's_Cathedral,_West_Front,_from_Ludgate_Hill_-_geograph.org.uk_-_525122.jpg"
St._Paul's_Cathedral,27756,0,commons/St._Paul's_Cathedral_from_Ludgate_Hill/0/pictures/St._Paul_Cathedral_-_panoramio_(1).jpg
St._Paul's_Cathedral,27756,0,commons/St._Paul's_Cathedral_from_Ludgate_Hill/0/pictures/St_Pauls_Cathedral_viewed_from_a_distance..jpg
St._Paul's_Cathedral,27756,0,commons/St._Paul's_Cathedral_from_Ludgate_Hill/0/pictures/St._Paul's_Cathedral_an_Sylvester_2009_-_panoramio.jpg
St._Paul's_Cathedral,27756,0,commons/St._Paul's_Cathedral_from_Ludgate_Hill/0/pictures/St_Paul's_west_facade_2020.jpg
St._Paul's_Cathedral,27756,0,commons/St._Paul's_Cathedral_from_Ludgate_Hill/0/pictures/StPauls5.jpg
St._Paul's_Cathedral,27756,0,commons/St._Paul's_Cathedral_from_Peter's_Hill/0/pictures/Approaching_St_Paul's_Cathedral_-_geograph.org.uk_-_3677603.jpg
St._Paul's_Cathedral,27756,0,commons/St._Paul's_Cathedral_from_Ludgate_Hill/0/pictures/St_Pauls_Cathedral_4_(8013467462).jpg
St._Paul's_Cathedral,27756,0,commons/St._Paul's_Cathedral_from_Ludgate_Hill/0/pictures/West_facade_of_St_Paul's_Cathedral_2011.jpg
St._Paul's_Cathedral,27756,0,commons/St._Paul's_Cathedral_from_Peter's_Hill/0/pictures/Approaching_St_Paul's_Cathedral_-_geograph.org.uk_-_5152677.jpg
St._Paul's_Cathedral,27756,0,commons/St._Paul's_Cathedral_from_Peter's_Hill/0/pictures/2006-03-04_-_United_Kingdom_-_England_-_London_-_St_Paul's_Cathedral_-_Religion_-_Black_and_White_4888154845.jpg
St._Paul's_Cathedral,27756,0,commons/St._Paul's_Cathedral_from_Peter's_Hill/0/pictures/Cathedral_Church_of_St_Paul's_-_geograph.org.uk_-_2238655.jpg
St._Paul's_Cathedral,27756,0,commons/St._Paul's_Cathedral_from_Ludgate_Hill/0/pictures/St._Paul's_Cathedral_from_Ludgate_Hill.jpg
St._Paul's_Cathedral,27756,0,commons/St._Paul's_Cathedral_from_Peter's_Hill/0/pictures/Cathedral_of_st._Paul.JPG
St._Paul's_Cathedral,27756,0,commons/St._Paul's_Cathedral_from_Peter's_Hill/0/pictures/City.of.london.st.pauls.arp.500pix.jpg
St._Paul's_Cathedral,27756,0,commons/St._Paul's_Cathedral_from_Peter's_Hill/0/pictures/002SFEC_ST.PAULS_CATHEDRAL-200705.JPG
St._Paul's_Cathedral,27756,0,commons/St._Paul's_Cathedral_from_Peter's_Hill/0/pictures/003SFEC_ST.PAULS_CATHEDRAL-200705.JPG
St._Paul's_Cathedral,27756,0,"commons/St._Paul's_Cathedral_from_Peter's_Hill/0/pictures/City_of_London,_London,_UK_-_panoramio_-_IIya_Kuzhekin_(36).jpg"
St._Paul's_Cathedral,27756,0,commons/St._Paul's_Cathedral_from_Peter's_Hill/0/pictures/Cathedrale_st_paul_à_londres.jpg
St._Paul's_Cathedral,27756,0,"commons/St._Paul's_Cathedral_from_Peter's_Hill/0/pictures/City_of_London,_London,_UK_-_panoramio_(74).jpg"
St._Paul's_Cathedral,27756,0,commons/St._Paul's_Cathedral_from_Peter's_Hill/0/pictures/CATHEDRAL_CHURCH_OF_ST_PAUL_DSC_7037.jpg
St._Paul's_Cathedral,27756,0,commons/St._Paul's_Cathedral_from_Peter's_Hill/0/pictures/Autumn_in_London_(4038268212).jpg
St._Paul's_Cathedral,27756,0,commons/St._Paul's_Cathedral_from_Peter's_Hill/0/pictures/DCS_0825_(3948167854).jpg
St._Paul's_Cathedral,27756,0,commons/St._Paul's_Cathedral_from_Peter's_Hill/0/pictures/Peter's_Hill_and_St._Paul's_from_the_Millennium_Bridge_-_geograph.org.uk_-_525352.jpg
St._Paul's_Cathedral,27756,0,commons/St._Paul's_Cathedral_from_Peter's_Hill/0/pictures/Peter's_Hill_leading_to_St_Paul's_-_geograph.org.uk_-_2283408.jpg
St._Paul's_Cathedral,27756,0,commons/St._Paul's_Cathedral_from_Peter's_Hill/0/pictures/Jmw-StPaulsCathedral-2011-0002.JPG
St._Paul's_Cathedral,27756,0,commons/St._Paul's_Cathedral_from_Peter's_Hill/0/pictures/Dome_of_St._Paul_Cathedral_from_Peter's_Hill.jpg
St._Paul's_Cathedral,27756,0,commons/St._Paul's_Cathedral_from_Peter's_Hill/0/pictures/Saint_Paul_(35053364981).jpg
St._Paul's_Cathedral,27756,0,commons/St._Paul's_Cathedral_from_Peter's_Hill/0/pictures/Saint_Paul's_Cathedral_-_panoramio.jpg
St._Paul's_Cathedral,27756,0,commons/St._Paul's_Cathedral_from_Peter's_Hill/0/pictures/Millennium_Bridge_&_St._Pauls2.jpg
St._Paul's_Cathedral,27756,0,commons/St._Paul's_Cathedral_from_Peter's_Hill/0/pictures/St_Paul's_-_geograph.org.uk_-_1013223.jpg
St._Paul's_Cathedral,27756,0,"commons/St._Paul's_Cathedral_from_Peter's_Hill/0/pictures/Peter's_Hill,_City_of_London,_30_May_2011.jpg"
St._Paul's_Cathedral,27756,0,"commons/St._Paul's_Cathedral_from_Peter's_Hill/0/pictures/Peter's_Hill,_London_-_DSC08166.JPG"
St._Paul's_Cathedral,27756,0,commons/St._Paul's_Cathedral_from_Peter's_Hill/0/pictures/St_Paul's_Cathedral_-_geograph.org.uk_-_1571929.jpg
St._Paul's_Cathedral,27756,0,commons/St._Paul's_Cathedral_from_Peter's_Hill/0/pictures/SaintPaulsCathedral.jpg
St._Paul's_Cathedral,27756,0,"commons/St._Paul's_Cathedral_from_Peter's_Hill/0/pictures/St_Paul's_Cathedral,_London_-_geograph.org.uk_-_674462.jpg"
St._Paul's_Cathedral,27756,0,commons/St._Paul's_Cathedral_from_Peter's_Hill/0/pictures/St_Paul's_Cathedral_00_(4).JPG
St._Paul's_Cathedral,27756,0,"commons/St._Paul's_Cathedral_from_Peter's_Hill/0/pictures/South_facade_of_St_Paul's_Cathedral,_London,_UK_-_20130627.jpg"
St._Paul's_Cathedral,27756,0,commons/St._Paul's_Cathedral_from_Peter's_Hill/0/pictures/St_Paul's_Cathedral_2013-09-15_21-57-30.jpg
St._Paul's_Cathedral,27756,0,"commons/St._Paul's_Cathedral_from_Peter's_Hill/0/pictures/St_Paul's_Cathedral,_London,_UK_(2014)_-_16.JPG"
St._Paul's_Cathedral,27756,0,commons/St._Paul's_Cathedral_from_Peter's_Hill/0/pictures/St_Paul's_Cathedral_-_City_Of_London._(4834708277).jpg
St._Paul's_Cathedral,27756,0,"commons/St._Paul's_Cathedral_from_Peter's_Hill/0/pictures/St_Paul's_Cathedral,_London,_UK_(2014)_-_30.JPG"
St._Paul's_Cathedral,27756,0,commons/St._Paul's_Cathedral_from_Peter's_Hill/0/pictures/South_facade_of_St_Paul's_Cathedral.jpg
St._Paul's_Cathedral,27756,0,"commons/St._Paul's_Cathedral_from_Peter's_Hill/0/pictures/St_Paul's_Cathedral,_London,_UK_(2014)_-_17.JPG"
St._Paul's_Cathedral,27756,0,commons/St._Paul's_Cathedral_from_Peter's_Hill/0/pictures/St_Pauls_Cathedral_-_panoramio.jpg
St._Paul's_Cathedral,27756,0,"commons/St._Paul's_Cathedral_from_Peter's_Hill/0/pictures/St_Pauls_Cathedral,_London_-_geograph.org.uk_-_426568.jpg"
St._Paul's_Cathedral,27756,0,commons/St._Paul's_Cathedral_from_Peter's_Hill/0/pictures/St_Pauls_Cathedral_September_2016.jpg
St._Paul's_Cathedral,27756,0,commons/St._Paul's_Cathedral_from_Peter's_Hill/0/pictures/St_Pauls_(8176193686).jpg
St._Paul's_Cathedral,27756,0,commons/St._Paul's_Cathedral_from_Peter's_Hill/0/pictures/St._Paul's_Cathedral_-_geograph.org.uk_-_1163270.jpg
St._Paul's_Cathedral,27756,0,commons/St._Paul's_Cathedral_from_Peter's_Hill/0/pictures/St._Paul's_Cathedral_-_geograph.org.uk_-_1281501.jpg
St._Paul's_Cathedral,27756,0,commons/St._Paul's_Cathedral_from_Peter's_Hill/0/pictures/St_Pauls_(7939866032).jpg
St._Paul's_Cathedral,27756,0,"commons/St._Paul's_Cathedral_from_Peter's_Hill/0/pictures/St_Paul's_Cathedral,_south_face,_from_Peter's_Hill,_Aug_2010.jpg"
St._Paul's_Cathedral,27756,0,commons/St._Paul's_Cathedral_from_Peter's_Hill/0/pictures/St_Pauls_Cathederal_-_panoramio.jpg
St._Paul's_Cathedral,27756,0,commons/St._Paul's_Cathedral_from_Peter's_Hill/0/pictures/St_Pauls_-_panoramio_(3).jpg
St._Paul's_Cathedral,27756,0,commons/St._Paul's_Cathedral_from_Peter's_Hill/0/pictures/StPaulsCathedralSouth.jpg
St._Paul's_Cathedral,27756,0,commons/St._Paul's_Cathedral_from_Peter's_Hill/0/pictures/St._Paul's_Cathedral_at_Night_-_panoramio.jpg
St._Paul's_Cathedral,27756,0,commons/St._Paul's_Cathedral_from_Peter's_Hill/0/pictures/St._Paul's_from_the_south_-_geograph.org.uk_-_3525723.jpg
St._Paul's_Cathedral,27756,0,commons/St._Paul's_Cathedral_from_Peter's_Hill/0/pictures/St_Pauls_Cathedral_Dome.JPG
St._Paul's_Cathedral,27756,0,commons/St._Paul's_Cathedral_from_Peter's_Hill/0/pictures/View_of_St._Paul's_Cathedral_at_night_from_the_north_end_of_the_Millennium_Bridge_-_geograph.org.uk_-_1502639.jpg
St._Paul's_Cathedral,27756,0,"commons/St._Paul's_Cathedral_from_Peter's_Hill/0/pictures/Thames_North_bank,_St_Paul's_reflected_-_panoramio.jpg"
St._Paul's_Cathedral,27756,0,commons/St._Paul's_Cathedral_from_Peter's_Hill/0/pictures/The_Salvation_Army_International_Headquarters_03.jpg
St._Paul's_Cathedral,27756,0,commons/St._Paul's_Cathedral_from_Peter's_Hill/0/pictures/Towards_St._Paul's_Cathedral_-_geograph.org.uk_-_4091545.jpg
St._Paul's_Cathedral,27756,0,commons/St._Paul's_Cathedral_from_Peter's_Hill/0/pictures/View_of_St._Paul's_Cathedral_from_Peter's_Hill_-_geograph.org.uk_-_5123871.jpg
St._Paul's_Cathedral,27756,0,commons/St._Paul's_Cathedral_from_The_Monument_to_the_Great_Fire_of_London/0/pictures/Busy_rebuilding_London_-_geograph.org.uk_-_1499925.jpg
St._Paul's_Cathedral,27756,0,commons/St._Paul's_Cathedral_from_Peter's_Hill/0/pictures/St._Pauls_Cathedral_with_dome.jpg
St._Paul's_Cathedral,27756,0,commons/St._Paul's_Cathedral_from_Peter's_Hill/0/pictures/View_of_St._Paul's_Cathedral_from_Peter's_Hill_^2_-_geograph.org.uk_-_5123892.jpg
St._Paul's_Cathedral,27756,0,commons/St._Paul's_Cathedral_from_Peter's_Hill/0/pictures/View_of_St._Paul's_Cathedral_from_Peter's_Hill_^3_-_geograph.org.uk_-_5123895.jpg
St._Paul's_Cathedral,27756,0,commons/St._Paul's_Cathedral_from_Peter's_Hill/0/pictures/St._Pauls_Cathedral_on_a_Winter's_Night_-_panoramio.jpg
St._Paul's_Cathedral,27756,0,commons/St._Paul's_Cathedral_from_The_Monument_to_the_Great_Fire_of_London/0/pictures/Cranes_(5114677201).jpg
St._Paul's_Cathedral,27756,0,commons/St._Paul's_Cathedral_from_Peter's_Hill/0/pictures/The_Faceless_Man_(7388862182).jpg
St._Paul's_Cathedral,27756,0,commons/St._Paul's_Cathedral_from_Peter's_Hill/0/pictures/UK_-_London_(30159283243).jpg
St._Paul's_Cathedral,27756,0,"commons/St._Paul's_Cathedral_from_The_Monument_to_the_Great_Fire_of_London/0/pictures/The_Monument,_London_-_view_3.jpg"
St._Paul's_Cathedral,27756,0,commons/St._Paul's_Cathedral_from_The_Monument_to_the_Great_Fire_of_London/0/pictures/Flickr_-_Duncan~_-_London.jpg
St._Paul's_Cathedral,27756,0,commons/St._Paul's_Cathedral_from_The_Monument_to_the_Great_Fire_of_London/0/pictures/Flickr_-_Duncan~_-_London_from_Monument_^3.jpg
St._Paul's_Cathedral,27756,0,"commons/St._Paul's_Cathedral_from_the_Shard_London_Bridge/0/pictures/A_view_from_'The_Shard',_London._-_panoramio.jpg"
St._Paul's_Cathedral,27756,0,commons/St._Paul's_Cathedral_from_The_Monument_to_the_Great_Fire_of_London/0/pictures/St_Paul's_Cathedral_from_Monument_2014.jpg
St._Paul's_Cathedral,27756,0,commons/St._Paul's_Cathedral_in_2001/0/pictures/Riverboat_Passing_St_Paul's_Cathedral._-_geograph.org.uk_-_123537.jpg
St._Paul's_Cathedral,27756,0,commons/St._Paul's_Cathedral_in_2002/0/pictures/Westportico-stpauls.jpg
St._Paul's_Cathedral,27756,0,commons/St._Paul's_Cathedral_from_the_Shard_London_Bridge/0/pictures/St_Paul's_Cathedral_seen_from_The_Shard._Evening_2019-09-22.jpg
St._Paul's_Cathedral,27756,0,"commons/St._Paul's_Cathedral_in_2003/0/pictures/St_Paul's_Cathedral,_London_-_geograph.org.uk_-_674462_cropped.jpg"
St._Paul's_Cathedral,27756,0,"commons/St._Paul's_Cathedral_in_2003/0/pictures/St_Paul's_Cathedral,_London_-_geograph.org.uk_-_674462.jpg"
St._Paul's_Cathedral,27756,0,commons/St._Paul's_Cathedral_in_2004/0/pictures/City.of.london.st.pauls.arp.500pix.jpg
St._Paul's_Cathedral,27756,0,commons/St._Paul's_Cathedral_in_2004/0/pictures/Paternoster_Square_-_geograph.org.uk_-_49962.jpg
St._Paul's_Cathedral,27756,0,commons/St._Paul's_Cathedral_from_the_Shard_London_Bridge/0/pictures/View_from_the_Shard_(19697001064).jpg
St._Paul's_Cathedral,27756,0,"commons/St._Paul's_Cathedral_in_2002/0/pictures/Saint_Paul's_Cathedral_Dome,_2_August_2002_-_panoramio.jpg"
St._Paul's_Cathedral,27756,0,commons/St._Paul's_Cathedral_in_2004/0/pictures/St-pauls-cathedral.jpg
St._Paul's_Cathedral,27756,0,commons/St._Paul's_Cathedral_from_the_Shard_London_Bridge/0/pictures/View_from_the_Shard_07.jpg
St._Paul's_Cathedral,27756,0,commons/St._Paul's_Cathedral_in_2005/0/pictures/London_by_night.jpg
St._Paul's_Cathedral,27756,0,commons/St._Paul's_Cathedral_in_2005/0/pictures/London_MBridgeUnder_By_DanBUK.jpg
St._Paul's_Cathedral,27756,0,commons/St._Paul's_Cathedral_in_2004/0/pictures/Saint_Paul's_Cathedral_2004_LTT_03_006.jpg
St._Paul's_Cathedral,27756,0,commons/St._Paul's_Cathedral_in_2005/0/pictures/Millenium_Bridge_to_St.Paul_-_Flickr_-_bru76.jpg
St._Paul's_Cathedral,27756,0,commons/St._Paul's_Cathedral_in_2004/0/pictures/London_Cathedrale_Saint-Paul_08052004_-_panoramio.jpg
St._Paul's_Cathedral,27756,0,commons/St._Paul's_Cathedral_in_2004/0/pictures/St_pauls_and_millennium_bridge.jpg
St._Paul's_Cathedral,27756,0,commons/St._Paul's_Cathedral_in_2005/0/pictures/Saint_Pauls_Cathedral_as_seen_from_Paternoster_Row_-_geograph.org.uk_-_77268.jpg
St._Paul's_Cathedral,27756,0,commons/St._Paul's_Cathedral_in_2005/0/pictures/Milennium_Bridge_-_panoramio.jpg
St._Paul's_Cathedral,27756,0,commons/St._Paul's_Cathedral_in_2005/0/pictures/St_Pauls_at_night.jpg
St._Paul's_Cathedral,27756,0,commons/St._Paul's_Cathedral_in_2005/0/pictures/St_Pauls_From_the_South.JPG
St._Paul's_Cathedral,27756,0,commons/St._Paul's_Cathedral_in_2005/0/pictures/St._Paul_-_panoramio.jpg
St._Paul's_Cathedral,27756,0,commons/St._Paul's_Cathedral_in_2005/0/pictures/Mill.bridge.from.tate.modern.arp.jpg
St._Paul's_Cathedral,27756,0,commons/St._Paul's_Cathedral_in_2005/0/pictures/St_Pauls_at_Night.jpg
St._Paul's_Cathedral,27756,0,commons/St._Paul's_Cathedral_in_2005/0/pictures/The_dome_of_St_Paul's_Cathedral_-_geograph.org.uk_-_54002.jpg
St._Paul's_Cathedral,27756,0,commons/St._Paul's_Cathedral_in_2005/0/pictures/St_Pauls_Cathedral_at_night.jpg
St._Paul's_Cathedral,27756,0,commons/St._Paul's_Cathedral_in_2006/0/pictures/(mentre_invece)_-_Flickr_-_fabbio.jpg
St._Paul's_Cathedral,27756,0,"commons/St._Paul's_Cathedral_in_2006/0/pictures/Columns_at_St_Paul's_Cathedral,_St_Paul's_Churchyard_EC4_-_geograph.org.uk_-_1272017.jpg"
St._Paul's_Cathedral,27756,0,commons/St._Paul's_Cathedral_in_2005/0/pictures/Thames_and_St._Pauls_Cathedral.jpg
St._Paul's_Cathedral,27756,0,commons/St._Paul's_Cathedral_in_2006/0/pictures/2006-03-04_-_United_Kingdom_-_England_-_London_-_St_Paul's_Cathedral_-_Religion_-_Black_and_White_4888149381.jpg
St._Paul's_Cathedral,27756,0,commons/St._Paul's_Cathedral_in_2005/0/pictures/Thames_view_from_Tate.jpg
St._Paul's_Cathedral,27756,0,commons/St._Paul's_Cathedral_in_2006/0/pictures/Millennium_Bridge_by_night_-_geograph.org.uk_-_385359.jpg
St._Paul's_Cathedral,27756,0,commons/St._Paul's_Cathedral_in_2006/0/pictures/BIG_CLOCK_-_panoramio.jpg
St._Paul's_Cathedral,27756,0,commons/St._Paul's_Cathedral_in_2006/0/pictures/Cappuccino_with_a_View.jpg
St._Paul's_Cathedral,27756,0,commons/St._Paul's_Cathedral_in_2006/0/pictures/St_Pauls_cathedral_(2847490057).jpg
St._Paul's_Cathedral,27756,0,commons/St._Paul's_Cathedral_in_2006/0/pictures/Londres_094.jpg
St._Paul's_Cathedral,27756,0,commons/St._Paul's_Cathedral_in_2006/0/pictures/St_pauls_from_under_millenium_bridge.jpg
St._Paul's_Cathedral,27756,0,commons/St._Paul's_Cathedral_in_2006/0/pictures/City_of_London-St._Paul's_Cathedral-004.jpg
St._Paul's_Cathedral,27756,0,commons/St._Paul's_Cathedral_in_2006/0/pictures/St_Pauls_cathedral_(2848321300).jpg
St._Paul's_Cathedral,27756,0,"commons/St._Paul's_Cathedral_in_2006/0/pictures/The_facade_of_St_Paul's_Cathedral,_St_Paul's_Churchyard_EC4_-_geograph.org.uk_-_1275100.jpg"
St._Paul's_Cathedral,27756,0,"commons/St._Paul's_Cathedral_in_2006/0/pictures/St._Paul's,_London_April_2006_104.jpg"
St._Paul's_Cathedral,27756,0,commons/St._Paul's_Cathedral_in_2007/0/pictures/Front_of_St_Paul's_Cathedral_-_geograph.org.uk_-_1892556.jpg
St._Paul's_Cathedral,27756,0,commons/St._Paul's_Cathedral_in_2006/0/pictures/St._Pauls_Cathedral_from_the_South_Bank._City_of_London.jpg
St._Paul's_Cathedral,27756,0,commons/St._Paul's_Cathedral_in_2007/0/pictures/Queen_Anne_and_the_west_front_of_St_Paul's_Cathedral_-_geograph.org.uk_-_397140.jpg
St._Paul's_Cathedral,27756,0,commons/St._Paul's_Cathedral_in_2006/0/pictures/West_side_of_St_Paul's_Cathedral_London.jpg
St._Paul's_Cathedral,27756,0,commons/St._Paul's_Cathedral_in_2007/0/pictures/Cathédrale_St-Paul_-_coupole.jpg
St._Paul's_Cathedral,27756,0,"commons/St._Paul's_Cathedral_in_2006/0/pictures/St._Paul's_Cathedral,_18_July_2006_-_panoramio_(1).jpg"
St._Paul's_Cathedral,27756,0,commons/St._Paul's_Cathedral_in_2007/0/pictures/London_by_night_(8568902583).jpg
St._Paul's_Cathedral,27756,0,commons/St._Paul's_Cathedral_in_2007/0/pictures/St_Paul's_Cathedral_from_Blackfriars_Station_-_panoramio.jpg
St._Paul's_Cathedral,27756,0,commons/St._Paul's_Cathedral_in_2007/0/pictures/St._Paul's_Cathedral_-_geograph.org.uk_-_998519.jpg
St._Paul's_Cathedral,27756,0,"commons/St._Paul's_Cathedral_in_2007/0/pictures/St._Paul's_Cathedral,_EC4_-_geograph.org.uk_-_920722.jpg"
St._Paul's_Cathedral,27756,0,commons/St._Paul's_Cathedral_in_2007/0/pictures/008SFEC_ST.PAULS_CATHEDRAL-200705.JPG
St._Paul's_Cathedral,27756,0,commons/St._Paul's_Cathedral_in_2007/0/pictures/Replica_Spitfire_Outside_St_Paul's_Cathedral_to_Commemorate_the_70th_Anniversary_of_the_Blitz_in_London_MOD_45151816.jpg
St._Paul's_Cathedral,27756,0,"commons/St._Paul's_Cathedral_in_2008/0/pictures/Cathédrale_St_Paul,_Londres.jpg"
St._Paul's_Cathedral,27756,0,commons/St._Paul's_Cathedral_in_2007/0/pictures/St_Pauls_and_Millennium_Bridge_at_night.jpg
St._Paul's_Cathedral,27756,0,commons/St._Paul's_Cathedral_in_2007/0/pictures/St_Paul's_and_the_Millennium_Bridge_-_geograph.org.uk_-_1710859.jpg
St._Paul's_Cathedral,27756,0,commons/St._Paul's_Cathedral_in_2008/0/pictures/London_-_St.Paul's_Cathedral_-_corinthian_columns_-_panoramio.jpg
St._Paul's_Cathedral,27756,0,commons/St._Paul's_Cathedral_in_2008/0/pictures/Anne_of_Great_Britain_St_Paul's.jpg
St._Paul's_Cathedral,27756,0,commons/St._Paul's_Cathedral_in_2008/0/pictures/Anne_of_Great_Britain_St_Paul's_2.jpg
St._Paul's_Cathedral,27756,0,commons/St._Paul's_Cathedral_in_2007/0/pictures/St_Paul's_East_End1.jpg
St._Paul's_Cathedral,27756,0,commons/St._Paul's_Cathedral_in_2008/0/pictures/London_-_St.Paul's_Cathedral_-_panoramio.jpg
St._Paul's_Cathedral,27756,0,commons/St._Paul's_Cathedral_in_2008/0/pictures/London_-_St.Paul's_Cathedral_-_statues_-_panoramio.jpg
St._Paul's_Cathedral,27756,0,commons/St._Paul's_Cathedral_in_2008/0/pictures/London_-_St.Paul's_Cathedral_as_seen_from_Cathedral_Place_-_panoramio.jpg
St._Paul's_Cathedral,27756,0,commons/St._Paul's_Cathedral_in_2008/0/pictures/Londres_113..jpg
St._Paul's_Cathedral,27756,0,commons/St._Paul's_Cathedral_in_2008/0/pictures/London_-_St.Paul's_Cathedral_from_St.Paul's_Church_Yard_-_panoramio.jpg
St._Paul's_Cathedral,27756,0,commons/St._Paul's_Cathedral_in_2008/0/pictures/Londres_362..jpg
St._Paul's_Cathedral,27756,0,commons/St._Paul's_Cathedral_in_2008/0/pictures/London-StPaulsClockTower.jpg
St._Paul's_Cathedral,27756,0,commons/St._Paul's_Cathedral_in_2008/0/pictures/Londres_355..jpg
St._Paul's_Cathedral,27756,0,commons/St._Paul's_Cathedral_in_2008/0/pictures/Mill._bridge_from_Tate.jpg
St._Paul's_Cathedral,27756,0,"commons/St._Paul's_Cathedral_in_2008/0/pictures/South_side,_St_Paul's_Cathedral,_London_EC2_-_geograph.org.uk_-_1089416.jpg"
St._Paul's_Cathedral,27756,0,commons/St._Paul's_Cathedral_in_2008/0/pictures/St_Paul's_Cathedral_from_the_top_floor_cafe_of_Tate_Modern_-_geograph.org.uk_-_1601176.jpg
St._Paul's_Cathedral,27756,0,"commons/St._Paul's_Cathedral_in_2008/0/pictures/St_Paul's_from_Paternoster_Square,_London_EC2_-_geograph.org.uk_-_1092284.jpg"
St._Paul's_Cathedral,27756,0,"commons/St._Paul's_Cathedral_in_2008/0/pictures/St_Paul's_Cathedral,_London_-_geograph.org.uk_-_908688.jpg"
St._Paul's_Cathedral,27756,0,"commons/St._Paul's_Cathedral_in_2007/0/pictures/St._Paul's_Cathedral,_London_-_Flickr_-_Dimitry_B.jpg"
St._Paul's_Cathedral,27756,0,"commons/St._Paul's_Cathedral_in_2008/0/pictures/Martin_Firrell_public_art_text_on_the_West_Front_of_St_Paul's_Cathedral_for_the_300th_anniversary_of_the_topping_out,_London_2008.jpg"
St._Paul's_Cathedral,27756,0,commons/St._Paul's_Cathedral_in_2008/0/pictures/Saint_Paul's_Cathedral.003_-_London.JPG
St._Paul's_Cathedral,27756,0,commons/St._Paul's_Cathedral_in_2008/0/pictures/St_Pauls_Dome.JPG
St._Paul's_Cathedral,27756,0,commons/St._Paul's_Cathedral_in_2008/0/pictures/St._Paul_cathedral_(2931885097).jpg
St._Paul's_Cathedral,27756,0,commons/St._Paul's_Cathedral_in_2008/0/pictures/St_paul_-_panoramio.jpg
St._Paul's_Cathedral,27756,0,commons/St._Paul's_Cathedral_in_2008/0/pictures/Saint_Paul's_Cathedral.002_-_London.JPG
St._Paul's_Cathedral,27756,0,commons/St._Paul's_Cathedral_in_2008/0/pictures/St._Paul_cathedral_(2931887863).jpg
St._Paul's_Cathedral,27756,0,commons/St._Paul's_Cathedral_in_2008/0/pictures/St._Paul's_Cathedral_-_geograph.org.uk_-_1013186.jpg
St._Paul's_Cathedral,27756,0,commons/St._Paul's_Cathedral_in_2008/0/pictures/St._Paul_cathedral_(2931890291).jpg
St._Paul's_Cathedral,27756,0,commons/St._Paul's_Cathedral_in_2008/0/pictures/St._Paul's_Cathedral_from_the_south_bank_of_the_Thames_-_geograph.org.uk_-_838004.jpg
St._Paul's_Cathedral,27756,0,commons/St._Paul's_Cathedral_in_2008/0/pictures/Temple_Bar_pedestrian_signage_St_Paul's_London.jpg
St._Paul's_Cathedral,27756,0,commons/St._Paul's_Cathedral_in_2008/0/pictures/UK_-_35_-_St._Pauls_Catherdral_(2997872060).jpg
St._Paul's_Cathedral,27756,0,commons/St._Paul's_Cathedral_in_2009/0/pictures/2009-07-22_Millennium_Bridge_(London).jpg
St._Paul's_Cathedral,27756,0,commons/St._Paul's_Cathedral_in_2008/0/pictures/Vista_de_Londres_Thames.jpg
St._Paul's_Cathedral,27756,0,commons/St._Paul's_Cathedral_in_2009/0/pictures/Busy_rebuilding_London_-_geograph.org.uk_-_1499925.jpg
St._Paul's_Cathedral,27756,0,commons/St._Paul's_Cathedral_in_2009/0/pictures/Autumn_in_London_(4037503295).jpg
St._Paul's_Cathedral,27756,0,commons/St._Paul's_Cathedral_in_2009/0/pictures/Autumn_in_London_(4038256944).jpg
St._Paul's_Cathedral,27756,0,commons/St._Paul's_Cathedral_in_2009/0/pictures/Autumn_in_London_(4038264766).jpg
St._Paul's_Cathedral,27756,0,commons/St._Paul's_Cathedral_in_2009/0/pictures/Dome_of_St_Paul's_Cathedral_-_geograph.org.uk_-_1231360.jpg
St._Paul's_Cathedral,27756,0,commons/St._Paul's_Cathedral_in_2009/0/pictures/Autumn_in_London_(4038269350).jpg
St._Paul's_Cathedral,27756,0,commons/St._Paul's_Cathedral_in_2009/0/pictures/DCS_0825_(3948167854).jpg
St._Paul's_Cathedral,27756,0,commons/St._Paul's_Cathedral_in_2009/0/pictures/Cathedral_saint_paul_facade_ouest.jpg
St._Paul's_Cathedral,27756,0,commons/St._Paul's_Cathedral_in_2009/0/pictures/DCS_0844_(3947390315).jpg
St._Paul's_Cathedral,27756,0,commons/St._Paul's_Cathedral_in_2009/0/pictures/London_-_April_2009_(3496248703).jpg
St._Paul's_Cathedral,27756,0,commons/St._Paul's_Cathedral_in_2009/0/pictures/London_-_St._Paul's_Cathedral_-_The_City.jpg
St._Paul's_Cathedral,27756,0,commons/St._Paul's_Cathedral_in_2009/0/pictures/Autumn_in_London_(4038268212).jpg
St._Paul's_Cathedral,27756,0,commons/St._Paul's_Cathedral_in_2009/0/pictures/London_(3592983725).jpg
St._Paul's_Cathedral,27756,0,commons/St._Paul's_Cathedral_in_2009/0/pictures/London_St_Paul's_Cathedral_-_panoramio_(6).jpg
St._Paul's_Cathedral,27756,0,commons/St._Paul's_Cathedral_in_2009/0/pictures/London_St_Paul's_Cathedral_-_panoramio_(5).jpg
St._Paul's_Cathedral,27756,0,commons/St._Paul's_Cathedral_in_2009/0/pictures/London_St_Paul's_Cathedral_-_panoramio_(4).jpg
St._Paul's_Cathedral,27756,0,commons/St._Paul's_Cathedral_in_2009/0/pictures/London_St_Paul's_Cathedral_-_panoramio.jpg
St._Paul's_Cathedral,27756,0,commons/St._Paul's_Cathedral_in_2009/0/pictures/London_St_Paul's_Cathedral_-_panoramio_(2).jpg
St._Paul's_Cathedral,27756,0,commons/St._Paul's_Cathedral_in_2009/0/pictures/London_-_View_on_The_City_from_Tate_Modern_-_St._Paul's_Cathedral.jpg
St._Paul's_Cathedral,27756,0,commons/St._Paul's_Cathedral_in_2009/0/pictures/St_Paul's_Cathedral_-_geograph.org.uk_-_1140443.jpg
St._Paul's_Cathedral,27756,0,commons/St._Paul's_Cathedral_in_2009/0/pictures/London_St_Paul's_Cathedral_-_panoramio_(3).jpg
St._Paul's_Cathedral,27756,0,commons/St._Paul's_Cathedral_in_2009/0/pictures/Millennium_Bridge_-_panoramio_(1).jpg
St._Paul's_Cathedral,27756,0,commons/St._Paul's_Cathedral_in_2009/0/pictures/London_St_Paul's_Cathedral_-_panoramio_(8).jpg
St._Paul's_Cathedral,27756,0,commons/St._Paul's_Cathedral_in_2009/0/pictures/St_Paul's_Cathedral_from_Ludgate_Hill_-_geograph.org.uk_-_1570371.jpg
St._Paul's_Cathedral,27756,0,commons/St._Paul's_Cathedral_in_2009/0/pictures/St_Paul's_west_entrance_-_geograph.org.uk_-_1492614.jpg
St._Paul's_Cathedral,27756,0,"commons/St._Paul's_Cathedral_in_2009/0/pictures/London,_UK_-_panoramio_(28).jpg"
St._Paul's_Cathedral,27756,0,"commons/St._Paul's_Cathedral_in_2009/0/pictures/London,_St._Paul's_Cathedral_von_der_Millenium_Bridge_aus_gesehen_-_panoramio.jpg"
St._Paul's_Cathedral,27756,0,commons/St._Paul's_Cathedral_in_2009/0/pictures/St_Paul's_Cathedral_-_panoramio_(2).jpg
St._Paul's_Cathedral,27756,0,commons/St._Paul's_Cathedral_in_2009/0/pictures/St_Pauls_in_the_snow_-_geograph.org.uk_-_1145221.jpg
St._Paul's_Cathedral,27756,0,commons/St._Paul's_Cathedral_in_2009/0/pictures/St_Pauls_on_a_snowy_day_-_geograph.org.uk_-_1145224.jpg
St._Paul's_Cathedral,27756,0,commons/St._Paul's_Cathedral_in_2009/0/pictures/St._Paul's_Cathedral_-_Entrance_-_geograph.org.uk_-_1287398.jpg
St._Paul's_Cathedral,27756,0,commons/St._Paul's_Cathedral_in_2009/0/pictures/St._Paul's_Cathedral_-_geograph.org.uk_-_1287407.jpg
St._Paul's_Cathedral,27756,0,commons/St._Paul's_Cathedral_in_2009/0/pictures/St_Paul's_Cathedral_-_panoramio.jpg
St._Paul's_Cathedral,27756,0,commons/St._Paul's_Cathedral_in_2009/0/pictures/St_Paul's_Cathedral_-_panoramio_(1).jpg
St._Paul's_Cathedral,27756,0,commons/St._Paul's_Cathedral_in_2009/0/pictures/St_Pauls_-_panoramio_(2).jpg
St._Paul's_Cathedral,27756,0,commons/St._Paul's_Cathedral_in_2009/0/pictures/The_south_tower_and_clock_on_the_west_front_of_St._Paul's_Cathedral_-_geograph.org.uk_-_1274687.jpg
St._Paul's_Cathedral,27756,0,commons/St._Paul's_Cathedral_in_2009/0/pictures/The_west_front_of_St._Paul's_Cathedral_-_geograph.org.uk_-_1274664.jpg
St._Paul's_Cathedral,27756,0,commons/St._Paul's_Cathedral_in_2009/0/pictures/View_of_St._Paul's_Cathedral_at_night_from_the_north_end_of_the_Millennium_Bridge_-_geograph.org.uk_-_1502639.jpg
St._Paul's_Cathedral,27756,0,commons/St._Paul's_Cathedral_in_2009/0/pictures/St_Paul's_Cathedral_clock_-_20090804.jpg
St._Paul's_Cathedral,27756,0,"commons/St._Paul's_Cathedral_in_2010/0/pictures/City_of_London,_London,_UK_-_panoramio_(9).jpg"
St._Paul's_Cathedral,27756,0,commons/St._Paul's_Cathedral_in_2010/0/pictures/Cue_Billy_Idol_-_geograph.org.uk_-_1707152.jpg
St._Paul's_Cathedral,27756,0,commons/St._Paul's_Cathedral_in_2009/0/pictures/StPauls_cathedral_tonemapped.jpg
St._Paul's_Cathedral,27756,0,commons/St._Paul's_Cathedral_in_2009/0/pictures/St._Paul's_Cathedral_an_Sylvester_2009_-_panoramio.jpg
St._Paul's_Cathedral,27756,0,"commons/St._Paul's_Cathedral_in_2010/0/pictures/City_of_London,_London,_UK_-_panoramio_(44).jpg"
St._Paul's_Cathedral,27756,0,commons/St._Paul's_Cathedral_in_2009/0/pictures/St_Pauls_-_panoramio_(3).jpg
St._Paul's_Cathedral,27756,0,"commons/St._Paul's_Cathedral_in_2010/0/pictures/City_of_London,_London,_UK_-_panoramio_(1).jpg"
St._Paul's_Cathedral,27756,0,commons/St._Paul's_Cathedral_in_2010/0/pictures/Dome_of_St._Paul_IMG_9182.JPG
St._Paul's_Cathedral,27756,0,commons/St._Paul's_Cathedral_in_2010/0/pictures/Flickr_-_Duncan~_-_London_from_Monument_^3.jpg
St._Paul's_Cathedral,27756,0,commons/St._Paul's_Cathedral_in_2010/0/pictures/Get_to_the_Church_on_Time_(4898923389).jpg
St._Paul's_Cathedral,27756,0,commons/St._Paul's_Cathedral_in_2010/0/pictures/London_in_Motion_(4898272118).jpg
St._Paul's_Cathedral,27756,0,commons/St._Paul's_Cathedral_in_2010/0/pictures/Dome_of_St._Paul_IMG_9184.JPG
St._Paul's_Cathedral,27756,0,commons/St._Paul's_Cathedral_in_2010/0/pictures/Dome_of_St._Paul_IMG_9158.JPG
St._Paul's_Cathedral,27756,0,commons/St._Paul's_Cathedral_in_2010/0/pictures/Panorama_from_Tate_Modern.jpg
St._Paul's_Cathedral,27756,0,commons/St._Paul's_Cathedral_in_2010/0/pictures/Millennium_Bridge_and_St._Paul's_Cathedral_(5986817257).jpg
St._Paul's_Cathedral,27756,0,commons/St._Paul's_Cathedral_in_2010/0/pictures/MillenniumBridge.jpg
St._Paul's_Cathedral,27756,0,commons/St._Paul's_Cathedral_in_2010/0/pictures/Millennium_Bridge_at_night.jpg
St._Paul's_Cathedral,27756,0,"commons/St._Paul's_Cathedral_in_2010/0/pictures/Millennium_Bridge,_London_2010-1.jpg"
St._Paul's_Cathedral,27756,0,commons/St._Paul's_Cathedral_in_2010/0/pictures/Millennium_Bridge_and_St._Paul's_Cathedral_(5987376492).jpg
St._Paul's_Cathedral,27756,0,commons/St._Paul's_Cathedral_in_2010/0/pictures/LONDON_2010_St_Paul's_Cathedral_-_panoramio.jpg
St._Paul's_Cathedral,27756,0,commons/St._Paul's_Cathedral_in_2010/0/pictures/St_Paul's_Cathedral_-_geograph.org.uk_-_1887508.jpg
St._Paul's_Cathedral,27756,0,commons/St._Paul's_Cathedral_in_2010/0/pictures/Sing_if_You_Like_Church!_(4899504266).jpg
St._Paul's_Cathedral,27756,0,"commons/St._Paul's_Cathedral_in_2010/0/pictures/St_Paul's_Cathedral_and_Millennium_Bridge,_London.jpg"
St._Paul's_Cathedral,27756,0,commons/St._Paul's_Cathedral_in_2010/0/pictures/Saint_Paul's_Cathedral_-_panoramio.jpg
St._Paul's_Cathedral,27756,0,commons/St._Paul's_Cathedral_in_2010/0/pictures/Queenhithe_London_2010.jpg
St._Paul's_Cathedral,27756,0,commons/St._Paul's_Cathedral_in_2010/0/pictures/SaintPaulsCathedral.jpg
St._Paul's_Cathedral,27756,0,commons/St._Paul's_Cathedral_in_2010/0/pictures/Paternoster_Square_(4868693916)_(cropped).jpg
St._Paul's_Cathedral,27756,0,commons/St._Paul's_Cathedral_in_2010/0/pictures/St_Paul's_Cathedral_night_2.jpg
St._Paul's_Cathedral,27756,0,commons/St._Paul's_Cathedral_in_2010/0/pictures/St_Paul's_Cathedral_night.jpg
St._Paul's_Cathedral,27756,0,commons/St._Paul's_Cathedral_in_2010/0/pictures/St_Pauls_Cathedral_-_panoramio.jpg
St._Paul's_Cathedral,27756,0,commons/St._Paul's_Cathedral_in_2010/0/pictures/Paternoster_Square_(4868693916).jpg
St._Paul's_Cathedral,27756,0,commons/St._Paul's_Cathedral_in_2010/0/pictures/St._Paul's_Cathedral_(4628042459).jpg
St._Paul's_Cathedral,27756,0,commons/St._Paul's_Cathedral_in_2010/0/pictures/St._Paul's_in_London_(4899517684).jpg
St._Paul's_Cathedral,27756,0,commons/St._Paul's_Cathedral_in_2010/0/pictures/St_Paul's_in_London_(4898909605).jpg
St._Paul's_Cathedral,27756,0,commons/St._Paul's_Cathedral_in_2010/0/pictures/St._Paul’s_Cathedral_at_night_-_panoramio.jpg
St._Paul's_Cathedral,27756,0,commons/St._Paul's_Cathedral_in_2011/0/pictures/A_Postcard_from_London_-_panoramio.jpg
St._Paul's_Cathedral,27756,0,commons/St._Paul's_Cathedral_in_2010/0/pictures/StPaulsFleetSt.JPG
St._Paul's_Cathedral,27756,0,commons/St._Paul's_Cathedral_in_2010/0/pictures/St._Paul's_in_London_(4898917613).jpg
St._Paul's_Cathedral,27756,0,commons/St._Paul's_Cathedral_in_2010/0/pictures/St._Paul's_in_London_(4898920365).jpg
St._Paul's_Cathedral,27756,0,commons/St._Paul's_Cathedral_in_2011/0/pictures/Flickr_-_Duncan~_-_Orange.jpg
St._Paul's_Cathedral,27756,0,commons/St._Paul's_Cathedral_in_2011/0/pictures/20110530_London_10.JPG
St._Paul's_Cathedral,27756,0,"commons/St._Paul's_Cathedral_in_2011/0/pictures/London_,_St.Pauls_-_panoramio_-_cisko66.jpg"
St._Paul's_Cathedral,27756,0,commons/St._Paul's_Cathedral_in_2011/0/pictures/London_2396.JPG
St._Paul's_Cathedral,27756,0,commons/St._Paul's_Cathedral_in_2011/0/pictures/London_2399.JPG
St._Paul's_Cathedral,27756,0,commons/St._Paul's_Cathedral_in_2011/0/pictures/London_2400.JPG
St._Paul's_Cathedral,27756,0,commons/St._Paul's_Cathedral_in_2011/0/pictures/London_from_Tate_Modern_-_panoramio.jpg
St._Paul's_Cathedral,27756,0,commons/St._Paul's_Cathedral_in_2011/0/pictures/London_2404.JPG
St._Paul's_Cathedral,27756,0,commons/St._Paul's_Cathedral_in_2011/0/pictures/Millennium_Bridge_rup11.jpg
St._Paul's_Cathedral,27756,0,commons/St._Paul's_Cathedral_in_2011/0/pictures/Millenium_bridge_and_St._Paul's_Cathedral_-_panoramio.jpg
St._Paul's_Cathedral,27756,0,"commons/St._Paul's_Cathedral_in_2011/0/pictures/Peter's_Hill,_City_of_London,_30_May_2011.jpg"
St._Paul's_Cathedral,27756,0,commons/St._Paul's_Cathedral_in_2011/0/pictures/STː_PAULS_CATHEDRAL.JPG
St._Paul's_Cathedral,27756,0,commons/St._Paul's_Cathedral_in_2011/0/pictures/Saint_Paul's_Cathedral.004_-_London.JPG
St._Paul's_Cathedral,27756,0,commons/St._Paul's_Cathedral_in_2011/0/pictures/STːPAULs_CATHEDRAL.JPG
St._Paul's_Cathedral,27756,0,"commons/St._Paul's_Cathedral_in_2011/0/pictures/St._Paul's_Cathedral,_London_-_panoramio.jpg"
St._Paul's_Cathedral,27756,0,"commons/St._Paul's_Cathedral_in_2011/0/pictures/Saint_paul,_vista.JPG"
St._Paul's_Cathedral,27756,0,"commons/St._Paul's_Cathedral_in_2011/0/pictures/St._Paul's_Cathedral,_30_April_2011_-_panoramio_(11).jpg"
St._Paul's_Cathedral,27756,0,"commons/St._Paul's_Cathedral_in_2011/0/pictures/Queen_Anne_by_Francis_Bird,_reproduction_of_original_erected_1712,_St_Paul's_Cathedral,_London..jpg"
St._Paul's_Cathedral,27756,0,commons/St._Paul's_Cathedral_in_2011/0/pictures/St._Paul's_Cathedral_black_white_and_red.jpg
St._Paul's_Cathedral,27756,0,commons/St._Paul's_Cathedral_in_2011/0/pictures/St._Pauls_Cathedral_-_panoramio_(1).jpg
St._Paul's_Cathedral,27756,0,commons/St._Paul's_Cathedral_in_2011/0/pictures/St._Pauls_Cathedral_-_panoramio_(3).jpg
St._Paul's_Cathedral,27756,0,commons/St._Paul's_Cathedral_in_2011/0/pictures/St._Pauls_Cathedral_-_panoramio.jpg
St._Paul's_Cathedral,27756,0,commons/St._Paul's_Cathedral_in_2011/0/pictures/West_facade_of_St_Paul's_Cathedral_2011_detail01.jpg
St._Paul's_Cathedral,27756,0,commons/St._Paul's_Cathedral_in_2011/0/pictures/Veduta_dal_tamigi_presso_millennium_bridge_01.jpg
St._Paul's_Cathedral,27756,0,commons/St._Paul's_Cathedral_in_2011/0/pictures/View_north_from_Tate_Modern_in_December_2011.JPG
St._Paul's_Cathedral,27756,0,commons/St._Paul's_Cathedral_in_2011/0/pictures/Weekend_in_the_city_-_panoramio_(26).jpg
St._Paul's_Cathedral,27756,0,commons/St._Paul's_Cathedral_in_2012/0/pictures/City_of_London_banner_St_Paul's.jpg
St._Paul's_Cathedral,27756,0,commons/St._Paul's_Cathedral_in_2011/0/pictures/St._Pauls_Cathedral_-_panoramio_(2).jpg
St._Paul's_Cathedral,27756,0,commons/St._Paul's_Cathedral_in_2012/0/pictures/Cattedrale_di_San_Paul_-_panoramio_(1).jpg
St._Paul's_Cathedral,27756,0,commons/St._Paul's_Cathedral_in_2012/0/pictures/London_City_Scape_-_panoramio.jpg
St._Paul's_Cathedral,27756,0,commons/St._Paul's_Cathedral_in_2012/0/pictures/Cattedrale_di_San_Paul_-_panoramio.jpg
St._Paul's_Cathedral,27756,0,commons/St._Paul's_Cathedral_in_2012/0/pictures/Flickr_-_Duncan~_-_St_Paul's_Roses.jpg
St._Paul's_Cathedral,27756,0,commons/St._Paul's_Cathedral_in_2012/0/pictures/Flickr_-_Duncan~_-_London.jpg
St._Paul's_Cathedral,27756,0,commons/St._Paul's_Cathedral_in_2012/0/pictures/London_Calling_(22744709).jpeg
St._Paul's_Cathedral,27756,0,commons/St._Paul's_Cathedral_in_2012/0/pictures/London_-_panoramio_(224).jpg
St._Paul's_Cathedral,27756,0,commons/St._Paul's_Cathedral_in_2012/0/pictures/London_-_panoramio_(221).jpg
St._Paul's_Cathedral,27756,0,commons/St._Paul's_Cathedral_in_2012/0/pictures/London_-_panoramio_(222).jpg
St._Paul's_Cathedral,27756,0,commons/St._Paul's_Cathedral_in_2012/0/pictures/North_facade_of_St._Paul's_Cathedral.jpg
St._Paul's_Cathedral,27756,0,commons/St._Paul's_Cathedral_in_2012/0/pictures/A_tight_squeeze.JPG
St._Paul's_Cathedral,27756,0,commons/St._Paul's_Cathedral_in_2012/0/pictures/Línea_directa_Direct_line_(6867402004).jpg
St._Paul's_Cathedral,27756,0,commons/St._Paul's_Cathedral_in_2012/0/pictures/St_Paul's_Cathedral_-_geograph.org.uk_-_2952893.jpg
St._Paul's_Cathedral,27756,0,commons/St._Paul's_Cathedral_in_2012/0/pictures/In_action4.jpg
St._Paul's_Cathedral,27756,0,commons/St._Paul's_Cathedral_in_2012/0/pictures/Rear_of_St_Pauls_-_panoramio.jpg
St._Paul's_Cathedral,27756,0,commons/St._Paul's_Cathedral_in_2012/0/pictures/St_Paul's_Cathedral_-_City_of_London.jpg
St._Paul's_Cathedral,27756,0,commons/St._Paul's_Cathedral_in_2012/0/pictures/San_Paul_-_panoramio.jpg
St._Paul's_Cathedral,27756,0,commons/St._Paul's_Cathedral_in_2012/0/pictures/St_Paul's_Cathedral_-_panoramio_(5).jpg
St._Paul's_Cathedral,27756,0,commons/St._Paul's_Cathedral_in_2012/0/pictures/St_Pauls_Cathedral_-New_Years_Day_-_panoramio.jpg
St._Paul's_Cathedral,27756,0,commons/St._Paul's_Cathedral_in_2012/0/pictures/St_Paul's_Cathedral_01.JPG
St._Paul's_Cathedral,27756,0,commons/St._Paul's_Cathedral_in_2012/0/pictures/St_Paul's_Cathedral_03.JPG
St._Paul's_Cathedral,27756,0,commons/St._Paul's_Cathedral_in_2012/0/pictures/St_Paul's_Cathedral_06.JPG
St._Paul's_Cathedral,27756,0,commons/St._Paul's_Cathedral_in_2012/0/pictures/St_Paul's_Cathedral_04.JPG
St._Paul's_Cathedral,27756,0,commons/St._Paul's_Cathedral_in_2012/0/pictures/St_Pauls_(8151709366).jpg
St._Paul's_Cathedral,27756,0,commons/St._Paul's_Cathedral_in_2012/0/pictures/St._Paul's_Cathedral_at_night.JPG
St._Paul's_Cathedral,27756,0,commons/St._Paul's_Cathedral_in_2012/0/pictures/St_Paul's_Cathedral_02.JPG
St._Paul's_Cathedral,27756,0,commons/St._Paul's_Cathedral_in_2012/0/pictures/St_Pauls_Cathedral_2_(8013471656).jpg
St._Paul's_Cathedral,27756,0,commons/St._Paul's_Cathedral_in_2012/0/pictures/St_Pauls_through_Olympic_rings.jpg
St._Paul's_Cathedral,27756,0,commons/St._Paul's_Cathedral_in_2012/0/pictures/St_Pauls_(7939866032).jpg
St._Paul's_Cathedral,27756,0,commons/St._Paul's_Cathedral_in_2012/0/pictures/St._Paul's_at_night.JPG
St._Paul's_Cathedral,27756,0,commons/St._Paul's_Cathedral_in_2012/0/pictures/St_Pauls_Cathedral_1_(8013452410).jpg
St._Paul's_Cathedral,27756,0,commons/St._Paul's_Cathedral_in_2012/0/pictures/St._Pauls_Cathedral_(the_dome)._City_of_London.JPG
St._Paul's_Cathedral,27756,0,commons/St._Paul's_Cathedral_in_2012/0/pictures/Time_-_panoramio_(4).jpg
St._Paul's_Cathedral,27756,0,commons/St._Paul's_Cathedral_in_2012/0/pictures/West_facade_of_St._Paul's_Cathedral_(.jpg
St._Paul's_Cathedral,27756,0,commons/St._Paul's_Cathedral_in_2013/0/pictures/Cathedral_Church_of_St_Paul_20130324_113.JPG
St._Paul's_Cathedral,27756,0,commons/St._Paul's_Cathedral_in_2012/0/pictures/Views_of_London0113.JPG
St._Paul's_Cathedral,27756,0,commons/St._Paul's_Cathedral_in_2013/0/pictures/Catedral_de_San_Pablo_2012.JPG
St._Paul's_Cathedral,27756,0,commons/St._Paul's_Cathedral_in_2012/0/pictures/The_Faceless_Man_(7388862182).jpg
St._Paul's_Cathedral,27756,0,commons/St._Paul's_Cathedral_in_2013/0/pictures/London_(10893950726).jpg
St._Paul's_Cathedral,27756,0,"commons/St._Paul's_Cathedral_in_2016/0/pictures/Fires_Ancient,_public_art_projections_by_Martin_Firrell_onto_the_dome_of_St_Paul's_Cathedral.jpg"
St._Paul's_Cathedral,27756,0,commons/St._Paul's_Cathedral_in_2016/0/pictures/UK_-_London_(30394672342).jpg
St._Paul's_Cathedral,27756,0,"commons/St._Paul's_Cathedral_in_2017/0/pictures/""St.Paul's_Cathedral"",_London_(1).jpg"
St._Paul's_Cathedral,27756,0,commons/St._Paul's_Cathedral_in_2016/0/pictures/UK_-_London_(30474723186).jpg
St._Paul's_Cathedral,27756,0,commons/St._Paul's_Cathedral_in_2017/0/pictures/6.1.17_St_Pauls_London_7_(31325429804).jpg
St._Paul's_Cathedral,27756,0,"commons/St._Paul's_Cathedral_in_2017/0/pictures/St._Paul's_Cathedral,_London,_United_Kingdom_(Unsplash).jpg"
St._Paul's_Cathedral,27756,0,commons/St._Paul's_Cathedral_in_the_snow/0/pictures/St._paul_cathedral_london_IMG_0382.jpg
St._Paul's_Cathedral,27756,0,commons/St_Paul's_Cathedral_in_2014/0/pictures/Cathedral_of_Saint-Paul_-_2014-08-04.jpg
St._Paul's_Cathedral,27756,0,commons/St_Paul's_Cathedral_in_2014/0/pictures/Millenium_Bridge_(15668137242).jpg
St._Paul's_Cathedral,27756,0,commons/St_Paul's_Cathedral_in_2014/0/pictures/St_Paul's_Cathedral_00_(40).JPG
St._Paul's_Cathedral,27756,0,commons/St_Paul's_Cathedral_in_2014/0/pictures/Wikimania_2014_-_0802_-_Saint_Paul's_across_the_Thames220203.jpg
St._Paul's_Cathedral,27756,0,commons/St_Paul's_Cathedral_in_2014/0/pictures/Сабор_Святога_Паўла_ўначы_01.JPG
St._Paul's_Cathedral,27756,0,commons/St_Paul's_Cathedral_in_2014/0/pictures/Собор_Святого_Павла_-_panoramio.jpg
St._Paul's_Cathedral,27756,0,commons/St_Paul's_Cathedral_in_2014/0/pictures/Сабор_Святога_Паўла_ўначы_03.JPG
St._Paul's_Cathedral,27756,0,commons/St_Paul's_Cathedral_in_2014/0/pictures/Сент-Пол_и_мост_Миллениум_-_panoramio.jpg
St._Paul's_Cathedral,27756,0,commons/St_Paul's_Cathedral_in_2014/0/pictures/Wikimania_2014_-_0804_-_Saint_Paul's220935.jpg
St._Paul's_Cathedral,27756,0,commons/St_Paul's_Cathedral_in_2014/0/pictures/Колонны_собора_Святого_Павла_-_panoramio.jpg
St._Paul's_Cathedral,27756,0,commons/St_Paul's_Cathedral_in_2014/0/pictures/Собор_святого_Павла_2014-05-21_21-59.jpg
St._Paul's_Cathedral,27756,0,"commons/St_Paul's_Cathedral_in_2014/0/pictures/Wikimania_2014,_London,_DSC_5791.jpg"
St._Paul's_Cathedral,27756,0,commons/St_Paul's_tube_station/0/pictures/St_Martin's_Le_Grand_view_south_to_St._Paul's_tube_station_01.jpg
St._Paul's_Cathedral,27756,0,commons/St_Paul's_tube_station/0/pictures/St_Paul's_stn_entrance.JPG
St._Paul's_Cathedral,27756,0,commons/St_Paul's_tube_station/0/pictures/Stpaulstube.jpg
St._Paul's_Cathedral,27756,0,commons/West_facade_of_St._Paul's_Cathedral/0/pictures/1911_Britannica-Architecture-St_Paul's_Cathedral.png
St._Paul's_Cathedral,27756,0,commons/West_facade_of_St._Paul's_Cathedral/0/pictures/20180504_175726-stpauls-pano-horiz.jpg
St._Paul's_Cathedral,27756,0,commons/West_facade_of_St._Paul's_Cathedral/0/pictures/2006-03-04_-_United_Kingdom_-_England_-_London_-_St_Paul's_Cathedral_-_Religion_-_Black_and_White_4888149381.jpg
St._Paul's_Cathedral,27756,0,"commons/West_facade_of_St._Paul's_Cathedral/0/pictures/Bollards,_St_Paul's_Churchyard_-_geograph.org.uk_-_4413418.jpg"
St._Paul's_Cathedral,27756,0,"commons/West_facade_of_St._Paul's_Cathedral/0/pictures/Cattedrale_di_Saint_Paul,_Londra_(1999).jpg"
St._Paul's_Cathedral,27756,0,commons/West_facade_of_St._Paul's_Cathedral/0/pictures/007SFEC_ST.PAULS_CATHEDRAL-200705.JPG
St._Paul's_Cathedral,27756,0,commons/West_facade_of_St._Paul's_Cathedral/0/pictures/Cathedral_of_Saint-Paul_-_2014-08-04.jpg
St._Paul's_Cathedral,27756,0,commons/West_facade_of_St._Paul's_Cathedral/0/pictures/Brief_guide_to_London_(1908)_(14798530893).jpg
St._Paul's_Cathedral,27756,0,"commons/West_facade_of_St._Paul's_Cathedral/0/pictures/City_of_London,_St._Paul's_Cathedral,_west_front_-_geograph.org.uk_-_614047.jpg"
St._Paul's_Cathedral,27756,0,"commons/West_facade_of_St._Paul's_Cathedral/0/pictures/City_of_London,_London,_UK_-_panoramio_(46).jpg"
St._Paul's_Cathedral,27756,0,"commons/West_facade_of_St._Paul's_Cathedral/0/pictures/City_of_London,_London,_UK_-_panoramio_(51).jpg"
St._Paul's_Cathedral,27756,0,commons/West_facade_of_St._Paul's_Cathedral/0/pictures/DSC6179_-_Flickr_-_dconvertini.jpg
St._Paul's_Cathedral,27756,0,commons/West_facade_of_St._Paul's_Cathedral/0/pictures/ENG_London_St_Paul_Churchyard_01.jpg
St._Paul's_Cathedral,27756,0,commons/West_facade_of_St._Paul's_Cathedral/0/pictures/DSC6180_-_Flickr_-_dconvertini.jpg
St._Paul's_Cathedral,27756,0,commons/West_facade_of_St._Paul's_Cathedral/0/pictures/Enterance_to_St._Paul's_Cathedral_IMG_9204.JPG
St._Paul's_Cathedral,27756,0,commons/West_facade_of_St._Paul's_Cathedral/0/pictures/Enterance_to_St._Paul's_Cathedral_IMG_9203.JPG
St._Paul's_Cathedral,27756,0,commons/West_facade_of_St._Paul's_Cathedral/0/pictures/Enterance_to_St._Paul's_Cathedral_IMG_9213.JPG
St._Paul's_Cathedral,27756,0,commons/West_facade_of_St._Paul's_Cathedral/0/pictures/Front_of_St_Paul's_Cathedral_-_geograph.org.uk_-_1892556.jpg
St._Paul's_Cathedral,27756,0,commons/West_facade_of_St._Paul's_Cathedral/0/pictures/Enterance_to_St._Paul's_Cathedral_IMG_9214.JPG
St._Paul's_Cathedral,27756,0,commons/West_facade_of_St._Paul's_Cathedral/0/pictures/Enterance_to_St._Paul's_Cathedral_IMG_9216.JPG
St._Paul's_Cathedral,27756,0,commons/West_facade_of_St._Paul's_Cathedral/0/pictures/Get_to_the_Church_on_Time_(4898923389).jpg
St._Paul's_Cathedral,27756,0,commons/West_facade_of_St._Paul's_Cathedral/0/pictures/JPP_4500_(8658903934).jpg
St._Paul's_Cathedral,27756,0,commons/West_facade_of_St._Paul's_Cathedral/0/pictures/Hidden_Archaeology_of_the_City_of_London_17.jpg
St._Paul's_Cathedral,27756,0,"commons/West_facade_of_St._Paul's_Cathedral/0/pictures/Great_West_Door,_St_Paul's_Cathedral,_London_-_DSC08170.JPG"
St._Paul's_Cathedral,27756,0,"commons/West_facade_of_St._Paul's_Cathedral/0/pictures/Estatua_de_la_Reina_Ana,_Catedral_de_San_Pablo,_Londres,_Inglaterra,_2014-08-11,_DD_132.JPG"
St._Paul's_Cathedral,27756,0,commons/West_facade_of_St._Paul's_Cathedral/0/pictures/London_(48583692276).jpg
St._Paul's_Cathedral,27756,0,commons/West_facade_of_St._Paul's_Cathedral/0/pictures/Londen_2006_(92)_(2848902572).jpg
St._Paul's_Cathedral,27756,0,commons/West_facade_of_St._Paul's_Cathedral/0/pictures/Londen_2006_(88)_(2848067995).jpg
St._Paul's_Cathedral,27756,0,commons/West_facade_of_St._Paul's_Cathedral/0/pictures/Londen_2006_(94)_(2848072775).jpg
St._Paul's_Cathedral,27756,0,commons/West_facade_of_St._Paul's_Cathedral/0/pictures/London_-_St_Paul's_Churchyard_-_Panorama_Viewing_East_&_Up_on_St_Paul's_Cathedral_1697_by_Sir_Christopher_Wren_03.jpg
St._Paul's_Cathedral,27756,0,"commons/West_facade_of_St._Paul's_Cathedral/0/pictures/London_,_Southwark_-_St_Paul's_Cathedral_-_geograph.org.uk_-_4450012.jpg"
St._Paul's_Cathedral,27756,0,commons/West_facade_of_St._Paul's_Cathedral/0/pictures/London_2402.JPG
St._Paul's_Cathedral,27756,0,"commons/West_facade_of_St._Paul's_Cathedral/0/pictures/London,_west_front_of_St._Paul’s_Cathedral_by_night_-_geograph.org.uk_-_2748113.jpg"
St._Paul's_Cathedral,27756,0,commons/West_facade_of_St._Paul's_Cathedral/0/pictures/London_St._Paul's_Cathedral_(9816200363).jpg
St._Paul's_Cathedral,27756,0,commons/West_facade_of_St._Paul's_Cathedral/0/pictures/London_-_St._Paul's_Cathedral_XIII.jpg
St._Paul's_Cathedral,27756,0,commons/West_facade_of_St._Paul's_Cathedral/0/pictures/London_St.Paul's_West_facade.JPG
St._Paul's_Cathedral,27756,0,commons/West_facade_of_St._Paul's_Cathedral/0/pictures/London_-_St._Paul's_Cathedral_XIV.jpg
St._Paul's_Cathedral,27756,0,commons/West_facade_of_St._Paul's_Cathedral/0/pictures/London_St_Paul's_Cathedral_-_panoramio_(8).jpg
St._Paul's_Cathedral,27756,0,commons/West_facade_of_St._Paul's_Cathedral/0/pictures/Londres_109..jpg
St._Paul's_Cathedral,27756,0,commons/West_facade_of_St._Paul's_Cathedral/0/pictures/Londres_111..jpg
St._Paul's_Cathedral,27756,0,"commons/West_facade_of_St._Paul's_Cathedral/0/pictures/London._St._Paul's_Cathedral,_West_Front_(3610785549).jpg"
St._Paul's_Cathedral,27756,0,commons/West_facade_of_St._Paul's_Cathedral/0/pictures/Londres_-_Catedral_de_Saint_Paul_-_Façana.JPG
St._Paul's_Cathedral,27756,0,commons/West_facade_of_St._Paul's_Cathedral/0/pictures/Londres_-_Catedral_de_Saint_Paul.JPG
St._Paul's_Cathedral,27756,0,commons/West_facade_of_St._Paul's_Cathedral/0/pictures/Londres_-_panoramio_(4).jpg
St._Paul's_Cathedral,27756,0,commons/West_facade_of_St._Paul's_Cathedral/0/pictures/Pauls.JPG
St._Paul's_Cathedral,27756,0,commons/West_facade_of_St._Paul's_Cathedral/0/pictures/Looking_up_at_St._Paul's_Cathedral_from_the_Churchyard_-_geograph.org.uk_-_5192047.jpg
St._Paul's_Cathedral,27756,0,commons/West_facade_of_St._Paul's_Cathedral/0/pictures/Queen_Anne_and_the_west_front_of_St_Paul's_Cathedral_-_geograph.org.uk_-_397140.jpg
St._Paul's_Cathedral,27756,0,commons/West_facade_of_St._Paul's_Cathedral/0/pictures/My_wiew_of_St._Paul_Cathedral..jpg
St._Paul's_Cathedral,27756,0,"commons/West_facade_of_St._Paul's_Cathedral/0/pictures/Martin_Firrell_public_art_text_on_the_West_Front_of_St_Paul's_Cathedral_for_the_300th_anniversary_of_the_topping_out,_London_2008.jpg"
St._Paul's_Cathedral,27756,0,commons/West_facade_of_St._Paul's_Cathedral/0/pictures/Pediment_of_St_Paul's_Cathedral_with_statue_of_St_Paul.jpg
St._Paul's_Cathedral,27756,0,commons/West_facade_of_St._Paul's_Cathedral/0/pictures/Occupy_London_outside_St_Paul's_Cathedral_in_December_2011.JPG
St._Paul's_Cathedral,27756,0,commons/West_facade_of_St._Paul's_Cathedral/0/pictures/Replica_Spitfire_Outside_St_Paul's_Cathedral_to_Commemorate_the_70th_Anniversary_of_the_Blitz_in_London_MOD_45151816.jpg
St._Paul's_Cathedral,27756,0,commons/West_facade_of_St._Paul's_Cathedral/0/pictures/STPAUL424a_KT060507.jpg
St._Paul's_Cathedral,27756,0,commons/West_facade_of_St._Paul's_Cathedral/0/pictures/St_Paul_Cathedral_-_panoramio.jpg
St._Paul's_Cathedral,27756,0,commons/West_facade_of_St._Paul's_Cathedral/0/pictures/San_Paul_-_panoramio.jpg
St._Paul's_Cathedral,27756,0,commons/West_facade_of_St._Paul's_Cathedral/0/pictures/St_Paul_Cathedral_(23282726741).jpg
St._Paul's_Cathedral,27756,0,commons/West_facade_of_St._Paul's_Cathedral/0/pictures/Saint_Paul's_Cathedral.002_-_London.JPG
St._Paul's_Cathedral,27756,0,commons/West_facade_of_St._Paul's_Cathedral/0/pictures/St_Paul_silence.jpg
St._Paul's_Cathedral,27756,0,commons/West_facade_of_St._Paul's_Cathedral/0/pictures/St_Paul's_Cathedral_00_(36).JPG
St._Paul's_Cathedral,27756,0,commons/West_facade_of_St._Paul's_Cathedral/0/pictures/St_Paul's_Cathedral_00_(37).JPG
St._Paul's_Cathedral,27756,0,commons/West_facade_of_St._Paul's_Cathedral/0/pictures/St_Paul's_Cathedral_Front_View.jpg
St._Paul's_Cathedral,27756,0,"commons/West_facade_of_St._Paul's_Cathedral/0/pictures/St_Paul's_Cathedral,_1_May_2017_0019.jpg"
St._Paul's_Cathedral,27756,0,commons/West_facade_of_St._Paul's_Cathedral/0/pictures/St_Paul's_Cathedral_in_December_2014.JPG
St._Paul's_Cathedral,27756,0,commons/West_facade_of_St._Paul's_Cathedral/0/pictures/St_Paul's_Cathedral_London_cropped_perspective_adjusted.jpg
St._Paul's_Cathedral,27756,0,"commons/West_facade_of_St._Paul's_Cathedral/0/pictures/St_Paul's_Cathedral,_London,_UK_(2014)_-_03.JPG"
St._Paul's_Cathedral,27756,0,"commons/West_facade_of_St._Paul's_Cathedral/0/pictures/St_Paul's_Cathedral,_London,_UK_(2014)_-_19.JPG"
St._Paul's_Cathedral,27756,0,"commons/West_facade_of_St._Paul's_Cathedral/0/pictures/St_Paul's_Cathedral,_London,_UK_(2014)_-_21.JPG"
St._Paul's_Cathedral,27756,0,"commons/West_facade_of_St._Paul's_Cathedral/0/pictures/St_Paul's_Cathedral,_London,_UK_(2014)_-_22.JPG"
St._Paul's_Cathedral,27756,0,commons/West_facade_of_St._Paul's_Cathedral/0/pictures/St_Paul's_by_night_-_geograph.org.uk_-_3765284.jpg
St._Paul's_Cathedral,27756,0,commons/West_facade_of_St._Paul's_Cathedral/0/pictures/St_Paul's_from_the_east_-_geograph.org.uk_-_2871571.jpg
St._Paul's_Cathedral,27756,0,commons/West_facade_of_St._Paul's_Cathedral/0/pictures/St_Pauls_-_panoramio_(2).jpg
St._Paul's_Cathedral,27756,0,commons/West_facade_of_St._Paul's_Cathedral/0/pictures/St_Pauls_Cathedral_7_(8013468218).jpg
St._Paul's_Cathedral,27756,0,commons/West_facade_of_St._Paul's_Cathedral/0/pictures/St_Pauls_Cathedral_Front_Elevation_Capitals.jpg
St._Paul's_Cathedral,27756,0,commons/West_facade_of_St._Paul's_Cathedral/0/pictures/St_Pauls_Cathedral_Front_Elevation_Street.jpg
St._Paul's_Cathedral,27756,0,commons/West_facade_of_St._Paul's_Cathedral/0/pictures/St_Pauls_Cathedral_West_Front.jpg
St._Paul's_Cathedral,27756,0,commons/West_facade_of_St._Paul's_Cathedral/0/pictures/St_Pauls_Cathedral_from_West_adj.JPG
St._Paul's_Cathedral,27756,0,commons/West_facade_of_St._Paul's_Cathedral/0/pictures/St_Pauls_facade_-_Queen_Anne.jpg
St._Paul's_Cathedral,27756,0,commons/West_facade_of_St._Paul's_Cathedral/0/pictures/St_Pauls_Cathedral_from_West.jpg
St._Paul's_Cathedral,27756,0,commons/West_facade_of_St._Paul's_Cathedral/0/pictures/St_Pauls_street_view.jpg
St._Paul's_Cathedral,27756,0,commons/West_facade_of_St._Paul's_Cathedral/0/pictures/St._Paul's_Cathedral_(5986816707).jpg
St._Paul's_Cathedral,27756,0,commons/West_facade_of_St._Paul's_Cathedral/0/pictures/St._Paul_Church_Yard_Entrance_(8921745300).jpg
St._Paul's_Cathedral,27756,0,commons/West_facade_of_St._Paul's_Cathedral/0/pictures/St._Paul's_Cathedral_-_geograph.org.uk_-_1013186.jpg
St._Paul's_Cathedral,27756,0,commons/West_facade_of_St._Paul's_Cathedral/0/pictures/St._Paul's_Cathedral_(29117867393).jpg
St._Paul's_Cathedral,27756,0,commons/West_facade_of_St._Paul's_Cathedral/0/pictures/St._Paul's_Cathedral_(8).JPG
St._Paul's_Cathedral,27756,0,commons/West_facade_of_St._Paul's_Cathedral/0/pictures/St._Paul's_Cathedral_and_Only_1_clock.jpg
St._Paul's_Cathedral,27756,0,"commons/West_facade_of_St._Paul's_Cathedral/0/pictures/St._Paul's_Cathedral,_23_June_2013_-_panoramio_(1524).jpg"
St._Paul's_Cathedral,27756,0,"commons/West_facade_of_St._Paul's_Cathedral/0/pictures/St._Paul's_Cathedral,_London_-_geograph.org.uk_-_2667525.jpg"
St._Paul's_Cathedral,27756,0,"commons/West_facade_of_St._Paul's_Cathedral/0/pictures/St._Paul's_Cathedral,_EC4_-_geograph.org.uk_-_2187574.jpg"
St._Paul's_Cathedral,27756,0,"commons/West_facade_of_St._Paul's_Cathedral/0/pictures/St._Paul's_Cathedral,_London,_England.jpg"
St._Paul's_Cathedral,27756,0,"commons/West_facade_of_St._Paul's_Cathedral/0/pictures/St._Paul's_Cathedral,_30_April_2011_-_panoramio_(11).jpg"
St._Paul's_Cathedral,27756,0,"commons/West_facade_of_St._Paul's_Cathedral/0/pictures/St._Paul's_Cathedral,_18_July_2006_-_panoramio_(1).jpg"
St._Paul's_Cathedral,27756,0,commons/West_facade_of_St._Paul's_Cathedral/0/pictures/St._Paul's_in_London_(4899517684).jpg
St._Paul's_Cathedral,27756,0,commons/West_facade_of_St._Paul's_Cathedral/0/pictures/St._Paul's_May_2019_LL.jpg
St._Paul's_Cathedral,27756,0,commons/West_facade_of_St._Paul's_Cathedral/0/pictures/St._Pauls_Cathedral_(3).jpg
St._Paul's_Cathedral,27756,0,commons/West_facade_of_St._Paul's_Cathedral/0/pictures/St._Pauls_Cathedral_-_geograph.org.uk_-_2177726.jpg
St._Paul's_Cathedral,27756,0,commons/West_facade_of_St._Paul's_Cathedral/0/pictures/St._Pauls_Cathedral_(4).jpg
St._Paul's_Cathedral,27756,0,commons/West_facade_of_St._Paul's_Cathedral/0/pictures/St._Pauls_Cathedral_West_Front_London_England.jpg
St._Paul's_Cathedral,27756,0,"commons/West_facade_of_St._Paul's_Cathedral/0/pictures/St._Paul's_Cathedral,_West_Front,_London,_England-LCCN2002696932.jpg"
St._Paul's_Cathedral,27756,0,commons/West_facade_of_St._Paul's_Cathedral/0/pictures/St._Paul's.JPG
St._Paul's_Cathedral,27756,0,commons/West_facade_of_St._Paul's_Cathedral/0/pictures/St._Paul's_in_London_(4898920365).jpg
St._Paul's_Cathedral,27756,0,"commons/West_facade_of_St._Paul's_Cathedral/0/pictures/St._Paul's,_west_entrance-15096925241.jpg"
St._Paul's_Cathedral,27756,0,commons/West_facade_of_St._Paul's_Cathedral/0/pictures/St._Paul’s_Cathedral_-_panoramio.jpg
St._Paul's_Cathedral,27756,0,commons/West_facade_of_St._Paul's_Cathedral/0/pictures/St._paul_cathedral_london_IMG_0382.jpg
St._Paul's_Cathedral,27756,0,commons/West_facade_of_St._Paul's_Cathedral/0/pictures/StPaulsClockTower.jpg
St._Paul's_Cathedral,27756,0,commons/West_facade_of_St._Paul's_Cathedral/0/pictures/St._Paul’s_Cathedral_von_Westen.jpg
St._Paul's_Cathedral,27756,0,commons/West_facade_of_St._Paul's_Cathedral/0/pictures/St.Pauls_Cathedral_-_panoramio.jpg
St._Paul's_Cathedral,27756,0,commons/West_facade_of_St._Paul's_Cathedral/0/pictures/St.Paul's_Cathedral_-_panoramio_(2).jpg
St._Paul's_Cathedral,27756,0,commons/West_facade_of_St._Paul's_Cathedral/0/pictures/Stpauls_front_large.jpg
St._Paul's_Cathedral,27756,0,commons/West_facade_of_St._Paul's_Cathedral/0/pictures/View_of_St._Paul's_Cathedral_from_Ludgate_Hill_^3_-_geograph.org.uk_-_5165233.jpg
St._Paul's_Cathedral,27756,0,commons/West_steps_of_St._Paul's_Cathedral/0/pictures/Occupy_London_-_police.jpg
St._Paul's_Cathedral,27756,0,commons/West_steps_of_St._Paul's_Cathedral/0/pictures/STːPAULs_CATHEDRAL.JPG
St._Paul's_Cathedral,27756,1,"commons/West_facade_of_St._Paul's_Cathedral/0/pictures/West_Front,_St._Paul's_Cathedral_-_geograph.org.uk_-_2474783.jpg"
St._Paul's_Cathedral,27756,1,"commons/West_facade_of_St._Paul's_Cathedral/0/pictures/St_Paul's_Cathedral,_London,_2016-2.jpg"
St._Paul's_Cathedral,27756,1,commons/West_facade_of_St._Paul's_Cathedral/0/pictures/St_Paul's_Cathedral_00_(37).JPG
St._Paul's_Cathedral,27756,1,commons/West_facade_of_St._Paul's_Cathedral/0/pictures/St._Paul_Church_Yard_Entrance_(8921745300).jpg
St._Paul's_Cathedral,27756,1,commons/West_facade_of_St._Paul's_Cathedral/0/pictures/St_Paul's_Cathedral_00_(36).JPG
St._Paul's_Cathedral,27756,1,"commons/West_facade_of_St._Paul's_Cathedral/0/pictures/St_Paul's_Cathedral,_London,_2016-1.jpg"
St._Paul's_Cathedral,27756,1,"commons/Anne_of_Great_Britain_statue,_St_Paul's/0/pictures/ENG_London_St_Paul_Churchyard_01.jpg"
St._Paul's_Cathedral,27756,1,commons/St._Paul's_Cathedral_from_Ludgate_Hill/0/pictures/St._Paul's_Cathedral_from_Ludgate_Hill.jpg
St._Paul's_Cathedral,27756,1,commons/St._Paul's_Cathedral_in_2016/0/pictures/St_Paul's_Cathedral_20160829.jpg
St._Paul's_Cathedral,27756,1,commons/St_Paul's_Cathedral_in_2014/0/pictures/St_Paul's_Cathedral_00_(36).JPG
St._Paul's_Cathedral,27756,1,"commons/St._Paul's_Cathedral_in_2016/0/pictures/St_Paul's_Cathedral,_London,_2016-1.jpg"
St._Paul's_Cathedral,27756,1,commons/West_facade_of_St._Paul's_Cathedral/0/pictures/St_Paul's_Cathedral_20160829.jpg
St._Paul's_Cathedral,27756,1,"commons/St._Paul's_Cathedral_in_2016/0/pictures/St_Paul's_Cathedral,_London,_2016-2.jpg"
St._Paul's_Cathedral,27756,1,commons/St_Paul's_Cathedral_in_2014/0/pictures/St_Paul's_Cathedral_00_(37).JPG
St._Paul's_Cathedral,27756,1,commons/West_facade_of_St._Paul's_Cathedral/0/pictures/My_wiew_of_St._Paul_Cathedral..jpg
St._Paul's_Cathedral,27756,1,commons/St._Paul's_Cathedral_in_2018/0/pictures/St._Paul's_Cathedral_from_Ludgate_Hill.jpg
St._Paul's_Cathedral,27756,1,"commons/St_Paul's_Cathedral_in_2014/0/pictures/St_Paul's_Cathedral,_London,_UK_(2014)_-_03.JPG"
St._Paul's_Cathedral,27756,1,commons/West_facade_of_St._Paul's_Cathedral/0/pictures/St_Paul's_Cathedral_–_West_front.jpg
St._Paul's_Cathedral,27756,1,"commons/St._Paul's_Cathedral_in_2017/0/pictures/St_Paul's_Cathedral,_1_May_2017.jpg"
St._Paul's_Cathedral,27756,1,commons/West_facade_of_St._Paul's_Cathedral/0/pictures/Cathedral_saint_paul_facade_ouest.jpg
St._Paul's_Cathedral,27756,1,"commons/West_facade_of_St._Paul's_Cathedral/0/pictures/St_Paul's_Cathedral,_London,_UK_(2014)_-_03.JPG"
St._Paul's_Cathedral,27756,1,commons/West_facade_of_St._Paul's_Cathedral/0/pictures/ENG_London_St_Paul_Churchyard_01.jpg
St._Paul's_Cathedral,27756,1,"commons/West_facade_of_St._Paul's_Cathedral/0/pictures/St_Paul's_Cathedral,_1_May_2017.jpg"
St._Paul's_Cathedral,27756,1,"commons/West_facade_of_St._Paul's_Cathedral/0/pictures/Great_West_Door,_St_Paul's_Cathedral,_London_-_DSC08170.JPG"
St._Paul's_Cathedral,27756,2,"commons/World_War_I_memorial,_St_Paul's_Cathedral/0/pictures/World_War_I_1914_memorial,_St_Paul's_Cathedral_06.jpg"
St._Paul's_Cathedral,27756,2,"commons/St_Paul's_Cathedral_in_2014/0/pictures/St_Paul's_Cathedral_Nave,_London,_UK_-_Diliff.jpg"
St._Paul's_Cathedral,27756,2,"commons/St_Paul's_Cathedral_in_2014/0/pictures/St_Paul's_Cathedral_Interior_Dome_3,_London,_UK_-_Diliff.jpg"
St._Paul's_Cathedral,27756,2,"commons/St_Paul's_Cathedral_in_2014/0/pictures/St_Paul's_Cathedral_Interior_Dome_2_crop,_London,_UK_-_Diliff.jpg"
St._Paul's_Cathedral,27756,2,commons/St._Paul's_Cathedral_in_2022/0/pictures/St_Paul's_Cathedral_Dome_interior.jpg
St._Paul's_Cathedral,27756,2,"commons/St_Paul's_Cathedral_in_2014/0/pictures/St_Paul's_Cathedral_Choir_looking_north-west,_London,_UK_-_Diliff.jpg"
St._Paul's_Cathedral,27756,2,commons/St._Paul's_Cathedral_in_2015/0/pictures/Saint_Paul_3.jpg
St._Paul's_Cathedral,27756,2,commons/St._Paul's_Cathedral_in_2011/0/pictures/St_Pauls_whispering_gallery.JPG
St._Paul's_Cathedral,27756,2,commons/St._Paul's_Cathedral_in_2011/0/pictures/St_Paul's_Cathedral_Whispering_Gallery.jpg
St._Paul's_Cathedral,27756,2,commons/St._Paul's_Cathedral_in_2004/0/pictures/St_Paul's_Cathedral_London02.jpg
St._Paul's_Cathedral,27756,2,commons/St._Paul's_Cathedral_in_2004/0/pictures/St_Paul's_Cathedral_London02-3.JPG
St._Paul's_Cathedral,27756,2,commons/St._Paul's_Cathedral_in_2004/0/pictures/St_Paul's_Cathedral_London02-2.jpg
St._Paul's_Cathedral,27756,2,commons/St._Paul's_Cathedral_dome_(interior)/0/pictures/St_Pauls_whispering_gallery.JPG
St._Paul's_Cathedral,27756,2,"commons/St._Paul's_Cathedral_dome_(interior)/0/pictures/St_Paul's_Cathedral,_London_-_Flickr_-_David_Barrie.jpg"
St._Paul's_Cathedral,27756,2,"commons/St_Paul's_Cathedral_in_2014/0/pictures/St_Paul's_Cathedral_Choir_looking_east,_London,_UK_-_Diliff.jpg"
St._Paul's_Cathedral,27756,2,commons/Interior_of_St._Paul's_Cathedral/0/pictures/St_Paul's_Cathedral_(50481048828).jpg
St._Paul's_Cathedral,27756,2,"commons/St_Paul's_Cathedral_in_2014/0/pictures/St_Paul's_Cathedral_Interior_Dome_2,_London,_UK_-_Diliff_copy_low_res_crop.jpg"
St._Paul's_Cathedral,27756,2,commons/Interior_of_St._Paul's_Cathedral/0/pictures/St_Paul's_Cathedral_(37629747692).jpg
St._Paul's_Cathedral,27756,2,commons/St._Paul's_Cathedral_dome_(interior)/0/pictures/St_Paul's_Cathedral_Dome.jpg
St._Paul's_Cathedral,27756,2,commons/Interior_of_St._Paul's_Cathedral/0/pictures/St_Paul's_Cathedral_(49214696552).jpg
St._Paul's_Cathedral,27756,2,"commons/Interior_of_St._Paul's_Cathedral/0/pictures/Luke_March,_Chairman_of_the_National_Churches_Trust_(43318409961).jpg"
St._Paul's_Cathedral,27756,2,commons/St._Paul's_Cathedral_in_2013/0/pictures/St_Paul's_Cathedral_Nave.jpg
St._Paul's_Cathedral,27756,2,"commons/St._Paul's_Cathedral_dome_(interior)/0/pictures/St_Paul's_Cathedral_Interior_Dome_2,_London,_UK_-_Diliff_copy_low_res_crop.jpg"
St._Paul's_Cathedral,27756,2,commons/Interior_of_St._Paul's_Cathedral/0/pictures/St_Paul's_Cathedral_(37612866096).jpg
St._Paul's_Cathedral,27756,2,commons/St._Paul's_Cathedral_dome_(interior)/0/pictures/St_Paul's_Cathedral_(37612819446).jpg
St._Paul's_Cathedral,27756,2,commons/Interior_of_St._Paul's_Cathedral/0/pictures/St_Paul's_Cathedral_(37612818276).jpg
St._Paul's_Cathedral,27756,2,commons/Interior_of_St._Paul's_Cathedral/0/pictures/London_UK_Interior-of-St-Pauls-Cathedral-01.jpg
St._Paul's_Cathedral,27756,2,commons/St._Paul's_Cathedral_dome_(interior)/0/pictures/Looking_up_at_the_dome_in_St._Paul's_Cathedral_^3_-_geograph.org.uk_-_5192185.jpg
St._Paul's_Cathedral,27756,2,commons/St._Paul's_Cathedral_dome_(interior)/0/pictures/St_Paul's_Cathedral_(29444278805).jpg
St._Paul's_Cathedral,27756,2,commons/Interior_of_St._Paul's_Cathedral/0/pictures/St_Paul's_Cathedral_(36951440374).jpg
St._Paul's_Cathedral,27756,2,commons/St._Paul's_Cathedral_dome_(interior)/0/pictures/London_St_Paul's_Cathedral_Interior_06.jpg
St._Paul's_Cathedral,27756,2,commons/Interior_of_St._Paul's_Cathedral/0/pictures/St_Paul's_Cathedral_(37612863276).jpg
St._Paul's_Cathedral,27756,2,commons/St._Paul's_Cathedral_dome_(interior)/0/pictures/St_Paul's_Cathedral_(37404202480).jpg
St._Paul's_Cathedral,27756,2,commons/Interior_of_St._Paul's_Cathedral/0/pictures/200_years_of_the_ICBS_Evensong_at_St_Paul's_Cathedral_(28449155577).jpg
St._Paul's_Cathedral,27756,2,commons/Interior_of_St._Paul's_Cathedral/0/pictures/St_Paul's_Cathedral_(28822591493).jpg
St._Paul's_Cathedral,27756,2,commons/Interior_of_St._Paul's_Cathedral/0/pictures/200_years_of_the_ICBS_Evensong_at_St_Paul's_Cathedral_(28449157227).jpg
St._Paul's_Cathedral,27756,2,"commons/St._Paul's_Cathedral_in_2006/0/pictures/St_Paul's_Cathedral,_London_-_Flickr_-_David_Barrie.jpg"
St._Paul's_Cathedral,27756,2,commons/Interior_of_St._Paul's_Cathedral/0/pictures/St_Paul's_Cathedral_(28822537953).jpg
St._Paul's_Cathedral,27756,2,commons/St._Paul's_Cathedral_dome_(interior)/0/pictures/Saint_Paul_3.jpg
St._Paul's_Cathedral,27756,2,commons/Interior_of_St._Paul's_Cathedral/0/pictures/St_Paul's_Cathedral_(28820280274).jpg
St._Paul's_Cathedral,27756,2,commons/Interior_of_St._Paul's_Cathedral/0/pictures/Innenraum_PC292634.JPG
St._Paul's_Cathedral,27756,2,commons/St._Paul's_Cathedral_dome_(interior)/0/pictures/London_St_Paul's_Cathedral_Interior_07.jpg
St._Paul's_Cathedral,27756,2,commons/St._Paul's_Cathedral_dome_(interior)/0/pictures/Looking_up_at_the_dome_in_St._Paul's_Cathedral_-_geograph.org.uk_-_5192089.jpg
St._Paul's_Cathedral,27756,2,commons/Interior_of_St._Paul's_Cathedral/0/pictures/Hide_2_(38052172).jpeg
St._Paul's_Cathedral,27756,2,commons/St._Paul's_Cathedral_dome_(interior)/0/pictures/St_Paul's_Cathedral_(29335976322).jpg
St._Paul's_Cathedral,27756,2,commons/Interior_of_St._Paul's_Cathedral/0/pictures/St_Paul's_Cathedral_(37629749712).jpg
St._Paul's_Cathedral,27756,2,commons/Interior_of_St._Paul's_Cathedral/0/pictures/London_St_Paul's_Cathedral_Interior_19.jpg
St._Paul's_Cathedral,27756,2,commons/St._Paul's_Cathedral_dome_(interior)/0/pictures/St_Paul's_Cathedral_(37612838136).jpg
St._Paul's_Cathedral,27756,2,commons/Interior_of_St._Paul's_Cathedral/0/pictures/200_years_of_the_ICBS_Evensong_at_St_Paul's_Cathedral_(43318411351).jpg
St._Paul's_Cathedral,27756,2,commons/Interior_of_St._Paul's_Cathedral/0/pictures/London_1044_35.jpg
St._Paul's_Cathedral,27756,2,commons/St._Paul's_Cathedral_dome_(interior)/0/pictures/St_Paul's_Cathedral_(29409951856).jpg
St._Paul's_Cathedral,27756,2,commons/Interior_of_St._Paul's_Cathedral/0/pictures/200_years_of_the_ICBS_Evensong_at_St_Paul's_Cathedral_(43268841852).jpg
St._Paul's_Cathedral,27756,2,commons/Interior_of_St._Paul's_Cathedral/0/pictures/200_years_of_the_ICBS_Evensong_at_St_Paul's_Cathedral_(43268842302).jpg
St._Paul's_Cathedral,27756,2,commons/Interior_of_St._Paul's_Cathedral/0/pictures/St_Paul's_Cathedral_(29444277145).jpg
St._Paul's_Cathedral,27756,2,commons/Interior_of_St._Paul's_Cathedral/0/pictures/William_Blake_Richmond_-_Quire_Ceiling_-_1904.jpg
St._Paul's_Cathedral,27756,2,"commons/St_Paul's_Cathedral_in_2014/0/pictures/St_Paul's_Cathedral_Choir_looking_west,_London,_UK_-_Diliff.jpg"
St._Paul's_Cathedral,27756,2,commons/Interior_of_St._Paul's_Cathedral/0/pictures/St_Paul's_Cathedral_(37629748882).jpg
St._Paul's_Cathedral,27756,2,commons/Interior_of_St._Paul's_Cathedral/0/pictures/Rev_Canon_Tricia_Hillas.jpg
St._Paul's_Cathedral,27756,2,commons/Interior_of_St._Paul's_Cathedral/0/pictures/200_years_of_the_ICBS_Evensong_at_St_Paul's_Cathedral_(43268841042).jpg
St._Paul's_Cathedral,27756,2,commons/Interior_of_St._Paul's_Cathedral/0/pictures/St_Paul's_Cathedral_(37612864246).jpg
St._Paul's_Cathedral,27756,2,"commons/World_War_I_memorial,_St_Paul's_Cathedral/0/pictures/World_War_I_1914_memorial,_St_Paul's_Cathedral_05.jpg"
St._Paul's_Cathedral,27756,2,commons/Interior_of_St._Paul's_Cathedral/0/pictures/London-35-2_(48189336286).jpg
St._Paul's_Cathedral,27756,2,commons/St._Paul's_Cathedral_dome_(interior)/0/pictures/St_Paul's_Cathedral_(36951436234).jpg
St._Paul's_Cathedral,27756,2,commons/Interior_of_St._Paul's_Cathedral/0/pictures/Londres_-_Catedral_de_Saint_Paul_-_Interior.JPG
St._Paul's_Cathedral,27756,2,commons/St._Paul's_Cathedral_dome_(interior)/0/pictures/St_Paul's_Cathedral_(37404145250).jpg
St._Paul's_Cathedral,27756,2,commons/Interior_of_St._Paul's_Cathedral/0/pictures/200_years_of_the_ICBS_Evensong_at_St_Paul's_Cathedral_(29448170348).jpg
St._Paul's_Cathedral,27756,2,commons/Interior_of_St._Paul's_Cathedral/0/pictures/St_Paul's_Cathedral_(28822627563).jpg
St._Paul's_Cathedral,27756,2,"commons/World_War_I_memorial,_St_Paul's_Cathedral/0/pictures/World_War_I_1914_memorial,_St_Paul's_Cathedral_02.jpg"
St._Paul's_Cathedral,27756,2,commons/Interior_of_St._Paul's_Cathedral/0/pictures/London_St_Paul's_Cathedral_Interior_18.jpg
St._Paul's_Cathedral,27756,2,commons/St._Paul's_Cathedral_dome_(interior)/0/pictures/St_Paul's_Cathedral_(36951425034).jpg
St._Paul's_Cathedral,27756,2,"commons/Interior_of_St._Paul's_Cathedral/0/pictures/Neil_MacGregor,_Bill_Bryson,_Claire_Walker,_Huw_Edwards_(29448173958).jpg"
St._Paul's_Cathedral,27756,2,commons/Interior_of_St._Paul's_Cathedral/0/pictures/St_Paul's_Cathedral_(29444270885).jpg
St._Paul's_Cathedral,27756,2,commons/St._Paul's_Cathedral_dome_(interior)/0/pictures/St_Paul's_Cathedral_(29364323591).jpg
St._Paul's_Cathedral,27756,2,commons/Events_at_St._Paul's_Cathedral/0/pictures/Operation_Banner_Service_Held_at_St_Pauls_Cathedral_in_2008_MOD_45151837.jpg
St._Paul's_Cathedral,27756,2,commons/St._Paul's_Cathedral_dome_(interior)/0/pictures/St_Paul's_Cathedral_Dome_interior.jpg
St._Paul's_Cathedral,27756,2,commons/Interior_of_St._Paul's_Cathedral/0/pictures/St_Paul's_Cathedral_(37404201610).jpg
St._Paul's_Cathedral,27756,2,commons/Interior_of_St._Paul's_Cathedral/0/pictures/St_Paul's_Cathedral_(28822581753).jpg
St._Paul's_Cathedral,27756,2,commons/Interior_of_St._Paul's_Cathedral/0/pictures/St._Paul's_Cathedral_-_geograph.org.uk_-_2177725.jpg
St._Paul's_Cathedral,27756,2,"commons/Interior_of_St._Paul's_Cathedral/0/pictures/Right_Rev_Nicholas_Holtam,_Bishop_of_Salisbury_(28449159117).jpg"
St._Paul's_Cathedral,27756,2,"commons/Interior_of_St._Paul's_Cathedral/0/pictures/St_Paul's_Cathedral_Choir_looking_east,_London,_UK_-_Diliff_copy_low_res_crop.jpg"
St._Paul's_Cathedral,27756,2,commons/Interior_of_St._Paul's_Cathedral/0/pictures/St_Paul's_Cathedral_(37404201830).jpg
St._Paul's_Cathedral,27756,2,commons/Interior_of_St._Paul's_Cathedral/0/pictures/200_years_of_the_ICBS_Evensong_at_St_Paul's_Cathedral_(29448170478).jpg
St._Paul's_Cathedral,27756,2,commons/Interior_of_St._Paul's_Cathedral/0/pictures/View_of_the_Nave_in_St._Paul's_Cathedral_-_geograph.org.uk_-_5192076.jpg
St._Paul's_Cathedral,27756,2,"commons/St_Paul's_Cathedral_in_2014/0/pictures/St_Paul's_Cathedral_High_Altar,_London,_UK_-_Diliff.jpg"
St._Paul's_Cathedral,27756,2,commons/Interior_of_St._Paul's_Cathedral/0/pictures/St_Paul's_Cathedral_(49213986203).jpg
St._Paul's_Cathedral,27756,2,"commons/Interior_of_St._Paul's_Cathedral/0/pictures/Rev_Rosemary_Morton,_Minor_Canon_and_Succentor_(43318409061).jpg"
St._Paul's_Cathedral,27756,2,commons/Interior_of_St._Paul's_Cathedral/0/pictures/Londres_-_Catedral_de_Saint_Paul_-_Interior_adj.JPG
St._Paul's_Cathedral,27756,2,commons/St._Paul's_Cathedral_dome_(interior)/0/pictures/St_Paul's_Cathedral_(37612816686).jpg
St._Paul's_Cathedral,27756,2,commons/Interior_of_St._Paul's_Cathedral/0/pictures/St_Paul's_Cathedral_(29335973012).jpg
St._Paul's_Cathedral,27756,2,commons/Interior_of_St._Paul's_Cathedral/0/pictures/200_years_of_the_ICBS_Evensong_at_St_Paul's_Cathedral_(43268842542).jpg
St._Paul's_Cathedral,27756,2,commons/Interior_of_St._Paul's_Cathedral/0/pictures/St_Paul's_Cathedral_(49213985758).jpg
St._Paul's_Cathedral,27756,2,commons/St._Paul's_Cathedral_dome_(interior)/0/pictures/St_Paul's_Cathedral_-_Dizzy_(29364318121).jpg
St._Paul's_Cathedral,27756,2,commons/Interior_of_St._Paul's_Cathedral/0/pictures/London-34-2_(48189393642).jpg
St._Paul's_Cathedral,27756,2,"commons/St._Paul's_Cathedral_dome_(interior)/0/pictures/St_Paul's_Cathedral_Interior_Dome_2_crop,_London,_UK_-_Diliff.jpg"
St._Paul's_Cathedral,27756,2,commons/Interior_of_St._Paul's_Cathedral/0/pictures/St_Paul's_Cathedral_-_Photographers_(29335972092).jpg
St._Paul's_Cathedral,27756,2,"commons/Interior_of_St._Paul's_Cathedral/0/pictures/Right_Rev_Nicholas_Holtam,_Bishop_of_Salisbury_(29448164228).jpg"
St._Paul's_Cathedral,27756,2,"commons/St_Paul's_Cathedral_in_2014/0/pictures/St_Paul's_Cathedral,_London,_UK_(2014)_-_07.JPG"
St._Paul's_Cathedral,27756,2,"commons/Interior_of_St._Paul's_Cathedral/0/pictures/St_Paul's_Cathedral_Choir_looking_north-west,_London,_UK_-_Diliff.jpg"
St._Paul's_Cathedral,27756,2,commons/Interior_of_St._Paul's_Cathedral/0/pictures/Roof_of_St._Paul's_Cathedral.jpg
St._Paul's_Cathedral,27756,2,"commons/St_Paul's_Cathedral_in_2014/0/pictures/St_Paul's_Cathedral,_London,_UK_(2014)_-_08.JPG"
St._Paul's_Cathedral,27756,2,commons/Interior_of_St._Paul's_Cathedral/0/pictures/St_Paul's_Cathedral_London02-3.JPG
St._Paul's_Cathedral,27756,2,commons/Interior_of_St._Paul's_Cathedral/0/pictures/Rev_Canon_Tricia_Hillas_(43268843302).jpg
St._Paul's_Cathedral,27756,2,"commons/Interior_of_St._Paul's_Cathedral/0/pictures/St_Paul's_Cathedral_Choir_looking_west,_London,_UK_-_Diliff.jpg"
St._Paul's_Cathedral,27756,2,commons/Interior_of_St._Paul's_Cathedral/0/pictures/Operation_Banner_Service_Held_at_St_Pauls_Cathedral_in_2008_MOD_45151837.jpg
St._Paul's_Cathedral,27756,2,commons/Interior_of_St._Paul's_Cathedral/0/pictures/St_Paul's_Cathedral_3_piece_roof.jpg
St._Paul's_Cathedral,27756,2,"commons/St_Paul's_Cathedral_in_2014/0/pictures/St_Paul's_Cathedral,_London,_UK_(2014)_-_06.JPG"
St._Paul's_Cathedral,27756,2,commons/Interior_of_St._Paul's_Cathedral/0/pictures/St_Paul's_Cathedral_London02-2.jpg
St._Paul's_Cathedral,27756,2,"commons/Interior_of_St._Paul's_Cathedral/0/pictures/St_Paul's_Cathedral_Choir_looking_east,_London,_UK_-_Diliff.jpg"
St._Paul's_Cathedral,27756,2,commons/Interior_of_St._Paul's_Cathedral/0/pictures/St_Paul's_Cathedral_London02.jpg
St._Paul's_Cathedral,27756,2,"commons/Interior_of_St._Paul's_Cathedral/0/pictures/St_Paul's_Cathedral_Nave,_London,_UK_-_Diliff.jpg"
St._Paul's_Cathedral,27756,2,"commons/Interior_of_St._Paul's_Cathedral/0/pictures/St_Paul's_Cathedral_High_Altar,_London,_UK_-_Diliff.jpg"
St._Paul's_Cathedral,27756,2,commons/Interior_of_St._Paul's_Cathedral/0/pictures/St_Paul's_Cathedral_Nave.jpg
St._Paul's_Cathedral,27756,2,"commons/Interior_of_St._Paul's_Cathedral/0/pictures/St_Paul's_Cathedral,_London,_UK_(2014)_-_07.JPG"
St._Paul's_Cathedral,27756,2,commons/Interior_of_St._Paul's_Cathedral/0/pictures/St_Paul's_Cathedral_–_Nave.jpg
St._Paul's_Cathedral,27756,2,"commons/Interior_of_St._Paul's_Cathedral/0/pictures/St_Paul's_Cathedral,_London,_UK_(2014)_-_06.JPG"
St._Paul's_Cathedral,27756,2,commons/Interior_of_St._Paul's_Cathedral/0/pictures/St_Paul's_Cathedral_–_Whispering_Gallery.jpg
St._Paul's_Cathedral,27756,2,"commons/Interior_of_St._Paul's_Cathedral/0/pictures/St_Paul's_Cathedral,_London,_UK_(2014)_-_08.JPG"
St._Paul's_Cathedral,27756,2,commons/Interior_of_St._Paul's_Cathedral/0/pictures/St_paul's_abside.png
St._Paul's_Cathedral,27756,2,commons/Interior_of_St._Paul's_Cathedral/0/pictures/St_Pauls_whispering_gallery.JPG
St._Paul's_Cathedral,27756,2,commons/Interior_of_St._Paul's_Cathedral/0/pictures/View_along_the_side_corridor_in_the_Main_Hall_of_St._Paul's_Cathedral_-_geograph.org.uk_-_5192101.jpg
St._Paul's_Cathedral,27756,2,commons/Interior_of_St._Paul's_Cathedral/0/pictures/View_of_the_Choir_of_St._Paul's_Cathedral_-_geograph.org.uk_-_5192124.jpg
St._Paul's_Cathedral,27756,2,commons/Interior_of_St._Paul's_Cathedral/0/pictures/View_of_the_main_hall_in_St._Paul's_Cathedral_^3_-_geograph.org.uk_-_5192110.jpg
St._Paul's_Cathedral,27756,2,commons/Interior_of_St._Paul's_Cathedral/0/pictures/View_of_the_main_hall_in_St._Paul's_Cathedral_^4_-_geograph.org.uk_-_5192115.jpg
St._Paul's_Cathedral,27756,2,commons/St._Paul's_Cathedral_dome_(interior)/0/pictures/Dome_of_st_pauls.jpg
St._Paul's_Cathedral,27756,2,commons/St._Paul's_Cathedral_in_2022/0/pictures/St_Paul's_Cathedral_3_piece_roof.jpg
St._Paul's_Cathedral,27756,2,commons/St._Paul's_Cathedral_dome_(interior)/0/pictures/Inside_of_St._Paul's_Dome.jpg
St._Paul's_Cathedral,27756,2,commons/Interior_of_St._Paul's_Cathedral/0/pictures/St_Paul's_Cathedral_(29335974612).jpg
St._Paul's_Cathedral,27756,2,commons/St._Paul's_Cathedral_dome_(interior)/0/pictures/Hide_(38048394).jpeg
St._Paul's_Cathedral,27756,2,commons/St._Paul's_Cathedral_dome_(interior)/0/pictures/London_1044_32.jpg
St._Paul's_Cathedral,27756,2,"commons/St._Paul's_Cathedral_dome_(interior)/0/pictures/IMG_6257""St.Paul's_Cathedral"",_London_(5).jpg"
St._Paul's_Cathedral,27756,2,commons/St._Paul's_Cathedral_dome_(interior)/0/pictures/London_1044_33.jpg
St._Paul's_Cathedral,27756,2,commons/St._Paul's_Cathedral_dome_(interior)/0/pictures/Looking_up_at_the_dome_in_St._Paul's_Cathedral_-_geograph.org.uk_-_5192082.jpg
St._Paul's_Cathedral,27756,2,commons/St._Paul's_Cathedral_dome_(interior)/0/pictures/London_1044_34.jpg
St._Paul's_Cathedral,27756,2,commons/St._Paul's_Cathedral_dome_(interior)/0/pictures/London_St_Paul's_Cathedral_Interior_08.jpg
St._Paul's_Cathedral,27756,2,commons/St._Paul's_Cathedral_dome_(interior)/0/pictures/St_Paul's_Cathedral_(28820318244).jpg
St._Paul's_Cathedral,27756,2,commons/St._Paul's_Cathedral_dome_(interior)/0/pictures/St_Paul's_Cathedral_(28822545013).jpg
St._Paul's_Cathedral,27756,2,commons/Interior_of_St._Paul's_Cathedral/0/pictures/St_Paul's_Cathedral_(29409954336).jpg
St._Paul's_Cathedral,27756,2,commons/St._Paul's_Cathedral_dome_(interior)/0/pictures/St_Paul's_Cathedral_(28822628433).jpg
St._Paul's_Cathedral,27756,2,commons/St._Paul's_Cathedral_dome_(interior)/0/pictures/St_Paul's_Cathedral_(28822542963).jpg
St._Paul's_Cathedral,27756,2,commons/St._Paul's_Cathedral_dome_(interior)/0/pictures/St_Paul's_Cathedral_(29364349371).jpg
St._Paul's_Cathedral,27756,2,commons/St._Paul's_Cathedral_dome_(interior)/0/pictures/St_Paul's_Cathedral_(29364350891).jpg
St._Paul's_Cathedral,27756,2,commons/St._Paul's_Cathedral_dome_(interior)/0/pictures/St_Paul's_Cathedral_(29409949546).jpg
St._Paul's_Cathedral,27756,2,commons/St._Paul's_Cathedral_dome_(interior)/0/pictures/St_Paul's_Cathedral_(29409953336).jpg
St._Paul's_Cathedral,27756,2,commons/St._Paul's_Cathedral_dome_(interior)/0/pictures/St_Paul's_Cathedral_(36951420894).jpg
St._Paul's_Cathedral,27756,2,commons/Interior_of_St._Paul's_Cathedral/0/pictures/St_Paul's_Cathedral_(36991368703).jpg
St._Paul's_Cathedral,27756,2,commons/St._Paul's_Cathedral_dome_(interior)/0/pictures/St_Paul's_Cathedral_(36951437734).jpg
St._Paul's_Cathedral,27756,2,commons/St._Paul's_Cathedral_in_2013/0/pictures/London_UK_Interior-of-St-Pauls-Cathedral-01.jpg
St._Paul's_Cathedral,27756,2,commons/Interior_of_St._Paul's_Cathedral/0/pictures/St_Paul's_Cathedral_(36991370083).jpg
St._Paul's_Cathedral,27756,2,commons/St._Paul's_Cathedral_dome_(interior)/0/pictures/St_Paul's_Cathedral_(37404117090).jpg
St._Paul's_Cathedral,27756,2,commons/St._Paul's_Cathedral_in_2013/0/pictures/St_Paul's_Cathedral_Dome.jpg
St._Paul's_Cathedral,27756,2,commons/Interior_of_St._Paul's_Cathedral/0/pictures/St_Paul's_Cathedral_(37404142020).jpg
St._Paul's_Cathedral,27756,2,commons/St._Paul's_Cathedral_dome_(interior)/0/pictures/St_Paul's_Cathedral_(37612817436).jpg
St._Paul's_Cathedral,27756,2,commons/Interior_of_St._Paul's_Cathedral/0/pictures/St_Paul's_Cathedral_(37404194690).jpg
St._Paul's_Cathedral,27756,2,commons/St._Paul's_Cathedral_dome_(interior)/0/pictures/St_Paul's_Cathedral_Whispering_Gallery.jpg
St._Paul's_Cathedral,27756,2,"commons/St._Paul's_Cathedral_dome_(interior)/0/pictures/St_Paul's_Cathedral_Interior_Dome_3,_London,_UK_-_Diliff.jpg"
St._Paul's_Cathedral,27756,3,commons/Views_from_St._Paul's_Cathedral/0/pictures/Шахова_15.JPG
St._Paul's_Cathedral,27756,3,commons/Views_from_St._Paul's_Cathedral/0/pictures/Views_from_St_Paul's_(49222351053).jpg
St._Paul's_Cathedral,27756,3,commons/Views_from_St._Paul's_Cathedral/0/pictures/Шахова_08.JPG
St._Paul's_Cathedral,27756,3,commons/Views_from_St._Paul's_Cathedral/0/pictures/Шахова_07.JPG
St._Paul's_Cathedral,27756,3,"commons/Views_from_St._Paul's_Cathedral/0/pictures/Warm_Blessings_From_The_Sun,_London_-_panoramio.jpg"
St._Paul's_Cathedral,27756,3,commons/Views_from_St._Paul's_Cathedral/0/pictures/Vista_desde_la_cúpula_de_la_Catedral_de_San_Pablo_-_panoramio.jpg
St._Paul's_Cathedral,27756,3,commons/Views_from_St._Paul's_Cathedral/0/pictures/Vista_della_Tate_Modern_dalla_Cattedrale_di_S.Paul_-_panoramio.jpg
St._Paul's_Cathedral,27756,3,commons/Views_from_St._Paul's_Cathedral/0/pictures/Vista_del_London_Eye_dalla_Cattedrale_di_S.Paul_-_panoramio.jpg
St._Paul's_Cathedral,27756,3,commons/Views_from_St._Paul's_Cathedral/0/pictures/View_over_London_from_the_gallery_of_St._Paul's_Cathedral.jpg
St._Paul's_Cathedral,27756,3,commons/Views_from_St._Paul's_Cathedral/0/pictures/Londres_120..jpg
St._Paul's_Cathedral,27756,3,commons/Views_from_St._Paul's_Cathedral/0/pictures/Londres_118..jpg
St._Paul's_Cathedral,27756,3,commons/East_facade_of_St._Paul's_Cathedral/0/pictures/St_Paul's_Cathedral_04.JPG
St._Paul's_Cathedral,27756,3,commons/Views_from_St._Paul's_Cathedral/0/pictures/London-43-2_(48189391662).jpg
St._Paul's_Cathedral,27756,3,commons/East_facade_of_St._Paul's_Cathedral/0/pictures/St_Paul_Cathedral_-_Reflections_02.jpg
St._Paul's_Cathedral,27756,3,commons/St._Paul's_Cathedral_dome_(exterior)/0/pictures/St._Paul's_Cathedral_(20293755966).jpg
St._Paul's_Cathedral,27756,3,commons/Views_from_St._Paul's_Cathedral/0/pictures/London_skyline_5.jpg
St._Paul's_Cathedral,27756,3,"commons/St._Paul's_Cathedral_in_2022/0/pictures/Monuments_at_St._Paul’s,_March_2022_15.jpg"
St._Paul's_Cathedral,27756,3,commons/Views_from_St._Paul's_Cathedral/0/pictures/London_skyline_4.jpg
St._Paul's_Cathedral,27756,3,commons/Views_from_St._Paul's_Cathedral/0/pictures/London_Paternoster_Square_-_panoramio.jpg
St._Paul's_Cathedral,27756,3,commons/Views_from_St._Paul's_Cathedral/0/pictures/London_from_St_Paul's_Cathedral_(50311799211).jpg
St._Paul's_Cathedral,27756,3,commons/Views_from_St._Paul's_Cathedral/0/pictures/London_UK_View-from-St-Pauls-Cathedral-02.jpg
St._Paul's_Cathedral,27756,3,commons/Views_from_St._Paul's_Cathedral/0/pictures/London_from_St_Paul's_(49378762291).jpg
St._Paul's_Cathedral,27756,3,commons/Views_from_St._Paul's_Cathedral/0/pictures/London_UK_View-from-St-Pauls-Cathedral-01.jpg
St._Paul's_Cathedral,27756,3,commons/Views_from_St._Paul's_Cathedral/0/pictures/London_from_St_Paul's.jpg
St._Paul's_Cathedral,27756,3,commons/Views_from_St._Paul's_Cathedral/0/pictures/London_Skyline_Merge_Trials02.jpg
St._Paul's_Cathedral,27756,3,commons/Views_from_St._Paul's_Cathedral/0/pictures/LONDON_2010_St_Paul's_Cathedral_-_panoramio_(1).jpg
St._Paul's_Cathedral,27756,3,commons/Views_from_St._Paul's_Cathedral/0/pictures/City_of_London-St._Paul's_Cathedral-002.jpg
St._Paul's_Cathedral,27756,3,commons/Views_from_St._Paul's_Cathedral/0/pictures/City_of_London-St._Paul's_Cathedral-001.jpg
St._Paul's_Cathedral,27756,3,commons/Views_from_St._Paul's_Cathedral/0/pictures/Blackfriars_from_St_Paul's_(49405682483).jpg
St._Paul's_Cathedral,27756,3,commons/Views_from_St._Paul's_Cathedral/0/pictures/View_of_London.jpg
St._Paul's_Cathedral,27756,3,commons/Views_from_St._Paul's_Cathedral/0/pictures/20180629_53_London.jpg
St._Paul's_Cathedral,27756,3,commons/Views_from_St._Paul's_Cathedral/0/pictures/View_of_City_from_St._Paul's_Cathedral_20160829-3.jpg
St._Paul's_Cathedral,27756,3,commons/Views_from_St._Paul's_Cathedral/0/pictures/Business_in_London_-_panoramio.jpg
St._Paul's_Cathedral,27756,3,commons/Views_from_St._Paul's_Cathedral/0/pictures/View_from_St._Paul's_(29579607222).jpg
St._Paul's_Cathedral,27756,3,commons/Views_from_St._Paul's_Cathedral/0/pictures/City_of_London_skyline.jpg
St._Paul's_Cathedral,27756,3,"commons/West_facade_of_St._Paul's_Cathedral/0/pictures/Monuments_at_St._Paul’s,_March_2022_15.jpg"
St._Paul's_Cathedral,27756,3,commons/Exterior_of_St._Paul's_Cathedral/0/pictures/UK_-_London_(30159291853).jpg
St._Paul's_Cathedral,27756,3,commons/Views_from_St._Paul's_Cathedral/0/pictures/South_East_From_St._Paul's_-_geograph.org.uk_-_3263769.jpg
St._Paul's_Cathedral,27756,3,"commons/Views_from_St._Paul's_Cathedral/0/pictures/City_of_London,_framed_view_of_the_city_rooftops_-_geograph.org.uk_-_3682317.jpg"
St._Paul's_Cathedral,27756,3,commons/St._Paul's_Cathedral/0/pictures/To_yonder_soaring_dome_-_Flickr_-_sagesolar.jpg
St._Paul's_Cathedral,27756,3,commons/St._Paul's_Cathedral_in_2012/0/pictures/St._Pauls_Cathedral_(the_dome)._City_of_London.JPG
St._Paul's_Cathedral,27756,3,commons/Views_from_St._Paul's_Cathedral/0/pictures/St_Paul's_Cathedral_looking_north_east_-_geograph.org.uk_-_1111080.jpg
St._Paul's_Cathedral,27756,3,commons/St._Paul's_Cathedral_in_2005/0/pictures/St_Pauls_and_The_eye_017.jpg
St._Paul's_Cathedral,27756,3,commons/Views_from_St._Paul's_Cathedral/0/pictures/One_New_Change_(cropped).jpg
St._Paul's_Cathedral,27756,3,commons/St._Paul's_Cathedral_in_2012/0/pictures/St_Paul's_Cathedral_04.JPG
St._Paul's_Cathedral,27756,3,commons/Exterior_of_St._Paul's_Cathedral/0/pictures/Paul's_Cathedral_Dome_at_Sunset.jpg
St._Paul's_Cathedral,27756,3,commons/St._Paul's_Cathedral_detail/0/pictures/Londres_125..jpg
St._Paul's_Cathedral,27756,3,commons/St._Paul's_Cathedral_dome_(exterior)/0/pictures/View_of_St._Paul's_Cathedral_from_the_roof_of_One_New_Change_shopping_centre_^3_-_geograph.org.uk_-_5123946.jpg
St._Paul's_Cathedral,27756,3,commons/Views_from_St._Paul's_Cathedral/0/pictures/View_From_St.Paul's_Cathedral_(12)_-_geograph.org.uk_-_1400441.jpg
St._Paul's_Cathedral,27756,3,"commons/Exterior_of_St._Paul's_Cathedral/0/pictures/London,_St._Pauls_20060725_001.jpg"
St._Paul's_Cathedral,27756,3,"commons/Views_from_St._Paul's_Cathedral/0/pictures/London,_United_Kingdom_(Unsplash_T6VTsM4_fGU).jpg"
St._Paul's_Cathedral,27756,3,commons/Views_from_St._Paul's_Cathedral/0/pictures/London_skyline_7.jpg
St._Paul's_Cathedral,27756,3,commons/Views_from_St._Paul's_Cathedral/0/pictures/Londres_116..jpg
St._Paul's_Cathedral,27756,3,commons/East_facade_of_St._Paul's_Cathedral/0/pictures/St._Pauls_Cathedral_(the_dome)._City_of_London.JPG
St._Paul's_Cathedral,27756,3,commons/Views_from_St._Paul's_Cathedral/0/pictures/London_Panorama_(4783840581).jpg
St._Paul's_Cathedral,27756,3,commons/Views_from_St._Paul's_Cathedral/0/pictures/View_of_City_from_St._Paul's_Cathedral_20160829-5.jpg
St._Paul's_Cathedral,27756,3,commons/St._Paul's_Cathedral_in_2018/0/pictures/Dome_of_St_Paul's_Cathedral_from_One_New_Change_02.jpg
St._Paul's_Cathedral,27756,3,commons/Views_from_St._Paul's_Cathedral/0/pictures/View_from_the_Golden_Gallery_-_southwest_-_geograph.org.uk_-_1492666.jpg
St._Paul's_Cathedral,27756,3,commons/Views_from_St._Paul's_Cathedral/0/pictures/London_from_the_Top_of_St._Paul's_-_panoramio.jpg
St._Paul's_Cathedral,27756,3,commons/St._Paul's_Cathedral_dome_(exterior)/0/pictures/St._Paul's_Cathedral_Dome_(exterior).jpg
St._Paul's_Cathedral,27756,3,commons/Views_from_St._Paul's_Cathedral/0/pictures/Londres_124..jpg
St._Paul's_Cathedral,27756,3,commons/Views_from_St._Paul's_Cathedral/0/pictures/London_FR11_from_Cathedral.JPG
St._Paul's_Cathedral,27756,3,"commons/Views_from_St._Paul's_Cathedral/0/pictures/City_of_London,_a_city_roofscape_-_geograph.org.uk_-_3682283.jpg"
St._Paul's_Cathedral,27756,3,"commons/St._Paul's_Cathedral_School/0/pictures/View_of_Shell_House,_Big_Ben,_the_London_Eye_and_the_Oxo_Tower_from_Madison's_bar_-_geograph.org.uk_-_3090732.jpg"
St._Paul's_Cathedral,27756,3,commons/St._Paul's_Cathedral_in_2008/0/pictures/Londres_125..jpg
St._Paul's_Cathedral,27756,3,"commons/Exterior_of_St._Paul's_Cathedral/0/pictures/St._Paul's_Cathedral,_London,_United_Kingdom_(Unsplash_ncyDc3sCR-s).jpg"
St._Paul's_Cathedral,27756,3,commons/St._Paul's_Cathedral_dome_(exterior)/0/pictures/St_Paul's_Cathedral_Dome_from_One_New_Change_-_Square_Crop.jpg
St._Paul's_Cathedral,27756,3,commons/Views_from_St._Paul's_Cathedral/0/pictures/View_from_St_Pauls_Cathedral_London.jpg
St._Paul's_Cathedral,27756,3,commons/Views_from_St._Paul's_Cathedral/0/pictures/LONDON_2010_Millenium_Bridge_-_panoramio.jpg
St._Paul's_Cathedral,27756,3,commons/East_facade_of_St._Paul's_Cathedral/0/pictures/Outside_View_of_St._Paul's_Cathedral.jpg
St._Paul's_Cathedral,27756,3,commons/St._Paul's_Cathedral_dome_(exterior)/0/pictures/View_of_St._Paul's_Cathedral_from_the_roof_of_One_New_Change_shopping_centre_-_geograph.org.uk_-_4675390.jpg
St._Paul's_Cathedral,27756,3,commons/Views_from_St._Paul's_Cathedral/0/pictures/Uma_Vista_De_Londres_(88046233).jpeg
St._Paul's_Cathedral,27756,3,commons/Views_from_St._Paul's_Cathedral/0/pictures/London_skyline.jpg
St._Paul's_Cathedral,27756,3,"commons/Views_from_St._Paul's_Cathedral/0/pictures/City_of_London,_Paternoster_Square_from_above_-_geograph.org.uk_-_3682263.jpg"
St._Paul's_Cathedral,27756,3,commons/Views_from_St._Paul's_Cathedral/0/pictures/View_from_the_Golden_Gallery_-_southeast_-_geograph.org.uk_-_1492658.jpg
St._Paul's_Cathedral,27756,3,commons/Views_from_St._Paul's_Cathedral/0/pictures/View_of_City_from_St._Paul's_Cathedral_20160829-2.jpg
St._Paul's_Cathedral,27756,3,commons/St._Paul's_Cathedral_in_2018/0/pictures/Dome_of_St_Paul's_Cathedral_from_One_New_Change_01.jpg
St._Paul's_Cathedral,27756,3,commons/Views_from_St._Paul's_Cathedral/0/pictures/View_from_the_Golden_Gallery_-_south_-_geograph.org.uk_-_1492661.jpg
St._Paul's_Cathedral,27756,3,commons/Views_from_St._Paul's_Cathedral/0/pictures/CityofLondon_from_StPauls.JPG
St._Paul's_Cathedral,27756,3,"commons/St._Paul's_Cathedral_in_2022/0/pictures/Paternoster_Square_from_St._Pauls,_March_2022.jpg"
St._Paul's_Cathedral,27756,3,"commons/Views_from_St._Paul's_Cathedral/0/pictures/View_from_St_Paul's_Cathedral,_London_EC2_-_geograph.org.uk_-_3209348.jpg"
St._Paul's_Cathedral,27756,3,commons/St._Paul's_Cathedral_dome_(exterior)/0/pictures/Dome_of_St_Paul's_Cathedral_from_One_New_Change_01.jpg
St._Paul's_Cathedral,27756,3,commons/Views_from_St._Paul's_Cathedral/0/pictures/Millenium_bridge_from_st_pauls.jpg
St._Paul's_Cathedral,27756,3,commons/St._Paul's_Cathedral_dome_(exterior)/0/pictures/Dome_of_St_Paul's_Cathedral_from_One_New_Change_02.jpg
St._Paul's_Cathedral,27756,3,commons/Views_from_St._Paul's_Cathedral/0/pictures/Londres_121..jpg
St._Paul's_Cathedral,27756,3,commons/Views_from_St._Paul's_Cathedral/0/pictures/Londres_123..jpg
St._Paul's_Cathedral,27756,3,commons/Views_from_St._Paul's_Cathedral/0/pictures/Paternoster_Square_-_geograph.org.uk_-_1400525.jpg
St._Paul's_Cathedral,27756,3,commons/Views_from_St._Paul's_Cathedral/0/pictures/Saint_Paul’s_view_on_London.jpg
St._Paul's_Cathedral,27756,3,commons/Views_from_St._Paul's_Cathedral/0/pictures/South_Bank_of_London.jpg
St._Paul's_Cathedral,27756,3,"commons/Views_from_St._Paul's_Cathedral/0/pictures/Paternoster_Square,_London.jpg"
St._Paul's_Cathedral,27756,3,commons/Views_from_St._Paul's_Cathedral/0/pictures/South_from_St_Paul's_Cathedral_-_geograph.org.uk_-_3864273.jpg
St._Paul's_Cathedral,27756,3,commons/Views_from_St._Paul's_Cathedral/0/pictures/St_Paul's_Cathedral_looking_east_-_geograph.org.uk_-_1111083.jpg
St._Paul's_Cathedral,27756,3,commons/Views_from_St._Paul's_Cathedral/0/pictures/St_Paul's_Cathedral_looking_north_-_geograph.org.uk_-_1111108.jpg
St._Paul's_Cathedral,27756,3,commons/Views_from_St._Paul's_Cathedral/0/pictures/St_Paul's_Cathedral_looking_south_-_geograph.org.uk_-_1111089.jpg
St._Paul's_Cathedral,27756,3,commons/Views_from_St._Paul's_Cathedral/0/pictures/St_Paul's_Cathedral_looking_north_west_-_geograph.org.uk_-_1111101.jpg
St._Paul's_Cathedral,27756,3,commons/Views_from_St._Paul's_Cathedral/0/pictures/St_Paul's_Cathedral_looking_south_east_-_geograph.org.uk_-_1111085.jpg
St._Paul's_Cathedral,27756,3,commons/Views_from_St._Paul's_Cathedral/0/pictures/St_Paul's_Cathedral_looking_west_-_geograph.org.uk_-_1111096.jpg
St._Paul's_Cathedral,27756,3,commons/Views_from_St._Paul's_Cathedral/0/pictures/St_Paul's_Cathedral_looking_south_west_-_geograph.org.uk_-_1111094.jpg
St._Paul's_Cathedral,27756,3,commons/Views_from_St._Paul's_Cathedral/0/pictures/Still_building_in_London_-_geograph.org.uk_-_1499737.jpg
St._Paul's_Cathedral,27756,3,commons/Views_from_St._Paul's_Cathedral/0/pictures/Sunset_over_London_-_geograph.org.uk_-_1140665.jpg
St._Paul's_Cathedral,27756,3,commons/Views_from_St._Paul's_Cathedral/0/pictures/St_Pauls_(8162143500).jpg
St._Paul's_Cathedral,27756,3,commons/Views_from_St._Paul's_Cathedral/0/pictures/St_Nicholas_&_St_Mary_from_St_Paul's.jpg
St._Paul's_Cathedral,27756,3,commons/Views_from_St._Paul's_Cathedral/0/pictures/View_From_St.Paul's_Cathedral_(1)_-_geograph.org.uk_-_1400250.jpg
St._Paul's_Cathedral,27756,3,commons/Views_from_St._Paul's_Cathedral/0/pictures/St._Paul's_-_panoramio.jpg
St._Paul's_Cathedral,27756,3,commons/Views_from_St._Paul's_Cathedral/0/pictures/St_Pauls_and_The_eye_017.jpg
St._Paul's_Cathedral,27756,3,commons/Views_from_St._Paul's_Cathedral/0/pictures/View_From_St.Paul's_Cathedral_(2)_-_geograph.org.uk_-_1400275.jpg
St._Paul's_Cathedral,27756,3,commons/Views_from_St._Paul's_Cathedral/0/pictures/View_From_St.Paul's_Cathedral_(6)_-_geograph.org.uk_-_1400351.jpg
St._Paul's_Cathedral,27756,3,commons/Views_from_St._Paul's_Cathedral/0/pictures/View_From_St.Paul's_Cathedral_(7)_-_geograph.org.uk_-_1400385.jpg
St._Paul's_Cathedral,27756,3,commons/Views_from_St._Paul's_Cathedral/0/pictures/View_East_From_St._Paul's_-_geograph.org.uk_-_3257122.jpg
St._Paul's_Cathedral,27756,3,"commons/Views_from_St._Paul's_Cathedral/0/pictures/View_from_St_Paul's_Cathedral,_1976_(2)_-_geograph.org.uk_-_1482703.jpg"
St._Paul's_Cathedral,27756,3,"commons/Views_from_St._Paul's_Cathedral/0/pictures/View_from_St_Paul's_Cathedral,_London_EC2_-_geograph.org.uk_-_3209355.jpg"
St._Paul's_Cathedral,27756,3,commons/St._Paul's_Cathedral_in_2016/0/pictures/UK_-_London_(30159291853).jpg
St._Paul's_Cathedral,27756,3,"commons/Views_from_St._Paul's_Cathedral/0/pictures/View_from_St_Paul's_Cathedral,_London_EC2_-_geograph.org.uk_-_3209361.jpg"
St._Paul's_Cathedral,27756,3,"commons/Views_from_St._Paul's_Cathedral/0/pictures/View_from_St_Paul's_Cathedral,_London_EC2_-_geograph.org.uk_-_3209351.jpg"
St._Paul's_Cathedral,27756,3,"commons/Views_from_St._Paul's_Cathedral/0/pictures/View_from_St_Paul's_Cathedral,_London_EC2_-_geograph.org.uk_-_3209362.jpg"
St._Paul's_Cathedral,27756,3,"commons/Views_from_St._Paul's_Cathedral/0/pictures/View_from_St_Paul's_Cathedral,_London_EC2_-_geograph.org.uk_-_3209365.jpg"
St._Paul's_Cathedral,27756,3,commons/Views_from_St._Paul's_Cathedral/0/pictures/View_from_St_Paul's_(49159208437).jpg
St._Paul's_Cathedral,27756,3,commons/Views_from_St._Paul's_Cathedral/0/pictures/View_North_East_From_St._Paul's_-_geograph.org.uk_-_3257106.jpg
St._Paul's_Cathedral,27756,3,"commons/Views_from_St._Paul's_Cathedral/0/pictures/View_from_St_Paul's_Cathedral,_London,_EC2_-_geograph.org.uk_-_3209280.jpg"
St._Paul's_Cathedral,27756,3,"commons/Views_from_St._Paul's_Cathedral/0/pictures/View_from_St_Paul's_Cathedral,_London,_EC2_-_geograph.org.uk_-_3209277.jpg"
St._Paul's_Cathedral,27756,3,"commons/Views_from_St._Paul's_Cathedral/0/pictures/View_from_St_Paul's_Cathedral,_London,_EC2_-_geograph.org.uk_-_3209281.jpg"
St._Paul's_Cathedral,27756,3,"commons/Views_from_St._Paul's_Cathedral/0/pictures/View_from_St_Paul's_Cathedral,_London,_EC2_-_geograph.org.uk_-_3209289.jpg"
St._Paul's_Cathedral,27756,3,commons/St._Paul's_Cathedral_in_2010/0/pictures/Vista_desde_la_cúpula_de_la_Catedral_de_San_Pablo_-_panoramio.jpg
St._Paul's_Cathedral,27756,3,"commons/Views_from_St._Paul's_Cathedral/0/pictures/View_from_St_Paul's_Cathedral,_London,_EC2_-_geograph.org.uk_-_3209294.jpg"
St._Paul's_Cathedral,27756,3,"commons/Views_from_St._Paul's_Cathedral/0/pictures/View_from_St_Paul's_Cathedral,_London,_EC2_-_geograph.org.uk_-_3209308.jpg"
St._Paul's_Cathedral,27756,3,"commons/Views_from_St._Paul's_Cathedral/0/pictures/View_from_St_Paul's_Cathedral,_London,_EC2_-_geograph.org.uk_-_3209319.jpg"
St._Paul's_Cathedral,27756,3,commons/Views_from_St._Paul's_Cathedral/0/pictures/View_from_St._Paul's_cathedral_-_geograph.org.uk_-_1140668.jpg
St._Paul's_Cathedral,27756,3,commons/Views_from_St._Paul's_Cathedral/0/pictures/View_from_St._Paul's_cathedral_-_geograph.org.uk_-_1140669.jpg
St._Paul's_Cathedral,27756,3,commons/Views_from_St._Paul's_Cathedral/0/pictures/View_from_the_Golden_Gallery_-_east_(geograph_1492654).jpg
St._Paul's_Cathedral,27756,3,"commons/Views_from_St._Paul's_Cathedral/0/pictures/View_from_St_Paul's_Cathedral,_London,_EC2_-_geograph.org.uk_-_3209329.jpg"
St._Paul's_Cathedral,27756,3,commons/Views_from_St._Paul's_Cathedral/0/pictures/View_from_the_Golden_Gallery_-_north_-_geograph.org.uk_-_1492645.jpg
St._Paul's_Cathedral,27756,3,commons/Views_from_St._Paul's_Cathedral/0/pictures/View_from_the_Golden_Gallery_-_northwest_-_geograph.org.uk_-_1492641.jpg
St._Paul's_Cathedral,27756,3,commons/Views_from_St._Paul's_Cathedral/0/pictures/View_from_the_Golden_Gallery_-_northeast_-_geograph.org.uk_-_1492648.jpg
St._Paul's_Cathedral,27756,3,commons/Views_from_St._Paul's_Cathedral/0/pictures/View_from_the_Golden_Gallery_-_west_-_geograph.org.uk_-_1492635.jpg
St._Paul's_Cathedral,27756,3,commons/Views_from_St._Paul's_Cathedral/0/pictures/View_of_City_from_St._Paul's_Cathedral_20160829-4.jpg
St._Paul's_Cathedral,27756,3,commons/Views_from_St._Paul's_Cathedral/0/pictures/View_of_City_from_St._Paul's_Cathedral_20160829.jpg
St._Paul's_Cathedral,27756,3,commons/Views_from_St._Paul's_Cathedral/0/pictures/View_over_London_from_the_gallery_of_St._Paul's_Cathedral_-_52052644841.jpg
St._Paul's_Cathedral,27756,4,"commons/Captains_Mosse_and_Riou_monument,_St_Paul's_Cathedral/0/pictures/Mosse_&_Riou_memorial,_west_wall,_crypt_of_St_Paul's_London.jpg"
St._Paul's_Cathedral,27756,4,"commons/St._Paul's_Cathedral_in_2022/0/pictures/Monuments_in_the_Crypt_of_St._Paul’s,_March_2022_t_25.jpg"
St._Paul's_Cathedral,27756,4,"commons/Captains_Mosse_and_Riou_monument,_St_Paul's_Cathedral/0/pictures/Mosse,_Riou_&_angels.jpg"
St._Paul's_Cathedral,27756,4,commons/St_Paul's_Cathedral_in_2014/0/pictures/The_monument_to_Edward_Riou_in_St_Paul's_Cathedral_(detail).JPG
St._Paul's_Cathedral,27756,4,"commons/Captains_Mosse_and_Riou_monument,_St_Paul's_Cathedral/0/pictures/The_monument_to_Captains_Mosse_and_Riou,_St_Pauls_Cathedral.JPG"
St._Paul's_Cathedral,27756,4,"commons/St_Paul's_Cathedral_in_2014/0/pictures/The_monument_to_Captains_Mosse_and_Riou,_St_Pauls_Cathedral.JPG"
St._Paul's_Cathedral,27756,4,"commons/Captains_Mosse_and_Riou_monument,_St_Paul's_Cathedral/0/pictures/The_monument_to_Edward_Riou_in_St_Paul's_Cathedral_(detail).JPG"
St._Paul's_Cathedral,27756,4,"commons/Captains_Mosse_and_Riou_monument,_St_Paul's_Cathedral/0/pictures/Mosse_&_Riou_memorial,_St_Paul's_crypt.jpg"
St._Paul's_Cathedral,27756,4,"commons/Captains_Mosse_and_Riou_monument,_St_Paul's_Cathedral/0/pictures/Mosse_&_Riou_memorial,_detail,_Riou_plaque.jpg"
St._Paul's_Cathedral,27756,4,"commons/Captains_Mosse_and_Riou_monument,_St_Paul's_Cathedral/0/pictures/Monuments_in_the_Crypt_of_St._Paul’s,_March_2022_t_25.jpg"
St._Paul's_Cathedral,27756,4,"commons/Captains_Mosse_and_Riou_monument,_St_Paul's_Cathedral/0/pictures/Mosse_&_Riou_detail,_Mosse_plaque.jpg"
St._Paul's_Cathedral,27756,4,"commons/Captains_Mosse_and_Riou_monument,_St_Paul's_Cathedral/0/pictures/Monument_to_Cpt_James_Robert_Mosse,_St_Paul's_Cathedral_(detail).JPG"
St._Paul's_Cathedral,27756,5,commons/St._Paul's_Cathedral_in_2012/0/pictures/London_-_panoramio_(224).jpg
St._Paul's_Cathedral,27756,5,commons/St._Paul's_Cathedral_dome_(exterior)/0/pictures/St-Pauls_Cathedral_1_db.jpg
St._Paul's_Cathedral,27756,5,"commons/St._Paul's_Cathedral/0/pictures/The_dome_of_St._Paul's,_seen_from_Southbank_in_the_evening.jpg"
St._Paul's_Cathedral,27756,5,commons/Remote_views_of_St._Paul's_Cathedral/0/pictures/South_Bank_Mars_2014_01.jpg
St._Paul's_Cathedral,27756,5,commons/Exterior_of_St._Paul's_Cathedral/0/pictures/Skyline_Of_The_City_-_panoramio.jpg
St._Paul's_Cathedral,27756,5,commons/Exterior_of_St._Paul's_Cathedral/0/pictures/View_of_St._Paul's_Cathedral_from_the_Thames_Beach_^2_-_geograph.org.uk_-_4050165.jpg
St._Paul's_Cathedral,27756,5,commons/Exterior_of_St._Paul's_Cathedral/0/pictures/View_of_St._Paul's_Cathedral_from_the_Thames_Beach_^3_-_geograph.org.uk_-_4050176.jpg
St._Paul's_Cathedral,27756,5,commons/Exterior_of_St._Paul's_Cathedral/0/pictures/London_-_panoramio_(224).jpg
St._Paul's_Cathedral,27756,5,commons/Remote_views_of_St._Paul's_Cathedral/0/pictures/London_(12586323073).jpg
St._Paul's_Cathedral,27756,5,commons/Remote_views_of_St._Paul's_Cathedral/0/pictures/London_Thames_St._Paul's_2013.JPG
St._Paul's_Cathedral,27756,5,commons/Remote_views_of_St._Paul's_Cathedral/0/pictures/View_of_St._Paul's_Cathedral_from_the_Thames_Beach_^4_-_geograph.org.uk_-_4050233.jpg
St._Paul's_Cathedral,27756,5,commons/Remote_views_of_St._Paul's_Cathedral/0/pictures/Londres_127..jpg
St._Paul's_Cathedral,27756,5,commons/St._Paul's_Cathedral_in_2010/0/pictures/London_in_Motion_(4898272118).jpg
St._Paul's_Cathedral,27756,5,commons/Remote_views_of_St._Paul's_Cathedral/0/pictures/London_in_Motion_(4898272118).jpg
St._Paul's_Cathedral,27756,5,commons/St_Paul's_Cathedral_in_2014/0/pictures/St_Paul's_Cathedral_from_South_bank_-_2014-08-03.jpg
St._Paul's_Cathedral,27756,5,commons/St._Paul's_Cathedral/0/pictures/View_of_St_Paul's_Cathedral_from_the_Thames_-_geograph.org.uk_-_2133896.jpg
St._Paul's_Cathedral,27756,5,commons/Remote_views_of_St._Paul's_Cathedral/0/pictures/St-Pauls_Cathedral_1_db.jpg
St._Paul's_Cathedral,27756,5,commons/St_Paul's_Cathedral_in_2014/0/pictures/Summer_Evening_with_St_Paul_Cathedral.jpg
St._Paul's_Cathedral,27756,5,commons/Remote_views_of_St._Paul's_Cathedral/0/pictures/St_Paul's_Cathedral_London_UK_Ank_Kumar_Infosys_Limited_02.jpg
St._Paul's_Cathedral,27756,5,commons/Remote_views_of_St._Paul's_Cathedral/0/pictures/St_Paul's_Cathedral_from_South_bank_-_2014-08-03.jpg
St._Paul's_Cathedral,27756,5,commons/St._Paul's_Cathedral_at_sunset/0/pictures/Summer_Evening_with_St_Paul_Cathedral.jpg
St._Paul's_Cathedral,27756,5,commons/Remote_views_of_St._Paul's_Cathedral/0/pictures/Summer_Evening_with_St_Paul_Cathedral.jpg
St._Paul's_Cathedral,27756,6,"commons/St._Paul's_Cathedral_in_2022/0/pictures/Monuments_at_St._Paul’s,_March_2022_07.jpg"
St._Paul's_Cathedral,27756,6,"commons/General_Gordon_memorial,_St_Paul's_Cathedral/0/pictures/General_Gordon_memorial.jpg"
St._Paul's_Cathedral,27756,6,"commons/St._Paul's_Cathedral_in_2022/0/pictures/Monuments_at_St._Paul’s,_March_2022_08.jpg"
St._Paul's_Cathedral,27756,6,"commons/Monuments_in_St_Paul's_Cathedral/0/pictures/Monuments_at_St._Paul’s,_March_2022_07.jpg"
St._Paul's_Cathedral,27756,6,"commons/General_Gordon_memorial,_St_Paul's_Cathedral/0/pictures/Gordon_&_Stewart_memorials_01.jpg"
St._Paul's_Cathedral,27756,6,"commons/Herbert_Stewart_memorial,_St_Paul's_Cathedral/0/pictures/General_Gordon_memorial.jpg"
St._Paul's_Cathedral,27756,6,"commons/General_Gordon_memorial,_St_Paul's_Cathedral/0/pictures/Gordon_&_Stewart_memorials_03.jpg"
St._Paul's_Cathedral,27756,6,"commons/General_Gordon_memorial,_St_Paul's_Cathedral/0/pictures/Gordon_&_Stewart_memorials_02.jpg"
St._Paul's_Cathedral,27756,6,"commons/Herbert_Stewart_memorial,_St_Paul's_Cathedral/0/pictures/Gordon_&_Stewart_memorials_01.jpg"
St._Paul's_Cathedral,27756,6,"commons/General_Gordon_memorial,_St_Paul's_Cathedral/0/pictures/Monuments_at_St._Paul’s,_March_2022_08.jpg"
St._Paul's_Cathedral,27756,6,"commons/Herbert_Stewart_memorial,_St_Paul's_Cathedral/0/pictures/Herbert_Stewart_memoial,_St_Paul's.jpg"
St._Paul's_Cathedral,27756,6,"commons/Herbert_Stewart_memorial,_St_Paul's_Cathedral/0/pictures/Gordon_&_Stewart_memorials_02.jpg"
St._Paul's_Cathedral,27756,6,"commons/Herbert_Stewart_memorial,_St_Paul's_Cathedral/0/pictures/Gordon_&_Stewart_memorials_03.jpg"
St._Paul's_Cathedral,27756,6,commons/Monuments_in_St_Paul's_Cathedral/0/pictures/Memorial_to_Arthur_Wellesley_Torrens.jpg
St._Paul's_Cathedral,27756,7,commons/June_2018_–_200_years_of_the_ICBS_Evensong_(Crypt_of_St._Paul's_Cathedral)/0/pictures/Bill_Bryson_(29448175778).jpg
St._Paul's_Cathedral,27756,7,commons/June_2018_–_200_years_of_the_ICBS_Evensong_(Crypt_of_St._Paul's_Cathedral)/0/pictures/Neil_McGregor_(29448176258).jpg
St._Paul's_Cathedral,27756,7,commons/June_2018_–_200_years_of_the_ICBS_Evensong_(Crypt_of_St._Paul's_Cathedral)/0/pictures/Neil_McGregor_(41508631620).jpg
St._Paul's_Cathedral,27756,7,"commons/June_2018_–_200_years_of_the_ICBS_Evensong_(Crypt_of_St._Paul's_Cathedral)/0/pictures/Michael_Quicke,_CEO_of_CCLA_(29448178038).jpg"
St._Paul's_Cathedral,27756,7,"commons/June_2018_–_200_years_of_the_ICBS_Evensong_(Crypt_of_St._Paul's_Cathedral)/0/pictures/Huw_Edwards,_Bill_Bryson_(42414242085).jpg"
St._Paul's_Cathedral,27756,7,"commons/June_2018_–_200_years_of_the_ICBS_Evensong_(Crypt_of_St._Paul's_Cathedral)/0/pictures/Huw_Edwards,_Bill_Bryson_(42414241635).jpg"
St._Paul's_Cathedral,27756,7,commons/June_2018_–_200_years_of_the_ICBS_Evensong_(Crypt_of_St._Paul's_Cathedral)/0/pictures/Huw_Edwards_(29448176488).jpg
St._Paul's_Cathedral,27756,7,commons/June_2018_–_200_years_of_the_ICBS_Evensong_(Crypt_of_St._Paul's_Cathedral)/0/pictures/Bill_Bryson_(29448175888).jpg
St._Paul's_Cathedral,27756,7,commons/June_2018_–_200_years_of_the_ICBS_Evensong_(Crypt_of_St._Paul's_Cathedral)/0/pictures/Huw_Edwards_(41508620870).jpg
St._Paul's_Cathedral,27756,7,commons/June_2018_–_200_years_of_the_ICBS_Evensong_(Crypt_of_St._Paul's_Cathedral)/0/pictures/200_years_of_the_ICBS_Evensong_at_St_Paul's_Cathedral_(42600352494).jpg
