scene,scene_id,model,image
Sagrada_Família,28023,0,commons/Writings_and_Plaques_of_the_Sagrada_Família/0/pictures/Placa_commemorativa_de_la_visita_de_l'any_1982_de_Joan_Pau_II_a_la_Sagrada_Família.jpg
Sagrada_Família,28023,0,commons/Western_Views_of_the_Sagrada_Família/0/pictures/Sagrada_familia_towers_and_construction_cranes_(18167105104).jpg
Sagrada_Família,28023,0,commons/Western_Views_of_the_Sagrada_Família/0/pictures/Sagrada_familia_prospetto.jpg
Sagrada_Família,28023,0,commons/Western_Views_of_the_Sagrada_Família/0/pictures/Sagrada_Familia_Building_Site_2_(5838936295).jpg
Sagrada_Família,28023,0,commons/Western_Views_of_the_Sagrada_Família/0/pictures/SagradaFamilia.jpg
Sagrada_Família,28023,0,commons/Western_Views_of_the_Sagrada_Família/0/pictures/Sagrada_familia-barcelona_-_panoramio_(3).jpg
Sagrada_Família,28023,0,commons/Western_Views_of_the_Sagrada_Família/0/pictures/Temple_Expiatori_de_la_Sagrada_Família_(Barcelona)_-_60.jpg
Sagrada_Família,28023,0,"commons/Western_Views_of_the_Sagrada_Família/0/pictures/Templo_Expiatorio_de_la_Sagrada_Familia,_2013_(5).JPG"
Sagrada_Família,28023,0,commons/Western_Views_of_the_Sagrada_Família/0/pictures/Sagrada_Família._Façana_de_la_Passió.jpg
Sagrada_Família,28023,0,commons/Western_Views_of_the_Sagrada_Família/0/pictures/Sagrada_Familia_-_panoramio_(14).jpg
Sagrada_Família,28023,0,commons/Western_Views_of_the_Sagrada_Família/0/pictures/Sagrada_Familia_(8171681331).jpg
Sagrada_Família,28023,0,commons/Western_Views_of_the_Sagrada_Família/0/pictures/Sagrada_Familia_-_panoramio_(32).jpg
Sagrada_Família,28023,0,"commons/Western_Views_of_the_Sagrada_Família/0/pictures/Sagrada_Familia,_Passion_Facade_(18)_(31295416595).jpg"
Sagrada_Família,28023,0,commons/Western_Views_of_the_Sagrada_Família/0/pictures/Sagrada_Familia_Construcción_2016.jpg
Sagrada_Família,28023,0,commons/Western_Views_of_the_Sagrada_Família/0/pictures/Sagrada_Familia_(8107962155).jpg
Sagrada_Família,28023,0,commons/Western_Views_of_the_Sagrada_Família/0/pictures/La_Sagrada_Familia_Barcelona.jpg
Sagrada_Família,28023,0,commons/Western_Views_of_the_Sagrada_Família/0/pictures/Exterior_of_the_Sagrada_Família_23.jpg
Sagrada_Família,28023,0,commons/Western_Views_of_the_Sagrada_Família/0/pictures/Exterior_de_la_Sagrada_Família_03.jpg
Sagrada_Família,28023,0,commons/Western_Views_of_the_Sagrada_Família/0/pictures/Exterior_de_la_Sagrada_Família_04.jpg
Sagrada_Família,28023,0,commons/Western_Views_of_the_Sagrada_Família/0/pictures/Barcelona_-_panoramio_(300).jpg
Sagrada_Família,28023,0,commons/Western_Views_of_the_Sagrada_Família/0/pictures/Barcelona_-_panoramio_(296).jpg
Sagrada_Família,28023,0,commons/Western_Views_of_the_Sagrada_Família/0/pictures/Barcelona_-_La_Sagrada_Família_-_View_North_-_Passion_façade.jpg
Sagrada_Família,28023,0,"commons/Western_Views_of_the_Sagrada_Família/0/pictures/282_Als_donants_d'òrgans_i_teixits,_pl._Sagrada_Família.JPG"
Sagrada_Família,28023,0,"commons/Western_Views_of_the_Nave_of_the_Sagrada_Família/0/pictures/West_side_of_the_Sagrada_Familia,_February_2013.jpg"
Sagrada_Família,28023,0,commons/Western_Views_of_the_Nave_of_the_Sagrada_Família/0/pictures/Sagrada_familia-barcelona_-_panoramio_(15).jpg
Sagrada_Família,28023,0,commons/Western_Views_of_the_Nave_of_the_Sagrada_Família/0/pictures/Sagrada_Família.07.jpg
Sagrada_Família,28023,0,commons/Western_Views_of_the_Nave_of_the_Sagrada_Família/0/pictures/Sagrada_Familia_-_panoramio_(16).jpg
Sagrada_Família,28023,0,commons/Western_Views_of_the_Nave_of_the_Sagrada_Família/0/pictures/Nau_lateral_00_vista_des_del_carrer_Sardenya.JPG
Sagrada_Família,28023,0,commons/Western_Views_of_the_Nave_of_the_Sagrada_Família/0/pictures/Exterior_of_the_Sagrada_Família_24.jpg
Sagrada_Família,28023,0,commons/Western_Views_of_the_Nave_of_the_Sagrada_Família/0/pictures/Basílica_de_la_Sagrada_Familia_(10).jpg
Sagrada_Família,28023,0,"commons/Western_Views_of_the_Nave_of_the_Sagrada_Família/0/pictures/Cloister_of_the_Sagrada_Família,_May_2013_-_02.JPG"
Sagrada_Família,28023,0,commons/Western_Views_of_the_Nave_of_the_Sagrada_Família/0/pictures/Basilique_Sagrada_Familia_façade_sud_ouest_Barcelone_7.jpg
Sagrada_Família,28023,0,commons/Western_Views_of_the_Nave_of_the_Sagrada_Família/0/pictures/Basilique_Sagrada_Familia_façade_sud_ouest_Barcelone_6.jpg
Sagrada_Família,28023,0,commons/Western_Views_of_the_Nave_of_the_Sagrada_Família/0/pictures/Barcelona_-_panoramio_(298).jpg
Sagrada_Família,28023,0,commons/West_sacristy_of_the_Sagrada_Família/0/pictures/Sagrada_Família_-_Barcelona_-_Desembre_2015_-_02.JPG
Sagrada_Família,28023,0,commons/West_sacristy_of_the_Sagrada_Família/0/pictures/Sagrada_Familia_dome_and_construction_crane_(18602128398).jpg
Sagrada_Família,28023,0,"commons/West_sacristy_of_the_Sagrada_Família/0/pictures/Sagrada_Familia_Basilica,_Barcelona_03.jpg"
Sagrada_Família,28023,0,commons/West_sacristy_of_the_Sagrada_Família/0/pictures/SF_-_Sacristía1.jpg
Sagrada_Família,28023,0,commons/West_sacristy_of_the_Sagrada_Família/0/pictures/Exterior_of_the_Sagrada_Família_45.jpg
Sagrada_Família,28023,0,commons/West_sacristy_of_the_Sagrada_Família/0/pictures/Exterior_of_the_Sagrada_Família_37.jpg
Sagrada_Família,28023,0,commons/West_sacristy_of_the_Sagrada_Família/0/pictures/Barcelona_101DSC_0294_(49192014673).jpg
Sagrada_Família,28023,0,commons/West_sacristy_of_the_Sagrada_Família/0/pictures/Basilique_Sagrada_Familia_façade_sud_ouest_Barcelone_1.jpg
Sagrada_Família,28023,0,commons/West_sacristy_of_the_Sagrada_Família/0/pictures/2017_Nova_sagristia_de_la_Sagrada_Familia_01.jpg
Sagrada_Família,28023,0,commons/Virgin_Tower_of_the_Sagrada_Família/0/pictures/Sagrada_Família_-_2011_Apse_06.jpg
Sagrada_Família,28023,0,commons/Virgin_Tower_of_the_Sagrada_Família/0/pictures/Sagrada_Família_-_2011_Apse_01.jpg
Sagrada_Família,28023,0,commons/Virgin_Tower_of_the_Sagrada_Família/0/pictures/Sagrada_Família_-_Barcelona_-_Desembre_2015_-_02.JPG
Sagrada_Família,28023,0,commons/Virgin_Tower_of_the_Sagrada_Família/0/pictures/SF_-_Torre_Sant_Lluc.jpg
Sagrada_Família,28023,0,commons/Virgin_Tower_of_the_Sagrada_Família/0/pictures/La_Sagrada_Familia_(7852736028).jpg
Sagrada_Família,28023,0,commons/Virgin_Tower_of_the_Sagrada_Família/0/pictures/Construction_on_Sagrada_Familia1.jpg
Sagrada_Família,28023,0,commons/Virgin_Tower_of_the_Sagrada_Família/0/pictures/Sagrada_Familia_-_2014_-_construction.JPG
Sagrada_Família,28023,0,"commons/Virgin_Tower_of_the_Sagrada_Família/0/pictures/Passion_Facade_of_the_Sagrada_Família,_May_2013_-_03.JPG"
Sagrada_Família,28023,0,commons/Virgin_Tower_of_the_Sagrada_Família/0/pictures/Exterior_of_the_Sagrada_Família_45.jpg
Sagrada_Família,28023,0,commons/Virgin_Tower_of_the_Sagrada_Família/0/pictures/Exterior_of_the_Sagrada_Família_34.jpg
Sagrada_Família,28023,0,commons/Virgin_Tower_of_the_Sagrada_Família/0/pictures/15-10-28-Sagrada_Familia-WMA_3138.jpg
Sagrada_Família,28023,0,commons/Virgin_Tower_of_the_Sagrada_Família/0/pictures/Basilique_Sagrada_Familia_façade_sud_ouest_Barcelone_18.jpg
Sagrada_Família,28023,0,commons/Virgin_Tower_of_the_Sagrada_Família/0/pictures/Basilique_Sagrada_Familia_façade_nord_est_Barcelone_21.jpg
Sagrada_Família,28023,0,commons/Virgin_Tower_of_the_Sagrada_Família/0/pictures/Barcelona_2015_10_12_3288_(23186609435).jpg
Sagrada_Família,28023,0,commons/Virgin_Tower_of_the_Sagrada_Família/0/pictures/Basilique_Sagrada_Familia_façade_nord_est_Barcelone_19.jpg
Sagrada_Família,28023,0,commons/Virgin_Tower_of_the_Sagrada_Família/0/pictures/Barcelona_2015_10_12_0211_(22890866010).jpg
Sagrada_Família,28023,0,commons/Virgin_Tower_of_the_Sagrada_Família/0/pictures/Barcelona_101DSC_0288_(49192708797).jpg
Sagrada_Família,28023,0,commons/Virgin_Tower_of_the_Sagrada_Família/0/pictures/2019_03_16_AIDA_Barcelona_(98).jpg
Sagrada_Família,28023,0,"commons/Views_of_the_Sagrada_Família_from_the_Plaça_de_Gaudí/0/pictures/Sagrada_Família,_Barcelona_-_panoramio_(19).jpg"
Sagrada_Família,28023,0,"commons/Views_of_the_Sagrada_Família_from_the_Plaça_de_Gaudí/0/pictures/Sagrada_Família,_Plaça_de_Gaudí,_Barcelona_-_panoramio_(1).jpg"
Sagrada_Família,28023,0,commons/Views_of_the_Sagrada_Família_from_the_Plaça_de_Gaudí/0/pictures/Sagrada_Familia_in_Barcelona.jpg
Sagrada_Família,28023,0,"commons/Views_of_the_Sagrada_Família_from_the_Plaça_de_Gaudí/0/pictures/Sagrada_Família,_Plaça_de_Gaudí,_Barcelona_-_panoramio.jpg"
Sagrada_Família,28023,0,commons/Views_of_the_Sagrada_Família_from_the_Plaça_de_Gaudí/0/pictures/Vista_de_la_Sagrada_Familia_desde_la_Plaza_Gaudí.jpg
Sagrada_Família,28023,0,commons/Views_of_the_Sagrada_Família_from_the_Plaça_de_Gaudí/0/pictures/Sagrada_Familia_May_2022_01.jpg
Sagrada_Família,28023,0,"commons/Views_of_the_Sagrada_Família_from_the_Plaça_de_Gaudí/0/pictures/Gaudis_Sagrada_Familia,_reflection.jpg"
Sagrada_Família,28023,0,commons/Views_of_the_Sagrada_Família_from_the_Plaça_de_Gaudí/0/pictures/Sagrada_Familia_May_2022_03.jpg
Sagrada_Família,28023,0,commons/Views_of_the_Sagrada_Família_from_the_Plaça_de_Gaudí/0/pictures/Iglesia_de_Barcelona_-_SAGRADA_FAMILIA.jpg
Sagrada_Família,28023,0,commons/Views_of_the_Sagrada_Família_from_the_Plaça_de_Gaudí/0/pictures/ES-BCN-sagr-fam-07.jpg
Sagrada_Família,28023,0,"commons/Views_of_the_Sagrada_Família_from_the_Plaça_de_Gaudí/0/pictures/La_Sagrada_Familia_,_l'incompiuta_-_panoramio.jpg"
Sagrada_Família,28023,0,commons/Views_of_the_Sagrada_Família_from_the_Plaça_de_Gaudí/0/pictures/La_Sagrada_Familia_d'Espagne.jpg
Sagrada_Família,28023,0,commons/Views_of_the_Sagrada_Família_from_the_Plaça_de_Gaudí/0/pictures/Nativity_Facade_of_Sagrada_Família_-_2013.07_-_panoramio.jpg
Sagrada_Família,28023,0,commons/Views_of_the_Sagrada_Família_from_the_Plaça_de_Gaudí/0/pictures/Barcelona_Sagrada_Familia_2019_66.jpg
Sagrada_Família,28023,0,commons/Views_of_the_Sagrada_Família_from_the_Plaça_de_Gaudí/0/pictures/Barcelona_-_Plaça_de_Gaudí_-_View_WSW_on_La_Sagrada_Família_-_Nativity_façade_I.jpg
Sagrada_Família,28023,0,commons/Views_of_the_Sagrada_Família_from_the_Plaça_de_Gaudí/0/pictures/Barcelona_Sagrada_Familia_2019_08.jpg
Sagrada_Família,28023,0,commons/Views_of_the_Sagrada_Família_from_the_Plaça_de_Gaudí/0/pictures/Barcelona_-_Plaça_de_Gaudí_-_View_SW_on_La_Sagrada_Família_-_Nativity_façade_VIII.jpg
Sagrada_Família,28023,0,commons/Views_of_the_Sagrada_Família_from_the_Plaça_de_Gaudí/0/pictures/Barcelona_-_Plaça_de_Gaudí_-_View_SW_on_La_Sagrada_Família_-_Nativity_façade_III.jpg
Sagrada_Família,28023,0,commons/Views_of_the_Sagrada_Família_from_the_Plaça_de_Gaudí/0/pictures/Barcelona_23_24_52_642000.jpeg
Sagrada_Família,28023,0,commons/Views_of_the_Sagrada_Família_from_the_Plaça_de_Gaudí/0/pictures/Barcelona_1069_18.jpg
Sagrada_Família,28023,0,commons/Views_of_the_Sagrada_Família_from_the_Plaça_de_Gaudí/0/pictures/Barcelona_1069_17.jpg
Sagrada_Família,28023,0,commons/Towers_of_the_Sagrada_Família/0/pictures/WLM14ES_-_Barcelona_General_439_04_de_julio_de_2011_-_.jpg
Sagrada_Família,28023,0,commons/Towers_of_the_Sagrada_Família/0/pictures/Sagrada1.jpg
Sagrada_Família,28023,0,commons/Towers_of_the_Sagrada_Família/0/pictures/SF-KIRKA.jpg
Sagrada_Família,28023,0,commons/Towers_of_the_Sagrada_Família/0/pictures/SF_ábside_2021.jpg
Sagrada_Família,28023,0,commons/Towers_of_the_Sagrada_Família/0/pictures/Das_Kreuz.JPG
Sagrada_Família,28023,0,"commons/Tourists_in_the_Sagrada_Família/0/pictures/Portal_of_Charity,_Sagrada_Família,_2015.jpg"
Sagrada_Família,28023,0,commons/Towers_of_the_Sagrada_Família/0/pictures/Barcelona_101DSC_0298_(49192510656).jpg
Sagrada_Família,28023,0,commons/Towers_of_the_Sagrada_Família/0/pictures/Barcelona_101DSC_0295_(49192708627).jpg
Sagrada_Família,28023,0,commons/Tourists_in_the_Sagrada_Família/0/pictures/Sagrada_Familia_(8171681331).jpg
Sagrada_Família,28023,0,commons/Statue_of_Teresa_of_Ávila_in_the_Sagrada_Família/0/pictures/Barcelona_-_Carrer_de_Provença_-_View_SE_on_connection_between_Tower_of_the_Virgin_-_Tower_of_Jesus_Christ_and_the_Passion_Façade_-_'Dolors'_Rose_Window_from_outside.jpg
Sagrada_Família,28023,0,commons/Statue_of_Teresa_of_Ávila_in_the_Sagrada_Família/0/pictures/Sagrada_familia-barcelona_-_panoramio_(10).jpg
Sagrada_Família,28023,0,commons/Statue_of_Teresa_of_Ávila_in_the_Sagrada_Família/0/pictures/Sagrada_Familia009.jpg
Sagrada_Família,28023,0,commons/Statue_of_Teresa_of_Ávila_in_the_Sagrada_Família/0/pictures/Barcelona_-_Carrer_de_Provença_-_View_SE_on_La_Sagrada_Família.jpg
Sagrada_Família,28023,0,commons/Statue_of_Teresa_of_Ávila_in_the_Sagrada_Família/0/pictures/2009-08-15-outside-of-sagrada-familia.jpg
Sagrada_Família,28023,0,commons/Statue_of_Teresa_of_Ávila_in_the_Sagrada_Família/0/pictures/Barcelona_-_Carrer_de_Sardenya_-_View_East_on_La_Sagrada_Família.jpg
Sagrada_Família,28023,0,commons/Statue_of_Teresa_of_Ávila_in_the_Sagrada_Família/0/pictures/Barcelona_-_Carrer_de_Provença_-_View_SE_on_'Dolors'_Rose_Window_from_outside.jpg
Sagrada_Família,28023,0,commons/Statue_of_Saint_Zachary_in_the_Sagrada_Família/0/pictures/Sagrada_Familia077.jpg
Sagrada_Família,28023,0,commons/Statue_of_Saint_Zachary_in_the_Sagrada_Família/0/pictures/TTTT6.JPG
Sagrada_Família,28023,0,commons/Statue_of_Teresa_of_Ávila_in_the_Sagrada_Família/0/pictures/Barcelona_-_Carrer_de_Provença_-_View_ESE_on_La_Sagrada_Família.jpg
Sagrada_Família,28023,0,"commons/Statue_of_Saint_Zachary_in_the_Sagrada_Família/0/pictures/Sagrada_Familia,_Nativity_facade_(8)_(30910335860).jpg"
Sagrada_Família,28023,0,commons/Statue_of_Saint_Vincent_de_Paul_in_the_Sagrada_Família/0/pictures/Nave_of_the_Sagrada_Família_(mallorca_marina).jpg
Sagrada_Família,28023,0,commons/Statue_of_Saint_Vincent_de_Paul_in_the_Sagrada_Família/0/pictures/Barcelona_2015_10_12_0241_(22559512203).jpg
Sagrada_Família,28023,0,commons/Statue_of_Saint_Philip_Neri_in_the_Sagrada_Família/0/pictures/Nave_of_the_Sagrada_Família_(mallorca_marina).jpg
Sagrada_Família,28023,0,commons/Statue_of_Saint_Philip_Neri_in_the_Sagrada_Família/0/pictures/Barcelona_2015_10_12_0241_(22559512203).jpg
Sagrada_Família,28023,0,commons/Statue_of_Saint_Joseph_Oriol_in_the_Sagrada_Família/0/pictures/Nau_lateral_00_vista_des_del_carrer_Sardenya.JPG
Sagrada_Família,28023,0,commons/Statue_of_Saint_Joseph_Calasanctius_in_the_Sagrada_Família/0/pictures/SF_-_Claustro.jpg
Sagrada_Família,28023,0,commons/Statue_of_Saint_Joseph_Calasanctius_in_the_Sagrada_Família/0/pictures/Nave_of_the_Sagrada_Família_(mallorca_marina).jpg
Sagrada_Família,28023,0,commons/Statue_of_Saint_John_the_Baptist_in_the_Sagrada_Família/0/pictures/Sagrada_Familia077.jpg
Sagrada_Família,28023,0,commons/Statue_of_Saint_Joseph_Calasanctius_in_the_Sagrada_Família/0/pictures/Barcelona_2015_10_12_0241_(22559512203).jpg
Sagrada_Família,28023,0,commons/Statue_of_Saint_John_the_Baptist_in_the_Sagrada_Família/0/pictures/TTTT6.JPG
Sagrada_Família,28023,0,commons/Statue_of_Saint_Joseph_Calasanctius_in_the_Sagrada_Família/0/pictures/Barcelona_2015_10_12_0240_(22792428857).jpg
Sagrada_Família,28023,0,"commons/Statue_of_Saint_John_the_Baptist_in_the_Sagrada_Família/0/pictures/Sagrada_Familia,_Nativity_facade_(8)_(30910335860).jpg"
Sagrada_Família,28023,0,"commons/Statue_of_Saint_Joachim_in_the_Sagrada_Família/0/pictures/Nativity_Facade_of_the_Sagrada_Família,_May_2013_-_01.JPG"
Sagrada_Família,28023,0,commons/Statue_of_Saint_Joachim_in_the_Sagrada_Família/0/pictures/Sagrada_de_familia_-_panoramio_-_Evgeniy_Metyolkin_(2).jpg
Sagrada_Família,28023,0,commons/Statue_of_Saint_Joachim_in_the_Sagrada_Família/0/pictures/Fale_-_Spain_-_Barcelona_-_127.jpg
Sagrada_Família,28023,0,commons/Statue_of_Saint_Joachim_in_the_Sagrada_Família/0/pictures/La_Sagrada_Familia_-_sculptures_-_Barcelona_-_panoramio.jpg
Sagrada_Família,28023,0,"commons/Statue_of_Saint_Joachim_in_the_Sagrada_Família/0/pictures/Sagrada_Familia,_Nativity_facade_(23)_(30929253340).jpg"
Sagrada_Família,28023,0,commons/Statue_of_Saint_Dominic_in_the_Sagrada_Família/0/pictures/SF_-_Claustro.jpg
Sagrada_Família,28023,0,commons/Statue_of_Saint_Joachim_in_the_Sagrada_Família/0/pictures/Fale_-_Spain_-_Barcelona_-_126.jpg
Sagrada_Família,28023,0,"commons/Statue_of_Saint_Joachim_in_the_Sagrada_Família/0/pictures/Barcelona_-_Plaça_de_Gaudí_-_Nativity_Façade_-_Legendary_Joseph_instructing_his_son_the_carpenter's_craft_&_Legendary_Joachim,_Mary's_father.jpg"
Sagrada_Família,28023,0,commons/Statue_of_Pietà_in_the_Sagrada_Família/0/pictures/Sagrada_Familia_-_panoramio_(28).jpg
Sagrada_Família,28023,0,commons/Statue_of_Pietà_in_the_Sagrada_Família/0/pictures/2019_03_16_AIDA_Barcelona_(142).jpg
Sagrada_Família,28023,0,commons/Statue_of_Pietà_in_the_Sagrada_Família/0/pictures/2019_03_16_AIDA_Barcelona_(141).jpg
Sagrada_Família,28023,0,commons/Statue_of_Peter_Nolasco_in_the_Sagrada_Família/0/pictures/Nau_lateral_00_vista_des_del_carrer_Sardenya.JPG
Sagrada_Família,28023,0,commons/Statue_of_Josep_Manyanet_in_the_Sagrada_Família/0/pictures/Nau_lateral_00_vista_des_del_carrer_Sardenya.JPG
Sagrada_Família,28023,0,commons/Statue_of_Francis_of_Assisi_in_the_Sagrada_Família/0/pictures/Barcelona_-_Carrer_de_Provença_-_View_SE_on_'Apostle'-Towers_&_The_Tower_of_the_Virgin_(under_construction).jpg
Sagrada_Família,28023,0,commons/Statue_of_Joaquima_de_Vedruna_in_the_Sagrada_Família/0/pictures/Nau_lateral_00_vista_des_del_carrer_Sardenya.JPG
Sagrada_Família,28023,0,commons/Statue_of_Jeanne_de_Lestonnac_in_the_Sagrada_Família/0/pictures/Nave_of_the_Sagrada_Família_(mallorca_marina).jpg
Sagrada_Família,28023,0,commons/Statue_of_Jeanne_de_Lestonnac_in_the_Sagrada_Família/0/pictures/Barcelona_2015_10_12_0241_(22559512203).jpg
Sagrada_Família,28023,0,commons/Statue_of_Francis_of_Assisi_in_the_Sagrada_Família/0/pictures/Barcelona_-_Carrer_de_Provença_-_View_South_on_connection_between_the_Nativity_Façade_and_ther_rest_of_La_Sagrada_Família.jpg
Sagrada_Família,28023,0,commons/Statue_of_Francis_of_Assisi_in_the_Sagrada_Família/0/pictures/044-Sagrada-Familia.jpg
Sagrada_Família,28023,0,commons/Statue_of_Francis_of_Assisi_in_the_Sagrada_Família/0/pictures/Sagrada_familia_-_barcelona_-_panoramio_(1).jpg
Sagrada_Família,28023,0,commons/Statue_of_Don_Bosco_in_the_Sagrada_Família/0/pictures/Nau_lateral_00_vista_des_del_carrer_Sardenya.JPG
Sagrada_Família,28023,0,commons/Statue_of_Clare_of_Assisi_at_the_apse_of_the_Sagrada_Família/0/pictures/Sagrada_familia_-_barcelona_-_panoramio_(1).jpg
Sagrada_Família,28023,0,commons/Statue_of_Bruno_of_Cologne_at_the_apse_of_the_Sagrada_Família/0/pictures/Sagrada_familia_-_barcelona_-_panoramio_(1).jpg
Sagrada_Família,28023,0,commons/Statue_of_Antoni_Maria_Claret_in_the_Sagrada_Família/0/pictures/Nau_lateral_00_vista_des_del_carrer_Sardenya.JPG
Sagrada_Família,28023,0,commons/Stained_glass_windows_of_the_West_Aisle_of_the_Sagrada_Família/0/pictures/WLM14ES_-_Barcelona_General_437_04_de_julio_de_2011_-_.jpg
Sagrada_Família,28023,0,commons/South-West_Views_of_the_Sagrada_Família/0/pictures/Sagrada_Família.jpg
Sagrada_Família,28023,0,commons/South-West_Views_of_the_Sagrada_Família/0/pictures/Vista_de_les_obres.JPG
Sagrada_Família,28023,0,commons/South-West_Views_of_the_Sagrada_Família/0/pictures/Sagrada_familia_towers_and_construction_cranes_(18167105134).jpg
Sagrada_Família,28023,0,commons/South-West_Views_of_the_Sagrada_Família/0/pictures/Sagrada_Família_en_construcció.jpg
Sagrada_Família,28023,0,commons/South-West_Views_of_the_Sagrada_Família/0/pictures/Sagrada_Familia_altijd_in_aanbouw.jpg
Sagrada_Família,28023,0,commons/South-West_Views_of_the_Sagrada_Família/0/pictures/Sagrada_Familia_Barcelona_435.JPG
Sagrada_Família,28023,0,commons/South-West_Views_of_the_Sagrada_Família/0/pictures/Sagrada_Familia_-_panoramio_(15).jpg
Sagrada_Família,28023,0,commons/South-West_Views_of_the_Sagrada_Família/0/pictures/Eixample_-_Sagrada_Família_-_20150828110134.jpg
Sagrada_Família,28023,0,"commons/South-West_Views_of_the_Sagrada_Família/0/pictures/La_Sagrada_Família,_Barcelona_-_panoramio_(5).jpg"
Sagrada_Família,28023,0,commons/South-West_Views_of_the_Sagrada_Família/0/pictures/Barcelona_3_2013.jpg
Sagrada_Família,28023,0,commons/South-West_Views_of_the_Sagrada_Família/0/pictures/Basilique_Sagrada_Familia_façade_sud_ouest_Barcelone_12.jpg
Sagrada_Família,28023,0,commons/South-West_Views_of_the_Sagrada_Família/0/pictures/Exterior_of_the_Sagrada_Família_(3).jpg
Sagrada_Família,28023,0,commons/South-West_Views_of_the_Sagrada_Família/0/pictures/Barcelone_-_2004-July_-_IMG2897.jpg
Sagrada_Família,28023,0,commons/South-West_Views_of_the_Sagrada_Família/0/pictures/2019_03_16_AIDA_Barcelona_(88).jpg
Sagrada_Família,28023,0,commons/South-West_Views_of_the_Sagrada_Família/0/pictures/Barcelone_-_2004-July_-_IMG2896.jpg
Sagrada_Família,28023,0,"commons/South-West_Views_of_the_Sagrada_Família/0/pictures/123_Basílica_de_la_Sagrada_Família_(Barcelona),_façana_de_la_Passió,_des_de_Mallorca-Sardenya.jpg"
Sagrada_Família,28023,0,commons/South-West_Views_of_the_Sagrada_Família/0/pictures/2019_03_16_AIDA_Barcelona_(86).jpg
Sagrada_Família,28023,0,commons/South-West_Views_of_the_Sagrada_Família/0/pictures/2019_03_16_AIDA_Barcelona_(138).jpg
Sagrada_Família,28023,0,commons/South-West_Views_of_the_Sagrada_Família/0/pictures/2019_03_16_AIDA_Barcelona_(137).jpg
Sagrada_Família,28023,0,commons/South-West_Views_of_the_Sagrada_Família/0/pictures/2019_03_16_AIDA_Barcelona_(135).jpg
Sagrada_Família,28023,0,commons/South-East_Views_of_the_Sagrada_Família/0/pictures/Sagrada_Família_1_Barcelona_-_panoramio.jpg
Sagrada_Família,28023,0,commons/South-East_Views_of_the_Sagrada_Família/0/pictures/Sagrada_Familia_Barcelona_431.JPG
Sagrada_Família,28023,0,commons/South-East_Views_of_the_Sagrada_Família/0/pictures/Sagrada_Familia_Barcelona_424.JPG
Sagrada_Família,28023,0,commons/South-East_Views_of_the_Sagrada_Família/0/pictures/Sagrada_Familia_Barcelona_430.JPG
Sagrada_Família,28023,0,commons/South-East_Views_of_the_Sagrada_Família/0/pictures/Sagrada_Familia_Barcelona_036.JPG
Sagrada_Família,28023,0,commons/South-East_Views_of_the_Sagrada_Família/0/pictures/Sagrada_Familia_Barcelona_426.JPG
Sagrada_Família,28023,0,commons/South-East_Views_of_the_Sagrada_Família/0/pictures/Sagrada_Familia_Barcelona_423.JPG
Sagrada_Família,28023,0,commons/South-East_Views_of_the_Sagrada_Família/0/pictures/Sagrada_Familia_Barcelona_034.JPG
Sagrada_Família,28023,0,commons/South-East_Views_of_the_Sagrada_Família/0/pictures/La_sagrada_Familia_Barcelona.JPG
Sagrada_Família,28023,0,commons/South-East_Views_of_the_Sagrada_Família/0/pictures/La_sagrada_Familia_Barcelona_October_2015.JPG
Sagrada_Família,28023,0,commons/South-East_Views_of_the_Sagrada_Família/0/pictures/La_sagrada_Familia_Barcelona_Oct_2015.JPG
Sagrada_Família,28023,0,commons/South-East_Views_of_the_Sagrada_Família/0/pictures/La_sagrada_Familia_Barcelona_2015.JPG
Sagrada_Família,28023,0,commons/South-East_Views_of_the_Sagrada_Família/0/pictures/La_Sagrada_Familia_-_Barcellona_-_panoramio.jpg
Sagrada_Família,28023,0,commons/South-East_Views_of_the_Sagrada_Família/0/pictures/La_sagrada_Familia_Barcelona_2015-10-23.JPG
Sagrada_Família,28023,0,commons/South-East_Views_of_the_Sagrada_Família/0/pictures/Foguera_Sagrada_Familia_(carrer_Marina_amb_Mallorca)_01.jpg
Sagrada_Família,28023,0,commons/South-East_Views_of_the_Sagrada_Família/0/pictures/Basilique_Sagrada_Familia_façade_nord_est_Barcelone_9.jpg
Sagrada_Família,28023,0,commons/South-East_Views_of_the_Sagrada_Família/0/pictures/Basilique_Sagrada_Familia_Barcelone-Vue_sud-est_11.jpg
Sagrada_Família,28023,0,commons/South-East_Views_of_the_Sagrada_Família/0/pictures/Exterior_of_the_Sagrada_Família_(1).jpg
Sagrada_Família,28023,0,commons/South-East_Views_of_the_Sagrada_Família/0/pictures/Basilique_Sagrada_Familia_façade_nord_est_Barcelone_10.jpg
Sagrada_Família,28023,0,commons/South-East_Views_of_the_Sagrada_Família/0/pictures/Barselona029.JPG
Sagrada_Família,28023,0,commons/South-East_Views_of_the_Sagrada_Família/0/pictures/Barcelona_101DSC_0273_(49186769118).jpg
Sagrada_Família,28023,0,"commons/Sculptures_of_the_ship_of_Saint_Joseph_(Nativity_facade_of_the_Sagrada_Família)/0/pictures/Nativity_Facade_of_the_Sagrada_Família,_May_2013_-_12.JPG"
Sagrada_Família,28023,0,commons/Sculptures_of_the_Marriage_of_the_Virgin_(Nativity_facade_of_the_Sagrada_Família)/0/pictures/Sagrada_Familia069.jpg
Sagrada_Família,28023,0,commons/Sculptures_of_the_Marriage_of_the_Virgin_(Nativity_facade_of_the_Sagrada_Família)/0/pictures/Fachada_del_Nacimiento._Pórticos.jpg
Sagrada_Família,28023,0,"commons/Sculptures_of_the_Marriage_of_the_Virgin_(Nativity_facade_of_the_Sagrada_Família)/0/pictures/Nativity_Facade_of_the_Sagrada_Família,_May_2013_-_12.JPG"
Sagrada_Família,28023,0,commons/Sculptures_of_the_Marriage_of_the_Virgin_(Nativity_facade_of_the_Sagrada_Família)/0/pictures/Barcelona_Sagrada_familia_sculptures_in_the_Nativity_Facade_07.jpg
Sagrada_Família,28023,0,"commons/Sculptures_of_the_Marriage_of_the_Virgin_(Nativity_facade_of_the_Sagrada_Família)/0/pictures/Nativity_Facade_of_the_Sagrada_Família,_May_2013_-_02.JPG"
Sagrada_Família,28023,0,commons/Sculptures_of_the_Marriage_of_the_Virgin_(Nativity_facade_of_the_Sagrada_Família)/0/pictures/Barcelona_-_Plaça_de_Gaudí_-_Nativity_Façade_-_View_WSW_on_Legendary_Rendering_of_the_Marriage_between_Joseph_&_Mary.jpg
Sagrada_Família,28023,0,"commons/Sculptures_of_the_Marriage_of_the_Virgin_(Nativity_facade_of_the_Sagrada_Família)/0/pictures/Nativity_Facade_of_the_Sagrada_Família,_May_2013_-_09.JPG"
Sagrada_Família,28023,0,commons/Sculptures_of_the_Marriage_of_the_Virgin_(Nativity_facade_of_the_Sagrada_Família)/0/pictures/Barcelona_2015_10_12_0240_(22792428857).jpg
Sagrada_Família,28023,0,commons/Sculptures_of_the_Lion_of_Saint_Mark_in_the_Sagrada_Família/0/pictures/SF_-_Torre_Sant_Marc.jpg
Sagrada_Família,28023,0,"commons/Sculptures_of_the_Marriage_of_the_Virgin_(Nativity_facade_of_the_Sagrada_Família)/0/pictures/063_Sagrada_Família,_façana_del_Naixement,_portes_de_l'Esperança_i_la_Caritat.jpg"
Sagrada_Família,28023,0,"commons/Sculptures_of_the_Marriage_of_the_Virgin_(Nativity_facade_of_the_Sagrada_Família)/0/pictures/007_Sagrada_Família,_façana_del_Naixement,_columna_de_Sant_Josep.jpg"
Sagrada_Família,28023,0,commons/Sculptures_of_the_Flight_to_Egypt_(Nativity_facade_of_the_Sagrada_Família)/0/pictures/Sflia16.jpg
Sagrada_Família,28023,0,commons/Sculptures_of_the_Flight_to_Egypt_(Nativity_facade_of_the_Sagrada_Família)/0/pictures/WLM14ES_-_Barcelona_Fachada_del_Nacimiento_513_04_de_julio_de_2011_-_.jpg
Sagrada_Família,28023,0,commons/Sculptures_of_the_Flight_to_Egypt_(Nativity_facade_of_the_Sagrada_Família)/0/pictures/Sagrada_Familia070.jpg
Sagrada_Família,28023,0,"commons/Sculptures_of_the_Flight_to_Egypt_(Nativity_facade_of_the_Sagrada_Família)/0/pictures/Sagrada_Familia,_Nativity_facade_(24)_(30929170060).jpg"
Sagrada_Família,28023,0,"commons/Sculptures_of_the_Flight_to_Egypt_(Nativity_facade_of_the_Sagrada_Família)/0/pictures/Sagrada_Familia,_Nativity_facade_(21)_(30489537433).jpg"
Sagrada_Família,28023,0,commons/Sculptures_of_the_Flight_to_Egypt_(Nativity_facade_of_the_Sagrada_Família)/0/pictures/Sagrada_Familia_Façade_(3409525946).jpg
Sagrada_Família,28023,0,commons/Sculptures_of_the_Flight_to_Egypt_(Nativity_facade_of_the_Sagrada_Família)/0/pictures/Fachada_del_Nacimiento._Pórticos.jpg
Sagrada_Família,28023,0,commons/Sculptures_of_the_Flight_to_Egypt_(Nativity_facade_of_the_Sagrada_Família)/0/pictures/Placa_commemorativa_de_la_visita_de_l'any_1982_de_Joan_Pau_II_a_la_Sagrada_Família.jpg
Sagrada_Família,28023,0,"commons/Sculptures_of_the_Flight_to_Egypt_(Nativity_facade_of_the_Sagrada_Família)/0/pictures/Nativity_Façade,_Sagrada_Familia,_Barcelona_(1805425610).jpg"
Sagrada_Família,28023,0,"commons/Sculptures_of_the_Flight_to_Egypt_(Nativity_facade_of_the_Sagrada_Família)/0/pictures/Nativity_Facade_of_the_Sagrada_Família,_May_2013_-_09.JPG"
Sagrada_Família,28023,0,commons/Sculptures_of_the_Flight_to_Egypt_(Nativity_facade_of_the_Sagrada_Família)/0/pictures/Fale_-_Spain_-_Barcelona_-_126.jpg
Sagrada_Família,28023,0,commons/Sculptures_of_the_Flight_to_Egypt_(Nativity_facade_of_the_Sagrada_Família)/0/pictures/Eixample_-_Sagrada_Família_-_20150828143333.jpg
Sagrada_Família,28023,0,commons/Sculptures_of_lizards_in_the_Sagrada_Família/0/pictures/Sagrada_Familia_-_north_side_-_panoramio.jpg
Sagrada_Família,28023,0,commons/Sculptures_of_lizards_in_the_Sagrada_Família/0/pictures/Exterior_of_the_Sagrada_Família_43.jpg
Sagrada_Família,28023,0,commons/Sculptures_of_a_Turtle_in_the_Nativity_Facade_of_the_Sagrada_Família/0/pictures/Barcelona_-_La_Sagrada_Família_-_Nativity_Façade_-_View_NW.jpg
Sagrada_Família,28023,0,commons/Sculptures_of_Veil_of_Veronica_and_Bearing_of_the_Cross_at_the_Passion_Facade_of_the_Sagrada_Família/0/pictures/Temple_Expiatori_de_la_Sagrada_Família_(Barcelona)_-_94.jpg
Sagrada_Família,28023,0,commons/Sculptures_of_Veil_of_Veronica_and_Bearing_of_the_Cross_at_the_Passion_Facade_of_the_Sagrada_Família/0/pictures/WLM14ES_-_Barcelona_Fachada_de_la_pasion_450_04_de_julio_de_2011_-_.jpg
Sagrada_Família,28023,0,commons/Sculptures_of_Veil_of_Veronica_and_Bearing_of_the_Cross_at_the_Passion_Facade_of_the_Sagrada_Família/0/pictures/TEMPLE_EXPIATORI_DE_LA_SAGRADA_FAMÍLIA_24012021_(1)_22.jpg
Sagrada_Família,28023,0,commons/Sculptures_of_Veil_of_Veronica_and_Bearing_of_the_Cross_at_the_Passion_Facade_of_the_Sagrada_Família/0/pictures/Sagrada_Familia021.jpg
Sagrada_Família,28023,0,commons/Sculptures_of_Veil_of_Veronica_and_Bearing_of_the_Cross_at_the_Passion_Facade_of_the_Sagrada_Família/0/pictures/Sagrada_Familia020.jpg
Sagrada_Família,28023,0,commons/Sculptures_of_Veil_of_Veronica_and_Bearing_of_the_Cross_at_the_Passion_Facade_of_the_Sagrada_Família/0/pictures/Sagrada_Familia_Escultura_Cristo.jpg
Sagrada_Família,28023,0,commons/Sculptures_of_Veil_of_Veronica_and_Bearing_of_the_Cross_at_the_Passion_Facade_of_the_Sagrada_Família/0/pictures/Sagrada_Familia_crucifixion.jpg
Sagrada_Família,28023,0,commons/Sculptures_of_Veil_of_Veronica_and_Bearing_of_the_Cross_at_the_Passion_Facade_of_the_Sagrada_Família/0/pictures/Sagrada_Familia_-_panoramio_(24).jpg
Sagrada_Família,28023,0,commons/Sculptures_of_Veil_of_Veronica_and_Bearing_of_the_Cross_at_the_Passion_Facade_of_the_Sagrada_Família/0/pictures/La_Veronica_-_Sagrada_Familia_-_Barcelona_2014_(2).JPG
Sagrada_Família,28023,0,"commons/Sculptures_of_Veil_of_Veronica_and_Bearing_of_the_Cross_at_the_Passion_Facade_of_the_Sagrada_Família/0/pictures/Passion_Facade_of_the_Sagrada_Família,_May_2013_-_08.JPG"
Sagrada_Família,28023,0,"commons/Sculptures_of_Veil_of_Veronica_and_Bearing_of_the_Cross_at_the_Passion_Facade_of_the_Sagrada_Família/0/pictures/Façana_Passió,_Sagrada_Familia,_Subirachs.jpg"
Sagrada_Família,28023,0,commons/Sculptures_of_Veil_of_Veronica_and_Bearing_of_the_Cross_at_the_Passion_Facade_of_the_Sagrada_Família/0/pictures/Eixample_-_Sagrada_Família_-_20150828105317.jpg
Sagrada_Família,28023,0,commons/Sculptures_of_Veil_of_Veronica_and_Bearing_of_the_Cross_at_the_Passion_Facade_of_the_Sagrada_Família/0/pictures/Barcelona_Sagrada_Familia_sculptures_Passion_facade_2017_07.jpg
Sagrada_Família,28023,0,commons/Sculptures_of_Veil_of_Veronica_and_Bearing_of_the_Cross_at_the_Passion_Facade_of_the_Sagrada_Família/0/pictures/Barcelona_Sagrada_Familia_sculptures_Passion_facade_2017_03.jpg
Sagrada_Família,28023,0,commons/Sculptures_of_Veil_of_Veronica_and_Bearing_of_the_Cross_at_the_Passion_Facade_of_the_Sagrada_Família/0/pictures/DSC_7934-MR-LaPassionSagradaFamilia.jpg
Sagrada_Família,28023,0,commons/Sculptures_of_Veil_of_Veronica_and_Bearing_of_the_Cross_at_the_Passion_Facade_of_the_Sagrada_Família/0/pictures/Barcelona_264.JPG
Sagrada_Família,28023,0,commons/Sculptures_of_Veil_of_Veronica_and_Bearing_of_the_Cross_at_the_Passion_Facade_of_the_Sagrada_Família/0/pictures/Barcelona_2015_10_12_0256_(22559476563).jpg
Sagrada_Família,28023,0,commons/Sculptures_of_Veil_of_Veronica_and_Bearing_of_the_Cross_at_the_Passion_Facade_of_the_Sagrada_Família/0/pictures/Barcelona_261.JPG
Sagrada_Família,28023,0,commons/Sculptures_of_Veil_of_Veronica_and_Bearing_of_the_Cross_at_the_Passion_Facade_of_the_Sagrada_Família/0/pictures/Barcelona_-_Temple_Expiatori_de_la_Sagrada_Família_(42).jpg
Sagrada_Família,28023,0,commons/Sculptures_of_Veil_of_Veronica_and_Bearing_of_the_Cross_at_the_Passion_Facade_of_the_Sagrada_Família/0/pictures/Barcelona_-_Temple_Expiatori_de_la_Sagrada_Família_(35).jpg
Sagrada_Família,28023,0,commons/Sculptures_of_Veil_of_Veronica_and_Bearing_of_the_Cross_at_the_Passion_Facade_of_the_Sagrada_Família/0/pictures/Barcelona_-_Sagrada_Familia_-_Detalle_2017-12-27.jpg
Sagrada_Família,28023,0,commons/Sculptures_of_Veil_of_Veronica_and_Bearing_of_the_Cross_at_the_Passion_Facade_of_the_Sagrada_Família/0/pictures/Barcelona_-_Plaça_de_la_Sagrada_Família_-_Passion_Façade_-_Legendary_Meeting_on_the_Via_Dolorosa.jpg
Sagrada_Família,28023,0,commons/Sculptures_of_Jesus_among_the_Doctors_(Nativity_facade_of_the_Sagrada_Família)/0/pictures/Sagrada_Familia070.jpg
Sagrada_Família,28023,0,"commons/Sculptures_of_Jesus_among_the_Doctors_(Nativity_facade_of_the_Sagrada_Família)/0/pictures/Nativity_Facade_of_the_Sagrada_Família,_May_2013_-_02.JPG"
Sagrada_Família,28023,0,commons/Sculptures_of_Bull_of_Saint_Luke_in_the_Sagrada_Família/0/pictures/SF_-_Torre_Sant_Lluc.jpg
Sagrada_Família,28023,0,"commons/Sculptures_of_Jesus_among_the_Doctors_(Nativity_facade_of_the_Sagrada_Família)/0/pictures/063_Sagrada_Família,_façana_del_Naixement,_portes_de_l'Esperança_i_la_Caritat.jpg"
Sagrada_Família,28023,0,"commons/Sculptures_of_Jesus_among_the_Doctors_(Nativity_facade_of_the_Sagrada_Família)/0/pictures/Barcelona_-_Plaça_de_Gaudí_-_Nativity_Façade_-_Legendary_Joseph_instructing_his_son_the_carpenter's_craft_&_Legendary_Joachim,_Mary's_father.jpg"
Sagrada_Família,28023,0,commons/Sculptures_in_the_Nativity_Facade_of_the_Sagrada_Família/0/pictures/Temple_Expiatori_de_la_Sagrada_Familia_-_RI-51-0003813.JPG
Sagrada_Família,28023,0,commons/Sculptures_in_the_cloister's_facades_of_the_Sagrada_Família/0/pictures/SF_-_Claustro_2.jpg
Sagrada_Família,28023,0,commons/Sculptures_in_the_Nativity_Facade_of_the_Sagrada_Família/0/pictures/Sagrada_de_familia_-_panoramio_-_Evgeniy_Metyolkin.jpg
Sagrada_Família,28023,0,commons/Sculptures_in_the_Nativity_Facade_of_the_Sagrada_Família/0/pictures/Barcelona_-_Plaça_de_Gaudí_-_Nativity_Façade_-_View_SW_on_Rosary_Beads_in_Centre_Portal.jpg
Sagrada_Família,28023,0,commons/Sculptures_in_the_Nativity_Facade_of_the_Sagrada_Família/0/pictures/2019_03_16_AIDA_Barcelona_(94).jpg
Sagrada_Família,28023,0,commons/Sculpture_of_the_kiss_of_Judas_Iscariot_at_the_Passion_Facade_of_the_Sagrada_Família/0/pictures/Temple_Expiatori_de_la_Sagrada_Família_(Barcelona)_-_77.jpg
Sagrada_Família,28023,0,commons/Sculpture_of_the_kiss_of_Judas_Iscariot_at_the_Passion_Facade_of_the_Sagrada_Família/0/pictures/Temple_Expiatori_de_la_Sagrada_Família_(Barcelona)_-_9.jpg
Sagrada_Família,28023,0,commons/Sculpture_of_the_kiss_of_Judas_Iscariot_at_the_Passion_Facade_of_the_Sagrada_Família/0/pictures/Sagrada_Familia036.jpg
Sagrada_Família,28023,0,"commons/Sculpture_of_the_kiss_of_Judas_Iscariot_at_the_Passion_Facade_of_the_Sagrada_Família/0/pictures/Sagrada_Familia,_fachada.jpg"
Sagrada_Família,28023,0,"commons/Sculpture_of_the_kiss_of_Judas_Iscariot_at_the_Passion_Facade_of_the_Sagrada_Família/0/pictures/Kiss_of_Judas,_Sagrada_Familia,_Barcelona_8_30_09_(40152682765).jpg"
Sagrada_Família,28023,0,commons/Sculpture_of_the_kiss_of_Judas_Iscariot_at_the_Passion_Facade_of_the_Sagrada_Família/0/pictures/Sagrada_familia_outdoor_wall.jpg
Sagrada_Família,28023,0,commons/Sculpture_of_the_kiss_of_Judas_Iscariot_at_the_Passion_Facade_of_the_Sagrada_Família/0/pictures/Sagrada_Familia_-_magic_square_(3403562878).jpg
Sagrada_Família,28023,0,commons/Sculpture_of_the_kiss_of_Judas_Iscariot_at_the_Passion_Facade_of_the_Sagrada_Família/0/pictures/Escultura_Sagrada_Familia.jpg
Sagrada_Família,28023,0,commons/Sculpture_of_the_kiss_of_Judas_Iscariot_at_the_Passion_Facade_of_the_Sagrada_Família/0/pictures/Barcelona_Sagrada_Familia_sculptures_Passion_facade_2017_06.jpg
Sagrada_Família,28023,0,commons/Sculpture_of_the_kiss_of_Judas_Iscariot_at_the_Passion_Facade_of_the_Sagrada_Família/0/pictures/Barcelona_2015_10_12_0264_(22559465403).jpg
Sagrada_Família,28023,0,"commons/Sculpture_of_the_flagellation_of_Jesus_Christ_in_the_Passion_Facade_of_the_Sagrada_Família/0/pictures/Sculptures_in_the_Passion_Facade_of_the_Sagrada_Família,_February_2013_-_10.jpg"
Sagrada_Família,28023,0,commons/Sculpture_of_the_kiss_of_Judas_Iscariot_at_the_Passion_Facade_of_the_Sagrada_Família/0/pictures/Beso_Judas_21-3-08.jpg
Sagrada_Família,28023,0,commons/Sculpture_of_the_flagellation_of_Jesus_Christ_in_the_Passion_Facade_of_the_Sagrada_Família/0/pictures/Sagrada_familia_exit.jpg
Sagrada_Família,28023,0,commons/Sculpture_of_the_kiss_of_Judas_Iscariot_at_the_Passion_Facade_of_the_Sagrada_Família/0/pictures/Barcelona_-_Temple_Expiatori_de_la_Sagrada_Família_(33).jpg
Sagrada_Família,28023,0,"commons/Sculpture_of_the_kiss_of_Judas_Iscariot_at_the_Passion_Facade_of_the_Sagrada_Família/0/pictures/044_Sagrada_Família,_façana_de_la_Passió,_la_Flagel·lació_i_l'Alfa_i_l'Omega.jpg"
Sagrada_Família,28023,0,commons/Sculpture_of_the_flagellation_of_Jesus_Christ_in_the_Passion_Facade_of_the_Sagrada_Família/0/pictures/Sagrada_Familia_(3402788741).jpg
Sagrada_Família,28023,0,commons/Sculpture_of_the_flagellation_of_Jesus_Christ_in_the_Passion_Facade_of_the_Sagrada_Família/0/pictures/WLM14ES_-_Barcelona_Fachada_de_la_pasion_457_04_de_julio_de_2011_-_.jpg
Sagrada_Família,28023,0,commons/Sculpture_of_the_flagellation_of_Jesus_Christ_in_the_Passion_Facade_of_the_Sagrada_Família/0/pictures/Sagrada_Família_4_-_panoramio.jpg
Sagrada_Família,28023,0,commons/Sculpture_of_the_flagellation_of_Jesus_Christ_in_the_Passion_Facade_of_the_Sagrada_Família/0/pictures/Sagrada_Familia033.jpg
Sagrada_Família,28023,0,commons/Sculpture_of_the_flagellation_of_Jesus_Christ_in_the_Passion_Facade_of_the_Sagrada_Família/0/pictures/Sagrada_Familia._Exterior.JPG
Sagrada_Família,28023,0,"commons/Sculpture_of_the_flagellation_of_Jesus_Christ_in_the_Passion_Facade_of_the_Sagrada_Família/0/pictures/La_Sagrada_Família,_Barcelona_-_panoramio_(13).jpg"
Sagrada_Família,28023,0,"commons/Sculpture_of_the_flagellation_of_Jesus_Christ_in_the_Passion_Facade_of_the_Sagrada_Família/0/pictures/Cristo_atado_en_la_columna,_Sagrada_Familia.jpg"
Sagrada_Família,28023,0,"commons/Sculpture_of_the_flagellation_of_Jesus_Christ_in_the_Passion_Facade_of_the_Sagrada_Família/0/pictures/Barcelona._Basilica_of_La_Sagrada_Família._Passion_facade._Flagellation_of_Christ_(1987)._Josep_M_Subirachs,_sculptor._(19097252456).jpg"
Sagrada_Família,28023,0,commons/Sculpture_of_the_flagellation_of_Jesus_Christ_in_the_Passion_Facade_of_the_Sagrada_Família/0/pictures/Basílica_de_la_Sagrada_Familia_(19).jpg
Sagrada_Família,28023,0,commons/Sculpture_of_the_flagellation_of_Jesus_Christ_in_the_Passion_Facade_of_the_Sagrada_Família/0/pictures/Barcelona_-_Templo_Expiatorio_de_la_Sagrada_Familia_-_20150410104045.jpg
Sagrada_Família,28023,0,"commons/Sculpture_of_the_flagellation_of_Jesus_Christ_in_the_Passion_Facade_of_the_Sagrada_Família/0/pictures/Barcelona._Basilica_of_La_Sagrada_Família._Passion_facade._Flagellation_of_Christ_(1987)_and_bronze_door_(2000)._Josep_M._Subirachs,_sculptor._(18500896444).jpg"
Sagrada_Família,28023,0,commons/Sculpture_of_the_flagellation_of_Jesus_Christ_in_the_Passion_Facade_of_the_Sagrada_Família/0/pictures/Barcelona_-_panoramio_(284).jpg
Sagrada_Família,28023,0,"commons/Sculpture_of_the_coronation_of_Mary_(Nativity_facade_of_the_Sagrada_Família)/0/pictures/Sagrada_Família,_Barcelona_-_panoramio_(8).jpg"
Sagrada_Família,28023,0,commons/Sculpture_of_the_coronation_of_Mary_(Nativity_facade_of_the_Sagrada_Família)/0/pictures/Temple_Expiatori_de_la_Sagrada_Família_(Barcelona)_-_22.jpg
Sagrada_Família,28023,0,commons/Sculpture_of_the_coronation_of_Mary_(Nativity_facade_of_the_Sagrada_Família)/0/pictures/Sagrada_Familial_La_Vierge_couronnée.JPG
Sagrada_Família,28023,0,"commons/Sculpture_of_the_coronation_of_Mary_(Nativity_facade_of_the_Sagrada_Família)/0/pictures/Nativity_Facade_of_the_Sagrada_Família,_May_2013_-_03.JPG"
Sagrada_Família,28023,0,"commons/Sculpture_of_the_coronation_of_Mary_(Nativity_facade_of_the_Sagrada_Família)/0/pictures/Sagrada_Familia,_Nativity_facade_(28)_(31182005391).jpg"
Sagrada_Família,28023,0,commons/Sculpture_of_the_coronation_of_Mary_(Nativity_facade_of_the_Sagrada_Família)/0/pictures/Sagrada_Familia_(6622153571).jpg
Sagrada_Família,28023,0,commons/Sculpture_of_the_coronation_of_Mary_(Nativity_facade_of_the_Sagrada_Família)/0/pictures/La_Sagrada_Familia_(7852733296).jpg
Sagrada_Família,28023,0,commons/Sculpture_of_the_coronation_of_Mary_(Nativity_facade_of_the_Sagrada_Família)/0/pictures/Detall_façana_del_Neixement.JPG
Sagrada_Família,28023,0,commons/Sculpture_of_the_coronation_of_Mary_(Nativity_facade_of_the_Sagrada_Família)/0/pictures/Barcelona_August_2014_-_Familia_Sagrada_002.jpg
Sagrada_Família,28023,0,commons/Sculpture_of_the_coronation_of_Mary_(Nativity_facade_of_the_Sagrada_Família)/0/pictures/Coronation_of_the_Virgin_-_Nativity_facade_of_the_Sagrada_Familia.jpg
Sagrada_Família,28023,0,commons/Sculpture_of_the_choir_of_angel_children_(Nativity_facade_of_the_Sagrada_Família)/0/pictures/Витражи_-_panoramio.jpg
Sagrada_Família,28023,0,"commons/Sculpture_of_the_choir_of_angel_children_(Nativity_facade_of_the_Sagrada_Família)/0/pictures/Sagrada_Familia,_Nativity_facade_(32)_(31152417282).jpg"
Sagrada_Família,28023,0,commons/Sculpture_of_the_choir_of_angel_children_(Nativity_facade_of_the_Sagrada_Família)/0/pictures/Eixample_-_Sagrada_Família_-_20150828143433.jpg
Sagrada_Família,28023,0,"commons/Sculpture_of_the_choir_of_angel_children_(Nativity_facade_of_the_Sagrada_Família)/0/pictures/Sagrada_Familia,_Nativity_facade_(15)_(31133090922).jpg"
Sagrada_Família,28023,0,"commons/Sculpture_of_the_choir_of_angel_children_(Nativity_facade_of_the_Sagrada_Família)/0/pictures/Sagrada_Familia,_Nativity_facade_(11)_(30469983453).jpg"
Sagrada_Família,28023,0,commons/Sculpture_of_the_choir_of_angel_children_(Nativity_facade_of_the_Sagrada_Família)/0/pictures/Barcelona_Sagrada_familia_sculptures_in_the_Nativity_Facade_04.jpg
Sagrada_Família,28023,0,commons/Sculpture_of_the_choir_of_angel_children_(Nativity_facade_of_the_Sagrada_Família)/0/pictures/Sagrada_Familia_-_panoramio_(13).jpg
Sagrada_Família,28023,0,"commons/Sculpture_of_the_choir_of_angel_children_(Nativity_facade_of_the_Sagrada_Família)/0/pictures/Nativity_Facade_of_the_Sagrada_Família,_May_2013_-_17.JPG"
Sagrada_Família,28023,0,commons/Sculpture_of_the_choir_of_angel_children_(Nativity_facade_of_the_Sagrada_Família)/0/pictures/Sagrada_Familia_Portal_Detail.jpg
Sagrada_Família,28023,0,commons/Sculpture_of_the_choir_of_angel_children_(Nativity_facade_of_the_Sagrada_Família)/0/pictures/Barcelona_Sagrada_familia_sculptures_in_the_Nativity_Facade_02.jpg
Sagrada_Família,28023,0,"commons/Sculpture_of_the_choir_of_angel_children_(Nativity_facade_of_the_Sagrada_Família)/0/pictures/Annunciation,_Star_of_Bethlehem_and_Nativity_-_Nativity_Facade_-_Sagrada_Família_-_Barcelona_2014.jpg"
Sagrada_Família,28023,0,"commons/Sculpture_of_the_choir_of_angel_children_(Nativity_facade_of_the_Sagrada_Família)/0/pictures/068_Sagrada_Família,_façana_del_Naixement,_porta_de_la_Caritat,_Anunciació_i_cor_d'àngels.jpg"
Sagrada_Família,28023,0,commons/Sculpture_of_the_choir_of_angel_children_(Nativity_facade_of_the_Sagrada_Família)/0/pictures/Barcelona_-_panoramio_(247).jpg
Sagrada_Família,28023,0,"commons/Sculpture_of_the_choir_of_angel_children_(Nativity_facade_of_the_Sagrada_Família)/0/pictures/063_Sagrada_Família,_façana_del_Naixement,_portes_de_l'Esperança_i_la_Caritat.jpg"
Sagrada_Família,28023,0,commons/Sculpture_of_the_choir_of_angel_children_(Nativity_facade_of_the_Sagrada_Família)/0/pictures/Barcelona_-_La_Sagrada_Família_-_Nativity_Façade_-_View_on_Joyous_Angels.jpg
Sagrada_Família,28023,0,commons/Sculpture_of_the_choir_of_angel_children_(Nativity_facade_of_the_Sagrada_Família)/0/pictures/Barcelona_-_Plaça_de_Gaudí_-_Nativity_Façade_-_View_SW_(through_the_fence)_on_Angelic_Joy_&_Still_Standing_Star_of_Bethlehem.jpg
Sagrada_Família,28023,0,commons/Sculpture_of_the_Visitation_(Nativity_facade_of_the_Sagrada_Família)/0/pictures/Sagrada_Família._Portal_de_la_Fe_(Maria_i_Isabel).jpg
Sagrada_Família,28023,0,"commons/Sculpture_of_the_Visitation_(Nativity_facade_of_the_Sagrada_Família)/0/pictures/Sagrada_Familia,_Nativity_facade_(4)_(31134078362).jpg"
Sagrada_Família,28023,0,"commons/Sculpture_of_the_Visitation_(Nativity_facade_of_the_Sagrada_Família)/0/pictures/Sagrada_Familia,_Nativity_facade_(2)_(30477190154).jpg"
Sagrada_Família,28023,0,commons/Sculpture_of_the_Visitation_(Nativity_facade_of_the_Sagrada_Família)/0/pictures/SF_-_Fe.jpg
Sagrada_Família,28023,0,commons/Sculpture_of_the_Trumpeting_Angels_(Nativity_facade_of_the_Sagrada_Família)/0/pictures/Sagrada4.jpg
Sagrada_Família,28023,0,commons/Sculpture_of_the_Visitation_(Nativity_facade_of_the_Sagrada_Família)/0/pictures/Barcelona_Sagrada_familia_sculptures_in_the_Nativity_Facade_2017_10.jpg
Sagrada_Família,28023,0,commons/Sculpture_of_the_Visitation_(Nativity_facade_of_the_Sagrada_Família)/0/pictures/Sagrada_Familia_Façade_(3409526758).jpg
Sagrada_Família,28023,0,commons/Sculpture_of_the_Trumpeting_Angels_(Nativity_facade_of_the_Sagrada_Família)/0/pictures/Sagrada27.jpg
Sagrada_Família,28023,0,commons/Sculpture_of_the_Trumpeting_Angels_(Nativity_facade_of_the_Sagrada_Família)/0/pictures/WLM14ES_-_Barcelona_Fachada_del_Nacimiento_538_04_de_julio_de_2011_-_.jpg
Sagrada_Família,28023,0,commons/Sculpture_of_the_Trumpeting_Angels_(Nativity_facade_of_the_Sagrada_Família)/0/pictures/Sagrada_Familia075.jpg
Sagrada_Família,28023,0,"commons/Sculpture_of_the_Trumpeting_Angels_(Nativity_facade_of_the_Sagrada_Família)/0/pictures/Nativity_Facade_of_the_Sagrada_Família,_May_2013_-_03.JPG"
Sagrada_Família,28023,0,commons/Sculpture_of_the_Trumpeting_Angels_(Nativity_facade_of_the_Sagrada_Família)/0/pictures/Barcelona_August_2014_-_Familia_Sagrada_018.jpg
Sagrada_Família,28023,0,commons/Sculpture_of_the_Trumpeting_Angels_(Nativity_facade_of_the_Sagrada_Família)/0/pictures/Sagrada-Familia-Nativity.jpg
Sagrada_Família,28023,0,commons/Sculpture_of_the_Trumpeting_Angels_(Nativity_facade_of_the_Sagrada_Família)/0/pictures/La_Sagrada_Familia._Pórtico_de_la_Caridad.jpg
Sagrada_Família,28023,0,commons/Sculpture_of_the_Trumpeting_Angels_(Nativity_facade_of_the_Sagrada_Família)/0/pictures/Barcelona_-_La_Sagrada_Família_-_Nativity_Façade_with_Four_Trumpeting_Angels.jpg
Sagrada_Família,28023,0,commons/Sculpture_of_the_Trumpeting_Angels_(Nativity_facade_of_the_Sagrada_Família)/0/pictures/Barcelona_-_La_Sagrada_Família_-_Nativity_Façade_-_Trumpeting_Angels.jpg
Sagrada_Família,28023,0,"commons/Sculpture_of_the_Trumpeting_Angels_(Nativity_facade_of_the_Sagrada_Família)/0/pictures/Barcelona_-_Plaça_de_Gaudí_-_Nativity_Façade_-_View_SW_on_Two_Trumpeting_Angels,_Three_Kings,_Child_Jesus_&_Mother_Mary.jpg"
Sagrada_Família,28023,0,commons/Sculpture_of_the_Trumpeting_Angels_(Nativity_facade_of_the_Sagrada_Família)/0/pictures/Barcelona_-_Plaça_de_Gaudí_-_Nativity_Façade_-_View_WSW_on_Trumpeting_Angels.jpg
Sagrada_Família,28023,0,commons/Sculpture_of_the_Trumpeting_Angels_(Nativity_facade_of_the_Sagrada_Família)/0/pictures/Barcelona_-_La_Sagrada_Família_-_Nativity_Façade_-_View_on_Trumpeting_Angels_II.jpg
Sagrada_Família,28023,0,commons/Sculpture_of_the_Trumpeting_Angels_(Nativity_facade_of_the_Sagrada_Família)/0/pictures/Barcelona_-_La_Sagrada_Família_-_Nativity_Façade_-_View_Up_on_Trumpeting_Angels.jpg
Sagrada_Família,28023,0,"commons/Sculpture_of_the_Trumpeting_Angels_(Nativity_facade_of_the_Sagrada_Família)/0/pictures/066_Sagrada_Família,_façana_del_Naixement,_porta_de_la_Fe,_àngels_trompeters.jpg"
Sagrada_Família,28023,0,commons/Sculpture_of_the_Trumpeting_Angels_(Nativity_facade_of_the_Sagrada_Família)/0/pictures/2019_03_16_AIDA_Barcelona_(100).jpg
Sagrada_Família,28023,0,commons/Sculpture_of_the_Trial_of_Jesus_in_the_Passion_Facade_of_the_Sagrada_Família/0/pictures/Sculpture_of_the_Trial_of_Jesus_in_the_Passion_Facade_of_the_Sagrada_Família.jpg
Sagrada_Família,28023,0,commons/Sculpture_of_the_Tree_of_Life_(Nativity_facade_of_the_Sagrada_Família)/0/pictures/TEMPLE_EXPIATORI_DE_LA_SAGRADA_FAMÍLIA_24012021_(1)_12.jpg
Sagrada_Família,28023,0,commons/Sculpture_of_the_Tree_of_Life_(Nativity_facade_of_the_Sagrada_Família)/0/pictures/Sagrada_Familial_Cyprès_du_pinacle_central.JPG
Sagrada_Família,28023,0,commons/Sculpture_of_the_Tree_of_Life_(Nativity_facade_of_the_Sagrada_Família)/0/pictures/Sagrada_Familia_detail_-_panoramio.jpg
Sagrada_Família,28023,0,commons/Sculpture_of_the_Tree_of_Life_(Nativity_facade_of_the_Sagrada_Família)/0/pictures/SF_-_Árbol_de_la_Vida.jpg
Sagrada_Família,28023,0,commons/Sculpture_of_the_Tree_of_Life_(Nativity_facade_of_the_Sagrada_Família)/0/pictures/Sagrada_Familia_-_panoramio_(11).jpg
Sagrada_Família,28023,0,"commons/Sculpture_of_the_Tree_of_Life_(Nativity_facade_of_the_Sagrada_Família)/0/pictures/Nativity_Facade_of_the_Sagrada_Família,_May_2013_-_03.JPG"
Sagrada_Família,28023,0,commons/Sculpture_of_the_Tree_of_Life_(Nativity_facade_of_the_Sagrada_Família)/0/pictures/Façana_del_Naixament_i_anunci_visita_Papa.jpg
Sagrada_Família,28023,0,commons/Sculpture_of_the_Tree_of_Life_(Nativity_facade_of_the_Sagrada_Família)/0/pictures/La_Fama.jpg
Sagrada_Família,28023,0,"commons/Sculpture_of_the_Tree_of_Life_(Nativity_facade_of_the_Sagrada_Família)/0/pictures/Barcelona,_Sagrada_Familia_3.JPG"
Sagrada_Família,28023,0,"commons/Sculpture_of_the_Star_of_Bethlehem_(Nativity_facade_of_the_Sagrada_Família)/0/pictures/Sagrada_Família,_Barcelona_-_panoramio_(6).jpg"
Sagrada_Família,28023,0,commons/Sculpture_of_the_Star_of_Bethlehem_(Nativity_facade_of_the_Sagrada_Família)/0/pictures/Sagrada_Familia_-_panoramio_(13).jpg
Sagrada_Família,28023,0,commons/Sculpture_of_the_Star_of_Bethlehem_(Nativity_facade_of_the_Sagrada_Família)/0/pictures/Fale_-_Spain_-_Barcelona_-_129.jpg
Sagrada_Família,28023,0,"commons/Sculpture_of_the_Star_of_Bethlehem_(Nativity_facade_of_the_Sagrada_Família)/0/pictures/Annunciation,_Star_of_Bethlehem_and_Nativity_-_Nativity_Facade_-_Sagrada_Família_-_Barcelona_2014.jpg"
Sagrada_Família,28023,0,commons/Sculpture_of_the_Star_of_Bethlehem_(Nativity_facade_of_the_Sagrada_Família)/0/pictures/2008_Sagrada_Familia_20.JPG
Sagrada_Família,28023,0,commons/Sculpture_of_the_Star_of_Bethlehem_(Nativity_facade_of_the_Sagrada_Família)/0/pictures/Barcelona_-_panoramio_(247).jpg
Sagrada_Família,28023,0,commons/Sculpture_of_the_Star_of_Bethlehem_(Nativity_facade_of_the_Sagrada_Família)/0/pictures/Fachada_del_nacimiento._Templo_Expiatorio_de_la_Sagrada_FAmilia_._Barcelona._Cataluña._Espña.JPG
Sagrada_Família,28023,0,"commons/Sculpture_of_the_Star_of_Bethlehem_(Nativity_facade_of_the_Sagrada_Família)/0/pictures/068_Sagrada_Família,_façana_del_Naixement,_porta_de_la_Caritat,_Anunciació_i_cor_d'àngels.jpg"
Sagrada_Família,28023,0,"commons/Sculpture_of_the_Star_of_Bethlehem_(Nativity_facade_of_the_Sagrada_Família)/0/pictures/063_Sagrada_Família,_façana_del_Naixement,_portes_de_l'Esperança_i_la_Caritat.jpg"
Sagrada_Família,28023,0,"commons/Sculpture_of_the_Star_of_Bethlehem_(Nativity_facade_of_the_Sagrada_Família)/0/pictures/Barcelona_-_Plaça_de_Gaudí_-_Nativity_Façade_-_View_WSW_on_Star_of_Bethlehem_standing_still_above_Father_Joseph,_Mother_Mary,_Child_Jesus_in_metal_Manger,_Ox_&_Catalan_Donkey_-_Angelic_Joy,_Singing_&_Music.jpg"
Sagrada_Família,28023,0,commons/Sculpture_of_the_Soldiers_casting_lots_at_the_Passion_Facade_of_the_Sagrada_Família/0/pictures/Roman_soldier_-_Sagrada_Familia_-_Barcelona_2014.JPG
Sagrada_Família,28023,0,"commons/Sculpture_of_the_Star_of_Bethlehem_(Nativity_facade_of_the_Sagrada_Família)/0/pictures/004_Sagrada_Família,_façana_del_Naixement,_porta_de_la_Caritat,_l'Anunciació.jpg"
Sagrada_Família,28023,0,commons/Sculpture_of_the_Soldiers_casting_lots_at_the_Passion_Facade_of_the_Sagrada_Família/0/pictures/SF_-_Longino.jpg
Sagrada_Família,28023,0,commons/Sculpture_of_the_Soldiers_casting_lots_at_the_Passion_Facade_of_the_Sagrada_Família/0/pictures/Barcelona_270.JPG
Sagrada_Família,28023,0,commons/Sculpture_of_the_Soldiers_casting_lots_at_the_Passion_Facade_of_the_Sagrada_Família/0/pictures/15-10-28-Sagrada_Familia-WMA_3143.jpg
Sagrada_Família,28023,0,commons/Sculpture_of_the_Soldiers_casting_lots_at_the_Passion_Facade_of_the_Sagrada_Família/0/pictures/WLM14ES_-_Barcelona_Fachada_de_la_pasion_444_04_de_julio_de_2011_-_.jpg
Sagrada_Família,28023,0,commons/Sculpture_of_the_Soldiers_casting_lots_at_the_Passion_Facade_of_the_Sagrada_Família/0/pictures/WLM14ES_-_Barcelona_Fachada_de_la_pasion_446_04_de_julio_de_2011_-_.jpg
Sagrada_Família,28023,0,commons/Sculpture_of_the_Presentation_of_Jesus_(Nativity_facade_of_the_Sagrada_Família)/0/pictures/WLM14ES_-_Barcelona_Fachada_del_Nacimiento_529_04_de_julio_de_2011_-_.jpg
Sagrada_Família,28023,0,commons/Sculpture_of_the_Presentation_of_Jesus_(Nativity_facade_of_the_Sagrada_Família)/0/pictures/WLM14ES_-_Barcelona_Fachada_del_Nacimiento_527_04_de_julio_de_2011_-_.jpg
Sagrada_Família,28023,0,"commons/Sculpture_of_the_Presentation_of_Jesus_(Nativity_facade_of_the_Sagrada_Família)/0/pictures/Nativity_Facade_of_the_Sagrada_Família,_May_2013_-_10.JPG"
Sagrada_Família,28023,0,commons/Sculpture_of_the_Presentation_of_Jesus_(Nativity_facade_of_the_Sagrada_Família)/0/pictures/Barcelona_2015_10_12_0228_(22558105034).jpg
Sagrada_Família,28023,0,"commons/Sculpture_of_the_Presentation_of_Jesus_(Nativity_facade_of_the_Sagrada_Família)/0/pictures/069_Sagrada_Família,_façana_del_Naixement,_porta_de_la_Fe,_àngels_i_presentació_al_Temple.jpg"
Sagrada_Família,28023,0,"commons/Sculpture_of_the_Papal_Coat_of_Arms_(Sagrada_Família,_1882)/0/pictures/At_the_bottom_of_the_Sagrada_Familia.JPG"
Sagrada_Família,28023,0,"commons/Sculpture_of_the_Nativity_(Nativity_facade_of_the_Sagrada_Família)/0/pictures/Sagrada_Família,_Barcelona_-_panoramio_(11).jpg"
Sagrada_Família,28023,0,commons/Sculpture_of_the_Nativity_(Nativity_facade_of_the_Sagrada_Família)/0/pictures/WLM14ES_-_Barcelona_Fachada_del_Nacimiento_535_04_de_julio_de_2011_-_.jpg
Sagrada_Família,28023,0,commons/Sculpture_of_the_Nativity_(Nativity_facade_of_the_Sagrada_Família)/0/pictures/Sagrada_familia_fachada_00002.jpg
Sagrada_Família,28023,0,commons/Sculpture_of_the_Nativity_(Nativity_facade_of_the_Sagrada_Família)/0/pictures/Sagrada_Família_Exterior.jpg
Sagrada_Família,28023,0,commons/Sculpture_of_the_Nativity_(Nativity_facade_of_the_Sagrada_Família)/0/pictures/Sagrada_Família_7.jpg
Sagrada_Família,28023,0,commons/Sculpture_of_the_Nativity_(Nativity_facade_of_the_Sagrada_Família)/0/pictures/Sagrada_Família._Portal_de_la_Caritat_(adoració_dels_Reis_Mags).jpg
Sagrada_Família,28023,0,commons/Sculpture_of_the_Nativity_(Nativity_facade_of_the_Sagrada_Família)/0/pictures/Sagrada_Familia_nativity_facade_detail1.JPG
Sagrada_Família,28023,0,"commons/Sculpture_of_the_Nativity_(Nativity_facade_of_the_Sagrada_Família)/0/pictures/Sagrada_Familia,_Nativity_facade_(30)_(31260307146).jpg"
Sagrada_Família,28023,0,"commons/Sculpture_of_the_Nativity_(Nativity_facade_of_the_Sagrada_Família)/0/pictures/Sagrada_Familia,_Nativity_facade_(16)_(31153735122).jpg"
Sagrada_Família,28023,0,commons/Sculpture_of_the_Nativity_(Nativity_facade_of_the_Sagrada_Família)/0/pictures/Sagrada_Familia_nativity_facade_detail2.JPG
Sagrada_Família,28023,0,commons/Sculpture_of_the_Nativity_(Nativity_facade_of_the_Sagrada_Família)/0/pictures/SF_-_Caridad.jpg
Sagrada_Família,28023,0,commons/Sculpture_of_the_Nativity_(Nativity_facade_of_the_Sagrada_Família)/0/pictures/Sagrada_Familia_Decoration_8_(5839781028).jpg
Sagrada_Família,28023,0,commons/Sculpture_of_the_Nativity_(Nativity_facade_of_the_Sagrada_Família)/0/pictures/Sagrada_Familia_Portal_Detail.jpg
Sagrada_Família,28023,0,commons/Sculpture_of_the_Nativity_(Nativity_facade_of_the_Sagrada_Família)/0/pictures/Sagrada_Familia_-_detalhe_(8749940999).jpg
Sagrada_Família,28023,0,commons/Sculpture_of_the_Nativity_(Nativity_facade_of_the_Sagrada_Família)/0/pictures/Nativity_Facade._Sagrada_Família.jpg
Sagrada_Família,28023,0,commons/Sculpture_of_the_Nativity_(Nativity_facade_of_the_Sagrada_Família)/0/pictures/Sagrada_Familia_Barcellona_2017_Particolare.jpg
Sagrada_Família,28023,0,"commons/Sculpture_of_the_Nativity_(Nativity_facade_of_the_Sagrada_Família)/0/pictures/Nativity_Facade_of_the_Sagrada_Família,_May_2013_-_05.JPG"
Sagrada_Família,28023,0,commons/Sculpture_of_the_Nativity_(Nativity_facade_of_the_Sagrada_Família)/0/pictures/Fachada_del_Nacimiento._Pórticos.jpg
Sagrada_Família,28023,0,commons/Sculpture_of_the_Nativity_(Nativity_facade_of_the_Sagrada_Família)/0/pictures/ES-BCN-sagr-fam-05.jpg
Sagrada_Família,28023,0,commons/Sculpture_of_the_Nativity_(Nativity_facade_of_the_Sagrada_Família)/0/pictures/Fale_-_Spain_-_Barcelona_-_129.jpg
Sagrada_Família,28023,0,commons/Sculpture_of_the_Nativity_(Nativity_facade_of_the_Sagrada_Família)/0/pictures/Fale_-_Spain_-_Barcelona_-_130.jpg
Sagrada_Família,28023,0,commons/Sculpture_of_the_Nativity_(Nativity_facade_of_the_Sagrada_Família)/0/pictures/Fale_-_Spain_-_Barcelona_-_128.jpg
Sagrada_Família,28023,0,commons/Sculpture_of_the_Nativity_(Nativity_facade_of_the_Sagrada_Família)/0/pictures/Barcelona_Sagrada_familia_sculptures_in_the_Nativity_Facade_2017_05.jpg
Sagrada_Família,28023,0,commons/Sculpture_of_the_Nativity_(Nativity_facade_of_the_Sagrada_Família)/0/pictures/Barcelona_Sagrada_familia_sculptures_in_the_Nativity_Facade_02.jpg
Sagrada_Família,28023,0,commons/Sculpture_of_the_Nativity_(Nativity_facade_of_the_Sagrada_Família)/0/pictures/Barcelona_August_2014_-_Familia_Sagrada_001.jpg
Sagrada_Família,28023,0,commons/Sculpture_of_the_Nativity_(Nativity_facade_of_the_Sagrada_Família)/0/pictures/Barcelona_1069_20.jpg
Sagrada_Família,28023,0,"commons/Sculpture_of_the_Nativity_(Nativity_facade_of_the_Sagrada_Família)/0/pictures/063_Sagrada_Família,_façana_del_Naixement,_portes_de_l'Esperança_i_la_Caritat.jpg"
Sagrada_Família,28023,0,commons/Sculpture_of_the_Nativity_(Nativity_facade_of_the_Sagrada_Família)/0/pictures/2019_03_16_AIDA_Barcelona_(101).jpg
Sagrada_Família,28023,0,commons/Sculpture_of_the_Massacre_of_the_Innocents_(Nativity_facade_of_the_Sagrada_Família)/0/pictures/Sagrada_Familia069.jpg
Sagrada_Família,28023,0,commons/Sculpture_of_the_Massacre_of_the_Innocents_(Nativity_facade_of_the_Sagrada_Família)/0/pictures/Massacre_of_the_Innocents_-_Nativity_Facade_-_Sagrada_Família_-_Barcelona_2014.JPG
Sagrada_Família,28023,0,"commons/Sculpture_of_the_Massacre_of_the_Innocents_(Nativity_facade_of_the_Sagrada_Família)/0/pictures/Nativity_Facade_of_the_Sagrada_Família,_May_2013_-_01.JPG"
Sagrada_Família,28023,0,commons/Sculpture_of_the_Massacre_of_the_Innocents_(Nativity_facade_of_the_Sagrada_Família)/0/pictures/Sagrada_Familia_Façade_(3409525946).jpg
Sagrada_Família,28023,0,commons/Sculpture_of_the_Massacre_of_the_Innocents_(Nativity_facade_of_the_Sagrada_Família)/0/pictures/La_Sagrada_Familia_-_sculptures_-_Barcelona_-_panoramio.jpg
Sagrada_Família,28023,0,commons/Sculpture_of_the_Massacre_of_the_Innocents_(Nativity_facade_of_the_Sagrada_Família)/0/pictures/Kindermordmotiv.JPG
Sagrada_Família,28023,0,commons/Sculpture_of_the_Massacre_of_the_Innocents_(Nativity_facade_of_the_Sagrada_Família)/0/pictures/Barcelona_Sagrada_familia_sculptures_in_the_Nativity_Facade_2017_09.jpg
Sagrada_Família,28023,0,commons/Sculpture_of_the_Massacre_of_the_Innocents_(Nativity_facade_of_the_Sagrada_Família)/0/pictures/Barcelona_2597.jpg
Sagrada_Família,28023,0,commons/Sculpture_of_the_Massacre_of_the_Innocents_(Nativity_facade_of_the_Sagrada_Família)/0/pictures/Barcelona_-_La_Sagrada_Família_-_Nativity_Façade_-_Massacre_of_the_Innocents_&_Trumpeting_Angels_I.jpg
Sagrada_Família,28023,0,commons/Sculpture_of_the_Lamentation_in_the_Passion_Facade_of_the_Sagrada_Família/0/pictures/Sculpture_of_the_Lamentation_in_the_Passion_Facade_of_the_Sagrada_Família.jpg
Sagrada_Família,28023,0,commons/Sculpture_of_the_Lamentation_in_the_Passion_Facade_of_the_Sagrada_Família/0/pictures/WLM14ES_-_Barcelona_Fachada_de_la_pasion_464_04_de_julio_de_2011_-_.jpg
Sagrada_Família,28023,0,commons/Sculpture_of_the_Lamentation_in_the_Passion_Facade_of_the_Sagrada_Família/0/pictures/Sagrada_Familia037.jpg
Sagrada_Família,28023,0,commons/Sculpture_of_the_Lamentation_in_the_Passion_Facade_of_the_Sagrada_Família/0/pictures/Barcelona_-_La_Sagrada_Família_-_Passion_façade_III.jpg
Sagrada_Família,28023,0,commons/Sculpture_of_the_Lamentation_in_the_Passion_Facade_of_the_Sagrada_Família/0/pictures/15-10-28-Sagrada_Familia-WMA_3145.jpg
Sagrada_Família,28023,0,commons/Sculpture_of_the_Lamentation_in_the_Passion_Facade_of_the_Sagrada_Família/0/pictures/Barcelona_2015_10_12_0255_(22792391337).jpg
Sagrada_Família,28023,0,commons/Sculpture_of_the_Lamentation_in_the_Passion_Facade_of_the_Sagrada_Família/0/pictures/Barcelona_-_panoramio_(281).jpg
Sagrada_Família,28023,0,commons/Sculpture_of_the_Christogram_(Nativity_facade_of_the_Sagrada_Família)/0/pictures/Barcelona_-_Plaça_de_Gaudí_-_Nativity_Façade_-_View_WSW_on_the_Christmas_Tree_with_Peace_Doves_&_Angels_Circling_the_'IHS'-Sign.jpg
Sagrada_Família,28023,0,"commons/Sculpture_of_the_Christogram_(Nativity_facade_of_the_Sagrada_Família)/0/pictures/Barcelona_-_Plaça_de_Gaudí_-_View_SSW_on_Christmas_Tree,_'IHS'_surrounded_by_Angels.jpg"
Sagrada_Família,28023,0,commons/Sculpture_of_the_Christogram_(Nativity_facade_of_the_Sagrada_Família)/0/pictures/Barcelona_-_Plaça_de_Gaudí_-_Nativity_Façade_-_View_SW_on_'IHS'_surrounded_by_Angels.jpg
Sagrada_Família,28023,0,"commons/Sculpture_of_the_Christogram_(Nativity_facade_of_the_Sagrada_Família)/0/pictures/Barcelona_-_La_Sagrada_Família_-_View_on_Angels_under_Christmas_Tree,_'IHS'-sign,_'Alpha-Omega'-Sign.jpg"
Sagrada_Família,28023,0,"commons/Sculpture_of_the_Annunciation_(Nativity_facade_of_the_Sagrada_Família)/0/pictures/Sagrada_Família,_Barcelona_-_panoramio_(8).jpg"
Sagrada_Família,28023,0,"commons/Sculpture_of_the_Annunciation_(Nativity_facade_of_the_Sagrada_Família)/0/pictures/Sagrada_Família,_Barcelona_-_panoramio_(6).jpg"
Sagrada_Família,28023,0,commons/Sculpture_of_the_Annunciation_(Nativity_facade_of_the_Sagrada_Família)/0/pictures/WLM14ES_-_Barcelona_Fachada_del_Nacimiento_537_04_de_julio_de_2011_-_.jpg
Sagrada_Família,28023,0,commons/Sculpture_of_the_Annunciation_(Nativity_facade_of_the_Sagrada_Família)/0/pictures/Barcelona_Tres_-_003_(3466090427).jpg
Sagrada_Família,28023,0,commons/Sculpture_of_the_Annunciation_(Nativity_facade_of_the_Sagrada_Família)/0/pictures/La_Sagrada_Familia._Pórtico_de_la_Caridad.jpg
Sagrada_Família,28023,0,"commons/Sculpture_of_the_Annunciation_(Nativity_facade_of_the_Sagrada_Família)/0/pictures/Annunciation,_Star_of_Bethlehem_and_Nativity_-_Nativity_Facade_-_Sagrada_Família_-_Barcelona_2014.jpg"
Sagrada_Família,28023,0,"commons/Sculpture_of_the_Annunciation_(Nativity_facade_of_the_Sagrada_Família)/0/pictures/068_Sagrada_Família,_façana_del_Naixement,_porta_de_la_Caritat,_Anunciació_i_cor_d'àngels.jpg"
Sagrada_Família,28023,0,commons/Sculpture_of_the_Annunciation_(Nativity_facade_of_the_Sagrada_Família)/0/pictures/Barcelona_August_2014_-_Familia_Sagrada_003.jpg
Sagrada_Família,28023,0,commons/Sculpture_of_the_Annunciation_(Nativity_facade_of_the_Sagrada_Família)/0/pictures/Barcelona_-_La_Sagrada_Família_-_Nativity_Façade_-_View_on_Annunciation_&_Blessing_by_Angel_Gabriel_to_Mary.jpg
Sagrada_Família,28023,0,"commons/Sculpture_of_the_Annunciation_(Nativity_facade_of_the_Sagrada_Família)/0/pictures/064_Sagrada_Família,_façana_del_Naixement,_portes_de_l'Esperança_i_la_Caritat.jpg"
Sagrada_Família,28023,0,"commons/Sculpture_of_the_Annunciation_(Nativity_facade_of_the_Sagrada_Família)/0/pictures/004_Sagrada_Família,_façana_del_Naixement,_porta_de_la_Caritat,_l'Anunciació.jpg"
Sagrada_Família,28023,0,commons/Sculpture_of_the_Adoration_of_the_Shepherds_(Nativity_facade_of_the_Sagrada_Família)/0/pictures/Sagrada_Familia-02.jpg
Sagrada_Família,28023,0,"commons/Sculpture_of_the_Adoration_of_the_Shepherds_(Nativity_facade_of_the_Sagrada_Família)/0/pictures/Sagrada_Familia,_Nativity_facade_(33)_(31296650485).jpg"
Sagrada_Família,28023,0,commons/Sculpture_of_the_Adoration_of_the_Shepherds_(Nativity_facade_of_the_Sagrada_Família)/0/pictures/Sagrada_Familia_nativity_facade_detail3.JPG
Sagrada_Família,28023,0,"commons/Sculpture_of_the_Adoration_of_the_Shepherds_(Nativity_facade_of_the_Sagrada_Família)/0/pictures/063_Sagrada_Família,_façana_del_Naixement,_portes_de_l'Esperança_i_la_Caritat.jpg"
Sagrada_Família,28023,0,commons/Sculpture_of_the_Adoration_of_the_Shepherds_(Nativity_facade_of_the_Sagrada_Família)/0/pictures/2019_03_16_AIDA_Barcelona_(102).jpg
Sagrada_Família,28023,0,commons/Sculpture_of_the_Adoration_of_the_Magi_(Nativity_facade_of_the_Sagrada_Família)/0/pictures/Sagrada_familia_fachada_00002.jpg
Sagrada_Família,28023,0,commons/Sculpture_of_the_Adoration_of_the_Magi_(Nativity_facade_of_the_Sagrada_Família)/0/pictures/WLM14ES_-_Barcelona_Fachada_del_Nacimiento_514_04_de_julio_de_2011_-_.jpg
Sagrada_Família,28023,0,commons/Sculpture_of_the_Adoration_of_the_Magi_(Nativity_facade_of_the_Sagrada_Família)/0/pictures/Sagrada_Família._Portal_de_la_Caritat_(adoració_dels_Reis_Mags).jpg
Sagrada_Família,28023,0,commons/Sculpture_of_the_Adoration_of_the_Magi_(Nativity_facade_of_the_Sagrada_Família)/0/pictures/Sagrada_Familia136.jpg
Sagrada_Família,28023,0,"commons/Sculpture_of_the_Adoration_of_the_Magi_(Nativity_facade_of_the_Sagrada_Família)/0/pictures/Nativity_Facade_of_the_Sagrada_Família,_May_2013_-_17.JPG"
Sagrada_Família,28023,0,"commons/Sculpture_of_the_Adoration_of_the_Magi_(Nativity_facade_of_the_Sagrada_Família)/0/pictures/La_Sagrada_Família,_Barcelona_-_panoramio_(20).jpg"
Sagrada_Família,28023,0,commons/Sculpture_of_the_Adoration_of_the_Magi_(Nativity_facade_of_the_Sagrada_Família)/0/pictures/Sagrada_Familia_nativity_facade_detail4.JPG
Sagrada_Família,28023,0,commons/Sculpture_of_the_Adoration_of_the_Magi_(Nativity_facade_of_the_Sagrada_Família)/0/pictures/Eixample_-_Sagrada_Família_-_20150828134934.jpg
Sagrada_Família,28023,0,"commons/Sculpture_of_the_Adoration_of_the_Magi_(Nativity_facade_of_the_Sagrada_Família)/0/pictures/Adoración_de_los_Reyes,_Templo_Expiatorio_de_la_Sagrada_Familia_(Barcelona).jpg"
Sagrada_Família,28023,0,commons/Sculpture_of_the_Adoration_of_the_Magi_(Nativity_facade_of_the_Sagrada_Família)/0/pictures/Eixample_-_Sagrada_Família_-_20150828134856.jpg
Sagrada_Família,28023,0,commons/Sculpture_of_the_Adoration_of_the_Magi_(Nativity_facade_of_the_Sagrada_Família)/0/pictures/Adoration_of_the_Magi_-_Nativity_Facade_-_Sagrada_Família_-_Barcelona_2014.JPG
Sagrada_Família,28023,0,commons/Sculpture_of_the_Adoration_of_the_Magi_(Nativity_facade_of_the_Sagrada_Família)/0/pictures/Barcelona_Sagrada_familia_sculptures_in_the_Nativity_Facade_2017_03.jpg
Sagrada_Família,28023,0,commons/Sculpture_of_an_Angel_playing_percussions_in_the_Nativity_Facade_of_the_Sagrada_Família/0/pictures/Barcelona_Sagrada_familia_sculptures_in_the_Nativity_Facade_04.jpg
Sagrada_Família,28023,0,commons/Sculpture_of_an_Angel_playing_flute_in_the_Nativity_Facade_of_the_Sagrada_Família/0/pictures/Barcelona_Sagrada_familia_sculptures_in_the_Nativity_Facade_04.jpg
Sagrada_Família,28023,0,commons/Sculpture_of_an_Angel_playing_Violon_in_the_Nativity_Facade_of_the_Sagrada_Família/0/pictures/Sagrada_Familia_detail_4_-_panoramio.jpg
Sagrada_Família,28023,0,"commons/Sculpture_of_an_Angel_playing_Violon_in_the_Nativity_Facade_of_the_Sagrada_Família/0/pictures/Sagrada_Familia,_Nativity_facade_(18)_(30489800873).jpg"
Sagrada_Família,28023,0,commons/Sculpture_of_an_Angel_playing_Mandolin_in_the_Nativity_Facade_of_the_Sagrada_Família/0/pictures/Visita_a_la_Sagrada_Familia_en_Barcelona_(13978604131).jpg
Sagrada_Família,28023,0,commons/Sculpture_of_an_Angel_playing_Mandolin_in_the_Nativity_Facade_of_the_Sagrada_Família/0/pictures/Sagrada_Familia_detail_4_-_panoramio.jpg
Sagrada_Família,28023,0,"commons/Sculpture_of_an_Angel_playing_Mandolin_in_the_Nativity_Facade_of_the_Sagrada_Família/0/pictures/Sagrada_Familia,_Nativity_facade_(18)_(30489800873).jpg"
Sagrada_Família,28023,0,"commons/Sculpture_of_an_Angel_playing_Harps_in_the_Nativity_Facade_of_the_Sagrada_Família/0/pictures/Sagrada_Familia,_Nativity_facade_(13)_(31154011302).jpg"
Sagrada_Família,28023,0,commons/Sculpture_of_Simon_of_Cyrene_and_the_cross_in_the_Sagrada_Família/0/pictures/Barcelona_Sagrada_Familia_sculptures_Passion_facade_10.jpg
Sagrada_Família,28023,0,commons/Sculpture_of_Simon_of_Cyrene_and_the_cross_in_the_Sagrada_Família/0/pictures/15-10-28-Sagrada_Familia-WMA_3145.jpg
Sagrada_Família,28023,0,commons/Sculpture_of_Simon_of_Cyrene_and_the_cross_in_the_Sagrada_Família/0/pictures/Barcelona_-_panoramio_(281).jpg
Sagrada_Família,28023,0,commons/Sculpture_of_Saint_Thomas_in_the_Passion_Facade_of_the_Sagrada_Família/0/pictures/Barcelona_-_Plaça_de_la_Sagrada_Família_-_Passion_Façade_-_View_East_on_Apostle_Thomas_&_Apostle_Philip.jpg
Sagrada_Família,28023,0,commons/Sculpture_of_Saint_Simon_in_the_Nativity_Facade_of_the_Sagrada_Família/0/pictures/Saint-Simon-Sagrada_Família.jpg
Sagrada_Família,28023,0,commons/Sculpture_of_Saint_Judas_in_the_Nativity_Facade_of_the_Sagrada_Família/0/pictures/Barcelona_August_2014_-_Familia_Sagrada_020.jpg
Sagrada_Família,28023,0,commons/Sculpture_of_Saint_Philip_in_the_Passion_Facade_of_the_Sagrada_Família/0/pictures/Barcelona_-_Plaça_de_la_Sagrada_Família_-_Passion_Façade_-_View_East_on_Apostle_Thomas_&_Apostle_Philip.jpg
Sagrada_Família,28023,0,commons/Sculpture_of_Peter_cutting_the_ear_of_Malchus_in_the_Passion_Facade_of_the_Sagrada_Família/0/pictures/Barcelona_2015_10_12_0264_(22559465403).jpg
Sagrada_Família,28023,0,commons/Sculpture_of_Longinus_on_a_horse_at_the_Passion_Facade_of_the_Sagrada_Família/0/pictures/Sagrada_Familia_(July_2022)_09.jpg
Sagrada_Família,28023,0,commons/Sculpture_of_Longinus_on_a_horse_at_the_Passion_Facade_of_the_Sagrada_Família/0/pictures/15-10-28-Sagrada_Familia-WMA_3143.jpg
Sagrada_Família,28023,0,commons/Sculpture_of_Longinus_on_a_horse_at_the_Passion_Facade_of_the_Sagrada_Família/0/pictures/Barcelona_-_Plaça_de_la_Sagrada_Família_-_Passion_Façade_-_View_NE_on_Equestrian_Roman_Soldier_with_Spear_&_Roman_Soldiers_Playing_Dice_II.jpg
Sagrada_Família,28023,0,commons/Sculpture_of_Jesus_as_a_carpenter_(Nativity_facade_of_the_Sagrada_Família)/0/pictures/TTTT6.JPG
Sagrada_Família,28023,0,commons/Sculpture_of_Longinus_on_a_horse_at_the_Passion_Facade_of_the_Sagrada_Família/0/pictures/Barcelona_-_La_Sagrada_Família_-_Passion_Façade_-_Equestrian_Soldier_with_Spear_&_Soldiers_Playing_Dice.jpg
Sagrada_Família,28023,0,commons/Sculpture_of_Jesus_as_a_carpenter_(Nativity_facade_of_the_Sagrada_Família)/0/pictures/Sagrada_Familia077.jpg
Sagrada_Família,28023,0,commons/Sculpture_of_Longinus_on_a_horse_at_the_Passion_Facade_of_the_Sagrada_Família/0/pictures/Barcelona_-_La_Sagrada_Família_-_Equestrian_Roman_Soldier_with_Spear_&_Roman_Soldiers_Throwing_Dice.jpg
Sagrada_Família,28023,0,"commons/Sculpture_of_Jesus_as_a_carpenter_(Nativity_facade_of_the_Sagrada_Família)/0/pictures/Basílica_de_la_Sagrada_Familia,_Barcelona._Pórtico_de_la_Fé.jpg"
Sagrada_Família,28023,0,commons/Sculpture_of_Jesus_as_a_carpenter_(Nativity_facade_of_the_Sagrada_Família)/0/pictures/2019_03_16_AIDA_Barcelona_(104).jpg
Sagrada_Família,28023,0,commons/Sculpture_of_Jesus_as_a_carpenter_(Nativity_facade_of_the_Sagrada_Família)/0/pictures/Jesús_fuster.jpg
Sagrada_Família,28023,0,"commons/Sculpture_of_Jesus_as_a_carpenter_(Nativity_facade_of_the_Sagrada_Família)/0/pictures/002_Sagrada_Família,_façana_del_Naixement,_Porta_de_la_Fe.jpg"
Sagrada_Família,28023,0,commons/Sculpture_of_Jesus_as_a_carpenter_(Nativity_facade_of_the_Sagrada_Família)/0/pictures/Barcelona_-_La_Sagrada_Família_-_Nativity_Façade_-_Legendary_Rendering_of_Amazement_at_Jesus'_Teaching_as_Youngster_-_Jesus_as_Carpenter's_Apprentice_in_Nazareth.jpg
Sagrada_Família,28023,0,commons/Sculpture_of_Jesus_and_Joseph_(Nativity_facade_of_the_Sagrada_Família)/0/pictures/Barcelona_Sagrada_familia_sculptures_in_the_Nativity_Facade_06.jpg
Sagrada_Família,28023,0,commons/Sculpture_of_Ecce_Homo_in_the_Passion_Facade_of_the_Sagrada_Família/0/pictures/Sagrada_familia_3.jpg
Sagrada_Família,28023,0,commons/Sculpture_of_Ecce_Homo_in_the_Passion_Facade_of_the_Sagrada_Família/0/pictures/Sagrada-familia-passion-facade2.jpg
Sagrada_Família,28023,0,commons/Sculpture_of_Ecce_Homo_in_the_Passion_Facade_of_the_Sagrada_Família/0/pictures/Sagrada_Familia026.jpg
Sagrada_Família,28023,0,commons/Sculpture_of_Ecce_Homo_in_the_Passion_Facade_of_the_Sagrada_Família/0/pictures/Sagrada_Familia028.jpg
Sagrada_Família,28023,0,commons/Sculpture_of_Ecce_Homo_in_the_Passion_Facade_of_the_Sagrada_Família/0/pictures/La_Sagrada_Familia_-_panoramio_(13).jpg
Sagrada_Família,28023,0,commons/Sculpture_of_Ecce_Homo_in_the_Passion_Facade_of_the_Sagrada_Família/0/pictures/Sagrada_Familia_5.jpg
Sagrada_Família,28023,0,commons/Sculpture_of_Ecce_Homo_in_the_Passion_Facade_of_the_Sagrada_Família/0/pictures/Sagrada_Familia_West_Facade_2.JPG
Sagrada_Família,28023,0,"commons/Sculpture_of_Ecce_Homo_in_the_Passion_Facade_of_the_Sagrada_Família/0/pictures/La_Sagrada_Família,_Barcelona_-_panoramio_(16).jpg"
Sagrada_Família,28023,0,commons/Sculpture_of_Ecce_Homo_in_the_Passion_Facade_of_the_Sagrada_Família/0/pictures/Detalle_da_Sagrada_Familia._Barcelona_B12.jpg
Sagrada_Família,28023,0,commons/Sculpture_of_Ecce_Homo_in_the_Passion_Facade_of_the_Sagrada_Família/0/pictures/Barcelona_-_Temple_Expiatori_de_la_Sagrada_Família_(37).jpg
Sagrada_Família,28023,0,commons/Sculpture_of_Ecce_Homo_in_the_Passion_Facade_of_the_Sagrada_Família/0/pictures/Barcelona_-_La_Sagrada_Família_-_Passion_façade_-_King_Jesus_&_Pontius_Pilate.jpg
Sagrada_Família,28023,0,commons/Sculpture_of_Ecce_Homo_in_the_Passion_Facade_of_the_Sagrada_Família/0/pictures/BarcellonaSagradaFamilla_GruppoScult2.jpg
Sagrada_Família,28023,0,commons/Sculpture_of_Ecce_Homo_in_the_Passion_Facade_of_the_Sagrada_Família/0/pictures/2019_03_16_AIDA_Barcelona_(144).jpg
Sagrada_Família,28023,0,"commons/Sculpture_of_Ecce_Homo_in_the_Passion_Facade_of_the_Sagrada_Família/0/pictures/042_Sagrada_Família,_façana_de_la_Passió,_al_fons_el_claustre.jpg"
Sagrada_Família,28023,0,commons/Sculpture_of_Ecce_Homo_in_the_Passion_Facade_of_the_Sagrada_Família/0/pictures/2019_03_16_AIDA_Barcelona_(134).jpg
Sagrada_Família,28023,0,commons/Sculpture_of_Ecce_Homo_in_the_Passion_Facade_of_the_Sagrada_Família/0/pictures/018_Iglesia_Sagrada_Familia.JPG
Sagrada_Família,28023,0,commons/Sculpture_of_Denial_of_Peter_in_the_Passion_Facade_of_the_Sagrada_Família/0/pictures/Segrada_Familia_Barcelona_(7564246446).jpg
Sagrada_Família,28023,0,"commons/Sculpture_of_Denial_of_Peter_in_the_Passion_Facade_of_the_Sagrada_Família/0/pictures/Sculptures_in_the_Passion_Facade_of_the_Sagrada_Família,_February_2013_-_07.JPG"
Sagrada_Família,28023,0,commons/Sculpture_of_Denial_of_Peter_in_the_Passion_Facade_of_the_Sagrada_Família/0/pictures/Lamenting_Peter_-_Sagrada_Familia_-_Barcelona_2014.JPG
Sagrada_Família,28023,0,commons/Sculpture_of_Denial_of_Peter_in_the_Passion_Facade_of_the_Sagrada_Família/0/pictures/Segrada_Familia_Barcelona_(7564245712).jpg
Sagrada_Família,28023,0,commons/Sculpture_of_Denial_of_Peter_in_the_Passion_Facade_of_the_Sagrada_Família/0/pictures/Solitud.jpg
Sagrada_Família,28023,0,"commons/Sculpture_of_Denial_of_Peter_in_the_Passion_Facade_of_the_Sagrada_Família/0/pictures/Sagrada_Familia,_Passion_Facade_(2)_(30474501154).jpg"
Sagrada_Família,28023,0,"commons/Sculpture_of_Denial_of_Peter_in_the_Passion_Facade_of_the_Sagrada_Família/0/pictures/Sagrada_Familia,_Passion_Facade_(3)_(30928184550).jpg"
Sagrada_Família,28023,0,commons/Sculpture_of_Denial_of_Peter_in_the_Passion_Facade_of_the_Sagrada_Família/0/pictures/Sagrada_Familia_(July_2022)_11.jpg
Sagrada_Família,28023,0,commons/Sculpture_of_Denial_of_Peter_in_the_Passion_Facade_of_the_Sagrada_Família/0/pictures/Sagrada_Familia_West_Facade_3.JPG
Sagrada_Família,28023,0,commons/Sculpture_of_Denial_of_Peter_in_the_Passion_Facade_of_the_Sagrada_Família/0/pictures/Sagrada_familia_9.jpg
Sagrada_Família,28023,0,commons/Sculpture_of_Denial_of_Peter_in_the_Passion_Facade_of_the_Sagrada_Família/0/pictures/Sagrada_Familia_(3402749251).jpg
Sagrada_Família,28023,0,commons/Sculpture_of_Denial_of_Peter_in_the_Passion_Facade_of_the_Sagrada_Família/0/pictures/La_Sagrada_Familia_-_panoramio_(12).jpg
Sagrada_Família,28023,0,"commons/Sculpture_of_Denial_of_Peter_in_the_Passion_Facade_of_the_Sagrada_Família/0/pictures/Passion_Facade_of_the_Sagrada_Família,_May_2013_-_15.JPG"
Sagrada_Família,28023,0,commons/Sculpture_of_Denial_of_Peter_in_the_Passion_Facade_of_the_Sagrada_Família/0/pictures/Passion_Facade_Figures_-_panoramio.jpg
Sagrada_Família,28023,0,commons/Sculpture_of_Denial_of_Peter_in_the_Passion_Facade_of_the_Sagrada_Família/0/pictures/La_Sagrada_Familia_Kilisesi_Heykeller_by_Ozgur.JPG
Sagrada_Família,28023,0,commons/Sculpture_of_Denial_of_Peter_in_the_Passion_Facade_of_the_Sagrada_Família/0/pictures/Eixample_-_Sagrada_Família_-_20150828140608.jpg
Sagrada_Família,28023,0,"commons/Sculpture_of_Denial_of_Peter_in_the_Passion_Facade_of_the_Sagrada_Família/0/pictures/La_Sagrada_Família,_Barcelona_-_panoramio_(14).jpg"
Sagrada_Família,28023,0,commons/Sculpture_of_Denial_of_Peter_in_the_Passion_Facade_of_the_Sagrada_Família/0/pictures/Eixample_-_Sagrada_Família_-_20150828140722.jpg
Sagrada_Família,28023,0,commons/Sculpture_of_Denial_of_Peter_in_the_Passion_Facade_of_the_Sagrada_Família/0/pictures/Detail_of_the_entrance_to_the_Sagrada_Familia.jpg
Sagrada_Família,28023,0,commons/Sculpture_of_Denial_of_Peter_in_the_Passion_Facade_of_the_Sagrada_Família/0/pictures/Barcelona_Sagrada_Familia_sculptures_Passion_facade_04.jpg
Sagrada_Família,28023,0,"commons/Sculpture_of_Denial_of_Peter_in_the_Passion_Facade_of_the_Sagrada_Família/0/pictures/043_Sagrada_Família,_façana_de_la_Passió,_la_negació_de_Sant_Pere.jpg"
Sagrada_Família,28023,0,commons/Sculpture_of_Denial_of_Peter_in_the_Passion_Facade_of_the_Sagrada_Família/0/pictures/Denial_of_Peter_-_Sagrada_Familia_-_Barcelona_2014.JPG
Sagrada_Família,28023,0,commons/Sculpture_of_Denial_of_Peter_in_the_Passion_Facade_of_the_Sagrada_Família/0/pictures/Barcelona_Sagrada_Familia_sculptures_Passion_facade_2017_04.jpg
Sagrada_Família,28023,0,"commons/Sculpture_of_Denial_of_Peter_in_the_Passion_Facade_of_the_Sagrada_Família/0/pictures/Barcelona_-_La_Sagrada_Família_-_Passion_Façade_-_Cock,_Women_&_Peter_in_Sorrow.jpg"
Sagrada_Família,28023,0,commons/Sculpture_of_Crucifixion_of_Christ_at_the_Passion_Facade_of_the_Sagrada_Família/0/pictures/Unique_art_at_the_Sagrada_Familia.jpg
Sagrada_Família,28023,0,commons/Sculpture_of_Crucifixion_of_Christ_at_the_Passion_Facade_of_the_Sagrada_Família/0/pictures/The_Passion_on_the_Sagrada_Família.jpg
Sagrada_Família,28023,0,"commons/Sculpture_of_Denial_of_Peter_in_the_Passion_Facade_of_the_Sagrada_Família/0/pictures/042_Sagrada_Família,_façana_de_la_Passió,_al_fons_el_claustre.jpg"
Sagrada_Família,28023,0,commons/Sculpture_of_Crucifixion_of_Christ_at_the_Passion_Facade_of_the_Sagrada_Família/0/pictures/Vel_esquinçat.jpg
Sagrada_Família,28023,0,commons/Sculpture_of_Denial_of_Peter_in_the_Passion_Facade_of_the_Sagrada_Família/0/pictures/2001-09-18_Sagrada_Família_09180010.jpg
Sagrada_Família,28023,0,commons/Sculpture_of_Crucifixion_of_Christ_at_the_Passion_Facade_of_the_Sagrada_Família/0/pictures/Untitled_-_panoramio_-_roadmap_(8).jpg
Sagrada_Família,28023,0,commons/Sculpture_of_Crucifixion_of_Christ_at_the_Passion_Facade_of_the_Sagrada_Família/0/pictures/WLM14ES_-_Barcelona_Fachada_de_la_pasion_456_04_de_julio_de_2011_-_.jpg
Sagrada_Família,28023,0,commons/Sculpture_of_Crucifixion_of_Christ_at_the_Passion_Facade_of_the_Sagrada_Família/0/pictures/Segrada_Familia_Barcelona_(7564248528).jpg
Sagrada_Família,28023,0,commons/Sculpture_of_Crucifixion_of_Christ_at_the_Passion_Facade_of_the_Sagrada_Família/0/pictures/Temple_Expiatori_de_la_Sagrada_Família_(Barcelona)_-_94.jpg
Sagrada_Família,28023,0,commons/Sculpture_of_Crucifixion_of_Christ_at_the_Passion_Facade_of_the_Sagrada_Família/0/pictures/Segrada_Familia_Barcelona_(7564244608).jpg
Sagrada_Família,28023,0,commons/Sculpture_of_Crucifixion_of_Christ_at_the_Passion_Facade_of_the_Sagrada_Família/0/pictures/Segrada_Familia_2016-178.jpg
Sagrada_Família,28023,0,commons/Sculpture_of_Crucifixion_of_Christ_at_the_Passion_Facade_of_the_Sagrada_Família/0/pictures/Segrada_Familia_2016-177.jpg
Sagrada_Família,28023,0,"commons/Sculpture_of_Crucifixion_of_Christ_at_the_Passion_Facade_of_the_Sagrada_Família/0/pictures/Sculptures_in_the_Passion_Facade_of_the_Sagrada_Família,_February_2013_-_06.JPG"
Sagrada_Família,28023,0,"commons/Sculpture_of_Crucifixion_of_Christ_at_the_Passion_Facade_of_the_Sagrada_Família/0/pictures/Sagrada_Familia,_Barcelona_(Ank_Kumar)_07.jpg"
Sagrada_Família,28023,0,commons/Sculpture_of_Crucifixion_of_Christ_at_the_Passion_Facade_of_the_Sagrada_Família/0/pictures/Sagrada_Familia034.jpg
Sagrada_Família,28023,0,commons/Sculpture_of_Crucifixion_of_Christ_at_the_Passion_Facade_of_the_Sagrada_Família/0/pictures/Sagrada_Família_3_-_panoramio.jpg
Sagrada_Família,28023,0,commons/Sculpture_of_Crucifixion_of_Christ_at_the_Passion_Facade_of_the_Sagrada_Família/0/pictures/Sagrada_Família_3.jpg
Sagrada_Família,28023,0,commons/Sculpture_of_Crucifixion_of_Christ_at_the_Passion_Facade_of_the_Sagrada_Família/0/pictures/Sagrada_Familia021.jpg
Sagrada_Família,28023,0,"commons/Sculpture_of_Crucifixion_of_Christ_at_the_Passion_Facade_of_the_Sagrada_Família/0/pictures/Sagrada_Familia,_Barcelona_(1805425544).jpg"
Sagrada_Família,28023,0,commons/Sculpture_of_Crucifixion_of_Christ_at_the_Passion_Facade_of_the_Sagrada_Família/0/pictures/Sagrada_Familia_La_Passion.JPG
Sagrada_Família,28023,0,commons/Sculpture_of_Crucifixion_of_Christ_at_the_Passion_Facade_of_the_Sagrada_Família/0/pictures/Sagrada_Familia_(July_2022)_12.jpg
Sagrada_Família,28023,0,commons/Sculpture_of_Crucifixion_of_Christ_at_the_Passion_Facade_of_the_Sagrada_Família/0/pictures/Sagrada_Familia_crucifixion.jpg
Sagrada_Família,28023,0,commons/Sculpture_of_Crucifixion_of_Christ_at_the_Passion_Facade_of_the_Sagrada_Família/0/pictures/Sagrada_Familia_Escultura_Cristo.jpg
Sagrada_Família,28023,0,commons/Sculpture_of_Crucifixion_of_Christ_at_the_Passion_Facade_of_the_Sagrada_Família/0/pictures/Sagrada_Familia_Construcción_v.jpg
Sagrada_Família,28023,0,"commons/Sculpture_of_Crucifixion_of_Christ_at_the_Passion_Facade_of_the_Sagrada_Família/0/pictures/Sagrada_Familia_Basilica,_Barcelona_02.jpg"
Sagrada_Família,28023,0,"commons/Sculpture_of_Crucifixion_of_Christ_at_the_Passion_Facade_of_the_Sagrada_Família/0/pictures/Sagrada_Familia_Basilica,_Barcelona_03.jpg"
Sagrada_Família,28023,0,commons/Sculpture_of_Crucifixion_of_Christ_at_the_Passion_Facade_of_the_Sagrada_Família/0/pictures/Sagrada_Familia_0124.JPG
Sagrada_Família,28023,0,commons/Sculpture_of_Crucifixion_of_Christ_at_the_Passion_Facade_of_the_Sagrada_Família/0/pictures/Portale.jpg
Sagrada_Família,28023,0,commons/Sculpture_of_Crucifixion_of_Christ_at_the_Passion_Facade_of_the_Sagrada_Família/0/pictures/Sagrada_Familia_4.jpg
Sagrada_Família,28023,0,commons/Sculpture_of_Crucifixion_of_Christ_at_the_Passion_Facade_of_the_Sagrada_Família/0/pictures/Sagrada_Familia_(3403564928).jpg
Sagrada_Família,28023,0,commons/Sculpture_of_Crucifixion_of_Christ_at_the_Passion_Facade_of_the_Sagrada_Família/0/pictures/Sagrada_Familia_(3402755881).jpg
Sagrada_Família,28023,0,"commons/Sculpture_of_Crucifixion_of_Christ_at_the_Passion_Facade_of_the_Sagrada_Família/0/pictures/Passion_Facade_of_the_Sagrada_Família,_May_2013_-_14.JPG"
Sagrada_Família,28023,0,"commons/Western_Views_of_the_Sagrada_Família/0/pictures/Барселона._Саграда_2_февраля_2021_года,_время_приговора._4.jpg"
Sagrada_Família,28023,0,commons/Four_evangelists_towers_of_the_Sagrada_Família/0/pictures/Sagrada_barcelona.jpg
Sagrada_Família,28023,0,commons/Western_Views_of_the_Sagrada_Família/0/pictures/Lascar_Passion_façade_-_Sagrada_Familia_(4469838906).jpg
Sagrada_Família,28023,0,commons/Exterior_of_the_Sagrada_Família/0/pictures/Sagrada_Família_in_2021.07.jpg
Sagrada_Família,28023,0,commons/Western_Views_of_the_Sagrada_Família/0/pictures/Exterior_of_the_Sagrada_Família_06.jpg
Sagrada_Família,28023,0,commons/Exterior_of_the_Sagrada_Família/0/pictures/Sagrada_Família_in_2021.05.jpg
Sagrada_Família,28023,0,commons/Western_Views_of_the_Sagrada_Família/0/pictures/Sagrada_Familia_(8062266004).jpg
Sagrada_Família,28023,0,commons/Exterior_of_the_Sagrada_Família/0/pictures/Sagrada_front.jpg
Sagrada_Família,28023,0,commons/Western_Views_of_the_Sagrada_Família/0/pictures/Catalunya_2013_Barcelona_028.JPG
Sagrada_Família,28023,0,commons/Exterior_of_the_Sagrada_Família/0/pictures/Exterior_of_the_Sagrada_Família_56.jpg
Sagrada_Família,28023,0,commons/Remote_views_of_the_Apse_of_the_Sagrada_Família/0/pictures/15-10-28-Sagrada_Familia-WMA_3119.jpg
Sagrada_Família,28023,0,commons/Western_Views_of_the_Sagrada_Família/0/pictures/Exterior_of_the_Sagrada_Família_04.jpg
Sagrada_Família,28023,0,commons/Exterior_of_the_Sagrada_Família/0/pictures/ES_Barcelona_0711_(28)_(17208659376).jpg
Sagrada_Família,28023,0,commons/Western_Views_of_the_Sagrada_Família/0/pictures/Exterior_Sagrada_Família2.jpg
Sagrada_Família,28023,0,commons/Exterior_of_the_Sagrada_Família/0/pictures/ES_Barcelona_0711_(27)_(17208659616).jpg
Sagrada_Família,28023,0,commons/Cloister_of_the_Sagrada_Família/0/pictures/Sagrada_familia_-_panoramio_(6).jpg
Sagrada_Família,28023,0,commons/Western_Views_of_the_Sagrada_Família/0/pictures/Barcelone_-_11_(8021373827).jpg
Sagrada_Família,28023,0,commons/Exterior_of_the_Sagrada_Família/0/pictures/ES_Barcelona_0711_(26)_(17027182907).jpg
Sagrada_Família,28023,0,commons/Western_Views_of_the_Sagrada_Família/0/pictures/Barcelona_3680.JPG
Sagrada_Família,28023,0,commons/Exterior_of_the_Sagrada_Família/0/pictures/Barcelone_-_2004-July_-_IMG0003.jpg
Sagrada_Família,28023,0,commons/Western_Views_of_the_Sagrada_Família/0/pictures/Barselona031.JPG
Sagrada_Família,28023,0,commons/Exterior_of_the_Sagrada_Família/0/pictures/Barcelona_-_Temple_Expiatori_de_la_Sagrada_Família_(9).jpg
Sagrada_Família,28023,0,"commons/Western_Views_of_the_Sagrada_Família/0/pictures/Barcelona,_Temple_de_la_Sagrada_Família,_by_Antoni_Gaudí_-_panoramio.jpg"
Sagrada_Família,28023,0,commons/Exterior_of_the_Sagrada_Família/0/pictures/2019_03_16_AIDA_Barcelona_(99).jpg
Sagrada_Família,28023,0,commons/Western_Views_of_the_Sagrada_Família/0/pictures/055-Sagrada-Familia.jpg
Sagrada_Família,28023,0,"commons/Exterior_of_the_Cloister_of_the_Sagrada_Família/0/pictures/West_side_of_the_Sagrada_Familia,_February_2013.jpg"
Sagrada_Família,28023,0,commons/Exterior_of_the_Cloister_of_the_Sagrada_Família/0/pictures/Temple_Expiatori_de_la_Sagrada_Família_02.jpg
Sagrada_Família,28023,0,commons/Exterior_of_the_Cloister_of_the_Sagrada_Família/0/pictures/WLM14ES_-_Barcelona_General_556_04_de_julio_de_2011_-_.jpg
Sagrada_Família,28023,0,commons/Western_Views_of_the_Nave_of_the_Sagrada_Família/0/pictures/Sagrada_Familia028.jpg
Sagrada_Família,28023,0,commons/Exterior_of_the_Cloister_of_the_Sagrada_Família/0/pictures/Exterior_of_the_Cloister_of_the_Sagrada_Família.jpg
Sagrada_Família,28023,0,commons/Portal_of_Faith_of_the_Sagrada_Família/0/pictures/Sagrada_de_familia_-_panoramio_-_Evgeniy_Metyolkin_(3).jpg
Sagrada_Família,28023,0,commons/Exterior_of_the_Cloister_of_the_Sagrada_Família/0/pictures/Barcelona_4114.JPG
Sagrada_Família,28023,0,commons/Portal_of_Faith_of_the_Sagrada_Família/0/pictures/BARCELONA_1992_-_panoramio.jpg
Sagrada_Família,28023,0,commons/Western_Views_of_the_Nave_of_the_Sagrada_Família/0/pictures/Barcelona_4113.JPG
Sagrada_Família,28023,0,commons/Exterior_of_the_Apse_of_the_Sagrada_Família/0/pictures/Готика_-_panoramio.jpg
Sagrada_Família,28023,0,commons/Portal_of_Charity_of_the_Sagrada_Família/0/pictures/Sagrada_Familia_(2807707499).jpg
Sagrada_Família,28023,0,commons/Exterior_of_the_Apse_of_the_Sagrada_Família/0/pictures/Σαγράδα_Φαμίλια_3395.jpg
Sagrada_Família,28023,0,commons/Portal_of_Charity_of_the_Sagrada_Família/0/pictures/Basílica_de_la_Sagrada_Familia_(23).jpg
Sagrada_Família,28023,0,commons/Exterior_of_the_Apse_of_the_Sagrada_Família/0/pictures/Temple_Expiatori_de_la_Sagrada_Familia.jpg
Sagrada_Família,28023,0,"commons/Portal_of_Charity_of_the_Sagrada_Família/0/pictures/Nativity_Facade,_Sagrada_Familia_-_panoramio_(1).jpg"
Sagrada_Família,28023,0,commons/Exterior_of_the_Apse_of_the_Sagrada_Família/0/pictures/Segrada_Familia_2016-206.jpg
Sagrada_Família,28023,0,commons/Portal_of_Charity_of_the_Sagrada_Família/0/pictures/Close_Up_of_the_Art_Work_in_Basílica_de_la_Sagrada_Família.png
Sagrada_Família,28023,0,commons/Exterior_of_the_Apse_of_the_Sagrada_Família/0/pictures/Side_Sagrada_Familia.JPG
Sagrada_Família,28023,0,"commons/Portal_of_Charity_of_the_Sagrada_Família/0/pictures/Barcelona_-_La_Sagrada_Família_-_Nativity_Façade_-_Legendary_Coronation_of_Mother_Mary,_Gabriel_&_Mary,_Star_of_Bethlehem,_Joyous_Angels,_Musicians,_Father_Joseph,_Mother_Mary,_Ox,_Donkey,_Child_Jesus.jpg"
Sagrada_Família,28023,0,commons/West_sacristy_of_the_Sagrada_Família/0/pictures/Sagrada_Família_-_Flickr_-_tgrauros.jpg
Sagrada_Família,28023,0,commons/Exterior_of_the_Apse_of_the_Sagrada_Família/0/pictures/SagradaFamiliaNordfassade.jpg
Sagrada_Família,28023,0,commons/Portal_of_Charity_of_the_Sagrada_Família/0/pictures/Barcelona_-_panoramio_(254).jpg
Sagrada_Família,28023,0,commons/West_sacristy_of_the_Sagrada_Família/0/pictures/Sagrada_Família_-_Barcelona_-_Desembre_2015_-_01.JPG
Sagrada_Família,28023,0,commons/Exterior_of_the_Apse_of_the_Sagrada_Família/0/pictures/Sagrada_familia_Barcelona.jpg
Sagrada_Família,28023,0,commons/Portal_of_Charity_of_the_Sagrada_Família/0/pictures/Barcelona_-_panoramio.jpg
Sagrada_Família,28023,0,commons/West_sacristy_of_the_Sagrada_Família/0/pictures/Sagrada_Família.06.jpg
Sagrada_Família,28023,0,"commons/Exterior_of_the_Apse_of_the_Sagrada_Família/0/pictures/Sagrada_Família,_Basilica_and_Expiatory_Church_of_the_Holy_Family_(Basílica_i_Temple_Expiatori_de_la_Sagrada_Família)_(_UNESCO_World_Heritage_Site)_as_seen_from_Carrer_Provença._Barcelona,_Catalonia,_Spain.jpg"
Sagrada_Família,28023,0,commons/Portal_of_Charity_of_the_Sagrada_Família/0/pictures/Barcelona_-_panoramio_(253).jpg
Sagrada_Família,28023,0,commons/Exterior_of_the_Apse_of_the_Sagrada_Família/0/pictures/Sagrada_familia_-_barcelona_-_panoramio_(1).jpg
Sagrada_Família,28023,0,commons/Portal_of_Charity_of_the_Sagrada_Família/0/pictures/Barcelona_-_Plaça_de_Gaudí_-_View_WSW_on_Centre_of_the_Nativity_Façade.jpg
Sagrada_Família,28023,0,commons/Exterior_of_the_Apse_of_the_Sagrada_Família/0/pictures/Sagrada_Família_under_Construction_-_2013.07_-_panoramio.jpg
Sagrada_Família,28023,0,"commons/Portal_of_Charity_of_the_Sagrada_Família/0/pictures/Barcelona_-_La_Sagrada_Família_-_Upward_View_on_Nativity_Façade_-_Four_'Apostle'-Towers,_Christmas_Tree,_Legendary_Coronation_of_Mother_Mary,_Annuciation_by_Angel_Gabriel_to_Mary,_Four_Trumpeting_Angels.jpg"
Sagrada_Família,28023,0,commons/Exterior_of_the_Apse_of_the_Sagrada_Família/0/pictures/Sagrada_Família_-_2011_Apse_06.jpg
Sagrada_Família,28023,0,"commons/Portal_of_Charity_of_the_Sagrada_Família/0/pictures/068_Sagrada_Família,_façana_del_Naixement,_porta_de_la_Caritat,_Anunciació_i_cor_d'àngels.jpg"
Sagrada_Família,28023,0,commons/Exterior_of_the_Apse_of_the_Sagrada_Família/0/pictures/Sagrada_Família_-_Flickr_-_tgrauros.jpg
Sagrada_Família,28023,0,commons/Portal_of_Charity_of_the_Sagrada_Família/0/pictures/Arco_Ogival_na_Catedral_da_Sagrada_Família.jpg
Sagrada_Família,28023,0,commons/West_sacristy_of_the_Sagrada_Família/0/pictures/SF_-_Sacristía.jpg
Sagrada_Família,28023,0,commons/Exterior_of_the_Apse_of_the_Sagrada_Família/0/pictures/Sagrada_Família_-_2011_Apse_01.jpg
Sagrada_Família,28023,0,commons/Exterior_of_the_Apse_of_the_Sagrada_Família/0/pictures/Sagrada_Família_-_2011_Apse_02.jpg
Sagrada_Família,28023,0,commons/Exterior_of_the_Apse_of_the_Sagrada_Família/0/pictures/Sagrada_Familia012.jpg
Sagrada_Família,28023,0,commons/West_sacristy_of_the_Sagrada_Família/0/pictures/Exterior_of_the_Sagrada_Família_40.jpg
Sagrada_Família,28023,0,commons/Exterior_of_the_Apse_of_the_Sagrada_Família/0/pictures/Sagrada_Familia011.jpg
Sagrada_Família,28023,0,commons/West_sacristy_of_the_Sagrada_Família/0/pictures/Exterior_of_the_Sagrada_Família_39.jpg
Sagrada_Família,28023,0,commons/Exterior_of_the_Apse_of_the_Sagrada_Família/0/pictures/Sagrada_Familia017.jpg
Sagrada_Família,28023,0,commons/West_sacristy_of_the_Sagrada_Família/0/pictures/Exterior_of_the_Sagrada_Família_38.jpg
Sagrada_Família,28023,0,"commons/Exterior_of_the_Apse_of_the_Sagrada_Família/0/pictures/Sagrada_Familia,_Barcelona,_España_-_panoramio_(6).jpg"
Sagrada_Família,28023,0,commons/West_sacristy_of_the_Sagrada_Família/0/pictures/Basilique_Sagrada_Familia_façade_sud_ouest_Barcelone_2.jpg
Sagrada_Família,28023,0,commons/Exterior_of_the_Apse_of_the_Sagrada_Família/0/pictures/Sagrada_Familia_Dome.JPG
Sagrada_Família,28023,0,commons/West_sacristy_of_the_Sagrada_Família/0/pictures/2017_Absis_Sagrada_Familia_01.jpg
Sagrada_Família,28023,0,commons/Exterior_of_the_Apse_of_the_Sagrada_Família/0/pictures/Sagrada_Familia_-_2014_-_construction.JPG
Sagrada_Família,28023,0,commons/Exterior_of_the_Apse_of_the_Sagrada_Família/0/pictures/SAGRADA_FAMILIA.3.BARCELONA_-_panoramio.jpg
Sagrada_Família,28023,0,commons/Exterior_of_the_Apse_of_the_Sagrada_Família/0/pictures/SF_-_Ábside.jpg
Sagrada_Família,28023,0,commons/Exterior_of_the_Apse_of_the_Sagrada_Família/0/pictures/SF_ábside_2021.jpg
Sagrada_Família,28023,0,"commons/Exterior_of_the_Apse_of_the_Sagrada_Família/0/pictures/Passion_Facade_of_the_Sagrada_Família,_May_2013_-_07.JPG"
Sagrada_Família,28023,0,commons/West_sacristy_of_the_Sagrada_Família/0/pictures/15-10-28-Sagrada_Familia-WMA_3122.jpg
Sagrada_Família,28023,0,commons/Exterior_of_the_Apse_of_the_Sagrada_Família/0/pictures/SF_-_Ábside1.jpg
Sagrada_Família,28023,0,commons/Exterior_of_the_Apse_of_the_Sagrada_Família/0/pictures/La_Sagrada_Familia_from_the_bus_-_panoramio.jpg
Sagrada_Família,28023,0,"commons/Exterior_of_the_Apse_of_the_Sagrada_Família/0/pictures/La_Sagrada_Familia,_Barcelona,_Spain_-_panoramio_(66).jpg"
Sagrada_Família,28023,0,commons/Exterior_of_the_Apse_of_the_Sagrada_Família/0/pictures/Barcelona_4099.JPG
Sagrada_Família,28023,0,commons/Exterior_of_the_Apse_of_the_Sagrada_Família/0/pictures/Barcelona_2015_10_12_0210_(22818686429).jpg
Sagrada_Família,28023,0,commons/Exterior_of_the_Apse_of_the_Sagrada_Família/0/pictures/Barcelona_-_Carrer_de_Provença_-_View_SE_on_'Dolors'_Rose_Window_from_outside.jpg
Sagrada_Família,28023,0,commons/Views_of_the_Sagrada_Família_from_the_Plaça_de_Gaudí/0/pictures/Barcelona_Sagrada_Familia_2019_64.jpg
Sagrada_Família,28023,0,"commons/Eastern_Views_of_the_Sagrada_Família_at_night/0/pictures/La_Sagrada_Familia,_Barcelona_(8994062453).jpg"
Sagrada_Família,28023,0,"commons/Passion_facade_towers_of_the_Sagrada_Família/0/pictures/Templo_Expiatorio_de_la_Sagrada_Familia,_2013_(3).JPG"
Sagrada_Família,28023,0,commons/Views_of_the_Sagrada_Família_from_the_Plaça_de_Gaudí/0/pictures/Barcelona_-_Plaça_de_Gaudí_-_View_SW_on_La_Sagrada_Família_II.jpg
Sagrada_Família,28023,0,commons/Eastern_Views_of_the_Sagrada_Família/0/pictures/Visita_a_la_Sagrada_Familia_en_Barcelona_(13978597412).jpg
Sagrada_Família,28023,0,commons/Passion_facade_towers_of_the_Sagrada_Família/0/pictures/Sagrada_familia-barcelona_-_panoramio_(9).jpg
Sagrada_Família,28023,0,commons/Eastern_Views_of_the_Sagrada_Família_at_night/0/pictures/Barcelona_Tres_-_009_(3466918784).jpg
Sagrada_Família,28023,0,commons/Passion_facade_towers_of_the_Sagrada_Família/0/pictures/Sagrada_familia_(7567086892).jpg
Sagrada_Família,28023,0,commons/Eastern_Views_of_the_Sagrada_Família_at_night/0/pictures/Barcelona_Iglesia_Sagrada_Familia_02.jpg
Sagrada_Família,28023,0,commons/Passion_facade_towers_of_the_Sagrada_Família/0/pictures/Sagrada_familia_1.jpg
Sagrada_Família,28023,0,commons/Eastern_Views_of_the_Sagrada_Família/0/pictures/Барселона_-_panoramio_(58).jpg
Sagrada_Família,28023,0,commons/Eastern_Views_of_the_Sagrada_Família/0/pictures/Σαγράδα_Φαμίλια_3434.jpg
Sagrada_Família,28023,0,commons/Passion_facade_towers_of_the_Sagrada_Família/0/pictures/Sagrada_familia-barcelona_-_panoramio_(13).jpg
Sagrada_Família,28023,0,commons/Eastern_Views_of_the_Sagrada_Família/0/pictures/Sagrada_Família._Façana_del_Naixement_(cropped).jpg
Sagrada_Família,28023,0,commons/Passion_facade_towers_of_the_Sagrada_Família/0/pictures/Sagrada_familia_243.jpg
Sagrada_Família,28023,0,commons/Eastern_Views_of_the_Sagrada_Família/0/pictures/사그라다파밀리아성당2.jpg
Sagrada_Família,28023,0,commons/Passion_facade_towers_of_the_Sagrada_Família/0/pictures/Sagrada1992d.jpg
Sagrada_Família,28023,0,"commons/Eastern_Views_of_the_Sagrada_Família/0/pictures/Sagrada_Família,_Plaça_de_Gaudí,_Barcelona,_España_-_panoramio_(1).jpg"
Sagrada_Família,28023,0,commons/Eastern_Views_of_the_Sagrada_Família/0/pictures/Sagrada_familia-barcelona_-_panoramio_(6).jpg
Sagrada_Família,28023,0,commons/Passion_facade_towers_of_the_Sagrada_Família/0/pictures/Sagrada_Familia167.jpg
Sagrada_Família,28023,0,commons/Eastern_Views_of_the_Sagrada_Família/0/pictures/Sagrada_familia-barcelona_-_panoramio_(4).jpg
Sagrada_Família,28023,0,commons/Passion_facade_towers_of_the_Sagrada_Família/0/pictures/Sagrada_familia_facciata_della_passione.JPG
Sagrada_Família,28023,0,commons/Eastern_Views_of_the_Sagrada_Família/0/pictures/Sagrada_familia-_barcelona_-_panoramio.jpg
Sagrada_Família,28023,0,"commons/Eastern_Views_of_the_Sagrada_Família/0/pictures/Spain_-_Barcelona,_La_Sagrada_Família_-_panoramio_(1).jpg"
Sagrada_Família,28023,0,commons/Passion_facade_towers_of_the_Sagrada_Família/0/pictures/Sagrada_barcelona.jpg
Sagrada_Família,28023,0,commons/Eastern_Views_of_the_Sagrada_Família/0/pictures/Sagrada_Família_-_panoramio_(4).jpg
Sagrada_Família,28023,0,commons/Passion_facade_towers_of_the_Sagrada_Família/0/pictures/Sagrada_Familia2009.JPG
Sagrada_Família,28023,0,commons/Eastern_Views_of_the_Sagrada_Família/0/pictures/Sagrada_Família_-_2011_nativity_facade.jpg
Sagrada_Família,28023,0,commons/Passion_facade_towers_of_the_Sagrada_Família/0/pictures/Sagrada_Familia160.jpg
Sagrada_Família,28023,0,commons/Eastern_Views_of_the_Sagrada_Família/0/pictures/Sagrada_Família_(218423381).jpeg
Sagrada_Família,28023,0,commons/Passion_facade_towers_of_the_Sagrada_Família/0/pictures/Sagrada_Familia043.jpg
Sagrada_Família,28023,0,commons/Eastern_Views_of_the_Sagrada_Família/0/pictures/Sagrada_Familia_en_Barcelona_(9244647853).jpg
Sagrada_Família,28023,0,commons/Passion_facade_towers_of_the_Sagrada_Família/0/pictures/Sagrada_Familia007.jpg
Sagrada_Família,28023,0,commons/Eastern_Views_of_the_Sagrada_Família/0/pictures/Sagrada_Familia_0102.JPG
Sagrada_Família,28023,0,commons/Passion_facade_towers_of_the_Sagrada_Família/0/pictures/Sagrada_Familia013.jpg
Sagrada_Família,28023,0,commons/Eastern_Views_of_the_Sagrada_Família/0/pictures/Sagrada_Familia_8-12-21_(1)_(cropped_3_to_2).jpg
Sagrada_Família,28023,0,commons/Eastern_Views_of_the_Sagrada_Família/0/pictures/La_Sagrada_Familia_(7852724058).jpg
Sagrada_Família,28023,0,"commons/Passion_facade_towers_of_the_Sagrada_Família/0/pictures/Sagrada_Familia,_Passion_Facade_(10)_(31151626022).jpg"
Sagrada_Família,28023,0,commons/Eastern_Views_of_the_Sagrada_Família/0/pictures/La_sagrada_famiglia_-_panoramio.jpg
Sagrada_Família,28023,0,"commons/Passion_facade_towers_of_the_Sagrada_Família/0/pictures/Sagrada_Familia,_May_7,_2013_-_panoramio_(1).jpg"
Sagrada_Família,28023,0,commons/Eastern_Views_of_the_Sagrada_Família/0/pictures/Nativity_Facade_of_the_Sagrada_Família_0796.jpg
Sagrada_Família,28023,0,"commons/Passion_facade_towers_of_the_Sagrada_Família/0/pictures/Sagrada_Familia,_May_7,_2013_-_panoramio.jpg"
Sagrada_Família,28023,0,commons/Eastern_Views_of_the_Sagrada_Família/0/pictures/La_sagrada_Familia.JPG
Sagrada_Família,28023,0,commons/Passion_facade_towers_of_the_Sagrada_Família/0/pictures/Sagrada_Familia_Towers_(3402747129).jpg
Sagrada_Família,28023,0,commons/Eastern_Views_of_the_Sagrada_Família/0/pictures/La_sagrada_Familia_barcelona_Spain_2015.JPG
Sagrada_Família,28023,0,commons/Passion_facade_towers_of_the_Sagrada_Família/0/pictures/Sagrada_Familia_Building_Site_(5839510982).jpg
Sagrada_Família,28023,0,commons/Eastern_Views_of_the_Sagrada_Família/0/pictures/La_Sagrada_Familia_(8841823155).jpg
Sagrada_Família,28023,0,commons/Eastern_Views_of_the_Sagrada_Família/0/pictures/La_Sagrada_Familia_(7852725592).jpg
Sagrada_Família,28023,0,"commons/Eastern_Views_of_the_Sagrada_Família/0/pictures/Fachada_del_Nacimiento_-_Templo_de_la_Sagrada_Família,_Barcelona_4.jpg"
Sagrada_Família,28023,0,commons/Passion_facade_towers_of_the_Sagrada_Família/0/pictures/Sagrada_Familia_378.jpg
Sagrada_Família,28023,0,"commons/Eastern_Views_of_the_Sagrada_Família/0/pictures/Fachada_del_Nacimiento_-_Templo_de_la_Sagrada_Família,_Barcelona_3.jpg"
Sagrada_Família,28023,0,commons/Passion_facade_towers_of_the_Sagrada_Família/0/pictures/Sagrada_Familia_03.jpg
Sagrada_Família,28023,0,"commons/Eastern_Views_of_the_Sagrada_Família/0/pictures/Fachada_del_Nacimiento_-_Templo_de_la_Sagrada_Família,_Barcelona_2.jpg"
Sagrada_Família,28023,0,commons/Passion_facade_towers_of_the_Sagrada_Família/0/pictures/Sagrada_Familia_Barcelona_2007_-_panoramio.jpg
Sagrada_Família,28023,0,commons/Eastern_Views_of_the_Sagrada_Família/0/pictures/Exterior_of_the_Sagrada_Família_50.jpg
Sagrada_Família,28023,0,commons/Passion_facade_towers_of_the_Sagrada_Família/0/pictures/Sagrada_Familia_-_panoramio_-_patano.jpg
Sagrada_Família,28023,0,commons/Eastern_Views_of_the_Sagrada_Família/0/pictures/ES-BCN-sagr-fam-01.jpg
Sagrada_Família,28023,0,"commons/Passion_facade_towers_of_the_Sagrada_Família/0/pictures/Sagrada_Familia_Basilica,_Barcelona_09.jpg"
Sagrada_Família,28023,0,commons/Eastern_Views_of_the_Sagrada_Família/0/pictures/Exterior_of_the_Sagrada_Família_47.jpg
Sagrada_Família,28023,0,commons/Passion_facade_towers_of_the_Sagrada_Família/0/pictures/Sagrada_Familia_2009.JPG
Sagrada_Família,28023,0,commons/Eastern_Views_of_the_Sagrada_Família/0/pictures/Exterior_of_the_Sagrada_Família_03.jpg
Sagrada_Família,28023,0,commons/Passion_facade_towers_of_the_Sagrada_Família/0/pictures/Sagrada_Familia_-_panoramio_(31).jpg
Sagrada_Família,28023,0,commons/Eastern_Views_of_the_Sagrada_Família/0/pictures/Exterior_of_the_Sagrada_Família_01.jpg
Sagrada_Família,28023,0,commons/Eastern_Views_of_the_Sagrada_Família/0/pictures/Exterior_of_the_Sagrada_Família_49.jpg
Sagrada_Família,28023,0,commons/Passion_facade_towers_of_the_Sagrada_Família/0/pictures/Sagrada_Familia_1.jpg
Sagrada_Família,28023,0,commons/Eastern_Views_of_the_Sagrada_Família/0/pictures/Exterior_de_la_Sagrada_Família.jpg
Sagrada_Família,28023,0,commons/Views_of_the_Sagrada_Família_from_Casa_Milà/0/pictures/Sagrada_Família_from_Casa_Milà.JPG
Sagrada_Família,28023,0,commons/Eastern_Views_of_the_Sagrada_Família/0/pictures/Exterior_de_la_Sagrada_Família_01.jpg
Sagrada_Família,28023,0,commons/Eastern_Views_of_the_Sagrada_Família/0/pictures/Exterior_de_la_Sagrada_Família_02.jpg
Sagrada_Família,28023,0,commons/Passion_facade_towers_of_the_Sagrada_Família/0/pictures/Sagrada_Familia_-_Barcalona_-_2013_-_panoramio_(1).jpg
Sagrada_Família,28023,0,commons/Views_of_the_Sagrada_Família_from_Casa_Milà/0/pictures/Sagrada_Família_from_Casa_Milà_(4).JPG
Sagrada_Família,28023,0,commons/Eastern_Views_of_the_Sagrada_Família/0/pictures/Exterior_Sagrada_Família3.jpg
Sagrada_Família,28023,0,commons/Passion_facade_towers_of_the_Sagrada_Família/0/pictures/Sagrada_Familia_-_panoramio_(34).jpg
Sagrada_Família,28023,0,commons/Eastern_Views_of_the_Sagrada_Família/0/pictures/Catedral_de_la_Sagrada_Familia_Panorama_2.jpg
Sagrada_Família,28023,0,commons/Passion_facade_towers_of_the_Sagrada_Família/0/pictures/SF_Passió_2016.jpg
Sagrada_Família,28023,0,commons/Eastern_Views_of_the_Sagrada_Família/0/pictures/Construction_Sagrada_Familia_Cathedral_Barcelona_(120219541).jpeg
Sagrada_Família,28023,0,commons/Passion_facade_towers_of_the_Sagrada_Família/0/pictures/SAGRADA_FAMILIA.3.BARCELONA_-_panoramio.jpg
Sagrada_Família,28023,0,commons/Eastern_Views_of_the_Sagrada_Família/0/pictures/Barcelona_Tourism.jpg
Sagrada_Família,28023,0,commons/Passion_facade_towers_of_the_Sagrada_Família/0/pictures/Sagrada_Familia_-_Barcelona_-_panoramio.jpg
Sagrada_Família,28023,0,commons/Eastern_Views_of_the_Sagrada_Família/0/pictures/Barcelona_Sagrada_Familia_-_kościół_Świętej_Rodziny_-_panoramio_-_krysi@_(2).jpg
Sagrada_Família,28023,0,commons/Passion_facade_towers_of_the_Sagrada_Família/0/pictures/Sagrada_Familia_-_Barcalona_-_2013_-_panoramio_(2).jpg
Sagrada_Família,28023,0,commons/Eastern_Views_of_the_Sagrada_Família/0/pictures/2009-08-15-outside-of-sagrada-familia-nativity.jpg
Sagrada_Família,28023,0,commons/Eastern_Views_of_the_Sagrada_Família/0/pictures/2019_03_16_AIDA_Barcelona_(98).jpg
Sagrada_Família,28023,0,commons/Passion_facade_towers_of_the_Sagrada_Família/0/pictures/La_Sagrada_Familia.jpg
Sagrada_Família,28023,0,commons/Eastern_Views_of_the_Sagrada_Família/0/pictures/Barcelona_-_Temple_Expiatori_de_la_Sagrada_Família_(2).jpg
Sagrada_Família,28023,0,commons/Passion_facade_towers_of_the_Sagrada_Família/0/pictures/La_Sagrada_Familia_from_the_bus_-_panoramio.jpg
Sagrada_Família,28023,0,commons/Eastern_Views_of_the_Nave_of_the_Sagrada_Família/0/pictures/Sagrada_familia_-_panoramio_(3).jpg
Sagrada_Família,28023,0,commons/Eastern_Views_of_the_Nave_of_the_Sagrada_Família/0/pictures/Sagrada_Família_2013_-_Claustre_carrer_Marina.JPG
Sagrada_Família,28023,0,commons/Passion_facade_towers_of_the_Sagrada_Família/0/pictures/La_Sagrada_Familia_(7852719620).jpg
Sagrada_Família,28023,0,commons/Eastern_Views_of_the_Nave_of_the_Sagrada_Família/0/pictures/Sagrada_familia_(7567077428).jpg
Sagrada_Família,28023,0,commons/Passion_facade_towers_of_the_Sagrada_Família/0/pictures/La_Sagrada_Familia_(7852731872).jpg
Sagrada_Família,28023,0,commons/Eastern_Views_of_the_Nave_of_the_Sagrada_Família/0/pictures/Sagrada_Familial_Février_2013_3.JPG
Sagrada_Família,28023,0,commons/Passion_facade_towers_of_the_Sagrada_Família/0/pictures/Katedra_sagrada_familia_-_panoramio_-_zbylon_(2).jpg
Sagrada_Família,28023,0,commons/Eastern_Views_of_the_Nave_of_the_Sagrada_Família/0/pictures/Sagrada_Familial_Février_2013.JPG
Sagrada_Família,28023,0,commons/Eastern_Views_of_the_Nave_of_the_Sagrada_Família/0/pictures/SF_-_Claustro.jpg
Sagrada_Família,28023,0,commons/Eastern_Views_of_the_Nave_of_the_Sagrada_Família/0/pictures/Sagrada_Familia_Barcelona_429.JPG
Sagrada_Família,28023,0,"commons/Eastern_Views_of_the_Nave_of_the_Sagrada_Família/0/pictures/Nativity_Facade_of_the_Sagrada_Família,_May_2013_-_09.JPG"
Sagrada_Família,28023,0,commons/Passion_facade_towers_of_the_Sagrada_Família/0/pictures/Eixample_-_Sagrada_Família_-_20150828105803.jpg
Sagrada_Família,28023,0,commons/Eastern_Views_of_the_Nave_of_the_Sagrada_Família/0/pictures/La_sagrada_Familia.JPG
Sagrada_Família,28023,0,"commons/Passion_facade_towers_of_the_Sagrada_Família/0/pictures/El_Camp_de_l'Arpa_del_Clot,_Barcelona,_Spain_-_panoramio_(1).jpg"
Sagrada_Família,28023,0,commons/Eastern_Views_of_the_Nave_of_the_Sagrada_Família/0/pictures/Fale_-_Spain_-_Barcelona_-_131.jpg
Sagrada_Família,28023,0,commons/Eastern_Views_of_the_Nave_of_the_Sagrada_Família/0/pictures/Eixample_-_Sagrada_Família_-_20150828110552.jpg
Sagrada_Família,28023,0,commons/Passion_facade_towers_of_the_Sagrada_Família/0/pictures/Basílica_de_la_Sagrada_Familia_(1).jpg
Sagrada_Família,28023,0,commons/Eastern_Views_of_the_Nave_of_the_Sagrada_Família/0/pictures/Cloister_of_the_Sagrada_Família_(mallorca_marina)_2.JPG
Sagrada_Família,28023,0,commons/Eastern_Views_of_the_Nave_of_the_Sagrada_Família/0/pictures/Barcelona_2015_10_12_0241_(22559512203).jpg
Sagrada_Família,28023,0,commons/Passion_facade_towers_of_the_Sagrada_Família/0/pictures/Barcelona-00188.jpg
Sagrada_Família,28023,0,commons/East_sacristy_of_the_Sagrada_Família/0/pictures/Sagrada_Familia-01.jpg
Sagrada_Família,28023,0,commons/Passion_facade_towers_of_the_Sagrada_Família/0/pictures/Barcelona_2013_(11732967583).jpg
Sagrada_Família,28023,0,commons/Eastern_Views_of_the_Nave_of_the_Sagrada_Família/0/pictures/Barcelona_-_Plaça_de_Gaudí_-_View_SW_on_La_Sagrada_Família_I.jpg
Sagrada_Família,28023,0,commons/Passion_facade_towers_of_the_Sagrada_Família/0/pictures/Barcelona_2006_(2844609777).jpg
Sagrada_Família,28023,0,commons/Doors_of_the_Charity_at_the_Nativity_Facade_of_the_Sagrada_Família/0/pictures/Basílica_de_la_Sagrada_Familia_(23).jpg
Sagrada_Família,28023,0,commons/Passion_Facade_of_the_Sagrada_Família/0/pictures/TEMPLE_EXPIATORI_DE_LA_SAGRADA_FAMÍLIA_24012021_(1)_20.jpg
Sagrada_Família,28023,0,commons/Door_of_the_Crowning_with_Thorns_at_the_Passion_Facade_of_the_Sagrada_Família/0/pictures/Sagrada_Familia_Door_(5839028411).jpg
Sagrada_Família,28023,0,commons/Passion_Facade_of_the_Sagrada_Família/0/pictures/Temple_Expiatori_de_la_Sagrada_Família_(Barcelona)_-_42.jpg
Sagrada_Família,28023,0,commons/Door_of_the_Portal_of_Faith_of_the_Sagrada_Família/0/pictures/Puerta_del_Pórtico_de_la_Fe.jpg
Sagrada_Família,28023,0,commons/Passion_Facade_of_the_Sagrada_Família/0/pictures/Solidaridad_Barcelona.png
Sagrada_Família,28023,0,commons/Tourists_in_the_Sagrada_Família/0/pictures/Sagrada_Familia_(8171682979).jpg
Sagrada_Família,28023,0,commons/Door_of_the_Crowning_with_Thorns_at_the_Passion_Facade_of_the_Sagrada_Família/0/pictures/Secció_inferior_de_la_Porta_de_la_Coronació_d'Espines.JPG
Sagrada_Família,28023,0,commons/Passion_Facade_of_the_Sagrada_Família/0/pictures/Sagrada_familia_(7567085828).jpg
Sagrada_Família,28023,0,"commons/Door_of_the_Crowning_with_Thorns_at_the_Passion_Facade_of_the_Sagrada_Família/0/pictures/Passion_Facade_of_the_Sagrada_Família,_May_2013_-_17.JPG"
Sagrada_Família,28023,0,commons/Door_of_the_Crowning_with_Thorns_at_the_Passion_Facade_of_the_Sagrada_Família/0/pictures/Door_of_the_Crowning_with_Thorns_at_the_Passion_Facade_-_full_view.JPG
Sagrada_Família,28023,0,commons/Passion_Facade_of_the_Sagrada_Família/0/pictures/Sagrada_Família.06.jpg
Sagrada_Família,28023,0,commons/Door_of_the_Crowning_with_Thorns_at_the_Passion_Facade_of_the_Sagrada_Família/0/pictures/Detalle_da_Sagrada_Familia._Barcelona_B12.jpg
Sagrada_Família,28023,0,commons/Passion_Facade_of_the_Sagrada_Família/0/pictures/Sagrada_Familia041.jpg
Sagrada_Família,28023,0,commons/Construction_of_the_Sagrada_Família_in_the_1980s/0/pictures/Sagrada_Famiglia_di_Barcellona_(3).JPG
Sagrada_Família,28023,0,commons/Construction_of_the_Sagrada_Família_in_2023/0/pictures/SF_-_Torre_Sant_Marc.jpg
Sagrada_Família,28023,0,commons/Construction_of_the_Sagrada_Família_in_the_1920s/0/pictures/Barcelona_-_Crypt_of_La_Sagrada_Família_X.jpg
Sagrada_Família,28023,0,commons/Construction_of_the_Sagrada_Família_in_2022/0/pictures/Sagrada_Familia_May_2022_04.jpg
Sagrada_Família,28023,0,commons/Construction_of_the_Sagrada_Família_in_2022/0/pictures/Sagrada_Familia_May_2022_03.jpg
Sagrada_Família,28023,0,commons/Construction_of_the_Sagrada_Família_in_2022/0/pictures/Sagrada_Familia_Test_upload.jpg
Sagrada_Família,28023,0,commons/Construction_of_the_Sagrada_Família_in_2021/0/pictures/TEMPLE_EXPIATORI_DE_LA_SAGRADA_FAMÍLIA_24012021_(1)_05.jpg
Sagrada_Família,28023,0,"commons/Construction_of_the_Sagrada_Família_in_2022/0/pictures/039_Basílica_de_la_Sagrada_Família,_angle_c._Sardenya_-_c._Mallorca.jpg"
Sagrada_Família,28023,0,commons/Construction_of_the_Sagrada_Família_in_2021/0/pictures/Sagrada_Família_in_2021.04.jpg
Sagrada_Família,28023,0,commons/Construction_of_the_Sagrada_Família_in_2021/0/pictures/Sagrada_Família_in_2021.03.jpg
Sagrada_Família,28023,0,commons/Construction_of_the_Sagrada_Família_in_2021/0/pictures/Sagrada_Família_in_2021.02.jpg
Sagrada_Família,28023,0,commons/Construction_of_the_Sagrada_Família_in_2021/0/pictures/Sagrada_Família_in_2021.01.jpg
Sagrada_Família,28023,0,commons/Construction_of_the_Sagrada_Família_in_2021/0/pictures/Sagrada_Familia_8-12-21_(1)modified.jpg
Sagrada_Família,28023,0,commons/Construction_of_the_Sagrada_Família_in_2021/0/pictures/Basílica_de_la_Sagrada_Familia_(10).jpg
Sagrada_Família,28023,0,commons/Construction_of_the_Sagrada_Família_in_2021/0/pictures/Sagrada_Familia_8-12-21_(1)_(cropped_3_to_2).jpg
Sagrada_Família,28023,0,commons/Construction_of_the_Sagrada_Família_in_2021/0/pictures/Basílica_de_la_Sagrada_Familia_(1).jpg
Sagrada_Família,28023,0,commons/Construction_of_the_Sagrada_Família_in_2020/0/pictures/Саграда_Фамилия.jpg
Sagrada_Família,28023,0,commons/Construction_of_the_Sagrada_Família_in_2019/0/pictures/Sagrada_familia_BCN_03.jpg
Sagrada_Família,28023,0,commons/North-West_Views_of_the_Sagrada_Família/0/pictures/North-West_Views_of_the_Sagrada_Família.jpg
Sagrada_Família,28023,0,commons/Construction_of_the_Sagrada_Família_in_2019/0/pictures/Basilique_Sagrada_Familia_façade_sud_ouest_Barcelone_4.jpg
Sagrada_Família,28023,0,commons/North-West_Views_of_the_Sagrada_Família/0/pictures/Exterior_of_the_Sagrada_Família_39.jpg
Sagrada_Família,28023,0,commons/Construction_of_the_Sagrada_Família_in_2019/0/pictures/Sagrada_Familia_2019.jpg
Sagrada_Família,28023,0,commons/North-West_Views_of_the_Sagrada_Família/0/pictures/Barcelona-04-Sagrada_Familia-1983-gje.jpg
Sagrada_Família,28023,0,commons/Construction_of_the_Sagrada_Família_in_2019/0/pictures/Sagrada_Familia_June_2019.jpg
Sagrada_Família,28023,0,commons/North-West_Views_of_the_Sagrada_Família/0/pictures/Exterior_of_the_Sagrada_Família_37.jpg
Sagrada_Família,28023,0,commons/Construction_of_the_Sagrada_Família_in_2019/0/pictures/Jordi_Santacana_01.jpg
Sagrada_Família,28023,0,commons/North-West_Views_of_the_Sagrada_Família/0/pictures/Construction_on_Sagrada_Familia1.jpg
Sagrada_Família,28023,0,commons/Construction_of_the_Sagrada_Família_in_2019/0/pictures/Gaudi24.jpg
Sagrada_Família,28023,0,commons/North-West_Views_of_the_Sagrada_Família/0/pictures/Exterior_of_the_Sagrada_Família_30.jpg
Sagrada_Família,28023,0,commons/Construction_of_the_Sagrada_Família_in_2019/0/pictures/Basilique_Sagrada_Familia_façade_sud_ouest_Barcelone_9.jpg
Sagrada_Família,28023,0,commons/North-West_Views_of_the_Sagrada_Família/0/pictures/Exterior_of_the_Sagrada_Família_32.jpg
Sagrada_Família,28023,0,commons/Construction_of_the_Sagrada_Família_in_2019/0/pictures/Basilique_Sagrada_Familia_façade_sud_ouest_Barcelone_7.jpg
Sagrada_Família,28023,0,commons/North-West_Views_of_the_Sagrada_Família/0/pictures/Barcelona_-_Carrer_de_Sardenya_-_View_ESE_on_La_Sagrada_Família_-_Passion_façade.jpg
Sagrada_Família,28023,0,commons/Construction_of_the_Sagrada_Família_in_2019/0/pictures/Basilique_Sagrada_Familia_façade_sud_ouest_Barcelone_6.jpg
Sagrada_Família,28023,0,commons/Construction_of_the_Sagrada_Família_in_2019/0/pictures/Basilique_Sagrada_Familia_façade_sud_ouest_Barcelone_5.jpg
Sagrada_Família,28023,0,commons/North-West_Views_of_the_Sagrada_Família/0/pictures/Barcelona_-_Carrer_de_Provença_-_View_East_on_La_Sagrada_Família_-_Passion_façade.jpg
Sagrada_Família,28023,0,commons/Construction_of_the_Sagrada_Família_in_2019/0/pictures/Basilique_Sagrada_Familia_façade_sud_ouest_Barcelone_19.jpg
Sagrada_Família,28023,0,commons/Construction_of_the_Sagrada_Família_in_2019/0/pictures/Basilique_Sagrada_Familia_façade_sud_ouest_Barcelone_3.jpg
Sagrada_Família,28023,0,commons/North-West_Views_of_the_Sagrada_Família/0/pictures/Barcelona_-_Exterior_of_the_Apse_of_the_Sagrada_Família_-_Western_exposure.jpg
Sagrada_Família,28023,0,commons/Construction_of_the_Sagrada_Família_in_2019/0/pictures/Basilique_Sagrada_Familia_façade_sud_ouest_Barcelone_12.jpg
Sagrada_Família,28023,0,commons/North-West_Views_of_the_Sagrada_Família/0/pictures/Barcelona_101DSC_0294_(49192014673).jpg
Sagrada_Família,28023,0,commons/Construction_of_the_Sagrada_Família_in_2019/0/pictures/Basilique_Sagrada_Familia_façade_sud_ouest_Barcelone_18.jpg
Sagrada_Família,28023,0,commons/Construction_of_the_Sagrada_Família_in_2019/0/pictures/Basilique_Sagrada_Familia_façade_nord_est_Barcelone_9.jpg
Sagrada_Família,28023,0,commons/North-West_Views_of_the_Sagrada_Família/0/pictures/ES_Barcelona_0711_(32)_(17208658166).jpg
Sagrada_Família,28023,0,commons/Construction_of_the_Sagrada_Família_in_2019/0/pictures/Basilique_Sagrada_Familia_façade_nord_est_Barcelone_5.jpg
Sagrada_Família,28023,0,commons/North-West_Views_of_the_Sagrada_Família/0/pictures/ES_Barcelona_0711_(31)_(17232882842).jpg
Sagrada_Família,28023,0,commons/Construction_of_the_Sagrada_Família_in_2019/0/pictures/Basilique_Sagrada_Familia_façade_sud_ouest_Barcelone_16.jpg
Sagrada_Família,28023,0,commons/North-East_Views_of_the_Sagrada_Família/0/pictures/TEMPLE_EXPIATORI_DE_LA_SAGRADA_FAMÍLIA_24012021_(1)_05.jpg
Sagrada_Família,28023,0,commons/Construction_of_the_Sagrada_Família_in_2019/0/pictures/Basilique_Sagrada_Familia_façade_sud_ouest_Barcelone_15.jpg
Sagrada_Família,28023,0,commons/North-West_Views_of_the_Sagrada_Família/0/pictures/Barcelona_-_Temple_Expiatori_de_la_Sagrada_Família_(47).jpg
Sagrada_Família,28023,0,commons/Construction_of_the_Sagrada_Família_in_2019/0/pictures/Basilique_Sagrada_Familia_façade_sud_ouest_Barcelone_11.jpg
Sagrada_Família,28023,0,commons/North-East_Views_of_the_Sagrada_Família/0/pictures/Σαγράδα_Φαμίλια_3311.jpg
Sagrada_Família,28023,0,commons/Construction_of_the_Sagrada_Família_in_2019/0/pictures/Basilique_Sagrada_Familia_façade_sud_ouest_Barcelone_10.jpg
Sagrada_Família,28023,0,commons/North-West_Views_of_the_Sagrada_Família/0/pictures/Barcelona_-_Carrer_de_Provença_-_View_East_on_La_Sagrada_Família_III.jpg
Sagrada_Família,28023,0,commons/Construction_of_the_Sagrada_Família_in_2019/0/pictures/Basilique_Sagrada_Familia_façade_nord_est_Barcelone_8.jpg
Sagrada_Família,28023,0,commons/North-West_Views_of_the_Sagrada_Família/0/pictures/Absis_de_la_Sagrada_Família_2005.JPG
Sagrada_Família,28023,0,commons/Construction_of_the_Sagrada_Família_in_2019/0/pictures/Basilique_Sagrada_Familia_façade_nord_est_Barcelone_6.jpg
Sagrada_Família,28023,0,commons/North-West_Views_of_the_Sagrada_Família/0/pictures/2017_Absis_Sagrada_Familia_01.jpg
Sagrada_Família,28023,0,commons/Construction_of_the_Sagrada_Família_in_2019/0/pictures/Basilique_Sagrada_Familia_façade_nord_est_Barcelone_4.jpg
Sagrada_Família,28023,0,commons/Construction_of_the_Sagrada_Família_in_2019/0/pictures/Basilique_Sagrada_Familia_façade_nord_est_Barcelone_7.jpg
Sagrada_Família,28023,0,commons/Construction_of_the_Sagrada_Família_in_2019/0/pictures/Basilique_Sagrada_Familia_façade_nord_est_Barcelone_20.jpg
Sagrada_Família,28023,0,commons/North-East_Views_of_the_Sagrada_Família/0/pictures/Sagrada_familia_BCN_03.jpg
Sagrada_Família,28023,0,commons/Construction_of_the_Sagrada_Família_in_2019/0/pictures/Basilique_Sagrada_Familia_façade_nord_est_Barcelone_3.jpg
Sagrada_Família,28023,0,commons/North-East_Views_of_the_Sagrada_Família/0/pictures/Sagrada_Família_in_2021.03.jpg
Sagrada_Família,28023,0,commons/Construction_of_the_Sagrada_Família_in_2019/0/pictures/Basilique_Sagrada_Familia_façade_nord_est_Barcelone_21.jpg
Sagrada_Família,28023,0,commons/North-East_Views_of_the_Sagrada_Família/0/pictures/Sagrada_Família_in_2021.02.jpg
Sagrada_Família,28023,0,commons/Construction_of_the_Sagrada_Família_in_2019/0/pictures/Basilique_Sagrada_Familia_façade_nord_est_Barcelone_2.jpg
Sagrada_Família,28023,0,commons/North-East_Views_of_the_Sagrada_Família/0/pictures/Sagrada_Família_in_2021.01.jpg
Sagrada_Família,28023,0,commons/Construction_of_the_Sagrada_Família_in_2019/0/pictures/Basilique_Sagrada_Familia_façade_nord_est_Barcelone_18.jpg
Sagrada_Família,28023,0,commons/North-East_Views_of_the_Sagrada_Família/0/pictures/Sagrada_Familia_towers_and_construction_cranes_(18603572979).jpg
Sagrada_Família,28023,0,commons/Construction_of_the_Sagrada_Família_in_2019/0/pictures/Basilique_Sagrada_Familia_façade_nord_est_Barcelone_15.jpg
Sagrada_Família,28023,0,commons/North-East_Views_of_the_Sagrada_Família/0/pictures/Sagrada_Familia_Side.jpg
Sagrada_Família,28023,0,commons/Construction_of_the_Sagrada_Família_in_2019/0/pictures/Basilique_Sagrada_Familia_façade_nord_est_Barcelone_16.jpg
Sagrada_Família,28023,0,commons/North-East_Views_of_the_Sagrada_Família/0/pictures/Sagrada_Familia_(6622216185).jpg
Sagrada_Família,28023,0,commons/Construction_of_the_Sagrada_Família_in_2019/0/pictures/Basilique_Sagrada_Familia_façade_nord_est_Barcelone_19.jpg
Sagrada_Família,28023,0,commons/North-East_Views_of_the_Sagrada_Família/0/pictures/Sagrada_Familia_-_panoramio_-_P._León.jpg
Sagrada_Família,28023,0,commons/Construction_of_the_Sagrada_Família_in_2019/0/pictures/Basilique_Sagrada_Familia_Barcelone-Vue_sud-est_11.jpg
Sagrada_Família,28023,0,commons/North-East_Views_of_the_Sagrada_Família/0/pictures/La_Sagrada_Familia_-_trabajo_en_curso_para_siempre_-_panoramio.jpg
Sagrada_Família,28023,0,commons/Construction_of_the_Sagrada_Família_in_2019/0/pictures/Basilique_Sagrada_Familia_façade_nord_est_Barcelone_14.jpg
Sagrada_Família,28023,0,commons/North-East_Views_of_the_Sagrada_Família/0/pictures/Sagrada_Famiglia_di_Barcellona_(3).JPG
Sagrada_Família,28023,0,commons/Construction_of_the_Sagrada_Família_in_2019/0/pictures/Basilique_Sagrada_Familia_façade_nord_est_Barcelone_13.jpg
Sagrada_Família,28023,0,commons/North-East_Views_of_the_Sagrada_Família/0/pictures/Sagrada_Familia_(22329810623).jpg
Sagrada_Família,28023,0,commons/Construction_of_the_Sagrada_Família_in_2019/0/pictures/Barcelona_Sagrada_Familia_2019_66.jpg
Sagrada_Família,28023,0,"commons/North-East_Views_of_the_Sagrada_Família/0/pictures/La_Sagrada_Família,_Barcelona_-_panoramio_(1).jpg"
Sagrada_Família,28023,0,commons/Construction_of_the_Sagrada_Família_in_2019/0/pictures/Barcelona_Sagrada_Familia_2019_08.jpg
Sagrada_Família,28023,0,commons/North-East_Views_of_the_Sagrada_Família/0/pictures/Basilique_Sagrada_Familia_façade_nord_est_Barcelone_20.jpg
Sagrada_Família,28023,0,commons/Construction_of_the_Sagrada_Família_in_2019/0/pictures/Basilique_Sagrada_Familia_façade_nord_est_Barcelone_10.jpg
Sagrada_Família,28023,0,commons/North-East_Views_of_the_Sagrada_Família/0/pictures/La_Sagrada_Familia_de_Barcelona.JPG
Sagrada_Família,28023,0,commons/Construction_of_the_Sagrada_Família_in_2019/0/pictures/Basilique_Sagrada_Familia_Barcelone._Vue_sud-est_12.jpg
Sagrada_Família,28023,0,commons/North-East_Views_of_the_Sagrada_Família/0/pictures/Exterior_of_the_Sagrada_Família_46.jpg
Sagrada_Família,28023,0,commons/Construction_of_the_Sagrada_Família_in_2019/0/pictures/Barcelona_101DSC_0298_(49192510656).jpg
Sagrada_Família,28023,0,commons/North-East_Views_of_the_Sagrada_Família/0/pictures/Barcelona_4096.JPG
Sagrada_Família,28023,0,commons/Construction_of_the_Sagrada_Família_in_2019/0/pictures/Barcelona_101DSC_0290_(49192708792).jpg
Sagrada_Família,28023,0,commons/North-East_Views_of_the_Sagrada_Família/0/pictures/Catedral_de_la_Sagrada_Familia_Panorama_3.jpg
Sagrada_Família,28023,0,commons/Construction_of_the_Sagrada_Família_in_2019/0/pictures/Barcelona_101DSC_0275_(49186769078).jpg
Sagrada_Família,28023,0,commons/North-East_Views_of_the_Sagrada_Família/0/pictures/Barcelona_101DSC_0290_(49192708792).jpg
Sagrada_Família,28023,0,commons/Construction_of_the_Sagrada_Família_in_2019/0/pictures/Barcelona_101DSC_0273_(49186769118).jpg
Sagrada_Família,28023,0,commons/Nativity_facade_towers_of_the_Sagrada_Família/0/pictures/Барселона_-_panoramio_(56).jpg
Sagrada_Família,28023,0,commons/Construction_of_the_Sagrada_Família_in_2019/0/pictures/2019_03_16_AIDA_Barcelona_(86).jpg
Sagrada_Família,28023,0,commons/Nativity_facade_towers_of_the_Sagrada_Família/0/pictures/Towers_of_the_Sagrada_Família.jpg
Sagrada_Família,28023,0,commons/Construction_of_the_Sagrada_Família_in_2019/0/pictures/2019_03_16_AIDA_Barcelona_(88).jpg
Sagrada_Família,28023,0,commons/Construction_of_the_Sagrada_Família_in_2018/0/pictures/Passió_2018.jpg
Sagrada_Família,28023,0,commons/Construction_of_the_Sagrada_Família_in_2018/0/pictures/Exterior_of_the_Sagrada_Família_53.jpg
Sagrada_Família,28023,0,commons/Construction_of_the_Sagrada_Família_in_2018/0/pictures/Exterior_of_the_Sagrada_Família_54.jpg
Sagrada_Família,28023,0,commons/Construction_of_the_Sagrada_Família_in_2018/0/pictures/Exterior_of_the_Sagrada_Família_52.jpg
Sagrada_Família,28023,0,commons/Construction_of_the_Sagrada_Família_in_2018/0/pictures/Exterior_of_the_Sagrada_Família_51.jpg
Sagrada_Família,28023,0,commons/Nativity_facade_towers_of_the_Sagrada_Família/0/pictures/Sagrada_familia_-_panoramio_(1).jpg
Sagrada_Família,28023,0,commons/Construction_of_the_Sagrada_Família_in_2018/0/pictures/Exterior_of_the_Sagrada_Família_56.jpg
Sagrada_Família,28023,0,"commons/Nativity_facade_towers_of_the_Sagrada_Família/0/pictures/Sagrada_Família,_Plaça_de_Gaudí,_Barcelona,_España_-_panoramio.jpg"
Sagrada_Família,28023,0,commons/Construction_of_the_Sagrada_Família_in_2018/0/pictures/Exterior_of_the_Sagrada_Família_55.jpg
Sagrada_Família,28023,0,commons/Construction_of_the_Sagrada_Família_in_2018/0/pictures/Exterior_of_the_Sagrada_Família_45.jpg
Sagrada_Família,28023,0,commons/Nativity_facade_towers_of_the_Sagrada_Família/0/pictures/Sagradafamilia-overview.jpg
Sagrada_Família,28023,0,commons/Construction_of_the_Sagrada_Família_in_2018/0/pictures/Exterior_of_the_Sagrada_Família_47.jpg
Sagrada_Família,28023,0,commons/Nativity_facade_towers_of_the_Sagrada_Família/0/pictures/Sagrada_familia_-_panoramio_(7).jpg
Sagrada_Família,28023,0,commons/Construction_of_the_Sagrada_Família_in_2018/0/pictures/Exterior_of_the_Sagrada_Família_41.jpg
Sagrada_Família,28023,0,commons/Nativity_facade_towers_of_the_Sagrada_Família/0/pictures/Sagrada-familia2.jpg
Sagrada_Família,28023,0,commons/Construction_of_the_Sagrada_Família_in_2018/0/pictures/Exterior_of_the_Sagrada_Família_43.jpg
Sagrada_Família,28023,0,commons/Nativity_facade_towers_of_the_Sagrada_Família/0/pictures/Sagrada_de_familia_-_panoramio_-_Evgeniy_Metyolkin_(1).jpg
Sagrada_Família,28023,0,commons/Construction_of_the_Sagrada_Família_in_2018/0/pictures/Exterior_of_the_Sagrada_Família_38.jpg
Sagrada_Família,28023,0,commons/Construction_of_the_Sagrada_Família_in_2018/0/pictures/Exterior_of_the_Sagrada_Família_37.jpg
Sagrada_Família,28023,0,commons/Construction_of_the_Sagrada_Família_in_2018/0/pictures/Exterior_of_the_Sagrada_Família_36.jpg
Sagrada_Família,28023,0,commons/Nativity_facade_towers_of_the_Sagrada_Família/0/pictures/Sagrada_Família_(21744595630).jpg
Sagrada_Família,28023,0,commons/Construction_of_the_Sagrada_Família_in_2018/0/pictures/Exterior_of_the_Sagrada_Família_34.jpg
Sagrada_Família,28023,0,commons/Construction_of_the_Sagrada_Família_in_2018/0/pictures/Exterior_of_the_Sagrada_Família_32.jpg
Sagrada_Família,28023,0,commons/Construction_of_the_Sagrada_Família_in_2018/0/pictures/Exterior_of_the_Sagrada_Família_30.jpg
Sagrada_Família,28023,0,"commons/Nativity_facade_towers_of_the_Sagrada_Família/0/pictures/Sagrada_Familia,_Barcelona_(23819097563).jpg"
Sagrada_Família,28023,0,commons/Construction_of_the_Sagrada_Família_in_2018/0/pictures/Exterior_of_the_Sagrada_Família_26.jpg
Sagrada_Família,28023,0,commons/Nativity_facade_towers_of_the_Sagrada_Família/0/pictures/Sagrada_Familia-Barcelona11.jpg
Sagrada_Família,28023,0,commons/Construction_of_the_Sagrada_Família_in_2018/0/pictures/Exterior_of_the_Sagrada_Família_24.jpg
Sagrada_Família,28023,0,"commons/Nativity_facade_towers_of_the_Sagrada_Família/0/pictures/Sagrada_Familia,_Passion_Facade_(16)_(30473491474).jpg"
Sagrada_Família,28023,0,commons/Construction_of_the_Sagrada_Família_in_2018/0/pictures/Exterior_of_the_Sagrada_Família_21.jpg
Sagrada_Família,28023,0,commons/Nativity_facade_towers_of_the_Sagrada_Família/0/pictures/Sagrada_Familia_detail_-_panoramio.jpg
Sagrada_Família,28023,0,commons/Construction_of_the_Sagrada_Família_in_2018/0/pictures/Exterior_of_the_Sagrada_Família_20.jpg
Sagrada_Família,28023,0,commons/Construction_of_the_Sagrada_Família_in_2018/0/pictures/Exterior_of_the_Sagrada_Família_18.jpg
Sagrada_Família,28023,0,commons/Nativity_facade_towers_of_the_Sagrada_Família/0/pictures/Sagrada_Familia_en_Barcelona_(9247425296).jpg
Sagrada_Família,28023,0,commons/Construction_of_the_Sagrada_Família_in_2018/0/pictures/Exterior_of_the_Sagrada_Família_22.jpg
Sagrada_Família,28023,0,commons/Nativity_facade_towers_of_the_Sagrada_Família/0/pictures/Sagrada_Familia_en_Barcelona_(9244642301).jpg
Sagrada_Família,28023,0,commons/Construction_of_the_Sagrada_Família_in_2018/0/pictures/Exterior_of_the_Sagrada_Família_17.jpg
Sagrada_Família,28023,0,commons/Construction_of_the_Sagrada_Família_in_2018/0/pictures/Exterior_of_the_Sagrada_Família_19.jpg
Sagrada_Família,28023,0,commons/Construction_of_the_Sagrada_Família_in_2018/0/pictures/Exterior_of_the_Sagrada_Família_08.jpg
Sagrada_Família,28023,0,commons/Nativity_facade_towers_of_the_Sagrada_Família/0/pictures/Sagrada_Familia_0101.JPG
Sagrada_Família,28023,0,commons/Construction_of_the_Sagrada_Família_in_2018/0/pictures/Exterior_of_the_Sagrada_Família_05.jpg
Sagrada_Família,28023,0,commons/Nativity_facade_towers_of_the_Sagrada_Família/0/pictures/Sagrada_Familia_0100.JPG
Sagrada_Família,28023,0,commons/Construction_of_the_Sagrada_Família_in_2018/0/pictures/Exterior_of_the_Sagrada_Família_04.jpg
Sagrada_Família,28023,0,commons/Nativity_facade_towers_of_the_Sagrada_Família/0/pictures/Sagrada_Familia_-_panoramio_(11).jpg
Sagrada_Família,28023,0,commons/Construction_of_the_Sagrada_Família_in_2018/0/pictures/Barcelona_-_Exterior_of_the_Apse_of_the_Sagrada_Família_-_Western_exposure.jpg
Sagrada_Família,28023,0,commons/Construction_of_the_Sagrada_Família_in_2017/0/pictures/Σαγράδα_Φαμίλια_3311.jpg
Sagrada_Família,28023,0,commons/Construction_of_the_Sagrada_Família_in_2017/0/pictures/Σαγράδα_Φαμίλια_3379.jpg
Sagrada_Família,28023,0,"commons/Construction_of_the_Sagrada_Família_in_2017/0/pictures/Sagrada_Familia,_Barcelona_2017_01.jpg"
Sagrada_Família,28023,0,commons/Nativity_facade_towers_of_the_Sagrada_Família/0/pictures/La_sagrada_familia_de_barcelona.jpg
Sagrada_Família,28023,0,commons/Construction_of_the_Sagrada_Família_in_2017/0/pictures/Sagrada_barcelona.jpg
Sagrada_Família,28023,0,"commons/Nativity_facade_towers_of_the_Sagrada_Família/0/pictures/La_Sagrada_Família,_Barcelona_-_panoramio_(7).jpg"
Sagrada_Família,28023,0,commons/Construction_of_the_Sagrada_Família_in_2017/0/pictures/Exterior_of_the_Sagrada_Família_(3).jpg
Sagrada_Família,28023,0,commons/Construction_of_the_Sagrada_Família_in_2017/0/pictures/Barcelona_Tourism.jpg
Sagrada_Família,28023,0,commons/Nativity_facade_towers_of_the_Sagrada_Família/0/pictures/La_Fama.jpg
Sagrada_Família,28023,0,commons/Construction_of_the_Sagrada_Família_in_2017/0/pictures/Basilica_Sagrada_Familia_BCN_04_2016_6919.jpg
Sagrada_Família,28023,0,commons/Nativity_facade_towers_of_the_Sagrada_Família/0/pictures/Fale_-_Barcellona_-_50.jpg
Sagrada_Família,28023,0,commons/Construction_of_the_Sagrada_Família_in_2017/0/pictures/Exterior_of_the_Sagrada_Família_(1).jpg
Sagrada_Família,28023,0,commons/Nativity_facade_towers_of_the_Sagrada_Família/0/pictures/Barcelona_2015_10_12_3289_(23186608195).jpg
Sagrada_Família,28023,0,commons/Construction_of_the_Sagrada_Família_in_2017/0/pictures/Barcelona_-_Temple_Expiatori_de_la_Sagrada_Família_(45).jpg
Sagrada_Família,28023,0,commons/Nativity_facade_towers_of_the_Sagrada_Família/0/pictures/Basilique_Sagrada_Familia_façade_nord_est_Barcelone_14.jpg
Sagrada_Família,28023,0,commons/Construction_of_the_Sagrada_Família_in_2017/0/pictures/Barcelona_-_Temple_Expiatori_de_la_Sagrada_Família_(47).jpg
Sagrada_Família,28023,0,commons/Construction_of_the_Sagrada_Família_in_2016/0/pictures/사그라다_파밀리아(Sagrada_Familia).jpg
Sagrada_Família,28023,0,commons/Construction_of_the_Sagrada_Família_in_2017/0/pictures/Barcelona_-_Sagrada_Familia_en_mayo_de_2017.jpg
Sagrada_Família,28023,0,commons/Construction_of_the_Sagrada_Família_in_2017/0/pictures/2017_Absis_Sagrada_Familia_01.jpg
Sagrada_Família,28023,0,commons/Nativity_facade_towers_of_the_Sagrada_Família/0/pictures/Barcelona_-_Plaça_de_Gaudí_-_Nativity_Façade_-_View_SW_on_four_'Apostle'-Towers_and_Christmas_Tree.jpg
Sagrada_Família,28023,0,commons/Construction_of_the_Sagrada_Família_in_2016/0/pictures/SagradaFamiliaExterior.jpg
Sagrada_Família,28023,0,commons/Nativity_facade_towers_of_the_Sagrada_Família/0/pictures/Antoni_Gaudi’s_Sagrada_Familia_01.jpg
Sagrada_Família,28023,0,commons/Construction_of_the_Sagrada_Família_in_2016/0/pictures/Sagrada_Família_-_panoramio_(24).jpg
Sagrada_Família,28023,0,commons/Construction_of_the_Sagrada_Família_in_2016/0/pictures/Sagrada_Famillia_-_Barcelona.jpg
Sagrada_Família,28023,0,commons/Nativity_Facade_of_the_Sagrada_Família_at_night/0/pictures/Sagrada_familia_by_night_2006.jpg
Sagrada_Família,28023,0,commons/Construction_of_the_Sagrada_Família_in_2016/0/pictures/Sagrada_Familia_Construcción.jpg
Sagrada_Família,28023,0,commons/Nativity_Facade_of_the_Sagrada_Família_at_night/0/pictures/Σαγράδα_Φαμίλια_3450.jpg
Sagrada_Família,28023,0,commons/Construction_of_the_Sagrada_Família_in_2016/0/pictures/Sagrada_Familia_Construcción_2016.jpg
Sagrada_Família,28023,0,commons/Construction_of_the_Sagrada_Família_in_2016/0/pictures/Sagrada_Familia_-_Juny_de_2016_-_03.jpg
Sagrada_Família,28023,0,commons/Nativity_Facade_of_the_Sagrada_Família_at_night/0/pictures/Subida_automatica_IMG309.jpg
Sagrada_Família,28023,0,commons/Construction_of_the_Sagrada_Família_in_2016/0/pictures/Sagrada_Familia_-_Juny_de_2016_-_02.jpg
Sagrada_Família,28023,0,commons/Construction_of_the_Sagrada_Família_in_2016/0/pictures/SF_-_Sacristía3.jpg
Sagrada_Família,28023,0,commons/Nativity_Facade_of_the_Sagrada_Família_at_night/0/pictures/Sagradafamilia-night.jpg
Sagrada_Família,28023,0,commons/Construction_of_the_Sagrada_Família_in_2016/0/pictures/SF_-_Sacristía.jpg
Sagrada_Família,28023,0,commons/Nativity_Facade_of_the_Sagrada_Família_at_night/0/pictures/Sagrada_Familia_Evening_1_(5838999859).jpg
Sagrada_Família,28023,0,commons/Construction_of_the_Sagrada_Família_in_2016/0/pictures/SF_-_Sacristía1.jpg
Sagrada_Família,28023,0,commons/Nativity_Facade_of_the_Sagrada_Família_at_night/0/pictures/Sagrada_Familia_May_2022_04.jpg
Sagrada_Família,28023,0,commons/Construction_of_the_Sagrada_Família_in_2016/0/pictures/Magnificence_(189995327).jpeg
Sagrada_Família,28023,0,commons/Construction_of_the_Sagrada_Família_in_2016/0/pictures/La_Basilica_de_Sagrada_Familia_(26643855625).jpg
Sagrada_Família,28023,0,commons/Construction_of_the_Sagrada_Família_in_2016/0/pictures/La_Basilica_de_Sagrada_Familia_(26037977324).jpg
Sagrada_Família,28023,0,commons/Nativity_Facade_of_the_Sagrada_Família_at_night/0/pictures/Fale_-_Barcellona_-_51.jpg
Sagrada_Família,28023,0,commons/Construction_of_the_Sagrada_Família_in_2016/0/pictures/Font_View_of_the_Basílica_de_la_Sagrada_Família.jpg
Sagrada_Família,28023,0,commons/Nativity_Facade_of_the_Sagrada_Família_at_night/0/pictures/Fale_-_Barcellona_-_49.jpg
Sagrada_Família,28023,0,commons/Construction_of_the_Sagrada_Família_in_2016/0/pictures/Basilica_Sagrada_Familia_BCN_04_2016_6925.jpg
Sagrada_Família,28023,0,commons/Nativity_Facade_of_the_Sagrada_Família_at_night/0/pictures/Fale_-_Barcellona_-_48.jpg
Sagrada_Família,28023,0,commons/Construction_of_the_Sagrada_Família_in_2016/0/pictures/Barcelona_Sagrada_Familia_sculptures_Passion_facade_03.jpg
Sagrada_Família,28023,0,commons/Nativity_Facade_of_the_Sagrada_Família_at_night/0/pictures/Barcelona_Tres_-_007_(3466918420).jpg
Sagrada_Família,28023,0,commons/Construction_of_the_Sagrada_Família_in_2016/0/pictures/Basílica_i_Temple_Expiatori_de_la_Sagrada_Família_taken_by_Lensicle.jpg
Sagrada_Família,28023,0,commons/Nativity_Facade_of_the_Sagrada_Família_at_night/0/pictures/Barcelona_Tres_-_004_(3466917848).jpg
Sagrada_Família,28023,0,commons/Construction_of_the_Sagrada_Família_in_2016/0/pictures/Barcelona_Sagrada_Familia_-_kościół_Świętej_Rodziny_-_panoramio_-_krysi@.jpg
Sagrada_Família,28023,0,commons/Nativity_Facade_of_the_Sagrada_Família/0/pictures/Trip_to_Europe_2017_34.jpg
Sagrada_Família,28023,0,commons/South-West_Views_of_the_Sagrada_Família/0/pictures/Sagrada_familia_2004.jpeg
Sagrada_Família,28023,0,commons/Construction_of_the_Sagrada_Família_in_2016/0/pictures/Barcelona_Sagrada_Familia_-_kościół_Świętej_Rodziny_-_panoramio.jpg
Sagrada_Família,28023,0,commons/Nativity_Facade_of_the_Sagrada_Família/0/pictures/Trip_to_Europe_2017_35.jpg
Sagrada_Família,28023,0,commons/South-West_Views_of_the_Sagrada_Família/0/pictures/Sagrada_Familia_Barcelona_437.JPG
Sagrada_Família,28023,0,commons/Construction_of_the_Sagrada_Família_in_2016/0/pictures/052-Sagrada-Familia.jpg
Sagrada_Família,28023,0,commons/Nativity_Facade_of_the_Sagrada_Família/0/pictures/Sflia1.jpg
Sagrada_Família,28023,0,commons/South-West_Views_of_the_Sagrada_Família/0/pictures/Sagrada_Famìlia_-_panoramio_(2).jpg
Sagrada_Família,28023,0,commons/Construction_of_the_Sagrada_Família_in_2016/0/pictures/044-Sagrada-Familia.jpg
Sagrada_Família,28023,0,commons/Nativity_Facade_of_the_Sagrada_Família/0/pictures/Segrada_Familia_2016-207.jpg
Sagrada_Família,28023,0,commons/South-West_Views_of_the_Sagrada_Família/0/pictures/Sagrada_Familia_9.jpg
Sagrada_Família,28023,0,commons/Construction_of_the_Sagrada_Família_in_2015/0/pictures/Sagrata_familia.JPG
Sagrada_Família,28023,0,commons/Nativity_Facade_of_the_Sagrada_Família/0/pictures/Sagrada_familia_-_panoramio_(2).jpg
Sagrada_Família,28023,0,commons/South-West_Views_of_the_Sagrada_Família/0/pictures/Sagrada_Familia_June_2019.jpg
Sagrada_Família,28023,0,commons/Construction_of_the_Sagrada_Família_in_2015/0/pictures/Sagrada_familia_towers_and_construction_cranes_(18167105104).jpg
Sagrada_Família,28023,0,commons/South-West_Views_of_the_Sagrada_Família/0/pictures/Sagrada_Familia_10.jpg
Sagrada_Família,28023,0,commons/Construction_of_the_Sagrada_Família_in_2015/0/pictures/Sagrada_familia_towers_and_construction_cranes_(18167105134).jpg
Sagrada_Família,28023,0,commons/Nativity_Facade_of_the_Sagrada_Família/0/pictures/Sagrada_familia_(7567091198).jpg
Sagrada_Família,28023,0,commons/South-West_Views_of_the_Sagrada_Família/0/pictures/Sagrada_Familia_-_in_construction_-_panoramio.jpg
Sagrada_Família,28023,0,commons/Construction_of_the_Sagrada_Família_in_2015/0/pictures/Sagrada_Família_de_Barcelona_gener_de_2015.jpg
Sagrada_Família,28023,0,commons/Nativity_Facade_of_the_Sagrada_Família/0/pictures/Sagrada_Família_(2019).jpg
Sagrada_Família,28023,0,"commons/South-West_Views_of_the_Sagrada_Família/0/pictures/La_Sagrada_Família,_Barcelona_-_panoramio_(6).jpg"
Sagrada_Família,28023,0,commons/Construction_of_the_Sagrada_Família_in_2015/0/pictures/Sagrada_Familia_tower_and_construction_crane_(18602128418).jpg
Sagrada_Família,28023,0,commons/Nativity_Facade_of_the_Sagrada_Família/0/pictures/Sagrada_Familia_vista_desde_fuera.jpg
Sagrada_Família,28023,0,commons/Gargoyles_of_the_Sagrada_Família/0/pictures/SF_-_Claustro_2.jpg
Sagrada_Família,28023,0,commons/South-West_Views_of_the_Sagrada_Família/0/pictures/Exterior_of_the_Sagrada_Família_(2).jpg
Sagrada_Família,28023,0,commons/Construction_of_the_Sagrada_Família_in_2015/0/pictures/Sagrada_Familia_entrance_line_(18602128498).jpg
Sagrada_Família,28023,0,commons/Nativity_Facade_of_the_Sagrada_Família/0/pictures/Sagrada_(16077170227).jpg
Sagrada_Família,28023,0,"commons/South-West_Views_of_the_Sagrada_Família/0/pictures/474_Basílica_de_la_Sagrada_Família_(Barcelona),_angle_c._Mallorca_-_c._Sardenya.jpg"
Sagrada_Família,28023,0,commons/Construction_of_the_Sagrada_Família_in_2015/0/pictures/Sagrada_Familia_dome_and_construction_crane_(18602128398).jpg
Sagrada_Família,28023,0,"commons/Nativity_Facade_of_the_Sagrada_Família/0/pictures/La_Sagrada_Família,_Barcelona_-_panoramio_(2).jpg"
Sagrada_Família,28023,0,"commons/South-West_Views_of_the_Sagrada_Família/0/pictures/473_Basílica_de_la_Sagrada_Família_(Barcelona),_angle_c._Mallorca_-_c._Sardenya.jpg"
Sagrada_Família,28023,0,commons/Construction_of_the_Sagrada_Família_in_2015/0/pictures/Sagrada_Familia_behind_trees_(18168981673).jpg
Sagrada_Família,28023,0,"commons/Nativity_Facade_of_the_Sagrada_Família/0/pictures/La_Sagrada_Familia,_Barcelona,_Spain_-_panoramio_(86).jpg"
Sagrada_Família,28023,0,commons/South-West_Views_of_the_Sagrada_Família/0/pictures/050529_Barcelona_026.jpg
Sagrada_Família,28023,0,commons/Construction_of_the_Sagrada_Família_in_2015/0/pictures/SF_Passió.jpg
Sagrada_Família,28023,0,commons/South-West_Views_of_the_Sagrada_Família/0/pictures/2019_03_16_AIDA_Barcelona_(136).jpg
Sagrada_Família,28023,0,commons/Construction_of_the_Sagrada_Família_in_2015/0/pictures/Sagrada_Familia_(22329810623).jpg
Sagrada_Família,28023,0,"commons/South-West_Views_of_the_Sagrada_Família/0/pictures/116_Basílica_de_la_Sagrada_Família_(Barcelona),_la_façana_de_la_Passió_des_del_c._Mallorca.jpg"
Sagrada_Família,28023,0,commons/Construction_of_the_Sagrada_Família_in_2015/0/pictures/Sagrada_Familia_(22329854273).jpg
Sagrada_Família,28023,0,commons/Nativity_Facade_of_the_Sagrada_Família/0/pictures/Eixample_-_Sagrada_Família_-_20150828102551.jpg
Sagrada_Família,28023,0,commons/Western_Views_of_the_Sagrada_Família/0/pictures/La_Sagrada_Familia-4_готовый_фасад_-_panoramio.jpg
Sagrada_Família,28023,0,commons/Exterior_of_the_Sagrada_Família/0/pictures/Sagrada_Família_in_2021.08.jpg
Sagrada_Família,28023,0,"commons/South-East_Views_of_the_Sagrada_Família/0/pictures/Templo_Expiatorio_de_la_Sagrada_Familia,_Barcelona,_1.jpg"
Sagrada_Família,28023,0,commons/Construction_of_the_Sagrada_Família_in_2015/0/pictures/Sagrada_Familia_(22305932513).jpg
Sagrada_Família,28023,0,commons/Nativity_Facade_of_the_Sagrada_Família/0/pictures/Exterior_of_the_Sagrada_Família_58.jpg
Sagrada_Família,28023,0,commons/Exterior_of_the_Sagrada_Família/0/pictures/Detail_-_Nativity_Facade._Sagrada_Família.jpg
Sagrada_Família,28023,0,commons/South-West_Views_of_the_Sagrada_Família/0/pictures/045-Sagrada-Familia.jpg
Sagrada_Família,28023,0,commons/Construction_of_the_Sagrada_Família_in_2015/0/pictures/La_Sagrada_Familia_-_panoramio_(22).jpg
Sagrada_Família,28023,0,commons/Nativity_Facade_of_the_Sagrada_Família/0/pictures/Exterior_of_the_Sagrada_Família_(5).jpg
Sagrada_Família,28023,0,"commons/South-West_Views_of_the_Sagrada_Família/0/pictures/039_Basílica_de_la_Sagrada_Família,_angle_c._Sardenya_-_c._Mallorca.jpg"
Sagrada_Família,28023,0,commons/Construction_of_the_Sagrada_Família_in_2015/0/pictures/La_sagrada_Familia.JPG
Sagrada_Família,28023,0,commons/Nativity_Facade_of_the_Sagrada_Família/0/pictures/Exterior_of_the_Sagrada_Família_54.jpg
Sagrada_Família,28023,0,commons/Western_Views_of_the_Sagrada_Família/0/pictures/Exterior_of_the_Sagrada_Família_34.jpg
Sagrada_Família,28023,0,commons/Exterior_of_the_Sagrada_Família/0/pictures/Sagrada_Família_in_2021.06.jpg
Sagrada_Família,28023,0,commons/Construction_of_the_Sagrada_Família_in_2015/0/pictures/La_sagrada_Familia_Barcelona_Oct_2015.JPG
Sagrada_Família,28023,0,commons/Nativity_Facade_of_the_Sagrada_Família/0/pictures/Basilique_Sagrada_Familia_façade_nord_est_Barcelone_7.jpg
Sagrada_Família,28023,0,"commons/Construction_of_the_Sagrada_Família_in_2015/0/pictures/La_Sagrada_Familia,_Barcelona,_Spain_-_panoramio_(88).jpg"
Sagrada_Família,28023,0,commons/Nativity_Facade_of_the_Sagrada_Família/0/pictures/ES_Barcelona_0711_(22)_(17027184077).jpg
Sagrada_Família,28023,0,commons/Western_Views_of_the_Sagrada_Família/0/pictures/Exterior_of_the_Sagrada_Família_05.jpg
Sagrada_Família,28023,0,commons/Exterior_of_the_Sagrada_Família/0/pictures/Eixample_-_Sagrada_Família_-_20150828134907.jpg
Sagrada_Família,28023,0,"commons/South-East_Views_of_the_Sagrada_Família/0/pictures/Sagrada_Familia,_Barcellona_-_panoramio_(1).jpg"
Sagrada_Família,28023,0,commons/Construction_of_the_Sagrada_Família_in_2015/0/pictures/Eixample_-_Sagrada_Família_-_20150828140608.jpg
Sagrada_Família,28023,0,commons/Nativity_Facade_of_the_Sagrada_Família/0/pictures/Barcelona_Sagrada_Familia_2019_63.jpg
Sagrada_Família,28023,0,commons/Western_Views_of_the_Sagrada_Família/0/pictures/Exterior_of_the_Sagrada_Família_22.jpg
Sagrada_Família,28023,0,commons/Exterior_of_the_Sagrada_Família/0/pictures/Barcelona_Sagrada_Familia_2019_11.jpg
Sagrada_Família,28023,0,commons/South-East_Views_of_the_Sagrada_Família/0/pictures/Sagrada_Familia_Barcelona_427.JPG
Sagrada_Família,28023,0,commons/Construction_of_the_Sagrada_Família_in_2015/0/pictures/Eixample_-_Sagrada_Família_-_20150828110134.jpg
Sagrada_Família,28023,0,commons/Nativity_Facade_of_the_Sagrada_Família/0/pictures/Basilique_Sagrada_Familia_façade_nord_est_Barcelone_6.jpg
Sagrada_Família,28023,0,commons/South-East_Views_of_the_Sagrada_Família/0/pictures/Sagrada_Famìlia_-_panoramio.jpg
Sagrada_Família,28023,0,commons/Construction_of_the_Sagrada_Família_in_2015/0/pictures/Eixample_-_Sagrada_Família_-_20150828105810.jpg
Sagrada_Família,28023,0,commons/Nativity_Facade_of_the_Sagrada_Família/0/pictures/Basilique_Sagrada_Familia_façade_nord_est_Barcelone_4.jpg
Sagrada_Família,28023,0,commons/Western_Views_of_the_Sagrada_Família/0/pictures/Exterior_Temple_Expiatori_de_la_Sagrada_Família_01.JPG
Sagrada_Família,28023,0,commons/Exterior_of_the_Sagrada_Família/0/pictures/ES_Barcelona_0711_(25)_(17027183207).jpg
Sagrada_Família,28023,0,commons/South-East_Views_of_the_Sagrada_Família/0/pictures/Sagrada_Familia_Barcelona_035.JPG
Sagrada_Família,28023,0,"commons/Construction_of_the_Sagrada_Família_in_2015/0/pictures/El_Camp_de_l'Arpa_del_Clot,_Barcelona,_Spain_-_panoramio.jpg"
Sagrada_Família,28023,0,commons/Nativity_Facade_of_the_Sagrada_Família/0/pictures/Basilique_Sagrada_Familia_façade_nord_est_Barcelone_13.jpg
Sagrada_Família,28023,0,commons/South-East_Views_of_the_Sagrada_Família/0/pictures/Sagrada_Familia_7.jpg
Sagrada_Família,28023,0,"commons/Construction_of_the_Sagrada_Família_in_2015/0/pictures/El_Camp_de_l'Arpa_del_Clot,_Barcelona,_Spain_-_panoramio_(1).jpg"
Sagrada_Família,28023,0,commons/Nativity_Facade_of_the_Sagrada_Família/0/pictures/Barcelone_-_2004-July_-_IMG0004.jpg
Sagrada_Família,28023,0,commons/Western_Views_of_the_Sagrada_Família/0/pictures/Barcelona_3679.JPG
Sagrada_Família,28023,0,commons/Exterior_of_the_Sagrada_Família/0/pictures/ES_Barcelona_0711_(24)_(16614410553).jpg
Sagrada_Família,28023,0,commons/South-East_Views_of_the_Sagrada_Família/0/pictures/Sagrada_Familia_(6622110749).jpg
Sagrada_Família,28023,0,commons/Construction_of_the_Sagrada_Família_in_2015/0/pictures/Eixample_-_Sagrada_Família_-_20150828122129.jpg
Sagrada_Família,28023,0,commons/Nativity_Facade_of_the_Sagrada_Família/0/pictures/Barcelona_1077_06.jpg
Sagrada_Família,28023,0,commons/Western_Views_of_the_Sagrada_Família/0/pictures/Barcelona_-_panoramio_(194).jpg
Sagrada_Família,28023,0,commons/Exterior_of_the_Sagrada_Família/0/pictures/ES_Barcelona_0711_(23)_(17232884722).jpg
Sagrada_Família,28023,0,commons/Construction_of_the_Sagrada_Família_in_2015/0/pictures/Eixample_-_Sagrada_Família_-_20150828105803.jpg
Sagrada_Família,28023,0,commons/South-East_Views_of_the_Sagrada_Família/0/pictures/La_sagrada_Familia_Barcelona_Spain.JPG
Sagrada_Família,28023,0,commons/Construction_of_the_Sagrada_Família_in_2015/0/pictures/Das_Kreuz.JPG
Sagrada_Família,28023,0,commons/Nativity_Facade_of_the_Sagrada_Família/0/pictures/Barcelona_1077_02.jpg
Sagrada_Família,28023,0,commons/South-East_Views_of_the_Sagrada_Família/0/pictures/Facade_of_Sagrada_Familia_in_Barcelona.JPG
Sagrada_Família,28023,0,commons/Construction_of_the_Sagrada_Família_in_2015/0/pictures/Catedral_Basílica_Metropolitana_de_Barcelona_-_panoramio.jpg
Sagrada_Família,28023,0,commons/Nativity_Facade_of_the_Sagrada_Família/0/pictures/Barcelona_-_Temple_Expiatori_de_la_Sagrada_Família_(3).jpg
Sagrada_Família,28023,0,commons/Western_Views_of_the_Sagrada_Família/0/pictures/Barcelona_(4720373370).jpg
Sagrada_Família,28023,0,commons/Exterior_of_the_Cloister_of_the_Sagrada_Família/0/pictures/Sagrada_familia_construction_differences.jpg
Sagrada_Família,28023,0,commons/Cloister_of_the_Sagrada_Família/0/pictures/Barcelona_-_panoramio_(250).jpg
Sagrada_Família,28023,0,commons/South-East_Views_of_the_Sagrada_Família/0/pictures/Catedral_de_la_Sagrada_Familia_Panorama.jpg
Sagrada_Família,28023,0,commons/Construction_of_the_Sagrada_Família_in_2015/0/pictures/Coronation_of_the_Virgin_-_Nativity_facade_of_the_Sagrada_Familia.jpg
Sagrada_Família,28023,0,commons/Nativity_Facade_of_the_Sagrada_Família/0/pictures/Barcelona_101DSC_0287_(49192014873).jpg
Sagrada_Família,28023,0,commons/Western_Views_of_the_Nave_of_the_Sagrada_Família/0/pictures/WLM14ES_-_Barcelona_General_437_04_de_julio_de_2011_-_.jpg
Sagrada_Família,28023,0,commons/Exterior_of_the_Cloister_of_the_Sagrada_Família/0/pictures/Sagrada_Família_P1410835.jpg
Sagrada_Família,28023,0,commons/South-East_Views_of_the_Sagrada_Família/0/pictures/Basílica_de_la_Sagrada_Familia.jpg
Sagrada_Família,28023,0,commons/Construction_of_the_Sagrada_Família_in_2015/0/pictures/Barcelona_2015_10_12_3644_(22559486483).jpg
Sagrada_Família,28023,0,commons/Nativity_Facade_of_the_Sagrada_Família/0/pictures/Barcelona_-_Plaça_de_Gaudí_-_View_SW_on_La_Sagrada_Família_-_Nativity_façade_VI.jpg
Sagrada_Família,28023,0,commons/Western_Views_of_the_Nave_of_the_Sagrada_Família/0/pictures/Sagrada_familia-barcelona_-_panoramio_(18).jpg
Sagrada_Família,28023,0,commons/Exterior_of_the_Cloister_of_the_Sagrada_Família/0/pictures/Sagrada_Família_2013_-_Claustre_carrer_Marina.JPG
Sagrada_Família,28023,0,commons/South-East_Views_of_the_Sagrada_Família/0/pictures/ES_Barcelona_9806_012_(17234558405).jpg
Sagrada_Família,28023,0,commons/Construction_of_the_Sagrada_Família_in_2015/0/pictures/Barcelona_2015_10_12_3641_(23186556085).jpg
Sagrada_Família,28023,0,commons/Nativity_Facade_of_the_Sagrada_Família/0/pictures/Barcelona_-_Carrer_de_Provença_-_View_South_on_La_Sagrada_Família_-_Nativity_façade.jpg
Sagrada_Família,28023,0,commons/Exterior_of_the_Cloister_of_the_Sagrada_Família/0/pictures/Sagrada_Familia044.jpg
Sagrada_Família,28023,0,commons/Portal_of_Hope_of_the_Sagrada_Família/0/pictures/Sagrada_Familia069.jpg
Sagrada_Família,28023,0,commons/South-East_Views_of_the_Sagrada_Família/0/pictures/Barcelona_sagrada_-_panoramio.jpg
Sagrada_Família,28023,0,commons/Construction_of_the_Sagrada_Família_in_2015/0/pictures/Barcelona_2015_10_12_3300_(22890736260).jpg
Sagrada_Família,28023,0,commons/Nativity_Facade_of_the_Sagrada_Família/0/pictures/Barcelona_-_Carrer_de_Provença_-_View_SSE_on_the_Nativity_Façade_I.jpg
Sagrada_Família,28023,0,commons/South-East_Views_of_the_Sagrada_Família/0/pictures/Barcelona_3678.JPG
Sagrada_Família,28023,0,commons/Construction_of_the_Sagrada_Família_in_2015/0/pictures/Barcelona_2015_10_12_3292_(22792455367).jpg
Sagrada_Família,28023,0,commons/Nativity_Facade_of_the_Sagrada_Família/0/pictures/Barcelona_-_Carrer_de_Provença_-_View_SSE_on_the_Nativity_Façade_II.jpg
Sagrada_Família,28023,0,commons/South-East_Views_of_the_Sagrada_Família/0/pictures/Barcelone_-_09_(8021371995).jpg
Sagrada_Família,28023,0,commons/Construction_of_the_Sagrada_Família_in_2015/0/pictures/Barcelona_2015_10_12_3288_(23186609435).jpg
Sagrada_Família,28023,0,commons/Nativity_Facade_of_the_Sagrada_Família/0/pictures/Barcelona_-_La_Sagrada_Família_-_Nativity_Façade_IV.jpg
Sagrada_Família,28023,0,commons/Exterior_of_the_Cloister_of_the_Sagrada_Família/0/pictures/Sagrada_Familia_-_panoramio_(15).jpg
Sagrada_Família,28023,0,commons/Portal_of_Hope_of_the_Sagrada_Família/0/pictures/La_Sagrada_Familia_-_panoramio_(19).jpg
Sagrada_Família,28023,0,"commons/South-East_Views_of_the_Sagrada_Família/0/pictures/470_Basílica_de_la_Sagrada_Família_(Barcelona),_angle_c._Mallorca_-_c._Marina.jpg"
Sagrada_Família,28023,0,commons/Construction_of_the_Sagrada_Família_in_2015/0/pictures/Barcelona_2015_10_12_0248_(22890774630).jpg
Sagrada_Família,28023,0,commons/Nativity_Facade_of_the_Sagrada_Família/0/pictures/Antoni_Gaudi’s_Sagrada_Familia_04.jpg
Sagrada_Família,28023,0,commons/South-East_Views_of_the_Sagrada_Família/0/pictures/Barcelona_-_Templo_Expiatorio_de_la_Sagrada_Familia_-_20150410151446.jpg
Sagrada_Família,28023,0,commons/Construction_of_the_Sagrada_Família_in_2015/0/pictures/Barcelona_2015_10_12_0241_(22559512203).jpg
Sagrada_Família,28023,0,"commons/Nativity_Facade_of_the_Sagrada_Família/0/pictures/122_Basílica_de_la_Sagrada_Família_(Barcelona),_façana_del_Naixement,_c._Marina.jpg"
Sagrada_Família,28023,0,commons/Western_Views_of_the_Nave_of_the_Sagrada_Família/0/pictures/Sagrada_Família_-_Barcelona_-_Desembre_2015_-_08.JPG
Sagrada_Família,28023,0,commons/Exterior_of_the_Cloister_of_the_Sagrada_Família/0/pictures/Left_side_-_Passion_Facade_-_Sagrada_Familia_-_Barcelona_2014.jpg
Sagrada_Família,28023,0,commons/Portal_of_Hope_of_the_Sagrada_Família/0/pictures/Barcelona_-_panoramio_(250).jpg
Sagrada_Família,28023,0,commons/South-East_Views_of_the_Sagrada_Família/0/pictures/Barcelona_101DSC_0272_(49186769158).jpg
Sagrada_Família,28023,0,commons/Construction_of_the_Sagrada_Família_in_2015/0/pictures/Barcelona_2015_10_12_0240_(22792428857).jpg
Sagrada_Família,28023,0,commons/Nativity_Facade_of_the_Sagrada_Família/0/pictures/Antonio_Gaudi's_Sagrada_Familia.jpg
Sagrada_Família,28023,0,commons/Western_Views_of_the_Nave_of_the_Sagrada_Família/0/pictures/Sagrada_Familia165.jpg
Sagrada_Família,28023,0,commons/Exterior_of_the_Cloister_of_the_Sagrada_Família/0/pictures/Sagrada_Familia_3.jpg
Sagrada_Família,28023,0,"commons/Portal_of_Faith_of_the_Sagrada_Família/0/pictures/Barcelona_-_Plaça_de_Gaudí_-_Nativity_Façade_-_View_SW_on_Side_Portal_Showing_Jesus_as_youngster,_amazement_at_his_teaching,_Legendary_as_carpenter's_apprentice_-_Top-_Three_Kings_with_Child_Jesus_&_Mother_Mary_-_Trumpeting_Angels.jpg"
Sagrada_Família,28023,0,commons/South-East_Views_of_the_Sagrada_Família/0/pictures/Barcelona_101DSC_0271_(49187460617).jpg
Sagrada_Família,28023,0,commons/Construction_of_the_Sagrada_Família_in_2015/0/pictures/Barcelona_2015_10_12_0229_(22558098574).jpg
Sagrada_Família,28023,0,commons/Nativity_Facade_of_the_Sagrada_Família/0/pictures/2019_03_16_AIDA_Barcelona_(91).jpg
Sagrada_Família,28023,0,commons/Western_Views_of_the_Nave_of_the_Sagrada_Família/0/pictures/Sagrada_Familia_Barcelona_437.JPG
Sagrada_Família,28023,0,"commons/Exterior_of_the_Cloister_of_the_Sagrada_Família/0/pictures/Nativity_Facade_of_the_Sagrada_Família,_May_2013_-_10.JPG"
Sagrada_Família,28023,0,commons/Portal_of_Hope_of_the_Sagrada_Família/0/pictures/Barcelona_-_La_Sagrada_Família_-_Nativity_Façade_-_Left-_Escape_to_Egypt_-_Centre-_Legendary_Joseph_Teaching_his_Son_the_Carpenter's_Craft_-_Right-_Massacre_of_the_Innocents.jpg
Sagrada_Família,28023,0,"commons/South-East_Views_of_the_Sagrada_Família/0/pictures/471_Basílica_de_la_Sagrada_Família_(Barcelona),_angle_c._Marina_-_c._Mallorca.jpg"
Sagrada_Família,28023,0,commons/Construction_of_the_Sagrada_Família_in_2015/0/pictures/Barcelona_2015_10_12_0228_(22558105034).jpg
Sagrada_Família,28023,0,commons/Nativity_Facade_of_the_Sagrada_Família/0/pictures/2019_03_16_AIDA_Barcelona_(92).jpg
Sagrada_Família,28023,0,commons/Western_Views_of_the_Nave_of_the_Sagrada_Família/0/pictures/Sagrada_Familia_-_panoramio_(29).jpg
Sagrada_Família,28023,0,"commons/Exterior_of_the_Cloister_of_the_Sagrada_Família/0/pictures/Cloister_of_the_Sagrada_Família,_May_2013_-_03.JPG"
Sagrada_Família,28023,0,commons/Portal_of_Faith_of_the_Sagrada_Família/0/pictures/Barcelona_-_panoramio_(252).jpg
Sagrada_Família,28023,0,commons/Sculptures_on_the_forecourt_of_the_Sagrada_Família/0/pictures/Temple_Expiatori_de_la_Sagrada_Família-聖家族贖罪教会_-_panoramio.jpg
Sagrada_Família,28023,0,commons/Construction_of_the_Sagrada_Família_in_2015/0/pictures/Barcelona_2015_013.JPG
Sagrada_Família,28023,0,commons/Exterior_of_the_Cloister_of_the_Sagrada_Família/0/pictures/Exterior_of_the_Sagrada_Família_24.jpg
Sagrada_Família,28023,0,commons/Portal_of_Faith_of_the_Sagrada_Família/0/pictures/Barcelona_-_panoramio_(253).jpg
Sagrada_Família,28023,0,commons/Sculptures_on_the_forecourt_of_the_Sagrada_Família/0/pictures/Sagrada_Família_(2019).jpg
Sagrada_Família,28023,0,commons/Construction_of_the_Sagrada_Família_in_2015/0/pictures/Barcelona_2015_10_12_0210_(22818686429).jpg
Sagrada_Família,28023,0,commons/Western_Views_of_the_Nave_of_the_Sagrada_Família/0/pictures/Sagrada_Familia_1_-_panoramio_(1).jpg
Sagrada_Família,28023,0,"commons/Exterior_of_the_Cloister_of_the_Sagrada_Família/0/pictures/Cloister_of_the_Sagrada_Família,_May_2013_-_02.JPG"
Sagrada_Família,28023,0,commons/Portal_of_Faith_of_the_Sagrada_Família/0/pictures/Barcelona_(9399229878).jpg
Sagrada_Família,28023,0,commons/Sculptures_on_the_forecourt_of_the_Sagrada_Família/0/pictures/Barcelona_-_Temple_Expiatori_de_la_Sagrada_Família_(46).jpg
Sagrada_Família,28023,0,commons/Construction_of_the_Sagrada_Família_in_2015/0/pictures/15-10-28-Sagrada_Familia-WMA_3140.jpg
Sagrada_Família,28023,0,commons/Sculptures_on_the_forecourt_of_the_Sagrada_Família/0/pictures/Sagrada_Familia_-_panoramio_(19).jpg
Sagrada_Família,28023,0,commons/Construction_of_the_Sagrada_Família_in_2015/0/pictures/15-10-28-Sagrada_Familia-WMA_3138.jpg
Sagrada_Família,28023,0,commons/Western_Views_of_the_Nave_of_the_Sagrada_Família/0/pictures/Sagrada_Familia_3.jpg
Sagrada_Família,28023,0,commons/Exterior_of_the_Cloister_of_the_Sagrada_Família/0/pictures/Barcelona_3_2013.jpg
Sagrada_Família,28023,0,commons/Construction_of_the_Sagrada_Família_in_2015/0/pictures/15-10-28-Sagrada_Familia-WMA_3144.jpg
Sagrada_Família,28023,0,commons/Western_Views_of_the_Nave_of_the_Sagrada_Família/0/pictures/Sagrada_Familia_(5).jpg
Sagrada_Família,28023,0,commons/Exterior_of_the_Cloister_of_the_Sagrada_Família/0/pictures/Barcelona_4113.JPG
Sagrada_Família,28023,0,"commons/Portal_of_Charity_of_the_Sagrada_Família/0/pictures/Sagrada_Família,_Barcelona_-_panoramio_(6).jpg"
Sagrada_Família,28023,0,commons/Sculptures_of_the_ship_of_Saint_Joseph_(Nativity_facade_of_the_Sagrada_Família)/0/pictures/Fachada_del_Nacimiento._Pórticos.jpg
Sagrada_Família,28023,0,commons/Construction_of_the_Sagrada_Família_in_2015/0/pictures/15-10-28-Sagrada_Familia-WMA_3125.jpg
Sagrada_Família,28023,0,commons/Sculptures_on_the_forecourt_of_the_Sagrada_Família/0/pictures/Sagrada_Familia_(6622206007).jpg
Sagrada_Família,28023,0,commons/Construction_of_the_Sagrada_Família_in_2015/0/pictures/15-10-28-Sagrada_Familia-WMA_3131.jpg
Sagrada_Família,28023,0,commons/Exterior_of_the_Cloister_of_the_Sagrada_Família/0/pictures/Barcelona_3679.JPG
Sagrada_Família,28023,0,commons/Sculptures_on_the_forecourt_of_the_Sagrada_Família/0/pictures/Sagrada_Familia_2.jpg
Sagrada_Família,28023,0,commons/Construction_of_the_Sagrada_Família_in_2015/0/pictures/15-10-28-Sagrada_Familia-WMA_3127-3136.jpg
Sagrada_Família,28023,0,commons/Western_Views_of_the_Nave_of_the_Sagrada_Família/0/pictures/La_Sagrada_Familia_-_panoramio_(16).jpg
Sagrada_Família,28023,0,commons/Exterior_of_the_Cloister_of_the_Sagrada_Família/0/pictures/Barcelona_-_La_Sagrada_Família_-_View_West.jpg
Sagrada_Família,28023,0,commons/Construction_of_the_Sagrada_Família_in_2015/0/pictures/15-10-28-Sagrada_Familia-WMA_3139.jpg
Sagrada_Família,28023,0,commons/Western_Views_of_the_Nave_of_the_Sagrada_Família/0/pictures/Katedra_sagrada_familia_-_panoramio_-_zbylon_(2).jpg
Sagrada_Família,28023,0,commons/Exterior_of_the_Cloister_of_the_Sagrada_Família/0/pictures/Barcelona_-_La_Sagrada_Família_-_View_NW_on_Passion_façade_I.jpg
Sagrada_Família,28023,0,commons/Portal_of_Charity_of_the_Sagrada_Família/0/pictures/Sagrada_Família_-_panoramio.jpg
Sagrada_Família,28023,0,commons/Sculptures_of_the_Marriage_of_the_Virgin_(Nativity_facade_of_the_Sagrada_Família)/0/pictures/Sculptures_of_the_Marriage_of_the_Virgin_(Nativity_facade_of_the_Sagrada_Família).jpg
Sagrada_Família,28023,0,commons/Construction_of_the_Sagrada_Família_in_2015/0/pictures/15-10-28-Sagrada_Familia-WMA_3121.jpg
Sagrada_Família,28023,0,commons/Western_Views_of_the_Nave_of_the_Sagrada_Família/0/pictures/Katedra_sagrada_familia_-_panoramio_-_zbylon_(1).jpg
Sagrada_Família,28023,0,commons/Exterior_of_the_Cloister_of_the_Sagrada_Família/0/pictures/Barcelona_-_panoramio_(298).jpg
Sagrada_Família,28023,0,"commons/Portal_of_Charity_of_the_Sagrada_Família/0/pictures/Sagrada_Familia,_Nativity_facade_(29)_(30474932344).jpg"
Sagrada_Família,28023,0,commons/Construction_of_the_Sagrada_Família_in_2015/0/pictures/15-10-28-Sagrada_Familia-WMA_3120.jpg
Sagrada_Família,28023,0,"commons/Sculptures_of_the_Marriage_of_the_Virgin_(Nativity_facade_of_the_Sagrada_Família)/0/pictures/Sagrada_Família,_Barcelona_-_panoramio_(9).jpg"
Sagrada_Família,28023,0,commons/Construction_of_the_Sagrada_Família_in_2015/0/pictures/15-10-28-Sagrada_Familia-WMA_3124.jpg
Sagrada_Família,28023,0,"commons/Western_Views_of_the_Nave_of_the_Sagrada_Família/0/pictures/Cloister_of_the_Sagrada_Família,_May_2013_-_03.JPG"
Sagrada_Família,28023,0,commons/Exterior_of_the_Cloister_of_the_Sagrada_Família/0/pictures/Barcelona_-_Plaça_de_Gaudí_-_View_SSW_on_the_Central_Nave_of_La_Sagrada_Família.jpg
Sagrada_Família,28023,0,"commons/Portal_of_Charity_of_the_Sagrada_Família/0/pictures/Portal_of_Charity,_Sagrada_Família,_2015.jpg"
Sagrada_Família,28023,0,commons/Construction_of_the_Sagrada_Família_in_2015/0/pictures/15-10-28-Sagrada_Familia-WMA_3122.jpg
Sagrada_Família,28023,0,commons/Western_Views_of_the_Nave_of_the_Sagrada_Família/0/pictures/Exterior_of_the_Sagrada_Família_21.jpg
Sagrada_Família,28023,0,commons/Exterior_of_the_Cloister_of_the_Sagrada_Família/0/pictures/050529_Barcelona_026.jpg
Sagrada_Família,28023,0,"commons/Portal_of_Charity_of_the_Sagrada_Família/0/pictures/Sagrada_Familia,_Nativity_facade_(14)_(30455882324).jpg"
Sagrada_Família,28023,0,commons/Sculptures_of_the_Marriage_of_the_Virgin_(Nativity_facade_of_the_Sagrada_Família)/0/pictures/Sagrada_Família._Portal_de_l'Esperança_(noces_Maria_i_Josep).jpg
Sagrada_Família,28023,0,commons/Construction_of_the_Sagrada_Família_in_2015/0/pictures/15-10-28-Sagrada_Familia-WMA_3118.jpg
Sagrada_Família,28023,0,"commons/Exterior_of_the_Cloister_of_the_Sagrada_Família/0/pictures/070_Sagrada_Família,_façana_del_Naixement_i_claustre.jpg"
Sagrada_Família,28023,0,commons/Portal_of_Charity_of_the_Sagrada_Família/0/pictures/Sagrada_Familia_detail_4_-_panoramio.jpg
Sagrada_Família,28023,0,commons/Sculptures_of_the_Marriage_of_the_Virgin_(Nativity_facade_of_the_Sagrada_Família)/0/pictures/Sagrada_Família_2013_2.JPG
Sagrada_Família,28023,0,commons/Construction_of_the_Sagrada_Família_in_2015/0/pictures/15-10-28-Sagrada_Familia-WMA_3123.jpg
Sagrada_Família,28023,0,commons/Western_Views_of_the_Nave_of_the_Sagrada_Família/0/pictures/Exterior_of_the_Sagrada_Família_08.jpg
Sagrada_Família,28023,0,commons/Exterior_of_the_Cloister_of_the_Sagrada_Família/0/pictures/Barcelona_-_La_Sagrada_Família_-_View_North_-_Passion_façade.jpg
Sagrada_Família,28023,0,"commons/Portal_of_Charity_of_the_Sagrada_Família/0/pictures/Sagrada_Familia,_Nativity_facade_(10)_(31133473332).jpg"
Sagrada_Família,28023,0,commons/Sculptures_of_the_Marriage_of_the_Virgin_(Nativity_facade_of_the_Sagrada_Família)/0/pictures/Sagrada-Familia-Nativity.jpg
Sagrada_Família,28023,0,commons/Construction_of_the_Sagrada_Família_in_2014/0/pictures/Visita_a_la_Sagrada_Familia_en_Barcelona_(13978597412).jpg
Sagrada_Família,28023,0,commons/Sculptures_of_the_Marriage_of_the_Virgin_(Nativity_facade_of_the_Sagrada_Família)/0/pictures/Sagrada_Familia_0105.JPG
Sagrada_Família,28023,0,commons/Construction_of_the_Sagrada_Família_in_2015/0/pictures/15-10-28-Sagrada_Familia-WMA_3119.jpg
Sagrada_Família,28023,0,commons/Construction_of_the_Sagrada_Família_in_2014/0/pictures/Саграда_Вамилия.jpg
Sagrada_Família,28023,0,commons/Western_Views_of_the_Nave_of_the_Sagrada_Família/0/pictures/Barcelona_4114.JPG
Sagrada_Família,28023,0,commons/Exterior_of_the_Apse_of_the_Sagrada_Família/0/pictures/Temple_Expiatori_de_la_Sagrada_Família_01.jpg
Sagrada_Família,28023,0,commons/Portal_of_Charity_of_the_Sagrada_Família/0/pictures/MG_9958_(8274350395).jpg
Sagrada_Família,28023,0,commons/Sculptures_of_the_Marriage_of_the_Virgin_(Nativity_facade_of_the_Sagrada_Família)/0/pictures/Barcelona_Sagrada_familia_sculptures_in_the_Nativity_Facade_03.jpg
Sagrada_Família,28023,0,"commons/Construction_of_the_Sagrada_Família_in_2014/0/pictures/Sagrada_Família,_Barcelona_-_panoramio_(19).jpg"
Sagrada_Família,28023,0,"commons/Exterior_of_the_Apse_of_the_Sagrada_Família/0/pictures/View_of_Basilica_and_Expiatory_Church_of_the_Holy_Family_(Basílica_i_Temple_Expiatori_de_la_Sagrada_Família)_(_UNESCO_World_Heritage_Site)._Barcelona,_Catalonia,_Spain.jpg"
Sagrada_Família,28023,0,"commons/Portal_of_Charity_of_the_Sagrada_Família/0/pictures/La_Sagrada_Família,_Barcelona_-_panoramio_(19).jpg"
Sagrada_Família,28023,0,commons/Sculptures_of_the_Marriage_of_the_Virgin_(Nativity_facade_of_the_Sagrada_Família)/0/pictures/Barcelona_-_Plaça_de_Gaudí_-_Nativity_Façade_-_View_WSW_on_Legendary_Wedding_Ceremony_of_Joseph_&_Mary.jpg
Sagrada_Família,28023,0,commons/Construction_of_the_Sagrada_Família_in_2014/0/pictures/Towers_-_Passion_Facade_-_Sagrada_Família_-_Barcelona_2014.JPG
Sagrada_Família,28023,0,commons/Exterior_of_the_Apse_of_the_Sagrada_Família/0/pictures/Sagrada_familia-barcelona_-_panoramio_(10).jpg
Sagrada_Família,28023,0,commons/Portal_of_Charity_of_the_Sagrada_Família/0/pictures/Barcelone_-_Sagrada_Familia_2.jpg
Sagrada_Família,28023,0,"commons/Sculptures_of_the_Marriage_of_the_Virgin_(Nativity_facade_of_the_Sagrada_Família)/0/pictures/064_Sagrada_Família,_façana_del_Naixement,_portes_de_l'Esperança_i_la_Caritat.jpg"
Sagrada_Família,28023,0,commons/Construction_of_the_Sagrada_Família_in_2014/0/pictures/Sagrada_familia_passion_2.JPG
Sagrada_Família,28023,0,commons/Construction_of_the_Sagrada_Família_in_2010/0/pictures/Sagrada_de_familia_-_panoramio_-_Evgeniy_Metyolkin_(5).jpg
Sagrada_Família,28023,0,commons/Sculpture_of_the_Presentation_of_Jesus_(Nativity_facade_of_the_Sagrada_Família)/0/pictures/2019_03_16_AIDA_Barcelona_(93).jpg
Sagrada_Família,28023,0,commons/Construction_of_the_Sagrada_Família_in_2010/0/pictures/Sagrada_de_familia_-_panoramio_-_Evgeniy_Metyolkin_(4).jpg
Sagrada_Família,28023,0,commons/West_sacristy_of_the_Sagrada_Família/0/pictures/Exterior_of_the_Sagrada_Família_43.jpg
Sagrada_Família,28023,0,commons/Exterior_of_the_Apse_of_the_Sagrada_Família/0/pictures/Sagrada_Familia005.jpg
Sagrada_Família,28023,0,commons/Sculptures_of_the_Flight_to_Egypt_(Nativity_facade_of_the_Sagrada_Família)/0/pictures/Barcelona_Sagrada_familia_sculptures_in_the_Nativity_Facade_2017_07.jpg
Sagrada_Família,28023,0,"commons/Construction_of_the_Sagrada_Família_in_2014/0/pictures/Sagrada_Familia_Basilica,_Barcelona_03.jpg"
Sagrada_Família,28023,0,"commons/Sculpture_of_the_Papal_Coat_of_Arms_(Sagrada_Família,_1882)/0/pictures/Sagrada_Familia_circa_1882_(3402682033).jpg"
Sagrada_Família,28023,0,"commons/Construction_of_the_Sagrada_Família_in_2010/0/pictures/Sagrada_Família,_Barcelona_-_Mar_2010.jpg"
Sagrada_Família,28023,0,commons/West_sacristy_of_the_Sagrada_Família/0/pictures/Exterior_of_the_Sagrada_Família_31.jpg
Sagrada_Família,28023,0,commons/Exterior_of_the_Apse_of_the_Sagrada_Família/0/pictures/Sagrada_Familia-01.jpg
Sagrada_Família,28023,0,commons/Construction_of_the_Sagrada_Família_in_2014/0/pictures/Sagrada_Familia_Barcelona_436.JPG
Sagrada_Família,28023,0,"commons/Sculpture_of_the_Presentation_of_Jesus_(Nativity_facade_of_the_Sagrada_Família)/0/pictures/002_Sagrada_Família,_façana_del_Naixement,_Porta_de_la_Fe.jpg"
Sagrada_Família,28023,0,commons/Construction_of_the_Sagrada_Família_in_2010/0/pictures/Sagrada_Familia1.jpg
Sagrada_Família,28023,0,"commons/Sculptures_of_the_Flight_to_Egypt_(Nativity_facade_of_the_Sagrada_Família)/0/pictures/009_Sagrada_Família,_façana_del_Naixement,_porta_de_l'Esperança,_fugida_a_Egipte.jpg"
Sagrada_Família,28023,0,commons/Construction_of_the_Sagrada_Família_in_2014/0/pictures/Sagrada_Familia_Barcelona_435.JPG
Sagrada_Família,28023,0,commons/Sculpture_of_the_Nativity_(Nativity_facade_of_the_Sagrada_Família)/0/pictures/Segrada_familia_facade_statues.JPG
Sagrada_Família,28023,0,"commons/Construction_of_the_Sagrada_Família_in_2010/0/pictures/Sagrada_Familiar,_Barcelona_-_panoramio.jpg"
Sagrada_Família,28023,0,commons/West_sacristy_of_the_Sagrada_Família/0/pictures/Basilica_Sagrada_Familia_BCN_04_2016_6919.jpg
Sagrada_Família,28023,0,commons/Exterior_of_the_Apse_of_the_Sagrada_Família/0/pictures/Sagrada_Familia_8-12-21_(6).jpg
Sagrada_Família,28023,0,commons/Construction_of_the_Sagrada_Família_in_2014/0/pictures/Sagrada_Familia_Barcelona_036.JPG
Sagrada_Família,28023,0,"commons/Sculpture_of_the_Papal_Coat_of_Arms_(Sagrada_Família,_1882)/0/pictures/Exterior_of_the_Sagrada_Família_(3).jpg"
Sagrada_Família,28023,0,commons/Construction_of_the_Sagrada_Família_in_2010/0/pictures/Sagrada_Família_(1).jpg
Sagrada_Família,28023,0,commons/Sculptures_of_plants_in_the_Sagrada_Família/0/pictures/Барселона_-_panoramio_(56).jpg
Sagrada_Família,28023,0,commons/Construction_of_the_Sagrada_Família_in_2014/0/pictures/Sagrada_Familia_Barcelona_0.JPG
Sagrada_Família,28023,0,"commons/Sculpture_of_the_Papal_Coat_of_Arms_(Sagrada_Família,_1882)/0/pictures/Katedra_sagrada_familia_-_panoramio_-_zbylon.jpg"
Sagrada_Família,28023,0,commons/Construction_of_the_Sagrada_Família_in_2010/0/pictures/Sagrada_Familia_Side.jpg
Sagrada_Família,28023,0,commons/Construction_of_the_Sagrada_Família_in_2014/0/pictures/Sagrada_Familia_Barcelona_426.JPG
Sagrada_Família,28023,0,commons/Construction_of_the_Sagrada_Família_in_2010/0/pictures/Sagrada_Familia_(8062266004).jpg
Sagrada_Família,28023,0,commons/Construction_of_the_Sagrada_Família_in_2010/0/pictures/Sagrada_Familia_(8062264017).jpg
Sagrada_Família,28023,0,commons/Exterior_of_the_Apse_of_the_Sagrada_Família/0/pictures/Sagrada_Famiglia_di_Barcellona_(2).jpg
Sagrada_Família,28023,0,commons/Construction_of_the_Sagrada_Família_in_2014/0/pictures/Sagrada_Familia_-_2014_-_construction.JPG
Sagrada_Família,28023,0,commons/Sculpture_of_the_Nativity_(Nativity_facade_of_the_Sagrada_Família)/0/pictures/Sagrada_Família_-_panoramio_(8).jpg
Sagrada_Família,28023,0,commons/Construction_of_the_Sagrada_Família_in_2010/0/pictures/La_Sagrada_Familia_Front_-_panoramio.jpg
Sagrada_Família,28023,0,"commons/Sculpture_of_the_Nativity_(Nativity_facade_of_the_Sagrada_Família)/0/pictures/Sagrada_Familia,_Nativity_facade_(32)_(31152417282).jpg"
Sagrada_Família,28023,0,commons/Construction_of_the_Sagrada_Família_in_2010/0/pictures/Lascar_Sagrada_Familia_-_Nativity_façade_(Cranes_partially_removed)_(4469809806).jpg
Sagrada_Família,28023,0,"commons/Sculpture_of_the_Nativity_(Nativity_facade_of_the_Sagrada_Família)/0/pictures/Sagrada_Familia,_Barcelona_(31985703286).jpg"
Sagrada_Família,28023,0,commons/Construction_of_the_Sagrada_Família_in_2010/0/pictures/La_Sagrada_Familia_-_trabajo_en_curso_para_siempre_-_panoramio.jpg
Sagrada_Família,28023,0,commons/Exterior_of_the_Apse_of_the_Sagrada_Família/0/pictures/SF_-_Absis_2018.jpg
Sagrada_Família,28023,0,commons/Construction_of_the_Sagrada_Família_in_2014/0/pictures/Die_Basilika_Sagrada_Familia_3.jpg
Sagrada_Família,28023,0,"commons/Sculpture_of_the_Nativity_(Nativity_facade_of_the_Sagrada_Família)/0/pictures/Sagrada_Familia,_Nativity_facade_(31)_(30488714743).jpg"
Sagrada_Família,28023,0,commons/Construction_of_the_Sagrada_Família_in_2010/0/pictures/La_Sagrada_Familia_-_panoramio_(6).jpg
Sagrada_Família,28023,0,"commons/Sculpture_of_the_Nativity_(Nativity_facade_of_the_Sagrada_Família)/0/pictures/Sagrada_Familia,_Nativity_facade_(12)_(31162972691).jpg"
Sagrada_Família,28023,0,commons/Construction_of_the_Sagrada_Família_in_2010/0/pictures/La_Sagrada_Familia_Barcelona.jpg
Sagrada_Família,28023,0,commons/Sculpture_of_the_Nativity_(Nativity_facade_of_the_Sagrada_Família)/0/pictures/Sagrada_Familia_0113.JPG
Sagrada_Família,28023,0,commons/Construction_of_the_Sagrada_Família_in_2010/0/pictures/La_Sagrada_Familia_-_panoramio_(7).jpg
Sagrada_Família,28023,0,commons/Sculpture_of_the_Nativity_(Nativity_facade_of_the_Sagrada_Família)/0/pictures/Sagrada_Familia_Weihnachtsfassade.jpg
Sagrada_Família,28023,0,commons/Construction_of_the_Sagrada_Família_in_2010/0/pictures/La_Sagrada_Familia_(8841823155).jpg
Sagrada_Família,28023,0,"commons/Sculpture_of_the_Nativity_(Nativity_facade_of_the_Sagrada_Família)/0/pictures/Nativity_Facade_of_the_Sagrada_Família,_May_2013_-_14.JPG"
Sagrada_Família,28023,0,commons/Construction_of_the_Sagrada_Família_in_2010/0/pictures/Barcelona_245.JPG
Sagrada_Família,28023,0,"commons/Sculpture_of_the_Nativity_(Nativity_facade_of_the_Sagrada_Família)/0/pictures/Nativity_Facade_of_the_Sagrada_Família,_May_2013_-_08.JPG"
Sagrada_Família,28023,0,commons/Construction_of_the_Sagrada_Família_in_2010/0/pictures/Barcelona_247.JPG
Sagrada_Família,28023,0,commons/Exterior_of_the_Apse_of_the_Sagrada_Família/0/pictures/La_Sagrada_Família_(3961838373).jpg
Sagrada_Família,28023,0,commons/Construction_of_the_Sagrada_Família_in_2014/0/pictures/Barcelona_1069_14.jpg
Sagrada_Família,28023,0,commons/Sculpture_of_the_Nativity_(Nativity_facade_of_the_Sagrada_Família)/0/pictures/Nativity_-_Nativity_Facade_-_Sagrada_Família_-_Barcelona_2014_(2).JPG
Sagrada_Família,28023,0,commons/Construction_of_the_Sagrada_Família_in_2010/0/pictures/Barcelona_(4719733151).jpg
Sagrada_Família,28023,0,commons/Exterior_of_the_Apse_of_the_Sagrada_Família/0/pictures/Barcelona_4098.JPG
Sagrada_Família,28023,0,"commons/Construction_of_the_Sagrada_Família_in_2014/0/pictures/283_Sagrada_Família,_torres_de_la_façana_de_la_Passió.JPG"
Sagrada_Família,28023,0,commons/Construction_of_the_Sagrada_Família_in_the_1990s/0/pictures/SF-KIRKA.jpg
Sagrada_Família,28023,0,"commons/Sculpture_of_the_Nativity_(Nativity_facade_of_the_Sagrada_Família)/0/pictures/La_Sagrada_Família,_Barcelona_-_panoramio_(20).jpg"
Sagrada_Família,28023,0,commons/Construction_of_the_Sagrada_Família_in_2009/0/pictures/Vista_de_la_sagrada_familia.jpg
Sagrada_Família,28023,0,commons/Exterior_of_the_Apse_of_the_Sagrada_Família/0/pictures/Barcelona_2015_10_12_3288_(23186609435).jpg
Sagrada_Família,28023,0,"commons/Construction_of_the_Sagrada_Família_in_2014/0/pictures/Antoni_Gaudi's_Sagrada_Familia,_Barcelona_(Ank_Kumar)_02.jpg"
Sagrada_Família,28023,0,commons/Construction_of_the_Sagrada_Família_in_2010/0/pictures/Barcelona_(4720368660).jpg
Sagrada_Família,28023,0,"commons/Exterior_of_the_Apse_of_the_Sagrada_Família/0/pictures/Barcelona,_Sagrada_família,_detall_façana_naixement_RI-51-0003813.jpg"
Sagrada_Família,28023,0,commons/Sculptures_of_Veil_of_Veronica_and_Bearing_of_the_Cross_at_the_Passion_Facade_of_the_Sagrada_Família/0/pictures/Untitled_-_panoramio_-_roadmap_(8).jpg
Sagrada_Família,28023,0,"commons/Construction_of_the_Sagrada_Família_in_2014/0/pictures/275_Sagrada_Família,_torres_de_la_façana_de_la_Passió.JPG"
Sagrada_Família,28023,0,commons/Cross_of_the_Pediment_of_the_Passion_Facade_of_the_Sagrada_Família/0/pictures/Exterior_of_the_Sagrada_Família_18.jpg
Sagrada_Família,28023,0,commons/Construction_of_the_Sagrada_Família_in_2010/0/pictures/Barcelona_(4719734865).jpg
Sagrada_Família,28023,0,"commons/Construction_of_the_Sagrada_Família_in_2014/0/pictures/282_Als_donants_d'òrgans_i_teixits,_pl._Sagrada_Família.JPG"
Sagrada_Família,28023,0,commons/Construction_of_the_Sagrada_Família_in_2023/0/pictures/SF_-_Torre_Sant_Lluc.jpg
Sagrada_Família,28023,0,commons/Sculpture_of_the_Nativity_(Nativity_facade_of_the_Sagrada_Família)/0/pictures/Gaudí_Greatness_(40031100).jpeg
Sagrada_Família,28023,0,commons/Construction_of_the_Sagrada_Família_in_2009/0/pictures/尚未完工的聖家族教堂_-_panoramio.jpg
Sagrada_Família,28023,0,commons/Construction_of_the_Sagrada_Família_in_2023/0/pictures/Sagrada_Familia_10.jpg
Sagrada_Família,28023,0,commons/Construction_of_the_Sagrada_Família_in_2009/0/pictures/Temple_Expiatori_de_la_Sagrada_Familia_(3).jpg
Sagrada_Família,28023,0,commons/Cloister_of_the_Sagrada_Família/0/pictures/Exterior_of_the_Sagrada_Família_52.jpg
Sagrada_Família,28023,0,"commons/Construction_of_the_Sagrada_Família_in_2023/0/pictures/474_Basílica_de_la_Sagrada_Família_(Barcelona),_angle_c._Mallorca_-_c._Sardenya.jpg"
Sagrada_Família,28023,0,commons/Construction_of_the_Sagrada_Família_in_2009/0/pictures/Sagrada_Familia_-_panoramio_-_patano.jpg
Sagrada_Família,28023,0,commons/Sculptures_of_Veil_of_Veronica_and_Bearing_of_the_Cross_at_the_Passion_Facade_of_the_Sagrada_Família/0/pictures/Sagrada_Família_3_-_panoramio.jpg
Sagrada_Família,28023,0,commons/Construction_of_the_Sagrada_Família_in_2013/0/pictures/Towers_of_the_Sagrada_Família-2.jpg
Sagrada_Família,28023,0,"commons/Magic_square_of_the_Sagrada_Família/0/pictures/Sagrada_Familia,_fachada.jpg"
Sagrada_Família,28023,0,commons/Sculpture_of_the_Nativity_(Nativity_facade_of_the_Sagrada_Família)/0/pictures/Barcelona_Sagrada_Familia_2019_18.jpg
Sagrada_Família,28023,0,commons/Construction_of_the_Sagrada_Família_in_2009/0/pictures/Sagrada_Familia_Towers_(3402747129).jpg
Sagrada_Família,28023,0,commons/Exterior_of_the_Apse_of_the_Sagrada_Família/0/pictures/Exterior_Sagrada_Família1.jpg
Sagrada_Família,28023,0,commons/Construction_of_the_Sagrada_Família_in_2014/0/pictures/Barcelona_1069_18.jpg
Sagrada_Família,28023,0,"commons/Sculpture_of_the_Nativity_(Nativity_facade_of_the_Sagrada_Família)/0/pictures/Annunciation,_Star_of_Bethlehem_and_Nativity_-_Nativity_Facade_-_Sagrada_Família_-_Barcelona_2014.jpg"
Sagrada_Família,28023,0,commons/Construction_of_the_Sagrada_Família_in_2009/0/pictures/Sagrada_Familia_-_panoramio_(15).jpg
Sagrada_Família,28023,0,commons/Exterior_of_the_Apse_of_the_Sagrada_Família/0/pictures/Barcelona_-_Carrer_de_Provença_-_View_East_on_La_Sagrada_Família_II.jpg
Sagrada_Família,28023,0,"commons/Pinnacles_of_the_Sagrada_Família/0/pictures/Barcelona,_Spain_-_Basilica_and_Expiatory_Church_of_the_Holy_Family_-_Basílica_y_Templo_Expiatorio_de_la_Sagrada_Familia_-_Spires.jpg"
Sagrada_Família,28023,0,commons/Sculptures_of_Veil_of_Veronica_and_Bearing_of_the_Cross_at_the_Passion_Facade_of_the_Sagrada_Família/0/pictures/Pórtico_Sagrada_Familia_-_panoramio.jpg
Sagrada_Família,28023,0,"commons/Construction_of_the_Sagrada_Família_in_2013/0/pictures/Templo_Expiatorio_de_la_Sagrada_Familia,_2013_(3).JPG"
Sagrada_Família,28023,0,commons/Construction_of_the_Sagrada_Família_in_2021/0/pictures/TEMPLE_EXPIATORI_DE_LA_SAGRADA_FAMÍLIA_24012021_(1)_32.jpg
Sagrada_Família,28023,0,commons/Sculpture_of_the_Nativity_(Nativity_facade_of_the_Sagrada_Família)/0/pictures/2008_Sagrada_Familia_27.JPG
Sagrada_Família,28023,0,commons/Construction_of_the_Sagrada_Família_in_2009/0/pictures/Sagrada_Familia_-_in_construction_-_panoramio.jpg
Sagrada_Família,28023,0,commons/Construction_of_the_Sagrada_Família_in_2021/0/pictures/TEMPLE_EXPIATORI_DE_LA_SAGRADA_FAMÍLIA_24012021_(1)_20.jpg
Sagrada_Família,28023,0,commons/Construction_of_the_Sagrada_Família_in_2009/0/pictures/La_sagrada_famiglia_-_panoramio.jpg
Sagrada_Família,28023,0,commons/Exterior_of_the_Apse_of_the_Sagrada_Família/0/pictures/Barcelona_-_Avinguda_de_Gaudí_-_View_South_on_La_Sagrada_Família_-_Nativity_façade.jpg
Sagrada_Família,28023,0,"commons/Sculptures_of_Veil_of_Veronica_and_Bearing_of_the_Cross_at_the_Passion_Facade_of_the_Sagrada_Família/0/pictures/Passion_Facade_of_the_Sagrada_Família,_May_2013_-_13.JPG"
Sagrada_Família,28023,0,"commons/Construction_of_the_Sagrada_Família_in_2013/0/pictures/Sagrada_Família,_Plaça_de_Gaudí,_Barcelona,_España_-_panoramio.jpg"
Sagrada_Família,28023,0,commons/Magic_square_of_the_Sagrada_Família/0/pictures/Barcelona_2015_10_12_0264_(22559465403).jpg
Sagrada_Família,28023,0,commons/Construction_of_the_Sagrada_Família_in_2021/0/pictures/Basílica_de_la_Sagrada_Familia_(13).jpg
Sagrada_Família,28023,0,commons/Sculpture_of_the_Massacre_of_the_Innocents_(Nativity_facade_of_the_Sagrada_Família)/0/pictures/Fachada_del_Nacimiento._Pórticos.jpg
Sagrada_Família,28023,0,commons/Construction_of_the_Sagrada_Família_in_2009/0/pictures/Barcelona_-_Plaça_de_la_Sagrada_Família_-_View_NE_on_La_Sagrada_Família_-_Passion_façade_I.jpg
Sagrada_Família,28023,0,commons/Sculptures_of_Veil_of_Veronica_and_Bearing_of_the_Cross_at_the_Passion_Facade_of_the_Sagrada_Família/0/pictures/Barcelona_Sagrada_Familia_2019_54.jpg
Sagrada_Família,28023,0,"commons/Construction_of_the_Sagrada_Família_in_2013/0/pictures/Sagrada_Familia,_Barcelona_(24078113639).jpg"
Sagrada_Família,28023,0,commons/Sculpture_of_the_Massacre_of_the_Innocents_(Nativity_facade_of_the_Sagrada_Família)/0/pictures/Fale_-_Spain_-_Barcelona_-_128.jpg
Sagrada_Família,28023,0,"commons/Construction_of_the_Sagrada_Família_in_2009/0/pictures/Fachada_del_Nacimiento_-_Templo_de_la_Sagrada_Família,_Barcelona_2.jpg"
Sagrada_Família,28023,0,"commons/Sculptures_of_Veil_of_Veronica_and_Bearing_of_the_Cross_at_the_Passion_Facade_of_the_Sagrada_Família/0/pictures/Barcelona,_Sagrada_Familia,_Veronica_01.jpg"
Sagrada_Família,28023,0,commons/Construction_of_the_Sagrada_Família_in_2013/0/pictures/Sagrada_Familial_Février_2013_3.JPG
Sagrada_Família,28023,0,commons/Construction_of_the_Sagrada_Família_in_2021/0/pictures/Sagrada_Familia_(Barcelona)_06-7-2021.jpg
Sagrada_Família,28023,0,commons/Construction_of_the_Sagrada_Família_in_2009/0/pictures/Barcelona_Tres_-_009_(3466918784).jpg
Sagrada_Família,28023,0,commons/Sculptures_of_Veil_of_Veronica_and_Bearing_of_the_Cross_at_the_Passion_Facade_of_the_Sagrada_Família/0/pictures/Detalle_sagrada_familia.jpg
Sagrada_Família,28023,0,"commons/Construction_of_the_Sagrada_Família_in_2013/0/pictures/Sagrada_Familia,_Barcelona,Spain_2013-09-03_20-54.jpg"
Sagrada_Família,28023,0,commons/Construction_of_the_Sagrada_Família_in_2021/0/pictures/SF_ábside_2021.jpg
Sagrada_Família,28023,0,commons/Sculpture_of_the_Massacre_of_the_Innocents_(Nativity_facade_of_the_Sagrada_Família)/0/pictures/Barcelona_-_La_Sagrada_Família_-_Nativity_Façade_-_Massacre_of_the_Innocents.jpg
Sagrada_Família,28023,0,commons/Construction_of_the_Sagrada_Família_in_2009/0/pictures/Barcelona-Sagrada_Familia_by_Antonio_Gaudi.jpg
Sagrada_Família,28023,0,commons/Construction_of_the_Sagrada_Família_in_2021/0/pictures/SF_lago_2021.jpg
Sagrada_Família,28023,0,commons/Sculpture_of_the_Massacre_of_the_Innocents_(Nativity_facade_of_the_Sagrada_Família)/0/pictures/Fale_-_Spain_-_Barcelona_-_126.jpg
Sagrada_Família,28023,0,commons/Construction_of_the_Sagrada_Família_in_2009/0/pictures/Barcelona_-_Plaça_de_Gaudí_-_View_SW_on_La_Sagrada_Família_-_Nativity_façade_I.jpg
Sagrada_Família,28023,0,commons/Sculptures_of_Veil_of_Veronica_and_Bearing_of_the_Cross_at_the_Passion_Facade_of_the_Sagrada_Família/0/pictures/Sagrada_Familia_4.jpg
Sagrada_Família,28023,0,"commons/Construction_of_the_Sagrada_Família_in_2013/0/pictures/Templo_Expiatorio_de_la_Sagrada_Familia,_2013_(1).JPG"
Sagrada_Família,28023,0,commons/Magic_square_of_the_Sagrada_Família/0/pictures/Quadrat_màgic.jpg
Sagrada_Família,28023,0,"commons/Eucharist_Door_at_the_Glory_Facade_of_the_Sagrada_Família/0/pictures/La_Sagrada_Familia,_Barcelona,_Spain_-_panoramio_(80).jpg"
Sagrada_Família,28023,0,commons/Sculptures_of_Veil_of_Veronica_and_Bearing_of_the_Cross_at_the_Passion_Facade_of_the_Sagrada_Família/0/pictures/ES_Barcelona_0711_(17)_(16614412283).jpg
Sagrada_Família,28023,0,"commons/Construction_of_the_Sagrada_Família_in_2013/0/pictures/Sagrada_Familia,_May_7,_2013_-_panoramio_(1).jpg"
Sagrada_Família,28023,0,"commons/Left-side_Gospel_Door_at_the_Passion_Facade_of_the_Sagrada_Família/0/pictures/La_Sagrada_Familia,_Barcelona,_Spain_-_panoramio_(79).jpg"
Sagrada_Família,28023,0,commons/Construction_of_the_Sagrada_Família_in_2021/0/pictures/Barcelona_23_25_00_118000.jpeg
Sagrada_Família,28023,0,commons/North-West_Views_of_the_Sagrada_Família/0/pictures/Sagrada_Familia_tower_and_construction_crane_(18602128418).jpg
Sagrada_Família,28023,0,commons/Sculpture_of_the_Massacre_of_the_Innocents_(Nativity_facade_of_the_Sagrada_Família)/0/pictures/Barcelona_-_La_Sagrada_Família_-_Nativity_Façade_-_Massacre_of_the_Innocents_&_Trumpeting_Angels_II.jpg
Sagrada_Família,28023,0,commons/Construction_of_the_Sagrada_Família_in_2009/0/pictures/Barcelona_-_Plaça_de_Gaudí_-_View_SW_on_La_Sagrada_Família_II.jpg
Sagrada_Família,28023,0,commons/Sculptures_of_Veil_of_Veronica_and_Bearing_of_the_Cross_at_the_Passion_Facade_of_the_Sagrada_Família/0/pictures/ES_Barcelona_0711_(16)_(17234611035).jpg
Sagrada_Família,28023,0,commons/Construction_of_the_Sagrada_Família_in_2013/0/pictures/Sagrada_Familial_Février_2013.JPG
Sagrada_Família,28023,0,commons/Sculpture_of_the_Massacre_of_the_Innocents_(Nativity_facade_of_the_Sagrada_Família)/0/pictures/Barcelona_-_Plaça_de_Gaudí_-_Nativity_Façade_-_View_WSW_on_Massacre_of_the_Innocents.jpg
Sagrada_Família,28023,0,commons/Construction_of_the_Sagrada_Família_in_2009/0/pictures/Barcelona_-_La_Sagrada_Família_-_View_North_-_Passion_façade.jpg
Sagrada_Família,28023,0,commons/Construction_of_the_Sagrada_Família_in_2009/0/pictures/Barcelona_-_Carrer_de_Provença_-_View_East_on_La_Sagrada_Família_-_Passion_façade.jpg
Sagrada_Família,28023,0,commons/Construction_of_the_Sagrada_Família_in_2009/0/pictures/Barcelona_-_Carrer_de_Sardenya_-_View_East_on_La_Sagrada_Família.jpg
Sagrada_Família,28023,0,commons/Sculptures_of_Veil_of_Veronica_and_Bearing_of_the_Cross_at_the_Passion_Facade_of_the_Sagrada_Família/0/pictures/Barcelona_-_Plaça_de_la_Sagrada_Família_-_Passion_Façade_-_View_NW_on_Joseph_of_Arimathea.jpg
Sagrada_Família,28023,0,commons/Construction_of_the_Sagrada_Família_in_2013/0/pictures/Sagrada_Familia_Façade_La_Passion.JPG
Sagrada_Família,28023,0,commons/Jesus_teaching_in_the_Temple_(Nativity_facade_of_the_Sagrada_Família)/0/pictures/TTTT6.JPG
Sagrada_Família,28023,0,commons/Sculpture_of_the_Lamentation_in_the_Passion_Facade_of_the_Sagrada_Família/0/pictures/Deposition_and_Lamentation_-_Sagrada_Familia_-_Barcelona_2014.JPG
Sagrada_Família,28023,0,commons/Construction_of_the_Sagrada_Família_in_2009/0/pictures/Barcelona_-_037_(3466863024).jpg
Sagrada_Família,28023,0,commons/Sculptures_of_Veil_of_Veronica_and_Bearing_of_the_Cross_at_the_Passion_Facade_of_the_Sagrada_Família/0/pictures/Barcelona_-_Plaça_de_la_Sagrada_Família_-_Passion_Façade_-_View_NE_on_the_Via_Dolorosa.jpg
Sagrada_Família,28023,0,commons/Construction_of_the_Sagrada_Família_in_2013/0/pictures/Sagrada_Familia_en_Barcelona_(9244642301).jpg
Sagrada_Família,28023,0,"commons/Jesus_teaching_in_the_Temple_(Nativity_facade_of_the_Sagrada_Família)/0/pictures/Sagrada_Familia,_Nativity_facade_(8)_(30910335860).jpg"
Sagrada_Família,28023,0,commons/Construction_of_the_Sagrada_Família_in_2008/0/pictures/Sflia5.jpg
Sagrada_Família,28023,0,commons/Sculptures_of_Jesus_among_the_Doctors_(Nativity_facade_of_the_Sagrada_Família)/0/pictures/Sagrada_Familia_Façade_(3409525946).jpg
Sagrada_Família,28023,0,commons/Construction_of_the_Sagrada_Família_in_2013/0/pictures/Obres_a_la_façana_de_la_Passió_-_2013_a.JPG
Sagrada_Família,28023,0,"commons/Sculpture_of_the_Annunciation_(Nativity_facade_of_the_Sagrada_Família)/0/pictures/Nativity_facade_of_the_Sagrada_Familia,_February_2013_-_02.JPG"
Sagrada_Família,28023,0,commons/Construction_of_the_Sagrada_Família_in_2008/0/pictures/SagradaFamiliaNordfassade.jpg
Sagrada_Família,28023,0,commons/Construction_of_the_Sagrada_Família_in_2019/0/pictures/Barcelona_101DSC_0295_(49192708627).jpg
Sagrada_Família,28023,0,commons/Nativity_facade_towers_of_the_Sagrada_Família/0/pictures/Towers_-_Nativity_Facade_-_Sagrada_Família_-_Barcelona_2014.JPG
Sagrada_Família,28023,0,"commons/Sculpture_of_the_Annunciation_(Nativity_facade_of_the_Sagrada_Família)/0/pictures/Barcelona_-_La_Sagrada_Família_-_Nativity_Façade_-_Upward_View_on_Star_of_Bethlehem,_Annunciation_&_Blessing_by_Archangel_Gabriel_to_Mary,_Listening_Baby_Ear_&_Antique_Hearing_Aid_Instrument_Hidden_in_Decoration.jpg"
Sagrada_Família,28023,0,"commons/Construction_of_the_Sagrada_Família_in_2008/0/pictures/Sagrada_Familia,_another_view.JPG"
Sagrada_Família,28023,0,commons/Sculpture_of_Crucifixion_of_Christ_at_the_Passion_Facade_of_the_Sagrada_Família/0/pictures/Detalle_sagrada_familia.jpg
Sagrada_Família,28023,0,commons/Construction_of_the_Sagrada_Família_in_2019/0/pictures/2019_03_16_AIDA_Barcelona_(98).jpg
Sagrada_Família,28023,0,commons/Sculpture_of_the_Adoration_of_the_Shepherds_(Nativity_facade_of_the_Sagrada_Família)/0/pictures/Sagrada_Família_-_panoramio_(10).jpg
Sagrada_Família,28023,0,commons/Construction_of_the_Sagrada_Família_in_2008/0/pictures/Sagrada_Familia_al_Atardecer.JPG
Sagrada_Família,28023,0,commons/Sculpture_of_Crucifixion_of_Christ_at_the_Passion_Facade_of_the_Sagrada_Família/0/pictures/Barcelona_264.JPG
Sagrada_Família,28023,0,commons/Eastern_Views_of_the_Sagrada_Família/0/pictures/Sagrada_Famìlia_-_panoramio_(1).jpg
Sagrada_Família,28023,0,commons/Passion_facade_towers_of_the_Sagrada_Família/0/pictures/Sagrada_Familia023.jpg
Sagrada_Família,28023,0,commons/Construction_of_the_Sagrada_Família_in_2013/0/pictures/ES-BCN-sagr-fam-von-pedrera-1.jpg
Sagrada_Família,28023,0,commons/Construction_of_the_Sagrada_Família_in_2019/0/pictures/2019_03_16_AIDA_Barcelona_(90).jpg
Sagrada_Família,28023,0,commons/Nativity_facade_towers_of_the_Sagrada_Família/0/pictures/Устремленный_ввысь_-_panoramio.jpg
Sagrada_Família,28023,0,"commons/Sculpture_of_the_Adoration_of_the_Shepherds_(Nativity_facade_of_the_Sagrada_Família)/0/pictures/Nativity_Facade_of_the_Sagrada_Família,_May_2013_-_17.JPG"
Sagrada_Família,28023,0,commons/Construction_of_the_Sagrada_Família_in_2008/0/pictures/Sagrada_Familia_-_panoramio_-_Michael_Paraskevas.jpg
Sagrada_Família,28023,0,commons/Sculpture_of_Crucifixion_of_Christ_at_the_Passion_Facade_of_the_Sagrada_Família/0/pictures/Barcelona-gm3.jpg
Sagrada_Família,28023,0,commons/Sculpture_of_the_Adoration_of_the_Shepherds_(Nativity_facade_of_the_Sagrada_Família)/0/pictures/Sagrada_Familia_détail.JPG
Sagrada_Família,28023,0,commons/Construction_of_the_Sagrada_Família_in_2008/0/pictures/Sagrada_Familia_-_panoramio_-_Michael_Paraskevas_(1).jpg
Sagrada_Família,28023,0,commons/Sculpture_of_Crucifixion_of_Christ_at_the_Passion_Facade_of_the_Sagrada_Família/0/pictures/Barcelona_-_Temple_Expiatori_de_la_Sagrada_Família_(42).jpg
Sagrada_Família,28023,0,commons/Sculpture_of_the_Adoration_of_the_Shepherds_(Nativity_facade_of_the_Sagrada_Família)/0/pictures/Eixample_-_Sagrada_Família_-_20150828134912.jpg
Sagrada_Família,28023,0,commons/Construction_of_the_Sagrada_Família_in_2008/0/pictures/Sagrada_Familia_-_panoramio_(6).jpg
Sagrada_Família,28023,0,commons/Sculpture_of_Crucifixion_of_Christ_at_the_Passion_Facade_of_the_Sagrada_Família/0/pictures/Barcelona_-_Temple_Expiatori_de_la_Sagrada_Família_(35).jpg
Sagrada_Família,28023,0,commons/Sculptures_in_the_Nativity_Facade_of_the_Sagrada_Família/0/pictures/Lascar_Detail_of_the_intricated_nativity_façade_-_Sagrada_Familia_(4469071499).jpg
Sagrada_Família,28023,0,commons/Construction_of_the_Sagrada_Família_in_2013/0/pictures/Catalunya_2013_Barcelona_028.JPG
Sagrada_Família,28023,0,commons/Construction_of_the_Sagrada_Família_in_2018/0/pictures/SF_-_Passió_2018.jpg
Sagrada_Família,28023,0,commons/Nativity_facade_towers_of_the_Sagrada_Família/0/pictures/Temple_Expiatori_de_la_Sagrada_Familia_(5).jpg
Sagrada_Família,28023,0,commons/Sculpture_of_the_Adoration_of_the_Shepherds_(Nativity_facade_of_the_Sagrada_Família)/0/pictures/Barcelona_Sagrada_familia_sculptures_in_the_Nativity_Facade_2017_02.jpg
Sagrada_Família,28023,0,commons/Construction_of_the_Sagrada_Família_in_2008/0/pictures/Sagrada_Familia_-_panoramio_-_Filippo_Piazza.jpg
Sagrada_Família,28023,0,commons/Eastern_Views_of_the_Sagrada_Família/0/pictures/Sagrada_Familia_-_panoramio_(30).jpg
Sagrada_Família,28023,0,"commons/Passion_facade_towers_of_the_Sagrada_Família/0/pictures/Sagrada_Familia,_frontal_view.JPG"
Sagrada_Família,28023,0,commons/Sculptures_in_the_Nativity_Facade_of_the_Sagrada_Família/0/pictures/Die_Geburtsfassade_der_Sagrada_Familia_im_Detail.jpg
Sagrada_Família,28023,0,commons/Construction_of_the_Sagrada_Família_in_2013/0/pictures/Catedral_de_la_Sagrada_Familia_Panorama_4.jpg
Sagrada_Família,28023,0,commons/Construction_of_the_Sagrada_Família_in_2008/0/pictures/Sagrada_Familia_-_panoramio_(1).jpg
Sagrada_Família,28023,0,commons/Sculpture_of_Crucifixion_of_Christ_at_the_Passion_Facade_of_the_Sagrada_Família/0/pictures/Barcelona_-_Plaça_de_la_Sagrada_Família_-_Passion_Façade_-_'Agnus_Dei'_above_the_Crucifixion_-_View_NE.jpg
Sagrada_Família,28023,0,commons/Eastern_Views_of_the_Sagrada_Família/0/pictures/Sagrada_Familia_Test_upload.jpg
Sagrada_Família,28023,0,"commons/Passion_facade_towers_of_the_Sagrada_Família/0/pictures/Sagrada_Familia,_Spires_and_cranes.jpg"
Sagrada_Família,28023,0,commons/Sculptures_in_the_Nativity_Facade_of_the_Sagrada_Família/0/pictures/Barcelona_Sagrada_familia_sculptures_in_the_Nativity_Facade_04.jpg
Sagrada_Família,28023,0,commons/Construction_of_the_Sagrada_Família_in_2013/0/pictures/Catedral_de_la_Sagrada_Familia_Panorama_3.jpg
Sagrada_Família,28023,0,commons/Construction_of_the_Sagrada_Família_in_2018/0/pictures/SF_-_Passió_2018-m.jpg
Sagrada_Família,28023,0,commons/Construction_of_the_Sagrada_Família_in_2008/0/pictures/SF_-_Nacimiento.jpg
Sagrada_Família,28023,0,commons/Sculpture_of_Crucifixion_of_Christ_at_the_Passion_Facade_of_the_Sagrada_Família/0/pictures/Barcelona_-_Plaça_de_la_Sagrada_Família_-_Passion_Façade_-_View_ENE_on_The_Crucifixion.jpg
Sagrada_Família,28023,0,commons/Eastern_Views_of_the_Sagrada_Família/0/pictures/Sagrada_Familia_Concurso.jpg
Sagrada_Família,28023,0,"commons/Passion_facade_towers_of_the_Sagrada_Família/0/pictures/Sagrada_Familia,_Tree_and_spires.jpg"
Sagrada_Família,28023,0,commons/Construction_of_the_Sagrada_Família_in_2013/0/pictures/Barcelona_3_2013.jpg
Sagrada_Família,28023,0,commons/Construction_of_the_Sagrada_Família_in_2018/0/pictures/Exterior_of_the_Sagrada_Família_58.jpg
Sagrada_Família,28023,0,commons/Nativity_facade_towers_of_the_Sagrada_Família/0/pictures/TEMPLE_EXPIATORI_DE_LA_SAGRADA_FAMÍLIA_24012021_(1)_11.jpg
Sagrada_Família,28023,0,"commons/Sculpture_of_the_Adoration_of_the_Shepherds_(Nativity_facade_of_the_Sagrada_Família)/0/pictures/Barcelona_-_La_Sagrada_Família_-_Nativity_Façade_-_Angel_&_Shepherd_Boys,_Dog,_Shepherds_-_Below-_Turkeys.jpg"
Sagrada_Família,28023,0,commons/Construction_of_the_Sagrada_Família_in_2008/0/pictures/Sagrada_Familia_-_panoramio_(2).jpg
Sagrada_Família,28023,0,commons/Sculpture_of_Crucifixion_of_Christ_at_the_Passion_Facade_of_the_Sagrada_Família/0/pictures/2019_03_16_AIDA_Barcelona_(147).jpg
Sagrada_Família,28023,0,commons/Eastern_Views_of_the_Sagrada_Família/0/pictures/Ningú.jpg
Sagrada_Família,28023,0,"commons/Passion_facade_towers_of_the_Sagrada_Família/0/pictures/Sagrada_Familia,_Passion_Facade_(13)_(30487653963).jpg"
Sagrada_Família,28023,0,"commons/Construction_of_the_Sagrada_Família_in_2013/0/pictures/Barcelona,_Sagrada_Familia,_construcción_2013.jpg"
Sagrada_Família,28023,0,commons/Construction_of_the_Sagrada_Família_in_2018/0/pictures/SF_-_Absis_2018.jpg
Sagrada_Família,28023,0,commons/Sculpture_of_the_Adoration_of_the_Shepherds_(Nativity_facade_of_the_Sagrada_Família)/0/pictures/Barcelona_-_La_Sagrada_Família_-_Nativity_Façade_-_Kneeling_Shepherds_&_Turkeys.jpg
Sagrada_Família,28023,0,commons/Construction_of_the_Sagrada_Família_in_2008/0/pictures/SF_-_Ábside.jpg
Sagrada_Família,28023,0,"commons/Sculpture_of_Crucifixion_of_Christ_at_the_Passion_Facade_of_the_Sagrada_Família/0/pictures/046_Sagrada_Família,_façana_de_la_Passió,_la_Crucifixió.jpg"
Sagrada_Família,28023,0,commons/Eastern_Views_of_the_Sagrada_Família/0/pictures/Sagrada_Familia_-_panoramio_(2).jpg
Sagrada_Família,28023,0,commons/Passion_facade_towers_of_the_Sagrada_Família/0/pictures/Sagrada_Familia_circa_1882_(3402682033).jpg
Sagrada_Família,28023,0,commons/Sculptures_in_the_Nativity_Facade_of_the_Sagrada_Família/0/pictures/Barcelona_Sagrada_Familia_2019_16.jpg
Sagrada_Família,28023,0,commons/Construction_of_the_Sagrada_Família_in_2013/0/pictures/Barcelona_18_2013.jpg
Sagrada_Família,28023,0,"commons/Sculpture_of_the_Adoration_of_the_Shepherds_(Nativity_facade_of_the_Sagrada_Família)/0/pictures/067_Sagrada_Família,_façana_del_Naixement,_porta_de_la_Caritat,_adoració_dels_pastors.jpg"
Sagrada_Família,28023,0,commons/Construction_of_the_Sagrada_Família_in_2008/0/pictures/SF_-_Fe.jpg
Sagrada_Família,28023,0,commons/Eastern_Views_of_the_Sagrada_Família/0/pictures/Sagrada_Familia_(6622131003).jpg
Sagrada_Família,28023,0,"commons/Passion_facade_towers_of_the_Sagrada_Família/0/pictures/Sagrada_Familia,_Passion_Facade_(12)_(31259211636).jpg"
Sagrada_Família,28023,0,commons/Construction_of_the_Sagrada_Família_in_2013/0/pictures/Barcelona_5_2013.jpg
Sagrada_Família,28023,0,commons/Construction_of_the_Sagrada_Família_in_2018/0/pictures/Exterior_of_the_Sagrada_Família_57.jpg
Sagrada_Família,28023,0,"commons/Sculpture_of_the_Adoration_of_the_Shepherds_(Nativity_facade_of_the_Sagrada_Família)/0/pictures/008_Sagrada_Família,_façana_del_Naixement,_porta_de_la_Caritat.jpg"
Sagrada_Família,28023,0,commons/Construction_of_the_Sagrada_Família_in_2008/0/pictures/SF_-_Claustro.jpg
Sagrada_Família,28023,0,commons/Eastern_Views_of_the_Sagrada_Família/0/pictures/SF_lago_2021.jpg
Sagrada_Família,28023,0,"commons/Passion_facade_towers_of_the_Sagrada_Família/0/pictures/Sagrada_Familia,_Passion_Facade_(8)_(31180918131).jpg"
Sagrada_Família,28023,0,commons/Sculptures_in_the_Nativity_Facade_of_the_Sagrada_Família/0/pictures/Barcelona_2015_10_12_0223_(22558124794).jpg
Sagrada_Família,28023,0,commons/Construction_of_the_Sagrada_Família_in_2013/0/pictures/Barcelona_(9396461075).jpg
Sagrada_Família,28023,0,commons/Construction_of_the_Sagrada_Família_in_2018/0/pictures/Exterior_of_the_Sagrada_Família_50.jpg
Sagrada_Família,28023,0,commons/Nativity_facade_towers_of_the_Sagrada_Família/0/pictures/Sagrada2.jpg
Sagrada_Família,28023,0,commons/Sculpture_of_the_Adoration_of_the_Magi_(Nativity_facade_of_the_Sagrada_Família)/0/pictures/WLM14ES_-_Barcelona_Fachada_del_Nacimiento_534_04_de_julio_de_2011_-_.jpg
Sagrada_Família,28023,0,commons/Construction_of_the_Sagrada_Família_in_2008/0/pictures/2008_Sagrada_Familia_19.JPG
Sagrada_Família,28023,0,commons/Construction_of_the_Sagrada_Família_in_2018/0/pictures/Exterior_of_the_Sagrada_Família_46.jpg
Sagrada_Família,28023,0,commons/Nativity_facade_towers_of_the_Sagrada_Família/0/pictures/Sagradafamilia-night.jpg
Sagrada_Família,28023,0,"commons/Sculpture_of_the_Adoration_of_the_Magi_(Nativity_facade_of_the_Sagrada_Família)/0/pictures/Sagrada_Familia,_Nativity_facade_(1)_(30931111520).jpg"
Sagrada_Família,28023,0,commons/Construction_of_the_Sagrada_Família_in_2008/0/pictures/Barcelona-00188.jpg
Sagrada_Família,28023,0,commons/Sculpture_of_Ascension_of_Christ_at_the_Passion_Facade_of_the_Sagrada_Família/0/pictures/Sagrada_Familia_0127.JPG
Sagrada_Família,28023,0,commons/Construction_of_the_Sagrada_Família_in_2018/0/pictures/Exterior_of_the_Sagrada_Família_49.jpg
Sagrada_Família,28023,0,commons/Nativity_facade_towers_of_the_Sagrada_Família/0/pictures/Sagrada_Família_Under_Construction_October_2015.jpg
Sagrada_Família,28023,0,commons/Sculpture_of_the_Adoration_of_the_Magi_(Nativity_facade_of_the_Sagrada_Família)/0/pictures/MG_9957_(8275412764).jpg
Sagrada_Família,28023,0,commons/Construction_of_the_Sagrada_Família_in_2008/0/pictures/Barcelona_Sagrada_Família_-_panoramio.jpg
Sagrada_Família,28023,0,commons/Construction_of_the_Sagrada_Família_in_2018/0/pictures/Exterior_of_the_Sagrada_Família_40.jpg
Sagrada_Família,28023,0,commons/Sculpture_of_the_Adoration_of_the_Magi_(Nativity_facade_of_the_Sagrada_Família)/0/pictures/Exterior_of_the_Sagrada_Família_(7).jpg
Sagrada_Família,28023,0,commons/Construction_of_the_Sagrada_Família_in_2008/0/pictures/Barcelona_-_panoramio_-_ianpudsey.jpg
Sagrada_Família,28023,0,commons/Construction_of_the_Sagrada_Família_in_2018/0/pictures/Exterior_of_the_Sagrada_Família_39.jpg
Sagrada_Família,28023,0,"commons/Nativity_facade_towers_of_the_Sagrada_Família/0/pictures/Sagrada_Família,_Barcelona,_Spain_--_2002_-_01.jpg"
Sagrada_Família,28023,0,commons/Sculpture_of_the_Adoration_of_the_Magi_(Nativity_facade_of_the_Sagrada_Família)/0/pictures/Adoración_de_los_Reyes.jpg
Sagrada_Família,28023,0,"commons/Construction_of_the_Sagrada_Família_in_2008/0/pictures/Barcelona,_Temple_de_la_Sagrada_Família,_by_Antoni_Gaudí_-_panoramio.jpg"
Sagrada_Família,28023,0,commons/Construction_of_the_Sagrada_Família_in_2018/0/pictures/Exterior_of_the_Sagrada_Família_35.jpg
Sagrada_Família,28023,0,commons/Nativity_facade_towers_of_the_Sagrada_Família/0/pictures/Sagrada_Família_(July_2016).jpg
Sagrada_Família,28023,0,commons/Sculpture_of_the_Adoration_of_the_Magi_(Nativity_facade_of_the_Sagrada_Família)/0/pictures/Barcelona_-_La_Sagrada_Família_-_Nativity_Façade_-_Three_Kings_&_Turkeys_below.jpg
Sagrada_Família,28023,0,commons/Construction_of_the_Sagrada_Família_in_2008/0/pictures/2008_Sagrada_Familia_05.JPG
Sagrada_Família,28023,0,commons/Sculpture_of_Alpha_Omega_in_the_Passion_Facade_of_the_Sagrada_Família/0/pictures/AlphaOmega.jpg
Sagrada_Família,28023,0,commons/Eastern_Views_of_the_Sagrada_Família/0/pictures/Exterior_of_the_Sagrada_Família_02.jpg
Sagrada_Família,28023,0,commons/Passion_facade_towers_of_the_Sagrada_Família/0/pictures/Sagrada_Familia_0123.JPG
Sagrada_Família,28023,0,commons/Construction_of_the_Sagrada_Família_in_2012/0/pictures/Temple_Expiatori_de_la_Sagrada_Família_01.jpg
Sagrada_Família,28023,0,commons/Construction_of_the_Sagrada_Família_in_2018/0/pictures/Exterior_of_the_Sagrada_Família_33.jpg
Sagrada_Família,28023,0,commons/Sculpture_of_an_Angel_playing_percussions_in_the_Nativity_Facade_of_the_Sagrada_Família/0/pictures/Eixample_-_Sagrada_Família_-_20150828143433.jpg
Sagrada_Família,28023,0,commons/Construction_of_the_Sagrada_Família_in_2008/0/pictures/2008_Sagrada_Familia_04.JPG
Sagrada_Família,28023,0,commons/General_views_of_the_Passion_Facade_of_the_Sagrada_Família/0/pictures/Σαγράδα_Φαμίλια_3379.jpg
Sagrada_Família,28023,0,commons/Sculpture_of_Ascension_of_Christ_at_the_Passion_Facade_of_the_Sagrada_Família/0/pictures/Exterior_of_the_Sagrada_Família_17.jpg
Sagrada_Família,28023,0,commons/Sculpture_of_the_Adoration_of_the_Magi_(Nativity_facade_of_the_Sagrada_Família)/0/pictures/Barcelona_-_La_Sagrada_Família_-_Nativity_Façade_-_View_on_Three_Kings_&_Child_Jesus.jpg
Sagrada_Família,28023,0,commons/Construction_of_the_Sagrada_Família_in_2007/0/pictures/Sagrada_Família.jpg
Sagrada_Família,28023,0,commons/General_views_of_the_Passion_Facade_of_the_Sagrada_Família/0/pictures/サグラダ・ファミリア_-_panoramio.jpg
Sagrada_Família,28023,0,commons/Sculpture_of_Alpha_Omega_in_the_Passion_Facade_of_the_Sagrada_Família/0/pictures/Fale_-_Spain_-_Barcelona_-_109.jpg
Sagrada_Família,28023,0,commons/Eastern_Views_of_the_Sagrada_Família/0/pictures/Basilique_Sagrada_Familia_façade_nord_est_Barcelone_5.jpg
Sagrada_Família,28023,0,commons/Passion_facade_towers_of_the_Sagrada_Família/0/pictures/Sagrada_Familia_-_panoramio_-_ChristofUllrich.jpg
Sagrada_Família,28023,0,commons/Sculpture_of_the_kiss_of_Judas_Iscariot_at_the_Passion_Facade_of_the_Sagrada_Família/0/pictures/WLM14ES_-_Barcelona_Fachada_de_la_pasion_458_04_de_julio_de_2011_-_.jpg
Sagrada_Família,28023,0,commons/Construction_of_the_Sagrada_Família_in_2012/0/pictures/Subida_automatica_IMG309.jpg
Sagrada_Família,28023,0,commons/Construction_of_the_Sagrada_Família_in_2007/0/pictures/Sagrada-familia-rr-2007.jpg
Sagrada_Família,28023,0,commons/General_views_of_the_Passion_Facade_of_the_Sagrada_Família/0/pictures/Σαγράδα_Φαμίλια_3378.jpg
Sagrada_Família,28023,0,commons/Construction_of_the_Sagrada_Família_in_2018/0/pictures/Exterior_of_the_Sagrada_Família_23.jpg
Sagrada_Família,28023,0,commons/Construction_of_the_Sagrada_Família_in_2007/0/pictures/Sagrada_Familia_Facade.jpg
Sagrada_Família,28023,0,commons/General_views_of_the_Passion_Facade_of_the_Sagrada_Família/0/pictures/Zagrada_familia.jpg
Sagrada_Família,28023,0,"commons/Sculpture_of_Alpha_Omega_in_the_Passion_Facade_of_the_Sagrada_Família/0/pictures/044_Sagrada_Família,_façana_de_la_Passió,_la_Flagel·lació_i_l'Alfa_i_l'Omega.jpg"
Sagrada_Família,28023,0,commons/Sculpture_of_an_Angel_playing_Harps_in_the_Nativity_Facade_of_the_Sagrada_Família/0/pictures/Eixample_-_Sagrada_Família_-_20150828143433.jpg
Sagrada_Família,28023,0,commons/Construction_of_the_Sagrada_Família_in_2007/0/pictures/Sagrada_Familia_Barcelona_2007_-_panoramio.jpg
Sagrada_Família,28023,0,commons/General_views_of_the_Passion_Facade_of_the_Sagrada_Família/0/pictures/Temple_Expiatori_de_la_Sagrada_Família_(Barcelona)_-_69.jpg
Sagrada_Família,28023,0,commons/Eastern_Views_of_the_Sagrada_Família/0/pictures/2008_Sagrada_Familia_04.JPG
Sagrada_Família,28023,0,"commons/Passion_facade_towers_of_the_Sagrada_Família/0/pictures/Passion_Facade_of_the_Sagrada_Família,_May_2013_-_07.JPG"
Sagrada_Família,28023,0,commons/Sculpture_of_the_kiss_of_Judas_Iscariot_at_the_Passion_Facade_of_the_Sagrada_Família/0/pictures/Der_Judaskuss_und_das_magische_Quadrat_von_Josep_Maria_Subirachs.jpg
Sagrada_Família,28023,0,commons/Construction_of_the_Sagrada_Família_in_2012/0/pictures/Sagrada_familia_(7567081488).jpg
Sagrada_Família,28023,0,"commons/Sculpture_of_an_Angel_playing_Harps_in_the_Nativity_Facade_of_the_Sagrada_Família/0/pictures/Sagrada_Familia,_Nativity_facade_(19)_(30489715623).jpg"
Sagrada_Família,28023,0,commons/Construction_of_the_Sagrada_Família_in_2007/0/pictures/Sagrada_Familia_Barcelona_-_panoramio.jpg
Sagrada_Família,28023,0,commons/General_views_of_the_Passion_Facade_of_the_Sagrada_Família/0/pictures/Sagrada_Família.05.jpg
Sagrada_Família,28023,0,commons/Sculpture_of_an_Angel_playing_Harps_in_the_Nativity_Facade_of_the_Sagrada_Família/0/pictures/Barcelona_Sagrada_familia_sculptures_in_the_Nativity_Facade_04.jpg
Sagrada_Família,28023,0,commons/Construction_of_the_Sagrada_Família_in_2007/0/pictures/Sagrada_Familia_-_Barcelona_-_panoramio.jpg
Sagrada_Família,28023,0,commons/General_views_of_the_Passion_Facade_of_the_Sagrada_Família/0/pictures/Sagrada_Família.03.jpg
Sagrada_Família,28023,0,commons/Cloister_of_the_Sagrada_Família/0/pictures/2019_03_16_AIDA_Barcelona_(98).jpg
Sagrada_Família,28023,0,commons/School_building_at_the_Sagrada_Família/0/pictures/Lascar_Passion_façade_-_Sagrada_Familia_(4469838906).jpg
Sagrada_Família,28023,0,commons/Eastern_Views_of_the_Sagrada_Família/0/pictures/Barcelona_4118.JPG
Sagrada_Família,28023,0,commons/Sculpture_of_the_kiss_of_Judas_Iscariot_at_the_Passion_Facade_of_the_Sagrada_Família/0/pictures/Eixample_-_Sagrada_Família_-_20150828140831.jpg
Sagrada_Família,28023,0,commons/Construction_of_the_Sagrada_Família_in_2012/0/pictures/Sagrada_Família_en_construcció.jpg
Sagrada_Família,28023,0,commons/Construction_of_the_Sagrada_Família_in_2018/0/pictures/Exterior_of_the_Sagrada_Família_07.jpg
Sagrada_Família,28023,0,commons/Nativity_facade_towers_of_the_Sagrada_Família/0/pictures/Sagrada_Familia_2.jpg
Sagrada_Família,28023,0,commons/Sculpture_of_an_Angel_playing_Harps_in_the_Nativity_Facade_of_the_Sagrada_Família/0/pictures/Sagrada_Familia_detail_3_-_panoramio.jpg
Sagrada_Família,28023,0,commons/Construction_of_the_Sagrada_Família_in_2007/0/pictures/Sagrada_Familia_-_panoramio_-_ChristofUllrich.jpg
Sagrada_Família,28023,0,commons/General_views_of_the_Passion_Facade_of_the_Sagrada_Família/0/pictures/Temple_Expiatori_de_la_Sagrada_Família_(Barcelona)_-_13.jpg
Sagrada_Família,28023,0,commons/Sculpture_of_an_Angel_playing_Harps_in_the_Nativity_Facade_of_the_Sagrada_Família/0/pictures/ES_Barcelona_0711_(29)_(17047063690).jpg
Sagrada_Família,28023,0,commons/Construction_of_the_Sagrada_Família_in_2007/0/pictures/La_Sagrada_Familia_de_Barcelona.JPG
Sagrada_Família,28023,0,commons/General_views_of_the_Passion_Facade_of_the_Sagrada_Família/0/pictures/Sagrada_Família_-_2011_remote_view.jpg
Sagrada_Família,28023,0,commons/Construction_of_the_Sagrada_Família_in_2018/0/pictures/Exterior_of_the_Sagrada_Família_02.jpg
Sagrada_Família,28023,0,commons/Construction_of_the_Sagrada_Família_in_2007/0/pictures/PA160249.JPG
Sagrada_Família,28023,0,commons/School_building_at_the_Sagrada_Família/0/pictures/Gaudi-escolesSgFam-1713-02.jpg
Sagrada_Família,28023,0,commons/Construction_of_the_Sagrada_Família_in_2018/0/pictures/Exterior_Sagrada_Família1.jpg
Sagrada_Família,28023,0,commons/Nativity_facade_towers_of_the_Sagrada_Família/0/pictures/Sacred_family'_church_of_Barcelona_1.jpg
Sagrada_Família,28023,0,commons/Sculpture_of_Simon_of_Cyrene_and_the_cross_in_the_Sagrada_Família/0/pictures/Sagrada29.jpg
Sagrada_Família,28023,0,commons/Construction_of_the_Sagrada_Família_in_2007/0/pictures/Katedra_sagrada_familia_-_panoramio_-_zbylon_(1).jpg
Sagrada_Família,28023,0,commons/General_views_of_the_Passion_Facade_of_the_Sagrada_Família/0/pictures/Sagrada_Familia_8_(5839527852).jpg
Sagrada_Família,28023,0,"commons/Sagrada_Família_at_night/0/pictures/Sagrada_Familia,_Barcelona_(Ank_Kumar,_Infosys)_03.jpg"
Sagrada_Família,28023,0,commons/Construction_of_the_Sagrada_Família_in_2018/0/pictures/Exterior_Sagrada_Família2.jpg
Sagrada_Família,28023,0,commons/Nativity_facade_towers_of_the_Sagrada_Família/0/pictures/Sacred_family'_church_of_Barcelona_2.jpg
Sagrada_Família,28023,0,commons/Sculpture_of_Simon_of_Cyrene_and_the_cross_in_the_Sagrada_Família/0/pictures/Sagrada_Familia037.jpg
Sagrada_Família,28023,0,commons/Construction_of_the_Sagrada_Família_in_2007/0/pictures/Katedra_sagrada_familia_-_panoramio.jpg
Sagrada_Família,28023,0,"commons/General_views_of_the_Passion_Facade_of_the_Sagrada_Família/0/pictures/Sagrada_Familia,_Barcelona,_España_-_panoramio_(4).jpg"
Sagrada_Família,28023,0,commons/Sculpture_of_the_flagellation_of_Jesus_Christ_in_the_Passion_Facade_of_the_Sagrada_Família/0/pictures/WLM14ES_-_Barcelona_Fachada_de_la_pasion_477_04_de_julio_de_2011_-_.jpg
Sagrada_Família,28023,0,commons/Construction_of_the_Sagrada_Família_in_2012/0/pictures/Sagrada_Família_-_panoramio_(4).jpg
Sagrada_Família,28023,0,commons/Sculpture_of_Simon_of_Cyrene_and_the_cross_in_the_Sagrada_Família/0/pictures/WLM14ES_-_Barcelona_Fachada_de_la_pasion_463_04_de_julio_de_2011_-_.jpg
Sagrada_Família,28023,0,commons/Construction_of_the_Sagrada_Família_in_2007/0/pictures/Escultures_façana_sagrada_família.jpg
Sagrada_Família,28023,0,"commons/General_views_of_the_Passion_Facade_of_the_Sagrada_Família/0/pictures/Sagrada_Familia,_Barcelona_(1804630525).jpg"
Sagrada_Família,28023,0,commons/Sculpture_of_Simon_of_Cyrene_and_the_cross_in_the_Sagrada_Família/0/pictures/Barcelona_2015_10_12_0255_(22792391337).jpg
Sagrada_Família,28023,0,commons/Construction_of_the_Sagrada_Família_in_2007/0/pictures/Barcelona_(4).jpg
Sagrada_Família,28023,0,commons/General_views_of_the_Passion_Facade_of_the_Sagrada_Família/0/pictures/Sagrada_Familia_Evening_2_(5839005497).jpg
Sagrada_Família,28023,0,commons/Sagrada_Família_at_night/0/pictures/Templo_Expiatorio_de_la_Sagrada_Familia_3.JPG
Sagrada_Família,28023,0,commons/Construction_of_the_Sagrada_Família_in_2012/0/pictures/Sagrada_Famìlia_-_panoramio_(2).jpg
Sagrada_Família,28023,0,"commons/Construction_of_the_Sagrada_Família_in_2017/0/pictures/Sagrada_Familia,_Barcelona_2017_03.jpg"
Sagrada_Família,28023,0,"commons/Sculpture_of_Simon_of_Cyrene_and_the_cross_in_the_Sagrada_Família/0/pictures/042_Sagrada_Família,_façana_de_la_Passió,_al_fons_el_claustre.jpg"
Sagrada_Família,28023,0,commons/Construction_of_the_Sagrada_Família_in_2006/0/pictures/Sagrada_familia_by_night_2006.jpg
Sagrada_Família,28023,0,commons/General_views_of_the_Passion_Facade_of_the_Sagrada_Família/0/pictures/Sagrada_Familia_Façade_La_Passion.JPG
Sagrada_Família,28023,0,commons/Eastern_Views_of_the_Nave_of_the_Sagrada_Família/0/pictures/Sagrada_Familia_horizontal_construction_crane_(18167105234).jpg
Sagrada_Família,28023,0,commons/Passion_facade_towers_of_the_Sagrada_Família/0/pictures/Fale_-_Spain_-_Barcelona_-_104.jpg
Sagrada_Família,28023,0,commons/Sculpture_of_the_flagellation_of_Jesus_Christ_in_the_Passion_Facade_of_the_Sagrada_Família/0/pictures/SF_-_Flagelación.jpg
Sagrada_Família,28023,0,commons/Construction_of_the_Sagrada_Família_in_2012/0/pictures/Sagrada_Famìlia_-_panoramio_(1).jpg
Sagrada_Família,28023,0,commons/South-West_Views_of_the_Sagrada_Família/0/pictures/Sagrada_Familia_base_(18168981773).jpg
Sagrada_Família,28023,0,commons/Construction_of_the_Sagrada_Família_in_2016/0/pictures/045-Sagrada-Familia.jpg
Sagrada_Família,28023,0,commons/Nativity_Facade_of_the_Sagrada_Família/0/pictures/Segrada_Familia_Barcelona_(7564256824).jpg
Sagrada_Família,28023,0,commons/Sculpture_of_Ecce_Homo_in_the_Passion_Facade_of_the_Sagrada_Família/0/pictures/Sagrada_Familia027.jpg
Sagrada_Família,28023,0,commons/Construction_of_the_Sagrada_Família_in_2001/0/pictures/Barcelona_Iglesia_Sagrada_Familia.jpg
Sagrada_Família,28023,0,"commons/General_views_of_the_Nativity_Facade_of_the_Sagrada_Família/0/pictures/Nativity_Facade_of_the_Sagrada_Família,_May_2013_-_20.JPG"
Sagrada_Família,28023,0,commons/Door_of_the_Crowning_with_Thorns_at_the_Passion_Facade_of_the_Sagrada_Família/0/pictures/Door_of_the_Crown_of_Thorns_-_Sagrada_Familia_-_Barcelona_2014.JPG
Sagrada_Família,28023,0,commons/Passion_Facade_of_the_Sagrada_Família/0/pictures/Sagrada_Familia043.jpg
Sagrada_Família,28023,0,commons/Sculpture_of_the_Trumpeting_Angels_(Nativity_facade_of_the_Sagrada_Família)/0/pictures/Barcelona_-_La_Sagrada_Família_-_Nativity_Façade_-_Christmas_Tree_&_Trumpeting_Angels.jpg
Sagrada_Família,28023,0,commons/Construction_of_the_Sagrada_Família_in_2011/0/pictures/Sagrada_Família_-_2011_remote_view.jpg
Sagrada_Família,28023,0,commons/Construction_of_the_Sagrada_Família_in_2007/0/pictures/2007-02-05-barcelona-by-RalfR-62.jpg
Sagrada_Família,28023,0,commons/General_views_of_the_Passion_Facade_of_the_Sagrada_Família/0/pictures/Sagrada_Familia_-_Barcelona_Spain_-_panoramio.jpg
Sagrada_Família,28023,0,commons/Christ_Tower_of_the_Sagrada_Família/0/pictures/15-10-28-Sagrada_Familia-WMA_3138.jpg
Sagrada_Família,28023,0,commons/Sagrada_Família_at_night/0/pictures/Barcelona_1098_03.jpg
Sagrada_Família,28023,0,commons/Sculpture_of_Ecce_Homo_in_the_Passion_Facade_of_the_Sagrada_Família/0/pictures/Sagrada_Familia044.jpg
Sagrada_Família,28023,0,commons/Construction_of_the_Sagrada_Família_in_2003/0/pictures/Sagrada_Familia_2003_DSCN0107.jpg
Sagrada_Família,28023,0,"commons/General_views_of_the_Nativity_Facade_of_the_Sagrada_Família/0/pictures/Nativity_Facade_of_the_Sagrada_Família,_May_2013_-_19.JPG"
Sagrada_Família,28023,0,commons/Construction_of_the_Sagrada_Família_in_2017/0/pictures/Exterior_of_the_Sagrada_Família_20171225.jpg
Sagrada_Família,28023,0,commons/Nativity_facade_towers_of_the_Sagrada_Família/0/pictures/La_Sagrada_Familia_(7852734760).jpg
Sagrada_Família,28023,0,commons/Construction_of_the_Sagrada_Família_in_2007/0/pictures/ES_Barcelona_0711_(10)_(17047068050).jpg
Sagrada_Família,28023,0,commons/General_views_of_the_Passion_Facade_of_the_Sagrada_Família/0/pictures/Passion_façade_(April_2012).jpg
Sagrada_Família,28023,0,commons/South-West_Views_of_the_Sagrada_Família/0/pictures/Sagrada_Familia_towers_and_construction_crane_(18168981733).jpg
Sagrada_Família,28023,0,commons/Construction_of_the_Sagrada_Família_in_2016/0/pictures/046-Sagrada-Familia.jpg
Sagrada_Família,28023,0,commons/Nativity_Facade_of_the_Sagrada_Família/0/pictures/Sagrada_familia_-_panoramio_(8).jpg
Sagrada_Família,28023,0,"commons/Construction_of_the_Sagrada_Família_in_2003/0/pictures/Barcelona,La_Sagrada_Familia_-_panoramio.jpg"
Sagrada_Família,28023,0,commons/Door_of_the_Crowning_with_Thorns_at_the_Passion_Facade_of_the_Sagrada_Família/0/pictures/Escombra_de_boix_en_porta_Sagrada_Família.jpg
Sagrada_Família,28023,0,commons/Sculpture_of_the_Trumpeting_Angels_(Nativity_facade_of_the_Sagrada_Família)/0/pictures/2019_03_16_AIDA_Barcelona_(93).jpg
Sagrada_Família,28023,0,commons/Construction_of_the_Sagrada_Família_in_2011/0/pictures/Sagrada_Família_-_2011_nativity_facade.jpg
Sagrada_Família,28023,0,commons/Construction_of_the_Sagrada_Família_in_2015/0/pictures/Sagrada_familia_-_barcelona_-_panoramio_(2).jpg
Sagrada_Família,28023,0,"commons/Nativity_Facade_of_the_Sagrada_Família/0/pictures/Sagrada_Familia,_Barcelona_(31985705036).jpg"
Sagrada_Família,28023,0,commons/Sculpture_of_Ecce_Homo_in_the_Passion_Facade_of_the_Sagrada_Família/0/pictures/Passion_Facade_Figures_-_panoramio.jpg
Sagrada_Família,28023,0,commons/Construction_of_the_Sagrada_Família_in_2001/0/pictures/2001-09-18_Sagrada_Família_09180005.jpg
Sagrada_Família,28023,0,commons/Construction_of_the_Sagrada_Família_in_2011/0/pictures/Sagrada_Família_(5597602510).jpg
Sagrada_Família,28023,0,commons/Sculpture_of_the_Nativity_(Nativity_facade_of_the_Sagrada_Família)/0/pictures/Sagrada_Familia071.jpg
Sagrada_Família,28023,0,commons/Construction_of_the_Sagrada_Família_in_2010/0/pictures/La_Sagrada_Familia_from_the_bus_-_panoramio.jpg
Sagrada_Família,28023,0,commons/Construction_of_the_Sagrada_Família_in_2006/0/pictures/Sagrada_Familia166.jpg
Sagrada_Família,28023,0,commons/General_views_of_the_Passion_Facade_of_the_Sagrada_Família/0/pictures/Obres_a_la_façana_de_la_Passió_-_2013_a.JPG
Sagrada_Família,28023,0,"commons/Sagrada_Família_at_night/0/pictures/Antoni_Gaudi's_Sagrada_Familia,_Barcelona_(Ank_Kumar)_06.jpg"
Sagrada_Família,28023,0,commons/Eastern_Views_of_the_Nave_of_the_Sagrada_Família/0/pictures/Basilique_Sagrada_Familia_Barcelone._Vue_sud-est_12.jpg
Sagrada_Família,28023,0,commons/Passion_facade_towers_of_the_Sagrada_Família/0/pictures/Barcelona_Sagrada_Família_-_panoramio.jpg
Sagrada_Família,28023,0,commons/Sculpture_of_the_flagellation_of_Jesus_Christ_in_the_Passion_Facade_of_the_Sagrada_Família/0/pictures/Barcelona_-_La_Sagrada_Família_-_Passion_Façade_-_View_East_on_Main_Entrance.jpg
Sagrada_Família,28023,0,commons/Construction_of_the_Sagrada_Família_in_2012/0/pictures/La_Sagrada_Familia_d'Espagne.jpg
Sagrada_Família,28023,0,commons/Sculpture_of_Ecce_Homo_in_the_Passion_Facade_of_the_Sagrada_Família/0/pictures/Façana_de_la_passió_de_la_Sagrada_Familia.jpeg
Sagrada_Família,28023,0,commons/Construction_of_the_Sagrada_Família_in_2000/0/pictures/Barca4.jpg
Sagrada_Família,28023,0,"commons/General_views_of_the_Nativity_Facade_of_the_Sagrada_Família/0/pictures/Barcelona,_Sagrada_di_Familia.JPG"
Sagrada_Família,28023,0,commons/South-West_Views_of_the_Sagrada_Família/0/pictures/Sagrada_Famiglia_di_Barcellona_(4).JPG
Sagrada_Família,28023,0,commons/Construction_of_the_Sagrada_Família_in_2015/0/pictures/Sagrada_Família_-_Barcelona_-_Desembre_2015_-_02.JPG
Sagrada_Família,28023,0,"commons/Nativity_Facade_of_the_Sagrada_Família/0/pictures/Sagrada_Familia,_Nativity_facade_(26)_(30489118703).jpg"
Sagrada_Família,28023,0,commons/Sculpture_of_Ecce_Homo_in_the_Passion_Facade_of_the_Sagrada_Família/0/pictures/Pasión-Ecce_Homo_Sagrada_Familia.JPG
Sagrada_Família,28023,0,commons/Construction_of_the_Sagrada_Família_in_2000/0/pictures/Barca3.jpg
Sagrada_Família,28023,0,commons/General_views_of_the_Nativity_Facade_of_the_Sagrada_Família/0/pictures/HDR_sagradafamfrontal_(16321190582).jpg
Sagrada_Família,28023,0,"commons/South-West_Views_of_the_Sagrada_Família/0/pictures/Passion_Facade,_Sagrada_Familia_-_panoramio.jpg"
Sagrada_Família,28023,0,commons/Construction_of_the_Sagrada_Família_in_2015/0/pictures/Sagrada_Familia_melty_entrance_(18603572939).jpg
Sagrada_Família,28023,0,commons/Nativity_Facade_of_the_Sagrada_Família/0/pictures/Sagrada_Familia_Entrance.jpg
Sagrada_Família,28023,0,commons/Construction_of_the_Sagrada_Família_in_2000/0/pictures/Barca2.jpg
Sagrada_Família,28023,0,"commons/General_views_of_the_Nativity_Facade_of_the_Sagrada_Família/0/pictures/Barcelona_La_Sagrada_Famillia,_Nativity_Facade.JPG"
Sagrada_Família,28023,0,commons/Remote_views_of_the_Passion_Facade_of_the_Sagrada_Família/0/pictures/Барселона_-_panoramio_(61).jpg
Sagrada_Família,28023,0,commons/Western_Views_of_the_Sagrada_Família/0/pictures/Western_Views_of_the_Sagrada_Família.jpg
Sagrada_Família,28023,0,commons/Four_evangelists_towers_of_the_Sagrada_Família/0/pictures/SF_-_Torre_Sant_Marc.jpg
Sagrada_Família,28023,0,"commons/South-West_Views_of_the_Sagrada_Família/0/pictures/La_Sagrada_Familia,_Barcelona,_Barcelona,_Spain_-_panoramio_-_TumbleCow.jpg"
Sagrada_Família,28023,0,commons/Construction_of_the_Sagrada_Família_in_2015/0/pictures/Sagrada_Familia_towers_and_construction_crane_(18168981733).jpg
Sagrada_Família,28023,0,commons/Nativity_Facade_of_the_Sagrada_Família/0/pictures/Sagrada_Familia_(6622121411).jpg
Sagrada_Família,28023,0,commons/Sculpture_of_Ecce_Homo_in_the_Passion_Facade_of_the_Sagrada_Família/0/pictures/Barcelona_4113.JPG
Sagrada_Família,28023,0,commons/Construction_of_the_Sagrada_Família_in_1965/0/pictures/Unfinished_chruch_of_holy_family_begun_1884_barcelona_-_334169697.jpg
Sagrada_Família,28023,0,commons/Construction_of_the_Sagrada_Família_in_1999/0/pictures/Antonio_Gaudi's_Sagrada_Familia.jpg
Sagrada_Família,28023,0,"commons/General_views_of_the_Nativity_Facade_of_the_Sagrada_Família/0/pictures/Barcelona,_La_Sagrada_Familia,_nativity_facade_(6661281487).jpg"
Sagrada_Família,28023,0,commons/Remote_views_of_the_Passion_Facade_of_the_Sagrada_Família/0/pictures/Sagrada_familia_passion_1.JPG
Sagrada_Família,28023,0,"commons/Construction_of_the_Sagrada_Família_in_2011/0/pictures/Sagrada_Familia_(Barcelona,_España)_-_2011.JPG"
Sagrada_Família,28023,0,commons/Sculpture_of_the_Adoration_of_the_Shepherds_(Nativity_facade_of_the_Sagrada_Família)/0/pictures/Façana_naixement_-_Adoració_dels_pastors.JPG
Sagrada_Família,28023,0,commons/Construction_of_the_Sagrada_Família_in_2008/0/pictures/Sagrada_Familia_-_panoramio_-_anibal_amaro.jpg
Sagrada_Família,28023,0,commons/Sculpture_of_Crucifixion_of_Christ_at_the_Passion_Facade_of_the_Sagrada_Família/0/pictures/Barcelona_2013_(11732974863).jpg
Sagrada_Família,28023,0,"commons/Sculpture_of_Denial_of_Peter_in_the_Passion_Facade_of_the_Sagrada_Família/0/pictures/Sagrada_Familia,_grupo_de_la_fachada.jpg"
Sagrada_Família,28023,0,commons/Construction_of_the_Sagrada_Família_in_1965/0/pictures/Unfinished_chruch_of_holy_family_begun_1884_barcelona_-_334169697bis.jpg
Sagrada_Família,28023,0,commons/General_view_of_the_sculptures_in_the_Passion_Facade_of_the_Sagrada_Família/0/pictures/Temple_Expiatori_de_la_Sagrada_Família_(Barcelona)_-_93.jpg
Sagrada_Família,28023,0,commons/Construction_of_the_Sagrada_Família_in_2011/0/pictures/Passion_facade_-_ceiling.JPG
Sagrada_Família,28023,0,commons/Sculpture_of_the_Nativity_(Nativity_facade_of_the_Sagrada_Família)/0/pictures/Gaudi_(2835918048).jpg
Sagrada_Família,28023,0,"commons/Construction_of_the_Sagrada_Família_in_2010/0/pictures/BARCELLONA,_SAGRADA_FAMILIA_-_panoramio.jpg"
Sagrada_Família,28023,0,commons/Construction_of_the_Sagrada_Família_in_2006/0/pictures/Sagrada_Familia008.jpg
Sagrada_Família,28023,0,commons/General_views_of_the_Passion_Facade_of_the_Sagrada_Família/0/pictures/Barcelona_4100.JPG
Sagrada_Família,28023,0,commons/Sculpture_of_the_coronation_of_Mary_(Nativity_facade_of_the_Sagrada_Família)/0/pictures/Exterior_of_the_Sagrada_Família_51.jpg
Sagrada_Família,28023,0,"commons/Construction_of_the_Sagrada_Família_in_2012/0/pictures/Barcelona,_Spain_-_Basilica_and_Expiatory_Church_of_the_Holy_Family_-_Basílica_y_Templo_Expiatorio_de_la_Sagrada_Familia_-_Spires.jpg"
Sagrada_Família,28023,0,commons/South-West_Views_of_the_Sagrada_Família/0/pictures/Sagrada_Familia_(8062264017).jpg
Sagrada_Família,28023,0,commons/Construction_of_the_Sagrada_Família_in_2015/0/pictures/Sagrada_Família_-_Barcelona_-_Desembre_2015_-_01.JPG
Sagrada_Família,28023,0,commons/Nativity_Facade_of_the_Sagrada_Família/0/pictures/Sagrada_Familia_Barcelona_Iglesia.jpg
Sagrada_Família,28023,0,commons/Construction_of_the_Sagrada_Família_in_1999/0/pictures/Top_of_Sagrada_Familia.jpg
Sagrada_Família,28023,0,commons/General_views_of_the_Nativity_Facade_of_the_Sagrada_Família/0/pictures/Barcelona_Milla_Sagrada_Familia.jpg
Sagrada_Família,28023,0,commons/Remote_views_of_the_Passion_Facade_of_the_Sagrada_Família/0/pictures/Sagrada_familia_(4263355314).jpg
Sagrada_Família,28023,0,commons/Construction_of_the_Sagrada_Família_in_2018/0/pictures/Exterior_of_the_Sagrada_Família_31.jpg
Sagrada_Família,28023,0,commons/Nativity_facade_towers_of_the_Sagrada_Família/0/pictures/Sagrada_Familia_Nativity_Facade_Panorama.JPG
Sagrada_Família,28023,0,commons/Sculpture_of_an_Angel_playing_flute_in_the_Nativity_Facade_of_the_Sagrada_Família/0/pictures/Eixample_-_Sagrada_Família_-_20150828143433.jpg
Sagrada_Família,28023,0,commons/Construction_of_the_Sagrada_Família_in_2008/0/pictures/2008_Sagrada_Familia_03.JPG
Sagrada_Família,28023,0,"commons/General_views_of_the_Passion_Facade_of_the_Sagrada_Família/0/pictures/View_of_Passion_Façade_of_Basilica_and_Expiatory_Church_of_the_Holy_Family_(Basílica_i_Temple_Expiatori_de_la_Sagrada_Família)_(_UNESCO_World_Heritage_Site)._Barcelona,_Catalonia,_Spain.jpg"
Sagrada_Família,28023,0,commons/Sculpture_of_Angels_carrying_the_bread_and_wine_in_the_Nativity_Facade_of_the_Sagrada_Família/0/pictures/Basilique_Sagrada_Familia_façade_nord_est_Barcelone_15.jpg
Sagrada_Família,28023,0,commons/Eastern_Views_of_the_Sagrada_Família/0/pictures/Eastern_Views_of_the_Sagrada_Família.jpg
Sagrada_Família,28023,0,commons/Sculpture_of_the_kiss_of_Judas_Iscariot_at_the_Passion_Facade_of_the_Sagrada_Família/0/pictures/Temple_Expiatori_de_la_Sagrada_Família_(Barcelona)_-_10.jpg
Sagrada_Família,28023,0,commons/Construction_of_the_Sagrada_Família_in_2012/0/pictures/Templo_de_la_Sagrada_Familia.JPG
Sagrada_Família,28023,0,commons/Western_Views_of_the_Sagrada_Família/0/pictures/050-Sagrada-Familia.jpg
Sagrada_Família,28023,0,commons/Exterior_of_the_Cloister_of_the_Sagrada_Família/0/pictures/WLM14ES_-_Barcelona_General_557_04_de_julio_de_2011_-_.jpg
Sagrada_Família,28023,0,commons/Sculpture_of_Crucifixion_of_Christ_at_the_Passion_Facade_of_the_Sagrada_Família/0/pictures/WLM14ES_-_Barcelona_Fachada_de_la_pasion_554_04_de_julio_de_2011_-_.jpg
Sagrada_Família,28023,0,"commons/Construction_cranes_in_the_Sagrada_Família/0/pictures/Sagrada_Família,_Plaça_de_Gaudí,_Barcelona_-_panoramio.jpg"
Sagrada_Família,28023,0,commons/General_view_of_the_sculptures_in_the_Passion_Facade_of_the_Sagrada_Família/0/pictures/Sagrada_Familia_-_panoramio_(28).jpg
Sagrada_Família,28023,0,commons/Construction_of_the_Sagrada_Família_in_2011/0/pictures/Cloister_of_the_Sagrada_Família_(mallorca_marina)_2.JPG
Sagrada_Família,28023,0,commons/Construction_of_the_Sagrada_Família_in_2021/0/pictures/TEMPLE_EXPIATORI_DE_LA_SAGRADA_FAMÍLIA_24012021_(1)_21.jpg
Sagrada_Família,28023,0,commons/Sculpture_of_the_Massacre_of_the_Innocents_(Nativity_facade_of_the_Sagrada_Família)/0/pictures/Massacre_of_the_Innocents._Sagrada_Família.jpg
Sagrada_Família,28023,0,commons/Construction_of_the_Sagrada_Família_in_2009/0/pictures/La_Sagrada_Familia_-_panoramio_(2).jpg
Sagrada_Família,28023,0,commons/Sculptures_of_Veil_of_Veronica_and_Bearing_of_the_Cross_at_the_Passion_Facade_of_the_Sagrada_Família/0/pictures/Jesus_bearing_the_cross_-_Sagrada_Familia_-_Barcelona_2014.JPG
Sagrada_Família,28023,0,"commons/Construction_of_the_Sagrada_Família_in_2013/0/pictures/Sagrada_Família,_Plaça_de_Gaudí,_Barcelona_-_panoramio.jpg"
Sagrada_Família,28023,0,commons/Sculpture_of_Longinus_on_a_horse_at_the_Passion_Facade_of_the_Sagrada_Família/0/pictures/Barcelona_-_Plaça_de_la_Sagrada_Família_-_Passion_Façade_-_View_NE_on_Equestrian_Roman_Soldier_with_Spear_&_Roman_Soldiers_Throwing_Dice_I.jpg
Sagrada_Família,28023,0,commons/Construction_of_the_Sagrada_Família_in_2005/0/pictures/La_Sagrada_Família1.jpg
Sagrada_Família,28023,0,commons/General_views_of_the_Nativity_Facade_of_the_Sagrada_Família/0/pictures/Temple_Expiatori_de_la_Sagrada_Família_1.JPG
Sagrada_Família,28023,0,commons/Remote_views_of_the_Sagrada_Família_from_the_Avinguda_de_Gaudi/0/pictures/Templo_de_la_Sagrada_Familia.JPG
Sagrada_Família,28023,0,commons/South-West_Views_of_the_Sagrada_Família/0/pictures/Gaudi24.jpg
Sagrada_Família,28023,0,commons/Construction_of_the_Sagrada_Família_in_2015/0/pictures/Sagrada_Familia_horizontal_construction_crane_(18167105234).jpg
Sagrada_Família,28023,0,commons/Nativity_Facade_of_the_Sagrada_Família/0/pictures/Sagrada_Familia_(22346306894).jpg
Sagrada_Família,28023,0,"commons/Sculpture_of_Ecce_Homo_in_the_Passion_Facade_of_the_Sagrada_Família/0/pictures/045_Sagrada_Família,_façana_de_la_Passió,_la_corona_d'espines.jpg"
Sagrada_Família,28023,0,commons/Construction_of_the_Sagrada_Família_in_1998/0/pictures/ES_Barcelona_9806_017_(17234556955).jpg
Sagrada_Família,28023,0,commons/General_views_of_the_Nativity_Facade_of_the_Sagrada_Família/0/pictures/Barcelona_Sagrada_familia.jpg
Sagrada_Família,28023,0,commons/Remote_views_of_the_Passion_Facade_of_the_Sagrada_Família/0/pictures/Sflia4.jpg
Sagrada_Família,28023,0,commons/Construction_of_the_Sagrada_Família_in_2011/0/pictures/Sagrada_Familia_(6622837883).jpg
Sagrada_Família,28023,0,commons/Construction_of_the_Sagrada_Família_in_2018/0/pictures/Exterior_of_the_Sagrada_Família_25.jpg
Sagrada_Família,28023,0,"commons/Nativity_facade_towers_of_the_Sagrada_Família/0/pictures/Sagrada_Familia,_Nativity_facade_(27)_(30475125344).jpg"
Sagrada_Família,28023,0,commons/Construction_of_the_Sagrada_Família_in_2007/0/pictures/Sagrada_Familia_facciata_della_passione.JPG
Sagrada_Família,28023,0,commons/General_views_of_the_Passion_Facade_of_the_Sagrada_Família/0/pictures/Vista_façana_de_la_Pasió_durant_la_visita_del_Papa.JPG
Sagrada_Família,28023,0,commons/Sculpture_of_Alpha_Omega_in_the_Passion_Facade_of_the_Sagrada_Família/0/pictures/SF_-_Flagelación.jpg
Sagrada_Família,28023,0,commons/Eastern_Views_of_the_Sagrada_Família/0/pictures/Barcelona_-_Temple_Expiatori_de_la_Sagrada_Família_(45).jpg
Sagrada_Família,28023,0,commons/Passion_facade_towers_of_the_Sagrada_Família/0/pictures/Sagrada_Familia_-_panoramio_-_anibal_amaro_(3).jpg
Sagrada_Família,28023,0,commons/Sculpture_of_the_kiss_of_Judas_Iscariot_at_the_Passion_Facade_of_the_Sagrada_Família/0/pictures/Sagrada_Família_2.jpg
Sagrada_Família,28023,0,commons/Construction_of_the_Sagrada_Família_in_2012/0/pictures/Sagrada_familia_(7567085828).jpg
Sagrada_Família,28023,0,"commons/Western_Views_of_the_Nave_of_the_Sagrada_Família/0/pictures/Templo_Expiatorio_de_la_Sagrada_Familia,_2013_(7).JPG"
Sagrada_Família,28023,0,commons/Exterior_of_the_Cloister_of_the_Sagrada_Família/0/pictures/Sagrada_Família_-_Barcelona_-_Desembre_2015_-_08.JPG
Sagrada_Família,28023,0,commons/South-East_Views_of_the_Sagrada_Família/0/pictures/Barcelone_-_10_(8021372717).jpg
Sagrada_Família,28023,0,commons/Construction_of_the_Sagrada_Família_in_2015/0/pictures/Barcelona_2015_10_12_3640_(23186557775).jpg
Sagrada_Família,28023,0,commons/Nativity_Facade_of_the_Sagrada_Família/0/pictures/Barcelona_-_Plaça_de_Gaudí_-_View_WSW_on_the_Nativity_Façade_of_La_Sagrada_Família_I.jpg
Sagrada_Família,28023,0,commons/Sculpture_of_Crucifixion_of_Christ_at_the_Passion_Facade_of_the_Sagrada_Família/0/pictures/Studio_044.jpg
Sagrada_Família,28023,0,commons/Construction_cranes_in_the_Sagrada_Família/0/pictures/Sagrada_Família_-_panoramio_(9).jpg
Sagrada_Família,28023,0,commons/General_view_of_the_sculptures_in_the_Passion_Facade_of_the_Sagrada_Família/0/pictures/SF_-_Passió_2018.jpg
Sagrada_Família,28023,0,"commons/Sculpture_of_the_Tree_of_Life_(Nativity_facade_of_the_Sagrada_Família)/0/pictures/064_Sagrada_Família,_façana_del_Naixement,_portes_de_l'Esperança_i_la_Caritat.jpg"
Sagrada_Família,28023,0,commons/Construction_of_the_Sagrada_Família_in_2011/0/pictures/Barcelona_-_panoramio_(300).jpg
Sagrada_Família,28023,0,commons/Sculpture_of_the_Massacre_of_the_Innocents_(Nativity_facade_of_the_Sagrada_Família)/0/pictures/Sagrada_de_familia_-_panoramio_-_Evgeniy_Metyolkin_(2).jpg
Sagrada_Família,28023,0,commons/Construction_of_the_Sagrada_Família_in_2009/0/pictures/Fale_-_Spain_-_Barcelona_-_131.jpg
Sagrada_Família,28023,0,commons/Sculptures_of_Veil_of_Veronica_and_Bearing_of_the_Cross_at_the_Passion_Facade_of_the_Sagrada_Família/0/pictures/Fale_-_Spain_-_Barcelona_-_106.jpg
Sagrada_Família,28023,0,commons/Construction_of_the_Sagrada_Família_in_2013/0/pictures/Sagrada_Família_under_Construction_-_2013.07_-_panoramio.jpg
Sagrada_Família,28023,0,"commons/Magic_square_of_the_Sagrada_Família/0/pictures/Barcelona,_Sagrada_família,_quadrat_màgic_de_Subirachs_RI-51-0003813.jpg"
Sagrada_Família,28023,0,commons/Exterior_of_the_Apse_of_the_Sagrada_Família/0/pictures/La_Sagrada_Familia_(7852729412).jpg
Sagrada_Família,28023,0,"commons/Construction_of_the_Sagrada_Família_in_2014/0/pictures/Basílica_de_la_Sagrada_Família,_Barcelona,_Spain.jpg"
Sagrada_Família,28023,0,commons/Cloister_of_the_Sagrada_Família/0/pictures/La_Sagrada_Familia_-_panoramio_(16).jpg
Sagrada_Família,28023,0,commons/Sculptures_of_Veil_of_Veronica_and_Bearing_of_the_Cross_at_the_Passion_Facade_of_the_Sagrada_Família/0/pictures/Sagrada_Familia024.jpg
Sagrada_Família,28023,0,commons/Construction_of_the_Sagrada_Família_in_2013/0/pictures/Templo_Expiatorio_de_la_Sagrada_Familia_2013-09-29_23-44-22.jpg
Sagrada_Família,28023,0,commons/Exterior_of_the_Cloister_of_the_Sagrada_Família/0/pictures/Sagradafamilia.JPG
Sagrada_Família,28023,0,commons/Portal_of_Hope_of_the_Sagrada_Família/0/pictures/Sflia16.jpg
Sagrada_Família,28023,0,commons/South-East_Views_of_the_Sagrada_Família/0/pictures/BmI_wrZIQAAajHU.jpg
Sagrada_Família,28023,0,commons/Construction_of_the_Sagrada_Família_in_2015/0/pictures/Barcelona_2015_10_12_3289_(23186608195).jpg
Sagrada_Família,28023,0,commons/Nativity_Facade_of_the_Sagrada_Família/0/pictures/Barcelona_-_Plaça_de_Gaudí_-_View_SW_on_La_Sagrada_Família.jpg
Sagrada_Família,28023,0,commons/Sculpture_of_Crucifixion_of_Christ_at_the_Passion_Facade_of_the_Sagrada_Família/0/pictures/TEMPLE_EXPIATORI_DE_LA_SAGRADA_FAMÍLIA_24012021_(1)_26.jpg
Sagrada_Família,28023,0,commons/Construction_cranes_in_the_Sagrada_Família/0/pictures/Sagrada1992d.jpg
Sagrada_Família,28023,0,commons/General_view_of_the_sculptures_in_the_Passion_Facade_of_the_Sagrada_Família/0/pictures/Sagrada_Familia_(entrance_at_Passion_facade)_-_panoramio.jpg
Sagrada_Família,28023,0,commons/Remote_views_of_the_Passion_Facade_of_the_Sagrada_Família/0/pictures/Barcelona_19_2013.jpg
Sagrada_Família,28023,0,commons/Sculpture_of_the_Tree_of_Life_(Nativity_facade_of_the_Sagrada_Família)/0/pictures/Barcelona_-_La_Sagrada_Família_-_Nativity_Façade_-_View_on_Christmas_Tree_with_Peace_Doves.jpg
Sagrada_Família,28023,0,commons/Construction_of_the_Sagrada_Família_in_2011/0/pictures/Barcelona_-_panoramio_(295).jpg
Sagrada_Família,28023,0,commons/Construction_of_the_Sagrada_Família_in_2021/0/pictures/Sagrada_Familia_8-12-21_(6).jpg
Sagrada_Família,28023,0,"commons/Sculpture_of_the_Massacre_of_the_Innocents_(Nativity_facade_of_the_Sagrada_Família)/0/pictures/Sagrada_Familia,_Nativity_facade_(23)_(30929253340).jpg"
Sagrada_Família,28023,0,commons/Construction_of_the_Sagrada_Família_in_2009/0/pictures/Barcelona_-_Plaça_de_la_Sagrada_Família_-_View_NNE_on_La_Sagrada_Família_-_Passion_façade_I.jpg
Sagrada_Família,28023,0,commons/Construction_of_the_Sagrada_Família_in_2013/0/pictures/Sagrada_Família_2_-_panoramio.jpg
Sagrada_Família,28023,0,commons/Construction_of_the_Sagrada_Família_in_2016/0/pictures/Panoramic_View_of_the_Basílica_de_la_Sagrada_Família.jpg
Sagrada_Família,28023,0,commons/Sculpture_of_Longinus_on_a_horse_at_the_Passion_Facade_of_the_Sagrada_Família/0/pictures/Eixample_-_Sagrada_Família_-_20150828104159.jpg
Sagrada_Família,28023,0,commons/Construction_of_the_Sagrada_Família_in_2004/0/pictures/Sagrada4.jpg
Sagrada_Família,28023,0,commons/General_views_of_the_Nativity_Facade_of_the_Sagrada_Família/0/pictures/Sagrada_Família._Façana_del_Naixement_(actualitat).jpg
Sagrada_Família,28023,0,commons/Remote_views_of_the_Sagrada_Família_from_the_Avinguda_de_Gaudi/0/pictures/15-10-28-Sagrada_Familia-WMA_3120.jpg
Sagrada_Família,28023,0,"commons/Doors_of_the_Charity_at_the_Nativity_Facade_of_the_Sagrada_Família/0/pictures/Sagrada_Familia,_Nativity_facade_(10)_(31133473332).jpg"
Sagrada_Família,28023,0,commons/Sculpture_of_the_Visitation_(Nativity_facade_of_the_Sagrada_Família)/0/pictures/WLM14ES_-_Barcelona_Fachada_del_Nacimiento_525_04_de_julio_de_2011_-_.jpg
Sagrada_Família,28023,0,commons/Construction_of_the_Sagrada_Família_in_2011/0/pictures/Temple_Expiatori_de_la_Sagrada_Família_(Barcelona)_-_1.jpg
Sagrada_Família,28023,0,commons/Construction_of_the_Sagrada_Família_in_2019/0/pictures/Barcelona_101DSC_0288_(49192708797).jpg
Sagrada_Família,28023,0,commons/North-East_Views_of_the_Sagrada_Família/0/pictures/Barcelona_23_25_00_118000.jpeg
Sagrada_Família,28023,0,commons/Sculpture_of_the_Adoration_of_the_Shepherds_(Nativity_facade_of_the_Sagrada_Família)/0/pictures/Sagrada_Familia075.jpg
Sagrada_Família,28023,0,"commons/Construction_of_the_Sagrada_Família_in_2008/0/pictures/Sagrada_Familia,_frontal_view.JPG"
Sagrada_Família,28023,0,commons/Sculpture_of_Crucifixion_of_Christ_at_the_Passion_Facade_of_the_Sagrada_Família/0/pictures/Barcelona_Sagrada_Familia_sculptures_Passion_facade_03.jpg
Sagrada_Família,28023,0,commons/Eastern_Views_of_the_Sagrada_Família/0/pictures/Sagrada_de_familia_-_panoramio_-_Evgeniy_Metyolkin_(4).jpg
Sagrada_Família,28023,0,commons/Passion_facade_towers_of_the_Sagrada_Família/0/pictures/Sagrada_Família_2_-_panoramio.jpg
Sagrada_Família,28023,0,commons/Sculptures_in_the_Nativity_Facade_of_the_Sagrada_Família/0/pictures/Սակրատայ_Ֆամիլիայ.jpg
Sagrada_Família,28023,0,commons/Construction_of_the_Sagrada_Família_in_2013/0/pictures/Gospel_Door_Passion_Facade_Sagrada_Familia_01.JPG
Sagrada_Família,28023,0,"commons/South-West_Views_of_the_Sagrada_Família/0/pictures/Antoni_Gaudi's_Sagrada_Familia,_Barcelona_(Ank_Kumar)_05.jpg"
Sagrada_Família,28023,0,commons/Construction_of_the_Sagrada_Família_in_2015/0/pictures/Sagrada_Familia_base_(18168981773).jpg
Sagrada_Família,28023,0,"commons/Nativity_Facade_of_the_Sagrada_Família/0/pictures/Famous_Barcelona_Cathedral_Sagrada_Familia_-_Temple_Expiatori_de_la_Sagrada_Familia_-_designed_and_inspired_by_Guadi,_begun_in_1882,_still_under_construction._Textures_added_-_thanks_to_Pirate_(4756399364).jpg"
Sagrada_Família,28023,0,commons/Construction_of_the_Sagrada_Família_in_1998/0/pictures/ES_Barcelona_9806_012_(17234558405).jpg
Sagrada_Família,28023,0,commons/General_views_of_the_Nativity_Facade_of_the_Sagrada_Família/0/pictures/Barcelona_247.JPG
Sagrada_Família,28023,0,commons/Construction_of_the_Sagrada_Família_in_2011/0/pictures/Sagrada_Familia_(6622166087).jpg
Sagrada_Família,28023,0,commons/Western_Views_of_the_Nave_of_the_Sagrada_Família/0/pictures/Sagrada_familia-barcelona_-_panoramio_(14).jpg
Sagrada_Família,28023,0,commons/Exterior_of_the_Cloister_of_the_Sagrada_Família/0/pictures/Sagrada_Familia070.jpg
Sagrada_Família,28023,0,"commons/Portal_of_Hope_of_the_Sagrada_Família/0/pictures/Sagrada_Familia,_Nativity_facade_(3)_(30910726930).jpg"
Sagrada_Família,28023,0,commons/South-East_Views_of_the_Sagrada_Família/0/pictures/Barcelona_3676.JPG
Sagrada_Família,28023,0,commons/Construction_of_the_Sagrada_Família_in_2015/0/pictures/Barcelona_2015_10_12_0264_(22559465403).jpg
Sagrada_Família,28023,0,commons/Nativity_Facade_of_the_Sagrada_Família/0/pictures/Barcelona_-_Carrer_de_Mallorca_-_View_West_on_La_Sagrada_Família_-_Nativity_façade.jpg
Sagrada_Família,28023,0,commons/Sculpture_of_Crucifixion_of_Christ_at_the_Passion_Facade_of_the_Sagrada_Família/0/pictures/Segrada_Familia_2016-173.jpg
Sagrada_Família,28023,0,commons/Construction_cranes_in_the_Sagrada_Família/0/pictures/La_Sagrada_Familia_(7852726950).jpg
Sagrada_Família,28023,0,commons/Remote_views_of_the_Passion_Facade_of_the_Sagrada_Família/0/pictures/Barcelona_1069_10.jpg
Sagrada_Família,28023,0,commons/Sculpture_of_the_Star_of_Bethlehem_(Nativity_facade_of_the_Sagrada_Família)/0/pictures/Fachada_del_Nacimiento._Pórticos.jpg
Sagrada_Família,28023,0,commons/Construction_of_the_Sagrada_Família_in_2011/0/pictures/Barcelona_-_panoramio_(293).jpg
Sagrada_Família,28023,0,commons/Construction_of_the_Sagrada_Família_in_2016/0/pictures/Nativity_Facade_of_the_Sagrada_Família_0796.jpg
Sagrada_Família,28023,0,commons/Sculpture_of_Longinus_on_a_horse_at_the_Passion_Facade_of_the_Sagrada_Família/0/pictures/Barcelona_-_Temple_Expiatori_de_la_Sagrada_Família_(42).jpg
Sagrada_Família,28023,0,commons/Construction_of_the_Sagrada_Família_in_2005/0/pictures/Barçelòna_Sagrada_Fam_-_panoramio.jpg
Sagrada_Família,28023,0,commons/General_views_of_the_Nativity_Facade_of_the_Sagrada_Família/0/pictures/Sagrada_Família_de_Barcelona_gener_de_2015.jpg
Sagrada_Família,28023,0,commons/South-East_Views_of_the_Sagrada_Família/0/pictures/Barcelona_101DSC_0276_(49187460487).jpg
Sagrada_Família,28023,0,commons/Construction_of_the_Sagrada_Família_in_2015/0/pictures/Barcelona_2015_10_12_3299_(23160449216).jpg
Sagrada_Família,28023,0,"commons/Nativity_Facade_of_the_Sagrada_Família/0/pictures/Baby_Jesus_covered_in_bird_poop,_with_perching_bird,_in_the_Sagrada_Familia's_nativity_scene.jpg"
Sagrada_Família,28023,0,"commons/Sculpture_of_Crucifixion_of_Christ_at_the_Passion_Facade_of_the_Sagrada_Família/0/pictures/Sculptures_in_the_Passion_Facade_of_the_Sagrada_Família,_February_2013_-_09.JPG"
Sagrada_Família,28023,0,commons/Construction_cranes_in_the_Sagrada_Família/0/pictures/Sagrada_Familia_-_panoramio_-_P._León.jpg
Sagrada_Família,28023,0,commons/General_view_of_the_sculptures_in_the_Passion_Facade_of_the_Sagrada_Família/0/pictures/Portico_of_Passion_-_right_side_-_Sagrada_Familia_-_Barcelona_2014.jpg
Sagrada_Família,28023,0,commons/Remote_views_of_the_Passion_Facade_of_the_Sagrada_Família/0/pictures/Barcelona_(4720365148).jpg
Sagrada_Família,28023,0,commons/Sculpture_of_the_Star_of_Bethlehem_(Nativity_facade_of_the_Sagrada_Família)/0/pictures/Sagrada_Família_7.jpg
Sagrada_Família,28023,0,commons/Construction_of_the_Sagrada_Família_in_2011/0/pictures/Barcelona_-_panoramio_(292).jpg
Sagrada_Família,28023,0,"commons/Sculpture_of_Longinus_on_a_horse_at_the_Passion_Facade_of_the_Sagrada_Família/0/pictures/Barcelona,_Sagrada_família,_Sant_Jordi_de_Subirachs_RI-51-0003813.jpg"
Sagrada_Família,28023,0,commons/Construction_of_the_Sagrada_Família_in_2005/0/pictures/Absis_de_la_Sagrada_Família_2005.JPG
Sagrada_Família,28023,0,"commons/Remote_views_of_the_Sagrada_Família_from_the_Avinguda_de_Gaudi/0/pictures/Avinguda_de_Gaudi,_Barcelona_-_panoramio.jpg"
Sagrada_Família,28023,0,commons/South-West_Views_of_the_Sagrada_Família/0/pictures/Sagrada_Familia_Barcelona_434.JPG
Sagrada_Família,28023,0,commons/Construction_of_the_Sagrada_Família_in_2015/0/pictures/Sagrada_Família_Under_Construction_October_2015.jpg
Sagrada_Família,28023,0,"commons/Nativity_Facade_of_the_Sagrada_Família/0/pictures/Sagrada_Familia,_Barcelona_2017_02.jpg"
Sagrada_Família,28023,0,"commons/Sculpture_of_Ecce_Homo_in_the_Passion_Facade_of_the_Sagrada_Família/0/pictures/Passion_Facade_of_the_Sagrada_Família,_May_2013_-_15.JPG"
Sagrada_Família,28023,0,commons/Construction_of_the_Sagrada_Família_in_2002/0/pictures/Sagradafamilia-overview.jpg
Sagrada_Família,28023,0,"commons/Sculpture_of_the_Trumpeting_Angels_(Nativity_facade_of_the_Sagrada_Família)/0/pictures/063_Sagrada_Família,_façana_del_Naixement,_portes_de_l'Esperança_i_la_Caritat.jpg"
Sagrada_Família,28023,0,commons/Construction_of_the_Sagrada_Família_in_2011/0/pictures/Sagrada_Família_-_2011_Apse_01.jpg
Sagrada_Família,28023,0,commons/Construction_of_the_Sagrada_Família_in_2017/0/pictures/Exterior_of_the_Sagrada_Família_(2).jpg
Sagrada_Família,28023,0,commons/Nativity_facade_towers_of_the_Sagrada_Família/0/pictures/Fale_-_Spain_-_Barcelona_-_132.jpg
Sagrada_Família,28023,0,commons/Construction_of_the_Sagrada_Família_in_2006/0/pictures/Sagrada_Familia155.jpg
Sagrada_Família,28023,0,commons/General_views_of_the_Passion_Facade_of_the_Sagrada_Família/0/pictures/Sagrada_Familia_(8171682979).jpg
Sagrada_Família,28023,0,commons/Sagrada_Família_at_night/0/pictures/Barcelona_1098_05.jpg
Sagrada_Família,28023,0,commons/Construction_of_the_Sagrada_Família_in_2009/0/pictures/2009-08-15-outside-of-sagrada-familia-nativity.jpg
Sagrada_Família,28023,0,commons/Sculptures_of_Veil_of_Veronica_and_Bearing_of_the_Cross_at_the_Passion_Facade_of_the_Sagrada_Família/0/pictures/Sagrada1992a.jpg
Sagrada_Família,28023,0,"commons/Construction_of_the_Sagrada_Família_in_2013/0/pictures/West_side_of_the_Sagrada_Familia,_February_2013.jpg"
Sagrada_Família,28023,0,commons/Magic_square_of_the_Sagrada_Família/0/pictures/Sagrada_Família_2.jpg
Sagrada_Família,28023,0,commons/Western_Views_of_the_Nave_of_the_Sagrada_Família/0/pictures/Sagrada_Familia044.jpg
Sagrada_Família,28023,0,"commons/Exterior_of_the_Cloister_of_the_Sagrada_Família/0/pictures/Nativity_Facade_of_the_Sagrada_Família,_May_2013_-_09.JPG"
Sagrada_Família,28023,0,commons/Construction_of_the_Sagrada_Família_in_2018/0/pictures/Exterior_of_the_Sagrada_Família_06.jpg
Sagrada_Família,28023,0,commons/Nativity_facade_towers_of_the_Sagrada_Família/0/pictures/Sagrada_Familia_(July_2022)_14.jpg
Sagrada_Família,28023,0,commons/Sculpture_of_an_Angel_playing_Bassoon_in_the_Nativity_Facade_of_the_Sagrada_Família/0/pictures/Sagrada_Familia_detail_4_-_panoramio.jpg
Sagrada_Família,28023,0,"commons/Construction_of_the_Sagrada_Família_in_2007/0/pictures/La_Sagrada_Familia,_Barcelona,_Barcelona,_Spain_-_panoramio_-_TumbleCow.jpg"
Sagrada_Família,28023,0,commons/General_views_of_the_Passion_Facade_of_the_Sagrada_Família/0/pictures/Sagrada_Familia12.jpg
Sagrada_Família,28023,0,commons/Sculpture_of_Crucifixion_of_Christ_at_the_Passion_Facade_of_the_Sagrada_Família/0/pictures/Sagrada_Familia022.jpg
Sagrada_Família,28023,0,commons/Construction_cranes_in_the_Sagrada_Família/0/pictures/Das_Kreuz.JPG
Sagrada_Família,28023,0,"commons/General_view_of_the_sculptures_in_the_Passion_Facade_of_the_Sagrada_Família/0/pictures/La_Sagrada_Família,_Barcelona_-_panoramio_(4).jpg"
Sagrada_Família,28023,0,commons/Remote_views_of_the_Passion_Facade_of_the_Sagrada_Família/0/pictures/15-10-28-Sagrada_Familia-WMA_3131.jpg
Sagrada_Família,28023,0,"commons/Sculpture_of_the_Massacre_of_the_Innocents_(Nativity_facade_of_the_Sagrada_Família)/0/pictures/006_Sagrada_Família,_façana_del_Naixement,_porta_de_l'Esperança,_matança_dels_Innocents.jpg"
Sagrada_Família,28023,0,commons/Construction_of_the_Sagrada_Família_in_2009/0/pictures/Barcelona_-_Carrer_de_Provença_-_View_SE_on_La_Sagrada_Família_II.jpg
Sagrada_Família,28023,0,commons/Sculptures_of_Veil_of_Veronica_and_Bearing_of_the_Cross_at_the_Passion_Facade_of_the_Sagrada_Família/0/pictures/Barcelona_-_Temple_Expiatori_de_la_Sagrada_Família_(41).jpg
Sagrada_Família,28023,0,commons/Construction_of_the_Sagrada_Família_in_2013/0/pictures/Sagrada_Familia_en_Barcelona_(9247425296).jpg
Sagrada_Família,28023,0,"commons/Sculpture_of_Jesus_as_a_carpenter_(Nativity_facade_of_the_Sagrada_Família)/0/pictures/Sagrada_Familia,_Nativity_facade_(2)_(30477190154).jpg"
Sagrada_Família,28023,0,commons/Construction_of_the_Sagrada_Família_in_2004/0/pictures/Sagrada1.jpg
Sagrada_Família,28023,0,commons/General_views_of_the_Nativity_Facade_of_the_Sagrada_Família/0/pictures/SGRD.jpg
Sagrada_Família,28023,0,commons/South-West_Views_of_the_Sagrada_Família/0/pictures/Sagrada_Familia_Barcelona_436.JPG
Sagrada_Família,28023,0,"commons/Construction_of_the_Sagrada_Família_in_2015/0/pictures/Spain_-_Barcelona,_La_Sagrada_Família_-_panoramio.jpg"
Sagrada_Família,28023,0,commons/Nativity_Facade_of_the_Sagrada_Família/0/pictures/Sagrada_familia_(7567089614).jpg
Sagrada_Família,28023,0,commons/Sculpture_of_Ecce_Homo_in_the_Passion_Facade_of_the_Sagrada_Família/0/pictures/Ecce_Homo_-_Sagrada_Familia_-_Barcelona_2014_(2).JPG
Sagrada_Família,28023,0,commons/Construction_of_the_Sagrada_Família_in_2002/0/pictures/Barcelona-gm1.jpg
Sagrada_Família,28023,0,commons/General_views_of_the_Nativity_Facade_of_the_Sagrada_Família/0/pictures/La_Sagrada_Familia_(7852730736).jpg
Sagrada_Família,28023,0,commons/Construction_of_the_Sagrada_Família_in_2011/0/pictures/Sagrada_Família_-_2011_Apse_02.jpg
Sagrada_Família,28023,0,commons/Western_Views_of_the_Sagrada_Família/0/pictures/Barcelona_-_Sagrada_Familia_-_Trasera_2017-12-27.jpg
Sagrada_Família,28023,0,commons/Exterior_of_the_Sagrada_Família/0/pictures/Barcelona_-_Temple_Expiatori_de_la_Sagrada_Família_(5).jpg
Sagrada_Família,28023,0,commons/Cloister_of_the_Sagrada_Família/0/pictures/Sagrada_familia_(7567082626).jpg
Sagrada_Família,28023,0,commons/Sculpture_of_Denial_of_Peter_in_the_Passion_Facade_of_the_Sagrada_Família/0/pictures/BarcellonaSagradaFamilla_GruppoScult1.jpg
Sagrada_Família,28023,0,commons/Construction_cranes_in_the_Sagrada_Família/0/pictures/Temple_Expiatori_de_la_Sagrada_Família_02.jpg
Sagrada_Família,28023,0,commons/General_view_of_the_sculptures_in_the_Passion_Facade_of_the_Sagrada_Família/0/pictures/Sagrada_Familia042.jpg
Sagrada_Família,28023,0,commons/Construction_of_the_Sagrada_Família_in_2009/0/pictures/Nativity_Facade_of_the_Sagrada_Família_-_panoramio_-_roadmap_(6).jpg
Sagrada_Família,28023,0,commons/Exterior_of_the_Apse_of_the_Sagrada_Família/0/pictures/Barcelona_-_Carrer_de_Provença_-_View_SE_on_Passion_Façade_connection_to_La_Sagrada_Família.jpg
Sagrada_Família,28023,0,commons/Sculptures_of_Veil_of_Veronica_and_Bearing_of_the_Cross_at_the_Passion_Facade_of_the_Sagrada_Família/0/pictures/SF_-_Verónica.jpg
Sagrada_Família,28023,0,"commons/Construction_of_the_Sagrada_Família_in_2013/0/pictures/Sculptures_in_the_Passion_Facade_of_the_Sagrada_Família,_February_2013_-_08.JPG"
Sagrada_Família,28023,0,commons/Construction_of_the_Sagrada_Família_in_2016/0/pictures/SF_-_lago1.jpg
Sagrada_Família,28023,0,commons/Sculpture_of_Saint_Barnabas_in_the_Nativity_Facade_of_the_Sagrada_Família/0/pictures/Sagrada_Familia_0104.JPG
Sagrada_Família,28023,0,commons/Construction_of_the_Sagrada_Família_in_2006/0/pictures/Barcelona_sagrada_-_panoramio.jpg
Sagrada_Família,28023,0,"commons/General_views_of_the_Passion_Facade_of_the_Sagrada_Família/0/pictures/086_Sagrada_Família,_façana_de_la_Passió_i_torres.jpg"
Sagrada_Família,28023,0,commons/Sculpture_of_Ecce_Homo_in_the_Passion_Facade_of_the_Sagrada_Família/0/pictures/Temple_Expiatori_de_la_Sagrada_Família_(Barcelona)_-_95.jpg
Sagrada_Família,28023,0,commons/Construction_of_the_Sagrada_Família_in_2004/0/pictures/Barcelone_-_2004-July_-_IMG2897.jpg
Sagrada_Família,28023,0,commons/General_views_of_the_Nativity_Facade_of_the_Sagrada_Família/0/pictures/SAGRADA_FAMILIA.2.BARCELONA_-_panoramio.jpg
Sagrada_Família,28023,0,commons/Door_of_the_Crowning_with_Thorns_at_the_Passion_Facade_of_the_Sagrada_Família/0/pictures/WLM14ES_-_Barcelona_Fachada_de_la_pasion_473_04_de_julio_de_2011_-_.jpg
Sagrada_Família,28023,0,commons/Passion_Facade_of_the_Sagrada_Família/0/pictures/Sagrada23.jpg
Sagrada_Família,28023,0,commons/Sculpture_of_the_Trumpeting_Angels_(Nativity_facade_of_the_Sagrada_Família)/0/pictures/Angels_-_Nativity_Facade_-_Sagrada_Família_-_Barcelona_2014_(2).JPG
Sagrada_Família,28023,0,commons/Construction_of_the_Sagrada_Família_in_2011/0/pictures/Sagrada_familia_-_panoramio_(3).jpg
Sagrada_Família,28023,0,commons/Construction_of_the_Sagrada_Família_in_2021/0/pictures/Sagrada_Familia_8-12-21_(4).jpg
Sagrada_Família,28023,0,"commons/Sculpture_of_the_Massacre_of_the_Innocents_(Nativity_facade_of_the_Sagrada_Família)/0/pictures/Nativity_Facade_of_the_Sagrada_Família,_May_2013_-_09.JPG"
Sagrada_Família,28023,0,"commons/Construction_of_the_Sagrada_Família_in_2009/0/pictures/Fachada_del_Nacimiento_-_Templo_de_la_Sagrada_Família,_Barcelona_4.jpg"
Sagrada_Família,28023,0,commons/Exterior_of_the_Apse_of_the_Sagrada_Família/0/pictures/Barcelona_-_Carrer_de_Provença_-_View_SSE_on_the_Tower_of_the_Virgin_(under_construction)_of_La_Sagrada_Família.jpg
Sagrada_Família,28023,0,commons/Western_Views_of_the_Nave_of_the_Sagrada_Família/0/pictures/Sagrada_Familia_Barcelona_434.JPG
Sagrada_Família,28023,0,commons/Exterior_of_the_Cloister_of_the_Sagrada_Família/0/pictures/Fale_-_Spain_-_Barcelona_-_131.jpg
Sagrada_Família,28023,0,commons/Portal_of_Charity_of_the_Sagrada_Família/0/pictures/TEMPLE_EXPIATORI_DE_LA_SAGRADA_FAMÍLIA_24012021_(1)_02.jpg
Sagrada_Família,28023,0,commons/Sculptures_of_Veil_of_Veronica_and_Bearing_of_the_Cross_at_the_Passion_Facade_of_the_Sagrada_Família/0/pictures/Eixample_-_Sagrada_Família_-_20150828104424.jpg
Sagrada_Família,28023,0,commons/Construction_of_the_Sagrada_Família_in_2013/0/pictures/Sagrada_Familial_Façade_de_la_nativité.JPG
Sagrada_Família,28023,0,commons/Sculpture_of_Longinus_on_a_horse_at_the_Passion_Facade_of_the_Sagrada_Família/0/pictures/Barcelona_270.JPG
Sagrada_Família,28023,0,commons/Construction_of_the_Sagrada_Família_in_2005/0/pictures/La_Sagadra_-_Flickr_-_wit.jpg
Sagrada_Família,28023,0,commons/General_views_of_the_Nativity_Facade_of_the_Sagrada_Família/0/pictures/Sagrada_Família_-_Antoni_Gaudí_(1884-1914-1926-)_-_panoramio.jpg
Sagrada_Família,28023,0,commons/Construction_of_the_Sagrada_Família_in_2010/0/pictures/Sagrada_Familia_01-03.JPG
Sagrada_Família,28023,0,"commons/Exterior_of_the_Apse_of_the_Sagrada_Família/0/pictures/Sagrada_Familia,_Antoni_Gaudí_-_panoramio.jpg"
Sagrada_Família,28023,0,commons/Sculptures_of_the_Flight_to_Egypt_(Nativity_facade_of_the_Sagrada_Família)/0/pictures/2019_03_16_AIDA_Barcelona_(103).jpg
Sagrada_Família,28023,0,"commons/Construction_of_the_Sagrada_Família_in_2014/0/pictures/Sagrada_Familia_Basilica,_Barcelona_01.jpg"
Sagrada_Família,28023,0,commons/Construction_of_the_Sagrada_Família_in_2017/0/pictures/Σαγράδα_Φαμίλια_3395.jpg
Sagrada_Família,28023,0,commons/Nativity_facade_towers_of_the_Sagrada_Família/0/pictures/Les_torres_de_la_Sagrada_Família.jpg
Sagrada_Família,28023,0,commons/Sculpture_of_Simon_of_Cyrene_and_the_cross_in_the_Sagrada_Família/0/pictures/Barcelona_-_Plaça_de_la_Sagrada_Família_-_Passion_Façade_-_Jesus'_Entombment_I.jpg
Sagrada_Família,28023,0,commons/Construction_of_the_Sagrada_Família_in_2007/0/pictures/ES_Barcelona_0711_(32)_(17208658166).jpg
Sagrada_Família,28023,0,commons/General_views_of_the_Passion_Facade_of_the_Sagrada_Família/0/pictures/Sagrada_Familia_1_.jpg
Sagrada_Família,28023,0,commons/Sculpture_of_the_flagellation_of_Jesus_Christ_in_the_Passion_Facade_of_the_Sagrada_Família/0/pictures/Sagrada_Familia_Escultura.jpg
Sagrada_Família,28023,0,"commons/Construction_of_the_Sagrada_Família_in_2012/0/pictures/Sagrada_Familia,_Barcelona,_España_-_panoramio_(2).jpg"
Sagrada_Família,28023,0,commons/Sculpture_of_Denial_of_Peter_in_the_Passion_Facade_of_the_Sagrada_Família/0/pictures/Barcelona_-_Temple_Expiatori_de_la_Sagrada_Família_(36).jpg
Sagrada_Família,28023,0,"commons/Construction_cranes_in_the_Sagrada_Família/0/pictures/View_of_Basilica_and_Expiatory_Church_of_the_Holy_Family_(Basílica_i_Temple_Expiatori_de_la_Sagrada_Família)_(_UNESCO_World_Heritage_Site)._Barcelona,_Catalonia,_Spain.jpg"
Sagrada_Família,28023,0,commons/General_view_of_the_sculptures_in_the_Passion_Facade_of_the_Sagrada_Família/0/pictures/Sagrada_Familia..JPG
Sagrada_Família,28023,0,"commons/Sculpture_of_the_Nativity_(Nativity_facade_of_the_Sagrada_Família)/0/pictures/Barcelona_-_La_Sagrada_Família_-_Centre_of_Nativity_Façade_-_Ox,_Father_Joseph,_Child_Jesus,_Mother_Mary,_Donkey.jpg"
Sagrada_Família,28023,0,commons/Construction_of_the_Sagrada_Família_in_2009/0/pictures/Sagrada_Familia_-_Barcelona_Spain_-_panoramio.jpg
Sagrada_Família,28023,0,commons/Images_of_individuals_at_the_Sagrada_Família/0/pictures/Barcelona_(9399213290).jpg
Sagrada_Família,28023,0,commons/Construction_of_the_Sagrada_Família_in_2005/0/pictures/Sagrada_Familia_-_panoramio_-_sweeneymagee.jpg
Sagrada_Família,28023,0,commons/General_views_of_the_Nativity_Facade_of_the_Sagrada_Família/0/pictures/Sagrada_familia_by_night_2006.jpg
Sagrada_Família,28023,0,commons/Sculpture_of_Ecce_Homo_in_the_Passion_Facade_of_the_Sagrada_Família/0/pictures/WLM14ES_-_Barcelona_Fachada_de_la_pasion_460_04_de_julio_de_2011_-_.jpg
Sagrada_Família,28023,0,commons/Construction_of_the_Sagrada_Família_in_2003/0/pictures/Sagrada_Famiglia_di_Barcellona_(2).jpg
Sagrada_Família,28023,0,commons/General_views_of_the_Nativity_Facade_of_the_Sagrada_Família/0/pictures/SF_-_lago1.jpg
Sagrada_Família,28023,0,"commons/Exterior_of_the_Apse_of_the_Sagrada_Família/0/pictures/Barcelona_-_Carrer_de_Provença_-_View_SE_on_Tower_of_the_Virgin_(under_construction),_Tower_of_Jesus_Christ_(under_construction)_&_'Apostle'-Towers_of_La_Sagrada_Família.jpg"
Sagrada_Família,28023,0,commons/Western_Views_of_the_Nave_of_the_Sagrada_Família/0/pictures/Sagrada_Familia_-_panoramio_(18).jpg
Sagrada_Família,28023,0,commons/Exterior_of_the_Cloister_of_the_Sagrada_Família/0/pictures/Escoles_de_la_Sagrada_Familia.jpg
Sagrada_Família,28023,0,commons/Portal_of_Charity_of_the_Sagrada_Família/0/pictures/Дорога_к_пасти_храма_-_panoramio.jpg
Sagrada_Família,28023,0,commons/Construction_of_the_Sagrada_Família_in_2004/0/pictures/Barcelona_sagrada_de_familia.jpg
Sagrada_Família,28023,0,commons/Construction_of_the_Sagrada_Família_in_2017/0/pictures/Sagrada_familia_Passionsfassade_Zustand_Juni_2017.jpg
Sagrada_Família,28023,0,commons/Construction_of_the_Sagrada_Família_in_2007/0/pictures/ES_Barcelona_0711_(22)_(17027184077).jpg
Sagrada_Família,28023,0,commons/General_views_of_the_Passion_Facade_of_the_Sagrada_Família/0/pictures/Sagrada_Familia_Extérieur.jpg
Sagrada_Família,28023,0,commons/Eastern_Views_of_the_Nave_of_the_Sagrada_Família/0/pictures/Nave_of_the_Sagrada_Família_(mallorca_marina).jpg
Sagrada_Família,28023,0,commons/Passion_facade_towers_of_the_Sagrada_Família/0/pictures/Façana_Passió.jpg
Sagrada_Família,28023,0,commons/Sculpture_of_the_flagellation_of_Jesus_Christ_in_the_Passion_Facade_of_the_Sagrada_Família/0/pictures/Jesus_at_the_pillar_-_Sagrada_Familia_-_Barcelona_2014.JPG
Sagrada_Família,28023,0,"commons/Construction_of_the_Sagrada_Família_in_2012/0/pictures/Sagrada_Familia,_Barcelona,_España_-_panoramio_(1).jpg"
Sagrada_Família,28023,0,commons/South-West_Views_of_the_Sagrada_Família/0/pictures/Sagrada_Familia_(5).jpg
Sagrada_Família,28023,0,commons/Construction_of_the_Sagrada_Família_in_2015/0/pictures/Sagrada_familia_-_barcelona_-_panoramio_(1).jpg
Sagrada_Família,28023,0,commons/Construction_of_the_Sagrada_Família_in_1983/0/pictures/Barcelona-04-Sagrada_Familia-1983-gje.jpg
Sagrada_Família,28023,0,commons/General_views_of_the_Nativity_Facade_of_the_Sagrada_Família/0/pictures/Façana_naixement_Sagrada_Família.jpg
Sagrada_Família,28023,0,commons/Construction_of_the_Sagrada_Família_in_2011/0/pictures/Sagrada_Familia_altijd_in_aanbouw.jpg
Sagrada_Família,28023,0,commons/Sculpture_of_the_Nativity_(Nativity_facade_of_the_Sagrada_Família)/0/pictures/Temple_Expiatori_de_la_Sagrada_Família_(Barcelona)_-_65.jpg
Sagrada_Família,28023,0,commons/Construction_of_the_Sagrada_Família_in_2010/0/pictures/Sagrada_Familia_01-07.JPG
Sagrada_Família,28023,0,commons/West_sacristy_of_the_Sagrada_Família/0/pictures/2017_Nova_sagristia_de_la_Sagrada_Familia_04.jpg
Sagrada_Família,28023,0,commons/Exterior_of_the_Apse_of_the_Sagrada_Família/0/pictures/Sagrada_Familia_-_panoramio_-_ChristofUllrich.jpg
Sagrada_Família,28023,0,commons/Construction_of_the_Sagrada_Família_in_2014/0/pictures/Sagrada_Familia_-_panoramio_(35).jpg
Sagrada_Família,28023,0,commons/Remote_views_of_the_Nativity_Facade_of_the_Sagrada_Família/0/pictures/Eixample_-_Sagrada_Família_-_20150828123144.jpg
Sagrada_Família,28023,0,commons/Construction_of_the_Sagrada_Família_in_2010/0/pictures/Sagrada_familia_(4263355314).jpg
Sagrada_Família,28023,0,commons/South-West_Views_of_the_Sagrada_Família/0/pictures/Sagrada_Familia_(Barcelona)_06-7-2021.jpg
Sagrada_Família,28023,0,commons/Construction_of_the_Sagrada_Família_in_2015/0/pictures/Sagrada_Família_-_Barcelona_-_Desembre_2015_-_08.JPG
Sagrada_Família,28023,0,commons/Nativity_Facade_of_the_Sagrada_Família/0/pictures/Sagrada_Família_-_panoramio_(9).jpg
Sagrada_Família,28023,0,commons/Sculpture_of_Ecce_Homo_in_the_Passion_Facade_of_the_Sagrada_Família/0/pictures/Pasión-Ecce_Homo.jpg
Sagrada_Família,28023,0,commons/Construction_of_the_Sagrada_Família_in_2000/0/pictures/Barcelona_Iglesia_Sagrada_Familia_02.jpg
Sagrada_Família,28023,0,commons/General_views_of_the_Nativity_Facade_of_the_Sagrada_Família/0/pictures/La_Basilica_de_Sagrada_Familia_(26037977324).jpg
Sagrada_Família,28023,0,"commons/Sculpture_of_Ecce_Homo_in_the_Passion_Facade_of_the_Sagrada_Família/0/pictures/Sculptures_in_the_Passion_Facade_of_the_Sagrada_Família,_February_2013_-_08.JPG"
Sagrada_Família,28023,0,commons/Construction_of_the_Sagrada_Família_in_2000/0/pictures/Barcelona_què_és_la_veritat.jpg
Sagrada_Família,28023,0,commons/General_views_of_the_Nativity_Facade_of_the_Sagrada_Família/0/pictures/SF_-_Castell.JPG
Sagrada_Família,28023,0,commons/Construction_of_the_Sagrada_Família_in_2010/0/pictures/Sagrada_Familia_Barcelona.jpg
Sagrada_Família,28023,0,commons/Construction_of_the_Sagrada_Família_in_2007/0/pictures/ES_Barcelona_0711_(31)_(17232882842).jpg
Sagrada_Família,28023,0,commons/General_views_of_the_Passion_Facade_of_the_Sagrada_Família/0/pictures/Sagrada_Familia_(Diada_Nacional_de_Catalunya_de_2012).JPG
Sagrada_Família,28023,0,commons/Eastern_Views_of_the_Nave_of_the_Sagrada_Família/0/pictures/Sagrada_Familia_(22329854273).jpg
Sagrada_Família,28023,0,commons/Passion_facade_towers_of_the_Sagrada_Família/0/pictures/Gaudi_temple_entrance_(22251602).jpg
Sagrada_Família,28023,0,"commons/Sculpture_of_the_flagellation_of_Jesus_Christ_in_the_Passion_Facade_of_the_Sagrada_Família/0/pictures/La_Sagrada_Familia,_Barcelona,_Spain_-_panoramio_(79).jpg"
Sagrada_Família,28023,0,commons/Construction_of_the_Sagrada_Família_in_2012/0/pictures/Sagrada_Familia_East_Towers.JPG
Sagrada_Família,28023,0,"commons/Sculpture_of_the_Massacre_of_the_Innocents_(Nativity_facade_of_the_Sagrada_Família)/0/pictures/Nativity_Façade,_Sagrada_Familia,_Barcelona_(1805425610).jpg"
Sagrada_Família,28023,0,commons/Construction_of_the_Sagrada_Família_in_2009/0/pictures/Barcelona_-_Plaça_de_la_Sagrada_Família_-_View_North_on_La_Sagrada_Família_-_Passion_façade.jpg
Sagrada_Família,28023,0,"commons/Christ_Tower_of_the_Sagrada_Família/0/pictures/Nativity_facade_of_the_Sagrada_Familia,_February_2013_-_01.JPG"
Sagrada_Família,28023,0,commons/Western_Views_of_the_Nave_of_the_Sagrada_Família/0/pictures/Sagrada_Familia027.jpg
Sagrada_Família,28023,0,"commons/Exterior_of_the_Cloister_of_the_Sagrada_Família/0/pictures/Passion_Facade_of_the_Sagrada_Família,_May_2013_-_09.JPG"
Sagrada_Família,28023,0,"commons/Portal_of_Faith_of_the_Sagrada_Família/0/pictures/Basílica_de_la_Sagrada_Familia,_Barcelona._Pórtico_de_la_Fé.jpg"
Sagrada_Família,28023,0,commons/Sculpture_of_Longinus_on_a_horse_at_the_Passion_Facade_of_the_Sagrada_Família/0/pictures/Sagrada_Familia018.jpg
Sagrada_Família,28023,0,commons/Construction_of_the_Sagrada_Família_in_2005/0/pictures/Sagrada_Familia_(Nativity_facade)_-_panoramio.jpg
Sagrada_Família,28023,0,"commons/General_views_of_the_Nativity_Facade_of_the_Sagrada_Família/0/pictures/Sagrada_Família,_Barcelona_-_panoramio_(15).jpg"
Sagrada_Família,28023,0,"commons/Remote_views_of_the_Sagrada_Família_from_the_Avinguda_de_Gaudi/0/pictures/Sagrada_Familia,_Barcelona,Spain_2013-09-03_20-54.jpg"
Sagrada_Família,28023,0,"commons/Exterior_of_the_Apse_of_the_Sagrada_Família/0/pictures/La_Sagrada_Familia,_Barcelona,_Spain_-_panoramio_(57).jpg"
Sagrada_Família,28023,0,commons/Cloister_of_the_Sagrada_Família/0/pictures/Barcelona_-_panoramio_(296).jpg
Sagrada_Família,28023,0,"commons/Construction_of_the_Sagrada_Família_in_2023/0/pictures/473_Basílica_de_la_Sagrada_Família_(Barcelona),_angle_c._Mallorca_-_c._Sardenya.jpg"
Sagrada_Família,28023,0,commons/Construction_of_the_Sagrada_Família_in_2009/0/pictures/Sagrada_Familia_-_panoramio_(17).jpg
Sagrada_Família,28023,0,commons/Construction_of_the_Sagrada_Família_in_2021/0/pictures/Sagrada_Familia_8-12-21_(1).jpg
Sagrada_Família,28023,0,commons/Sculpture_of_the_Massacre_of_the_Innocents_(Nativity_facade_of_the_Sagrada_Família)/0/pictures/Muerte_de_los_Santos_Inocentes.jpg
Sagrada_Família,28023,0,"commons/Construction_of_the_Sagrada_Família_in_2009/0/pictures/Fachada_del_Nacimiento_-_Templo_de_la_Sagrada_Família,_Barcelona_3.jpg"
Sagrada_Família,28023,0,commons/Exterior_of_the_Apse_of_the_Sagrada_Família/0/pictures/Barcelona_-_Carrer_de_Provença_-_View_SE_on_La_Sagrada_Família.jpg
Sagrada_Família,28023,0,commons/Pinnacles_of_the_Sagrada_Família/0/pictures/Exterior_of_the_Sagrada_Família_30.jpg
Sagrada_Família,28023,0,commons/Western_Views_of_the_Nave_of_the_Sagrada_Família/0/pictures/Sagrada_Familia_-_panoramio_(17).jpg
Sagrada_Família,28023,0,commons/Exterior_of_the_Cloister_of_the_Sagrada_Família/0/pictures/Exterior_of_the_Cloister_of_the_Sagrada_Família-2013.jpg
Sagrada_Família,28023,0,commons/Portal_of_Faith_of_the_Sagrada_Família/0/pictures/Sagrada_Familia_Façade_(3409526758).jpg
Sagrada_Família,28023,0,commons/Sculptures_of_Veil_of_Veronica_and_Bearing_of_the_Cross_at_the_Passion_Facade_of_the_Sagrada_Família/0/pictures/Eixample_-_Sagrada_Família_-_20150828104223.jpg
Sagrada_Família,28023,0,commons/Construction_of_the_Sagrada_Família_in_2013/0/pictures/Sagrada_Familial_Février_2013_2.JPG
Sagrada_Família,28023,0,"commons/Sculpture_of_Longinus_on_a_horse_at_the_Passion_Facade_of_the_Sagrada_Família/0/pictures/Sagrada_Familia_Basilica,_Barcelona_05.jpg"
Sagrada_Família,28023,0,commons/Construction_of_the_Sagrada_Família_in_2005/0/pictures/050529_Barcelona_026.jpg
Sagrada_Família,28023,0,"commons/General_views_of_the_Nativity_Facade_of_the_Sagrada_Família/0/pictures/Sagrada_Família,_Plaça_de_Gaudí,_Barcelona_-_panoramio_(2).jpg"
Sagrada_Família,28023,0,"commons/Remote_views_of_the_Sagrada_Família_from_the_Avinguda_de_Gaudi/0/pictures/La_Sagrada_Família,_Barcelona_-_panoramio.jpg"
Sagrada_Família,28023,0,commons/Construction_of_the_Sagrada_Família_in_2007/0/pictures/Pórtico_Sagrada_Familia_-_panoramio.jpg
Sagrada_Família,28023,0,commons/General_views_of_the_Passion_Facade_of_the_Sagrada_Família/0/pictures/Sagrada_Família.04.jpg
Sagrada_Família,28023,0,commons/Eastern_Views_of_the_Sagrada_Família/0/pictures/Barcelona_-_Plaça_de_Gaudí_-_View_SW_on_La_Sagrada_Família_-_Nativity_façade_I.jpg
Sagrada_Família,28023,0,"commons/Passion_facade_towers_of_the_Sagrada_Família/0/pictures/Passion_Facade_of_the_Sagrada_Família,_May_2013_-_03.JPG"
Sagrada_Família,28023,0,commons/Sculpture_of_the_kiss_of_Judas_Iscariot_at_the_Passion_Facade_of_the_Sagrada_Família/0/pictures/Barcelona_-_panoramio_(279).jpg
Sagrada_Família,28023,0,commons/Construction_of_the_Sagrada_Família_in_2012/0/pictures/Sagrada_familia_(7567077428).jpg
Sagrada_Família,28023,0,commons/Sculpture_of_Crucifixion_of_Christ_at_the_Passion_Facade_of_the_Sagrada_Família/0/pictures/Sagrada_Familia024.jpg
Sagrada_Família,28023,0,commons/Construction_cranes_in_the_Sagrada_Família/0/pictures/La_Sagrada_Familia_(8841823155).jpg
Sagrada_Família,28023,0,commons/General_view_of_the_sculptures_in_the_Passion_Facade_of_the_Sagrada_Família/0/pictures/Obres_a_la_façana_de_la_Passió_-_2013_c.JPG
Sagrada_Família,28023,0,commons/Remote_views_of_the_Passion_Facade_of_the_Sagrada_Família/0/pictures/Barcelona_1069_05.jpg
Sagrada_Família,28023,0,commons/South-West_Views_of_the_Sagrada_Família/0/pictures/Sagradafamilia.JPG
Sagrada_Família,28023,0,commons/Construction_of_the_Sagrada_Família_in_2015/0/pictures/Una_nuevo_ángulo_visual_de_Templo_Expiatorio_de_la_Sagrada_Familia.jpg
Sagrada_Família,28023,0,commons/Nativity_Facade_of_the_Sagrada_Família/0/pictures/Unfinished_chruch_of_holy_family_begun_1884_barcelona_-_334169697bis.jpg
Sagrada_Família,28023,0,commons/Sculpture_of_Ecce_Homo_in_the_Passion_Facade_of_the_Sagrada_Família/0/pictures/Sagrada_Familia039.jpg
Sagrada_Família,28023,0,commons/Construction_of_the_Sagrada_Família_in_2003/0/pictures/Zagrada_familia.jpg
Sagrada_Família,28023,0,"commons/General_views_of_the_Nativity_Facade_of_the_Sagrada_Família/0/pictures/Nativity_Facade,_Sagrada_Familia_-_panoramio.jpg"
Sagrada_Família,28023,0,"commons/Sculpture_of_the_Lamentation_in_the_Passion_Facade_of_the_Sagrada_Família/0/pictures/Sagrada_Família,_Barcelona_-_panoramio_(13).jpg"
Sagrada_Família,28023,0,commons/Construction_of_the_Sagrada_Família_in_2009/0/pictures/Barcelona_-_Carrer_de_Provença_-_View_East_on_oldest_part_of_La_Sagrada_Família-_The_Tower_of_the_Virgin_I.jpg
Sagrada_Família,28023,0,commons/Construction_of_the_Sagrada_Família_in_2013/0/pictures/Sagrada_Familia_7.jpg
Sagrada_Família,28023,0,commons/Sculpture_of_Jesus_and_Joseph_(Nativity_facade_of_the_Sagrada_Família)/0/pictures/Placa_commemorativa_de_la_visita_de_l'any_1982_de_Joan_Pau_II_a_la_Sagrada_Família.jpg
Sagrada_Família,28023,0,commons/Construction_of_the_Sagrada_Família_in_2004/0/pictures/Barcelone_-_2004-July_-_IMG0007.jpg
Sagrada_Família,28023,0,commons/General_views_of_the_Nativity_Facade_of_the_Sagrada_Família/0/pictures/RI-51-000_3813.jpg
Sagrada_Família,28023,0,commons/Sculpture_of_an_Angel_playing_Harps_in_the_Nativity_Facade_of_the_Sagrada_Família/0/pictures/Detalle_da_Fachada_da_Caridade._Sagrada_Familia._Barcelona_B41.jpg
Sagrada_Família,28023,0,commons/Construction_of_the_Sagrada_Família_in_2007/0/pictures/Sagrada_Familia_-_panoramio_-_Pablo_Costa_Tirado.jpg
Sagrada_Família,28023,0,"commons/General_views_of_the_Passion_Facade_of_the_Sagrada_Família/0/pictures/Templo_Expiatorio_de_la_Sagrada_Familia,_2013_(6).JPG"
Sagrada_Família,28023,0,commons/Eastern_Views_of_the_Sagrada_Família/0/pictures/Barcelona_101DSC_0285_(49192708907).jpg
Sagrada_Família,28023,0,commons/Sculpture_of_the_kiss_of_Judas_Iscariot_at_the_Passion_Facade_of_the_Sagrada_Família/0/pictures/Sagrada_Familia_(July_2022)_10.jpg
Sagrada_Família,28023,0,commons/Construction_of_the_Sagrada_Família_in_2012/0/pictures/Sagrada_familia_(7567080300).jpg
Sagrada_Família,28023,0,commons/Exterior_of_the_Cloister_of_the_Sagrada_Família/0/pictures/Sagrada_Familia028.jpg
Sagrada_Família,28023,0,commons/Portal_of_Hope_of_the_Sagrada_Família/0/pictures/Fale_-_Spain_-_Barcelona_-_127.jpg
Sagrada_Família,28023,0,commons/South-East_Views_of_the_Sagrada_Família/0/pictures/Barcelona_101DSC_0274_(49186769133).jpg
Sagrada_Família,28023,0,commons/Construction_of_the_Sagrada_Família_in_2015/0/pictures/Barcelona_2015_10_12_0255_(22792391337).jpg
Sagrada_Família,28023,0,commons/Nativity_Facade_of_the_Sagrada_Família/0/pictures/Antoni_Gaudi’s_Sagrada_Familia_02.jpg
Sagrada_Família,28023,0,"commons/Sculpture_of_Crucifixion_of_Christ_at_the_Passion_Facade_of_the_Sagrada_Família/0/pictures/Sagrada_Família,_Barcelona_-_panoramio_(10).jpg"
Sagrada_Família,28023,0,commons/Construction_cranes_in_the_Sagrada_Família/0/pictures/Sagrada_Familia_(8107962155).jpg
Sagrada_Família,28023,0,commons/General_view_of_the_sculptures_in_the_Passion_Facade_of_the_Sagrada_Família/0/pictures/New_Sagrada_Familia.jpg
Sagrada_Família,28023,0,commons/Remote_views_of_the_Passion_Facade_of_the_Sagrada_Família/0/pictures/Barcelona_-_Sagrada_Familia_(1).JPG
Sagrada_Família,28023,0,commons/Sculpture_of_the_Star_of_Bethlehem_(Nativity_facade_of_the_Sagrada_Família)/0/pictures/Sagrada_Familia_Portal_Detail.jpg
Sagrada_Família,28023,0,commons/Construction_of_the_Sagrada_Família_in_2011/0/pictures/Barcelona_-_panoramio_(288).jpg
Sagrada_Família,28023,0,commons/Western_Views_of_the_Nave_of_the_Sagrada_Família/0/pictures/Sagrada_familia_-_panoramio_(6).jpg
Sagrada_Família,28023,0,commons/Exterior_of_the_Cloister_of_the_Sagrada_Família/0/pictures/Sagrada_Familia_Building_Site_2_(5838936295).jpg
Sagrada_Família,28023,0,commons/Portal_of_Hope_of_the_Sagrada_Família/0/pictures/Sagrada_Familia_detail_1_-_panoramio.jpg
Sagrada_Família,28023,0,commons/South-East_Views_of_the_Sagrada_Família/0/pictures/Barcelona_3677.JPG
Sagrada_Família,28023,0,commons/Construction_of_the_Sagrada_Família_in_2015/0/pictures/Barcelona_2015_10_12_3647_(22890760900).jpg
Sagrada_Família,28023,0,commons/Nativity_Facade_of_the_Sagrada_Família/0/pictures/Barcelona_-_Plaça_de_Gaudí_-_View_SW_on_La_Sagrada_Família_-_Nativity_façade_II.jpg
Sagrada_Família,28023,0,commons/Sculpture_of_Crucifixion_of_Christ_at_the_Passion_Facade_of_the_Sagrada_Família/0/pictures/TEMPLE_EXPIATORI_DE_LA_SAGRADA_FAMÍLIA_24012021_(1)_22.jpg
Sagrada_Família,28023,0,commons/Construction_cranes_in_the_Sagrada_Família/0/pictures/Sagrada_Família_-_panoramio_(4).jpg
Sagrada_Família,28023,0,commons/General_view_of_the_sculptures_in_the_Passion_Facade_of_the_Sagrada_Família/0/pictures/SF_-_Passió_2018-m.jpg
Sagrada_Família,28023,0,"commons/Sculpture_of_the_Star_of_Bethlehem_(Nativity_facade_of_the_Sagrada_Família)/0/pictures/Sagrada_Família,_Barcelona_-_panoramio_(11).jpg"
Sagrada_Família,28023,0,commons/Construction_of_the_Sagrada_Família_in_2011/0/pictures/Barcelona_-_panoramio_(299).jpg
Sagrada_Família,28023,0,commons/Sculpture_of_Longinus_on_a_horse_at_the_Passion_Facade_of_the_Sagrada_Família/0/pictures/WLM14ES_-_Barcelona_Fachada_de_la_pasion_444_04_de_julio_de_2011_-_.jpg
Sagrada_Família,28023,0,commons/Construction_of_the_Sagrada_Família_in_2005/0/pictures/Sagrada_Familia_(Passion_facade)_-_panoramio.jpg
Sagrada_Família,28023,0,commons/General_views_of_the_Nativity_Facade_of_the_Sagrada_Família/0/pictures/Sagrada_Família._Façana_del_Naixement.jpg
Sagrada_Família,28023,0,"commons/Remote_views_of_the_Sagrada_Família_from_the_Avinguda_de_Gaudi/0/pictures/Spain_-_Barcelona,_La_Sagrada_Família_-_panoramio.jpg"
Sagrada_Família,28023,0,commons/Construction_of_the_Sagrada_Família_in_2018/0/pictures/Exterior_of_the_Sagrada_Família_01.jpg
Sagrada_Família,28023,0,commons/Nativity_facade_towers_of_the_Sagrada_Família/0/pictures/Sagrada_Familia_(6622206007).jpg
Sagrada_Família,28023,0,"commons/Sculpture_of_an_Angel_playing_Bassoon_in_the_Nativity_Facade_of_the_Sagrada_Família/0/pictures/Sagrada_Familia,_Nativity_facade_(17)_(31297988855).jpg"
Sagrada_Família,28023,0,commons/Construction_of_the_Sagrada_Família_in_2007/0/pictures/La_Sagrada_Familia_(1071784170).jpg
Sagrada_Família,28023,0,commons/General_views_of_the_Passion_Facade_of_the_Sagrada_Família/0/pictures/Sagrada_Família_-_panoramio_(24).jpg
Sagrada_Família,28023,0,commons/Sculptures_on_the_forecourt_of_the_Sagrada_Família/0/pictures/Barcelona_-_Carrer_de_Provença_-_View_SE_on_La_Sagrada_Família.jpg
Sagrada_Família,28023,0,commons/Construction_of_the_Sagrada_Família_in_2015/0/pictures/15-10-28-Sagrada_Familia-WMA_3146.jpg
Sagrada_Família,28023,0,commons/Sculpture_of_Crucifixion_of_Christ_at_the_Passion_Facade_of_the_Sagrada_Família/0/pictures/Sagrada_Familia_-_panoramio_-_patano.jpg
Sagrada_Família,28023,0,commons/Construction_cranes_in_the_Sagrada_Família/0/pictures/Barcelona_Tres_-_009_(3466918784).jpg
Sagrada_Família,28023,0,"commons/General_view_of_the_sculptures_in_the_Passion_Facade_of_the_Sagrada_Família/0/pictures/La_Sagrada_Familia,_Barcelona,_Spain_-_panoramio_(1).jpg"
Sagrada_Família,28023,0,commons/Sculpture_of_the_Soldiers_casting_lots_at_the_Passion_Facade_of_the_Sagrada_Família/0/pictures/WLM14ES_-_Barcelona_Fachada_de_la_pasion_445_04_de_julio_de_2011_-_.jpg
Sagrada_Família,28023,0,commons/Construction_of_the_Sagrada_Família_in_2011/0/pictures/Barcelona_-_panoramio_(251).jpg
Sagrada_Família,28023,0,"commons/Construction_of_the_Sagrada_Família_in_2008/0/pictures/View_of_Nativity_Façade_of_Basilica_and_Expiatory_Church_of_the_Holy_Family_(Basílica_i_Temple_Expiatori_de_la_Sagrada_Família)_(_UNESCO_World_Heritage_Site)._Barcelona,_Catalonia,_Spain.jpg"
Sagrada_Família,28023,0,commons/Sculpture_of_Jesus_as_a_carpenter_(Nativity_facade_of_the_Sagrada_Família)/0/pictures/Barcelona_Sagrada_familia_sculptures_in_the_Nativity_Facade_2017_08.jpg
Sagrada_Família,28023,0,commons/Construction_of_the_Sagrada_Família_in_2004/0/pictures/Sagrada_Familia_3.jpg
Sagrada_Família,28023,0,commons/General_views_of_the_Nativity_Facade_of_the_Sagrada_Família/0/pictures/Sacred_family'_church_of_Barcelona_1.jpg
Sagrada_Família,28023,0,commons/Sculpture_of_the_Trumpeting_Angels_(Nativity_facade_of_the_Sagrada_Família)/0/pictures/La_Fama.jpg
Sagrada_Família,28023,0,commons/Construction_of_the_Sagrada_Família_in_2011/0/pictures/SagradaFamilia.jpg
Sagrada_Família,28023,0,commons/Construction_of_the_Sagrada_Família_in_2019/0/pictures/Barcelona_101DSC_0274_(49186769133).jpg
Sagrada_Família,28023,0,commons/North-East_Views_of_the_Sagrada_Família/0/pictures/044-Sagrada-Familia.jpg
Sagrada_Família,28023,0,commons/Sculpture_of_the_Adoration_of_the_Shepherds_(Nativity_facade_of_the_Sagrada_Família)/0/pictures/SF_-_Adoración_de_los_pastores.jpg
Sagrada_Família,28023,0,"commons/Construction_of_the_Sagrada_Família_in_2008/0/pictures/Sagrada_Familia,_Barcelona,_España_-_panoramio.jpg"
Sagrada_Família,28023,0,commons/Sculpture_of_Crucifixion_of_Christ_at_the_Passion_Facade_of_the_Sagrada_Família/0/pictures/Crusifixió_sagrada_família.jpg
Sagrada_Família,28023,0,commons/Sculpture_of_Denial_of_Peter_in_the_Passion_Facade_of_the_Sagrada_Família/0/pictures/WLM14ES_-_Barcelona_Fachada_de_la_pasion_459_04_de_julio_de_2011_-_.jpg
Sagrada_Família,28023,0,commons/Construction_of_the_Sagrada_Família_in_1992/0/pictures/Sagrada1992d.jpg
Sagrada_Família,28023,0,commons/General_views_of_the_Nativity_Facade_of_the_Sagrada_Família/0/pictures/Barcelona_-_037_(3466863024).jpg
Sagrada_Família,28023,0,"commons/Sculpture_of_the_Nativity_(Nativity_facade_of_the_Sagrada_Família)/0/pictures/Nativity_Facade_of_the_Sagrada_Família,_May_2013_-_11.JPG"
Sagrada_Família,28023,0,commons/Construction_of_the_Sagrada_Família_in_2010/0/pictures/Barcelona_261.JPG
Sagrada_Família,28023,0,commons/Construction_of_the_Sagrada_Família_in_2017/0/pictures/2017_Nova_sagristia_de_la_Sagrada_Familia_01.jpg
Sagrada_Família,28023,0,commons/Nativity_facade_towers_of_the_Sagrada_Família/0/pictures/Barcelona_-_Plaça_de_Gaudí_-_View_SW_on_Central_Nave_&_Nativity_Façade_of_La_Sagrada_Família.jpg
Sagrada_Família,28023,0,commons/Sculpture_of_Saint_Judas_in_the_Nativity_Facade_of_the_Sagrada_Família/0/pictures/Saint_Judas-Sagrada_Família.jpg
Sagrada_Família,28023,0,commons/Construction_of_the_Sagrada_Família_in_2006/0/pictures/Sagrada_Familia017.jpg
Sagrada_Família,28023,0,"commons/General_views_of_the_Passion_Facade_of_the_Sagrada_Família/0/pictures/Basílica_de_la_Sagrada_Família,_Barcelona,_Spain.jpg"
Sagrada_Família,28023,0,commons/Right-side_of_the_Passion_Facade_of_the_Sagrada_Família/0/pictures/Entrada_a_la_Sagrada_Familia.jpg
Sagrada_Família,28023,0,commons/Sculpture_of_the_coronation_of_Mary_(Nativity_facade_of_the_Sagrada_Família)/0/pictures/La_Sagrada_Familia._Pórtico_de_la_Caridad.jpg
Sagrada_Família,28023,0,commons/Construction_of_the_Sagrada_Família_in_2012/0/pictures/Barselona031.JPG
Sagrada_Família,28023,0,"commons/Construction_of_the_Sagrada_Família_in_2007/0/pictures/Sagrada_Familia_Barcelona,_en_obras.jpg"
Sagrada_Família,28023,0,commons/General_views_of_the_Passion_Facade_of_the_Sagrada_Família/0/pictures/Sagrada_familia_passion_2.JPG
Sagrada_Família,28023,0,commons/Eastern_Views_of_the_Sagrada_Família/0/pictures/Barcelona_4117.JPG
Sagrada_Família,28023,0,commons/Passion_facade_towers_of_the_Sagrada_Família/0/pictures/La_Sagrada_Família1.jpg
Sagrada_Família,28023,0,commons/Construction_of_the_Sagrada_Família_in_2012/0/pictures/Sagrada_Família._Façana_del_Naixement_(cropped).jpg
Sagrada_Família,28023,0,commons/Exterior_of_the_Cloister_of_the_Sagrada_Família/0/pictures/SF_-_Claustro.jpg
Sagrada_Família,28023,0,"commons/Portal_of_Hope_of_the_Sagrada_Família/0/pictures/Nativity_Façade,_Sagrada_Familia,_Barcelona_(1805425610).jpg"
Sagrada_Família,28023,0,commons/South-East_Views_of_the_Sagrada_Família/0/pictures/Barcelona_101DSC_0275_(49186769078).jpg
Sagrada_Família,28023,0,commons/Construction_of_the_Sagrada_Família_in_2015/0/pictures/Barcelona_2015_10_12_0257_(23160434376).jpg
Sagrada_Família,28023,0,commons/Sculpture_of_Crucifixion_of_Christ_at_the_Passion_Facade_of_the_Sagrada_Família/0/pictures/Segrada_Familia_2016-174.jpg
Sagrada_Família,28023,0,commons/Construction_cranes_in_the_Sagrada_Família/0/pictures/La_Sagrada_Familia_(7852734760).jpg
Sagrada_Família,28023,0,commons/General_view_of_the_sculptures_in_the_Passion_Facade_of_the_Sagrada_Família/0/pictures/Passion_Facade_of_the_Sagrada_Família.jpg
Sagrada_Família,28023,0,commons/Remote_views_of_the_Passion_Facade_of_the_Sagrada_Família/0/pictures/Barcelona_1069_08.jpg
Sagrada_Família,28023,0,commons/Sculpture_of_the_Star_of_Bethlehem_(Nativity_facade_of_the_Sagrada_Família)/0/pictures/La_Sagrada_Familia._Pórtico_de_la_Caridad.jpg
Sagrada_Família,28023,0,commons/Construction_of_the_Sagrada_Família_in_2011/0/pictures/Barcelona_-_panoramio_(285).jpg
Sagrada_Família,28023,0,commons/Construction_of_the_Sagrada_Família_in_2016/0/pictures/Basilica_Sagrada_Familia_BCN_04_2016_6845.jpg
Sagrada_Família,28023,0,commons/Nativity_Facade_of_the_Sagrada_Família_at_night/0/pictures/Fale_-_Barcellona_-_50.jpg
Sagrada_Família,28023,0,commons/Construction_of_the_Sagrada_Família_in_2005/0/pictures/Barcelona_2005_-_panoramio.jpg
Sagrada_Família,28023,0,commons/General_views_of_the_Nativity_Facade_of_the_Sagrada_Família/0/pictures/Sagrada_Familial_Février_2013_2.JPG
Sagrada_Família,28023,0,commons/Exterior_of_the_Cloister_of_the_Sagrada_Família/0/pictures/Sagrada_Familia_-_panoramio_(16).jpg
Sagrada_Família,28023,0,"commons/Portal_of_Hope_of_the_Sagrada_Família/0/pictures/La_Sagrada_Família,_Barcelona_-_panoramio_(18).jpg"
Sagrada_Família,28023,0,commons/Sculpture_of_Crucifixion_of_Christ_at_the_Passion_Facade_of_the_Sagrada_Família/0/pictures/Sagrada_Família_Paixão_-_panoramio.jpg
Sagrada_Família,28023,0,commons/Construction_cranes_in_the_Sagrada_Família/0/pictures/Sagrada_Familia_-_panoramio_(34).jpg
Sagrada_Família,28023,0,commons/General_view_of_the_sculptures_in_the_Passion_Facade_of_the_Sagrada_Família/0/pictures/La_Sagrada_Família1.jpg
Sagrada_Família,28023,0,commons/Exterior_of_the_Cloister_of_the_Sagrada_Família/0/pictures/Sagrada_Familia027.jpg
Sagrada_Família,28023,0,"commons/Portal_of_Hope_of_the_Sagrada_Família/0/pictures/Sagrada_Familia,_Nativity_facade_(25)_(30475262574).jpg"
Sagrada_Família,28023,0,commons/South-East_Views_of_the_Sagrada_Família/0/pictures/Barcelona_330DSC_0105_(49853269038).jpg
Sagrada_Família,28023,0,commons/Construction_of_the_Sagrada_Família_in_2015/0/pictures/Barcelona_2015_10_12_0256_(22559476563).jpg
Sagrada_Família,28023,0,commons/Nativity_Facade_of_the_Sagrada_Família/0/pictures/Antoni_Gaudi’s_Sagrada_Familia_11.jpg
Sagrada_Família,28023,0,commons/Sculpture_of_Crucifixion_of_Christ_at_the_Passion_Facade_of_the_Sagrada_Família/0/pictures/Sculpture_of_Crucifixion_of_Christ_at_the_Passion_Facade_of_the_Sagrada_Família.jpg
Sagrada_Família,28023,0,commons/Construction_cranes_in_the_Sagrada_Família/0/pictures/Sagrada_Familia_-_panoramio_-_anibal_amaro.jpg
Sagrada_Família,28023,0,commons/Remote_views_of_the_Passion_Facade_of_the_Sagrada_Família/0/pictures/Barcelona_1069_07.jpg
Sagrada_Família,28023,0,commons/Sculpture_of_the_Tree_of_Life_(Nativity_facade_of_the_Sagrada_Família)/0/pictures/2001-09-18_Sagrada_Família_09180019.jpg
Sagrada_Família,28023,0,commons/Construction_of_the_Sagrada_Família_in_2011/0/pictures/Barcelona_-_panoramio_(291).jpg
Sagrada_Família,28023,0,commons/Sculpture_of_Longinus_on_a_horse_at_the_Passion_Facade_of_the_Sagrada_Família/0/pictures/SF_-_Longino.jpg
Sagrada_Família,28023,0,commons/Construction_of_the_Sagrada_Família_in_2005/0/pictures/Sacred_family'_church_of_Barcelona_2.jpg
Sagrada_Família,28023,0,commons/General_views_of_the_Nativity_Facade_of_the_Sagrada_Família/0/pictures/Sagradafamilia-overview.jpg
Sagrada_Família,28023,0,commons/Sculpture_of_the_Visitation_(Nativity_facade_of_the_Sagrada_Família)/0/pictures/Sagrada_Familia077.jpg
Sagrada_Família,28023,0,"commons/Construction_of_the_Sagrada_Família_in_2011/0/pictures/Temple_Expiatori_de_la_Sagrada_Família,_XIX_-_panoramio.jpg"
Sagrada_Família,28023,0,commons/Sculpture_of_Longinus_on_a_horse_at_the_Passion_Facade_of_the_Sagrada_Família/0/pictures/WLM14ES_-_Barcelona_Fachada_de_la_pasion_445_04_de_julio_de_2011_-_.jpg
Sagrada_Família,28023,0,"commons/Construction_of_the_Sagrada_Família_in_2005/0/pictures/Sagrada_Familia,_Spires_and_cranes.jpg"
Sagrada_Família,28023,0,commons/General_views_of_the_Nativity_Facade_of_the_Sagrada_Família/0/pictures/Sagrada_familia-barcelona_-_panoramio_(7).jpg
Sagrada_Família,28023,0,"commons/Sculpture_of_the_Nativity_(Nativity_facade_of_the_Sagrada_Família)/0/pictures/008_Sagrada_Família,_façana_del_Naixement,_porta_de_la_Caritat.jpg"
Sagrada_Família,28023,0,"commons/Construction_of_the_Sagrada_Família_in_2009/0/pictures/La_Sagrada_Familia,_Barcelona,_Spain_-_panoramio_(66).jpg"
Sagrada_Família,28023,0,commons/Christ_Tower_of_the_Sagrada_Família/0/pictures/Construction_on_Sagrada_Familia1.jpg
Sagrada_Família,28023,0,commons/Portal_of_Hope_of_the_Sagrada_Família/0/pictures/Sagrada_Familia_Façade_(3409525946).jpg
Sagrada_Família,28023,0,commons/Construction_of_the_Sagrada_Família_in_2013/0/pictures/Sagrada_familia-barcelona_-_panoramio_(17).jpg
Sagrada_Família,28023,0,commons/Magic_square_of_the_Sagrada_Família/0/pictures/Barcelona_Sagrada_Familia_sculptures_Passion_facade_2017_06.jpg
Sagrada_Família,28023,0,commons/Exterior_of_the_Apse_of_the_Sagrada_Família/0/pictures/La_Sagrada_Família_(3962615250).jpg
Sagrada_Família,28023,0,commons/Exterior_of_the_Apse_of_the_Sagrada_Família/0/pictures/Barcelona_-_Carrer_de_Provença_-_View_South_on_oldest_part_of_La_Sagrada_Família-_The_Tower_of_the_Virgin_(still_under_construction).jpg
Sagrada_Família,28023,0,commons/Construction_of_the_Sagrada_Família_in_2013/0/pictures/Барселона_-_panoramio_(61).jpg
Sagrada_Família,28023,0,"commons/Construction_of_the_Sagrada_Família_in_2005/0/pictures/Sagrada_Familia,_Tree_and_spires.jpg"
Sagrada_Família,28023,0,commons/General_views_of_the_Nativity_Facade_of_the_Sagrada_Família/0/pictures/Sagrada_familia-barcelona_-_panoramio_(17).jpg
Sagrada_Família,28023,0,commons/Resurrection_angel_at_the_Sagrada_Família/0/pictures/Exterior_of_the_Sagrada_Família_19.jpg
Sagrada_Família,28023,0,commons/Gargoyles_of_the_Sagrada_Família/0/pictures/Sflia16.jpg
Sagrada_Família,28023,0,commons/South-West_Views_of_the_Sagrada_Família/0/pictures/La_Sagrada_Familia-_западный_фасад_-_panoramio.jpg
Sagrada_Família,28023,0,commons/Construction_of_the_Sagrada_Família_in_2015/0/pictures/Sagrada_Familia_towers_and_construction_cranes_(18603572979).jpg
Sagrada_Família,28023,0,commons/Nativity_Facade_of_the_Sagrada_Família/0/pictures/Nativity_facade_(4266878381).jpg
Sagrada_Família,28023,0,commons/Sculpture_of_Ecce_Homo_in_the_Passion_Facade_of_the_Sagrada_Família/0/pictures/Ecce_Homo_-_Sagrada_Familia_-_Barcelona_2014.JPG
Sagrada_Família,28023,0,commons/Construction_of_the_Sagrada_Família_in_1983/0/pictures/Barcelona-02-Sagrada_Familia-1983-gje.jpg
Sagrada_Família,28023,0,commons/Remote_views_of_the_Passion_Facade_of_the_Sagrada_Família/0/pictures/Барселона_-_panoramio_(53).jpg
Sagrada_Família,28023,0,commons/Construction_of_the_Sagrada_Família_in_2011/0/pictures/Sagrada_Familia_.jpg
Sagrada_Família,28023,0,"commons/Construction_of_the_Sagrada_Família_in_the_1980s/0/pictures/Sagrada_Familia,_Antoni_Gaudí_-_panoramio.jpg"
Sagrada_Família,28023,0,commons/Sculpture_of_the_Nativity_(Nativity_facade_of_the_Sagrada_Família)/0/pictures/Gaudi_(2835073417).jpg
Sagrada_Família,28023,0,commons/Construction_of_the_Sagrada_Família_in_2009/0/pictures/Temple_Expiatori_de_la_Sagrada_Familia.jpg
Sagrada_Família,28023,0,commons/Sculptures_of_Veil_of_Veronica_and_Bearing_of_the_Cross_at_the_Passion_Facade_of_the_Sagrada_Família/0/pictures/TEMPLE_EXPIATORI_DE_LA_SAGRADA_FAMÍLIA_24012021_(1)_25.jpg
Sagrada_Família,28023,0,commons/Construction_of_the_Sagrada_Família_in_2014/0/pictures/2014_-_Construcció_de_la_Sagristia_de_la_Sagrada_Família_02.JPG
Sagrada_Família,28023,0,commons/Construction_of_the_Sagrada_Família_in_2016/0/pictures/Sagrada_Família_KC2.jpg
Sagrada_Família,28023,0,commons/Construction_of_the_Sagrada_Família_in_2006/0/pictures/Sagrada_Familia_0127.JPG
Sagrada_Família,28023,0,commons/General_views_of_the_Passion_Facade_of_the_Sagrada_Família/0/pictures/Barcelona_2005_-_panoramio.jpg
Sagrada_Família,28023,0,commons/Right-side_Gospel_Door_at_the_Passion_Facade_of_the_Sagrada_Família/0/pictures/Que_es_la_veritat.jpg
Sagrada_Família,28023,0,commons/Construction_of_the_Sagrada_Família_in_2018/0/pictures/Exterior_Sagrada_Família3.jpg
Sagrada_Família,28023,0,"commons/Sculpture_of_Simon_of_Cyrene_and_the_cross_in_the_Sagrada_Família/0/pictures/Sagrada_Família,_Barcelona_-_panoramio_(13).jpg"
Sagrada_Família,28023,0,commons/Construction_of_the_Sagrada_Família_in_2007/0/pictures/Katedra_sagrada_familia_-_panoramio_-_zbylon_(2).jpg
Sagrada_Família,28023,0,"commons/General_views_of_the_Passion_Facade_of_the_Sagrada_Família/0/pictures/Sagrada_Familia,_Barcelona,_España_-_panoramio_(5).jpg"
Sagrada_Família,28023,0,"commons/Sagrada_Família_at_night/0/pictures/Sagrada_Familia,_Barcelona_(Ank_Kumar,_Infosys)_02.jpg"
Sagrada_Família,28023,0,commons/Exterior_of_the_Cloister_of_the_Sagrada_Família/0/pictures/Entrada_a_la_Sagrada_Familia.jpg
Sagrada_Família,28023,0,"commons/Portal_of_Faith_of_the_Sagrada_Família/0/pictures/Barcelona_-_La_Sagrada_Família_-_Nativity_Façade_-_Top-_Three_Kings_with_Child_Jesus,_Down-_Amazement_at_Jesus'_Teaching_as_Youngster.jpg"
Sagrada_Família,28023,0,commons/Construction_of_the_Sagrada_Família_in_2015/0/pictures/Barcelona_2015_10_12_0211_(22890866010).jpg
Sagrada_Família,28023,0,"commons/Sculpture_of_Crucifixion_of_Christ_at_the_Passion_Facade_of_the_Sagrada_Família/0/pictures/Sagrada_Familia,_frontal_view.JPG"
Sagrada_Família,28023,0,commons/Construction_cranes_in_the_Sagrada_Família/0/pictures/Barcelona_-_Temple_Expiatori_de_la_Sagrada_Família_(1).jpg
Sagrada_Família,28023,0,commons/General_view_of_the_sculptures_in_the_Passion_Facade_of_the_Sagrada_Família/0/pictures/Fale_-_Spain_-_Barcelona_-_111.jpg
Sagrada_Família,28023,0,commons/Construction_of_the_Sagrada_Família_in_2018/0/pictures/Exterior_of_the_Sagrada_Família_03.jpg
Sagrada_Família,28023,0,commons/Sculpture_of_Simon_of_Cyrene_and_the_cross_in_the_Sagrada_Família/0/pictures/Deposition_and_Lamentation_-_Sagrada_Familia_-_Barcelona_2014.JPG
Sagrada_Família,28023,0,"commons/Construction_of_the_Sagrada_Família_in_2007/0/pictures/Barcelona,_Sagrada_Familia_1.JPG"
Sagrada_Família,28023,0,commons/General_views_of_the_Passion_Facade_of_the_Sagrada_Família/0/pictures/Sagrada_Família_KC1.jpg
Sagrada_Família,28023,0,"commons/Sagrada_Família_at_night/0/pictures/Sagrada_Familia,_Barcelona_(Ank_Kumar,_Infosys)_08.jpg"
Sagrada_Família,28023,0,commons/Sculptures_on_the_forecourt_of_the_Sagrada_Família/0/pictures/Барселона_-_panoramio_(56).jpg
Sagrada_Família,28023,0,commons/Construction_of_the_Sagrada_Família_in_2015/0/pictures/Barcelona_2015_10_12_0214_(22559585023).jpg
Sagrada_Família,28023,0,"commons/Sculpture_of_Crucifixion_of_Christ_at_the_Passion_Facade_of_the_Sagrada_Família/0/pictures/Sagrada_Familia,_Barcelona_(24363435471).jpg"
Sagrada_Família,28023,0,commons/Construction_cranes_in_the_Sagrada_Família/0/pictures/15-10-28-Sagrada_Familia-WMA_3127-3136.jpg
Sagrada_Família,28023,0,commons/General_view_of_the_sculptures_in_the_Passion_Facade_of_the_Sagrada_Família/0/pictures/La_Sagrada_Familia_(7852718016).jpg
Sagrada_Família,28023,0,commons/Remote_views_of_the_Passion_Facade_of_the_Sagrada_Família/0/pictures/15-10-28-Sagrada_Familia-WMA_3125.jpg
Sagrada_Família,28023,0,commons/Construction_of_the_Sagrada_Família_in_2015/0/pictures/Barcelona_2015_10_12_0223_(22558124794).jpg
Sagrada_Família,28023,0,commons/Nativity_Facade_of_the_Sagrada_Família/0/pictures/2007-02-05-barcelona-by-RalfR-62.jpg
Sagrada_Família,28023,0,commons/Sculpture_of_Crucifixion_of_Christ_at_the_Passion_Facade_of_the_Sagrada_Família/0/pictures/Sagrada_Familia_West_Facade_4.JPG
Sagrada_Família,28023,0,commons/Construction_cranes_in_the_Sagrada_Família/0/pictures/Barcelona_SagradaFamilia_2006.jpg
Sagrada_Família,28023,0,commons/General_view_of_the_sculptures_in_the_Passion_Facade_of_the_Sagrada_Família/0/pictures/La_Sagrada_Familia_(7852713848).jpg
Sagrada_Família,28023,0,commons/Construction_of_the_Sagrada_Família_in_2007/0/pictures/La_Sagrada_Familia_(1071776496).jpg
Sagrada_Família,28023,0,commons/General_views_of_the_Passion_Facade_of_the_Sagrada_Família/0/pictures/Sagrada_Família_in_2015.01.jpg
Sagrada_Família,28023,0,commons/Sculpture_of_Crucifixion_of_Christ_at_the_Passion_Facade_of_the_Sagrada_Família/0/pictures/Sagrada1992a.jpg
Sagrada_Família,28023,0,commons/Construction_cranes_in_the_Sagrada_Família/0/pictures/La_Sagrada_Familia_(1071784170).jpg
Sagrada_Família,28023,0,commons/General_view_of_the_sculptures_in_the_Passion_Facade_of_the_Sagrada_Família/0/pictures/La_Sagrada_Familia-5_портал_-_panoramio.jpg
Sagrada_Família,28023,0,commons/Remote_views_of_the_Passion_Facade_of_the_Sagrada_Família/0/pictures/Barcelona_(4720368660).jpg
Sagrada_Família,28023,0,"commons/Sculpture_of_the_Massacre_of_the_Innocents_(Nativity_facade_of_the_Sagrada_Família)/0/pictures/063_Sagrada_Família,_façana_del_Naixement,_portes_de_l'Esperança_i_la_Caritat.jpg"
Sagrada_Família,28023,0,commons/Construction_of_the_Sagrada_Família_in_2009/0/pictures/Barcelona_-_Carrer_de_Provença_-_View_SE_on_'Apostle'-Towers_&_The_Tower_of_the_Virgin_(under_construction).jpg
Sagrada_Família,28023,0,commons/Sculpture_of_Jesus_as_a_carpenter_(Nativity_facade_of_the_Sagrada_Família)/0/pictures/Sagrada_Familia_Façade_(3409526758).jpg
Sagrada_Família,28023,0,commons/Construction_of_the_Sagrada_Família_in_2004/0/pictures/RJ-Barcelona6.jpg
Sagrada_Família,28023,0,"commons/General_views_of_the_Nativity_Facade_of_the_Sagrada_Família/0/pictures/Sagrada_Familia,_Nativity_facade_(9)_(30930454670).jpg"
Sagrada_Família,28023,0,commons/Sculpture_of_Ecce_Homo_in_the_Passion_Facade_of_the_Sagrada_Família/0/pictures/Temple_Expiatori_de_la_Sagrada_Família_(Barcelona)_-_34.jpg
Sagrada_Família,28023,0,commons/Construction_of_the_Sagrada_Família_in_2004/0/pictures/Barcellona_sagrada_familia_front.jpg
Sagrada_Família,28023,0,commons/General_views_of_the_Nativity_Facade_of_the_Sagrada_Família/0/pictures/La_Sagrada_Familia_-_panoramio_(20).jpg
Sagrada_Família,28023,0,commons/Construction_of_the_Sagrada_Família_in_2019/0/pictures/Basilique_Sagrada_Familia_façade_sud_ouest_Barcelone_8.jpg
Sagrada_Família,28023,0,commons/North-West_Views_of_the_Sagrada_Família/0/pictures/Exterior_of_the_Sagrada_Família_31.jpg
Sagrada_Família,28023,0,commons/Sculpture_of_the_Lamentation_in_the_Passion_Facade_of_the_Sagrada_Família/0/pictures/Lamentation_-_Sagrada_Familia_-_Barcelona_2014.JPG
Sagrada_Família,28023,0,commons/Construction_of_the_Sagrada_Família_in_2008/0/pictures/Sflia7.jpg
Sagrada_Família,28023,0,commons/Construction_of_the_Sagrada_Família_in_2013/0/pictures/Sagrada_Familia_-_Barcalona_-_2013_-_panoramio_(1).jpg
Sagrada_Família,28023,0,commons/Sculpture_of_Ecce_Homo_in_the_Passion_Facade_of_the_Sagrada_Família/0/pictures/Sculpture_of_the_Trial_of_Jesus_in_the_Passion_Facade_of_the_Sagrada_Família.jpg
Sagrada_Família,28023,0,commons/Construction_of_the_Sagrada_Família_in_2004/0/pictures/Barcelonalasagrada.JPG
Sagrada_Família,28023,0,commons/General_views_of_the_Nativity_Facade_of_the_Sagrada_Família/0/pictures/Nativity_Facade_of_the_Sagrada_Família.jpg
Sagrada_Família,28023,0,commons/Sculpture_of_the_Trumpeting_Angels_(Nativity_facade_of_the_Sagrada_Família)/0/pictures/Barcelona_-_Plaça_de_Gaudí_-_Nativity_Façade_-_View_WSW_on_Trumpeting_Angel.jpg
Sagrada_Família,28023,0,commons/Construction_of_the_Sagrada_Família_in_2011/0/pictures/Sagrada_Família_-_Antoni_Gaudí_(1884-1914-1926-)_-_panoramio.jpg
Sagrada_Família,28023,0,commons/Construction_of_the_Sagrada_Família_in_2010/0/pictures/Sagrada_Família_2010.JPG
Sagrada_Família,28023,0,commons/Construction_of_the_Sagrada_Família_in_2014/0/pictures/Sagrada_Familia_Barcelona_429.JPG
Sagrada_Família,28023,0,commons/Construction_of_the_Sagrada_Família_in_2017/0/pictures/Σαγράδα_Φαμίλια_3378.jpg
Sagrada_Família,28023,0,commons/Sculpture_of_Simon_of_Cyrene_and_the_cross_in_the_Sagrada_Família/0/pictures/Barcelona_-_Plaça_de_la_Sagrada_Família_-_Passion_Façade_-_Jesus'_Entombment_II.jpg
Sagrada_Família,28023,0,commons/Construction_of_the_Sagrada_Família_in_2007/0/pictures/2007-02-05-barcelona-by-RalfR-67.jpg
Sagrada_Família,28023,0,commons/General_views_of_the_Passion_Facade_of_the_Sagrada_Família/0/pictures/Sagrada_Familia_-_panoramio_-_sweeneymagee.jpg
Sagrada_Família,28023,0,"commons/Sagrada_Família_at_night/0/pictures/Sagrada_Familia,_Barcelona_(Ank_Kumar,_Infosys)_01.jpg"
Sagrada_Família,28023,0,commons/Sculpture_of_Ecce_Homo_in_the_Passion_Facade_of_the_Sagrada_Família/0/pictures/Temple_Expiatori_de_la_Sagrada_Família_(Barcelona)_-_91.jpg
Sagrada_Família,28023,0,commons/Construction_of_the_Sagrada_Família_in_2004/0/pictures/Cathedral_Sagrada_Familia.jpeg
Sagrada_Família,28023,0,commons/General_views_of_the_Nativity_Facade_of_the_Sagrada_Família/0/pictures/SF_-_Nacimiento.jpg
Sagrada_Família,28023,0,commons/Door_of_the_Crowning_with_Thorns_at_the_Passion_Facade_of_the_Sagrada_Família/0/pictures/Puerta_Coronación_Espinas.jpg
Sagrada_Família,28023,0,commons/Passion_Facade_of_the_Sagrada_Família/0/pictures/Sagrada_familia_(7567083560).jpg
Sagrada_Família,28023,0,commons/Sculpture_of_the_Trumpeting_Angels_(Nativity_facade_of_the_Sagrada_Família)/0/pictures/Angels_-_Nativity_Facade_-_Sagrada_Família_-_Barcelona_2014.JPG
Sagrada_Família,28023,0,commons/Construction_of_the_Sagrada_Família_in_2011/0/pictures/Sagrada_familia-barcelona_-_panoramio_(14).jpg
Sagrada_Família,28023,0,commons/Construction_of_the_Sagrada_Família_in_2009/0/pictures/2009-08-15-front-of-sagrada-familia-Josep-Maria-Subirachs.jpg
Sagrada_Família,28023,0,commons/Sculptures_of_Veil_of_Veronica_and_Bearing_of_the_Cross_at_the_Passion_Facade_of_the_Sagrada_Família/0/pictures/2019_03_16_AIDA_Barcelona_(89).jpg
Sagrada_Família,28023,0,commons/Construction_of_the_Sagrada_Família_in_2013/0/pictures/Sagrada_Familia_-_panoramio_(31).jpg
Sagrada_Família,28023,0,"commons/Jesus_teaching_in_the_Temple_(Nativity_facade_of_the_Sagrada_Família)/0/pictures/002_Sagrada_Família,_façana_del_Naixement,_Porta_de_la_Fe.jpg"
Sagrada_Família,28023,0,"commons/Sculpture_of_Jesus_as_a_carpenter_(Nativity_facade_of_the_Sagrada_Família)/0/pictures/Barcelona_-_La_Sagrada_Família_-_Nativity_Façade_-_Father_Joseph,_Mother_Mary_in_Amazement_-_Jesus_as_Carpenter's_Apprentice_in_Nazareth.jpg"
Sagrada_Família,28023,0,commons/Construction_of_the_Sagrada_Família_in_2004/0/pictures/Gaudi_temple_entrance_(22251602).jpg
Sagrada_Família,28023,0,commons/General_views_of_the_Nativity_Facade_of_the_Sagrada_Família/0/pictures/SF_-_lago.jpg
Sagrada_Família,28023,0,commons/Tourists_in_the_Sagrada_Família/0/pictures/Sagrada_Familia_-_Barcalona_-_2013_-_panoramio_(2).jpg
Sagrada_Família,28023,0,"commons/Door_of_the_Portal_of_Faith_of_the_Sagrada_Família/0/pictures/Sagrada_Familia,_Nativity_facade_(2)_(30477190154).jpg"
Sagrada_Família,28023,0,commons/Passion_Facade_of_the_Sagrada_Família/0/pictures/SagradaFamiliaExterior.jpg
Sagrada_Família,28023,0,commons/Construction_of_the_Sagrada_Família_in_2011/0/pictures/Sagrada_familia-barcelona_-_panoramio_(6).jpg
Sagrada_Família,28023,0,commons/Construction_of_the_Sagrada_Família_in_2020/0/pictures/Barcelona_330DSC_0105_(49853269038).jpg
Sagrada_Família,28023,0,commons/North-West_Views_of_the_Sagrada_Família/0/pictures/Sagrada_Familia_dome_and_construction_crane_(18602128398).jpg
Sagrada_Família,28023,0,"commons/Construction_of_the_Sagrada_Família_in_2009/0/pictures/Barcelona_-_Carrer_de_Provença_-_View_SE_on_Tower_of_the_Virgin_(under_construction),_Tower_of_Jesus_Christ_(under_construction)_&_'Apostle'-Towers_of_La_Sagrada_Família.jpg"
Sagrada_Família,28023,0,commons/Sculpture_of_Jesus_as_a_carpenter_(Nativity_facade_of_the_Sagrada_Família)/0/pictures/SF_-_Fe.jpg
Sagrada_Família,28023,0,commons/Construction_of_the_Sagrada_Família_in_2004/0/pictures/Sagrada_familia_(left_side).jpg
Sagrada_Família,28023,0,commons/General_views_of_the_Nativity_Facade_of_the_Sagrada_Família/0/pictures/Sagrada_Familia_(Nativity_facade)_-_panoramio.jpg
Sagrada_Família,28023,0,"commons/Sculpture_of_Jesus_as_a_carpenter_(Nativity_facade_of_the_Sagrada_Família)/0/pictures/Sagrada_Familia,_Nativity_facade_(7)_(31133738972).jpg"
Sagrada_Família,28023,0,commons/Construction_of_the_Sagrada_Família_in_2004/0/pictures/RJ-Barcelona3.jpg
Sagrada_Família,28023,0,"commons/General_views_of_the_Nativity_Facade_of_the_Sagrada_Família/0/pictures/Sagrada_Familia_(Barcelona,_España)_-_2011.JPG"
Sagrada_Família,28023,0,commons/Sculpture_of_the_Last_Supper_at_the_Passion_Facade_of_the_Sagrada_Família/0/pictures/Barcelona_-_La_Sagrada_Família_-_Passion_Façade_II.jpg
Sagrada_Família,28023,0,commons/Construction_of_the_Sagrada_Família_in_2009/0/pictures/Barcelona_-_Carrer_de_Provença_-_View_SE_on_La_Sagrada_Família.jpg
Sagrada_Família,28023,0,commons/Sculpture_of_Jesus_as_a_carpenter_(Nativity_facade_of_the_Sagrada_Família)/0/pictures/WLM14ES_-_Barcelona_Fachada_del_Nacimiento_521_04_de_julio_de_2011_-_.jpg
Sagrada_Família,28023,0,commons/Construction_of_the_Sagrada_Família_in_2004/0/pictures/Sagrada_familia_2004.jpeg
Sagrada_Família,28023,0,commons/General_views_of_the_Nativity_Facade_of_the_Sagrada_Família/0/pictures/Sagrada_Familia_Junio_2014.JPG
Sagrada_Família,28023,0,commons/Sculpture_of_the_Trumpeting_Angels_(Nativity_facade_of_the_Sagrada_Família)/0/pictures/Fachada_del_Nacimiento._Pórticos.jpg
Sagrada_Família,28023,0,commons/Construction_of_the_Sagrada_Família_in_2011/0/pictures/Temple_Expiatori_de_la_Sagrada_Família-聖家族贖罪教会_-_panoramio.jpg
Sagrada_Família,28023,0,commons/Construction_of_the_Sagrada_Família_in_2021/0/pictures/Barcelona_23_24_52_642000.jpeg
Sagrada_Família,28023,0,commons/Sculpture_of_the_Massacre_of_the_Innocents_(Nativity_facade_of_the_Sagrada_Família)/0/pictures/Eixample_-_Sagrada_Família_-_20150828143340.jpg
Sagrada_Família,28023,0,commons/Construction_of_the_Sagrada_Família_in_2009/0/pictures/Barcelona_-_Carrer_de_Sardenya_-_View_ESE_on_La_Sagrada_Família_-_Passion_façade.jpg
Sagrada_Família,28023,0,commons/Gospel_Doors_at_the_Passion_Facade_of_the_Sagrada_Família/0/pictures/Sagrada_familia_exit.jpg
Sagrada_Família,28023,0,commons/Sculpture_of_Jesus_as_a_carpenter_(Nativity_facade_of_the_Sagrada_Família)/0/pictures/Sagrada_Família_-_panoramio_(11).jpg
Sagrada_Família,28023,0,commons/Construction_of_the_Sagrada_Família_in_2004/0/pictures/Sagrada2.jpg
Sagrada_Família,28023,0,commons/General_views_of_the_Nativity_Facade_of_the_Sagrada_Família/0/pictures/Sagrada_Familial_Février_2013.JPG
Sagrada_Família,28023,0,commons/Sculpture_of_the_Trumpeting_Angels_(Nativity_facade_of_the_Sagrada_Família)/0/pictures/Barcelona_August_2014_-_Familia_Sagrada_017.jpg
Sagrada_Família,28023,0,"commons/Construction_of_the_Sagrada_Família_in_2011/0/pictures/View_of_Basilica_and_Expiatory_Church_of_the_Holy_Family_(Basílica_i_Temple_Expiatori_de_la_Sagrada_Família)_(_UNESCO_World_Heritage_Site)._Barcelona,_Catalonia,_Spain.jpg"
Sagrada_Família,28023,0,commons/Cloister_of_the_Sagrada_Família/0/pictures/Barcelona_Spain_February_2013_-_panoramio_(4).jpg
Sagrada_Família,28023,0,commons/Sculpture_of_the_Nativity_(Nativity_facade_of_the_Sagrada_Família)/0/pictures/Fachada_del_nacimiento._Templo_Expiatorio_de_la_Sagrada_FAmilia_._Barcelona._Cataluña._Espña.JPG
Sagrada_Família,28023,0,commons/Construction_of_the_Sagrada_Família_in_2009/0/pictures/Sagrada_Familia2009.JPG
Sagrada_Família,28023,0,commons/Exterior_of_the_Apse_of_the_Sagrada_Família/0/pictures/Barcelona_-_Carrer_de_Provença_-_View_South_on_connection_between_the_Nativity_Façade_and_ther_rest_of_La_Sagrada_Família.jpg
Sagrada_Família,28023,0,commons/Sculptures_of_Veil_of_Veronica_and_Bearing_of_the_Cross_at_the_Passion_Facade_of_the_Sagrada_Família/0/pictures/Sagrada_Familia034.jpg
Sagrada_Família,28023,0,"commons/Construction_of_the_Sagrada_Família_in_2013/0/pictures/Templo_Expiatorio_de_la_Sagrada_Familia,_Barcelona,_1.jpg"
Sagrada_Família,28023,0,commons/Sculpture_of_Longinus_on_a_horse_at_the_Passion_Facade_of_the_Sagrada_Família/0/pictures/Sagrada_Familia_Facade_2.jpg
Sagrada_Família,28023,0,commons/Construction_of_the_Sagrada_Família_in_2005/0/pictures/Sacred_family'_church_of_Barcelona_1.jpg
Sagrada_Família,28023,0,commons/General_views_of_the_Nativity_Facade_of_the_Sagrada_Família/0/pictures/Sagrada_familia_-_panoramio.jpg
Sagrada_Família,28023,0,commons/Remote_views_of_the_Sagrada_Família_from_the_Avinguda_de_Gaudi/0/pictures/Sagrada_Familia_Barcelona_0.JPG
Sagrada_Família,28023,0,commons/Sculpture_of_Longinus_on_a_horse_at_the_Passion_Facade_of_the_Sagrada_Família/0/pictures/Roman_soldier_-_Sagrada_Familia_-_Barcelona_2014.JPG
Sagrada_Família,28023,0,commons/Construction_of_the_Sagrada_Família_in_2005/0/pictures/La_Sagrada_Família.jpg
Sagrada_Família,28023,0,commons/General_views_of_the_Nativity_Facade_of_the_Sagrada_Família/0/pictures/SagradaFamilaNordost.jpg
Sagrada_Família,28023,0,commons/Remote_views_of_the_Sagrada_Família_from_the_Avinguda_de_Gaudi/0/pictures/Sagrada_familia-barcelona_-_panoramio_(16).jpg
Sagrada_Família,28023,0,commons/Construction_of_the_Sagrada_Família_in_2021/0/pictures/TEMPLE_EXPIATORI_DE_LA_SAGRADA_FAMÍLIA_24012021_(1)_01.jpg
Sagrada_Família,28023,0,commons/Construction_of_the_Sagrada_Família_in_2009/0/pictures/La_Sagrada_Familia_-_panoramio_(5).jpg
Sagrada_Família,28023,0,commons/Sculpture_of_Longinus_on_a_horse_at_the_Passion_Facade_of_the_Sagrada_Família/0/pictures/WLM14ES_-_Barcelona_Fachada_de_la_pasion_447_04_de_julio_de_2011_-_.jpg
Sagrada_Família,28023,0,"commons/Construction_of_the_Sagrada_Família_in_2005/0/pictures/Sagrada_Familia,_Statues_with_suduko.jpg"
Sagrada_Família,28023,0,commons/General_views_of_the_Nativity_Facade_of_the_Sagrada_Família/0/pictures/Sagrada_familia-barcelona_-_panoramio_(1).jpg
Sagrada_Família,28023,0,"commons/Sculpture_of_the_Nativity_(Nativity_facade_of_the_Sagrada_Família)/0/pictures/005_Sagrada_Família,_façana_del_Naixement,_porta_de_la_Caritat,_la_Nativitat.jpg"
Sagrada_Família,28023,0,commons/Construction_of_the_Sagrada_Família_in_2009/0/pictures/La_Sagrada_Familia_-_panoramio_(4).jpg
Sagrada_Família,28023,0,"commons/Images_of_individuals_at_the_Sagrada_Família/0/pictures/La_Sagrada_Familia,_Barcelona.JPG"
Sagrada_Família,28023,0,commons/Exterior_of_the_Apse_of_the_Sagrada_Família/0/pictures/Barcelona_-_Carrer_de_Provença_-_View_ESE_on_La_Sagrada_Família.jpg
Sagrada_Família,28023,0,commons/Construction_of_the_Sagrada_Família_in_2013/0/pictures/Sagrada_familia-_barcelona_-_panoramio.jpg
Sagrada_Família,28023,0,commons/Magic_square_of_the_Sagrada_Família/0/pictures/Barcelona_Sagrada_Familia_passion_facade_magic_square.jpg
Sagrada_Família,28023,0,commons/Sculpture_of_Peter_cutting_the_ear_of_Malchus_in_the_Passion_Facade_of_the_Sagrada_Família/0/pictures/Barcelona_-_Temple_Expiatori_de_la_Sagrada_Família_(42).jpg
Sagrada_Família,28023,0,commons/Construction_of_the_Sagrada_Família_in_2005/0/pictures/Sagradafamilia.JPG
Sagrada_Família,28023,0,commons/General_views_of_the_Nativity_Facade_of_the_Sagrada_Família/0/pictures/Sagrata_familia.JPG
Sagrada_Família,28023,0,commons/Construction_of_the_Sagrada_Família_in_2022/0/pictures/Sagrada_Familia_9.jpg
Sagrada_Família,28023,0,commons/Sculpture_of_the_Nativity_(Nativity_facade_of_the_Sagrada_Família)/0/pictures/Barcelona_2015_10_12_0229_(22558098574).jpg
Sagrada_Família,28023,0,commons/Construction_of_the_Sagrada_Família_in_2009/0/pictures/Sagrada_Familia_-_panoramio_(14).jpg
Sagrada_Família,28023,0,commons/Exterior_of_the_Apse_of_the_Sagrada_Família/0/pictures/Barcelona_-_Carrer_de_Provença_-_View_SE_on_connection_between_the_Passion_Façade_and_the_rest_of_La_Sagrada_Família.jpg
Sagrada_Família,28023,0,commons/Sculptures_of_Veil_of_Veronica_and_Bearing_of_the_Cross_at_the_Passion_Facade_of_the_Sagrada_Família/0/pictures/Sagrada_Familia_(3402755881).jpg
Sagrada_Família,28023,0,"commons/Construction_of_the_Sagrada_Família_in_2013/0/pictures/Templo_Expiatorio_de_la_Sagrada_Familia,_2013_(5).JPG"
Sagrada_Família,28023,0,commons/Construction_of_the_Sagrada_Família_in_2016/0/pictures/Sagrada_Familia_2016_Construcción.jpg
Sagrada_Família,28023,0,"commons/Nativity_Facade_of_the_Sagrada_Família_at_night/0/pictures/Sagrada_Família,_Plaça_de_Gaudí,_Barcelona_-_panoramio_(2).jpg"
Sagrada_Família,28023,0,commons/Construction_of_the_Sagrada_Família_in_2006/0/pictures/Barcelona_SagradaFamilia_2006.jpg
Sagrada_Família,28023,0,"commons/General_views_of_the_Nativity_Facade_of_the_Sagrada_Família/0/pictures/View_of_Nativity_Façade_of_Basilica_and_Expiatory_Church_of_the_Holy_Family_(Basílica_i_Temple_Expiatori_de_la_Sagrada_Família)_(_UNESCO_World_Heritage_Site)._Barcelona,_Catalonia,_Spain-2.jpg"
Sagrada_Família,28023,0,"commons/Construction_of_the_Sagrada_Família_in_2023/0/pictures/471_Basílica_de_la_Sagrada_Família_(Barcelona),_angle_c._Marina_-_c._Mallorca.jpg"
Sagrada_Família,28023,0,commons/Sculpture_of_the_Nativity_(Nativity_facade_of_the_Sagrada_Família)/0/pictures/Barcelona_2015_10_12_3292_(22792455367).jpg
Sagrada_Família,28023,0,commons/Construction_of_the_Sagrada_Família_in_2009/0/pictures/Sagrada_Familia_-_panoramio_(16).jpg
Sagrada_Família,28023,0,commons/Construction_of_the_Sagrada_Família_in_2005/0/pictures/Sagrada_La_passion.jpg
Sagrada_Família,28023,0,commons/General_views_of_the_Nativity_Facade_of_the_Sagrada_Família/0/pictures/Барселона_-_panoramio_(32).jpg
Sagrada_Família,28023,0,commons/Right-side_Gospel_Door_at_the_Passion_Facade_of_the_Sagrada_Família/0/pictures/Barcelona_-_Templo_Expiatorio_de_la_Sagrada_Familia_-_20150410104045.jpg
Sagrada_Família,28023,0,"commons/Construction_of_the_Sagrada_Família_in_2012/0/pictures/044_Sagrada_Família,_façana_de_la_Passió,_la_Flagel·lació_i_l'Alfa_i_l'Omega.jpg"
Sagrada_Família,28023,0,commons/Construction_of_the_Sagrada_Família_in_2016/0/pictures/SF_-_lago1m.jpg
Sagrada_Família,28023,0,commons/Construction_of_the_Sagrada_Família_in_2006/0/pictures/Dsc02152_(177627008).jpg
Sagrada_Família,28023,0,commons/General_views_of_the_Passion_Facade_of_the_Sagrada_Família/0/pictures/2008_Sagrada_Familia_03.JPG
Sagrada_Família,28023,0,commons/Right-side_Gospel_Door_at_the_Passion_Facade_of_the_Sagrada_Família/0/pictures/Fale_-_Spain_-_Barcelona_-_107.jpg
Sagrada_Família,28023,0,"commons/Sculpture_of_the_Nativity_(Nativity_facade_of_the_Sagrada_Família)/0/pictures/Barcelona_-_La_Sagrada_Família_-_Centrepiece_of_Nativity_Façade_-_Joyous_Angels,_Father_Joseph,_Mother_Mary,_Catalan_Donkey,_Child_Jesus_in_metal_Manger,_Nametag-_Jesus.jpg"
Sagrada_Família,28023,0,commons/Construction_of_the_Sagrada_Família_in_2009/0/pictures/Sagrada_Familia_-_panoramio_(18).jpg
Sagrada_Família,28023,0,commons/Exterior_of_the_Apse_of_the_Sagrada_Família/0/pictures/Barcelona_-_Carrer_de_Provença_-_View_SE_on_La_Sagrada_Família_II.jpg
Sagrada_Família,28023,0,commons/Sculptures_of_Veil_of_Veronica_and_Bearing_of_the_Cross_at_the_Passion_Facade_of_the_Sagrada_Família/0/pictures/Portale.jpg
Sagrada_Família,28023,0,"commons/Construction_of_the_Sagrada_Família_in_2013/0/pictures/Templo_Expiatorio_de_la_Sagrada_Familia,_2013_(7).JPG"
Sagrada_Família,28023,0,commons/Construction_of_the_Sagrada_Família_in_2016/0/pictures/SF_Passió_2016.jpg
Sagrada_Família,28023,0,"commons/Nativity_Facade_of_the_Sagrada_Família_at_night/0/pictures/Sagrada_Família,_Plaça_de_Gaudí,_Barcelona_-_panoramio.jpg"
Sagrada_Família,28023,0,"commons/Construction_of_the_Sagrada_Família_in_2006/0/pictures/Barcelona_La_Sagrada_Famillia,_Nativity_Facade.JPG"
Sagrada_Família,28023,0,"commons/General_views_of_the_Passion_Facade_of_the_Sagrada_Família/0/pictures/BARCELLONA,_SAGRADA_FAMILIA_-_panoramio.jpg"
Sagrada_Família,28023,0,commons/Sculpture_of_the_choir_of_angel_children_(Nativity_facade_of_the_Sagrada_Família)/0/pictures/Visita_a_la_Sagrada_Familia_en_Barcelona_(13978604131).jpg
Sagrada_Família,28023,0,"commons/Construction_of_the_Sagrada_Família_in_2012/0/pictures/046_Sagrada_Família,_façana_de_la_Passió,_la_Crucifixió.jpg"
Sagrada_Família,28023,0,commons/Construction_of_the_Sagrada_Família_in_2022/0/pictures/Sagrada_Familia_May_2022_01.jpg
Sagrada_Família,28023,0,commons/Sculpture_of_the_Nativity_(Nativity_facade_of_the_Sagrada_Família)/0/pictures/Barcelona_Sagrada_Familia_2019_14.jpg
Sagrada_Família,28023,0,commons/Construction_of_the_Sagrada_Família_in_2009/0/pictures/Sagrada_Familia_2009.JPG
Sagrada_Família,28023,0,commons/Construction_of_the_Sagrada_Família_in_2006/0/pictures/Sagrada_Familia_0100.JPG
Sagrada_Família,28023,0,commons/General_views_of_the_Passion_Facade_of_the_Sagrada_Família/0/pictures/A_sagrada_familia._Gaudí._Barcelona-1.jpg
Sagrada_Família,28023,0,"commons/Sculpture_of_the_choir_of_angel_children_(Nativity_facade_of_the_Sagrada_Família)/0/pictures/Sagrada_Família,_Barcelona_-_panoramio_(6).jpg"
Sagrada_Família,28023,0,"commons/Construction_of_the_Sagrada_Família_in_2012/0/pictures/084_Sagrada_Família,_façana_de_la_Passió_i_torres.jpg"
Sagrada_Família,28023,0,"commons/Construction_of_the_Sagrada_Família_in_2023/0/pictures/470_Basílica_de_la_Sagrada_Família_(Barcelona),_angle_c._Mallorca_-_c._Marina.jpg"
Sagrada_Família,28023,0,commons/Sculpture_of_the_Nativity_(Nativity_facade_of_the_Sagrada_Família)/0/pictures/Barcelona_Sagrada_Familia_2019_15.jpg
Sagrada_Família,28023,0,commons/Construction_of_the_Sagrada_Família_in_2009/0/pictures/Sagrada_Familia_-_northeast_side_-_panoramio.jpg
Sagrada_Família,28023,0,commons/Images_of_individuals_at_the_Sagrada_Família/0/pictures/Utilisateur_Warda_Barcelona.jpg
Sagrada_Família,28023,0,commons/Construction_of_the_Sagrada_Família_in_2016/0/pictures/SF_-_lago2.jpg
Sagrada_Família,28023,0,"commons/Nativity_Facade_of_the_Sagrada_Família_at_night/0/pictures/Sagrada_Família,_Barcelona,_España_-_panoramio_(1).jpg"
Sagrada_Família,28023,0,commons/Construction_of_the_Sagrada_Família_in_2006/0/pictures/Sagrada_Familia_0101.JPG
Sagrada_Família,28023,0,commons/General_views_of_the_Passion_Facade_of_the_Sagrada_Família/0/pictures/Barcelona_(4719734865).jpg
Sagrada_Família,28023,0,commons/Right-side_Gospel_Door_at_the_Passion_Facade_of_the_Sagrada_Família/0/pictures/Fale_-_Spain_-_Barcelona_-_109.jpg
Sagrada_Família,28023,0,"commons/Sculpture_of_the_coronation_of_Mary_(Nativity_facade_of_the_Sagrada_Família)/0/pictures/064_Sagrada_Família,_façana_del_Naixement,_portes_de_l'Esperança_i_la_Caritat.jpg"
Sagrada_Família,28023,0,"commons/Construction_of_the_Sagrada_Família_in_2012/0/pictures/070_Sagrada_Família,_façana_del_Naixement_i_claustre.jpg"
Sagrada_Família,28023,0,commons/Construction_of_the_Sagrada_Família_in_2016/0/pictures/Sagrada_Familia_Construcción_B.jpg
Sagrada_Família,28023,0,"commons/Nativity_Facade_of_the_Sagrada_Família_at_night/0/pictures/Барселона._Ночной_вид_главного_фасада_""Саграды_Фамилия""_-_Собора_Святого_Семейства_(Temple_Expiatori_de_la_Sagrada_Família)._-_panoramio.jpg"
Sagrada_Família,28023,0,commons/Construction_of_the_Sagrada_Família_in_2006/0/pictures/Sagrada_Familia_0102.JPG
Sagrada_Família,28023,0,commons/General_views_of_the_Passion_Facade_of_the_Sagrada_Família/0/pictures/Barcelona_-_La_Sagrada_Família_-_Passion_Façade_I.jpg
Sagrada_Família,28023,0,commons/Sculpture_of_the_choir_of_angel_children_(Nativity_facade_of_the_Sagrada_Família)/0/pictures/Segrada_familia_facade_statues.JPG
Sagrada_Família,28023,0,"commons/Construction_of_the_Sagrada_Família_in_2012/0/pictures/086_Sagrada_Família,_façana_de_la_Passió_i_torres.jpg"
Sagrada_Família,28023,0,"commons/Construction_of_the_Sagrada_Família_in_2016/0/pictures/Sagrada_Familia,_Barcelona_(31875925392).jpg"
Sagrada_Família,28023,0,commons/Construction_of_the_Sagrada_Família_in_2006/0/pictures/Sagrada_Familia_0111.JPG
Sagrada_Família,28023,0,commons/General_views_of_the_Passion_Facade_of_the_Sagrada_Família/0/pictures/Barcelona_(4720374682).jpg
Sagrada_Família,28023,0,commons/Sculpture_of_the_coronation_of_Mary_(Nativity_facade_of_the_Sagrada_Família)/0/pictures/2019_03_16_AIDA_Barcelona_(100).jpg
Sagrada_Família,28023,0,commons/Construction_of_the_Sagrada_Família_in_2012/0/pictures/Barcelona_3676.JPG
Sagrada_Família,28023,0,"commons/Construction_of_the_Sagrada_Família_in_2016/0/pictures/Sagrada_Familia,_Barcelona_(31875930762).jpg"
Sagrada_Família,28023,0,commons/Construction_of_the_Sagrada_Família_in_2006/0/pictures/Sagrada_Familia_0116.JPG
Sagrada_Família,28023,0,commons/General_views_of_the_Passion_Facade_of_the_Sagrada_Família/0/pictures/Barcelona_-_panoramio_(294).jpg
Sagrada_Família,28023,0,commons/Construction_of_the_Sagrada_Família_in_2012/0/pictures/Barcelona_3677.JPG
Sagrada_Família,28023,0,commons/Construction_of_the_Sagrada_Família_in_2016/0/pictures/Sagrada_Família_KC1.jpg
Sagrada_Família,28023,0,commons/Nativity_facade_towers_of_the_Sagrada_Família/0/pictures/Antoni_Gaudi’s_Sagrada_Familia_09.jpg
Sagrada_Família,28023,0,commons/Construction_of_the_Sagrada_Família_in_2006/0/pictures/Sagrada_Familia_0123.JPG
Sagrada_Família,28023,0,commons/General_views_of_the_Passion_Facade_of_the_Sagrada_Família/0/pictures/Barcelona_-_La_Sagrada_Família_-_Passion_Façade_-_View_East.jpg
Sagrada_Família,28023,0,commons/Right-side_Gospel_Door_at_the_Passion_Facade_of_the_Sagrada_Família/0/pictures/IQueEsLaVerita.jpg
Sagrada_Família,28023,0,commons/Construction_of_the_Sagrada_Família_in_2012/0/pictures/Barcelona_3679.JPG
Sagrada_Família,28023,0,commons/Sculpture_of_the_Nativity_(Nativity_facade_of_the_Sagrada_Família)/0/pictures/Barcelona_Tres_-_003_(3466090427).jpg
Sagrada_Família,28023,0,commons/Construction_of_the_Sagrada_Família_in_2009/0/pictures/Sagrada_Familia_in_Barcelona.jpg
Sagrada_Família,28023,0,commons/Exterior_of_the_Apse_of_the_Sagrada_Família/0/pictures/Barcelona_-_Plaça_de_la_Sagrada_Família_-_View_NE_on_La_Sagrada_Família.jpg
Sagrada_Família,28023,0,"commons/Sculptures_of_Veil_of_Veronica_and_Bearing_of_the_Cross_at_the_Passion_Facade_of_the_Sagrada_Família/0/pictures/Sculptures_in_the_Passion_Facade_of_the_Sagrada_Família,_February_2013_-_09.JPG"
Sagrada_Família,28023,0,commons/Construction_of_the_Sagrada_Família_in_2013/0/pictures/Барселона_-_panoramio_(62).jpg
Sagrada_Família,28023,0,"commons/Construction_of_the_Sagrada_Família_in_2006/0/pictures/Sagrada_Familia,_Barcelona.jpg"
Sagrada_Família,28023,0,commons/General_views_of_the_Passion_Facade_of_the_Sagrada_Família/0/pictures/Barcelona_-_La_Sagrada_Família_-_Passion_Façade_III.jpg
Sagrada_Família,28023,0,commons/Right-side_Gospel_Door_at_the_Passion_Facade_of_the_Sagrada_Família/0/pictures/Right-side_Gospel_Door_at_the_Passion_Facade_of_the_Sagrada_Família_(8275413358).jpg
Sagrada_Família,28023,0,commons/Sculpture_of_the_coronation_of_Mary_(Nativity_facade_of_the_Sagrada_Família)/0/pictures/Barcelona_Sagrada_familia_sculptures_in_the_Nativity_Facade_09.jpg
Sagrada_Família,28023,0,commons/Construction_of_the_Sagrada_Família_in_2012/0/pictures/Barcelona_4096.JPG
Sagrada_Família,28023,0,commons/Construction_of_the_Sagrada_Família_in_2006/0/pictures/Sagrada_Familia005.jpg
Sagrada_Família,28023,0,commons/General_views_of_the_Passion_Facade_of_the_Sagrada_Família/0/pictures/Barcelona_18_2013.jpg
Sagrada_Família,28023,0,commons/Sculpture_of_the_coronation_of_Mary_(Nativity_facade_of_the_Sagrada_Família)/0/pictures/Barcelona_-_Plaça_de_Gaudí_-_Nativity_Façade_-_View_West_on_Legendary_Coronation_of_Mary_I.jpg
Sagrada_Família,28023,0,commons/Construction_of_the_Sagrada_Família_in_2012/0/pictures/Barcelona_4117.JPG
Sagrada_Família,28023,0,"commons/Sculpture_of_the_Nativity_(Nativity_facade_of_the_Sagrada_Família)/0/pictures/La_Sagrada_Familia,_en_Barcelona.jpg"
Sagrada_Família,28023,0,commons/Construction_of_the_Sagrada_Família_in_2009/0/pictures/Templo_de_la_Sagrada_Familia_en_Barcelona.JPG
Sagrada_Família,28023,0,"commons/Construction_of_the_Sagrada_Família_in_2014/0/pictures/273_Sagrada_Família,_torres_de_la_façana_de_la_Passió,_des_del_c._Mallorca.JPG"
Sagrada_Família,28023,0,"commons/Construction_of_the_Sagrada_Família_in_2016/0/pictures/Sagrada_Familia,_Barcelona_(31985705036).jpg"
Sagrada_Família,28023,0,commons/Nativity_facade_towers_of_the_Sagrada_Família/0/pictures/2008_Sagrada_Familia_19.JPG
Sagrada_Família,28023,0,commons/Construction_of_the_Sagrada_Família_in_2006/0/pictures/Sagrada_Familia004.jpg
Sagrada_Família,28023,0,commons/General_views_of_the_Passion_Facade_of_the_Sagrada_Família/0/pictures/Barcelona_2015_013.JPG
Sagrada_Família,28023,0,commons/Right-side_Gospel_Door_at_the_Passion_Facade_of_the_Sagrada_Família/0/pictures/WLM14ES_-_Barcelona_Fachada_de_la_pasion_553_04_de_julio_de_2011_-_.jpg
Sagrada_Família,28023,0,commons/Sculpture_of_the_Nativity_(Nativity_facade_of_the_Sagrada_Família)/0/pictures/MG_9958_(8274350395).jpg
Sagrada_Família,28023,0,commons/Construction_of_the_Sagrada_Família_in_2010/0/pictures/Barcelona_(4720373370).jpg
Sagrada_Família,28023,0,commons/Exterior_of_the_Apse_of_the_Sagrada_Família/0/pictures/Barcelona_4097.JPG
Sagrada_Família,28023,0,"commons/Construction_of_the_Sagrada_Família_in_2014/0/pictures/Antoni_Gaudi's_Sagrada_Familia,_Barcelona_(Ank_Kumar)_05.jpg"
Sagrada_Família,28023,0,commons/Construction_of_the_Sagrada_Família_in_2016/0/pictures/Segrada_Familia_2016-206.jpg
Sagrada_Família,28023,0,commons/Nativity_facade_towers_of_the_Sagrada_Família/0/pictures/Barcelona_-_Carrer_de_Provença_-_View_SE_on_the_Nativity_Façade_of_La_Sagrada_Família.jpg
Sagrada_Família,28023,0,commons/Construction_of_the_Sagrada_Família_in_2006/0/pictures/Sagrada_Familia009.jpg
Sagrada_Família,28023,0,commons/General_views_of_the_Passion_Facade_of_the_Sagrada_Família/0/pictures/Barcelona_4101.JPG
Sagrada_Família,28023,0,commons/Right-side_Gospel_Door_at_the_Passion_Facade_of_the_Sagrada_Família/0/pictures/WLM14ES_-_Barcelona_Originals_551_04_de_julio_de_2011_-_.jpg
Sagrada_Família,28023,0,commons/Sculpture_of_the_coronation_of_Mary_(Nativity_facade_of_the_Sagrada_Família)/0/pictures/Exterior_of_the_Sagrada_Família_53.jpg
Sagrada_Família,28023,0,commons/Construction_of_the_Sagrada_Família_in_2012/0/pictures/Barselona029.JPG
Sagrada_Família,28023,0,commons/Cross_of_the_Pediment_of_the_Passion_Facade_of_the_Sagrada_Família/0/pictures/Barcelona_Sagrada_Familia_2019_03.jpg
Sagrada_Família,28023,0,commons/Sculpture_of_the_Nativity_(Nativity_facade_of_the_Sagrada_Família)/0/pictures/Naixement_S_Família.jpg
Sagrada_Família,28023,0,commons/Construction_of_the_Sagrada_Família_in_2010/0/pictures/Barcelona_(4719731695).jpg
Sagrada_Família,28023,0,commons/Construction_of_the_Sagrada_Família_in_2014/0/pictures/Barcelona_1069_06.jpg
Sagrada_Família,28023,0,commons/Sculpture_of_Saint_Judas_in_the_Nativity_Facade_of_the_Sagrada_Família/0/pictures/Barcelona_-_Plaça_de_Gaudí_-_Nativity_Façade_-_View_West_on_Apostle_Judas_Thaddeus.jpg
Sagrada_Família,28023,0,commons/Construction_of_the_Sagrada_Família_in_2006/0/pictures/Sagrada_Familia011.jpg
Sagrada_Família,28023,0,commons/General_views_of_the_Passion_Facade_of_the_Sagrada_Família/0/pictures/Barcelona_4112.JPG
Sagrada_Família,28023,0,commons/Right-side_of_the_Passion_Facade_of_the_Sagrada_Família/0/pictures/Barcelona_(4).jpg
Sagrada_Família,28023,0,commons/Construction_of_the_Sagrada_Família_in_2006/0/pictures/Sagrada_Familia028.jpg
Sagrada_Família,28023,0,commons/General_views_of_the_Passion_Facade_of_the_Sagrada_Família/0/pictures/DRI_Sagrada_Familia_Passionsfassade_01.jpg
Sagrada_Família,28023,0,"commons/Sculpture_of_the_Nativity_(Nativity_facade_of_the_Sagrada_Família)/0/pictures/Nativity_Facade_of_the_Sagrada_Família,_May_2013_-_17.JPG"
Sagrada_Família,28023,0,commons/Construction_of_the_Sagrada_Família_in_2010/0/pictures/Barcelona_241.JPG
Sagrada_Família,28023,0,commons/Construction_of_the_Sagrada_Família_in_2014/0/pictures/BmI_wrZIQAAajHU.jpg
Sagrada_Família,28023,0,commons/Construction_of_the_Sagrada_Família_in_2006/0/pictures/Sagrada_Familia012.jpg
Sagrada_Família,28023,0,commons/General_views_of_the_Passion_Facade_of_the_Sagrada_Família/0/pictures/Die_Basilika_Sagrada_Familia_1.jpg
Sagrada_Família,28023,0,commons/Sculpture_of_the_coronation_of_Mary_(Nativity_facade_of_the_Sagrada_Família)/0/pictures/Sagrada_Familia_0112.JPG
Sagrada_Família,28023,0,commons/Construction_of_the_Sagrada_Família_in_2012/0/pictures/Barcelone_-_11_(8021373827).jpg
Sagrada_Família,28023,0,"commons/Sculpture_of_the_Nativity_(Nativity_facade_of_the_Sagrada_Família)/0/pictures/Nativity_façade,_Sagrada_Familia,_Barcelona_(1844551421).jpg"
Sagrada_Família,28023,0,commons/Construction_of_the_Sagrada_Família_in_2010/0/pictures/Barcelona_(4720374682).jpg
Sagrada_Família,28023,0,commons/Exterior_of_the_Apse_of_the_Sagrada_Família/0/pictures/Barcelona_2015_10_12_3289_(23186608195).jpg
Sagrada_Família,28023,0,"commons/Construction_of_the_Sagrada_Família_in_2014/0/pictures/Antoni_Gaudi's_Sagrada_Familia,_Barcelona_(Ank_Kumar)_04.jpg"
Sagrada_Família,28023,0,commons/Construction_of_the_Sagrada_Família_in_2017/0/pictures/Barcelona_-_Temple_Expiatori_de_la_Sagrada_Família_(1).jpg
Sagrada_Família,28023,0,commons/Nativity_facade_towers_of_the_Sagrada_Família/0/pictures/Barcelona_-_La_Sagrada_Família_-_View_NW_on_the_Nativity_Façade.jpg
Sagrada_Família,28023,0,commons/Construction_of_the_Sagrada_Família_in_2006/0/pictures/Sagrada_Familia041.jpg
Sagrada_Família,28023,0,commons/Construction_of_the_Sagrada_Família_in_2017/0/pictures/Barcelona_-_Temple_Expiatori_de_la_Sagrada_Família_(2).jpg
Sagrada_Família,28023,0,commons/Nativity_facade_towers_of_the_Sagrada_Família/0/pictures/Barcelona_-_panoramio_-_ianpudsey.jpg
Sagrada_Família,28023,0,commons/Construction_of_the_Sagrada_Família_in_2006/0/pictures/Sagrada_Familia044.jpg
Sagrada_Família,28023,0,commons/General_views_of_the_Passion_Facade_of_the_Sagrada_Família/0/pictures/Façana_Passió.jpg
Sagrada_Família,28023,0,commons/Right-side_of_the_Passion_Facade_of_the_Sagrada_Família/0/pictures/Sagrada_Família.07.jpg
Sagrada_Família,28023,0,commons/Sculpture_of_Saint_Simon_in_the_Nativity_Facade_of_the_Sagrada_Família/0/pictures/Sagrada_Familia132.jpg
Sagrada_Família,28023,0,commons/Construction_of_the_Sagrada_Família_in_2006/0/pictures/Sagrada_familia_facciata_della_passione.JPG
Sagrada_Família,28023,0,"commons/General_views_of_the_Passion_Facade_of_the_Sagrada_Família/0/pictures/Passion_Facade_of_the_Sagrada_Família,_May_2013_-_04.JPG"
Sagrada_Família,28023,0,"commons/Sagrada_Família_at_night/0/pictures/Antoni_Gaudi's_Sagrada_Familia,_Barcelona_(Ank_Kumar)_07.jpg"
Sagrada_Família,28023,0,commons/Eastern_Views_of_the_Nave_of_the_Sagrada_Família/0/pictures/Barcelona_2015_10_12_3641_(23186556085).jpg
Sagrada_Família,28023,0,commons/Passion_facade_towers_of_the_Sagrada_Família/0/pictures/Cathedral_Sagrada_Familia.jpeg
Sagrada_Família,28023,0,"commons/Sculpture_of_the_flagellation_of_Jesus_Christ_in_the_Passion_Facade_of_the_Sagrada_Família/0/pictures/044_Sagrada_Família,_façana_de_la_Passió,_la_Flagel·lació_i_l'Alfa_i_l'Omega.jpg"
Sagrada_Família,28023,0,"commons/Construction_of_the_Sagrada_Família_in_2012/0/pictures/La_Sagrada_Família,_Barcelona_-_panoramio_(3).jpg"
Sagrada_Família,28023,0,commons/Sculpture_of_Saint_Simon_in_the_Nativity_Facade_of_the_Sagrada_Família/0/pictures/Sagrada_Familia133.jpg
Sagrada_Família,28023,0,commons/Construction_of_the_Sagrada_Família_in_2006/0/pictures/Sagrada_Familia164.jpg
Sagrada_Família,28023,0,"commons/General_views_of_the_Passion_Facade_of_the_Sagrada_Família/0/pictures/Passion_Facade_of_the_Sagrada_Família,_May_2013_-_05.JPG"
Sagrada_Família,28023,0,"commons/Sagrada_Família_at_night/0/pictures/Antoni_Gaudi's_Sagrada_Familia,_Barcelona_(Ank_Kumar)_08.jpg"
Sagrada_Família,28023,0,commons/Eastern_Views_of_the_Nave_of_the_Sagrada_Família/0/pictures/Cloister_Facade_-_Sagrada_Família_-_Barcelona_2014_(2).JPG
Sagrada_Família,28023,0,commons/Sculpture_of_the_flagellation_of_Jesus_Christ_in_the_Passion_Facade_of_the_Sagrada_Família/0/pictures/Barcelona_-_Temple_Expiatori_de_la_Sagrada_Família_(34).jpg
Sagrada_Família,28023,0,"commons/Construction_of_the_Sagrada_Família_in_2012/0/pictures/La_Sagrada_Família,_Barcelona_-_panoramio_(4).jpg"
Sagrada_Família,28023,0,commons/Construction_of_the_Sagrada_Família_in_2010/0/pictures/Sagrada_Familia_-_panoramio_-_P._León.jpg
Sagrada_Família,28023,0,commons/West_sacristy_of_the_Sagrada_Família/0/pictures/2014_-_Construcció_de_la_Sagristia_de_la_Sagrada_Família_02.JPG
Sagrada_Família,28023,0,commons/Exterior_of_the_Apse_of_the_Sagrada_Família/0/pictures/SF-KIRKA.jpg
Sagrada_Família,28023,0,commons/Construction_of_the_Sagrada_Família_in_2014/0/pictures/Iglesia_de_Barcelona_-_SAGRADA_FAMILIA.jpg
Sagrada_Família,28023,0,commons/Construction_of_the_Sagrada_Família_in_2006/0/pictures/Sagrada_Familia167.jpg
Sagrada_Família,28023,0,"commons/General_views_of_the_Passion_Facade_of_the_Sagrada_Família/0/pictures/Passion_facade_of_the_Sagrada_Familia,_February_2013_-_02.jpg"
Sagrada_Família,28023,0,commons/Sagrada_Família_at_night/0/pictures/Barcelona_1098_06.jpg
Sagrada_Família,28023,0,"commons/Sculpture_of_the_Presentation_of_Jesus_(Nativity_facade_of_the_Sagrada_Família)/0/pictures/Barcelona,_Sagrada_família,_detall_façana_naixement_RI-51-0003813.jpg"
Sagrada_Família,28023,0,commons/Construction_of_the_Sagrada_Família_in_2010/0/pictures/SagradaFamilaNordost.jpg
Sagrada_Família,28023,0,commons/Sculpture_of_the_Presentation_of_Jesus_(Nativity_facade_of_the_Sagrada_Família)/0/pictures/Barcelona_August_2014_-_Familia_Sagrada_015.jpg
Sagrada_Família,28023,0,"commons/Construction_of_the_Sagrada_Família_in_2010/0/pictures/Temple_Expiatori_de_la_Sagrada_Família_-_Spain,_Barcelona_-_panoramio.jpg"
Sagrada_Família,28023,0,commons/Construction_of_the_Sagrada_Família_in_2010/0/pictures/Templo_expiatorio_de_la_Sagrada_Familia_(4722169965).jpg
Sagrada_Família,28023,0,commons/West_sacristy_of_the_Sagrada_Família/0/pictures/SF_-_Sacristía3.jpg
Sagrada_Família,28023,0,commons/Exterior_of_the_Apse_of_the_Sagrada_Família/0/pictures/Sagrada_Família_-_Barcelona_-_Desembre_2015_-_02.JPG
Sagrada_Família,28023,0,commons/Portal_of_Charity_of_the_Sagrada_Família/0/pictures/2001-09-18_Sagrada_Família_09180020.jpg
Sagrada_Família,28023,0,"commons/Sculptures_of_the_Flight_to_Egypt_(Nativity_facade_of_the_Sagrada_Família)/0/pictures/Nativity_Facade_of_the_Sagrada_Família,_May_2013_-_04.JPG"
Sagrada_Família,28023,0,"commons/Construction_of_the_Sagrada_Família_in_2014/0/pictures/Sagrada_Familia_Basilica,_Barcelona_06.jpg"
Sagrada_Família,28023,0,commons/Construction_of_the_Sagrada_Família_in_2010/0/pictures/Vista_de_les_obres.JPG
Sagrada_Família,28023,0,commons/Sculpture_of_the_Presentation_of_Jesus_(Nativity_facade_of_the_Sagrada_Família)/0/pictures/Barcelona_August_2014_-_Familia_Sagrada_018.jpg
Sagrada_Família,28023,0,commons/Construction_of_the_Sagrada_Família_in_2011/0/pictures/Barcelona_-_panoramio_(192).jpg
Sagrada_Família,28023,0,"commons/Sculpture_of_the_Presentation_of_Jesus_(Nativity_facade_of_the_Sagrada_Família)/0/pictures/Sagrada_Família,_Barcelona_-_panoramio_(5).jpg"
Sagrada_Família,28023,0,commons/Construction_of_the_Sagrada_Família_in_2011/0/pictures/Barcelona_-_panoramio_(193).jpg
Sagrada_Família,28023,0,"commons/West_sacristy_of_the_Sagrada_Família/0/pictures/Sagrada_Familia_Basilica,_Barcelona_05.jpg"
Sagrada_Família,28023,0,commons/Exterior_of_the_Apse_of_the_Sagrada_Família/0/pictures/Sagrada_familia_(left_side).jpg
Sagrada_Família,28023,0,commons/Portal_of_Charity_of_the_Sagrada_Família/0/pictures/Barcelona_-_La_Sagrada_Família_-_Nativity_Façade_-_Upward_View.jpg
Sagrada_Família,28023,0,"commons/Sculptures_of_the_Flight_to_Egypt_(Nativity_facade_of_the_Sagrada_Família)/0/pictures/Sagrada_Familia,_Nativity_facade_(23)_(30929253340).jpg"
Sagrada_Família,28023,0,commons/Construction_of_the_Sagrada_Família_in_2014/0/pictures/Sagrada_Familia-01.jpg
Sagrada_Família,28023,0,commons/Sculpture_of_the_Presentation_of_Jesus_(Nativity_facade_of_the_Sagrada_Família)/0/pictures/Barcelona_August_2014_-_Familia_Sagrada_017.jpg
Sagrada_Família,28023,0,commons/Construction_of_the_Sagrada_Família_in_2011/0/pictures/Barcelona_-_Sagrada_Familia_-_01.jpg
Sagrada_Família,28023,0,commons/Construction_of_the_Sagrada_Família_in_2011/0/pictures/Barcelona_-_panoramio_(194).jpg
Sagrada_Família,28023,0,commons/Sculptures_of_the_Flight_to_Egypt_(Nativity_facade_of_the_Sagrada_Família)/0/pictures/Sagrada_Familia069.jpg
Sagrada_Família,28023,0,commons/Construction_of_the_Sagrada_Família_in_2014/0/pictures/Sagrada_Família_1_Barcelona_-_panoramio.jpg
Sagrada_Família,28023,0,commons/Construction_of_the_Sagrada_Família_in_2011/0/pictures/Barcelona_-_panoramio_(250).jpg
Sagrada_Família,28023,0,commons/Construction_of_the_Sagrada_Família_in_2011/0/pictures/Barcelona_-_panoramio_(296).jpg
Sagrada_Família,28023,0,commons/Construction_of_the_Sagrada_Família_in_2011/0/pictures/Barcelona_-_panoramio_(294).jpg
Sagrada_Família,28023,0,commons/Sculpture_of_the_Star_of_Bethlehem_(Nativity_facade_of_the_Sagrada_Família)/0/pictures/Витражи_-_panoramio.jpg
Sagrada_Família,28023,0,commons/Construction_of_the_Sagrada_Família_in_2011/0/pictures/Barcelona_-_panoramio_(298).jpg
Sagrada_Família,28023,0,commons/Construction_of_the_Sagrada_Família_in_2011/0/pictures/Barcelona_-_panoramio_(297).jpg
Sagrada_Família,28023,0,commons/Construction_of_the_Sagrada_Família_in_2011/0/pictures/Entrada_a_la_Sagrada_Familia.jpg
Sagrada_Família,28023,0,commons/Sculpture_of_the_Tree_of_Life_(Nativity_facade_of_the_Sagrada_Família)/0/pictures/Christmas_tree_-_panoramio_-_Evgeniy_Metyolkin.jpg
Sagrada_Família,28023,0,commons/Construction_of_the_Sagrada_Família_in_2011/0/pictures/Escoles_de_la_Sagrada_Familia.jpg
Sagrada_Família,28023,0,commons/Construction_of_the_Sagrada_Família_in_2011/0/pictures/Facade_of_Sagrada_Familia_in_Barcelona.JPG
Sagrada_Família,28023,0,commons/Sculpture_of_the_Tree_of_Life_(Nativity_facade_of_the_Sagrada_Família)/0/pictures/Coronation_of_the_Virgin_and_the_Tree_of_Life_-_Nativity_Facade_-_Sagrada_Família_-_Barcelona_2014.JPG
Sagrada_Família,28023,0,commons/Construction_of_the_Sagrada_Família_in_2011/0/pictures/La_Sagrada_Familia_(Barcelon).jpg
Sagrada_Família,28023,0,"commons/Sculpture_of_the_Tree_of_Life_(Nativity_facade_of_the_Sagrada_Família)/0/pictures/Nativity_Facade_of_the_Sagrada_Família,_May_2013_-_06.JPG"
Sagrada_Família,28023,0,commons/Construction_of_the_Sagrada_Família_in_2011/0/pictures/La_Sagrada_Familia_in_Barcelona_-_panoramio.jpg
Sagrada_Família,28023,0,commons/Construction_of_the_Sagrada_Família_in_2011/0/pictures/La_Sagrada_Familia-_западный_фасад_-_panoramio.jpg
Sagrada_Família,28023,0,commons/Construction_of_the_Sagrada_Família_in_2011/0/pictures/La_Sagrada_Familia.jpg
Sagrada_Família,28023,0,commons/Sculpture_of_the_Tree_of_Life_(Nativity_facade_of_the_Sagrada_Família)/0/pictures/Sagrada_Familia_Evening_1_(5838999859).jpg
Sagrada_Família,28023,0,commons/Construction_of_the_Sagrada_Família_in_2011/0/pictures/La_Sagrada_Familia-5_портал_-_panoramio.jpg
Sagrada_Família,28023,0,"commons/Construction_of_the_Sagrada_Família_in_2011/0/pictures/La_Sagrada_Familia_,_l'incompiuta_-_panoramio.jpg"
Sagrada_Família,28023,0,commons/Construction_of_the_Sagrada_Família_in_2011/0/pictures/La_Sagrada_Familia-4_готовый_фасад_-_panoramio.jpg
Sagrada_Família,28023,0,commons/Construction_of_the_Sagrada_Família_in_2011/0/pictures/Nave_of_the_Sagrada_Família_(mallorca_marina).jpg
Sagrada_Família,28023,0,commons/Construction_of_the_Sagrada_Família_in_2011/0/pictures/Sagrada_Familia_(6622110749).jpg
Sagrada_Família,28023,0,commons/Construction_of_the_Sagrada_Família_in_2011/0/pictures/Sagrada_Familia_(6622141627).jpg
Sagrada_Família,28023,0,commons/Sculpture_of_the_Tree_of_Life_(Nativity_facade_of_the_Sagrada_Família)/0/pictures/Барселона._Саграда_Фамилия_-_panoramio.jpg
Sagrada_Família,28023,0,commons/Construction_of_the_Sagrada_Família_in_2011/0/pictures/Sagrada_Familia_(6622225799).jpg
Sagrada_Família,28023,0,commons/Construction_of_the_Sagrada_Família_in_2011/0/pictures/Sagrada_Familia_(6622235181).jpg
Sagrada_Família,28023,0,commons/Sculpture_of_the_Tree_of_Life_(Nativity_facade_of_the_Sagrada_Família)/0/pictures/Tree_of_Life_-_Nativity_Facade_-_Sagrada_Família_-_Barcelona_2014.JPG
Sagrada_Família,28023,0,commons/Construction_of_the_Sagrada_Família_in_2011/0/pictures/Sagrada_Familia_(6622216185).jpg
Sagrada_Família,28023,0,commons/Construction_of_the_Sagrada_Família_in_2011/0/pictures/Sagrada_Familia_(6622712005).jpg
Sagrada_Família,28023,0,commons/Construction_of_the_Sagrada_Família_in_2011/0/pictures/Sagrada_Familia_(6622826507).jpg
Sagrada_Família,28023,0,commons/Construction_of_the_Sagrada_Família_in_2011/0/pictures/Sagrada_Familia_(6622175481).jpg
Sagrada_Família,28023,0,commons/Construction_of_the_Sagrada_Família_in_2011/0/pictures/Sagrada_Familia_(8171681331).jpg
Sagrada_Família,28023,0,commons/Construction_of_the_Sagrada_Família_in_2011/0/pictures/Sagrada_Familia_(8107962155).jpg
Sagrada_Família,28023,0,commons/Construction_of_the_Sagrada_Família_in_2011/0/pictures/Sagrada_Familia_(6622865513).jpg
Sagrada_Família,28023,0,commons/Construction_of_the_Sagrada_Família_in_2011/0/pictures/Sagrada_Familia_(6622851181).jpg
Sagrada_Família,28023,0,commons/Construction_of_the_Sagrada_Família_in_2011/0/pictures/Sagrada_Familia_Building_Site_2_(5838936295).jpg
Sagrada_Família,28023,0,commons/Door_of_the_Crowning_with_Thorns_at_the_Passion_Facade_of_the_Sagrada_Família/0/pictures/Door_of_the_Crowning_with_Thorns_at_the_Passion_Facade_-_Detail.JPG
Sagrada_Família,28023,0,commons/Passion_Facade_of_the_Sagrada_Família/0/pictures/Sagrada_Familia017.jpg
Sagrada_Família,28023,0,"commons/Sculpture_of_the_Trumpeting_Angels_(Nativity_facade_of_the_Sagrada_Família)/0/pictures/007_Sagrada_Família,_façana_del_Naixement,_columna_de_Sant_Josep.jpg"
Sagrada_Família,28023,0,commons/Construction_of_the_Sagrada_Família_in_2011/0/pictures/Sagrada_Família_-_2011_Apse_03.jpg
Sagrada_Família,28023,0,commons/Door_of_the_Crowning_with_Thorns_at_the_Passion_Facade_of_the_Sagrada_Família/0/pictures/Architect_Jordi_Faulí_i_Oller_in_front_of_the_Passion_Facade.JPG
Sagrada_Família,28023,0,commons/Passion_Facade_of_the_Sagrada_Família/0/pictures/Sagrada_Familia023.jpg
Sagrada_Família,28023,0,"commons/Sculpture_of_the_Trumpeting_Angels_(Nativity_facade_of_the_Sagrada_Família)/0/pictures/064_Sagrada_Família,_façana_del_Naixement,_portes_de_l'Esperança_i_la_Caritat.jpg"
Sagrada_Família,28023,0,commons/Construction_of_the_Sagrada_Família_in_2011/0/pictures/Sagrada_Familia_8_(5839527852).jpg
Sagrada_Família,28023,0,"commons/Sculpture_of_the_Trumpeting_Angels_(Nativity_facade_of_the_Sagrada_Família)/0/pictures/069_Sagrada_Família,_façana_del_Naixement,_porta_de_la_Fe,_àngels_i_presentació_al_Temple.jpg"
Sagrada_Família,28023,0,commons/Construction_of_the_Sagrada_Família_in_2011/0/pictures/Sagrada_Família_-_2011_obres_i_entrada.jpg
Sagrada_Família,28023,0,commons/Door_of_the_Crowning_with_Thorns_at_the_Passion_Facade_of_the_Sagrada_Família/0/pictures/Door_of_the_Crown_of_Thorns_-_Sagrada_Familia_-_Barcelona_2014_(1).JPG
Sagrada_Família,28023,0,commons/Passion_Facade_of_the_Sagrada_Família/0/pictures/Sagrada_familia_(7567081488).jpg
Sagrada_Família,28023,0,commons/Sculpture_of_the_Trumpeting_Angels_(Nativity_facade_of_the_Sagrada_Família)/0/pictures/Barcelona_-_La_Sagrada_Família_-_Nativity_Façade_-_View_on_Trumpeting_Angels_I.jpg
Sagrada_Família,28023,0,commons/Construction_of_the_Sagrada_Família_in_2011/0/pictures/Sagrada_Família_-_2011_Apse_06.jpg
Sagrada_Família,28023,0,commons/Construction_of_the_Sagrada_Família_in_2011/0/pictures/Sagrada_Família._Façana_de_la_Passió.jpg
Sagrada_Família,28023,0,"commons/Door_of_the_Portal_of_Hope_of_the_Sagrada_Família/0/pictures/Sagrada_Familia,_Nativity_facade_(23)_(30929253340).jpg"
Sagrada_Família,28023,0,commons/Sculpture_of_the_Trumpeting_Angels_(Nativity_facade_of_the_Sagrada_Família)/0/pictures/Barcelona_August_2014_-_Familia_Sagrada_015.jpg
Sagrada_Família,28023,0,commons/Construction_of_the_Sagrada_Família_in_2011/0/pictures/Sagrada_familia-barcelona_-_panoramio_(7).jpg
Sagrada_Família,28023,0,commons/Towers_of_the_Sagrada_Família/0/pictures/Sagrada_Familia_8-12-21_(4).jpg
Sagrada_Família,28023,0,commons/Doors_of_the_Charity_at_the_Nativity_Facade_of_the_Sagrada_Família/0/pictures/Nacimiento_Sotoo5.jpg
Sagrada_Família,28023,0,commons/Construction_of_the_Sagrada_Família_in_2011/0/pictures/WLM14ES_-_Barcelona_General_558_04_de_julio_de_2011_-_.jpg
Sagrada_Família,28023,0,"commons/Sculpture_of_the_coronation_of_Mary_(Nativity_facade_of_the_Sagrada_Família)/0/pictures/063_Sagrada_Família,_façana_del_Naixement,_portes_de_l'Esperança_i_la_Caritat.jpg"
Sagrada_Família,28023,0,"commons/Construction_of_the_Sagrada_Família_in_2012/0/pictures/087_Sagrada_Família,_amb_grues.jpg"
Sagrada_Família,28023,0,commons/Sculpture_of_the_coronation_of_Mary_(Nativity_facade_of_the_Sagrada_Família)/0/pictures/2019_03_16_AIDA_Barcelona_(95).jpg
Sagrada_Família,28023,0,commons/Construction_of_the_Sagrada_Família_in_2012/0/pictures/Ascensión.jpg
Sagrada_Família,28023,0,commons/Sculpture_of_the_coronation_of_Mary_(Nativity_facade_of_the_Sagrada_Família)/0/pictures/2008_Sagrada_Familia_21.JPG
Sagrada_Família,28023,0,commons/Construction_of_the_Sagrada_Família_in_2012/0/pictures/Barcelona_3678.JPG
Sagrada_Família,28023,0,commons/Sculpture_of_the_coronation_of_Mary_(Nativity_facade_of_the_Sagrada_Família)/0/pictures/Barcelona_August_2014_-_Familia_Sagrada_006.jpg
Sagrada_Família,28023,0,commons/Construction_of_the_Sagrada_Família_in_2012/0/pictures/Antoni_Gaudi_-_Sacrada_Familia.jpg
Sagrada_Família,28023,0,commons/Sculpture_of_the_coronation_of_Mary_(Nativity_facade_of_the_Sagrada_Família)/0/pictures/Coronación_de_María.jpg
Sagrada_Família,28023,0,commons/Construction_of_the_Sagrada_Família_in_2012/0/pictures/Barcelona_4114.JPG
Sagrada_Família,28023,0,commons/Sculpture_of_the_coronation_of_Mary_(Nativity_facade_of_the_Sagrada_Família)/0/pictures/Close_Up_of_the_Art_Work_in_Basílica_de_la_Sagrada_Família.png
Sagrada_Família,28023,0,commons/Construction_of_the_Sagrada_Família_in_2012/0/pictures/Barcelona_3680.JPG
Sagrada_Família,28023,0,commons/Sculpture_of_the_coronation_of_Mary_(Nativity_facade_of_the_Sagrada_Família)/0/pictures/Eixample_-_Sagrada_Família_-_20150828103412.jpg
Sagrada_Família,28023,0,commons/Construction_of_the_Sagrada_Família_in_2012/0/pictures/Barcelone_-_09_(8021371995).jpg
Sagrada_Família,28023,0,commons/Sculpture_of_the_coronation_of_Mary_(Nativity_facade_of_the_Sagrada_Família)/0/pictures/Coronation_of_the_Virgin_and_the_Tree_of_Life_-_Nativity_Facade_-_Sagrada_Família_-_Barcelona_2014.JPG
Sagrada_Família,28023,0,commons/Construction_of_the_Sagrada_Família_in_2012/0/pictures/Barcelona_4123.JPG
Sagrada_Família,28023,0,commons/Sculpture_of_the_coronation_of_Mary_(Nativity_facade_of_the_Sagrada_Família)/0/pictures/Detalle_da_Sagrada_Familia._Barcelona_B23.jpg
Sagrada_Família,28023,0,commons/Construction_of_the_Sagrada_Família_in_2012/0/pictures/Barcelone_-_10_(8021372717).jpg
Sagrada_Família,28023,0,commons/Sculpture_of_the_coronation_of_Mary_(Nativity_facade_of_the_Sagrada_Família)/0/pictures/Detalle_da_Sagrada_Familia._Barcelona_B22.jpg
Sagrada_Família,28023,0,commons/Construction_of_the_Sagrada_Família_in_2012/0/pictures/Barselona030.JPG
Sagrada_Família,28023,0,commons/Sculpture_of_the_coronation_of_Mary_(Nativity_facade_of_the_Sagrada_Família)/0/pictures/Fachada_del_Nacimiento._Pórticos.jpg
Sagrada_Família,28023,0,commons/Construction_of_the_Sagrada_Família_in_2012/0/pictures/Exterior_Temple_Expiatori_de_la_Sagrada_Família_01.JPG
Sagrada_Família,28023,0,commons/Sculpture_of_the_coronation_of_Mary_(Nativity_facade_of_the_Sagrada_Família)/0/pictures/SF_-_Árbol_de_la_Vida.jpg
Sagrada_Família,28023,0,commons/Construction_of_the_Sagrada_Família_in_2012/0/pictures/La_Sagrada_Familia_(7852715282).jpg
Sagrada_Família,28023,0,"commons/Sculpture_of_the_coronation_of_Mary_(Nativity_facade_of_the_Sagrada_Família)/0/pictures/Nativity_Facade_of_the_Sagrada_Família,_May_2013_-_06.JPG"
Sagrada_Família,28023,0,commons/Construction_of_the_Sagrada_Família_in_2012/0/pictures/La_Sagrada_Familia_(7852713848).jpg
Sagrada_Família,28023,0,commons/Sculpture_of_the_coronation_of_Mary_(Nativity_facade_of_the_Sagrada_Família)/0/pictures/Sagrada_Família_7.jpg
Sagrada_Família,28023,0,commons/Construction_of_the_Sagrada_Família_in_2012/0/pictures/La_Sagrada_Familia_(7852716676).jpg
Sagrada_Família,28023,0,commons/Sculpture_of_the_coronation_of_Mary_(Nativity_facade_of_the_Sagrada_Família)/0/pictures/Sagrada24.jpg
Sagrada_Família,28023,0,commons/Construction_of_the_Sagrada_Família_in_2012/0/pictures/La_Sagrada_Familia_(7852719620).jpg
Sagrada_Família,28023,0,commons/Eastern_Views_of_the_Nave_of_the_Sagrada_Família/0/pictures/Barcelona_-_Plaça_de_Gaudí_-_View_SW_on_La_Sagrada_Família_II.jpg
Sagrada_Família,28023,0,commons/Passion_facade_towers_of_the_Sagrada_Família/0/pictures/Barcelona_Sagrada_Familia_-_kościół_Świętej_Rodziny_-_panoramio.jpg
Sagrada_Família,28023,0,commons/Construction_of_the_Sagrada_Família_in_2012/0/pictures/La_Sagrada_Familia_(7852729412).jpg
Sagrada_Família,28023,0,"commons/Sculpture_of_the_coronation_of_Mary_(Nativity_facade_of_the_Sagrada_Família)/0/pictures/Sagrada_Família,_Barcelona_-_panoramio_(4).jpg"
Sagrada_Família,28023,0,commons/Construction_of_the_Sagrada_Família_in_2012/0/pictures/La_Sagrada_Familia_(7852731872).jpg
Sagrada_Família,28023,0,"commons/Construction_of_the_Sagrada_Família_in_2012/0/pictures/La_Sagrada_Familia,_Barcelona,_Spain_-_panoramio_(1).jpg"
Sagrada_Família,28023,0,commons/Sculpture_of_the_coronation_of_Mary_(Nativity_facade_of_the_Sagrada_Família)/0/pictures/Sagrada_familia_-_panoramio_(5).jpg
Sagrada_Família,28023,0,commons/Construction_of_the_Sagrada_Família_in_2012/0/pictures/La_Sagrada_Familia_(7852726950).jpg
Sagrada_Família,28023,0,"commons/Sculpture_of_the_coronation_of_Mary_(Nativity_facade_of_the_Sagrada_Família)/0/pictures/Sagrada_Família,_Barcelona_-_panoramio_(14).jpg"
Sagrada_Família,28023,0,commons/Construction_of_the_Sagrada_Família_in_2012/0/pictures/La_Sagrada_Familia_(7852734760).jpg
Sagrada_Família,28023,0,"commons/Construction_of_the_Sagrada_Família_in_2012/0/pictures/La_Sagrada_Família,_Barcelona_-_panoramio_(1).jpg"
Sagrada_Família,28023,0,commons/Eastern_Views_of_the_Nave_of_the_Sagrada_Família/0/pictures/Basilique_Sagrada_Familia_façade_nord_est_Barcelone_3.jpg
Sagrada_Família,28023,0,commons/Passion_facade_towers_of_the_Sagrada_Família/0/pictures/Basílica_i_Temple_Expiatori_de_la_Sagrada_Família_taken_by_Lensicle.jpg
Sagrada_Família,28023,0,commons/Sculpture_of_the_coronation_of_Mary_(Nativity_facade_of_the_Sagrada_Família)/0/pictures/Барселона._Саграда_Фамилия_-_panoramio.jpg
Sagrada_Família,28023,0,commons/Construction_of_the_Sagrada_Família_in_2012/0/pictures/La_Sagrada_Familia_(7852736028).jpg
Sagrada_Família,28023,0,commons/Eastern_Views_of_the_Nave_of_the_Sagrada_Família/0/pictures/Eastern_Views_of_the_Nave_of_the_Sagrada_Família.jpg
Sagrada_Família,28023,0,"commons/Sculpture_of_the_coronation_of_Mary_(Nativity_facade_of_the_Sagrada_Família)/0/pictures/Нечто_из_фильма_""пираты_Кар.моря-2""_-_panoramio.jpg"
Sagrada_Família,28023,0,"commons/Construction_of_the_Sagrada_Família_in_2012/0/pictures/La_Sagrada_Família,_Barcelona_-_panoramio_(5).jpg"
Sagrada_Família,28023,0,"commons/Sculpture_of_the_flagellation_of_Jesus_Christ_in_the_Passion_Facade_of_the_Sagrada_Família/0/pictures/040_Sagrada_Família,_façana_de_la_Passió,_la_Flagel·lació.jpg"
Sagrada_Família,28023,0,"commons/Construction_of_the_Sagrada_Família_in_2012/0/pictures/La_Sagrada_Família,_Barcelona_-_panoramio_(6).jpg"
Sagrada_Família,28023,0,commons/Eastern_Views_of_the_Nave_of_the_Sagrada_Família/0/pictures/Exterior_of_the_Sagrada_Família_52.jpg
Sagrada_Família,28023,0,commons/Passion_facade_towers_of_the_Sagrada_Família/0/pictures/Basílica_de_la_Sagrada_Familia_(13).jpg
Sagrada_Família,28023,0,commons/Sculpture_of_the_flagellation_of_Jesus_Christ_in_the_Passion_Facade_of_the_Sagrada_Família/0/pictures/Eixample_-_Sagrada_Família_-_20150828140822.jpg
Sagrada_Família,28023,0,commons/Construction_of_the_Sagrada_Família_in_2012/0/pictures/Sagrada_Familia_y_Playa_de_la_Mar_Bella_-_Barcelona_Multiverso.jpg
Sagrada_Família,28023,0,commons/Sculpture_of_the_flagellation_of_Jesus_Christ_in_the_Passion_Facade_of_the_Sagrada_Família/0/pictures/Barcelona_Sagrada_Familia_sculptures_Passion_facade_08.jpg
Sagrada_Família,28023,0,commons/Construction_of_the_Sagrada_Família_in_2012/0/pictures/Sagrada_Familia_Subirats_fachada_posterior_a_Gaudi_-_panoramio.jpg
Sagrada_Família,28023,0,"commons/Eastern_Views_of_the_Nave_of_the_Sagrada_Família/0/pictures/Nativity_Facade_of_the_Sagrada_Família,_May_2013_-_12.JPG"
Sagrada_Família,28023,0,commons/Passion_facade_towers_of_the_Sagrada_Família/0/pictures/Exterior_of_the_Sagrada_Família_36.jpg
Sagrada_Família,28023,0,commons/Sculpture_of_the_flagellation_of_Jesus_Christ_in_the_Passion_Facade_of_the_Sagrada_Família/0/pictures/Detail_from_Sagrada_Familia_(3537316938).jpg
Sagrada_Família,28023,0,"commons/Construction_of_the_Sagrada_Família_in_2012/0/pictures/Sagrada_Familia,_Barcelona,_España_-_panoramio_(3).jpg"
Sagrada_Família,28023,0,"commons/Sculpture_of_the_flagellation_of_Jesus_Christ_in_the_Passion_Facade_of_the_Sagrada_Família/0/pictures/Sagrada_Familia,_Barcelona_(Ank_Kumar)_08.jpg"
Sagrada_Família,28023,0,"commons/Construction_of_the_Sagrada_Família_in_2012/0/pictures/Sagrada_Familia,_Barcelona,_España_-_panoramio_(5).jpg"
Sagrada_Família,28023,0,commons/Sculpture_of_the_flagellation_of_Jesus_Christ_in_the_Passion_Facade_of_the_Sagrada_Família/0/pictures/Sagrada_Familia_Facade.jpg
Sagrada_Família,28023,0,commons/Construction_of_the_Sagrada_Família_in_2012/0/pictures/Sagrada_Famìlia_-_panoramio.jpg
Sagrada_Família,28023,0,commons/Sculpture_of_the_kiss_of_Judas_Iscariot_at_the_Passion_Facade_of_the_Sagrada_Família/0/pictures/Barcelona_-_panoramio_(278).jpg
Sagrada_Família,28023,0,"commons/Construction_of_the_Sagrada_Família_in_2012/0/pictures/Sagrada_Família,_with_jacaranda_(7644344338).jpg"
Sagrada_Família,28023,0,commons/Eastern_Views_of_the_Sagrada_Família/0/pictures/Barcelona_-_Temple_Expiatori_de_la_Sagrada_Família_(44).jpg
Sagrada_Família,28023,0,commons/Passion_facade_towers_of_the_Sagrada_Família/0/pictures/Left_side_-_Passion_Facade_-_Sagrada_Familia_-_Barcelona_2014.jpg
Sagrada_Família,28023,0,commons/Construction_of_the_Sagrada_Família_in_2012/0/pictures/Sagrada_Família._Façana_del_Naixement.jpg
Sagrada_Família,28023,0,commons/Eastern_Views_of_the_Sagrada_Família/0/pictures/Barcelona_2013_-_panoramio_(2).jpg
Sagrada_Família,28023,0,commons/Passion_facade_towers_of_the_Sagrada_Família/0/pictures/Passió_2018.jpg
Sagrada_Família,28023,0,"commons/Sculpture_of_the_kiss_of_Judas_Iscariot_at_the_Passion_Facade_of_the_Sagrada_Família/0/pictures/Sagrada_Familia,_Statues_with_suduko.jpg"
Sagrada_Família,28023,0,commons/Construction_of_the_Sagrada_Família_in_2012/0/pictures/Sagrada_familia-barcelona_-_panoramio_(16).jpg
Sagrada_Família,28023,0,commons/Eastern_Views_of_the_Sagrada_Família/0/pictures/Barcelona_(9399213290).jpg
Sagrada_Família,28023,0,commons/Sculpture_of_the_kiss_of_Judas_Iscariot_at_the_Passion_Facade_of_the_Sagrada_Família/0/pictures/SF_-_Flagelación.jpg
Sagrada_Família,28023,0,commons/Construction_of_the_Sagrada_Família_in_2012/0/pictures/Sagrada_família_-_Arc_de_Sant_Martí.jpg
Sagrada_Família,28023,0,commons/Views_of_the_Sagrada_Família_from_Casa_Milà/0/pictures/ES-BCN-sagr-fam-von-pedrera-1.jpg
Sagrada_Família,28023,0,commons/Eastern_Views_of_the_Sagrada_Família/0/pictures/Barcelona_-_Plaça_de_Gaudí_-_View_SW_on_La_Sagrada_Família_-_Nativity_façade_VII.jpg
Sagrada_Família,28023,0,commons/Passion_facade_towers_of_the_Sagrada_Família/0/pictures/SF_-_Passió_2018.jpg
Sagrada_Família,28023,0,commons/Sculpture_of_the_kiss_of_Judas_Iscariot_at_the_Passion_Facade_of_the_Sagrada_Família/0/pictures/Kiss_of_Judas_-_Sagrada_Familia_-_Barcelona_2014.JPG
Sagrada_Família,28023,0,commons/Construction_of_the_Sagrada_Família_in_2012/0/pictures/Szkola_pod_Zaglami_Sagrada_Familia.jpg
Sagrada_Família,28023,0,commons/Eastern_Views_of_the_Sagrada_Família/0/pictures/Barçelòna_Sagrada_Fam_-_panoramio.jpg
Sagrada_Família,28023,0,commons/Passion_facade_towers_of_the_Sagrada_Família/0/pictures/Sagrada_Familia_-_Façana_de_la_passió_2015_-_02.JPG
Sagrada_Família,28023,0,commons/Construction_of_the_Sagrada_Família_in_2012/0/pictures/Sagrada_familia_(7567083560).jpg
Sagrada_Família,28023,0,commons/Eastern_Views_of_the_Sagrada_Família/0/pictures/Eixample_-_Sagrada_Família_-_20150828122129.jpg
Sagrada_Família,28023,0,commons/Passion_facade_towers_of_the_Sagrada_Família/0/pictures/SF_Passió.jpg
Sagrada_Família,28023,0,commons/Construction_of_the_Sagrada_Família_in_2012/0/pictures/Sagrada_familia_(7567086892).jpg
Sagrada_Família,28023,0,commons/Eastern_Views_of_the_Sagrada_Família/0/pictures/Exterior_of_the_Sagrada_Família_55.jpg
Sagrada_Família,28023,0,commons/Passion_facade_towers_of_the_Sagrada_Família/0/pictures/Sagrada_Familia_2003_DSCN0107.jpg
Sagrada_Família,28023,0,"commons/Sculptures_at_the_apse_of_the_Sagrada_Família/0/pictures/Sagrada_Familia,_Barcelona_(31985701866).jpg"
Sagrada_Família,28023,0,commons/Construction_of_the_Sagrada_Família_in_2012/0/pictures/Temple_Expiatori_de_la_Sagrada_Família_02.jpg
Sagrada_Família,28023,0,commons/Eastern_Views_of_the_Sagrada_Família/0/pictures/Exterior_of_the_Sagrada_Família_57.jpg
Sagrada_Família,28023,0,commons/Construction_of_the_Sagrada_Família_in_2012/0/pictures/サグラダ・ファミリア_-_panoramio.jpg
Sagrada_Família,28023,0,commons/Eastern_Views_of_the_Sagrada_Família/0/pictures/La_Sagrada_Familia_(1071776496).jpg
Sagrada_Família,28023,0,commons/Passion_facade_towers_of_the_Sagrada_Família/0/pictures/Sagrada_Familia_facade.jpg
Sagrada_Família,28023,0,commons/Sculptures_in_the_Nativity_Facade_of_the_Sagrada_Família/0/pictures/Barcelona_-_La_Sagrada_Família_-_Nativity_Façade.jpg
Sagrada_Família,28023,0,commons/Construction_of_the_Sagrada_Família_in_2013/0/pictures/Arches_de_la_façade_de_la_Passion.JPG
Sagrada_Família,28023,0,"commons/Eastern_Views_of_the_Sagrada_Família/0/pictures/Nativity_Facade_of_the_Sagrada_Família,_May_2013_-_18.JPG"
Sagrada_Família,28023,0,commons/Construction_of_the_Sagrada_Família_in_2013/0/pictures/Barcelona_19_2013.jpg
Sagrada_Família,28023,0,"commons/Eastern_Views_of_the_Sagrada_Família/0/pictures/Nativity_facade_of_the_Sagrada_Familia,_February_2013_-_01.JPG"
Sagrada_Família,28023,0,commons/Sculptures_in_the_Nativity_Facade_of_the_Sagrada_Família/0/pictures/Barcelona_2015_10_12_0210_(22818686429).jpg
Sagrada_Família,28023,0,commons/Construction_of_the_Sagrada_Família_in_2013/0/pictures/Barcelona_2013_-_panoramio_(2).jpg
Sagrada_Família,28023,0,commons/Eastern_Views_of_the_Sagrada_Família/0/pictures/Panoramic_View_of_the_Basílica_de_la_Sagrada_Família.jpg
Sagrada_Família,28023,0,commons/Sculptures_in_the_Nativity_Facade_of_the_Sagrada_Família/0/pictures/Barcelona_2015_10_12_0214_(22559585023).jpg
Sagrada_Família,28023,0,commons/Construction_of_the_Sagrada_Família_in_2013/0/pictures/Barcelona_2013_(11732967583).jpg
Sagrada_Família,28023,0,commons/Eastern_Views_of_the_Sagrada_Família/0/pictures/Sagrada_Familia_-_panoramio_(26).jpg
Sagrada_Família,28023,0,commons/Passion_facade_towers_of_the_Sagrada_Família/0/pictures/Sagrada_Familia.JPG
Sagrada_Família,28023,0,commons/Sculptures_in_the_Nativity_Facade_of_the_Sagrada_Família/0/pictures/Barcelona_Sagrada_familia_sculptures_in_the_Nativity_Facade_08.jpg
Sagrada_Família,28023,0,commons/Construction_of_the_Sagrada_Família_in_2013/0/pictures/Catedral_de_la_Sagrada_Familia_Panorama_2.jpg
Sagrada_Família,28023,0,commons/Eastern_Views_of_the_Sagrada_Família/0/pictures/Sagrada_Familia_-_panoramio_-_Pablo_Costa_Tirado.jpg
Sagrada_Família,28023,0,"commons/Passion_facade_towers_of_the_Sagrada_Família/0/pictures/Sagrada_Familia,_Passion_Facade_(9)_(30487911783).jpg"
Sagrada_Família,28023,0,commons/Construction_of_the_Sagrada_Família_in_2013/0/pictures/Barcelona_2_2013.jpg
Sagrada_Família,28023,0,commons/Eastern_Views_of_the_Sagrada_Família/0/pictures/Sagrada_Familia_8-12-21_(1).jpg
Sagrada_Família,28023,0,commons/Construction_of_the_Sagrada_Família_in_2013/0/pictures/Catedral_de_la_Sagrada_Familia_Panorama.jpg
Sagrada_Família,28023,0,commons/Eastern_Views_of_the_Sagrada_Família/0/pictures/Sagrada_Familia_8-12-21_(1)modified.jpg
Sagrada_Família,28023,0,commons/Passion_facade_towers_of_the_Sagrada_Família/0/pictures/Sagrada_Familia003.jpg
Sagrada_Família,28023,0,commons/Construction_of_the_Sagrada_Família_in_2013/0/pictures/Construction_on_Sagrada_Familia2.jpg
Sagrada_Família,28023,0,"commons/Eastern_Views_of_the_Sagrada_Família/0/pictures/Sagrada_Familia,_Barcelona.jpg"
Sagrada_Família,28023,0,commons/Passion_facade_towers_of_the_Sagrada_Família/0/pictures/Sagrada_Familia002.jpg
Sagrada_Família,28023,0,commons/Sculptures_in_the_Nativity_Facade_of_the_Sagrada_Família/0/pictures/Sagrada_familia_7.jpg
Sagrada_Família,28023,0,commons/Construction_of_the_Sagrada_Família_in_2013/0/pictures/D8E_1739_(8528231813).jpg
Sagrada_Família,28023,0,commons/Eastern_Views_of_the_Sagrada_Família/0/pictures/Sagrada_Familial_Février_2013_3.JPG
Sagrada_Família,28023,0,commons/Passion_facade_towers_of_the_Sagrada_Família/0/pictures/Sagrada_Familia012.jpg
Sagrada_Família,28023,0,commons/Sculptures_in_the_Nativity_Facade_of_the_Sagrada_Família/0/pictures/Barcelona_August_2014_-_Familia_Sagrada_020.jpg
Sagrada_Família,28023,0,commons/Construction_of_the_Sagrada_Família_in_2013/0/pictures/Construction_on_Sagrada_Familia1.jpg
Sagrada_Família,28023,0,commons/Eastern_Views_of_the_Sagrada_Família/0/pictures/Sagrada_Familia_Barcelona.jpg
Sagrada_Família,28023,0,commons/Passion_facade_towers_of_the_Sagrada_Família/0/pictures/Sagrada_familia_(left_side).jpg
Sagrada_Família,28023,0,commons/Construction_of_the_Sagrada_Família_in_2013/0/pictures/Exterior_of_Basilica_de_la_Sagrada_Família.jpg
Sagrada_Família,28023,0,commons/Eastern_Views_of_the_Sagrada_Família/0/pictures/Sagrada_de_familia_-_panoramio_-_Evgeniy_Metyolkin_(5).jpg
Sagrada_Família,28023,0,commons/Construction_of_the_Sagrada_Família_in_2013/0/pictures/ES-BCN-sagr-fam-07.jpg
Sagrada_Família,28023,0,commons/Views_of_the_Sagrada_Família_from_the_Plaça_de_Gaudí/0/pictures/Barcelona_330IMG_20200311_103253_(49889847107).jpg
Sagrada_Família,28023,0,"commons/Eastern_Views_of_the_Sagrada_Família/0/pictures/View_of_Nativity_Façade_of_Basilica_and_Expiatory_Church_of_the_Holy_Family_(Basílica_i_Temple_Expiatori_de_la_Sagrada_Família)_(_UNESCO_World_Heritage_Site)._Barcelona,_Catalonia,_Spain.jpg"
Sagrada_Família,28023,0,commons/Sculptures_of_Jesus_among_the_Doctors_(Nativity_facade_of_the_Sagrada_Família)/0/pictures/Eixample_-_Sagrada_Família_-_20150828143354.jpg
Sagrada_Família,28023,0,"commons/Construction_of_the_Sagrada_Família_in_2013/0/pictures/La_Sagrada_Familia,_Barcelona,_Spain_-_panoramio_(57).jpg"
Sagrada_Família,28023,0,"commons/Construction_of_the_Sagrada_Família_in_2013/0/pictures/Nativity_Facade_of_the_Sagrada_Família,_May_2013_-_18.JPG"
Sagrada_Família,28023,0,commons/Views_of_the_Sagrada_Família_from_the_Plaça_de_Gaudí/0/pictures/Barcelona_330IMG_20200311_103412_(49889019398).jpg
Sagrada_Família,28023,0,commons/Eastern_Views_of_the_Sagrada_Família_at_night/0/pictures/Basílica_i_Temple_Expiatori_de_la_Sagrada_Família.jpg
Sagrada_Família,28023,0,commons/Sculptures_of_Jesus_among_the_Doctors_(Nativity_facade_of_the_Sagrada_Família)/0/pictures/Fale_-_Spain_-_Barcelona_-_126.jpg
Sagrada_Família,28023,0,commons/Construction_of_the_Sagrada_Família_in_2013/0/pictures/La_Sagrada_Familia_-_Barcellona_-_panoramio.jpg
Sagrada_Família,28023,0,commons/Sculptures_of_Jesus_among_the_Doctors_(Nativity_facade_of_the_Sagrada_Família)/0/pictures/La_Sagrada_Familia_-_sculptures_-_Barcelona_-_panoramio.jpg
Sagrada_Família,28023,0,commons/Construction_of_the_Sagrada_Família_in_2013/0/pictures/Nativity_Facade_of_Sagrada_Família_-_2013.07_-_panoramio.jpg
Sagrada_Família,28023,0,commons/Views_of_the_Sagrada_Família_from_the_Plaça_de_Gaudí/0/pictures/Barcelona_-_Plaça_de_Gaudí_-_View_SW_on_La_Sagrada_Família_-_Nativity_façade_IV.jpg
Sagrada_Família,28023,0,commons/Eastern_Views_of_the_Sagrada_Família_at_night/0/pictures/Sagrada_Família_at_night.jpg
Sagrada_Família,28023,0,commons/Passion_facade_towers_of_the_Sagrada_Família/0/pictures/Temple_Expiatori_de_la_Sagrada_Família_(Barcelona)_-_43.jpg
Sagrada_Família,28023,0,commons/Sculptures_of_Jesus_among_the_Doctors_(Nativity_facade_of_the_Sagrada_Família)/0/pictures/Fale_-_Spain_-_Barcelona_-_127.jpg
Sagrada_Família,28023,0,"commons/Construction_of_the_Sagrada_Família_in_2013/0/pictures/Nativity_facade_of_the_Sagrada_Familia,_February_2013_-_01.JPG"
Sagrada_Família,28023,0,"commons/Sculptures_of_Jesus_among_the_Doctors_(Nativity_facade_of_the_Sagrada_Família)/0/pictures/Nativity_Facade_of_the_Sagrada_Família,_May_2013_-_01.JPG"
Sagrada_Família,28023,0,"commons/Construction_of_the_Sagrada_Família_in_2013/0/pictures/Nativity_facade_of_the_Sagrada_Familia,_February_2013_-_03.JPG"
Sagrada_Família,28023,0,commons/Sculptures_of_Jesus_among_the_Doctors_(Nativity_facade_of_the_Sagrada_Família)/0/pictures/Fachada_del_Nacimiento._Pórticos.jpg
Sagrada_Família,28023,0,commons/Construction_of_the_Sagrada_Família_in_2013/0/pictures/Nau_lateral_00_vista_des_del_carrer_Sardenya.JPG
Sagrada_Família,28023,0,"commons/Sculptures_of_Jesus_among_the_Doctors_(Nativity_facade_of_the_Sagrada_Família)/0/pictures/Nativity_Facade_of_the_Sagrada_Família,_May_2013_-_09.JPG"
Sagrada_Família,28023,0,"commons/Construction_of_the_Sagrada_Família_in_2013/0/pictures/Passion_Facade,_Sagrada_Familia_-_panoramio.jpg"
Sagrada_Família,28023,0,"commons/Sculptures_of_Jesus_among_the_Doctors_(Nativity_facade_of_the_Sagrada_Família)/0/pictures/Nativity_Facade_of_the_Sagrada_Família,_May_2013_-_04.JPG"
Sagrada_Família,28023,0,"commons/Construction_of_the_Sagrada_Família_in_2013/0/pictures/Passion_Facade_of_the_Sagrada_Família,_May_2013_-_03.JPG"
Sagrada_Família,28023,0,"commons/Sculptures_of_Jesus_among_the_Doctors_(Nativity_facade_of_the_Sagrada_Família)/0/pictures/Nativity_Façade,_Sagrada_Familia,_Barcelona_(1805425610).jpg"
Sagrada_Família,28023,0,commons/Construction_of_the_Sagrada_Família_in_2013/0/pictures/Obres_a_la_façana_de_la_Passió_-_2013_c.JPG
Sagrada_Família,28023,0,commons/Sculptures_of_Jesus_among_the_Doctors_(Nativity_facade_of_the_Sagrada_Família)/0/pictures/SF_-_Esperanza.jpg
Sagrada_Família,28023,0,commons/Construction_of_the_Sagrada_Família_in_2013/0/pictures/Sagrada_Famiglia_di_Barcellona_(4).JPG
Sagrada_Família,28023,0,"commons/Sculptures_of_Jesus_among_the_Doctors_(Nativity_facade_of_the_Sagrada_Família)/0/pictures/Sagrada_Familia,_Nativity_facade_(2)_(30477190154).jpg"
Sagrada_Família,28023,0,commons/Construction_of_the_Sagrada_Família_in_2013/0/pictures/Sagrada_Familia_(20634194880).jpg
Sagrada_Família,28023,0,"commons/Sculptures_of_Jesus_among_the_Doctors_(Nativity_facade_of_the_Sagrada_Família)/0/pictures/Nativity_Facade_of_the_Sagrada_Família,_May_2013_-_12.JPG"
Sagrada_Família,28023,0,"commons/Construction_of_the_Sagrada_Família_in_2013/0/pictures/Passion_facade_of_the_Sagrada_Familia,_February_2013_-_01.jpg"
Sagrada_Família,28023,0,"commons/Sculptures_of_Jesus_among_the_Doctors_(Nativity_facade_of_the_Sagrada_Família)/0/pictures/Sagrada_Familia,_Nativity_facade_(23)_(30929253340).jpg"
Sagrada_Família,28023,0,commons/Construction_of_the_Sagrada_Família_in_2013/0/pictures/Sagrada_Familia_(5).jpg
Sagrada_Família,28023,0,"commons/Construction_of_the_Sagrada_Família_in_2013/0/pictures/Passion_facade_of_the_Sagrada_Familia,_February_2013_-_02.jpg"
Sagrada_Família,28023,0,commons/Sculptures_of_Jesus_among_the_Doctors_(Nativity_facade_of_the_Sagrada_Família)/0/pictures/Sagrada_Familia069.jpg
Sagrada_Família,28023,0,commons/Construction_of_the_Sagrada_Família_in_2013/0/pictures/Sagrada_Familia_-_Barcalona_-_2013_-_panoramio_(2).jpg
Sagrada_Família,28023,0,commons/Sculptures_of_Jesus_among_the_Doctors_(Nativity_facade_of_the_Sagrada_Família)/0/pictures/Sagrada_Familia076.jpg
Sagrada_Família,28023,0,commons/Construction_of_the_Sagrada_Família_in_2013/0/pictures/Sagrada_Familia_(7).jpg
Sagrada_Família,28023,0,commons/Sculptures_of_Jesus_among_the_Doctors_(Nativity_facade_of_the_Sagrada_Família)/0/pictures/Sagrada_de_familia_-_panoramio_-_Evgeniy_Metyolkin_(2).jpg
Sagrada_Família,28023,0,commons/Construction_of_the_Sagrada_Família_in_2013/0/pictures/Sagrada_Familia_-_panoramio_(26).jpg
Sagrada_Família,28023,0,commons/Construction_of_the_Sagrada_Família_in_2013/0/pictures/Sagrada_Familia_-_panoramio_(27).jpg
Sagrada_Família,28023,0,commons/Construction_of_the_Sagrada_Família_in_2013/0/pictures/Sagrada_Familia_-_panoramio_(25).jpg
Sagrada_Família,28023,0,commons/Construction_of_the_Sagrada_Família_in_2013/0/pictures/Sagrada_Familia_-_panoramio_(29).jpg
Sagrada_Família,28023,0,commons/Sculptures_of_Veil_of_Veronica_and_Bearing_of_the_Cross_at_the_Passion_Facade_of_the_Sagrada_Família/0/pictures/049-Sagrada-Familia.jpg
Sagrada_Família,28023,0,commons/Construction_of_the_Sagrada_Família_in_2013/0/pictures/Sagrada_Familia_-_panoramio_(30).jpg
Sagrada_Família,28023,0,commons/Construction_of_the_Sagrada_Família_in_2013/0/pictures/Sagrada_Familia_-_panoramio_(32).jpg
Sagrada_Família,28023,0,commons/Construction_of_the_Sagrada_Família_in_2013/0/pictures/Sagrada_Familia_-_panoramio_(34).jpg
Sagrada_Família,28023,0,commons/Jesus_teaching_in_the_Temple_(Nativity_facade_of_the_Sagrada_Família)/0/pictures/Barcelona_-_La_Sagrada_Família_-_Nativity_Façade_-_Legendary_Rendering_of_Amazement_at_Jesus'_Teaching_as_Youngster_-_Jesus_as_Carpenter's_Apprentice_in_Nazareth.jpg
Sagrada_Família,28023,0,"commons/Sculptures_of_Veil_of_Veronica_and_Bearing_of_the_Cross_at_the_Passion_Facade_of_the_Sagrada_Família/0/pictures/085_Sagrada_Família,_façana_de_la_Passió,_grup_de_la_Verònica.jpg"
Sagrada_Família,28023,0,commons/Construction_of_the_Sagrada_Família_in_2013/0/pictures/Sagrada_Familia_1_-_panoramio_(1).jpg
Sagrada_Família,28023,0,commons/Sculptures_of_Veil_of_Veronica_and_Bearing_of_the_Cross_at_the_Passion_Facade_of_the_Sagrada_Família/0/pictures/15-10-28-Sagrada_Familia-WMA_3140.jpg
Sagrada_Família,28023,0,commons/Construction_of_the_Sagrada_Família_in_2013/0/pictures/Sagrada_Familia_en_Barcelona_(9244647853).jpg
Sagrada_Família,28023,0,commons/Sculptures_of_Veil_of_Veronica_and_Bearing_of_the_Cross_at_the_Passion_Facade_of_the_Sagrada_Família/0/pictures/Crusifixió_sagrada_família.jpg
Sagrada_Família,28023,0,"commons/Construction_of_the_Sagrada_Família_in_2013/0/pictures/Sagrada_Familia,_May_7,_2013_-_panoramio.jpg"
Sagrada_Família,28023,0,commons/Sculptures_of_Veil_of_Veronica_and_Bearing_of_the_Cross_at_the_Passion_Facade_of_the_Sagrada_Família/0/pictures/Barcelona_Sagrada_Familia_2019_53.jpg
Sagrada_Família,28023,0,commons/Construction_of_the_Sagrada_Família_in_2013/0/pictures/Sagrada_Familial_Les_Prophètes.JPG
Sagrada_Família,28023,0,commons/Left-side_Gospel_Door_at_the_Passion_Facade_of_the_Sagrada_Família/0/pictures/Left-side_Gospel_Door_at_the_Passion_Facade_of_the_Sagrada_Família.JPG
Sagrada_Família,28023,0,commons/Construction_of_the_Sagrada_Família_in_2013/0/pictures/Sagrada_Família_2013_2.JPG
Sagrada_Família,28023,0,commons/Left-side_Gospel_Door_at_the_Passion_Facade_of_the_Sagrada_Família/0/pictures/Sagrada_Familia_(3402788741).jpg
Sagrada_Família,28023,0,commons/Sculptures_of_Veil_of_Veronica_and_Bearing_of_the_Cross_at_the_Passion_Facade_of_the_Sagrada_Família/0/pictures/ES-BCN-sagr-fam-pass-01.jpg
Sagrada_Família,28023,0,commons/Construction_of_the_Sagrada_Família_in_2013/0/pictures/Sagrada_Família_2013_1.JPG
Sagrada_Família,28023,0,commons/Magic_square_of_the_Sagrada_Família/0/pictures/Barcelona_-_Temple_Expiatori_de_la_Sagrada_Família_(33).jpg
Sagrada_Família,28023,0,commons/Exterior_of_the_Apse_of_the_Sagrada_Família/0/pictures/Barcelona_-_Carrer_de_Provença_-_View_ENE_on_La_Sagrada_Família.jpg
Sagrada_Família,28023,0,commons/Construction_of_the_Sagrada_Família_in_2013/0/pictures/Sagrada_Família_2013_-_Claustre_carrer_Marina.JPG
Sagrada_Família,28023,0,commons/Sculptures_of_Veil_of_Veronica_and_Bearing_of_the_Cross_at_the_Passion_Facade_of_the_Sagrada_Família/0/pictures/La_Veronica_-_Sagrada_Familia_-_Barcelona_2014.JPG
Sagrada_Família,28023,0,"commons/Construction_of_the_Sagrada_Família_in_2013/0/pictures/Sagrada_Família,_Plaça_de_Gaudí,_Barcelona_-_panoramio_(1).jpg"
Sagrada_Família,28023,0,commons/Magic_square_of_the_Sagrada_Família/0/pictures/Barcelona_-_panoramio_(278).jpg
Sagrada_Família,28023,0,commons/Exterior_of_the_Apse_of_the_Sagrada_Família/0/pictures/2009-08-15-outside-of-sagrada-familia.jpg
Sagrada_Família,28023,0,commons/Sculptures_of_Veil_of_Veronica_and_Bearing_of_the_Cross_at_the_Passion_Facade_of_the_Sagrada_Família/0/pictures/Passion_Facade_of_the_Sagrada_Familia_sculpted_by_Josep_Subirachs.jpg
Sagrada_Família,28023,0,"commons/Construction_of_the_Sagrada_Família_in_2013/0/pictures/Sagrada_Família,_Plaça_de_Gaudí,_Barcelona,_España_-_panoramio_(1).jpg"
Sagrada_Família,28023,0,commons/Magic_square_of_the_Sagrada_Família/0/pictures/Ms_sf_2.jpg
Sagrada_Família,28023,0,commons/Exterior_of_the_Apse_of_the_Sagrada_Família/0/pictures/Barcelona_-_Carrer_de_Provença_-_View_East_on_oldest_part_of_La_Sagrada_Família-_The_Tower_of_the_Virgin_I.jpg
Sagrada_Família,28023,0,commons/Portal_of_Charity_of_the_Sagrada_Família/0/pictures/Temple_Expiatori_de_la_Sagrada_Familia_-_RI-51-0003813.JPG
Sagrada_Família,28023,0,"commons/Sculptures_of_Veil_of_Veronica_and_Bearing_of_the_Cross_at_the_Passion_Facade_of_the_Sagrada_Família/0/pictures/Passion_Facade_of_the_Sagrada_Família,_May_2013_-_14.JPG"
Sagrada_Família,28023,0,commons/Construction_of_the_Sagrada_Família_in_2013/0/pictures/Sagrada_familia-barcelona_-_panoramio_(18).jpg
Sagrada_Família,28023,0,commons/Exterior_of_the_Apse_of_the_Sagrada_Família/0/pictures/Barcelona_-_Carrer_de_Provença_-_View_SE_on_'Apostle'-Towers_&_The_Tower_of_the_Virgin_(under_construction).jpg
Sagrada_Família,28023,0,commons/Sculptures_of_Veil_of_Veronica_and_Bearing_of_the_Cross_at_the_Passion_Facade_of_the_Sagrada_Família/0/pictures/Sagrada_Familia_Construcción_v.jpg
Sagrada_Família,28023,0,"commons/Construction_of_the_Sagrada_Família_in_2013/0/pictures/Templo_Expiatorio_de_la_Sagrada_Familia,_2013_(8).JPG"
Sagrada_Família,28023,0,commons/Magic_square_of_the_Sagrada_Família/0/pictures/Sagrada_Familia_-_magic_square_(3403562878).jpg
Sagrada_Família,28023,0,commons/Exterior_of_the_Apse_of_the_Sagrada_Família/0/pictures/Barcelona_-_Carrer_de_Provença_-_View_South_on_La_Sagrada_Família.jpg
Sagrada_Família,28023,0,"commons/Sculptures_of_Veil_of_Veronica_and_Bearing_of_the_Cross_at_the_Passion_Facade_of_the_Sagrada_Família/0/pictures/Sagrada_Família,_Barcelona_-_panoramio_(10).jpg"
Sagrada_Família,28023,0,commons/Construction_of_the_Sagrada_Família_in_2013/0/pictures/Барселона_-_panoramio_(53).jpg
Sagrada_Família,28023,0,commons/Exterior_of_the_Apse_of_the_Sagrada_Família/0/pictures/Barcelona_-_Carrer_de_Provença_-_View_SE_on_connection_between_Tower_of_the_Virgin_-_Tower_of_Jesus_Christ_and_the_Passion_Façade_-_'Dolors'_Rose_Window_from_outside.jpg
Sagrada_Família,28023,0,"commons/Sculptures_of_Veil_of_Veronica_and_Bearing_of_the_Cross_at_the_Passion_Facade_of_the_Sagrada_Família/0/pictures/Sculptures_in_the_Passion_Facade_of_the_Sagrada_Família,_February_2013_-_06.JPG"
Sagrada_Família,28023,0,commons/Construction_of_the_Sagrada_Família_in_2013/0/pictures/Барселона_-_panoramio_(58).jpg
Sagrada_Família,28023,0,commons/Magic_square_of_the_Sagrada_Família/0/pictures/Temple_Expiatori_de_la_Sagrada_Família_(Barcelona)_-_10.jpg
Sagrada_Família,28023,0,commons/Exterior_of_the_Apse_of_the_Sagrada_Família/0/pictures/Barcelona_-_Carrer_de_Sardenya_-_View_East_on_La_Sagrada_Família.jpg
Sagrada_Família,28023,0,commons/Sculptures_of_Veil_of_Veronica_and_Bearing_of_the_Cross_at_the_Passion_Facade_of_the_Sagrada_Família/0/pictures/Sagrada_Familia_West_Facade_4.JPG
Sagrada_Família,28023,0,commons/Construction_of_the_Sagrada_Família_in_2013/0/pictures/Western_Views_of_the_Sagrada_Família.jpg
Sagrada_Família,28023,0,commons/Construction_of_the_Sagrada_Família_in_2014/0/pictures/Barcelona_017x.jpg
Sagrada_Família,28023,0,commons/Construction_of_the_Sagrada_Família_in_2014/0/pictures/Cloister_Facade_-_Sagrada_Família_-_Barcelona_2014_(2).JPG
Sagrada_Família,28023,0,commons/Construction_of_the_Sagrada_Família_in_2014/0/pictures/Die_Basilika_Sagrada_Familia_1.jpg
Sagrada_Família,28023,0,commons/Exterior_of_the_Apse_of_the_Sagrada_Família/0/pictures/La_Sagrada_Família_(3966138394).jpg
Sagrada_Família,28023,0,"commons/Construction_of_the_Sagrada_Família_in_2014/0/pictures/Basilica_and_Expiatory_Church_of_the_Holy_Family,_Barcelona,_Spain.jpg"
Sagrada_Família,28023,0,"commons/Exterior_of_the_Apse_of_the_Sagrada_Família/0/pictures/Passion_Facade_of_the_Sagrada_Família,_May_2013_-_06.JPG"
Sagrada_Família,28023,0,commons/Construction_of_the_Sagrada_Família_in_2014/0/pictures/Entrance_-_Portico_of_Passion_-_Sagrada_Familia_-_Barcelona_2014.jpg
Sagrada_Família,28023,0,commons/Construction_of_the_Sagrada_Família_in_2014/0/pictures/Sagrada_Familia_-_Façana_de_la_passió_2015_-_01.JPG
Sagrada_Família,28023,0,commons/Construction_of_the_Sagrada_Família_in_2014/0/pictures/Sagrada_Familia_-_Façana_de_la_passió_2015_-_02.JPG
Sagrada_Família,28023,0,commons/Exterior_of_the_Apse_of_the_Sagrada_Família/0/pictures/Sagrada_Familia_-_panoramio_-_anibal_amaro_(1).jpg
Sagrada_Família,28023,0,commons/Sculptures_of_pelicans_in_the_Sagrada_Família/0/pictures/Basilique_Sagrada_Familia_façade_nord_est_Barcelone_15.jpg
Sagrada_Família,28023,0,commons/Construction_of_the_Sagrada_Família_in_2014/0/pictures/Left_side_-_Passion_Facade_-_Sagrada_Familia_-_Barcelona_2014.jpg
Sagrada_Família,28023,0,commons/Exterior_of_the_Apse_of_the_Sagrada_Família/0/pictures/Sagrada_Familia_-_north_side_-_panoramio.jpg
Sagrada_Família,28023,0,commons/Construction_of_the_Sagrada_Família_in_2014/0/pictures/SAGRADA_FAMILIA.3.BARCELONA_-_panoramio.jpg
Sagrada_Família,28023,0,commons/Exterior_of_the_Apse_of_the_Sagrada_Família/0/pictures/Sagrada_Familia_-_panoramio_(34).jpg
Sagrada_Família,28023,0,commons/Construction_of_the_Sagrada_Família_in_2014/0/pictures/Sagrada_Familia_-_panoramio_(37).jpg
Sagrada_Família,28023,0,commons/Construction_of_the_Sagrada_Família_in_2014/0/pictures/Sagrada_Familia_-_panoramio_(36).jpg
Sagrada_Família,28023,0,commons/Exterior_of_the_Apse_of_the_Sagrada_Família/0/pictures/Sagrada_Familia_-_northwest_side_-_panoramio.jpg
Sagrada_Família,28023,0,commons/Construction_of_the_Sagrada_Família_in_2014/0/pictures/Sagrada_Familia_Barcelona_423.JPG
Sagrada_Família,28023,0,"commons/Exterior_of_the_Apse_of_the_Sagrada_Família/0/pictures/Sagrada_Familia,_May_7,_2013_-_panoramio.jpg"
Sagrada_Família,28023,0,commons/Sculptures_of_snakes_at_the_apse_of_the_Sagrada_Família/0/pictures/Exterior_of_the_Sagrada_Família_43.jpg
Sagrada_Família,28023,0,commons/Construction_of_the_Sagrada_Família_in_2014/0/pictures/Sagrada_Familia_Barcelona_431.JPG
Sagrada_Família,28023,0,commons/Exterior_of_the_Apse_of_the_Sagrada_Família/0/pictures/Sagrada_Familia_-_northeast_side_-_panoramio.jpg
Sagrada_Família,28023,0,commons/Columns_of_the_Sagrada_Família/0/pictures/Eixample_-_Sagrada_Família_-_20150828140608.jpg
Sagrada_Família,28023,0,commons/Sculptures_of_the_Flight_to_Egypt_(Nativity_facade_of_the_Sagrada_Família)/0/pictures/Barcelona_-_La_Sagrada_Família_-_Nativity_Façade_-_Escape_to_Egypt.jpg
Sagrada_Família,28023,0,"commons/Construction_of_the_Sagrada_Família_in_2014/0/pictures/Sagrada_Familia_Basilica,_Barcelona_02.jpg"
Sagrada_Família,28023,0,commons/West_sacristy_of_the_Sagrada_Família/0/pictures/Construction_on_Sagrada_Familia1.jpg
Sagrada_Família,28023,0,commons/Exterior_of_the_Apse_of_the_Sagrada_Família/0/pictures/Sagrada_Familia008.jpg
Sagrada_Família,28023,0,"commons/Construction_of_the_Sagrada_Família_in_2014/0/pictures/Sagrada_Familia_Basilica,_Barcelona_05.jpg"
Sagrada_Família,28023,0,commons/Museums_of_the_Sagrada_Família/0/pictures/Barcelona_-_Crypt_of_La_Sagrada_Família_X.jpg
Sagrada_Família,28023,0,commons/Exterior_of_the_Apse_of_the_Sagrada_Família/0/pictures/Sagrada_Familia009.jpg
Sagrada_Família,28023,0,commons/Sculptures_of_the_Flight_to_Egypt_(Nativity_facade_of_the_Sagrada_Família)/0/pictures/Nacimiento-Huida_a_Egipto.jpg
Sagrada_Família,28023,0,commons/Construction_of_the_Sagrada_Família_in_2014/0/pictures/Sagrada_Familia_PG.jpg
Sagrada_Família,28023,0,commons/Exterior_of_the_Apse_of_the_Sagrada_Família/0/pictures/Sagrada_Família_-_2011_Apse_03.jpg
Sagrada_Família,28023,0,"commons/Sculptures_of_the_Flight_to_Egypt_(Nativity_facade_of_the_Sagrada_Família)/0/pictures/Nativity_Facade_of_the_Sagrada_Família,_May_2013_-_01.JPG"
Sagrada_Família,28023,0,commons/Construction_of_the_Sagrada_Família_in_2014/0/pictures/Sagrada_Familia_in_Barcelona_01.jpg
Sagrada_Família,28023,0,commons/Sculptures_of_the_Flight_to_Egypt_(Nativity_facade_of_the_Sagrada_Família)/0/pictures/Sagrada_de_familia_-_panoramio.jpg
Sagrada_Família,28023,0,commons/Construction_of_the_Sagrada_Família_in_2014/0/pictures/Sagrada_Família_from_Casa_Milà_(4).JPG
Sagrada_Família,28023,0,commons/Exterior_of_the_Apse_of_the_Sagrada_Família/0/pictures/Sagrada_familia_-_barcelona_-_panoramio_(2).jpg
Sagrada_Família,28023,0,commons/Portal_of_Charity_of_the_Sagrada_Família/0/pictures/Barcelona_-_panoramio_(245).jpg
Sagrada_Família,28023,0,commons/Sculptures_of_the_Flight_to_Egypt_(Nativity_facade_of_the_Sagrada_Família)/0/pictures/Sagrada_Familia076.jpg
Sagrada_Família,28023,0,commons/Construction_of_the_Sagrada_Família_in_2014/0/pictures/Sagrada_Família_from_Casa_Milà.JPG
Sagrada_Família,28023,0,commons/Sculptures_of_the_Marriage_of_the_Virgin_(Nativity_facade_of_the_Sagrada_Família)/0/pictures/Barcelona_-_Plaça_de_Gaudí_-_Nativity_Façade_-_View_SW_on_Legendary_Rendering_of_the_Marriage_between_Joseph_and_Mary.jpg
Sagrada_Família,28023,0,commons/Construction_of_the_Sagrada_Família_in_2014/0/pictures/Sagrada_familia_Barcelona.jpg
Sagrada_Família,28023,0,commons/Western_Views_of_the_Sagrada_Família/0/pictures/사그라다_파밀리아(Sagrada_Familia).jpg
Sagrada_Família,28023,0,commons/General_view_of_the_sculptures_in_the_Passion_Facade_of_the_Sagrada_Família/0/pictures/2001-09-18_Sagrada_Família_09180009.jpg
Sagrada_Família,28023,0,commons/General_view_of_the_sculptures_in_the_Passion_Facade_of_the_Sagrada_Família/0/pictures/2001-09-18_Sagrada_Família_09180004.jpg
Sagrada_Família,28023,0,commons/Writings_and_Plaques_of_the_Sagrada_Família/0/pictures/Sagrada_familia_-_panoramio_(8).jpg
Sagrada_Família,28023,0,commons/Four_evangelists_towers_of_the_Sagrada_Família/0/pictures/SF_-_Torre_Sant_Lluc.jpg
Sagrada_Família,28023,0,commons/Western_Views_of_the_Sagrada_Família/0/pictures/Sagfampassion.jpg
Sagrada_Família,28023,0,commons/General_view_of_the_sculptures_in_the_Passion_Facade_of_the_Sagrada_Família/0/pictures/2001-09-18_Sagrada_Família_09180011.jpg
Sagrada_Família,28023,0,commons/Writings_and_Plaques_of_the_Sagrada_Família/0/pictures/Sagrada_familia-barcelona_-_panoramio_(9).jpg
Sagrada_Família,28023,0,commons/General_view_of_the_sculptures_in_the_Passion_Facade_of_the_Sagrada_Família/0/pictures/15-10-28-Sagrada_Familia-WMA_3139.jpg
Sagrada_Família,28023,0,commons/General_view_of_the_sculptures_in_the_Passion_Facade_of_the_Sagrada_Família/0/pictures/Barcelona_(1).jpg
Sagrada_Família,28023,0,commons/General_view_of_the_sculptures_in_the_Passion_Facade_of_the_Sagrada_Família/0/pictures/Arches_de_la_façade_de_la_Passion.JPG
Sagrada_Família,28023,0,commons/General_view_of_the_sculptures_in_the_Passion_Facade_of_the_Sagrada_Família/0/pictures/2009-08-15-front-of-sagrada-familia-Josep-Maria-Subirachs.jpg
Sagrada_Família,28023,0,commons/General_view_of_the_sculptures_in_the_Passion_Facade_of_the_Sagrada_Família/0/pictures/Barcelona_-_La_Sagrada_Família_-_Passion_façade_I.jpg
Sagrada_Família,28023,0,"commons/Remote_views_of_the_Nativity_Facade_of_the_Sagrada_Família/0/pictures/120_Basílica_de_la_Sagrada_Família_(Barcelona),_façana_del_Naixement,_des_de_la_pl._Gaudí.jpg"
Sagrada_Família,28023,0,commons/General_view_of_the_sculptures_in_the_Passion_Facade_of_the_Sagrada_Família/0/pictures/15-10-28-Sagrada_Familia-WMA_3144.jpg
Sagrada_Família,28023,0,"commons/Remote_views_of_the_Nativity_Facade_of_the_Sagrada_Família/0/pictures/295_Fanal_de_l'av._Gaudí,_cantonada_c._Provença,_al_fons_la_Sagrada_Família.JPG"
Sagrada_Família,28023,0,commons/General_view_of_the_sculptures_in_the_Passion_Facade_of_the_Sagrada_Família/0/pictures/Barcelona_-_panoramio_(192).jpg
Sagrada_Família,28023,0,commons/Remote_views_of_the_Nativity_Facade_of_the_Sagrada_Família/0/pictures/Barcelona_3675.JPG
Sagrada_Família,28023,0,commons/General_view_of_the_sculptures_in_the_Passion_Facade_of_the_Sagrada_Família/0/pictures/Barcelona_-_panoramio_(196).jpg
Sagrada_Família,28023,0,commons/Remote_views_of_the_Nativity_Facade_of_the_Sagrada_Família/0/pictures/Barcelona_Sagrada_Familia_Nativity_facade_01.jpg
Sagrada_Família,28023,0,commons/General_view_of_the_sculptures_in_the_Passion_Facade_of_the_Sagrada_Família/0/pictures/Barcelona_-_panoramio_(290).jpg
Sagrada_Família,28023,0,commons/Remote_views_of_the_Nativity_Facade_of_the_Sagrada_Família/0/pictures/Basílica_i_Temple_Expiatori_de_la_Sagrada_Família.jpg
Sagrada_Família,28023,0,commons/General_view_of_the_sculptures_in_the_Passion_Facade_of_the_Sagrada_Família/0/pictures/Barcelona_-_panoramio_(291).jpg
Sagrada_Família,28023,0,"commons/Remote_views_of_the_Nativity_Facade_of_the_Sagrada_Família/0/pictures/121_Basílica_de_la_Sagrada_Família_(Barcelona),_façana_del_Naixement,_des_de_la_pl._Gaudí.jpg"
Sagrada_Família,28023,0,commons/General_view_of_the_sculptures_in_the_Passion_Facade_of_the_Sagrada_Família/0/pictures/Barcelona_2015_10_12_3299_(23160449216).jpg
Sagrada_Família,28023,0,commons/Remote_views_of_the_Nativity_Facade_of_the_Sagrada_Família/0/pictures/Barcelona_Sagrada_Familia_Nativity_facade_reflection_01.jpg
Sagrada_Família,28023,0,commons/General_view_of_the_sculptures_in_the_Passion_Facade_of_the_Sagrada_Família/0/pictures/Barcelona_-_panoramio_(293).jpg
Sagrada_Família,28023,0,commons/Remote_views_of_the_Nativity_Facade_of_the_Sagrada_Família/0/pictures/Barcelona_Sagrada_Familia_Nativity_facade_reflection_02.jpg
Sagrada_Família,28023,0,commons/General_view_of_the_sculptures_in_the_Passion_Facade_of_the_Sagrada_Família/0/pictures/Barcelona_2015_10_12_3300_(22890736260).jpg
Sagrada_Família,28023,0,commons/Remote_views_of_the_Nativity_Facade_of_the_Sagrada_Família/0/pictures/Barcelona_Sagrada_Familia_Nativity_facade_02.jpg
Sagrada_Família,28023,0,commons/General_view_of_the_sculptures_in_the_Passion_Facade_of_the_Sagrada_Família/0/pictures/Barcelona_-_panoramio_(295).jpg
Sagrada_Família,28023,0,commons/Remote_views_of_the_Nativity_Facade_of_the_Sagrada_Família/0/pictures/Barcelona_Sagrada_Familia_2019_65.jpg
Sagrada_Família,28023,0,commons/General_view_of_the_sculptures_in_the_Passion_Facade_of_the_Sagrada_Família/0/pictures/Barcelona_-_La_Sagrada_Família_-_Passion_façade_-_View_North.jpg
Sagrada_Família,28023,0,commons/Remote_views_of_the_Nativity_Facade_of_the_Sagrada_Família/0/pictures/Eixample_-_Sagrada_Família_-_20150828102134.jpg
Sagrada_Família,28023,0,commons/General_view_of_the_sculptures_in_the_Passion_Facade_of_the_Sagrada_Família/0/pictures/Barcelona_259.JPG
Sagrada_Família,28023,0,commons/Remote_views_of_the_Nativity_Facade_of_the_Sagrada_Família/0/pictures/Barcelona_Sagrada_Familia_Nativity_facade_04.jpg
Sagrada_Família,28023,0,commons/General_view_of_the_sculptures_in_the_Passion_Facade_of_the_Sagrada_Família/0/pictures/Barcelona_266.JPG
Sagrada_Família,28023,0,"commons/Remote_views_of_the_Nativity_Facade_of_the_Sagrada_Família/0/pictures/Sagrada_Familia_Barcelona,_en_obras.jpg"
Sagrada_Família,28023,0,commons/General_view_of_the_sculptures_in_the_Passion_Facade_of_the_Sagrada_Família/0/pictures/Barcelona_270.JPG
Sagrada_Família,28023,0,commons/Remote_views_of_the_Nativity_Facade_of_the_Sagrada_Família/0/pictures/Eixample_-_Sagrada_Família_-_20150828122347.jpg
Sagrada_Família,28023,0,commons/General_view_of_the_sculptures_in_the_Passion_Facade_of_the_Sagrada_Família/0/pictures/Barcelona-Sagrada_Familia_by_Antonio_Gaudi1.jpg
Sagrada_Família,28023,0,commons/General_view_of_the_sculptures_in_the_Passion_Facade_of_the_Sagrada_Família/0/pictures/Barcelona-gm1.jpg
Sagrada_Família,28023,0,"commons/Remote_views_of_the_Nativity_Facade_of_the_Sagrada_Família/0/pictures/Temple_Expiatori_de_la_Sagrada_Família_-_Spain,_Barcelona_-_panoramio.jpg"
Sagrada_Família,28023,0,commons/General_view_of_the_sculptures_in_the_Passion_Facade_of_the_Sagrada_Família/0/pictures/Barcelona_Sagrada_Familia_-_kościół_Świętej_Rodziny_-_panoramio_-_krysi@.jpg
Sagrada_Família,28023,0,commons/Remote_views_of_the_Nativity_Facade_of_the_Sagrada_Família/0/pictures/Eixample_-_Sagrada_Família_-_20150828102144.jpg
Sagrada_Família,28023,0,commons/General_view_of_the_sculptures_in_the_Passion_Facade_of_the_Sagrada_Família/0/pictures/Barcelona_4107.JPG
Sagrada_Família,28023,0,commons/Remote_views_of_the_Nativity_Facade_of_the_Sagrada_Família/0/pictures/Sagrada_Familia_behind_trees_(18168981673).jpg
Sagrada_Família,28023,0,commons/General_view_of_the_sculptures_in_the_Passion_Facade_of_the_Sagrada_Família/0/pictures/Barcelona_Sagrada_Familia_sculptures_Passion_facade_11.jpg
Sagrada_Família,28023,0,commons/Remote_views_of_the_Nativity_Facade_of_the_Sagrada_Família/0/pictures/Sagrada_Familia_Barcelona_425.JPG
Sagrada_Família,28023,0,"commons/General_view_of_the_sculptures_in_the_Passion_Facade_of_the_Sagrada_Família/0/pictures/Detail_of_Passion_Facade_(by_Josep_Maria_Subirachs)._Barcelona,_Catalonia,_Spain-2.jpg"
Sagrada_Família,28023,0,commons/General_view_of_the_sculptures_in_the_Passion_Facade_of_the_Sagrada_Família/0/pictures/Escultures_façana_sagrada_família.jpg
Sagrada_Família,28023,0,"commons/Remote_views_of_the_Nativity_Facade_of_the_Sagrada_Família/0/pictures/Sagrada_Familia,_Barcellona_-_panoramio.jpg"
Sagrada_Família,28023,0,commons/General_view_of_the_sculptures_in_the_Passion_Facade_of_the_Sagrada_Família/0/pictures/Entrance_-_Portico_of_Passion_-_Sagrada_Familia_-_Barcelona_2014.jpg
Sagrada_Família,28023,0,commons/Remote_views_of_the_Nativity_Facade_of_the_Sagrada_Família/0/pictures/Templo_Expiatorio_de_la_Sagrada_Familia_2.JPG
Sagrada_Família,28023,0,commons/General_view_of_the_sculptures_in_the_Passion_Facade_of_the_Sagrada_Família/0/pictures/El_color_de_la_mort.jpg
Sagrada_Família,28023,0,commons/General_view_of_the_sculptures_in_the_Passion_Facade_of_the_Sagrada_Família/0/pictures/Barcelona_Sagrada_Familia_(2051232504).jpg
Sagrada_Família,28023,0,commons/Remote_views_of_the_Passion_Facade_of_the_Sagrada_Família/0/pictures/054-Sagrada-Familia.jpg
Sagrada_Família,28023,0,commons/General_view_of_the_sculptures_in_the_Passion_Facade_of_the_Sagrada_Família/0/pictures/Fachada_de_la_Pasión._Templo_Expiatorio_de_la_Sagrada_Familia.jpg
Sagrada_Família,28023,0,commons/General_view_of_the_sculptures_in_the_Passion_Facade_of_the_Sagrada_Família/0/pictures/Gaudí's_La_Sagrada_de_la_Familia_(64912037).jpg
Sagrada_Família,28023,0,commons/General_view_of_the_sculptures_in_the_Passion_Facade_of_the_Sagrada_Família/0/pictures/Facciata_della_Passione_di_Barcellona.jpg
Sagrada_Família,28023,0,"commons/Remote_views_of_the_Passion_Facade_of_the_Sagrada_Família/0/pictures/087_Sagrada_Família,_amb_grues.jpg"
Sagrada_Família,28023,0,commons/General_view_of_the_sculptures_in_the_Passion_Facade_of_the_Sagrada_Família/0/pictures/Barcelona_Sagrada_Familia_(2053446134).jpg
Sagrada_Família,28023,0,commons/Remote_views_of_the_Nativity_Facade_of_the_Sagrada_Família/0/pictures/Una_nuevo_ángulo_visual_de_Templo_Expiatorio_de_la_Sagrada_Familia.jpg
Sagrada_Família,28023,0,commons/General_view_of_the_sculptures_in_the_Passion_Facade_of_the_Sagrada_Família/0/pictures/Fale_-_Spain_-_Barcelona_-_105.jpg
Sagrada_Família,28023,0,commons/Remote_views_of_the_Nativity_Facade_of_the_Sagrada_Família/0/pictures/Temple_Expiatori_de_la_Sagrada_Família_(Barcelona)_-_1.jpg
Sagrada_Família,28023,0,commons/General_view_of_the_sculptures_in_the_Passion_Facade_of_the_Sagrada_Família/0/pictures/Exterior_of_Basilica_de_la_Sagrada_Família.jpg
Sagrada_Família,28023,0,commons/General_view_of_the_sculptures_in_the_Passion_Facade_of_the_Sagrada_Família/0/pictures/Fale_-_Spain_-_Barcelona_-_108.jpg
Sagrada_Família,28023,0,commons/General_view_of_the_sculptures_in_the_Passion_Facade_of_the_Sagrada_Família/0/pictures/La_Sagrada_Familia_-_panoramio_(2).jpg
Sagrada_Família,28023,0,commons/Remote_views_of_the_Passion_Facade_of_the_Sagrada_Família/0/pictures/Barcelona_(4719720941).jpg
Sagrada_Família,28023,0,commons/General_view_of_the_sculptures_in_the_Passion_Facade_of_the_Sagrada_Família/0/pictures/La_Sagrada_Familia_-_panoramio_(3).jpg
Sagrada_Família,28023,0,commons/Remote_views_of_the_Passion_Facade_of_the_Sagrada_Família/0/pictures/15-10-28-Sagrada_Familia-WMA_3146.jpg
Sagrada_Família,28023,0,commons/General_view_of_the_sculptures_in_the_Passion_Facade_of_the_Sagrada_Família/0/pictures/La_Sagrada_Familia_(7852716676).jpg
Sagrada_Família,28023,0,"commons/Remote_views_of_the_Passion_Facade_of_the_Sagrada_Família/0/pictures/273_Sagrada_Família,_torres_de_la_façana_de_la_Passió,_des_del_c._Mallorca.JPG"
Sagrada_Família,28023,0,"commons/General_view_of_the_sculptures_in_the_Passion_Facade_of_the_Sagrada_Família/0/pictures/La_Sagrada_Familia,_Barcelona,_Spain_-_panoramio_(65).jpg"
Sagrada_Família,28023,0,commons/General_view_of_the_sculptures_in_the_Passion_Facade_of_the_Sagrada_Família/0/pictures/La_Sagrada_Família2.jpg
Sagrada_Família,28023,0,commons/Remote_views_of_the_Passion_Facade_of_the_Sagrada_Família/0/pictures/Barcelona_(4720363726).jpg
Sagrada_Família,28023,0,"commons/General_view_of_the_sculptures_in_the_Passion_Facade_of_the_Sagrada_Família/0/pictures/Passion_Facade_of_the_Sagrada_Família,_May_2013_-_10.JPG"
Sagrada_Família,28023,0,commons/General_view_of_the_sculptures_in_the_Passion_Facade_of_the_Sagrada_Família/0/pictures/Passió_2018.jpg
Sagrada_Família,28023,0,commons/Remote_views_of_the_Passion_Facade_of_the_Sagrada_Família/0/pictures/Barcelona_1069_11.jpg
Sagrada_Família,28023,0,commons/General_view_of_the_sculptures_in_the_Passion_Facade_of_the_Sagrada_Família/0/pictures/SF_-_Pasión.jpg
Sagrada_Família,28023,0,commons/Remote_views_of_the_Passion_Facade_of_the_Sagrada_Família/0/pictures/Barcelona_1069_09.jpg
Sagrada_Família,28023,0,commons/General_view_of_the_sculptures_in_the_Passion_Facade_of_the_Sagrada_Família/0/pictures/SF_Passió_2016.jpg
Sagrada_Família,28023,0,commons/General_view_of_the_sculptures_in_the_Passion_Facade_of_the_Sagrada_Família/0/pictures/Sagrada_Familia_-_Juny_de_2016_-_03.jpg
Sagrada_Família,28023,0,commons/General_view_of_the_sculptures_in_the_Passion_Facade_of_the_Sagrada_Família/0/pictures/Sagrada_Familia_-_panoramio_(20).jpg
Sagrada_Família,28023,0,commons/Remote_views_of_the_Passion_Facade_of_the_Sagrada_Família/0/pictures/ES_-_Temple_Expiatori_de_la_Sagrada_Família_1.jpg
Sagrada_Família,28023,0,commons/General_view_of_the_sculptures_in_the_Passion_Facade_of_the_Sagrada_Família/0/pictures/SF_Passió.jpg
Sagrada_Família,28023,0,commons/General_view_of_the_sculptures_in_the_Passion_Facade_of_the_Sagrada_Família/0/pictures/Passion_facade_Sagrada_Familia.JPG
Sagrada_Família,28023,0,"commons/General_view_of_the_sculptures_in_the_Passion_Facade_of_the_Sagrada_Família/0/pictures/Sagrada_Familia,_Above_the_doors.jpg"
Sagrada_Família,28023,0,commons/Remote_views_of_the_Passion_Facade_of_the_Sagrada_Família/0/pictures/Fale_-_Spain_-_Barcelona_-_93.jpg
Sagrada_Família,28023,0,commons/General_view_of_the_sculptures_in_the_Passion_Facade_of_the_Sagrada_Família/0/pictures/Sagrada_Familia_03.jpg
Sagrada_Família,28023,0,commons/Remote_views_of_the_Passion_Facade_of_the_Sagrada_Família/0/pictures/Barcelona_Sagrada_Familia_Passion_facade_remote_02.jpg
Sagrada_Família,28023,0,commons/General_view_of_the_sculptures_in_the_Passion_Facade_of_the_Sagrada_Família/0/pictures/Sagrada_Familia_detail_(Passion).jpg
Sagrada_Família,28023,0,commons/Remote_views_of_the_Passion_Facade_of_the_Sagrada_Família/0/pictures/Basilica_Sagrada_Familia_BCN_04_2016_6845.jpg
Sagrada_Família,28023,0,"commons/General_view_of_the_sculptures_in_the_Passion_Facade_of_the_Sagrada_Família/0/pictures/Sagrada_Familia,_Barcelona_(1805479736).jpg"
Sagrada_Família,28023,0,"commons/Remote_views_of_the_Passion_Facade_of_the_Sagrada_Família/0/pictures/Church_Sagrada_familia,_Barcelona,_Spain.jpg"
Sagrada_Família,28023,0,commons/General_view_of_the_sculptures_in_the_Passion_Facade_of_the_Sagrada_Família/0/pictures/Sagrada_Familia029.jpg
Sagrada_Família,28023,0,commons/General_view_of_the_sculptures_in_the_Passion_Facade_of_the_Sagrada_Família/0/pictures/Sagrada_Família_aug-2009.png
Sagrada_Família,28023,0,"commons/General_view_of_the_sculptures_in_the_Passion_Facade_of_the_Sagrada_Família/0/pictures/Sagrada_Familia,_Barcelona,_España_-_panoramio_(3).jpg"
Sagrada_Família,28023,0,commons/General_view_of_the_sculptures_in_the_Passion_Facade_of_the_Sagrada_Família/0/pictures/Sagrada_Familia161.jpg
Sagrada_Família,28023,0,commons/Remote_views_of_the_Passion_Facade_of_the_Sagrada_Família/0/pictures/La_Sagrada_Familia_-_panoramio.jpg
Sagrada_Família,28023,0,commons/General_view_of_the_sculptures_in_the_Passion_Facade_of_the_Sagrada_Família/0/pictures/Sagrada_Familia162.jpg
Sagrada_Família,28023,0,commons/General_view_of_the_sculptures_in_the_Passion_Facade_of_the_Sagrada_Família/0/pictures/Sagrada_Família._Façana_de_la_Passió_(Esperit_Sant).jpg
Sagrada_Família,28023,0,commons/General_view_of_the_sculptures_in_the_Passion_Facade_of_the_Sagrada_Família/0/pictures/Sagrada_Familial_Les_Prophètes.JPG
Sagrada_Família,28023,0,commons/General_view_of_the_sculptures_in_the_Passion_Facade_of_the_Sagrada_Família/0/pictures/Sagrada_Familia163.jpg
Sagrada_Família,28023,0,commons/Remote_views_of_the_Passion_Facade_of_the_Sagrada_Família/0/pictures/La_Sagrada_Família.jpg
Sagrada_Família,28023,0,"commons/General_view_of_the_sculptures_in_the_Passion_Facade_of_the_Sagrada_Família/0/pictures/Sagrada_Família,_Barcelona_-_Mar_2010.jpg"
Sagrada_Família,28023,0,commons/Remote_views_of_the_Passion_Facade_of_the_Sagrada_Família/0/pictures/Sagrada_Familia_(2).jpg
Sagrada_Família,28023,0,commons/General_view_of_the_sculptures_in_the_Passion_Facade_of_the_Sagrada_Família/0/pictures/Sagrada_Familia164.jpg
Sagrada_Família,28023,0,commons/General_view_of_the_sculptures_in_the_Passion_Facade_of_the_Sagrada_Família/0/pictures/Sagradafamilia-passion.jpg
Sagrada_Família,28023,0,"commons/Remote_views_of_the_Passion_Facade_of_the_Sagrada_Família/0/pictures/Passion_Facade_of_the_Sagrada_Família,_May_2013_-_02.JPG"
Sagrada_Família,28023,0,commons/General_view_of_the_sculptures_in_the_Passion_Facade_of_the_Sagrada_Família/0/pictures/Sagrada_familia_109.jpg
Sagrada_Família,28023,0,commons/General_view_of_the_sculptures_in_the_Passion_Facade_of_the_Sagrada_Família/0/pictures/Sagrada_familia-barcelona_-_panoramio_(12).jpg
Sagrada_Família,28023,0,commons/Remote_views_of_the_Passion_Facade_of_the_Sagrada_Família/0/pictures/Sagrada_Familia_-_panoramio_-_Michael_Paraskevas_(1).jpg
Sagrada_Família,28023,0,commons/General_view_of_the_sculptures_in_the_Passion_Facade_of_the_Sagrada_Família/0/pictures/Temple_Expiatori_de_la_Sagrada_Família_(Barcelona)_-_39.jpg
Sagrada_Família,28023,0,commons/Remote_views_of_the_Passion_Facade_of_the_Sagrada_Família/0/pictures/Sagrada_Familia_Barcelona_438.JPG
Sagrada_Família,28023,0,commons/General_view_of_the_sculptures_in_the_Passion_Facade_of_the_Sagrada_Família/0/pictures/Sagrada_familia_façade_de_la_passion2.JPG
Sagrada_Família,28023,0,commons/Remote_views_of_the_Passion_Facade_of_the_Sagrada_Família/0/pictures/Sagrada_Familia_-_panoramio_-_Michael_Paraskevas.jpg
Sagrada_Família,28023,0,commons/General_view_of_the_sculptures_in_the_Passion_Facade_of_the_Sagrada_Família/0/pictures/Templo_de_la_Sagrada_Familia_(Barcelona).jpg
Sagrada_Família,28023,0,"commons/Remote_views_of_the_Passion_Facade_of_the_Sagrada_Família/0/pictures/Sagrada_Familiar,_Barcelona_-_panoramio.jpg"
Sagrada_Família,28023,0,"commons/General_view_of_the_sculptures_in_the_Passion_Facade_of_the_Sagrada_Família/0/pictures/Templo_Expiatorio_de_la_Sagrada_Familia,_2013_(4).JPG"
Sagrada_Família,28023,0,commons/General_view_of_the_sculptures_in_the_Passion_Facade_of_the_Sagrada_Família/0/pictures/Sagrada-familia-passion-facade.jpg
Sagrada_Família,28023,0,"commons/Remote_views_of_the_Passion_Facade_of_the_Sagrada_Família/0/pictures/Sagrada_Familia,_Barcelona,_España_-_panoramio.jpg"
Sagrada_Família,28023,0,commons/General_view_of_the_sculptures_in_the_Passion_Facade_of_the_Sagrada_Família/0/pictures/Sagrada_La_passion.jpg
Sagrada_Família,28023,0,commons/Remote_views_of_the_Passion_Facade_of_the_Sagrada_Família/0/pictures/Sagrada_Familia_in_Barcelona_01.jpg
Sagrada_Família,28023,0,commons/General_view_of_the_sculptures_in_the_Passion_Facade_of_the_Sagrada_Família/0/pictures/WLM14ES_-_Barcelona_Fachada_de_la_pasion_449_04_de_julio_de_2011_-_.jpg
Sagrada_Família,28023,0,commons/General_view_of_the_sculptures_in_the_Passion_Facade_of_the_Sagrada_Família/0/pictures/サグラダ･ファミリア教会_受難のファザード.JPG
Sagrada_Família,28023,0,commons/Remote_views_of_the_Passion_Facade_of_the_Sagrada_Família/0/pictures/Sagrada_Família_-_panoramio_(1).jpg
Sagrada_Família,28023,0,commons/General_view_of_the_sculptures_in_the_Passion_Facade_of_the_Sagrada_Família/0/pictures/Templo_de_la_Sagrada_Familia_en_Barcelona.JPG
Sagrada_Família,28023,0,"commons/Remote_views_of_the_Passion_Facade_of_the_Sagrada_Família/0/pictures/Sagrada_Familia,_Barcelona_(24078113639).jpg"
Sagrada_Família,28023,0,commons/General_views_of_the_Nativity_Facade_of_the_Sagrada_Família/0/pictures/Barcelona_-_La_Sagrada_Famiglia_-_2006_-_panoramio.jpg
Sagrada_Família,28023,0,"commons/General_views_of_the_Nativity_Facade_of_the_Sagrada_Família/0/pictures/001_Sagrada_Família,_façana_del_Naixement_i_torres.jpg"
Sagrada_Família,28023,0,commons/General_views_of_the_Nativity_Facade_of_the_Sagrada_Família/0/pictures/Barcelona_2015_10_12_3640_(23186557775).jpg
Sagrada_Família,28023,0,commons/General_views_of_the_Nativity_Facade_of_the_Sagrada_Família/0/pictures/Barcelona_-_034_(3466046827).jpg
Sagrada_Família,28023,0,commons/Remote_views_of_the_Passion_Facade_of_the_Sagrada_Família/0/pictures/Sagrada_Família.02.jpg
Sagrada_Família,28023,0,commons/General_views_of_the_Nativity_Facade_of_the_Sagrada_Família/0/pictures/Ascensión.jpg
Sagrada_Família,28023,0,commons/General_views_of_the_Nativity_Facade_of_the_Sagrada_Família/0/pictures/Barcelona_-_panoramio_(251).jpg
Sagrada_Família,28023,0,commons/Remote_views_of_the_Passion_Facade_of_the_Sagrada_Família/0/pictures/Temple_Expiatori_de_la_Sagrada_Família_(Barcelona)_-_87.jpg
Sagrada_Família,28023,0,commons/General_views_of_the_Nativity_Facade_of_the_Sagrada_Família/0/pictures/Barcelona_(9396461075).jpg
Sagrada_Família,28023,0,"commons/Remote_views_of_the_Passion_Facade_of_the_Sagrada_Família/0/pictures/Templo_Expiatorio_de_la_Sagrada_Familia,_2013_(9).JPG"
Sagrada_Família,28023,0,commons/General_views_of_the_Nativity_Facade_of_the_Sagrada_Família/0/pictures/Barcelona_245.JPG
Sagrada_Família,28023,0,commons/General_views_of_the_Nativity_Facade_of_the_Sagrada_Família/0/pictures/Barcelona_4119.JPG
Sagrada_Família,28023,0,commons/Remote_views_of_the_Passion_Facade_of_the_Sagrada_Família/0/pictures/Sagrada_família_-_Arc_de_Sant_Martí.jpg
Sagrada_Família,28023,0,"commons/General_views_of_the_Nativity_Facade_of_the_Sagrada_Família/0/pictures/Barcelona,La_Sagrada_Familia_-_panoramio.jpg"
Sagrada_Família,28023,0,commons/Remote_views_of_the_Passion_Facade_of_the_Sagrada_Família/0/pictures/Sflia5.jpg
Sagrada_Família,28023,0,commons/General_views_of_the_Nativity_Facade_of_the_Sagrada_Família/0/pictures/Barcelona_4123.JPG
Sagrada_Família,28023,0,commons/General_views_of_the_Nativity_Facade_of_the_Sagrada_Família/0/pictures/Facciata_Est_o_della_Natività_di_Barcellona_(2).jpg
Sagrada_Família,28023,0,"commons/Remote_views_of_the_Passion_Facade_of_the_Sagrada_Família/0/pictures/View_on_Sagrada_familia2,_Barcelona,_Spain.jpg"
Sagrada_Família,28023,0,commons/General_views_of_the_Nativity_Facade_of_the_Sagrada_Família/0/pictures/Exterior_of_Sagrada_Familia.jpg
Sagrada_Família,28023,0,commons/General_views_of_the_Nativity_Facade_of_the_Sagrada_Família/0/pictures/Castell4de7dels_Castellers_de_la_Sagrada_Famìlia.JPG
Sagrada_Família,28023,0,commons/General_views_of_the_Nativity_Facade_of_the_Sagrada_Família/0/pictures/La_sagrada_familia_de_barcelona.jpg
Sagrada_Família,28023,0,commons/General_views_of_the_Nativity_Facade_of_the_Sagrada_Família/0/pictures/Nativity_Facade_of_the_Sagrada_Família_-_panoramio_-_roadmap_(6).jpg
Sagrada_Família,28023,0,commons/General_views_of_the_Nativity_Facade_of_the_Sagrada_Família/0/pictures/La_Sagrada_Familia_-_panoramio_(8).jpg
Sagrada_Família,28023,0,commons/General_views_of_the_Nativity_Facade_of_the_Sagrada_Família/0/pictures/SF_-_lago1m.jpg
Sagrada_Família,28023,0,commons/General_views_of_the_Nativity_Facade_of_the_Sagrada_Família/0/pictures/SF_-_lago2.jpg
Sagrada_Família,28023,0,commons/General_views_of_the_Nativity_Facade_of_the_Sagrada_Família/0/pictures/Sacred_family'_church_of_Barcelona_2.jpg
Sagrada_Família,28023,0,commons/General_views_of_the_Nativity_Facade_of_the_Sagrada_Família/0/pictures/Sagrada_Familia_(3402536411).jpg
Sagrada_Família,28023,0,commons/General_views_of_the_Nativity_Facade_of_the_Sagrada_Família/0/pictures/Sagrada_Familia_-_panoramio_-_Juraj_Tatár.jpg
Sagrada_Família,28023,0,commons/General_views_of_the_Nativity_Facade_of_the_Sagrada_Família/0/pictures/Sagrada_Famiglia_di_Barcellona.JPG
Sagrada_Família,28023,0,commons/General_views_of_the_Nativity_Facade_of_the_Sagrada_Família/0/pictures/Sagrada_Familia_.jpg
Sagrada_Família,28023,0,commons/General_views_of_the_Nativity_Facade_of_the_Sagrada_Família/0/pictures/Sagrada_Família_(1).jpg
Sagrada_Família,28023,0,commons/General_views_of_the_Nativity_Facade_of_the_Sagrada_Família/0/pictures/Sagrada_Familia_-_panoramio_(1).jpg
Sagrada_Família,28023,0,commons/General_views_of_the_Nativity_Facade_of_the_Sagrada_Família/0/pictures/Sagrada_Familial_Façade_de_la_nativité.JPG
Sagrada_Família,28023,0,commons/General_views_of_the_Nativity_Facade_of_the_Sagrada_Família/0/pictures/Sagrada_Família_-_16411296226.jpg
Sagrada_Família,28023,0,commons/General_views_of_the_Nativity_Facade_of_the_Sagrada_Família/0/pictures/Sagrada_Familia_(July_2022)_14.jpg
Sagrada_Família,28023,0,commons/Remote_views_of_the_Sagrada_Família_from_the_Avinguda_de_Gaudi/0/pictures/Barcelonalasagrada.JPG
Sagrada_Família,28023,0,commons/General_views_of_the_Nativity_Facade_of_the_Sagrada_Família/0/pictures/Sagrada_Família_KC2.jpg
Sagrada_Família,28023,0,commons/Remote_views_of_the_Sagrada_Família_from_the_Avinguda_de_Gaudi/0/pictures/Avinguda_Gaudí_-_Sagrada_Família.jpg
Sagrada_Família,28023,0,commons/General_views_of_the_Nativity_Facade_of_the_Sagrada_Família/0/pictures/Sagrada_Família_at_night.jpg
Sagrada_Família,28023,0,commons/Remote_views_of_the_Sagrada_Família_from_the_Avinguda_de_Gaudi/0/pictures/15-10-28-Sagrada_Familia-WMA_3118.jpg
Sagrada_Família,28023,0,commons/General_views_of_the_Nativity_Facade_of_the_Sagrada_Família/0/pictures/Sagrada2.jpg
Sagrada_Família,28023,0,commons/General_views_of_the_Nativity_Facade_of_the_Sagrada_Família/0/pictures/Templo_Expiatorio_de_la_Sagrada_Familia.jpg
Sagrada_Família,28023,0,commons/Remote_views_of_the_Sagrada_Família_from_the_Avinguda_de_Gaudi/0/pictures/Барселона_-_panoramio_(57).jpg
Sagrada_Família,28023,0,commons/General_views_of_the_Nativity_Facade_of_the_Sagrada_Família/0/pictures/Un_troç_d´història.jpg
Sagrada_Família,28023,0,commons/Resurrection_angel_at_the_Sagrada_Família/0/pictures/TEMPLE_EXPIATORI_DE_LA_SAGRADA_FAMÍLIA_24012021_(1)_21.jpg
Sagrada_Família,28023,0,commons/General_views_of_the_Nativity_Facade_of_the_Sagrada_Família/0/pictures/WLM14ES_-_Barcelona_General_558_04_de_julio_de_2011_-_.jpg
Sagrada_Família,28023,0,commons/General_views_of_the_Nativity_Facade_of_the_Sagrada_Família/0/pictures/Барселона_-_panoramio_(62).jpg
Sagrada_Família,28023,0,commons/General_views_of_the_Nativity_Facade_of_the_Sagrada_Família/0/pictures/Vano_de_cinc.JPG
Sagrada_Família,28023,0,commons/General_views_of_the_Passion_Facade_of_the_Sagrada_Família/0/pictures/BARCELONA_-_La_Sagrada_Familia_-_Spain.JPG
Sagrada_Família,28023,0,"commons/Right-side_Gospel_Door_at_the_Passion_Facade_of_the_Sagrada_Família/0/pictures/039_Sagrada_Família,_façana_de_la_Passió,_portal_central.jpg"
Sagrada_Família,28023,0,commons/General_views_of_the_Passion_Facade_of_the_Sagrada_Família/0/pictures/Barcellona_sagrada_familia_front.jpg
Sagrada_Família,28023,0,commons/Right-side_Gospel_Door_at_the_Passion_Facade_of_the_Sagrada_Família/0/pictures/Barcelona_què_és_la_veritat.jpg
Sagrada_Família,28023,0,commons/General_views_of_the_Passion_Facade_of_the_Sagrada_Família/0/pictures/Barcelona_-_La_Sagrada_Familia_-_2006_-_panoramio.jpg
Sagrada_Família,28023,0,commons/Right-side_Gospel_Door_at_the_Passion_Facade_of_the_Sagrada_Família/0/pictures/Gospel_Door_Passion_Facade_Sagrada_Familia_01.JPG
Sagrada_Família,28023,0,commons/General_views_of_the_Passion_Facade_of_the_Sagrada_Família/0/pictures/Barcelona_(5237981315).jpg
Sagrada_Família,28023,0,commons/General_views_of_the_Passion_Facade_of_the_Sagrada_Família/0/pictures/Antoni_Gaudi_-_Sacrada_Familia.jpg
Sagrada_Família,28023,0,commons/General_views_of_the_Nativity_Facade_of_the_Sagrada_Família/0/pictures/Sf_gp.jpg
Sagrada_Família,28023,0,commons/Right-side_Gospel_Door_at_the_Passion_Facade_of_the_Sagrada_Família/0/pictures/Fale_-_Spain_-_Barcelona_-_110.jpg
Sagrada_Família,28023,0,commons/General_views_of_the_Passion_Facade_of_the_Sagrada_Família/0/pictures/Barcelona_-_025_(3466861382).jpg
Sagrada_Família,28023,0,commons/General_views_of_the_Passion_Facade_of_the_Sagrada_Família/0/pictures/Barcelona_-_panoramio_(297).jpg
Sagrada_Família,28023,0,commons/General_views_of_the_Passion_Facade_of_the_Sagrada_Família/0/pictures/Barcelona_-_Plaça_de_la_Sagrada_Família_-_View_East_on_the_Passion_Façade_I.jpg
Sagrada_Família,28023,0,commons/Right-side_Gospel_Door_at_the_Passion_Facade_of_the_Sagrada_Família/0/pictures/Portes_Subirachs_Sagrada_Família.jpg
Sagrada_Família,28023,0,commons/General_views_of_the_Passion_Facade_of_the_Sagrada_Família/0/pictures/Barcelona_258.JPG
Sagrada_Família,28023,0,commons/Right-side_Gospel_Door_at_the_Passion_Facade_of_the_Sagrada_Família/0/pictures/Sagrada_Familia_Facade.jpg
Sagrada_Família,28023,0,commons/General_views_of_the_Passion_Facade_of_the_Sagrada_Família/0/pictures/Barcelona_272.JPG
Sagrada_Família,28023,0,commons/Right-side_Gospel_Door_at_the_Passion_Facade_of_the_Sagrada_Família/0/pictures/Sagrada_Familia._Exterior.JPG
Sagrada_Família,28023,0,commons/General_views_of_the_Passion_Facade_of_the_Sagrada_Família/0/pictures/Barcelona_Iglesia_Sagrada_Familia.jpg
Sagrada_Família,28023,0,commons/General_views_of_the_Passion_Facade_of_the_Sagrada_Família/0/pictures/Barcelona_2_2013.jpg
Sagrada_Família,28023,0,commons/Right-side_Gospel_Door_at_the_Passion_Facade_of_the_Sagrada_Família/0/pictures/Temple_Expiatori_de_la_Sagrada_Família_(Barcelona)_-_92.jpg
Sagrada_Família,28023,0,commons/General_views_of_the_Passion_Facade_of_the_Sagrada_Família/0/pictures/Barcelona_sagrada_de_familia.jpg
Sagrada_Família,28023,0,commons/General_views_of_the_Passion_Facade_of_the_Sagrada_Família/0/pictures/Construction_on_Sagrada_Familia2.jpg
Sagrada_Família,28023,0,commons/Right-side_of_the_Passion_Facade_of_the_Sagrada_Família/0/pictures/Barcelona_2015_10_12_3644_(22559486483).jpg
Sagrada_Família,28023,0,"commons/General_views_of_the_Passion_Facade_of_the_Sagrada_Família/0/pictures/El_Camp_de_l'Arpa_del_Clot,_Barcelona,_Spain_-_panoramio.jpg"
Sagrada_Família,28023,0,"commons/Right-side_of_the_Passion_Facade_of_the_Sagrada_Família/0/pictures/Passion_Facade_of_the_Sagrada_Família,_May_2013_-_09.JPG"
Sagrada_Família,28023,0,commons/General_views_of_the_Passion_Facade_of_the_Sagrada_Família/0/pictures/La_Sagrada_Familia_(Barcelon).jpg
Sagrada_Família,28023,0,commons/Right-side_of_the_Passion_Facade_of_the_Sagrada_Família/0/pictures/Sagrada_Família_P1410835.jpg
Sagrada_Família,28023,0,commons/General_views_of_the_Passion_Facade_of_the_Sagrada_Família/0/pictures/Basilica_Sagrada_Familia_Barcelona.jpg
Sagrada_Família,28023,0,commons/Right-side_of_the_Passion_Facade_of_the_Sagrada_Família/0/pictures/Sagrada_familia_(7567082626).jpg
Sagrada_Família,28023,0,commons/General_views_of_the_Passion_Facade_of_the_Sagrada_Família/0/pictures/Façana_de_la_Passió_-_Diada_Nacional_de_Catalunya_2013.JPG
Sagrada_Família,28023,0,commons/General_views_of_the_Passion_Facade_of_the_Sagrada_Família/0/pictures/La_Basilica_de_Sagrada_Familia_(26643855625).jpg
Sagrada_Família,28023,0,"commons/General_views_of_the_Passion_Facade_of_the_Sagrada_Família/0/pictures/Barcelona,_Sagrada_Familia_1.JPG"
Sagrada_Família,28023,0,commons/Sagrada_Família/0/pictures/Collage_de_fotos_sobe_la_Sagrada_Familia_de_Barcelona.jpg
Sagrada_Família,28023,0,commons/General_views_of_the_Passion_Facade_of_the_Sagrada_Família/0/pictures/PA160249.JPG
Sagrada_Família,28023,0,commons/General_views_of_the_Passion_Facade_of_the_Sagrada_Família/0/pictures/La_Sagrada_Familia_-_panoramio_(7).jpg
Sagrada_Família,28023,0,"commons/Sagrada_Família_at_night/0/pictures/Antoni_Gaudi's_Sagrada_Familia,_Barcelona_(Ank_Kumar)_01.jpg"
Sagrada_Família,28023,0,commons/General_views_of_the_Passion_Facade_of_the_Sagrada_Família/0/pictures/La_Sagrada_Familia_(7852715282).jpg
Sagrada_Família,28023,0,commons/General_views_of_the_Passion_Facade_of_the_Sagrada_Família/0/pictures/La_Sagrada_Familia_-_panoramio_(11).jpg
Sagrada_Família,28023,0,commons/General_views_of_the_Passion_Facade_of_the_Sagrada_Família/0/pictures/La_Sagrada_Familia_-_panoramio_(6).jpg
Sagrada_Família,28023,0,commons/General_views_of_the_Passion_Facade_of_the_Sagrada_Família/0/pictures/La_Sagrada_Familia_Front_-_panoramio.jpg
Sagrada_Família,28023,0,"commons/Sagrada_Família_at_night/0/pictures/Antoni_Gaudi's_Sagrada_Familia,_Barcelona_(Ank_Kumar)_03.jpg"
Sagrada_Família,28023,0,"commons/General_views_of_the_Passion_Facade_of_the_Sagrada_Família/0/pictures/Passion_Facade_of_the_Sagrada_Família,_May_2013_-_01.JPG"
Sagrada_Família,28023,0,commons/General_views_of_the_Passion_Facade_of_the_Sagrada_Família/0/pictures/Passion_Facade_of_the_Sagrada_Família-2.jpg
Sagrada_Família,28023,0,commons/Christ_Tower_of_the_Sagrada_Família/0/pictures/Barcelona_3678.JPG
Sagrada_Família,28023,0,"commons/Sagrada_Família_at_night/0/pictures/Antoni_Gaudi's_Sagrada_Familia,_Barcelona_(Ank_Kumar)_12.jpg"
Sagrada_Família,28023,0,commons/General_views_of_the_Passion_Facade_of_the_Sagrada_Família/0/pictures/Sagrada_FAMILIA.jpg
Sagrada_Família,28023,0,"commons/Christ_Tower_of_the_Sagrada_Família/0/pictures/Barcelona,_Spain_-_Basilica_and_Expiatory_Church_of_the_Holy_Family_-_Basílica_y_Templo_Expiatorio_de_la_Sagrada_Familia_-_Spires.jpg"
Sagrada_Família,28023,0,commons/Sagrada_Família_at_night/0/pictures/Barcelona_1098_04.jpg
Sagrada_Família,28023,0,"commons/General_views_of_the_Passion_Facade_of_the_Sagrada_Família/0/pictures/Passion_facade_of_the_Sagrada_Familia,_February_2013_-_01.jpg"
Sagrada_Família,28023,0,commons/Sagrada_Família_at_night/0/pictures/Barcelona_1098_01.jpg
Sagrada_Família,28023,0,commons/General_views_of_the_Passion_Facade_of_the_Sagrada_Família/0/pictures/Sagrada_Familia_(Passion_facade)_-_panoramio.jpg
Sagrada_Família,28023,0,commons/Christ_Tower_of_the_Sagrada_Família/0/pictures/Barcelona_3679.JPG
Sagrada_Família,28023,0,commons/Sagrada_Família_at_night/0/pictures/Barcelona_1098_07.jpg
Sagrada_Família,28023,0,commons/General_views_of_the_Passion_Facade_of_the_Sagrada_Família/0/pictures/Sagrada_Familia_(7).jpg
Sagrada_Família,28023,0,commons/Christ_Tower_of_the_Sagrada_Família/0/pictures/Cloister_of_the_Sagrada_Família_(mallorca_marina)_2.JPG
Sagrada_Família,28023,0,commons/Sagrada_Família_at_night/0/pictures/Barcelona_1098_02.jpg
Sagrada_Família,28023,0,commons/General_views_of_the_Passion_Facade_of_the_Sagrada_Família/0/pictures/Sagrada_Familia_(Barcelona).JPG
Sagrada_Família,28023,0,commons/Christ_Tower_of_the_Sagrada_Família/0/pictures/Gaudi24.jpg
Sagrada_Família,28023,0,commons/Sagrada_Família_at_night/0/pictures/Barcelona_1098_10.jpg
Sagrada_Família,28023,0,commons/General_views_of_the_Passion_Facade_of_the_Sagrada_Família/0/pictures/Sagrada_Familia_-_Juny_de_2016_-_02.jpg
Sagrada_Família,28023,0,commons/Sagrada_Família_at_night/0/pictures/Barcelona_1098_08.jpg
Sagrada_Família,28023,0,commons/General_views_of_the_Passion_Facade_of_the_Sagrada_Família/0/pictures/Sagrada_Familia_-_panoramio_(6).jpg
Sagrada_Família,28023,0,commons/Christ_Tower_of_the_Sagrada_Família/0/pictures/Sagrada_Familia_-_2014_-_construction.JPG
Sagrada_Família,28023,0,"commons/Sagrada_Família_at_night/0/pictures/Antoni_Gaudi's_Sagrada_Familia,_Barcelona_(Ank_Kumar)_11.jpg"
Sagrada_Família,28023,0,commons/General_views_of_the_Passion_Facade_of_the_Sagrada_Família/0/pictures/Sagrada_Familia_Subirats_fachada_posterior_a_Gaudi_-_panoramio.jpg
Sagrada_Família,28023,0,commons/General_views_of_the_Passion_Facade_of_the_Sagrada_Família/0/pictures/Sagrada_Familia_West_Facade_at_night.JPG
Sagrada_Família,28023,0,commons/General_views_of_the_Passion_Facade_of_the_Sagrada_Família/0/pictures/Sagrada_Familia.JPG
Sagrada_Família,28023,0,commons/Sagrada_Família_at_night/0/pictures/Templo_Expiatorio_de_la_Sagrada_Familia_2.JPG
Sagrada_Família,28023,0,"commons/General_views_of_the_Passion_Facade_of_the_Sagrada_Família/0/pictures/Sagrada_Familia,_frontal_view,_portrait.JPG"
Sagrada_Família,28023,0,"commons/Sagrada_Família_at_night/0/pictures/La_Sagrada_Familia,_Barcelona,_Spain_-_panoramio_(67).jpg"
Sagrada_Família,28023,0,"commons/General_views_of_the_Passion_Facade_of_the_Sagrada_Família/0/pictures/Sagrada_Familia,_Barcelona,_España_-_panoramio_(1).jpg"
Sagrada_Família,28023,0,"commons/General_views_of_the_Passion_Facade_of_the_Sagrada_Família/0/pictures/Sagrada_Familia,_Barcelona,_España_-_panoramio_(2).jpg"
Sagrada_Família,28023,0,commons/General_views_of_the_Passion_Facade_of_the_Sagrada_Família/0/pictures/Sagrada_Família.01.jpg
Sagrada_Família,28023,0,commons/General_views_of_the_Passion_Facade_of_the_Sagrada_Família/0/pictures/Sagrada_Família_2010.JPG
Sagrada_Família,28023,0,commons/General_views_of_the_Passion_Facade_of_the_Sagrada_Família/0/pictures/Sagrada_familia_facciata_della_passione.JPG
Sagrada_Família,28023,0,commons/General_views_of_the_Passion_Facade_of_the_Sagrada_Família/0/pictures/Segrada_Familia_2016-171.jpg
Sagrada_Família,28023,0,commons/General_views_of_the_Passion_Facade_of_the_Sagrada_Família/0/pictures/Temple_Sagrada_Familia.JPG
Sagrada_Família,28023,0,commons/General_views_of_the_Passion_Facade_of_the_Sagrada_Família/0/pictures/Sagrada_familio_-_panoramio.jpg
Sagrada_Família,28023,0,commons/School_building_at_the_Sagrada_Família/0/pictures/School_building_at_the_Sagrada_Família.jpg
Sagrada_Família,28023,0,commons/General_views_of_the_Passion_Facade_of_the_Sagrada_Família/0/pictures/Templo_expiatorio_de_la_Sagrada_Familia_(4722169965).jpg
Sagrada_Família,28023,0,"commons/General_views_of_the_Passion_Facade_of_the_Sagrada_Família/0/pictures/View_of_Passion_Façade_of_Basilica_and_Expiatory_Church_of_the_Holy_Family_(Basílica_i_Temple_Expiatori_de_la_Sagrada_Família)_(_UNESCO_World_Heritage_Site)._Barcelona,_Catalonia,_Spain-2.jpg"
Sagrada_Família,28023,0,commons/General_views_of_the_Passion_Facade_of_the_Sagrada_Família/0/pictures/Temple_Expiatori_de_la_Sagrada_Família_(Barcelona)_-_90.jpg
Sagrada_Família,28023,0,commons/Cloister_of_the_Sagrada_Família/0/pictures/Sagrada_familia-barcelona_-_panoramio_(15).jpg
Sagrada_Família,28023,0,commons/School_building_at_the_Sagrada_Família/0/pictures/Sagrada_Familia_-_panoramio_(17).jpg
Sagrada_Família,28023,0,"commons/General_views_of_the_Passion_Facade_of_the_Sagrada_Família/0/pictures/Temple_Expiatori_de_la_Sagrada_Família,_XIX_-_panoramio.jpg"
Sagrada_Família,28023,0,"commons/Sculpture_of_Alpha_Omega_in_the_Passion_Facade_of_the_Sagrada_Família/0/pictures/Passion_Facade_of_the_Sagrada_Família,_May_2013_-_14.JPG"
Sagrada_Família,28023,0,commons/General_views_of_the_Passion_Facade_of_the_Sagrada_Família/0/pictures/Vista_de_la_sagrada_familia.jpg
Sagrada_Família,28023,0,commons/Sculpture_of_Alpha_Omega_in_the_Passion_Facade_of_the_Sagrada_Família/0/pictures/Sagrada_Familia033.jpg
Sagrada_Família,28023,0,commons/General_views_of_the_Passion_Facade_of_the_Sagrada_Família/0/pictures/Templo_Expiatorio_de_la_Sagrada_Familia_2013-09-29_23-44-22.jpg
Sagrada_Família,28023,0,commons/Sculpture_of_Alpha_Omega_in_the_Passion_Facade_of_the_Sagrada_Família/0/pictures/Sagrada_Familia_(3402756667).jpg
Sagrada_Família,28023,0,commons/General_views_of_the_Passion_Facade_of_the_Sagrada_Família/0/pictures/WLM14ES_-_Puerta_de_la_Pasión_-_Armandoreques.jpg
Sagrada_Família,28023,0,commons/Glory_Facade_of_the_Sagrada_Família/0/pictures/Basilique_Sagrada_Familia_Barcelone._Vue_sud-est_12.jpg
Sagrada_Família,28023,0,"commons/Gospel_Doors_at_the_Passion_Facade_of_the_Sagrada_Família/0/pictures/044_Sagrada_Família,_façana_de_la_Passió,_la_Flagel·lació_i_l'Alfa_i_l'Omega.jpg"
Sagrada_Família,28023,0,"commons/Gospel_Doors_at_the_Passion_Facade_of_the_Sagrada_Família/0/pictures/Sagrada_Familia,_Barcelona_(Ank_Kumar)_08.jpg"
Sagrada_Família,28023,0,"commons/Gospel_Doors_at_the_Passion_Facade_of_the_Sagrada_Família/0/pictures/Sagrada_Familia,_Barcelona_(Ank_Kumar)_05.jpg"
Sagrada_Família,28023,0,"commons/Gospel_Doors_at_the_Passion_Facade_of_the_Sagrada_Família/0/pictures/Barcelona._Basilica_of_La_Sagrada_Família._Passion_facade._Flagellation_of_Christ_(1987)_and_bronze_door_(2000)._Josep_M._Subirachs,_sculptor._(18500896444).jpg"
Sagrada_Família,28023,0,commons/Gospel_Doors_at_the_Passion_Facade_of_the_Sagrada_Família/0/pictures/Sagrada_Familia033.jpg
Sagrada_Família,28023,0,commons/Images_of_individuals_at_the_Sagrada_Família/0/pictures/Barcelona_-_panoramio.jpg
Sagrada_Família,28023,0,commons/Images_of_individuals_at_the_Sagrada_Família/0/pictures/Sommerresidenz_Sagrada_Família.jpg
Sagrada_Família,28023,0,"commons/Images_of_individuals_at_the_Sagrada_Família/0/pictures/La_Sagrada_Familia,_Barcelona,_Spain_-_panoramio_(58).jpg"
Sagrada_Família,28023,0,commons/Jesus_teaching_in_the_Temple_(Nativity_facade_of_the_Sagrada_Família)/0/pictures/Sagrada_Familia_Façade_(3409526758).jpg
Sagrada_Família,28023,0,commons/Jesus_teaching_in_the_Temple_(Nativity_facade_of_the_Sagrada_Família)/0/pictures/SF_-_Fe.jpg
Sagrada_Família,28023,0,commons/Jesus_teaching_in_the_Temple_(Nativity_facade_of_the_Sagrada_Família)/0/pictures/Sagrada_Familia077.jpg
Sagrada_Família,28023,0,"commons/Left-side_Gospel_Door_at_the_Passion_Facade_of_the_Sagrada_Família/0/pictures/La_Sagrada_Familia_,_Barcelona_,_Obra_de_Antonio_Gaudi_-_panoramio_(3).jpg"
Sagrada_Família,28023,0,commons/Left-side_Gospel_Door_at_the_Passion_Facade_of_the_Sagrada_Família/0/pictures/Barcelona_Sagrada_Familia_sculptures_Passion_facade_08.jpg
Sagrada_Família,28023,0,commons/Left-side_Gospel_Door_at_the_Passion_Facade_of_the_Sagrada_Família/0/pictures/Sagrada_Familia_(6622725545).jpg
Sagrada_Família,28023,0,commons/Left-side_Gospel_Door_at_the_Passion_Facade_of_the_Sagrada_Família/0/pictures/Segrada_Familia_Barcelona_(7564247342).jpg
Sagrada_Família,28023,0,"commons/Left-side_Gospel_Door_at_the_Passion_Facade_of_the_Sagrada_Família/0/pictures/Sculptures_in_the_Passion_Facade_of_the_Sagrada_Família,_February_2013_-_10.jpg"
Sagrada_Família,28023,0,commons/Magic_square_of_the_Sagrada_Família/0/pictures/Quadrat_màgic_a_la_Sagrada_Família_(33359656584).jpg
Sagrada_Família,28023,0,"commons/Magic_square_of_the_Sagrada_Família/0/pictures/Sagrada_Familia,_Statues_with_suduko.jpg"
Sagrada_Família,28023,0,commons/Magic_square_of_the_Sagrada_Família/0/pictures/Sagrada_Familia035.jpg
Sagrada_Família,28023,0,commons/Magic_square_of_the_Sagrada_Família/0/pictures/Sagrada_familia_outdoor_wall.jpg
Sagrada_Família,28023,0,commons/Magic_square_of_the_Sagrada_Família/0/pictures/Temple_Expiatori_de_la_Sagrada_Família_(Barcelona)_-_77.jpg
Sagrada_Família,28023,0,commons/Magic_square_of_the_Sagrada_Família/0/pictures/Temple_Expiatori_de_la_Sagrada_Família_(Barcelona)_-_9.jpg
Sagrada_Família,28023,0,commons/Nativity_Facade_of_the_Sagrada_Família/0/pictures/57-barcelona-9756-27_21940557936_o.jpg
Sagrada_Família,28023,0,commons/Nativity_Facade_of_the_Sagrada_Família/0/pictures/62-barcelona-9756-32_21778639560_o.jpg
Sagrada_Família,28023,0,commons/Nativity_Facade_of_the_Sagrada_Família/0/pictures/Antoni_Gaudi’s_Sagrada_Familia_03.jpg
Sagrada_Família,28023,0,commons/Nativity_Facade_of_the_Sagrada_Família/0/pictures/Antoni_Gaudi’s_Sagrada_Familia_07.jpg
Sagrada_Família,28023,0,commons/Nativity_Facade_of_the_Sagrada_Família/0/pictures/Barcelona_-_Carrer_de_Provença_-_View_SSW_on_La_Sagrada_Família_-_Nativity_façade.jpg
Sagrada_Família,28023,0,commons/Nativity_Facade_of_the_Sagrada_Família/0/pictures/Barcelona_101DSC_0277_(49186768548).jpg
Sagrada_Família,28023,0,commons/Nativity_Facade_of_the_Sagrada_Família/0/pictures/Barcelona_-_Plaça_de_Gaudí_-_View_SW_on_La_Sagrada_Família_-_Nativity_façade_V.jpg
Sagrada_Família,28023,0,commons/Nativity_Facade_of_the_Sagrada_Família/0/pictures/Barcelona_-_Plaça_de_Gaudí_-_View_West_on_the_Nativity_Façade_of_La_Sagrada_Família.jpg
Sagrada_Família,28023,0,commons/Nativity_Facade_of_the_Sagrada_Família/0/pictures/Barcelona_-_Plaça_de_Gaudí_-_View_WSW_on_the_Nativity_Façade_of_La_Sagrada_Família_II.jpg
Sagrada_Família,28023,0,commons/Nativity_Facade_of_the_Sagrada_Família/0/pictures/Barcelona_101DSC_0286_(49192014933).jpg
Sagrada_Família,28023,0,commons/Nativity_Facade_of_the_Sagrada_Família/0/pictures/Barcelona_101DSC_0288_(49192708797).jpg
Sagrada_Família,28023,0,commons/Nativity_Facade_of_the_Sagrada_Família/0/pictures/Barcelona_1077_01.jpg
Sagrada_Família,28023,0,commons/Nativity_Facade_of_the_Sagrada_Família/0/pictures/Barcelona_-_Temple_Expiatori_de_la_Sagrada_Família_(8).jpg
Sagrada_Família,28023,0,commons/Nativity_Facade_of_the_Sagrada_Família/0/pictures/Barcelona_1077_03.jpg
Sagrada_Família,28023,0,commons/Nativity_Facade_of_the_Sagrada_Família/0/pictures/Barcelona_1077_04.jpg
Sagrada_Família,28023,0,commons/Nativity_Facade_of_the_Sagrada_Família/0/pictures/Barcelona_1077_05.jpg
Sagrada_Família,28023,0,commons/Nativity_Facade_of_the_Sagrada_Família/0/pictures/Barcelone_-_2004-July_-_IMG0005.jpg
Sagrada_Família,28023,0,commons/Nativity_Facade_of_the_Sagrada_Família/0/pictures/Basilique_Sagrada_Familia_façade_nord_est_Barcelone_16.jpg
Sagrada_Família,28023,0,commons/Nativity_Facade_of_the_Sagrada_Família/0/pictures/Basilique_Sagrada_Familia_façade_nord_est_Barcelone_15.jpg
Sagrada_Família,28023,0,commons/Nativity_Facade_of_the_Sagrada_Família/0/pictures/Basilique_Sagrada_Familia_façade_nord_est_Barcelone_18.jpg
Sagrada_Família,28023,0,commons/Nativity_Facade_of_the_Sagrada_Família/0/pictures/Basilique_Sagrada_Familia_façade_nord_est_Barcelone_2.jpg
Sagrada_Família,28023,0,commons/Nativity_Facade_of_the_Sagrada_Família/0/pictures/Basilique_Sagrada_Familia_façade_nord_est_Barcelone_17.jpg
Sagrada_Família,28023,0,commons/Nativity_Facade_of_the_Sagrada_Família/0/pictures/Basilique_Sagrada_Familia_façade_nord_est_Barcelone_8.jpg
Sagrada_Família,28023,0,commons/Nativity_Facade_of_the_Sagrada_Família/0/pictures/Basílica_de_la_Sagrada_Familia_fachada_del_nacimiento.jpg
Sagrada_Família,28023,0,commons/Nativity_Facade_of_the_Sagrada_Família/0/pictures/Basílica_Sagrada_Familia-Detalle_Fachada_Principal.jpg
Sagrada_Família,28023,0,"commons/Nativity_Facade_of_the_Sagrada_Família/0/pictures/Fachada_de_la_Sagrada_Familia,_Barcelona.jpg"
Sagrada_Família,28023,0,commons/Nativity_Facade_of_the_Sagrada_Família/0/pictures/La_Sagrada_Familia_11-Diciembre-2018.jpg
Sagrada_Família,28023,0,"commons/Nativity_Facade_of_the_Sagrada_Família/0/pictures/Fachada_de_nacimiento_de_la_Sagrada_Família,_Barcelona.jpg"
Sagrada_Família,28023,0,commons/Nativity_Facade_of_the_Sagrada_Família/0/pictures/La_Sagadra_-_Flickr_-_wit.jpg
Sagrada_Família,28023,0,"commons/Nativity_Facade_of_the_Sagrada_Família/0/pictures/La_Sagrada_Familia,_Barcelona,_Spain_-_panoramio_(66).jpg"
Sagrada_Família,28023,0,"commons/Nativity_Facade_of_the_Sagrada_Família/0/pictures/La_Sagrada_Familia,_Barcelona,_Spain_-_panoramio_(69).jpg"
Sagrada_Família,28023,0,"commons/Nativity_Facade_of_the_Sagrada_Família/0/pictures/La_Sagrada_Familia_,_Barcelona_,_España._-_panoramio.jpg"
Sagrada_Família,28023,0,"commons/Nativity_Facade_of_the_Sagrada_Família/0/pictures/La_Sagrada_Familia,_Barcelona,_Spain_-_panoramio_(74).jpg"
Sagrada_Família,28023,0,"commons/Nativity_Facade_of_the_Sagrada_Família/0/pictures/La_Sagrada_Familia,_Barcelona,_Spain_-_panoramio_(85).jpg"
Sagrada_Família,28023,0,"commons/Nativity_Facade_of_the_Sagrada_Família/0/pictures/La_Sagrada_Familia,_Barcelona,_Spain_-_panoramio_(68).jpg"
Sagrada_Família,28023,0,commons/Nativity_Facade_of_the_Sagrada_Família/0/pictures/Sagrada_Familia_banner.jpg
Sagrada_Família,28023,0,commons/Nativity_Facade_of_the_Sagrada_Família/0/pictures/Sagrada_Familia_(July_2022)_17.jpg
Sagrada_Família,28023,0,commons/Nativity_Facade_of_the_Sagrada_Família/0/pictures/Sagrada_Familia_melty_entrance_(18603572939).jpg
Sagrada_Família,28023,0,commons/Nativity_Facade_of_the_Sagrada_Família/0/pictures/Sagrada_Familia_-_panoramio_(10).jpg
Sagrada_Família,28023,0,commons/Nativity_Facade_of_the_Sagrada_Família/0/pictures/Sagrada_familia_-_barcelona_-_panoramio_(2).jpg
Sagrada_Família,28023,0,commons/Nativity_Facade_of_the_Sagrada_Família/0/pictures/Sagrada_Família._Nativity_Facade.jpg
Sagrada_Família,28023,0,commons/Nativity_Facade_of_the_Sagrada_Família/0/pictures/Еkklesia.jpg
Sagrada_Família,28023,0,commons/Nativity_Facade_of_the_Sagrada_Família/0/pictures/TEMPLE_EXPIATORI_DE_LA_SAGRADA_FAMÍLIA_24012021_(1)_01.jpg
Sagrada_Família,28023,0,commons/Nativity_Facade_of_the_Sagrada_Família/0/pictures/Unfinished_chruch_of_holy_family_begun_1884_barcelona_-_334169697.jpg
Sagrada_Família,28023,0,commons/Nativity_Facade_of_the_Sagrada_Família/0/pictures/사그라다파밀리아_성당.jpg
Sagrada_Família,28023,0,commons/Nativity_Facade_of_the_Sagrada_Família/0/pictures/TEMPLE_EXPIATORI_DE_LA_SAGRADA_FAMÍLIA_24012021_(1)_32.jpg
Sagrada_Família,28023,0,commons/Nativity_Facade_of_the_Sagrada_Família/0/pictures/Вот_это_уже_Антонио_во_всей_красе_-_panoramio.jpg
Sagrada_Família,28023,0,commons/Nativity_Facade_of_the_Sagrada_Família/0/pictures/Саграда_Фамилия.jpg
Sagrada_Família,28023,0,commons/Nativity_Facade_of_the_Sagrada_Família/0/pictures/Work_In_Progress_(71558301).jpeg
Sagrada_Família,28023,0,commons/Nativity_Facade_of_the_Sagrada_Família_at_night/0/pictures/Barcelona_-_Estació_de_Sagrada_Família_(7495816896).jpg
Sagrada_Família,28023,0,commons/Nativity_Facade_of_the_Sagrada_Família_at_night/0/pictures/Barcelona_2006_(2845416962).jpg
Sagrada_Família,28023,0,commons/Nativity_Facade_of_the_Sagrada_Família_at_night/0/pictures/Barcelona_-_Estació_de_Sagrada_Família_(7495813432).jpg
Sagrada_Família,28023,0,"commons/Nativity_Facade_of_the_Sagrada_Família_at_night/0/pictures/Antoni_Gaudi's_Sagrada_Familia,_Barcelona_(Ank_Kumar)_10.jpg"
Sagrada_Família,28023,0,commons/Nativity_Facade_of_the_Sagrada_Família_at_night/0/pictures/Barcelona_2006_(2845417264).jpg
Sagrada_Família,28023,0,"commons/Nativity_Facade_of_the_Sagrada_Família_at_night/0/pictures/Antoni_Gaudi's_Sagrada_Familia,_Barcelona_(Ank_Kumar)_09.jpg"
Sagrada_Família,28023,0,"commons/Nativity_Facade_of_the_Sagrada_Família_at_night/0/pictures/Barcelona,_La_Sagrada_Familia,_nativity_facade_(6661281487).jpg"
Sagrada_Família,28023,0,commons/Nativity_Facade_of_the_Sagrada_Família_at_night/0/pictures/Barcelona_Tres_-_001_(3466090071).jpg
Sagrada_Família,28023,0,commons/Nativity_Facade_of_the_Sagrada_Família_at_night/0/pictures/Fale_-_Barcellona_-_46.jpg
Sagrada_Família,28023,0,commons/Nativity_Facade_of_the_Sagrada_Família_at_night/0/pictures/Fale_-_Barcellona_-_47.jpg
Sagrada_Família,28023,0,commons/Nativity_Facade_of_the_Sagrada_Família_at_night/0/pictures/Barcelona_Tres_-_013_(3466918952).jpg
Sagrada_Família,28023,0,"commons/Nativity_Facade_of_the_Sagrada_Família_at_night/0/pictures/Sagrada_Familia,_Barcelona_(Ank_Kumar,_Infosys)_05.jpg"
Sagrada_Família,28023,0,commons/Nativity_Facade_of_the_Sagrada_Família_at_night/0/pictures/Sagrada_Família_at_night.jpg
Sagrada_Família,28023,0,commons/Nativity_Facade_of_the_Sagrada_Família_at_night/0/pictures/Sagrada_Familia_at_Night.jpg
Sagrada_Família,28023,0,"commons/Nativity_Facade_of_the_Sagrada_Família_at_night/0/pictures/Sagrada_Família,_Barcelona_-_panoramio_(1).jpg"
Sagrada_Família,28023,0,commons/Nativity_Facade_of_the_Sagrada_Família_at_night/0/pictures/Sagrada_Família_-_Antoni_Gaudí_(1884-1914-1926-)_-_panoramio.jpg
Sagrada_Família,28023,0,"commons/Nativity_Facade_of_the_Sagrada_Família_at_night/0/pictures/Sagrada_Familia,_Barcelona_(Ank_Kumar,_Infosys)_04.jpg"
Sagrada_Família,28023,0,commons/Nativity_facade_towers_of_the_Sagrada_Família/0/pictures/2001-09-18_Sagrada_Família_09180021.jpg
Sagrada_Família,28023,0,commons/Nativity_facade_towers_of_the_Sagrada_Família/0/pictures/Barcelona_-_La_Sagrada_Família_-_Nativity_Façade_-_View_on_'Apostle'-Towers_&_Christmas_Tree.jpg
Sagrada_Família,28023,0,commons/Nativity_facade_towers_of_the_Sagrada_Família/0/pictures/Barcelona_-_Carrer_de_Provença_-_View_SE_on_La_Sagrada_Família_-_Nativity_façade.jpg
Sagrada_Família,28023,0,"commons/Nativity_facade_towers_of_the_Sagrada_Família/0/pictures/Barcelona_-_Plaça_de_Gaudí_-_'Apostle'-Towers_-_View_WSW_on_""Sanctus,_Sanctus,_Sanctus"".jpg"
Sagrada_Família,28023,0,commons/Nativity_facade_towers_of_the_Sagrada_Família/0/pictures/Barcelona_-_La_Sagrada_Família_-_Nativity_Façade_III.jpg
Sagrada_Família,28023,0,commons/Nativity_facade_towers_of_the_Sagrada_Família/0/pictures/Barcelona_-_Carrer_de_Provença_-_View_SSE_on_the_Nativity_Façade_III.jpg
Sagrada_Família,28023,0,commons/Nativity_facade_towers_of_the_Sagrada_Família/0/pictures/Barcelona_-_Carrer_de_la_Marina_-_View_West_on_La_Sagrada_Família_-_Nativity_façade.jpg
Sagrada_Família,28023,0,commons/Nativity_facade_towers_of_the_Sagrada_Família/0/pictures/Barcelona_-_Temple_Expiatori_de_la_Sagrada_Família_(4).jpg
Sagrada_Família,28023,0,commons/Nativity_facade_towers_of_the_Sagrada_Família/0/pictures/Barcelona_-_Temple_Expiatori_de_la_Sagrada_Família_(7).jpg
Sagrada_Família,28023,0,commons/Nativity_facade_towers_of_the_Sagrada_Família/0/pictures/Barcelona_-_Plaça_de_Gaudí_-_View_WSW_on_La_Sagrada_Família_-_Nativity_façade_II.jpg
Sagrada_Família,28023,0,commons/Nativity_facade_towers_of_the_Sagrada_Família/0/pictures/Barcelona-gm2.jpg
Sagrada_Família,28023,0,commons/Nativity_facade_towers_of_the_Sagrada_Família/0/pictures/Barcelona_-_panoramio_(257).jpg
Sagrada_Família,28023,0,commons/Nativity_facade_towers_of_the_Sagrada_Família/0/pictures/Barcelona_Iglesia_Sagrada_Familia_02.jpg
Sagrada_Família,28023,0,commons/Nativity_facade_towers_of_the_Sagrada_Família/0/pictures/DSC_7974-MR-SagradaFamilia.jpg
Sagrada_Família,28023,0,commons/Nativity_facade_towers_of_the_Sagrada_Família/0/pictures/Fale_-_Barcellona_-_46.jpg
Sagrada_Família,28023,0,"commons/Nativity_facade_towers_of_the_Sagrada_Família/0/pictures/Barcelona_La_Sagrada_Famillia,_Nativity_Facade.JPG"
Sagrada_Família,28023,0,commons/Nativity_facade_towers_of_the_Sagrada_Família/0/pictures/Fale_-_Barcellona_-_47.jpg
Sagrada_Família,28023,0,commons/Nativity_facade_towers_of_the_Sagrada_Família/0/pictures/Fale_-_Barcellona_-_48.jpg
Sagrada_Família,28023,0,commons/Nativity_facade_towers_of_the_Sagrada_Família/0/pictures/Fale_-_Barcellona_-_49.jpg
Sagrada_Família,28023,0,commons/Nativity_facade_towers_of_the_Sagrada_Família/0/pictures/Fale_-_Spain_-_Barcelona_-_133.jpg
Sagrada_Família,28023,0,"commons/Nativity_facade_towers_of_the_Sagrada_Família/0/pictures/Façana_de_la_Sagrada_Família,_Barcelona_(maig_2013)_-_panoramio_(1).jpg"
Sagrada_Família,28023,0,"commons/Nativity_facade_towers_of_the_Sagrada_Família/0/pictures/La_Sagrada_Familia,_Barcelona,_Spain_-_panoramio_(89).jpg"
Sagrada_Família,28023,0,commons/Nativity_facade_towers_of_the_Sagrada_Família/0/pictures/La_Sagrada_Familia_(7852726950).jpg
Sagrada_Família,28023,0,commons/Nativity_facade_towers_of_the_Sagrada_Família/0/pictures/La_Sagrada_Familia_-_panoramio_(9).jpg
Sagrada_Família,28023,0,"commons/Nativity_facade_towers_of_the_Sagrada_Família/0/pictures/La_Sagrada_Família,_Barcelona_-_panoramio.jpg"
Sagrada_Família,28023,0,commons/Nativity_facade_towers_of_the_Sagrada_Família/0/pictures/P1160549.JPG
Sagrada_Família,28023,0,commons/Nativity_facade_towers_of_the_Sagrada_Família/0/pictures/Sagrada_Familia_(2807707499).jpg
Sagrada_Família,28023,0,commons/Nativity_facade_towers_of_the_Sagrada_Família/0/pictures/Sagrada_Familia_0103.JPG
Sagrada_Família,28023,0,commons/Nativity_facade_towers_of_the_Sagrada_Família/0/pictures/Sagrada_Familia_(July_2022)_18.jpg
Sagrada_Família,28023,0,commons/Nativity_facade_towers_of_the_Sagrada_Família/0/pictures/Sagrada_Familia_0111.JPG
Sagrada_Família,28023,0,commons/Nativity_facade_towers_of_the_Sagrada_Família/0/pictures/Sagrada_Familia_0107.JPG
Sagrada_Família,28023,0,commons/Nativity_facade_towers_of_the_Sagrada_Família/0/pictures/Sagrada_Familia_Barcelona_-_panoramio.jpg
Sagrada_Família,28023,0,commons/Nativity_facade_towers_of_the_Sagrada_Família/0/pictures/Sagrada_Familia_0116.JPG
Sagrada_Família,28023,0,commons/Nativity_facade_towers_of_the_Sagrada_Família/0/pictures/Sagrada_Familia_-_northeast_side_-_panoramio.jpg
Sagrada_Família,28023,0,commons/Nativity_facade_towers_of_the_Sagrada_Família/0/pictures/Sagrada_Familia_East_Towers.JPG
Sagrada_Família,28023,0,commons/Nativity_facade_towers_of_the_Sagrada_Família/0/pictures/Sagrada_Familia_Evening_1_(5838999859).jpg
Sagrada_Família,28023,0,commons/Nativity_facade_towers_of_the_Sagrada_Família/0/pictures/Sagrada_Familia-01.jpg
Sagrada_Família,28023,0,commons/Nativity_facade_towers_of_the_Sagrada_Família/0/pictures/Sagrada_de_familia_-_panoramio_-_Evgeniy_Metyolkin.jpg
Sagrada_Família,28023,0,commons/Nativity_facade_towers_of_the_Sagrada_Família/0/pictures/Sagrada_familia_(7567077428).jpg
Sagrada_Família,28023,0,commons/Nativity_facade_towers_of_the_Sagrada_Família/0/pictures/Sagrada_familia_by_night_2006.jpg
Sagrada_Família,28023,0,"commons/Nativity_facade_towers_of_the_Sagrada_Família/0/pictures/UNESCO,_SPAIN-BARCELONA,_WORKS_OF_ANTONIO_GAUDÍ,_SAGRADA_FAMILIA_-_panoramio.jpg"
Sagrada_Família,28023,0,commons/Nativity_facade_towers_of_the_Sagrada_Família/0/pictures/Spain_Sagrada_Familia.jpg
Sagrada_Família,28023,0,commons/Nativity_facade_towers_of_the_Sagrada_Família/0/pictures/Segrada_Familia_2016-388.jpg
Sagrada_Família,28023,0,commons/North-East_Views_of_the_Sagrada_Família/0/pictures/Sagrada_Familia_-_panoramio_-_Filippo_Piazza.jpg
Sagrada_Família,28023,0,commons/North-East_Views_of_the_Sagrada_Família/0/pictures/Sagrada_Família_in_2021.04.jpg
Sagrada_Família,28023,0,commons/North-West_Views_of_the_Sagrada_Família/0/pictures/15-10-28-Sagrada_Familia-WMA_3127-3136.jpg
Sagrada_Família,28023,0,commons/North-West_Views_of_the_Sagrada_Família/0/pictures/Exterior_of_the_Sagrada_Família_41.jpg
Sagrada_Família,28023,0,commons/North-West_Views_of_the_Sagrada_Família/0/pictures/Exterior_of_the_Sagrada_Família_45.jpg
Sagrada_Família,28023,0,commons/North-West_Views_of_the_Sagrada_Família/0/pictures/Sagrada_Familia_8-12-21_(4).jpg
Sagrada_Família,28023,0,commons/North-West_Views_of_the_Sagrada_Família/0/pictures/La_Sagrada_Familia_(7852736028).jpg
Sagrada_Família,28023,0,"commons/North-West_Views_of_the_Sagrada_Família/0/pictures/Sagrada_Familia,_another_view.JPG"
Sagrada_Família,28023,0,"commons/North-West_Views_of_the_Sagrada_Família/0/pictures/Templo_Expiatorio_de_la_Sagrada_Familia,_2013_(1).JPG"
Sagrada_Família,28023,0,commons/North-West_Views_of_the_Sagrada_Família/0/pictures/Sagrada-familia-rr-2007.jpg
Sagrada_Família,28023,0,commons/Outdoor_sculptures_at_the_eastern_side_of_the_nave_of_the_Sagrada_Família/0/pictures/Barcelona_2015_10_12_0241_(22559512203).jpg
Sagrada_Família,28023,0,"commons/Outdoor_sculptures_at_the_eastern_side_of_the_nave_of_the_Sagrada_Família/0/pictures/Barcelona,_Spain_-_Basilica_and_Expiatory_Church_of_the_Holy_Family_-_Basílica_y_Templo_Expiatorio_de_la_Sagrada_Familia_-_Spires.jpg"
Sagrada_Família,28023,0,commons/Outdoor_sculptures_at_the_eastern_side_of_the_nave_of_the_Sagrada_Família/0/pictures/SF_-_Claustro.jpg
Sagrada_Família,28023,0,commons/Outdoor_sculptures_at_the_western_side_of_the_nave_of_the_Sagrada_Família/0/pictures/Nau_lateral_00_vista_des_del_carrer_Sardenya.JPG
Sagrada_Família,28023,0,commons/Outdoor_sculptures_at_the_western_side_of_the_nave_of_the_Sagrada_Família/0/pictures/Sagrada_Familia_3.jpg
Sagrada_Família,28023,0,commons/Passion_Facade_of_the_Sagrada_Família/0/pictures/046-Sagrada-Familia.jpg
Sagrada_Família,28023,0,commons/Passion_Facade_of_the_Sagrada_Família/0/pictures/047-Sagrada-Familia.jpg
Sagrada_Família,28023,0,"commons/Passion_Facade_of_the_Sagrada_Família/0/pictures/084_Sagrada_Família,_façana_de_la_Passió_i_torres.jpg"
Sagrada_Família,28023,0,commons/Passion_Facade_of_the_Sagrada_Família/0/pictures/2019_03_16_AIDA_Barcelona_(133).jpg
Sagrada_Família,28023,0,commons/Passion_Facade_of_the_Sagrada_Família/0/pictures/2019_03_16_AIDA_Barcelona_(141).jpg
Sagrada_Família,28023,0,"commons/Passion_Facade_of_the_Sagrada_Família/0/pictures/118_Basílica_de_la_Sagrada_Família_(Barcelona),_façana_de_la_Passió,_c._Sardenya.jpg"
Sagrada_Família,28023,0,"commons/Passion_Facade_of_the_Sagrada_Família/0/pictures/117_Basílica_de_la_Sagrada_Família_(Barcelona),_façana_de_la_Passió,_c._Sardenya.jpg"
Sagrada_Família,28023,0,commons/Passion_Facade_of_the_Sagrada_Família/0/pictures/2019_03_16_AIDA_Barcelona_(146).jpg
Sagrada_Família,28023,0,commons/Passion_Facade_of_the_Sagrada_Família/0/pictures/2019_03_16_AIDA_Barcelona_(90).jpg
Sagrada_Família,28023,0,commons/Passion_Facade_of_the_Sagrada_Família/0/pictures/15-10-28-Sagrada_Familia-WMA_3121.jpg
Sagrada_Família,28023,0,commons/Passion_Facade_of_the_Sagrada_Família/0/pictures/Barcelona_-_La_Sagrada_Família_-_Passion_Façade_-_View_ENE.jpg
Sagrada_Família,28023,0,"commons/Passion_Facade_of_the_Sagrada_Família/0/pictures/283_Sagrada_Família,_torres_de_la_façana_de_la_Passió.JPG"
Sagrada_Família,28023,0,commons/Passion_Facade_of_the_Sagrada_Família/0/pictures/Barcelona_-_Plaça_de_la_Sagrada_Família_-_Passion_Façade_-_View_NE.jpg
Sagrada_Família,28023,0,"commons/Passion_Facade_of_the_Sagrada_Família/0/pictures/Antoni_Gaudi's_Sagrada_Familia,_Barcelona_(Ank_Kumar)_04.jpg"
Sagrada_Família,28023,0,commons/Passion_Facade_of_the_Sagrada_Família/0/pictures/Barcelona_-_Plaça_de_la_Sagrada_Família_-_Passion_Façade_-_1882-1982.jpg
Sagrada_Família,28023,0,commons/Passion_Facade_of_the_Sagrada_Família/0/pictures/Barcelona_-_Plaça_de_la_Sagrada_Família_-_View_NNE_on_La_Sagrada_Família_-_Passion_façade_II.jpg
Sagrada_Família,28023,0,commons/Passion_Facade_of_the_Sagrada_Família/0/pictures/Barcelona_-_Plaça_de_la_Sagrada_Família_-_View_East_on_the_Passion_Façade_II.jpg
Sagrada_Família,28023,0,commons/Passion_Facade_of_the_Sagrada_Família/0/pictures/Barcelona_-_Plaça_de_la_Sagrada_Família_-_View_NE_on_La_Sagrada_Família_-_Passion_façade_II.jpg
Sagrada_Família,28023,0,commons/Passion_Facade_of_the_Sagrada_Família/0/pictures/Barcelona_-_Plaça_de_la_Sagrada_Família_-_View_NE_on_La_Sagrada_Família_-_Passion_façade_I.jpg
Sagrada_Família,28023,0,commons/Passion_Facade_of_the_Sagrada_Família/0/pictures/Barcelona_-_Temple_Expiatori_de_la_Sagrada_Família_(39).jpg
Sagrada_Família,28023,0,commons/Passion_Facade_of_the_Sagrada_Família/0/pictures/Barcelona_-_Plaça_de_la_Sagrada_Família_-_View_NE_on_the_Passion_Façade.jpg
Sagrada_Família,28023,0,commons/Passion_Facade_of_the_Sagrada_Família/0/pictures/Barcelona_-_Plaça_de_la_Sagrada_Família_-_View_NNE_on_La_Sagrada_Família_-_Passion_façade_I.jpg
Sagrada_Família,28023,0,commons/Passion_Facade_of_the_Sagrada_Família/0/pictures/Barcelona_-_Sagrada_Familia_en_mayo_de_2017.jpg
Sagrada_Família,28023,0,commons/Passion_Facade_of_the_Sagrada_Família/0/pictures/Barcelona_-_Plaça_de_la_Sagrada_Família_-_View_North_on_La_Sagrada_Família_-_Passion_façade.jpg
Sagrada_Família,28023,0,commons/Passion_Facade_of_the_Sagrada_Família/0/pictures/Barcelona_-_Templo_Expiatorio_de_la_Sagrada_Familia_-_20150410152621.jpg
Sagrada_Família,28023,0,commons/Passion_Facade_of_the_Sagrada_Família/0/pictures/Barcelona_-_panoramio_(288).jpg
Sagrada_Família,28023,0,commons/Passion_Facade_of_the_Sagrada_Família/0/pictures/Barcelona_-_Sagrada_Familia_-_01.jpg
Sagrada_Família,28023,0,commons/Passion_Facade_of_the_Sagrada_Família/0/pictures/Barcelona_-_Temple_Expiatori_de_la_Sagrada_Família_(40).jpg
Sagrada_Família,28023,0,commons/Passion_Facade_of_the_Sagrada_Família/0/pictures/Barcelona_-_panoramio_(292).jpg
Sagrada_Família,28023,0,commons/Passion_Facade_of_the_Sagrada_Família/0/pictures/Barcelona_1069_13.jpg
Sagrada_Família,28023,0,commons/Passion_Facade_of_the_Sagrada_Família/0/pictures/Barcelona_1069_14.jpg
Sagrada_Família,28023,0,commons/Passion_Facade_of_the_Sagrada_Família/0/pictures/Barcelona_1069_15.jpg
Sagrada_Família,28023,0,commons/Passion_Facade_of_the_Sagrada_Família/0/pictures/Barcelona_330IMG_20200311_105407_(49889847007).jpg
Sagrada_Família,28023,0,commons/Passion_Facade_of_the_Sagrada_Família/0/pictures/Barcelona_-_Temple_Expiatori_de_la_Sagrada_Família_(46).jpg
Sagrada_Família,28023,0,commons/Passion_Facade_of_the_Sagrada_Família/0/pictures/Barcelona_330IMG_20200311_105451_(49889537956).jpg
Sagrada_Família,28023,0,commons/Passion_Facade_of_the_Sagrada_Família/0/pictures/Barcelona_2006_(2844581089).jpg
Sagrada_Família,28023,0,commons/Passion_Facade_of_the_Sagrada_Família/0/pictures/Barcelona_23_24_42_402000.jpeg
Sagrada_Família,28023,0,commons/Passion_Facade_of_the_Sagrada_Família/0/pictures/Barcelone_-_2004-July_-_IMG0007.jpg
Sagrada_Família,28023,0,commons/Passion_Facade_of_the_Sagrada_Família/0/pictures/Barcelona_267.JPG
Sagrada_Família,28023,0,commons/Passion_Facade_of_the_Sagrada_Família/0/pictures/Barcelona_Sagrada_Familia_2019_01.jpg
Sagrada_Família,28023,0,commons/Passion_Facade_of_the_Sagrada_Família/0/pictures/Basilica_Sagrada_Familia_BCN_04_2016_6915.jpg
Sagrada_Família,28023,0,commons/Passion_Facade_of_the_Sagrada_Família/0/pictures/Basilica_Sagrada_Familia_BCN_04_2016_6918.jpg
Sagrada_Família,28023,0,commons/Passion_Facade_of_the_Sagrada_Família/0/pictures/Basilica_Sagrada_Familia_BCN_04_2016_6919.jpg
Sagrada_Família,28023,0,commons/Passion_Facade_of_the_Sagrada_Família/0/pictures/Basilique_Sagrada_Familia_façade_sud_ouest_Barcelone_13.jpg
Sagrada_Família,28023,0,commons/Passion_Facade_of_the_Sagrada_Família/0/pictures/Basilique_Sagrada_Familia_façade_sud_ouest_Barcelone_10.jpg
Sagrada_Família,28023,0,commons/Passion_Facade_of_the_Sagrada_Família/0/pictures/Basilique_Sagrada_Familia_façade_sud_ouest_Barcelone_11.jpg
Sagrada_Família,28023,0,commons/Passion_Facade_of_the_Sagrada_Família/0/pictures/Basilique_Sagrada_Familia_façade_sud_ouest_Barcelone_14.jpg
Sagrada_Família,28023,0,commons/Passion_Facade_of_the_Sagrada_Família/0/pictures/Barcelona-02-Sagrada_Familia-1983-gje.jpg
Sagrada_Família,28023,0,commons/Passion_Facade_of_the_Sagrada_Família/0/pictures/Basilique_Sagrada_Familia_façade_sud_ouest_Barcelone_15.jpg
Sagrada_Família,28023,0,commons/Passion_Facade_of_the_Sagrada_Família/0/pictures/Basilique_Sagrada_Familia_façade_sud_ouest_Barcelone_16.jpg
Sagrada_Família,28023,0,commons/Passion_Facade_of_the_Sagrada_Família/0/pictures/Basilique_Sagrada_Familia_façade_sud_ouest_Barcelone_19.jpg
Sagrada_Família,28023,0,commons/Passion_Facade_of_the_Sagrada_Família/0/pictures/Basilique_Sagrada_Familia_façade_sud_ouest_Barcelone_3.jpg
Sagrada_Família,28023,0,"commons/Passion_Facade_of_the_Sagrada_Família/0/pictures/Basilica_and_Expiatory_Church_of_the_Holy_Family,_Barcelona,_Spain.jpg"
Sagrada_Família,28023,0,commons/Passion_Facade_of_the_Sagrada_Família/0/pictures/Basilica_Sagrada_Familia_BCN_04_2016_6925.jpg
Sagrada_Família,28023,0,commons/Passion_Facade_of_the_Sagrada_Família/0/pictures/Basilique_Sagrada_Familia_façade_sud_ouest_Barcelone_5.jpg
Sagrada_Família,28023,0,commons/Passion_Facade_of_the_Sagrada_Família/0/pictures/Basilique_Sagrada_Familia_façade_sud_ouest_Barcelone_8.jpg
Sagrada_Família,28023,0,commons/Passion_Facade_of_the_Sagrada_Família/0/pictures/ES_Barcelona_0711_(10)_(17047068050).jpg
Sagrada_Família,28023,0,commons/Passion_Facade_of_the_Sagrada_Família/0/pictures/Basilique_Sagrada_Familia_façade_sud_ouest_Barcelone_9.jpg
Sagrada_Família,28023,0,commons/Passion_Facade_of_the_Sagrada_Família/0/pictures/ES_Barcelona_9806_017_(17234556955).jpg
Sagrada_Família,28023,0,commons/Passion_Facade_of_the_Sagrada_Família/0/pictures/Catedral_de_la_Sagrada_Familia_Panorama_4.jpg
Sagrada_Família,28023,0,commons/Passion_Facade_of_the_Sagrada_Família/0/pictures/Catedral_Basílica_Metropolitana_de_Barcelona_-_panoramio.jpg
Sagrada_Família,28023,0,commons/Passion_Facade_of_the_Sagrada_Família/0/pictures/Basilique_Sagrada_Familia_façade_sud_ouest_Barcelone_4.jpg
Sagrada_Família,28023,0,commons/Passion_Facade_of_the_Sagrada_Família/0/pictures/Basílica_de_la_Sagrada_Familia_(6).jpg
Sagrada_Família,28023,0,commons/Passion_Facade_of_the_Sagrada_Família/0/pictures/Basílica_de_la_Sagrada_Familia_(8).jpg
Sagrada_Família,28023,0,commons/Passion_Facade_of_the_Sagrada_Família/0/pictures/Exterior_of_the_Sagrada_Família_20.jpg
Sagrada_Família,28023,0,commons/Passion_Facade_of_the_Sagrada_Família/0/pictures/Exterior_of_the_Sagrada_Família_20171225.jpg
Sagrada_Família,28023,0,commons/Passion_Facade_of_the_Sagrada_Família/0/pictures/Exterior_of_the_Sagrada_Família_07.jpg
Sagrada_Família,28023,0,commons/Passion_Facade_of_the_Sagrada_Família/0/pictures/Exterior_of_the_Sagrada_Família_25.jpg
Sagrada_Família,28023,0,commons/Passion_Facade_of_the_Sagrada_Família/0/pictures/Exterior_of_the_Sagrada_Família_26.jpg
Sagrada_Família,28023,0,commons/Passion_Facade_of_the_Sagrada_Família/0/pictures/Exterior_of_the_Sagrada_Família_35.jpg
Sagrada_Família,28023,0,"commons/Passion_Facade_of_the_Sagrada_Família/0/pictures/Fachada_de_Sagrada_Familia,_Barcelona.jpg"
Sagrada_Família,28023,0,commons/Passion_Facade_of_the_Sagrada_Família/0/pictures/Eixample_-_Sagrada_Família_-_20150828105810.jpg
Sagrada_Família,28023,0,commons/Passion_Facade_of_the_Sagrada_Família/0/pictures/Fale_-_Spain_-_Barcelona_-_104.jpg
Sagrada_Família,28023,0,commons/Passion_Facade_of_the_Sagrada_Família/0/pictures/Font_View_of_the_Basílica_de_la_Sagrada_Família.jpg
Sagrada_Família,28023,0,commons/Passion_Facade_of_the_Sagrada_Família/0/pictures/La_Sagrada_Familla.jpg
Sagrada_Família,28023,0,"commons/Passion_Facade_of_the_Sagrada_Família/0/pictures/La_Sagrada_Família,_Barcelona_-_panoramio_(3).jpg"
Sagrada_Família,28023,0,commons/Passion_Facade_of_the_Sagrada_Família/0/pictures/Passion_Facade_of_the_Sagrada_Família_(1).jpg
Sagrada_Família,28023,0,commons/Passion_Facade_of_the_Sagrada_Família/0/pictures/Passion_Facade_of_the_Sagrada_Família_(2).jpg
Sagrada_Família,28023,0,commons/Passion_Facade_of_the_Sagrada_Família/0/pictures/Magnificence_(189995327).jpeg
Sagrada_Família,28023,0,commons/Passion_Facade_of_the_Sagrada_Família/0/pictures/Passion_Facade_of_the_Sagrada_Família_(4).jpg
Sagrada_Família,28023,0,commons/Passion_Facade_of_the_Sagrada_Família/0/pictures/Passion_Facade_of_the_Sagrada_Família_(3).jpg
Sagrada_Família,28023,0,commons/Passion_Facade_of_the_Sagrada_Família/0/pictures/Passion_Facade_of_the_Sagrada_Família_(5).jpg
Sagrada_Família,28023,0,commons/Passion_Facade_of_the_Sagrada_Família/0/pictures/Passion_Facade_of_the_Sagrada_Família_(6).jpg
Sagrada_Família,28023,0,commons/Passion_Facade_of_the_Sagrada_Família/0/pictures/Passion_Facade_of_the_Sagrada_Família_(7).jpg
Sagrada_Família,28023,0,commons/Passion_Facade_of_the_Sagrada_Família/0/pictures/Passion_facade_-_ceiling.JPG
Sagrada_Família,28023,0,commons/Passion_Facade_of_the_Sagrada_Família/0/pictures/Sagrada_Familia_(62467595).jpeg
Sagrada_Família,28023,0,commons/Passion_Facade_of_the_Sagrada_Família/0/pictures/SF_-_Passió_2018-m.jpg
Sagrada_Família,28023,0,commons/Passion_Facade_of_the_Sagrada_Família/0/pictures/Sagrada_Familia_(22305932513).jpg
Sagrada_Família,28023,0,"commons/Passion_Facade_of_the_Sagrada_Família/0/pictures/Passion_Facade_of_the_Sagrada_Família,_May_2013_-_12.JPG"
Sagrada_Família,28023,0,commons/Passion_Facade_of_the_Sagrada_Família/0/pictures/Passió_2018.jpg
Sagrada_Família,28023,0,commons/Passion_Facade_of_the_Sagrada_Família/0/pictures/Sagrada_Familia_(20634194880).jpg
Sagrada_Família,28023,0,commons/Passion_Facade_of_the_Sagrada_Família/0/pictures/SF_-_Passió_2018.jpg
Sagrada_Família,28023,0,commons/Passion_Facade_of_the_Sagrada_Família/0/pictures/SF_Pasión_2021.jpg
Sagrada_Família,28023,0,commons/Passion_Facade_of_the_Sagrada_Família/0/pictures/Sagrada_Familia_(July_2022)_19.jpg
Sagrada_Família,28023,0,commons/Passion_Facade_of_the_Sagrada_Família/0/pictures/Sagrada_Familia_(6622712005).jpg
Sagrada_Família,28023,0,commons/Passion_Facade_of_the_Sagrada_Família/0/pictures/Sagrada_Familia_01-07.JPG
Sagrada_Família,28023,0,commons/Passion_Facade_of_the_Sagrada_Família/0/pictures/Sagrada_Familia_-_panoramio_(19).jpg
Sagrada_Família,28023,0,commons/Passion_Facade_of_the_Sagrada_Família/0/pictures/Sagrada_Familia_-_panoramio_(21).jpg
Sagrada_Família,28023,0,commons/Passion_Facade_of_the_Sagrada_Família/0/pictures/Sagrada_Familia_-_panoramio_(22).jpg
Sagrada_Família,28023,0,commons/Passion_Facade_of_the_Sagrada_Família/0/pictures/Sagrada_Familia_0123.JPG
Sagrada_Família,28023,0,commons/Passion_Facade_of_the_Sagrada_Família/0/pictures/Sagrada_Familia_2016_Construcción.jpg
Sagrada_Família,28023,0,commons/Passion_Facade_of_the_Sagrada_Família/0/pictures/Sagrada_Familia_-_panoramio_(25).jpg
Sagrada_Família,28023,0,"commons/Passion_Facade_of_the_Sagrada_Família/0/pictures/Sagrada_Familia_Basilica,_Barcelona_01.jpg"
Sagrada_Família,28023,0,"commons/Passion_Facade_of_the_Sagrada_Família/0/pictures/Sagrada_Familia_Basilica,_Barcelona_04.jpg"
Sagrada_Família,28023,0,commons/Passion_Facade_of_the_Sagrada_Família/0/pictures/Sagrada_Familia_2019.jpg
Sagrada_Família,28023,0,"commons/Passion_Facade_of_the_Sagrada_Família/0/pictures/Sagrada_Familia_Basilica,_Barcelona_08.jpg"
Sagrada_Família,28023,0,"commons/Passion_Facade_of_the_Sagrada_Família/0/pictures/Sagrada_Familia_Basilica,_Barcelona_10.jpg"
Sagrada_Família,28023,0,commons/Passion_Facade_of_the_Sagrada_Família/0/pictures/Sagrada_Familia_01-03.JPG
Sagrada_Família,28023,0,commons/Passion_Facade_of_the_Sagrada_Família/0/pictures/Sagrada_Familia_Construcción.jpg
Sagrada_Família,28023,0,commons/Passion_Facade_of_the_Sagrada_Família/0/pictures/Sagrada_Familia_Construcción_B.jpg
Sagrada_Família,28023,0,"commons/Passion_Facade_of_the_Sagrada_Família/0/pictures/Sagrada_Familia_Basilica,_Barcelona_06.jpg"
Sagrada_Família,28023,0,"commons/Passion_Facade_of_the_Sagrada_Família/0/pictures/Sagrada_Familia_Basilica,_Barcelona_07.jpg"
Sagrada_Família,28023,0,commons/Passion_Facade_of_the_Sagrada_Família/0/pictures/Sagrada_Familia_entrance_line_(18602128498).jpg
Sagrada_Família,28023,0,commons/Passion_Facade_of_the_Sagrada_Família/0/pictures/Sagrada_Familia_May_2022_02.jpg
Sagrada_Família,28023,0,commons/Passion_Facade_of_the_Sagrada_Família/0/pictures/Sagrada_Familia_facciata_della_passione.JPG
Sagrada_Família,28023,0,commons/Passion_Facade_of_the_Sagrada_Família/0/pictures/Sagrada_Familia_outside_View.jpg
Sagrada_Família,28023,0,"commons/Passion_Facade_of_the_Sagrada_Família/0/pictures/Sagrada_Familia,_Barcelona_(31875930762).jpg"
Sagrada_Família,28023,0,"commons/Passion_Facade_of_the_Sagrada_Família/0/pictures/Sagrada_Familia,_Barcelona_(31875925392).jpg"
Sagrada_Família,28023,0,"commons/Passion_Facade_of_the_Sagrada_Família/0/pictures/Sagrada_Familia,_Barcelona_(Ank_Kumar)_09.jpg"
Sagrada_Família,28023,0,"commons/Passion_Facade_of_the_Sagrada_Família/0/pictures/Sagrada_Familia,_Barcelona_(24419683886).jpg"
Sagrada_Família,28023,0,"commons/Passion_Facade_of_the_Sagrada_Família/0/pictures/Sagrada_Familia_from_below,_March_2014.jpg"
Sagrada_Família,28023,0,"commons/Passion_Facade_of_the_Sagrada_Família/0/pictures/Sagrada_Familia,_Barcelona._(50287087357).jpg"
Sagrada_Família,28023,0,"commons/Passion_Facade_of_the_Sagrada_Família/0/pictures/Sagrada_Familia,_Passion_Facade_(15)_(31151310412).jpg"
Sagrada_Família,28023,0,"commons/Passion_Facade_of_the_Sagrada_Família/0/pictures/Sagrada_Familia,_Passion_Facade_(17)_(31151198362).jpg"
Sagrada_Família,28023,0,"commons/Passion_Facade_of_the_Sagrada_Família/0/pictures/Sagrada_Familia,_Barcelona_(Ank_Kumar)_06.jpg"
Sagrada_Família,28023,0,"commons/Passion_Facade_of_the_Sagrada_Família/0/pictures/Sagrada_Familia,_Passion_Facade_(4)_(31296304665).jpg"
Sagrada_Família,28023,0,"commons/Passion_Facade_of_the_Sagrada_Família/0/pictures/Sagrada_Familia,_Barcelona,_España_-_panoramio_(6).jpg"
Sagrada_Família,28023,0,"commons/Passion_Facade_of_the_Sagrada_Família/0/pictures/Sagrada_Familia,_Barcelona_(Ank_Kumar)_10.jpg"
Sagrada_Família,28023,0,"commons/Passion_Facade_of_the_Sagrada_Família/0/pictures/Sagrada_Familia,_Barcelona_2017_01.jpg"
Sagrada_Família,28023,0,commons/Passion_Facade_of_the_Sagrada_Família/0/pictures/Sagrada_Familia010.jpg
Sagrada_Família,28023,0,"commons/Passion_Facade_of_the_Sagrada_Família/0/pictures/Sagrada_Familia,_Passion_Facade_(5)_(30474187004).jpg"
Sagrada_Família,28023,0,"commons/Passion_Facade_of_the_Sagrada_Família/0/pictures/Sagrada_Familia,_Passion_Facade_(7)_(30488051053).jpg"
Sagrada_Família,28023,0,commons/Passion_Facade_of_the_Sagrada_Família/0/pictures/Sagrada_Familia004.jpg
Sagrada_Família,28023,0,commons/Passion_Facade_of_the_Sagrada_Família/0/pictures/Sagrada_Familia006.jpg
Sagrada_Família,28023,0,commons/Passion_Facade_of_the_Sagrada_Família/0/pictures/Sagrada_Famillia_-_Barcelona.jpg
Sagrada_Família,28023,0,"commons/Passion_Facade_of_the_Sagrada_Família/0/pictures/Sagrada_Família,_with_jacaranda_(7644344338).jpg"
Sagrada_Família,28023,0,commons/Passion_Facade_of_the_Sagrada_Família/0/pictures/Sagrada_familia_Passionsfassade_Zustand_Juni_2017.jpg
Sagrada_Família,28023,0,commons/Passion_Facade_of_the_Sagrada_Família/0/pictures/Sagrada_familia_(7567080300).jpg
Sagrada_Família,28023,0,commons/Passion_Facade_of_the_Sagrada_Família/0/pictures/Sagrada_familia_-_barcelona_-_panoramio.jpg
Sagrada_Família,28023,0,commons/Passion_Facade_of_the_Sagrada_Família/0/pictures/Sagrada_familia_243.jpg
Sagrada_Família,28023,0,commons/Passion_Facade_of_the_Sagrada_Família/0/pictures/Sagrada_familia_(7567084496).jpg
Sagrada_Família,28023,0,commons/Passion_Facade_of_the_Sagrada_Família/0/pictures/Segrada_Familia_2016-172.jpg
Sagrada_Família,28023,0,commons/Passion_Facade_of_the_Sagrada_Família/0/pictures/Temple_Expiatori_de_la_Sagrada_Família_(Barcelona)_-_41.jpg
Sagrada_Família,28023,0,commons/Passion_Facade_of_the_Sagrada_Família/0/pictures/TEMPLE_EXPIATORI_DE_LA_SAGRADA_FAMÍLIA_24012021_(1)_21.jpg
Sagrada_Família,28023,0,commons/Passion_Facade_of_the_Sagrada_Família/0/pictures/Sflia6.jpg
Sagrada_Família,28023,0,commons/Passion_Facade_of_the_Sagrada_Família/0/pictures/Temple_Expiatori_de_la_Sagrada_Família-聖家族贖罪教会_-_panoramio.jpg
Sagrada_Família,28023,0,commons/Passion_Facade_of_the_Sagrada_Família/0/pictures/TÅRNA_NEDENFRA.jpg
Sagrada_Família,28023,0,commons/Passion_Facade_of_the_Sagrada_Família/0/pictures/Sflia7.jpg
Sagrada_Família,28023,0,commons/Passion_Facade_of_the_Sagrada_Família/0/pictures/Trip_to_Europe_2017_37.jpg
Sagrada_Família,28023,0,commons/Passion_Facade_of_the_Sagrada_Família/0/pictures/Саграда_Вамилия.jpg
Sagrada_Família,28023,0,commons/Passion_Facade_of_the_Sagrada_Família/0/pictures/Welcome_(218422043).jpeg
Sagrada_Família,28023,0,"commons/Passion_Facade_of_the_Sagrada_Família_at_night/0/pictures/039_Basílica_de_la_Sagrada_Família,_angle_c._Sardenya_-_c._Mallorca.jpg"
Sagrada_Família,28023,0,commons/Passion_Facade_of_the_Sagrada_Família/0/pictures/Vista_de_la_sagrada_familia.jpg
Sagrada_Família,28023,0,commons/Passion_Facade_of_the_Sagrada_Família_at_night/0/pictures/Barcelona_2006_(2844579795).jpg
Sagrada_Família,28023,0,"commons/Passion_Facade_of_the_Sagrada_Família_at_night/0/pictures/Antoni_Gaudi's_Sagrada_Familia,_Barcelona_(Ank_Kumar)_02.jpg"
Sagrada_Família,28023,0,commons/Passion_Facade_of_the_Sagrada_Família_at_night/0/pictures/DRI_Sagrada_Familia_Passionsfassade_01.jpg
Sagrada_Família,28023,0,commons/Passion_Facade_of_the_Sagrada_Família_at_night/0/pictures/Barcelona_2006_(2844608373).jpg
Sagrada_Família,28023,0,commons/Passion_Facade_of_the_Sagrada_Família_at_night/0/pictures/Escultures_façana_sagrada_família.jpg
Sagrada_Família,28023,0,commons/Passion_Facade_of_the_Sagrada_Família_at_night/0/pictures/Façana_Passió.jpg
Sagrada_Família,28023,0,commons/Passion_Facade_of_the_Sagrada_Família_at_night/0/pictures/Sagrada_Familia_al_Atardecer.JPG
Sagrada_Família,28023,0,commons/Passion_Facade_of_the_Sagrada_Família_at_night/0/pictures/Sagrada_Familia_at_night_01.jpg
Sagrada_Família,28023,0,commons/Passion_Facade_of_the_Sagrada_Família_at_night/0/pictures/Sagrada_Familia_Evening_2_(5839005497).jpg
Sagrada_Família,28023,0,commons/Passion_Facade_of_the_Sagrada_Família_at_night/0/pictures/Sagrada_Familia_West_Facade_at_night.JPG
Sagrada_Família,28023,0,commons/Passion_Facade_of_the_Sagrada_Família_at_night/0/pictures/SagradaFamiliaBarcelona.jpg
Sagrada_Família,28023,0,"commons/Passion_facade_towers_of_the_Sagrada_Família/0/pictures/084_Sagrada_Família,_façana_de_la_Passió_i_torres.jpg"
Sagrada_Família,28023,0,commons/Passion_facade_towers_of_the_Sagrada_Família/0/pictures/15-10-28-Sagrada_Familia-WMA_3137.jpg
Sagrada_Família,28023,0,"commons/Passion_facade_towers_of_the_Sagrada_Família/0/pictures/086_Sagrada_Família,_façana_de_la_Passió_i_torres.jpg"
Sagrada_Família,28023,0,commons/Passion_facade_towers_of_the_Sagrada_Família/0/pictures/050529_Barcelona_026.jpg
Sagrada_Família,28023,0,commons/Passion_facade_towers_of_the_Sagrada_Família/0/pictures/15-10-28-Sagrada_Familia-WMA_3123.jpg
Sagrada_Família,28023,0,commons/Passion_facade_towers_of_the_Sagrada_Família/0/pictures/Barcellona_sagrada_familia_front.jpg
Sagrada_Família,28023,0,commons/Passion_facade_towers_of_the_Sagrada_Família/0/pictures/At_the_bottom_of_the_Sagrada_Familia.JPG
Sagrada_Família,28023,0,commons/Passion_facade_towers_of_the_Sagrada_Família/0/pictures/15-10-28-Sagrada_Familia-WMA_3141.jpg
Sagrada_Família,28023,0,commons/Passion_facade_towers_of_the_Sagrada_Família/0/pictures/2019_03_16_AIDA_Barcelona_(87).jpg
Sagrada_Família,28023,0,commons/Passion_facade_towers_of_the_Sagrada_Família/0/pictures/15-10-28-Sagrada_Familia-WMA_3142.jpg
Sagrada_Família,28023,0,commons/Passion_facade_towers_of_the_Sagrada_Família/0/pictures/2008_Sagrada_Familia_03.JPG
Sagrada_Família,28023,0,commons/Passion_facade_towers_of_the_Sagrada_Família/0/pictures/2008_Sagrada_Familia_05.JPG
Sagrada_Família,28023,0,"commons/Passion_facade_towers_of_the_Sagrada_Família/0/pictures/275_Sagrada_Família,_torres_de_la_façana_de_la_Passió.JPG"
Sagrada_Família,28023,0,commons/Passion_facade_towers_of_the_Sagrada_Família/0/pictures/Barcelona_-_Carrer_de_Provença_-_View_East_on_La_Sagrada_Família_-_Apostles_on_Passion_façade.jpg
Sagrada_Família,28023,0,commons/Passion_facade_towers_of_the_Sagrada_Família/0/pictures/Barcelona_(4719735931).jpg
Sagrada_Família,28023,0,commons/Passion_facade_towers_of_the_Sagrada_Família/0/pictures/Barcelona_(4719733151).jpg
Sagrada_Família,28023,0,commons/Passion_facade_towers_of_the_Sagrada_Família/0/pictures/Barcelona_(4720387870).jpg
Sagrada_Família,28023,0,commons/Passion_facade_towers_of_the_Sagrada_Família/0/pictures/Barcelona_-_Carrer_de_Provença_-_View_SE_on_La_Sagrada_Família_-_Passion_façade.jpg
Sagrada_Família,28023,0,commons/Passion_facade_towers_of_the_Sagrada_Família/0/pictures/Barcelona_-_Plaça_de_la_Sagrada_Família_-_Passion_Façade_-_View_NE_on_four_'Apostle'-Towers.jpg
Sagrada_Família,28023,0,commons/Passion_facade_towers_of_the_Sagrada_Família/0/pictures/Barcelona_-_Carrer_de_Provença_-_View_SE_on_La_Sagrada_Família.jpg
Sagrada_Família,28023,0,commons/Passion_facade_towers_of_the_Sagrada_Família/0/pictures/Barcelona_-_Carrer_de_Sardenya_-_View_SE_on_La_Sagrada_Família_-_Passion_façade.jpg
Sagrada_Família,28023,0,commons/Passion_facade_towers_of_the_Sagrada_Família/0/pictures/Barcelona_-_Plaça_de_Gaudí_-_View_SW_on_La_Sagrada_Família_III.jpg
Sagrada_Família,28023,0,commons/Passion_facade_towers_of_the_Sagrada_Família/0/pictures/Barcelona_-_panoramio_(193).jpg
Sagrada_Família,28023,0,commons/Passion_facade_towers_of_the_Sagrada_Família/0/pictures/Barcelona_-_La_Sagrada_Família_-_View_NNW_on_Passion_façade.jpg
Sagrada_Família,28023,0,commons/Passion_facade_towers_of_the_Sagrada_Família/0/pictures/Barcelona_-_panoramio_(299).jpg
Sagrada_Família,28023,0,commons/Passion_facade_towers_of_the_Sagrada_Família/0/pictures/Barcelona_-_panoramio_(285).jpg
Sagrada_Família,28023,0,commons/Passion_facade_towers_of_the_Sagrada_Família/0/pictures/Barcelona_1069_16.jpg
Sagrada_Família,28023,0,commons/Passion_facade_towers_of_the_Sagrada_Família/0/pictures/Barcelona_1069_06.jpg
Sagrada_Família,28023,0,commons/Passion_facade_towers_of_the_Sagrada_Família/0/pictures/Barcelona_017x.jpg
Sagrada_Família,28023,0,commons/Passion_facade_towers_of_the_Sagrada_Família/0/pictures/Barcelona_2006_(2845415882).jpg
Sagrada_Família,28023,0,commons/Passion_facade_towers_of_the_Sagrada_Família/0/pictures/Barcelona_2006_(2845445538).jpg
Sagrada_Família,28023,0,commons/Passion_facade_towers_of_the_Sagrada_Família/0/pictures/Barcelona_2006_(2845415612).jpg
Sagrada_Família,28023,0,commons/Passion_facade_towers_of_the_Sagrada_Família/0/pictures/Barcelona_2006_(2845449230).jpg
Sagrada_Família,28023,0,commons/Passion_facade_towers_of_the_Sagrada_Família/0/pictures/Barcelona-Sagrada_Familia_by_Antonio_Gaudi1.jpg
Sagrada_Família,28023,0,"commons/Passion_facade_towers_of_the_Sagrada_Família/0/pictures/Barcelona,_Sagrada_Familia-PM_19005.jpg"
Sagrada_Família,28023,0,commons/Passion_facade_towers_of_the_Sagrada_Família/0/pictures/Barcelona-gm1.jpg
Sagrada_Família,28023,0,commons/Passion_facade_towers_of_the_Sagrada_Família/0/pictures/Barcelona_2015_10_12_3647_(22890760900).jpg
Sagrada_Família,28023,0,commons/Passion_facade_towers_of_the_Sagrada_Família/0/pictures/Basílica_de_la_Sagrada_Familia_(17).jpg
Sagrada_Família,28023,0,commons/Passion_facade_towers_of_the_Sagrada_Família/0/pictures/ES_Barcelona_0711_(12)_(16614413543).jpg
Sagrada_Família,28023,0,commons/Passion_facade_towers_of_the_Sagrada_Família/0/pictures/Exterior_of_the_Sagrada_Família_17.jpg
Sagrada_Família,28023,0,commons/Passion_facade_towers_of_the_Sagrada_Família/0/pictures/Gaudí's_La_Sagrada_de_la_Familia_(64912037).jpg
Sagrada_Família,28023,0,commons/Passion_facade_towers_of_the_Sagrada_Família/0/pictures/Katedra_sagrada_familia_-_panoramio.jpg
Sagrada_Família,28023,0,commons/Passion_facade_towers_of_the_Sagrada_Família/0/pictures/Katedra_sagrada_familia_-_panoramio_-_zbylon.jpg
Sagrada_Família,28023,0,commons/Passion_facade_towers_of_the_Sagrada_Família/0/pictures/La_Sagrada_Familia_-_panoramio_(5).jpg
Sagrada_Família,28023,0,commons/Passion_facade_towers_of_the_Sagrada_Família/0/pictures/La_Sagrada_Familia_in_Barcelona_-_panoramio.jpg
Sagrada_Família,28023,0,commons/Passion_facade_towers_of_the_Sagrada_Família/0/pictures/La_Sagrada_Familia_-_panoramio_(1).jpg
Sagrada_Família,28023,0,commons/Passion_facade_towers_of_the_Sagrada_Família/0/pictures/La_Sagrada_Familia_-_panoramio_(4).jpg
Sagrada_Família,28023,0,commons/Passion_facade_towers_of_the_Sagrada_Família/0/pictures/La_Sagrada_Familia_-_panoramio_(22).jpg
Sagrada_Família,28023,0,"commons/Passion_facade_towers_of_the_Sagrada_Família/0/pictures/La_Sagrada_Familia,_Barcelona,_Spain_-_panoramio_(57).jpg"
Sagrada_Família,28023,0,"commons/Passion_facade_towers_of_the_Sagrada_Família/0/pictures/La_Sagrada_Familia,_Barcelona,_Spain_-_panoramio_(88).jpg"
Sagrada_Família,28023,0,commons/Passion_facade_towers_of_the_Sagrada_Família/0/pictures/La_Sagrada_Familia-7_щупальца_морского_гада_-_panoramio.jpg
Sagrada_Família,28023,0,commons/Passion_facade_towers_of_the_Sagrada_Família/0/pictures/Sagrada_Familia_West_Towers.JPG
Sagrada_Família,28023,0,commons/Passion_facade_towers_of_the_Sagrada_Família/0/pictures/Szkola_pod_Zaglami_Sagrada_Familia.jpg
Sagrada_Família,28023,0,commons/Passion_facade_towers_of_the_Sagrada_Família/0/pictures/SagradaFamiliaNordfassade.jpg
Sagrada_Família,28023,0,commons/Passion_facade_towers_of_the_Sagrada_Família/0/pictures/TH-Barcelona9.jpg
Sagrada_Família,28023,0,commons/Passion_facade_towers_of_the_Sagrada_Família/0/pictures/Segrada_familia_construction_2.JPG
Sagrada_Família,28023,0,"commons/Passion_facade_towers_of_the_Sagrada_Família/0/pictures/Templo_Expiatorio_de_la_Sagrada_Familia,_2013_(8).JPG"
Sagrada_Família,28023,0,commons/Passion_facade_towers_of_the_Sagrada_Família/0/pictures/Temple_Expiatori_de_la_Sagrada_Familia_(4).jpg
Sagrada_Família,28023,0,commons/Passion_facade_towers_of_the_Sagrada_Família/0/pictures/Temple_Expiatori_de_la_Sagrada_Familia_(3).jpg
Sagrada_Família,28023,0,commons/Passion_facade_towers_of_the_Sagrada_Família/0/pictures/Torri_della_Sagrada_Familia.jpg
Sagrada_Família,28023,0,commons/Passion_facade_towers_of_the_Sagrada_Família/0/pictures/Temple_Sagrada_Familia.JPG
Sagrada_Família,28023,0,commons/Passion_facade_towers_of_the_Sagrada_Família/0/pictures/Torres_de_la_Sagrada_Familia-_2011.JPG
Sagrada_Família,28023,0,commons/Passion_facade_towers_of_the_Sagrada_Família/0/pictures/Spire_-_Sagrada_Familia_-_Barcelona_2014.JPG
Sagrada_Família,28023,0,commons/Passion_facade_towers_of_the_Sagrada_Família/0/pictures/Top_of_Sagrada_Familia.jpg
Sagrada_Família,28023,0,commons/Passion_facade_towers_of_the_Sagrada_Família/0/pictures/TEMPLE_EXPIATORI_DE_LA_SAGRADA_FAMÍLIA_24012021_(1)_18.jpg
Sagrada_Família,28023,0,commons/Passion_facade_towers_of_the_Sagrada_Família/0/pictures/Temple_Expiatori_de_la_Sagrada_Família_01.jpg
Sagrada_Família,28023,0,commons/Passion_facade_towers_of_the_Sagrada_Família/0/pictures/Zagrada_familia.jpg
Sagrada_Família,28023,0,commons/Passion_facade_towers_of_the_Sagrada_Família/0/pictures/Towers_-_Passion_Facade_-_Sagrada_Família_-_Barcelona_2014.JPG
Sagrada_Família,28023,0,commons/Passion_facade_towers_of_the_Sagrada_Família/0/pictures/尚未完工的聖家族教堂_-_panoramio.jpg
Sagrada_Família,28023,0,commons/Passion_facade_towers_of_the_Sagrada_Família/0/pictures/Towers_of_the_Sagrada_Família-3.jpg
Sagrada_Família,28023,0,commons/Pediment_of_the_Passion_Facade_of_the_Sagrada_Família/0/pictures/046-Sagrada-Familia.jpg
Sagrada_Família,28023,0,commons/Pediment_of_the_Passion_Facade_of_the_Sagrada_Família/0/pictures/Barcelona_-_Temple_Expiatori_de_la_Sagrada_Família_(39).jpg
Sagrada_Família,28023,0,commons/Passion_facade_towers_of_the_Sagrada_Família/0/pictures/Towers_of_the_Sagrada_Família-2.jpg
Sagrada_Família,28023,0,commons/Pediment_of_the_Passion_Facade_of_the_Sagrada_Família/0/pictures/Basílica_de_la_Sagrada_Familia_(17).jpg
Sagrada_Família,28023,0,commons/Pediment_of_the_Passion_Facade_of_the_Sagrada_Família/0/pictures/Barcelona_-_panoramio_(292).jpg
Sagrada_Família,28023,0,commons/Pediment_of_the_Passion_Facade_of_the_Sagrada_Família/0/pictures/Exterior_of_the_Sagrada_Família_33.jpg
Sagrada_Família,28023,0,commons/Pediment_of_the_Passion_Facade_of_the_Sagrada_Família/0/pictures/SF_-_Passió_2018-m.jpg
Sagrada_Família,28023,0,"commons/Pediment_of_the_Passion_Facade_of_the_Sagrada_Família/0/pictures/Sagrada_Familia,_Passion_Facade_(6)_(30927959660).jpg"
Sagrada_Família,28023,0,commons/Pediment_of_the_Passion_Facade_of_the_Sagrada_Família/0/pictures/Sagrada_Familia_8-12-21_(4).jpg
Sagrada_Família,28023,0,commons/Pediment_of_the_Passion_Facade_of_the_Sagrada_Família/0/pictures/Basílica_de_la_Sagrada_Familia_(4).jpg
Sagrada_Família,28023,0,commons/Pediment_of_the_Passion_Facade_of_the_Sagrada_Família/0/pictures/Sagrada_Familia_-_Juny_de_2016_-_03.jpg
Sagrada_Família,28023,0,"commons/Pediment_of_the_Passion_Facade_of_the_Sagrada_Família/0/pictures/Sagrada_Familia,_Passion_Facade_(8)_(31180918131).jpg"
Sagrada_Família,28023,0,commons/Pediment_of_the_Passion_Facade_of_the_Sagrada_Família/0/pictures/SF_Passió.jpg
Sagrada_Família,28023,0,commons/Pediment_of_the_Passion_Facade_of_the_Sagrada_Família/0/pictures/Segrada_Familia_2016-191.jpg
Sagrada_Família,28023,0,commons/Pinnacles_of_the_Sagrada_Família/0/pictures/La_Sagrada_Familia-7_щупальца_морского_гада_-_panoramio.jpg
Sagrada_Família,28023,0,commons/Portal_of_Charity_of_the_Sagrada_Família/0/pictures/Barcelona_-_La_Sagrada_Família_-_Nativity_Façade_-_Upward_View_from_close_by_the_Manger.jpg
Sagrada_Família,28023,0,commons/Portal_of_Charity_of_the_Sagrada_Família/0/pictures/Barcelona_-_La_Sagrada_Família_-_Nativity_Façade_-_All_Eyes_&_Faces_turned_towards_the_Child_in_the_Manger.jpg
Sagrada_Família,28023,0,commons/Portal_of_Charity_of_the_Sagrada_Família/0/pictures/Barcelona_1992_-_panoramio_(2).jpg
Sagrada_Família,28023,0,commons/Portal_of_Charity_of_the_Sagrada_Família/0/pictures/Barcelona_-_La_Sagrada_Família_-_Nativity_Façade_V.jpg
Sagrada_Família,28023,0,commons/Portal_of_Charity_of_the_Sagrada_Família/0/pictures/Barcelona_-_panoramio_(256).jpg
Sagrada_Família,28023,0,commons/Portal_of_Charity_of_the_Sagrada_Família/0/pictures/La_Sagrada_Familia._Pórtico_de_la_Caridad.jpg
Sagrada_Família,28023,0,"commons/Portal_of_Charity_of_the_Sagrada_Família/0/pictures/Nativity_Facade_of_the_Sagrada_Família,_May_2013_-_17.JPG"
Sagrada_Família,28023,0,commons/Portal_of_Charity_of_the_Sagrada_Família/0/pictures/Sagrada_Familia_(part_of_Nativity_facade)_-_panoramio.jpg
Sagrada_Família,28023,0,"commons/Portal_of_Charity_of_the_Sagrada_Família/0/pictures/Nativity_facade_of_the_Sagrada_Familia,_February_2013_-_02.JPG"
Sagrada_Família,28023,0,commons/Portal_of_Charity_of_the_Sagrada_Família/0/pictures/Fachada_da_Caridade._A_Sagrada_Familia._Barcelona_B42.jpg
Sagrada_Família,28023,0,commons/Portal_of_Charity_of_the_Sagrada_Família/0/pictures/Sagrada_Familia_detail_2_-_panoramio.jpg
Sagrada_Família,28023,0,commons/Portal_of_Charity_of_the_Sagrada_Família/0/pictures/Sagrada_Familia_01-51.JPG
Sagrada_Família,28023,0,commons/Portal_of_Charity_of_the_Sagrada_Família/0/pictures/Sagrada_Familia_1_-_panoramio.jpg
Sagrada_Família,28023,0,commons/Portal_of_Charity_of_the_Sagrada_Família/0/pictures/Sflia17.jpg
Sagrada_Família,28023,0,commons/Portal_of_Hope_of_the_Sagrada_Família/0/pictures/Barcelona_-_panoramio_(255).jpg
Sagrada_Família,28023,0,commons/Portal_of_Hope_of_the_Sagrada_Família/0/pictures/Barcelona_(9399231608).jpg
Sagrada_Família,28023,0,"commons/Portal_of_Hope_of_the_Sagrada_Família/0/pictures/Nativity_Facade_of_the_Sagrada_Família,_May_2013_-_02.JPG"
Sagrada_Família,28023,0,commons/Portal_of_Hope_of_the_Sagrada_Família/0/pictures/Sagrada_Familia_-_panoramio_(12).jpg
Sagrada_Família,28023,0,commons/Remote_views_of_the_Nativity_Facade_of_the_Sagrada_Família/0/pictures/Barcelona_Sagrada_Familia_Nativity_facade_03.jpg
Sagrada_Família,28023,0,commons/Remote_views_of_the_Nativity_Facade_of_the_Sagrada_Família/0/pictures/Templo_Expiatorio_de_la_Sagrada_Familia_3.JPG
Sagrada_Família,28023,0,commons/Remote_views_of_the_Passion_Facade_of_the_Sagrada_Família/0/pictures/052-Sagrada-Familia.jpg
Sagrada_Família,28023,0,commons/Remote_views_of_the_Passion_Facade_of_the_Sagrada_Família/0/pictures/053-Sagrada-Familia.jpg
Sagrada_Família,28023,0,commons/Remote_views_of_the_Passion_Facade_of_the_Sagrada_Família/0/pictures/15-10-28-Sagrada_Familia-WMA_3124.jpg
Sagrada_Família,28023,0,commons/Remote_views_of_the_Passion_Facade_of_the_Sagrada_Família/0/pictures/Barcelona_1069_12.jpg
Sagrada_Família,28023,0,commons/Remote_views_of_the_Passion_Facade_of_the_Sagrada_Família/0/pictures/Fale_-_Spain_-_Barcelona_-_92.jpg
Sagrada_Família,28023,0,commons/Remote_views_of_the_Passion_Facade_of_the_Sagrada_Família/0/pictures/Barcelona_Sagrada_Familia_Passion_facade_remote_01.jpg
Sagrada_Família,28023,0,commons/Remote_views_of_the_Passion_Facade_of_the_Sagrada_Família/0/pictures/Sagrada_Familia_-_panoramio_-_anibal_amaro.jpg
Sagrada_Família,28023,0,commons/Remote_views_of_the_Passion_Facade_of_the_Sagrada_Família/0/pictures/Sagrada_Familia_-_Façana_de_la_passió_2015_-_01.JPG
Sagrada_Família,28023,0,commons/Remote_views_of_the_Passion_Facade_of_the_Sagrada_Família/0/pictures/Sagrada_Familia_-_panoramio_(9).jpg
Sagrada_Família,28023,0,commons/Remote_views_of_the_Passion_Facade_of_the_Sagrada_Família/0/pictures/Sagrada_Familia_(18094024540).jpg
Sagrada_Família,28023,0,commons/Remote_views_of_the_Passion_Facade_of_the_Sagrada_Família/0/pictures/Sagrada_Familia_PG.jpg
Sagrada_Família,28023,0,commons/Remote_views_of_the_Passion_Facade_of_the_Sagrada_Família/0/pictures/Sagrada_Família_(5597602510).jpg
Sagrada_Família,28023,0,commons/Right-side_of_the_Passion_Facade_of_the_Sagrada_Família/0/pictures/Barcelona_2015_10_12_0248_(22890774630).jpg
Sagrada_Família,28023,0,commons/Right-side_of_the_Passion_Facade_of_the_Sagrada_Família/0/pictures/Sagrada_Familia_-_panoramio_(27).jpg
Sagrada_Família,28023,0,commons/Right-side_of_the_Passion_Facade_of_the_Sagrada_Família/0/pictures/Left_side_-_Passion_Facade_-_Sagrada_Familia_-_Barcelona_2014.jpg
Sagrada_Família,28023,0,commons/Christ_Tower_of_the_Sagrada_Família/0/pictures/Eixample_-_Sagrada_Família_-_20150828110552.jpg
Sagrada_Família,28023,0,commons/Sagrada_Família_at_night/0/pictures/Barcelona_1098_09.jpg
Sagrada_Família,28023,0,commons/Sculpture_of_Alpha_Omega_in_the_Passion_Facade_of_the_Sagrada_Família/0/pictures/Sagrada_Familia_Facade.jpg
Sagrada_Família,28023,0,"commons/Sculpture_of_Alpha_Omega_in_the_Passion_Facade_of_the_Sagrada_Família/0/pictures/Sculptures_in_the_Passion_Facade_of_the_Sagrada_Família,_February_2013_-_10.jpg"
Sagrada_Família,28023,0,commons/Sculpture_of_Ascension_of_Christ_at_the_Passion_Facade_of_the_Sagrada_Família/0/pictures/La_Sagrada_Familia-6_христианское_-_panoramio.jpg
Sagrada_Família,28023,0,commons/Sculpture_of_Ascension_of_Christ_at_the_Passion_Facade_of_the_Sagrada_Família/0/pictures/Barcelona_(4719731695).jpg
Sagrada_Família,28023,0,"commons/Sculpture_of_Ascension_of_Christ_at_the_Passion_Facade_of_the_Sagrada_Família/0/pictures/Sagrada_Familia,_Passion_Facade_(9)_(30487911783).jpg"
Sagrada_Família,28023,0,"commons/Sculpture_of_Ascension_of_Christ_at_the_Passion_Facade_of_the_Sagrada_Família/0/pictures/Sagrada_Familia,_Passion_Facade_(13)_(30487653963).jpg"
Sagrada_Família,28023,0,commons/Sculpture_of_Crucifixion_of_Christ_at_the_Passion_Facade_of_the_Sagrada_Família/0/pictures/049-Sagrada-Familia.jpg
Sagrada_Família,28023,0,commons/Sculpture_of_Crucifixion_of_Christ_at_the_Passion_Facade_of_the_Sagrada_Família/0/pictures/2019_03_16_AIDA_Barcelona_(89).jpg
Sagrada_Família,28023,0,commons/Sculpture_of_Crucifixion_of_Christ_at_the_Passion_Facade_of_the_Sagrada_Família/0/pictures/Barcelona_-_panoramio_(280).jpg
Sagrada_Família,28023,0,commons/Sculpture_of_Crucifixion_of_Christ_at_the_Passion_Facade_of_the_Sagrada_Família/0/pictures/Barcelona_017x.jpg
Sagrada_Família,28023,0,commons/Sculpture_of_Crucifixion_of_Christ_at_the_Passion_Facade_of_the_Sagrada_Família/0/pictures/Barcelona_2015_10_12_0257_(23160434376).jpg
Sagrada_Família,28023,0,commons/Sculpture_of_Crucifixion_of_Christ_at_the_Passion_Facade_of_the_Sagrada_Família/0/pictures/Barcelona_260.JPG
Sagrada_Família,28023,0,commons/Sculpture_of_Crucifixion_of_Christ_at_the_Passion_Facade_of_the_Sagrada_Família/0/pictures/DSC_7934-MR-LaPassionSagradaFamilia.jpg
Sagrada_Família,28023,0,commons/Sculpture_of_Crucifixion_of_Christ_at_the_Passion_Facade_of_the_Sagrada_Família/0/pictures/Die_Basilika_Sagrada_Familia_3.jpg
Sagrada_Família,28023,0,commons/Sculpture_of_Crucifixion_of_Christ_at_the_Passion_Facade_of_the_Sagrada_Família/0/pictures/Barcelona_Sagrada_Familia_sculptures_Passion_facade_2017_05.jpg
Sagrada_Família,28023,0,commons/Sculpture_of_Crucifixion_of_Christ_at_the_Passion_Facade_of_the_Sagrada_Família/0/pictures/Eixample_-_Sagrada_Família_-_20150828104424.jpg
Sagrada_Família,28023,0,commons/Sculpture_of_Crucifixion_of_Christ_at_the_Passion_Facade_of_the_Sagrada_Família/0/pictures/Eixample_-_Sagrada_Família_-_20150828140655.jpg
Sagrada_Família,28023,0,commons/Sculpture_of_Crucifixion_of_Christ_at_the_Passion_Facade_of_the_Sagrada_Família/0/pictures/Exterior_of_the_Sagrada_Família_19.jpg
Sagrada_Família,28023,0,commons/Sculpture_of_Crucifixion_of_Christ_at_the_Passion_Facade_of_the_Sagrada_Família/0/pictures/Barcelona_Sagrada_Familia_sculptures_Passion_facade_02.jpg
Sagrada_Família,28023,0,commons/Sculpture_of_Crucifixion_of_Christ_at_the_Passion_Facade_of_the_Sagrada_Família/0/pictures/Crucifixion_-_Sagrada_Familia_-_Barcelona_2014.JPG
Sagrada_Família,28023,0,commons/Sculpture_of_Crucifixion_of_Christ_at_the_Passion_Facade_of_the_Sagrada_Família/0/pictures/ES-BCN-sagr-fam-pass-01.jpg
Sagrada_Família,28023,0,commons/Sculpture_of_Crucifixion_of_Christ_at_the_Passion_Facade_of_the_Sagrada_Família/0/pictures/Fale_-_Spain_-_Barcelona_-_106.jpg
Sagrada_Família,28023,0,commons/Columns_of_the_Sagrada_Família/0/pictures/Solitud.jpg
Sagrada_Família,28023,0,"commons/Sculpture_of_Crucifixion_of_Christ_at_the_Passion_Facade_of_the_Sagrada_Família/0/pictures/La_Sagrada_Familia,_Barcelona,_Spain_-_panoramio_(73).jpg"
Sagrada_Família,28023,0,"commons/Sculpture_of_Crucifixion_of_Christ_at_the_Passion_Facade_of_the_Sagrada_Família/0/pictures/La_Sagrada_Família,_Barcelona_-_panoramio_(15).jpg"
Sagrada_Família,28023,0,"commons/Sculpture_of_Crucifixion_of_Christ_at_the_Passion_Facade_of_the_Sagrada_Família/0/pictures/Passion_Facade_of_the_Sagrada_Família,_May_2013_-_08.JPG"
Sagrada_Família,28023,0,"commons/Sculpture_of_Crucifixion_of_Christ_at_the_Passion_Facade_of_the_Sagrada_Família/0/pictures/La_Sagrada_Familia_,_Barcelona_,_Obra_de_Antonio_Gaudi_-_panoramio_(4).jpg"
Sagrada_Família,28023,0,"commons/Sculpture_of_Crucifixion_of_Christ_at_the_Passion_Facade_of_the_Sagrada_Família/0/pictures/Passion_Facade_of_the_Sagrada_Família,_May_2013_-_13.JPG"
Sagrada_Família,28023,0,commons/Sculpture_of_Crucifixion_of_Christ_at_the_Passion_Facade_of_the_Sagrada_Família/0/pictures/La_Sagrada_Familia_(1070916761).jpg
Sagrada_Família,28023,0,commons/Sculpture_of_Crucifixion_of_Christ_at_the_Passion_Facade_of_the_Sagrada_Família/0/pictures/Sagrada_Familia_-_panoramio_(23).jpg
Sagrada_Família,28023,0,commons/Sculpture_of_Crucifixion_of_Christ_at_the_Passion_Facade_of_the_Sagrada_Família/0/pictures/SF_-_Crucifixión.jpg
Sagrada_Família,28023,0,commons/Sculpture_of_Crucifixion_of_Christ_at_the_Passion_Facade_of_the_Sagrada_Família/0/pictures/Pórtico_Sagrada_Familia_-_panoramio.jpg
Sagrada_Família,28023,1,commons/West_Aisle_of_the_Sagrada_Família/0/pictures/Σαγράδα_Φαμίλια_3357.jpg
Sagrada_Família,28023,1,commons/West_Aisle_of_the_Sagrada_Família/0/pictures/Underside_of_the_galleries_-_Interior_of_the_Sagrada_Família_-_Barcelona_2014.JPG
Sagrada_Família,28023,1,commons/West_Aisle_of_the_Sagrada_Família/0/pictures/Vitrais_-_2_(8749952499).jpg
Sagrada_Família,28023,1,commons/West_Aisle_of_the_Sagrada_Família/0/pictures/Sagrada_familia_01.JPG
Sagrada_Família,28023,1,"commons/West_Aisle_of_the_Sagrada_Família/0/pictures/Sagrada_Familia,_interior_(21)_(31130118082).jpg"
Sagrada_Família,28023,1,commons/West_Aisle_of_the_Sagrada_Família/0/pictures/Sagrada_Familia_Windows.jpg
Sagrada_Família,28023,1,commons/West_Aisle_of_the_Sagrada_Família/0/pictures/Sagrada_Familia_(214137327).jpeg
Sagrada_Família,28023,1,commons/West_Aisle_of_the_Sagrada_Família/0/pictures/La_Sagrada_Familia_inside.jpg
Sagrada_Família,28023,1,commons/West_Aisle_of_the_Sagrada_Família/0/pictures/Sagrada_Familia_(2807707125).jpg
Sagrada_Família,28023,1,commons/West_Aisle_of_the_Sagrada_Família/0/pictures/La_Sagrada_Familia_beautiful_light.jpg
Sagrada_Família,28023,1,commons/West_Aisle_of_the_Sagrada_Família/0/pictures/R_2048_20120929_2229_DSC00184.jpg
Sagrada_Família,28023,1,commons/West_Aisle_of_the_Sagrada_Família/0/pictures/SF_-_Interior1.JPG
Sagrada_Família,28023,1,commons/West_Aisle_of_the_Sagrada_Família/0/pictures/Interior_sagrada_flia.JPG
Sagrada_Família,28023,1,commons/West_Aisle_of_the_Sagrada_Família/0/pictures/RI-51-0003813.JPG
Sagrada_Família,28023,1,commons/West_Aisle_of_the_Sagrada_Família/0/pictures/Interior_del_Temple.JPG
Sagrada_Família,28023,1,commons/West_Aisle_of_the_Sagrada_Família/0/pictures/Eixample_-_Sagrada_Família_-_20150828135704.jpg
Sagrada_Família,28023,1,commons/West_Aisle_of_the_Sagrada_Família/0/pictures/Eixample_-_Sagrada_Família_-_20150828140402.jpg
Sagrada_Família,28023,1,"commons/West_Aisle_of_the_Sagrada_Família/0/pictures/Colorfully_illuminated_west_aisle_of_the_Sagrada_Família_in_Barcelona,_2015.jpg"
Sagrada_Família,28023,1,commons/West_Aisle_of_the_Sagrada_Família/0/pictures/Fale_-_Spain_-_Barcelona_-_118.jpg
Sagrada_Família,28023,1,commons/West_Aisle_of_the_Sagrada_Família/0/pictures/Basílica_de_la_Sagrada_Familia_(14).jpg
Sagrada_Família,28023,1,commons/West_Aisle_of_the_Sagrada_Família/0/pictures/Catalogne_Barcelone_Sagrada_Familia_Nef_Laterale_24092009_-_panoramio.jpg
Sagrada_Família,28023,1,commons/West_Aisle_of_the_Sagrada_Família/0/pictures/Cat_Inside_Gaudi_S_Sagrada_Familia_Barcelona_(55775634).jpeg
Sagrada_Família,28023,1,commons/West_Aisle_of_the_Sagrada_Família/0/pictures/Barcelona_Sagrada_Familia_interior_07.jpg
Sagrada_Família,28023,1,commons/West_Aisle_of_the_Sagrada_Família/0/pictures/Barcelone_-_Sagrada_Familia_-_Vitraux.jpg
Sagrada_Família,28023,1,commons/West_Aisle_of_the_Sagrada_Família/0/pictures/Barcelona_Sagrada_Familia_2019_39.jpg
Sagrada_Família,28023,1,commons/West_Aisle_of_the_Sagrada_Família/0/pictures/Barcelona_Sagrada_Familia_Interior_2017_01.jpg
Sagrada_Família,28023,1,commons/West_Aisle_of_the_Sagrada_Família/0/pictures/Barcelona_Sagrada_Familia_2019_36.jpg
Sagrada_Família,28023,1,commons/West_Aisle_of_the_Sagrada_Família/0/pictures/Barcelona_Sagrada_Familia_2019_38.jpg
Sagrada_Família,28023,1,commons/West_Aisle_of_the_Sagrada_Família/0/pictures/Barcelona_Sagrada_Familia_2019_47.jpg
Sagrada_Família,28023,1,commons/West_Aisle_of_the_Sagrada_Família/0/pictures/Barcelona_Sagrada_Familia_2019_34.jpg
Sagrada_Família,28023,1,commons/West_Aisle_of_the_Sagrada_Família/0/pictures/Barcelona_Sagrada_Familia_2019_35.jpg
Sagrada_Família,28023,1,commons/West_Aisle_of_the_Sagrada_Família/0/pictures/Barcelona_-_Temple_Expiatori_de_la_Sagrada_Família_(18).jpg
Sagrada_Família,28023,1,commons/West_Aisle_of_the_Sagrada_Família/0/pictures/2019_03_16_AIDA_Barcelona_(111).jpg
Sagrada_Família,28023,1,"commons/West_Aisle_of_the_Sagrada_Família/0/pictures/015_Sagrada_Família,_interior,_finestrals.jpg"
Sagrada_Família,28023,1,commons/West_Aisle_of_the_Sagrada_Família/0/pictures/1HD_aberl_1.jpg
Sagrada_Família,28023,1,commons/West_Aisle_of_the_Sagrada_Família/0/pictures/Barcelona_-_Temple_Expiatori_de_la_Sagrada_Família_(29).jpg
Sagrada_Família,28023,1,"commons/Tourists_in_the_Sagrada_Família/0/pictures/La_Sagrada_Familia,_Barcelona,_Spain_-_panoramio_(6).jpg"
Sagrada_Família,28023,1,commons/Statue_of_Saint_Joseph_in_the_transept_of_the_Sagrada_Família/0/pictures/Sagrada_Familia_Stained_Glass_3_(5839113143).jpg
Sagrada_Família,28023,1,commons/Statue_of_Saint_Joseph_in_the_transept_of_the_Sagrada_Família/0/pictures/Templo_Expiatorio_de_la_Sagrada_Familia_-_panoramio_-_Jorge_Franganillo_(8).jpg
Sagrada_Família,28023,1,commons/Stained_glass_windows_of_the_West_Aisle_of_the_Sagrada_Família/0/pictures/Stained-glass_windows_of_the_Sagrada_Família_2023_2.jpg
Sagrada_Família,28023,1,commons/Stained_glass_windows_of_the_West_Aisle_of_the_Sagrada_Família/0/pictures/Sagrada_Familia046.jpg
Sagrada_Família,28023,1,"commons/Stained_glass_windows_of_the_West_Aisle_of_the_Sagrada_Família/0/pictures/Sagrada_Familia,_stained_glass_windows_(9)_(30926588330).jpg"
Sagrada_Família,28023,1,"commons/Stained_glass_windows_of_the_West_Aisle_of_the_Sagrada_Família/0/pictures/Sagrada_Familia,_stained_glass_windows_(6)_(31150698202).jpg"
Sagrada_Família,28023,1,commons/Stained_glass_windows_of_the_West_Aisle_of_the_Sagrada_Família/0/pictures/Sagrada_Familia_Stained_Glass_07.jpg
Sagrada_Família,28023,1,commons/Stained_glass_windows_of_the_West_Aisle_of_the_Sagrada_Família/0/pictures/Barcelona_1090_07.jpg
Sagrada_Família,28023,1,commons/Stained_glass_windows_of_the_West_Aisle_of_the_Sagrada_Família/0/pictures/Barcelona_-_Temple_Expiatori_de_la_Sagrada_Família_(24).jpg
Sagrada_Família,28023,1,commons/Stained_glass_windows_of_the_South-West_Transept_of_the_Sagrada_Família/0/pictures/Vitrais_-_2_(8749952499).jpg
Sagrada_Família,28023,1,commons/Stained_glass_windows_of_the_South-West_Transept_of_the_Sagrada_Família/0/pictures/Sagrada_Familia_Stained_Glass_7_(5839676826).jpg
Sagrada_Família,28023,1,commons/Stained_glass_windows_of_the_North-East_Transept_of_the_Sagrada_Família/0/pictures/Templo_Expiatorio_de_la_Sagrada_Familia_-_panoramio_-_Jorge_Franganillo_(4).jpg
Sagrada_Família,28023,1,"commons/Stained_glass_windows_of_the_North-East_Transept_of_the_Sagrada_Família/0/pictures/La_Sagrada_Familia,_Barcelona,_Spain_-_panoramio_(42).jpg"
Sagrada_Família,28023,1,commons/Stained_glass_windows_of_the_North-East_Transept_of_the_Sagrada_Família/0/pictures/ES-BCN-sagr-fam-fenster-01.jpg
Sagrada_Família,28023,1,commons/Stained_glass_windows_of_the_Nave_of_the_Sagrada_Família/0/pictures/Intricate_ceiling_in_the_Sagrada_Familia.jpg
Sagrada_Família,28023,1,commons/Stained_glass_windows_of_the_East_Aisle_of_the_Sagrada_Família/0/pictures/Vitraux_-Sagrada_Familia_(Barcelone).JPG
Sagrada_Família,28023,1,"commons/Stained_glass_windows_of_the_East_Aisle_of_the_Sagrada_Família/0/pictures/Stained_Glass_paintings_at_Sagrada_Familia,_Barcelona_06.jpg"
Sagrada_Família,28023,1,"commons/Stained_glass_windows_of_the_East_Aisle_of_the_Sagrada_Família/0/pictures/Stained_Glass_paintings_at_Sagrada_Familia,_Barcelona_05.jpg"
Sagrada_Família,28023,1,commons/Stained_glass_windows_of_the_East_Aisle_of_the_Sagrada_Família/0/pictures/Templo_Expiatorio_de_la_Sagrada_Familia_-_panoramio_-_Jorge_Franganillo_(2).jpg
Sagrada_Família,28023,1,"commons/Stained_glass_windows_of_the_East_Aisle_of_the_Sagrada_Família/0/pictures/Stained_Glass_paintings_at_Sagrada_Familia,_Barcelona_04.jpg"
Sagrada_Família,28023,1,"commons/Stained_glass_windows_of_the_East_Aisle_of_the_Sagrada_Família/0/pictures/Stained_Glass_paintings_at_Sagrada_Familia,_Barcelona_10.jpg"
Sagrada_Família,28023,1,"commons/Stained_glass_windows_of_the_East_Aisle_of_the_Sagrada_Família/0/pictures/Stained_Glass_paintings_at_Sagrada_Familia,_Barcelona_09.jpg"
Sagrada_Família,28023,1,commons/Stained_glass_windows_of_the_East_Aisle_of_the_Sagrada_Família/0/pictures/Stained_Glass_Of_Sagrada_Familia_(259513261).jpeg
Sagrada_Família,28023,1,commons/Stained_glass_windows_of_the_East_Aisle_of_the_Sagrada_Família/0/pictures/Sagrada_familia_-_panoramio_(11).jpg
Sagrada_Família,28023,1,"commons/Stained_glass_windows_of_the_East_Aisle_of_the_Sagrada_Família/0/pictures/Sagrada_Familia,_stained_glass_windows_(5)_(31150758322).jpg"
Sagrada_Família,28023,1,"commons/Stained_glass_windows_of_the_East_Aisle_of_the_Sagrada_Família/0/pictures/Sagrada_Familia,_stained_glass_windows_(3)_(30487123823).jpg"
Sagrada_Família,28023,1,"commons/Stained_glass_windows_of_the_East_Aisle_of_the_Sagrada_Família/0/pictures/Sagrada_Familia,_stained_glass_windows_(11)_(31150428592).jpg"
Sagrada_Família,28023,1,commons/Stained_glass_windows_of_the_East_Aisle_of_the_Sagrada_Família/0/pictures/Sagrada_Familia_(Explore)_-_Flickr_-_Ramirez_de_Gea.jpg
Sagrada_Família,28023,1,"commons/Stained_glass_windows_of_the_East_Aisle_of_the_Sagrada_Família/0/pictures/Sagrada_Famiia,_stained_glass_windows_(8)_(30468921053).jpg"
Sagrada_Família,28023,1,commons/Stained_glass_windows_of_the_Apse_of_the_Sagrada_Família/0/pictures/Sagrada_Familia_m6.jpg
Sagrada_Família,28023,1,"commons/Stained_glass_windows_of_the_Apse_of_the_Sagrada_Família/0/pictures/La_Sagrada_Familia,_Barcelona,_Spain_-_panoramio_(30).jpg"
Sagrada_Família,28023,1,commons/Stained_glass_windows_of_the_Apse_of_the_Sagrada_Família/0/pictures/Inside_La_Sagrada_Familia_-_panoramio_(1).jpg
Sagrada_Família,28023,1,commons/Stained_glass_windows_of_the_Apse_of_the_Sagrada_Família/0/pictures/Gaudí's_La_Sagrada_de_la_Familia_(64911837).jpg
Sagrada_Família,28023,1,commons/Spiral_stairs_of_the_Sagrada_Família/0/pictures/Temple_Expiatori_de_la_Sagrada_Família_(Barcelona)_-_88.jpg
Sagrada_Família,28023,1,commons/Spiral_stairs_of_the_Sagrada_Família/0/pictures/Sagrada_Familia_spiral_staircase_(5910647967).jpg
Sagrada_Família,28023,1,commons/Spiral_stairs_of_the_Sagrada_Família/0/pictures/SAGRADA_FAMILIA-03.JPG
Sagrada_Família,28023,1,"commons/Spiral_stairs_of_the_Sagrada_Família/0/pictures/Eglise_de_La_Sagrada_Familia,_Barcelone,_Catalogne,_Espagne..jpg"
Sagrada_Família,28023,1,commons/Sculptures_of_the_Lion_of_Saint_Mark_in_the_Sagrada_Família/0/pictures/SagradaFamilia_Oct6_2022.jpg
Sagrada_Família,28023,1,commons/Sculptures_of_the_Lion_of_Saint_Mark_in_the_Sagrada_Família/0/pictures/Sagrada_Familia_inside_Windows.jpg
Sagrada_Família,28023,1,commons/Sculptures_of_Bull_of_Saint_Luke_in_the_Sagrada_Família/0/pictures/Basílica_de_la_Sagrada_Familia_(20).jpg
Sagrada_Família,28023,1,commons/Sculptures_of_Angel_of_Saint_Matthew_in_the_Sagrada_Família/0/pictures/SagradaFamilia_Oct6_2022.jpg
Sagrada_Família,28023,1,commons/Sagrada_Família/0/pictures/Collage_de_fotos_sobe_la_Sagrada_Familia_de_Barcelona.jpg
Sagrada_Família,28023,1,commons/Organs_in_the_main_altar_of_the_Sagrada_Família_-_front_part_in_the_choir/0/pictures/Temple_Expiatori_de_la_Sagrada_Família_(Barcelona)_-_7.jpg
Sagrada_Família,28023,1,commons/Organs_in_the_main_altar_of_the_Sagrada_Família_-_front_part_in_the_choir/0/pictures/Temple_Expiatori_de_la_Sagrada_Família_(Barcelona)_-_3.jpg
Sagrada_Família,28023,1,"commons/Organs_in_the_main_altar_of_the_Sagrada_Família_-_part_in_the_ambulatory/0/pictures/La_Sagrada_Familia,_Barcelona,_Spain_-_panoramio_(33).jpg"
Sagrada_Família,28023,1,commons/Organs_in_the_main_altar_of_the_Sagrada_Família_-_front_part_in_the_choir/0/pictures/WLM14ES_-_Barcelona_Interior_491_04_de_julio_de_2011_-_.jpg
Sagrada_Família,28023,1,commons/Organs_in_the_main_altar_of_the_Sagrada_Família_-_front_part_in_the_choir/0/pictures/Sagrada_Familia_Inside_1_(5839151085).jpg
Sagrada_Família,28023,1,commons/Organs_in_the_main_altar_of_the_Sagrada_Família_-_front_part_in_the_choir/0/pictures/Sostenido_en_la_cúpula_y_mirando_al_Cielo.JPG
Sagrada_Família,28023,1,commons/Organs_in_the_main_altar_of_the_Sagrada_Família_-_front_part_in_the_choir/0/pictures/Temple_Expiatori_de_la_Sagrada_Família_(Barcelona)_-_64.jpg
Sagrada_Família,28023,1,commons/Organs_in_the_main_altar_of_the_Sagrada_Família_-_front_part_in_the_choir/0/pictures/Sagrada_familia_Barcelona_2.jpg
Sagrada_Família,28023,1,commons/Organs_in_the_main_altar_of_the_Sagrada_Família_-_front_part_in_the_choir/0/pictures/Temple_Expiatori_de_la_Sagrada_Família_(Barcelona)_-_84.jpg
Sagrada_Família,28023,1,commons/Organs_in_the_main_altar_of_the_Sagrada_Família_-_front_part_in_the_choir/0/pictures/Sagrada_Familia_IV.jpg
Sagrada_Família,28023,1,commons/Organs_in_the_main_altar_of_the_Sagrada_Família_-_front_part_in_the_choir/0/pictures/Sagrada_Familia_in_Barcelona_04.jpg
Sagrada_Família,28023,1,commons/Organs_in_the_main_altar_of_the_Sagrada_Família_-_front_part_in_the_choir/0/pictures/Main_altar_-_Interior_of_Sagrada_Família_-_Barcelona_2014_(2).JPG
Sagrada_Família,28023,1,commons/Organs_in_the_main_altar_of_the_Sagrada_Família_-_front_part_in_the_choir/0/pictures/Sagrada_Familia_(9).jpg
Sagrada_Família,28023,1,commons/Organs_in_the_main_altar_of_the_Sagrada_Família_-_front_part_in_the_choir/0/pictures/Sagrada_Familia_(6622770903).jpg
Sagrada_Família,28023,1,commons/Organs_in_the_main_altar_of_the_Sagrada_Família_-_front_part_in_the_choir/0/pictures/Main_altar_-_Interior_of_Sagrada_Família_-_Barcelona_2014_(3).JPG
Sagrada_Família,28023,1,commons/Organs_in_the_main_altar_of_the_Sagrada_Família_-_front_part_in_the_choir/0/pictures/La_Luz_del_Mundo.jpg
Sagrada_Família,28023,1,commons/Organs_in_the_main_altar_of_the_Sagrada_Família_-_front_part_in_the_choir/0/pictures/SAGRADA_FAMILIA-02.JPG
Sagrada_Família,28023,1,commons/Organs_in_the_main_altar_of_the_Sagrada_Família_-_front_part_in_the_choir/0/pictures/Main_altar_-_Interior_of_Sagrada_Família_-_Barcelona_2014.JPG
Sagrada_Família,28023,1,commons/Organs_in_the_main_altar_of_the_Sagrada_Família_-_front_part_in_the_choir/0/pictures/La_Sagrada_Familia_-_interior_3_-_Barcelona_-_panoramio.jpg
Sagrada_Família,28023,1,"commons/Organs_in_the_main_altar_of_the_Sagrada_Família_-_front_part_in_the_choir/0/pictures/Interiors_of_the_Sagrada_Família,_May_2013_-_20.JPG"
Sagrada_Família,28023,1,"commons/Organs_in_the_main_altar_of_the_Sagrada_Família_-_front_part_in_the_choir/0/pictures/La_Sagrada_Familia,_Barcelona,_Spain_-_panoramio_(32).jpg"
Sagrada_Família,28023,1,commons/Organs_in_the_main_altar_of_the_Sagrada_Família_-_front_part_in_the_choir/0/pictures/Jesus_parachuted_(8749942213).jpg
Sagrada_Família,28023,1,"commons/Organs_in_the_main_altar_of_the_Sagrada_Família_-_front_part_in_the_choir/0/pictures/Interiors_of_the_Sagrada_Família,_May_2013_-_18.JPG"
Sagrada_Família,28023,1,"commons/Organs_in_the_main_altar_of_the_Sagrada_Família_-_front_part_in_the_choir/0/pictures/Antoni_Gaudi’s_Sagrada_Familia,_Barcelona_09.jpg"
Sagrada_Família,28023,1,"commons/Organs_in_the_main_altar_of_the_Sagrada_Família_-_front_part_in_the_choir/0/pictures/Antoni_Gaudi’s_Sagrada_Familia,_Barcelona_07.jpg"
Sagrada_Família,28023,1,"commons/Organs_in_the_main_altar_of_the_Sagrada_Família_-_front_part_in_the_choir/0/pictures/Antoni_Gaudi’s_Sagrada_Familia,_Barcelona_06.jpg"
Sagrada_Família,28023,1,commons/Organs_in_the_main_altar_of_the_Sagrada_Família_-_front_part_in_the_choir/0/pictures/Barcelona_Sagrada_Família_Orgel_(3).jpg
Sagrada_Família,28023,1,"commons/Organs_in_the_main_altar_of_the_Sagrada_Família_-_front_part_in_the_choir/0/pictures/Antoni_Gaudi’s_Sagrada_Familia,_Barcelona_05.jpg"
Sagrada_Família,28023,1,commons/Organs_in_the_main_altar_of_the_Sagrada_Família_-_front_part_in_the_choir/0/pictures/Barcelona_Sagrada_Familia_2019_33.jpg
Sagrada_Família,28023,1,commons/Organs_in_the_main_altar_of_the_Sagrada_Família_-_front_part_in_the_choir/0/pictures/AltarSagradaFamilia_bymanolomoreno.jpg
Sagrada_Família,28023,1,"commons/Organs_in_the_main_altar_of_the_Sagrada_Família_-_front_part_in_the_choir/0/pictures/Antoni_Gaudi’s_Sagrada_Familia,_Barcelona_08.jpg"
Sagrada_Família,28023,1,commons/Organs_in_the_main_altar_of_the_Sagrada_Família_-_front_part_in_the_choir/0/pictures/Altar_major_01.JPG
Sagrada_Família,28023,1,commons/Organs_in_the_main_altar_of_the_Sagrada_Família_-_front_part_in_the_choir/0/pictures/Altar_sagrada_familia.jpg
Sagrada_Família,28023,1,"commons/Organs_in_the_main_altar_of_the_Sagrada_Família_-_front_part_in_the_choir/0/pictures/Antoni_Gaudi’s_Sagrada_Familia,_Barcelona_03.jpg"
Sagrada_Família,28023,1,commons/Construction_of_the_Sagrada_Família_in_2013/0/pictures/Vitrais_-_1_(8749951849).jpg
Sagrada_Família,28023,1,commons/Construction_of_the_Sagrada_Família_in_2013/0/pictures/Sagrada_Família_-_Interior_2_(8751072976).jpg
Sagrada_Família,28023,1,"commons/Choir_of_the_Sagrada_Família/0/pictures/Interiors_of_the_Sagrada_Família,_May_2013_-_18.JPG"
Sagrada_Família,28023,1,commons/Interior_of_the_nave_of_the_Sagrada_Família/0/pictures/Segrada_Familia_2016-351.jpg
Sagrada_Família,28023,1,commons/Construction_of_the_Sagrada_Família_in_2013/0/pictures/Sagrada_Família_-_Interior_1_(8751072026).jpg
Sagrada_Família,28023,1,commons/Choir_of_the_Sagrada_Família/0/pictures/Die_Basilika_Sagrada_Familia_6.jpg
Sagrada_Família,28023,1,commons/Interior_of_the_nave_of_the_Sagrada_Família/0/pictures/Sagrada_Família_in_2008_-_08.JPG
Sagrada_Família,28023,1,commons/Interior_of_the_nave_of_the_Sagrada_Família/0/pictures/Missa_6_novembre_2011_Sagrada_Família_-_01.JPG
Sagrada_Família,28023,1,commons/Ceilings_of_the_aisles_of_the_Sagrada_Família/0/pictures/Sagrada_Família_-_Interior_1_(8751072026).jpg
Sagrada_Família,28023,1,commons/Interior_of_the_nave_of_the_Sagrada_Família/0/pictures/Lascar_Central_nave_-_Sagrada_Familia_(4469323513).jpg
Sagrada_Família,28023,1,"commons/Construction_of_the_Sagrada_Família_in_2013/0/pictures/Interiors_of_the_Sagrada_Família,_May_2013_-_01.JPG"
Sagrada_Família,28023,1,commons/Ceilings_of_the_aisles_of_the_Sagrada_Família/0/pictures/Sagrada_Familia_supports_(5895816739).jpg
Sagrada_Família,28023,1,"commons/Interior_of_the_nave_of_the_Sagrada_Família/0/pictures/La_Sagrada_Familia,_Barcelona,_Spain_-_panoramio_(72).jpg"
Sagrada_Família,28023,1,"commons/Interior_of_the_nave_of_the_Sagrada_Família/0/pictures/La_Sagrada_Familia,_Barcelona,_Spain_-_panoramio_(39).jpg"
Sagrada_Família,28023,1,"commons/Construction_of_the_Sagrada_Família_in_2012/0/pictures/WLM14ES_-_Temple_Expiatori_de_la_Sagrada_Família,_Eixample,_Barcelona_-_MARIA_ROSA_FERRE_(3).jpg"
Sagrada_Família,28023,1,commons/Interior_of_the_nave_of_the_Sagrada_Família/0/pictures/Barcelona_-_panoramio_(259).jpg
Sagrada_Família,28023,1,commons/Construction_of_the_Sagrada_Família_in_2012/0/pictures/Interiors_of_the_Sagrada_Família_(8275413020).jpg
Sagrada_Família,28023,1,commons/Stained_glass_windows_of_the_West_Aisle_of_the_Sagrada_Família/0/pictures/Windows_in_the_aisles_-_Interior_of_the_Sagrada_Família_-_Barcelona_2014.JPG
Sagrada_Família,28023,1,"commons/Ceiling_of_the_nave_of_the_Sagrada_Família/0/pictures/WLM14ES_-_Temple_Expiatori_de_la_Sagrada_Família,_Eixample,_Barcelona_-_MARIA_ROSA_FERRE_(6).jpg"
Sagrada_Família,28023,1,commons/Interior_of_the_South-West_Transept_of_the_Sagrada_Família/0/pictures/Inside_Sagrada_familia_1.jpg
Sagrada_Família,28023,1,"commons/Ceiling_of_the_nave_of_the_Sagrada_Família/0/pictures/WLM14ES_-_Temple_Expiatori_de_la_Sagrada_Família,_Eixample,_Barcelona_-_MARIA_ROSA_FERRE_(11).jpg"
Sagrada_Família,28023,1,"commons/Interior_of_the_South-West_Transept_of_the_Sagrada_Família/0/pictures/La_Sagrada_Família,_Barcelona_-_panoramio_(10).jpg"
Sagrada_Família,28023,1,"commons/Stained_glass_windows_of_the_West_Aisle_of_the_Sagrada_Família/0/pictures/Sagrada_Familia,_stained_glass_windows_(7)_(31150624212).jpg"
Sagrada_Família,28023,1,"commons/Ceiling_of_the_nave_of_the_Sagrada_Família/0/pictures/Sagrada_familia,_Boveda_principal.jpg"
Sagrada_Família,28023,1,"commons/Ceiling_of_the_Choir,_Crossing_and_Nave_of_the_Sagrada_Família/0/pictures/Croisée_du_transept_-_Sagrada_Familia_(Barcelone).JPG"
Sagrada_Família,28023,1,commons/Construction_of_the_Sagrada_Família_in_2011/0/pictures/Barcelona_-_panoramio_(270).jpg
Sagrada_Família,28023,1,"commons/Ceiling_of_the_Choir,_Crossing_and_Nave_of_the_Sagrada_Família/0/pictures/Fullsizeoutput_32bb.jpg"
Sagrada_Família,28023,1,commons/Construction_of_the_Sagrada_Família_in_2011/0/pictures/Barcelona_-_panoramio_(259).jpg
Sagrada_Família,28023,1,commons/Organs_in_the_main_altar_of_the_Sagrada_Família_-_front_part_in_the_choir/0/pictures/Altar_de_la_basílica_de_la_Sagrada_Família.JPG
Sagrada_Família,28023,1,"commons/Stained_glass_windows_of_the_East_Aisle_of_the_Sagrada_Família/0/pictures/Sagrada_Familia,_interior_(13)_(30907447600).jpg"
Sagrada_Família,28023,1,commons/Baldachin_of_the_Sagrada_Família/0/pictures/Sagrada_Familia_Inside_1_(5839151085).jpg
Sagrada_Família,28023,1,commons/Interiors_of_the_Sagrada_Família/0/pictures/Basílica_de_la_Sagrada_Familia_(22).jpg
Sagrada_Família,28023,1,commons/Crossing_of_the_Sagrada_Família/0/pictures/Interior_of_the_Sagrada_Família_(6).jpg
Sagrada_Família,28023,1,commons/Construction_of_the_Sagrada_Família_in_2009/0/pictures/SF_-_interior.jpg
Sagrada_Família,28023,1,commons/Construction_of_the_Sagrada_Família_in_2009/0/pictures/Inside_Sagrada_Familia_(3409524088).jpg
Sagrada_Família,28023,1,commons/Construction_of_the_Sagrada_Família_in_2009/0/pictures/Inside_Sagrada_Familia_-_panoramio_(2).jpg
Sagrada_Família,28023,1,commons/Construction_of_the_Sagrada_Família_in_2009/0/pictures/Inside_Sagrada_Familia_-_panoramio_(1).jpg
Sagrada_Família,28023,1,commons/Construction_of_the_Sagrada_Família_in_2009/0/pictures/Inside_Sagrada_Familia_(3408714959).jpg
Sagrada_Família,28023,1,commons/Construction_of_the_Sagrada_Família_in_2009/0/pictures/Catalogne_Barcelone_Sagrada_Familia_Nef_Laterale_24092009_-_panoramio.jpg
Sagrada_Família,28023,1,commons/Construction_of_the_Sagrada_Família_in_2009/0/pictures/2009-08-sagrada-famiglia-interior-alex-garel.jpg
Sagrada_Família,28023,1,commons/Construction_of_the_Sagrada_Família_in_2008/0/pictures/Sagrada_Família_in_2008_-_08.JPG
Sagrada_Família,28023,1,commons/Construction_of_the_Sagrada_Família_in_2008/0/pictures/Sagrada_Família_in_2008_-_06.JPG
Sagrada_Família,28023,1,commons/Construction_of_the_Sagrada_Família_in_2008/0/pictures/Sagrada_Familia_-_panoramio_-_Seko_Naotomo_(1).jpg
Sagrada_Família,28023,1,commons/Construction_of_the_Sagrada_Família_in_2008/0/pictures/Sagrada_Familia_(interior)_2_-_panoramio.jpg
Sagrada_Família,28023,1,commons/Construction_of_the_Sagrada_Família_in_2008/0/pictures/Lascar_Central_Nave_-_Sagrada_Familia_(4470102976).jpg
Sagrada_Família,28023,1,commons/Construction_of_the_Sagrada_Família_in_2008/0/pictures/2008_Sagrada_Familia_18.JPG
Sagrada_Família,28023,1,commons/Construction_of_the_Sagrada_Família_in_2007/0/pictures/La_sagrada_familia.jpg
Sagrada_Família,28023,1,commons/Columns_of_the_Sagrada_Família/0/pictures/Sagrada_familia_(7567093968).jpg
Sagrada_Família,28023,1,commons/Construction_of_the_Sagrada_Família_in_2014/0/pictures/WLM14ES_-_Barcelona_Interior_475_04_de_julio_de_2011_-_.jpg
Sagrada_Família,28023,1,commons/Columns_of_the_Sagrada_Família/0/pictures/Sagrada_Família._Interior_nau.jpg
Sagrada_Família,28023,1,commons/Columns_of_the_Sagrada_Família/0/pictures/Sagrada_Família_2008.jpg
Sagrada_Família,28023,1,"commons/Columns_of_the_Sagrada_Família/0/pictures/Sagrada_Familia,_Barcelona_(1805425550).jpg"
Sagrada_Família,28023,1,commons/Columns_of_the_Sagrada_Família/0/pictures/Sagrada_Familia_in_Barcelona_06.jpg
Sagrada_Família,28023,1,commons/Columns_of_the_Sagrada_Família/0/pictures/Sagrada_Familia_in_Barcelona_03.jpg
Sagrada_Família,28023,1,commons/Columns_of_the_Sagrada_Família/0/pictures/One_of_the_evangelists'_columns_-_Interior_of_Sagrada_Família_-_Barcelona_2014.JPG
Sagrada_Família,28023,1,commons/Columns_of_the_Sagrada_Família/0/pictures/Sagrada_Familia_(interior)_2_-_panoramio.jpg
Sagrada_Família,28023,1,commons/Construction_of_the_Sagrada_Família_in_2014/0/pictures/Sagrada_Familia_in_Barcelona_08.jpg
Sagrada_Família,28023,1,commons/Crossing_of_the_Sagrada_Família/0/pictures/Ceiling_Canopy_IV.jpg
Sagrada_Família,28023,1,"commons/Columns_of_the_Sagrada_Família/0/pictures/Interiors_of_the_Sagrada_Família,_May_2013_-_07.JPG"
Sagrada_Família,28023,1,"commons/Interiors_of_the_Sagrada_Família/0/pictures/La_Sagrada_Familia,_Barcelona,_Spain_-_panoramio_(9).jpg"
Sagrada_Família,28023,1,commons/Columns_of_the_Sagrada_Família/0/pictures/Interior_de_la_Sagrada_Familia.jpg
Sagrada_Família,28023,1,commons/Interiors_of_the_Sagrada_Família/0/pictures/Karl_Buschhüter_und_Antoni_Gaudí_Literaturlink_(Sagrada_Família).jpg
Sagrada_Família,28023,1,commons/Columns_of_the_Sagrada_Família/0/pictures/Barcelona_-_Templo_Expiatorio_de_la_Sagrada_Familia_-_20150410102752.jpg
Sagrada_Família,28023,1,commons/Choir_of_the_Sagrada_Família/0/pictures/Sagrada_Familia._Interior.JPG
Sagrada_Família,28023,1,commons/Choir_of_the_Sagrada_Família/0/pictures/Σαγράδα_Φαμίλια_3341.jpg
Sagrada_Família,28023,1,commons/Choir_of_the_Sagrada_Família/0/pictures/Sagrada_Familia_Inside_1_(5839151085).jpg
Sagrada_Família,28023,1,commons/Choir_of_the_Sagrada_Família/0/pictures/Temple_Expiatori_de_la_Sagrada_Família_(Barcelona)_-_64.jpg
Sagrada_Família,28023,1,commons/Choir_of_the_Sagrada_Família/0/pictures/Sagrada_Familia_m5.jpg
Sagrada_Família,28023,1,commons/Construction_of_the_Sagrada_Família_in_2013/0/pictures/Sagrada_Familia_I.jpg
Sagrada_Família,28023,1,"commons/Choir_of_the_Sagrada_Família/0/pictures/Antoni_Gaudi’s_Sagrada_Familia,_Barcelona_06.jpg"
Sagrada_Família,28023,1,"commons/Interior_of_the_nave_of_the_Sagrada_Família/0/pictures/Sagrada_Familia,_stained_glass_windows_(9)_(30926588330).jpg"
Sagrada_Família,28023,1,commons/Portal_of_Charity_of_the_Sagrada_Família/0/pictures/Sagrada_familia_-_panoramio_(12).jpg
Sagrada_Família,28023,1,commons/Choir_of_the_Sagrada_Família/0/pictures/Sagrada_Familia_ceiling_panorama_(5945215931).jpg
Sagrada_Família,28023,1,commons/Choir_of_the_Sagrada_Família/0/pictures/Missa_6_novembre_2011_Sagrada_Família_-_02.JPG
Sagrada_Família,28023,1,commons/Choir_of_the_Sagrada_Família/0/pictures/Sagrada_Familia_in_Barcelona_03.jpg
Sagrada_Família,28023,1,commons/Choir_of_the_Sagrada_Família/0/pictures/Sagrada_Familia_lofty_interior_(5899546067).jpg
Sagrada_Família,28023,1,commons/Interior_of_the_nave_of_the_Sagrada_Família/0/pictures/Templo_Expiatorio_de_la_Sagrada_Familia_-_panoramio_-_Jorge_Franganillo_(1).jpg
Sagrada_Família,28023,1,commons/Choir_of_the_Sagrada_Família/0/pictures/Missa_6_novembre_2011_Sagrada_Família_-_01.JPG
Sagrada_Família,28023,1,commons/Interior_of_the_nave_of_the_Sagrada_Família/0/pictures/Templo_Expiatorio_de_la_Sagrada_Familia_-_panoramio_-_Jorge_Franganillo.jpg
Sagrada_Família,28023,1,commons/Choir_of_the_Sagrada_Família/0/pictures/SF_-_Altar_central.JPG
Sagrada_Família,28023,1,commons/Choir_of_the_Sagrada_Família/0/pictures/La_Luz_del_Mundo.jpg
Sagrada_Família,28023,1,"commons/Choir_of_the_Sagrada_Família/0/pictures/La_Sagrada_Familia,_Barcelona,_Spain_-_panoramio_(37).jpg"
Sagrada_Família,28023,1,"commons/Interior_of_the_nave_of_the_Sagrada_Família/0/pictures/The_supports_of_Sagrada_Familia_are_like_trees,_branching_as_they_rise_-_panoramio.jpg"
Sagrada_Família,28023,1,"commons/Choir_of_the_Sagrada_Família/0/pictures/La_Sagrada_Familia,_Barcelona,_Spain_-_panoramio_(36).jpg"
Sagrada_Família,28023,1,commons/Interior_of_the_nave_of_the_Sagrada_Família/0/pictures/Segrada_Familia_Barcelona_(7564254728).jpg
Sagrada_Família,28023,1,"commons/Choir_of_the_Sagrada_Família/0/pictures/La_Sagrada_Familia,_Barcelona,_Spain_-_panoramio_(35).jpg"
Sagrada_Família,28023,1,commons/Interior_of_the_nave_of_the_Sagrada_Família/0/pictures/Stained-glass_windows_of_the_Sagrada_Família_2023_2.jpg
Sagrada_Família,28023,1,"commons/Choir_of_the_Sagrada_Família/0/pictures/La_Sagrada_Familia,_Barcelona,_Spain_-_panoramio_(15).jpg"
Sagrada_Família,28023,1,commons/Choir_of_the_Sagrada_Família/0/pictures/ES-BCN-sagr-fam-03.jpg
Sagrada_Família,28023,1,commons/Interior_of_the_nave_of_the_Sagrada_Família/0/pictures/SagradaFamília-Windows_NorthEast.jpg
Sagrada_Família,28023,1,"commons/Choir_of_the_Sagrada_Família/0/pictures/La_Sagrada_Familia,_Barcelona,_Spain_-_panoramio_(16).jpg"
Sagrada_Família,28023,1,"commons/Choir_of_the_Sagrada_Família/0/pictures/La_Sagrada_Familia,_Barcelona,_Spain_-_panoramio_(2).jpg"
Sagrada_Família,28023,1,commons/Construction_of_the_Sagrada_Família_in_2009/0/pictures/2009-08-15-sagrada-familia-interior.jpg
Sagrada_Família,28023,1,"commons/Choir_of_the_Sagrada_Família/0/pictures/La_Sagrada_Familia,_Barcelona,_Spain_-_panoramio_(10).jpg"
Sagrada_Família,28023,1,commons/Choir_of_the_Sagrada_Família/0/pictures/Basílica_I_Temple_Expiatori_De_La_Sagrada_Família_(111099121).jpeg
Sagrada_Família,28023,1,commons/Choir_of_the_Sagrada_Família/0/pictures/Jesus_parachuted_(8749942213).jpg
Sagrada_Família,28023,1,commons/Interior_of_the_nave_of_the_Sagrada_Família/0/pictures/Sagrada_familia_4.jpg
Sagrada_Família,28023,1,commons/Choir_of_the_Sagrada_Família/0/pictures/Barcelona_Sagrada_Familia_interior_15.jpg
Sagrada_Família,28023,1,commons/Interior_of_the_nave_of_the_Sagrada_Família/0/pictures/Sagrada_familia_column.JPG
Sagrada_Família,28023,1,commons/Choir_of_the_Sagrada_Família/0/pictures/Basílica_de_la_Sagrada_Familia_interior_al_altar.jpg
Sagrada_Família,28023,1,commons/Interior_of_the_nave_of_the_Sagrada_Família/0/pictures/Sagrada_familia_int.jpg
Sagrada_Família,28023,1,"commons/Portal_of_Charity_of_the_Sagrada_Família/0/pictures/La_Sagrada_Familia,_Barcelona,_Spain_-_panoramio_(48).jpg"
Sagrada_Família,28023,1,commons/Choir_of_the_Sagrada_Família/0/pictures/Barcelona_-_Templo_Expiatorio_de_la_Sagrada_Familia_-_20150410101858.jpg
Sagrada_Família,28023,1,commons/Interior_of_the_nave_of_the_Sagrada_Família/0/pictures/Sagrada_Família._Interior_nau.jpg
Sagrada_Família,28023,1,"commons/Choir_of_the_Sagrada_Família/0/pictures/Antoni_Gaudi’s_Sagrada_Familia,_Barcelona_09.jpg"
Sagrada_Família,28023,1,"commons/Interior_of_the_nave_of_the_Sagrada_Família/0/pictures/Sagrada_Familia,_interior_(7)_(31239610346).jpg"
Sagrada_Família,28023,1,"commons/Portal_of_Charity_of_the_Sagrada_Família/0/pictures/La_Sagrada_Familia,_Barcelona,_Spain_-_panoramio_(47).jpg"
Sagrada_Família,28023,1,commons/Choir_of_the_Sagrada_Família/0/pictures/Barcelona_Sagrada_Familia_Interior_2017_05.jpg
Sagrada_Família,28023,1,"commons/Interior_of_the_nave_of_the_Sagrada_Família/0/pictures/Sagrada_Familia,_interior_(6)_(31131660722).jpg"
Sagrada_Família,28023,1,commons/Choir_of_the_Sagrada_Família/0/pictures/Church_in_Barcelona.jpg
Sagrada_Família,28023,1,commons/Choir_of_the_Sagrada_Família/0/pictures/Barcelona_Sagrada_Familia_2019_28.jpg
Sagrada_Família,28023,1,commons/Interior_of_the_nave_of_the_Sagrada_Família/0/pictures/Sagrada_familia_(7567076152).jpg
Sagrada_Família,28023,1,"commons/Choir_of_the_Sagrada_Família/0/pictures/Antoni_Gaudi’s_Sagrada_Familia,_Barcelona_05.jpg"
Sagrada_Família,28023,1,"commons/Interior_of_the_nave_of_the_Sagrada_Família/0/pictures/Sagrada_Familia,_stained_glass_windows_(8)_(31150596812).jpg"
Sagrada_Família,28023,1,"commons/Choir_of_the_Sagrada_Família/0/pictures/Antoni_Gaudi’s_Sagrada_Familia,_Barcelona_04.jpg"
Sagrada_Família,28023,1,"commons/Interior_of_the_nave_of_the_Sagrada_Família/0/pictures/Sagrada_Familia,_stained_glass_windows_(7)_(31150624212).jpg"
Sagrada_Família,28023,1,"commons/Choir_of_the_Sagrada_Família/0/pictures/Antoni_Gaudi’s_Sagrada_Familia,_Barcelona_02.jpg"
Sagrada_Família,28023,1,"commons/Interior_of_the_nave_of_the_Sagrada_Família/0/pictures/Sagrada_Familia,_stained_glass_windows_(6)_(31150698202).jpg"
Sagrada_Família,28023,1,"commons/Choir_of_the_Sagrada_Família/0/pictures/Antoni_Gaudi’s_Sagrada_Familia,_Barcelona_08.jpg"
Sagrada_Família,28023,1,"commons/Interior_of_the_nave_of_the_Sagrada_Família/0/pictures/Sagrada_Familia,_interior_(8)_(31131519932).jpg"
Sagrada_Família,28023,1,commons/Choir_of_the_Sagrada_Família/0/pictures/AltarSagradaFamilia_bymanolomoreno.jpg
Sagrada_Família,28023,1,"commons/Interior_of_the_nave_of_the_Sagrada_Família/0/pictures/Sagrada_Familia,_interior_(5)_(30908374260).jpg"
Sagrada_Família,28023,1,"commons/Choir_of_the_Sagrada_Família/0/pictures/Antoni_Gaudi‘s_Sagrada_Familia,_Barcelona_(Ank_Kumar)_01.jpg"
Sagrada_Família,28023,1,commons/Choir_of_the_Sagrada_Família/0/pictures/A_view_of_the_interior_of_the_Sagrada_Família.jpg
Sagrada_Família,28023,1,"commons/Interior_of_the_nave_of_the_Sagrada_Família/0/pictures/Sagrada_Familia,_interior_(20)_(30906820820).jpg"
Sagrada_Família,28023,1,commons/Choir_of_the_Sagrada_Família/0/pictures/7596395540_Jpg_(165455013).jpeg
Sagrada_Família,28023,1,"commons/Interior_of_the_nave_of_the_Sagrada_Família/0/pictures/Sagrada_Familia,_interior_(17)_(30453114744).jpg"
Sagrada_Família,28023,1,commons/Ceilings_of_the_aisles_of_the_Sagrada_Família/0/pictures/Vista_des_de'l_peu_d'una_columna.JPG
Sagrada_Família,28023,1,commons/Interior_of_the_nave_of_the_Sagrada_Família/0/pictures/La_sagrada_familia.jpg
Sagrada_Família,28023,1,commons/Ceilings_of_the_aisles_of_the_Sagrada_Família/0/pictures/Temple_Expiatori_de_la_Sagrada_Família_(Barcelona)_-_4.jpg
Sagrada_Família,28023,1,commons/Interior_of_the_nave_of_the_Sagrada_Família/0/pictures/Sagrada_Familia_0122.JPG
Sagrada_Família,28023,1,commons/Ceilings_of_the_aisles_of_the_Sagrada_Família/0/pictures/Sagrada_Familia4.JPG
Sagrada_Família,28023,1,commons/Interior_of_the_nave_of_the_Sagrada_Família/0/pictures/Sagrada_Familia_-_panoramio_(7).jpg
Sagrada_Família,28023,1,commons/Ceilings_of_the_aisles_of_the_Sagrada_Família/0/pictures/Temple_Expiatori_de_la_Sagrada_Família_(Barcelona)_-_61.jpg
Sagrada_Família,28023,1,commons/Interior_of_the_nave_of_the_Sagrada_Família/0/pictures/Sagrada_Familia_Antoni_Gaudi.jpg
Sagrada_Família,28023,1,commons/Ceilings_of_the_aisles_of_the_Sagrada_Família/0/pictures/Temple_Expiatori_de_la_Sagrada_Família_(Barcelona)_-_88.jpg
Sagrada_Família,28023,1,commons/Interior_of_the_nave_of_the_Sagrada_Família/0/pictures/Missa_6_novembre_2011_Sagrada_Família_-_02.JPG
Sagrada_Família,28023,1,commons/Tourists_in_the_Sagrada_Família/0/pictures/2019_03_16_AIDA_Barcelona_(119).jpg
Sagrada_Família,28023,1,commons/Ceilings_of_the_aisles_of_the_Sagrada_Família/0/pictures/Temple_Expiatori_de_la_Sagrada_Família_(Barcelona)_-_71.jpg
Sagrada_Família,28023,1,"commons/Interior_of_the_nave_of_the_Sagrada_Família/0/pictures/Sagrada_Famiia,_stained_glass_windows_(5)_(30909261470).jpg"
Sagrada_Família,28023,1,commons/Ceilings_of_the_aisles_of_the_Sagrada_Família/0/pictures/Sagrada_familia_column.JPG
Sagrada_Família,28023,1,"commons/Interior_of_the_nave_of_the_Sagrada_Família/0/pictures/Sagrada_Famiia,_stained_glass_windows_(4)_(30909362930).jpg"
Sagrada_Família,28023,1,commons/Tourists_in_the_Sagrada_Família/0/pictures/2019_03_16_AIDA_Barcelona_(121).jpg
Sagrada_Família,28023,1,commons/Ceilings_of_the_aisles_of_the_Sagrada_Família/0/pictures/Sagrada_Familia_Ceiling_5_(5839102989).jpg
Sagrada_Família,28023,1,"commons/Interior_of_the_nave_of_the_Sagrada_Família/0/pictures/La_Sagrada_Família,_Barcelona_-_panoramio_(10).jpg"
Sagrada_Família,28023,1,commons/Tourists_in_the_Sagrada_Família/0/pictures/2019_03_16_AIDA_Barcelona_(120).jpg
Sagrada_Família,28023,1,commons/Ceilings_of_the_aisles_of_the_Sagrada_Família/0/pictures/Sagrada_Familia055.jpg
Sagrada_Família,28023,1,commons/Construction_of_the_Sagrada_Família_in_2012/0/pictures/Basílica_i_Temple_Expiatori_de_la_Sagrada_Família_interiors.jpg
Sagrada_Família,28023,1,"commons/Interior_of_the_nave_of_the_Sagrada_Família/0/pictures/La_Sagrada_Familia,_Barcelona,_Spain_-_panoramio_(43).jpg"
Sagrada_Família,28023,1,commons/Ceilings_of_the_aisles_of_the_Sagrada_Família/0/pictures/Sagrada_Familia_Ceiling_3_(5839639066).jpg
Sagrada_Família,28023,1,commons/Interior_of_the_nave_of_the_Sagrada_Família/0/pictures/La_Sagrada_Familia_(39523880).jpeg
Sagrada_Família,28023,1,commons/Ceilings_of_the_aisles_of_the_Sagrada_Família/0/pictures/Sagrada_Familia3.JPG
Sagrada_Família,28023,1,"commons/Interior_of_the_nave_of_the_Sagrada_Família/0/pictures/La_Sagrada_Familia,_Barcelona,_Spain_-_panoramio_(26).jpg"
Sagrada_Família,28023,1,commons/Ceilings_of_the_aisles_of_the_Sagrada_Família/0/pictures/Sagrada_Familia_Ceiling_1_(5839220797).jpg
Sagrada_Família,28023,1,"commons/Interior_of_the_nave_of_the_Sagrada_Família/0/pictures/La_Sagrada_Familia_,_Barcelona_,_Obra_de_Antonio_Gaudi_-_panoramio_(6).jpg"
Sagrada_Família,28023,1,commons/Ceilings_of_the_aisles_of_the_Sagrada_Família/0/pictures/Sagrada_Familia_Ceiling_2_(5839695030).jpg
Sagrada_Família,28023,1,"commons/Interior_of_the_nave_of_the_Sagrada_Família/0/pictures/La_Sagrada_Familia,_Barcelona,_Spain_-_panoramio_(19).jpg"
Sagrada_Família,28023,1,commons/Statue_of_Virgin_Mary_in_the_transept_of_the_Sagrada_Família/0/pictures/Barcelona_-_Temple_Expiatori_de_la_Sagrada_Família_(30).jpg
Sagrada_Família,28023,1,commons/Ceilings_of_the_aisles_of_the_Sagrada_Família/0/pictures/Sagrada_Familia_Ceiling_6_(5839825934).jpg
Sagrada_Família,28023,1,"commons/Interior_of_the_nave_of_the_Sagrada_Família/0/pictures/Interiors_of_the_Sagrada_Família,_May_2013_-_14.JPG"
Sagrada_Família,28023,1,commons/Ceilings_of_the_aisles_of_the_Sagrada_Família/0/pictures/Sagrada_Familia_Interior.jpg
Sagrada_Família,28023,1,"commons/Interior_of_the_nave_of_the_Sagrada_Família/0/pictures/Interiors_of_the_Sagrada_Família,_May_2013_-_13.JPG"
Sagrada_Família,28023,1,commons/Ceilings_of_the_aisles_of_the_Sagrada_Família/0/pictures/Inside_Sagrada_Familia_(3409524088).jpg
Sagrada_Família,28023,1,commons/Ceilings_of_the_aisles_of_the_Sagrada_Família/0/pictures/Intérieur_de_la_Sagrada_Familia.jpg
Sagrada_Família,28023,1,commons/Ceilings_of_the_aisles_of_the_Sagrada_Família/0/pictures/Sagrada_Familia_(voûte)_(10).JPG
Sagrada_Família,28023,1,commons/Interior_of_the_nave_of_the_Sagrada_Família/0/pictures/Inside_Sagrada_Familia_(3409524088).jpg
Sagrada_Família,28023,1,commons/Construction_of_the_Sagrada_Família_in_2008/0/pictures/Barcelona_Sagrada_Família_estrutura_-_panoramio.jpg
Sagrada_Família,28023,1,commons/Ceilings_of_the_aisles_of_the_Sagrada_Família/0/pictures/SF_-_Bóveda.jpg
Sagrada_Família,28023,1,"commons/Interior_of_the_nave_of_the_Sagrada_Família/0/pictures/Interior_Sagrada_Família,_Barcelona_(maig_2013)_-_panoramio_(2).jpg"
Sagrada_Família,28023,1,commons/Statue_of_Virgin_Mary_in_the_transept_of_the_Sagrada_Família/0/pictures/2019_03_16_AIDA_Barcelona_(122).jpg
Sagrada_Família,28023,1,commons/Ceilings_of_the_aisles_of_the_Sagrada_Família/0/pictures/SAGRADA_FAMILIA-03.JPG
Sagrada_Família,28023,1,commons/Interior_of_the_nave_of_the_Sagrada_Família/0/pictures/Interior_nau_Sagrada_Família.jpg
Sagrada_Família,28023,1,"commons/Construction_of_the_Sagrada_Família_in_2012/0/pictures/WLM14ES_-_Temple_Expiatori_de_la_Sagrada_Família,_Eixample,_Barcelona_-_MARIA_ROSA_FERRE_(9).jpg"
Sagrada_Família,28023,1,commons/Interior_of_the_nave_of_the_Sagrada_Família/0/pictures/Barcelona_-_La_Sagrada_Família_-_View_SE_on_the_South_side_of_the_Central_Nave_Vault.jpg
Sagrada_Família,28023,1,commons/Ceilings_of_the_aisles_of_the_Sagrada_Família/0/pictures/Nau_Sagrada_Família_Barcelona.jpg
Sagrada_Família,28023,1,commons/Interior_of_the_nave_of_the_Sagrada_Família/0/pictures/Interior_of_the_Sagrada_Família_(9).jpg
Sagrada_Família,28023,1,commons/Ceilings_of_the_aisles_of_the_Sagrada_Família/0/pictures/Interior_de_la_Sagrada_Familia_.jpg
Sagrada_Família,28023,1,commons/Interior_of_the_nave_of_the_Sagrada_Família/0/pictures/Interior_of_the_Sagrada_Família_(10).jpg
Sagrada_Família,28023,1,commons/Construction_of_the_Sagrada_Família_in_2008/0/pictures/2008_Sagrada_Familia_15.JPG
Sagrada_Família,28023,1,commons/Ceilings_of_the_aisles_of_the_Sagrada_Família/0/pictures/Interiors_of_the_Sagrada_Família_(8275413020).jpg
Sagrada_Família,28023,1,commons/Construction_of_the_Sagrada_Família_in_2012/0/pictures/Arquitectura_de_la_geometría.jpg
Sagrada_Família,28023,1,commons/Interior_of_the_nave_of_the_Sagrada_Família/0/pictures/Inside_Sagrada_Familia_-_panoramio_(2).jpg
Sagrada_Família,28023,1,commons/Construction_of_the_Sagrada_Família_in_2012/0/pictures/Vista_des_de'l_peu_d'una_columna.JPG
Sagrada_Família,28023,1,"commons/Ceilings_of_the_aisles_of_the_Sagrada_Família/0/pictures/017_Sagrada_Família,_interior,_volta_i_columnes.jpg"
Sagrada_Família,28023,1,"commons/Ceilings_of_the_aisles_of_the_Sagrada_Família/0/pictures/Interior_view,_Sagrada_Familia,_Barcelona.jpg"
Sagrada_Família,28023,1,commons/Interior_of_the_nave_of_the_Sagrada_Família/0/pictures/Ceiling_Canopy_VI.jpg
Sagrada_Família,28023,1,commons/Ceilings_of_the_aisles_of_the_Sagrada_Família/0/pictures/Interior_of_the_Sagrada_Família_-_Choirs_singing.JPG
Sagrada_Família,28023,1,commons/Interior_of_the_nave_of_the_Sagrada_Família/0/pictures/Inside_Sagrada_Familia_-_panoramio_(1).jpg
Sagrada_Família,28023,1,commons/Ceilings_of_the_aisles_of_the_Sagrada_Família/0/pictures/Inside_Sagrada_Familia_(3408714959).jpg
Sagrada_Família,28023,1,"commons/Construction_of_the_Sagrada_Família_in_2012/0/pictures/WLM14ES_-_Basílica_de_la_Sagrada_Família,_Barcelona_-_MARIA_ROSA_FERRE.jpg"
Sagrada_Família,28023,1,commons/Ceilings_of_the_Sagrada_Família/0/pictures/La_Sagrada_Familia_inside.jpg
Sagrada_Família,28023,1,commons/Ceilings_of_the_aisles_of_the_Sagrada_Família/0/pictures/Gaudi_(2835914074).jpg
Sagrada_Família,28023,1,commons/Interior_of_the_nave_of_the_Sagrada_Família/0/pictures/Die_Basilika_Sagrada_Familia_9.jpg
Sagrada_Família,28023,1,commons/Ceilings_of_the_aisles_of_the_Sagrada_Família/0/pictures/Fale_-_Spain_-_Barcelona_-_119.jpg
Sagrada_Família,28023,1,commons/Interior_of_the_nave_of_the_Sagrada_Família/0/pictures/Die_Basilika_Sagrada_Familia_8.jpg
Sagrada_Família,28023,1,commons/Construction_of_the_Sagrada_Família_in_2007/0/pictures/Sagrada_familia_4.jpg
Sagrada_Família,28023,1,commons/Ceilings_of_the_aisles_of_the_Sagrada_Família/0/pictures/El_cielo_de_la_Sagrada_Familia.jpg
Sagrada_Família,28023,1,commons/Construction_of_the_Sagrada_Família_in_2012/0/pictures/Segrada_Familia_Barcelona_(7564252270).jpg
Sagrada_Família,28023,1,commons/Ceilings_of_the_Sagrada_Família/0/pictures/Sagrada_Família_(5597021911).jpg
Sagrada_Família,28023,1,commons/Ceilings_of_the_aisles_of_the_Sagrada_Família/0/pictures/DetailCeilingSagradaFamilia.jpg
Sagrada_Família,28023,1,commons/Interior_of_the_nave_of_the_Sagrada_Família/0/pictures/Detalls_del_sostre_de_la_Sagrada_Família.jpg
Sagrada_Família,28023,1,commons/Construction_of_the_Sagrada_Família_in_2008/0/pictures/2008_Sagrada_Familia_16.JPG
Sagrada_Família,28023,1,commons/Ceilings_of_the_aisles_of_the_Sagrada_Família/0/pictures/Columna_Sagrada_Familia.jpg
Sagrada_Família,28023,1,commons/Ceilings_of_the_aisles_of_the_Sagrada_Família/0/pictures/Bóveda_gaudí_copia.jpg
Sagrada_Família,28023,1,commons/Construction_of_the_Sagrada_Família_in_2012/0/pictures/Temple_Expiatori_de_la_Sagrada_Família_(Barcelona)_-_82.jpg
Sagrada_Família,28023,1,commons/Ceilings_of_the_Sagrada_Família/0/pictures/Do_You_See_The_Space_Monster_(112062175).jpeg
Sagrada_Família,28023,1,commons/Ceilings_of_the_aisles_of_the_Sagrada_Família/0/pictures/Bosc_de_columnes.jpg
Sagrada_Família,28023,1,"commons/Interior_of_the_nave_of_the_Sagrada_Família/0/pictures/WLM14ES_-_Temple_Expiatori_de_la_Sagrada_Família,_Eixample,_Barcelona_-_MARIA_ROSA_FERRE_(5).jpg"
Sagrada_Família,28023,1,commons/Construction_of_the_Sagrada_Família_in_2012/0/pictures/Temple_Expiatori_de_la_Sagrada_Família_(Barcelona)_-_85.jpg
Sagrada_Família,28023,1,commons/Construction_of_the_Sagrada_Família_in_2007/0/pictures/Sagrada_window.jpg
Sagrada_Família,28023,1,commons/Ceilings_of_the_aisles_of_the_Sagrada_Família/0/pictures/Ceiling_of_the_central_nave_of_Sagrada_Família.JPG
Sagrada_Família,28023,1,commons/Interior_of_the_nave_of_the_Sagrada_Família/0/pictures/Segrada_Familia_2016-369.jpg
Sagrada_Família,28023,1,commons/Construction_of_the_Sagrada_Família_in_2012/0/pictures/Sostre_Sagrada_Familia.JPG
Sagrada_Família,28023,1,"commons/Ceilings_of_the_Sagrada_Família/0/pictures/Incidence_of_light,_Sagrada_Família,_Barcelona.jpg"
Sagrada_Família,28023,1,commons/Interior_of_the_nave_of_the_Sagrada_Família/0/pictures/An_other_view_of_la_sagrada_familia.jpg
Sagrada_Família,28023,1,commons/Ceilings_of_the_aisles_of_the_Sagrada_Família/0/pictures/Basílica_i_Temple_Expiatori_de_la_Sagrada_Família_interiors.jpg
Sagrada_Família,28023,1,commons/Interior_of_the_nave_of_the_Sagrada_Família/0/pictures/Barcelona_Sagrada_Familia_Interior_2017_07.jpg
Sagrada_Família,28023,1,commons/Construction_of_the_Sagrada_Família_in_2007/0/pictures/Sagrada_Familia_inside_pillars_-_panoramio.jpg
Sagrada_Família,28023,1,commons/Ceilings_of_the_aisles_of_the_Sagrada_Família/0/pictures/Barcelona_Sagrada_Familia_interior_16.jpg
Sagrada_Família,28023,1,commons/Ceilings_of_the_aisles_of_the_Sagrada_Família/0/pictures/BarcellonaSagradaFamilla_Interno.jpg
Sagrada_Família,28023,1,commons/Interior_of_the_nave_of_the_Sagrada_Família/0/pictures/Barcelona_-_panoramio_(273).jpg
Sagrada_Família,28023,1,"commons/Ceilings_of_the_aisles_of_the_Sagrada_Família/0/pictures/081_Sagrada_Família,_interior,_columnes_i_volta.jpg"
Sagrada_Família,28023,1,commons/Interior_of_the_nave_of_the_Sagrada_Família/0/pictures/Barcelona_-_panoramio_(202).jpg
Sagrada_Família,28023,1,commons/Ceilings_of_the_Sagrada_Família/0/pictures/Segrada_Familia_2016-353.jpg
Sagrada_Família,28023,1,commons/Ceilings_of_the_aisles_of_the_Sagrada_Família/0/pictures/2008_Sagrada_Familia_16.JPG
Sagrada_Família,28023,1,commons/Ceilings_of_the_Sagrada_Família/0/pictures/Segrada_Familia_2016-350.jpg
Sagrada_Família,28023,1,"commons/Ceilings_of_the_aisles_of_the_Sagrada_Família/0/pictures/036_Sagrada_Família,_interior,_columnes.jpg"
Sagrada_Família,28023,1,commons/Statue_of_Saint_Joseph_in_the_transept_of_the_Sagrada_Família/0/pictures/Sagrada_Família_interior_north_east.jpg
Sagrada_Família,28023,1,commons/Ceilings_of_the_Sagrada_Família/0/pictures/Vault_Of_Sagrada_Familia_(259274933).jpeg
Sagrada_Família,28023,1,commons/Construction_of_the_Sagrada_Família_in_2012/0/pictures/Sagrada_Família_interior_north_east.jpg
Sagrada_Família,28023,1,commons/Ceilings_of_the_Sagrada_Família/0/pictures/Barcelona_1090_09.jpg
Sagrada_Família,28023,1,"commons/Ceilings_of_the_aisles_of_the_Sagrada_Família/0/pictures/014_Sagrada_Família,_interior,_sostre_i_columnes.jpg"
Sagrada_Família,28023,1,commons/Ceilings_of_the_Sagrada_Família/0/pictures/Σαγράδα_Φαμίλια_3332.jpg
Sagrada_Família,28023,1,commons/Interior_of_the_nave_of_the_Sagrada_Família/0/pictures/Barcelona_-_La_Sagrada_Família_-_View_ENE_on_the_Central_Nave_Vault.jpg
Sagrada_Família,28023,1,"commons/Ceilings_of_the_Sagrada_Família/0/pictures/La_Sagrada_Familia,_Barcelona,_Spain_-_panoramio_(54).jpg"
Sagrada_Família,28023,1,commons/Ceilings_of_the_Sagrada_Família/0/pictures/Sagrada_familia_(7567098868).jpg
Sagrada_Família,28023,1,commons/Interior_of_the_nave_of_the_Sagrada_Família/0/pictures/Barcelona_-_La_Sagrada_Família_-_View_East_on_the_Central_Nave_Vault_I.jpg
Sagrada_Família,28023,1,commons/Ceilings_of_the_Sagrada_Família/0/pictures/Sagrada_familia_(7567093968).jpg
Sagrada_Família,28023,1,"commons/Ceilings_of_the_Sagrada_Família/0/pictures/Sagrada_Familia,_Barcelona_(31985700266).jpg"
Sagrada_Família,28023,1,commons/Ceilings_of_the_Sagrada_Família/0/pictures/Interiors_of_the_Sagrada_Família_20171225-2.jpg
Sagrada_Família,28023,1,commons/Interior_of_the_nave_of_the_Sagrada_Família/0/pictures/2008_Sagrada_Familia_18.JPG
Sagrada_Família,28023,1,commons/Ceilings_of_the_Sagrada_Família/0/pictures/Ceiling_Sagrada_Familia_Barcelona.jpg
Sagrada_Família,28023,1,commons/Ceilings_of_the_Sagrada_Família/0/pictures/Colors_Of_The_Sagrada_Familia_2017_(203012793).jpeg
Sagrada_Família,28023,1,commons/Interior_of_the_apse_of_the_Sagrada_Família/0/pictures/Segrada_Familia_Barcelona_(7564250916).jpg
Sagrada_Família,28023,1,commons/Ceilings_of_the_Sagrada_Família/0/pictures/Gaudi's_roof.jpg
Sagrada_Família,28023,1,commons/Interior_of_the_apse_of_the_Sagrada_Família/0/pictures/Segrada_Familia_Barcelona_(7564252270).jpg
Sagrada_Família,28023,1,"commons/Interior_of_the_nave_of_the_Sagrada_Família/0/pictures/Sagrada_Familia,_interior_(4)_(31239853426).jpg"
Sagrada_Família,28023,1,commons/Construction_of_the_Sagrada_Família_in_2012/0/pictures/Sagrada_Familia5.JPG
Sagrada_Família,28023,1,commons/Ceiling_of_the_transepts_of_the_Sagrada_Família/0/pictures/Segrada_Familia_2016-346.jpg
Sagrada_Família,28023,1,commons/Ceilings_of_the_Sagrada_Família/0/pictures/Ceiling_of_La_Sagrada_Familia_(9006207825).jpg
Sagrada_Família,28023,1,commons/Ceilings_of_the_Sagrada_Família/0/pictures/Facebook_Photo_(85704349).jpeg
Sagrada_Família,28023,1,commons/Ceilings_of_the_Sagrada_Família/0/pictures/Basílica_Sagrada_Familia-Detalle_Techos.jpg
Sagrada_Família,28023,1,commons/Ceilings_of_the_Sagrada_Família/0/pictures/Barcelona_Spain_Sagrada-familia-01.jpg
Sagrada_Família,28023,1,commons/Ceilings_of_the_Sagrada_Família/0/pictures/Barcelona_SagradaFamiliaInterior2_2006.jpg
Sagrada_Família,28023,1,commons/Ceilings_of_the_Sagrada_Família/0/pictures/Ceiling_Of_The_Sagrada_Familia_(187619655).jpeg
Sagrada_Família,28023,1,commons/Ceilings_of_the_Sagrada_Família/0/pictures/Barcelona_SagradaFamiliaInterior_2006.jpg
Sagrada_Família,28023,1,commons/Ceilings_of_the_Sagrada_Família/0/pictures/Barcelona_2753.jpg
Sagrada_Família,28023,1,commons/Ceilings_of_the_Sagrada_Família/0/pictures/Barcelona_2746.jpg
Sagrada_Família,28023,1,commons/Ceilings_of_the_Sagrada_Família/0/pictures/Barcelona_1090_33.jpg
Sagrada_Família,28023,1,commons/Ceilings_of_the_Sagrada_Família/0/pictures/Barcelona_1090_32.jpg
Sagrada_Família,28023,1,commons/Ceilings_of_the_Sagrada_Família/0/pictures/Barcelona_1090_08.jpg
Sagrada_Família,28023,1,commons/Ceilings_of_the_Sagrada_Família/0/pictures/Barcelona_1090_06.jpg
Sagrada_Família,28023,1,commons/Construction_of_the_Sagrada_Família_in_2006/0/pictures/SagradaFamiliaVoltaCentral_1410-01.jpg
Sagrada_Família,28023,1,commons/Ceilings_of_the_Sagrada_Família/0/pictures/Barcelona_1090_04.jpg
Sagrada_Família,28023,1,commons/Construction_of_the_Sagrada_Família_in_2006/0/pictures/Sagrada_familia_column.JPG
Sagrada_Família,28023,1,commons/Construction_of_the_Sagrada_Família_in_2017/0/pictures/Barcelona_Sagrada_Familia_Interior_2017_12.jpg
Sagrada_Família,28023,1,commons/Ceilings_of_the_Sagrada_Família/0/pictures/Barcelona_1090_02.jpg
Sagrada_Família,28023,1,commons/Ceiling_of_the_transepts_of_the_Sagrada_Família/0/pictures/Templo_Expiatorio_de_la_Sagrada_Familia_2.jpg
Sagrada_Família,28023,1,commons/Ceiling_of_the_transepts_of_the_Sagrada_Família/0/pictures/Σαγράδα_Φαμίλια_3321.jpg
Sagrada_Família,28023,1,commons/Ceilings_of_the_Sagrada_Família/0/pictures/Barcelona_1090_01.jpg
Sagrada_Família,28023,1,commons/Interior_of_the_apse_of_the_Sagrada_Família/0/pictures/Barcelona_Sagrada_Familia_2019_31.jpg
Sagrada_Família,28023,1,commons/Ceilings_of_the_Sagrada_Família/0/pictures/A_Sky_Of_Stars_(128878509).jpeg
Sagrada_Família,28023,1,commons/Emblem_of_Matthew_in_the_Sagrada_Família/0/pictures/TEMPLE_SAGRADA_FAMILIA.JPG
Sagrada_Família,28023,1,commons/Ceiling_of_the_transepts_of_the_Sagrada_Família/0/pictures/SagradaFamilia_sostre.jpg
Sagrada_Família,28023,1,commons/Interior_of_the_apse_of_the_Sagrada_Família/0/pictures/La_Sagrada_Família_(3966139168).jpg
Sagrada_Família,28023,1,commons/Emblem_of_Matthew_in_the_Sagrada_Família/0/pictures/Sagrada_Familia_Inside_6_(5839251803).jpg
Sagrada_Família,28023,1,commons/Ceilings_of_the_Sagrada_Família/0/pictures/20200118_圣家堂4.jpg
Sagrada_Família,28023,1,commons/Emblem_of_Matthew_in_the_Sagrada_Família/0/pictures/Segrada_Familia_2016-337.jpg
Sagrada_Família,28023,1,commons/Ceiling_of_the_transepts_of_the_Sagrada_Família/0/pictures/Temple_Expiatori_de_la_Sagrada_Família_(Barcelona)_-_63.jpg
Sagrada_Família,28023,1,commons/Ceiling_of_the_transepts_of_the_Sagrada_Família/0/pictures/Sagrada_familia_Barcelona1.jpg
Sagrada_Família,28023,1,commons/Emblem_of_Mark_in_the_Sagrada_Família/0/pictures/Emblem_of_Saint_Mark_-_Interior_of_Sagrada_Família_-_Barcelona_2014.JPG
Sagrada_Família,28023,1,commons/Ceiling_of_the_transepts_of_the_Sagrada_Família/0/pictures/Segrada_Familia_2016-343.jpg
Sagrada_Família,28023,1,commons/Emblem_of_Mark_in_the_Sagrada_Família/0/pictures/Sagrada_Família_-_Interior_2_(8751072976).jpg
Sagrada_Família,28023,1,commons/Ceiling_of_the_transepts_of_the_Sagrada_Família/0/pictures/TEMPLE_SAGRADA_FAMILIA.JPG
Sagrada_Família,28023,1,commons/Interior_of_the_apse_of_the_Sagrada_Família/0/pictures/Barcelona_Sagrada_Familia_2019_37.jpg
Sagrada_Família,28023,1,commons/Interior_of_the_apse_of_the_Sagrada_Família/0/pictures/Barcelona_Sagrada_Familia_2019_30.jpg
Sagrada_Família,28023,1,commons/Ceiling_of_the_transepts_of_the_Sagrada_Família/0/pictures/Sagrada_Família_Vertorama.jpg
Sagrada_Família,28023,1,commons/Construction_of_the_Sagrada_Família_in_2006/0/pictures/Sagrada_Familia056.jpg
Sagrada_Família,28023,1,commons/Construction_of_the_Sagrada_Família_in_2017/0/pictures/Barcelona_Sagrada_Familia_(233549549).jpeg
Sagrada_Família,28023,1,commons/Ceiling_of_the_transepts_of_the_Sagrada_Família/0/pictures/Barcelona_(9399238212).jpg
Sagrada_Família,28023,1,commons/Ceiling_of_the_transepts_of_the_Sagrada_Família/0/pictures/Panorama_Sagrada_Familia_innen_2012.png
Sagrada_Família,28023,1,"commons/Interior_of_the_South-West_Transept_of_the_Sagrada_Família/0/pictures/Stained_Glass_paintings_at_Sagrada_Familia,_Barcelona_01.jpg"
Sagrada_Família,28023,1,commons/Stained_glass_windows_of_the_North-East_Transept_of_the_Sagrada_Família/0/pictures/View_of_the_transept_towards_the_Nativity_facade_-_Interior_of_Sagrada_Família_-_Barcelona_2014.jpg
Sagrada_Família,28023,1,commons/Ceiling_of_the_crossing_of_the_Sagrada_Família/0/pictures/Σαγράδα_Φαμίλια_3337.jpg
Sagrada_Família,28023,1,commons/Ceiling_of_the_crossing_of_the_Sagrada_Família/0/pictures/Temple_Expiatori_de_la_Sagrada_Família_(Barcelona)_-_2.jpg
Sagrada_Família,28023,1,"commons/Stained_glass_windows_of_the_North-East_Transept_of_the_Sagrada_Família/0/pictures/Stained_Glass_paintings_at_Sagrada_Familia,_Barcelona_(_Ank_Kumar)_12.jpg"
Sagrada_Família,28023,1,commons/Ceiling_of_the_crossing_of_the_Sagrada_Família/0/pictures/Sagrada_Familia_March_2015-2a.jpg
Sagrada_Família,28023,1,commons/Dome_interior_of_the_Sagrada_Família/0/pictures/CeilingDetailSagradaFamilia_01.jpg
Sagrada_Família,28023,1,"commons/Stained_glass_windows_of_the_North-East_Transept_of_the_Sagrada_Família/0/pictures/Stained_Glass_paintings_at_Sagrada_Familia,_Barcelona_(_Ank_Kumar)_09.jpg"
Sagrada_Família,28023,1,commons/East_Aisle_of_the_Sagrada_Família/0/pictures/Sagrada_Familia5.JPG
Sagrada_Família,28023,1,commons/Ceiling_of_the_crossing_of_the_Sagrada_Família/0/pictures/Sagrada_Familia_Barcelona_(29028683).jpeg
Sagrada_Família,28023,1,commons/Interior_of_the_Glory_facade_of_the_Sagrada_Família/0/pictures/Sagrada_Família_in_2008_-_08.JPG
Sagrada_Família,28023,1,commons/Ceiling_of_the_apse_of_the_Sagrada_Família/0/pictures/Sagrada_Familia_March_2015-3a.jpg
Sagrada_Família,28023,1,commons/Cupola_above_the_main_altar_of_the_Sagrada_Família/0/pictures/Temple_Expiatori_de_la_Sagrada_Família_(Barcelona)_-_66.jpg
Sagrada_Família,28023,1,commons/Cupola_above_the_main_altar_of_the_Sagrada_Família/0/pictures/Sagrada_Familia_m4.jpg
Sagrada_Família,28023,1,commons/Stained_glass_windows_of_the_North-East_Transept_of_the_Sagrada_Família/0/pictures/Sagrada_Familia_interior.jpg
Sagrada_Família,28023,1,commons/Ceiling_of_the_crossing_of_the_Sagrada_Família/0/pictures/Claudi_Puertas_-_@cpcmdv.jpg
Sagrada_Família,28023,1,"commons/Stained_glass_windows_of_the_Apse_of_the_Sagrada_Família/0/pictures/La_Sagrada_Familia,_Barcelona,_Spain_-_panoramio_(32).jpg"
Sagrada_Família,28023,1,"commons/Cupola_above_the_main_altar_of_the_Sagrada_Família/0/pictures/Sagrada_Familia,_interior_view_(4)_(31237821466).jpg"
Sagrada_Família,28023,1,"commons/Interior_of_the_Glory_facade_of_the_Sagrada_Família/0/pictures/Sagrada_Familia,_ceiling.JPG"
Sagrada_Família,28023,1,commons/Ceiling_of_the_crossing_of_the_Sagrada_Família/0/pictures/El_cielo_de_la_Sagrada_Familia.jpg
Sagrada_Família,28023,1,commons/Construction_of_the_Sagrada_Família_in_2011/0/pictures/INSIDE_OF_SAGRADA_FAMILIA.JPG
Sagrada_Família,28023,1,commons/Cupola_above_the_main_altar_of_the_Sagrada_Família/0/pictures/Sagrada_Familia_Inside_2a_(5839633230).jpg
Sagrada_Família,28023,1,commons/Ceiling_of_the_crossing_of_the_Sagrada_Família/0/pictures/Bosc_de_columnes.jpg
Sagrada_Família,28023,1,commons/Cupola_above_the_main_altar_of_the_Sagrada_Família/0/pictures/Sagrada_Familia_Inside_Perspective_(34651406).jpeg
Sagrada_Família,28023,1,commons/Interior_of_the_Glory_facade_of_the_Sagrada_Família/0/pictures/Sagrada_Familia_(interior)_2_-_panoramio.jpg
Sagrada_Família,28023,1,commons/Ceiling_of_the_apse_of_the_Sagrada_Família/0/pictures/Sagrada_Família-II.jpg
Sagrada_Família,28023,1,commons/Cupola_above_the_main_altar_of_the_Sagrada_Família/0/pictures/Sagrada_Familia_(6622787689).jpg
Sagrada_Família,28023,1,commons/Ceiling_of_the_apse_of_the_Sagrada_Família/0/pictures/Sagrada_Familia056.jpg
Sagrada_Família,28023,1,commons/Cupola_above_the_main_altar_of_the_Sagrada_Família/0/pictures/La_Luz_del_Mundo.jpg
Sagrada_Família,28023,1,commons/Ceiling_of_the_apse_of_the_Sagrada_Família/0/pictures/WLM14ES_-_Barcelona_Interior_481_04_de_julio_de_2011_-_.jpg
Sagrada_Família,28023,1,commons/Cupola_above_the_main_altar_of_the_Sagrada_Família/0/pictures/Sagrada_Familia_Inside_6_(5839251803).jpg
Sagrada_Família,28023,1,commons/Interior_of_the_Glory_facade_of_the_Sagrada_Família/0/pictures/Fale_-_Spain_-_Barcelona_-_118.jpg
Sagrada_Família,28023,1,commons/Ceiling_of_the_apse_of_the_Sagrada_Família/0/pictures/Sagrada_Familia_m6.jpg
Sagrada_Família,28023,1,commons/Cupola_above_the_main_altar_of_the_Sagrada_Família/0/pictures/SAGRADA_FAMILIA-05.JPG
Sagrada_Família,28023,1,commons/Interior_of_the_Glory_facade_of_the_Sagrada_Família/0/pictures/Fullsizeoutput_32bb.jpg
Sagrada_Família,28023,1,commons/Stained_glass_windows_of_the_Nave_of_the_Sagrada_Família/0/pictures/Barcelona_Sagrada_Familia_interior_08.jpg
Sagrada_Família,28023,1,commons/Capitals_(architecture)_of_the_Sagrada_Família/0/pictures/Temple_Expiatori_de_la_Sagrada_Família_(Barcelona)_-_8_1.jpg
Sagrada_Família,28023,1,commons/Construction_of_the_Sagrada_Família_in_2011/0/pictures/Barcelona_-_panoramio_(268).jpg
Sagrada_Família,28023,1,commons/Capitals_(architecture)_of_the_Sagrada_Família/0/pictures/Temple_Expiatori_de_la_Sagrada_Família_(Barcelona)_-_61.jpg
Sagrada_Família,28023,1,commons/Ceiling_of_the_apse_of_the_Sagrada_Família/0/pictures/Sagrada_Família_ceiling.jpg
Sagrada_Família,28023,1,commons/Stained_glass_windows_of_the_Apse_of_the_Sagrada_Família/0/pictures/Barcelona_-_panoramio_(272).jpg
Sagrada_Família,28023,1,commons/Cupola_above_the_main_altar_of_the_Sagrada_Família/0/pictures/Inside_of_La_sagrada_familia.jpg
Sagrada_Família,28023,1,commons/Stained_glass_windows_of_the_North-East_Transept_of_the_Sagrada_Família/0/pictures/Eixample_-_Sagrada_Família_-_20150828135015.jpg
Sagrada_Família,28023,1,commons/Ceiling_of_the_apse_of_the_Sagrada_Família/0/pictures/Claudi_Puertas_-_@cpcmdv.jpg
Sagrada_Família,28023,1,commons/Cupola_above_the_main_altar_of_the_Sagrada_Família/0/pictures/Christ_umbrella_(5865711888).jpg
Sagrada_Família,28023,1,commons/Cupola_above_the_main_altar_of_the_Sagrada_Família/0/pictures/Hiperboloide-_com_entra_la_llum_al_temple.jpg
Sagrada_Família,28023,1,commons/Interior_of_the_Glory_facade_of_the_Sagrada_Família/0/pictures/2019_03_16_AIDA_Barcelona_(119).jpg
Sagrada_Família,28023,1,commons/Cupola_above_the_main_altar_of_the_Sagrada_Família/0/pictures/El_cielo_de_la_Sagrada_Familia.jpg
Sagrada_Família,28023,1,commons/Construction_of_the_Sagrada_Família_in_2011/0/pictures/Barcelona_-_panoramio_(263).jpg
Sagrada_Família,28023,1,commons/Baldachin_of_the_Sagrada_Família/0/pictures/WLM14ES_-_Altar_Sagrada_Familia_-_Armandoreques.jpg
Sagrada_Família,28023,1,"commons/Stained_glass_windows_of_the_North-East_Transept_of_the_Sagrada_Família/0/pictures/La_Sagrada_Familia,_Barcelona,_Spain_-_panoramio_(40).jpg"
Sagrada_Família,28023,1,"commons/Ceiling_of_the_apse_of_the_Sagrada_Família/0/pictures/Interiors_of_the_Sagrada_Família,_May_2013_-_15.JPG"
Sagrada_Família,28023,1,commons/Cupola_above_the_main_altar_of_the_Sagrada_Família/0/pictures/Christ_umbrella_(5861974397).jpg
Sagrada_Família,28023,1,"commons/Ceiling_of_the_apse_of_the_Sagrada_Família/0/pictures/Sagrada_Familia_,_incredibile_-_panoramio.jpg"
Sagrada_Família,28023,1,commons/Cupola_above_the_main_altar_of_the_Sagrada_Família/0/pictures/Barcelona_Sagrada_Familia_interior_13.jpg
Sagrada_Família,28023,1,"commons/Interior_of_the_Choir_and_Nave_of_the_Sagrada_Família/0/pictures/Sagrada_Familia,_Barcelona_2.jpg"
Sagrada_Família,28023,1,commons/Cupola_above_the_main_altar_of_the_Sagrada_Família/0/pictures/AltarSagradaFamilia_bymanolomoreno.jpg
Sagrada_Família,28023,1,commons/Cupola_above_the_main_altar_of_the_Sagrada_Família/0/pictures/Barcelona_Sagrada_Familia_2019_27.jpg
Sagrada_Família,28023,1,commons/Interior_of_the_Choir_and_Nave_of_the_Sagrada_Família/0/pictures/Sagrada_Família_Interior_(small).jpg
Sagrada_Família,28023,1,commons/Cupola_above_the_main_altar_of_the_Sagrada_Família/0/pictures/A_heavenly_light_(5816795203).jpg
Sagrada_Família,28023,1,"commons/Interior_of_the_Choir_and_Nave_of_the_Sagrada_Família/0/pictures/La_Sagrada_Familia,_Barcelona,_Spain_-_panoramio_(76).jpg"
Sagrada_Família,28023,1,commons/Stained_glass_windows_of_the_North-East_Transept_of_the_Sagrada_Família/0/pictures/Die_Basilika_Sagrada_Familia_4.jpg
Sagrada_Família,28023,1,"commons/Ceiling_of_the_Choir,_Crossing_and_Nave_of_the_Sagrada_Família/0/pictures/Sagrada_Familia_ceiling_panorama_(5945215931).jpg"
Sagrada_Família,28023,1,commons/Cupola_above_the_main_altar_of_the_Sagrada_Família/0/pictures/Altar_sagrada_familia.jpg
Sagrada_Família,28023,1,commons/Cupola_above_the_main_altar_of_the_Sagrada_Família/0/pictures/Barcelona_1090_10.jpg
Sagrada_Família,28023,1,commons/Interior_of_the_Choir_and_Nave_of_the_Sagrada_Família/0/pictures/Interior_SF_2017.jpg
Sagrada_Família,28023,1,commons/Cupola_above_the_main_altar_of_the_Sagrada_Família/0/pictures/Barcelona_1090_17.jpg
Sagrada_Família,28023,1,commons/Columns_of_the_Sagrada_Família/0/pictures/Vista_des_de'l_peu_d'una_columna.JPG
Sagrada_Família,28023,1,"commons/Ceiling_of_the_Choir,_Crossing_and_Nave_of_the_Sagrada_Família/0/pictures/Interior_of_the_Sagrada_Família_(12).jpg"
Sagrada_Família,28023,1,commons/Cupola_above_the_main_altar_of_the_Sagrada_Família/0/pictures/Barcelona_1090_13.jpg
Sagrada_Família,28023,1,"commons/Columns_of_the_Sagrada_Família/0/pictures/WLM14ES_-_Temple_Expiatori_de_la_Sagrada_Família,_Eixample,_Barcelona_-_MARIA_ROSA_FERRE_(5).jpg"
Sagrada_Família,28023,1,"commons/Ceiling_of_the_Choir,_Crossing_and_Nave_of_the_Sagrada_Família/0/pictures/General_view_of_the_ceilings_-_Interior_of_Sagrada_Família_-_Barcelona_2014_(crop).jpg"
Sagrada_Família,28023,1,"commons/Ceiling_of_the_Choir,_Crossing_and_Nave_of_the_Sagrada_Família/0/pictures/Barcelona_Sagrada_Familia_Interior_2017_09.jpg"
Sagrada_Família,28023,1,commons/Images_of_individuals_at_the_Sagrada_Família/0/pictures/Cat_Inside_Gaudi_S_Sagrada_Familia_Barcelona_(55775634).jpeg
Sagrada_Família,28023,1,commons/Columns_of_the_Sagrada_Família/0/pictures/Tree-like_columns_inside_Sagrada_Familia_(2014)_-_panoramio.jpg
Sagrada_Família,28023,1,"commons/Construction_of_the_Sagrada_Família_in_2014/0/pictures/WLM14ES_-_Temple_Expiatori_de_la_Sagrada_Família,_Eixample,_Barcelona_-_MARIA_ROSA_FERRE.jpg"
Sagrada_Família,28023,1,"commons/Ceiling_of_the_Choir,_Crossing_and_Nave_of_the_Sagrada_Família/0/pictures/Basílica_de_la_Sagrada_Familia_interior_a_las_bovedas.jpg"
Sagrada_Família,28023,1,"commons/Ceiling_of_the_Choir,_Crossing_and_Nave_of_the_Sagrada_Família/0/pictures/Basílica_i_Temple_Expiatori_de_la_Sagrada_Família_interiors.jpg"
Sagrada_Família,28023,1,"commons/Columns_of_the_Sagrada_Família/0/pictures/The_supports_of_Sagrada_Familia_are_like_trees,_branching_as_they_rise_-_panoramio.jpg"
Sagrada_Família,28023,1,"commons/Stained_glass_windows_of_the_North-East_Transept_of_the_Sagrada_Família/0/pictures/010_Sagrada_Família,_interior,_vitrall_de_la_nau.jpg"
Sagrada_Família,28023,1,"commons/Ceiling_of_the_Choir,_Crossing_and_Nave_of_the_Sagrada_Família/0/pictures/Barcelona_Sagrada_Familia_Interior_2017_06.jpg"
Sagrada_Família,28023,1,commons/Interiors_of_the_Sagrada_Família/0/pictures/Eixample_-_Sagrada_Família_-_20150828135101.jpg
Sagrada_Família,28023,1,commons/Stained_glass_windows_of_the_East_Aisle_of_the_Sagrada_Família/0/pictures/Barcelona_Sagrada_Familia_Interior_2017_08.jpg
Sagrada_Família,28023,1,commons/Baldachin_of_the_Sagrada_Família/0/pictures/Jesus_parachuted_(8749942213).jpg
Sagrada_Família,28023,1,commons/Crossing_of_the_Sagrada_Família/0/pictures/Sagrada_Familia6.JPG
Sagrada_Família,28023,1,"commons/Stained_glass_windows_of_the_North-East_Transept_of_the_Sagrada_Família/0/pictures/Stained_Glass_paintings_at_Sagrada_Familia,_Barcelona_03.jpg"
Sagrada_Família,28023,1,commons/Ceiling_of_the_crossing_of_the_Sagrada_Família/0/pictures/Sagrada_Família-II.jpg
Sagrada_Família,28023,1,commons/Columns_of_the_Sagrada_Família/0/pictures/El_cielo_de_la_Sagrada_Familia.jpg
Sagrada_Família,28023,1,commons/Construction_of_the_Sagrada_Família_in_2013/0/pictures/La_Sagrada_Familia_-_interior_2_-_Barcelona_-_panoramio.jpg
Sagrada_Família,28023,1,"commons/Interiors_of_the_Sagrada_Família/0/pictures/La_Sagrada_Familia,_Barcelona,_Spain_-_panoramio_(13).jpg"
Sagrada_Família,28023,1,commons/Crossing_of_the_Sagrada_Família/0/pictures/Sagrada_Família_Ceiling_(218422047).jpeg
Sagrada_Família,28023,1,commons/Stained_glass_windows_of_the_West_Aisle_of_the_Sagrada_Família/0/pictures/Σαγράδα_Φαμίλια_3357.jpg
Sagrada_Família,28023,1,"commons/Ceiling_of_the_transepts_of_the_Sagrada_Família/0/pictures/024_Sagrada_Família,_interior,_columnes_dels_Evangelistes.jpg"
Sagrada_Família,28023,1,"commons/Stained_glass_windows_of_the_North-East_Transept_of_the_Sagrada_Família/0/pictures/Stained_Glass_paintings_at_Sagrada_Familia,_Barcelona_(_Ank_Kumar)_06.jpg"
Sagrada_Família,28023,1,commons/Ceiling_of_the_crossing_of_the_Sagrada_Família/0/pictures/Sagrada_Familia_int.jpg
Sagrada_Família,28023,1,"commons/East_Aisle_of_the_Sagrada_Família/0/pictures/WLM14ES_-_Basílica_de_la_Sagrada_Família,_Barcelona_-_MARIA_ROSA_FERRE.jpg"
Sagrada_Família,28023,1,commons/Columns_of_the_Sagrada_Família/0/pictures/Barcelona_Sagrada_Familia_Interior_2017_14.jpg
Sagrada_Família,28023,1,commons/Interiors_of_the_Sagrada_Família/0/pictures/Interior_of_the_Sagrada_Família_(14).jpg
Sagrada_Família,28023,1,"commons/Crossing_of_the_Sagrada_Família/0/pictures/WLM14ES_-_Temple_Expiatori_de_la_Sagrada_Família,_Eixample,_Barcelona_-_MARIA_ROSA_FERRE_(9).jpg"
Sagrada_Família,28023,1,commons/Ceiling_of_the_transepts_of_the_Sagrada_Família/0/pictures/20200118_圣家堂1.jpg
Sagrada_Família,28023,1,commons/Interior_of_the_South-West_Transept_of_the_Sagrada_Família/0/pictures/Inside_La_Sagrada_Familia_-_panoramio_(4).jpg
Sagrada_Família,28023,1,commons/Capitals_(architecture)_of_the_Sagrada_Família/0/pictures/Barcelona_Sagrada_Familia_interior_01.jpg
Sagrada_Família,28023,1,"commons/Ceiling_of_the_crossing_of_the_Sagrada_Família/0/pictures/Sagrada_Família,_Ceiling.jpg"
Sagrada_Família,28023,1,commons/Interior_of_the_North-East_Transept_of_the_Sagrada_Família/0/pictures/Barcelona_1090_22.jpg
Sagrada_Família,28023,1,commons/Dome_interior_of_the_Sagrada_Família/0/pictures/Interior_of_the_dome_-_Interior_of_Sagrada_Família_-_Barcelona_2014.jpg
Sagrada_Família,28023,1,commons/Baldachin_of_the_Sagrada_Família/0/pictures/Detalle_del_cristo_del_altar_de_la_Sagrada_Familia_de_Barcelona.jpg
Sagrada_Família,28023,1,commons/Construction_of_the_Sagrada_Família_in_2010/0/pictures/Plafond_de_la_Sagrada.JPG
Sagrada_Família,28023,1,commons/Crossing_of_the_Sagrada_Família/0/pictures/Sagrada_Familia_inside_View_Roof.jpg
Sagrada_Família,28023,1,commons/Interior_of_the_nave_of_the_Sagrada_Família/0/pictures/Die_Basilika_Sagrada_Familia_6.jpg
Sagrada_Família,28023,1,"commons/Construction_of_the_Sagrada_Família_in_2012/0/pictures/081_Sagrada_Família,_interior,_columnes_i_volta.jpg"
Sagrada_Família,28023,1,"commons/Ceiling_of_the_nave_of_the_Sagrada_Família/0/pictures/Sagrada_Família,_Columns.jpg"
Sagrada_Família,28023,1,"commons/Ceiling_of_the_nave_of_the_Sagrada_Família/0/pictures/WLM14ES_-_Temple_Expiatori_de_la_Sagrada_Família,_Eixample,_Barcelona_-_MARIA_ROSA_FERRE_(7).jpg"
Sagrada_Família,28023,1,"commons/Interior_of_the_South-West_Transept_of_the_Sagrada_Família/0/pictures/La_Sagrada_Família,_Barcelona,_Espanya_(Unsplash).jpg"
Sagrada_Família,28023,1,commons/Stained_glass_windows_of_the_North-East_Transept_of_the_Sagrada_Família/0/pictures/Temple_Expiatori_de_la_Sagrada_Família_(Barcelona)_-_85.jpg
Sagrada_Família,28023,1,commons/Ceiling_of_the_crossing_of_the_Sagrada_Família/0/pictures/Sagrada_Família_-_Interior_1_(8751072026).jpg
Sagrada_Família,28023,1,commons/Baldachin_of_the_Sagrada_Família/0/pictures/Altar_principal.jpg
Sagrada_Família,28023,1,commons/Dome_interior_of_the_Sagrada_Família/0/pictures/Intérieur_de_la_Sagrada_Familia_.jpg
Sagrada_Família,28023,1,commons/Construction_of_the_Sagrada_Família_in_2010/0/pictures/Lascar_Central_Nave_-_Sagrada_Familia_(4469342953).jpg
Sagrada_Família,28023,1,commons/Interior_of_the_North-East_Transept_of_the_Sagrada_Família/0/pictures/Barcelona_-_Temple_Expiatori_de_la_Sagrada_Família_(28).jpg
Sagrada_Família,28023,1,commons/Dome_interior_of_the_Sagrada_Família/0/pictures/Naturaleza_gaudi..JPG
Sagrada_Família,28023,1,commons/Baldachin_of_the_Sagrada_Família/0/pictures/Inside_Sagrada_familia_-_panoramio_(2).jpg
Sagrada_Família,28023,1,commons/Stained_glass_windows_of_the_West_Aisle_of_the_Sagrada_Família/0/pictures/Windows_in_the_aisles_-_Interior_of_the_Sagrada_Família_-_Barcelona_2014_(3).JPG
Sagrada_Família,28023,1,commons/Ceiling_of_the_nave_of_the_Sagrada_Família/0/pictures/Vista_des_de'l_peu_d'una_columna.JPG
Sagrada_Família,28023,1,"commons/Interior_of_the_South-West_Transept_of_the_Sagrada_Família/0/pictures/La_Sagrada_Familia,_Barcelona,_Spain_-_panoramio_(75).jpg"
Sagrada_Família,28023,1,"commons/Ceiling_of_the_crossing_of_the_Sagrada_Família/0/pictures/Sagrada_Familia,_Barcelona_(31875916712).jpg"
Sagrada_Família,28023,1,commons/Interior_of_the_North-East_Transept_of_the_Sagrada_Família/0/pictures/20200118_圣家堂6.jpg
Sagrada_Família,28023,1,commons/Construction_of_the_Sagrada_Família_in_2010/0/pictures/Los_Cuatro_Evangelistas.jpg
Sagrada_Família,28023,1,commons/Interior_of_the_nave_of_the_Sagrada_Família/0/pictures/Barcelona_Sagrada_Familia_interior_08.jpg
Sagrada_Família,28023,1,"commons/Construction_of_the_Sagrada_Família_in_2012/0/pictures/057_Sagrada_Família,_interior,_gentada_i_joc_de_llums.jpg"
Sagrada_Família,28023,1,"commons/Stained_glass_windows_of_the_West_Aisle_of_the_Sagrada_Família/0/pictures/Sagrada_Familia,_interior_(14)_(30467210103).jpg"
Sagrada_Família,28023,1,commons/Ceiling_of_the_nave_of_the_Sagrada_Família/0/pictures/Sagrada_Família_in_2008_-_06.JPG
Sagrada_Família,28023,1,commons/Interior_of_the_South-West_Transept_of_the_Sagrada_Família/0/pictures/2019_03_16_AIDA_Barcelona_(107).jpg
Sagrada_Família,28023,1,commons/Ceiling_of_the_nave_of_the_Sagrada_Família/0/pictures/Volta_de_la_nau_central_des_de_l'altar.JPG
Sagrada_Família,28023,1,commons/Interior_of_the_South-West_Transept_of_the_Sagrada_Família/0/pictures/Intricate_ceiling_in_the_Sagrada_Familia.jpg
Sagrada_Família,28023,1,commons/Ceiling_of_the_crossing_of_the_Sagrada_Família/0/pictures/Sagrada_Familia-2.jpg
Sagrada_Família,28023,1,commons/Interior_of_the_South-West_Transept_of_the_Sagrada_Família/0/pictures/SF_-_Interior1.JPG
Sagrada_Família,28023,1,commons/Construction_of_the_Sagrada_Família_in_2011/0/pictures/SAGRADA_FAMILIA-05.JPG
Sagrada_Família,28023,1,commons/Stained_glass_windows_of_the_Apse_of_the_Sagrada_Família/0/pictures/Stained-glass_windows_of_the_Sagrada_Família_2023_5.jpg
Sagrada_Família,28023,1,commons/Baldachin_of_the_Sagrada_Família/0/pictures/Altar_major_01.JPG
Sagrada_Família,28023,1,commons/Dome_interior_of_the_Sagrada_Família/0/pictures/Bóveda_SF.jpg
Sagrada_Família,28023,1,commons/Construction_of_the_Sagrada_Família_in_2010/0/pictures/Inside_La_Sagrada_Familia_-_panoramio.jpg
Sagrada_Família,28023,1,"commons/Interior_of_the_North-East_Transept_of_the_Sagrada_Família/0/pictures/022_Sagrada_Família,_interior,_vitralls_de_la_façana_del_Naixement.jpg"
Sagrada_Família,28023,1,commons/Crossing_of_the_Sagrada_Família/0/pictures/Pillars_Of_Sagrada_Familia_(188927551).jpeg
Sagrada_Família,28023,1,commons/Stained_glass_windows_of_the_West_Aisle_of_the_Sagrada_Família/0/pictures/Windows_in_the_aisles_(under_the_galleries)_-_Interior_of_Sagrada_Família_-_Barcelona_2014.jpg
Sagrada_Família,28023,1,commons/Ceiling_of_the_nave_of_the_Sagrada_Família/0/pictures/The_TOP_of_La_Sagrada_familia.jpg
Sagrada_Família,28023,1,commons/Interior_of_the_South-West_Transept_of_the_Sagrada_Família/0/pictures/Ceiling_Canopy.jpg
Sagrada_Família,28023,1,"commons/Stained_glass_windows_of_the_North-East_Transept_of_the_Sagrada_Família/0/pictures/Stained_Glass_paintings_at_Sagrada_Familia,_Barcelona_(_Ank_Kumar)_07.jpg"
Sagrada_Família,28023,1,commons/Ceiling_of_the_crossing_of_the_Sagrada_Família/0/pictures/Sagrada_Familia_nave_roof_detail.jpg
Sagrada_Família,28023,1,commons/Interior_of_the_North-East_Transept_of_the_Sagrada_Família/0/pictures/7596399596_Jpg_(165455007).jpeg
Sagrada_Família,28023,1,commons/Columns_of_the_Sagrada_Família/0/pictures/Barcelona_-_panoramio_(263).jpg
Sagrada_Família,28023,1,commons/Construction_of_the_Sagrada_Família_in_2014/0/pictures/RI-51-0003813.JPG
Sagrada_Família,28023,1,commons/Interiors_of_the_Sagrada_Família/0/pictures/Eixample_-_Sagrada_Família_-_20150828142352.jpg
Sagrada_Família,28023,1,"commons/Crossing_of_the_Sagrada_Família/0/pictures/Sagrada_Familia,_interior_view_(3)_(30466346213).jpg"
Sagrada_Família,28023,1,commons/Interior_of_the_nave_of_the_Sagrada_Família/0/pictures/Basílica_Sagrada_Familia-Detalle_Techos.jpg
Sagrada_Família,28023,1,"commons/Construction_of_the_Sagrada_Família_in_2012/0/pictures/054_Sagrada_Família,_interior,_joc_de_llums.jpg"
Sagrada_Família,28023,1,commons/Stained_glass_windows_of_the_West_Aisle_of_the_Sagrada_Família/0/pictures/Sagrada_Familia_windows_2.jpg
Sagrada_Família,28023,1,commons/Ceiling_of_the_nave_of_the_Sagrada_Família/0/pictures/Sagrada_Família_1.jpg
Sagrada_Família,28023,1,commons/Construction_of_the_Sagrada_Família_in_2011/0/pictures/El_cielo_de_la_Sagrada_Familia.jpg
Sagrada_Família,28023,1,"commons/Interior_of_the_South-West_Transept_of_the_Sagrada_Família/0/pictures/057_Sagrada_Família,_interior,_gentada_i_joc_de_llums.jpg"
Sagrada_Família,28023,1,commons/Ceiling_of_the_nave_of_the_Sagrada_Família/0/pictures/Sagrada_familia_Barcelona1.jpg
Sagrada_Família,28023,1,commons/Ceiling_of_the_crossing_of_the_Sagrada_Família/0/pictures/Sagrada_Familia_(July_2022)_07.jpg
Sagrada_Família,28023,1,commons/East_Aisle_of_the_Sagrada_Família/0/pictures/Temple_Expiatori_de_la_Sagrada_Família_(Barcelona)_-_82.jpg
Sagrada_Família,28023,1,commons/Interior_of_the_South-West_Transept_of_the_Sagrada_Família/0/pictures/Interior_of_the_Sagrada_Família_(4).jpg
Sagrada_Família,28023,1,commons/Ceiling_of_the_crossing_of_the_Sagrada_Família/0/pictures/Panorama_Sagrada_Familia_innen_2012.png
Sagrada_Família,28023,1,commons/Stained_glass_windows_of_the_Apse_of_the_Sagrada_Família/0/pictures/Stained_Glass_windows_(11963423).jpg
Sagrada_Família,28023,1,commons/Cupola_above_the_main_altar_of_the_Sagrada_Família/0/pictures/Sagrada_familia_interior_00002.jpg
Sagrada_Família,28023,1,commons/Crossing_of_the_Sagrada_Família/0/pictures/La_Sagrada_Familia_-_interior_5_-_Barcelona_-_panoramio.jpg
Sagrada_Família,28023,1,commons/Interior_of_the_nave_of_the_Sagrada_Família/0/pictures/Catalonia_October_2015.JPG
Sagrada_Família,28023,1,"commons/Construction_of_the_Sagrada_Família_in_2012/0/pictures/010_Sagrada_Família,_interior,_vitrall_de_la_nau.jpg"
Sagrada_Família,28023,1,"commons/Stained_glass_windows_of_the_North-East_Transept_of_the_Sagrada_Família/0/pictures/La_Sagrada_Familia,_Barcelona,_Spain_-_panoramio_(41).jpg"
Sagrada_Família,28023,1,commons/Ceiling_of_the_apse_of_the_Sagrada_Família/0/pictures/2008_Sagrada_Familia_15.JPG
Sagrada_Família,28023,1,commons/East_Aisle_of_the_Sagrada_Família/0/pictures/Barcelona_Sagrada_Familia_interior_17.jpg
Sagrada_Família,28023,1,"commons/Interior_of_the_North-East_Transept_of_the_Sagrada_Família/0/pictures/WLM14ES_-_Basílica_de_la_Sagrada_Família,_Barcelona_-_MARIA_ROSA_FERRE.jpg"
Sagrada_Família,28023,1,commons/Stained_glass_windows_of_the_West_Aisle_of_the_Sagrada_Família/0/pictures/Vitrais_-_2_(8749952499).jpg
Sagrada_Família,28023,1,commons/Ceiling_of_the_nave_of_the_Sagrada_Família/0/pictures/Tree-like_columns_inside_Sagrada_Familia_(2014)_-_panoramio.jpg
Sagrada_Família,28023,1,commons/Interior_of_the_South-West_Transept_of_the_Sagrada_Família/0/pictures/Interior_of_the_Sagrada_Família_(15).jpg
Sagrada_Família,28023,1,commons/Stained_glass_windows_of_the_East_Aisle_of_the_Sagrada_Família/0/pictures/Templo_Expiatorio_de_la_Sagrada_Familia_-_panoramio_-_Jorge_Franganillo_(5).jpg
Sagrada_Família,28023,1,commons/Capitals_(architecture)_of_the_Sagrada_Família/0/pictures/Barcelona_Sagrada_Familia_Interior_2017_14.jpg
Sagrada_Família,28023,1,"commons/Organs_in_the_main_altar_of_the_Sagrada_Família_-_front_part_in_the_choir/0/pictures/037_Sagrada_Família,_interior,_presbiteri,_baldaquí_i_orgues.jpg"
Sagrada_Família,28023,1,commons/East_Aisle_of_the_Sagrada_Família/0/pictures/WLM14ES_-_Barcelona_Interior_497_04_de_julio_de_2011_-_.jpg
Sagrada_Família,28023,1,commons/Ceiling_of_the_crossing_of_the_Sagrada_Família/0/pictures/Sagrada_Familia_in_Barcelona_08.jpg
Sagrada_Família,28023,1,commons/Dome_interior_of_the_Sagrada_Família/0/pictures/Los_Cuatro_Evangelistas.jpg
Sagrada_Família,28023,1,commons/Baldachin_of_the_Sagrada_Família/0/pictures/Barcelona_-_Temple_Expiatori_de_la_Sagrada_Família_(15).jpg
Sagrada_Família,28023,1,"commons/Crossing_of_the_Sagrada_Família/0/pictures/La_Sagrada_Familia,_Barcelona,_Spain_-_panoramio_(14).jpg"
Sagrada_Família,28023,1,commons/Construction_of_the_Sagrada_Família_in_2006/0/pictures/Sagrada_Familia_(interior)_2_-_panoramio.jpg
Sagrada_Família,28023,1,commons/Stained_glass_windows_of_the_West_Aisle_of_the_Sagrada_Família/0/pictures/Vitrais_-_1_(8749951849).jpg
Sagrada_Família,28023,1,commons/Ceiling_of_the_nave_of_the_Sagrada_Família/0/pictures/Temple_Expiatori_de_la_Sagrada_Família_(Barcelona)_-_81.jpg
Sagrada_Família,28023,1,"commons/Stained_glass_windows_of_the_North-East_Transept_of_the_Sagrada_Família/0/pictures/Stained_Glass_paintings_at_Sagrada_Familia,_Barcelona_(_Ank_Kumar)_05.jpg"
Sagrada_Família,28023,1,commons/Ceiling_of_the_crossing_of_the_Sagrada_Família/0/pictures/Sagrada_Familia_March_2015-3a.jpg
Sagrada_Família,28023,1,"commons/Crossing_of_the_Sagrada_Família/0/pictures/Interior_Sagrada_Família,_Barcelona_(maig_2013)_-_panoramio.jpg"
Sagrada_Família,28023,1,commons/Stained_glass_windows_of_the_West_Aisle_of_the_Sagrada_Família/0/pictures/SagradaFamilia_Oct6_2022.jpg
Sagrada_Família,28023,1,commons/Ceiling_of_the_nave_of_the_Sagrada_Família/0/pictures/Temple_Expiatori_de_la_Sagrada_Familia_-_RI-51-0003813_-.JPG
Sagrada_Família,28023,1,commons/Baldachin_of_the_Sagrada_Família/0/pictures/AltarSagradaFamilia_bymanolomoreno.jpg
Sagrada_Família,28023,1,commons/Dome_interior_of_the_Sagrada_Família/0/pictures/ES-BCN-sagr-fam-04.jpg
Sagrada_Família,28023,1,commons/Interior_of_the_North-East_Transept_of_the_Sagrada_Família/0/pictures/Barcelona_Sagrada_Familia_(233549549).jpeg
Sagrada_Família,28023,1,commons/Columns_of_the_Sagrada_Família/0/pictures/Barcelona_Sagrada_Familia_Interior_2017_10.jpg
Sagrada_Família,28023,1,"commons/Interiors_of_the_Sagrada_Família/0/pictures/La_Sagrada_Familia,_Barcelona,_Spain_-_panoramio_(21).jpg"
Sagrada_Família,28023,1,"commons/Crucifix_in_the_main_altar_of_the_Sagrada_Família/0/pictures/023_Sagrada_Família,_interior,_baldaquí_i_crucifix.jpg"
Sagrada_Família,28023,1,commons/Construction_of_the_Sagrada_Família_in_2013/0/pictures/Vitrais_-_2_(8749952499).jpg
Sagrada_Família,28023,1,commons/Crossing_of_the_Sagrada_Família/0/pictures/Barcelona_-_Templo_Expiatorio_de_la_Sagrada_Familia_-_20150410102752.jpg
Sagrada_Família,28023,1,commons/Construction_of_the_Sagrada_Família_in_2011/0/pictures/WLM14ES_-_Barcelona_Interior_497_04_de_julio_de_2011_-_.jpg
Sagrada_Família,28023,1,commons/Stained_glass_windows_of_the_West_Aisle_of_the_Sagrada_Família/0/pictures/Basílica_de_la_Sagrada_Familia_(9).jpg
Sagrada_Família,28023,1,commons/Ceiling_of_the_nave_of_the_Sagrada_Família/0/pictures/Sagrada_Familia_Barcelona_cielo.jpg
Sagrada_Família,28023,1,commons/Stained_glass_windows_of_the_North-East_Transept_of_the_Sagrada_Família/0/pictures/View_of_the_transept_towards_the_Nativity_facade_-_Interior_of_Sagrada_Família_-_Barcelona_2014_(2).jpg
Sagrada_Família,28023,1,commons/Ceiling_of_the_crossing_of_the_Sagrada_Família/0/pictures/Sagrada_familia_(7567099988).jpg
Sagrada_Família,28023,1,commons/Baldachin_of_the_Sagrada_Família/0/pictures/Christ_hanging_(5859218396).jpg
Sagrada_Família,28023,1,commons/Dome_interior_of_the_Sagrada_Família/0/pictures/Intérieur_de_la_Sagrada_Familia.jpg
Sagrada_Família,28023,1,commons/Columns_of_the_Sagrada_Família/0/pictures/Barcelona_Sagrada_Familia_Interior_2017_13.jpg
Sagrada_Família,28023,1,"commons/Crucifix_in_the_main_altar_of_the_Sagrada_Família/0/pictures/025_Sagrada_Família,_interior,_baldaquí_i_crucifix.jpg"
Sagrada_Família,28023,1,commons/Ceiling_of_the_crossing_of_the_Sagrada_Família/0/pictures/Interior_de_la_Sagrada_Família.jpg
Sagrada_Família,28023,1,"commons/Stained_glass_windows_of_the_Apse_of_the_Sagrada_Família/0/pictures/La_Sagrada_Familia,_Barcelona,_Spain_-_panoramio_(18).jpg"
Sagrada_Família,28023,1,commons/Cupola_above_the_main_altar_of_the_Sagrada_Família/0/pictures/Sagrada_Familia_m5.jpg
Sagrada_Família,28023,1,commons/Crossing_of_the_Sagrada_Família/0/pictures/Basílica_I_Temple_Expiatori_De_La_Sagrada_Família_(111099123).jpeg
Sagrada_Família,28023,1,commons/Interior_of_the_nave_of_the_Sagrada_Família/0/pictures/Barcelona_-_Temple_Expiatori_de_la_Sagrada_Família_(29).jpg
Sagrada_Família,28023,1,commons/Construction_of_the_Sagrada_Família_in_2011/0/pictures/WLM14ES_-_Barcelona_Interior_504_04_de_julio_de_2011_-_.jpg
Sagrada_Família,28023,1,commons/Stained_glass_windows_of_the_West_Aisle_of_the_Sagrada_Família/0/pictures/Inside_Sagrada_Familia_-_panoramio.jpg
Sagrada_Família,28023,1,commons/Ceiling_of_the_nave_of_the_Sagrada_Família/0/pictures/Sagrada_Familia_March_2015-10a.jpg
Sagrada_Família,28023,1,"commons/Stained_glass_windows_of_the_West_Aisle_of_the_Sagrada_Família/0/pictures/Sagrada_Familia,_interior_(2)_(30908584290).jpg"
Sagrada_Família,28023,1,commons/Ceiling_of_the_nave_of_the_Sagrada_Família/0/pictures/Sagrada_ceiling_2.jpg
Sagrada_Família,28023,1,"commons/Baldachin_of_the_Sagrada_Família/0/pictures/Interiors_of_the_Sagrada_Família,_May_2013_-_20.JPG"
Sagrada_Família,28023,1,commons/Crucifix_in_the_main_altar_of_the_Sagrada_Família/0/pictures/2019_03_16_AIDA_Barcelona_(109).jpg
Sagrada_Família,28023,1,"commons/Stained_glass_windows_of_the_East_Aisle_of_the_Sagrada_Família/0/pictures/Sagrada_Familia,_stained_glass_windows_(2)_(30927030180).jpg"
Sagrada_Família,28023,1,commons/Baldachin_of_the_Sagrada_Família/0/pictures/Templo_Expiatorio_de_la_Sagrada_Familia_-_panoramio_-_Jorge_Franganillo_(6).jpg
Sagrada_Família,28023,1,commons/Crucifix_in_the_main_altar_of_the_Sagrada_Família/0/pictures/Main_altar_-_Interior_of_Sagrada_Família_-_Barcelona_2014_(2).JPG
Sagrada_Família,28023,1,commons/East_Aisle_of_the_Sagrada_Família/0/pictures/Sagrada_Familia_spiral_staircase_(5910647967).jpg
Sagrada_Família,28023,1,commons/Ceiling_of_the_crossing_of_the_Sagrada_Família/0/pictures/Sagrada_Familia_interior_over_altar.jpg
Sagrada_Família,28023,1,"commons/Columns_of_the_Sagrada_Família/0/pictures/052_Sagrada_Família,_interior,_bosc_de_columnes.jpg"
Sagrada_Família,28023,1,commons/Interiors_of_the_Sagrada_Família/0/pictures/Eixample_-_Sagrada_Família_-_20150828142505.jpg
Sagrada_Família,28023,1,commons/Baldachin_of_the_Sagrada_Família/0/pictures/Barcelona_-_Temple_Expiatori_de_la_Sagrada_Família_(12).jpg
Sagrada_Família,28023,1,"commons/Crossing_of_the_Sagrada_Família/0/pictures/Interior_de_la_Sagrada_Família,_Barcelona_(maig_2013)_-_panoramio_(1).jpg"
Sagrada_Família,28023,1,commons/Stained_glass_windows_of_the_West_Aisle_of_the_Sagrada_Família/0/pictures/Stained-glass_windows_of_the_Sagrada_Família_2023_3.jpg
Sagrada_Família,28023,1,commons/Ceiling_of_the_nave_of_the_Sagrada_Família/0/pictures/Temple_Expiatori_de_la_Sagrada_Família_(Barcelona)_-_61.jpg
Sagrada_Família,28023,1,commons/Interior_of_the_South-West_Transept_of_the_Sagrada_Família/0/pictures/Basílica_de_la_Sagrada_Familia_(2).jpg
Sagrada_Família,28023,1,commons/Columns_of_the_Sagrada_Família/0/pictures/Sagrada_Familia_supports_(5895816739).jpg
Sagrada_Família,28023,1,commons/Stained_glass_windows_of_the_East_Aisle_of_the_Sagrada_Família/0/pictures/Temple_Expiatori_de_la_Sagrada_Família_(Barcelona)_-_86.jpg
Sagrada_Família,28023,1,commons/Baldachin_of_the_Sagrada_Família/0/pictures/WLM14ES_-_Barcelona_Interior_494_04_de_julio_de_2011_-_.jpg
Sagrada_Família,28023,1,commons/Organs_in_the_main_altar_of_the_Sagrada_Família_-_front_part_in_the_choir/0/pictures/(Barcelona)_Sagrada_Família_Orgel_-_front_part_in_the_choir.jpg
Sagrada_Família,28023,1,"commons/Stained_glass_windows_of_the_North-East_Transept_of_the_Sagrada_Família/0/pictures/Stained_Glass_paintings_at_Sagrada_Familia,_Barcelona_(_Ank_Kumar)_11.jpg"
Sagrada_Família,28023,1,commons/Ceiling_of_the_crossing_of_the_Sagrada_Família/0/pictures/Segrada_Familia_2016-354.jpg
Sagrada_Família,28023,1,commons/Dome_interior_of_the_Sagrada_Família/0/pictures/SF_-_Vestiduras_de_Dios.JPG
Sagrada_Família,28023,1,commons/Interior_of_the_North-East_Transept_of_the_Sagrada_Família/0/pictures/Basílica_de_la_Sagrada_Familia_interior.jpg
Sagrada_Família,28023,1,commons/Columns_of_the_Sagrada_Família/0/pictures/Barcelona_Sagrada_Familia_interior_01.jpg
Sagrada_Família,28023,1,"commons/Interiors_of_the_Sagrada_Família/0/pictures/La_Sagrada_Familia,_Barcelona,_Spain_-_panoramio_(23).jpg"
Sagrada_Família,28023,1,commons/Crossing_of_the_Sagrada_Família/0/pictures/Segrada_Familia_2016-345.jpg
Sagrada_Família,28023,1,commons/Ceiling_of_the_nave_of_the_Sagrada_Família/0/pictures/Σαγράδα_Φαμίλια_3347.jpg
Sagrada_Família,28023,1,"commons/Baldachin_of_the_Sagrada_Família/0/pictures/082_Sagrada_Família,_interior,_presbiteri.jpg"
Sagrada_Família,28023,1,commons/Crossing_of_the_Sagrada_Família/0/pictures/Barcelona_-_Temple_Expiatori_de_la_Sagrada_Família_(21).jpg
Sagrada_Família,28023,1,"commons/Stained_glass_windows_of_the_East_Aisle_of_the_Sagrada_Família/0/pictures/Sagrada_Familia,_stained_glass_windows_(4)_(31150823672).jpg"
Sagrada_Família,28023,1,commons/Baldachin_of_the_Sagrada_Família/0/pictures/Temple_Expiatori_de_la_Sagrada_Família_(Barcelona)_-_3.jpg
Sagrada_Família,28023,1,commons/Stained_glass_windows_of_the_North-East_Transept_of_the_Sagrada_Família/0/pictures/Stained_glass_window_at_Sagrada_Família.jpg
Sagrada_Família,28023,1,commons/Ceiling_of_the_crossing_of_the_Sagrada_Família/0/pictures/Temple_Expiatori_de_la_Sagrada_Família_(Barcelona)_-_66.jpg
Sagrada_Família,28023,1,"commons/Baldachin_of_the_Sagrada_Família/0/pictures/Antoni_Gaudi’s_Sagrada_Familia,_Barcelona_01.jpg"
Sagrada_Família,28023,1,commons/Dome_interior_of_the_Sagrada_Família/0/pictures/Sagrada_Familia_interior_over_altar.jpg
Sagrada_Família,28023,1,commons/Construction_of_the_Sagrada_Família_in_2014/0/pictures/Ceiling_Canopy_II.jpg
Sagrada_Família,28023,1,commons/Interiors_of_the_Sagrada_Família/0/pictures/Eixample_-_Sagrada_Família_-_20150828135356.jpg
Sagrada_Família,28023,1,commons/Construction_of_the_Sagrada_Família_in_2006/0/pictures/Sagrada_Familia_Interior.jpg
Sagrada_Família,28023,1,commons/Ceiling_of_the_transepts_of_the_Sagrada_Família/0/pictures/Barcelona_Sagrada_Familia.JPG
Sagrada_Família,28023,1,commons/Cupola_above_the_main_altar_of_the_Sagrada_Família/0/pictures/Temple_Expiatori_de_la_Sagrada_Família_(Barcelona)_-_2.jpg
Sagrada_Família,28023,1,"commons/Baldachin_of_the_Sagrada_Família/0/pictures/037_Sagrada_Família,_interior,_presbiteri,_baldaquí_i_orgues.jpg"
Sagrada_Família,28023,1,commons/Crossing_of_the_Sagrada_Família/0/pictures/Barcelona_Sagrada_Familia_interior_03.jpg
Sagrada_Família,28023,1,"commons/Stained_glass_windows_of_the_West_Aisle_of_the_Sagrada_Família/0/pictures/Sagrada_Familia,_stained_glass_windows_(8)_(31150596812).jpg"
Sagrada_Família,28023,1,commons/Ceiling_of_the_nave_of_the_Sagrada_Família/0/pictures/SagradaFamiliaVoltaCentral_1410-01.jpg
Sagrada_Família,28023,1,commons/Interior_of_the_South-West_Transept_of_the_Sagrada_Família/0/pictures/Barcelona_-_Temple_Expiatori_de_la_Sagrada_Família_(11).jpg
Sagrada_Família,28023,1,commons/Ceiling_of_the_crossing_of_the_Sagrada_Família/0/pictures/Sostre_Sagrada_Familia.JPG
Sagrada_Família,28023,1,commons/Baldachin_of_the_Sagrada_Família/0/pictures/Eixample_-_Sagrada_Família_-_20150828135245.jpg
Sagrada_Família,28023,1,commons/Dome_interior_of_the_Sagrada_Família/0/pictures/One_of_the_evangelists'_columns_-_Interior_of_Sagrada_Família_-_Barcelona_2014.JPG
Sagrada_Família,28023,1,commons/Interior_of_the_North-East_Transept_of_the_Sagrada_Família/0/pictures/Die_Basilika_Sagrada_Familia_5.jpg
Sagrada_Família,28023,1,commons/Stained_glass_windows_of_the_East_Aisle_of_the_Sagrada_Família/0/pictures/Barcelona_Sagrada_Familia_interior_09.jpg
Sagrada_Família,28023,1,commons/Baldachin_of_the_Sagrada_Família/0/pictures/La_Sagrada_Familia_-_interior_3_-_Barcelona_-_panoramio.jpg
Sagrada_Família,28023,1,commons/Ceiling_of_the_transepts_of_the_Sagrada_Família/0/pictures/Die_Basilika_Sagrada_Familia_5.jpg
Sagrada_Família,28023,1,commons/Interior_of_the_South-West_Transept_of_the_Sagrada_Família/0/pictures/Sagrada_Familia_lofty_interior_(5899546067).jpg
Sagrada_Família,28023,1,commons/Ceiling_of_the_crossing_of_the_Sagrada_Família/0/pictures/ES-BCN-sagr-fam-04.jpg
Sagrada_Família,28023,1,commons/Stained_glass_windows_of_the_Apse_of_the_Sagrada_Família/0/pictures/Sagrada_Familia_(2807706873).jpg
Sagrada_Família,28023,1,commons/Cupola_above_the_main_altar_of_the_Sagrada_Família/0/pictures/Sagrada_Família_-_Interior_2_(8751072976).jpg
Sagrada_Família,28023,1,commons/Interior_of_the_Glory_facade_of_the_Sagrada_Família/0/pictures/Sagrada_Familia_Barcelona_cielo.jpg
Sagrada_Família,28023,1,commons/Cupola_above_the_main_altar_of_the_Sagrada_Família/0/pictures/Sagrada_Família-I.jpg
Sagrada_Família,28023,1,"commons/Baldachin_of_the_Sagrada_Família/0/pictures/083_Sagrada_Família,_interior,_deambulatori_i_presbiteri.jpg"
Sagrada_Família,28023,1,commons/Crossing_of_the_Sagrada_Família/0/pictures/Barcelona_Sagrada_Familia_interior_04.jpg
Sagrada_Família,28023,1,commons/Ceiling_of_the_crossing_of_the_Sagrada_Família/0/pictures/Ceiling_Canopy.jpg
Sagrada_Família,28023,1,commons/Cupola_above_the_main_altar_of_the_Sagrada_Família/0/pictures/Vista_de_la_volta_de_l'absis_amb_el_dosser_del_Sant_Crist.JPG
Sagrada_Família,28023,1,commons/Baldachin_of_the_Sagrada_Família/0/pictures/Altar_de_la_basílica_de_la_Sagrada_Família.JPG
Sagrada_Família,28023,1,commons/Crossing_of_the_Sagrada_Família/0/pictures/Els_reflexos_dels_vitralls.jpg
Sagrada_Família,28023,1,commons/Stained_glass_windows_of_the_West_Aisle_of_the_Sagrada_Família/0/pictures/Sagrada_Família_-_BCN_-_Interior_01.JPG
Sagrada_Família,28023,1,commons/Ceiling_of_the_nave_of_the_Sagrada_Família/0/pictures/Sagrada_familia_4.jpg
Sagrada_Família,28023,1,commons/Ceiling_of_the_crossing_of_the_Sagrada_Família/0/pictures/Die_Basilika_Sagrada_Familia_5.jpg
Sagrada_Família,28023,1,commons/East_Aisle_of_the_Sagrada_Família/0/pictures/La_Sagrada_Familia_-_interior_4_-_Barcelona_-_panoramio.jpg
Sagrada_Família,28023,1,commons/Interior_of_the_South-West_Transept_of_the_Sagrada_Família/0/pictures/Barcelona_-_Temple_Expiatori_de_la_Sagrada_Família_(30).jpg
Sagrada_Família,28023,1,commons/Stained_glass_windows_of_the_North-East_Transept_of_the_Sagrada_Família/0/pictures/Sagrada_familia_-_panoramio_(9).jpg
Sagrada_Família,28023,1,commons/Ceiling_of_the_crossing_of_the_Sagrada_Família/0/pictures/Los_Cuatro_Evangelistas.jpg
Sagrada_Família,28023,1,commons/Cupola_above_the_main_altar_of_the_Sagrada_Família/0/pictures/Sagrada_Familia._Presbiterio.jpg
Sagrada_Família,28023,1,commons/Interior_of_the_Glory_facade_of_the_Sagrada_Família/0/pictures/SagradaFamiliaVoltaCentral_1410-01.jpg
Sagrada_Família,28023,1,"commons/Dome_interior_of_the_Sagrada_Família/0/pictures/012_Sagrada_Família,_interior,_columnes.jpg"
Sagrada_Família,28023,1,"commons/Baldachin_of_the_Sagrada_Família/0/pictures/025_Sagrada_Família,_interior,_baldaquí_i_crucifix.jpg"
Sagrada_Família,28023,1,commons/Construction_of_the_Sagrada_Família_in_2010/0/pictures/Inside_La_Sagrada_Familia_-_panoramio_(4).jpg
Sagrada_Família,28023,1,commons/Crossing_of_the_Sagrada_Família/0/pictures/Basílica_de_la_Sagrada_Familia_interior_misa.jpg
Sagrada_Família,28023,1,"commons/Ceiling_of_the_crossing_of_the_Sagrada_Família/0/pictures/Interiors_of_the_Sagrada_Família,_May_2013_-_15.JPG"
Sagrada_Família,28023,1,commons/Cupola_above_the_main_altar_of_the_Sagrada_Família/0/pictures/Sagrada_Família._Mosaic_ceràmica.jpg
Sagrada_Família,28023,1,commons/Dome_interior_of_the_Sagrada_Família/0/pictures/Ceiling_Canopy_II.jpg
Sagrada_Família,28023,1,commons/Baldachin_of_the_Sagrada_Família/0/pictures/Antoni_Gaudi_Kirche_Sagrada_Familia.jpg
Sagrada_Família,28023,1,commons/Crossing_of_the_Sagrada_Família/0/pictures/Interior_of_the_Sagrada_Família_(2).jpg
Sagrada_Família,28023,1,commons/Ceiling_of_the_crossing_of_the_Sagrada_Família/0/pictures/SAGRADA_FAMILIA-05.JPG
Sagrada_Família,28023,1,commons/Columns_of_the_Sagrada_Família/0/pictures/Sagrada_Familia-2.jpg
Sagrada_Família,28023,1,"commons/Stained_glass_windows_of_the_East_Aisle_of_the_Sagrada_Família/0/pictures/Sagrada_Familia,_stained_glass_windows_(3)_(31162395871).jpg"
Sagrada_Família,28023,1,commons/Baldachin_of_the_Sagrada_Família/0/pictures/Vista_de_la_volta_de_l'absis_amb_el_dosser_del_Sant_Crist.JPG
Sagrada_Família,28023,1,commons/Stained_glass_windows_of_the_North-East_Transept_of_the_Sagrada_Família/0/pictures/Segrada_Familia_2016-334.jpg
Sagrada_Família,28023,1,commons/Ceiling_of_the_crossing_of_the_Sagrada_Família/0/pictures/Plafond_de_la_Sagrada.JPG
Sagrada_Família,28023,1,commons/Baldachin_of_the_Sagrada_Família/0/pictures/Altar_major_02.JPG
Sagrada_Família,28023,1,commons/Cupola_above_the_main_altar_of_the_Sagrada_Família/0/pictures/Sagrada_familia_Barcelona_2.jpg
Sagrada_Família,28023,1,commons/Dome_interior_of_the_Sagrada_Família/0/pictures/SAGRADA_FAMILIA-05.JPG
Sagrada_Família,28023,1,commons/Baldachin_of_the_Sagrada_Família/0/pictures/Altar_sagrada_familia.jpg
Sagrada_Família,28023,1,"commons/Crossing_of_the_Sagrada_Família/0/pictures/Interior_Sagrada_Família,_Barcelona_(maig_2013)_-_panoramio_(2).jpg"
Sagrada_Família,28023,1,commons/Stained_glass_windows_of_the_West_Aisle_of_the_Sagrada_Família/0/pictures/Sagrada_Familia048.jpg
Sagrada_Família,28023,1,commons/Ceiling_of_the_nave_of_the_Sagrada_Família/0/pictures/Sagrada_familia_5.jpg
Sagrada_Família,28023,1,commons/Construction_of_the_Sagrada_Família_in_2011/0/pictures/Interior_de_la_Sagrada_Familia_.jpg
Sagrada_Família,28023,1,commons/Interior_of_the_South-West_Transept_of_the_Sagrada_Família/0/pictures/Barcelona_-_panoramio_(271).jpg
Sagrada_Família,28023,1,"commons/Stained_glass_windows_of_the_East_Aisle_of_the_Sagrada_Família/0/pictures/Stained_Glass_paintings_at_Sagrada_Familia,_Barcelona_08.jpg"
Sagrada_Família,28023,1,commons/Baldachin_of_the_Sagrada_Família/0/pictures/Sagrada_Família-I.jpg
Sagrada_Família,28023,1,commons/Organs_in_the_main_altar_of_the_Sagrada_Família/0/pictures/ORGANO_SF_FACHADA.jpg
Sagrada_Família,28023,1,commons/Stained_glass_windows_of_the_North-East_Transept_of_the_Sagrada_Família/0/pictures/Sagrada_familia_interior_vidriera_00001.jpg
Sagrada_Família,28023,1,commons/Ceiling_of_the_crossing_of_the_Sagrada_Família/0/pictures/Interior_of_the_dome_-_Interior_of_Sagrada_Família_-_Barcelona_2014.jpg
Sagrada_Família,28023,1,"commons/Baldachin_of_the_Sagrada_Família/0/pictures/023_Sagrada_Família,_interior,_baldaquí_i_crucifix.jpg"
Sagrada_Família,28023,1,"commons/Cupola_above_the_main_altar_of_the_Sagrada_Família/0/pictures/WLM14ES_-_Temple_Expiatori_de_la_Sagrada_Família,_Eixample,_Barcelona_-_MARIA_ROSA_FERRE_(8).jpg"
Sagrada_Família,28023,1,commons/East_Aisle_of_the_Sagrada_Família/0/pictures/Temple_Expiatori_de_la_Sagrada_Família_(Barcelona)_-_61.jpg
Sagrada_Família,28023,1,commons/Ceiling_of_the_crossing_of_the_Sagrada_Família/0/pictures/Sagrada_Familia_looking_up_at_ceiling.jpg
Sagrada_Família,28023,1,commons/Dome_interior_of_the_Sagrada_Família/0/pictures/Arquitectura_de_la_geometría.jpg
Sagrada_Família,28023,1,commons/Baldachin_of_the_Sagrada_Família/0/pictures/Baldaquino_SF.jpg
Sagrada_Família,28023,1,commons/Construction_of_the_Sagrada_Família_in_2010/0/pictures/Lascar_Central_nave_-_Sagrada_Familia_(4469323513).jpg
Sagrada_Família,28023,1,commons/Crossing_of_the_Sagrada_Família/0/pictures/Inside_La_Sagrada_Familia_-_panoramio_(2).jpg
Sagrada_Família,28023,1,commons/Stained_glass_windows_of_the_West_Aisle_of_the_Sagrada_Família/0/pictures/Templo_Expiatorio_de_la_Sagrada_Familia_-_panoramio_-_Jorge_Franganillo_(3).jpg
Sagrada_Família,28023,1,commons/Ceiling_of_the_nave_of_the_Sagrada_Família/0/pictures/Templo_Expiatorio_de_la_Sagrada_Familia_-_panoramio_-_Jorge_Franganillo_(10).jpg
Sagrada_Família,28023,1,commons/Ceiling_of_the_crossing_of_the_Sagrada_Família/0/pictures/Eixample_-_Sagrada_Família_-_20150828135040.jpg
Sagrada_Família,28023,1,commons/East_Aisle_of_the_Sagrada_Família/0/pictures/Sagrada_Familia_in_Barcelona_06.jpg
Sagrada_Família,28023,1,commons/Construction_of_the_Sagrada_Família_in_2011/0/pictures/Interior_of_the_Sagrada_Família_-_Choirs_singing.JPG
Sagrada_Família,28023,1,commons/Interior_of_the_South-West_Transept_of_the_Sagrada_Família/0/pictures/Eixample_-_Sagrada_Família_-_20150828135003.jpg
Sagrada_Família,28023,1,commons/Ceiling_of_the_crossing_of_the_Sagrada_Família/0/pictures/Temple_Expiatori_de_la_Sagrada_Família_(Barcelona)_-_63.jpg
Sagrada_Família,28023,1,commons/Baldachin_of_the_Sagrada_Família/0/pictures/Eixample_-_Sagrada_Família_-_20150828135640.jpg
Sagrada_Família,28023,1,commons/Dome_interior_of_the_Sagrada_Família/0/pictures/Sagrada_Familia_-_Barcelona.jpg
Sagrada_Família,28023,1,"commons/Spiral_stairs_of_the_Sagrada_Família/0/pictures/036_Sagrada_Família,_interior,_columnes.jpg"
Sagrada_Família,28023,1,commons/Crossing_of_the_Sagrada_Família/0/pictures/Segrada_Familia_2016-374.jpg
Sagrada_Família,28023,1,commons/Ceiling_of_the_transepts_of_the_Sagrada_Família/0/pictures/Ceiling_of_the_Sagrada_Familia_(5866535923).jpg
Sagrada_Família,28023,1,commons/Interior_of_the_South-West_Transept_of_the_Sagrada_Família/0/pictures/Sagrada_Familia_(6622814711).jpg
Sagrada_Família,28023,1,commons/Ceiling_of_the_crossing_of_the_Sagrada_Família/0/pictures/Temple_Expiatori_de_la_Sagrada_Família_(Barcelona)_-_8.jpg
Sagrada_Família,28023,1,commons/Dome_interior_of_the_Sagrada_Família/0/pictures/Sagrada_Familia-2.jpg
Sagrada_Família,28023,1,commons/Interior_of_the_North-East_Transept_of_the_Sagrada_Família/0/pictures/Barcelona_Sagrada_Familia_interior_20.jpg
Sagrada_Família,28023,1,"commons/Crucifix_in_the_main_altar_of_the_Sagrada_Família/0/pictures/Antoni_Gaudi’s_Sagrada_Familia,_Barcelona_03.jpg"
Sagrada_Família,28023,1,commons/Ceiling_of_the_transepts_of_the_Sagrada_Família/0/pictures/Antoni_Gaudi’s_Sagrada_Familia_12.jpg
Sagrada_Família,28023,1,commons/Stained_glass_windows_of_the_North-East_Transept_of_the_Sagrada_Família/0/pictures/Templo_Expiatorio_de_la_Sagrada_Familia_-_panoramio_-_Jorge_Franganillo_(8).jpg
Sagrada_Família,28023,1,commons/Ceiling_of_the_crossing_of_the_Sagrada_Família/0/pictures/Sagrada_Familia_m4.jpg
Sagrada_Família,28023,1,commons/East_Aisle_of_the_Sagrada_Família/0/pictures/Σαγράδα_Φαμίλια_3353.jpg
Sagrada_Família,28023,1,commons/Interior_of_the_South-West_Transept_of_the_Sagrada_Família/0/pictures/Segrada_Familia_2016-341.jpg
Sagrada_Família,28023,1,commons/Ceiling_of_the_transepts_of_the_Sagrada_Família/0/pictures/Barcelona_Sagrada_Familia_interior_19.jpg
Sagrada_Família,28023,1,commons/Interior_of_the_South-West_Transept_of_the_Sagrada_Família/0/pictures/Segrada_Familia_2016-354.jpg
Sagrada_Família,28023,1,commons/Interior_of_the_South-West_Transept_of_the_Sagrada_Família/0/pictures/Sagrada_Familia_inside_View_Roof.jpg
Sagrada_Família,28023,1,commons/Columns_of_the_Sagrada_Família/0/pictures/La_Sagrada_Familia_-_interior_5_-_Barcelona_-_panoramio.jpg
Sagrada_Família,28023,1,"commons/Interiors_of_the_Sagrada_Família/0/pictures/La_Sagrada_Familia,_Barcelona,_Spain_-_panoramio_(45).jpg"
Sagrada_Família,28023,1,"commons/Crucifix_in_the_main_altar_of_the_Sagrada_Família/0/pictures/Antoni_Gaudi’s_Sagrada_Familia,_Barcelona_06.jpg"
Sagrada_Família,28023,1,commons/Ceiling_of_the_transepts_of_the_Sagrada_Família/0/pictures/General_view_of_the_ceilings_-_Interior_of_Sagrada_Família_-_Barcelona_2014_(crop).jpg
Sagrada_Família,28023,1,commons/Interior_of_the_South-West_Transept_of_the_Sagrada_Família/0/pictures/Sagrada_Familia_Stained_Glass_12.jpg
Sagrada_Família,28023,1,"commons/Columns_of_the_Sagrada_Família/0/pictures/La_Sagrada_Família,_Barcelona_-_panoramio_(9).jpg"
Sagrada_Família,28023,1,"commons/Stained_glass_windows_of_the_East_Aisle_of_the_Sagrada_Família/0/pictures/Sagrada_Famiia,_stained_glass_windows_(1)_(30455600044).jpg"
Sagrada_Família,28023,1,commons/Baldachin_of_the_Sagrada_Família/0/pictures/Sagrada_Familia_(6622745373).jpg
Sagrada_Família,28023,1,commons/Ceiling_of_the_transepts_of_the_Sagrada_Família/0/pictures/La_sagrada_familia_center.jpg
Sagrada_Família,28023,1,"commons/Stained_glass_windows_of_the_East_Aisle_of_the_Sagrada_Família/0/pictures/La_Sagrada_Familia,_Barcelona,_Spain_-_panoramio_(28).jpg"
Sagrada_Família,28023,1,commons/Baldachin_of_the_Sagrada_Família/0/pictures/Main_altar_-_Interior_of_Sagrada_Família_-_Barcelona_2014_(2).JPG
Sagrada_Família,28023,1,commons/Crucifix_in_the_main_altar_of_the_Sagrada_Família/0/pictures/MG_8403_tonemapped.jpg
Sagrada_Família,28023,1,commons/Interior_of_the_South-West_Transept_of_the_Sagrada_Família/0/pictures/Sagrada_Familia_interior_(5851497543).jpg
Sagrada_Família,28023,1,commons/Columns_of_the_Sagrada_Família/0/pictures/La_cúpula_de_Gaudí_sobre_columnas.JPG
Sagrada_Família,28023,1,commons/Baldachin_of_the_Sagrada_Família/0/pictures/Sagrada_Familia_Inside_3_(5839818404).jpg
Sagrada_Família,28023,1,"commons/Crucifix_in_the_main_altar_of_the_Sagrada_Família/0/pictures/Antoni_Gaudi’s_Sagrada_Familia,_Barcelona_07.jpg"
Sagrada_Família,28023,1,commons/Construction_of_the_Sagrada_Família_in_2006/0/pictures/Sagrada_Familia_interior_1.jpg
Sagrada_Família,28023,1,commons/Interior_of_the_South-West_Transept_of_the_Sagrada_Família/0/pictures/WLM14ES_-_Barcelona_Interior_482_04_de_julio_de_2011_-_.jpg
Sagrada_Família,28023,1,commons/Stained_glass_windows_of_the_East_Aisle_of_the_Sagrada_Família/0/pictures/La_Sagrada_Familia_-_interior_6_-_Barcelona_-_panoramio.jpg
Sagrada_Família,28023,1,commons/Baldachin_of_the_Sagrada_Família/0/pictures/Sagrada_Familia_lofty_interior_(5899546067).jpg
Sagrada_Família,28023,1,commons/Crucifix_in_the_main_altar_of_the_Sagrada_Família/0/pictures/L'altar.jpg
Sagrada_Família,28023,1,commons/Ceiling_of_the_transepts_of_the_Sagrada_Família/0/pictures/Eixample_-_Sagrada_Família_-_20150828135040.jpg
Sagrada_Família,28023,1,commons/Interior_of_the_South-West_Transept_of_the_Sagrada_Família/0/pictures/WLM14ES_-_Barcelona_Interior_504_04_de_julio_de_2011_-_.jpg
Sagrada_Família,28023,1,"commons/Columns_of_the_Sagrada_Família/0/pictures/La_Sagrada_Familia,_Barcelona,_Spain_-_panoramio_(54).jpg"
Sagrada_Família,28023,1,commons/Construction_of_the_Sagrada_Família_in_2014/0/pictures/Sagrada_Familia_Stained_Glass_01.jpg
Sagrada_Família,28023,1,commons/Interiors_of_the_Sagrada_Família/0/pictures/Sagrada_Familia_(50315173132).jpg
Sagrada_Família,28023,1,"commons/Stained_glass_windows_of_the_East_Aisle_of_the_Sagrada_Família/0/pictures/La_Sagrada_Familia,_Barcelona,_Spain_-_panoramio_(29).jpg"
Sagrada_Família,28023,1,commons/Baldachin_of_the_Sagrada_Família/0/pictures/Sagrada_Familia_(6622770903).jpg
Sagrada_Família,28023,1,commons/Crucifix_in_the_main_altar_of_the_Sagrada_Família/0/pictures/Detalle_del_cristo_del_altar_de_la_Sagrada_Familia_de_Barcelona.jpg
Sagrada_Família,28023,1,commons/Interior_of_the_South-West_Transept_of_the_Sagrada_Família/0/pictures/Segrada_Familia_2016-353.jpg
Sagrada_Família,28023,1,"commons/Stained_glass_windows_of_the_East_Aisle_of_the_Sagrada_Família/0/pictures/Interiors_of_the_Sagrada_Família,_May_2013_-_19.JPG"
Sagrada_Família,28023,1,commons/Baldachin_of_the_Sagrada_Família/0/pictures/Sagrada_Familia_m5.jpg
Sagrada_Família,28023,1,commons/Ceiling_of_the_transepts_of_the_Sagrada_Família/0/pictures/Sagrada_Familia_looking_up_at_ceiling.jpg
Sagrada_Família,28023,1,commons/Interior_of_the_South-West_Transept_of_the_Sagrada_Família/0/pictures/Segrada_Familia_2016-381.jpg
Sagrada_Família,28023,1,"commons/Columns_of_the_Sagrada_Família/0/pictures/La_Sagrada_Familia,_Barcelona,_Spain_-_panoramio_(59).jpg"
Sagrada_Família,28023,1,"commons/Stained_glass_windows_of_the_East_Aisle_of_the_Sagrada_Família/0/pictures/Sagrada_Famiia,_stained_glass_windows_(2)_(31240948686).jpg"
Sagrada_Família,28023,1,commons/Baldachin_of_the_Sagrada_Família/0/pictures/Sagrada_Familia_(6622787689).jpg
Sagrada_Família,28023,1,commons/Crucifix_in_the_main_altar_of_the_Sagrada_Família/0/pictures/Main_altar_-_Interior_of_Sagrada_Família_-_Barcelona_2014.JPG
Sagrada_Família,28023,1,commons/Interior_of_the_South-West_Transept_of_the_Sagrada_Família/0/pictures/Segrada_Familia_2016-380.jpg
Sagrada_Família,28023,1,commons/Stained_glass_windows_of_the_East_Aisle_of_the_Sagrada_Família/0/pictures/La_Sagrada_Familia_-_interior_4_-_Barcelona_-_panoramio.jpg
Sagrada_Família,28023,1,commons/Baldachin_of_the_Sagrada_Família/0/pictures/Sagrada_Familia_IV.jpg
Sagrada_Família,28023,1,commons/Interior_of_the_South-West_Transept_of_the_Sagrada_Família/0/pictures/Segrada_Familia_2016-379.jpg
Sagrada_Família,28023,1,commons/Columns_of_the_Sagrada_Família/0/pictures/La_luz_sobre_las_columnas_de_la_Sagrada_Familia.jpg
Sagrada_Família,28023,1,commons/Construction_of_the_Sagrada_Família_in_2014/0/pictures/Sagrada_Familia_in_Barcelona_06.jpg
Sagrada_Família,28023,1,"commons/Stained_glass_windows_of_the_East_Aisle_of_the_Sagrada_Família/0/pictures/Sagrada_Famiia,_stained_glass_windows_(5)_(30909261470).jpg"
Sagrada_Família,28023,1,commons/Baldachin_of_the_Sagrada_Família/0/pictures/Sagrada_Familia_Inside_Perspective_(34651406).jpeg
Sagrada_Família,28023,1,commons/Columns_of_the_Sagrada_Família/0/pictures/Sagrada_Familia_Ceiling_6_(5839825934).jpg
Sagrada_Família,28023,1,commons/Interiors_of_the_Sagrada_Família/0/pictures/Sagrada_Familia_(July_2022)_06.jpg
Sagrada_Família,28023,1,commons/Columns_of_the_Sagrada_Família/0/pictures/R_2048_20120928_2233_DSC00167.jpg
Sagrada_Família,28023,1,commons/Interiors_of_the_Sagrada_Família/0/pictures/Sagrada_Familia_(July_2022)_01.jpg
Sagrada_Família,28023,1,"commons/Stained_glass_windows_of_the_East_Aisle_of_the_Sagrada_Família/0/pictures/Sagrada_Familia,_stained_glass_windows_(1)_(31180217991).jpg"
Sagrada_Família,28023,1,commons/Baldachin_of_the_Sagrada_Família/0/pictures/Temple_Expiatori_de_la_Sagrada_Família_(Barcelona)_-_84.jpg
Sagrada_Família,28023,1,commons/Crucifix_in_the_main_altar_of_the_Sagrada_Família/0/pictures/WLM14ES_-_Barcelona_Interior_491_04_de_julio_de_2011_-_.jpg
Sagrada_Família,28023,1,commons/Columns_of_the_Sagrada_Família/0/pictures/Sagrada_Familia_Columns.jpg
Sagrada_Família,28023,1,"commons/Stained_glass_windows_of_the_East_Aisle_of_the_Sagrada_Família/0/pictures/Sagrada_Familia,_stained_glass_windows_(10)_(31179612401).jpg"
Sagrada_Família,28023,1,commons/Baldachin_of_the_Sagrada_Família/0/pictures/Temple_Expiatori_de_la_Sagrada_Família_(Barcelona)_-_64.jpg
Sagrada_Família,28023,1,commons/Crucifix_in_the_main_altar_of_the_Sagrada_Família/0/pictures/Sagrada_Familia_(9).jpg
Sagrada_Família,28023,1,commons/Columns_of_the_Sagrada_Família/0/pictures/Sagrada_Familia_bosque_de_columnas.JPG
Sagrada_Família,28023,1,commons/Interiors_of_the_Sagrada_Família/0/pictures/Sagrada_Familia_(July_2022)_03.jpg
Sagrada_Família,28023,1,"commons/Stained_glass_windows_of_the_East_Aisle_of_the_Sagrada_Família/0/pictures/Sagrada_Familia,_stained_glass_windows_(12)_(30486660533).jpg"
Sagrada_Família,28023,1,commons/Baldachin_of_the_Sagrada_Família/0/pictures/Sagrada_familia_Barcelona_2.jpg
Sagrada_Família,28023,1,commons/Crucifix_in_the_main_altar_of_the_Sagrada_Família/0/pictures/The_apse_of_the_Sagrada_Familia_(June_2016).jpg
Sagrada_Família,28023,1,commons/Stained_glass_windows_of_the_East_Aisle_of_the_Sagrada_Família/0/pictures/Sagrada_Familia_(vitrail)_(3).JPG
Sagrada_Família,28023,1,commons/Baldachin_of_the_Sagrada_Família/0/pictures/Sostenido_en_la_cúpula_y_mirando_al_Cielo.JPG
Sagrada_Família,28023,1,"commons/Crucifix_in_the_main_altar_of_the_Sagrada_Família/0/pictures/Antoni_Gaudi’s_Sagrada_Familia,_Barcelona_08.jpg"
Sagrada_Família,28023,1,commons/Columns_of_the_Sagrada_Família/0/pictures/Sagrada_Familia_Multiple_Columns_(5839245513).jpg
Sagrada_Família,28023,1,commons/Stained_glass_windows_of_the_East_Aisle_of_the_Sagrada_Família/0/pictures/Sagrada_familia_-_panoramio_(10).jpg
Sagrada_Família,28023,1,commons/Baldachin_of_the_Sagrada_Família/0/pictures/Temple_Expiatori_de_la_Sagrada_Família_(Barcelona)_-_7.jpg
Sagrada_Família,28023,1,"commons/Stained_glass_windows_of_the_East_Aisle_of_the_Sagrada_Família/0/pictures/Stained_Glass_paintings_at_Sagrada_Familia,_Barcelona_07.jpg"
Sagrada_Família,28023,1,commons/Baldachin_of_the_Sagrada_Família/0/pictures/WLM14ES_-_Barcelona_Interior_493_04_de_julio_de_2011_-_.jpg
Sagrada_Família,28023,1,commons/Capitals_(architecture)_of_the_Sagrada_Família/0/pictures/Sagrada_Familia_Ceiling_6_(5839825934).jpg
Sagrada_Família,28023,1,"commons/Organs_in_the_main_altar_of_the_Sagrada_Família_-_front_part_in_the_choir/0/pictures/083_Sagrada_Família,_interior,_deambulatori_i_presbiteri.jpg"
Sagrada_Família,28023,1,commons/Ceiling_of_the_crossing_of_the_Sagrada_Família/0/pictures/Sagrada_Família-I.jpg
Sagrada_Família,28023,1,commons/Baldachin_of_the_Sagrada_Família/0/pictures/Christ_umbrella_(5861974397).jpg
Sagrada_Família,28023,1,commons/Dome_interior_of_the_Sagrada_Família/0/pictures/Sagrada_Família_-_Interior_1_(8751072026).jpg
Sagrada_Família,28023,1,commons/Interior_of_the_North-East_Transept_of_the_Sagrada_Família/0/pictures/Die_Basilika_Sagrada_Familia_4.jpg
Sagrada_Família,28023,1,"commons/Stained_glass_windows_of_the_North-East_Transept_of_the_Sagrada_Família/0/pictures/Vitrall_Beat_Bonaventura,_Sant_Oleguer_i_Sant_Pere_Armengol.jpg"
Sagrada_Família,28023,1,"commons/Ceiling_of_the_nave_of_the_Sagrada_Família/0/pictures/017_Sagrada_Família,_interior,_volta_i_columnes.jpg"
Sagrada_Família,28023,1,"commons/Baldachin_of_the_Sagrada_Família/0/pictures/Eglise_de_La_Sagrada_Familia,_Barcelone,_Catalogne,_Espagne..jpg"
Sagrada_Família,28023,1,commons/Dome_interior_of_the_Sagrada_Família/0/pictures/Sagrada_Família._Voltes_hiperbòliques.jpg
Sagrada_Família,28023,1,commons/Ceiling_of_the_nave_of_the_Sagrada_Família/0/pictures/2008_Sagrada_Familia_16.JPG
Sagrada_Família,28023,1,"commons/Baldachin_of_the_Sagrada_Família/0/pictures/Interiors_of_the_Sagrada_Família,_May_2013_-_18.JPG"
Sagrada_Família,28023,1,commons/Dome_interior_of_the_Sagrada_Família/0/pictures/Sagrada_Família_8.jpg
Sagrada_Família,28023,1,commons/Stained_glass_windows_of_the_North-East_Transept_of_the_Sagrada_Família/0/pictures/Vitraux_-Sagrada_Familia_(Barcelone).JPG
Sagrada_Família,28023,1,commons/Ceiling_of_the_crossing_of_the_Sagrada_Família/0/pictures/SagradaFamilia_sostre.jpg
Sagrada_Família,28023,1,commons/Baldachin_of_the_Sagrada_Família/0/pictures/Christ_umbrella_(5865711888).jpg
Sagrada_Família,28023,1,commons/Dome_interior_of_the_Sagrada_Família/0/pictures/Sagrada_Familia_m4.jpg
Sagrada_Família,28023,1,commons/Stained_glass_windows_of_the_South-West_Transept_of_the_Sagrada_Família/0/pictures/2019_03_16_AIDA_Barcelona_(126).jpg
Sagrada_Família,28023,1,"commons/Ceiling_of_the_nave_of_the_Sagrada_Família/0/pictures/016_Sagrada_Família,_interior,_volta_de_la_nau.jpg"
Sagrada_Família,28023,1,commons/Construction_of_the_Sagrada_Família_in_2011/0/pictures/Sagrada_Familia_interior_over_altar.jpg
Sagrada_Família,28023,1,commons/Interior_of_the_North-East_Transept_of_the_Sagrada_Família/0/pictures/Construction_Sagrada_Familia_Cathedral_Barcelona_(120219531).jpeg
Sagrada_Família,28023,1,commons/Stained_glass_windows_of_the_South-West_Transept_of_the_Sagrada_Família/0/pictures/2009-08-sagrada-famiglia-interior-alex-garel.jpg
Sagrada_Família,28023,1,commons/Ceiling_of_the_crossing_of_the_Sagrada_Família/0/pictures/Vista_des_de'l_peu_d'una_columna.JPG
Sagrada_Família,28023,1,commons/Baldachin_of_the_Sagrada_Família/0/pictures/MG_8403_tonemapped.jpg
Sagrada_Família,28023,1,commons/Dome_interior_of_the_Sagrada_Família/0/pictures/Sagrada_Familia_Inside_4_(5839054347).jpg
Sagrada_Família,28023,1,commons/Interior_of_the_North-East_Transept_of_the_Sagrada_Família/0/pictures/Eixample_-_Sagrada_Família_-_20150828134956.jpg
Sagrada_Família,28023,1,commons/Stained_glass_windows_of_the_North-East_Transept_of_the_Sagrada_Família/0/pictures/Vitralls_nau_central.JPG
Sagrada_Família,28023,1,commons/Ceiling_of_the_nave_of_the_Sagrada_Família/0/pictures/Barcelona_-_La_Sagrada_Família_-_Central_Nave_Vault_-_View_NE.jpg
Sagrada_Família,28023,1,commons/Construction_of_the_Sagrada_Família_in_2010/0/pictures/Sagrada_Familia_Windows.jpg
Sagrada_Família,28023,1,commons/Interior_of_the_North-East_Transept_of_the_Sagrada_Família/0/pictures/INSIDE_OF_SAGRADA_FAMILIA.JPG
Sagrada_Família,28023,1,"commons/Stained_glass_windows_of_the_South-West_Transept_of_the_Sagrada_Família/0/pictures/073_Sagrada_Família,_interior,_vitrall_de_la_nau.jpg"
Sagrada_Família,28023,1,"commons/Ceiling_of_the_nave_of_the_Sagrada_Família/0/pictures/Antoni_Gaudi‘s_Sagrada_Familia,_Barcelona_(Ank_Kumar)_03.jpg"
Sagrada_Família,28023,1,commons/Ceiling_of_the_nave_of_the_Sagrada_Família/0/pictures/BarcellonaSagradaFamilla_Interno.jpg
Sagrada_Família,28023,1,commons/Construction_of_the_Sagrada_Família_in_2011/0/pictures/Sagrada_Familia_Ceiling_2.jpg
Sagrada_Família,28023,1,"commons/Stained_glass_windows_of_the_East_Aisle_of_the_Sagrada_Família/0/pictures/Inside_the_Sagrada_familia_2,_Barcelona,_Spain.jpg"
Sagrada_Família,28023,1,commons/Baldachin_of_the_Sagrada_Família/0/pictures/Main_altar_-_Interior_of_Sagrada_Família_-_Barcelona_2014.JPG
Sagrada_Família,28023,1,commons/Dome_interior_of_the_Sagrada_Família/0/pictures/Sostre_Sagrada_Familia.JPG
Sagrada_Família,28023,1,commons/Interior_of_the_North-East_Transept_of_the_Sagrada_Família/0/pictures/Interior_of_the_Sagrada_Família_(3).jpg
Sagrada_Família,28023,1,commons/Ceiling_of_the_nave_of_the_Sagrada_Família/0/pictures/Barcelona_1090_03.jpg
Sagrada_Família,28023,1,commons/Stained_glass_windows_of_the_East_Aisle_of_the_Sagrada_Família/0/pictures/HDR_sagradafamiliain_(16138447179).jpg
Sagrada_Família,28023,1,commons/Baldachin_of_the_Sagrada_Família/0/pictures/SAGRADA_FAMILIA-02.JPG
Sagrada_Família,28023,1,commons/Dome_interior_of_the_Sagrada_Família/0/pictures/Temple_Expiatori_de_la_Sagrada_Família_(Barcelona)_-_66.jpg
Sagrada_Família,28023,1,commons/Interior_of_the_North-East_Transept_of_the_Sagrada_Família/0/pictures/Eixample_-_Sagrada_Família_-_20150828141002.jpg
Sagrada_Família,28023,1,commons/Ceiling_of_the_nave_of_the_Sagrada_Família/0/pictures/Barcelona_1090_23.jpg
Sagrada_Família,28023,1,commons/Stained_glass_windows_of_the_East_Aisle_of_the_Sagrada_Família/0/pictures/Barcelona_Sagrada_Familia_interior_11.jpg
Sagrada_Família,28023,1,commons/Dome_interior_of_the_Sagrada_Família/0/pictures/Temple_Expiatori_de_la_Sagrada_Família_(Barcelona)_-_63.jpg
Sagrada_Família,28023,1,commons/Interior_of_the_North-East_Transept_of_the_Sagrada_Família/0/pictures/ES-BCN-sagr-fam-02.jpg
Sagrada_Família,28023,1,commons/Ceiling_of_the_nave_of_the_Sagrada_Família/0/pictures/Barcelona_Sagrada_Familia_interior_14.jpg
Sagrada_Família,28023,1,commons/Interior_of_the_apse_of_the_Sagrada_Família/0/pictures/Barcelona_-_Templo_Expiatorio_de_la_Sagrada_Familia_-_20150410103009.jpg
Sagrada_Família,28023,1,commons/Construction_of_the_Sagrada_Família_in_2011/0/pictures/Sagrada_Familia_Inside_5_(5839673450).jpg
Sagrada_Família,28023,1,commons/Stained_glass_windows_of_the_East_Aisle_of_the_Sagrada_Família/0/pictures/Interior_of_the_Sagrada_Família_(8).jpg
Sagrada_Família,28023,1,commons/Dome_interior_of_the_Sagrada_Família/0/pictures/Temple_Expiatori_de_la_Sagrada_Família_(Barcelona)_-_8.jpg
Sagrada_Família,28023,1,commons/Construction_of_the_Sagrada_Família_in_2010/0/pictures/Sagrada_Familia_interior_stereographic_vertical_panorama_2010.jpg
Sagrada_Família,28023,1,commons/Interior_of_the_North-East_Transept_of_the_Sagrada_Família/0/pictures/Eixample_-_Sagrada_Família_-_20150828135344.jpg
Sagrada_Família,28023,1,commons/Ceiling_of_the_nave_of_the_Sagrada_Família/0/pictures/Barcelona_1090_30.jpg
Sagrada_Família,28023,1,commons/Baldachin_of_the_Sagrada_Família/0/pictures/La_Luz_del_Mundo.jpg
Sagrada_Família,28023,1,commons/Dome_interior_of_the_Sagrada_Família/0/pictures/Segrada_Familia_2016-339.jpg
Sagrada_Família,28023,1,"commons/Interior_of_the_North-East_Transept_of_the_Sagrada_Família/0/pictures/Interior_Sagrada_Família,_Barcelona_(maig_2013)_-_panoramio.jpg"
Sagrada_Família,28023,1,commons/Ceiling_of_the_nave_of_the_Sagrada_Família/0/pictures/Barcelona_-_panoramio_(203).jpg
Sagrada_Família,28023,1,commons/Stained_glass_windows_of_the_East_Aisle_of_the_Sagrada_Família/0/pictures/Interiors_of_the_Sagrada_Família_20171225-1.jpg
Sagrada_Família,28023,1,commons/Baldachin_of_the_Sagrada_Família/0/pictures/Main_altar_-_Interior_of_Sagrada_Família_-_Barcelona_2014_(3).JPG
Sagrada_Família,28023,1,commons/Dome_interior_of_the_Sagrada_Família/0/pictures/Temple_Expiatori_de_la_Sagrada_Família_(Barcelona)_-_2.jpg
Sagrada_Família,28023,1,commons/Interior_of_the_North-East_Transept_of_the_Sagrada_Família/0/pictures/Inside_La_Sagrada_Familia_-_panoramio.jpg
Sagrada_Família,28023,1,commons/Stained_glass_windows_of_the_South-West_Transept_of_the_Sagrada_Família/0/pictures/Barcelona_-_La_Sagrada_Família_-_Stained_Glass_Window_close_to_the_Passion_Façade.jpg
Sagrada_Família,28023,1,commons/Ceiling_of_the_nave_of_the_Sagrada_Família/0/pictures/Barcelona_1090_31.jpg
Sagrada_Família,28023,1,commons/Baldachin_of_the_Sagrada_Família/0/pictures/Sagrada_Familia_(6622757833).jpg
Sagrada_Família,28023,1,commons/Dome_interior_of_the_Sagrada_Família/0/pictures/Sagrada_Família-I.jpg
Sagrada_Família,28023,1,"commons/Interior_of_the_North-East_Transept_of_the_Sagrada_Família/0/pictures/Interior_view,_Sagrada_Família.jpg"
Sagrada_Família,28023,1,"commons/Stained_glass_windows_of_the_South-West_Transept_of_the_Sagrada_Família/0/pictures/La_Sagrada_Família,_Barcelona,_Espanya_(Unsplash).jpg"
Sagrada_Família,28023,1,commons/Ceiling_of_the_nave_of_the_Sagrada_Família/0/pictures/Barcelona_-_Sagrada_Familia_-_Ceiling_-_2016.jpg
Sagrada_Família,28023,1,commons/Ceiling_of_the_nave_of_the_Sagrada_Família/0/pictures/2008_Sagrada_Familia_18.JPG
Sagrada_Família,28023,1,"commons/Interior_of_the_North-East_Transept_of_the_Sagrada_Família/0/pictures/Interiors_of_the_Sagrada_Família,_May_2013_-_04.JPG"
Sagrada_Família,28023,1,commons/Ceiling_of_the_nave_of_the_Sagrada_Família/0/pictures/Barcelona_-_La_Sagrada_Família_-_View_Upward_on_Central_Nave_Vault.jpg
Sagrada_Família,28023,1,"commons/Interior_of_the_North-East_Transept_of_the_Sagrada_Família/0/pictures/Interiors_of_the_Sagrada_Família,_May_2013_-_31.JPG"
Sagrada_Família,28023,1,commons/Ceiling_of_the_nave_of_the_Sagrada_Família/0/pictures/Barcelona_Sagrada_Família_estrutura_-_panoramio.jpg
Sagrada_Família,28023,1,"commons/Interior_of_the_North-East_Transept_of_the_Sagrada_Família/0/pictures/La_Sagrada_Familia,_Barcelona,_Spain_-_panoramio_(11).jpg"
Sagrada_Família,28023,1,commons/Stained_glass_windows_of_the_South-West_Transept_of_the_Sagrada_Família/0/pictures/Interior_of_the_Passion_facade_-_Interior_of_the_Sagrada_Família_-_Barcelona_2014.JPG
Sagrada_Família,28023,1,commons/Ceiling_of_the_nave_of_the_Sagrada_Família/0/pictures/Basílica_i_Temple_Expiatori_de_la_Sagrada_Família_interiors.jpg
Sagrada_Família,28023,1,"commons/Interior_of_the_North-East_Transept_of_the_Sagrada_Família/0/pictures/Interiors_of_the_Sagrada_Família,_May_2013_-_30.JPG"
Sagrada_Família,28023,1,"commons/Stained_glass_windows_of_the_South-West_Transept_of_the_Sagrada_Família/0/pictures/Sagrada_Familia,_interior_(21)_(31130118082).jpg"
Sagrada_Família,28023,1,commons/Ceiling_of_the_nave_of_the_Sagrada_Família/0/pictures/Bosc_de_columnes.jpg
Sagrada_Família,28023,1,"commons/Interior_of_the_North-East_Transept_of_the_Sagrada_Família/0/pictures/La_Sagrada_Familia,_Barcelona,_Spain_-_panoramio_(77).jpg"
Sagrada_Família,28023,1,commons/Ceiling_of_the_nave_of_the_Sagrada_Família/0/pictures/Bóveda_gaudí_copia.jpg
Sagrada_Família,28023,1,"commons/Interior_of_the_North-East_Transept_of_the_Sagrada_Família/0/pictures/La_Sagrada_Família,_Barcelona_-_panoramio_(8).jpg"
Sagrada_Família,28023,1,commons/Stained_glass_windows_of_the_South-West_Transept_of_the_Sagrada_Família/0/pictures/Sagrada_Familia_Stained_Glass_05.jpg
Sagrada_Família,28023,1,commons/Ceiling_of_the_nave_of_the_Sagrada_Família/0/pictures/Ceiling_(12528251).jpeg
Sagrada_Família,28023,1,"commons/Interior_of_the_North-East_Transept_of_the_Sagrada_Família/0/pictures/La_Sagrada_Família,_Barcelona_-_panoramio_(12).jpg"
Sagrada_Família,28023,1,commons/Stained_glass_windows_of_the_South-West_Transept_of_the_Sagrada_Família/0/pictures/Sagrada_Familia_Stained_Glass_06.jpg
Sagrada_Família,28023,1,commons/Ceiling_of_the_nave_of_the_Sagrada_Família/0/pictures/Ceiling_of_the_central_nave_of_Sagrada_Família.JPG
Sagrada_Família,28023,1,"commons/Interior_of_the_North-East_Transept_of_the_Sagrada_Família/0/pictures/La_Sagrada_Família,_Barcelona_-_panoramio_(9).jpg"
Sagrada_Família,28023,1,commons/Stained_glass_windows_of_the_South-West_Transept_of_the_Sagrada_Família/0/pictures/Sagrada_window.jpg
Sagrada_Família,28023,1,commons/Ceiling_of_the_nave_of_the_Sagrada_Família/0/pictures/Detalls_Sagrada_Família.jpg
Sagrada_Família,28023,1,commons/Construction_of_the_Sagrada_Família_in_2011/0/pictures/Sagrada_Família._Mosaic_ceràmica.jpg
Sagrada_Família,28023,1,commons/Construction_of_the_Sagrada_Família_in_2010/0/pictures/Sagrada_Família-I.jpg
Sagrada_Família,28023,1,commons/Interior_of_the_North-East_Transept_of_the_Sagrada_Família/0/pictures/Looking_Up_-_panoramio_(3).jpg
Sagrada_Família,28023,1,commons/Ceiling_of_the_nave_of_the_Sagrada_Família/0/pictures/DetailCeilingSagradaFamilia.jpg
Sagrada_Família,28023,1,commons/Ceiling_of_the_nave_of_the_Sagrada_Família/0/pictures/Columna_Sagrada_Familia.jpg
Sagrada_Família,28023,1,commons/Stained_glass_windows_of_the_South-West_Transept_of_the_Sagrada_Família/0/pictures/Sagrada_Familia_interior_(5851497543).jpg
Sagrada_Família,28023,1,commons/Ceiling_of_the_nave_of_the_Sagrada_Família/0/pictures/Ceiling_of_the_nave_-_Interior_of_Sagrada_Família_-_Barcelona_2014.JPG
Sagrada_Família,28023,1,"commons/Interior_of_the_North-East_Transept_of_the_Sagrada_Família/0/pictures/La_Sagrada_Familia,_Barcelona,_Spain_-_panoramio_(55).jpg"
Sagrada_Família,28023,1,"commons/Ceiling_of_the_nave_of_the_Sagrada_Família/0/pictures/Detail_of_the_ceiling_of_Sagrada_Familia_in_Barcelona,_Spain.jpg"
Sagrada_Família,28023,1,commons/Interior_of_the_North-East_Transept_of_the_Sagrada_Família/0/pictures/La_sagrada_familia_lights.jpg
Sagrada_Família,28023,1,commons/Ceiling_of_the_nave_of_the_Sagrada_Família/0/pictures/Detalls_sostre_Temple.JPG
Sagrada_Família,28023,1,commons/Interior_of_the_North-East_Transept_of_the_Sagrada_Família/0/pictures/Sagrada_Familia_(22346420624).jpg
Sagrada_Família,28023,1,commons/Ceiling_of_the_nave_of_the_Sagrada_Família/0/pictures/Gaudi_(2835914074).jpg
Sagrada_Família,28023,1,commons/Interior_of_the_North-East_Transept_of_the_Sagrada_Família/0/pictures/North-East_Transept_of_the_Sagrada_Família_(189995763).jpg
Sagrada_Família,28023,1,commons/Ceiling_of_the_nave_of_the_Sagrada_Família/0/pictures/Gaudí's_La_Sagrada_de_la_Familia_(64911993).jpg
Sagrada_Família,28023,1,commons/Ceiling_of_the_nave_of_the_Sagrada_Família/0/pictures/Indoor_Sagrada_Familia_-_Barcelona_-_panoramio.jpg
Sagrada_Família,28023,1,commons/Interior_of_the_North-East_Transept_of_the_Sagrada_Família/0/pictures/Sagrada_Familia_(6622735265).jpg
Sagrada_Família,28023,1,commons/Stained_glass_windows_of_the_South-West_Transept_of_the_Sagrada_Família/0/pictures/Segrada_Familia_2016-338.jpg
Sagrada_Família,28023,1,commons/Ceiling_of_the_nave_of_the_Sagrada_Família/0/pictures/Inside_Sagrada_Familia_(3408714959).jpg
Sagrada_Família,28023,1,commons/Construction_of_the_Sagrada_Família_in_2011/0/pictures/Barcelona_-_panoramio_(203).jpg
Sagrada_Família,28023,1,"commons/Interior_of_the_North-East_Transept_of_the_Sagrada_Família/0/pictures/Sagrada_Familia_,_Gaudì_-_panoramio.jpg"
Sagrada_Família,28023,1,"commons/Stained_glass_windows_of_the_South-West_Transept_of_the_Sagrada_Família/0/pictures/Stained_Glass_paintings_at_Sagrada_Familia,_Barcelona_01.jpg"
Sagrada_Família,28023,1,commons/Ceiling_of_the_nave_of_the_Sagrada_Família/0/pictures/Interiors_of_the_Sagrada_Família_(8275413020).jpg
Sagrada_Família,28023,1,commons/Ceiling_of_the_nave_of_the_Sagrada_Família/0/pictures/La_Sagrada_Familia_(Barcelona).jpg
Sagrada_Família,28023,1,commons/Interior_of_the_apse_of_the_Sagrada_Família/0/pictures/Barcelona_-_Temple_Expiatori_de_la_Sagrada_Família_(21).jpg
Sagrada_Família,28023,1,commons/Construction_of_the_Sagrada_Família_in_2011/0/pictures/Sagrada_Familia_m4.jpg
Sagrada_Família,28023,1,commons/Stained_glass_windows_of_the_East_Aisle_of_the_Sagrada_Família/0/pictures/Barcelona_Sagrada_Familia_interior_10.jpg
Sagrada_Família,28023,1,commons/Dome_interior_of_the_Sagrada_Família/0/pictures/The_TOP_of_La_Sagrada_familia.jpg
Sagrada_Família,28023,1,commons/Interior_of_the_North-East_Transept_of_the_Sagrada_Família/0/pictures/Interior_of_Sagrada_Família.jpg
Sagrada_Família,28023,1,commons/Ceiling_of_the_nave_of_the_Sagrada_Família/0/pictures/El_sostre_de_la_sagrada_família.jpg
Sagrada_Família,28023,1,commons/Stained_glass_windows_of_the_West_Aisle_of_the_Sagrada_Família/0/pictures/2019_03_16_AIDA_Barcelona_(112).jpg
Sagrada_Família,28023,1,"commons/Ceiling_of_the_nave_of_the_Sagrada_Família/0/pictures/Interiors_of_the_Sagrada_Família,_May_2013_-_16.JPG"
Sagrada_Família,28023,1,commons/Construction_of_the_Sagrada_Família_in_2011/0/pictures/Barcelona_-_panoramio_(202).jpg
Sagrada_Família,28023,1,"commons/Interior_of_the_North-East_Transept_of_the_Sagrada_Família/0/pictures/Sagrada_Familia_,_il_fascino_-_panoramio.jpg"
Sagrada_Família,28023,1,"commons/Stained_glass_windows_of_the_South-West_Transept_of_the_Sagrada_Família/0/pictures/Stained_Glass_paintings_at_Sagrada_Familia,_Barcelona_02.jpg"
Sagrada_Família,28023,1,"commons/Ceiling_of_the_nave_of_the_Sagrada_Família/0/pictures/Interior_Sagrada_Família,_Barcelona_(maig_2013)_-_panoramio_(1).jpg"
Sagrada_Família,28023,1,commons/Construction_of_the_Sagrada_Família_in_2011/0/pictures/Temple_Expiatori_de_la_Sagrada_Família_(Barcelona)_-_61.jpg
Sagrada_Família,28023,1,commons/Stained_glass_windows_of_the_West_Aisle_of_the_Sagrada_Família/0/pictures/2019_03_16_AIDA_Barcelona_(118).jpg
Sagrada_Família,28023,1,commons/Ceiling_of_the_nave_of_the_Sagrada_Família/0/pictures/Just_Look_Up_(107383781).jpeg
Sagrada_Família,28023,1,commons/Interior_of_the_North-East_Transept_of_the_Sagrada_Família/0/pictures/Sagrada_Familia_(July_2022)_04.jpg
Sagrada_Família,28023,1,commons/Ceiling_of_the_nave_of_the_Sagrada_Família/0/pictures/La_Sagrada_Familia_(Unsplash).jpg
Sagrada_Família,28023,1,commons/Construction_of_the_Sagrada_Família_in_2011/0/pictures/Temple_Expiatori_de_la_Sagrada_Família_(Barcelona)_-_66.jpg
Sagrada_Família,28023,1,commons/Ceiling_of_the_nave_of_the_Sagrada_Família/0/pictures/La_Sagrada_Familia_-_interior_view_1_-_Barcelona_-_panoramio.jpg
Sagrada_Família,28023,1,commons/Stained_glass_windows_of_the_West_Aisle_of_the_Sagrada_Família/0/pictures/Barcelona_Sagrada_Familia_Interior_2017_03.jpg
Sagrada_Família,28023,1,commons/Ceiling_of_the_nave_of_the_Sagrada_Família/0/pictures/Inside_Sagrada_Familia_(3409524088).jpg
Sagrada_Família,28023,1,commons/Interior_of_the_nave_of_the_Sagrada_Família/0/pictures/2019_03_16_AIDA_Barcelona_(111).jpg
Sagrada_Família,28023,1,commons/Construction_of_the_Sagrada_Família_in_2011/0/pictures/SagradaFamilia_sostre.jpg
Sagrada_Família,28023,1,commons/Stained_glass_windows_of_the_West_Aisle_of_the_Sagrada_Família/0/pictures/Barcelona_Sagrada_Familia_Interior_2017_02.jpg
Sagrada_Família,28023,1,commons/Ceiling_of_the_nave_of_the_Sagrada_Família/0/pictures/La_cúpula_de_Gaudí_sobre_columnas.JPG
Sagrada_Família,28023,1,commons/Construction_of_the_Sagrada_Família_in_2011/0/pictures/Temple_Expiatori_de_la_Sagrada_Família_(Barcelona)_-_8.jpg
Sagrada_Família,28023,1,commons/Interior_of_the_North-East_Transept_of_the_Sagrada_Família/0/pictures/Sagrada_Família_interior_north_east.jpg
Sagrada_Família,28023,1,commons/Stained_glass_windows_of_the_West_Aisle_of_the_Sagrada_Família/0/pictures/Barcelona_Sagrada_Familia_interior_06.jpg
Sagrada_Família,28023,1,commons/Ceiling_of_the_nave_of_the_Sagrada_Família/0/pictures/Lascar_Central_Nave_-_Sagrada_Familia_(4469342953).jpg
Sagrada_Família,28023,1,commons/Stained_glass_windows_of_the_West_Aisle_of_the_Sagrada_Família/0/pictures/Barcelona_Sagrada_Familia_Interior_2017_04.jpg
Sagrada_Família,28023,1,commons/Ceiling_of_the_nave_of_the_Sagrada_Família/0/pictures/Los_Cielos.jpg
Sagrada_Família,28023,1,commons/Stained_glass_windows_of_the_West_Aisle_of_the_Sagrada_Família/0/pictures/Barcelona_Sagrada_Familia_Interior_2017_07.jpg
Sagrada_Família,28023,1,commons/Ceiling_of_the_nave_of_the_Sagrada_Família/0/pictures/Nau_Sagrada_Familia.jpg
Sagrada_Família,28023,1,commons/Interior_of_the_North-East_Transept_of_the_Sagrada_Família/0/pictures/Sagrada_familia_(7567099988).jpg
Sagrada_Família,28023,1,commons/Stained_glass_windows_of_the_West_Aisle_of_the_Sagrada_Família/0/pictures/Barcelona_-_Temple_Expiatori_de_la_Sagrada_Família_(26).jpg
Sagrada_Família,28023,1,commons/Ceiling_of_the_nave_of_the_Sagrada_Família/0/pictures/Nau_Sagrada_Família_Barcelona.jpg
Sagrada_Família,28023,1,commons/Stained_glass_windows_of_the_West_Aisle_of_the_Sagrada_Família/0/pictures/Barcelona._Basilica_of_La_Sagrada_Família._Stained_glass_windows_of_the_aisles._(18561136293).jpg
Sagrada_Família,28023,1,"commons/Ceiling_of_the_nave_of_the_Sagrada_Família/0/pictures/La_Sagrada_Familia,_Barcelona,_Spain_-_panoramio_(59).jpg"
Sagrada_Família,28023,1,commons/Stained_glass_windows_of_the_West_Aisle_of_the_Sagrada_Família/0/pictures/Barcelona._Basilica_of_La_Sagrada_Família._Stained_glass_windows_of_the_aisles._(19175953552).jpg
Sagrada_Família,28023,1,commons/Ceiling_of_the_nave_of_the_Sagrada_Família/0/pictures/Nave_principal_Sagrada_Familia-Barcelona.jpg
Sagrada_Família,28023,1,commons/Interior_of_the_North-East_Transept_of_the_Sagrada_Família/0/pictures/Segrada_Familia_Barcelona_(7564255620).jpg
Sagrada_Família,28023,1,commons/Ceiling_of_the_nave_of_the_Sagrada_Família/0/pictures/SAGRADA_FAMILIA-04.JPG
Sagrada_Família,28023,1,commons/Interior_of_the_North-East_Transept_of_the_Sagrada_Família/0/pictures/Segrada_Familia_2016-354.jpg
Sagrada_Família,28023,1,commons/Stained_glass_windows_of_the_West_Aisle_of_the_Sagrada_Família/0/pictures/Barcelone_-_Sagrada_Familia_-_Vitraux.jpg
Sagrada_Família,28023,1,commons/Ceiling_of_the_nave_of_the_Sagrada_Família/0/pictures/Sagrada_Familia_(voûte)_(5).JPG
Sagrada_Família,28023,1,commons/Construction_of_the_Sagrada_Família_in_2011/0/pictures/WLM14ES_-_Barcelona_Interior_480_04_de_julio_de_2011_-_.jpg
Sagrada_Família,28023,1,commons/Stained_glass_windows_of_the_West_Aisle_of_the_Sagrada_Família/0/pictures/Barcelona_Sagrada_Familia_interior_08.jpg
Sagrada_Família,28023,1,commons/Ceiling_of_the_nave_of_the_Sagrada_Família/0/pictures/Sagrada_Familia_0122.JPG
Sagrada_Família,28023,1,"commons/Interior_of_the_nave_of_the_Sagrada_Família/0/pictures/Antoni_Gaudi‘s_Sagrada_Familia,_Barcelona_(Ank_Kumar)_02.jpg"
Sagrada_Família,28023,1,commons/Construction_of_the_Sagrada_Família_in_2011/0/pictures/WLM14ES_-_Barcelona_Interior_481_04_de_julio_de_2011_-_.jpg
Sagrada_Família,28023,1,commons/Interior_of_the_North-East_Transept_of_the_Sagrada_Família/0/pictures/Sagrada_Familia6.JPG
Sagrada_Família,28023,1,commons/Stained_glass_windows_of_the_West_Aisle_of_the_Sagrada_Família/0/pictures/Barcelona_sagrada.jpg
Sagrada_Família,28023,1,commons/Ceiling_of_the_nave_of_the_Sagrada_Família/0/pictures/Sagrada_Familia_Ceiling_2_(5839695030).jpg
Sagrada_Família,28023,1,"commons/Interior_of_the_nave_of_the_Sagrada_Família/0/pictures/Antoni_Gaudi‘s_Sagrada_Familia,_Barcelona_(Ank_Kumar)_04.jpg"
Sagrada_Família,28023,1,commons/Construction_of_the_Sagrada_Família_in_2011/0/pictures/WLM14ES_-_Barcelona_Interior_482_04_de_julio_de_2011_-_.jpg
Sagrada_Família,28023,1,commons/Interior_of_the_North-East_Transept_of_the_Sagrada_Família/0/pictures/Segrada_Familia_2016-348.jpg
Sagrada_Família,28023,1,commons/Ceiling_of_the_nave_of_the_Sagrada_Família/0/pictures/SF_-_interior.jpg
Sagrada_Família,28023,1,commons/Stained_glass_windows_of_the_West_Aisle_of_the_Sagrada_Família/0/pictures/Interior_of_the_Sagrada_Família_(11).jpg
Sagrada_Família,28023,1,commons/Ceiling_of_the_nave_of_the_Sagrada_Família/0/pictures/Sagrada_Familia_Ceiling_1_(5839220797).jpg
Sagrada_Família,28023,1,commons/Construction_of_the_Sagrada_Família_in_2011/0/pictures/Barcelona_-_panoramio_(273).jpg
Sagrada_Família,28023,1,commons/Interior_of_the_North-East_Transept_of_the_Sagrada_Família/0/pictures/Segrada_Familia_Barcelona_(7564249276).jpg
Sagrada_Família,28023,1,commons/Stained_glass_windows_of_the_West_Aisle_of_the_Sagrada_Família/0/pictures/Catalonia_Oct_2015.JPG
Sagrada_Família,28023,1,commons/Ceiling_of_the_nave_of_the_Sagrada_Família/0/pictures/La_sagrada_familia.jpg
Sagrada_Família,28023,1,commons/Construction_of_the_Sagrada_Família_in_2011/0/pictures/Sagrada_familia_interior_00002.jpg
Sagrada_Família,28023,1,commons/Interior_of_the_North-East_Transept_of_the_Sagrada_Família/0/pictures/Sagrada_Familia_Ceiling_2.jpg
Sagrada_Família,28023,1,"commons/Stained_glass_windows_of_the_West_Aisle_of_the_Sagrada_Família/0/pictures/Interiors_of_the_Sagrada_Família,_May_2013_-_09.JPG"
Sagrada_Família,28023,1,commons/Ceiling_of_the_nave_of_the_Sagrada_Família/0/pictures/Sagrada_Familia_Ceiling_6_(5839825934).jpg
Sagrada_Família,28023,1,commons/Construction_of_the_Sagrada_Família_in_2011/0/pictures/Barcelona_-_panoramio_(271).jpg
Sagrada_Família,28023,1,"commons/Interior_of_the_North-East_Transept_of_the_Sagrada_Família/0/pictures/Stained_Glass_paintings_at_Sagrada_Familia,_Barcelona_(_Ank_Kumar)_09.jpg"
Sagrada_Família,28023,1,commons/West_Aisle_of_the_Sagrada_Família/0/pictures/Sagrada_Familia_Inside_5_(5839673450).jpg
Sagrada_Família,28023,1,commons/Construction_of_the_Sagrada_Família_in_2004/0/pictures/Fale_-_Spain_-_Barcelona_-_119.jpg
Sagrada_Família,28023,1,commons/Construction_of_the_Sagrada_Família_in_2016/0/pictures/Barcelona_Sagrada_Familia_interior_14.jpg
Sagrada_Família,28023,1,commons/West_Aisle_of_the_Sagrada_Família/0/pictures/Sagrada_Familia_I.jpg
Sagrada_Família,28023,1,commons/Construction_of_the_Sagrada_Família_in_2004/0/pictures/Fale_-_Spain_-_Barcelona_-_118.jpg
Sagrada_Família,28023,1,"commons/Stained_glass_windows_of_the_West_Aisle_of_the_Sagrada_Família/0/pictures/Interiors_of_the_Sagrada_Família,_May_2013_-_02.JPG"
Sagrada_Família,28023,1,commons/Ceiling_of_the_nave_of_the_Sagrada_Família/0/pictures/Sagrada_Familia_ceiling_(Unsplash).jpg
Sagrada_Família,28023,1,commons/Interior_of_the_nave_of_the_Sagrada_Família/0/pictures/Barcelona_-_La_Sagrada_Família_-_View_SE_along_the_Southside_Windows_of_the_Central_Nave_Vault.jpg
Sagrada_Família,28023,1,commons/Construction_of_the_Sagrada_Família_in_2011/0/pictures/WLM14ES_-_Barcelona_Interior_501_04_de_julio_de_2011_-_.jpg
Sagrada_Família,28023,1,commons/Ceiling_of_the_nave_of_the_Sagrada_Família/0/pictures/Sagrada_Familia_Ceiling_4_(5839646342).jpg
Sagrada_Família,28023,1,"commons/Stained_glass_windows_of_the_West_Aisle_of_the_Sagrada_Família/0/pictures/La_Sagrada_Familia,_Barcelona,_Spain_-_panoramio_(20).jpg"
Sagrada_Família,28023,1,commons/Ceiling_of_the_nave_of_the_Sagrada_Família/0/pictures/Sagrada_Familia_III.jpg
Sagrada_Família,28023,1,"commons/Stained_glass_windows_of_the_West_Aisle_of_the_Sagrada_Família/0/pictures/La_Sagrada_Familia,_Barcelona,_Spain_-_panoramio_(78).jpg"
Sagrada_Família,28023,1,commons/Ceiling_of_the_nave_of_the_Sagrada_Família/0/pictures/Sagrada_Familia_Ceiling_5_(5839102989).jpg
Sagrada_Família,28023,1,commons/Stained_glass_windows_of_the_West_Aisle_of_the_Sagrada_Família/0/pictures/Interior_sagrada_flia.JPG
Sagrada_Família,28023,1,commons/Ceiling_of_the_nave_of_the_Sagrada_Família/0/pictures/Sagrada_Familia_March_2015-4a.jpg
Sagrada_Família,28023,1,commons/Interior_of_the_North-East_Transept_of_the_Sagrada_Família/0/pictures/Temple_Expiatori_de_la_Sagrada_Família_(Barcelona)_-_85.jpg
Sagrada_Família,28023,1,commons/Stained_glass_windows_of_the_West_Aisle_of_the_Sagrada_Família/0/pictures/RI-51-0003813.JPG
Sagrada_Família,28023,1,commons/Ceiling_of_the_nave_of_the_Sagrada_Família/0/pictures/Sagrada_Familia_March_2015-2a.jpg
Sagrada_Família,28023,1,"commons/Ceiling_of_the_Choir,_Crossing_and_Nave_of_the_Sagrada_Família/0/pictures/Sagrada_Familia,_interior_(12)_(31275297495).jpg"
Sagrada_Família,28023,1,"commons/East_Aisle_of_the_Sagrada_Família/0/pictures/054_Sagrada_Família,_interior,_joc_de_llums.jpg"
Sagrada_Família,28023,1,"commons/Interior_of_the_North-East_Transept_of_the_Sagrada_Família/0/pictures/Stained_Glass_paintings_at_Sagrada_Familia,_Barcelona_(_Ank_Kumar)_12.jpg"
Sagrada_Família,28023,1,"commons/West_Aisle_of_the_Sagrada_Família/0/pictures/Sagrada_Familia,_interior_(1)_(30454703344).jpg"
Sagrada_Família,28023,1,commons/Construction_of_the_Sagrada_Família_in_2004/0/pictures/Gaudí's_La_Sagrada_de_la_Familia_(64911993).jpg
Sagrada_Família,28023,1,commons/Construction_of_the_Sagrada_Família_in_2016/0/pictures/Barcelona_Sagrada_Familia_interior_19.jpg
Sagrada_Família,28023,1,commons/Stained_glass_windows_of_the_West_Aisle_of_the_Sagrada_Família/0/pictures/La_Sagrada_Familia_-_interior_2_-_Barcelona_-_panoramio.jpg
Sagrada_Família,28023,1,commons/Ceiling_of_the_nave_of_the_Sagrada_Família/0/pictures/Sagrada_Familia_March_2015-6a.jpg
Sagrada_Família,28023,1,commons/Stained_glass_windows_of_the_North-East_Transept_of_the_Sagrada_Família/0/pictures/CeilingDetailSagradaFamilia_02.jpg
Sagrada_Família,28023,1,"commons/Ceiling_of_the_Choir,_Crossing_and_Nave_of_the_Sagrada_Família/0/pictures/Interior_of_the_Sagrada_Família_(7).jpg"
Sagrada_Família,28023,1,"commons/East_Aisle_of_the_Sagrada_Família/0/pictures/057_Sagrada_Família,_interior,_gentada_i_joc_de_llums.jpg"
Sagrada_Família,28023,1,"commons/Interior_of_the_North-East_Transept_of_the_Sagrada_Família/0/pictures/Stained_Glass_paintings_at_Sagrada_Familia,_Barcelona_(_Ank_Kumar)_06.jpg"
Sagrada_Família,28023,1,commons/Interior_of_the_apse_of_the_Sagrada_Família/0/pictures/Trip_to_Europe_2017_33.jpg
Sagrada_Família,28023,1,commons/Construction_of_the_Sagrada_Família_in_2011/0/pictures/Temple_Expiatori_de_la_Sagrada_Família_(Barcelona)_-_63.jpg
Sagrada_Família,28023,1,commons/Ceiling_of_the_nave_of_the_Sagrada_Família/0/pictures/Sagrada_Familia_nave_roof_detail.jpg
Sagrada_Família,28023,1,commons/Interior_of_the_North-East_Transept_of_the_Sagrada_Família/0/pictures/View_of_the_transept_towards_the_Nativity_facade_-_Interior_of_Sagrada_Família_-_Barcelona_2014_(2).jpg
Sagrada_Família,28023,1,commons/Stained_glass_windows_of_the_West_Aisle_of_the_Sagrada_Família/0/pictures/Sagrada_Familia_(interior)_-_panoramio.jpg
Sagrada_Família,28023,1,"commons/Ceiling_of_the_nave_of_the_Sagrada_Família/0/pictures/Sagrada_Familia,_ceiling.JPG"
Sagrada_Família,28023,1,commons/East_Aisle_of_the_Sagrada_Família/0/pictures/2009-08-15-sagrada-familia-interior.jpg
Sagrada_Família,28023,1,commons/Sculpture_of_Saint_George_in_the_Sagrada_Família/0/pictures/Sagrada_Familia_ceiling_detail_(5929414132).jpg
Sagrada_Família,28023,1,commons/Interior_of_the_North-East_Transept_of_the_Sagrada_Família/0/pictures/The_pillars_of_La_sagrada_familia.jpg
Sagrada_Família,28023,1,"commons/Stained_glass_windows_of_the_West_Aisle_of_the_Sagrada_Família/0/pictures/Sagrada_Famiia,_stained_glass_windows_(4)_(30909362930).jpg"
Sagrada_Família,28023,1,"commons/Ceiling_of_the_nave_of_the_Sagrada_Família/0/pictures/Sagrada_Familia,_interior_view_(9)_(31158997451).jpg"
Sagrada_Família,28023,1,"commons/Ceiling_of_the_Choir,_Crossing_and_Nave_of_the_Sagrada_Família/0/pictures/Segrada_Familia_2016-349.jpg"
Sagrada_Família,28023,1,"commons/East_Aisle_of_the_Sagrada_Família/0/pictures/081_Sagrada_Família,_interior,_columnes_i_volta.jpg"
Sagrada_Família,28023,1,"commons/Interior_of_the_North-East_Transept_of_the_Sagrada_Família/0/pictures/Stained_Glass_paintings_at_Sagrada_Familia,_Barcelona_(_Ank_Kumar)_10.jpg"
Sagrada_Família,28023,1,"commons/Stained_glass_windows_of_the_West_Aisle_of_the_Sagrada_Família/0/pictures/Sagrada_Famiia,_stained_glass_windows_(6)_(31240669306).jpg"
Sagrada_Família,28023,1,commons/Ceiling_of_the_nave_of_the_Sagrada_Família/0/pictures/Sagrada_Familia_ceiling_detail_(5929414132).jpg
Sagrada_Família,28023,1,"commons/Interior_of_the_North-East_Transept_of_the_Sagrada_Família/0/pictures/Stained_Glass_paintings_at_Sagrada_Familia,_Barcelona_(_Ank_Kumar)_11.jpg"
Sagrada_Família,28023,1,"commons/Stained_glass_windows_of_the_West_Aisle_of_the_Sagrada_Família/0/pictures/Sagrada_Famiia,_stained_glass_windows_(7)_(30469001873).jpg"
Sagrada_Família,28023,1,commons/Ceiling_of_the_nave_of_the_Sagrada_Família/0/pictures/Sagrada_Familia_techo_Nave_central_63_metros_de_alto_de_Gaudi_-_panoramio.jpg
Sagrada_Família,28023,1,"commons/Ceiling_of_the_Choir,_Crossing_and_Nave_of_the_Sagrada_Família/0/pictures/Interior_del_Templo_Expiatorio_de_la_Sagrada_Familia.jpg"
Sagrada_Família,28023,1,commons/East_Aisle_of_the_Sagrada_Família/0/pictures/Barcelona_-_panoramio_(270).jpg
Sagrada_Família,28023,1,"commons/Interior_of_the_North-East_Transept_of_the_Sagrada_Família/0/pictures/Stained_Glass_paintings_at_Sagrada_Familia,_Barcelona_03.jpg"
Sagrada_Família,28023,1,commons/Ceiling_of_the_nave_of_the_Sagrada_Família/0/pictures/Sagrada_Familia3.JPG
Sagrada_Família,28023,1,commons/Interior_of_the_North-East_Transept_of_the_Sagrada_Família/0/pictures/View_of_the_transept_towards_the_Nativity_facade_-_Interior_of_Sagrada_Família_-_Barcelona_2014.jpg
Sagrada_Família,28023,1,commons/Stained_glass_windows_of_the_West_Aisle_of_the_Sagrada_Família/0/pictures/Sagrada_Familia_Stained_Glass_01.jpg
Sagrada_Família,28023,1,"commons/Ceiling_of_the_nave_of_the_Sagrada_Família/0/pictures/Sagrada_Familia,_interior_view_(1)_(30452684974).jpg"
Sagrada_Família,28023,1,"commons/Ceiling_of_the_Choir,_Crossing_and_Nave_of_the_Sagrada_Família/0/pictures/Sagrada_familia_(7567096702).jpg"
Sagrada_Família,28023,1,commons/East_Aisle_of_the_Sagrada_Família/0/pictures/Die_Basilika_Sagrada_Familia_7.jpg
Sagrada_Família,28023,1,commons/Interior_of_the_North-East_Transept_of_the_Sagrada_Família/0/pictures/WLM14ES_-_Barcelona_Interior_475_04_de_julio_de_2011_-_.jpg
Sagrada_Família,28023,1,commons/West_Aisle_of_the_Sagrada_Família/0/pictures/Windows_inside_Sagrada_Família.jpg
Sagrada_Família,28023,1,commons/Construction_of_the_Sagrada_Família_in_2004/0/pictures/Sagrada5.jpg
Sagrada_Família,28023,1,commons/Stained_glass_windows_of_the_West_Aisle_of_the_Sagrada_Família/0/pictures/Sagrada_Familia_Stained_Glass_02.jpg
Sagrada_Família,28023,1,commons/Ceiling_of_the_nave_of_the_Sagrada_Família/0/pictures/Sagrada_Família_-_voltes.jpg
Sagrada_Família,28023,1,commons/Interior_of_the_North-East_Transept_of_the_Sagrada_Família/0/pictures/WLM14ES_-_Barcelona_Interior_501_04_de_julio_de_2011_-_.jpg
Sagrada_Família,28023,1,commons/Stained_glass_windows_of_the_West_Aisle_of_the_Sagrada_Família/0/pictures/Sagrada_Familia_Stained_Glass_03.jpg
Sagrada_Família,28023,1,commons/Ceiling_of_the_nave_of_the_Sagrada_Família/0/pictures/Sagrada_Familia_interior_1.jpg
Sagrada_Família,28023,1,commons/Interior_of_the_North-East_Transept_of_the_Sagrada_Família/0/pictures/Temple_Expiatori_de_la_Sagrada_Família_-_Barcelona.jpg
Sagrada_Família,28023,1,commons/Stained_glass_windows_of_the_West_Aisle_of_the_Sagrada_Família/0/pictures/Sagrada_Familia_March_2015-18a.jpg
Sagrada_Família,28023,1,commons/Ceiling_of_the_nave_of_the_Sagrada_Família/0/pictures/Sagrada_Familia061.jpg
Sagrada_Família,28023,1,commons/Stained_glass_windows_of_the_North-East_Transept_of_the_Sagrada_Família/0/pictures/Interior_of_the_Nativity_facade_-_Interior_of_Sagrada_Família_-_Barcelona_2014_(crop).jpg
Sagrada_Família,28023,1,"commons/Ceiling_of_the_Choir,_Crossing_and_Nave_of_the_Sagrada_Família/0/pictures/Sagrada_Familia_ceiling_panorama.jpg"
Sagrada_Família,28023,1,commons/East_Aisle_of_the_Sagrada_Família/0/pictures/Barcelona_Sagrada_Familia_interior_10.jpg
Sagrada_Família,28023,1,commons/Interior_of_the_North-East_Transept_of_the_Sagrada_Família/0/pictures/Temple_Expiatori_de_la_Sagrada_Família.jpg
Sagrada_Família,28023,1,commons/Stained_glass_windows_of_the_West_Aisle_of_the_Sagrada_Família/0/pictures/Sagrada_Familia_I.jpg
Sagrada_Família,28023,1,commons/Ceiling_of_the_nave_of_the_Sagrada_Família/0/pictures/Sagrada_Família_-_Interior_3_(8749949847).jpg
Sagrada_Família,28023,1,"commons/Interior_of_the_South-West_Transept_of_the_Sagrada_Família/0/pictures/054_Sagrada_Família,_interior,_joc_de_llums.jpg"
Sagrada_Família,28023,1,commons/Stained_glass_windows_of_the_West_Aisle_of_the_Sagrada_Família/0/pictures/Sagrada_Familia_II.jpg
Sagrada_Família,28023,1,commons/Ceiling_of_the_nave_of_the_Sagrada_Família/0/pictures/Sagrada_Familia._Interior_2.JPG
Sagrada_Família,28023,1,commons/Interior_of_the_South-West_Transept_of_the_Sagrada_Família/0/pictures/2009-08-sagrada-famiglia-interior-alex-garel.jpg
Sagrada_Família,28023,1,commons/Stained_glass_windows_of_the_West_Aisle_of_the_Sagrada_Família/0/pictures/Sagrada_Familia_Stained_Glass_5_(5839063649).jpg
Sagrada_Família,28023,1,commons/Ceiling_of_the_nave_of_the_Sagrada_Família/0/pictures/Sagrada_Família_wide-angle_roof.jpg
Sagrada_Família,28023,1,commons/Stained_glass_windows_of_the_North-East_Transept_of_the_Sagrada_Família/0/pictures/Lights_in_the_Sagrada_Familia.jpg
Sagrada_Família,28023,1,"commons/Ceiling_of_the_apse_of_the_Sagrada_Família/0/pictures/Sagrada_Familia,_interior_view_(2)_(30466434773).jpg"
Sagrada_Família,28023,1,commons/East_Aisle_of_the_Sagrada_Família/0/pictures/Interior_de_la_Sagrada_Familia_.jpg
Sagrada_Família,28023,1,commons/Interior_of_the_South-West_Transept_of_the_Sagrada_Família/0/pictures/2019_03_16_AIDA_Barcelona_(122).jpg
Sagrada_Família,28023,1,commons/Stained_glass_windows_of_the_West_Aisle_of_the_Sagrada_Família/0/pictures/Sagrada_Familia_inside_Windows.jpg
Sagrada_Família,28023,1,"commons/Ceiling_of_the_nave_of_the_Sagrada_Família/0/pictures/Sagrada_Família,_Ceiling.jpg"
Sagrada_Família,28023,1,commons/Stained_glass_windows_of_the_North-East_Transept_of_the_Sagrada_Família/0/pictures/Inside_La_Sagrada_Familia_-_panoramio_(5).jpg
Sagrada_Família,28023,1,commons/East_Aisle_of_the_Sagrada_Família/0/pictures/Interior_of_the_Sagrada_Família_-_Choirs_singing.JPG
Sagrada_Família,28023,1,commons/Interior_of_the_South-West_Transept_of_the_Sagrada_Família/0/pictures/7596397566_Jpg_(165455011).jpeg
Sagrada_Família,28023,1,commons/Stained_glass_windows_of_the_West_Aisle_of_the_Sagrada_Família/0/pictures/Sagrada_Familia_Stained_Glass_04.jpg
Sagrada_Família,28023,1,commons/Ceiling_of_the_nave_of_the_Sagrada_Família/0/pictures/Sagrada_familia_(7567097766).jpg
Sagrada_Família,28023,1,commons/Stained_glass_windows_of_the_West_Aisle_of_the_Sagrada_Família/0/pictures/Sagrada5.jpg
Sagrada_Família,28023,1,"commons/Ceiling_of_the_nave_of_the_Sagrada_Família/0/pictures/Sagrada_Família,_Basilica_and_Expiatory_Church_of_the_Holy_Family_(Basílica_i_Temple_Expiatori_de_la_Sagrada_Família)_(_UNESCO_World_Heritage_Site)_(interior,_ceiling)._Barcelona,_Catalonia,_Spain.jpg"
Sagrada_Família,28023,1,commons/Stained_glass_windows_of_the_West_Aisle_of_the_Sagrada_Família/0/pictures/Stained-glass_windows_of_the_Sagrada_Família_2023_1.jpg
Sagrada_Família,28023,1,commons/Ceiling_of_the_nave_of_the_Sagrada_Família/0/pictures/Temple_Expiatori_de_la_Sagrada_Família_(Barcelona)_-_80.jpg
Sagrada_Família,28023,1,commons/Stained_glass_windows_of_the_North-East_Transept_of_the_Sagrada_Família/0/pictures/Sagrada_Família_interior_north_east.jpg
Sagrada_Família,28023,1,commons/Ceiling_of_the_crossing_of_the_Sagrada_Família/0/pictures/Interior_de_la_Sagrada_Familia.jpg
Sagrada_Família,28023,1,commons/East_Aisle_of_the_Sagrada_Família/0/pictures/Missa_6_novembre_2011_Sagrada_Família_-_09.JPG
Sagrada_Família,28023,1,commons/Construction_of_the_Sagrada_Família_in_2011/0/pictures/Interior_de_la_Sagrada_Familia.jpg
Sagrada_Família,28023,1,commons/Interior_of_the_South-West_Transept_of_the_Sagrada_Família/0/pictures/Els_reflexos_dels_vitralls.jpg
Sagrada_Família,28023,1,commons/Stained_glass_windows_of_the_West_Aisle_of_the_Sagrada_Família/0/pictures/Stained_glass_windows_in_Sagrada_Família_in_January_2015.jpg
Sagrada_Família,28023,1,commons/Ceiling_of_the_nave_of_the_Sagrada_Família/0/pictures/WLM14ES_-_Barcelona_Eliminados_479_04_de_julio_de_2011_-_.jpg
Sagrada_Família,28023,1,commons/Interior_of_the_South-West_Transept_of_the_Sagrada_Família/0/pictures/Interior_of_Sagrada_Familia.jpg
Sagrada_Família,28023,1,commons/Stained_glass_windows_of_the_West_Aisle_of_the_Sagrada_Família/0/pictures/Vitralls_de_colors.jpg
Sagrada_Família,28023,1,commons/Ceiling_of_the_nave_of_the_Sagrada_Família/0/pictures/WLM14ES_-_Barcelona_Interior_480_04_de_julio_de_2011_-_.jpg
Sagrada_Família,28023,1,"commons/Interior_of_the_South-West_Transept_of_the_Sagrada_Família/0/pictures/Doom,_Sagrada_Familia.jpg"
Sagrada_Família,28023,1,commons/Ceiling_of_the_transepts_of_the_Sagrada_Família/0/pictures/Antoni_Gaudi’s_Sagrada_Familia_10.jpg
Sagrada_Família,28023,1,"commons/Stained_glass_windows_of_the_North-East_Transept_of_the_Sagrada_Família/0/pictures/Stained_Glass_paintings_at_Sagrada_Familia,_Barcelona_(_Ank_Kumar)_10.jpg"
Sagrada_Família,28023,1,"commons/Ceiling_of_the_crossing_of_the_Sagrada_Família/0/pictures/Sagrada_Família,_Columns.jpg"
Sagrada_Família,28023,1,"commons/East_Aisle_of_the_Sagrada_Família/0/pictures/WLM14ES_-_Temple_Expiatori_de_la_Sagrada_Família,_Eixample,_Barcelona_-_MARIA_ROSA_FERRE_(3).jpg"
Sagrada_Família,28023,1,commons/Construction_of_the_Sagrada_Família_in_2011/0/pictures/Sagrada_Familia_(6622804539).jpg
Sagrada_Família,28023,1,commons/Interior_of_the_South-West_Transept_of_the_Sagrada_Família/0/pictures/Segrada_Familia_2016-347.jpg
Sagrada_Família,28023,1,commons/Ceiling_of_the_transepts_of_the_Sagrada_Família/0/pictures/Croisée_du_transept_-_Sagrada_Familia_(Barcelone).JPG
Sagrada_Família,28023,1,commons/Interior_of_the_South-West_Transept_of_the_Sagrada_Família/0/pictures/Segrada_Familia_2016-370.jpg
Sagrada_Família,28023,1,"commons/Emblem_of_John_in_the_Sagrada_Família/0/pictures/024_Sagrada_Família,_interior,_columnes_dels_Evangelistes.jpg"
Sagrada_Família,28023,1,commons/Ceiling_of_the_transepts_of_the_Sagrada_Família/0/pictures/CeilingDetailSagradaFamilia_02.jpg
Sagrada_Família,28023,1,commons/Interior_of_the_South-West_Transept_of_the_Sagrada_Família/0/pictures/Segrada_Familia_2016-371.jpg
Sagrada_Família,28023,1,commons/Construction_of_the_Sagrada_Família_in_2014/0/pictures/Die_Basilika_Sagrada_Familia_5.jpg
Sagrada_Família,28023,1,commons/Interiors_of_the_Sagrada_Família/0/pictures/Eixample_-_Sagrada_Família_-_20150828135612.jpg
Sagrada_Família,28023,1,commons/Construction_of_the_Sagrada_Família_in_2014/0/pictures/Die_Basilika_Sagrada_Familia_7.jpg
Sagrada_Família,28023,1,commons/Construction_of_the_Sagrada_Família_in_2013/0/pictures/Interior_sagrada_flia.JPG
Sagrada_Família,28023,1,commons/Interiors_of_the_Sagrada_Família/0/pictures/Inside_Sagrada_familia_-_panoramio.jpg
Sagrada_Família,28023,1,commons/Construction_of_the_Sagrada_Família_in_2014/0/pictures/General_view_of_the_ceilings_-_Interior_of_Sagrada_Família_-_Barcelona_2014_(crop).jpg
Sagrada_Família,28023,1,commons/Interiors_of_the_Sagrada_Família/0/pictures/Eixample_-_Sagrada_Família_-_20150828140222.jpg
Sagrada_Família,28023,1,commons/Construction_of_the_Sagrada_Família_in_2014/0/pictures/Interior_of_the_dome_-_Interior_of_Sagrada_Família_-_Barcelona_2014.jpg
Sagrada_Família,28023,1,commons/Interiors_of_the_Sagrada_Família/0/pictures/Interieur_Of_Sagrada_Familia_(187438447).jpeg
Sagrada_Família,28023,1,commons/Construction_of_the_Sagrada_Família_in_2014/0/pictures/Sagrada_Familia_in_Barcelona_03.jpg
Sagrada_Família,28023,1,commons/Interiors_of_the_Sagrada_Família/0/pictures/Sagrada_Familia_(50314993486).jpg
Sagrada_Família,28023,1,commons/Construction_of_the_Sagrada_Família_in_2014/0/pictures/View_of_the_transept_towards_the_Nativity_facade_-_Interior_of_Sagrada_Família_-_Barcelona_2014_(2).jpg
Sagrada_Família,28023,1,"commons/Construction_of_the_Sagrada_Família_in_2014/0/pictures/Stained_Glass_paintings_at_Sagrada_Familia,_Barcelona_04.jpg"
Sagrada_Família,28023,1,commons/Construction_of_the_Sagrada_Família_in_2014/0/pictures/Underside_of_the_galleries_-_Interior_of_the_Sagrada_Família_-_Barcelona_2014.JPG
Sagrada_Família,28023,1,commons/Construction_of_the_Sagrada_Família_in_2015/0/pictures/1HD_aberl_1.jpg
Sagrada_Família,28023,1,commons/Construction_of_the_Sagrada_Família_in_2015/0/pictures/Catalonia_Oct_2015.JPG
Sagrada_Família,28023,1,commons/Construction_of_the_Sagrada_Família_in_2014/0/pictures/Barcelona_1090_07.jpg
Sagrada_Família,28023,1,commons/Main_altar_of_the_Sagrada_Família/0/pictures/Main_altar_-_Interior_of_Sagrada_Família_-_Barcelona_2014.JPG
Sagrada_Família,28023,1,commons/Construction_of_the_Sagrada_Família_in_2015/0/pictures/Croisée_du_transept_-_Sagrada_Familia_(Barcelone).JPG
Sagrada_Família,28023,1,commons/Main_altar_of_the_Sagrada_Família/0/pictures/SF_-_Altar_central.JPG
Sagrada_Família,28023,1,commons/Construction_of_the_Sagrada_Família_in_2015/0/pictures/Catalonia_October_2015.JPG
Sagrada_Família,28023,1,commons/Main_altar_of_the_Sagrada_Família/0/pictures/La_Luz_del_Mundo.jpg
Sagrada_Família,28023,1,commons/Construction_of_the_Sagrada_Família_in_2015/0/pictures/Detalls_Sagrada_Família.jpg
Sagrada_Família,28023,1,commons/Main_altar_of_the_Sagrada_Família/0/pictures/Main_altar_-_Interior_of_Sagrada_Família_-_Barcelona_2014_(2).JPG
Sagrada_Família,28023,1,"commons/Sculpture_of_the_flagellation_of_Jesus_Christ_in_the_Passion_Facade_of_the_Sagrada_Família/0/pictures/La_Sagrada_Familia,_Barcelona,_Spain_-_panoramio_(7).jpg"
Sagrada_Família,28023,1,commons/Construction_of_the_Sagrada_Família_in_2015/0/pictures/Detalls_del_sostre_de_la_Sagrada_Família.jpg
Sagrada_Família,28023,1,commons/Construction_of_the_Sagrada_Família_in_2015/0/pictures/Eixample_-_Sagrada_Família_-_20150828134956.jpg
Sagrada_Família,28023,1,commons/Construction_of_the_Sagrada_Família_in_2015/0/pictures/Els_reflexos_dels_vitralls.jpg
Sagrada_Família,28023,1,commons/Construction_of_the_Sagrada_Família_in_2014/0/pictures/Die_Basilika_Sagrada_Familia_6.jpg
Sagrada_Família,28023,1,commons/Main_altar_of_the_Sagrada_Família/0/pictures/Temple_Expiatori_de_la_Sagrada_Família_(Barcelona)_-_3.jpg
Sagrada_Família,28023,1,commons/Construction_of_the_Sagrada_Família_in_2015/0/pictures/Interior_de_la_Sagrada_Família.jpg
Sagrada_Família,28023,1,commons/Construction_of_the_Sagrada_Família_in_2015/0/pictures/HDR_sagradafamiliain_(16138447179).jpg
Sagrada_Família,28023,1,commons/Construction_of_the_Sagrada_Família_in_2015/0/pictures/Intricate_ceiling_in_the_Sagrada_Familia.jpg
Sagrada_Família,28023,1,commons/Main_altar_of_the_Sagrada_Família/0/pictures/Temple_Expiatori_de_la_Sagrada_Família_(Barcelona)_-_7.jpg
Sagrada_Família,28023,1,commons/Construction_of_the_Sagrada_Família_in_2015/0/pictures/Nau_central_de_la_Sagrada_Família.jpg
Sagrada_Família,28023,1,commons/Construction_of_the_Sagrada_Família_in_2015/0/pictures/Panorama_Sagrada_Familia_innen_2012.png
Sagrada_Família,28023,1,commons/Construction_of_the_Sagrada_Família_in_2015/0/pictures/Sagrada_Familia_March_2015-18a.jpg
Sagrada_Família,28023,1,commons/Construction_of_the_Sagrada_Família_in_2015/0/pictures/Sagrada_Familia_March_2015-3a.jpg
Sagrada_Família,28023,1,commons/Construction_of_the_Sagrada_Família_in_2015/0/pictures/Sagrada_Familia_March_2015-8a.jpg
Sagrada_Família,28023,1,commons/Construction_of_the_Sagrada_Família_in_2015/0/pictures/Sagrada_Familia_March_2015-17a.jpg
Sagrada_Família,28023,1,commons/Construction_of_the_Sagrada_Família_in_2015/0/pictures/Sagrada_Familia_March_2015-2a.jpg
Sagrada_Família,28023,1,commons/Construction_of_the_Sagrada_Família_in_2016/0/pictures/Barcelona_-_Sagrada_Familia_-_Ceiling_-_2016.jpg
Sagrada_Família,28023,1,commons/Construction_of_the_Sagrada_Família_in_2016/0/pictures/Barcelona_Sagrada_Familia_interior_01.jpg
Sagrada_Família,28023,1,commons/Construction_of_the_Sagrada_Família_in_2016/0/pictures/Barcelona_Sagrada_Familia_interior_06.jpg
Sagrada_Família,28023,1,commons/Construction_of_the_Sagrada_Família_in_2016/0/pictures/Barcelona_Sagrada_Familia_interior_04.jpg
Sagrada_Família,28023,1,commons/Construction_of_the_Sagrada_Família_in_2016/0/pictures/Barcelona_Sagrada_Familia_interior_03.jpg
Sagrada_Família,28023,1,commons/Construction_of_the_Sagrada_Família_in_2016/0/pictures/Barcelona_Sagrada_Familia_interior_07.jpg
Sagrada_Família,28023,1,commons/Construction_of_the_Sagrada_Família_in_2016/0/pictures/Barcelona_Sagrada_Familia_interior_08.jpg
Sagrada_Família,28023,1,commons/Construction_of_the_Sagrada_Família_in_2016/0/pictures/Barcelona_Sagrada_Familia_interior_16.jpg
Sagrada_Família,28023,1,commons/Construction_of_the_Sagrada_Família_in_2016/0/pictures/Barcelona_Sagrada_Familia_interior_17.jpg
Sagrada_Família,28023,1,commons/Construction_of_the_Sagrada_Família_in_2016/0/pictures/Barcelona_Sagrada_Familia_interior_15.jpg
Sagrada_Família,28023,1,commons/Construction_of_the_Sagrada_Família_in_2016/0/pictures/Barcelona_Sagrada_Familia_interior_20.jpg
Sagrada_Família,28023,1,commons/Construction_of_the_Sagrada_Família_in_2016/0/pictures/SF_-_Altar_central.JPG
Sagrada_Família,28023,1,commons/Construction_of_the_Sagrada_Família_in_2016/0/pictures/SF_-_Detalle_de_la_bóveda.JPG
Sagrada_Família,28023,1,commons/Construction_of_the_Sagrada_Família_in_2016/0/pictures/SF_-_Interior_del_templo.JPG
Sagrada_Família,28023,1,commons/Construction_of_the_Sagrada_Família_in_2016/0/pictures/SF_-_Interior1.JPG
Sagrada_Família,28023,1,commons/Construction_of_the_Sagrada_Família_in_2016/0/pictures/SF_-_Lluc.jpg
Sagrada_Família,28023,1,commons/Construction_of_the_Sagrada_Família_in_2016/0/pictures/SF_-_Vestiduras_de_Dios.JPG
Sagrada_Família,28023,1,commons/Construction_of_the_Sagrada_Família_in_2017/0/pictures/Barcelona_-_Temple_Expiatori_de_la_Sagrada_Família_(18).jpg
Sagrada_Família,28023,1,commons/Construction_of_the_Sagrada_Família_in_2017/0/pictures/Barcelona_-_Temple_Expiatori_de_la_Sagrada_Família_(30).jpg
Sagrada_Família,28023,1,commons/Construction_of_the_Sagrada_Família_in_2017/0/pictures/Barcelona_Sagrada_Familia_Interior_2017_01.jpg
Sagrada_Família,28023,1,commons/Construction_of_the_Sagrada_Família_in_2017/0/pictures/Barcelona_Sagrada_Familia_Interior_2017_03.jpg
Sagrada_Família,28023,1,commons/Construction_of_the_Sagrada_Família_in_2017/0/pictures/Barcelona_Sagrada_Familia_Interior_2017_04.jpg
Sagrada_Família,28023,1,commons/Construction_of_the_Sagrada_Família_in_2017/0/pictures/Barcelona_Sagrada_Familia_Interior_2017_06.jpg
Sagrada_Família,28023,1,commons/Construction_of_the_Sagrada_Família_in_2017/0/pictures/Barcelona_Sagrada_Familia_Interior_2017_05.jpg
Sagrada_Família,28023,1,commons/Construction_of_the_Sagrada_Família_in_2017/0/pictures/Barcelona_Sagrada_Familia_Interior_2017_10.jpg
Sagrada_Família,28023,1,commons/Construction_of_the_Sagrada_Família_in_2017/0/pictures/Barcelona_Sagrada_Familia_Interior_2017_09.jpg
Sagrada_Família,28023,1,commons/Construction_of_the_Sagrada_Família_in_2017/0/pictures/Barcelona_Sagrada_Familia_Interior_2017_11.jpg
Sagrada_Família,28023,1,commons/Construction_of_the_Sagrada_Família_in_2017/0/pictures/Barcelona_Sagrada_Familia_Interior_2017_13.jpg
Sagrada_Família,28023,1,commons/Construction_of_the_Sagrada_Família_in_2017/0/pictures/Interior_SF_2017.jpg
Sagrada_Família,28023,1,commons/Construction_of_the_Sagrada_Família_in_2017/0/pictures/Sagrada_Familia_(38755528005).jpg
Sagrada_Família,28023,1,commons/Construction_of_the_Sagrada_Família_in_2020/0/pictures/20200118_圣家堂6.jpg
Sagrada_Família,28023,1,commons/Organs_in_the_main_altar_of_the_Sagrada_Família_-_front_part_in_the_choir/0/pictures/Sagrada_Familia_m5.jpg
Sagrada_Família,28023,1,commons/Construction_of_the_Sagrada_Família_in_2022/0/pictures/SagradaFamilia_Oct6_2022.jpg
Sagrada_Família,28023,1,commons/Crossing_of_the_Sagrada_Família/0/pictures/2019_03_16_AIDA_Barcelona_(114).jpg
Sagrada_Família,28023,1,commons/Organs_in_the_main_altar_of_the_Sagrada_Família_-_part_in_the_ambulatory/0/pictures/Sagrada_Família_organ.jpg
Sagrada_Família,28023,1,commons/Crossing_of_the_Sagrada_Família/0/pictures/Barcelona_-_Temple_Expiatori_de_la_Sagrada_Família_(28).jpg
Sagrada_Família,28023,1,commons/Crossing_of_the_Sagrada_Família/0/pictures/7596397566_Jpg_(165455011).jpeg
Sagrada_Família,28023,1,commons/Crossing_of_the_Sagrada_Família/0/pictures/Barcelona_Sagrada_Familia_Interior_2017_11.jpg
Sagrada_Família,28023,1,commons/Crossing_of_the_Sagrada_Família/0/pictures/Barcelona_Sagrada_Familia_Interior_2017_13.jpg
Sagrada_Família,28023,1,commons/Crossing_of_the_Sagrada_Família/0/pictures/Barcelona_Sagrada_Familia_Interior_2017_12.jpg
Sagrada_Família,28023,1,commons/Crossing_of_the_Sagrada_Família/0/pictures/Basílica_de_la_Sagrada_Familia_interior_de_columnas.jpg
Sagrada_Família,28023,1,"commons/Crossing_of_the_Sagrada_Família/0/pictures/Interior_de_la_Sagrada_Família_al_capvespre,_Barcelona_(maig_2013)_-_panoramio.jpg"
Sagrada_Família,28023,1,commons/Crossing_of_the_Sagrada_Família/0/pictures/Sagrada_Familia_(16667987418).jpg
Sagrada_Família,28023,1,"commons/Crossing_of_the_Sagrada_Família/0/pictures/Sagrada_Familia,_interior_view_(7)_(30466024883).jpg"
Sagrada_Família,28023,1,commons/Crucifix_in_the_main_altar_of_the_Sagrada_Família/0/pictures/Altar_de_la_basílica_de_la_Sagrada_Família.JPG
Sagrada_Família,28023,1,commons/Spiral_stairs_of_the_Sagrada_Família/0/pictures/Die_Basilika_Sagrada_Familia_7.jpg
Sagrada_Família,28023,1,"commons/Crucifix_in_the_main_altar_of_the_Sagrada_Família/0/pictures/Antoni_Gaudi’s_Sagrada_Familia,_Barcelona_02.jpg"
Sagrada_Família,28023,1,commons/Spiral_stairs_of_the_Sagrada_Família/0/pictures/Interior_de_la_Sagrada_Familia_.jpg
Sagrada_Família,28023,1,commons/Crucifix_in_the_main_altar_of_the_Sagrada_Família/0/pictures/Interior_detail_of_Sagrada_Família_in_Barcelona_Spain.jpg
Sagrada_Família,28023,1,commons/Crucifix_in_the_main_altar_of_the_Sagrada_Família/0/pictures/Sagrada_Familia_in_Barcelona_04.jpg
Sagrada_Família,28023,1,commons/Crucifix_in_the_main_altar_of_the_Sagrada_Família/0/pictures/Σαγράδα_Φαμίλια_3328.jpg
Sagrada_Família,28023,1,"commons/Cupola_above_the_main_altar_of_the_Sagrada_Família/0/pictures/018_Sagrada_Família,_interior,_absis.jpg"
Sagrada_Família,28023,1,commons/Cupola_above_the_main_altar_of_the_Sagrada_Família/0/pictures/Altar_principal.jpg
Sagrada_Família,28023,1,commons/Cupola_above_the_main_altar_of_the_Sagrada_Família/0/pictures/Cupola_above_the_main_altar_-_Interior_of_Sagrada_Família_-_Barcelona_2014.JPG
Sagrada_Família,28023,1,"commons/Cupola_above_the_main_altar_of_the_Sagrada_Família/0/pictures/Interiors_of_the_Sagrada_Família,_May_2013_-_17.JPG"
Sagrada_Família,28023,1,commons/Cupola_above_the_main_altar_of_the_Sagrada_Família/0/pictures/Light_(12517245).jpeg
Sagrada_Família,28023,1,commons/Cupola_above_the_main_altar_of_the_Sagrada_Família/0/pictures/Sagrada_Familia_Inside_1_(5839151085).jpg
Sagrada_Família,28023,1,"commons/Stained_glass_windows_of_the_Apse_of_the_Sagrada_Família/0/pictures/La_Sagrada_Familia,_Barcelona,_Spain_-_panoramio_(17).jpg"
Sagrada_Família,28023,1,"commons/Cupola_above_the_main_altar_of_the_Sagrada_Família/0/pictures/Sagrada_Familia,_columnas.jpg"
Sagrada_Família,28023,1,"commons/Stained_glass_windows_of_the_Apse_of_the_Sagrada_Família/0/pictures/La_Sagrada_Familia,_Barcelona,_Spain_-_panoramio_(31).jpg"
Sagrada_Família,28023,1,commons/Cupola_above_the_main_altar_of_the_Sagrada_Família/0/pictures/Sagrada_Família_-_Interior_1_(8751072026).jpg
Sagrada_Família,28023,1,commons/Interior_of_the_Glory_facade_of_the_Sagrada_Família/0/pictures/Sagrada_Familia._(50383146757).jpg
Sagrada_Família,28023,1,commons/Dome_interior_of_the_Sagrada_Família/0/pictures/Plafond_de_la_Sagrada.JPG
Sagrada_Família,28023,1,commons/Interior_of_the_North-East_Transept_of_the_Sagrada_Família/0/pictures/Barcelona_-_Temple_Expiatori_de_la_Sagrada_Família_(14).jpg
Sagrada_Família,28023,1,commons/Stained_glass_windows_of_the_North-East_Transept_of_the_Sagrada_Família/0/pictures/Sagrada_Familia_Stained_Glass_3_(5839113143).jpg
Sagrada_Família,28023,1,commons/Ceiling_of_the_crossing_of_the_Sagrada_Família/0/pictures/Barcelona_(9399238212).jpg
Sagrada_Família,28023,1,commons/East_Aisle_of_the_Sagrada_Família/0/pictures/Lights_through_window_in_Sagrada_-_panoramio.jpg
Sagrada_Família,28023,1,commons/Stained_glass_windows_of_the_North-East_Transept_of_the_Sagrada_Família/0/pictures/Sagrada_Familia_stained_glass_(5789122136).jpg
Sagrada_Família,28023,1,commons/East_Aisle_of_the_Sagrada_Família/0/pictures/Sagrada_Familia_(38755528005).jpg
Sagrada_Família,28023,1,commons/Ceiling_of_the_transepts_of_the_Sagrada_Família/0/pictures/Barcelona_(9396468275).jpg
Sagrada_Família,28023,1,commons/Emblem_of_John_in_the_Sagrada_Família/0/pictures/Temple_Expiatori_de_la_Sagrada_Família_(Barcelona)_-_63.jpg
Sagrada_Família,28023,1,commons/Interior_of_the_nave_of_the_Sagrada_Família/0/pictures/Sagrada_Familia_2_-_Barcelona.JPG
Sagrada_Família,28023,1,"commons/Ceiling_of_the_transepts_of_the_Sagrada_Família/0/pictures/Interiors_of_the_Sagrada_Família,_May_2013_-_04.JPG"
Sagrada_Família,28023,1,"commons/Emblem_of_Luke_in_the_Sagrada_Família/0/pictures/024_Sagrada_Família,_interior,_columnes_dels_Evangelistes.jpg"
Sagrada_Família,28023,1,commons/Interior_of_the_nave_of_the_Sagrada_Família/0/pictures/Sagrada_Familia_Barcelona_cielo.jpg
Sagrada_Família,28023,1,"commons/Ceiling_of_the_transepts_of_the_Sagrada_Família/0/pictures/Interiors_of_the_Sagrada_Família,_May_2013_-_01.JPG"
Sagrada_Família,28023,1,"commons/Emblem_of_Luke_in_the_Sagrada_Família/0/pictures/018_Sagrada_Família,_interior,_absis.jpg"
Sagrada_Família,28023,1,commons/Interior_of_the_nave_of_the_Sagrada_Família/0/pictures/Sagrada_Familia_Windows-SouthWest.jpg
Sagrada_Família,28023,1,commons/Ceiling_of_the_transepts_of_the_Sagrada_Família/0/pictures/Plafond_de_la_Sagrada.JPG
Sagrada_Família,28023,1,commons/Emblem_of_Luke_in_the_Sagrada_Família/0/pictures/SAGRADA_FAMILIA-02.JPG
Sagrada_Família,28023,1,commons/Interior_of_the_nave_of_the_Sagrada_Família/0/pictures/Sagrada_Familia_March_2015-18a.jpg
Sagrada_Família,28023,1,commons/Ceiling_of_the_transepts_of_the_Sagrada_Família/0/pictures/SF_-_Detalle_de_la_bóveda.JPG
Sagrada_Família,28023,1,commons/Emblem_of_Luke_in_the_Sagrada_Família/0/pictures/SF_-_Lluc.jpg
Sagrada_Família,28023,1,commons/Interior_of_the_nave_of_the_Sagrada_Família/0/pictures/Sagrada_Familia_March_2015-17a.jpg
Sagrada_Família,28023,1,commons/Ceiling_of_the_transepts_of_the_Sagrada_Família/0/pictures/Sagrada_Familia_(22346671044).jpg
Sagrada_Família,28023,1,"commons/Emblem_of_Luke_in_the_Sagrada_Família/0/pictures/Sagrada_Familia,_interior_view_(8)_(30465965323).jpg"
Sagrada_Família,28023,1,commons/Interior_of_the_nave_of_the_Sagrada_Família/0/pictures/Sagrada_Familia_inside_pillars_-_panoramio.jpg
Sagrada_Família,28023,1,commons/Ceiling_of_the_transepts_of_the_Sagrada_Família/0/pictures/Sagrada_Familia_nave_roof_detail.jpg
Sagrada_Família,28023,1,commons/Emblem_of_Luke_in_the_Sagrada_Família/0/pictures/Sagrada_Familia-2.jpg
Sagrada_Família,28023,1,commons/Interior_of_the_nave_of_the_Sagrada_Família/0/pictures/Sagrada_Familia_inside_View_Windows_Blue_Green.jpg
Sagrada_Família,28023,1,commons/Ceiling_of_the_transepts_of_the_Sagrada_Família/0/pictures/Sagrada_Familia_m3.jpg
Sagrada_Família,28023,1,commons/Emblem_of_Luke_in_the_Sagrada_Família/0/pictures/Temple_Expiatori_de_la_Sagrada_Família_(Barcelona)_-_63.jpg
Sagrada_Família,28023,1,commons/Construction_of_the_Sagrada_Família_in_2012/0/pictures/La_sagrada_familia_center.jpg
Sagrada_Família,28023,1,commons/Interior_of_the_nave_of_the_Sagrada_Família/0/pictures/Sagrada_Familia_inside_Windows.jpg
Sagrada_Família,28023,1,commons/Ceiling_of_the_transepts_of_the_Sagrada_Família/0/pictures/Sagrada_Família-II.jpg
Sagrada_Família,28023,1,"commons/Emblem_of_Mark_in_the_Sagrada_Família/0/pictures/035_Sagrada_Família,_interior,_columna_de_Sant_Marc.jpg"
Sagrada_Família,28023,1,"commons/Ceiling_of_the_transepts_of_the_Sagrada_Família/0/pictures/Sagrada_Família,_Columns.jpg"
Sagrada_Família,28023,1,"commons/Emblem_of_Mark_in_the_Sagrada_Família/0/pictures/018_Sagrada_Família,_interior,_absis.jpg"
Sagrada_Família,28023,1,"commons/Interior_of_the_nave_of_the_Sagrada_Família/0/pictures/Sagrada_Familia,_interior_(11)_(31275447525).jpg"
Sagrada_Família,28023,1,"commons/Ceiling_of_the_transepts_of_the_Sagrada_Família/0/pictures/Sagrada_Família,_Ceiling.jpg"
Sagrada_Família,28023,1,commons/Emblem_of_Luke_in_the_Sagrada_Família/0/pictures/Sagrada_Familia_m4.jpg
Sagrada_Família,28023,1,"commons/Interior_of_the_nave_of_the_Sagrada_Família/0/pictures/Sagrada_Familia,_Barcelona_(31876001772).jpg"
Sagrada_Família,28023,1,commons/Ceiling_of_the_transepts_of_the_Sagrada_Família/0/pictures/Sagrada_familia_(7567099988).jpg
Sagrada_Família,28023,1,commons/Emblem_of_Mark_in_the_Sagrada_Família/0/pictures/SAGRADA_FAMILIA-02.JPG
Sagrada_Família,28023,1,commons/Ceiling_of_the_transepts_of_the_Sagrada_Família/0/pictures/Sagrada_Família_-_Interior_4_(8749966887).jpg
Sagrada_Família,28023,1,"commons/Emblem_of_Mark_in_the_Sagrada_Família/0/pictures/Sagrada_Familia,_interior_view_(6)_(30452231914).jpg"
Sagrada_Família,28023,1,commons/Construction_of_the_Sagrada_Família_in_2012/0/pictures/Sagrada_Familia-2.jpg
Sagrada_Família,28023,1,"commons/Interior_of_the_nave_of_the_Sagrada_Família/0/pictures/Sagrada_Familia,_interior_(13)_(30907447600).jpg"
Sagrada_Família,28023,1,commons/Ceiling_of_the_transepts_of_the_Sagrada_Família/0/pictures/Sagrada_Familia_m2.jpg
Sagrada_Família,28023,1,commons/Emblem_of_Mark_in_the_Sagrada_Família/0/pictures/Segrada_Familia_2016-336.jpg
Sagrada_Família,28023,1,"commons/Interior_of_the_nave_of_the_Sagrada_Família/0/pictures/Sagrada_Familia,_interior_(14)_(30467210103).jpg"
Sagrada_Família,28023,1,commons/Ceiling_of_the_transepts_of_the_Sagrada_Família/0/pictures/Segrada_Familia_2016-373.jpg
Sagrada_Família,28023,1,commons/Emblem_of_Mark_in_the_Sagrada_Família/0/pictures/Sagrada_Familia_Inside_6_(5839251803).jpg
Sagrada_Família,28023,1,"commons/Interior_of_the_nave_of_the_Sagrada_Família/0/pictures/Sagrada_Familia,_interior_(19)_(31159914281).jpg"
Sagrada_Família,28023,1,commons/Ceiling_of_the_transepts_of_the_Sagrada_Família/0/pictures/Segrada_Familia_2016-342.jpg
Sagrada_Família,28023,1,commons/Emblem_of_Mark_in_the_Sagrada_Família/0/pictures/WLM14ES_-_Barcelona_Evangelistas_507_04_de_julio_de_2011_-_.jpg
Sagrada_Família,28023,1,"commons/Interior_of_the_nave_of_the_Sagrada_Família/0/pictures/Sagrada_Familia,_interior_(15)_(31238595116).jpg"
Sagrada_Família,28023,1,commons/Ceiling_of_the_transepts_of_the_Sagrada_Família/0/pictures/Segrada_Familia_2016-344.jpg
Sagrada_Família,28023,1,commons/Emblem_of_Mark_in_the_Sagrada_Família/0/pictures/TEMPLE_SAGRADA_FAMILIA.JPG
Sagrada_Família,28023,1,"commons/Interior_of_the_nave_of_the_Sagrada_Família/0/pictures/Sagrada_Familia,_interior_(2)_(30908584290).jpg"
Sagrada_Família,28023,1,commons/Interior_of_the_Choir_and_Nave_of_the_Sagrada_Família/0/pictures/SF_-_Interior_del_templo.JPG
Sagrada_Família,28023,1,"commons/Interior_of_the_North-East_Transept_of_the_Sagrada_Família/0/pictures/La_Sagrada_Familia_,_Barcelona_,_Obra_de_Antonio_Gaudi_-_panoramio.jpg"
Sagrada_Família,28023,1,commons/Interior_of_the_North-East_Transept_of_the_Sagrada_Família/0/pictures/Pillars_Of_Sagrada_Familia_(188927551).jpeg
Sagrada_Família,28023,1,"commons/Interior_of_the_North-East_Transept_of_the_Sagrada_Família/0/pictures/WLM14ES_-_Temple_Expiatori_de_la_Sagrada_Família,_Eixample,_Barcelona_-_MARIA_ROSA_FERRE.jpg"
Sagrada_Família,28023,1,commons/Interior_of_the_South-West_Transept_of_the_Sagrada_Família/0/pictures/Basílica_de_la_Sagrada_Familia_interior_misa.jpg
Sagrada_Família,28023,1,commons/Construction_of_the_Sagrada_Família_in_2011/0/pictures/Sagrada_Familia_2_-_Barcelona.JPG
Sagrada_Família,28023,1,commons/Interior_of_the_apse_of_the_Sagrada_Família/0/pictures/2019_03_16_AIDA_Barcelona_(110).jpg
Sagrada_Família,28023,1,commons/Construction_of_the_Sagrada_Família_in_2011/0/pictures/Sagrada_Familia_looking_up_at_ceiling.jpg
Sagrada_Família,28023,1,"commons/Interior_of_the_South-West_Transept_of_the_Sagrada_Família/0/pictures/Stained_Glass_paintings_at_Sagrada_Familia,_Barcelona_02.jpg"
Sagrada_Família,28023,1,"commons/Interior_of_the_apse_of_the_Sagrada_Família/0/pictures/Sagrada_Familia,_interior_view_(5)_(31237734836).jpg"
Sagrada_Família,28023,1,commons/Construction_of_the_Sagrada_Família_in_2011/0/pictures/Temple_Expiatori_de_la_Sagrada_Família_(Barcelona)_-_2.jpg
Sagrada_Família,28023,1,commons/Interior_of_the_nave_of_the_Sagrada_Família/0/pictures/2014_Barcelona_Spain_(143196887).jpeg
Sagrada_Família,28023,1,commons/Interior_of_the_nave_of_the_Sagrada_Família/0/pictures/Barcelona_-_La_Sagrada_Família_-_View_East_on_the_Central_Nave_Vault_II.jpg
Sagrada_Família,28023,1,commons/Interior_of_the_nave_of_the_Sagrada_Família/0/pictures/Barcelona_-_panoramio_(263).jpg
Sagrada_Família,28023,1,commons/Interior_of_the_nave_of_the_Sagrada_Família/0/pictures/Barcelona_-_panoramio_(268).jpg
Sagrada_Família,28023,1,commons/Interior_of_the_nave_of_the_Sagrada_Família/0/pictures/Ceiling_Canopy_V.jpg
Sagrada_Família,28023,1,commons/Interior_of_the_nave_of_the_Sagrada_Família/0/pictures/HDR_sagradafamiliain_(16138447179).jpg
Sagrada_Família,28023,1,commons/Interior_of_the_nave_of_the_Sagrada_Família/0/pictures/Interior_of_the_Sagrada_Família_(4).jpg
Sagrada_Família,28023,1,commons/Interior_of_the_nave_of_the_Sagrada_Família/0/pictures/Interior_of_the_Sagrada_Família_(5).jpg
Sagrada_Família,28023,1,"commons/Interior_of_the_nave_of_the_Sagrada_Família/0/pictures/La_Sagrada_Familia,_Barcelona,_Spain_-_panoramio_(12).jpg"
Sagrada_Família,28023,1,"commons/Interior_of_the_nave_of_the_Sagrada_Família/0/pictures/La_Sagrada_Familia,_Barcelona,_Spain_-_panoramio_(22).jpg"
Sagrada_Família,28023,1,"commons/Interior_of_the_nave_of_the_Sagrada_Família/0/pictures/La_Sagrada_Familia,_Barcelona,_Spain_-_panoramio_(38).jpg"
Sagrada_Família,28023,1,commons/Interior_of_the_nave_of_the_Sagrada_Família/0/pictures/Lascar_Central_Nave_-_Sagrada_Familia_(4470102976).jpg
Sagrada_Família,28023,1,commons/Interior_of_the_nave_of_the_Sagrada_Família/0/pictures/Panorama_sagradafamin_(16137085578).jpg
Sagrada_Família,28023,1,commons/Construction_of_the_Sagrada_Família_in_2012/0/pictures/Interior_del_Temple.JPG
Sagrada_Família,28023,1,commons/Interior_of_the_nave_of_the_Sagrada_Família/0/pictures/Nau_central_de_la_Sagrada_Família.jpg
Sagrada_Família,28023,1,commons/Interior_of_the_nave_of_the_Sagrada_Família/0/pictures/Sagrada_Familia_-_panoramio_-_Seko_Naotomo_(1).jpg
Sagrada_Família,28023,1,commons/Interior_of_the_nave_of_the_Sagrada_Família/0/pictures/Sagrada_Familia_Interior.jpg
Sagrada_Família,28023,1,commons/Interior_of_the_nave_of_the_Sagrada_Família/0/pictures/Sagrada_Familia_March_2015-8a.jpg
Sagrada_Família,28023,1,commons/Interior_of_the_nave_of_the_Sagrada_Família/0/pictures/Sagrada_Familia_Nave_central_63_metros_de_alto_de_Gaudi_-_panoramio.jpg
Sagrada_Família,28023,1,commons/Interior_of_the_nave_of_the_Sagrada_Família/0/pictures/Sagrada_Familia_columns.jpg
Sagrada_Família,28023,1,commons/Interior_of_the_nave_of_the_Sagrada_Família/0/pictures/Sagrada_Familia_inside_View_Benches.jpg
Sagrada_Família,28023,1,commons/Interior_of_the_nave_of_the_Sagrada_Família/0/pictures/Sagrada_Familia_interior_stereographic_vertical_panorama_2010.jpg
Sagrada_Família,28023,1,commons/Construction_of_the_Sagrada_Família_in_2012/0/pictures/R_2048_20120929_2229_DSC00184.jpg
Sagrada_Família,28023,1,commons/Interior_of_the_nave_of_the_Sagrada_Família/0/pictures/Sagrada_Familia_techo_Nave_central_63_metros_de_alto_de_Gaudi_-_panoramio.jpg
Sagrada_Família,28023,1,commons/Interior_of_the_nave_of_the_Sagrada_Família/0/pictures/Sagrada_Familia_interior_1.jpg
Sagrada_Família,28023,1,"commons/Interior_of_the_nave_of_the_Sagrada_Família/0/pictures/Sagrada_Familia,_interior_(3)_(30908522640).jpg"
Sagrada_Família,28023,1,commons/Interiors_of_the_Sagrada_Família/0/pictures/7596401316_Jpg_(165455005).jpeg
Sagrada_Família,28023,1,commons/Interiors_of_the_Sagrada_Família/0/pictures/Barcelona_-_Temple_Expiatori_de_la_Sagrada_Família_(22).jpg
Sagrada_Família,28023,1,commons/Interiors_of_the_Sagrada_Família/0/pictures/Barcelona_-_Temple_Expiatori_de_la_Sagrada_Família_(13).jpg
Sagrada_Família,28023,1,commons/Interiors_of_the_Sagrada_Família/0/pictures/Basílica_de_la_Sagrada_Familia_(5).jpg
Sagrada_Família,28023,1,commons/Interiors_of_the_Sagrada_Família/0/pictures/Basílica_de_la_Sagrada_Familia_(16).jpg
Sagrada_Família,28023,1,commons/Interiors_of_the_Sagrada_Família/0/pictures/Bis_Barcelona_Nov_2014.jpg
Sagrada_Família,28023,1,commons/Construction_of_the_Sagrada_Família_in_2013/0/pictures/ES-BCN-sagr-fam-04.jpg
Sagrada_Família,28023,1,commons/Interiors_of_the_Sagrada_Família/0/pictures/Ceiling_Detail._Sagrada_Familia.jpg
Sagrada_Família,28023,1,commons/Interiors_of_the_Sagrada_Família/0/pictures/Eixample_-_Sagrada_Família_-_20150828140215.jpg
Sagrada_Família,28023,1,commons/Interiors_of_the_Sagrada_Família/0/pictures/Eixample_-_Sagrada_Família_-_20150828141112.jpg
Sagrada_Família,28023,1,commons/Interiors_of_the_Sagrada_Família/0/pictures/Inside_Sagrada_familia_-_panoramio_(3).jpg
Sagrada_Família,28023,1,commons/Interiors_of_the_Sagrada_Família/0/pictures/Eixample_-_Sagrada_Família_-_20150828142525.jpg
Sagrada_Família,28023,1,commons/Construction_of_the_Sagrada_Família_in_2013/0/pictures/Jesus_parachuted_(8749942213).jpg
Sagrada_Família,28023,1,commons/Interiors_of_the_Sagrada_Família/0/pictures/Interior_of_the_Sagrada_Família_(1).jpg
Sagrada_Família,28023,1,commons/Interiors_of_the_Sagrada_Família/0/pictures/Interior_of_the_Sagrada_Família_(13).jpg
Sagrada_Família,28023,1,"commons/Interiors_of_the_Sagrada_Família/0/pictures/La_Sagrada_Familia,_Barcelona,_Spain_-_panoramio_(24).jpg"
Sagrada_Família,28023,1,"commons/Interiors_of_the_Sagrada_Família/0/pictures/La_Sagrada_Familia,_Barcelona,_Spain_-_panoramio_(25).jpg"
Sagrada_Família,28023,1,"commons/Interiors_of_the_Sagrada_Família/0/pictures/La_Sagrada_Familia,_Barcelona,_Spain_-_panoramio_(34).jpg"
Sagrada_Família,28023,1,"commons/Interiors_of_the_Sagrada_Família/0/pictures/La_Sagrada_Familia,_Barcelona,_Spain_-_panoramio_(27).jpg"
Sagrada_Família,28023,1,"commons/Interiors_of_the_Sagrada_Família/0/pictures/La_Sagrada_Familia,_Barcelona,_Spain_-_panoramio_(44).jpg"
Sagrada_Família,28023,1,commons/Interiors_of_the_Sagrada_Família/0/pictures/Karl_Buschhüter_und_Antoni_Gaudí_Literaturlink_(Sagrada_Família)_-_Cartoon.jpg
Sagrada_Família,28023,1,"commons/Interiors_of_the_Sagrada_Família/0/pictures/La_Sagrada_Familia,_Barcelona,_Spain_-_panoramio_(8).jpg"
Sagrada_Família,28023,1,commons/Interiors_of_the_Sagrada_Família/0/pictures/Langit-langit_Sagrada_Familia.jpg
Sagrada_Família,28023,1,commons/Interiors_of_the_Sagrada_Família/0/pictures/Sagrada_Familia_(202977439).jpeg
Sagrada_Família,28023,1,commons/Interiors_of_the_Sagrada_Família/0/pictures/Sagrada_Familia_(July_2022)_05.jpg
Sagrada_Família,28023,1,commons/Interiors_of_the_Sagrada_Família/0/pictures/Sagrada_Familia_(July_2022)_02.jpg
Sagrada_Família,28023,1,"commons/Main_altar_of_the_Sagrada_Família/0/pictures/082_Sagrada_Família,_interior,_presbiteri.jpg"
Sagrada_Família,28023,1,commons/Main_altar_of_the_Sagrada_Família/0/pictures/Altar_Of_The_Sagrada_Familia_2017_(205252099).jpeg
Sagrada_Família,28023,1,commons/Main_altar_of_the_Sagrada_Família/0/pictures/Altar_sagrada_familia.jpg
Sagrada_Família,28023,1,"commons/Main_altar_of_the_Sagrada_Família/0/pictures/Interiors_of_the_Sagrada_Família,_May_2013_-_18.JPG"
Sagrada_Família,28023,1,commons/Main_altar_of_the_Sagrada_Família/0/pictures/Altar_major_01.JPG
Sagrada_Família,28023,1,commons/Main_altar_of_the_Sagrada_Família/0/pictures/Jesus_parachuted_(8749942213).jpg
Sagrada_Família,28023,1,"commons/Main_altar_of_the_Sagrada_Família/0/pictures/La_Sagrada_Família,_Barcelona_-_panoramio_(11).jpg"
Sagrada_Família,28023,1,commons/Main_altar_of_the_Sagrada_Família/0/pictures/AltarSagradaFamilia_bymanolomoreno.jpg
Sagrada_Família,28023,1,"commons/Main_altar_of_the_Sagrada_Família/0/pictures/Interiors_of_the_Sagrada_Família,_May_2013_-_20.JPG"
Sagrada_Família,28023,1,commons/Main_altar_of_the_Sagrada_Família/0/pictures/SAGRADA_FAMILIA-02.JPG
Sagrada_Família,28023,1,commons/Construction_of_the_Sagrada_Família_in_2014/0/pictures/Barcelone_-_Sagrada_Familia_-_Vitraux.jpg
Sagrada_Família,28023,1,commons/Main_altar_of_the_Sagrada_Família/0/pictures/Main_altar_-_Interior_of_Sagrada_Família_-_Barcelona_2014_(3).JPG
Sagrada_Família,28023,1,commons/Main_altar_of_the_Sagrada_Família/0/pictures/Sagrada_Familia_m5.jpg
Sagrada_Família,28023,1,"commons/Construction_of_the_Sagrada_Família_in_2014/0/pictures/Antoni_Gaudi’s_Sagrada_Familia,_Barcelona_05.jpg"
Sagrada_Família,28023,1,commons/Main_altar_of_the_Sagrada_Família/0/pictures/Sagrada_Familia_March_2015-5a.jpg
Sagrada_Família,28023,1,commons/Main_altar_of_the_Sagrada_Família/0/pictures/Sagrada_Familia_in_Barcelona_04.jpg
Sagrada_Família,28023,1,commons/Main_altar_of_the_Sagrada_Família/0/pictures/Sagrada_familia_Barcelona_2.jpg
Sagrada_Família,28023,1,commons/Construction_of_the_Sagrada_Família_in_2014/0/pictures/Ceiling_of_the_nave_-_Interior_of_Sagrada_Família_-_Barcelona_2014.JPG
Sagrada_Família,28023,1,commons/Main_altar_of_the_Sagrada_Família/0/pictures/Temple_Expiatori_de_la_Sagrada_Família_(Barcelona)_-_64.jpg
Sagrada_Família,28023,1,commons/Main_altar_of_the_Sagrada_Família/0/pictures/Templo_Expiatorio_de_la_Sagrada_Familia_-_panoramio_-_Jorge_Franganillo_(3).jpg
Sagrada_Família,28023,1,commons/Main_altar_of_the_Sagrada_Família/0/pictures/WLM14ES_-_Barcelona_Interior_491_04_de_julio_de_2011_-_.jpg
Sagrada_Família,28023,1,commons/Construction_of_the_Sagrada_Família_in_2014/0/pictures/Die_Basilika_Sagrada_Familia_4.jpg
Sagrada_Família,28023,1,commons/Main_altar_of_the_Sagrada_Família/0/pictures/Sagrada_Familia._Interior.JPG
Sagrada_Família,28023,1,"commons/Museums_of_the_Sagrada_Família/0/pictures/La_Sagrada_Familia,_Barcelona,_Spain_-_panoramio_(46).jpg"
Sagrada_Família,28023,1,"commons/Museums_of_the_Sagrada_Família/0/pictures/La_Sagrada_Familia,_Barcelona,_Spain_-_panoramio_(49).jpg"
Sagrada_Família,28023,1,"commons/Museums_of_the_Sagrada_Família/0/pictures/La_Sagrada_Familia,_Barcelona,_Spain_-_panoramio_(50).jpg"
Sagrada_Família,28023,1,"commons/Organs_in_the_main_altar_of_the_Sagrada_Família_-_front_part_in_the_choir/0/pictures/082_Sagrada_Família,_interior,_presbiteri.jpg"
Sagrada_Família,28023,1,commons/Organs_in_the_main_altar_of_the_Sagrada_Família_-_front_part_in_the_choir/0/pictures/A_view_of_the_interior_of_the_Sagrada_Família.jpg
Sagrada_Família,28023,2,"commons/Sculptures_of_the_Marriage_of_the_Virgin_(Nativity_facade_of_the_Sagrada_Família)/0/pictures/063_Sagrada_Família,_façana_del_Naixement,_portes_de_l'Esperança_i_la_Caritat.jpg"
Sagrada_Família,28023,2,"commons/Sculptures_of_Jesus_among_the_Doctors_(Nativity_facade_of_the_Sagrada_Família)/0/pictures/063_Sagrada_Família,_façana_del_Naixement,_portes_de_l'Esperança_i_la_Caritat.jpg"
Sagrada_Família,28023,2,commons/Sculptures_in_the_Nativity_Facade_of_the_Sagrada_Família/0/pictures/Die_Geburtsfassade_der_Sagrada_Familia_im_Detail.jpg
Sagrada_Família,28023,2,"commons/Sculpture_of_the_choir_of_angel_children_(Nativity_facade_of_the_Sagrada_Família)/0/pictures/063_Sagrada_Família,_façana_del_Naixement,_portes_de_l'Esperança_i_la_Caritat.jpg"
Sagrada_Família,28023,2,"commons/Sculpture_of_the_Trumpeting_Angels_(Nativity_facade_of_the_Sagrada_Família)/0/pictures/063_Sagrada_Família,_façana_del_Naixement,_portes_de_l'Esperança_i_la_Caritat.jpg"
Sagrada_Família,28023,2,commons/Sculpture_of_the_Star_of_Bethlehem_(Nativity_facade_of_the_Sagrada_Família)/0/pictures/Fachada_del_nacimiento._Templo_Expiatorio_de_la_Sagrada_FAmilia_._Barcelona._Cataluña._Espña.JPG
Sagrada_Família,28023,2,commons/Exterior_of_the_Sagrada_Família/0/pictures/ES_Barcelona_0711_(23)_(17232884722).jpg
Sagrada_Família,28023,2,commons/Exterior_of_the_Sagrada_Família/0/pictures/ES_Barcelona_0711_(28)_(17208659376).jpg
Sagrada_Família,28023,2,commons/Portal_of_Charity_of_the_Sagrada_Família/0/pictures/Sagrada_Familia_01-51.JPG
Sagrada_Família,28023,2,"commons/Sculpture_of_the_Nativity_(Nativity_facade_of_the_Sagrada_Família)/0/pictures/063_Sagrada_Família,_façana_del_Naixement,_portes_de_l'Esperança_i_la_Caritat.jpg"
Sagrada_Família,28023,2,"commons/Sculpture_of_the_Adoration_of_the_Shepherds_(Nativity_facade_of_the_Sagrada_Família)/0/pictures/063_Sagrada_Família,_façana_del_Naixement,_portes_de_l'Esperança_i_la_Caritat.jpg"
Sagrada_Família,28023,2,"commons/Sculpture_of_the_Massacre_of_the_Innocents_(Nativity_facade_of_the_Sagrada_Família)/0/pictures/063_Sagrada_Família,_façana_del_Naixement,_portes_de_l'Esperança_i_la_Caritat.jpg"
Sagrada_Família,28023,2,commons/Sculpture_of_the_Nativity_(Nativity_facade_of_the_Sagrada_Família)/0/pictures/Sagrada_Familia071.jpg
Sagrada_Família,28023,2,commons/Sculpture_of_the_Nativity_(Nativity_facade_of_the_Sagrada_Família)/0/pictures/Gaudi_(2835073417).jpg
Sagrada_Família,28023,2,"commons/Sculpture_of_the_coronation_of_Mary_(Nativity_facade_of_the_Sagrada_Família)/0/pictures/063_Sagrada_Família,_façana_del_Naixement,_portes_de_l'Esperança_i_la_Caritat.jpg"
Sagrada_Família,28023,2,"commons/Sculpture_of_the_Nativity_(Nativity_facade_of_the_Sagrada_Família)/0/pictures/Nativity_Facade_of_the_Sagrada_Família,_May_2013_-_05.JPG"
Sagrada_Família,28023,2,commons/Sculpture_of_the_Nativity_(Nativity_facade_of_the_Sagrada_Família)/0/pictures/Sagrada_Familia_Weihnachtsfassade.jpg
Sagrada_Família,28023,2,commons/Sculpture_of_the_Nativity_(Nativity_facade_of_the_Sagrada_Família)/0/pictures/Fachada_del_nacimiento._Templo_Expiatorio_de_la_Sagrada_FAmilia_._Barcelona._Cataluña._Espña.JPG
Sagrada_Família,28023,2,commons/Sculpture_of_the_Nativity_(Nativity_facade_of_the_Sagrada_Família)/0/pictures/Sagrada_Familia_-_detalhe_(8749940999).jpg
Sagrada_Família,28023,2,"commons/Sculpture_of_the_Star_of_Bethlehem_(Nativity_facade_of_the_Sagrada_Família)/0/pictures/063_Sagrada_Família,_façana_del_Naixement,_portes_de_l'Esperança_i_la_Caritat.jpg"
Sagrada_Família,28023,3,commons/Left-side_Gospel_Door_at_the_Passion_Facade_of_the_Sagrada_Família/0/pictures/Segrada_Familia_Barcelona_(7564253584).jpg
Sagrada_Família,28023,3,commons/Interior_of_the_Glory_facade_of_the_Sagrada_Família/0/pictures/Barcelona_-_Temple_Expiatori_de_la_Sagrada_Família_(20).jpg
Sagrada_Família,28023,3,"commons/Sculpture_of_Saint_George_in_the_Sagrada_Família/0/pictures/Interiors_of_the_Sagrada_Família,_May_2013_-_12.JPG"
Sagrada_Família,28023,3,commons/Glory_Facade_of_the_Sagrada_Família/0/pictures/Sagrada_Familia-Pope_Benedict_XVI.JPG
Sagrada_Família,28023,3,commons/Eucharist_Door_at_the_Glory_Facade_of_the_Sagrada_Família/0/pictures/WLM14ES_-_Barcelona_Interior_498_04_de_julio_de_2011_-_.jpg
Sagrada_Família,28023,3,"commons/Eucharist_Door_at_the_Glory_Facade_of_the_Sagrada_Família/0/pictures/Sagrada_Familia,_interior_(9)_(31275677545).jpg"
Sagrada_Família,28023,3,"commons/Eucharist_Door_at_the_Glory_Facade_of_the_Sagrada_Família/0/pictures/Sagrada_Familia,_interior_(10)_(31275561405).jpg"
Sagrada_Família,28023,3,commons/Eucharist_Door_at_the_Glory_Facade_of_the_Sagrada_Família/0/pictures/Напис_українською_в_Саграді_Фамілії.jpg
Sagrada_Família,28023,3,commons/Construction_of_the_Sagrada_Família_in_2011/0/pictures/Glory_facade_-_Sagrada_Familia_2011_05.JPG
Sagrada_Família,28023,3,"commons/Interior_of_the_Glory_facade_of_the_Sagrada_Família/0/pictures/Interiors_of_the_Sagrada_Família,_May_2013_-_12.JPG"
Sagrada_Família,28023,3,commons/Eucharist_Door_at_the_Glory_Facade_of_the_Sagrada_Família/0/pictures/Puerta_Gloria.jpg
Sagrada_Família,28023,3,commons/Sculpture_of_Saint_George_in_the_Sagrada_Família/0/pictures/Barcelona_-_Temple_Expiatori_de_la_Sagrada_Família_(20).jpg
Sagrada_Família,28023,3,commons/Eucharist_Door_at_the_Glory_Facade_of_the_Sagrada_Família/0/pictures/Façana_de_la_Gloria.jpg
Sagrada_Família,28023,3,"commons/Eucharist_Door_at_the_Glory_Facade_of_the_Sagrada_Família/0/pictures/Antoni_Gaudi’s_Sagrada_Familia,_Barcelona_11.jpg"
Sagrada_Família,28023,3,"commons/Eucharist_Door_at_the_Glory_Facade_of_the_Sagrada_Família/0/pictures/Interiors_of_the_Sagrada_Família,_May_2013_-_12_(2).jpg"
Sagrada_Família,28023,3,commons/Eucharist_Door_at_the_Glory_Facade_of_the_Sagrada_Família/0/pictures/Sagrada_Família._Façana_de_la_Glòria_(porta_central).jpg
Sagrada_Família,28023,3,"commons/Construction_of_the_Sagrada_Família_in_2013/0/pictures/Interiors_of_the_Sagrada_Família,_May_2013_-_12.JPG"
Sagrada_Família,28023,3,commons/Eucharist_Door_at_the_Glory_Facade_of_the_Sagrada_Família/0/pictures/2019_03_16_AIDA_Barcelona_(115).jpg
Sagrada_Família,28023,3,commons/Glory_Facade_of_the_Sagrada_Família/0/pictures/Glory_facade_-_Sagrada_Familia_2011_05.JPG
Sagrada_Família,28023,3,commons/Eucharist_Door_at_the_Glory_Facade_of_the_Sagrada_Família/0/pictures/Sagrada_Familia_inside.jpg
Sagrada_Família,28023,3,commons/Eucharist_Door_at_the_Glory_Facade_of_the_Sagrada_Família/0/pictures/WLM14ES_-_Credo_-_Armandoreques.jpg
Sagrada_Família,28023,3,commons/Eucharist_Door_at_the_Glory_Facade_of_the_Sagrada_Família/0/pictures/Barcelona_-_Temple_Expiatori_de_la_Sagrada_Família_(20).jpg
Sagrada_Família,28023,3,commons/Eucharist_Door_at_the_Glory_Facade_of_the_Sagrada_Família/0/pictures/Portal_Detail_at_the_Sagrada_Familia.JPG
Sagrada_Família,28023,3,commons/Eucharist_Door_at_the_Glory_Facade_of_the_Sagrada_Família/0/pictures/Puerta_Padrenuestro.JPG
Sagrada_Família,28023,3,"commons/Eucharist_Door_at_the_Glory_Facade_of_the_Sagrada_Família/0/pictures/Antoni_Gaudi’s_Sagrada_Familia,_Barcelona_10.jpg"
Sagrada_Família,28023,4,"commons/Sculpture_of_the_choir_of_angel_children_(Nativity_facade_of_the_Sagrada_Família)/0/pictures/Sagrada_Familia,_Nativity_facade_(15)_(31133090922).jpg"
Sagrada_Família,28023,4,"commons/Sculpture_of_the_choir_of_angel_children_(Nativity_facade_of_the_Sagrada_Família)/0/pictures/Sagrada_Familia,_Nativity_facade_(11)_(30469983453).jpg"
Sagrada_Família,28023,4,"commons/Sculpture_of_the_Nativity_(Nativity_facade_of_the_Sagrada_Família)/0/pictures/Sagrada_Familia,_Nativity_facade_(16)_(31153735122).jpg"
Sagrada_Família,28023,4,commons/Sculpture_of_the_Nativity_(Nativity_facade_of_the_Sagrada_Família)/0/pictures/Sagrada_Familia_nativity_facade_detail2.JPG
Sagrada_Família,28023,4,commons/Sculpture_of_the_Nativity_(Nativity_facade_of_the_Sagrada_Família)/0/pictures/Sagrada_Familia_-_detalhe_(8749940999).jpg
Sagrada_Família,28023,4,commons/Sculpture_of_the_Nativity_(Nativity_facade_of_the_Sagrada_Família)/0/pictures/SF_-_Caridad.jpg
Sagrada_Família,28023,4,commons/Construction_of_the_Sagrada_Família_in_2011/0/pictures/Sagrada_Familia_(6622865513).jpg
Sagrada_Família,28023,4,commons/Doors_of_the_Charity_at_the_Nativity_Facade_of_the_Sagrada_Família/0/pictures/Basílica_de_la_Sagrada_Familia_(23).jpg
Sagrada_Família,28023,4,commons/Sculpture_of_the_Nativity_(Nativity_facade_of_the_Sagrada_Família)/0/pictures/Barcelona_Sagrada_Familia_2019_14.jpg
Sagrada_Família,28023,4,"commons/Portal_of_Charity_of_the_Sagrada_Família/0/pictures/068_Sagrada_Família,_façana_del_Naixement,_porta_de_la_Caritat,_Anunciació_i_cor_d'àngels.jpg"
Sagrada_Família,28023,4,commons/Portal_of_Charity_of_the_Sagrada_Família/0/pictures/MG_9958_(8274350395).jpg
Sagrada_Família,28023,4,commons/Sculpture_of_the_Nativity_(Nativity_facade_of_the_Sagrada_Família)/0/pictures/2008_Sagrada_Familia_27.JPG
Sagrada_Família,28023,4,commons/Sculpture_of_the_Nativity_(Nativity_facade_of_the_Sagrada_Família)/0/pictures/Sagrada_Familia_nativity_facade_detail1.JPG
Sagrada_Família,28023,4,"commons/Sculpture_of_the_Nativity_(Nativity_facade_of_the_Sagrada_Família)/0/pictures/La_Sagrada_Familia,_en_Barcelona.jpg"
Sagrada_Família,28023,4,commons/Sculpture_of_the_Nativity_(Nativity_facade_of_the_Sagrada_Família)/0/pictures/MG_9958_(8274350395).jpg
Sagrada_Família,28023,4,"commons/Sculpture_of_the_Annunciation_(Nativity_facade_of_the_Sagrada_Família)/0/pictures/068_Sagrada_Família,_façana_del_Naixement,_porta_de_la_Caritat,_Anunciació_i_cor_d'àngels.jpg"
Sagrada_Família,28023,4,commons/Sculpture_of_the_Nativity_(Nativity_facade_of_the_Sagrada_Família)/0/pictures/Naixement_S_Família.jpg
Sagrada_Família,28023,4,commons/Sculpture_of_the_Nativity_(Nativity_facade_of_the_Sagrada_Família)/0/pictures/Barcelona_Sagrada_Familia_2019_15.jpg
Sagrada_Família,28023,4,"commons/Sculpture_of_the_Nativity_(Nativity_facade_of_the_Sagrada_Família)/0/pictures/Barcelona_-_La_Sagrada_Família_-_Centre_of_Nativity_Façade_-_Ox,_Father_Joseph,_Child_Jesus,_Mother_Mary,_Donkey.jpg"
Sagrada_Família,28023,4,commons/Sculpture_of_the_Nativity_(Nativity_facade_of_the_Sagrada_Família)/0/pictures/Gaudi_(2835918048).jpg
Sagrada_Família,28023,5,"commons/Sculpture_of_the_choir_of_angel_children_(Nativity_facade_of_the_Sagrada_Família)/0/pictures/Sagrada_Familia,_Nativity_facade_(15)_(31133090922).jpg"
Sagrada_Família,28023,5,commons/Sculpture_of_the_Star_of_Bethlehem_(Nativity_facade_of_the_Sagrada_Família)/0/pictures/2008_Sagrada_Familia_20.JPG
Sagrada_Família,28023,5,"commons/Sculpture_of_the_Star_of_Bethlehem_(Nativity_facade_of_the_Sagrada_Família)/0/pictures/068_Sagrada_Família,_façana_del_Naixement,_porta_de_la_Caritat,_Anunciació_i_cor_d'àngels.jpg"
Sagrada_Família,28023,5,commons/Sculpture_of_the_Nativity_(Nativity_facade_of_the_Sagrada_Família)/0/pictures/Sagrada_Familia_nativity_facade_detail1.JPG
Sagrada_Família,28023,5,"commons/Portal_of_Charity_of_the_Sagrada_Família/0/pictures/068_Sagrada_Família,_façana_del_Naixement,_porta_de_la_Caritat,_Anunciació_i_cor_d'àngels.jpg"
Sagrada_Família,28023,5,"commons/Sculpture_of_the_Annunciation_(Nativity_facade_of_the_Sagrada_Família)/0/pictures/068_Sagrada_Família,_façana_del_Naixement,_porta_de_la_Caritat,_Anunciació_i_cor_d'àngels.jpg"
Sagrada_Família,28023,5,commons/Sculptures_in_the_Nativity_Facade_of_the_Sagrada_Família/0/pictures/Die_Geburtsfassade_der_Sagrada_Familia_im_Detail.jpg
Sagrada_Família,28023,5,commons/Sculpture_of_the_Nativity_(Nativity_facade_of_the_Sagrada_Família)/0/pictures/Naixement_S_Família.jpg
Sagrada_Família,28023,5,"commons/Sculpture_of_the_choir_of_angel_children_(Nativity_facade_of_the_Sagrada_Família)/0/pictures/Sagrada_Familia,_Nativity_facade_(11)_(30469983453).jpg"
Sagrada_Família,28023,5,"commons/Sculpture_of_the_Nativity_(Nativity_facade_of_the_Sagrada_Família)/0/pictures/Sagrada_Familia,_Nativity_facade_(16)_(31153735122).jpg"
Sagrada_Família,28023,5,commons/Sculpture_of_the_Nativity_(Nativity_facade_of_the_Sagrada_Família)/0/pictures/2008_Sagrada_Familia_27.JPG
Sagrada_Família,28023,5,commons/Sculpture_of_the_Nativity_(Nativity_facade_of_the_Sagrada_Família)/0/pictures/Barcelona_Sagrada_Familia_2019_14.jpg
Sagrada_Família,28023,5,commons/Construction_of_the_Sagrada_Família_in_2011/0/pictures/Sagrada_Familia_(6622865513).jpg
Sagrada_Família,28023,5,commons/Sculpture_of_the_Nativity_(Nativity_facade_of_the_Sagrada_Família)/0/pictures/SF_-_Caridad.jpg
Sagrada_Família,28023,5,commons/Sculpture_of_the_Nativity_(Nativity_facade_of_the_Sagrada_Família)/0/pictures/Barcelona_Sagrada_Familia_2019_15.jpg
Sagrada_Família,28023,5,commons/Sculpture_of_the_Nativity_(Nativity_facade_of_the_Sagrada_Família)/0/pictures/Sagrada_Familia_nativity_facade_detail2.JPG
Sagrada_Família,28023,5,"commons/Sculpture_of_the_Nativity_(Nativity_facade_of_the_Sagrada_Família)/0/pictures/Barcelona_-_La_Sagrada_Família_-_Centre_of_Nativity_Façade_-_Ox,_Father_Joseph,_Child_Jesus,_Mother_Mary,_Donkey.jpg"
Sagrada_Família,28023,5,commons/Sculpture_of_the_Nativity_(Nativity_facade_of_the_Sagrada_Família)/0/pictures/Gaudi_(2835918048).jpg
Sagrada_Família,28023,5,"commons/Sculpture_of_the_choir_of_angel_children_(Nativity_facade_of_the_Sagrada_Família)/0/pictures/068_Sagrada_Família,_façana_del_Naixement,_porta_de_la_Caritat,_Anunciació_i_cor_d'àngels.jpg"
Sagrada_Família,28023,5,commons/Sculpture_of_the_Nativity_(Nativity_facade_of_the_Sagrada_Família)/0/pictures/Sagrada_Familia_-_detalhe_(8749940999).jpg
Sagrada_Família,28023,6,"commons/Sculpture_of_the_choir_of_angel_children_(Nativity_facade_of_the_Sagrada_Família)/0/pictures/Sagrada_Familia,_Nativity_facade_(15)_(31133090922).jpg"
Sagrada_Família,28023,6,commons/Sculpture_of_the_Star_of_Bethlehem_(Nativity_facade_of_the_Sagrada_Família)/0/pictures/2008_Sagrada_Familia_20.JPG
Sagrada_Família,28023,6,"commons/Sculpture_of_the_Star_of_Bethlehem_(Nativity_facade_of_the_Sagrada_Família)/0/pictures/068_Sagrada_Família,_façana_del_Naixement,_porta_de_la_Caritat,_Anunciació_i_cor_d'àngels.jpg"
Sagrada_Família,28023,6,commons/Sculpture_of_the_Nativity_(Nativity_facade_of_the_Sagrada_Família)/0/pictures/Sagrada_Familia_nativity_facade_detail1.JPG
Sagrada_Família,28023,6,"commons/Portal_of_Charity_of_the_Sagrada_Família/0/pictures/068_Sagrada_Família,_façana_del_Naixement,_porta_de_la_Caritat,_Anunciació_i_cor_d'àngels.jpg"
Sagrada_Família,28023,6,"commons/Sculpture_of_the_Annunciation_(Nativity_facade_of_the_Sagrada_Família)/0/pictures/068_Sagrada_Família,_façana_del_Naixement,_porta_de_la_Caritat,_Anunciació_i_cor_d'àngels.jpg"
Sagrada_Família,28023,6,commons/Sculptures_in_the_Nativity_Facade_of_the_Sagrada_Família/0/pictures/Die_Geburtsfassade_der_Sagrada_Familia_im_Detail.jpg
Sagrada_Família,28023,6,commons/Sculpture_of_the_Nativity_(Nativity_facade_of_the_Sagrada_Família)/0/pictures/Naixement_S_Família.jpg
Sagrada_Família,28023,6,"commons/Sculpture_of_the_choir_of_angel_children_(Nativity_facade_of_the_Sagrada_Família)/0/pictures/Sagrada_Familia,_Nativity_facade_(11)_(30469983453).jpg"
Sagrada_Família,28023,6,"commons/Sculpture_of_the_Nativity_(Nativity_facade_of_the_Sagrada_Família)/0/pictures/Sagrada_Familia,_Nativity_facade_(16)_(31153735122).jpg"
Sagrada_Família,28023,6,commons/Sculpture_of_the_Nativity_(Nativity_facade_of_the_Sagrada_Família)/0/pictures/2008_Sagrada_Familia_27.JPG
Sagrada_Família,28023,6,commons/Sculpture_of_the_Nativity_(Nativity_facade_of_the_Sagrada_Família)/0/pictures/Barcelona_Sagrada_Familia_2019_14.jpg
Sagrada_Família,28023,6,commons/Construction_of_the_Sagrada_Família_in_2011/0/pictures/Sagrada_Familia_(6622865513).jpg
Sagrada_Família,28023,6,commons/Sculpture_of_the_Nativity_(Nativity_facade_of_the_Sagrada_Família)/0/pictures/SF_-_Caridad.jpg
Sagrada_Família,28023,6,commons/Sculpture_of_the_Nativity_(Nativity_facade_of_the_Sagrada_Família)/0/pictures/Barcelona_Sagrada_Familia_2019_15.jpg
Sagrada_Família,28023,6,commons/Sculpture_of_the_Nativity_(Nativity_facade_of_the_Sagrada_Família)/0/pictures/Sagrada_Familia_nativity_facade_detail2.JPG
Sagrada_Família,28023,6,"commons/Sculpture_of_the_Nativity_(Nativity_facade_of_the_Sagrada_Família)/0/pictures/Barcelona_-_La_Sagrada_Família_-_Centre_of_Nativity_Façade_-_Ox,_Father_Joseph,_Child_Jesus,_Mother_Mary,_Donkey.jpg"
Sagrada_Família,28023,6,commons/Sculpture_of_the_Nativity_(Nativity_facade_of_the_Sagrada_Família)/0/pictures/Gaudi_(2835918048).jpg
Sagrada_Família,28023,6,"commons/Sculpture_of_the_choir_of_angel_children_(Nativity_facade_of_the_Sagrada_Família)/0/pictures/068_Sagrada_Família,_façana_del_Naixement,_porta_de_la_Caritat,_Anunciació_i_cor_d'àngels.jpg"
Sagrada_Família,28023,6,commons/Sculpture_of_the_Nativity_(Nativity_facade_of_the_Sagrada_Família)/0/pictures/Sagrada_Familia_-_detalhe_(8749940999).jpg
Sagrada_Família,28023,7,"commons/Sculpture_of_the_choir_of_angel_children_(Nativity_facade_of_the_Sagrada_Família)/0/pictures/Sagrada_Familia,_Nativity_facade_(15)_(31133090922).jpg"
Sagrada_Família,28023,7,commons/Sculpture_of_the_Star_of_Bethlehem_(Nativity_facade_of_the_Sagrada_Família)/0/pictures/2008_Sagrada_Familia_20.JPG
Sagrada_Família,28023,7,"commons/Sculpture_of_the_Star_of_Bethlehem_(Nativity_facade_of_the_Sagrada_Família)/0/pictures/068_Sagrada_Família,_façana_del_Naixement,_porta_de_la_Caritat,_Anunciació_i_cor_d'àngels.jpg"
Sagrada_Família,28023,7,commons/Sculpture_of_the_Nativity_(Nativity_facade_of_the_Sagrada_Família)/0/pictures/Sagrada_Familia_nativity_facade_detail1.JPG
Sagrada_Família,28023,7,"commons/Portal_of_Charity_of_the_Sagrada_Família/0/pictures/068_Sagrada_Família,_façana_del_Naixement,_porta_de_la_Caritat,_Anunciació_i_cor_d'àngels.jpg"
Sagrada_Família,28023,7,"commons/Sculpture_of_the_Annunciation_(Nativity_facade_of_the_Sagrada_Família)/0/pictures/068_Sagrada_Família,_façana_del_Naixement,_porta_de_la_Caritat,_Anunciació_i_cor_d'àngels.jpg"
Sagrada_Família,28023,7,commons/Sculptures_in_the_Nativity_Facade_of_the_Sagrada_Família/0/pictures/Die_Geburtsfassade_der_Sagrada_Familia_im_Detail.jpg
Sagrada_Família,28023,7,commons/Sculpture_of_the_Nativity_(Nativity_facade_of_the_Sagrada_Família)/0/pictures/Naixement_S_Família.jpg
Sagrada_Família,28023,7,"commons/Sculpture_of_the_choir_of_angel_children_(Nativity_facade_of_the_Sagrada_Família)/0/pictures/Sagrada_Familia,_Nativity_facade_(11)_(30469983453).jpg"
Sagrada_Família,28023,7,"commons/Sculpture_of_the_Nativity_(Nativity_facade_of_the_Sagrada_Família)/0/pictures/Sagrada_Familia,_Nativity_facade_(16)_(31153735122).jpg"
Sagrada_Família,28023,7,commons/Sculpture_of_the_Nativity_(Nativity_facade_of_the_Sagrada_Família)/0/pictures/2008_Sagrada_Familia_27.JPG
Sagrada_Família,28023,7,commons/Sculpture_of_the_Nativity_(Nativity_facade_of_the_Sagrada_Família)/0/pictures/Barcelona_Sagrada_Familia_2019_14.jpg
Sagrada_Família,28023,7,commons/Construction_of_the_Sagrada_Família_in_2011/0/pictures/Sagrada_Familia_(6622865513).jpg
Sagrada_Família,28023,7,commons/Sculpture_of_the_Nativity_(Nativity_facade_of_the_Sagrada_Família)/0/pictures/SF_-_Caridad.jpg
Sagrada_Família,28023,7,commons/Sculpture_of_the_Nativity_(Nativity_facade_of_the_Sagrada_Família)/0/pictures/Barcelona_Sagrada_Familia_2019_15.jpg
Sagrada_Família,28023,7,commons/Sculpture_of_the_Nativity_(Nativity_facade_of_the_Sagrada_Família)/0/pictures/Sagrada_Familia_nativity_facade_detail2.JPG
Sagrada_Família,28023,7,"commons/Sculpture_of_the_Nativity_(Nativity_facade_of_the_Sagrada_Família)/0/pictures/Barcelona_-_La_Sagrada_Família_-_Centre_of_Nativity_Façade_-_Ox,_Father_Joseph,_Child_Jesus,_Mother_Mary,_Donkey.jpg"
Sagrada_Família,28023,7,commons/Sculpture_of_the_Nativity_(Nativity_facade_of_the_Sagrada_Família)/0/pictures/Gaudi_(2835918048).jpg
Sagrada_Família,28023,7,"commons/Sculpture_of_the_choir_of_angel_children_(Nativity_facade_of_the_Sagrada_Família)/0/pictures/068_Sagrada_Família,_façana_del_Naixement,_porta_de_la_Caritat,_Anunciació_i_cor_d'àngels.jpg"
Sagrada_Família,28023,7,commons/Sculpture_of_the_Nativity_(Nativity_facade_of_the_Sagrada_Família)/0/pictures/Sagrada_Familia_-_detalhe_(8749940999).jpg
Sagrada_Família,28023,8,commons/Sagrada_Família_at_night/0/pictures/Barcelona_1098_07.jpg
Sagrada_Família,28023,8,commons/Sagrada_Família_at_night/0/pictures/Barcelona_1098_06.jpg
Sagrada_Família,28023,8,commons/Sagrada_Família_at_night/0/pictures/Barcelona_1098_05.jpg
Sagrada_Família,28023,8,commons/Nativity_facade_towers_of_the_Sagrada_Família/0/pictures/Barcelona_Iglesia_Sagrada_Familia_02.jpg
Sagrada_Família,28023,8,commons/Nativity_Facade_of_the_Sagrada_Família_at_night/0/pictures/Sagrada_familia_by_night_2006.jpg
Sagrada_Família,28023,8,commons/Nativity_Facade_of_the_Sagrada_Família_at_night/0/pictures/Sagrada_Família_at_night.jpg
Sagrada_Família,28023,8,commons/Construction_cranes_in_the_Sagrada_Família/0/pictures/Barcelona_Tres_-_009_(3466918784).jpg
Sagrada_Família,28023,8,commons/Construction_of_the_Sagrada_Família_in_2000/0/pictures/Barcelona_Iglesia_Sagrada_Familia_02.jpg
Sagrada_Família,28023,8,commons/Construction_of_the_Sagrada_Família_in_2009/0/pictures/Barcelona_Tres_-_009_(3466918784).jpg
Sagrada_Família,28023,8,commons/General_views_of_the_Nativity_Facade_of_the_Sagrada_Família/0/pictures/Sagrada_Família_-_Antoni_Gaudí_(1884-1914-1926-)_-_panoramio.jpg
Sagrada_Família,28023,8,commons/General_views_of_the_Nativity_Facade_of_the_Sagrada_Família/0/pictures/Sagrada_familia_by_night_2006.jpg
Sagrada_Família,28023,8,commons/Construction_of_the_Sagrada_Família_in_2017/0/pictures/Σαγράδα_Φαμίλια_3424.jpg
Sagrada_Família,28023,8,commons/Eastern_Views_of_the_Sagrada_Família_at_night/0/pictures/Barcelona_Iglesia_Sagrada_Familia_02.jpg
Sagrada_Família,28023,8,"commons/Eastern_Views_of_the_Sagrada_Família_at_night/0/pictures/La_Sagrada_Familia,_Barcelona_(8994062453).jpg"
Sagrada_Família,28023,8,commons/Eastern_Views_of_the_Sagrada_Família_at_night/0/pictures/Barcelona_Tres_-_009_(3466918784).jpg
Sagrada_Família,28023,8,commons/General_views_of_the_Nativity_Facade_of_the_Sagrada_Família/0/pictures/Sagrada_Família_at_night.jpg
Sagrada_Família,28023,8,"commons/Nativity_Facade_of_the_Sagrada_Família_at_night/0/pictures/Sagrada_Família,_Barcelona_-_panoramio_(1).jpg"
Sagrada_Família,28023,8,commons/Eastern_Views_of_the_Sagrada_Família_at_night/0/pictures/Sagrada_Família_at_night.jpg
Sagrada_Família,28023,8,commons/Sagrada_Família_at_night/0/pictures/Barcelona_1098_04.jpg
Sagrada_Família,28023,8,commons/Nativity_facade_towers_of_the_Sagrada_Família/0/pictures/Sagrada_familia_by_night_2006.jpg
Sagrada_Família,28023,8,commons/Construction_of_the_Sagrada_Família_in_2006/0/pictures/Sagrada_familia_by_night_2006.jpg
Sagrada_Família,28023,8,commons/Eastern_Views_of_the_Sagrada_Família_at_night/0/pictures/Σαγράδα_Φαμίλια_3424.jpg
Sagrada_Família,28023,9,commons/General_views_of_the_Nativity_Facade_of_the_Sagrada_Família/0/pictures/SF_-_lago1m.jpg
Sagrada_Família,28023,9,commons/General_views_of_the_Nativity_Facade_of_the_Sagrada_Família/0/pictures/SF_-_Nacimiento.jpg
Sagrada_Família,28023,9,commons/Views_of_the_Sagrada_Família_from_the_Plaça_de_Gaudí/0/pictures/Iglesia_de_Barcelona_-_SAGRADA_FAMILIA.jpg
Sagrada_Família,28023,9,"commons/Eastern_Views_of_the_Sagrada_Família/0/pictures/View_of_Nativity_Façade_of_Basilica_and_Expiatory_Church_of_the_Holy_Family_(Basílica_i_Temple_Expiatori_de_la_Sagrada_Família)_(_UNESCO_World_Heritage_Site)._Barcelona,_Catalonia,_Spain.jpg"
Sagrada_Família,28023,9,commons/General_views_of_the_Nativity_Facade_of_the_Sagrada_Família/0/pictures/Sf_gp.jpg
Sagrada_Família,28023,9,commons/Eastern_Views_of_the_Sagrada_Família/0/pictures/Sagrada_familia-_barcelona_-_panoramio.jpg
Sagrada_Família,28023,9,commons/General_views_of_the_Nativity_Facade_of_the_Sagrada_Família/0/pictures/SF_-_lago1.jpg
Sagrada_Família,28023,9,commons/Eastern_Views_of_the_Sagrada_Família/0/pictures/La_Sagrada_Familia_(8841823155).jpg
Sagrada_Família,28023,9,commons/Construction_cranes_in_the_Sagrada_Família/0/pictures/La_Sagrada_Familia_(8841823155).jpg
Sagrada_Família,28023,9,"commons/Eastern_Views_of_the_Sagrada_Família/0/pictures/Fachada_del_Nacimiento_-_Templo_de_la_Sagrada_Família,_Barcelona_2.jpg"
Sagrada_Família,28023,9,"commons/Construction_of_the_Sagrada_Família_in_2009/0/pictures/Fachada_del_Nacimiento_-_Templo_de_la_Sagrada_Família,_Barcelona_2.jpg"
Sagrada_Família,28023,9,commons/Construction_of_the_Sagrada_Família_in_2004/0/pictures/Barcelona_Temple_Expiatori_de_la_Sagrada_Fam_lia_(2050445207).jpg
Sagrada_Família,28023,9,commons/Construction_of_the_Sagrada_Família_in_2008/0/pictures/SF_-_Nacimiento.jpg
Sagrada_Família,28023,9,"commons/Construction_of_the_Sagrada_Família_in_2009/0/pictures/Fachada_del_Nacimiento_-_Templo_de_la_Sagrada_Família,_Barcelona_3.jpg"
Sagrada_Família,28023,9,commons/Construction_of_the_Sagrada_Família_in_2014/0/pictures/Iglesia_de_Barcelona_-_SAGRADA_FAMILIA.jpg
Sagrada_Família,28023,9,commons/Construction_of_the_Sagrada_Família_in_2010/0/pictures/La_Sagrada_Familia_(8841823155).jpg
Sagrada_Família,28023,9,commons/Construction_of_the_Sagrada_Família_in_2013/0/pictures/Sagrada_familia-_barcelona_-_panoramio.jpg
Sagrada_Família,28023,9,commons/Construction_of_the_Sagrada_Família_in_2016/0/pictures/SF_-_lago1.jpg
Sagrada_Família,28023,9,commons/Construction_of_the_Sagrada_Família_in_2016/0/pictures/SF_-_lago1m.jpg
Sagrada_Família,28023,9,"commons/Construction_of_the_Sagrada_Família_in_2008/0/pictures/View_of_Nativity_Façade_of_Basilica_and_Expiatory_Church_of_the_Holy_Family_(Basílica_i_Temple_Expiatori_de_la_Sagrada_Família)_(_UNESCO_World_Heritage_Site)._Barcelona,_Catalonia,_Spain.jpg"
Sagrada_Família,28023,9,"commons/Eastern_Views_of_the_Sagrada_Família/0/pictures/Fachada_del_Nacimiento_-_Templo_de_la_Sagrada_Família,_Barcelona_3.jpg"
Sagrada_Família,28023,10,commons/Stained_glass_windows_of_the_South-West_Transept_of_the_Sagrada_Família/0/pictures/Sagrada_Familia_Stained_Glass_7_(5839676826).jpg
Sagrada_Família,28023,10,commons/Stained_glass_windows_of_the_South-West_Transept_of_the_Sagrada_Família/0/pictures/Interior_of_the_Passion_facade_-_Interior_of_the_Sagrada_Família_-_Barcelona_2014.JPG
Sagrada_Família,28023,10,"commons/Stained_glass_windows_of_the_South-West_Transept_of_the_Sagrada_Família/0/pictures/La_Sagrada_Família,_Barcelona,_Espanya_(Unsplash).jpg"
Sagrada_Família,28023,10,commons/Interior_of_the_South-West_Transept_of_the_Sagrada_Família/0/pictures/Barcelona_-_Temple_Expiatori_de_la_Sagrada_Família_(11).jpg
Sagrada_Família,28023,10,"commons/Interior_of_the_North-East_Transept_of_the_Sagrada_Família/0/pictures/Stained_Glass_paintings_at_Sagrada_Familia,_Barcelona_(_Ank_Kumar)_03.jpg"
Sagrada_Família,28023,10,"commons/Stained_glass_windows_of_the_North-East_Transept_of_the_Sagrada_Família/0/pictures/La_Sagrada_Familia,_Barcelona,_Spain_-_panoramio_(42).jpg"
Sagrada_Família,28023,10,commons/Stained_glass_windows_of_the_North-East_Transept_of_the_Sagrada_Família/0/pictures/Stain_Glass_Windows_I.jpg
Sagrada_Família,28023,10,commons/Interior_of_the_South-West_Transept_of_the_Sagrada_Família/0/pictures/2019_03_16_AIDA_Barcelona_(107).jpg
Sagrada_Família,28023,10,"commons/Interior_of_the_North-East_Transept_of_the_Sagrada_Família/0/pictures/Stained_Glass_paintings_at_Sagrada_Familia,_Barcelona_(_Ank_Kumar)_04.jpg"
Sagrada_Família,28023,10,commons/Stained_glass_windows_of_the_South-West_Transept_of_the_Sagrada_Família/0/pictures/Segrada_Familia_2016-338.jpg
Sagrada_Família,28023,10,"commons/Stained_glass_windows_of_the_North-East_Transept_of_the_Sagrada_Família/0/pictures/Stained_Glass_paintings_at_Sagrada_Familia,_Barcelona_(_Ank_Kumar)_03.jpg"
Sagrada_Família,28023,10,commons/Stained_glass_windows_of_the_North-East_Transept_of_the_Sagrada_Família/0/pictures/Stained-glass_window_-_panoramio.jpg
Sagrada_Família,28023,10,commons/Ceiling_of_the_transepts_of_the_Sagrada_Família/0/pictures/Segrada_Familia_2016-373.jpg
Sagrada_Família,28023,10,"commons/Stained_glass_windows_of_the_North-East_Transept_of_the_Sagrada_Família/0/pictures/Stained_Glass_paintings_at_Sagrada_Familia,_Barcelona_(_Ank_Kumar)_04.jpg"
Sagrada_Família,28023,10,"commons/Interior_of_the_North-East_Transept_of_the_Sagrada_Família/0/pictures/Stained_Glass_paintings_at_Sagrada_Familia,_Barcelona_(_Ank_Kumar)_01.jpg"
Sagrada_Família,28023,10,"commons/Stained_glass_windows_of_the_North-East_Transept_of_the_Sagrada_Família/0/pictures/Stained_Glass_paintings_at_Sagrada_Familia,_Barcelona_(_Ank_Kumar)_02.jpg"
Sagrada_Família,28023,10,commons/Stained_glass_windows_of_the_North-East_Transept_of_the_Sagrada_Família/0/pictures/WLM14ES_-_Barcelona_Interior_502_04_de_julio_de_2011_-_.jpg
Sagrada_Família,28023,10,commons/Ceiling_of_the_transepts_of_the_Sagrada_Família/0/pictures/Templo_Expiatorio_de_la_Sagrada_Familia_2.jpg
Sagrada_Família,28023,10,commons/Stained_glass_windows_of_the_North-East_Transept_of_the_Sagrada_Família/0/pictures/ES-BCN-sagr-fam-fenster-02.jpg
Sagrada_Família,28023,10,commons/Ceiling_of_the_transepts_of_the_Sagrada_Família/0/pictures/Σαγράδα_Φαμίλια_3321.jpg
Sagrada_Família,28023,10,commons/Crossing_of_the_Sagrada_Família/0/pictures/Segrada_Familia_2016-374.jpg
Sagrada_Família,28023,10,"commons/Interior_of_the_South-West_Transept_of_the_Sagrada_Família/0/pictures/La_Sagrada_Família,_Barcelona,_Espanya_(Unsplash).jpg"
Sagrada_Família,28023,10,commons/Interior_of_the_South-West_Transept_of_the_Sagrada_Família/0/pictures/Basílica_de_la_Sagrada_Familia_(2).jpg
Sagrada_Família,28023,10,commons/Ceiling_of_the_transepts_of_the_Sagrada_Família/0/pictures/Antoni_Gaudi’s_Sagrada_Familia_10.jpg
Sagrada_Família,28023,10,"commons/Interior_of_the_North-East_Transept_of_the_Sagrada_Família/0/pictures/Stained_Glass_paintings_at_Sagrada_Familia,_Barcelona_(_Ank_Kumar)_02.jpg"
Sagrada_Família,28023,10,commons/Ceiling_of_the_transepts_of_the_Sagrada_Família/0/pictures/Antoni_Gaudi’s_Sagrada_Familia_12.jpg
Sagrada_Família,28023,10,commons/Interior_of_the_South-West_Transept_of_the_Sagrada_Família/0/pictures/Interior_of_the_Sagrada_Família_(15).jpg
Sagrada_Família,28023,10,commons/Stained_glass_windows_of_the_North-East_Transept_of_the_Sagrada_Família/0/pictures/Basílica_de_la_Sagrada_Familia_(7).jpg
Sagrada_Família,28023,10,commons/Interior_of_the_South-West_Transept_of_the_Sagrada_Família/0/pictures/Interior_of_Sagrada_Familia.jpg
Sagrada_Família,28023,10,commons/Interior_of_the_South-West_Transept_of_the_Sagrada_Família/0/pictures/Segrada_Familia_2016-381.jpg
Sagrada_Família,28023,10,commons/Interior_of_the_South-West_Transept_of_the_Sagrada_Família/0/pictures/Sagrada_Familia_Stained_Glass_12.jpg
Sagrada_Família,28023,10,commons/Stained_glass_windows_of_the_North-East_Transept_of_the_Sagrada_Família/0/pictures/2019_03_16_AIDA_Barcelona_(108).jpg
Sagrada_Família,28023,10,commons/Interiors_of_the_Sagrada_Família/0/pictures/Sagrada_Familia_(202977439).jpeg
Sagrada_Família,28023,10,"commons/Stained_glass_windows_of_the_North-East_Transept_of_the_Sagrada_Família/0/pictures/Stained_Glass_paintings_at_Sagrada_Familia,_Barcelona_(_Ank_Kumar)_08.jpg"
Sagrada_Família,28023,10,"commons/Stained_glass_windows_of_the_North-East_Transept_of_the_Sagrada_Família/0/pictures/011_Sagrada_Família,_interior,_vitrall_de_la_nau.jpg"
Sagrada_Família,28023,10,commons/Stained_glass_windows_of_the_Apse_of_the_Sagrada_Família/0/pictures/Inside_La_Sagrada_Familia_-_panoramio_(6).jpg
Sagrada_Família,28023,10,commons/Stained_glass_windows_of_the_North-East_Transept_of_the_Sagrada_Família/0/pictures/Sagrada_Familia_Stained_Glass_11.jpg
Sagrada_Família,28023,11,"commons/Sculpture_of_the_Nativity_(Nativity_facade_of_the_Sagrada_Família)/0/pictures/008_Sagrada_Família,_façana_del_Naixement,_porta_de_la_Caritat.jpg"
Sagrada_Família,28023,11,commons/Sculpture_of_the_Massacre_of_the_Innocents_(Nativity_facade_of_the_Sagrada_Família)/0/pictures/Fale_-_Spain_-_Barcelona_-_128.jpg
Sagrada_Família,28023,11,commons/Sculpture_of_the_Adoration_of_the_Shepherds_(Nativity_facade_of_the_Sagrada_Família)/0/pictures/Sagrada_Familia075.jpg
Sagrada_Família,28023,11,commons/Sculpture_of_the_Adoration_of_the_Shepherds_(Nativity_facade_of_the_Sagrada_Família)/0/pictures/SF_-_Adoración_de_los_pastores.jpg
Sagrada_Família,28023,11,commons/Portal_of_Charity_of_the_Sagrada_Família/0/pictures/Barcelona_-_La_Sagrada_Família_-_Nativity_Façade_V.jpg
Sagrada_Família,28023,11,commons/Sculpture_of_the_Adoration_of_the_Shepherds_(Nativity_facade_of_the_Sagrada_Família)/0/pictures/Barcelona_Sagrada_familia_sculptures_in_the_Nativity_Facade_2017_02.jpg
Sagrada_Família,28023,11,commons/Sculpture_of_the_Trumpeting_Angels_(Nativity_facade_of_the_Sagrada_Família)/0/pictures/Sagrada_Familia075.jpg
Sagrada_Família,28023,11,commons/Sculpture_of_an_Angel_playing_Harps_in_the_Nativity_Facade_of_the_Sagrada_Família/0/pictures/Eixample_-_Sagrada_Família_-_20150828143433.jpg
Sagrada_Família,28023,11,commons/Sculpture_of_an_Angel_playing_flute_in_the_Nativity_Facade_of_the_Sagrada_Família/0/pictures/Eixample_-_Sagrada_Família_-_20150828143433.jpg
Sagrada_Família,28023,11,commons/Sculpture_of_an_Angel_playing_percussions_in_the_Nativity_Facade_of_the_Sagrada_Família/0/pictures/Eixample_-_Sagrada_Família_-_20150828143433.jpg
Sagrada_Família,28023,11,"commons/Sculpture_of_the_Adoration_of_the_Shepherds_(Nativity_facade_of_the_Sagrada_Família)/0/pictures/Barcelona_-_La_Sagrada_Família_-_Nativity_Façade_-_Angel_&_Shepherd_Boys,_Dog,_Shepherds_-_Below-_Turkeys.jpg"
Sagrada_Família,28023,11,"commons/Sculpture_of_the_Adoration_of_the_Shepherds_(Nativity_facade_of_the_Sagrada_Família)/0/pictures/Sagrada_Familia,_Nativity_facade_(33)_(31296650485).jpg"
Sagrada_Família,28023,11,commons/Sculpture_of_the_Adoration_of_the_Shepherds_(Nativity_facade_of_the_Sagrada_Família)/0/pictures/2019_03_16_AIDA_Barcelona_(102).jpg
Sagrada_Família,28023,11,"commons/Sculpture_of_the_Adoration_of_the_Shepherds_(Nativity_facade_of_the_Sagrada_Família)/0/pictures/008_Sagrada_Família,_façana_del_Naixement,_porta_de_la_Caritat.jpg"
Sagrada_Família,28023,11,commons/Sculpture_of_the_Nativity_(Nativity_facade_of_the_Sagrada_Família)/0/pictures/Fale_-_Spain_-_Barcelona_-_128.jpg
Sagrada_Família,28023,11,commons/Sculpture_of_the_Adoration_of_the_Shepherds_(Nativity_facade_of_the_Sagrada_Família)/0/pictures/Sagrada_Familia_nativity_facade_detail3.JPG
Sagrada_Família,28023,11,commons/Sculpture_of_the_Adoration_of_the_Shepherds_(Nativity_facade_of_the_Sagrada_Família)/0/pictures/Barcelona_-_La_Sagrada_Família_-_Nativity_Façade_-_Kneeling_Shepherds_&_Turkeys.jpg
Sagrada_Família,28023,11,commons/Sculpture_of_the_Adoration_of_the_Shepherds_(Nativity_facade_of_the_Sagrada_Família)/0/pictures/Sagrada_Familia-02.jpg
Sagrada_Família,28023,11,commons/Sculpture_of_the_choir_of_angel_children_(Nativity_facade_of_the_Sagrada_Família)/0/pictures/Eixample_-_Sagrada_Família_-_20150828143433.jpg
Sagrada_Família,28023,11,commons/Sculpture_of_the_Adoration_of_the_Shepherds_(Nativity_facade_of_the_Sagrada_Família)/0/pictures/Sagrada_Família_-_panoramio_(10).jpg
Sagrada_Família,28023,12,commons/Stained_glass_windows_of_the_South-West_Transept_of_the_Sagrada_Família/0/pictures/サグラダ・ファミリア教会_内装.JPG
Sagrada_Família,28023,12,commons/Stained_glass_windows_of_the_North-East_Transept_of_the_Sagrada_Família/0/pictures/2008_Sagrada_Familia_12.JPG
Sagrada_Família,28023,12,commons/Stained_glass_windows_of_the_East_Aisle_of_the_Sagrada_Família/0/pictures/Windows_in_the_aisles_-_Interior_of_the_Sagrada_Família_-_Barcelona_2014_(2_crop).JPG
Sagrada_Família,28023,12,commons/Stained_glass_windows_of_the_South-West_Transept_of_the_Sagrada_Família/0/pictures/2008_Sagrada_Familia_10.JPG
Sagrada_Família,28023,12,commons/Stained_glass_windows_of_the_South-West_Transept_of_the_Sagrada_Família/0/pictures/Barcelona_(3).jpg
Sagrada_Família,28023,12,commons/Construction_of_the_Sagrada_Família_in_2007/0/pictures/Sagrada_window.jpg
Sagrada_Família,28023,12,commons/Stained_glass_windows_of_the_North-East_Transept_of_the_Sagrada_Família/0/pictures/Sagrada_Familia_Stained_Glass_08.jpg
Sagrada_Família,28023,12,commons/Stained_glass_windows_of_the_South-West_Transept_of_the_Sagrada_Família/0/pictures/Barcelona_-_panoramio_(274).jpg
Sagrada_Família,28023,12,commons/Construction_of_the_Sagrada_Família_in_2011/0/pictures/Barcelona_-_panoramio_(274).jpg
Sagrada_Família,28023,12,commons/Stained_glass_windows_of_the_East_Aisle_of_the_Sagrada_Família/0/pictures/Barcelona_-_panoramio_(150).jpg
Sagrada_Família,28023,12,commons/Stained_glass_windows_of_the_South-West_Transept_of_the_Sagrada_Família/0/pictures/Barcelona_-_La_Sagrada_Família_-_View_NW_on_'Dolors'_Rose_Window_close_by_the_Passion_Façade.jpg
Sagrada_Família,28023,12,"commons/Construction_of_the_Sagrada_Família_in_2007/0/pictures/La_Sagrada_Familia,_Barcelona,_Barcelona,_Spain_-_panoramio.jpg"
Sagrada_Família,28023,12,commons/Stained_glass_windows_of_the_North-East_Transept_of_the_Sagrada_Família/0/pictures/WLM14ES_-_Barcelona_Interior_483_04_de_julio_de_2011_-_.jpg
Sagrada_Família,28023,12,commons/Construction_of_the_Sagrada_Família_in_2007/0/pictures/Barcelona_(3).jpg
Sagrada_Família,28023,12,commons/Stained_glass_windows_of_the_North-East_Transept_of_the_Sagrada_Família/0/pictures/WLM14ES_-_Barcelona_Eliminados_484_04_de_julio_de_2011_-_.jpg
Sagrada_Família,28023,12,"commons/Stained_glass_windows_of_the_South-West_Transept_of_the_Sagrada_Família/0/pictures/Barcelona,_Sagrada_família,_vitrall_nau_principal_RI-51-0003813.jpg"
Sagrada_Família,28023,12,commons/Stained_glass_windows_of_the_South-West_Transept_of_the_Sagrada_Família/0/pictures/2008_Sagrada_Familia_11.JPG
Sagrada_Família,28023,12,commons/Stained_glass_windows_of_the_North-East_Transept_of_the_Sagrada_Família/0/pictures/Sagrada_Familia_Stained_Glass_09.jpg
Sagrada_Família,28023,12,commons/Stained_glass_windows_of_the_South-West_Transept_of_the_Sagrada_Família/0/pictures/Barcelona_-_La_Sagrada_Família_-_Stained_Glass_Window_close_to_Passion_Façade_-_View_NW_II.jpg
Sagrada_Família,28023,12,"commons/Stained_glass_windows_of_the_South-West_Transept_of_the_Sagrada_Família/0/pictures/Interiors_of_the_Sagrada_Família,_May_2013_-_03.JPG"
Sagrada_Família,28023,12,commons/Stained_glass_windows_of_the_South-West_Transept_of_the_Sagrada_Família/0/pictures/Barcelona_-_La_Sagrada_Família_-_Stained_Glass_Window_close_to_the_Passion_Façade_-_View_NW_I.jpg
Sagrada_Família,28023,12,commons/Construction_of_the_Sagrada_Família_in_2012/0/pictures/Temple_Expiatori_de_la_Sagrada_Família_(Barcelona)_-_89.jpg
Sagrada_Família,28023,12,"commons/Stained_glass_windows_of_the_South-West_Transept_of_the_Sagrada_Família/0/pictures/La_Sagrada_Familia,_Barcelona,_Barcelona,_Spain_-_panoramio.jpg"
Sagrada_Família,28023,12,commons/Stained_glass_windows_of_the_South-West_Transept_of_the_Sagrada_Família/0/pictures/Menção_Honrosa_12-2008_Barcelona_Sagrada_Família_Vitral_-_panoramio.jpg
Sagrada_Família,28023,12,commons/Columns_of_the_Sagrada_Família/0/pictures/R_2048_20120928_2233_DSC00167.jpg
Sagrada_Família,28023,12,commons/Stained_glass_windows_of_the_South-West_Transept_of_the_Sagrada_Família/0/pictures/Sagrada_window.jpg
Sagrada_Família,28023,12,commons/Stained_glass_windows_of_the_East_Aisle_of_the_Sagrada_Família/0/pictures/Stained_glass_(4266844541).jpg
Sagrada_Família,28023,12,commons/Stained_glass_windows_of_the_South-West_Transept_of_the_Sagrada_Família/0/pictures/Temple_Expiatori_de_la_Sagrada_Família_(Barcelona)_-_89.jpg
Sagrada_Família,28023,12,"commons/Interior_of_the_South-West_Transept_of_the_Sagrada_Família/0/pictures/La_Sagrada_Familia,_Barcelona,_Barcelona,_Spain_-_panoramio.jpg"
Sagrada_Família,28023,12,commons/Stained_glass_windows_of_the_South-West_Transept_of_the_Sagrada_Família/0/pictures/Stained_glass_window_Sagrada_Família.JPG
Sagrada_Família,28023,13,"commons/Stained_glass_windows_of_the_Apse_of_the_Sagrada_Família/0/pictures/WLM14ES_-_Temple_Expiatori_de_la_Sagrada_Família,_Eixample,_Barcelona_-_MARIA_ROSA_FERRE_(1).jpg"
Sagrada_Família,28023,13,commons/Stained_glass_windows_of_the_Apse_of_the_Sagrada_Família/0/pictures/Vitrall_1.JPG
Sagrada_Família,28023,13,commons/Stained_glass_windows_of_the_Apse_of_the_Sagrada_Família/0/pictures/Sagrada_Familia_in_Barcelona_05.jpg
Sagrada_Família,28023,13,"commons/Stained_glass_windows_of_the_Apse_of_the_Sagrada_Família/0/pictures/La_Sagrada_Familia,_Barcelona,_Spain_-_panoramio_(17).jpg"
Sagrada_Família,28023,13,"commons/Stained_glass_windows_of_the_Apse_of_the_Sagrada_Família/0/pictures/031_Sagrada_Família,_interior,_vitrall_de_l'absis.jpg"
Sagrada_Família,28023,13,"commons/Interior_of_the_apse_of_the_Sagrada_Família/0/pictures/WLM14ES_-_Temple_Expiatori_de_la_Sagrada_Família,_Eixample,_Barcelona_-_MARIA_ROSA_FERRE_(1).jpg"
Sagrada_Família,28023,13,commons/Stained_glass_windows_of_the_Apse_of_the_Sagrada_Família/0/pictures/Templo_Expiatorio_de_la_Sagrada_Familia_-_panoramio_-_Jorge_Franganillo_(9).jpg
Sagrada_Família,28023,13,commons/Construction_of_the_Sagrada_Família_in_2014/0/pictures/Sagrada_Familia_in_Barcelona_05.jpg
Sagrada_Família,28023,13,commons/Interior_of_the_apse_of_the_Sagrada_Família/0/pictures/2019_03_16_AIDA_Barcelona_(125).jpg
Sagrada_Família,28023,13,"commons/Construction_of_the_Sagrada_Família_in_2012/0/pictures/WLM14ES_-_Temple_Expiatori_de_la_Sagrada_Família,_Eixample,_Barcelona_-_MARIA_ROSA_FERRE_(1).jpg"
Sagrada_Família,28023,14,commons/Glory_Facade_of_the_Sagrada_Família/0/pictures/Segrada_Familia_2016-391.jpg
Sagrada_Família,28023,14,commons/Glory_Facade_of_the_Sagrada_Família/0/pictures/Segrada_Familia_2016-390.jpg
Sagrada_Família,28023,14,commons/Glory_Facade_of_the_Sagrada_Família/0/pictures/Segrada_Familia_2016-394.jpg
Sagrada_Família,28023,14,commons/Construction_of_the_Sagrada_Família_in_2016/0/pictures/Segrada_Familia_2016-390.jpg
Sagrada_Família,28023,14,commons/Construction_of_the_Sagrada_Família_in_2012/0/pictures/SF_-_Gloria_(2012).jpg
Sagrada_Família,28023,14,commons/Construction_of_the_Sagrada_Família_in_2014/0/pictures/Sagrada_Familia_Barcelona_432.JPG
Sagrada_Família,28023,14,commons/Glory_Facade_of_the_Sagrada_Família/0/pictures/Sagrada_Família_-_panoramio_(5).jpg
Sagrada_Família,28023,14,commons/Construction_of_the_Sagrada_Família_in_2016/0/pictures/SF_-_Gloria3.jpg
Sagrada_Família,28023,14,commons/Glory_Facade_of_the_Sagrada_Família/0/pictures/Sagrada_Familia_Barcelona_432.JPG
Sagrada_Família,28023,14,commons/Glory_Facade_of_the_Sagrada_Família/0/pictures/Sagrada_Família_P1410832.jpg
Sagrada_Família,28023,14,commons/Construction_of_the_Sagrada_Família_in_2014/0/pictures/Sagrada_Familia_Barcelona_433.JPG
Sagrada_Família,28023,14,commons/Glory_Facade_of_the_Sagrada_Família/0/pictures/Glory_facade_-_Sagrada_Familia_2011_04.JPG
Sagrada_Família,28023,14,commons/Construction_of_the_Sagrada_Família_in_2015/0/pictures/Sagrada_Familia_exposed_rebar_and_netting_(18167105184).jpg
Sagrada_Família,28023,14,"commons/Construction_of_the_Sagrada_Família_in_2013/0/pictures/Unfinished_Glory_Facade,_Sagrada_Familia_-_panoramio.jpg"
Sagrada_Família,28023,14,commons/Construction_of_the_Sagrada_Família_in_2016/0/pictures/SF_-_Gloria2.jpg
Sagrada_Família,28023,14,commons/Glory_Facade_of_the_Sagrada_Família/0/pictures/La_Sagrada_Familia_(7852712726).jpg
Sagrada_Família,28023,14,commons/Glory_Facade_of_the_Sagrada_Família/0/pictures/Sagrada_Família_P1410831.jpg
Sagrada_Família,28023,14,commons/Construction_of_the_Sagrada_Família_in_2012/0/pictures/La_Sagrada_Familia_(7852712726).jpg
Sagrada_Família,28023,14,commons/Construction_of_the_Sagrada_Família_in_2011/0/pictures/Glory_facade_-_Sagrada_Familia_2011_08.JPG
Sagrada_Família,28023,14,commons/Construction_of_the_Sagrada_Família_in_2011/0/pictures/Glory_facade_-_Sagrada_Familia_2011_04.JPG
Sagrada_Família,28023,14,commons/Glory_Facade_of_the_Sagrada_Família/0/pictures/Glory_facade_-_Sagrada_Familia_2011_08.JPG
Sagrada_Família,28023,14,"commons/Glory_Facade_of_the_Sagrada_Família/0/pictures/Unfinished_Glory_Facade,_Sagrada_Familia_-_panoramio.jpg"
Sagrada_Família,28023,14,commons/Construction_of_the_Sagrada_Família_in_2016/0/pictures/Segrada_Familia_2016-391.jpg
Sagrada_Família,28023,14,commons/Construction_of_the_Sagrada_Família_in_2022/0/pictures/SF_-_Gloria_(2022).jpg
Sagrada_Família,28023,14,commons/Eucharist_Door_at_the_Glory_Facade_of_the_Sagrada_Família/0/pictures/Sagrada_Familia_Barcelona_433.JPG
Sagrada_Família,28023,14,commons/Glory_Facade_of_the_Sagrada_Família/0/pictures/SF_-_Gloria_(2022).jpg
Sagrada_Família,28023,14,commons/Glory_Facade_of_the_Sagrada_Família/0/pictures/SF_-_Gloria_(2012).jpg
Sagrada_Família,28023,14,commons/Glory_Facade_of_the_Sagrada_Família/0/pictures/SF_-_Gloria2.jpg
Sagrada_Família,28023,14,commons/Construction_of_the_Sagrada_Família_in_2016/0/pictures/SF_-_Gloria1.jpg
Sagrada_Família,28023,14,commons/Construction_of_the_Sagrada_Família_in_2012/0/pictures/Sagrada_Família_-_panoramio_(5).jpg
Sagrada_Família,28023,14,commons/Glory_Facade_of_the_Sagrada_Família/0/pictures/SF_-_Gloria1.jpg
Sagrada_Família,28023,14,commons/Glory_Facade_of_the_Sagrada_Família/0/pictures/SF_-_Gloria3.jpg
Sagrada_Família,28023,14,commons/Glory_Facade_of_the_Sagrada_Família/0/pictures/Sagrada_Familia_Barcelona_433.JPG
Sagrada_Família,28023,14,commons/Glory_Facade_of_the_Sagrada_Família/0/pictures/Sagrada_Familia_exposed_rebar_and_netting_(18167105184).jpg
Sagrada_Família,28023,14,commons/Glory_Facade_of_the_Sagrada_Família/0/pictures/Sagrada_Família_P1410830.jpg
Sagrada_Família,28023,15,commons/Views_from_the_Sagrada_Família/0/pictures/Sagrada_Família_-_panoramio_(13).jpg
Sagrada_Família,28023,15,commons/Views_from_the_Sagrada_Família/0/pictures/Sagrada_Familia_in_Barcelona_12.jpg
Sagrada_Família,28023,15,"commons/Views_from_the_Sagrada_Família/0/pictures/Nativity_towers,_Sagrada_Familia,_Barcelona_13.jpg"
Sagrada_Família,28023,15,commons/Views_from_the_Sagrada_Família/0/pictures/Barcelona_-_panoramio_(227).jpg
Sagrada_Família,28023,15,commons/Views_from_the_Sagrada_Família/0/pictures/Barcelona_-_panoramio_(222).jpg
Sagrada_Família,28023,15,commons/Nativity_facade_towers_of_the_Sagrada_Família/0/pictures/A_View_from_the_Nativity_Tower_of_Sagrada_Familia_(July_2022)_(2).jpg
Sagrada_Família,28023,15,commons/Views_from_the_Sagrada_Família/0/pictures/A_View_from_the_Nativity_Tower_of_Sagrada_Familia_(July_2022)_(2).jpg
Sagrada_Família,28023,15,commons/Views_from_the_Sagrada_Família/0/pictures/Barcelona_from_Sagrada_Familia.JPG
Sagrada_Família,28023,15,"commons/Views_from_the_Sagrada_Família/0/pictures/Nativity_towers,_Sagrada_Familia,_Barcelona_05.jpg"
Sagrada_Família,28023,15,"commons/Views_from_the_Sagrada_Família/0/pictures/Nativity_towers,_Sagrada_Familia,_Barcelona_(Ank_Kumar)_01.jpg"
Sagrada_Família,28023,15,"commons/Nativity_facade_towers_of_the_Sagrada_Família/0/pictures/Nativity_towers,_Sagrada_Familia,_Barcelona_(Ank_Kumar)_01.jpg"
Sagrada_Família,28023,15,commons/Views_from_the_Sagrada_Família/0/pictures/Barcelona_-_panoramio_(232).jpg
Sagrada_Família,28023,15,commons/Sculpture_of_the_Tree_of_Life_(Nativity_facade_of_the_Sagrada_Família)/0/pictures/Barcelona_-_panoramio_(233).jpg
Sagrada_Família,28023,15,"commons/Views_from_the_Sagrada_Família/0/pictures/Nativity_towers,_Sagrada_Familia,_Barcelona_(Ank_Kumar)_04.jpg"
Sagrada_Família,28023,15,"commons/Views_from_the_Sagrada_Família/0/pictures/Nativity_towers,_Sagrada_Familia,_Barcelona_(Ank_Kumar)_02.jpg"
Sagrada_Família,28023,15,commons/Views_from_the_Sagrada_Família/0/pictures/Barcelona_skyline.jpg
Sagrada_Família,28023,15,commons/Sculpture_of_Saint_Simon_in_the_Nativity_Facade_of_the_Sagrada_Família/0/pictures/Barcelona_-_panoramio_(213).jpg
Sagrada_Família,28023,15,commons/Views_from_the_Sagrada_Família/0/pictures/Barcelona_City_Jpg_(127887795).jpeg
Sagrada_Família,28023,15,commons/Construction_of_the_Sagrada_Família_in_2011/0/pictures/Barcelona_from_Sagrada_Familia.JPG
Sagrada_Família,28023,15,commons/Views_from_the_Sagrada_Família/0/pictures/Barcelona_-_panoramio_(213).jpg
Sagrada_Família,28023,15,"commons/Sculptures_of_pigeons_in_the_Sagrada_Família/0/pictures/Nativity_towers,_Sagrada_Familia,_Barcelona_05.jpg"
Sagrada_Família,28023,15,commons/Construction_of_the_Sagrada_Família_in_2011/0/pictures/Barcelona_from_Sagrada_Familia_(2)_(cropped).JPG
Sagrada_Família,28023,15,commons/Views_from_the_Sagrada_Família/0/pictures/Barcelona_-_panoramio_(231).jpg
Sagrada_Família,28023,15,commons/Sculpture_of_the_Tree_of_Life_(Nativity_facade_of_the_Sagrada_Família)/0/pictures/Barcelona_-_panoramio_(235).jpg
Sagrada_Família,28023,15,commons/Construction_of_the_Sagrada_Família_in_2014/0/pictures/Sagrada_Familia_in_Barcelona_12.jpg
Sagrada_Família,28023,15,"commons/Views_from_the_Sagrada_Família/0/pictures/Nativity_towers,_Sagrada_Familia,_Barcelona_(Ank_Kumar)_03.jpg"
Sagrada_Família,28023,15,commons/Views_from_the_Sagrada_Família/0/pictures/Barcelona_-_panoramio_(233).jpg
Sagrada_Família,28023,15,commons/Views_from_the_Sagrada_Família/0/pictures/Barcelona_from_Sagrada_Familia_(2)_(cropped).JPG
Sagrada_Família,28023,15,commons/Views_from_the_Sagrada_Família/0/pictures/Barcelona_from_Sagrada_Familia_(2).JPG
Sagrada_Família,28023,15,"commons/Views_from_the_Sagrada_Família/0/pictures/Nativity_towers,_Sagrada_Familia,_Barcelona_07.jpg"
Sagrada_Família,28023,15,"commons/Views_from_the_Sagrada_Família/0/pictures/Nativity_towers,_Sagrada_Familia,_Barcelona_12.jpg"
Sagrada_Família,28023,15,"commons/Views_from_the_Sagrada_Família/0/pictures/Nativity_towers,_Sagrada_Familia,_Barcelona_11.jpg"
Sagrada_Família,28023,16,commons/Crypt_of_the_Sagrada_Família/0/pictures/Sagrada-Familia_-_Krypta_-_Hauptaltar.JPG
Sagrada_Família,28023,16,commons/Crypt_of_the_Sagrada_Família/0/pictures/Sagrada-Familia_-_Krypta_-_Hauptaltäre.JPG
Sagrada_Família,28023,16,commons/Crypt_of_the_Sagrada_Família/0/pictures/Sagrada_Familia_Crypt_2017.jpg
Sagrada_Família,28023,16,commons/Crypt_of_the_Sagrada_Família/0/pictures/Sagrada_Familia_Chapel.jpg
Sagrada_Família,28023,16,commons/Crypt_of_the_Sagrada_Família/0/pictures/Cripta.jpg
Sagrada_Família,28023,16,commons/Crypt_of_the_Sagrada_Família/0/pictures/SF2016_Cripta_de_la_Sagrada_Família_12.jpg
Sagrada_Família,28023,16,commons/Crypt_of_the_Sagrada_Família/0/pictures/Cripta_SF.jpg
Sagrada_Família,28023,16,commons/Crypt_of_the_Sagrada_Família/0/pictures/SF2016_Cripta_de_la_Sagrada_Família_01.jpg
Sagrada_Família,28023,16,commons/Crypt_of_the_Sagrada_Família/0/pictures/Cripta_de_la_Sagrada_Familia_-_panoramio.jpg
Sagrada_Família,28023,16,commons/Crypt_of_the_Sagrada_Família/0/pictures/Missa_a_la_Cripta_de_la_Sagrada_Familia_2016.jpg
Sagrada_Família,28023,16,commons/Construction_of_the_Sagrada_Família_in_2015/0/pictures/Cripta.jpg
Sagrada_Família,28023,17,commons/Right-side_Gospel_Door_at_the_Passion_Facade_of_the_Sagrada_Família/0/pictures/Basílica_de_la_Sagrada_Familia_(18).jpg
Sagrada_Família,28023,17,commons/Right-side_Gospel_Door_at_the_Passion_Facade_of_the_Sagrada_Família/0/pictures/Trip_to_Europe_2017_36.jpg
Sagrada_Família,28023,17,"commons/Right-side_Gospel_Door_at_the_Passion_Facade_of_the_Sagrada_Família/0/pictures/Barcelona._Basilica_of_La_Sagrada_Família._Passion_facade._Bronze_door_(2000)._Josep_M._Subirachs,_sculptor._(18500900984).jpg"
Sagrada_Família,28023,17,"commons/Right-side_Gospel_Door_at_the_Passion_Facade_of_the_Sagrada_Família/0/pictures/Sagrada_Família,_façana_de_la_Passió,_portal_central_(detall).jpg"
Sagrada_Família,28023,17,"commons/Magic_square_of_the_Sagrada_Família/0/pictures/Sagrada_Família,_façana_de_la_Passió,_portal_central_(detall).jpg"
Sagrada_Família,28023,17,commons/Magic_square_of_the_Sagrada_Família/0/pictures/Basílica_de_la_Sagrada_Familia_(18).jpg
Sagrada_Família,28023,17,"commons/Magic_square_of_the_Sagrada_Família/0/pictures/Barcelona._Basilica_of_La_Sagrada_Família._Passion_facade._Bronze_door_(2000)._Josep_M._Subirachs,_sculptor._(18500900984).jpg"
Sagrada_Família,28023,17,"commons/Right-side_Gospel_Door_at_the_Passion_Facade_of_the_Sagrada_Família/0/pictures/Sagrada_Família_church_in_Barcelona,_Spain_(Unsplash).jpg"
Sagrada_Família,28023,17,commons/Left-side_Gospel_Door_at_the_Passion_Facade_of_the_Sagrada_Família/0/pictures/Barcelona_-_Temple_Expiatori_de_la_Sagrada_Família_(32).jpg
Sagrada_Família,28023,17,"commons/Magic_square_of_the_Sagrada_Família/0/pictures/Sagrada_Família_church_in_Barcelona,_Spain_(Unsplash).jpg"
Sagrada_Família,28023,17,commons/Images_of_individuals_at_the_Sagrada_Família/0/pictures/Trip_to_Europe_2017_36.jpg
Sagrada_Família,28023,18,commons/Stained_glass_windows_of_the_North-East_Transept_of_the_Sagrada_Família/0/pictures/Stained-glass_window_-_panoramio.jpg
Sagrada_Família,28023,18,"commons/Stained_glass_windows_of_the_North-East_Transept_of_the_Sagrada_Família/0/pictures/Stained_Glass_paintings_at_Sagrada_Familia,_Barcelona_(_Ank_Kumar)_08.jpg"
Sagrada_Família,28023,18,"commons/Stained_glass_windows_of_the_North-East_Transept_of_the_Sagrada_Família/0/pictures/Stained_Glass_paintings_at_Sagrada_Familia,_Barcelona_(_Ank_Kumar)_04.jpg"
Sagrada_Família,28023,18,commons/Stained_glass_windows_of_the_North-East_Transept_of_the_Sagrada_Família/0/pictures/WLM14ES_-_Barcelona_Interior_502_04_de_julio_de_2011_-_.jpg
Sagrada_Família,28023,18,commons/Stained_glass_windows_of_the_North-East_Transept_of_the_Sagrada_Família/0/pictures/Segrada_Familia_2016-340.jpg
Sagrada_Família,28023,18,commons/Stained_glass_windows_of_the_North-East_Transept_of_the_Sagrada_Família/0/pictures/Sagrada_Familia_Stained_Glass_2_(5839132009).jpg
Sagrada_Família,28023,18,commons/Ceiling_of_the_transepts_of_the_Sagrada_Família/0/pictures/Segrada_Familia_2016-373.jpg
Sagrada_Família,28023,18,"commons/Stained_glass_windows_of_the_North-East_Transept_of_the_Sagrada_Família/0/pictures/Stained_Glass_paintings_at_Sagrada_Familia,_Barcelona_(_Ank_Kumar)_02.jpg"
Sagrada_Família,28023,18,"commons/Interior_of_the_North-East_Transept_of_the_Sagrada_Família/0/pictures/Stained_Glass_paintings_at_Sagrada_Familia,_Barcelona_(_Ank_Kumar)_01.jpg"
Sagrada_Família,28023,18,"commons/Interior_of_the_North-East_Transept_of_the_Sagrada_Família/0/pictures/Stained_Glass_paintings_at_Sagrada_Familia,_Barcelona_(_Ank_Kumar)_02.jpg"
Sagrada_Família,28023,18,"commons/Stained_glass_windows_of_the_North-East_Transept_of_the_Sagrada_Família/0/pictures/Stained_Glass_paintings_at_Sagrada_Familia,_Barcelona_(_Ank_Kumar)_03.jpg"
Sagrada_Família,28023,18,"commons/Interior_of_the_North-East_Transept_of_the_Sagrada_Família/0/pictures/Stained_Glass_paintings_at_Sagrada_Familia,_Barcelona_(_Ank_Kumar)_04.jpg"
Sagrada_Família,28023,18,"commons/Stained_glass_windows_of_the_North-East_Transept_of_the_Sagrada_Família/0/pictures/011_Sagrada_Família,_interior,_vitrall_de_la_nau.jpg"
Sagrada_Família,28023,18,commons/Interior_of_the_South-West_Transept_of_the_Sagrada_Família/0/pictures/Segrada_Familia_2016-381.jpg
Sagrada_Família,28023,18,commons/Stained_glass_windows_of_the_Apse_of_the_Sagrada_Família/0/pictures/Inside_La_Sagrada_Familia_-_panoramio_(6).jpg
Sagrada_Família,28023,18,commons/Stained_glass_windows_of_the_North-East_Transept_of_the_Sagrada_Família/0/pictures/2019_03_16_AIDA_Barcelona_(108).jpg
Sagrada_Família,28023,18,commons/Stained_glass_windows_of_the_North-East_Transept_of_the_Sagrada_Família/0/pictures/Basílica_de_la_Sagrada_Familia_(7).jpg
Sagrada_Família,28023,18,commons/Stained_glass_windows_of_the_North-East_Transept_of_the_Sagrada_Família/0/pictures/ES-BCN-sagr-fam-fenster-02.jpg
Sagrada_Família,28023,18,commons/Stained_glass_windows_of_the_North-East_Transept_of_the_Sagrada_Família/0/pictures/Stain_Glass_Windows_I.jpg
Sagrada_Família,28023,18,"commons/Interior_of_the_North-East_Transept_of_the_Sagrada_Família/0/pictures/Stained_Glass_paintings_at_Sagrada_Familia,_Barcelona_(_Ank_Kumar)_03.jpg"
Sagrada_Família,28023,18,"commons/Stained_glass_windows_of_the_North-East_Transept_of_the_Sagrada_Família/0/pictures/La_Sagrada_Familia,_Barcelona,_Spain_-_panoramio_(42).jpg"
Sagrada_Família,28023,18,commons/Stained_glass_windows_of_the_North-East_Transept_of_the_Sagrada_Família/0/pictures/Sagrada_Familia_Stained_Glass_11.jpg
Sagrada_Família,28023,19,commons/Portal_of_Rosary_of_the_Sagrada_Família/0/pictures/Sagrada_familia_fachada_00001.jpg
Sagrada_Família,28023,19,commons/Ceilings_of_the_Sagrada_Família/0/pictures/Barcelona_-_panoramio_(239).jpg
Sagrada_Família,28023,19,commons/Portal_of_Rosary_of_the_Sagrada_Família/0/pictures/Barcelona_-_panoramio_(238).jpg
Sagrada_Família,28023,19,commons/Portal_of_Rosary_of_the_Sagrada_Família/0/pictures/Sagrada_familia_detalle_capilla_lateral_00001.jpg
Sagrada_Família,28023,19,commons/Crypt_of_the_Sagrada_Família/0/pictures/20200118_圣家堂2.jpg
Sagrada_Família,28023,19,commons/Crypt_of_the_Sagrada_Família/0/pictures/Sflia3.jpg
Sagrada_Família,28023,19,commons/Portal_of_Rosary_of_the_Sagrada_Família/0/pictures/Cloister_Portal_-_Sagrada_Família_-_Barcelona_2014.JPG
Sagrada_Família,28023,19,commons/Doors_of_the_Sagrada_Família/0/pictures/Sagrada_Família._Portal_del_Roser.jpg
Sagrada_Família,28023,19,commons/Portal_of_Rosary_of_the_Sagrada_Família/0/pictures/Barcelona_-_panoramio_(239).jpg
Sagrada_Família,28023,19,commons/Portal_of_Rosary_of_the_Sagrada_Família/0/pictures/Barcelona_(2).jpg
Sagrada_Família,28023,19,commons/Portal_of_Rosary_of_the_Sagrada_Família/0/pictures/Barcelona_-_panoramio_(237).jpg
Sagrada_Família,28023,19,commons/Portal_of_Rosary_of_the_Sagrada_Família/0/pictures/Claustro_Rosario.jpg
Sagrada_Família,28023,19,commons/Portal_of_Rosary_of_the_Sagrada_Família/0/pictures/Sagrada_Família._Portal_del_Roser.jpg
Sagrada_Família,28023,19,commons/Portal_of_Rosary_of_the_Sagrada_Família/0/pictures/Sagrada_Familia081.jpg
Sagrada_Família,28023,20,commons/Views_of_the_Sagrada_Família_from_Parc_Güell/0/pictures/Bird_view_(7448579896).jpg
Sagrada_Família,28023,20,commons/Views_of_the_Sagrada_Família_from_Parc_Güell/0/pictures/SGDA_FLIA.jpg
Sagrada_Família,28023,20,commons/Views_of_the_Sagrada_Família_from_Parc_Güell/0/pictures/Barcelona_Parc_Güell_8_(8252583224).jpg
Sagrada_Família,28023,20,commons/Views_of_the_Sagrada_Família_from_Parc_Güell/0/pictures/Sagrada_fam_guell.JPG
Sagrada_Família,28023,20,commons/Views_of_the_Sagrada_Família_from_Parc_Güell/0/pictures/Barcelona_Parc_Güell_5_(8251512137).jpg
Sagrada_Família,28023,20,commons/Views_of_the_Sagrada_Família_from_Parc_Güell/0/pictures/Barcelona_11_-_panoramio.jpg
Sagrada_Família,28023,20,commons/Views_of_the_Sagrada_Família_from_Parc_Güell/0/pictures/Barcelona_desde_el_Parque_Güell.JPG
Sagrada_Família,28023,20,commons/Remote_views_of_the_Apse_of_the_Sagrada_Família/0/pictures/Vista_de_Barcelona.jpg
Sagrada_Família,28023,20,"commons/Remote_views_of_the_Apse_of_the_Sagrada_Família/0/pictures/Sagrada_Familia,_Torre_Mapfre_y_Hotel_Arts.jpg"
Sagrada_Família,28023,20,commons/Construction_of_the_Sagrada_Família_in_2003/0/pictures/Sagrada_fam_guell.JPG
